id,mode,tier,group,experiment,setting,algorithm,setup,arm,reduced_from_k,dataset,model,loss,group_n,coset_subgroup,task,optimizer,p,hidden_width,n_layers,activation,init_scale,batch_size,n_train,n_test,alpha,seed,num_clients,local_epochs,num_rounds,fraction_train,partition,dirichlet_alpha,proximal_mu,strategy,server_lr,server_momentum,tau,eval_every,checkpoint_every,epochs,log_every,momentum,lr,weight_decay,grok_threshold,t_grok,t_first_cross,t_50,t_memo,delay,post_grok_dips,final_acc,final_train_acc,peak_train_acc,final_ipr,grokked,censored,steps_run,wall_s,checkpoint_client_weights,d_mlp,feddyn_alpha,n_heads,persist_local_opt_state,track_client_drift
cent_002bcf47b251,centralized,S1,central_anchor,anchor,,,D,,,s5,groknet,ce,5,s_nm1,addition,adamw,97,256,3,quadratic,1.0,0,1000,5000,0.5,456,,,,,,,,,,,,,0,40000,100,0.0,0.001,1.0,85.0,7800,7800,1000,300,7500.0,0,99.94444847106934,100.0,100.0,nan,True,False,40000.0,83.1,,512,,4,,
cent_008bde8c6684,centralized,X,d_internals,tangent,,,D,,,s5,groknet,ce,5,s_nm1,addition,adamw,97,256,3,quadratic,1.0,0,1000,5000,0.225,1011,,,,,,,,,,,,,500,150000,25,0.0,0.001,1.0,85.0,inf,inf,23975,200,inf,0,81.23655915260315,100.0,100.0,nan,False,True,150000.0,250.5,,512,,4,,
cent_00993a079590,centralized,X,d_wd_ladder,tangent,,,D,,,s5,groknet,ce,5,s_nm1,addition,adamw,97,256,3,quadratic,1.0,0,1000,5000,0.3,123,,,,,,,,,,,,,0,40000,25,0.0,0.001,0.0,85.0,inf,inf,inf,225,inf,0,1.4980158768594265,100.0,100.0,nan,False,True,40000.0,75.2,,512,,4,,
cent_009d1e6550df,centralized,X,d_alpha_high,tangent,,,D,,,s5,groknet,ce,5,s_nm1,addition,adamw,97,256,3,quadratic,1.0,0,1000,5000,0.75,42,,,,,,,,,,,,,0,40000,100,0.0,0.001,1.0,85.0,600,600,300,300,300.0,0,100.0,100.0,100.0,nan,True,False,40000.0,113.6,,512,,4,,
cent_00b37bf30d15,centralized,X,d_internals,tangent,,,D,,,s5,groknet,ce,5,s_nm1,addition,adamw,97,256,3,quadratic,1.0,0,1000,5000,0.475,789,,,,,,,,,,,,,500,40000,25,0.0,0.001,1.0,85.0,8225,8225,1125,275,7950.0,0,99.88095164299011,100.0,100.0,nan,True,False,40000.0,250.4,,512,,4,,
cent_00ea48559025,centralized,T0,mnist_wd_band,mnist,,,,,,mnist,mlp,mse,5,s_nm1,addition,adamw,97,200,3,quadratic,9.0,200,1000,5000,0.5,456,,,,,,,,,,,,,0,20000,100,0.0,0.001,0.01,90.0,inf,inf,5100,600,inf,0,88.0799949169159,100.0,100.0,nan,False,True,20000.0,95.7,,512,,4,,
cent_010899c81daf,centralized,X,d_internals,tangent,,,D,,,s5,groknet,ce,5,s_nm1,addition,adamw,97,256,3,quadratic,1.0,0,1000,5000,0.2,456,,,,,,,,,,,,,500,150000,25,0.0,0.001,1.0,85.0,inf,inf,42850,200,inf,0,66.18055701255798,100.0,100.0,nan,False,True,150000.0,789.1,,512,,4,,
cent_0113e534959b,centralized,T2,aggregation,exp2,,,D,cent_reduced,5,s5,groknet,ce,5,s_nm1,addition,adamw,97,256,3,quadratic,1.0,0,1000,5000,0.06,42,,,,,,,,,,,,,5000,500000,1000,0.0,0.001,1.0,85.0,inf,inf,inf,1000,inf,0,0.15514184487983584,100.0,100.0,nan,False,True,500000.0,618.2,,512,,4,,
cent_013f8ef465a0,centralized,X,d_alpha_high,tangent,,,D,,,s5,groknet,ce,5,s_nm1,addition,adamw,97,256,3,quadratic,1.0,0,1000,5000,0.775,123,,,,,,,,,,,,,0,40000,100,0.0,0.001,1.0,85.0,500,500,300,300,200.0,0,100.0,99.99999403953552,99.99999403953552,nan,True,False,40000.0,122.1,,512,,4,,
cent_019daf113e5f,centralized,T2,aggregation,exp2,,,C,cent_reduced,20,s5,transformer,ce,5,s_nm1,addition,adamw,97,256,3,quadratic,1.0,0,1000,5000,0.02,123,,,,,,,,,,,,,4000,400000,800,0.0,0.001,1.0,85.0,inf,inf,inf,800,inf,0,0.43225623667240143,100.0,100.0,nan,False,True,400000.0,1659.3,,512,,4,,
cent_01c24f1e2e1e,centralized,S1,central_anchor,anchor,,,E,,,mnist,mlp,mse,5,s_nm1,addition,adamw,97,200,3,quadratic,9.0,200,4000,5000,0.5,789,,,,,,,,,,,,,0,20000,100,0.0,0.001,0.1,90.0,800,400,200,500,300.0,1,94.5199966430664,100.0,100.0,nan,True,False,20000.0,565.1,,512,,4,,
cent_0347fc09033d,centralized,P0,capacity,width,,,D,,,s5,groknet,ce,5,s_nm1,addition,adamw,97,128,3,quadratic,1.0,0,1000,5000,0.3,456,,,,,,,,,,,,,0,100000,50,0.0,0.001,1.0,85.0,inf,inf,19850,400,inf,0,74.89087581634521,100.0,100.0,nan,False,True,100000.0,81.4,,512,,4,,
cent_03c19391c52f,centralized,S1,central_anchor,anchor,,,D,,,s5,groknet,ce,5,s_nm1,addition,adamw,97,256,3,quadratic,1.0,0,1000,5000,0.25,123,,,,,,,,,,,,,0,40000,100,0.0,0.001,1.0,85.0,32000,32000,20500,300,31700.0,0,86.129629611969,100.0,100.0,nan,True,False,40000.0,55.0,,512,,4,,
cent_03df95397981,centralized,X,d_lr_control,tangent,,,D,,,s5,groknet,ce,5,s_nm1,addition,adamw,97,256,3,quadratic,1.0,0,1000,5000,0.55,456,,,,,,,,,,,,,0,60000,25,0.0,0.00025,4.0,85.0,1950,1950,1275,1225,725,0,99.87654685974121,100.0,100.0,nan,True,False,60000.0,115.1,,512,,4,,
cent_052fdf80463c,centralized,S1,central_anchor,anchor,,,C,,,s5,transformer,ce,5,s_nm1,addition,adamw,97,128,3,quadratic,1.0,0,1000,5000,0.5,42,,,,,,,,,,,,,0,40000,100,0.0,0.001,1.0,85.0,19900,19900,19400,200,19700.0,0,100.0,100.0,100.0,nan,True,False,40000.0,447.1,,512,,4,,
cent_05763dcd6cbf,centralized,X,d_internals,tangent,,,D,,,s5,groknet,ce,5,s_nm1,addition,adamw,97,256,3,quadratic,1.0,0,1000,5000,0.45,42,,,,,,,,,,,,,500,40000,25,0.0,0.001,1.0,85.0,9950,9950,1450,275,9675.0,0,99.94949698448181,100.0,100.0,nan,True,False,40000.0,80.3,,512,,4,,
cent_062956df8aca,centralized,X,d_lr_control,tangent,,,D,,,s5,groknet,ce,5,s_nm1,addition,adamw,97,256,3,quadratic,1.0,0,1000,5000,0.45,456,,,,,,,,,,,,,0,60000,25,0.0,0.004,0.25,85.0,16700,16700,13975,100,16600,0,99.97475147247314,100.0,100.0,nan,True,False,60000.0,104.9,,512,,4,,
cent_065de18b2680,centralized,X,d_internals,tangent,,,D,,,s5,groknet,ce,5,s_nm1,addition,adamw,97,256,3,quadratic,1.0,0,1000,5000,0.6,456,,,,,,,,,,,,,500,40000,25,0.0,0.001,1.0,85.0,975,975,550,275,700.0,0,100.0,100.0,100.0,nan,True,False,40000.0,230.1,,512,,4,,
cent_074c504edec3,centralized,P1,cd_decay_band,decay,,,D,,,s5,groknet,ce,5,s_nm1,addition,adamw,97,256,3,quadratic,1.0,0,1000,5000,0.3,123,,,,,,,,,,,,,0,100000,50,0.0,0.001,0.01,85.0,inf,inf,inf,250,inf,0,1.5376984141767025,100.0,100.0,nan,False,True,100000.0,112.9,,512,,4,,
cent_07ffcfeb4273,centralized,S1b,c_alpha,gate_a,,,C,,,s5,transformer,ce,5,s_nm1,addition,adamw,97,128,3,quadratic,1.0,0,1000,5000,0.7,456,,,,,,,,,,,,,0,100000,200,0.0,0.001,1.0,85.0,18400,18400,15000,200,18200.0,0,99.79166388511658,100.0,100.0,nan,True,False,100000.0,2740.5,,512,,4,,
cent_0827afe57247,centralized,X,d_internals,tangent,,,D,,,s5,groknet,ce,5,s_nm1,addition,adamw,97,256,3,quadratic,1.0,0,1000,5000,0.225,456,,,,,,,,,,,,,500,150000,25,0.0,0.001,1.0,85.0,inf,inf,24550,200,inf,0,80.33154010772705,100.0,100.0,nan,False,True,150000.0,243.3,,512,,4,,
cent_08ea2f0f0424,centralized,S1b,c_alpha,gate_a,,,C,,,s5,transformer,ce,5,s_nm1,addition,adamw,97,128,3,quadratic,1.0,0,1000,5000,0.6,789,,,,,,,,,,,,,0,100000,200,0.0,0.001,1.0,85.0,77400,4600,4200,200,77200.0,1,100.0,100.0,100.0,nan,True,False,100000.0,2481.2,,512,,4,,
cent_0975d16d3d3c,centralized,X,d_alpha_high,tangent,,,D,,,s5,groknet,ce,5,s_nm1,addition,adamw,97,256,3,quadratic,1.0,0,1000,5000,0.975,42,,,,,,,,,,,,,0,40000,100,0.0,0.001,1.0,85.0,300,300,200,300,0.0,0,100.0,100.0,100.0,nan,True,False,40000.0,138.9,,512,,4,,
cent_0a40281899b2,centralized,S1,central_anchor,anchor,,,D,,,s5,groknet,ce,5,s_nm1,addition,adamw,97,256,3,quadratic,1.0,0,1000,5000,0.3,42,,,,,,,,,,,,,0,40000,100,0.0,0.001,1.0,85.0,20000,20000,14700,300,19700.0,0,97.02380895614624,100.0,100.0,nan,True,False,40000.0,59.3,,512,,4,,
cent_0b4085716441,centralized,X,d_lr_control,tangent,,,D,,,s5,groknet,ce,5,s_nm1,addition,adamw,97,256,3,quadratic,1.0,0,1000,5000,0.45,42,,,,,,,,,,,,,0,60000,25,0.0,0.001,1.0,85.0,9950,9950,1450,275,9675,0,99.97475147247314,100.0,100.0,nan,True,False,60000.0,103.6,,512,,4,,
cent_0b652c4039a6,centralized,X,d_alpha_high,tangent,,,D,,,s5,groknet,ce,5,s_nm1,addition,adamw,97,256,3,quadratic,1.0,0,1000,5000,0.725,456,,,,,,,,,,,,,0,40000,100,0.0,0.001,1.0,85.0,600,600,400,300,300.0,0,100.0,100.0,100.0,nan,True,False,40000.0,112.7,,512,,4,,
cent_0bc64de29d53,centralized,S1,central_anchor,anchor,,,E,,,mnist,mlp,mse,5,s_nm1,addition,adamw,97,200,3,quadratic,9.0,200,500,5000,0.5,789,,,,,,,,,,,,,0,20000,100,0.0,0.001,0.1,90.0,inf,inf,2800,400,inf,0,87.83999681472778,100.0,100.0,nan,False,True,20000.0,73.6,,512,,4,,
cent_0bd0bc0e5d40,centralized,P1,cd_decay_band,decay,,,D,,,s5,groknet,ce,5,s_nm1,addition,adamw,97,256,3,quadratic,1.0,0,1000,5000,0.3,456,,,,,,,,,,,,,0,100000,50,0.0,0.001,0.1,85.0,inf,inf,95800,250,inf,0,51.71626806259155,100.0,100.0,nan,False,True,100000.0,114.6,,512,,4,,
cent_0c1def10715b,centralized,S1,central_anchor,anchor,,,E,,,mnist,mlp,mse,5,s_nm1,addition,adamw,97,200,3,quadratic,9.0,200,2000,5000,0.5,789,,,,,,,,,,,,,0,20000,100,0.0,0.001,0.1,90.0,1700,1700,500,500,1200.0,0,93.99999976158142,100.0,100.0,nan,True,False,20000.0,228.2,,512,,4,,
cent_0cb2652417ca,centralized,X,d_internals,tangent,,,D,,,s5,groknet,ce,5,s_nm1,addition,adamw,97,256,3,quadratic,1.0,0,1000,5000,0.5,789,,,,,,,,,,,,,500,40000,25,0.0,0.001,1.0,85.0,7450,7450,950,275,7175.0,0,99.91666674613953,100.0,100.0,nan,True,False,40000.0,86.7,,512,,4,,
cent_0d04e1bd5de2,centralized,X,d_alpha_high,tangent,,,D,,,s5,groknet,ce,5,s_nm1,addition,adamw,97,256,3,quadratic,1.0,0,1000,5000,0.7,789,,,,,,,,,,,,,0,40000,100,0.0,0.001,1.0,85.0,600,600,400,300,300.0,0,100.0,100.0,100.0,nan,True,False,40000.0,114.1,,512,,4,,
cent_0d0f4f486566,centralized,X,d_alpha_fine,tangent,,,D,,,s5,groknet,ce,5,s_nm1,addition,adamw,97,256,3,quadratic,1.0,0,1000,5000,0.425,42,,,,,,,,,,,,,0,40000,100,0.0,0.001,1.0,85.0,10800,10800,5700,300,10500.0,0,99.73429441452026,100.0,100.0,nan,True,False,40000.0,78.3,,512,,4,,
cent_0d112e401a82,centralized,X,d_alpha_high,tangent,,,D,,,s5,groknet,ce,5,s_nm1,addition,adamw,97,256,3,quadratic,1.0,0,1000,5000,0.775,1011,,,,,,,,,,,,,0,40000,100,0.0,0.001,1.0,85.0,500,500,300,300,200.0,0,100.0,99.99999403953552,99.99999403953552,nan,True,False,40000.0,127.6,,512,,4,,
cent_0e1ddd6c5d87,centralized,X,d_alpha_high,tangent,,,D,,,s5,groknet,ce,5,s_nm1,addition,adamw,97,256,3,quadratic,1.0,0,1000,5000,0.725,123,,,,,,,,,,,,,0,40000,100,0.0,0.001,1.0,85.0,600,600,300,300,300.0,0,100.0,100.0,100.0,nan,True,False,40000.0,113.1,,512,,4,,
cent_0eff6d6575f9,centralized,X,d_wd_ladder,tangent,,,D,,,s5,groknet,ce,5,s_nm1,addition,adamw,97,256,3,quadratic,1.0,0,1000,5000,0.45,123,,,,,,,,,,,,,0,40000,25,0.0,0.001,3.0,85.0,2000,2000,675,325,1675,0,95.41667103767395,100.0,100.0,nan,True,False,40000.0,68.5,,512,,4,,
cent_0f0f2a9c29bd,centralized,S1b,c_capacity,gate_a,,,C,,,s5,transformer,ce,5,s_nm1,addition,adamw,97,128,3,quadratic,1.0,0,1000,5000,0.5,123,,,,,,,,,,,,,0,100000,200,0.0,0.001,1.0,85.0,9800,9800,9400,200,9600.0,0,100.0,100.0,100.0,nan,True,False,100000.0,1586.2,,512,,4,,
cent_0f4a6e616189,centralized,X,d_alpha_fine,tangent,,,D,,,s5,groknet,ce,5,s_nm1,addition,adamw,97,256,3,quadratic,1.0,0,1000,5000,0.35,789,,,,,,,,,,,,,0,40000,100,0.0,0.001,1.0,85.0,16600,16600,10800,300,16300.0,0,98.93162250518799,100.0,100.0,nan,True,False,40000.0,74.2,,512,,4,,
cent_10004ae03c2c,centralized,X,d_alpha_cliff,tangent,,,D,,,s5,groknet,ce,5,s_nm1,addition,adamw,97,256,3,quadratic,1.0,0,1000,5000,0.2,42,,,,,,,,,,,,,0,150000,200,0.0,0.001,1.0,85.0,inf,inf,54400,200,inf,0,66.7881965637207,100.0,100.0,nan,False,True,150000.0,189.1,,512,,4,,
cent_10934c8ca027,centralized,X,d_lr_control,tangent,,,D,,,s5,groknet,ce,5,s_nm1,addition,adamw,97,256,3,quadratic,1.0,0,1000,5000,0.45,123,,,,,,,,,,,,,0,60000,25,0.0,0.001,1.0,85.0,9075,9075,1325,275,8800,0,99.92424845695496,100.0,100.0,nan,True,False,60000.0,101.2,,512,,4,,
cent_109b29b9e761,centralized,T2,aggregation,exp2,,,C,cent_reduced,10,s5,transformer,ce,5,s_nm1,addition,adamw,97,256,3,quadratic,1.0,0,1000,5000,0.04,42,,,,,,,,,,,,,4000,400000,800,0.0,0.001,1.0,85.0,inf,inf,inf,800,inf,0,0.3472222248092294,100.0,100.0,nan,False,True,400000.0,1814.3,,512,,4,,
cent_10d3907bb64a,centralized,X,d_alpha_high,tangent,,,D,,,s5,groknet,ce,5,s_nm1,addition,adamw,97,256,3,quadratic,1.0,0,1000,5000,0.575,123,,,,,,,,,,,,,0,40000,100,0.0,0.001,1.0,85.0,1200,1200,700,300,900.0,0,99.98366236686707,100.0,100.0,nan,True,False,40000.0,100.8,,512,,4,,
cent_111688ecef52,centralized,S1,central_anchor,anchor,,,C,,,s5,transformer,ce,5,s_nm1,addition,adamw,97,128,3,quadratic,1.0,0,1000,5000,0.25,456,,,,,,,,,,,,,0,40000,100,0.0,0.001,1.0,85.0,inf,inf,inf,200,inf,0,0.5648148246109486,100.0,100.0,nan,False,True,40000.0,484.8,,512,,4,,
cent_118439402226,centralized,P1,cd_decay_band,decay,,,C,,,s5,transformer,ce,5,s_nm1,addition,adamw,97,256,3,quadratic,1.0,0,1000,5000,0.5,123,,,,,,,,,,,,,0,100000,50,0.0,0.001,0.3,85.0,96750,44750,43500,100,96650,28,100.0,100.0,100.0,nan,True,False,100000.0,2604.7,,512,,4,,
cent_12135542108e,centralized,P0,c_alpha_w256,boundary,,,C,,,s5,transformer,ce,5,s_nm1,addition,adamw,97,256,3,quadratic,1.0,0,1000,5000,0.6,123,,,,,,,,,,,,,0,100000,50,0.0,0.001,1.0,85.0,52850,5300,4950,150,52700,1,100.0,100.0,100.0,nan,True,False,100000.0,3265.2,,512,,4,,
cent_1298ac4b35ea,centralized,T2,aggregation,exp2,,,D,cent_reduced,50,s5,groknet,ce,5,s_nm1,addition,adamw,97,256,3,quadratic,1.0,0,1000,5000,0.006,456,,,,,,,,,,,,,5000,500000,1000,0.0,0.001,1.0,85.0,inf,inf,inf,1000,inf,0,0.21657117176800966,100.0,100.0,nan,False,True,500000.0,506.1,,512,,4,,
cent_12a0ee95a08c,centralized,X,d_alpha_high,tangent,,,D,,,s5,groknet,ce,5,s_nm1,addition,adamw,97,256,3,quadratic,1.0,0,1000,5000,0.85,123,,,,,,,,,,,,,0,40000,100,0.0,0.001,1.0,85.0,400,400,300,300,100.0,0,100.0,100.0,100.0,nan,True,False,40000.0,130.1,,512,,4,,
cent_133196d79131,centralized,X,d_alpha_fine,tangent,,,D,,,s5,groknet,ce,5,s_nm1,addition,adamw,97,256,3,quadratic,1.0,0,1000,5000,0.525,123,,,,,,,,,,,,,0,40000,100,0.0,0.001,1.0,85.0,5900,5900,900,300,5600.0,0,99.9707579612732,100.0,100.0,nan,True,False,40000.0,90.3,,512,,4,,
cent_133d033cde83,centralized,S1,central_anchor,anchor,,,C,,,s5,transformer,ce,5,s_nm1,addition,adamw,97,128,3,quadratic,1.0,0,1000,5000,0.25,42,,,,,,,,,,,,,0,40000,100,0.0,0.001,1.0,85.0,inf,inf,inf,200,inf,0,0.5740740802139044,100.0,100.0,nan,False,True,40000.0,441.5,,512,,4,,
cent_13b825fcb2ff,centralized,S1,mnist_working_point,anchor,,,E,,,mnist,mlp,mse,5,s_nm1,addition,adamw,97,200,3,quadratic,9.0,200,4000,5000,0.5,42,,,,,,,,,,,,,0,20000,100,0.0,0.001,0.1,90.0,500,500,200,500,0.0,0,96.13999724388123,100.0,100.0,nan,True,False,20000.0,430.2,,512,,4,,
cent_1573c40bbe22,centralized,T0,mnist_wd_band,mnist,,,,,,mnist,mlp,mse,5,s_nm1,addition,adamw,97,200,3,quadratic,9.0,200,1000,5000,0.5,456,,,,,,,,,,,,,0,20000,100,0.0,0.001,1.0,90.0,3300,3300,200,800,2500.0,0,91.5399968624115,100.0,100.0,nan,True,False,20000.0,86.4,,512,,4,,
cent_16b2a4313c7c,centralized,X,d_internals,tangent,,,D,,,s5,groknet,ce,5,s_nm1,addition,adamw,97,256,3,quadratic,1.0,0,1000,5000,0.5,456,,,,,,,,,,,,,500,40000,25,0.0,0.001,1.0,85.0,7775,7775,925,275,7500.0,0,99.94444847106934,100.0,100.0,nan,True,False,40000.0,100.3,,512,,4,,
cent_16dc7e6fb1ec,centralized,P0,capacity,width,,,D,,,s5,groknet,ce,5,s_nm1,addition,adamw,97,512,3,quadratic,1.0,0,1000,5000,0.3,42,,,,,,,,,,,,,0,100000,50,0.0,0.001,1.0,85.0,18550,18550,12900,150,18400,0,97.83730506896973,100.0,100.0,nan,True,False,100000.0,124.2,,512,,4,,
cent_16e486725bd2,centralized,T0,mnist_wd_band,mnist,,,,,,mnist,mlp,mse,5,s_nm1,addition,adamw,97,200,3,quadratic,9.0,200,1000,5000,0.5,123,,,,,,,,,,,,,0,20000,100,0.0,0.001,0.03,90.0,8300,8300,3300,500,7800.0,0,91.57999753952026,100.0,100.0,nan,True,False,20000.0,95.5,,512,,4,,
cent_174eaa74d775,centralized,X,d_wd_ladder,tangent,,,D,,,s5,groknet,ce,5,s_nm1,addition,adamw,97,256,3,quadratic,1.0,0,1000,5000,0.45,123,,,,,,,,,,,,,0,40000,25,0.0,0.001,0.0,85.0,inf,inf,inf,250,inf,0,12.651515007019043,100.0,100.0,nan,False,True,40000.0,90.2,,512,,4,,
cent_17edb221f1d2,centralized,X,d_internals,tangent,,,D,,,s5,groknet,ce,5,s_nm1,addition,adamw,97,256,3,quadratic,1.0,0,1000,5000,0.35,42,,,,,,,,,,,,,500,40000,25,0.0,0.001,1.0,85.0,16850,16850,9950,250,16600.0,0,98.46153855323792,100.0,100.0,nan,True,False,40000.0,85.0,,512,,4,,
cent_18969096632f,centralized,P1,d_gd_probe,optimiser,,,D,,,s5,groknet,mse,5,s_nm1,addition,gd,97,256,3,quadratic,1.0,0,1000,5000,0.5,123,,,,,,,,,,,,,0,50000,100,0.0,50.0,0.0,85.0,22600,22600,18700,14300,8300,0,99.958336353302,100.0,100.0,nan,True,False,50000.0,67.9,,512,,4,,
cent_18a284383062,centralized,S1,central_anchor,anchor,,,D,,,s5,groknet,ce,5,s_nm1,addition,adamw,97,256,3,quadratic,1.0,0,1000,5000,0.3,1011,,,,,,,,,,,,,0,40000,100,0.0,0.001,1.0,85.0,21600,21600,15200,300,21300.0,0,93.76984238624573,100.0,100.0,nan,True,False,40000.0,75.5,,512,,4,,
cent_199f51e59a09,centralized,P1,d_gd_probe,optimiser,,,D,,,s5,groknet,mse,5,s_nm1,addition,gd,97,256,3,quadratic,1.0,0,1000,5000,0.5,42,,,,,,,,,,,,,0,50000,100,0.0,5.0,0.0,85.0,inf,inf,inf,inf,inf,0,0.027777778450399637,40.013888478279114,40.013888478279114,nan,False,True,50000.0,67.6,,512,,4,,
cent_19dc3d297ac7,centralized,X,d_alpha_high,tangent,,,D,,,s5,groknet,ce,5,s_nm1,addition,adamw,97,256,3,quadratic,1.0,0,1000,5000,1.0,1011,,,,,,,,,,,,,0,40000,100,0.0,0.001,1.0,85.0,0,inf,inf,300,-300.0,0,nan,100.0,100.0,nan,True,False,40000.0,152.5,,512,,4,,
cent_19f0c9c49db9,centralized,X,d_alpha_fine,tangent,,,D,,,s5,groknet,ce,5,s_nm1,addition,adamw,97,256,3,quadratic,1.0,0,1000,5000,0.45,789,,,,,,,,,,,,,0,40000,100,0.0,0.001,1.0,85.0,9500,9500,1500,300,9200.0,0,99.84849095344543,100.0,100.0,nan,True,False,40000.0,84.6,,512,,4,,
cent_1a0676cdba95,centralized,S1,central_anchor,anchor,,,C,,,s5,transformer,ce,5,s_nm1,addition,adamw,97,128,3,quadratic,1.0,0,1000,5000,0.2,123,,,,,,,,,,,,,0,40000,100,0.0,0.001,1.0,85.0,inf,inf,inf,200,inf,0,0.27777778450399637,100.0,100.0,nan,False,True,40000.0,414.5,,512,,4,,
cent_1ae42e6c62f8,centralized,X,d_wd_ladder,tangent,,,D,,,s5,groknet,ce,5,s_nm1,addition,adamw,97,256,3,quadratic,1.0,0,1000,5000,0.3,123,,,,,,,,,,,,,0,40000,25,0.0,0.001,1.0,85.0,21475,21475,14750,250,21225,0,96.33928537368774,100.0,100.0,nan,True,False,40000.0,61.3,,512,,4,,
cent_1b59b0b9d2a0,centralized,T0,mnist_wd_band,mnist,,,,,,mnist,mlp,mse,5,s_nm1,addition,adamw,97,200,3,quadratic,9.0,200,1000,5000,0.5,42,,,,,,,,,,,,,0,20000,100,0.0,0.001,0.01,90.0,inf,inf,5000,600,inf,0,89.17999863624573,100.0,100.0,nan,False,True,20000.0,94.4,,512,,4,,
cent_1b6de435a5d3,centralized,T2,aggregation,exp2,,,D,cent_reduced,10,s5,groknet,ce,5,s_nm1,addition,adamw,97,256,3,quadratic,1.0,0,1000,5000,0.03,42,,,,,,,,,,,,,5000,500000,1000,0.0,0.001,1.0,85.0,inf,inf,inf,1000,inf,0,0.07159221568144858,100.0,100.0,nan,False,True,500000.0,538.0,,512,,4,,
cent_1bf6ceb9b106,centralized,S1,central_anchor,anchor,,,C,,,s5,transformer,ce,5,s_nm1,addition,adamw,97,128,3,quadratic,1.0,0,1000,5000,0.25,123,,,,,,,,,,,,,0,40000,100,0.0,0.001,1.0,85.0,inf,inf,inf,200,inf,0,0.4444444552063942,100.0,100.0,nan,False,True,40000.0,439.8,,512,,4,,
cent_1bfab7d6a293,centralized,X,d_internals,tangent,,,D,,,s5,groknet,ce,5,s_nm1,addition,adamw,97,256,3,quadratic,1.0,0,1000,5000,0.4,42,,,,,,,,,,,,,500,40000,25,0.0,0.001,1.0,85.0,11975,11975,6800,250,11725.0,0,99.75694417953491,100.0,100.0,nan,True,False,40000.0,86.9,,512,,4,,
cent_1cd61d357f81,centralized,X,d_alpha_high,tangent,,,D,,,s5,groknet,ce,5,s_nm1,addition,adamw,97,256,3,quadratic,1.0,0,1000,5000,0.6,456,,,,,,,,,,,,,0,40000,100,0.0,0.001,1.0,85.0,1000,1000,600,300,700.0,0,100.0,100.0,100.0,nan,True,False,40000.0,105.3,,512,,4,,
cent_1d9f1fef86d2,centralized,S1,mnist_working_point,anchor,,,E,,,mnist,mlp,mse,5,s_nm1,addition,adamw,97,200,3,quadratic,9.0,25,2000,5000,0.5,123,,,,,,,,,,,,,0,20000,100,0.0,0.001,0.1,90.0,200,200,100,100,100.0,0,91.27999544143677,99.30000305175781,100.0,nan,True,False,20000.0,1936.7,,512,,4,,
cent_1dcf979cd8d9,centralized,S1,central_anchor,anchor,,,D,,,s5,groknet,ce,5,s_nm1,addition,adamw,97,256,3,quadratic,1.0,0,1000,5000,0.25,42,,,,,,,,,,,,,0,40000,100,0.0,0.001,1.0,85.0,29600,29600,19900,300,29300.0,0,88.33333253860474,100.0,100.0,nan,True,False,40000.0,55.1,,512,,4,,
cent_1e10f32a5c15,centralized,S1,mnist_working_point,anchor,,,E,,,mnist,mlp,mse,5,s_nm1,addition,adamw,97,200,3,quadratic,9.0,100,4000,5000,0.5,123,,,,,,,,,,,,,0,20000,100,0.0,0.001,0.1,90.0,300,300,100,300,0.0,0,94.8199987411499,100.0,100.0,nan,True,False,20000.0,856.5,,512,,4,,
cent_1e4dc311677c,centralized,X,d_wd_ladder,tangent,,,D,,,s5,groknet,ce,5,s_nm1,addition,adamw,97,256,3,quadratic,1.0,0,1000,5000,0.3,42,,,,,,,,,,,,,0,40000,25,0.0,0.001,3.0,85.0,inf,inf,5200,275,inf,0,72.64881134033203,100.0,100.0,nan,False,True,40000.0,66.0,,512,,4,,
cent_1e5b3531d0e1,centralized,X,d_wd_ladder,tangent,,,D,,,s5,groknet,ce,5,s_nm1,addition,adamw,97,256,3,quadratic,1.0,0,1000,5000,0.55,456,,,,,,,,,,,,,0,40000,25,0.0,0.001,0.1,85.0,10225,10125,3150,250,9975,2,99.95371103286743,100.0,100.0,nan,True,False,40000.0,78.0,,512,,4,,
cent_1fefc7b9c69f,centralized,S1,central_anchor,anchor,,,C,,,s5,transformer,ce,5,s_nm1,addition,adamw,97,128,3,quadratic,1.0,0,1000,5000,0.5,789,,,,,,,,,,,,,0,40000,100,0.0,0.001,1.0,85.0,23500,23500,22900,200,23300.0,0,100.0,100.0,100.0,nan,True,False,40000.0,967.8,,512,,4,,
cent_20031bba5dad,centralized,T0,mnist_wd_band,mnist,,,,,,mnist,mlp,mse,5,s_nm1,addition,adamw,97,200,3,quadratic,9.0,200,1000,5000,0.5,456,,,,,,,,,,,,,0,20000,100,0.0,0.001,0.1,90.0,3800,3800,1300,500,3300.0,0,92.15999841690063,100.0,100.0,nan,True,False,20000.0,94.0,,512,,4,,
cent_20170c1793a8,centralized,S1b,c_capacity,gate_a,,,C,,,s5,transformer,ce,5,s_nm1,addition,adamw,97,256,3,quadratic,1.0,0,1000,5000,0.5,456,,,,,,,,,,,,,0,100000,200,0.0,0.001,1.0,85.0,5400,5400,5000,200,5200.0,0,100.0,100.0,100.0,nan,True,False,100000.0,2548.9,,512,,4,,
cent_20a8d10898d3,centralized,S1b,c_capacity,gate_a,,,C,,,s5,transformer,ce,5,s_nm1,addition,adamw,97,256,3,quadratic,1.0,0,1000,5000,0.5,456,,,,,,,,,,,,,0,100000,200,0.0,0.001,1.0,85.0,77000,8200,8000,200,76800.0,1,100.0,100.0,100.0,nan,True,False,100000.0,3346.0,,1024,,8,,
cent_20df0f9181ae,centralized,X,d_alpha_fine,tangent,,,D,,,s5,groknet,ce,5,s_nm1,addition,adamw,97,256,3,quadratic,1.0,0,1000,5000,0.475,789,,,,,,,,,,,,,0,40000,100,0.0,0.001,1.0,85.0,8300,8300,1200,300,8000.0,0,99.88095164299011,100.0,100.0,nan,True,False,40000.0,86.2,,512,,4,,
cent_217a439da67a,centralized,T0,mnist_wd_band,mnist,,,,,,mnist,mlp,mse,5,s_nm1,addition,adamw,97,200,3,quadratic,9.0,200,1000,5000,0.5,123,,,,,,,,,,,,,0,20000,100,0.0,0.001,0.3,90.0,2600,2600,500,400,2200.0,0,92.77999997138977,100.0,100.0,nan,True,False,20000.0,85.6,,512,,4,,
cent_22101a0c75a2,centralized,X,d_alpha_high,tangent,,,D,,,s5,groknet,ce,5,s_nm1,addition,adamw,97,256,3,quadratic,1.0,0,1000,5000,0.875,456,,,,,,,,,,,,,0,40000,100,0.0,0.001,1.0,85.0,400,400,300,300,100.0,0,100.0,99.99999403953552,99.99999403953552,nan,True,False,40000.0,131.3,,512,,4,,
cent_22ae6749b310,centralized,X,d_alpha_cliff,tangent,,,D,,,s5,groknet,ce,5,s_nm1,addition,adamw,97,256,3,quadratic,1.0,0,1000,5000,0.15,1011,,,,,,,,,,,,,0,150000,200,0.0,0.001,1.0,85.0,inf,inf,inf,200,inf,0,5.8088235557079315,100.0,100.0,nan,False,True,150000.0,174.0,,512,,4,,
cent_231524f63888,centralized,P1,d_gd_probe,optimiser,,,D,,,s5,groknet,mse,5,s_nm1,addition,gd,97,256,3,quadratic,1.0,0,1000,5000,0.5,123,,,,,,,,,,,,,0,50000,100,0.0,5.0,0.0,85.0,inf,inf,inf,inf,inf,0,0.041666667675599456,40.00000059604645,40.00000059604645,nan,False,True,50000.0,67.6,,512,,4,,
cent_23650b82b225,centralized,T2,aggregation,exp2,,,C,cent_reduced,2,s5,transformer,ce,5,s_nm1,addition,adamw,97,256,3,quadratic,1.0,0,1000,5000,0.2,123,,,,,,,,,,,,,4000,400000,800,0.0,0.001,1.0,85.0,inf,inf,inf,800,inf,0,0.6684028077870607,100.0,100.0,nan,False,True,400000.0,3614.2,,512,,4,,
cent_246beb49a17a,centralized,X,d_alpha_cliff,tangent,,,D,,,s5,groknet,ce,5,s_nm1,addition,adamw,97,256,3,quadratic,1.0,0,1000,5000,0.225,42,,,,,,,,,,,,,0,150000,200,0.0,0.001,1.0,85.0,inf,inf,24400,200,inf,0,80.17920851707458,100.0,100.0,nan,False,True,150000.0,192.9,,512,,4,,
cent_24a17a82c231,centralized,S1,mnist_working_point,anchor,,,E,,,mnist,mlp,mse,5,s_nm1,addition,adamw,97,200,3,quadratic,9.0,100,1000,5000,0.5,123,,,,,,,,,,,,,0,20000,100,0.0,0.001,0.1,90.0,1700,1700,700,300,1400.0,0,92.85999536514282,100.0,100.0,nan,True,False,20000.0,220.9,,512,,4,,
cent_259c0102ef99,centralized,P1,d_gd_probe,optimiser,,,D,,,s5,groknet,mse,5,s_nm1,addition,gd,97,256,3,quadratic,1.0,0,1000,5000,0.5,42,,,,,,,,,,,,,0,50000,100,0.0,10.0,0.0,85.0,inf,inf,inf,inf,inf,0,0.23611111100763083,89.31944370269775,89.31944370269775,nan,False,True,50000.0,66.9,,512,,4,,
cent_25b0d11c1618,centralized,P1,cd_decay_band,decay,,,C,,,s5,transformer,ce,5,s_nm1,addition,adamw,97,256,3,quadratic,1.0,0,1000,5000,0.5,456,,,,,,,,,,,,,0,100000,50,0.0,0.001,0.03,85.0,97100,97100,89550,100,97000,0,91.06944799423218,100.0,100.0,nan,True,False,100000.0,2725.9,,512,,4,,
cent_2794532081df,centralized,S1,mnist_working_point,anchor,,,E,,,mnist,mlp,mse,5,s_nm1,addition,adamw,97,200,3,quadratic,9.0,25,2000,5000,0.5,42,,,,,,,,,,,,,0,20000,100,0.0,0.001,0.1,90.0,18300,200,100,100,18200.0,1,91.95999503135681,100.0,100.0,nan,True,False,20000.0,2182.1,,512,,4,,
cent_27ffbe5a0a1f,centralized,P0,capacity,width,,,D,,,s5,groknet,ce,5,s_nm1,addition,adamw,97,128,3,quadratic,1.0,0,1000,5000,0.3,123,,,,,,,,,,,,,0,100000,50,0.0,0.001,1.0,85.0,inf,inf,17050,400,inf,0,82.46031999588013,100.0,100.0,nan,False,True,100000.0,124.8,,512,,4,,
cent_2846cac70e38,centralized,X,d_lr_control,tangent,,,D,,,s5,groknet,ce,5,s_nm1,addition,adamw,97,256,3,quadratic,1.0,0,1000,5000,0.45,456,,,,,,,,,,,,,0,60000,25,0.0,0.00025,4.0,85.0,3700,3700,2075,1375,2325,0,99.68434572219849,100.0,100.0,nan,True,False,60000.0,109.8,,512,,4,,
cent_284b60d1a171,centralized,S1,mnist_working_point,anchor,,,E,,,mnist,mlp,mse,5,s_nm1,addition,adamw,97,200,3,quadratic,9.0,200,2000,5000,0.5,42,,,,,,,,,,,,,0,20000,100,0.0,0.001,0.1,90.0,1700,1700,500,600,1100.0,0,94.9999988079071,100.0,100.0,nan,True,False,20000.0,222.3,,512,,4,,
cent_29571ca6efcc,centralized,P1,cd_decay_band,decay,,,C,,,s5,transformer,ce,5,s_nm1,addition,adamw,97,256,3,quadratic,1.0,0,1000,5000,0.5,123,,,,,,,,,,,,,0,100000,50,0.0,0.001,0.03,85.0,inf,inf,inf,100,inf,0,3.3750001341104507,100.0,100.0,nan,False,True,100000.0,2728.3,,512,,4,,
cent_29629a376bfa,centralized,P0,c_alpha_w256,boundary,,,C,,,s5,transformer,ce,5,s_nm1,addition,adamw,97,256,3,quadratic,1.0,0,1000,5000,0.4,456,,,,,,,,,,,,,0,100000,50,0.0,0.001,1.0,85.0,10900,10900,10600,100,10800,0,100.0,100.0,100.0,nan,True,False,100000.0,2175.2,,512,,4,,
cent_2bbf2c15491e,centralized,P0,capacity,width,,,E,,,mnist,mlp,mse,5,s_nm1,addition,adamw,97,100,3,quadratic,9.0,100,2000,5000,0.5,42,,,,,,,,,,,,,0,20000,25,0.0,0.001,0.1,90.0,2175,2050,250,600,1575,4,91.85999631881714,100.0,100.0,nan,True,False,20000.0,348.9,,512,,4,,
cent_2bc2d519138e,centralized,T0,mnist_wd_band,mnist,,,,,,mnist,mlp,mse,5,s_nm1,addition,adamw,97,200,3,quadratic,9.0,200,1000,5000,0.5,42,,,,,,,,,,,,,0,20000,100,0.0,0.001,0.3,90.0,3400,3400,600,700,2700.0,0,92.35999584197998,100.0,100.0,nan,True,False,20000.0,92.7,,512,,4,,
cent_2be112078827,centralized,S1,mnist_working_point,anchor,,,E,,,mnist,mlp,mse,5,s_nm1,addition,adamw,97,200,3,quadratic,9.0,25,1000,5000,0.5,123,,,,,,,,,,,,,0,20000,100,0.0,0.001,0.1,90.0,inf,400,200,100,inf,178,87.3799979686737,100.0,100.0,nan,False,True,20000.0,904.9,,512,,4,,
cent_2c9f3cdf9e0d,centralized,X,d_lr_control,tangent,,,D,,,s5,groknet,ce,5,s_nm1,addition,adamw,97,256,3,quadratic,1.0,0,1000,5000,0.55,456,,,,,,,,,,,,,0,60000,25,0.0,0.001,1.0,85.0,4275,1300,700,275,4000,39,100.0,100.0,100.0,nan,True,False,60000.0,103.8,,512,,4,,
cent_2dee693761cd,centralized,X,d_alpha_high,tangent,,,D,,,s5,groknet,ce,5,s_nm1,addition,adamw,97,256,3,quadratic,1.0,0,1000,5000,1.0,789,,,,,,,,,,,,,0,40000,100,0.0,0.001,1.0,85.0,0,inf,inf,300,-300.0,0,nan,100.0,100.0,nan,True,False,40000.0,152.3,,512,,4,,
cent_2e02671e829c,centralized,X,d_alpha_high,tangent,,,D,,,s5,groknet,ce,5,s_nm1,addition,adamw,97,256,3,quadratic,1.0,0,1000,5000,0.675,456,,,,,,,,,,,,,0,40000,100,0.0,0.001,1.0,85.0,700,700,400,300,400.0,0,100.0,100.0,100.0,nan,True,False,40000.0,112.4,,512,,4,,
cent_2e323463cfde,centralized,T0,mnist_wd_band,mnist,,,,,,mnist,mlp,mse,5,s_nm1,addition,adamw,97,200,3,quadratic,9.0,200,1000,5000,0.5,456,,,,,,,,,,,,,0,20000,100,0.0,0.001,0.3,90.0,3000,3000,500,500,2500.0,0,92.1999990940094,100.0,100.0,nan,True,False,20000.0,87.6,,512,,4,,
cent_2e9302be2b81,centralized,X,d_internals,tangent,,,D,,,s5,groknet,ce,5,s_nm1,addition,adamw,97,256,3,quadratic,1.0,0,1000,5000,0.575,123,,,,,,,,,,,,,500,40000,25,0.0,0.001,1.0,85.0,1125,1125,625,275,850.0,0,99.98366236686707,100.0,100.0,nan,True,False,40000.0,104.1,,512,,4,,
cent_2f11fc38b029,centralized,X,d_alpha_cliff,tangent,,,D,,,s5,groknet,ce,5,s_nm1,addition,adamw,97,256,3,quadratic,1.0,0,1000,5000,0.2,456,,,,,,,,,,,,,0,150000,200,0.0,0.001,1.0,85.0,inf,inf,43000,200,inf,0,66.18055701255798,100.0,100.0,nan,False,True,150000.0,185.0,,512,,4,,
cent_2f62e0ed9b2d,centralized,X,d_wd_ladder,tangent,,,D,,,s5,groknet,ce,5,s_nm1,addition,adamw,97,256,3,quadratic,1.0,0,1000,5000,0.3,456,,,,,,,,,,,,,0,40000,25,0.0,0.001,0.0,85.0,inf,inf,inf,225,inf,0,1.1607143096625805,100.0,100.0,nan,False,True,40000.0,74.9,,512,,4,,
cent_2f8cf4d39025,centralized,X,d_lr_control,tangent,,,D,,,s5,groknet,ce,5,s_nm1,addition,adamw,97,256,3,quadratic,1.0,0,1000,5000,0.55,42,,,,,,,,,,,,,0,60000,25,0.0,0.00025,4.0,85.0,2000,2000,1250,1225,775,0,99.87654685974121,99.98737573623657,100.0,nan,True,False,60000.0,109.3,,512,,4,,
cent_2faa39bf22a6,centralized,S1,mnist_working_point,anchor,,,E,,,mnist,mlp,mse,5,s_nm1,addition,adamw,97,200,3,quadratic,9.0,50,4000,5000,0.5,42,,,,,,,,,,,,,0,20000,100,0.0,0.001,0.1,90.0,100,100,100,200,-100.0,0,96.66000008583069,100.0,100.0,nan,True,False,20000.0,1914.7,,512,,4,,
cent_2fcf3210ce90,centralized,X,d_internals,tangent,,,D,,,s5,groknet,ce,5,s_nm1,addition,adamw,97,256,3,quadratic,1.0,0,1000,5000,0.525,456,,,,,,,,,,,,,500,40000,25,0.0,0.001,1.0,85.0,5850,1775,800,275,5575.0,162,99.9707579612732,100.0,100.0,nan,True,False,40000.0,99.4,,512,,4,,
cent_31235e2e7e2b,centralized,P0,capacity,width,,,E,,,mnist,mlp,mse,5,s_nm1,addition,adamw,97,400,3,quadratic,9.0,100,2000,5000,0.5,42,,,,,,,,,,,,,0,20000,25,0.0,0.001,0.1,90.0,625,625,300,100,525,0,94.61999535560608,100.0,100.0,nan,True,False,20000.0,320.6,,512,,4,,
cent_316e24c830b2,centralized,T2,aggregation_alpha2,exp2,,,E,cent_full,,mnist,mlp,mse,5,s_nm1,addition,adamw,97,200,3,quadratic,9.0,100,4000,5000,0.5,456,,,,,,,,,,,,,0,40000,80,0.0,0.001,0.1,90.0,240,240,80,240,0,0,94.65999603271484,100.0,100.0,nan,True,False,40000.0,1700.7,,512,,4,,
cent_32025cfd6db3,centralized,P1,d_gd_probe,optimiser,,,D,,,s5,groknet,mse,5,s_nm1,addition,gd,97,256,3,quadratic,1.0,0,1000,5000,0.5,123,,,,,,,,,,,,,0,50000,100,0.0,10.0,0.0,85.0,inf,inf,inf,inf,inf,0,0.48611112870275974,91.66666865348816,91.66666865348816,nan,False,True,50000.0,68.3,,512,,4,,
cent_3204ec69a11f,centralized,X,d_alpha_high,tangent,,,D,,,s5,groknet,ce,5,s_nm1,addition,adamw,97,256,3,quadratic,1.0,0,1000,5000,1.0,123,,,,,,,,,,,,,0,40000,100,0.0,0.001,1.0,85.0,0,inf,inf,300,-300.0,0,nan,100.0,100.0,nan,True,False,40000.0,140.7,,512,,4,,
cent_32c2628ea5ab,centralized,X,d_internals,tangent,,,D,,,s5,groknet,ce,5,s_nm1,addition,adamw,97,256,3,quadratic,1.0,0,1000,5000,0.35,1011,,,,,,,,,,,,,500,40000,25,0.0,0.001,1.0,85.0,17600,17600,9750,250,17350.0,0,98.38675260543823,100.0,100.0,nan,True,False,40000.0,81.4,,512,,4,,
cent_32e218b81761,centralized,X,d_internals,tangent,,,D,,,s5,groknet,ce,5,s_nm1,addition,adamw,97,256,3,quadratic,1.0,0,1000,5000,0.4,456,,,,,,,,,,,,,500,40000,25,0.0,0.001,1.0,85.0,12575,12575,7275,250,12325.0,0,99.40972328186035,100.0,100.0,nan,True,False,40000.0,82.1,,512,,4,,
cent_32f520aac9ef,centralized,T2,aggregation,exp2,,,E,cent_full,,mnist,mlp,mse,5,s_nm1,addition,adamw,97,200,3,quadratic,9.0,100,2000,5000,0.5,42,,,,,,,,,,,,,0,40000,80,0.0,0.001,0.1,90.0,720,720,240,320,400,0,94.65999603271484,100.0,100.0,nan,True,False,40000.0,994.4,,512,,4,,
cent_335475a6cc24,centralized,X,d_internals,tangent,,,D,,,s5,groknet,ce,5,s_nm1,addition,adamw,97,256,3,quadratic,1.0,0,1000,5000,0.25,789,,,,,,,,,,,,,500,150000,25,0.0,0.001,1.0,85.0,38300,38300,21075,225,38075.0,0,89.47222232818604,100.0,100.0,nan,True,False,150000.0,251.8,,512,,4,,
cent_33978f2f2357,centralized,S1,central_anchor,anchor,,,D,,,s5,groknet,ce,5,s_nm1,addition,adamw,97,256,3,quadratic,1.0,0,1000,5000,0.5,42,,,,,,,,,,,,,0,40000,100,0.0,0.001,1.0,85.0,6800,6800,900,300,6500.0,0,99.93056058883667,100.0,100.0,nan,True,False,40000.0,47.0,,512,,4,,
cent_33b1fc938dcd,centralized,X,wd_zero,control,,,E,,,mnist,mlp,mse,5,s_nm1,addition,adamw,97,200,3,quadratic,9.0,100,2000,5000,0.5,42,,,,,,,,,,,,,0,40000,80,0.0,0.001,0.0,90.0,inf,inf,880,400,inf,0,80.95999956130981,99.9500036239624,100.0,nan,False,True,40000.0,924.3,,512,,4,,
cent_33d847bb15b1,centralized,P0,capacity,width,,,E,,,mnist,mlp,mse,5,s_nm1,addition,adamw,97,400,3,quadratic,9.0,100,2000,5000,0.5,456,,,,,,,,,,,,,0,20000,25,0.0,0.001,0.1,90.0,575,575,275,100,475,0,93.53999495506287,100.0,100.0,nan,True,False,20000.0,294.1,,512,,4,,
cent_341c8b95d026,centralized,T2,aggregation,exp2,,,C,cent_reduced,50,s5,transformer,ce,5,s_nm1,addition,adamw,97,256,3,quadratic,1.0,0,1000,5000,0.008,456,,,,,,,,,,,,,4000,400000,800,0.0,0.001,1.0,85.0,inf,inf,inf,800,inf,0,0.6020301021635532,99.99999403953552,99.99999403953552,nan,False,True,400000.0,1969.9,,512,,4,,
cent_342a40d91d61,centralized,X,d_wd_ladder,tangent,,,D,,,s5,groknet,ce,5,s_nm1,addition,adamw,97,256,3,quadratic,1.0,0,1000,5000,0.45,42,,,,,,,,,,,,,0,40000,25,0.0,0.001,0.0,85.0,inf,inf,inf,250,inf,0,10.353536158800125,100.0,100.0,nan,False,True,40000.0,90.1,,512,,4,,
cent_344f8c66cd42,centralized,S1,central_anchor,anchor,,,D,,,s5,groknet,ce,5,s_nm1,addition,adamw,97,256,3,quadratic,1.0,0,1000,5000,0.2,42,,,,,,,,,,,,,0,40000,100,0.0,0.001,1.0,85.0,inf,inf,inf,200,inf,0,38.32465410232544,100.0,100.0,nan,False,True,40000.0,48.0,,512,,4,,
cent_34873aeba122,centralized,T2,aggregation,exp2,,,E,cent_reduced,5,mnist,mlp,mse,5,s_nm1,addition,adamw,97,200,3,quadratic,9.0,100,400,5000,0.5,456,,,,,,,,,,,,,800,80000,160,0.0,0.001,0.1,90.0,inf,inf,2240,320,inf,0,87.91999816894531,100.0,100.0,nan,False,True,80000.0,551.8,,512,,4,,
cent_34a66b700c6f,centralized,X,d_alpha_high,tangent,,,D,,,s5,groknet,ce,5,s_nm1,addition,adamw,97,256,3,quadratic,1.0,0,1000,5000,0.625,789,,,,,,,,,,,,,0,40000,100,0.0,0.001,1.0,85.0,900,900,500,300,600.0,0,99.98148083686829,100.0,100.0,nan,True,False,40000.0,106.0,,512,,4,,
cent_34f23c576bbf,centralized,S1,mnist_working_point,anchor,,,E,,,mnist,mlp,mse,5,s_nm1,addition,adamw,97,200,3,quadratic,9.0,25,4000,5000,0.5,123,,,,,,,,,,,,,0,20000,100,0.0,0.001,0.1,90.0,100,100,100,100,0.0,0,93.59999895095825,99.9250054359436,100.0,nan,True,False,20000.0,4200.0,,512,,4,,
cent_3521b902247b,centralized,S1b,c_capacity,gate_a,,,C,,,s5,transformer,ce,5,s_nm1,addition,adamw,97,256,3,quadratic,1.0,0,1000,5000,0.5,42,,,,,,,,,,,,,0,100000,200,0.0,0.001,1.0,85.0,24000,24000,23000,200,23800.0,0,100.0,100.0,100.0,nan,True,False,100000.0,3372.5,,512,,8,,
cent_3586a21acce0,centralized,X,d_lr_control,tangent,,,D,,,s5,groknet,ce,5,s_nm1,addition,adamw,97,256,3,quadratic,1.0,0,1000,5000,0.45,123,,,,,,,,,,,,,0,60000,25,0.0,0.004,0.25,85.0,16725,16725,13900,100,16625,0,99.45707321166992,100.0,100.0,nan,True,False,60000.0,103.7,,512,,4,,
cent_35b7cf50185f,centralized,S1b,c_capacity,gate_a,,,C,,,s5,transformer,ce,5,s_nm1,addition,adamw,97,256,3,quadratic,1.0,0,1000,5000,0.5,123,,,,,,,,,,,,,0,100000,200,0.0,0.001,1.0,85.0,55000,11600,11200,200,54800.0,1,100.0,100.0,100.0,nan,True,False,100000.0,3355.4,,512,,8,,
cent_36010acbb27b,centralized,P1,cd_decay_band,decay,,,D,,,s5,groknet,ce,5,s_nm1,addition,adamw,97,256,3,quadratic,1.0,0,1000,5000,0.3,42,,,,,,,,,,,,,0,100000,50,0.0,0.001,0.3,85.0,inf,inf,36250,250,inf,0,76.0019838809967,100.0,100.0,nan,False,True,100000.0,113.6,,512,,4,,
cent_3645e061a544,centralized,X,d_wd_ladder,tangent,,,D,,,s5,groknet,ce,5,s_nm1,addition,adamw,97,256,3,quadratic,1.0,0,1000,5000,0.55,123,,,,,,,,,,,,,0,40000,25,0.0,0.001,0.3,85.0,15250,15250,1400,250,15000,0,99.95371103286743,100.0,100.0,nan,True,False,40000.0,73.7,,512,,4,,
cent_36c4885de785,centralized,X,d_lr_control,tangent,,,D,,,s5,groknet,ce,5,s_nm1,addition,adamw,97,256,3,quadratic,1.0,0,1000,5000,0.45,123,,,,,,,,,,,,,0,60000,25,0.0,0.00025,4.0,85.0,3475,3475,2025,1375,2100,0,99.6338427066803,100.0,100.0,nan,True,False,60000.0,102.9,,512,,4,,
cent_36dc5b4bcca5,centralized,P0,capacity,width,,,E,,,mnist,mlp,mse,5,s_nm1,addition,adamw,97,200,3,quadratic,9.0,100,2000,5000,0.5,456,,,,,,,,,,,,,0,20000,25,0.0,0.001,0.1,90.0,725,725,225,275,450,0,94.57999467849731,100.0,100.0,nan,True,False,20000.0,326.6,,512,,4,,
cent_371887b8e902,centralized,P0,c_alpha_w256,boundary,,,C,,,s5,transformer,ce,5,s_nm1,addition,adamw,97,256,3,quadratic,1.0,0,1000,5000,0.4,42,,,,,,,,,,,,,0,100000,50,0.0,0.001,1.0,85.0,88550,37450,35750,100,88450,2,100.0,100.0,100.0,nan,True,False,100000.0,2052.9,,512,,4,,
cent_378eff6b46ff,centralized,X,d_alpha_high,tangent,,,D,,,s5,groknet,ce,5,s_nm1,addition,adamw,97,256,3,quadratic,1.0,0,1000,5000,0.9,456,,,,,,,,,,,,,0,40000,100,0.0,0.001,1.0,85.0,300,300,300,300,0.0,0,100.0,100.0,100.0,nan,True,False,40000.0,135.7,,512,,4,,
cent_37cc911f7d63,centralized,X,d_internals,tangent,,,D,,,s5,groknet,ce,5,s_nm1,addition,adamw,97,256,3,quadratic,1.0,0,1000,5000,0.375,1011,,,,,,,,,,,,,500,40000,25,0.0,0.001,1.0,85.0,14800,14800,8600,250,14550.0,0,98.61111044883728,100.0,100.0,nan,True,False,40000.0,87.1,,512,,4,,
cent_381ad65d8296,centralized,X,d_alpha_high,tangent,,,D,,,s5,groknet,ce,5,s_nm1,addition,adamw,97,256,3,quadratic,1.0,0,1000,5000,0.9,42,,,,,,,,,,,,,0,40000,100,0.0,0.001,1.0,85.0,300,300,300,300,0.0,0,100.0,100.0,100.0,nan,True,False,40000.0,140.2,,512,,4,,
cent_3886071021f7,centralized,T2,aggregation,exp2,,,E,cent_reduced,2,mnist,mlp,mse,5,s_nm1,addition,adamw,97,200,3,quadratic,9.0,100,1000,5000,0.5,42,,,,,,,,,,,,,800,80000,160,0.0,0.001,0.1,90.0,1760,1760,800,320,1440,0,92.53999590873718,100.0,100.0,nan,True,False,80000.0,1332.1,,512,,4,,
cent_38ba728f33cf,centralized,S1b,c_alpha,gate_a,,,C,,,s5,transformer,ce,5,s_nm1,addition,adamw,97,128,3,quadratic,1.0,0,1000,5000,0.6,456,,,,,,,,,,,,,0,100000,200,0.0,0.001,1.0,85.0,20200,20200,19200,200,20000.0,0,100.0,100.0,100.0,nan,True,False,100000.0,2478.4,,512,,4,,
cent_39011f4b411e,centralized,S1,central_anchor,anchor,,,D,,,s5,groknet,ce,5,s_nm1,addition,adamw,97,256,3,quadratic,1.0,0,1000,5000,0.3,456,,,,,,,,,,,,,0,40000,100,0.0,0.001,1.0,85.0,21300,21300,14400,300,21000.0,0,93.80952715873718,100.0,100.0,nan,True,False,40000.0,62.6,,512,,4,,
cent_3a1921077661,centralized,X,d_alpha_high,tangent,,,D,,,s5,groknet,ce,5,s_nm1,addition,adamw,97,256,3,quadratic,1.0,0,1000,5000,0.9,123,,,,,,,,,,,,,0,40000,100,0.0,0.001,1.0,85.0,300,300,300,300,0.0,0,100.0,100.0,100.0,nan,True,False,40000.0,140.2,,512,,4,,
cent_3b8c777814a5,centralized,X,d_internals,tangent,,,D,,,s5,groknet,ce,5,s_nm1,addition,adamw,97,256,3,quadratic,1.0,0,1000,5000,0.475,456,,,,,,,,,,,,,500,40000,25,0.0,0.001,1.0,85.0,8325,8275,1175,275,8050.0,1,99.92063641548157,100.0,100.0,nan,True,False,40000.0,250.2,,512,,4,,
cent_3e9aab0d736e,centralized,S1,central_anchor,anchor,,,E,,,mnist,mlp,mse,5,s_nm1,addition,adamw,97,200,3,quadratic,9.0,200,1000,5000,0.5,789,,,,,,,,,,,,,0,20000,100,0.0,0.001,0.1,90.0,3600,3600,1300,400,3200.0,0,92.28000044822693,100.0,100.0,nan,True,False,20000.0,119.2,,512,,4,,
cent_3f1909ec205c,centralized,S1,central_anchor,anchor,,,E,,,mnist,mlp,mse,5,s_nm1,addition,adamw,97,200,3,quadratic,9.0,200,500,5000,0.5,42,,,,,,,,,,,,,0,20000,100,0.0,0.001,0.1,90.0,inf,inf,2800,500,inf,0,88.47999572753906,100.0,100.0,nan,False,True,20000.0,74.4,,512,,4,,
cent_3f4d0f31c0ff,centralized,S1,mnist_working_point,anchor,,,E,,,mnist,mlp,mse,5,s_nm1,addition,adamw,97,200,3,quadratic,9.0,100,4000,5000,0.5,456,,,,,,,,,,,,,0,20000,100,0.0,0.001,0.1,90.0,200,200,100,300,-100.0,0,94.35999989509583,100.0,100.0,nan,True,False,20000.0,867.7,,512,,4,,
cent_40056e675fd0,centralized,T2,aggregation,exp2,,,E,cent_reduced,2,mnist,mlp,mse,5,s_nm1,addition,adamw,97,200,3,quadratic,9.0,100,1000,5000,0.5,123,,,,,,,,,,,,,800,80000,160,0.0,0.001,0.1,90.0,1760,1760,800,320,1440,0,92.69999861717224,100.0,100.0,nan,True,False,80000.0,1315.0,,512,,4,,
cent_40296d215610,centralized,X,d_alpha_high,tangent,,,D,,,s5,groknet,ce,5,s_nm1,addition,adamw,97,256,3,quadratic,1.0,0,1000,5000,0.575,42,,,,,,,,,,,,,0,40000,100,0.0,0.001,1.0,85.0,1100,1100,700,300,800.0,0,100.0,100.0,100.0,nan,True,False,40000.0,100.9,,512,,4,,
cent_4063a0778276,centralized,P1,cd_decay_band,decay,,,C,,,s5,transformer,ce,5,s_nm1,addition,adamw,97,256,3,quadratic,1.0,0,1000,5000,0.5,456,,,,,,,,,,,,,0,100000,50,0.0,0.001,0.01,85.0,inf,inf,inf,100,inf,0,2.083333395421505,100.0,100.0,nan,False,True,100000.0,2624.5,,512,,4,,
cent_40780dc7fb37,centralized,X,d_internals,tangent,,,D,,,s5,groknet,ce,5,s_nm1,addition,adamw,97,256,3,quadratic,1.0,0,1000,5000,0.275,456,,,,,,,,,,,,,500,150000,25,0.0,0.001,1.0,85.0,23600,23600,17150,225,23375.0,0,93.62069368362427,100.0,100.0,nan,True,False,150000.0,282.0,,512,,4,,
cent_4091bab2c95e,centralized,X,d_alpha_fine,tangent,,,D,,,s5,groknet,ce,5,s_nm1,addition,adamw,97,256,3,quadratic,1.0,0,1000,5000,0.425,789,,,,,,,,,,,,,0,40000,100,0.0,0.001,1.0,85.0,11300,11300,5000,300,11000.0,0,99.83091354370117,100.0,100.0,nan,True,False,40000.0,82.3,,512,,4,,
cent_40c663e81a74,centralized,S1,central_anchor,anchor,,,C,,,s5,transformer,ce,5,s_nm1,addition,adamw,97,128,3,quadratic,1.0,0,1000,5000,0.5,123,,,,,,,,,,,,,0,40000,100,0.0,0.001,1.0,85.0,9700,9700,9400,200,9500.0,0,100.0,100.0,100.0,nan,True,False,40000.0,989.5,,512,,4,,
cent_40d3d2ae064b,centralized,T2,aggregation,exp2,,,D,cent_full,,s5,groknet,ce,5,s_nm1,addition,adamw,97,256,3,quadratic,1.0,0,1000,5000,0.3,123,,,,,,,,,,,,,0,250000,500,0.0,0.001,1.0,85.0,21500,21500,15000,500,21000,0,96.94444537162781,100.0,100.0,nan,True,False,250000.0,284.4,,512,,4,,
cent_41dda392e3a2,centralized,X,d_internals,tangent,,,D,,,s5,groknet,ce,5,s_nm1,addition,adamw,97,256,3,quadratic,1.0,0,1000,5000,0.425,456,,,,,,,,,,,,,500,40000,25,0.0,0.001,1.0,85.0,11375,11375,5725,275,11100.0,0,99.51690435409546,100.0,100.0,nan,True,False,40000.0,92.1,,512,,4,,
cent_420c6d6d31a1,centralized,T2,aggregation,exp2,,,C,cent_reduced,20,s5,transformer,ce,5,s_nm1,addition,adamw,97,256,3,quadratic,1.0,0,1000,5000,0.02,456,,,,,,,,,,,,,4000,400000,800,0.0,0.001,1.0,85.0,inf,inf,inf,800,inf,0,0.538548780605197,100.0,100.0,nan,False,True,400000.0,1670.7,,512,,4,,
cent_423e3ebf3e1c,centralized,S1,central_anchor,anchor,,,C,,,s5,transformer,ce,5,s_nm1,addition,adamw,97,128,3,quadratic,1.0,0,1000,5000,0.3,42,,,,,,,,,,,,,0,40000,100,0.0,0.001,1.0,85.0,inf,inf,inf,200,inf,0,0.6349206436425447,100.0,100.0,nan,False,True,40000.0,334.6,,512,,4,,
cent_438de0f2a08d,centralized,X,d_internals,tangent,,,D,,,s5,groknet,ce,5,s_nm1,addition,adamw,97,256,3,quadratic,1.0,0,1000,5000,0.475,1011,,,,,,,,,,,,,500,40000,25,0.0,0.001,1.0,85.0,8625,8625,1175,275,8350.0,0,99.78836178779602,100.0,100.0,nan,True,False,40000.0,85.1,,512,,4,,
cent_43a0ee49f8e8,centralized,T2,aggregation,exp2,,,E,cent_reduced,5,mnist,mlp,mse,5,s_nm1,addition,adamw,97,200,3,quadratic,9.0,100,400,5000,0.5,42,,,,,,,,,,,,,800,80000,160,0.0,0.001,0.1,90.0,inf,inf,2240,320,inf,0,87.03999519348145,100.0,100.0,nan,False,True,80000.0,581.5,,512,,4,,
cent_44216102ecc3,centralized,X,d_alpha_high,tangent,,,D,,,s5,groknet,ce,5,s_nm1,addition,adamw,97,256,3,quadratic,1.0,0,1000,5000,1.0,456,,,,,,,,,,,,,0,40000,100,0.0,0.001,1.0,85.0,0,inf,inf,300,-300.0,0,nan,100.0,100.0,nan,True,False,40000.0,152.3,,512,,4,,
cent_442509bf3929,centralized,S1b,c_capacity,gate_a,,,C,,,s5,transformer,ce,5,s_nm1,addition,adamw,97,256,3,quadratic,1.0,0,1000,5000,0.5,456,,,,,,,,,,,,,0,100000,200,0.0,0.001,1.0,85.0,9000,9000,8400,200,8800.0,0,100.0,100.0,100.0,nan,True,False,100000.0,3234.1,,1024,,4,,
cent_4461ea9cad04,centralized,X,d_internals,tangent,,,D,,,s5,groknet,ce,5,s_nm1,addition,adamw,97,256,3,quadratic,1.0,0,1000,5000,0.45,456,,,,,,,,,,,,,500,40000,25,0.0,0.001,1.0,85.0,9650,9650,1350,275,9375.0,0,99.84849095344543,100.0,100.0,nan,True,False,40000.0,90.2,,512,,4,,
cent_45670e53ab97,centralized,X,d_wd_ladder,tangent,,,D,,,s5,groknet,ce,5,s_nm1,addition,adamw,97,256,3,quadratic,1.0,0,1000,5000,0.45,42,,,,,,,,,,,,,0,40000,25,0.0,0.001,3.0,85.0,2325,2325,700,325,2000,0,95.568186044693,100.0,100.0,nan,True,False,40000.0,62.8,,512,,4,,
cent_461f33726518,centralized,S1,central_anchor,anchor,,,D,,,s5,groknet,ce,5,s_nm1,addition,adamw,97,256,3,quadratic,1.0,0,1000,5000,0.5,789,,,,,,,,,,,,,0,40000,100,0.0,0.001,1.0,85.0,7500,7500,1000,300,7200.0,0,99.91666674613953,100.0,100.0,nan,True,False,40000.0,80.6,,512,,4,,
cent_46ab73b46e81,centralized,X,d_internals,tangent,,,D,,,s5,groknet,ce,5,s_nm1,addition,adamw,97,256,3,quadratic,1.0,0,1000,5000,0.4,1011,,,,,,,,,,,,,500,40000,25,0.0,0.001,1.0,85.0,12900,12900,6275,250,12650.0,0,99.27083253860474,100.0,100.0,nan,True,False,40000.0,84.4,,512,,4,,
cent_474c99381dd1,centralized,X,d_wd_ladder,tangent,,,D,,,s5,groknet,ce,5,s_nm1,addition,adamw,97,256,3,quadratic,1.0,0,1000,5000,0.45,42,,,,,,,,,,,,,0,40000,25,0.0,0.001,0.3,85.0,19525,19525,15275,250,19275,0,99.29293394088745,100.0,100.0,nan,True,False,40000.0,66.2,,512,,4,,
cent_47c375aab381,centralized,X,d_internals,tangent,,,D,,,s5,groknet,ce,5,s_nm1,addition,adamw,97,256,3,quadratic,1.0,0,1000,5000,0.525,1011,,,,,,,,,,,,,500,40000,25,0.0,0.001,1.0,85.0,6150,6150,850,275,5875.0,0,100.0,100.0,100.0,nan,True,False,40000.0,108.3,,512,,4,,
cent_48c5737a7d5f,centralized,T2,aggregation_alpha2,exp2,,,E,cent_full,,mnist,mlp,mse,5,s_nm1,addition,adamw,97,200,3,quadratic,9.0,100,4000,5000,0.5,123,,,,,,,,,,,,,0,40000,80,0.0,0.001,0.1,90.0,240,240,80,240,0,0,94.29999589920044,100.0,100.0,nan,True,False,40000.0,1757.1,,512,,4,,
cent_48ee4c309f5e,centralized,X,d_internals,tangent,,,D,,,s5,groknet,ce,5,s_nm1,addition,adamw,97,256,3,quadratic,1.0,0,1000,5000,0.3,456,,,,,,,,,,,,,500,40000,25,0.0,0.001,1.0,85.0,21300,21300,14350,250,21050.0,0,93.80952715873718,100.0,100.0,nan,True,False,40000.0,75.1,,512,,4,,
cent_49e26e3b88ef,centralized,P0,capacity,width,,,E,,,mnist,mlp,mse,5,s_nm1,addition,adamw,97,100,3,quadratic,9.0,100,2000,5000,0.5,123,,,,,,,,,,,,,0,20000,25,0.0,0.001,0.1,90.0,5600,3475,250,675,4925,14,90.67999720573425,100.0,100.0,nan,True,False,20000.0,331.8,,512,,4,,
cent_4aee2979e42c,centralized,S1b,c_capacity,gate_a,,,C,,,s5,transformer,ce,5,s_nm1,addition,adamw,97,128,3,quadratic,1.0,0,1000,5000,0.5,456,,,,,,,,,,,,,0,100000,200,0.0,0.001,1.0,85.0,60400,60400,58800,200,60200.0,0,100.0,100.0,100.0,nan,True,False,100000.0,1602.9,,512,,4,,
cent_4b0f48b01c41,centralized,X,d_wd_ladder,tangent,,,D,,,s5,groknet,ce,5,s_nm1,addition,adamw,97,256,3,quadratic,1.0,0,1000,5000,0.3,456,,,,,,,,,,,,,0,40000,25,0.0,0.001,1.0,85.0,21300,21300,14350,250,21050,0,93.80952715873718,100.0,100.0,nan,True,False,40000.0,60.4,,512,,4,,
cent_4b78663fee46,centralized,S1,mnist_working_point,anchor,,,E,,,mnist,mlp,mse,5,s_nm1,addition,adamw,97,200,3,quadratic,9.0,25,2000,5000,0.5,456,,,,,,,,,,,,,0,20000,100,0.0,0.001,0.1,90.0,200,200,100,100,100.0,0,92.23999977111816,99.9000072479248,100.0,nan,True,False,20000.0,1947.1,,512,,4,,
cent_4b9cee3f4e22,centralized,S1,mnist_working_point,anchor,,,E,,,mnist,mlp,mse,5,s_nm1,addition,adamw,97,200,3,quadratic,9.0,50,2000,5000,0.5,456,,,,,,,,,,,,,0,20000,100,0.0,0.001,0.1,90.0,400,400,200,200,200.0,0,92.11999773979187,100.0,100.0,nan,True,False,20000.0,842.9,,512,,4,,
cent_4ba7693ec9b2,centralized,X,d_wd_ladder,tangent,,,D,,,s5,groknet,ce,5,s_nm1,addition,adamw,97,256,3,quadratic,1.0,0,1000,5000,0.3,123,,,,,,,,,,,,,0,40000,25,0.0,0.001,0.1,85.0,inf,inf,inf,225,inf,0,12.321428954601288,100.0,100.0,nan,False,True,40000.0,74.8,,512,,4,,
cent_4d2dc1b3aeb1,centralized,X,d_alpha_high,tangent,,,D,,,s5,groknet,ce,5,s_nm1,addition,adamw,97,256,3,quadratic,1.0,0,1000,5000,0.8,123,,,,,,,,,,,,,0,40000,100,0.0,0.001,1.0,85.0,400,400,300,300,100.0,0,100.0,100.0,100.0,nan,True,False,40000.0,126.3,,512,,4,,
cent_4d9b6d2373af,centralized,X,d_internals,tangent,,,D,,,s5,groknet,ce,5,s_nm1,addition,adamw,97,256,3,quadratic,1.0,0,1000,5000,0.525,42,,,,,,,,,,,,,500,40000,25,0.0,0.001,1.0,85.0,5425,1700,800,275,5150.0,119,100.0,100.0,100.0,nan,True,False,40000.0,97.5,,512,,4,,
cent_4e52696d5c8a,centralized,S1b,c_capacity,gate_a,,,C,,,s5,transformer,ce,5,s_nm1,addition,adamw,97,256,3,quadratic,1.0,0,1000,5000,0.5,456,,,,,,,,,,,,,0,100000,200,0.0,0.001,1.0,85.0,11200,11200,10800,200,11000.0,0,100.0,100.0,100.0,nan,True,False,100000.0,3427.3,,512,,8,,
cent_4eba62287adb,centralized,X,d_alpha_high,tangent,,,D,,,s5,groknet,ce,5,s_nm1,addition,adamw,97,256,3,quadratic,1.0,0,1000,5000,0.625,456,,,,,,,,,,,,,0,40000,100,0.0,0.001,1.0,85.0,900,900,500,300,600.0,0,100.0,100.0,100.0,nan,True,False,40000.0,106.6,,512,,4,,
cent_4edf78d555c2,centralized,X,d_wd_ladder,tangent,,,D,,,s5,groknet,ce,5,s_nm1,addition,adamw,97,256,3,quadratic,1.0,0,1000,5000,0.55,42,,,,,,,,,,,,,0,40000,25,0.0,0.001,3.0,85.0,650,650,425,325,325,0,98.91975522041321,100.0,100.0,nan,True,False,40000.0,44.4,,512,,4,,
cent_4f261cd80f10,centralized,X,d_alpha_high,tangent,,,D,,,s5,groknet,ce,5,s_nm1,addition,adamw,97,256,3,quadratic,1.0,0,1000,5000,0.975,789,,,,,,,,,,,,,0,40000,100,0.0,0.001,1.0,85.0,300,300,200,300,0.0,0,100.0,100.0,100.0,nan,True,False,40000.0,148.1,,512,,4,,
cent_4f3db0cee12c,centralized,S1,central_anchor,anchor,,,C,,,s5,transformer,ce,5,s_nm1,addition,adamw,97,128,3,quadratic,1.0,0,1000,5000,0.3,789,,,,,,,,,,,,,0,40000,100,0.0,0.001,1.0,85.0,inf,inf,inf,200,inf,0,0.40674605406820774,100.0,100.0,nan,False,True,40000.0,620.6,,512,,4,,
cent_4f8b3728a0be,centralized,X,d_alpha_high,tangent,,,D,,,s5,groknet,ce,5,s_nm1,addition,adamw,97,256,3,quadratic,1.0,0,1000,5000,0.875,789,,,,,,,,,,,,,0,40000,100,0.0,0.001,1.0,85.0,400,400,300,300,100.0,0,100.0,99.99999403953552,99.99999403953552,nan,True,False,40000.0,139.4,,512,,4,,
cent_50775cf561aa,centralized,X,d_wd_ladder,tangent,,,D,,,s5,groknet,ce,5,s_nm1,addition,adamw,97,256,3,quadratic,1.0,0,1000,5000,0.45,42,,,,,,,,,,,,,0,40000,25,0.0,0.001,1.0,85.0,9950,9950,1450,275,9675,0,99.94949698448181,100.0,100.0,nan,True,False,40000.0,68.8,,512,,4,,
cent_51a48c0bd17f,centralized,S1,mnist_working_point,anchor,,,E,,,mnist,mlp,mse,5,s_nm1,addition,adamw,97,200,3,quadratic,9.0,50,1000,5000,0.5,456,,,,,,,,,,,,,0,20000,100,0.0,0.001,0.1,90.0,inf,900,400,200,inf,120,87.03999519348145,99.9000072479248,100.0,nan,False,True,20000.0,418.9,,512,,4,,
cent_51d634f46fd1,centralized,X,d_alpha_high,tangent,,,D,,,s5,groknet,ce,5,s_nm1,addition,adamw,97,256,3,quadratic,1.0,0,1000,5000,0.65,123,,,,,,,,,,,,,0,40000,100,0.0,0.001,1.0,85.0,700,700,400,300,400.0,0,100.0,100.0,100.0,nan,True,False,40000.0,109.4,,512,,4,,
cent_52c9305d9aa7,centralized,X,d_internals,tangent,,,D,,,s5,groknet,ce,5,s_nm1,addition,adamw,97,256,3,quadratic,1.0,0,1000,5000,0.25,123,,,,,,,,,,,,,500,150000,25,0.0,0.001,1.0,85.0,31975,31975,20500,225,31750.0,0,88.73147964477539,100.0,100.0,nan,True,False,150000.0,250.2,,512,,4,,
cent_52cbee1f4202,centralized,S1,central_anchor,anchor,,,E,,,mnist,mlp,mse,5,s_nm1,addition,adamw,97,200,3,quadratic,9.0,200,2000,5000,0.5,1011,,,,,,,,,,,,,0,20000,100,0.0,0.001,0.1,90.0,1600,1600,500,500,1100.0,0,94.35999989509583,100.0,100.0,nan,True,False,20000.0,222.8,,512,,4,,
cent_5471419a8859,centralized,X,d_alpha_high,tangent,,,D,,,s5,groknet,ce,5,s_nm1,addition,adamw,97,256,3,quadratic,1.0,0,1000,5000,0.725,1011,,,,,,,,,,,,,0,40000,100,0.0,0.001,1.0,85.0,600,600,400,300,300.0,0,100.0,100.0,100.0,nan,True,False,40000.0,114.2,,512,,4,,
cent_56dd86c888f5,centralized,P1,cd_decay_band,decay,,,C,,,s5,transformer,ce,5,s_nm1,addition,adamw,97,256,3,quadratic,1.0,0,1000,5000,0.5,456,,,,,,,,,,,,,0,100000,50,0.0,0.001,1.0,85.0,55800,5400,5000,150,55650,1,100.0,100.0,100.0,nan,True,False,100000.0,1295.5,,512,,4,,
cent_5740588df962,centralized,X,d_internals,tangent,,,D,,,s5,groknet,ce,5,s_nm1,addition,adamw,97,256,3,quadratic,1.0,0,1000,5000,0.45,789,,,,,,,,,,,,,500,40000,25,0.0,0.001,1.0,85.0,9500,9500,1450,275,9225.0,0,99.84849095344543,100.0,100.0,nan,True,False,40000.0,90.4,,512,,4,,
cent_5758c5deaec1,centralized,X,d_internals,tangent,,,D,,,s5,groknet,ce,5,s_nm1,addition,adamw,97,256,3,quadratic,1.0,0,1000,5000,0.325,789,,,,,,,,,,,,,500,40000,25,0.0,0.001,1.0,85.0,19475,19475,12450,250,19225.0,0,96.93415760993958,100.0,100.0,nan,True,False,40000.0,76.8,,512,,4,,
cent_57aa9f180840,centralized,S1,central_anchor,anchor,,,D,,,s5,groknet,ce,5,s_nm1,addition,adamw,97,256,3,quadratic,1.0,0,1000,5000,0.25,789,,,,,,,,,,,,,0,40000,100,0.0,0.001,1.0,85.0,38300,38300,21100,300,38000.0,0,85.33333539962769,100.0,100.0,nan,True,False,40000.0,56.3,,512,,4,,
cent_57f69ce52007,centralized,S1,mnist_working_point,anchor,,,E,,,mnist,mlp,mse,5,s_nm1,addition,adamw,97,200,3,quadratic,9.0,100,4000,5000,0.5,42,,,,,,,,,,,,,0,20000,100,0.0,0.001,0.1,90.0,200,200,100,300,-100.0,0,96.35999798774719,100.0,100.0,nan,True,False,20000.0,843.0,,512,,4,,
cent_58267b666d47,centralized,X,d_alpha_high,tangent,,,D,,,s5,groknet,ce,5,s_nm1,addition,adamw,97,256,3,quadratic,1.0,0,1000,5000,0.8,456,,,,,,,,,,,,,0,40000,100,0.0,0.001,1.0,85.0,500,500,300,300,200.0,0,100.0,100.0,100.0,nan,True,False,40000.0,127.6,,512,,4,,
cent_587d092438af,centralized,X,d_alpha_high,tangent,,,D,,,s5,groknet,ce,5,s_nm1,addition,adamw,97,256,3,quadratic,1.0,0,1000,5000,0.975,1011,,,,,,,,,,,,,0,40000,100,0.0,0.001,1.0,85.0,300,300,200,300,0.0,0,100.0,100.0,100.0,nan,True,False,40000.0,148.0,,512,,4,,
cent_589158f5b8f7,centralized,X,d_wd_ladder,tangent,,,D,,,s5,groknet,ce,5,s_nm1,addition,adamw,97,256,3,quadratic,1.0,0,1000,5000,0.3,123,,,,,,,,,,,,,0,40000,25,0.0,0.001,3.0,85.0,inf,inf,4875,275,inf,0,73.67063760757446,100.0,100.0,nan,False,True,40000.0,67.8,,512,,4,,
cent_58c7fb86e337,centralized,X,d_alpha_high,tangent,,,D,,,s5,groknet,ce,5,s_nm1,addition,adamw,97,256,3,quadratic,1.0,0,1000,5000,0.825,42,,,,,,,,,,,,,0,40000,100,0.0,0.001,1.0,85.0,400,400,300,300,100.0,0,100.0,99.99999403953552,99.99999403953552,nan,True,False,40000.0,127.3,,512,,4,,
cent_58e6fa50b41f,centralized,X,d_alpha_high,tangent,,,D,,,s5,groknet,ce,5,s_nm1,addition,adamw,97,256,3,quadratic,1.0,0,1000,5000,0.95,456,,,,,,,,,,,,,0,40000,100,0.0,0.001,1.0,85.0,300,300,200,300,0.0,0,100.0,100.0,100.0,nan,True,False,40000.0,147.3,,512,,4,,
cent_58f922570c1a,centralized,X,d_alpha_fine,tangent,,,D,,,s5,groknet,ce,5,s_nm1,addition,adamw,97,256,3,quadratic,1.0,0,1000,5000,0.475,456,,,,,,,,,,,,,0,40000,100,0.0,0.001,1.0,85.0,8400,8400,1200,300,8100.0,0,99.92063641548157,100.0,100.0,nan,True,False,40000.0,85.1,,512,,4,,
cent_59d1ff025838,centralized,P0,capacity,width,,,E,,,mnist,mlp,mse,5,s_nm1,addition,adamw,97,200,3,quadratic,9.0,100,2000,5000,0.5,42,,,,,,,,,,,,,0,20000,25,0.0,0.001,0.1,90.0,700,700,225,300,400,0,95.11999487876892,100.0,100.0,nan,True,False,20000.0,333.7,,512,,4,,
cent_59f65a1ece20,centralized,T2,aggregation,exp2,,,C,cent_reduced,50,s5,transformer,ce,5,s_nm1,addition,adamw,97,256,3,quadratic,1.0,0,1000,5000,0.008,42,,,,,,,,,,,,,4000,400000,800,0.0,0.001,1.0,85.0,inf,inf,inf,800,inf,0,0.44102207757532597,99.99999403953552,99.99999403953552,nan,False,True,400000.0,1774.4,,512,,4,,
cent_5b428020ab6b,centralized,P1,cd_decay_band,decay,,,D,,,s5,groknet,ce,5,s_nm1,addition,adamw,97,256,3,quadratic,1.0,0,1000,5000,0.3,456,,,,,,,,,,,,,0,100000,50,0.0,0.001,0.3,85.0,inf,inf,36750,250,inf,0,72.68849015235901,100.0,100.0,nan,False,True,100000.0,114.3,,512,,4,,
cent_5ba2c1762287,centralized,X,d_wd_ladder,tangent,,,D,,,s5,groknet,ce,5,s_nm1,addition,adamw,97,256,3,quadratic,1.0,0,1000,5000,0.55,42,,,,,,,,,,,,,0,40000,25,0.0,0.001,1.0,85.0,4150,1250,675,275,3875,34,100.0,100.0,100.0,nan,True,False,40000.0,70.9,,512,,4,,
cent_5c17fb355642,centralized,T2,aggregation,exp2,,,D,cent_reduced,2,s5,groknet,ce,5,s_nm1,addition,adamw,97,256,3,quadratic,1.0,0,1000,5000,0.15,456,,,,,,,,,,,,,5000,500000,1000,0.0,0.001,1.0,85.0,inf,inf,inf,1000,inf,0,11.919935047626495,100.0,100.0,nan,False,True,500000.0,757.0,,512,,4,,
cent_5c2452b30bea,centralized,P1,cd_decay_band,decay,,,C,,,s5,transformer,ce,5,s_nm1,addition,adamw,97,256,3,quadratic,1.0,0,1000,5000,0.5,123,,,,,,,,,,,,,0,100000,50,0.0,0.001,0.01,85.0,inf,inf,inf,100,inf,0,0.6944444496184587,100.0,100.0,nan,False,True,100000.0,2700.2,,512,,4,,
cent_5c715b0c6722,centralized,S1,central_anchor,anchor,,,D,,,s5,groknet,ce,5,s_nm1,addition,adamw,97,256,3,quadratic,1.0,0,1000,5000,0.25,456,,,,,,,,,,,,,0,40000,100,0.0,0.001,1.0,85.0,36200,36200,20900,300,35900.0,0,87.79629468917847,100.0,100.0,nan,True,False,40000.0,54.0,,512,,4,,
cent_5d024ae7d979,centralized,P1,d_gd_probe,optimiser,,,D,,,s5,groknet,mse,5,s_nm1,addition,gd,97,256,3,quadratic,1.0,0,1000,5000,0.5,456,,,,,,,,,,,,,0,50000,100,0.0,50.0,0.0,85.0,22500,22500,19100,15100,7400,0,99.98611211776733,100.0,100.0,nan,True,False,50000.0,33.2,,512,,4,,
cent_5d55be9aab88,centralized,X,d_wd_ladder,tangent,,,D,,,s5,groknet,ce,5,s_nm1,addition,adamw,97,256,3,quadratic,1.0,0,1000,5000,0.55,456,,,,,,,,,,,,,0,40000,25,0.0,0.001,3.0,85.0,625,625,425,325,300,0,99.19753670692444,100.0,100.0,nan,True,False,40000.0,74.0,,512,,4,,
cent_5e61b1434a2b,centralized,X,d_alpha_cliff,tangent,,,D,,,s5,groknet,ce,5,s_nm1,addition,adamw,97,256,3,quadratic,1.0,0,1000,5000,0.15,456,,,,,,,,,,,,,0,150000,200,0.0,0.001,1.0,85.0,inf,inf,inf,200,inf,0,6.9607846438884735,100.0,100.0,nan,False,True,150000.0,171.0,,512,,4,,
cent_600341da76fc,centralized,T2,aggregation,exp2,,,D,cent_reduced,10,s5,groknet,ce,5,s_nm1,addition,adamw,97,256,3,quadratic,1.0,0,1000,5000,0.03,456,,,,,,,,,,,,,5000,500000,1000,0.0,0.001,1.0,85.0,inf,inf,inf,1000,inf,0,0.07875143783167005,100.0,100.0,nan,False,True,500000.0,571.8,,512,,4,,
cent_600550da69f0,centralized,X,wd_zero,control,,,C,,,s5,transformer,ce,5,s_nm1,addition,adamw,97,256,3,quadratic,1.0,0,1000,5000,0.4,456,,,,,,,,,,,,,0,200000,400,0.0,0.001,0.0,85.0,inf,inf,inf,400,inf,0,0.35879628267139196,100.0,100.0,nan,False,True,200000.0,4141.1,,512,,4,,
cent_60499f3cec4a,centralized,X,d_alpha_cliff,tangent,,,D,,,s5,groknet,ce,5,s_nm1,addition,adamw,97,256,3,quadratic,1.0,0,1000,5000,0.15,789,,,,,,,,,,,,,0,150000,200,0.0,0.001,1.0,85.0,inf,inf,inf,200,inf,0,5.825163424015045,100.0,100.0,nan,False,True,150000.0,173.9,,512,,4,,
cent_607040fcb124,centralized,S1b,c_capacity,gate_a,,,C,,,s5,transformer,ce,5,s_nm1,addition,adamw,97,128,3,quadratic,1.0,0,1000,5000,0.5,456,,,,,,,,,,,,,0,100000,200,0.0,0.001,1.0,85.0,70000,32000,29400,200,69800.0,2,100.0,100.0,100.0,nan,True,False,100000.0,2386.8,,512,,8,,
cent_61295d91ff46,centralized,X,d_alpha_fine,tangent,,,D,,,s5,groknet,ce,5,s_nm1,addition,adamw,97,256,3,quadratic,1.0,0,1000,5000,0.35,123,,,,,,,,,,,,,0,40000,100,0.0,0.001,1.0,85.0,16700,16700,10000,300,16400.0,0,97.47863411903381,100.0,100.0,nan,True,False,40000.0,74.7,,512,,4,,
cent_614a5e4750f9,centralized,P1,cd_decay_band,decay,,,D,,,s5,groknet,ce,5,s_nm1,addition,adamw,97,256,3,quadratic,1.0,0,1000,5000,0.3,42,,,,,,,,,,,,,0,100000,50,0.0,0.001,0.01,85.0,inf,inf,inf,250,inf,0,1.2500000186264515,100.0,100.0,nan,False,True,100000.0,333.5,,512,,4,,
cent_61a664e499c5,centralized,X,d_internals,tangent,,,D,,,s5,groknet,ce,5,s_nm1,addition,adamw,97,256,3,quadratic,1.0,0,1000,5000,0.6,123,,,,,,,,,,,,,500,40000,25,0.0,0.001,1.0,85.0,1000,1000,550,275,725.0,0,99.9826431274414,100.0,100.0,nan,True,False,40000.0,56.0,,512,,4,,
cent_62a08d85af18,centralized,X,d_internals,tangent,,,D,,,s5,groknet,ce,5,s_nm1,addition,adamw,97,256,3,quadratic,1.0,0,1000,5000,0.325,123,,,,,,,,,,,,,500,40000,25,0.0,0.001,1.0,85.0,19450,19450,12700,250,19200.0,0,96.85184955596924,100.0,100.0,nan,True,False,40000.0,78.4,,512,,4,,
cent_63ff032e2ef3,centralized,X,d_alpha_fine,tangent,,,D,,,s5,groknet,ce,5,s_nm1,addition,adamw,97,256,3,quadratic,1.0,0,1000,5000,0.35,42,,,,,,,,,,,,,0,40000,100,0.0,0.001,1.0,85.0,16900,16900,10000,300,16600.0,0,98.46153855323792,100.0,100.0,nan,True,False,40000.0,72.6,,512,,4,,
cent_646c9357594a,centralized,T2,aggregation,exp2,,,D,cent_reduced,50,s5,groknet,ce,5,s_nm1,addition,adamw,97,256,3,quadratic,1.0,0,1000,5000,0.006,123,,,,,,,,,,,,,5000,500000,1000,0.0,0.001,1.0,85.0,inf,inf,inf,1000,inf,0,0.19561268854886293,100.0,100.0,nan,False,True,500000.0,558.8,,512,,4,,
cent_64a60371563f,centralized,X,d_internals,tangent,,,D,,,s5,groknet,ce,5,s_nm1,addition,adamw,97,256,3,quadratic,1.0,0,1000,5000,0.325,456,,,,,,,,,,,,,500,40000,25,0.0,0.001,1.0,85.0,17750,17750,12600,250,17500.0,0,98.24073910713196,100.0,100.0,nan,True,False,40000.0,77.0,,512,,4,,
cent_64f2a02b4460,centralized,X,d_internals,tangent,,,D,,,s5,groknet,ce,5,s_nm1,addition,adamw,97,256,3,quadratic,1.0,0,1000,5000,0.55,789,,,,,,,,,,,,,500,40000,25,0.0,0.001,1.0,85.0,3625,1425,725,275,3350.0,17,100.0,100.0,100.0,nan,True,False,40000.0,103.1,,512,,4,,
cent_650abccaabda,centralized,P0,c_alpha_w256,boundary,,,C,,,s5,transformer,ce,5,s_nm1,addition,adamw,97,256,3,quadratic,1.0,0,1000,5000,0.4,123,,,,,,,,,,,,,0,100000,50,0.0,0.001,1.0,85.0,63950,43500,42600,150,63800,1,100.0,100.0,100.0,nan,True,False,100000.0,2053.7,,512,,4,,
cent_663d3583b246,centralized,T2,aggregation,exp2,,,D,cent_full,,s5,groknet,ce,5,s_nm1,addition,adamw,97,256,3,quadratic,1.0,0,1000,5000,0.3,456,,,,,,,,,,,,,0,250000,500,0.0,0.001,1.0,85.0,21500,21500,14500,500,21000,0,94.84127163887024,100.0,100.0,nan,True,False,250000.0,293.0,,512,,4,,
cent_6691a1b84d60,centralized,T2,aggregation,exp2,,,E,cent_reduced,5,mnist,mlp,mse,5,s_nm1,addition,adamw,97,200,3,quadratic,9.0,100,400,5000,0.5,123,,,,,,,,,,,,,800,80000,160,0.0,0.001,0.1,90.0,inf,inf,2240,320,inf,0,86.4799976348877,100.0,100.0,nan,False,True,80000.0,544.6,,512,,4,,
cent_66ea0ef834e1,centralized,X,d_internals,tangent,,,D,,,s5,groknet,ce,5,s_nm1,addition,adamw,97,256,3,quadratic,1.0,0,1000,5000,0.425,123,,,,,,,,,,,,,500,40000,25,0.0,0.001,1.0,85.0,10750,10750,5875,275,10475.0,0,99.84299540519714,100.0,100.0,nan,True,False,40000.0,87.2,,512,,4,,
cent_6786f0bf409b,centralized,X,d_alpha_high,tangent,,,D,,,s5,groknet,ce,5,s_nm1,addition,adamw,97,256,3,quadratic,1.0,0,1000,5000,0.65,42,,,,,,,,,,,,,0,40000,100,0.0,0.001,1.0,85.0,800,800,400,300,500.0,0,100.0,100.0,100.0,nan,True,False,40000.0,109.7,,512,,4,,
cent_67b36f1fb8ce,centralized,P1,d_gd_probe,optimiser,,,D,,,s5,groknet,mse,5,s_nm1,addition,gd,97,256,3,quadratic,1.0,0,1000,5000,0.5,456,,,,,,,,,,,,,0,50000,100,0.0,5.0,0.0,85.0,inf,inf,inf,inf,inf,0,0.027777778450399637,39.95833396911621,39.95833396911621,nan,False,True,50000.0,66.8,,512,,4,,
cent_67c768416c4f,centralized,X,d_wd_ladder,tangent,,,D,,,s5,groknet,ce,5,s_nm1,addition,adamw,97,256,3,quadratic,1.0,0,1000,5000,0.55,456,,,,,,,,,,,,,0,40000,25,0.0,0.001,0.0,85.0,inf,inf,inf,250,inf,0,40.18518626689911,100.0,100.0,nan,False,True,40000.0,102.8,,512,,4,,
cent_68e2fa408295,centralized,X,d_alpha_high,tangent,,,D,,,s5,groknet,ce,5,s_nm1,addition,adamw,97,256,3,quadratic,1.0,0,1000,5000,0.625,123,,,,,,,,,,,,,0,40000,100,0.0,0.001,1.0,85.0,900,900,500,300,600.0,0,100.0,100.0,100.0,nan,True,False,40000.0,105.7,,512,,4,,
cent_692307b6b476,centralized,T2,aggregation,exp2,,,C,cent_full,,s5,transformer,ce,5,s_nm1,addition,adamw,97,256,3,quadratic,1.0,0,1000,5000,0.4,42,,,,,,,,,,,,,0,200000,400,0.0,0.001,1.0,85.0,111200,37600,36000,400,110800,1,99.97684955596924,100.0,100.0,nan,True,False,200000.0,2460.3,,512,,4,,
cent_693be319340b,centralized,T2,aggregation,exp2,,,C,cent_reduced,50,s5,transformer,ce,5,s_nm1,addition,adamw,97,256,3,quadratic,1.0,0,1000,5000,0.008,123,,,,,,,,,,,,,4000,400000,800,0.0,0.001,1.0,85.0,inf,inf,inf,800,inf,0,0.6300315260887146,99.99999403953552,99.99999403953552,nan,False,True,400000.0,1834.6,,512,,4,,
cent_69aed85ad77a,centralized,P1,cd_decay_band,decay,,,D,,,s5,groknet,ce,5,s_nm1,addition,adamw,97,256,3,quadratic,1.0,0,1000,5000,0.3,42,,,,,,,,,,,,,0,100000,50,0.0,0.001,1.0,85.0,19950,19950,14700,250,19700,0,97.72817492485046,100.0,100.0,nan,True,False,100000.0,116.5,,512,,4,,
cent_6a87317f7dd5,centralized,S1,central_anchor,anchor,,,C,,,s5,transformer,ce,5,s_nm1,addition,adamw,97,128,3,quadratic,1.0,0,1000,5000,0.15,123,,,,,,,,,,,,,0,40000,100,0.0,0.001,1.0,85.0,inf,inf,inf,200,inf,0,0.2614379161968827,100.0,100.0,nan,False,True,40000.0,331.4,,512,,4,,
cent_6ab626718615,centralized,X,d_wd_ladder,tangent,,,D,,,s5,groknet,ce,5,s_nm1,addition,adamw,97,256,3,quadratic,1.0,0,1000,5000,0.3,42,,,,,,,,,,,,,0,40000,25,0.0,0.001,1.0,85.0,19925,19925,14675,250,19675,0,97.02380895614624,100.0,100.0,nan,True,False,40000.0,66.3,,512,,4,,
cent_6ad557ee332d,centralized,X,d_alpha_fine,tangent,,,D,,,s5,groknet,ce,5,s_nm1,addition,adamw,97,256,3,quadratic,1.0,0,1000,5000,0.35,456,,,,,,,,,,,,,0,40000,100,0.0,0.001,1.0,85.0,16600,16600,10300,300,16300.0,0,97.6602554321289,100.0,100.0,nan,True,False,40000.0,74.4,,512,,4,,
cent_6aead928e846,centralized,X,d_internals,tangent,,,D,,,s5,groknet,ce,5,s_nm1,addition,adamw,97,256,3,quadratic,1.0,0,1000,5000,0.4,123,,,,,,,,,,,,,500,40000,25,0.0,0.001,1.0,85.0,11825,11825,6775,250,11575.0,0,99.79166388511658,100.0,100.0,nan,True,False,40000.0,76.4,,512,,4,,
cent_6aee14daa8f7,centralized,S1,central_anchor,anchor,,,D,,,s5,groknet,ce,5,s_nm1,addition,adamw,97,256,3,quadratic,1.0,0,1000,5000,0.4,42,,,,,,,,,,,,,0,40000,100,0.0,0.001,1.0,85.0,12000,12000,6800,300,11700.0,0,99.75694417953491,100.0,100.0,nan,True,False,40000.0,77.5,,512,,4,,
cent_6b3b69fd55e3,centralized,S1,central_anchor,anchor,,,C,,,s5,transformer,ce,5,s_nm1,addition,adamw,97,128,3,quadratic,1.0,0,1000,5000,0.15,456,,,,,,,,,,,,,0,40000,100,0.0,0.001,1.0,85.0,inf,inf,inf,200,inf,0,0.21241831127554178,100.0,100.0,nan,False,True,40000.0,333.1,,512,,4,,
cent_6b659296f8e7,centralized,X,d_internals,tangent,,,D,,,s5,groknet,ce,5,s_nm1,addition,adamw,97,256,3,quadratic,1.0,0,1000,5000,0.425,789,,,,,,,,,,,,,500,40000,25,0.0,0.001,1.0,85.0,11275,11275,5000,275,11000.0,0,99.83091354370117,100.0,100.0,nan,True,False,40000.0,91.9,,512,,4,,
cent_6c024aa1bd86,centralized,X,d_alpha_high,tangent,,,D,,,s5,groknet,ce,5,s_nm1,addition,adamw,97,256,3,quadratic,1.0,0,1000,5000,0.925,123,,,,,,,,,,,,,0,40000,100,0.0,0.001,1.0,85.0,300,300,300,300,0.0,0,100.0,100.0,100.0,nan,True,False,40000.0,142.2,,512,,4,,
cent_6c843e1dc76e,centralized,S1,central_anchor,anchor,,,D,,,s5,groknet,ce,5,s_nm1,addition,adamw,97,256,3,quadratic,1.0,0,1000,5000,0.15,42,,,,,,,,,,,,,0,40000,100,0.0,0.001,1.0,85.0,inf,inf,inf,200,inf,0,2.165032736957073,100.0,100.0,nan,False,True,40000.0,43.7,,512,,4,,
cent_6ce83edf1671,centralized,P1,cd_decay_band,decay,,,C,,,s5,transformer,ce,5,s_nm1,addition,adamw,97,256,3,quadratic,1.0,0,1000,5000,0.5,42,,,,,,,,,,,,,0,100000,50,0.0,0.001,0.01,85.0,inf,inf,inf,100,inf,0,0.7777777966111898,100.0,100.0,nan,False,True,100000.0,2703.8,,512,,4,,
cent_6d2dac11d3aa,centralized,S1,mnist_working_point,anchor,,,E,,,mnist,mlp,mse,5,s_nm1,addition,adamw,97,200,3,quadratic,9.0,25,1000,5000,0.5,42,,,,,,,,,,,,,0,20000,100,0.0,0.001,0.1,90.0,500,500,200,100,400.0,0,92.10000038146973,99.9000072479248,100.0,nan,True,False,20000.0,912.1,,512,,4,,
cent_6d2ff65f3ec0,centralized,X,d_internals,tangent,,,D,,,s5,groknet,ce,5,s_nm1,addition,adamw,97,256,3,quadratic,1.0,0,1000,5000,0.35,789,,,,,,,,,,,,,500,40000,25,0.0,0.001,1.0,85.0,16525,16525,10775,250,16275.0,0,98.93162250518799,100.0,100.0,nan,True,False,40000.0,79.9,,512,,4,,
cent_6dbed29b14ee,centralized,S1,central_anchor,anchor,,,C,,,s5,transformer,ce,5,s_nm1,addition,adamw,97,128,3,quadratic,1.0,0,1000,5000,0.3,1011,,,,,,,,,,,,,0,40000,100,0.0,0.001,1.0,85.0,inf,inf,inf,200,inf,0,0.6448412779718637,100.0,100.0,nan,False,True,40000.0,663.7,,512,,4,,
cent_6e86208fff74,centralized,S1,mnist_working_point,anchor,,,E,,,mnist,mlp,mse,5,s_nm1,addition,adamw,97,200,3,quadratic,9.0,50,4000,5000,0.5,123,,,,,,,,,,,,,0,20000,100,0.0,0.001,0.1,90.0,200,200,100,200,0.0,0,94.79999542236328,99.9750018119812,100.0,nan,True,False,20000.0,1879.8,,512,,4,,
cent_6f1ba836d1e7,centralized,X,d_internals,tangent,,,D,,,s5,groknet,ce,5,s_nm1,addition,adamw,97,256,3,quadratic,1.0,0,1000,5000,0.25,42,,,,,,,,,,,,,500,150000,25,0.0,0.001,1.0,85.0,29525,29525,19900,225,29300.0,0,90.08333086967468,100.0,100.0,nan,True,False,150000.0,250.3,,512,,4,,
cent_6f3b1df6b1da,centralized,X,d_alpha_fine,tangent,,,D,,,s5,groknet,ce,5,s_nm1,addition,adamw,97,256,3,quadratic,1.0,0,1000,5000,0.425,1011,,,,,,,,,,,,,0,40000,100,0.0,0.001,1.0,85.0,10500,10500,4600,300,10200.0,0,99.39613342285156,100.0,100.0,nan,True,False,40000.0,82.4,,512,,4,,
cent_6fbe5aba022e,centralized,S1,central_anchor,anchor,,,D,,,s5,groknet,ce,5,s_nm1,addition,adamw,97,256,3,quadratic,1.0,0,1000,5000,0.2,1011,,,,,,,,,,,,,0,40000,100,0.0,0.001,1.0,85.0,inf,inf,inf,200,inf,0,44.43576633930206,100.0,100.0,nan,False,True,40000.0,50.6,,512,,4,,
cent_6fc3e4a4a88b,centralized,X,d_alpha_high,tangent,,,D,,,s5,groknet,ce,5,s_nm1,addition,adamw,97,256,3,quadratic,1.0,0,1000,5000,0.6,1011,,,,,,,,,,,,,0,40000,100,0.0,0.001,1.0,85.0,1000,1000,600,300,700.0,0,99.9826431274414,100.0,100.0,nan,True,False,40000.0,105.5,,512,,4,,
cent_703572a5985d,centralized,X,d_internals,tangent,,,D,,,s5,groknet,ce,5,s_nm1,addition,adamw,97,256,3,quadratic,1.0,0,1000,5000,0.375,789,,,,,,,,,,,,,500,40000,25,0.0,0.001,1.0,85.0,13975,13975,8375,250,13725.0,0,98.31111431121826,100.0,100.0,nan,True,False,40000.0,86.6,,512,,4,,
cent_704b0a9fa23e,centralized,X,d_wd_ladder,tangent,,,D,,,s5,groknet,ce,5,s_nm1,addition,adamw,97,256,3,quadratic,1.0,0,1000,5000,0.45,123,,,,,,,,,,,,,0,40000,25,0.0,0.001,0.3,85.0,19500,19500,4025,250,19250,0,99.36869144439697,100.0,100.0,nan,True,False,40000.0,67.7,,512,,4,,
cent_71e5cf88671d,centralized,X,d_alpha_cliff,tangent,,,D,,,s5,groknet,ce,5,s_nm1,addition,adamw,97,256,3,quadratic,1.0,0,1000,5000,0.2,1011,,,,,,,,,,,,,0,150000,200,0.0,0.001,1.0,85.0,inf,inf,46000,200,inf,0,66.11979603767395,100.0,100.0,nan,False,True,150000.0,184.9,,512,,4,,
cent_72354fb71ba7,centralized,X,d_wd_ladder,tangent,,,D,,,s5,groknet,ce,5,s_nm1,addition,adamw,97,256,3,quadratic,1.0,0,1000,5000,0.3,42,,,,,,,,,,,,,0,40000,25,0.0,0.001,0.1,85.0,inf,inf,inf,225,inf,0,13.769841194152832,100.0,100.0,nan,False,True,40000.0,74.9,,512,,4,,
cent_727fd494b6fb,centralized,S1b,c_alpha,gate_a,,,C,,,s5,transformer,ce,5,s_nm1,addition,adamw,97,128,3,quadratic,1.0,0,1000,5000,0.7,789,,,,,,,,,,,,,0,100000,200,0.0,0.001,1.0,85.0,3000,3000,2600,200,2800.0,0,100.0,100.0,100.0,nan,True,False,100000.0,2211.0,,512,,4,,
cent_72bbb69b1e68,centralized,S1b,c_capacity,gate_a,,,C,,,s5,transformer,ce,5,s_nm1,addition,adamw,97,256,3,quadratic,1.0,0,1000,5000,0.5,42,,,,,,,,,,,,,0,100000,200,0.0,0.001,1.0,85.0,23400,23400,22800,200,23200.0,0,100.0,100.0,100.0,nan,True,False,100000.0,3218.4,,1024,,4,,
cent_72fab2c7a99c,centralized,X,d_alpha_fine,tangent,,,D,,,s5,groknet,ce,5,s_nm1,addition,adamw,97,256,3,quadratic,1.0,0,1000,5000,0.375,789,,,,,,,,,,,,,0,40000,100,0.0,0.001,1.0,85.0,14000,14000,8400,300,13700.0,0,98.31111431121826,100.0,100.0,nan,True,False,40000.0,73.0,,512,,4,,
cent_731271e240c6,centralized,S1b,c_capacity,gate_a,,,C,,,s5,transformer,ce,5,s_nm1,addition,adamw,97,256,3,quadratic,1.0,0,1000,5000,0.5,42,,,,,,,,,,,,,0,100000,200,0.0,0.001,1.0,85.0,19000,19000,18400,200,18800.0,0,100.0,100.0,100.0,nan,True,False,100000.0,3445.3,,1024,,8,,
cent_736d65574a14,centralized,P1,cd_decay_band,decay,,,C,,,s5,transformer,ce,5,s_nm1,addition,adamw,97,256,3,quadratic,1.0,0,1000,5000,0.5,42,,,,,,,,,,,,,0,100000,50,0.0,0.001,1.0,85.0,59350,15150,14400,100,59250,2,100.0,100.0,100.0,nan,True,False,100000.0,2618.0,,512,,4,,
cent_73991997bde6,centralized,X,d_alpha_cliff,tangent,,,D,,,s5,groknet,ce,5,s_nm1,addition,adamw,97,256,3,quadratic,1.0,0,1000,5000,0.225,789,,,,,,,,,,,,,0,150000,200,0.0,0.001,1.0,85.0,inf,inf,24600,200,inf,0,79.27418947219849,100.0,100.0,nan,False,True,150000.0,125.5,,512,,4,,
cent_75538f9fd66b,centralized,X,d_internals,tangent,,,D,,,s5,groknet,ce,5,s_nm1,addition,adamw,97,256,3,quadratic,1.0,0,1000,5000,0.3,123,,,,,,,,,,,,,500,40000,25,0.0,0.001,1.0,85.0,21475,21475,14750,250,21225.0,0,96.33928537368774,100.0,100.0,nan,True,False,40000.0,75.6,,512,,4,,
cent_75ab2e608e49,centralized,S1,central_anchor,anchor,,,D,,,s5,groknet,ce,5,s_nm1,addition,adamw,97,256,3,quadratic,1.0,0,1000,5000,0.2,789,,,,,,,,,,,,,0,40000,100,0.0,0.001,1.0,85.0,inf,inf,inf,200,inf,0,42.916667461395264,100.0,100.0,nan,False,True,40000.0,49.6,,512,,4,,
cent_75f35ec27fe2,centralized,X,d_alpha_high,tangent,,,D,,,s5,groknet,ce,5,s_nm1,addition,adamw,97,256,3,quadratic,1.0,0,1000,5000,0.7,123,,,,,,,,,,,,,0,40000,100,0.0,0.001,1.0,85.0,600,600,400,300,300.0,0,100.0,100.0,100.0,nan,True,False,40000.0,114.4,,512,,4,,
cent_784dee08bc27,centralized,X,d_alpha_high,tangent,,,D,,,s5,groknet,ce,5,s_nm1,addition,adamw,97,256,3,quadratic,1.0,0,1000,5000,0.7,42,,,,,,,,,,,,,0,40000,100,0.0,0.001,1.0,85.0,600,600,400,300,300.0,0,100.0,100.0,100.0,nan,True,False,40000.0,110.3,,512,,4,,
cent_785c700dc164,centralized,T2,aggregation,exp2,,,C,cent_reduced,10,s5,transformer,ce,5,s_nm1,addition,adamw,97,256,3,quadratic,1.0,0,1000,5000,0.04,123,,,,,,,,,,,,,4000,400000,800,0.0,0.001,1.0,85.0,inf,inf,inf,800,inf,0,0.44126156717538834,100.0,100.0,nan,False,True,400000.0,1796.3,,512,,4,,
cent_787a41b95e21,centralized,X,d_alpha_fine,tangent,,,D,,,s5,groknet,ce,5,s_nm1,addition,adamw,97,256,3,quadratic,1.0,0,1000,5000,0.425,123,,,,,,,,,,,,,0,40000,100,0.0,0.001,1.0,85.0,10800,10800,5900,300,10500.0,0,99.84299540519714,100.0,100.0,nan,True,False,40000.0,78.3,,512,,4,,
cent_791c45d6431f,centralized,T2,aggregation,exp2,,,C,cent_reduced,5,s5,transformer,ce,5,s_nm1,addition,adamw,97,256,3,quadratic,1.0,0,1000,5000,0.08,42,,,,,,,,,,,,,4000,400000,800,0.0,0.001,1.0,85.0,inf,inf,inf,800,inf,0,0.3925120923668146,100.0,100.0,nan,False,True,400000.0,2149.1,,512,,4,,
cent_798f615c0f73,centralized,X,d_alpha_high,tangent,,,D,,,s5,groknet,ce,5,s_nm1,addition,adamw,97,256,3,quadratic,1.0,0,1000,5000,0.8,789,,,,,,,,,,,,,0,40000,100,0.0,0.001,1.0,85.0,400,400,300,300,100.0,0,100.0,100.0,100.0,nan,True,False,40000.0,127.9,,512,,4,,
cent_7a0e689c5bf5,centralized,X,d_alpha_high,tangent,,,D,,,s5,groknet,ce,5,s_nm1,addition,adamw,97,256,3,quadratic,1.0,0,1000,5000,0.575,1011,,,,,,,,,,,,,0,40000,100,0.0,0.001,1.0,85.0,1100,1100,600,300,800.0,0,99.98366236686707,100.0,100.0,nan,True,False,40000.0,99.2,,512,,4,,
cent_7a41d101bcef,centralized,X,d_alpha_high,tangent,,,D,,,s5,groknet,ce,5,s_nm1,addition,adamw,97,256,3,quadratic,1.0,0,1000,5000,0.6,789,,,,,,,,,,,,,0,40000,100,0.0,0.001,1.0,85.0,1000,1000,600,300,700.0,0,100.0,100.0,100.0,nan,True,False,40000.0,105.1,,512,,4,,
cent_7a8c4c3f7aff,centralized,T2,aggregation,exp2,,,E,cent_full,,mnist,mlp,mse,5,s_nm1,addition,adamw,97,200,3,quadratic,9.0,100,2000,5000,0.5,123,,,,,,,,,,,,,0,40000,80,0.0,0.001,0.1,90.0,800,800,240,320,480,0,92.29999780654907,100.0,100.0,nan,True,False,40000.0,968.0,,512,,4,,
cent_7b522ef05e53,centralized,S1,central_anchor,anchor,,,C,,,s5,transformer,ce,5,s_nm1,addition,adamw,97,128,3,quadratic,1.0,0,1000,5000,0.15,789,,,,,,,,,,,,,0,40000,100,0.0,0.001,1.0,85.0,inf,inf,inf,200,inf,0,0.29411765281111,100.0,100.0,nan,False,True,40000.0,333.7,,512,,4,,
cent_7c0d2b551704,centralized,T2,aggregation,exp2,,,E,cent_reduced,20,mnist,mlp,mse,5,s_nm1,addition,adamw,97,200,3,quadratic,9.0,100,100,5000,0.5,123,,,,,,,,,,,,,800,80000,160,0.0,0.001,0.1,90.0,inf,inf,12160,320,inf,0,69.59999799728394,100.0,100.0,nan,False,True,80000.0,173.3,,512,,4,,
cent_7c4b96a53642,centralized,S1,mnist_working_point,anchor,,,E,,,mnist,mlp,mse,5,s_nm1,addition,adamw,97,200,3,quadratic,9.0,100,2000,5000,0.5,456,,,,,,,,,,,,,0,20000,100,0.0,0.001,0.1,90.0,800,800,300,300,500.0,0,94.57999467849731,100.0,100.0,nan,True,False,20000.0,420.7,,512,,4,,
cent_7c54733255d3,centralized,S1,central_anchor,anchor,,,D,,,s5,groknet,ce,5,s_nm1,addition,adamw,97,256,3,quadratic,1.0,0,1000,5000,0.15,123,,,,,,,,,,,,,0,40000,100,0.0,0.001,1.0,85.0,inf,inf,inf,200,inf,0,2.2794118151068687,100.0,100.0,nan,False,True,40000.0,45.4,,512,,4,,
cent_7c7c46f449ec,centralized,X,d_alpha_high,tangent,,,D,,,s5,groknet,ce,5,s_nm1,addition,adamw,97,256,3,quadratic,1.0,0,1000,5000,0.725,789,,,,,,,,,,,,,0,40000,100,0.0,0.001,1.0,85.0,600,600,300,300,300.0,0,100.0,100.0,100.0,nan,True,False,40000.0,114.2,,512,,4,,
cent_7cabca4af32e,centralized,X,d_wd_ladder,tangent,,,D,,,s5,groknet,ce,5,s_nm1,addition,adamw,97,256,3,quadratic,1.0,0,1000,5000,0.55,42,,,,,,,,,,,,,0,40000,25,0.0,0.001,0.0,85.0,inf,inf,inf,250,inf,0,42.56173074245453,100.0,100.0,nan,False,True,40000.0,102.7,,512,,4,,
cent_7cbe7cab72ae,centralized,X,d_internals,tangent,,,D,,,s5,groknet,ce,5,s_nm1,addition,adamw,97,256,3,quadratic,1.0,0,1000,5000,0.45,123,,,,,,,,,,,,,500,40000,25,0.0,0.001,1.0,85.0,9075,9075,1325,275,8800.0,0,99.89899396896362,100.0,100.0,nan,True,False,40000.0,81.9,,512,,4,,
cent_7cfad9986222,centralized,X,d_alpha_high,tangent,,,D,,,s5,groknet,ce,5,s_nm1,addition,adamw,97,256,3,quadratic,1.0,0,1000,5000,0.825,1011,,,,,,,,,,,,,0,40000,100,0.0,0.001,1.0,85.0,400,400,300,300,100.0,0,100.0,99.99999403953552,99.99999403953552,nan,True,False,40000.0,131.0,,512,,4,,
cent_7d569ff20f66,centralized,X,d_alpha_fine,tangent,,,D,,,s5,groknet,ce,5,s_nm1,addition,adamw,97,256,3,quadratic,1.0,0,1000,5000,0.425,456,,,,,,,,,,,,,0,40000,100,0.0,0.001,1.0,85.0,11400,11400,5800,300,11100.0,0,99.51690435409546,100.0,100.0,nan,True,False,40000.0,78.0,,512,,4,,
cent_7e160470dc60,centralized,X,d_alpha_high,tangent,,,D,,,s5,groknet,ce,5,s_nm1,addition,adamw,97,256,3,quadratic,1.0,0,1000,5000,0.925,1011,,,,,,,,,,,,,0,40000,100,0.0,0.001,1.0,85.0,300,300,200,300,0.0,0,100.0,100.0,100.0,nan,True,False,40000.0,141.8,,512,,4,,
cent_7e4bf4fc8fe1,centralized,S1b,c_capacity,gate_a,,,C,,,s5,transformer,ce,5,s_nm1,addition,adamw,97,128,3,quadratic,1.0,0,1000,5000,0.5,42,,,,,,,,,,,,,0,100000,200,0.0,0.001,1.0,85.0,20000,20000,19400,200,19800.0,0,100.0,100.0,100.0,nan,True,False,100000.0,1586.5,,512,,4,,
cent_7f47635a8073,centralized,X,d_alpha_fine,tangent,,,D,,,s5,groknet,ce,5,s_nm1,addition,adamw,97,256,3,quadratic,1.0,0,1000,5000,0.525,42,,,,,,,,,,,,,0,40000,100,0.0,0.001,1.0,85.0,5500,1700,800,300,5200.0,30,100.0,100.0,100.0,nan,True,False,40000.0,87.8,,512,,4,,
cent_80686a09c490,centralized,X,d_internals,tangent,,,D,,,s5,groknet,ce,5,s_nm1,addition,adamw,97,256,3,quadratic,1.0,0,1000,5000,0.275,123,,,,,,,,,,,,,500,150000,25,0.0,0.001,1.0,85.0,23125,23125,18175,225,22900.0,0,94.54023241996765,100.0,100.0,nan,True,False,150000.0,281.9,,512,,4,,
cent_809cd4c6249d,centralized,X,d_lr_control,tangent,,,D,,,s5,groknet,ce,5,s_nm1,addition,adamw,97,256,3,quadratic,1.0,0,1000,5000,0.45,42,,,,,,,,,,,,,0,60000,25,0.0,0.004,0.25,85.0,16475,16475,13775,100,16375,0,99.86111521720886,100.0,100.0,nan,True,False,60000.0,104.6,,512,,4,,
cent_81982c40f8db,centralized,T2,aggregation,exp2,,,C,cent_reduced,5,s5,transformer,ce,5,s_nm1,addition,adamw,97,256,3,quadratic,1.0,0,1000,5000,0.08,123,,,,,,,,,,,,,4000,400000,800,0.0,0.001,1.0,85.0,inf,inf,inf,800,inf,0,0.30193235725164413,100.0,100.0,nan,False,True,400000.0,2214.9,,512,,4,,
cent_81a58d9ee3bf,centralized,X,d_alpha_fine,tangent,,,D,,,s5,groknet,ce,5,s_nm1,addition,adamw,97,256,3,quadratic,1.0,0,1000,5000,0.375,456,,,,,,,,,,,,,0,40000,100,0.0,0.001,1.0,85.0,14500,14500,8700,300,14200.0,0,99.42222237586975,100.0,100.0,nan,True,False,40000.0,73.6,,512,,4,,
cent_81b0cc40271b,centralized,T2,aggregation,exp2,,,C,cent_reduced,10,s5,transformer,ce,5,s_nm1,addition,adamw,97,256,3,quadratic,1.0,0,1000,5000,0.04,456,,,,,,,,,,,,,4000,400000,800,0.0,0.001,1.0,85.0,inf,inf,inf,800,inf,0,0.29658565763384104,100.0,100.0,nan,False,True,400000.0,1743.4,,512,,4,,
cent_81caa2477c2d,centralized,P0,c_alpha_w256,boundary,,,C,,,s5,transformer,ce,5,s_nm1,addition,adamw,97,256,3,quadratic,1.0,0,1000,5000,0.25,42,,,,,,,,,,,,,0,100000,50,0.0,0.001,1.0,85.0,inf,inf,inf,100,inf,0,0.47222222201526165,100.0,100.0,nan,False,True,100000.0,1340.3,,512,,4,,
cent_82f0d0828133,centralized,X,d_alpha_high,tangent,,,D,,,s5,groknet,ce,5,s_nm1,addition,adamw,97,256,3,quadratic,1.0,0,1000,5000,0.9,1011,,,,,,,,,,,,,0,40000,100,0.0,0.001,1.0,85.0,300,300,300,300,0.0,0,100.0,100.0,100.0,nan,True,False,40000.0,142.2,,512,,4,,
cent_831aef9f3459,centralized,X,d_alpha_fine,tangent,,,D,,,s5,groknet,ce,5,s_nm1,addition,adamw,97,256,3,quadratic,1.0,0,1000,5000,0.475,42,,,,,,,,,,,,,0,40000,100,0.0,0.001,1.0,85.0,7700,7700,1100,300,7400.0,0,99.97354745864868,100.0,100.0,nan,True,False,40000.0,83.6,,512,,4,,
cent_83532ec889eb,centralized,X,d_alpha_fine,tangent,,,D,,,s5,groknet,ce,5,s_nm1,addition,adamw,97,256,3,quadratic,1.0,0,1000,5000,0.55,456,,,,,,,,,,,,,0,40000,100,0.0,0.001,1.0,85.0,4100,1300,700,300,3800.0,10,100.0,100.0,100.0,nan,True,False,40000.0,95.1,,512,,4,,
cent_837dfcba7859,centralized,P1,d_gd_probe,optimiser,,,D,,,s5,groknet,mse,5,s_nm1,addition,gd,97,256,3,quadratic,1.0,0,1000,5000,0.5,42,,,,,,,,,,,,,0,50000,100,0.0,50.0,0.0,85.0,23200,23200,19500,15200,8000,0,99.94444847106934,100.0,100.0,nan,True,False,50000.0,67.8,,512,,4,,
cent_8488efe78358,centralized,X,d_alpha_fine,tangent,,,D,,,s5,groknet,ce,5,s_nm1,addition,adamw,97,256,3,quadratic,1.0,0,1000,5000,0.525,1011,,,,,,,,,,,,,0,40000,100,0.0,0.001,1.0,85.0,6200,6200,900,300,5900.0,0,100.0,100.0,100.0,nan,True,False,40000.0,96.2,,512,,4,,
cent_84c2a7072f9e,centralized,T0,mnist_wd_band,mnist,,,,,,mnist,mlp,mse,5,s_nm1,addition,adamw,97,200,3,quadratic,9.0,200,1000,5000,0.5,456,,,,,,,,,,,,,0,20000,100,0.0,0.001,0.03,90.0,12200,9700,3300,600,11600.0,17,91.07999801635742,100.0,100.0,nan,True,False,20000.0,94.7,,512,,4,,
cent_856404311acb,centralized,X,d_lr_control,tangent,,,D,,,s5,groknet,ce,5,s_nm1,addition,adamw,97,256,3,quadratic,1.0,0,1000,5000,0.55,456,,,,,,,,,,,,,0,60000,25,0.0,0.004,0.25,85.0,13100,13100,700,100,13000,0,100.0,100.0,100.0,nan,True,False,60000.0,113.9,,512,,4,,
cent_857985177420,centralized,S1,mnist_working_point,anchor,,,E,,,mnist,mlp,mse,5,s_nm1,addition,adamw,97,200,3,quadratic,9.0,200,4000,5000,0.5,123,,,,,,,,,,,,,0,20000,100,0.0,0.001,0.1,90.0,800,800,200,500,300.0,0,94.93999481201172,100.0,100.0,nan,True,False,20000.0,423.0,,512,,4,,
cent_85799e2f7c71,centralized,X,d_wd_ladder,tangent,,,D,,,s5,groknet,ce,5,s_nm1,addition,adamw,97,256,3,quadratic,1.0,0,1000,5000,0.3,123,,,,,,,,,,,,,0,40000,25,0.0,0.001,0.3,85.0,inf,inf,33875,225,inf,0,59.83135104179382,100.0,100.0,nan,False,True,40000.0,62.6,,512,,4,,
cent_858cbe57dbfb,centralized,S1b,c_capacity,gate_a,,,C,,,s5,transformer,ce,5,s_nm1,addition,adamw,97,128,3,quadratic,1.0,0,1000,5000,0.5,456,,,,,,,,,,,,,0,100000,200,0.0,0.001,1.0,85.0,64200,20400,19800,200,64000.0,1,100.0,100.0,100.0,nan,True,False,100000.0,1992.4,,1024,,4,,
cent_865f15936e5c,centralized,S1,central_anchor,anchor,,,D,,,s5,groknet,ce,5,s_nm1,addition,adamw,97,256,3,quadratic,1.0,0,1000,5000,0.15,456,,,,,,,,,,,,,0,40000,100,0.0,0.001,1.0,85.0,inf,inf,inf,200,inf,0,2.2957516834139824,100.0,100.0,nan,False,True,40000.0,45.4,,512,,4,,
cent_86d6343243d8,centralized,X,d_internals,tangent,,,D,,,s5,groknet,ce,5,s_nm1,addition,adamw,97,256,3,quadratic,1.0,0,1000,5000,0.575,789,,,,,,,,,,,,,500,40000,25,0.0,0.001,1.0,85.0,1175,1175,650,275,900.0,0,99.98366236686707,100.0,100.0,nan,True,False,40000.0,112.0,,512,,4,,
cent_877944544688,centralized,X,d_wd_ladder,tangent,,,D,,,s5,groknet,ce,5,s_nm1,addition,adamw,97,256,3,quadratic,1.0,0,1000,5000,0.3,456,,,,,,,,,,,,,0,40000,25,0.0,0.001,0.3,85.0,inf,inf,36750,225,inf,0,55.545634031295776,100.0,100.0,nan,False,True,40000.0,67.0,,512,,4,,
cent_878f2de7f3ab,centralized,X,d_alpha_high,tangent,,,D,,,s5,groknet,ce,5,s_nm1,addition,adamw,97,256,3,quadratic,1.0,0,1000,5000,0.775,456,,,,,,,,,,,,,0,40000,100,0.0,0.001,1.0,85.0,500,500,300,300,200.0,0,100.0,99.99999403953552,99.99999403953552,nan,True,False,40000.0,115.6,,512,,4,,
cent_878f4e283e5a,centralized,S1,mnist_working_point,anchor,,,E,,,mnist,mlp,mse,5,s_nm1,addition,adamw,97,200,3,quadratic,9.0,100,1000,5000,0.5,42,,,,,,,,,,,,,0,20000,100,0.0,0.001,0.1,90.0,1800,1800,700,300,1500.0,0,92.59999990463257,100.0,100.0,nan,True,False,20000.0,222.5,,512,,4,,
cent_87f5b23fcaa5,centralized,X,d_wd_ladder,tangent,,,D,,,s5,groknet,ce,5,s_nm1,addition,adamw,97,256,3,quadratic,1.0,0,1000,5000,0.55,456,,,,,,,,,,,,,0,40000,25,0.0,0.001,1.0,85.0,4275,1300,700,275,4000,39,100.0,100.0,100.0,nan,True,False,40000.0,67.9,,512,,4,,
cent_884f70075b11,centralized,T2,aggregation,exp2,,,E,cent_reduced,20,mnist,mlp,mse,5,s_nm1,addition,adamw,97,200,3,quadratic,9.0,100,100,5000,0.5,42,,,,,,,,,,,,,800,80000,160,0.0,0.001,0.1,90.0,inf,inf,11680,320,inf,0,73.53999614715576,100.0,100.0,nan,False,True,80000.0,168.7,,512,,4,,
cent_888fc127ff8f,centralized,X,d_alpha_cliff,tangent,,,D,,,s5,groknet,ce,5,s_nm1,addition,adamw,97,256,3,quadratic,1.0,0,1000,5000,0.175,456,,,,,,,,,,,,,0,150000,200,0.0,0.001,1.0,85.0,inf,inf,inf,200,inf,0,38.41750621795654,100.0,100.0,nan,False,True,150000.0,185.3,,512,,4,,
cent_889567bbc1b2,centralized,T2,aggregation,exp2,,,E,cent_reduced,10,mnist,mlp,mse,5,s_nm1,addition,adamw,97,200,3,quadratic,9.0,100,200,5000,0.5,123,,,,,,,,,,,,,800,80000,160,0.0,0.001,0.1,90.0,inf,inf,5280,320,inf,0,81.8399965763092,100.0,100.0,nan,False,True,80000.0,290.8,,512,,4,,
cent_88abc173e696,centralized,S1,mnist_working_point,anchor,,,E,,,mnist,mlp,mse,5,s_nm1,addition,adamw,97,200,3,quadratic,9.0,50,1000,5000,0.5,123,,,,,,,,,,,,,0,20000,100,0.0,0.001,0.1,90.0,inf,800,400,200,inf,146,87.3799979686737,100.0,100.0,nan,False,True,20000.0,426.4,,512,,4,,
cent_88f6c8ba6ba8,centralized,X,d_alpha_fine,tangent,,,D,,,s5,groknet,ce,5,s_nm1,addition,adamw,97,256,3,quadratic,1.0,0,1000,5000,0.325,1011,,,,,,,,,,,,,0,40000,100,0.0,0.001,1.0,85.0,19300,19300,11800,300,19000.0,0,96.55349850654602,100.0,100.0,nan,True,False,40000.0,73.1,,512,,4,,
cent_899384c25bde,centralized,S1,central_anchor,anchor,,,C,,,s5,transformer,ce,5,s_nm1,addition,adamw,97,128,3,quadratic,1.0,0,1000,5000,0.5,456,,,,,,,,,,,,,0,40000,100,0.0,0.001,1.0,85.0,inf,inf,inf,200,inf,0,3.7361111491918564,100.0,100.0,nan,False,True,40000.0,976.1,,512,,4,,
cent_89997655cbac,centralized,S1,mnist_working_point,anchor,,,E,,,mnist,mlp,mse,5,s_nm1,addition,adamw,97,200,3,quadratic,9.0,100,2000,5000,0.5,123,,,,,,,,,,,,,0,20000,100,0.0,0.001,0.1,90.0,800,800,300,300,500.0,0,92.10000038146973,100.0,100.0,nan,True,False,20000.0,427.5,,512,,4,,
cent_8a4aa9342c32,centralized,S1,central_anchor,anchor,,,D,,,s5,groknet,ce,5,s_nm1,addition,adamw,97,256,3,quadratic,1.0,0,1000,5000,0.2,456,,,,,,,,,,,,,0,40000,100,0.0,0.001,1.0,85.0,inf,inf,inf,200,inf,0,47.52604365348816,100.0,100.0,nan,False,True,40000.0,49.8,,512,,4,,
cent_8a4f68d2cc40,centralized,X,wd_zero,control,,,C,,,s5,transformer,ce,5,s_nm1,addition,adamw,97,256,3,quadratic,1.0,0,1000,5000,0.4,123,,,,,,,,,,,,,0,200000,400,0.0,0.001,0.0,85.0,inf,inf,inf,400,inf,0,0.416666641831398,100.0,100.0,nan,False,True,200000.0,4141.1,,512,,4,,
cent_8b47f62f51d4,centralized,T2,aggregation,exp2,,,D,cent_reduced,2,s5,groknet,ce,5,s_nm1,addition,adamw,97,256,3,quadratic,1.0,0,1000,5000,0.15,42,,,,,,,,,,,,,5000,500000,1000,0.0,0.001,1.0,85.0,inf,inf,inf,1000,inf,0,9.59150344133377,100.0,100.0,nan,False,True,500000.0,775.1,,512,,4,,
cent_8bdf583e7d6d,centralized,P0,capacity,width,,,E,,,mnist,mlp,mse,5,s_nm1,addition,adamw,97,100,3,quadratic,9.0,100,2000,5000,0.5,456,,,,,,,,,,,,,0,20000,25,0.0,0.001,0.1,90.0,5625,2575,200,650,4975,45,91.51999950408936,99.9500036239624,99.9500036239624,nan,True,False,20000.0,323.2,,512,,4,,
cent_8c141278a9e8,centralized,X,d_lr_control,tangent,,,D,,,s5,groknet,ce,5,s_nm1,addition,adamw,97,256,3,quadratic,1.0,0,1000,5000,0.55,123,,,,,,,,,,,,,0,60000,25,0.0,0.00025,4.0,85.0,2025,2025,1225,1200,825,0,99.9382734298706,99.98737573623657,100.0,nan,True,False,60000.0,115.3,,512,,4,,
cent_8c21fc068b2c,centralized,T2,aggregation,exp2,,,D,cent_reduced,50,s5,groknet,ce,5,s_nm1,addition,adamw,97,256,3,quadratic,1.0,0,1000,5000,0.006,42,,,,,,,,,,,,,5000,500000,1000,0.0,0.001,1.0,85.0,inf,inf,inf,1000,inf,0,0.2095850184559822,100.0,100.0,nan,False,True,500000.0,592.2,,512,,4,,
cent_8c547aa1fd47,centralized,X,d_internals,tangent,,,D,,,s5,groknet,ce,5,s_nm1,addition,adamw,97,256,3,quadratic,1.0,0,1000,5000,0.4,789,,,,,,,,,,,,,500,40000,25,0.0,0.001,1.0,85.0,13000,13000,6775,250,12750.0,0,99.73379373550415,100.0,100.0,nan,True,False,40000.0,84.3,,512,,4,,
cent_8cd1bbdda9ff,centralized,T2,aggregation,exp2,,,E,cent_reduced,10,mnist,mlp,mse,5,s_nm1,addition,adamw,97,200,3,quadratic,9.0,100,200,5000,0.5,42,,,,,,,,,,,,,800,80000,160,0.0,0.001,0.1,90.0,inf,inf,5120,320,inf,0,80.39999604225159,100.0,100.0,nan,False,True,80000.0,294.9,,512,,4,,
cent_8d89dc0d3ea6,centralized,X,d_internals,tangent,,,D,,,s5,groknet,ce,5,s_nm1,addition,adamw,97,256,3,quadratic,1.0,0,1000,5000,0.55,456,,,,,,,,,,,,,500,40000,25,0.0,0.001,1.0,85.0,4275,1300,700,275,4000.0,39,100.0,100.0,100.0,nan,True,False,40000.0,94.3,,512,,4,,
cent_8db97d6f759f,centralized,P0,capacity,width,,,E,,,mnist,mlp,mse,5,s_nm1,addition,adamw,97,400,3,quadratic,9.0,100,2000,5000,0.5,123,,,,,,,,,,,,,0,20000,25,0.0,0.001,0.1,90.0,600,600,325,150,450,0,92.28000044822693,100.0,100.0,nan,True,False,20000.0,292.2,,512,,4,,
cent_8e3d264924ad,centralized,X,d_alpha_high,tangent,,,D,,,s5,groknet,ce,5,s_nm1,addition,adamw,97,256,3,quadratic,1.0,0,1000,5000,0.75,789,,,,,,,,,,,,,0,40000,100,0.0,0.001,1.0,85.0,500,500,300,300,200.0,0,100.0,100.0,100.0,nan,True,False,40000.0,114.0,,512,,4,,
cent_8f06d23e1908,centralized,S1,mnist_working_point,anchor,,,E,,,mnist,mlp,mse,5,s_nm1,addition,adamw,97,200,3,quadratic,9.0,50,2000,5000,0.5,42,,,,,,,,,,,,,0,20000,100,0.0,0.001,0.1,90.0,400,400,200,200,200.0,0,94.23999786376953,100.0,100.0,nan,True,False,20000.0,887.6,,512,,4,,
cent_8f2ba8861e1b,centralized,S1,central_anchor,anchor,,,C,,,s5,transformer,ce,5,s_nm1,addition,adamw,97,128,3,quadratic,1.0,0,1000,5000,0.4,789,,,,,,,,,,,,,0,40000,100,0.0,0.001,1.0,85.0,inf,inf,inf,200,inf,0,2.43055559694767,100.0,100.0,nan,False,True,40000.0,772.1,,512,,4,,
cent_8f40cd80aba0,centralized,X,d_alpha_high,tangent,,,D,,,s5,groknet,ce,5,s_nm1,addition,adamw,97,256,3,quadratic,1.0,0,1000,5000,0.75,123,,,,,,,,,,,,,0,40000,100,0.0,0.001,1.0,85.0,500,500,300,300,200.0,0,100.0,100.0,100.0,nan,True,False,40000.0,114.5,,512,,4,,
cent_8f5dfd6e8cc0,centralized,X,d_internals,tangent,,,D,,,s5,groknet,ce,5,s_nm1,addition,adamw,97,256,3,quadratic,1.0,0,1000,5000,0.45,1011,,,,,,,,,,,,,500,40000,25,0.0,0.001,1.0,85.0,9150,9150,1600,275,8875.0,0,99.73485469818115,100.0,100.0,nan,True,False,40000.0,92.4,,512,,4,,
cent_8fb2d1683b63,centralized,X,d_lr_control,tangent,,,D,,,s5,groknet,ce,5,s_nm1,addition,adamw,97,256,3,quadratic,1.0,0,1000,5000,0.45,456,,,,,,,,,,,,,0,60000,25,0.0,0.001,1.0,85.0,9650,9650,1350,275,9375,0,99.93687272071838,100.0,100.0,nan,True,False,60000.0,108.2,,512,,4,,
cent_8fd857a17560,centralized,S1,central_anchor,anchor,,,C,,,s5,transformer,ce,5,s_nm1,addition,adamw,97,128,3,quadratic,1.0,0,1000,5000,0.2,456,,,,,,,,,,,,,0,40000,100,0.0,0.001,1.0,85.0,inf,inf,inf,200,inf,0,0.251736119389534,100.0,100.0,nan,False,True,40000.0,414.6,,512,,4,,
cent_914b468961be,centralized,X,d_internals,tangent,,,D,,,s5,groknet,ce,5,s_nm1,addition,adamw,97,256,3,quadratic,1.0,0,1000,5000,0.5,1011,,,,,,,,,,,,,500,40000,25,0.0,0.001,1.0,85.0,7125,7125,950,275,6850.0,0,99.97222423553467,100.0,100.0,nan,True,False,40000.0,97.2,,512,,4,,
cent_9169b6489ca9,centralized,X,d_alpha_cliff,tangent,,,D,,,s5,groknet,ce,5,s_nm1,addition,adamw,97,256,3,quadratic,1.0,0,1000,5000,0.175,42,,,,,,,,,,,,,0,150000,200,0.0,0.001,1.0,85.0,inf,inf,inf,200,inf,0,35.44612526893616,100.0,100.0,nan,False,True,150000.0,173.8,,512,,4,,
cent_91b34e1a2e5c,centralized,P0,c_alpha_w256,boundary,,,C,,,s5,transformer,ce,5,s_nm1,addition,adamw,97,256,3,quadratic,1.0,0,1000,5000,0.25,123,,,,,,,,,,,,,0,100000,50,0.0,0.001,1.0,85.0,inf,inf,inf,100,inf,0,0.5648148246109486,100.0,100.0,nan,False,True,100000.0,1340.3,,512,,4,,
cent_93891465e700,centralized,S1,mnist_working_point,anchor,,,E,,,mnist,mlp,mse,5,s_nm1,addition,adamw,97,200,3,quadratic,9.0,200,2000,5000,0.5,456,,,,,,,,,,,,,0,20000,100,0.0,0.001,0.1,90.0,1600,1600,500,500,1100.0,0,94.59999799728394,100.0,100.0,nan,True,False,20000.0,212.1,,512,,4,,
cent_93918885a5ba,centralized,S1b,c_capacity,gate_a,,,C,,,s5,transformer,ce,5,s_nm1,addition,adamw,97,128,3,quadratic,1.0,0,1000,5000,0.5,123,,,,,,,,,,,,,0,100000,200,0.0,0.001,1.0,85.0,51200,51200,48800,200,51000.0,0,100.0,100.0,100.0,nan,True,False,100000.0,2274.8,,512,,8,,
cent_93e397002788,centralized,X,d_alpha_high,tangent,,,D,,,s5,groknet,ce,5,s_nm1,addition,adamw,97,256,3,quadratic,1.0,0,1000,5000,0.675,1011,,,,,,,,,,,,,0,40000,100,0.0,0.001,1.0,85.0,700,700,400,300,400.0,0,100.0,100.0,100.0,nan,True,False,40000.0,114.0,,512,,4,,
cent_9419ac7ebc14,centralized,P1,cd_decay_band,decay,,,D,,,s5,groknet,ce,5,s_nm1,addition,adamw,97,256,3,quadratic,1.0,0,1000,5000,0.3,123,,,,,,,,,,,,,0,100000,50,0.0,0.001,1.0,85.0,21500,21500,14750,250,21250,0,96.92460298538208,100.0,100.0,nan,True,False,100000.0,116.0,,512,,4,,
cent_945881f8a184,centralized,P1,cd_decay_band,decay,,,D,,,s5,groknet,ce,5,s_nm1,addition,adamw,97,256,3,quadratic,1.0,0,1000,5000,0.3,123,,,,,,,,,,,,,0,100000,50,0.0,0.001,0.1,85.0,inf,inf,92150,250,inf,0,51.96428894996643,100.0,100.0,nan,False,True,100000.0,114.5,,512,,4,,
cent_94cb1f7d1281,centralized,S1b,c_alpha,gate_a,,,C,,,s5,transformer,ce,5,s_nm1,addition,adamw,97,128,3,quadratic,1.0,0,1000,5000,0.6,123,,,,,,,,,,,,,0,100000,200,0.0,0.001,1.0,85.0,4200,4200,4000,200,4000.0,0,100.0,100.0,100.0,nan,True,False,100000.0,2468.1,,512,,4,,
cent_96323e9bee6a,centralized,T2,aggregation,exp2,,,D,cent_reduced,2,s5,groknet,ce,5,s_nm1,addition,adamw,97,256,3,quadratic,1.0,0,1000,5000,0.15,123,,,,,,,,,,,,,5000,500000,1000,0.0,0.001,1.0,85.0,inf,inf,inf,1000,inf,0,10.326797515153885,100.0,100.0,nan,False,True,500000.0,785.3,,512,,4,,
cent_974ad59ac3d3,centralized,X,d_alpha_high,tangent,,,D,,,s5,groknet,ce,5,s_nm1,addition,adamw,97,256,3,quadratic,1.0,0,1000,5000,0.825,123,,,,,,,,,,,,,0,40000,100,0.0,0.001,1.0,85.0,400,400,300,300,100.0,0,100.0,99.99999403953552,99.99999403953552,nan,True,False,40000.0,130.6,,512,,4,,
cent_97cfe660e6dd,centralized,T0,mnist_wd_band,mnist,,,,,,mnist,mlp,mse,5,s_nm1,addition,adamw,97,200,3,quadratic,9.0,200,1000,5000,0.5,123,,,,,,,,,,,,,0,20000,100,0.0,0.001,1.0,90.0,2900,2900,200,800,2100.0,0,91.38000011444092,100.0,100.0,nan,True,False,20000.0,94.4,,512,,4,,
cent_97e1be0de8c1,centralized,S1,mnist_working_point,anchor,,,E,,,mnist,mlp,mse,5,s_nm1,addition,adamw,97,200,3,quadratic,9.0,200,2000,5000,0.5,123,,,,,,,,,,,,,0,20000,100,0.0,0.001,0.1,90.0,1600,1600,500,500,1100.0,0,94.87999677658081,100.0,100.0,nan,True,False,20000.0,216.0,,512,,4,,
cent_9818908c5055,centralized,X,d_alpha_high,tangent,,,D,,,s5,groknet,ce,5,s_nm1,addition,adamw,97,256,3,quadratic,1.0,0,1000,5000,0.625,42,,,,,,,,,,,,,0,40000,100,0.0,0.001,1.0,85.0,900,900,500,300,600.0,0,99.98148083686829,100.0,100.0,nan,True,False,40000.0,104.6,,512,,4,,
cent_988957b6ccb1,centralized,X,d_internals,tangent,,,D,,,s5,groknet,ce,5,s_nm1,addition,adamw,97,256,3,quadratic,1.0,0,1000,5000,0.35,123,,,,,,,,,,,,,500,40000,25,0.0,0.001,1.0,85.0,16675,16675,9925,250,16425.0,0,97.47863411903381,100.0,100.0,nan,True,False,40000.0,85.1,,512,,4,,
cent_98a9ff7d454b,centralized,X,d_alpha_high,tangent,,,D,,,s5,groknet,ce,5,s_nm1,addition,adamw,97,256,3,quadratic,1.0,0,1000,5000,0.775,42,,,,,,,,,,,,,0,40000,100,0.0,0.001,1.0,85.0,500,500,300,300,200.0,0,100.0,99.99999403953552,99.99999403953552,nan,True,False,40000.0,122.2,,512,,4,,
cent_98be02f410d1,centralized,X,d_internals,tangent,,,D,,,s5,groknet,ce,5,s_nm1,addition,adamw,97,256,3,quadratic,1.0,0,1000,5000,0.55,1011,,,,,,,,,,,,,500,40000,25,0.0,0.001,1.0,85.0,5500,1650,750,275,5225.0,139,100.0,100.0,100.0,nan,True,False,40000.0,103.3,,512,,4,,
cent_994ec8eff558,centralized,X,d_alpha_cliff,tangent,,,D,,,s5,groknet,ce,5,s_nm1,addition,adamw,97,256,3,quadratic,1.0,0,1000,5000,0.2,123,,,,,,,,,,,,,0,150000,200,0.0,0.001,1.0,85.0,inf,inf,48000,200,inf,0,64.03645873069763,100.0,100.0,nan,False,True,150000.0,188.0,,512,,4,,
cent_9a106ad8348b,centralized,X,d_internals,tangent,,,D,,,s5,groknet,ce,5,s_nm1,addition,adamw,97,256,3,quadratic,1.0,0,1000,5000,0.375,123,,,,,,,,,,,,,500,40000,25,0.0,0.001,1.0,85.0,15325,15325,8100,250,15075.0,0,98.77777695655823,100.0,100.0,nan,True,False,40000.0,80.9,,512,,4,,
cent_9ad5c961b085,centralized,P1,cd_decay_band,decay,,,D,,,s5,groknet,ce,5,s_nm1,addition,adamw,97,256,3,quadratic,1.0,0,1000,5000,0.3,42,,,,,,,,,,,,,0,100000,50,0.0,0.001,0.1,85.0,inf,inf,90100,250,inf,0,53.45238447189331,100.0,100.0,nan,False,True,100000.0,110.9,,512,,4,,
cent_9b198e4d474d,centralized,X,d_alpha_high,tangent,,,D,,,s5,groknet,ce,5,s_nm1,addition,adamw,97,256,3,quadratic,1.0,0,1000,5000,0.825,456,,,,,,,,,,,,,0,40000,100,0.0,0.001,1.0,85.0,400,400,300,300,100.0,0,100.0,99.99999403953552,99.99999403953552,nan,True,False,40000.0,130.7,,512,,4,,
cent_9be88e935da0,centralized,X,d_internals,tangent,,,D,,,s5,groknet,ce,5,s_nm1,addition,adamw,97,256,3,quadratic,1.0,0,1000,5000,0.425,1011,,,,,,,,,,,,,500,40000,25,0.0,0.001,1.0,85.0,10475,10475,4600,275,10200.0,0,99.39613342285156,100.0,100.0,nan,True,False,40000.0,91.5,,512,,4,,
cent_9ccfd7da2cbd,centralized,X,d_alpha_fine,tangent,,,D,,,s5,groknet,ce,5,s_nm1,addition,adamw,97,256,3,quadratic,1.0,0,1000,5000,0.45,123,,,,,,,,,,,,,0,40000,100,0.0,0.001,1.0,85.0,9100,9100,1400,300,8800.0,0,99.89899396896362,100.0,100.0,nan,True,False,40000.0,84.2,,512,,4,,
cent_9d180493e7c1,centralized,S1,central_anchor,anchor,,,D,,,s5,groknet,ce,5,s_nm1,addition,adamw,97,256,3,quadratic,1.0,0,1000,5000,0.15,789,,,,,,,,,,,,,0,40000,100,0.0,0.001,1.0,85.0,inf,inf,inf,200,inf,0,2.0016340538859367,100.0,100.0,nan,False,True,40000.0,46.2,,512,,4,,
cent_9e329528f1cd,centralized,X,d_internals,tangent,,,D,,,s5,groknet,ce,5,s_nm1,addition,adamw,97,256,3,quadratic,1.0,0,1000,5000,0.25,1011,,,,,,,,,,,,,500,150000,25,0.0,0.001,1.0,85.0,39575,39575,20925,225,39350.0,0,88.69444131851196,100.0,100.0,nan,True,False,150000.0,251.5,,512,,4,,
cent_9e65f1243b1c,centralized,X,d_alpha_fine,tangent,,,D,,,s5,groknet,ce,5,s_nm1,addition,adamw,97,256,3,quadratic,1.0,0,1000,5000,0.325,42,,,,,,,,,,,,,0,40000,100,0.0,0.001,1.0,85.0,18700,18700,12400,300,18400.0,0,97.0370352268219,100.0,100.0,nan,True,False,40000.0,70.1,,512,,4,,
cent_9eb1268b40aa,centralized,X,d_alpha_cliff,tangent,,,D,,,s5,groknet,ce,5,s_nm1,addition,adamw,97,256,3,quadratic,1.0,0,1000,5000,0.175,1011,,,,,,,,,,,,,0,150000,200,0.0,0.001,1.0,85.0,inf,inf,inf,200,inf,0,32.828280329704285,100.0,100.0,nan,False,True,150000.0,189.0,,512,,4,,
cent_9eb2b1268925,centralized,T2,aggregation,exp2,,,D,cent_full,,s5,groknet,ce,5,s_nm1,addition,adamw,97,256,3,quadratic,1.0,0,1000,5000,0.3,42,,,,,,,,,,,,,0,250000,500,0.0,0.001,1.0,85.0,20000,20000,15000,500,19500,0,97.89682626724243,100.0,100.0,nan,True,False,250000.0,281.9,,512,,4,,
cent_9ef71df567ca,centralized,P0,capacity,width,,,D,,,s5,groknet,ce,5,s_nm1,addition,adamw,97,512,3,quadratic,1.0,0,1000,5000,0.3,456,,,,,,,,,,,,,0,100000,50,0.0,0.001,1.0,85.0,18750,18750,13600,150,18600,0,97.15278148651123,100.0,100.0,nan,True,False,100000.0,173.7,,512,,4,,
cent_a02c1a588b19,centralized,T2,aggregation,exp2,,,D,cent_reduced,20,s5,groknet,ce,5,s_nm1,addition,adamw,97,256,3,quadratic,1.0,0,1000,5000,0.015,456,,,,,,,,,,,,,5000,500000,1000,0.0,0.001,1.0,85.0,inf,inf,inf,1000,inf,0,0.05640158196911216,100.0,100.0,nan,False,True,500000.0,513.5,,512,,4,,
cent_a0591674198f,centralized,X,d_alpha_high,tangent,,,D,,,s5,groknet,ce,5,s_nm1,addition,adamw,97,256,3,quadratic,1.0,0,1000,5000,0.95,1011,,,,,,,,,,,,,0,40000,100,0.0,0.001,1.0,85.0,300,300,200,300,0.0,0,100.0,100.0,100.0,nan,True,False,40000.0,143.2,,512,,4,,
cent_a0ce5775992b,centralized,T0,mnist_wd_band,mnist,,,,,,mnist,mlp,mse,5,s_nm1,addition,adamw,97,200,3,quadratic,9.0,200,1000,5000,0.5,123,,,,,,,,,,,,,0,20000,100,0.0,0.001,0.01,90.0,inf,inf,5100,500,inf,0,89.80000019073486,100.0,100.0,nan,False,True,20000.0,90.4,,512,,4,,
cent_a0fbecf23b80,centralized,X,d_wd_ladder,tangent,,,D,,,s5,groknet,ce,5,s_nm1,addition,adamw,97,256,3,quadratic,1.0,0,1000,5000,0.55,123,,,,,,,,,,,,,0,40000,25,0.0,0.001,3.0,85.0,625,625,425,325,300,0,99.04321432113647,100.0,100.0,nan,True,False,40000.0,74.0,,512,,4,,
cent_a1a76cad5361,centralized,T0,mnist_wd_band,mnist,,,,,,mnist,mlp,mse,5,s_nm1,addition,adamw,97,200,3,quadratic,9.0,200,1000,5000,0.5,42,,,,,,,,,,,,,0,20000,100,0.0,0.001,1.0,90.0,3200,3200,300,700,2500.0,0,91.67999625205994,100.0,100.0,nan,True,False,20000.0,84.9,,512,,4,,
cent_a1ce4e98eb2b,centralized,X,d_internals,tangent,,,D,,,s5,groknet,ce,5,s_nm1,addition,adamw,97,256,3,quadratic,1.0,0,1000,5000,0.3,789,,,,,,,,,,,,,500,40000,25,0.0,0.001,1.0,85.0,20650,20650,14750,225,20425.0,0,96.23016119003296,100.0,100.0,nan,True,False,40000.0,69.5,,512,,4,,
cent_a1e2864ee163,centralized,X,d_alpha_high,tangent,,,D,,,s5,groknet,ce,5,s_nm1,addition,adamw,97,256,3,quadratic,1.0,0,1000,5000,0.625,1011,,,,,,,,,,,,,0,40000,100,0.0,0.001,1.0,85.0,1000,1000,600,300,700.0,0,100.0,100.0,100.0,nan,True,False,40000.0,106.7,,512,,4,,
cent_a20909da552c,centralized,S1b,c_capacity,gate_a,,,C,,,s5,transformer,ce,5,s_nm1,addition,adamw,97,128,3,quadratic,1.0,0,1000,5000,0.5,123,,,,,,,,,,,,,0,100000,200,0.0,0.001,1.0,85.0,24600,24600,24200,200,24400.0,0,100.0,100.0,100.0,nan,True,False,100000.0,1994.4,,1024,,4,,
cent_a22c85bb6068,centralized,T2,aggregation,exp2,,,D,cent_reduced,5,s5,groknet,ce,5,s_nm1,addition,adamw,97,256,3,quadratic,1.0,0,1000,5000,0.06,123,,,,,,,,,,,,,5000,500000,1000,0.0,0.001,1.0,85.0,inf,inf,inf,1000,inf,0,0.15514184487983584,100.0,100.0,nan,False,True,500000.0,642.5,,512,,4,,
cent_a2481778a515,centralized,X,d_internals,tangent,,,D,,,s5,groknet,ce,5,s_nm1,addition,adamw,97,256,3,quadratic,1.0,0,1000,5000,0.2,1011,,,,,,,,,,,,,500,150000,25,0.0,0.001,1.0,85.0,inf,inf,45875,200,inf,0,66.11979603767395,100.0,100.0,nan,False,True,150000.0,246.5,,512,,4,,
cent_a248a9408a46,centralized,S1,mnist_working_point,anchor,,,E,,,mnist,mlp,mse,5,s_nm1,addition,adamw,97,200,3,quadratic,9.0,25,4000,5000,0.5,42,,,,,,,,,,,,,0,20000,100,0.0,0.001,0.1,90.0,100,100,100,100,0.0,0,95.63999772071838,100.0,100.0,nan,True,False,20000.0,4160.5,,512,,4,,
cent_a250f5fc6e3e,centralized,X,d_alpha_fine,tangent,,,D,,,s5,groknet,ce,5,s_nm1,addition,adamw,97,256,3,quadratic,1.0,0,1000,5000,0.525,456,,,,,,,,,,,,,0,40000,100,0.0,0.001,1.0,85.0,5900,5900,800,300,5600.0,0,99.9707579612732,100.0,100.0,nan,True,False,40000.0,90.4,,512,,4,,
cent_a29eaca52ea9,centralized,X,wd_zero,control,,,E,,,mnist,mlp,mse,5,s_nm1,addition,adamw,97,200,3,quadratic,9.0,100,2000,5000,0.5,456,,,,,,,,,,,,,0,40000,80,0.0,0.001,0.0,90.0,inf,inf,1040,400,inf,0,80.25999665260315,100.0,100.0,nan,False,True,40000.0,781.5,,512,,4,,
cent_a31e7a60192f,centralized,X,d_alpha_high,tangent,,,D,,,s5,groknet,ce,5,s_nm1,addition,adamw,97,256,3,quadratic,1.0,0,1000,5000,0.675,789,,,,,,,,,,,,,0,40000,100,0.0,0.001,1.0,85.0,700,700,400,300,400.0,0,100.0,100.0,100.0,nan,True,False,40000.0,105.5,,512,,4,,
cent_a40c533a3818,centralized,X,d_alpha_high,tangent,,,D,,,s5,groknet,ce,5,s_nm1,addition,adamw,97,256,3,quadratic,1.0,0,1000,5000,0.925,789,,,,,,,,,,,,,0,40000,100,0.0,0.001,1.0,85.0,300,300,200,300,0.0,0,100.0,100.0,100.0,nan,True,False,40000.0,142.3,,512,,4,,
cent_a4646ec62ab6,centralized,T0,mnist_wd_band,mnist,,,,,,mnist,mlp,mse,5,s_nm1,addition,adamw,97,200,3,quadratic,9.0,200,1000,5000,0.5,42,,,,,,,,,,,,,0,20000,100,0.0,0.001,0.1,90.0,4100,4100,1400,600,3500.0,0,92.67999529838562,100.0,100.0,nan,True,False,20000.0,93.1,,512,,4,,
cent_a47f2cba92cd,centralized,T2,aggregation,exp2,,,D,cent_reduced,5,s5,groknet,ce,5,s_nm1,addition,adamw,97,256,3,quadratic,1.0,0,1000,5000,0.06,456,,,,,,,,,,,,,5000,500000,1000,0.0,0.001,1.0,85.0,inf,inf,inf,1000,inf,0,0.23640661966055632,100.0,100.0,nan,False,True,500000.0,566.2,,512,,4,,
cent_a4826d010ec0,centralized,T0,mnist_wd_band,mnist,,,,,,mnist,mlp,mse,5,s_nm1,addition,adamw,97,200,3,quadratic,9.0,200,1000,5000,0.5,42,,,,,,,,,,,,,0,20000,100,0.0,0.001,0.03,90.0,11100,10500,3400,600,10500.0,1,90.75999855995178,100.0,100.0,nan,True,False,20000.0,92.7,,512,,4,,
cent_a86d62b5a4a3,centralized,X,d_internals,tangent,,,D,,,s5,groknet,ce,5,s_nm1,addition,adamw,97,256,3,quadratic,1.0,0,1000,5000,0.2,42,,,,,,,,,,,,,500,150000,25,0.0,0.001,1.0,85.0,inf,inf,54225,200,inf,0,66.7881965637207,100.0,100.0,nan,False,True,150000.0,789.7,,512,,4,,
cent_a970009c083c,centralized,X,d_alpha_high,tangent,,,D,,,s5,groknet,ce,5,s_nm1,addition,adamw,97,256,3,quadratic,1.0,0,1000,5000,0.85,1011,,,,,,,,,,,,,0,40000,100,0.0,0.001,1.0,85.0,400,400,300,300,100.0,0,100.0,100.0,100.0,nan,True,False,40000.0,134.8,,512,,4,,
cent_aa13ecb247c8,centralized,X,d_alpha_high,tangent,,,D,,,s5,groknet,ce,5,s_nm1,addition,adamw,97,256,3,quadratic,1.0,0,1000,5000,0.7,456,,,,,,,,,,,,,0,40000,100,0.0,0.001,1.0,85.0,600,600,400,300,300.0,0,100.0,100.0,100.0,nan,True,False,40000.0,114.6,,512,,4,,
cent_aa69c6b2727d,centralized,T2,aggregation,exp2,,,C,cent_reduced,20,s5,transformer,ce,5,s_nm1,addition,adamw,97,256,3,quadratic,1.0,0,1000,5000,0.02,42,,,,,,,,,,,,,4000,400000,800,0.0,0.001,1.0,85.0,inf,inf,inf,800,inf,0,0.5102040711790323,100.0,100.0,nan,False,True,400000.0,1684.3,,512,,4,,
cent_aacd8befd891,centralized,X,d_internals,tangent,,,D,,,s5,groknet,ce,5,s_nm1,addition,adamw,97,256,3,quadratic,1.0,0,1000,5000,0.275,1011,,,,,,,,,,,,,500,150000,25,0.0,0.001,1.0,85.0,23150,23150,17150,225,22925.0,0,95.2203094959259,100.0,100.0,nan,True,False,150000.0,266.1,,512,,4,,
cent_ab37b13750fe,centralized,X,d_internals,tangent,,,D,,,s5,groknet,ce,5,s_nm1,addition,adamw,97,256,3,quadratic,1.0,0,1000,5000,0.325,42,,,,,,,,,,,,,500,40000,25,0.0,0.001,1.0,85.0,18700,18700,12325,250,18450.0,0,97.0370352268219,100.0,100.0,nan,True,False,40000.0,78.3,,512,,4,,
cent_ab8ac19dfb49,centralized,T2,aggregation,exp2,,,C,cent_reduced,2,s5,transformer,ce,5,s_nm1,addition,adamw,97,256,3,quadratic,1.0,0,1000,5000,0.2,456,,,,,,,,,,,,,4000,400000,800,0.0,0.001,1.0,85.0,inf,inf,inf,800,inf,0,0.824652798473835,100.0,100.0,nan,False,True,400000.0,3954.6,,512,,4,,
cent_abeb60a933a6,centralized,X,d_alpha_high,tangent,,,D,,,s5,groknet,ce,5,s_nm1,addition,adamw,97,256,3,quadratic,1.0,0,1000,5000,0.875,1011,,,,,,,,,,,,,0,40000,100,0.0,0.001,1.0,85.0,400,400,300,300,100.0,0,100.0,99.99999403953552,99.99999403953552,nan,True,False,40000.0,139.3,,512,,4,,
cent_abeb7b4f8f46,centralized,P1,cd_decay_band,decay,,,C,,,s5,transformer,ce,5,s_nm1,addition,adamw,97,256,3,quadratic,1.0,0,1000,5000,0.5,42,,,,,,,,,,,,,0,100000,50,0.0,0.001,0.3,85.0,99450,42650,40300,100,99350,13,99.91666674613953,100.0,100.0,nan,True,False,100000.0,2604.9,,512,,4,,
cent_ac01bf4cb064,centralized,S1,central_anchor,anchor,,,C,,,s5,transformer,ce,5,s_nm1,addition,adamw,97,128,3,quadratic,1.0,0,1000,5000,0.2,789,,,,,,,,,,,,,0,40000,100,0.0,0.001,1.0,85.0,inf,inf,inf,200,inf,0,0.1822916674427688,100.0,100.0,nan,False,True,40000.0,414.0,,512,,4,,
cent_ac90a09f2826,centralized,S1b,c_capacity,gate_a,,,C,,,s5,transformer,ce,5,s_nm1,addition,adamw,97,128,3,quadratic,1.0,0,1000,5000,0.5,42,,,,,,,,,,,,,0,100000,200,0.0,0.001,1.0,85.0,78000,13000,12400,200,77800.0,2,100.0,100.0,100.0,nan,True,False,100000.0,2267.6,,512,,8,,
cent_acd95a7ccd46,centralized,X,d_alpha_fine,tangent,,,D,,,s5,groknet,ce,5,s_nm1,addition,adamw,97,256,3,quadratic,1.0,0,1000,5000,0.325,789,,,,,,,,,,,,,0,40000,100,0.0,0.001,1.0,85.0,19500,19500,12500,300,19200.0,0,96.93415760993958,100.0,100.0,nan,True,False,40000.0,72.9,,512,,4,,
cent_ad73de08ac64,centralized,P1,cd_decay_band,decay,,,D,,,s5,groknet,ce,5,s_nm1,addition,adamw,97,256,3,quadratic,1.0,0,1000,5000,0.3,42,,,,,,,,,,,,,0,100000,50,0.0,0.001,0.03,85.0,inf,inf,inf,250,inf,0,2.063492126762867,100.0,100.0,nan,False,True,100000.0,114.3,,512,,4,,
cent_ad79765eee5e,centralized,X,d_internals,tangent,,,D,,,s5,groknet,ce,5,s_nm1,addition,adamw,97,256,3,quadratic,1.0,0,1000,5000,0.275,42,,,,,,,,,,,,,500,150000,25,0.0,0.001,1.0,85.0,22725,22725,16625,225,22500.0,0,94.8180079460144,100.0,100.0,nan,True,False,150000.0,281.7,,512,,4,,
cent_addition_008b8cac7b92,centralized,S1,central_anchor,anchor,,,B,,,modular,transformer,ce,5,s_nm1,addition,adamw,113,128,3,quadratic,1.0,0,1000,5000,0.3,789,,,,,,,,,,,,,0,30000,100,0.0,0.001,1.0,95.0,6600,6600,5900,200,6400.0,0,100.0,100.0,100.0,nan,True,False,30000.0,397.4,,512,,4,,
cent_addition_00fd05334afd,centralized,S1,central_anchor,anchor,,,B,,,modular,transformer,ce,5,s_nm1,addition,adamw,113,128,3,quadratic,1.0,0,1000,5000,0.4,456,,,,,,,,,,,,,0,30000,100,0.0,0.001,1.0,95.0,1800,1800,1400,200,1600.0,0,99.99999403953552,100.0,100.0,nan,True,False,30000.0,529.8,,512,,4,,
cent_addition_01dad9f409dc,centralized,P1,aprime_alpha,ladder,,,A',,,modular,groknet,mse,5,s_nm1,addition,adamw,97,256,3,quadratic,1.0,0,1000,5000,0.3,123,,,,,,,,,,,,,0,5000,10,0.0,0.001,0.1,95.0,310,310,260,90,220,0,100.0,100.0,100.0,0.48610013723373413,True,False,5000.0,6.5,,512,,4,,
cent_addition_025ac7566622,centralized,P1,aprime_alpha,ladder,,,A',,,modular,groknet,mse,5,s_nm1,addition,adamw,97,256,3,quadratic,1.0,0,1000,5000,0.175,1011,,,,,,,,,,,,,0,300000,100,0.0,0.001,0.1,95.0,inf,inf,inf,100,inf,0,17.879684269428253,100.0,100.0,0.10695679485797882,False,True,300000.0,212.0,,512,,4,,
cent_addition_04957fefdd40,centralized,P1,aprime_alpha,ladder,,,A',,,modular,groknet,mse,5,s_nm1,addition,adamw,97,256,3,quadratic,1.0,0,1000,5000,0.125,789,,,,,,,,,,,,,0,300000,100,0.0,0.001,0.1,95.0,inf,inf,inf,100,inf,0,0.8866755291819572,100.0,100.0,0.020683376118540764,False,True,300000.0,201.8,,512,,4,,
cent_addition_0548914a3bbd,centralized,P1,b_wd01_alpha_ladder,ladder,,,B,,,modular,transformer,ce,5,s_nm1,addition,adamw,113,128,3,quadratic,1.0,0,1000,5000,0.6,456,,,,,,,,,,,,,0,60000,50,0.0,0.001,0.1,95.0,53600,3150,300,150,53450,2,100.0,100.0,100.0,nan,True,False,60000.0,3034.2,,512,,4,,
cent_addition_05a167bd9d00,centralized,P0,capacity,width,,,B,,,modular,transformer,ce,5,s_nm1,addition,adamw,113,128,3,quadratic,1.0,0,1000,5000,0.3,123,,,,,,,,,,,,,0,100000,50,0.0,0.001,1.0,95.0,95750,4350,3550,150,95600,1,100.0,100.0,100.0,nan,True,False,100000.0,870.1,,512,,4,,
cent_addition_06c4a1f338c7,centralized,S1,central_anchor,anchor,,,A,,,modular,groknet,mse,5,s_nm1,addition,gd,97,256,3,quadratic,1.0,0,1000,5000,0.5,789,,,,,,,,,,,,,0,30000,100,0.0,50.0,0.0,95.0,7500,7500,6700,5500,2000.0,0,100.0,100.0,100.0,0.4172263741493225,True,False,30000.0,34.9,,512,,4,,
cent_addition_072f8ca20390,centralized,S1,central_anchor,anchor,,,A,,,modular,groknet,mse,5,s_nm1,addition,gd,97,256,3,quadratic,1.0,0,1000,5000,0.5,1011,,,,,,,,,,,,,0,30000,100,0.0,50.0,0.0,95.0,7700,7700,6900,5900,1800.0,0,100.0,100.0,100.0,0.42510128021240234,True,False,30000.0,34.2,,512,,4,,
cent_addition_07acb99eb4d5,centralized,T2,aggregation,exp2,,,A,cent_reduced,2,modular,groknet,mse,5,s_nm1,addition,gd,97,256,3,quadratic,1.0,0,1000,5000,0.15,123,,,,,,,,,,,,,1000,100000,200,0.0,50.0,0.0,95.0,inf,inf,inf,2000,inf,0,0.6501625757664442,100.0,100.0,0.02244209498167038,False,True,100000.0,92.1,,512,,4,,
cent_addition_093ade23c025,centralized,S1,central_anchor,anchor,,,B,,,modular,transformer,ce,5,s_nm1,addition,adamw,113,128,3,quadratic,1.0,0,1000,5000,0.5,789,,,,,,,,,,,,,0,30000,100,0.0,0.001,1.0,95.0,600,600,300,200,400.0,0,100.0,100.0,100.0,nan,True,False,30000.0,619.9,,512,,4,,
cent_addition_09e741279193,centralized,T0,wd_grid,wd,,,,,,modular,groknet,mse,5,s_nm1,addition,adamw,97,256,3,quadratic,1.0,0,1000,5000,0.5,1011,,,,,,,,,,,,,0,50000,100,0.0,0.001,1.0,95.0,200,200,200,200,0.0,0,100.0,100.0,100.0,0.40563255548477173,True,False,50000.0,31.7,,512,,4,,
cent_addition_0a5ca7948732,centralized,S1,central_anchor,anchor,,,B,,,modular,transformer,ce,5,s_nm1,addition,adamw,113,128,3,quadratic,1.0,0,1000,5000,0.4,1011,,,,,,,,,,,,,0,30000,100,0.0,0.001,1.0,95.0,1300,1300,1000,200,1100.0,0,99.99999403953552,100.0,100.0,nan,True,False,30000.0,516.4,,512,,4,,
cent_addition_0ba65811b364,centralized,T2,aggregation,exp2,,,A',cent_reduced,5,modular,groknet,mse,5,s_nm1,addition,adamw,97,256,3,quadratic,1.0,0,1000,5000,0.04,42,,,,,,,,,,,,,2000,200000,400,0.0,0.001,0.1,95.0,inf,inf,inf,400,inf,0,0.0,99.99999403953552,99.99999403953552,0.019707228988409042,False,True,200000.0,219.3,,512,,4,,
cent_addition_0c2da94473da,centralized,S1,central_anchor,anchor,,,A,,,modular,groknet,mse,5,s_nm1,addition,gd,97,256,3,quadratic,1.0,0,1000,5000,0.3,42,,,,,,,,,,,,,0,30000,100,0.0,50.0,0.0,95.0,12600,12600,10600,3700,8900.0,0,100.0,100.0,100.0,0.34464436769485474,True,False,30000.0,27.4,,512,,4,,
cent_addition_0cc0826e1a11,centralized,T2,aggregation,exp2,,,B,cent_reduced,5,modular,transformer,ce,5,s_nm1,addition,adamw,113,128,3,quadratic,1.0,0,1000,5000,0.06,123,,,,,,,,,,,,,2000,200000,400,0.0,0.001,1.0,95.0,inf,inf,inf,400,inf,0,0.27493126690387726,100.0,100.0,nan,False,True,200000.0,760.3,,512,,4,,
cent_addition_0e014d5feca8,centralized,P1,aprime_alpha,ladder,,,A',,,modular,groknet,mse,5,s_nm1,addition,adamw,97,256,3,quadratic,1.0,0,1000,5000,0.25,123,,,,,,,,,,,,,0,50000,25,0.0,0.001,0.1,95.0,500,500,425,100,400,0,100.0,100.0,100.0,0.46057483553886414,True,False,50000.0,41.6,,512,,4,,
cent_addition_0e58deffbadc,centralized,P1,aprime_alpha,ladder,,,A',,,modular,groknet,mse,5,s_nm1,addition,adamw,97,256,3,quadratic,1.0,0,1000,5000,0.2,789,,,,,,,,,,,,,0,300000,100,0.0,0.001,0.1,95.0,5500,5500,4100,100,5400,0,100.0,100.0,100.0,0.5020650625228882,True,False,300000.0,209.1,,512,,4,,
cent_addition_0eff3a614601,centralized,P1,aprime_alpha,ladder,,,A',,,modular,groknet,mse,5,s_nm1,addition,adamw,97,256,3,quadratic,1.0,0,1000,5000,0.15,42,,,,,,,,,,,,,0,300000,100,0.0,0.001,0.1,95.0,inf,inf,inf,100,inf,0,0.8627156727015972,100.0,100.0,0.023153923451900482,False,True,300000.0,201.6,,512,,4,,
cent_addition_0f4a3ee9e87d,centralized,S1,central_anchor,anchor,,,B,,,modular,transformer,ce,5,s_nm1,addition,adamw,113,128,3,quadratic,1.0,0,1000,5000,0.15,789,,,,,,,,,,,,,0,30000,100,0.0,0.001,1.0,95.0,inf,inf,inf,100,inf,0,0.46065966598689556,100.0,100.0,nan,False,True,30000.0,229.8,,512,,4,,
cent_addition_0f6262fcd0e1,centralized,T0,wd_grid,wd,,,,,,modular,groknet,mse,5,s_nm1,addition,gd,97,256,3,quadratic,1.0,0,1000,5000,0.5,42,,,,,,,,,,,,,0,50000,100,0.0,50.0,0.0002,95.0,inf,inf,inf,inf,inf,0,1.041445229202509,1.0204081423580647,2.359693869948387,0.0,False,True,50000.0,46.6,,512,,4,,
cent_addition_0fe3c6be8c9e,centralized,T2,aggregation,exp2,,,B,cent_reduced,50,modular,transformer,ce,5,s_nm1,addition,adamw,113,128,3,quadratic,1.0,0,1000,5000,0.006,42,,,,,,,,,,,,,2000,200000,400,0.0,0.001,1.0,95.0,inf,inf,inf,400,inf,0,0.8429843001067638,100.0,100.0,nan,False,True,200000.0,702.7,,512,,4,,
cent_addition_1071b2b8245f,centralized,T2,aggregation_alpha2,exp2,,,B,cent_full,,modular,transformer,ce,5,s_nm1,addition,adamw,113,128,3,quadratic,1.0,0,1000,5000,0.4,123,,,,,,,,,,,,,0,100000,200,0.0,0.001,1.0,95.0,1200,1200,1000,200,1000,0,99.99999403953552,100.0,100.0,nan,True,False,100000.0,2376.1,,512,,4,,
cent_addition_15248e6e8f4a,centralized,P1,b_wd01_alpha_ladder,ladder,,,B,,,modular,transformer,ce,5,s_nm1,addition,adamw,113,128,3,quadratic,1.0,0,1000,5000,0.7,456,,,,,,,,,,,,,0,60000,50,0.0,0.001,0.1,95.0,53600,2000,150,150,53450,2,99.99999403953552,100.0,100.0,nan,True,False,60000.0,2558.3,,512,,4,,
cent_addition_157dfd588d39,centralized,S1,central_anchor,anchor,,,A,,,modular,groknet,mse,5,s_nm1,addition,gd,97,256,3,quadratic,1.0,0,1000,5000,0.4,1011,,,,,,,,,,,,,0,30000,100,0.0,50.0,0.0,95.0,8900,8900,7900,5300,3600.0,0,100.0,100.0,100.0,0.3921000361442566,True,False,30000.0,37.7,,512,,4,,
cent_addition_15b705ac8363,centralized,P1,aprime_alpha,ladder,,,A',,,modular,groknet,mse,5,s_nm1,addition,adamw,97,256,3,quadratic,1.0,0,1000,5000,0.3,1011,,,,,,,,,,,,,0,5000,10,0.0,0.001,0.1,95.0,300,300,260,90,210,0,100.0,100.0,100.0,0.48508793115615845,True,False,5000.0,6.6,,512,,4,,
cent_addition_15de40aabc23,centralized,T2,aggregation,exp2,,,A,cent_reduced,10,modular,groknet,mse,5,s_nm1,addition,gd,97,256,3,quadratic,1.0,0,1000,5000,0.03,456,,,,,,,,,,,,,1000,100000,200,0.0,50.0,0.0,95.0,inf,inf,inf,600,inf,0,0.010956502956105396,99.99999403953552,99.99999403953552,0.020092234015464783,False,True,100000.0,83.3,,512,,4,,
cent_addition_161258736b23,centralized,P1,aprime_alpha,ladder,,,A',,,modular,groknet,mse,5,s_nm1,addition,adamw,97,256,3,quadratic,1.0,0,1000,5000,0.5,789,,,,,,,,,,,,,0,5000,10,0.0,0.001,0.1,95.0,160,160,140,110,50,0,100.0,100.0,100.0,0.4948011040687561,True,False,5000.0,6.8,,512,,4,,
cent_addition_17980ac9f34d,centralized,T0,wd_grid,wd,,,,,,modular,groknet,mse,5,s_nm1,addition,adamw,97,256,3,quadratic,1.0,0,1000,5000,0.5,456,,,,,,,,,,,,,0,50000,100,0.0,0.001,0.1,95.0,200,200,200,200,0.0,0,100.0,100.0,100.0,0.49881622195243835,True,False,50000.0,52.8,,512,,4,,
cent_addition_17bb1127ac68,centralized,P1,b_decay_band,decay,,,B,,,modular,transformer,ce,5,s_nm1,addition,adamw,113,128,3,quadratic,1.0,0,1000,5000,0.3,456,,,,,,,,,,,,,0,50000,50,0.0,0.001,0.03,95.0,inf,inf,inf,150,inf,0,6.219935417175293,100.0,100.0,nan,False,True,50000.0,441.0,,512,,4,,
cent_addition_19515a07c09f,centralized,T0,wd_grid,wd,,,,,,modular,groknet,mse,5,s_nm1,addition,adamw,97,256,3,quadratic,1.0,0,1000,5000,0.5,123,,,,,,,,,,,,,0,50000,100,0.0,0.001,0.1,95.0,200,200,200,200,0.0,0,100.0,100.0,100.0,0.4984297752380371,True,False,50000.0,52.5,,512,,4,,
cent_addition_19a56e2a7a4f,centralized,S1,central_anchor,anchor,,,B,,,modular,transformer,ce,5,s_nm1,addition,adamw,113,128,3,quadratic,1.0,0,1000,5000,0.25,789,,,,,,,,,,,,,0,30000,100,0.0,0.001,1.0,95.0,18700,9700,9200,200,18500.0,1,100.0,100.0,100.0,nan,True,False,30000.0,330.3,,512,,4,,
cent_addition_1a311e47ec56,centralized,T0,wd_grid,wd,,,,,,modular,groknet,mse,5,s_nm1,addition,gd,97,256,3,quadratic,1.0,0,1000,5000,0.5,789,,,,,,,,,,,,,0,50000,100,0.0,50.0,2e-07,95.0,7500,7500,6700,5500,2000.0,0,100.0,100.0,100.0,0.4577338397502899,True,False,50000.0,50.0,,512,,4,,
cent_addition_1b08455b3ec6,centralized,T2,aggregation,exp2,,,A',cent_reduced,20,modular,groknet,mse,5,s_nm1,addition,adamw,97,256,3,quadratic,1.0,0,1000,5000,0.01,42,,,,,,,,,,,,,2000,200000,400,0.0,0.001,0.1,95.0,inf,inf,inf,400,inf,0,0.2469135681167245,99.99999403953552,99.99999403953552,0.014727229252457619,False,True,200000.0,203.5,,512,,4,,
cent_addition_1b17f2c380e3,centralized,T2,aggregation,exp2,,,B,cent_reduced,20,modular,transformer,ce,5,s_nm1,addition,adamw,113,128,3,quadratic,1.0,0,1000,5000,0.015,456,,,,,,,,,,,,,2000,200000,400,0.0,0.001,1.0,95.0,inf,inf,inf,400,inf,0,0.628080777823925,100.0,100.0,nan,False,True,200000.0,861.8,,512,,4,,
cent_addition_1b6a683c472b,centralized,T2,aggregation,exp2,,,A,cent_reduced,20,modular,groknet,mse,5,s_nm1,addition,gd,97,256,3,quadratic,1.0,0,1000,5000,0.015,42,,,,,,,,,,,,,1000,100000,200,0.0,50.0,0.0,95.0,inf,inf,inf,200,inf,0,0.043159257620573044,99.99999403953552,99.99999403953552,0.01973288506269455,False,True,100000.0,80.0,,512,,4,,
cent_addition_1bcf07ba8685,centralized,P1,aprime_alpha,ladder,,,A',,,modular,groknet,mse,5,s_nm1,addition,adamw,97,256,3,quadratic,1.0,0,1000,5000,0.125,123,,,,,,,,,,,,,0,300000,100,0.0,0.001,0.1,95.0,inf,inf,inf,100,inf,0,0.7773593999445438,100.0,100.0,0.020486906170845032,False,True,300000.0,203.4,,512,,4,,
cent_addition_1c6a49550177,centralized,T0,wd_grid,wd,,,,,,modular,groknet,mse,5,s_nm1,addition,adamw,97,256,3,quadratic,1.0,0,1000,5000,0.5,456,,,,,,,,,,,,,0,50000,100,0.0,0.001,0.01,95.0,200,200,200,200,0.0,0,100.0,100.0,100.0,0.49475136399269104,True,False,50000.0,54.6,,512,,4,,
cent_addition_1d5cf30ebb9b,centralized,P1,aprime_alpha,ladder,,,A',,,modular,groknet,mse,5,s_nm1,addition,adamw,97,256,3,quadratic,1.0,0,1000,5000,0.5,1011,,,,,,,,,,,,,0,5000,10,0.0,0.001,0.1,95.0,170,170,150,120,50,0,100.0,100.0,100.0,0.49070996046066284,True,False,5000.0,6.6,,512,,4,,
cent_addition_1d9cb287df9a,centralized,T2,aggregation_alpha2,exp2,,,B,cent_full,,modular,transformer,ce,5,s_nm1,addition,adamw,113,128,3,quadratic,1.0,0,1000,5000,0.4,456,,,,,,,,,,,,,0,100000,200,0.0,0.001,1.0,95.0,1800,1800,1400,200,1600,0,99.99999403953552,100.0,100.0,nan,True,False,100000.0,1368.3,,512,,4,,
cent_addition_1eadf289404c,centralized,T0,wd_grid,wd,,,,,,modular,groknet,mse,5,s_nm1,addition,gd,97,256,3,quadratic,1.0,0,1000,5000,0.5,1011,,,,,,,,,,,,,0,50000,100,0.0,50.0,0.0,95.0,7700,7700,6900,5900,1800.0,0,100.0,100.0,100.0,0.47249114513397217,True,False,50000.0,50.5,,512,,4,,
cent_addition_1f8ee16338e6,centralized,T2,aggregation,exp2,,,B,cent_full,,modular,transformer,ce,5,s_nm1,addition,adamw,113,128,3,quadratic,1.0,0,1000,5000,0.3,42,,,,,,,,,,,,,0,100000,200,0.0,0.001,1.0,95.0,6200,6200,5800,200,6000,0,100.0,100.0,100.0,nan,True,False,100000.0,572.5,,512,,4,,
cent_addition_1fa9b931b7a6,centralized,S1,central_anchor,anchor,,,B,,,modular,transformer,ce,5,s_nm1,addition,adamw,113,128,3,quadratic,1.0,0,1000,5000,0.5,42,,,,,,,,,,,,,0,30000,100,0.0,0.001,1.0,95.0,1300,1300,700,200,1100.0,0,100.0,100.0,100.0,nan,True,False,30000.0,670.9,,512,,4,,
cent_addition_2075d7316eca,centralized,S1,central_anchor,anchor,,,B,,,modular,transformer,ce,5,s_nm1,addition,adamw,113,128,3,quadratic,1.0,0,1000,5000,0.3,123,,,,,,,,,,,,,0,30000,100,0.0,0.001,1.0,95.0,4400,4400,3600,200,4200.0,0,100.0,100.0,100.0,nan,True,False,30000.0,371.9,,512,,4,,
cent_addition_219f35342031,centralized,P1,aprime_alpha,ladder,,,A',,,modular,groknet,mse,5,s_nm1,addition,adamw,97,256,3,quadratic,1.0,0,1000,5000,0.5,123,,,,,,,,,,,,,0,5000,10,0.0,0.001,0.1,95.0,170,170,150,120,50,0,100.0,100.0,100.0,0.5064389705657959,True,False,5000.0,7.0,,512,,4,,
cent_addition_227ebf8d8f2c,centralized,P1,aprime_alpha,ladder,,,A',,,modular,groknet,mse,5,s_nm1,addition,adamw,97,256,3,quadratic,1.0,0,1000,5000,0.225,1011,,,,,,,,,,,,,0,50000,25,0.0,0.001,0.1,95.0,900,900,750,75,825,0,100.0,100.0,100.0,0.44992396235466003,True,False,50000.0,42.3,,512,,4,,
cent_addition_22a1b7c81c3c,centralized,T2,aggregation,exp2,,,A,cent_reduced,2,modular,groknet,mse,5,s_nm1,addition,gd,97,256,3,quadratic,1.0,0,1000,5000,0.15,456,,,,,,,,,,,,,1000,100000,200,0.0,50.0,0.0,95.0,inf,inf,inf,2000,inf,0,0.5751437973231077,100.0,100.0,0.021991640329360962,False,True,100000.0,93.0,,512,,4,,
cent_addition_22d5548f9f52,centralized,T0,wd_grid,wd,,,,,,modular,groknet,mse,5,s_nm1,addition,gd,97,256,3,quadratic,1.0,0,1000,5000,0.5,1011,,,,,,,,,,,,,0,50000,100,0.0,50.0,2e-06,95.0,8400,8400,7700,6900,1500.0,0,100.0,100.0,100.0,0.4137662649154663,True,False,50000.0,47.3,,512,,4,,
cent_addition_230b097f9afa,centralized,X,wd_zero,control,,,B,,,modular,transformer,ce,5,s_nm1,addition,adamw,113,128,3,quadratic,1.0,0,1000,5000,0.3,123,,,,,,,,,,,,,0,100000,200,0.0,0.001,0.0,95.0,inf,inf,inf,200,inf,0,5.8619532734155655,100.0,100.0,nan,False,True,100000.0,1422.9,,512,,4,,
cent_addition_23690dd53637,centralized,P0,capacity,width,,,A',,,modular,groknet,mse,5,s_nm1,addition,adamw,97,256,3,quadratic,1.0,0,1000,5000,0.2,42,,,,,,,,,,,,,0,50000,50,0.0,0.001,0.1,95.0,3000,3000,2050,100,2900,0,100.0,100.0,100.0,0.46948206424713135,True,False,50000.0,41.0,,512,,4,,
cent_addition_23d776ca4f27,centralized,X,b_wd_zero_a04_long,control,,,B,,,modular,transformer,ce,5,s_nm1,addition,adamw,113,128,3,quadratic,1.0,0,1000,5000,0.4,42,,,,,,,,,,,,,0,1000000,50,0.0,0.001,0.0,95.0,inf,inf,351050,150,inf,0,70.16444802284241,100.0,100.0,nan,False,True,1000000.0,23201.5,,512,,4,,
cent_addition_246048361572,centralized,T2,aggregation,exp2,,,A',cent_full,,modular,groknet,mse,5,s_nm1,addition,adamw,97,256,3,quadratic,1.0,0,1000,5000,0.2,123,,,,,,,,,,,,,0,100000,200,0.0,0.001,0.1,95.0,4000,4000,3000,200,3800,0,100.0,100.0,100.0,0.4792018234729767,True,False,100000.0,111.2,,512,,4,,
cent_addition_24b39a77d4bd,centralized,P1,aprime_alpha,ladder,,,A',,,modular,groknet,mse,5,s_nm1,addition,adamw,97,256,3,quadratic,1.0,0,1000,5000,0.125,42,,,,,,,,,,,,,0,300000,100,0.0,0.001,0.1,95.0,inf,inf,inf,100,inf,0,0.7287744432687759,100.0,100.0,0.020542044192552567,False,True,300000.0,202.5,,512,,4,,
cent_addition_268bd4a6f29b,centralized,S1,central_anchor,anchor,,,B,,,modular,transformer,ce,5,s_nm1,addition,adamw,113,128,3,quadratic,1.0,0,1000,5000,0.5,123,,,,,,,,,,,,,0,30000,100,0.0,0.001,1.0,95.0,800,800,400,200,600.0,0,100.0,100.0,100.0,nan,True,False,30000.0,658.7,,512,,4,,
cent_addition_270f3aaf5867,centralized,S1,central_anchor,anchor,,,B,,,modular,transformer,ce,5,s_nm1,addition,adamw,113,128,3,quadratic,1.0,0,1000,5000,0.15,1011,,,,,,,,,,,,,0,30000,100,0.0,0.001,1.0,95.0,inf,inf,inf,100,inf,0,1.1516490951180458,100.0,100.0,nan,False,True,30000.0,215.6,,512,,4,,
cent_addition_2872a94567a3,centralized,S1,central_anchor,anchor,,,A,,,modular,groknet,mse,5,s_nm1,addition,gd,97,256,3,quadratic,1.0,0,1000,5000,0.25,789,,,,,,,,,,,,,0,30000,100,0.0,50.0,0.0,95.0,24400,24400,19400,3100,21300.0,0,100.0,100.0,100.0,0.22079646587371826,True,False,30000.0,25.1,,512,,4,,
cent_addition_2aaba853d090,centralized,P1,b_decay_band,decay,,,B,,,modular,transformer,ce,5,s_nm1,addition,adamw,113,128,3,quadratic,1.0,0,1000,5000,0.3,123,,,,,,,,,,,,,0,50000,50,0.0,0.001,0.3,95.0,18000,16000,13800,150,17850,1,100.0,100.0,100.0,nan,True,False,50000.0,435.0,,512,,4,,
cent_addition_2caa1c2e485b,centralized,T2,aggregation,exp2,,,A,cent_full,,modular,groknet,mse,5,s_nm1,addition,gd,97,256,3,quadratic,1.0,0,1000,5000,0.3,123,,,,,,,,,,,,,0,50000,100,0.0,50.0,0.0,95.0,12600,12600,10600,3700,8900,0,100.0,100.0,100.0,0.431866854429245,True,False,50000.0,42.2,,512,,4,,
cent_addition_2e87f218e1bf,centralized,S1,central_anchor,anchor,,,B,,,modular,transformer,ce,5,s_nm1,addition,adamw,113,128,3,quadratic,1.0,0,1000,5000,0.15,456,,,,,,,,,,,,,0,30000,100,0.0,0.001,1.0,95.0,inf,inf,inf,100,inf,0,0.479086022824049,100.0,100.0,nan,False,True,30000.0,237.7,,512,,4,,
cent_addition_2f38e299c806,centralized,T0,wd_grid,wd,,,,,,modular,groknet,mse,5,s_nm1,addition,gd,97,256,3,quadratic,1.0,0,1000,5000,0.5,789,,,,,,,,,,,,,0,50000,100,0.0,50.0,0.0,95.0,7500,7500,6700,5500,2000.0,0,100.0,100.0,100.0,0.4618021845817566,True,False,50000.0,49.6,,512,,4,,
cent_addition_2f60fd0633ea,centralized,T2,aggregation,exp2,,,A,cent_full,,modular,groknet,mse,5,s_nm1,addition,gd,97,256,3,quadratic,1.0,0,1000,5000,0.3,42,,,,,,,,,,,,,0,50000,100,0.0,50.0,0.0,95.0,12600,12600,10600,3700,8900,0,100.0,100.0,100.0,0.4217289686203003,True,False,50000.0,43.8,,512,,4,,
cent_addition_2fa479937e21,centralized,S1,central_anchor,anchor,,,A,,,modular,groknet,mse,5,s_nm1,addition,gd,97,256,3,quadratic,1.0,0,1000,5000,0.3,123,,,,,,,,,,,,,0,30000,100,0.0,50.0,0.0,95.0,12600,12600,10600,3700,8900.0,0,100.0,100.0,100.0,0.3505440354347229,True,False,30000.0,26.7,,512,,4,,
cent_addition_3033cdc8e4e4,centralized,T0,wd_grid,wd,,,,,,modular,groknet,mse,5,s_nm1,addition,gd,97,256,3,quadratic,1.0,0,1000,5000,0.5,123,,,,,,,,,,,,,0,50000,100,0.0,50.0,0.0,95.0,7600,7600,6800,5800,1800.0,0,100.0,100.0,100.0,0.45126527547836304,True,False,50000.0,49.2,,512,,4,,
cent_addition_304b115cef18,centralized,X,b_wd_zero_alpha,control,,,B,,,modular,transformer,ce,5,s_nm1,addition,adamw,113,128,3,quadratic,1.0,0,1000,5000,0.4,456,,,,,,,,,,,,,0,100000,50,0.0,0.001,0.0,95.0,inf,inf,inf,150,inf,0,14.147742092609406,100.0,100.0,nan,False,True,100000.0,3182.1,,512,,4,,
cent_addition_312c09936d90,centralized,S1,central_anchor,anchor,,,B,,,modular,transformer,ce,5,s_nm1,addition,adamw,113,128,3,quadratic,1.0,0,1000,5000,0.15,42,,,,,,,,,,,,,0,30000,100,0.0,0.001,1.0,95.0,inf,inf,inf,100,inf,0,0.8752533234655857,100.0,100.0,nan,False,True,30000.0,267.5,,512,,4,,
cent_addition_3190871767b2,centralized,P1,aprime_alpha,ladder,,,A',,,modular,groknet,mse,5,s_nm1,addition,adamw,97,256,3,quadratic,1.0,0,1000,5000,0.225,789,,,,,,,,,,,,,0,50000,25,0.0,0.001,0.1,95.0,825,825,600,75,750,0,100.0,100.0,100.0,0.47061336040496826,True,False,50000.0,41.8,,512,,4,,
cent_addition_321a051ef74a,centralized,T2,aggregation,exp2,,,B,cent_reduced,50,modular,transformer,ce,5,s_nm1,addition,adamw,113,128,3,quadratic,1.0,0,1000,5000,0.006,123,,,,,,,,,,,,,2000,200000,400,0.0,0.001,1.0,95.0,inf,inf,inf,400,inf,0,0.6775388028472662,100.0,100.0,nan,False,True,200000.0,800.7,,512,,4,,
cent_addition_32765c2fed9e,centralized,S1,central_anchor,anchor,,,A,,,modular,groknet,mse,5,s_nm1,addition,gd,97,256,3,quadratic,1.0,0,1000,5000,0.15,456,,,,,,,,,,,,,0,30000,100,0.0,50.0,0.0,95.0,inf,inf,inf,1900,inf,0,0.5376344546675682,100.0,100.0,0.022349420934915543,False,True,30000.0,22.6,,512,,4,,
cent_addition_33117932cfd2,centralized,T2,aggregation,exp2,,,A,cent_reduced,2,modular,groknet,mse,5,s_nm1,addition,gd,97,256,3,quadratic,1.0,0,1000,5000,0.15,42,,,,,,,,,,,,,1000,100000,200,0.0,50.0,0.0,95.0,inf,inf,inf,1800,inf,0,0.5376344546675682,100.0,100.0,0.021633397787809372,False,True,100000.0,91.2,,512,,4,,
cent_addition_3406b8ed31de,centralized,T2,aggregation,exp2,,,B,cent_reduced,5,modular,transformer,ce,5,s_nm1,addition,adamw,113,128,3,quadratic,1.0,0,1000,5000,0.06,456,,,,,,,,,,,,,2000,200000,400,0.0,0.001,1.0,95.0,inf,inf,inf,400,inf,0,0.3082562703639269,100.0,100.0,nan,False,True,200000.0,775.1,,512,,4,,
cent_addition_349cf86b105f,centralized,T0,wd_grid,wd,,,,,,modular,groknet,mse,5,s_nm1,addition,adamw,97,256,3,quadratic,1.0,0,1000,5000,0.5,42,,,,,,,,,,,,,0,50000,100,0.0,0.001,0.01,95.0,200,200,200,200,0.0,0,100.0,100.0,100.0,0.4891294836997986,True,False,50000.0,53.9,,512,,4,,
cent_addition_34b66a1194f3,centralized,X,b_wd_zero_alpha,control,,,B,,,modular,transformer,ce,5,s_nm1,addition,adamw,113,128,3,quadratic,1.0,0,1000,5000,0.8,456,,,,,,,,,,,,,0,100000,50,0.0,0.001,0.0,95.0,87550,1650,100,150,87400,6,98.15974831581116,100.0,100.0,nan,True,False,100000.0,4329.8,,512,,4,,
cent_addition_3502d83f589b,centralized,S1,central_anchor,anchor,,,B,,,modular,transformer,ce,5,s_nm1,addition,adamw,113,128,3,quadratic,1.0,0,1000,5000,0.4,42,,,,,,,,,,,,,0,30000,100,0.0,0.001,1.0,95.0,1400,1400,1100,200,1200.0,0,99.99999403953552,100.0,100.0,nan,True,False,30000.0,526.7,,512,,4,,
cent_addition_36015439691a,centralized,P1,b_decay_band,decay,,,B,,,modular,transformer,ce,5,s_nm1,addition,adamw,113,128,3,quadratic,1.0,0,1000,5000,0.3,42,,,,,,,,,,,,,0,50000,50,0.0,0.001,0.3,95.0,20000,20000,18950,150,19850,0,100.0,100.0,100.0,nan,True,False,50000.0,441.3,,512,,4,,
cent_addition_365711c4de33,centralized,S1,central_anchor,anchor,,,A,,,modular,groknet,mse,5,s_nm1,addition,gd,97,256,3,quadratic,1.0,0,1000,5000,0.3,1011,,,,,,,,,,,,,0,30000,100,0.0,50.0,0.0,95.0,13100,13100,11200,3700,9400.0,0,100.0,100.0,100.0,0.33084213733673096,True,False,30000.0,27.3,,512,,4,,
cent_addition_3735f29ebea7,centralized,T0,wd_grid,wd,,,,,,modular,groknet,mse,5,s_nm1,addition,gd,97,256,3,quadratic,1.0,0,1000,5000,0.5,1011,,,,,,,,,,,,,0,50000,100,0.0,50.0,2e-07,95.0,7700,7700,7000,5900,1800.0,0,100.0,100.0,100.0,0.4763534963130951,True,False,50000.0,50.1,,512,,4,,
cent_addition_38264873f7fb,centralized,P1,b_wd01_alpha_ladder,ladder,,,B,,,modular,transformer,ce,5,s_nm1,addition,adamw,113,128,3,quadratic,1.0,0,1000,5000,0.4,42,,,,,,,,,,,,,0,60000,50,0.0,0.001,0.1,95.0,36400,15500,11450,150,36250,3,99.99999403953552,100.0,100.0,nan,True,False,60000.0,2095.1,,512,,4,,
cent_addition_385f15fb8dd7,centralized,P1,aprime_alpha,ladder,,,A',,,modular,groknet,mse,5,s_nm1,addition,adamw,97,256,3,quadratic,1.0,0,1000,5000,0.225,456,,,,,,,,,,,,,0,50000,25,0.0,0.001,0.1,95.0,900,900,725,75,825,0,100.0,100.0,100.0,0.4590781629085541,True,False,50000.0,42.2,,512,,4,,
cent_addition_39607d27852f,centralized,S1,central_anchor,anchor,,,A,,,modular,groknet,mse,5,s_nm1,addition,gd,97,256,3,quadratic,1.0,0,1000,5000,0.15,1011,,,,,,,,,,,,,0,30000,100,0.0,50.0,0.0,95.0,inf,inf,inf,2000,inf,0,0.600150041282177,100.0,100.0,0.02118654176592827,False,True,30000.0,17.6,,512,,4,,
cent_addition_397795d3aba9,centralized,T0,wd_grid,wd,,,,,,modular,groknet,mse,5,s_nm1,addition,gd,97,256,3,quadratic,1.0,0,1000,5000,0.5,42,,,,,,,,,,,,,0,50000,100,0.0,50.0,2e-07,95.0,7600,7600,6900,5800,1800.0,0,100.0,100.0,100.0,0.4597246050834656,True,False,50000.0,50.2,,512,,4,,
cent_addition_39df4942423c,centralized,P0,capacity,width,,,A',,,modular,groknet,mse,5,s_nm1,addition,adamw,97,256,3,quadratic,1.0,0,1000,5000,0.2,123,,,,,,,,,,,,,0,50000,50,0.0,0.001,0.1,95.0,3900,3900,2850,100,3800,0,100.0,100.0,100.0,0.47303467988967896,True,False,50000.0,41.8,,512,,4,,
cent_addition_3d323803ddb9,centralized,S1,central_anchor,anchor,,,B,,,modular,transformer,ce,5,s_nm1,addition,adamw,113,128,3,quadratic,1.0,0,1000,5000,0.25,456,,,,,,,,,,,,,0,30000,100,0.0,0.001,1.0,95.0,19700,12400,11800,200,19500.0,1,100.0,100.0,100.0,nan,True,False,30000.0,322.7,,512,,4,,
cent_addition_3d6eb2b11427,centralized,P1,b_wd01_alpha_ladder,ladder,,,B,,,modular,transformer,ce,5,s_nm1,addition,adamw,113,128,3,quadratic,1.0,0,1000,5000,0.5,123,,,,,,,,,,,,,0,60000,50,0.0,0.001,0.1,95.0,36100,6550,2450,150,35950,1,100.0,100.0,100.0,nan,True,False,60000.0,2380.0,,512,,4,,
cent_addition_3db3fec4e41e,centralized,P0,capacity,width,,,B,,,modular,transformer,ce,5,s_nm1,addition,adamw,113,64,3,quadratic,1.0,0,1000,5000,0.3,123,,,,,,,,,,,,,0,100000,50,0.0,0.001,1.0,95.0,4650,4650,3950,200,4450,0,100.0,100.0,100.0,nan,True,False,100000.0,685.1,,512,,4,,
cent_addition_3ddc4053eb73,centralized,S1,central_anchor,anchor,,,B,,,modular,transformer,ce,5,s_nm1,addition,adamw,113,128,3,quadratic,1.0,0,1000,5000,0.25,42,,,,,,,,,,,,,0,30000,100,0.0,0.001,1.0,95.0,8200,8200,7500,200,8000.0,0,100.0,100.0,100.0,nan,True,False,30000.0,310.3,,512,,4,,
cent_addition_3ee194941e29,centralized,T2,aggregation,exp2,,,B,cent_reduced,2,modular,transformer,ce,5,s_nm1,addition,adamw,113,128,3,quadratic,1.0,0,1000,5000,0.15,42,,,,,,,,,,,,,2000,200000,400,0.0,0.001,1.0,95.0,80800,77200,70000,400,80400,1,99.71438646316528,100.0,100.0,nan,True,False,200000.0,925.3,,512,,4,,
cent_addition_40e5a1c4369a,centralized,P0,capacity,width,,,B,,,modular,transformer,ce,5,s_nm1,addition,adamw,113,64,3,quadratic,1.0,0,1000,5000,0.3,456,,,,,,,,,,,,,0,100000,50,0.0,0.001,1.0,95.0,81700,3750,3350,200,81500,2,100.0,100.0,100.0,nan,True,False,100000.0,684.7,,512,,4,,
cent_addition_416343bed703,centralized,T0,wd_grid,wd,,,,,,modular,groknet,mse,5,s_nm1,addition,adamw,97,256,3,quadratic,1.0,0,1000,5000,0.5,42,,,,,,,,,,,,,0,50000,100,0.0,0.001,0.0,95.0,200,200,200,200,0.0,0,100.0,100.0,100.0,0.4842679500579834,True,False,50000.0,48.1,,512,,4,,
cent_addition_41e78eb5c56f,centralized,T0,wd_grid,wd,,,,,,modular,groknet,mse,5,s_nm1,addition,gd,97,256,3,quadratic,1.0,0,1000,5000,0.5,42,,,,,,,,,,,,,0,50000,100,0.0,50.0,2e-06,95.0,8300,8300,7500,6700,1600.0,0,100.0,100.0,100.0,0.4144926071166992,True,False,50000.0,50.1,,512,,4,,
cent_addition_42ace54d9312,centralized,X,b_wd_zero_a04_long,control,,,B,,,modular,transformer,ce,5,s_nm1,addition,adamw,113,128,3,quadratic,1.0,0,1000,5000,0.4,456,,,,,,,,,,,,,0,1000000,50,0.0,0.001,0.0,95.0,inf,inf,362900,150,inf,0,70.2166497707367,100.0,100.0,nan,False,True,1000000.0,23201.5,,512,,4,,
cent_addition_4307e48dcd95,centralized,T2,aggregation,exp2,,,A,cent_reduced,5,modular,groknet,mse,5,s_nm1,addition,gd,97,256,3,quadratic,1.0,0,1000,5000,0.06,42,,,,,,,,,,,,,1000,100000,200,0.0,50.0,0.0,95.0,inf,inf,inf,1000,inf,0,0.15828150790184736,99.99999403953552,99.99999403953552,0.020002784207463264,False,True,100000.0,91.3,,512,,4,,
cent_addition_43280c7a0d1a,centralized,P1,b_wd01_alpha_ladder,ladder,,,B,,,modular,transformer,ce,5,s_nm1,addition,adamw,113,128,3,quadratic,1.0,0,1000,5000,0.4,456,,,,,,,,,,,,,0,60000,50,0.0,0.001,0.1,95.0,36450,17350,13250,150,36300,1,99.99999403953552,100.0,100.0,nan,True,False,60000.0,2095.9,,512,,4,,
cent_addition_44b28178d403,centralized,X,b_wd_zero_alpha,control,,,B,,,modular,transformer,ce,5,s_nm1,addition,adamw,113,128,3,quadratic,1.0,0,1000,5000,0.5,123,,,,,,,,,,,,,0,100000,50,0.0,0.001,0.0,95.0,inf,inf,44600,150,inf,0,69.56930160522461,100.0,100.0,nan,False,True,100000.0,3946.3,,512,,4,,
cent_addition_45f8489ee52d,centralized,X,b_wd_zero_alpha,control,,,B,,,modular,transformer,ce,5,s_nm1,addition,adamw,113,128,3,quadratic,1.0,0,1000,5000,0.8,123,,,,,,,,,,,,,0,100000,50,0.0,0.001,0.0,95.0,38150,450,100,150,38000,2,99.33437705039978,100.0,100.0,nan,True,False,100000.0,4949.0,,512,,4,,
cent_addition_48c782ddf4ef,centralized,P1,aprime_alpha,ladder,,,A',,,modular,groknet,mse,5,s_nm1,addition,adamw,97,256,3,quadratic,1.0,0,1000,5000,0.4,456,,,,,,,,,,,,,0,5000,10,0.0,0.001,0.1,95.0,200,200,180,110,90,0,100.0,100.0,100.0,0.5086763501167297,True,False,5000.0,6.3,,512,,4,,
cent_addition_4923ebcac7d6,centralized,S1,central_anchor,anchor,,,A,,,modular,groknet,mse,5,s_nm1,addition,gd,97,256,3,quadratic,1.0,0,1000,5000,0.15,789,,,,,,,,,,,,,0,30000,100,0.0,50.0,0.0,95.0,inf,inf,inf,1900,inf,0,0.612653186544776,100.0,100.0,0.021971851587295532,False,True,30000.0,17.3,,512,,4,,
cent_addition_4a90b6baeba4,centralized,P0,capacity,width,,,A',,,modular,groknet,mse,5,s_nm1,addition,adamw,97,512,3,quadratic,1.0,0,1000,5000,0.2,123,,,,,,,,,,,,,0,50000,50,0.0,0.001,0.1,95.0,inf,inf,inf,50,inf,0,0.7970244623720646,100.0,100.0,0.021977122873067856,False,True,50000.0,51.7,,512,,4,,
cent_addition_4fc993ead104,centralized,T2,aggregation,exp2,,,A',cent_reduced,10,modular,groknet,mse,5,s_nm1,addition,adamw,97,256,3,quadratic,1.0,0,1000,5000,0.02,42,,,,,,,,,,,,,2000,200000,400,0.0,0.001,0.1,95.0,inf,inf,inf,400,inf,0,0.021689620916731656,99.99999403953552,99.99999403953552,0.016505904495716095,False,True,200000.0,202.6,,512,,4,,
cent_addition_5050797dd9ee,centralized,P1,aprime_alpha,ladder,,,A',,,modular,groknet,mse,5,s_nm1,addition,adamw,97,256,3,quadratic,1.0,0,1000,5000,0.15,123,,,,,,,,,,,,,0,300000,100,0.0,0.001,0.1,95.0,inf,inf,inf,100,inf,0,0.9377344511449337,100.0,100.0,0.022656941786408424,False,True,300000.0,208.4,,512,,4,,
cent_addition_50923e6dab74,centralized,P1,aprime_alpha,ladder,,,A',,,modular,groknet,mse,5,s_nm1,addition,adamw,97,256,3,quadratic,1.0,0,1000,5000,0.15,1011,,,,,,,,,,,,,0,300000,100,0.0,0.001,0.1,95.0,inf,inf,inf,100,inf,0,0.6376594305038452,100.0,100.0,0.02170499414205551,False,True,300000.0,213.9,,512,,4,,
cent_addition_55f67fcfc575,centralized,S1,central_anchor,anchor,,,B,,,modular,transformer,ce,5,s_nm1,addition,adamw,113,128,3,quadratic,1.0,0,1000,5000,0.2,1011,,,,,,,,,,,,,0,30000,100,0.0,0.001,1.0,95.0,20300,20300,19700,200,20100.0,0,99.96084570884705,100.0,100.0,nan,True,False,30000.0,280.3,,512,,4,,
cent_addition_56bd9852ab39,centralized,T0,wd_grid,wd,,,,,,modular,groknet,mse,5,s_nm1,addition,adamw,97,256,3,quadratic,1.0,0,1000,5000,0.5,42,,,,,,,,,,,,,0,50000,100,0.0,0.001,0.1,95.0,200,200,200,200,0.0,0,100.0,100.0,100.0,0.4818727374076843,True,False,50000.0,54.4,,512,,4,,
cent_addition_57e5d72e0daf,centralized,T0,wd_grid,wd,,,,,,modular,groknet,mse,5,s_nm1,addition,adamw,97,256,3,quadratic,1.0,0,1000,5000,0.5,123,,,,,,,,,,,,,0,50000,100,0.0,0.001,1.0,95.0,200,200,200,200,0.0,0,100.0,100.0,100.0,0.3942168951034546,True,False,50000.0,52.7,,512,,4,,
cent_addition_57e9c1274e3c,centralized,P1,b_decay_band,decay,,,B,,,modular,transformer,ce,5,s_nm1,addition,adamw,113,128,3,quadratic,1.0,0,1000,5000,0.3,123,,,,,,,,,,,,,0,50000,50,0.0,0.001,0.01,95.0,inf,inf,inf,150,inf,0,5.201924219727516,100.0,100.0,nan,False,True,50000.0,450.1,,512,,4,,
cent_addition_589918a93788,centralized,T0,wd_grid,wd,,,,,,modular,groknet,mse,5,s_nm1,addition,gd,97,256,3,quadratic,1.0,0,1000,5000,0.5,123,,,,,,,,,,,,,0,50000,100,0.0,50.0,2e-05,95.0,inf,inf,inf,inf,inf,0,1.0201912373304367,1.041666604578495,8.439625799655914,0.0,False,True,50000.0,45.8,,512,,4,,
cent_addition_58fbc6a051cc,centralized,T0,wd_grid,wd,,,,,,modular,groknet,mse,5,s_nm1,addition,gd,97,256,3,quadratic,1.0,0,1000,5000,0.5,789,,,,,,,,,,,,,0,50000,100,0.0,50.0,2e-06,95.0,8200,8200,7300,6500,1700.0,0,100.0,100.0,100.0,0.4093312621116638,True,False,50000.0,47.5,,512,,4,,
cent_addition_590b542e2feb,centralized,P1,b_decay_band,decay,,,B,,,modular,transformer,ce,5,s_nm1,addition,adamw,113,128,3,quadratic,1.0,0,1000,5000,0.3,456,,,,,,,,,,,,,0,50000,50,0.0,0.001,0.01,95.0,inf,inf,inf,150,inf,0,3.591005876660347,100.0,100.0,nan,False,True,50000.0,439.0,,512,,4,,
cent_addition_5a1a936e5bbb,centralized,S1,central_anchor,anchor,,,A,,,modular,groknet,mse,5,s_nm1,addition,gd,97,256,3,quadratic,1.0,0,1000,5000,0.4,456,,,,,,,,,,,,,0,30000,100,0.0,50.0,0.0,95.0,8800,8800,7800,5400,3400.0,0,100.0,100.0,100.0,0.3740992546081543,True,False,30000.0,34.8,,512,,4,,
cent_addition_5a1f88debba1,centralized,T2,aggregation,exp2,,,A',cent_reduced,50,modular,groknet,mse,5,s_nm1,addition,adamw,97,256,3,quadratic,1.0,0,1000,5000,0.004,456,,,,,,,,,,,,,2000,200000,400,0.0,0.001,0.1,95.0,inf,inf,inf,400,inf,0,0.5975245498120785,100.0,100.0,0.013114402070641518,False,True,200000.0,221.2,,512,,4,,
cent_addition_5aa03c11820d,centralized,P1,aprime_alpha,ladder,,,A',,,modular,groknet,mse,5,s_nm1,addition,adamw,97,256,3,quadratic,1.0,0,1000,5000,0.2,456,,,,,,,,,,,,,0,300000,100,0.0,0.001,0.1,95.0,8500,8500,4900,100,8400,0,100.0,100.0,100.0,0.4935918152332306,True,False,300000.0,214.8,,512,,4,,
cent_addition_5c9b423105b1,centralized,T2,aggregation,exp2,,,A,cent_reduced,5,modular,groknet,mse,5,s_nm1,addition,gd,97,256,3,quadratic,1.0,0,1000,5000,0.06,456,,,,,,,,,,,,,1000,100000,200,0.0,50.0,0.0,95.0,inf,inf,inf,1000,inf,0,0.07914075395092368,99.99999403953552,99.99999403953552,0.02026521973311901,False,True,100000.0,83.4,,512,,4,,
cent_addition_5e3362fbcc50,centralized,T0,wd_grid,wd,,,,,,modular,groknet,mse,5,s_nm1,addition,adamw,97,256,3,quadratic,1.0,0,1000,5000,0.5,456,,,,,,,,,,,,,0,50000,100,0.0,0.001,0.0,95.0,200,200,200,200,0.0,0,100.0,100.0,100.0,0.4929081201553345,True,False,50000.0,51.6,,512,,4,,
cent_addition_5f7a2db6a8c9,centralized,T0,wd_grid,wd,,,,,,modular,groknet,mse,5,s_nm1,addition,gd,97,256,3,quadratic,1.0,0,1000,5000,0.5,42,,,,,,,,,,,,,0,50000,100,0.0,50.0,2e-05,95.0,inf,inf,inf,inf,inf,0,1.041445229202509,1.0204081423580647,8.03571417927742,0.0,False,True,50000.0,47.5,,512,,4,,
cent_addition_5fa68c0f03e4,centralized,P1,aprime_alpha,ladder,,,A',,,modular,groknet,mse,5,s_nm1,addition,adamw,97,256,3,quadratic,1.0,0,1000,5000,0.4,789,,,,,,,,,,,,,0,5000,10,0.0,0.001,0.1,95.0,190,190,170,110,80,0,100.0,100.0,100.0,0.49151891469955444,True,False,5000.0,7.0,,512,,4,,
cent_addition_5fd84002b58e,centralized,T0,wd_grid,wd,,,,,,modular,groknet,mse,5,s_nm1,addition,adamw,97,256,3,quadratic,1.0,0,1000,5000,0.5,42,,,,,,,,,,,,,0,50000,100,0.0,0.001,1.0,95.0,200,200,200,200,0.0,0,100.0,100.0,100.0,0.3998159170150757,True,False,50000.0,52.1,,512,,4,,
cent_addition_6120d72ee78a,centralized,S1,central_anchor,anchor,,,B,,,modular,transformer,ce,5,s_nm1,addition,adamw,113,128,3,quadratic,1.0,0,1000,5000,0.5,456,,,,,,,,,,,,,0,30000,100,0.0,0.001,1.0,95.0,900,900,400,200,700.0,0,100.0,100.0,100.0,nan,True,False,30000.0,654.5,,512,,4,,
cent_addition_629592124d4c,centralized,S1,central_anchor,anchor,,,A,,,modular,groknet,mse,5,s_nm1,addition,gd,97,256,3,quadratic,1.0,0,1000,5000,0.4,123,,,,,,,,,,,,,0,30000,100,0.0,50.0,0.0,95.0,8900,8900,7800,5200,3700.0,0,100.0,100.0,100.0,0.38961923122406006,True,False,30000.0,34.5,,512,,4,,
cent_addition_67404e4470e8,centralized,S1,central_anchor,anchor,,,A,,,modular,groknet,mse,5,s_nm1,addition,gd,97,256,3,quadratic,1.0,0,1000,5000,0.25,456,,,,,,,,,,,,,0,30000,100,0.0,50.0,0.0,95.0,26900,26900,21200,3200,23700.0,0,99.75910782814026,100.0,100.0,0.18501363694667816,True,False,30000.0,25.5,,512,,4,,
cent_addition_67f1e2b678d5,centralized,T2,aggregation,exp2,,,A,cent_reduced,20,modular,groknet,mse,5,s_nm1,addition,gd,97,256,3,quadratic,1.0,0,1000,5000,0.015,123,,,,,,,,,,,,,1000,100000,200,0.0,50.0,0.0,95.0,inf,inf,inf,200,inf,0,0.08631851524114609,99.99999403953552,99.99999403953552,0.019943948835134506,False,True,100000.0,85.4,,512,,4,,
cent_addition_682a58600453,centralized,T0,wd_grid,wd,,,,,,modular,groknet,mse,5,s_nm1,addition,adamw,97,256,3,quadratic,1.0,0,1000,5000,0.5,456,,,,,,,,,,,,,0,50000,100,0.0,0.001,1.0,95.0,200,200,200,200,0.0,0,100.0,100.0,100.0,0.3940773904323578,True,False,50000.0,53.2,,512,,4,,
cent_addition_6a81be1a0f38,centralized,T0,wd_grid,wd,,,,,,modular,groknet,mse,5,s_nm1,addition,adamw,97,256,3,quadratic,1.0,0,1000,5000,0.5,1011,,,,,,,,,,,,,0,50000,100,0.0,0.001,0.0,95.0,200,200,200,200,0.0,0,100.0,100.0,100.0,0.4903842806816101,True,False,50000.0,51.9,,512,,4,,
cent_addition_6c5606ee9d88,centralized,P1,aprime_alpha,ladder,,,A',,,modular,groknet,mse,5,s_nm1,addition,adamw,97,256,3,quadratic,1.0,0,1000,5000,0.2,1011,,,,,,,,,,,,,0,300000,100,0.0,0.001,0.1,95.0,6200,6200,4400,100,6100,0,100.0,100.0,100.0,0.4806438982486725,True,False,300000.0,189.1,,512,,4,,
cent_addition_6d40cc79b42d,centralized,S1,central_anchor,anchor,,,A,,,modular,groknet,mse,5,s_nm1,addition,gd,97,256,3,quadratic,1.0,0,1000,5000,0.25,123,,,,,,,,,,,,,0,30000,100,0.0,50.0,0.0,95.0,25300,25300,20400,3300,22000.0,0,99.97166395187378,100.0,100.0,0.21658924221992493,True,False,30000.0,25.2,,512,,4,,
cent_addition_7077012f9774,centralized,X,b_wd_zero_alpha,control,,,B,,,modular,transformer,ce,5,s_nm1,addition,adamw,113,128,3,quadratic,1.0,0,1000,5000,0.6,42,,,,,,,,,,,,,0,100000,50,0.0,0.001,0.0,95.0,95300,95300,150,150,95150,0,95.47768235206604,100.0,100.0,nan,True,False,100000.0,4682.8,,512,,4,,
cent_addition_72ac646bbdd7,centralized,X,b_wd_zero_alpha,control,,,B,,,modular,transformer,ce,5,s_nm1,addition,adamw,113,128,3,quadratic,1.0,0,1000,5000,0.7,123,,,,,,,,,,,,,0,100000,50,0.0,0.001,0.0,95.0,88400,29000,150,150,88250,261,96.45000696182251,100.0,100.0,nan,True,False,100000.0,5128.3,,512,,4,,
cent_addition_72f89a630079,centralized,P1,aprime_alpha,ladder,,,A',,,modular,groknet,mse,5,s_nm1,addition,adamw,97,256,3,quadratic,1.0,0,1000,5000,0.3,42,,,,,,,,,,,,,0,5000,10,0.0,0.001,0.1,95.0,290,290,240,90,200,0,100.0,100.0,100.0,0.47005200386047363,True,False,5000.0,6.7,,512,,4,,
cent_addition_75b4d9b2b200,centralized,T2,aggregation,exp2,,,A',cent_reduced,2,modular,groknet,mse,5,s_nm1,addition,adamw,97,256,3,quadratic,1.0,0,1000,5000,0.1,456,,,,,,,,,,,,,2000,200000,400,0.0,0.001,0.1,95.0,inf,inf,inf,400,inf,0,0.7911205291748047,99.99999403953552,99.99999403953552,0.02034243941307068,False,True,200000.0,202.8,,512,,4,,
cent_addition_75ee388e843f,centralized,S1,central_anchor,anchor,,,B,,,modular,transformer,ce,5,s_nm1,addition,adamw,113,128,3,quadratic,1.0,0,1000,5000,0.15,123,,,,,,,,,,,,,0,30000,100,0.0,0.001,1.0,95.0,inf,inf,inf,100,inf,0,1.0503039695322514,100.0,100.0,nan,False,True,30000.0,261.3,,512,,4,,
cent_addition_7704c51f0246,centralized,T2,aggregation,exp2,,,B,cent_reduced,10,modular,transformer,ce,5,s_nm1,addition,adamw,113,128,3,quadratic,1.0,0,1000,5000,0.03,42,,,,,,,,,,,,,2000,200000,400,0.0,0.001,1.0,95.0,inf,inf,inf,400,inf,0,0.7185532245784998,100.0,100.0,nan,False,True,200000.0,737.3,,512,,4,,
cent_addition_786467c4dd25,centralized,T0,wd_grid,wd,,,,,,modular,groknet,mse,5,s_nm1,addition,adamw,97,256,3,quadratic,1.0,0,1000,5000,0.5,789,,,,,,,,,,,,,0,50000,100,0.0,0.001,0.01,95.0,200,200,200,200,0.0,0,100.0,100.0,100.0,0.4949483871459961,True,False,50000.0,54.6,,512,,4,,
cent_addition_78c808a7eac7,centralized,P1,aprime_alpha,ladder,,,A',,,modular,groknet,mse,5,s_nm1,addition,adamw,97,256,3,quadratic,1.0,0,1000,5000,0.15,456,,,,,,,,,,,,,0,300000,100,0.0,0.001,0.1,95.0,inf,inf,inf,100,inf,0,0.8127031847834587,100.0,100.0,0.021078018471598625,False,True,300000.0,207.7,,512,,4,,
cent_addition_7a31b2c35e57,centralized,X,b_wd_zero_alpha,control,,,B,,,modular,transformer,ce,5,s_nm1,addition,adamw,113,128,3,quadratic,1.0,0,1000,5000,0.5,42,,,,,,,,,,,,,0,100000,50,0.0,0.001,0.0,95.0,inf,inf,inf,150,inf,0,43.0853545665741,100.0,100.0,nan,False,True,100000.0,3939.5,,512,,4,,
cent_addition_80dcdbed3cdf,centralized,T2,aggregation,exp2,,,B,cent_reduced,10,modular,transformer,ce,5,s_nm1,addition,adamw,113,128,3,quadratic,1.0,0,1000,5000,0.03,456,,,,,,,,,,,,,2000,200000,400,0.0,0.001,1.0,95.0,inf,inf,inf,400,inf,0,0.5651542451232672,100.0,100.0,nan,False,True,200000.0,851.4,,512,,4,,
cent_addition_8232c7defd44,centralized,P1,b_wd01_alpha_ladder,ladder,,,B,,,modular,transformer,ce,5,s_nm1,addition,adamw,113,128,3,quadratic,1.0,0,1000,5000,0.6,123,,,,,,,,,,,,,0,60000,50,0.0,0.001,0.1,95.0,52400,4550,150,150,52250,2,100.0,100.0,100.0,nan,True,False,60000.0,2743.9,,512,,4,,
cent_addition_824fdc95cb2b,centralized,T2,aggregation,exp2,,,B,cent_reduced,50,modular,transformer,ce,5,s_nm1,addition,adamw,113,128,3,quadratic,1.0,0,1000,5000,0.006,456,,,,,,,,,,,,,2000,200000,400,0.0,0.001,1.0,95.0,inf,inf,inf,400,inf,0,0.8429843001067638,100.0,100.0,nan,False,True,200000.0,784.7,,512,,4,,
cent_addition_82c8f1e5e2ae,centralized,P1,aprime_alpha,ladder,,,A',,,modular,groknet,mse,5,s_nm1,addition,adamw,97,256,3,quadratic,1.0,0,1000,5000,0.25,1011,,,,,,,,,,,,,0,50000,25,0.0,0.001,0.1,95.0,525,525,425,100,425,0,100.0,100.0,100.0,0.474702924489975,True,False,50000.0,42.7,,512,,4,,
cent_addition_83190c21a27c,centralized,T0,wd_grid,wd,,,,,,modular,groknet,mse,5,s_nm1,addition,gd,97,256,3,quadratic,1.0,0,1000,5000,0.5,789,,,,,,,,,,,,,0,50000,100,0.0,50.0,2e-05,95.0,inf,inf,inf,inf,inf,0,1.381509006023407,0.6802720949053764,9.52380895614624,0.0,False,True,50000.0,48.8,,512,,4,,
cent_addition_83e0fcb915c0,centralized,P1,aprime_alpha,ladder,,,A',,,modular,groknet,mse,5,s_nm1,addition,adamw,97,256,3,quadratic,1.0,0,1000,5000,0.125,1011,,,,,,,,,,,,,0,300000,100,0.0,0.001,0.1,95.0,inf,inf,inf,100,inf,0,1.0324304923415184,100.0,100.0,0.02092324197292328,False,True,300000.0,204.3,,512,,4,,
cent_addition_84d5f61ab71c,centralized,P1,aprime_alpha,ladder,,,A',,,modular,groknet,mse,5,s_nm1,addition,adamw,97,256,3,quadratic,1.0,0,1000,5000,0.175,789,,,,,,,,,,,,,0,300000,100,0.0,0.001,0.1,95.0,inf,inf,inf,100,inf,0,39.86860513687134,100.0,100.0,0.16333357989788055,False,True,300000.0,204.5,,512,,4,,
cent_addition_857fcc011203,centralized,S1,central_anchor,anchor,,,A,,,modular,groknet,mse,5,s_nm1,addition,gd,97,256,3,quadratic,1.0,0,1000,5000,0.5,123,,,,,,,,,,,,,0,30000,100,0.0,50.0,0.0,95.0,7600,7600,6800,5800,1800.0,0,100.0,100.0,100.0,0.403878778219223,True,False,30000.0,37.0,,512,,4,,
cent_addition_862889784e63,centralized,S1,central_anchor,anchor,,,B,,,modular,transformer,ce,5,s_nm1,addition,adamw,113,128,3,quadratic,1.0,0,1000,5000,0.3,42,,,,,,,,,,,,,0,30000,100,0.0,0.001,1.0,95.0,6100,6100,5700,200,5900.0,0,100.0,100.0,100.0,nan,True,False,30000.0,251.7,,512,,4,,
cent_addition_86d07206ee9a,centralized,T2,aggregation,exp2,,,A',cent_reduced,50,modular,groknet,mse,5,s_nm1,addition,adamw,97,256,3,quadratic,1.0,0,1000,5000,0.004,123,,,,,,,,,,,,,2000,200000,400,0.0,0.001,0.1,95.0,inf,inf,inf,400,inf,0,0.5655142944306135,100.0,100.0,0.012984754517674446,False,True,200000.0,203.4,,512,,4,,
cent_addition_871619b385b7,centralized,T0,wd_grid,wd,,,,,,modular,groknet,mse,5,s_nm1,addition,adamw,97,256,3,quadratic,1.0,0,1000,5000,0.5,789,,,,,,,,,,,,,0,50000,100,0.0,0.001,1.0,95.0,200,200,200,200,0.0,0,100.0,100.0,100.0,0.3903008997440338,True,False,50000.0,53.1,,512,,4,,
cent_addition_8853330ebaee,centralized,T0,wd_grid,wd,,,,,,modular,groknet,mse,5,s_nm1,addition,gd,97,256,3,quadratic,1.0,0,1000,5000,0.5,123,,,,,,,,,,,,,0,50000,100,0.0,50.0,0.0002,95.0,inf,inf,inf,inf,inf,0,1.0201912373304367,1.041666604578495,3.103741444647312,0.0,False,True,50000.0,45.4,,512,,4,,
cent_addition_88faf8d6cf9e,centralized,T0,wd_grid,wd,,,,,,modular,groknet,mse,5,s_nm1,addition,gd,97,256,3,quadratic,1.0,0,1000,5000,0.5,1011,,,,,,,,,,,,,0,50000,100,0.0,50.0,0.0002,95.0,inf,inf,inf,inf,inf,0,1.1264611966907978,0.9353741072118282,2.8911564499139786,0.0,False,True,50000.0,47.6,,512,,4,,
cent_addition_896393cf97e5,centralized,S1,central_anchor,anchor,,,B,,,modular,transformer,ce,5,s_nm1,addition,adamw,113,128,3,quadratic,1.0,0,1000,5000,0.5,1011,,,,,,,,,,,,,0,30000,100,0.0,0.001,1.0,95.0,600,600,400,200,400.0,0,100.0,100.0,100.0,nan,True,False,30000.0,494.6,,512,,4,,
cent_addition_899de3c282d1,centralized,P1,aprime_alpha,ladder,,,A',,,modular,groknet,mse,5,s_nm1,addition,adamw,97,256,3,quadratic,1.0,0,1000,5000,0.225,123,,,,,,,,,,,,,0,50000,25,0.0,0.001,0.1,95.0,800,800,625,75,725,0,100.0,100.0,100.0,0.47005388140678406,True,False,50000.0,41.2,,512,,4,,
cent_addition_8adabcc68feb,centralized,T0,wd_grid,wd,,,,,,modular,groknet,mse,5,s_nm1,addition,adamw,97,256,3,quadratic,1.0,0,1000,5000,0.5,789,,,,,,,,,,,,,0,50000,100,0.0,0.001,0.1,95.0,200,200,200,200,0.0,0,100.0,100.0,100.0,0.4979214072227478,True,False,50000.0,53.6,,512,,4,,
cent_addition_8bb53d3a6902,centralized,P0,capacity,width,,,B,,,modular,transformer,ce,5,s_nm1,addition,adamw,113,128,3,quadratic,1.0,0,1000,5000,0.3,42,,,,,,,,,,,,,0,100000,50,0.0,0.001,1.0,95.0,6100,6100,5700,150,5950,0,100.0,100.0,100.0,nan,True,False,100000.0,869.8,,512,,4,,
cent_addition_8c3d81f32149,centralized,P0,capacity,width,,,B,,,modular,transformer,ce,5,s_nm1,addition,adamw,113,256,3,quadratic,1.0,0,1000,5000,0.3,123,,,,,,,,,,,,,0,100000,50,0.0,0.001,1.0,95.0,89450,2650,2350,100,89350,3,100.0,100.0,100.0,nan,True,False,100000.0,1444.6,,512,,4,,
cent_addition_8c98b19f15ef,centralized,S1,central_anchor,anchor,,,A,,,modular,groknet,mse,5,s_nm1,addition,gd,97,256,3,quadratic,1.0,0,1000,5000,0.15,42,,,,,,,,,,,,,0,30000,100,0.0,50.0,0.0,95.0,inf,inf,inf,1800,inf,0,0.45011253096163273,100.0,100.0,0.021948939189314842,False,True,30000.0,38.4,,512,,4,,
cent_addition_8eecb43cdf1d,centralized,P1,b_decay_band,decay,,,B,,,modular,transformer,ce,5,s_nm1,addition,adamw,113,128,3,quadratic,1.0,0,1000,5000,0.3,456,,,,,,,,,,,,,0,50000,50,0.0,0.001,0.3,95.0,49350,18100,16000,150,49200,1,99.98881816864014,100.0,100.0,nan,True,False,50000.0,440.7,,512,,4,,
cent_addition_905d533e34f3,centralized,X,b_wd_zero_a04_long,control,,,B,,,modular,transformer,ce,5,s_nm1,addition,adamw,113,128,3,quadratic,1.0,0,1000,5000,0.4,123,,,,,,,,,,,,,0,1000000,50,0.0,0.001,0.0,95.0,inf,inf,243850,150,inf,0,63.67788910865784,100.0,100.0,nan,False,True,1000000.0,23201.8,,512,,4,,
cent_addition_90b3fb458e07,centralized,P0,capacity,width,,,A',,,modular,groknet,mse,5,s_nm1,addition,adamw,97,256,3,quadratic,1.0,0,1000,5000,0.2,456,,,,,,,,,,,,,0,50000,50,0.0,0.001,0.1,95.0,8500,8500,4900,100,8400,0,100.0,100.0,100.0,0.49348539113998413,True,False,50000.0,43.3,,512,,4,,
cent_addition_91334f632a19,centralized,S1,central_anchor,anchor,,,A,,,modular,groknet,mse,5,s_nm1,addition,gd,97,256,3,quadratic,1.0,0,1000,5000,0.4,789,,,,,,,,,,,,,0,30000,100,0.0,50.0,0.0,95.0,8400,8400,7300,5100,3300.0,0,100.0,100.0,100.0,0.3907199203968048,True,False,30000.0,31.9,,512,,4,,
cent_addition_91c5a5310557,centralized,T0,wd_grid,wd,,,,,,modular,groknet,mse,5,s_nm1,addition,adamw,97,256,3,quadratic,1.0,0,1000,5000,0.5,1011,,,,,,,,,,,,,0,50000,100,0.0,0.001,0.01,95.0,200,200,200,200,0.0,0,100.0,100.0,100.0,0.49074026942253113,True,False,50000.0,54.5,,512,,4,,
cent_addition_944e5da293ac,centralized,T2,aggregation,exp2,,,A',cent_reduced,2,modular,groknet,mse,5,s_nm1,addition,adamw,97,256,3,quadratic,1.0,0,1000,5000,0.1,42,,,,,,,,,,,,,2000,200000,400,0.0,0.001,0.1,95.0,inf,inf,inf,400,inf,0,0.7556972559541464,99.99999403953552,99.99999403953552,0.020376095548272133,False,True,200000.0,241.3,,512,,4,,
cent_addition_9591e38f78bb,centralized,P1,b_decay_band,decay,,,B,,,modular,transformer,ce,5,s_nm1,addition,adamw,113,128,3,quadratic,1.0,0,1000,5000,0.3,456,,,,,,,,,,,,,0,50000,50,0.0,0.001,1.0,95.0,19450,3900,3350,150,19300,1,100.0,100.0,100.0,nan,True,False,50000.0,239.8,,512,,4,,
cent_addition_95dd9d73df28,centralized,X,wd_zero,control,,,B,,,modular,transformer,ce,5,s_nm1,addition,adamw,113,128,3,quadratic,1.0,0,1000,5000,0.3,42,,,,,,,,,,,,,0,100000,200,0.0,0.001,0.0,95.0,inf,inf,inf,200,inf,0,3.210650011897087,100.0,100.0,nan,False,True,100000.0,1436.7,,512,,4,,
cent_addition_96e035a4862d,centralized,T2,aggregation,exp2,,,A,cent_full,,modular,groknet,mse,5,s_nm1,addition,gd,97,256,3,quadratic,1.0,0,1000,5000,0.3,456,,,,,,,,,,,,,0,50000,100,0.0,50.0,0.0,95.0,13300,13300,11500,3900,9400,0,100.0,100.0,100.0,0.4064218997955322,True,False,50000.0,42.6,,512,,4,,
cent_addition_97135e57a402,centralized,T0,wd_grid,wd,,,,,,modular,groknet,mse,5,s_nm1,addition,gd,97,256,3,quadratic,1.0,0,1000,5000,0.5,456,,,,,,,,,,,,,0,50000,100,0.0,50.0,0.0,95.0,7800,7800,7000,5900,1900.0,0,100.0,100.0,100.0,0.4606199264526367,True,False,50000.0,49.4,,512,,4,,
cent_addition_97507c72786f,centralized,P0,capacity,width,,,A',,,modular,groknet,mse,5,s_nm1,addition,adamw,97,128,3,quadratic,1.0,0,1000,5000,0.2,456,,,,,,,,,,,,,0,50000,50,0.0,0.001,0.1,95.0,1050,1050,850,150,900,0,98.87087941169739,100.0,100.0,0.4236268401145935,True,False,50000.0,39.6,,512,,4,,
cent_addition_9a064a0b8c68,centralized,P1,b_decay_band,decay,,,B,,,modular,transformer,ce,5,s_nm1,addition,adamw,113,128,3,quadratic,1.0,0,1000,5000,0.3,123,,,,,,,,,,,,,0,50000,50,0.0,0.001,0.03,95.0,inf,inf,inf,150,inf,0,9.91162359714508,100.0,100.0,nan,False,True,50000.0,441.9,,512,,4,,
cent_addition_9c5e4635c820,centralized,P1,aprime_alpha,ladder,,,A',,,modular,groknet,mse,5,s_nm1,addition,adamw,97,256,3,quadratic,1.0,0,1000,5000,0.25,42,,,,,,,,,,,,,0,50000,25,0.0,0.001,0.1,95.0,475,475,400,100,375,0,100.0,100.0,100.0,0.47408413887023926,True,False,50000.0,41.9,,512,,4,,
cent_addition_9d2036cfc940,centralized,P1,aprime_alpha,ladder,,,A',,,modular,groknet,mse,5,s_nm1,addition,adamw,97,256,3,quadratic,1.0,0,1000,5000,0.4,123,,,,,,,,,,,,,0,5000,10,0.0,0.001,0.1,95.0,210,210,180,110,100,0,100.0,100.0,100.0,0.49294719099998474,True,False,5000.0,6.4,,512,,4,,
cent_addition_9de296f4930b,centralized,P1,aprime_alpha,ladder,,,A',,,modular,groknet,mse,5,s_nm1,addition,adamw,97,256,3,quadratic,1.0,0,1000,5000,0.5,42,,,,,,,,,,,,,0,5000,10,0.0,0.001,0.1,95.0,170,170,150,110,60,0,100.0,100.0,100.0,0.488057017326355,True,False,5000.0,6.7,,512,,4,,
cent_addition_9e12ae805aef,centralized,S1,central_anchor,anchor,,,B,,,modular,transformer,ce,5,s_nm1,addition,adamw,113,128,3,quadratic,1.0,0,1000,5000,0.2,789,,,,,,,,,,,,,0,30000,100,0.0,0.001,1.0,95.0,inf,inf,inf,200,inf,0,13.919341564178467,100.0,100.0,nan,False,True,30000.0,279.2,,512,,4,,
cent_addition_9ea10a73f2cb,centralized,T2,aggregation,exp2,,,B,cent_reduced,2,modular,transformer,ce,5,s_nm1,addition,adamw,113,128,3,quadratic,1.0,0,1000,5000,0.15,123,,,,,,,,,,,,,2000,200000,400,0.0,0.001,1.0,95.0,112800,112800,105200,400,112400,0,99.99999403953552,100.0,100.0,nan,True,False,200000.0,936.3,,512,,4,,
cent_addition_a13ed7a15b3b,centralized,P1,aprime_alpha,ladder,,,A',,,modular,groknet,mse,5,s_nm1,addition,adamw,97,256,3,quadratic,1.0,0,1000,5000,0.2,42,,,,,,,,,,,,,0,300000,100,0.0,0.001,0.1,95.0,3000,3000,2100,100,2900,0,100.0,100.0,100.0,0.4819571375846863,True,False,300000.0,216.6,,512,,4,,
cent_addition_a15f561185e6,centralized,T2,aggregation,exp2,,,A,cent_reduced,50,modular,groknet,mse,5,s_nm1,addition,gd,97,256,3,quadratic,1.0,0,1000,5000,0.006,456,,,,,,,,,,,,,1000,100000,200,0.0,50.0,0.0,95.0,inf,inf,inf,200,inf,0,0.416978495195508,100.0,100.0,0.020282099023461342,False,True,100000.0,84.3,,512,,4,,
cent_addition_a26d40ab4b30,centralized,X,b_wd_zero_alpha,control,,,B,,,modular,transformer,ce,5,s_nm1,addition,adamw,113,128,3,quadratic,1.0,0,1000,5000,0.5,456,,,,,,,,,,,,,0,100000,50,0.0,0.001,0.0,95.0,inf,inf,37100,150,inf,0,74.64369535446167,100.0,100.0,nan,False,True,100000.0,3946.3,,512,,4,,
cent_addition_a3b0a9020714,centralized,P1,aprime_alpha,ladder,,,A',,,modular,groknet,mse,5,s_nm1,addition,adamw,97,256,3,quadratic,1.0,0,1000,5000,0.125,456,,,,,,,,,,,,,0,300000,100,0.0,0.001,0.1,95.0,inf,inf,inf,100,inf,0,0.8259443566203117,100.0,100.0,0.020533021539449692,False,True,300000.0,201.5,,512,,4,,
cent_addition_a3be12356180,centralized,T2,aggregation,exp2,,,B,cent_full,,modular,transformer,ce,5,s_nm1,addition,adamw,113,128,3,quadratic,1.0,0,1000,5000,0.3,123,,,,,,,,,,,,,0,100000,200,0.0,0.001,1.0,95.0,4400,4400,3600,200,4200,0,100.0,100.0,100.0,nan,True,False,100000.0,576.0,,512,,4,,
cent_addition_a44f59c91ca2,centralized,S1,central_anchor,anchor,,,A,,,modular,groknet,mse,5,s_nm1,addition,gd,97,256,3,quadratic,1.0,0,1000,5000,0.5,456,,,,,,,,,,,,,0,30000,100,0.0,50.0,0.0,95.0,7800,7800,7000,5900,1900.0,0,100.0,100.0,100.0,0.4103560447692871,True,False,30000.0,33.5,,512,,4,,
cent_addition_a4648e606e91,centralized,T0,wd_grid,wd,,,,,,modular,groknet,mse,5,s_nm1,addition,gd,97,256,3,quadratic,1.0,0,1000,5000,0.5,123,,,,,,,,,,,,,0,50000,100,0.0,50.0,2e-06,95.0,8300,8300,7500,6800,1500.0,0,100.0,100.0,100.0,0.41358762979507446,True,False,50000.0,50.2,,512,,4,,
cent_addition_a6dc9ce0f90d,centralized,T2,aggregation,exp2,,,A',cent_reduced,5,modular,groknet,mse,5,s_nm1,addition,adamw,97,256,3,quadratic,1.0,0,1000,5000,0.04,123,,,,,,,,,,,,,2000,200000,400,0.0,0.001,0.1,95.0,inf,inf,inf,400,inf,0,0.011070519394706935,99.99999403953552,99.99999403953552,0.019769035279750824,False,True,200000.0,223.4,,512,,4,,
cent_addition_aa3f707e0d65,centralized,S1,central_anchor,anchor,,,A,,,modular,groknet,mse,5,s_nm1,addition,gd,97,256,3,quadratic,1.0,0,1000,5000,0.25,1011,,,,,,,,,,,,,0,30000,100,0.0,50.0,0.0,95.0,25900,25900,19800,3100,22800.0,0,99.90081191062927,100.0,100.0,0.200883686542511,True,False,30000.0,27.6,,512,,4,,
cent_addition_abbe2200b9b2,centralized,X,b_wd_zero_alpha,control,,,B,,,modular,transformer,ce,5,s_nm1,addition,adamw,113,128,3,quadratic,1.0,0,1000,5000,0.4,42,,,,,,,,,,,,,0,100000,50,0.0,0.001,0.0,95.0,inf,inf,inf,150,inf,0,13.795353472232819,100.0,100.0,nan,False,True,100000.0,3182.1,,512,,4,,
cent_addition_ac2dc7b14b31,centralized,S1,central_anchor,anchor,,,A,,,modular,groknet,mse,5,s_nm1,addition,gd,97,256,3,quadratic,1.0,0,1000,5000,0.4,42,,,,,,,,,,,,,0,30000,100,0.0,50.0,0.0,95.0,8600,8600,7600,5300,3300.0,0,100.0,100.0,100.0,0.3945732116699219,True,False,30000.0,31.1,,512,,4,,
cent_addition_ac4007cd3ef4,centralized,P0,capacity,width,,,A',,,modular,groknet,mse,5,s_nm1,addition,adamw,97,512,3,quadratic,1.0,0,1000,5000,0.2,42,,,,,,,,,,,,,0,50000,50,0.0,0.001,0.1,95.0,inf,inf,inf,50,inf,0,0.743889482691884,100.0,100.0,0.02191222459077835,False,True,50000.0,51.9,,512,,4,,
cent_addition_ac6a3119c1f0,centralized,T0,wd_grid,wd,,,,,,modular,groknet,mse,5,s_nm1,addition,gd,97,256,3,quadratic,1.0,0,1000,5000,0.5,1011,,,,,,,,,,,,,0,50000,100,0.0,50.0,2e-05,95.0,inf,inf,inf,inf,inf,0,1.1264611966907978,0.9353741072118282,7.9719386994838715,0.0,False,True,50000.0,46.8,,512,,4,,
cent_addition_ace1615b6df9,centralized,P0,capacity,width,,,B,,,modular,transformer,ce,5,s_nm1,addition,adamw,113,128,3,quadratic,1.0,0,1000,5000,0.3,456,,,,,,,,,,,,,0,100000,50,0.0,0.001,1.0,95.0,61950,3900,3350,150,61800,2,99.96644258499146,100.0,100.0,nan,True,False,100000.0,1041.9,,512,,4,,
cent_addition_ad8d1eaad456,centralized,T0,wd_grid,wd,,,,,,modular,groknet,mse,5,s_nm1,addition,adamw,97,256,3,quadratic,1.0,0,1000,5000,0.5,1011,,,,,,,,,,,,,0,50000,100,0.0,0.001,0.1,95.0,200,200,200,200,0.0,0,100.0,100.0,100.0,0.49475136399269104,True,False,50000.0,52.6,,512,,4,,
cent_addition_adc58472782a,centralized,S1,central_anchor,anchor,,,B,,,modular,transformer,ce,5,s_nm1,addition,adamw,113,128,3,quadratic,1.0,0,1000,5000,0.3,456,,,,,,,,,,,,,0,30000,100,0.0,0.001,1.0,95.0,19500,3900,3400,200,19300.0,1,100.0,100.0,100.0,nan,True,False,30000.0,385.9,,512,,4,,
cent_addition_aee78dbdb7dd,centralized,T2,aggregation,exp2,,,A',cent_full,,modular,groknet,mse,5,s_nm1,addition,adamw,97,256,3,quadratic,1.0,0,1000,5000,0.2,42,,,,,,,,,,,,,0,100000,200,0.0,0.001,0.1,95.0,3000,3000,2200,200,2800,0,100.0,100.0,100.0,0.4672706127166748,True,False,100000.0,105.3,,512,,4,,
cent_addition_af5f733e26e2,centralized,P1,aprime_alpha,ladder,,,A',,,modular,groknet,mse,5,s_nm1,addition,adamw,97,256,3,quadratic,1.0,0,1000,5000,0.3,789,,,,,,,,,,,,,0,5000,10,0.0,0.001,0.1,95.0,290,290,240,90,200,0,100.0,100.0,100.0,0.49162977933883667,True,False,5000.0,6.5,,512,,4,,
cent_addition_b005c37b8604,centralized,S1,central_anchor,anchor,,,A,,,modular,groknet,mse,5,s_nm1,addition,gd,97,256,3,quadratic,1.0,0,1000,5000,0.2,42,,,,,,,,,,,,,0,30000,100,0.0,50.0,0.0,95.0,inf,inf,inf,2500,inf,0,0.9829968214035034,100.0,100.0,0.03089633584022522,False,True,30000.0,23.2,,512,,4,,
cent_addition_b116e0d0f2c1,centralized,P1,b_decay_band,decay,,,B,,,modular,transformer,ce,5,s_nm1,addition,adamw,113,128,3,quadratic,1.0,0,1000,5000,0.3,42,,,,,,,,,,,,,0,50000,50,0.0,0.001,0.01,95.0,inf,inf,inf,150,inf,0,3.3560801297426224,100.0,100.0,nan,False,True,50000.0,450.7,,512,,4,,
cent_addition_b2d1d0a4375f,centralized,T2,aggregation,exp2,,,A',cent_full,,modular,groknet,mse,5,s_nm1,addition,adamw,97,256,3,quadratic,1.0,0,1000,5000,0.2,456,,,,,,,,,,,,,0,100000,200,0.0,0.001,0.1,95.0,8600,8600,5000,200,8400,0,100.0,100.0,100.0,0.48993366956710815,True,False,100000.0,108.6,,512,,4,,
cent_addition_b4c518686157,centralized,X,b_wd_zero_alpha,control,,,B,,,modular,transformer,ce,5,s_nm1,addition,adamw,113,128,3,quadratic,1.0,0,1000,5000,0.6,123,,,,,,,,,,,,,0,100000,50,0.0,0.001,0.0,95.0,inf,inf,150,150,inf,0,84.51448678970337,100.0,100.0,nan,False,True,100000.0,4739.6,,512,,4,,
cent_addition_b6d7533d918d,centralized,T2,aggregation,exp2,,,A',cent_reduced,20,modular,groknet,mse,5,s_nm1,addition,adamw,97,256,3,quadratic,1.0,0,1000,5000,0.01,456,,,,,,,,,,,,,2000,200000,400,0.0,0.001,0.1,95.0,inf,inf,inf,400,inf,0,0.17176596447825432,99.99999403953552,99.99999403953552,0.014404786750674248,False,True,200000.0,229.3,,512,,4,,
cent_addition_b747230258d9,centralized,T0,wd_grid,wd,,,,,,modular,groknet,mse,5,s_nm1,addition,gd,97,256,3,quadratic,1.0,0,1000,5000,0.5,42,,,,,,,,,,,,,0,50000,100,0.0,50.0,0.0,95.0,7600,7600,6800,5700,1900.0,0,100.0,100.0,100.0,0.4643505811691284,True,False,50000.0,48.7,,512,,4,,
cent_addition_b8d8ced0fbad,centralized,P0,capacity,width,,,B,,,modular,transformer,ce,5,s_nm1,addition,adamw,113,256,3,quadratic,1.0,0,1000,5000,0.3,456,,,,,,,,,,,,,0,100000,50,0.0,0.001,1.0,95.0,88350,3500,3150,100,88250,3,99.9776303768158,100.0,100.0,nan,True,False,100000.0,1444.8,,512,,4,,
cent_addition_ba20f6ed32c9,centralized,P1,b_decay_band,decay,,,B,,,modular,transformer,ce,5,s_nm1,addition,adamw,113,128,3,quadratic,1.0,0,1000,5000,0.3,42,,,,,,,,,,,,,0,50000,50,0.0,0.001,0.03,95.0,inf,inf,inf,150,inf,0,6.219935417175293,100.0,100.0,nan,False,True,50000.0,438.5,,512,,4,,
cent_addition_bd3f4e3df50e,centralized,T2,aggregation,exp2,,,A',cent_reduced,20,modular,groknet,mse,5,s_nm1,addition,adamw,97,256,3,quadratic,1.0,0,1000,5000,0.01,123,,,,,,,,,,,,,2000,200000,400,0.0,0.001,0.1,95.0,inf,inf,inf,400,inf,0,0.2147074555978179,99.99999403953552,99.99999403953552,0.014657048508524895,False,True,200000.0,218.6,,512,,4,,
cent_addition_bdd6eb70abd7,centralized,S1,central_anchor,anchor,,,A,,,modular,groknet,mse,5,s_nm1,addition,gd,97,256,3,quadratic,1.0,0,1000,5000,0.2,456,,,,,,,,,,,,,0,30000,100,0.0,50.0,0.0,95.0,inf,inf,inf,2600,inf,0,0.77045694924891,100.0,100.0,0.030351608991622925,False,True,30000.0,20.5,,512,,4,,
cent_addition_be54f4624c3d,centralized,X,wd_zero,control,,,B,,,modular,transformer,ce,5,s_nm1,addition,adamw,113,128,3,quadratic,1.0,0,1000,5000,0.3,456,,,,,,,,,,,,,0,100000,200,0.0,0.001,0.0,95.0,inf,inf,inf,200,inf,0,2.494686283171177,100.0,100.0,nan,False,True,100000.0,1200.7,,512,,4,,
cent_addition_c003271b7c7e,centralized,P1,aprime_alpha,ladder,,,A',,,modular,groknet,mse,5,s_nm1,addition,adamw,97,256,3,quadratic,1.0,0,1000,5000,0.5,456,,,,,,,,,,,,,0,5000,10,0.0,0.001,0.1,95.0,170,170,150,120,50,0,100.0,100.0,100.0,0.49770230054855347,True,False,5000.0,6.9,,512,,4,,
cent_addition_c04872aae87f,centralized,S1,central_anchor,anchor,,,A,,,modular,groknet,mse,5,s_nm1,addition,gd,97,256,3,quadratic,1.0,0,1000,5000,0.2,1011,,,,,,,,,,,,,0,30000,100,0.0,50.0,0.0,95.0,inf,inf,inf,2500,inf,0,1.1424017138779163,100.0,100.0,0.03470298647880554,False,True,30000.0,23.0,,512,,4,,
cent_addition_c079e4269499,centralized,P1,b_decay_band,decay,,,B,,,modular,transformer,ce,5,s_nm1,addition,adamw,113,128,3,quadratic,1.0,0,1000,5000,0.3,42,,,,,,,,,,,,,0,50000,50,0.0,0.001,1.0,95.0,6100,6100,5700,150,5950,0,100.0,100.0,100.0,nan,True,False,50000.0,440.6,,512,,4,,
cent_addition_c0e25ee286ae,centralized,P1,b_decay_band,decay,,,B,,,modular,transformer,ce,5,s_nm1,addition,adamw,113,128,3,quadratic,1.0,0,1000,5000,0.3,123,,,,,,,,,,,,,0,50000,50,0.0,0.001,0.1,95.0,40250,40250,34250,150,40100,0,100.0,100.0,100.0,nan,True,False,50000.0,438.0,,512,,4,,
cent_addition_c11ff7431f84,centralized,X,b_wd_zero_alpha,control,,,B,,,modular,transformer,ce,5,s_nm1,addition,adamw,113,128,3,quadratic,1.0,0,1000,5000,0.7,456,,,,,,,,,,,,,0,100000,50,0.0,0.001,0.0,95.0,63450,31200,150,150,63300,331,97.36360907554626,100.0,100.0,nan,True,False,100000.0,5175.5,,512,,4,,
cent_addition_c2028079425a,centralized,P0,capacity,width,,,B,,,modular,transformer,ce,5,s_nm1,addition,adamw,113,256,3,quadratic,1.0,0,1000,5000,0.3,42,,,,,,,,,,,,,0,100000,50,0.0,0.001,1.0,95.0,52150,5600,4700,100,52050,2,100.0,100.0,100.0,nan,True,False,100000.0,1145.0,,512,,4,,
cent_addition_c23dcb775536,centralized,P1,aprime_alpha,ladder,,,A',,,modular,groknet,mse,5,s_nm1,addition,adamw,97,256,3,quadratic,1.0,0,1000,5000,0.225,42,,,,,,,,,,,,,0,50000,25,0.0,0.001,0.1,95.0,775,775,600,75,700,0,100.0,100.0,100.0,0.47568368911743164,True,False,50000.0,42.5,,512,,4,,
cent_addition_c3005359230d,centralized,T0,wd_grid,wd,,,,,,modular,groknet,mse,5,s_nm1,addition,gd,97,256,3,quadratic,1.0,0,1000,5000,0.5,456,,,,,,,,,,,,,0,50000,100,0.0,50.0,2e-07,95.0,7800,7800,7000,5900,1900.0,0,100.0,100.0,100.0,0.4564082622528076,True,False,50000.0,50.4,,512,,4,,
cent_addition_c31a5250ae6a,centralized,P1,aprime_alpha,ladder,,,A',,,modular,groknet,mse,5,s_nm1,addition,adamw,97,256,3,quadratic,1.0,0,1000,5000,0.4,1011,,,,,,,,,,,,,0,5000,10,0.0,0.001,0.1,95.0,210,210,180,110,100,0,100.0,100.0,100.0,0.4904938340187073,True,False,5000.0,7.0,,512,,4,,
cent_addition_c3db0d2f8d0e,centralized,X,b_wd_zero_alpha,control,,,B,,,modular,transformer,ce,5,s_nm1,addition,adamw,113,128,3,quadratic,1.0,0,1000,5000,0.6,456,,,,,,,,,,,,,0,100000,50,0.0,0.001,0.0,95.0,inf,inf,350,150,inf,0,93.93109083175659,100.0,100.0,nan,False,True,100000.0,5054.3,,512,,4,,
cent_addition_c40fc3a0b9ec,centralized,P1,b_decay_band,decay,,,B,,,modular,transformer,ce,5,s_nm1,addition,adamw,113,128,3,quadratic,1.0,0,1000,5000,0.3,456,,,,,,,,,,,,,0,50000,50,0.0,0.001,0.1,95.0,46050,46050,40650,150,45900,0,99.91050958633423,100.0,100.0,nan,True,False,50000.0,434.9,,512,,4,,
cent_addition_c4b6a6d47f50,centralized,T0,wd_grid,wd,,,,,,modular,groknet,mse,5,s_nm1,addition,adamw,97,256,3,quadratic,1.0,0,1000,5000,0.5,123,,,,,,,,,,,,,0,50000,100,0.0,0.001,0.01,95.0,200,200,200,200,0.0,0,100.0,100.0,100.0,0.5079115629196167,True,False,50000.0,53.9,,512,,4,,
cent_addition_c54b53e17da8,centralized,P1,aprime_alpha,ladder,,,A',,,modular,groknet,mse,5,s_nm1,addition,adamw,97,256,3,quadratic,1.0,0,1000,5000,0.175,456,,,,,,,,,,,,,0,300000,100,0.0,0.001,0.1,95.0,inf,inf,239600,100,inf,0,59.706294536590576,100.0,100.0,0.20886555314064026,False,True,300000.0,205.7,,512,,4,,
cent_addition_c69826e2d8bf,centralized,T2,aggregation_alpha2,exp2,,,B,cent_full,,modular,transformer,ce,5,s_nm1,addition,adamw,113,128,3,quadratic,1.0,0,1000,5000,0.4,42,,,,,,,,,,,,,0,100000,200,0.0,0.001,1.0,95.0,1400,1400,1200,200,1200,0,99.99999403953552,100.0,100.0,nan,True,False,100000.0,2356.4,,512,,4,,
cent_addition_c8172fb6975d,centralized,P1,b_wd01_alpha_ladder,ladder,,,B,,,modular,transformer,ce,5,s_nm1,addition,adamw,113,128,3,quadratic,1.0,0,1000,5000,0.6,42,,,,,,,,,,,,,0,60000,50,0.0,0.001,0.1,95.0,52800,2050,150,150,52650,2,100.0,100.0,100.0,nan,True,False,60000.0,2702.7,,512,,4,,
cent_addition_c81fc6545a06,centralized,P1,aprime_alpha,ladder,,,A',,,modular,groknet,mse,5,s_nm1,addition,adamw,97,256,3,quadratic,1.0,0,1000,5000,0.15,789,,,,,,,,,,,,,0,300000,100,0.0,0.001,0.1,95.0,inf,inf,inf,100,inf,0,1.0502626188099384,100.0,100.0,0.024198444560170174,False,True,300000.0,202.6,,512,,4,,
cent_addition_c8562d53dea4,centralized,S1,central_anchor,anchor,,,A,,,modular,groknet,mse,5,s_nm1,addition,gd,97,256,3,quadratic,1.0,0,1000,5000,0.3,789,,,,,,,,,,,,,0,30000,100,0.0,50.0,0.0,95.0,13400,13400,11200,3800,9600.0,0,100.0,100.0,100.0,0.33843687176704407,True,False,30000.0,27.6,,512,,4,,
cent_addition_c8ea12b3fe5b,centralized,T2,aggregation,exp2,,,B,cent_reduced,10,modular,transformer,ce,5,s_nm1,addition,adamw,113,128,3,quadratic,1.0,0,1000,5000,0.03,123,,,,,,,,,,,,,2000,200000,400,0.0,0.001,1.0,95.0,inf,inf,inf,400,inf,0,0.5167124327272177,100.0,100.0,nan,False,True,200000.0,730.0,,512,,4,,
cent_addition_c937cf620567,centralized,T0,wd_grid,wd,,,,,,modular,groknet,mse,5,s_nm1,addition,gd,97,256,3,quadratic,1.0,0,1000,5000,0.5,456,,,,,,,,,,,,,0,50000,100,0.0,50.0,2e-06,95.0,8600,8600,7800,7000,1600.0,0,100.0,100.0,100.0,0.41081708669662476,True,False,50000.0,46.6,,512,,4,,
cent_addition_ca3737076170,centralized,X,b_wd_zero_alpha,control,,,B,,,modular,transformer,ce,5,s_nm1,addition,adamw,113,128,3,quadratic,1.0,0,1000,5000,0.8,42,,,,,,,,,,,,,0,100000,50,0.0,0.001,0.0,95.0,91200,600,150,150,91050,6,97.96397686004639,100.0,100.0,nan,True,False,100000.0,4952.2,,512,,4,,
cent_addition_caa29415edcd,centralized,T0,wd_grid,wd,,,,,,modular,groknet,mse,5,s_nm1,addition,gd,97,256,3,quadratic,1.0,0,1000,5000,0.5,123,,,,,,,,,,,,,0,50000,100,0.0,50.0,2e-07,95.0,7700,7700,6900,5900,1800.0,0,100.0,100.0,100.0,0.4441067576408386,True,False,50000.0,50.4,,512,,4,,
cent_addition_cb31cb257cd1,centralized,S1,central_anchor,anchor,,,A,,,modular,groknet,mse,5,s_nm1,addition,gd,97,256,3,quadratic,1.0,0,1000,5000,0.25,42,,,,,,,,,,,,,0,30000,100,0.0,50.0,0.0,95.0,23200,23200,19000,3000,20200.0,0,100.0,100.0,100.0,0.2385174036026001,True,False,30000.0,22.0,,512,,4,,
cent_addition_cd09a6b5e127,centralized,S1,central_anchor,anchor,,,A,,,modular,groknet,mse,5,s_nm1,addition,gd,97,256,3,quadratic,1.0,0,1000,5000,0.2,123,,,,,,,,,,,,,0,30000,100,0.0,50.0,0.0,95.0,inf,inf,inf,2400,inf,0,1.2885228730738163,100.0,100.0,0.036062855273485184,False,True,30000.0,21.5,,512,,4,,
cent_addition_cf37b4dc8eb7,centralized,T0,wd_grid,wd,,,,,,modular,groknet,mse,5,s_nm1,addition,gd,97,256,3,quadratic,1.0,0,1000,5000,0.5,456,,,,,,,,,,,,,0,50000,100,0.0,50.0,0.0002,95.0,inf,inf,inf,inf,inf,0,0.9989372454583645,1.0629251599311829,2.678571455180645,0.0,False,True,50000.0,43.9,,512,,4,,
cent_addition_cf72e530bcbe,centralized,P1,aprime_alpha,ladder,,,A',,,modular,groknet,mse,5,s_nm1,addition,adamw,97,256,3,quadratic,1.0,0,1000,5000,0.25,456,,,,,,,,,,,,,0,50000,25,0.0,0.001,0.1,95.0,525,525,450,100,425,0,100.0,100.0,100.0,0.48123669624328613,True,False,50000.0,41.8,,512,,4,,
cent_addition_d0f4bdfd2b8b,centralized,P1,b_wd01_alpha_ladder,ladder,,,B,,,modular,transformer,ce,5,s_nm1,addition,adamw,113,128,3,quadratic,1.0,0,1000,5000,0.5,42,,,,,,,,,,,,,0,60000,50,0.0,0.001,0.1,95.0,52350,11550,4950,150,52200,2,100.0,100.0,100.0,nan,True,False,60000.0,2507.0,,512,,4,,
cent_addition_d24f9137da69,centralized,T2,aggregation,exp2,,,B,cent_reduced,2,modular,transformer,ce,5,s_nm1,addition,adamw,113,128,3,quadratic,1.0,0,1000,5000,0.15,456,,,,,,,,,,,,,2000,200000,400,0.0,0.001,1.0,95.0,172800,170800,159600,400,172400,1,99.45641756057739,100.0,100.0,nan,True,False,200000.0,930.5,,512,,4,,
cent_addition_d2b0a72dda93,centralized,T2,aggregation,exp2,,,B,cent_full,,modular,transformer,ce,5,s_nm1,addition,adamw,113,128,3,quadratic,1.0,0,1000,5000,0.3,456,,,,,,,,,,,,,0,100000,200,0.0,0.001,1.0,95.0,19600,4000,3400,200,19400,1,99.96644258499146,100.0,100.0,nan,True,False,100000.0,578.0,,512,,4,,
cent_addition_d3c69ab77f4a,centralized,X,b_wd_zero_alpha,control,,,B,,,modular,transformer,ce,5,s_nm1,addition,adamw,113,128,3,quadratic,1.0,0,1000,5000,0.4,123,,,,,,,,,,,,,0,100000,50,0.0,0.001,0.0,95.0,inf,inf,inf,150,inf,0,28.321585059165955,100.0,100.0,nan,False,True,100000.0,3182.1,,512,,4,,
cent_addition_d406f446101c,centralized,S1,central_anchor,anchor,,,A,,,modular,groknet,mse,5,s_nm1,addition,gd,97,256,3,quadratic,1.0,0,1000,5000,0.5,42,,,,,,,,,,,,,0,30000,100,0.0,50.0,0.0,95.0,7600,7600,6800,5700,1900.0,0,100.0,100.0,100.0,0.4140791893005371,True,False,30000.0,36.1,,512,,4,,
cent_addition_d45fa8a7e2db,centralized,T2,aggregation,exp2,,,A,cent_reduced,5,modular,groknet,mse,5,s_nm1,addition,gd,97,256,3,quadratic,1.0,0,1000,5000,0.06,123,,,,,,,,,,,,,1000,100000,200,0.0,50.0,0.0,95.0,inf,inf,inf,1000,inf,0,0.18089315854012966,99.99999403953552,99.99999403953552,0.02039330080151558,False,True,100000.0,81.8,,512,,4,,
cent_addition_d484e4307aa4,centralized,P0,capacity,width,,,A',,,modular,groknet,mse,5,s_nm1,addition,adamw,97,512,3,quadratic,1.0,0,1000,5000,0.2,456,,,,,,,,,,,,,0,50000,50,0.0,0.001,0.1,95.0,inf,inf,inf,50,inf,0,0.7837407290935516,100.0,100.0,0.021626237779855728,False,True,50000.0,99.6,,512,,4,,
cent_addition_d5ea8da6ab64,centralized,P1,aprime_alpha,ladder,,,A',,,modular,groknet,mse,5,s_nm1,addition,adamw,97,256,3,quadratic,1.0,0,1000,5000,0.175,123,,,,,,,,,,,,,0,300000,100,0.0,0.001,0.1,95.0,inf,inf,inf,100,inf,0,23.715057969093323,100.0,100.0,0.11617636680603027,False,True,300000.0,209.6,,512,,4,,
cent_addition_d6ecec4761f3,centralized,S1,central_anchor,anchor,,,A,,,modular,groknet,mse,5,s_nm1,addition,gd,97,256,3,quadratic,1.0,0,1000,5000,0.2,789,,,,,,,,,,,,,0,30000,100,0.0,50.0,0.0,95.0,inf,inf,inf,2600,inf,0,0.6907545030117035,100.0,100.0,0.03157304227352142,False,True,30000.0,21.5,,512,,4,,
cent_addition_d7893150c284,centralized,P0,capacity,width,,,B,,,modular,transformer,ce,5,s_nm1,addition,adamw,113,64,3,quadratic,1.0,0,1000,5000,0.3,42,,,,,,,,,,,,,0,100000,50,0.0,0.001,1.0,95.0,3650,3650,3150,200,3450,0,100.0,100.0,100.0,nan,True,False,100000.0,482.3,,512,,4,,
cent_addition_d86b0365abcd,centralized,T0,wd_grid,wd,,,,,,modular,groknet,mse,5,s_nm1,addition,adamw,97,256,3,quadratic,1.0,0,1000,5000,0.5,789,,,,,,,,,,,,,0,50000,100,0.0,0.001,0.0,95.0,200,200,200,200,0.0,0,100.0,100.0,100.0,0.489623099565506,True,False,50000.0,51.5,,512,,4,,
cent_addition_d8c79859e4a4,centralized,P1,b_wd01_alpha_ladder,ladder,,,B,,,modular,transformer,ce,5,s_nm1,addition,adamw,113,128,3,quadratic,1.0,0,1000,5000,0.4,123,,,,,,,,,,,,,0,60000,50,0.0,0.001,0.1,95.0,53900,11950,8450,150,53750,2,99.99999403953552,100.0,100.0,nan,True,False,60000.0,2095.1,,512,,4,,
cent_addition_d9a1e67235a5,centralized,S1,central_anchor,anchor,,,B,,,modular,transformer,ce,5,s_nm1,addition,adamw,113,128,3,quadratic,1.0,0,1000,5000,0.4,123,,,,,,,,,,,,,0,30000,100,0.0,0.001,1.0,95.0,1200,1200,900,200,1000.0,0,99.99999403953552,100.0,100.0,nan,True,False,30000.0,529.8,,512,,4,,
cent_addition_d9b6267fe11a,centralized,T2,aggregation,exp2,,,B,cent_reduced,20,modular,transformer,ce,5,s_nm1,addition,adamw,113,128,3,quadratic,1.0,0,1000,5000,0.015,123,,,,,,,,,,,,,2000,200000,400,0.0,0.001,1.0,95.0,inf,inf,inf,400,inf,0,1.8126888200640678,100.0,100.0,nan,False,True,200000.0,852.2,,512,,4,,
cent_addition_db2b20bbc0d5,centralized,T2,aggregation,exp2,,,A',cent_reduced,50,modular,groknet,mse,5,s_nm1,addition,adamw,97,256,3,quadratic,1.0,0,1000,5000,0.004,42,,,,,,,,,,,,,2000,200000,400,0.0,0.001,0.1,95.0,inf,inf,inf,400,inf,0,0.4588135052472353,100.0,100.0,0.013431677594780922,False,True,200000.0,220.3,,512,,4,,
cent_addition_dca55629cfe8,centralized,T2,aggregation,exp2,,,A,cent_reduced,10,modular,groknet,mse,5,s_nm1,addition,gd,97,256,3,quadratic,1.0,0,1000,5000,0.03,123,,,,,,,,,,,,,1000,100000,200,0.0,50.0,0.0,95.0,inf,inf,inf,600,inf,0,0.010956502956105396,99.99999403953552,99.99999403953552,0.02001044526696205,False,True,100000.0,81.8,,512,,4,,
cent_addition_dd12fbe7911e,centralized,P1,b_decay_band,decay,,,B,,,modular,transformer,ce,5,s_nm1,addition,adamw,113,128,3,quadratic,1.0,0,1000,5000,0.3,42,,,,,,,,,,,,,0,50000,50,0.0,0.001,0.1,95.0,45050,45050,42550,150,44900,0,99.96644258499146,100.0,100.0,nan,True,False,50000.0,437.4,,512,,4,,
cent_addition_dfb2d98cf82e,centralized,T2,aggregation,exp2,,,A',cent_reduced,2,modular,groknet,mse,5,s_nm1,addition,adamw,97,256,3,quadratic,1.0,0,1000,5000,0.1,123,,,,,,,,,,,,,2000,200000,400,0.0,0.001,0.1,95.0,inf,inf,inf,400,inf,0,0.8265438489615917,99.99999403953552,99.99999403953552,0.02055533416569233,False,True,200000.0,236.1,,512,,4,,
cent_addition_e0befeffea12,centralized,S1,central_anchor,anchor,,,B,,,modular,transformer,ce,5,s_nm1,addition,adamw,113,128,3,quadratic,1.0,0,1000,5000,0.4,789,,,,,,,,,,,,,0,30000,100,0.0,0.001,1.0,95.0,1600,1600,1200,200,1400.0,0,99.99999403953552,100.0,100.0,nan,True,False,30000.0,524.7,,512,,4,,
cent_addition_e1457b4e75c4,centralized,P1,aprime_alpha,ladder,,,A',,,modular,groknet,mse,5,s_nm1,addition,adamw,97,256,3,quadratic,1.0,0,1000,5000,0.4,42,,,,,,,,,,,,,0,5000,10,0.0,0.001,0.1,95.0,200,200,170,100,100,0,100.0,100.0,100.0,0.5016089677810669,True,False,5000.0,6.5,,512,,4,,
cent_addition_e2a7a6c9a20c,centralized,S1,central_anchor,anchor,,,B,,,modular,transformer,ce,5,s_nm1,addition,adamw,113,128,3,quadratic,1.0,0,1000,5000,0.3,1011,,,,,,,,,,,,,0,30000,100,0.0,0.001,1.0,95.0,20400,3100,2600,200,20200.0,1,100.0,100.0,100.0,nan,True,False,30000.0,400.6,,512,,4,,
cent_addition_e38e227cb91d,centralized,S1,central_anchor,anchor,,,A,,,modular,groknet,mse,5,s_nm1,addition,gd,97,256,3,quadratic,1.0,0,1000,5000,0.15,123,,,,,,,,,,,,,0,30000,100,0.0,50.0,0.0,95.0,inf,inf,inf,2000,inf,0,0.4751188214868307,100.0,100.0,0.022676415741443634,False,True,30000.0,31.3,,512,,4,,
cent_addition_e409364580a3,centralized,T2,aggregation,exp2,,,B,cent_reduced,5,modular,transformer,ce,5,s_nm1,addition,adamw,113,128,3,quadratic,1.0,0,1000,5000,0.06,42,,,,,,,,,,,,,2000,200000,400,0.0,0.001,1.0,95.0,inf,inf,inf,400,inf,0,0.3915688022971153,100.0,100.0,nan,False,True,200000.0,761.8,,512,,4,,
cent_addition_e49fac4d5c8a,centralized,S1,central_anchor,anchor,,,B,,,modular,transformer,ce,5,s_nm1,addition,adamw,113,128,3,quadratic,1.0,0,1000,5000,0.2,123,,,,,,,,,,,,,0,30000,100,0.0,0.001,1.0,95.0,inf,inf,inf,200,inf,0,5.481597408652306,100.0,100.0,nan,False,True,30000.0,264.8,,512,,4,,
cent_addition_e4cc11149402,centralized,P1,b_wd01_alpha_ladder,ladder,,,B,,,modular,transformer,ce,5,s_nm1,addition,adamw,113,128,3,quadratic,1.0,0,1000,5000,0.7,123,,,,,,,,,,,,,0,60000,50,0.0,0.001,0.1,95.0,55900,1550,150,150,55750,3,99.99999403953552,100.0,100.0,nan,True,False,60000.0,2897.9,,512,,4,,
cent_addition_e688f05caeb3,centralized,T0,wd_grid,wd,,,,,,modular,groknet,mse,5,s_nm1,addition,adamw,97,256,3,quadratic,1.0,0,1000,5000,0.5,123,,,,,,,,,,,,,0,50000,100,0.0,0.001,0.0,95.0,200,200,200,200,0.0,0,100.0,100.0,100.0,0.5033429265022278,True,False,50000.0,51.2,,512,,4,,
cent_addition_e6979e4a5ab8,centralized,S1,central_anchor,anchor,,,B,,,modular,transformer,ce,5,s_nm1,addition,adamw,113,128,3,quadratic,1.0,0,1000,5000,0.25,1011,,,,,,,,,,,,,0,30000,100,0.0,0.001,1.0,95.0,3900,3900,3300,200,3700.0,0,100.0,100.0,100.0,nan,True,False,30000.0,349.7,,512,,4,,
cent_addition_ea0681c4c3a8,centralized,P1,aprime_alpha,ladder,,,A',,,modular,groknet,mse,5,s_nm1,addition,adamw,97,256,3,quadratic,1.0,0,1000,5000,0.175,42,,,,,,,,,,,,,0,300000,100,0.0,0.001,0.1,95.0,inf,inf,inf,100,inf,0,46.734508872032166,100.0,100.0,0.19563856720924377,False,True,300000.0,210.2,,512,,4,,
cent_addition_ea3b97675b3e,centralized,P1,b_wd01_alpha_ladder,ladder,,,B,,,modular,transformer,ce,5,s_nm1,addition,adamw,113,128,3,quadratic,1.0,0,1000,5000,0.5,456,,,,,,,,,,,,,0,60000,50,0.0,0.001,0.1,95.0,53050,7050,2700,150,52900,2,100.0,100.0,100.0,nan,True,False,60000.0,2380.0,,512,,4,,
cent_addition_eb2f7de373d5,centralized,T2,aggregation,exp2,,,A,cent_reduced,10,modular,groknet,mse,5,s_nm1,addition,gd,97,256,3,quadratic,1.0,0,1000,5000,0.03,42,,,,,,,,,,,,,1000,100000,200,0.0,50.0,0.0,95.0,inf,inf,inf,600,inf,0,0.0,99.99999403953552,99.99999403953552,0.020031284540891647,False,True,100000.0,81.2,,512,,4,,
cent_addition_ec0d31d611c4,centralized,P0,capacity,width,,,A',,,modular,groknet,mse,5,s_nm1,addition,adamw,97,128,3,quadratic,1.0,0,1000,5000,0.2,42,,,,,,,,,,,,,0,50000,50,0.0,0.001,0.1,95.0,1050,1050,850,150,900,0,99.41551685333252,100.0,100.0,0.37534064054489136,True,False,50000.0,42.7,,512,,4,,
cent_addition_edaecc4b6d66,centralized,S1,central_anchor,anchor,,,B,,,modular,transformer,ce,5,s_nm1,addition,adamw,113,128,3,quadratic,1.0,0,1000,5000,0.2,456,,,,,,,,,,,,,0,30000,100,0.0,0.001,1.0,95.0,22600,22600,22000,200,22400.0,0,99.92169141769409,100.0,100.0,nan,True,False,30000.0,271.7,,512,,4,,
cent_addition_ee114e10cd9b,centralized,T2,aggregation,exp2,,,A,cent_reduced,50,modular,groknet,mse,5,s_nm1,addition,gd,97,256,3,quadratic,1.0,0,1000,5000,0.006,42,,,,,,,,,,,,,1000,100000,200,0.0,50.0,0.0,95.0,inf,inf,inf,200,inf,0,0.3849032334983349,100.0,100.0,0.019734766334295273,False,True,100000.0,81.7,,512,,4,,
cent_addition_ef3000923398,centralized,S1,central_anchor,anchor,,,B,,,modular,transformer,ce,5,s_nm1,addition,adamw,113,128,3,quadratic,1.0,0,1000,5000,0.25,123,,,,,,,,,,,,,0,30000,100,0.0,0.001,1.0,95.0,12400,12400,11400,200,12200.0,0,100.0,100.0,100.0,nan,True,False,30000.0,321.9,,512,,4,,
cent_addition_eff5869e1ef9,centralized,T2,aggregation,exp2,,,B,cent_reduced,20,modular,transformer,ce,5,s_nm1,addition,adamw,113,128,3,quadratic,1.0,0,1000,5000,0.015,42,,,,,,,,,,,,,2000,200000,400,0.0,0.001,1.0,95.0,inf,inf,inf,400,inf,0,1.1130545288324356,100.0,100.0,nan,False,True,200000.0,694.0,,512,,4,,
cent_addition_f07903f38428,centralized,P1,b_wd01_alpha_ladder,ladder,,,B,,,modular,transformer,ce,5,s_nm1,addition,adamw,113,128,3,quadratic,1.0,0,1000,5000,0.7,42,,,,,,,,,,,,,0,60000,50,0.0,0.001,0.1,95.0,36150,850,150,150,36000,1,99.99999403953552,100.0,100.0,nan,True,False,60000.0,3042.9,,512,,4,,
cent_addition_f0c28b7a7467,centralized,P0,capacity,width,,,A',,,modular,groknet,mse,5,s_nm1,addition,adamw,97,128,3,quadratic,1.0,0,1000,5000,0.2,123,,,,,,,,,,,,,0,50000,50,0.0,0.001,0.1,95.0,950,950,750,150,800,0,99.40223097801208,100.0,100.0,0.43755537271499634,True,False,50000.0,42.0,,512,,4,,
cent_addition_f15739987f8a,centralized,P1,b_decay_band,decay,,,B,,,modular,transformer,ce,5,s_nm1,addition,adamw,113,128,3,quadratic,1.0,0,1000,5000,0.3,123,,,,,,,,,,,,,0,50000,50,0.0,0.001,1.0,95.0,4350,4350,3550,150,4200,0,100.0,100.0,100.0,nan,True,False,50000.0,440.5,,512,,4,,
cent_addition_f5d7e8b84713,centralized,T2,aggregation,exp2,,,A',cent_reduced,5,modular,groknet,mse,5,s_nm1,addition,adamw,97,256,3,quadratic,1.0,0,1000,5000,0.04,456,,,,,,,,,,,,,2000,200000,400,0.0,0.001,0.1,95.0,inf,inf,inf,400,inf,0,0.0,99.99999403953552,99.99999403953552,0.019758228212594986,False,True,200000.0,206.4,,512,,4,,
cent_addition_f6583c592851,centralized,S1,central_anchor,anchor,,,A,,,modular,groknet,mse,5,s_nm1,addition,gd,97,256,3,quadratic,1.0,0,1000,5000,0.3,456,,,,,,,,,,,,,0,30000,100,0.0,50.0,0.0,95.0,13300,13300,11500,3900,9400.0,0,100.0,100.0,100.0,0.3375248312950134,True,False,30000.0,26.4,,512,,4,,
cent_addition_f7095a76f0d2,centralized,T2,aggregation,exp2,,,A,cent_reduced,20,modular,groknet,mse,5,s_nm1,addition,gd,97,256,3,quadratic,1.0,0,1000,5000,0.015,456,,,,,,,,,,,,,1000,100000,200,0.0,50.0,0.0,95.0,inf,inf,inf,400,inf,0,0.03236944321542978,99.99999403953552,99.99999403953552,0.020082078874111176,False,True,100000.0,85.1,,512,,4,,
cent_addition_f9564eafc032,centralized,S1,central_anchor,anchor,,,B,,,modular,transformer,ce,5,s_nm1,addition,adamw,113,128,3,quadratic,1.0,0,1000,5000,0.2,42,,,,,,,,,,,,,0,30000,100,0.0,0.001,1.0,95.0,inf,inf,28400,200,inf,0,90.64213037490845,100.0,100.0,nan,False,True,30000.0,263.9,,512,,4,,
cent_addition_f98ac5f231a3,centralized,T2,aggregation,exp2,,,A',cent_reduced,10,modular,groknet,mse,5,s_nm1,addition,adamw,97,256,3,quadratic,1.0,0,1000,5000,0.02,123,,,,,,,,,,,,,2000,200000,400,0.0,0.001,0.1,95.0,inf,inf,inf,400,inf,0,0.021689620916731656,99.99999403953552,99.99999403953552,0.016174595803022385,False,True,200000.0,208.9,,512,,4,,
cent_addition_f9cadcedae5c,centralized,T2,aggregation,exp2,,,A',cent_reduced,10,modular,groknet,mse,5,s_nm1,addition,adamw,97,256,3,quadratic,1.0,0,1000,5000,0.02,456,,,,,,,,,,,,,2000,200000,400,0.0,0.001,0.1,95.0,inf,inf,inf,400,inf,0,0.021689620916731656,99.99999403953552,99.99999403953552,0.016521554440259933,False,True,200000.0,205.4,,512,,4,,
cent_addition_fa3dcdd9c0b7,centralized,P1,aprime_alpha,ladder,,,A',,,modular,groknet,mse,5,s_nm1,addition,adamw,97,256,3,quadratic,1.0,0,1000,5000,0.2,123,,,,,,,,,,,,,0,300000,100,0.0,0.001,0.1,95.0,3900,3900,2900,100,3800,0,100.0,100.0,100.0,0.4989663362503052,True,False,300000.0,192.0,,512,,4,,
cent_addition_fcd185d7bd73,centralized,T0,wd_grid,wd,,,,,,modular,groknet,mse,5,s_nm1,addition,gd,97,256,3,quadratic,1.0,0,1000,5000,0.5,789,,,,,,,,,,,,,0,50000,100,0.0,50.0,0.0002,95.0,inf,inf,inf,inf,inf,0,1.381509006023407,0.6802720949053764,2.997448854148388,0.0,False,True,50000.0,43.9,,512,,4,,
cent_addition_fdf84d02a27a,centralized,T2,aggregation,exp2,,,A,cent_reduced,50,modular,groknet,mse,5,s_nm1,addition,gd,97,256,3,quadratic,1.0,0,1000,5000,0.006,123,,,,,,,,,,,,,1000,100000,200,0.0,50.0,0.0,95.0,inf,inf,inf,200,inf,0,0.27798565570265055,100.0,100.0,0.019900821149349213,False,True,100000.0,80.8,,512,,4,,
cent_addition_fe7331cddbf9,centralized,P1,aprime_alpha,ladder,,,A',,,modular,groknet,mse,5,s_nm1,addition,adamw,97,256,3,quadratic,1.0,0,1000,5000,0.3,456,,,,,,,,,,,,,0,5000,10,0.0,0.001,0.1,95.0,300,300,260,90,210,0,100.0,100.0,100.0,0.4860912561416626,True,False,5000.0,6.7,,512,,4,,
cent_addition_fe74af5ca0a6,centralized,P1,aprime_alpha,ladder,,,A',,,modular,groknet,mse,5,s_nm1,addition,adamw,97,256,3,quadratic,1.0,0,1000,5000,0.25,789,,,,,,,,,,,,,0,50000,25,0.0,0.001,0.1,95.0,450,450,375,100,350,0,100.0,100.0,100.0,0.47040846943855286,True,False,50000.0,38.2,,512,,4,,
cent_addition_ff098cb75b41,centralized,X,b_wd_zero_alpha,control,,,B,,,modular,transformer,ce,5,s_nm1,addition,adamw,113,128,3,quadratic,1.0,0,1000,5000,0.7,42,,,,,,,,,,,,,0,100000,50,0.0,0.001,0.0,95.0,65300,3900,150,150,65150,2,98.9819884300232,100.0,100.0,nan,True,False,100000.0,5062.5,,512,,4,,
cent_addition_ff1c7972a6de,centralized,T0,wd_grid,wd,,,,,,modular,groknet,mse,5,s_nm1,addition,gd,97,256,3,quadratic,1.0,0,1000,5000,0.5,456,,,,,,,,,,,,,0,50000,100,0.0,50.0,2e-05,95.0,inf,inf,inf,inf,inf,0,0.9989372454583645,1.0629251599311829,6.6326528787612915,0.0,False,True,50000.0,48.7,,512,,4,,
cent_ae13248013aa,centralized,X,d_alpha_high,tangent,,,D,,,s5,groknet,ce,5,s_nm1,addition,adamw,97,256,3,quadratic,1.0,0,1000,5000,0.575,456,,,,,,,,,,,,,0,40000,100,0.0,0.001,1.0,85.0,1100,1100,700,300,800.0,0,100.0,100.0,100.0,nan,True,False,40000.0,100.9,,512,,4,,
cent_aec4d44505b5,centralized,X,d_wd_ladder,tangent,,,D,,,s5,groknet,ce,5,s_nm1,addition,adamw,97,256,3,quadratic,1.0,0,1000,5000,0.55,42,,,,,,,,,,,,,0,40000,25,0.0,0.001,0.3,85.0,15250,15250,1400,250,15000,0,99.98457431793213,100.0,100.0,nan,True,False,40000.0,73.8,,512,,4,,
cent_aef95ab2d2f5,centralized,S1b,c_alpha,gate_a,,,C,,,s5,transformer,ce,5,s_nm1,addition,adamw,97,128,3,quadratic,1.0,0,1000,5000,0.7,123,,,,,,,,,,,,,0,100000,200,0.0,0.001,1.0,85.0,4800,4800,4000,200,4600.0,0,100.0,100.0,100.0,nan,True,False,100000.0,2740.0,,512,,4,,
cent_afea8152ade6,centralized,X,d_alpha_fine,tangent,,,D,,,s5,groknet,ce,5,s_nm1,addition,adamw,97,256,3,quadratic,1.0,0,1000,5000,0.55,123,,,,,,,,,,,,,0,40000,100,0.0,0.001,1.0,85.0,1300,1300,700,300,1000.0,0,100.0,100.0,100.0,nan,True,False,40000.0,94.9,,512,,4,,
cent_b01faa2b8968,centralized,X,d_alpha_fine,tangent,,,D,,,s5,groknet,ce,5,s_nm1,addition,adamw,97,256,3,quadratic,1.0,0,1000,5000,0.55,789,,,,,,,,,,,,,0,40000,100,0.0,0.001,1.0,85.0,3700,1500,800,300,3400.0,5,100.0,100.0,100.0,nan,True,False,40000.0,94.6,,512,,4,,
cent_b13bd38d9abb,centralized,X,d_alpha_high,tangent,,,D,,,s5,groknet,ce,5,s_nm1,addition,adamw,97,256,3,quadratic,1.0,0,1000,5000,0.975,456,,,,,,,,,,,,,0,40000,100,0.0,0.001,1.0,85.0,300,300,200,300,0.0,0,100.0,100.0,100.0,nan,True,False,40000.0,144.5,,512,,4,,
cent_b15f2f8f5e1d,centralized,X,d_internals,tangent,,,D,,,s5,groknet,ce,5,s_nm1,addition,adamw,97,256,3,quadratic,1.0,0,1000,5000,0.5,123,,,,,,,,,,,,,500,40000,25,0.0,0.001,1.0,85.0,6850,6850,900,275,6575.0,0,99.93056058883667,100.0,100.0,nan,True,False,40000.0,100.4,,512,,4,,
cent_b26667600799,centralized,X,d_wd_ladder,tangent,,,D,,,s5,groknet,ce,5,s_nm1,addition,adamw,97,256,3,quadratic,1.0,0,1000,5000,0.55,123,,,,,,,,,,,,,0,40000,25,0.0,0.001,0.1,85.0,10100,10100,2950,250,9850,0,99.92284178733826,100.0,100.0,nan,True,False,40000.0,77.6,,512,,4,,
cent_b29d622db6aa,centralized,P0,c_alpha_w256,boundary,,,C,,,s5,transformer,ce,5,s_nm1,addition,adamw,97,256,3,quadratic,1.0,0,1000,5000,0.3,456,,,,,,,,,,,,,0,100000,50,0.0,0.001,1.0,85.0,55500,55500,54700,100,55400,0,100.0,100.0,100.0,nan,True,False,100000.0,1629.9,,512,,4,,
cent_b2b2e7612f6d,centralized,X,d_internals,tangent,,,D,,,s5,groknet,ce,5,s_nm1,addition,adamw,97,256,3,quadratic,1.0,0,1000,5000,0.225,42,,,,,,,,,,,,,500,150000,25,0.0,0.001,1.0,85.0,inf,inf,24300,200,inf,0,80.17920851707458,100.0,100.0,nan,False,True,150000.0,246.0,,512,,4,,
cent_b2dacea862a4,centralized,X,d_alpha_high,tangent,,,D,,,s5,groknet,ce,5,s_nm1,addition,adamw,97,256,3,quadratic,1.0,0,1000,5000,0.575,789,,,,,,,,,,,,,0,40000,100,0.0,0.001,1.0,85.0,1200,1200,700,300,900.0,0,99.98366236686707,100.0,100.0,nan,True,False,40000.0,100.5,,512,,4,,
cent_b2e18c58836c,centralized,X,d_alpha_high,tangent,,,D,,,s5,groknet,ce,5,s_nm1,addition,adamw,97,256,3,quadratic,1.0,0,1000,5000,0.925,42,,,,,,,,,,,,,0,40000,100,0.0,0.001,1.0,85.0,300,300,300,300,0.0,0,100.0,100.0,100.0,nan,True,False,40000.0,142.1,,512,,4,,
cent_b2fa1b6df10c,centralized,P1,cd_decay_band,decay,,,D,,,s5,groknet,ce,5,s_nm1,addition,adamw,97,256,3,quadratic,1.0,0,1000,5000,0.3,123,,,,,,,,,,,,,0,100000,50,0.0,0.001,0.3,85.0,inf,inf,33900,250,inf,0,72.49007821083069,100.0,100.0,nan,False,True,100000.0,113.3,,512,,4,,
cent_b3a2bb079cf6,centralized,X,d_internals,tangent,,,D,,,s5,groknet,ce,5,s_nm1,addition,adamw,97,256,3,quadratic,1.0,0,1000,5000,0.525,789,,,,,,,,,,,,,500,40000,25,0.0,0.001,1.0,85.0,5675,5675,850,275,5400.0,0,99.9707579612732,100.0,100.0,nan,True,False,40000.0,92.3,,512,,4,,
cent_b3ee04913499,centralized,T2,aggregation,exp2,,,E,cent_reduced,2,mnist,mlp,mse,5,s_nm1,addition,adamw,97,200,3,quadratic,9.0,100,1000,5000,0.5,456,,,,,,,,,,,,,800,80000,160,0.0,0.001,0.1,90.0,1920,1920,640,320,1600,0,92.11999773979187,100.0,100.0,nan,True,False,80000.0,1368.8,,512,,4,,
cent_b4238127d566,centralized,X,d_lr_control,tangent,,,D,,,s5,groknet,ce,5,s_nm1,addition,adamw,97,256,3,quadratic,1.0,0,1000,5000,0.55,123,,,,,,,,,,,,,0,60000,25,0.0,0.001,1.0,85.0,1275,1275,675,275,1000,0,100.0,100.0,100.0,nan,True,False,60000.0,103.9,,512,,4,,
cent_b42db01578d5,centralized,X,d_internals,tangent,,,D,,,s5,groknet,ce,5,s_nm1,addition,adamw,97,256,3,quadratic,1.0,0,1000,5000,0.225,789,,,,,,,,,,,,,500,150000,25,0.0,0.001,1.0,85.0,inf,inf,24450,200,inf,0,79.27418947219849,100.0,100.0,nan,False,True,150000.0,243.0,,512,,4,,
cent_b48a80abb107,centralized,X,d_internals,tangent,,,D,,,s5,groknet,ce,5,s_nm1,addition,adamw,97,256,3,quadratic,1.0,0,1000,5000,0.275,789,,,,,,,,,,,,,500,150000,25,0.0,0.001,1.0,85.0,22950,22950,16700,225,22725.0,0,95.0383186340332,100.0,100.0,nan,True,False,150000.0,266.2,,512,,4,,
cent_b4c445d9ead3,centralized,X,d_alpha_cliff,tangent,,,D,,,s5,groknet,ce,5,s_nm1,addition,adamw,97,256,3,quadratic,1.0,0,1000,5000,0.15,42,,,,,,,,,,,,,0,150000,200,0.0,0.001,1.0,85.0,inf,inf,inf,200,inf,0,6.1356209218502045,100.0,100.0,nan,False,True,150000.0,171.7,,512,,4,,
cent_b50b891562fa,centralized,X,d_alpha_high,tangent,,,D,,,s5,groknet,ce,5,s_nm1,addition,adamw,97,256,3,quadratic,1.0,0,1000,5000,0.65,456,,,,,,,,,,,,,0,40000,100,0.0,0.001,1.0,85.0,800,800,500,300,500.0,0,100.0,100.0,100.0,nan,True,False,40000.0,109.5,,512,,4,,
cent_b61a9bbdd0c4,centralized,X,d_wd_ladder,tangent,,,D,,,s5,groknet,ce,5,s_nm1,addition,adamw,97,256,3,quadratic,1.0,0,1000,5000,0.45,123,,,,,,,,,,,,,0,40000,25,0.0,0.001,0.1,85.0,23100,23100,10875,250,22850,0,97.7020263671875,100.0,100.0,nan,True,False,40000.0,70.3,,512,,4,,
cent_b6b42e5aab89,centralized,X,d_alpha_cliff,tangent,,,D,,,s5,groknet,ce,5,s_nm1,addition,adamw,97,256,3,quadratic,1.0,0,1000,5000,0.225,1011,,,,,,,,,,,,,0,150000,200,0.0,0.001,1.0,85.0,inf,inf,24000,200,inf,0,81.23655915260315,100.0,100.0,nan,False,True,150000.0,124.5,,512,,4,,
cent_b70456743db0,centralized,X,d_wd_ladder,tangent,,,D,,,s5,groknet,ce,5,s_nm1,addition,adamw,97,256,3,quadratic,1.0,0,1000,5000,0.3,42,,,,,,,,,,,,,0,40000,25,0.0,0.001,0.3,85.0,inf,inf,36225,225,inf,0,57.1825385093689,100.0,100.0,nan,False,True,40000.0,61.3,,512,,4,,
cent_b721a28f064a,centralized,X,d_internals,tangent,,,D,,,s5,groknet,ce,5,s_nm1,addition,adamw,97,256,3,quadratic,1.0,0,1000,5000,0.55,123,,,,,,,,,,,,,500,40000,25,0.0,0.001,1.0,85.0,1275,1275,675,275,1000.0,0,100.0,100.0,100.0,nan,True,False,40000.0,108.3,,512,,4,,
cent_b7682da3ca61,centralized,X,d_alpha_high,tangent,,,D,,,s5,groknet,ce,5,s_nm1,addition,adamw,97,256,3,quadratic,1.0,0,1000,5000,0.875,123,,,,,,,,,,,,,0,40000,100,0.0,0.001,1.0,85.0,400,400,300,300,100.0,0,100.0,99.99999403953552,99.99999403953552,nan,True,False,40000.0,134.1,,512,,4,,
cent_b82ba875326c,centralized,S1,central_anchor,anchor,,,D,,,s5,groknet,ce,5,s_nm1,addition,adamw,97,256,3,quadratic,1.0,0,1000,5000,0.15,1011,,,,,,,,,,,,,0,40000,100,0.0,0.001,1.0,85.0,inf,inf,inf,200,inf,0,1.4787581749260426,100.0,100.0,nan,False,True,40000.0,47.5,,512,,4,,
cent_b8584512a563,centralized,X,d_alpha_cliff,tangent,,,D,,,s5,groknet,ce,5,s_nm1,addition,adamw,97,256,3,quadratic,1.0,0,1000,5000,0.175,789,,,,,,,,,,,,,0,150000,200,0.0,0.001,1.0,85.0,inf,inf,inf,200,inf,0,35.39562225341797,100.0,100.0,nan,False,True,150000.0,185.5,,512,,4,,
cent_b96ef0dfdf07,centralized,X,d_alpha_cliff,tangent,,,D,,,s5,groknet,ce,5,s_nm1,addition,adamw,97,256,3,quadratic,1.0,0,1000,5000,0.2,789,,,,,,,,,,,,,0,150000,200,0.0,0.001,1.0,85.0,inf,inf,46800,200,inf,0,64.33159708976746,100.0,100.0,nan,False,True,150000.0,183.9,,512,,4,,
cent_b9700f3e7a52,centralized,T2,aggregation,exp2,,,D,cent_reduced,10,s5,groknet,ce,5,s_nm1,addition,adamw,97,256,3,quadratic,1.0,0,1000,5000,0.03,123,,,,,,,,,,,,,5000,500000,1000,0.0,0.001,1.0,85.0,inf,inf,inf,1000,inf,0,0.09306987631134689,100.0,100.0,nan,False,True,500000.0,517.1,,512,,4,,
cent_baaadacc9a12,centralized,X,d_wd_ladder,tangent,,,D,,,s5,groknet,ce,5,s_nm1,addition,adamw,97,256,3,quadratic,1.0,0,1000,5000,0.45,42,,,,,,,,,,,,,0,40000,25,0.0,0.001,0.1,85.0,23750,23750,12875,250,23500,0,96.84343934059143,100.0,100.0,nan,True,False,40000.0,69.9,,512,,4,,
cent_baf321e98870,centralized,S1,central_anchor,anchor,,,E,,,mnist,mlp,mse,5,s_nm1,addition,adamw,97,200,3,quadratic,9.0,200,500,5000,0.5,123,,,,,,,,,,,,,0,20000,100,0.0,0.001,0.1,90.0,inf,inf,2800,500,inf,0,88.65999579429626,100.0,100.0,nan,False,True,20000.0,76.5,,512,,4,,
cent_bb3250b3fa8f,centralized,P0,c_alpha_w256,boundary,,,C,,,s5,transformer,ce,5,s_nm1,addition,adamw,97,256,3,quadratic,1.0,0,1000,5000,0.25,456,,,,,,,,,,,,,0,100000,50,0.0,0.001,1.0,85.0,inf,inf,inf,100,inf,0,0.3055555513128638,100.0,100.0,nan,False,True,100000.0,1271.9,,512,,4,,
cent_bb5d31683503,centralized,X,d_alpha_high,tangent,,,D,,,s5,groknet,ce,5,s_nm1,addition,adamw,97,256,3,quadratic,1.0,0,1000,5000,0.725,42,,,,,,,,,,,,,0,40000,100,0.0,0.001,1.0,85.0,600,600,300,300,300.0,0,100.0,100.0,100.0,nan,True,False,40000.0,113.6,,512,,4,,
cent_bbb70a8b5f82,centralized,T2,aggregation,exp2,,,C,cent_reduced,2,s5,transformer,ce,5,s_nm1,addition,adamw,97,256,3,quadratic,1.0,0,1000,5000,0.2,42,,,,,,,,,,,,,4000,400000,800,0.0,0.001,1.0,85.0,inf,inf,inf,800,inf,0,0.8333333767950535,100.0,100.0,nan,False,True,400000.0,3464.2,,512,,4,,
cent_bc34feb0dcc2,centralized,X,d_alpha_high,tangent,,,D,,,s5,groknet,ce,5,s_nm1,addition,adamw,97,256,3,quadratic,1.0,0,1000,5000,0.95,789,,,,,,,,,,,,,0,40000,100,0.0,0.001,1.0,85.0,300,300,200,300,0.0,0,100.0,100.0,100.0,nan,True,False,40000.0,147.7,,512,,4,,
cent_bc53ec89f85f,centralized,X,d_wd_ladder,tangent,,,D,,,s5,groknet,ce,5,s_nm1,addition,adamw,97,256,3,quadratic,1.0,0,1000,5000,0.55,123,,,,,,,,,,,,,0,40000,25,0.0,0.001,0.0,85.0,inf,inf,inf,250,inf,0,42.76234805583954,100.0,100.0,nan,False,True,40000.0,102.8,,512,,4,,
cent_bd2e72f1a79d,centralized,X,d_wd_ladder,tangent,,,D,,,s5,groknet,ce,5,s_nm1,addition,adamw,97,256,3,quadratic,1.0,0,1000,5000,0.45,456,,,,,,,,,,,,,0,40000,25,0.0,0.001,3.0,85.0,1550,1550,650,325,1225,0,96.22474908828735,100.0,100.0,nan,True,False,40000.0,68.8,,512,,4,,
cent_bd47fc556194,centralized,X,d_internals,tangent,,,D,,,s5,groknet,ce,5,s_nm1,addition,adamw,97,256,3,quadratic,1.0,0,1000,5000,0.5,42,,,,,,,,,,,,,500,40000,25,0.0,0.001,1.0,85.0,6725,6725,875,275,6450.0,0,99.93056058883667,100.0,100.0,nan,True,False,40000.0,100.3,,512,,4,,
cent_bdf4b2386748,centralized,S1,central_anchor,anchor,,,C,,,s5,transformer,ce,5,s_nm1,addition,adamw,97,128,3,quadratic,1.0,0,1000,5000,0.5,1011,,,,,,,,,,,,,0,40000,100,0.0,0.001,1.0,85.0,9600,9600,9200,200,9400.0,0,100.0,100.0,100.0,nan,True,False,40000.0,818.6,,512,,4,,
cent_be711fe0a71a,centralized,S1,central_anchor,anchor,,,C,,,s5,transformer,ce,5,s_nm1,addition,adamw,97,128,3,quadratic,1.0,0,1000,5000,0.3,123,,,,,,,,,,,,,0,40000,100,0.0,0.001,1.0,85.0,inf,inf,inf,200,inf,0,0.44642859138548374,100.0,100.0,nan,False,True,40000.0,472.4,,512,,4,,
cent_beeda95f051a,centralized,P0,c_alpha_w256,boundary,,,C,,,s5,transformer,ce,5,s_nm1,addition,adamw,97,256,3,quadratic,1.0,0,1000,5000,0.3,123,,,,,,,,,,,,,0,100000,50,0.0,0.001,1.0,85.0,inf,inf,inf,100,inf,0,0.9722222574055195,100.0,100.0,nan,False,True,100000.0,1630.0,,512,,4,,
cent_bef2418d60d9,centralized,S1b,c_alpha,gate_a,,,C,,,s5,transformer,ce,5,s_nm1,addition,adamw,97,128,3,quadratic,1.0,0,1000,5000,0.7,42,,,,,,,,,,,,,0,100000,200,0.0,0.001,1.0,85.0,3800,3800,3400,200,3600.0,0,100.0,100.0,100.0,nan,True,False,100000.0,2670.1,,512,,4,,
cent_bf30c10738c1,centralized,S1,central_anchor,anchor,,,C,,,s5,transformer,ce,5,s_nm1,addition,adamw,97,128,3,quadratic,1.0,0,1000,5000,0.2,42,,,,,,,,,,,,,0,40000,100,0.0,0.001,1.0,85.0,inf,inf,inf,200,inf,0,0.529513880610466,100.0,100.0,nan,False,True,40000.0,371.4,,512,,4,,
cent_bf36f26c19d4,centralized,X,wd_zero,control,,,E,,,mnist,mlp,mse,5,s_nm1,addition,adamw,97,200,3,quadratic,9.0,100,2000,5000,0.5,123,,,,,,,,,,,,,0,40000,80,0.0,0.001,0.0,90.0,inf,inf,960,320,inf,0,74.1599977016449,100.0,100.0,nan,False,True,40000.0,797.9,,512,,4,,
cent_bf63e05ecb67,centralized,P0,capacity,width,,,E,,,mnist,mlp,mse,5,s_nm1,addition,adamw,97,200,3,quadratic,9.0,100,2000,5000,0.5,123,,,,,,,,,,,,,0,20000,25,0.0,0.001,0.1,90.0,725,725,250,275,450,0,92.10000038146973,100.0,100.0,nan,True,False,20000.0,340.1,,512,,4,,
cent_bfc10d737d70,centralized,X,d_internals,tangent,,,D,,,s5,groknet,ce,5,s_nm1,addition,adamw,97,256,3,quadratic,1.0,0,1000,5000,0.375,42,,,,,,,,,,,,,500,40000,25,0.0,0.001,1.0,85.0,13775,13775,8200,250,13525.0,0,99.00000095367432,100.0,100.0,nan,True,False,40000.0,81.1,,512,,4,,
cent_c0e1996e91da,centralized,T0,mnist_wd_band,mnist,,,,,,mnist,mlp,mse,5,s_nm1,addition,adamw,97,200,3,quadratic,9.0,200,1000,5000,0.5,123,,,,,,,,,,,,,0,20000,100,0.0,0.001,0.1,90.0,3400,3400,1400,500,2900.0,0,92.65999794006348,100.0,100.0,nan,True,False,20000.0,89.3,,512,,4,,
cent_c0e6ef1968e5,centralized,S1,central_anchor,anchor,,,C,,,s5,transformer,ce,5,s_nm1,addition,adamw,97,128,3,quadratic,1.0,0,1000,5000,0.3,456,,,,,,,,,,,,,0,40000,100,0.0,0.001,1.0,85.0,inf,inf,inf,200,inf,0,0.5059523973613977,100.0,100.0,nan,False,True,40000.0,612.1,,512,,4,,
cent_c161d05fa63f,centralized,S1,central_anchor,anchor,,,D,,,s5,groknet,ce,5,s_nm1,addition,adamw,97,256,3,quadratic,1.0,0,1000,5000,0.25,1011,,,,,,,,,,,,,0,40000,100,0.0,0.001,1.0,85.0,39600,39600,21000,300,39300.0,0,85.21296381950378,100.0,100.0,nan,True,False,40000.0,57.0,,512,,4,,
cent_c2a11de48f10,centralized,P1,cd_decay_band,decay,,,C,,,s5,transformer,ce,5,s_nm1,addition,adamw,97,256,3,quadratic,1.0,0,1000,5000,0.5,123,,,,,,,,,,,,,0,100000,50,0.0,0.001,0.1,85.0,97500,70200,66900,100,97400,1,99.98611211776733,100.0,100.0,nan,True,False,100000.0,2699.3,,512,,4,,
cent_c39a63158c9e,centralized,X,d_internals,tangent,,,D,,,s5,groknet,ce,5,s_nm1,addition,adamw,97,256,3,quadratic,1.0,0,1000,5000,0.55,42,,,,,,,,,,,,,500,40000,25,0.0,0.001,1.0,85.0,4150,1250,675,275,3875.0,34,100.0,100.0,100.0,nan,True,False,40000.0,108.3,,512,,4,,
cent_c445ebf88f2a,centralized,T2,aggregation,exp2,,,E,cent_reduced,10,mnist,mlp,mse,5,s_nm1,addition,adamw,97,200,3,quadratic,9.0,100,200,5000,0.5,456,,,,,,,,,,,,,800,80000,160,0.0,0.001,0.1,90.0,inf,inf,5120,320,inf,0,82.37999677658081,100.0,100.0,nan,False,True,80000.0,290.8,,512,,4,,
cent_c6181402ab27,centralized,S1,central_anchor,anchor,,,E,,,mnist,mlp,mse,5,s_nm1,addition,adamw,97,200,3,quadratic,9.0,200,4000,5000,0.5,1011,,,,,,,,,,,,,0,20000,100,0.0,0.001,0.1,90.0,400,400,200,500,-100.0,0,95.77999711036682,100.0,100.0,nan,True,False,20000.0,575.5,,512,,4,,
cent_c6891b371918,centralized,P1,cd_decay_band,decay,,,C,,,s5,transformer,ce,5,s_nm1,addition,adamw,97,256,3,quadratic,1.0,0,1000,5000,0.5,456,,,,,,,,,,,,,0,100000,50,0.0,0.001,0.3,85.0,86350,18400,17450,100,86250,2,100.0,100.0,100.0,nan,True,False,100000.0,2605.2,,512,,4,,
cent_c699e7cf64f0,centralized,X,d_alpha_fine,tangent,,,D,,,s5,groknet,ce,5,s_nm1,addition,adamw,97,256,3,quadratic,1.0,0,1000,5000,0.475,1011,,,,,,,,,,,,,0,40000,100,0.0,0.001,1.0,85.0,8700,8700,1200,300,8400.0,0,99.78836178779602,100.0,100.0,nan,True,False,40000.0,86.4,,512,,4,,
cent_c761328aaeba,centralized,T2,aggregation,exp2,,,D,cent_reduced,20,s5,groknet,ce,5,s_nm1,addition,adamw,97,256,3,quadratic,1.0,0,1000,5000,0.015,123,,,,,,,,,,,,,5000,500000,1000,0.0,0.001,1.0,85.0,inf,inf,inf,1000,inf,0,0.04230118647683412,100.0,100.0,nan,False,True,500000.0,542.8,,512,,4,,
cent_c84c54e4d2ab,centralized,S1,central_anchor,anchor,,,C,,,s5,transformer,ce,5,s_nm1,addition,adamw,97,128,3,quadratic,1.0,0,1000,5000,0.2,1011,,,,,,,,,,,,,0,40000,100,0.0,0.001,1.0,85.0,inf,inf,inf,200,inf,0,0.572916679084301,100.0,100.0,nan,False,True,40000.0,442.5,,512,,4,,
cent_c8ddab58693c,centralized,S1,central_anchor,anchor,,,D,,,s5,groknet,ce,5,s_nm1,addition,adamw,97,256,3,quadratic,1.0,0,1000,5000,0.4,123,,,,,,,,,,,,,0,40000,100,0.0,0.001,1.0,85.0,11900,11900,6800,300,11600.0,0,99.79166388511658,100.0,100.0,nan,True,False,40000.0,80.3,,512,,4,,
cent_c90cfbf52ab9,centralized,X,d_alpha_high,tangent,,,D,,,s5,groknet,ce,5,s_nm1,addition,adamw,97,256,3,quadratic,1.0,0,1000,5000,0.675,123,,,,,,,,,,,,,0,40000,100,0.0,0.001,1.0,85.0,700,700,400,300,400.0,0,100.0,100.0,100.0,nan,True,False,40000.0,112.3,,512,,4,,
cent_c919a8c2ca9c,centralized,S1b,c_capacity,gate_a,,,C,,,s5,transformer,ce,5,s_nm1,addition,adamw,97,256,3,quadratic,1.0,0,1000,5000,0.5,42,,,,,,,,,,,,,0,100000,200,0.0,0.001,1.0,85.0,15200,15200,14400,200,15000.0,0,100.0,100.0,100.0,nan,True,False,100000.0,2561.6,,512,,4,,
cent_c983d8428b2d,centralized,X,d_alpha_high,tangent,,,D,,,s5,groknet,ce,5,s_nm1,addition,adamw,97,256,3,quadratic,1.0,0,1000,5000,0.975,123,,,,,,,,,,,,,0,40000,100,0.0,0.001,1.0,85.0,300,300,200,300,0.0,0,100.0,100.0,100.0,nan,True,False,40000.0,144.4,,512,,4,,
cent_c9e487937432,centralized,X,d_internals,tangent,,,D,,,s5,groknet,ce,5,s_nm1,addition,adamw,97,256,3,quadratic,1.0,0,1000,5000,0.6,1011,,,,,,,,,,,,,500,40000,25,0.0,0.001,1.0,85.0,975,975,550,275,700.0,0,99.9826431274414,100.0,100.0,nan,True,False,40000.0,230.6,,512,,4,,
cent_ca979387e4de,centralized,T2,aggregation,exp2,,,C,cent_full,,s5,transformer,ce,5,s_nm1,addition,adamw,97,256,3,quadratic,1.0,0,1000,5000,0.4,123,,,,,,,,,,,,,0,200000,400,0.0,0.001,1.0,85.0,165200,43600,42800,400,164800,2,100.0,100.0,100.0,nan,True,False,200000.0,2275.6,,512,,4,,
cent_cb0f478bacb2,centralized,X,d_internals,tangent,,,D,,,s5,groknet,ce,5,s_nm1,addition,adamw,97,256,3,quadratic,1.0,0,1000,5000,0.425,42,,,,,,,,,,,,,500,40000,25,0.0,0.001,1.0,85.0,10800,10800,5700,275,10525.0,0,99.73429441452026,100.0,100.0,nan,True,False,40000.0,87.0,,512,,4,,
cent_cbfe547a5314,centralized,S1,central_anchor,anchor,,,D,,,s5,groknet,ce,5,s_nm1,addition,adamw,97,256,3,quadratic,1.0,0,1000,5000,0.4,789,,,,,,,,,,,,,0,40000,100,0.0,0.001,1.0,85.0,13000,13000,6800,300,12700.0,0,99.73379373550415,100.0,100.0,nan,True,False,40000.0,76.3,,512,,4,,
cent_cc101bbef1a2,centralized,T2,aggregation,exp2,,,E,cent_reduced,20,mnist,mlp,mse,5,s_nm1,addition,adamw,97,200,3,quadratic,9.0,100,100,5000,0.5,456,,,,,,,,,,,,,800,80000,160,0.0,0.001,0.1,90.0,inf,inf,11520,320,inf,0,75.41999816894531,100.0,100.0,nan,False,True,80000.0,170.3,,512,,4,,
cent_cc3897678f93,centralized,X,d_alpha_fine,tangent,,,D,,,s5,groknet,ce,5,s_nm1,addition,adamw,97,256,3,quadratic,1.0,0,1000,5000,0.325,123,,,,,,,,,,,,,0,40000,100,0.0,0.001,1.0,85.0,19500,19500,12700,300,19200.0,0,96.85184955596924,100.0,100.0,nan,True,False,40000.0,70.2,,512,,4,,
cent_cc488859e0b5,centralized,S1b,c_capacity,gate_a,,,C,,,s5,transformer,ce,5,s_nm1,addition,adamw,97,256,3,quadratic,1.0,0,1000,5000,0.5,123,,,,,,,,,,,,,0,100000,200,0.0,0.001,1.0,85.0,21600,21600,21400,200,21400.0,0,100.0,100.0,100.0,nan,True,False,100000.0,2570.5,,512,,4,,
cent_ccff640b5186,centralized,S1,central_anchor,anchor,,,C,,,s5,transformer,ce,5,s_nm1,addition,adamw,97,128,3,quadratic,1.0,0,1000,5000,0.4,456,,,,,,,,,,,,,0,40000,100,0.0,0.001,1.0,85.0,inf,inf,inf,200,inf,0,1.0185184888541698,100.0,100.0,nan,False,True,40000.0,780.3,,512,,4,,
cent_cdeafac5248f,centralized,X,d_alpha_high,tangent,,,D,,,s5,groknet,ce,5,s_nm1,addition,adamw,97,256,3,quadratic,1.0,0,1000,5000,0.95,123,,,,,,,,,,,,,0,40000,100,0.0,0.001,1.0,85.0,300,300,200,300,0.0,0,100.0,100.0,100.0,nan,True,False,40000.0,147.8,,512,,4,,
cent_ce808c1653f9,centralized,S1,central_anchor,anchor,,,C,,,s5,transformer,ce,5,s_nm1,addition,adamw,97,128,3,quadratic,1.0,0,1000,5000,0.25,789,,,,,,,,,,,,,0,40000,100,0.0,0.001,1.0,85.0,inf,inf,inf,200,inf,0,0.25925925001502037,100.0,100.0,nan,False,True,40000.0,484.8,,512,,4,,
cent_ced796f9bc0b,centralized,X,d_internals,tangent,,,D,,,s5,groknet,ce,5,s_nm1,addition,adamw,97,256,3,quadratic,1.0,0,1000,5000,0.2,789,,,,,,,,,,,,,500,150000,25,0.0,0.001,1.0,85.0,inf,inf,46675,200,inf,0,64.33159708976746,100.0,100.0,nan,False,True,150000.0,246.6,,512,,4,,
cent_cef3448eff7a,centralized,X,d_alpha_high,tangent,,,D,,,s5,groknet,ce,5,s_nm1,addition,adamw,97,256,3,quadratic,1.0,0,1000,5000,0.85,42,,,,,,,,,,,,,0,40000,100,0.0,0.001,1.0,85.0,400,400,300,300,100.0,0,100.0,100.0,100.0,nan,True,False,40000.0,130.6,,512,,4,,
cent_cfbaa129f8f0,centralized,S1b,c_capacity,gate_a,,,C,,,s5,transformer,ce,5,s_nm1,addition,adamw,97,128,3,quadratic,1.0,0,1000,5000,0.5,456,,,,,,,,,,,,,0,100000,200,0.0,0.001,1.0,85.0,21800,17800,16400,200,21600.0,1,100.0,100.0,100.0,nan,True,False,100000.0,2710.1,,1024,,8,,
cent_cfd2a5b48b72,centralized,S1b,c_alpha,gate_a,,,C,,,s5,transformer,ce,5,s_nm1,addition,adamw,97,128,3,quadratic,1.0,0,1000,5000,0.6,42,,,,,,,,,,,,,0,100000,200,0.0,0.001,1.0,85.0,99400,7400,7000,200,99200.0,1,100.0,100.0,100.0,nan,True,False,100000.0,2465.5,,512,,4,,
cent_d0201e0c6426,centralized,P1,d_gd_probe,optimiser,,,D,,,s5,groknet,mse,5,s_nm1,addition,gd,97,256,3,quadratic,1.0,0,1000,5000,0.5,456,,,,,,,,,,,,,0,50000,100,0.0,10.0,0.0,85.0,inf,inf,inf,inf,inf,0,0.16666667070239782,87.44444847106934,87.44444847106934,nan,False,True,50000.0,68.8,,512,,4,,
cent_d0a30585287a,centralized,X,d_alpha_fine,tangent,,,D,,,s5,groknet,ce,5,s_nm1,addition,adamw,97,256,3,quadratic,1.0,0,1000,5000,0.325,456,,,,,,,,,,,,,0,40000,100,0.0,0.001,1.0,85.0,17800,17800,12600,300,17500.0,0,98.24073910713196,100.0,100.0,nan,True,False,40000.0,70.2,,512,,4,,
cent_d10270a9be35,centralized,X,d_alpha_fine,tangent,,,D,,,s5,groknet,ce,5,s_nm1,addition,adamw,97,256,3,quadratic,1.0,0,1000,5000,0.525,789,,,,,,,,,,,,,0,40000,100,0.0,0.001,1.0,85.0,5700,5700,900,300,5400.0,0,99.9707579612732,100.0,100.0,nan,True,False,40000.0,95.7,,512,,4,,
cent_d136b99a6d31,centralized,X,d_internals,tangent,,,D,,,s5,groknet,ce,5,s_nm1,addition,adamw,97,256,3,quadratic,1.0,0,1000,5000,0.2,123,,,,,,,,,,,,,500,150000,25,0.0,0.001,1.0,85.0,inf,inf,47950,200,inf,0,64.03645873069763,100.0,100.0,nan,False,True,150000.0,789.5,,512,,4,,
cent_d13b921ff3dc,centralized,X,d_alpha_high,tangent,,,D,,,s5,groknet,ce,5,s_nm1,addition,adamw,97,256,3,quadratic,1.0,0,1000,5000,0.925,456,,,,,,,,,,,,,0,40000,100,0.0,0.001,1.0,85.0,300,300,300,300,0.0,0,100.0,100.0,100.0,nan,True,False,40000.0,142.4,,512,,4,,
cent_d1ba14dc5fa8,centralized,S1,mnist_working_point,anchor,,,E,,,mnist,mlp,mse,5,s_nm1,addition,adamw,97,200,3,quadratic,9.0,50,4000,5000,0.5,456,,,,,,,,,,,,,0,20000,100,0.0,0.001,0.1,90.0,100,100,100,200,-100.0,0,93.95999908447266,100.0,100.0,nan,True,False,20000.0,1930.2,,512,,4,,
cent_d21f472cb1a6,centralized,S1,mnist_working_point,anchor,,,E,,,mnist,mlp,mse,5,s_nm1,addition,adamw,97,200,3,quadratic,9.0,25,4000,5000,0.5,456,,,,,,,,,,,,,0,20000,100,0.0,0.001,0.1,90.0,100,100,100,100,0.0,0,94.22000050544739,99.9750018119812,100.0,nan,True,False,20000.0,4161.2,,512,,4,,
cent_d27a7cb78b0b,centralized,T2,aggregation,exp2,,,C,cent_full,,s5,transformer,ce,5,s_nm1,addition,adamw,97,256,3,quadratic,1.0,0,1000,5000,0.4,456,,,,,,,,,,,,,0,200000,400,0.0,0.001,1.0,85.0,11200,11200,10800,400,10800,0,100.0,100.0,100.0,nan,True,False,200000.0,2788.8,,512,,4,,
cent_d33cfa74c4e0,centralized,X,d_alpha_cliff,tangent,,,D,,,s5,groknet,ce,5,s_nm1,addition,adamw,97,256,3,quadratic,1.0,0,1000,5000,0.225,456,,,,,,,,,,,,,0,150000,200,0.0,0.001,1.0,85.0,inf,inf,24600,200,inf,0,80.33154010772705,100.0,100.0,nan,False,True,150000.0,193.1,,512,,4,,
cent_d3531a6ad9bb,centralized,S1,central_anchor,anchor,,,C,,,s5,transformer,ce,5,s_nm1,addition,adamw,97,128,3,quadratic,1.0,0,1000,5000,0.4,123,,,,,,,,,,,,,0,40000,100,0.0,0.001,1.0,85.0,24500,24500,24200,200,24300.0,0,100.0,100.0,100.0,nan,True,False,40000.0,755.4,,512,,4,,
cent_d3982a9d50b5,centralized,X,d_wd_ladder,tangent,,,D,,,s5,groknet,ce,5,s_nm1,addition,adamw,97,256,3,quadratic,1.0,0,1000,5000,0.3,456,,,,,,,,,,,,,0,40000,25,0.0,0.001,0.1,85.0,inf,inf,inf,225,inf,0,9.880952537059784,100.0,100.0,nan,False,True,40000.0,74.8,,512,,4,,
cent_d3ffb495c32c,centralized,S1,central_anchor,anchor,,,D,,,s5,groknet,ce,5,s_nm1,addition,adamw,97,256,3,quadratic,1.0,0,1000,5000,0.3,123,,,,,,,,,,,,,0,40000,100,0.0,0.001,1.0,85.0,21500,21500,14800,300,21200.0,0,96.33928537368774,100.0,100.0,nan,True,False,40000.0,62.3,,512,,4,,
cent_d4007679f0f0,centralized,S1b,c_capacity,gate_a,,,C,,,s5,transformer,ce,5,s_nm1,addition,adamw,97,256,3,quadratic,1.0,0,1000,5000,0.5,123,,,,,,,,,,,,,0,100000,200,0.0,0.001,1.0,85.0,77800,17000,16600,200,77600.0,3,100.0,100.0,100.0,nan,True,False,100000.0,3911.9,,1024,,8,,
cent_d60d29532c5c,centralized,S1,central_anchor,anchor,,,D,,,s5,groknet,ce,5,s_nm1,addition,adamw,97,256,3,quadratic,1.0,0,1000,5000,0.2,123,,,,,,,,,,,,,0,40000,100,0.0,0.001,1.0,85.0,inf,inf,inf,200,inf,0,44.61805522441864,100.0,100.0,nan,False,True,40000.0,47.7,,512,,4,,
cent_d715f44f1e7c,centralized,X,d_alpha_high,tangent,,,D,,,s5,groknet,ce,5,s_nm1,addition,adamw,97,256,3,quadratic,1.0,0,1000,5000,0.65,789,,,,,,,,,,,,,0,40000,100,0.0,0.001,1.0,85.0,800,800,500,300,500.0,0,100.0,100.0,100.0,nan,True,False,40000.0,104.7,,512,,4,,
cent_d7bb9f999616,centralized,X,d_internals,tangent,,,D,,,s5,groknet,ce,5,s_nm1,addition,adamw,97,256,3,quadratic,1.0,0,1000,5000,0.575,456,,,,,,,,,,,,,500,40000,25,0.0,0.001,1.0,85.0,1100,1100,625,275,825.0,0,100.0,100.0,100.0,nan,True,False,40000.0,96.2,,512,,4,,
cent_d812a105d269,centralized,X,d_internals,tangent,,,D,,,s5,groknet,ce,5,s_nm1,addition,adamw,97,256,3,quadratic,1.0,0,1000,5000,0.3,42,,,,,,,,,,,,,500,40000,25,0.0,0.001,1.0,85.0,19925,19925,14675,250,19675.0,0,97.02380895614624,100.0,100.0,nan,True,False,40000.0,74.9,,512,,4,,
cent_d8b5652f5bae,centralized,X,d_alpha_fine,tangent,,,D,,,s5,groknet,ce,5,s_nm1,addition,adamw,97,256,3,quadratic,1.0,0,1000,5000,0.45,456,,,,,,,,,,,,,0,40000,100,0.0,0.001,1.0,85.0,9700,9700,1400,300,9400.0,0,99.84849095344543,100.0,100.0,nan,True,False,40000.0,83.6,,512,,4,,
cent_d9385718b249,centralized,S1,central_anchor,anchor,,,D,,,s5,groknet,ce,5,s_nm1,addition,adamw,97,256,3,quadratic,1.0,0,1000,5000,0.5,123,,,,,,,,,,,,,0,40000,100,0.0,0.001,1.0,85.0,6900,6900,900,300,6600.0,0,99.93056058883667,100.0,100.0,nan,True,False,40000.0,82.3,,512,,4,,
cent_d95ae268b538,centralized,S1,central_anchor,anchor,,,C,,,s5,transformer,ce,5,s_nm1,addition,adamw,97,128,3,quadratic,1.0,0,1000,5000,0.4,42,,,,,,,,,,,,,0,40000,100,0.0,0.001,1.0,85.0,26100,26100,25700,200,25900.0,0,100.0,100.0,100.0,nan,True,False,40000.0,750.3,,512,,4,,
cent_da1c36c85d58,centralized,X,d_alpha_high,tangent,,,D,,,s5,groknet,ce,5,s_nm1,addition,adamw,97,256,3,quadratic,1.0,0,1000,5000,0.6,42,,,,,,,,,,,,,0,40000,100,0.0,0.001,1.0,85.0,1000,1000,600,300,700.0,0,100.0,100.0,100.0,nan,True,False,40000.0,100.5,,512,,4,,
cent_da698aa8c3b7,centralized,X,d_lr_control,tangent,,,D,,,s5,groknet,ce,5,s_nm1,addition,adamw,97,256,3,quadratic,1.0,0,1000,5000,0.55,42,,,,,,,,,,,,,0,60000,25,0.0,0.001,1.0,85.0,4150,1250,675,275,3875,34,99.98457431793213,100.0,100.0,nan,True,False,60000.0,107.5,,512,,4,,
cent_dac29d3917ed,centralized,X,d_alpha_high,tangent,,,D,,,s5,groknet,ce,5,s_nm1,addition,adamw,97,256,3,quadratic,1.0,0,1000,5000,0.775,789,,,,,,,,,,,,,0,40000,100,0.0,0.001,1.0,85.0,500,500,300,300,200.0,0,100.0,99.99999403953552,99.99999403953552,nan,True,False,40000.0,124.2,,512,,4,,
cent_daf265c8cca2,centralized,S1,mnist_working_point,anchor,,,E,,,mnist,mlp,mse,5,s_nm1,addition,adamw,97,200,3,quadratic,9.0,50,2000,5000,0.5,123,,,,,,,,,,,,,0,20000,100,0.0,0.001,0.1,90.0,400,400,200,200,200.0,0,92.47999787330627,100.0,100.0,nan,True,False,20000.0,861.6,,512,,4,,
cent_db12d9178b72,centralized,X,d_wd_ladder,tangent,,,D,,,s5,groknet,ce,5,s_nm1,addition,adamw,97,256,3,quadratic,1.0,0,1000,5000,0.55,42,,,,,,,,,,,,,0,40000,25,0.0,0.001,0.1,85.0,9950,9875,3025,250,9700,2,99.95371103286743,100.0,100.0,nan,True,False,40000.0,74.6,,512,,4,,
cent_dc8daae258a9,centralized,S1,central_anchor,anchor,,,D,,,s5,groknet,ce,5,s_nm1,addition,adamw,97,256,3,quadratic,1.0,0,1000,5000,0.4,1011,,,,,,,,,,,,,0,40000,100,0.0,0.001,1.0,85.0,12900,12900,6300,300,12600.0,0,99.27083253860474,100.0,100.0,nan,True,False,40000.0,75.2,,512,,4,,
cent_dcc1869ed160,centralized,S1,central_anchor,anchor,,,C,,,s5,transformer,ce,5,s_nm1,addition,adamw,97,128,3,quadratic,1.0,0,1000,5000,0.15,42,,,,,,,,,,,,,0,40000,100,0.0,0.001,1.0,85.0,inf,inf,inf,200,inf,0,0.1797385630197823,100.0,100.0,nan,False,True,40000.0,332.0,,512,,4,,
cent_dd59acab54a6,centralized,X,d_alpha_high,tangent,,,D,,,s5,groknet,ce,5,s_nm1,addition,adamw,97,256,3,quadratic,1.0,0,1000,5000,0.75,456,,,,,,,,,,,,,0,40000,100,0.0,0.001,1.0,85.0,500,500,300,300,200.0,0,100.0,100.0,100.0,nan,True,False,40000.0,114.5,,512,,4,,
cent_de6b4b8e1248,centralized,S1,mnist_working_point,anchor,,,E,,,mnist,mlp,mse,5,s_nm1,addition,adamw,97,200,3,quadratic,9.0,25,1000,5000,0.5,456,,,,,,,,,,,,,0,20000,100,0.0,0.001,0.1,90.0,inf,400,200,100,inf,187,88.27999830245972,100.0,100.0,nan,False,True,20000.0,910.4,,512,,4,,
cent_df580c887fae,centralized,X,d_lr_control,tangent,,,D,,,s5,groknet,ce,5,s_nm1,addition,adamw,97,256,3,quadratic,1.0,0,1000,5000,0.45,42,,,,,,,,,,,,,0,60000,25,0.0,0.00025,4.0,85.0,3650,3650,2050,1425,2225,0,99.64646697044373,100.0,100.0,nan,True,False,60000.0,102.7,,512,,4,,
cent_df7cdc9daae5,centralized,S1,mnist_working_point,anchor,,,E,,,mnist,mlp,mse,5,s_nm1,addition,adamw,97,200,3,quadratic,9.0,50,1000,5000,0.5,42,,,,,,,,,,,,,0,20000,100,0.0,0.001,0.1,90.0,inf,800,400,200,inf,116,88.01999688148499,100.0,100.0,nan,False,True,20000.0,436.0,,512,,4,,
cent_df99a9a9930f,centralized,X,d_wd_ladder,tangent,,,D,,,s5,groknet,ce,5,s_nm1,addition,adamw,97,256,3,quadratic,1.0,0,1000,5000,0.3,456,,,,,,,,,,,,,0,40000,25,0.0,0.001,3.0,85.0,inf,inf,4925,275,inf,0,78.5615086555481,100.0,100.0,nan,False,True,40000.0,62.8,,512,,4,,
cent_dfcc791b67a1,centralized,T2,aggregation,exp2,,,E,cent_full,,mnist,mlp,mse,5,s_nm1,addition,adamw,97,200,3,quadratic,9.0,100,2000,5000,0.5,456,,,,,,,,,,,,,0,40000,80,0.0,0.001,0.1,90.0,720,720,240,320,400,0,94.77999806404114,100.0,100.0,nan,True,False,40000.0,1003.3,,512,,4,,
cent_e0ebcd1c1b63,centralized,X,d_alpha_fine,tangent,,,D,,,s5,groknet,ce,5,s_nm1,addition,adamw,97,256,3,quadratic,1.0,0,1000,5000,0.375,1011,,,,,,,,,,,,,0,40000,100,0.0,0.001,1.0,85.0,14800,14800,8600,300,14500.0,0,98.61111044883728,100.0,100.0,nan,True,False,40000.0,73.6,,512,,4,,
cent_e123ef34670e,centralized,X,d_internals,tangent,,,D,,,s5,groknet,ce,5,s_nm1,addition,adamw,97,256,3,quadratic,1.0,0,1000,5000,0.35,456,,,,,,,,,,,,,500,40000,25,0.0,0.001,1.0,85.0,16600,16600,10300,250,16350.0,0,97.6602554321289,100.0,100.0,nan,True,False,40000.0,74.0,,512,,4,,
cent_e13c4bc3e50c,centralized,S1,central_anchor,anchor,,,E,,,mnist,mlp,mse,5,s_nm1,addition,adamw,97,200,3,quadratic,9.0,200,500,5000,0.5,1011,,,,,,,,,,,,,0,20000,100,0.0,0.001,0.1,90.0,inf,9500,2600,400,inf,31,89.89999890327454,100.0,100.0,nan,False,True,20000.0,73.4,,512,,4,,
cent_e162b088eaaf,centralized,X,d_alpha_high,tangent,,,D,,,s5,groknet,ce,5,s_nm1,addition,adamw,97,256,3,quadratic,1.0,0,1000,5000,0.85,789,,,,,,,,,,,,,0,40000,100,0.0,0.001,1.0,85.0,400,400,300,300,100.0,0,100.0,100.0,100.0,nan,True,False,40000.0,135.0,,512,,4,,
cent_e170e8c6e090,centralized,X,d_internals,tangent,,,D,,,s5,groknet,ce,5,s_nm1,addition,adamw,97,256,3,quadratic,1.0,0,1000,5000,0.375,456,,,,,,,,,,,,,500,40000,25,0.0,0.001,1.0,85.0,14450,14450,8650,250,14200.0,0,99.42222237586975,100.0,100.0,nan,True,False,40000.0,80.7,,512,,4,,
cent_e180ad412e76,centralized,X,d_alpha_high,tangent,,,D,,,s5,groknet,ce,5,s_nm1,addition,adamw,97,256,3,quadratic,1.0,0,1000,5000,0.875,42,,,,,,,,,,,,,0,40000,100,0.0,0.001,1.0,85.0,400,400,300,300,100.0,0,100.0,99.99999403953552,99.99999403953552,nan,True,False,40000.0,134.8,,512,,4,,
cent_e22a1c98d0f6,centralized,T2,aggregation,exp2,,,D,cent_reduced,20,s5,groknet,ce,5,s_nm1,addition,adamw,97,256,3,quadratic,1.0,0,1000,5000,0.015,42,,,,,,,,,,,,,5000,500000,1000,0.0,0.001,1.0,85.0,inf,inf,inf,1000,inf,0,0.00705019774613902,100.0,100.0,nan,False,True,500000.0,541.0,,512,,4,,
cent_e22b07f703d7,centralized,X,d_alpha_high,tangent,,,D,,,s5,groknet,ce,5,s_nm1,addition,adamw,97,256,3,quadratic,1.0,0,1000,5000,0.95,42,,,,,,,,,,,,,0,40000,100,0.0,0.001,1.0,85.0,300,300,200,300,0.0,0,100.0,100.0,100.0,nan,True,False,40000.0,141.4,,512,,4,,
cent_e2633c90f660,centralized,X,d_alpha_high,tangent,,,D,,,s5,groknet,ce,5,s_nm1,addition,adamw,97,256,3,quadratic,1.0,0,1000,5000,0.675,42,,,,,,,,,,,,,0,40000,100,0.0,0.001,1.0,85.0,700,700,400,300,400.0,0,100.0,100.0,100.0,nan,True,False,40000.0,112.5,,512,,4,,
cent_e3c6f7dd648f,centralized,X,d_internals,tangent,,,D,,,s5,groknet,ce,5,s_nm1,addition,adamw,97,256,3,quadratic,1.0,0,1000,5000,0.3,1011,,,,,,,,,,,,,500,40000,25,0.0,0.001,1.0,85.0,21550,21550,15125,225,21325.0,0,93.76984238624573,100.0,100.0,nan,True,False,40000.0,77.2,,512,,4,,
cent_e4496f5f13df,centralized,X,d_wd_ladder,tangent,,,D,,,s5,groknet,ce,5,s_nm1,addition,adamw,97,256,3,quadratic,1.0,0,1000,5000,0.55,456,,,,,,,,,,,,,0,40000,25,0.0,0.001,0.3,85.0,15300,15300,1475,250,15050,0,99.96914267539978,100.0,100.0,nan,True,False,40000.0,64.8,,512,,4,,
cent_e450f137049c,centralized,X,wd_zero,control,,,C,,,s5,transformer,ce,5,s_nm1,addition,adamw,97,256,3,quadratic,1.0,0,1000,5000,0.4,42,,,,,,,,,,,,,0,200000,400,0.0,0.001,0.0,85.0,inf,inf,inf,400,inf,0,0.3009259235113859,100.0,100.0,nan,False,True,200000.0,2001.1,,512,,4,,
cent_e461df08de3f,centralized,S1,central_anchor,anchor,,,D,,,s5,groknet,ce,5,s_nm1,addition,adamw,97,256,3,quadratic,1.0,0,1000,5000,0.5,1011,,,,,,,,,,,,,0,40000,100,0.0,0.001,1.0,85.0,7200,7200,1000,300,6900.0,0,99.97222423553467,100.0,100.0,nan,True,False,40000.0,53.0,,512,,4,,
cent_e476522312f0,centralized,S1,central_anchor,anchor,,,C,,,s5,transformer,ce,5,s_nm1,addition,adamw,97,128,3,quadratic,1.0,0,1000,5000,0.25,1011,,,,,,,,,,,,,0,40000,100,0.0,0.001,1.0,85.0,inf,inf,inf,200,inf,0,0.6574074272066355,100.0,100.0,nan,False,True,40000.0,485.8,,512,,4,,
cent_e4c0e4c56ee6,centralized,S1b,c_capacity,gate_a,,,C,,,s5,transformer,ce,5,s_nm1,addition,adamw,97,128,3,quadratic,1.0,0,1000,5000,0.5,123,,,,,,,,,,,,,0,100000,200,0.0,0.001,1.0,85.0,55800,55800,51200,200,55600.0,0,100.0,100.0,100.0,nan,True,False,100000.0,2660.3,,1024,,8,,
cent_e4f94efd7c63,centralized,S1,mnist_working_point,anchor,,,E,,,mnist,mlp,mse,5,s_nm1,addition,adamw,97,200,3,quadratic,9.0,200,4000,5000,0.5,456,,,,,,,,,,,,,0,20000,100,0.0,0.001,0.1,90.0,400,400,200,500,-100.0,0,95.95999717712402,100.0,100.0,nan,True,False,20000.0,421.0,,512,,4,,
cent_e5289103846f,centralized,S1,mnist_working_point,anchor,,,E,,,mnist,mlp,mse,5,s_nm1,addition,adamw,97,200,3,quadratic,9.0,100,1000,5000,0.5,456,,,,,,,,,,,,,0,20000,100,0.0,0.001,0.1,90.0,1800,1800,700,300,1500.0,0,91.69999957084656,100.0,100.0,nan,True,False,20000.0,221.3,,512,,4,,
cent_e565efc42b6d,centralized,S1b,c_alpha,gate_a,,,C,,,s5,transformer,ce,5,s_nm1,addition,adamw,97,128,3,quadratic,1.0,0,1000,5000,0.6,1011,,,,,,,,,,,,,0,100000,200,0.0,0.001,1.0,85.0,7000,7000,6600,200,6800.0,0,99.9131977558136,99.86110925674438,100.0,nan,True,False,100000.0,2518.0,,512,,4,,
cent_e5a2e40f411c,centralized,T2,aggregation,exp2,,,C,cent_reduced,5,s5,transformer,ce,5,s_nm1,addition,adamw,97,256,3,quadratic,1.0,0,1000,5000,0.08,456,,,,,,,,,,,,,4000,400000,800,0.0,0.001,1.0,85.0,inf,inf,inf,800,inf,0,0.2792874351143837,100.0,100.0,nan,False,True,400000.0,1979.4,,512,,4,,
cent_e5b69e1270fd,centralized,X,d_alpha_high,tangent,,,D,,,s5,groknet,ce,5,s_nm1,addition,adamw,97,256,3,quadratic,1.0,0,1000,5000,0.9,789,,,,,,,,,,,,,0,40000,100,0.0,0.001,1.0,85.0,300,300,200,300,0.0,0,100.0,100.0,100.0,nan,True,False,40000.0,135.5,,512,,4,,
cent_e6ae8ea606ae,centralized,X,d_alpha_high,tangent,,,D,,,s5,groknet,ce,5,s_nm1,addition,adamw,97,256,3,quadratic,1.0,0,1000,5000,0.65,1011,,,,,,,,,,,,,0,40000,100,0.0,0.001,1.0,85.0,800,800,500,300,500.0,0,100.0,100.0,100.0,nan,True,False,40000.0,105.5,,512,,4,,
cent_e6da766fa053,centralized,X,d_wd_ladder,tangent,,,D,,,s5,groknet,ce,5,s_nm1,addition,adamw,97,256,3,quadratic,1.0,0,1000,5000,0.55,123,,,,,,,,,,,,,0,40000,25,0.0,0.001,1.0,85.0,1275,1275,675,275,1000,0,100.0,100.0,100.0,nan,True,False,40000.0,65.1,,512,,4,,
cent_e70685b2d7e9,centralized,X,d_alpha_fine,tangent,,,D,,,s5,groknet,ce,5,s_nm1,addition,adamw,97,256,3,quadratic,1.0,0,1000,5000,0.375,42,,,,,,,,,,,,,0,40000,100,0.0,0.001,1.0,85.0,13800,13800,8200,300,13500.0,0,99.00000095367432,100.0,100.0,nan,True,False,40000.0,72.7,,512,,4,,
cent_e736d15cd71b,centralized,X,d_alpha_high,tangent,,,D,,,s5,groknet,ce,5,s_nm1,addition,adamw,97,256,3,quadratic,1.0,0,1000,5000,0.8,1011,,,,,,,,,,,,,0,40000,100,0.0,0.001,1.0,85.0,500,500,300,300,200.0,0,100.0,100.0,100.0,nan,True,False,40000.0,127.3,,512,,4,,
cent_e785eafd5291,centralized,X,d_alpha_cliff,tangent,,,D,,,s5,groknet,ce,5,s_nm1,addition,adamw,97,256,3,quadratic,1.0,0,1000,5000,0.225,123,,,,,,,,,,,,,0,150000,200,0.0,0.001,1.0,85.0,inf,inf,25200,400,inf,0,80.43010234832764,100.0,100.0,nan,False,True,150000.0,193.4,,512,,4,,
cent_e7a5a5f68a2b,centralized,X,d_internals,tangent,,,D,,,s5,groknet,ce,5,s_nm1,addition,adamw,97,256,3,quadratic,1.0,0,1000,5000,0.575,1011,,,,,,,,,,,,,500,40000,25,0.0,0.001,1.0,85.0,1100,1100,600,275,825.0,0,99.98366236686707,100.0,100.0,nan,True,False,40000.0,112.1,,512,,4,,
cent_e849edf203db,centralized,P1,cd_decay_band,decay,,,C,,,s5,transformer,ce,5,s_nm1,addition,adamw,97,256,3,quadratic,1.0,0,1000,5000,0.5,42,,,,,,,,,,,,,0,100000,50,0.0,0.001,0.03,85.0,inf,inf,inf,100,inf,0,1.5277777798473835,100.0,100.0,nan,False,True,100000.0,2624.7,,512,,4,,
cent_e88c1428bf1e,centralized,S1b,c_capacity,gate_a,,,C,,,s5,transformer,ce,5,s_nm1,addition,adamw,97,256,3,quadratic,1.0,0,1000,5000,0.5,123,,,,,,,,,,,,,0,100000,200,0.0,0.001,1.0,85.0,27200,27200,26400,200,27000.0,0,100.0,100.0,100.0,nan,True,False,100000.0,3260.5,,1024,,4,,
cent_e8a55c2e123d,centralized,S1b,c_alpha,gate_a,,,C,,,s5,transformer,ce,5,s_nm1,addition,adamw,97,128,3,quadratic,1.0,0,1000,5000,0.7,1011,,,,,,,,,,,,,0,100000,200,0.0,0.001,1.0,85.0,38400,2000,1800,200,38200.0,1,100.0,100.0,100.0,nan,True,False,100000.0,2231.7,,512,,4,,
cent_ea01ac22d556,centralized,X,d_lr_control,tangent,,,D,,,s5,groknet,ce,5,s_nm1,addition,adamw,97,256,3,quadratic,1.0,0,1000,5000,0.55,42,,,,,,,,,,,,,0,60000,25,0.0,0.004,0.25,85.0,13600,13600,675,100,13500,0,100.0,100.0,100.0,nan,True,False,60000.0,104.7,,512,,4,,
cent_ea2ee0b1d5f0,centralized,P1,cd_decay_band,decay,,,C,,,s5,transformer,ce,5,s_nm1,addition,adamw,97,256,3,quadratic,1.0,0,1000,5000,0.5,456,,,,,,,,,,,,,0,100000,50,0.0,0.001,0.1,85.0,40600,40600,38250,100,40500,0,100.0,100.0,100.0,nan,True,False,100000.0,2604.8,,512,,4,,
cent_ea796b4f4df1,centralized,X,d_alpha_fine,tangent,,,D,,,s5,groknet,ce,5,s_nm1,addition,adamw,97,256,3,quadratic,1.0,0,1000,5000,0.45,42,,,,,,,,,,,,,0,40000,100,0.0,0.001,1.0,85.0,10000,10000,1500,300,9700.0,0,99.94949698448181,100.0,100.0,nan,True,False,40000.0,81.8,,512,,4,,
cent_ea8e8e02b1e0,centralized,S1,central_anchor,anchor,,,C,,,s5,transformer,ce,5,s_nm1,addition,adamw,97,128,3,quadratic,1.0,0,1000,5000,0.15,1011,,,,,,,,,,,,,0,40000,100,0.0,0.001,1.0,85.0,inf,inf,inf,200,inf,0,0.20424837712198496,100.0,100.0,nan,False,True,40000.0,334.4,,512,,4,,
cent_ea9153c2bebd,centralized,X,d_internals,tangent,,,D,,,s5,groknet,ce,5,s_nm1,addition,adamw,97,256,3,quadratic,1.0,0,1000,5000,0.575,42,,,,,,,,,,,,,500,40000,25,0.0,0.001,1.0,85.0,1100,1100,625,275,825.0,0,100.0,100.0,100.0,nan,True,False,40000.0,104.2,,512,,4,,
cent_eaa607d17c7e,centralized,X,d_alpha_fine,tangent,,,D,,,s5,groknet,ce,5,s_nm1,addition,adamw,97,256,3,quadratic,1.0,0,1000,5000,0.45,1011,,,,,,,,,,,,,0,40000,100,0.0,0.001,1.0,85.0,9200,9200,1600,300,8900.0,0,99.73485469818115,100.0,100.0,nan,True,False,40000.0,86.9,,512,,4,,
cent_eb5ce22e48b2,centralized,S1,mnist_working_point,anchor,,,E,,,mnist,mlp,mse,5,s_nm1,addition,adamw,97,200,3,quadratic,9.0,100,2000,5000,0.5,42,,,,,,,,,,,,,0,20000,100,0.0,0.001,0.1,90.0,700,700,300,300,400.0,0,95.11999487876892,100.0,100.0,nan,True,False,20000.0,420.8,,512,,4,,
cent_ec4359ae331e,centralized,X,d_alpha_fine,tangent,,,D,,,s5,groknet,ce,5,s_nm1,addition,adamw,97,256,3,quadratic,1.0,0,1000,5000,0.475,123,,,,,,,,,,,,,0,40000,100,0.0,0.001,1.0,85.0,8800,8800,1100,300,8500.0,0,99.98677372932434,100.0,100.0,nan,True,False,40000.0,85.0,,512,,4,,
cent_ec840157b79d,centralized,P0,c_alpha_w256,boundary,,,C,,,s5,transformer,ce,5,s_nm1,addition,adamw,97,256,3,quadratic,1.0,0,1000,5000,0.6,42,,,,,,,,,,,,,0,100000,50,0.0,0.001,1.0,85.0,77000,8600,8050,150,76850,3,100.0,100.0,100.0,nan,True,False,100000.0,2681.8,,512,,4,,
cent_eeb045774372,centralized,X,d_alpha_high,tangent,,,D,,,s5,groknet,ce,5,s_nm1,addition,adamw,97,256,3,quadratic,1.0,0,1000,5000,0.75,1011,,,,,,,,,,,,,0,40000,100,0.0,0.001,1.0,85.0,500,500,300,300,200.0,0,100.0,100.0,100.0,nan,True,False,40000.0,122.2,,512,,4,,
cent_eef63d1e2d7b,centralized,X,d_alpha_high,tangent,,,D,,,s5,groknet,ce,5,s_nm1,addition,adamw,97,256,3,quadratic,1.0,0,1000,5000,0.8,42,,,,,,,,,,,,,0,40000,100,0.0,0.001,1.0,85.0,500,500,300,300,200.0,0,100.0,100.0,100.0,nan,True,False,40000.0,127.6,,512,,4,,
cent_eff5465e0c8f,centralized,X,d_alpha_fine,tangent,,,D,,,s5,groknet,ce,5,s_nm1,addition,adamw,97,256,3,quadratic,1.0,0,1000,5000,0.55,42,,,,,,,,,,,,,0,40000,100,0.0,0.001,1.0,85.0,4200,1300,700,300,3900.0,9,100.0,100.0,100.0,nan,True,False,40000.0,96.3,,512,,4,,
cent_f00be2ba1993,centralized,P1,cd_decay_band,decay,,,D,,,s5,groknet,ce,5,s_nm1,addition,adamw,97,256,3,quadratic,1.0,0,1000,5000,0.3,456,,,,,,,,,,,,,0,100000,50,0.0,0.001,0.03,85.0,inf,inf,inf,250,inf,0,1.73611119389534,100.0,100.0,nan,False,True,100000.0,111.2,,512,,4,,
cent_f0222d31458a,centralized,S1,central_anchor,anchor,,,E,,,mnist,mlp,mse,5,s_nm1,addition,adamw,97,200,3,quadratic,9.0,200,1000,5000,0.5,1011,,,,,,,,,,,,,0,20000,100,0.0,0.001,0.1,90.0,3300,3300,1300,500,2800.0,0,92.71999597549438,100.0,100.0,nan,True,False,20000.0,115.6,,512,,4,,
cent_f0d4aedd0cba,centralized,X,d_alpha_high,tangent,,,D,,,s5,groknet,ce,5,s_nm1,addition,adamw,97,256,3,quadratic,1.0,0,1000,5000,0.7,1011,,,,,,,,,,,,,0,40000,100,0.0,0.001,1.0,85.0,700,700,400,300,400.0,0,100.0,100.0,100.0,nan,True,False,40000.0,113.9,,512,,4,,
cent_f0e3ae6b5f6c,centralized,X,d_alpha_high,tangent,,,D,,,s5,groknet,ce,5,s_nm1,addition,adamw,97,256,3,quadratic,1.0,0,1000,5000,1.0,42,,,,,,,,,,,,,0,40000,100,0.0,0.001,1.0,85.0,0,inf,inf,300,-300.0,0,nan,100.0,100.0,nan,True,False,40000.0,140.8,,512,,4,,
cent_f143b583eadf,centralized,S1,central_anchor,anchor,,,D,,,s5,groknet,ce,5,s_nm1,addition,adamw,97,256,3,quadratic,1.0,0,1000,5000,0.4,456,,,,,,,,,,,,,0,40000,100,0.0,0.001,1.0,85.0,12600,12600,7300,300,12300.0,0,99.40972328186035,100.0,100.0,nan,True,False,40000.0,77.2,,512,,4,,
cent_f18d1572d3a1,centralized,X,d_alpha_high,tangent,,,D,,,s5,groknet,ce,5,s_nm1,addition,adamw,97,256,3,quadratic,1.0,0,1000,5000,0.6,123,,,,,,,,,,,,,0,40000,100,0.0,0.001,1.0,85.0,1000,1000,600,300,700.0,0,99.9826431274414,100.0,100.0,nan,True,False,40000.0,103.9,,512,,4,,
cent_f2d881d05c56,centralized,X,d_wd_ladder,tangent,,,D,,,s5,groknet,ce,5,s_nm1,addition,adamw,97,256,3,quadratic,1.0,0,1000,5000,0.45,123,,,,,,,,,,,,,0,40000,25,0.0,0.001,1.0,85.0,9075,9075,1325,275,8800,0,99.89899396896362,100.0,100.0,nan,True,False,40000.0,68.6,,512,,4,,
cent_f2defe499399,centralized,P0,capacity,width,,,D,,,s5,groknet,ce,5,s_nm1,addition,adamw,97,128,3,quadratic,1.0,0,1000,5000,0.3,42,,,,,,,,,,,,,0,100000,50,0.0,0.001,1.0,85.0,inf,inf,19050,400,inf,0,76.53769850730896,100.0,100.0,nan,False,True,100000.0,84.5,,512,,4,,
cent_f3a0486675f2,centralized,X,d_alpha_cliff,tangent,,,D,,,s5,groknet,ce,5,s_nm1,addition,adamw,97,256,3,quadratic,1.0,0,1000,5000,0.15,123,,,,,,,,,,,,,0,150000,200,0.0,0.001,1.0,85.0,inf,inf,inf,200,inf,0,7.27941170334816,100.0,100.0,nan,False,True,150000.0,172.1,,512,,4,,
cent_f485a7f75897,centralized,P1,cd_decay_band,decay,,,D,,,s5,groknet,ce,5,s_nm1,addition,adamw,97,256,3,quadratic,1.0,0,1000,5000,0.3,456,,,,,,,,,,,,,0,100000,50,0.0,0.001,0.01,85.0,inf,inf,inf,250,inf,0,1.1904762126505375,100.0,100.0,nan,False,True,100000.0,113.6,,512,,4,,
cent_f4bc3fae58d1,centralized,X,d_alpha_fine,tangent,,,D,,,s5,groknet,ce,5,s_nm1,addition,adamw,97,256,3,quadratic,1.0,0,1000,5000,0.55,1011,,,,,,,,,,,,,0,40000,100,0.0,0.001,1.0,85.0,5500,1700,800,300,5200.0,34,100.0,100.0,100.0,nan,True,False,40000.0,33.0,,512,,4,,
cent_f52f91f8d88c,centralized,S1,central_anchor,anchor,,,C,,,s5,transformer,ce,5,s_nm1,addition,adamw,97,128,3,quadratic,1.0,0,1000,5000,0.4,1011,,,,,,,,,,,,,0,40000,100,0.0,0.001,1.0,85.0,33100,33100,31900,200,32900.0,0,100.0,100.0,100.0,nan,True,False,40000.0,769.6,,512,,4,,
cent_f54f13e6cbdb,centralized,P0,capacity,width,,,D,,,s5,groknet,ce,5,s_nm1,addition,adamw,97,512,3,quadratic,1.0,0,1000,5000,0.3,123,,,,,,,,,,,,,0,100000,50,0.0,0.001,1.0,85.0,17650,17650,12550,200,17450,0,97.48015999794006,100.0,100.0,nan,True,False,100000.0,173.7,,512,,4,,
cent_f5722e691b0b,centralized,P1,cd_decay_band,decay,,,C,,,s5,transformer,ce,5,s_nm1,addition,adamw,97,256,3,quadratic,1.0,0,1000,5000,0.5,123,,,,,,,,,,,,,0,100000,50,0.0,0.001,1.0,85.0,79000,21600,21250,150,78850,1,100.0,100.0,100.0,nan,True,False,100000.0,2618.0,,512,,4,,
cent_f5881f248d57,centralized,X,d_wd_ladder,tangent,,,D,,,s5,groknet,ce,5,s_nm1,addition,adamw,97,256,3,quadratic,1.0,0,1000,5000,0.45,456,,,,,,,,,,,,,0,40000,25,0.0,0.001,0.3,85.0,19475,19475,15350,250,19225,0,99.50758218765259,100.0,100.0,nan,True,False,40000.0,66.5,,512,,4,,
cent_f5a9a0c55337,centralized,X,d_wd_ladder,tangent,,,D,,,s5,groknet,ce,5,s_nm1,addition,adamw,97,256,3,quadratic,1.0,0,1000,5000,0.45,456,,,,,,,,,,,,,0,40000,25,0.0,0.001,1.0,85.0,9650,9650,1350,275,9375,0,99.84849095344543,100.0,100.0,nan,True,False,40000.0,70.5,,512,,4,,
cent_f648b3cc1ff5,centralized,P1,cd_decay_band,decay,,,C,,,s5,transformer,ce,5,s_nm1,addition,adamw,97,256,3,quadratic,1.0,0,1000,5000,0.5,42,,,,,,,,,,,,,0,100000,50,0.0,0.001,0.1,85.0,83800,83800,76250,100,83700,0,98.91666769981384,100.0,100.0,nan,True,False,100000.0,2696.6,,512,,4,,
cent_f674a72d575d,centralized,T2,aggregation_alpha2,exp2,,,E,cent_full,,mnist,mlp,mse,5,s_nm1,addition,adamw,97,200,3,quadratic,9.0,100,4000,5000,0.5,42,,,,,,,,,,,,,0,40000,80,0.0,0.001,0.1,90.0,240,240,80,240,0,0,96.37999534606934,100.0,100.0,nan,True,False,40000.0,1821.7,,512,,4,,
cent_f6760c3ebce1,centralized,X,d_alpha_high,tangent,,,D,,,s5,groknet,ce,5,s_nm1,addition,adamw,97,256,3,quadratic,1.0,0,1000,5000,0.825,789,,,,,,,,,,,,,0,40000,100,0.0,0.001,1.0,85.0,400,400,300,300,100.0,0,100.0,99.99999403953552,99.99999403953552,nan,True,False,40000.0,130.5,,512,,4,,
cent_f6e499c35526,centralized,X,d_internals,tangent,,,D,,,s5,groknet,ce,5,s_nm1,addition,adamw,97,256,3,quadratic,1.0,0,1000,5000,0.6,42,,,,,,,,,,,,,500,40000,25,0.0,0.001,1.0,85.0,950,950,525,275,675.0,0,100.0,100.0,100.0,nan,True,False,40000.0,112.1,,512,,4,,
cent_f6f7d6b3e68c,centralized,P0,c_alpha_w256,boundary,,,C,,,s5,transformer,ce,5,s_nm1,addition,adamw,97,256,3,quadratic,1.0,0,1000,5000,0.6,456,,,,,,,,,,,,,0,100000,50,0.0,0.001,1.0,85.0,2550,2550,2300,150,2400,0,100.0,100.0,100.0,nan,True,False,100000.0,3262.4,,512,,4,,
cent_f7773b01bfa2,centralized,P1,cd_decay_band,decay,,,D,,,s5,groknet,ce,5,s_nm1,addition,adamw,97,256,3,quadratic,1.0,0,1000,5000,0.3,456,,,,,,,,,,,,,0,100000,50,0.0,0.001,1.0,85.0,21300,21300,14350,250,21050,0,94.62301731109619,100.0,100.0,nan,True,False,100000.0,113.1,,512,,4,,
cent_f7bff32c27a1,centralized,X,d_internals,tangent,,,D,,,s5,groknet,ce,5,s_nm1,addition,adamw,97,256,3,quadratic,1.0,0,1000,5000,0.475,42,,,,,,,,,,,,,500,40000,25,0.0,0.001,1.0,85.0,7625,7625,1075,275,7350.0,0,99.97354745864868,100.0,100.0,nan,True,False,40000.0,92.3,,512,,4,,
cent_f88180833b60,centralized,X,d_alpha_fine,tangent,,,D,,,s5,groknet,ce,5,s_nm1,addition,adamw,97,256,3,quadratic,1.0,0,1000,5000,0.375,123,,,,,,,,,,,,,0,40000,100,0.0,0.001,1.0,85.0,15400,15400,8100,300,15100.0,0,98.77777695655823,100.0,100.0,nan,True,False,40000.0,73.4,,512,,4,,
cent_f9ce60de3b62,centralized,X,d_wd_ladder,tangent,,,D,,,s5,groknet,ce,5,s_nm1,addition,adamw,97,256,3,quadratic,1.0,0,1000,5000,0.45,456,,,,,,,,,,,,,0,40000,25,0.0,0.001,0.1,85.0,23325,23325,12450,250,23075,0,97.8787899017334,100.0,100.0,nan,True,False,40000.0,74.5,,512,,4,,
cent_f9d44b6c96b1,centralized,X,d_alpha_fine,tangent,,,D,,,s5,groknet,ce,5,s_nm1,addition,adamw,97,256,3,quadratic,1.0,0,1000,5000,0.35,1011,,,,,,,,,,,,,0,40000,100,0.0,0.001,1.0,85.0,17600,17600,9800,300,17300.0,0,98.38675260543823,100.0,100.0,nan,True,False,40000.0,73.2,,512,,4,,
cent_fa3e121580b2,centralized,X,d_internals,tangent,,,D,,,s5,groknet,ce,5,s_nm1,addition,adamw,97,256,3,quadratic,1.0,0,1000,5000,0.225,123,,,,,,,,,,,,,500,150000,25,0.0,0.001,1.0,85.0,inf,inf,25025,225,inf,0,80.43010234832764,100.0,100.0,nan,False,True,150000.0,243.7,,512,,4,,
cent_fa3f810cca97,centralized,S1b,c_capacity,gate_a,,,C,,,s5,transformer,ce,5,s_nm1,addition,adamw,97,128,3,quadratic,1.0,0,1000,5000,0.5,42,,,,,,,,,,,,,0,100000,200,0.0,0.001,1.0,85.0,24600,24600,24000,200,24400.0,0,100.0,100.0,100.0,nan,True,False,100000.0,1989.4,,1024,,4,,
cent_faea98e3c2dc,centralized,X,d_alpha_cliff,tangent,,,D,,,s5,groknet,ce,5,s_nm1,addition,adamw,97,256,3,quadratic,1.0,0,1000,5000,0.175,123,,,,,,,,,,,,,0,150000,200,0.0,0.001,1.0,85.0,inf,inf,inf,200,inf,0,37.35690116882324,100.0,100.0,nan,False,True,150000.0,185.5,,512,,4,,
cent_fb645f4ea9af,centralized,X,d_internals,tangent,,,D,,,s5,groknet,ce,5,s_nm1,addition,adamw,97,256,3,quadratic,1.0,0,1000,5000,0.25,456,,,,,,,,,,,,,500,150000,25,0.0,0.001,1.0,85.0,36150,36150,20825,225,35925.0,0,90.16666412353516,100.0,100.0,nan,True,False,150000.0,252.0,,512,,4,,
cent_fb9027bf217e,centralized,X,d_internals,tangent,,,D,,,s5,groknet,ce,5,s_nm1,addition,adamw,97,256,3,quadratic,1.0,0,1000,5000,0.325,1011,,,,,,,,,,,,,500,40000,25,0.0,0.001,1.0,85.0,19275,19275,11725,250,19025.0,0,96.55349850654602,100.0,100.0,nan,True,False,40000.0,85.1,,512,,4,,
cent_fb9251dbf505,centralized,X,d_alpha_high,tangent,,,D,,,s5,groknet,ce,5,s_nm1,addition,adamw,97,256,3,quadratic,1.0,0,1000,5000,0.85,456,,,,,,,,,,,,,0,40000,100,0.0,0.001,1.0,85.0,400,400,300,300,100.0,0,100.0,100.0,100.0,nan,True,False,40000.0,128.2,,512,,4,,
cent_fbefbbdbfd67,centralized,S1,central_anchor,anchor,,,E,,,mnist,mlp,mse,5,s_nm1,addition,adamw,97,200,3,quadratic,9.0,200,500,5000,0.5,456,,,,,,,,,,,,,0,20000,100,0.0,0.001,0.1,90.0,inf,inf,2800,500,inf,0,88.7999951839447,100.0,100.0,nan,False,True,20000.0,74.8,,512,,4,,
cent_fbffef5e80d5,centralized,X,d_wd_ladder,tangent,,,D,,,s5,groknet,ce,5,s_nm1,addition,adamw,97,256,3,quadratic,1.0,0,1000,5000,0.3,42,,,,,,,,,,,,,0,40000,25,0.0,0.001,0.0,85.0,inf,inf,inf,225,inf,0,1.1507936753332615,100.0,100.0,nan,False,True,40000.0,75.3,,512,,4,,
cent_fc148a11dd34,centralized,X,d_internals,tangent,,,D,,,s5,groknet,ce,5,s_nm1,addition,adamw,97,256,3,quadratic,1.0,0,1000,5000,0.525,123,,,,,,,,,,,,,500,40000,25,0.0,0.001,1.0,85.0,5875,5875,825,275,5600.0,0,99.9707579612732,100.0,100.0,nan,True,False,40000.0,99.9,,512,,4,,
cent_fc3fb8ed42fa,centralized,P0,c_alpha_w256,boundary,,,C,,,s5,transformer,ce,5,s_nm1,addition,adamw,97,256,3,quadratic,1.0,0,1000,5000,0.3,42,,,,,,,,,,,,,0,100000,50,0.0,0.001,1.0,85.0,inf,inf,inf,100,inf,0,0.8531746454536915,100.0,100.0,nan,False,True,100000.0,1440.9,,512,,4,,
cent_fd7959be9908,centralized,P1,cd_decay_band,decay,,,D,,,s5,groknet,ce,5,s_nm1,addition,adamw,97,256,3,quadratic,1.0,0,1000,5000,0.3,123,,,,,,,,,,,,,0,100000,50,0.0,0.001,0.03,85.0,inf,inf,inf,250,inf,0,1.626984216272831,100.0,100.0,nan,False,True,100000.0,114.5,,512,,4,,
cent_fdc9662121c9,centralized,S1b,c_capacity,gate_a,,,C,,,s5,transformer,ce,5,s_nm1,addition,adamw,97,128,3,quadratic,1.0,0,1000,5000,0.5,42,,,,,,,,,,,,,0,100000,200,0.0,0.001,1.0,85.0,28400,28400,25000,200,28200.0,0,100.0,100.0,100.0,nan,True,False,100000.0,2585.4,,1024,,8,,
cent_fdea19dd2e26,centralized,X,d_internals,tangent,,,D,,,s5,groknet,ce,5,s_nm1,addition,adamw,97,256,3,quadratic,1.0,0,1000,5000,0.6,789,,,,,,,,,,,,,500,40000,25,0.0,0.001,1.0,85.0,950,950,550,275,675.0,0,100.0,100.0,100.0,nan,True,False,40000.0,230.4,,512,,4,,
cent_fe59163c713c,centralized,X,d_wd_ladder,tangent,,,D,,,s5,groknet,ce,5,s_nm1,addition,adamw,97,256,3,quadratic,1.0,0,1000,5000,0.45,456,,,,,,,,,,,,,0,40000,25,0.0,0.001,0.0,85.0,inf,inf,inf,250,inf,0,10.315656661987305,100.0,100.0,nan,False,True,40000.0,90.2,,512,,4,,
cent_fecb3126bf66,centralized,X,d_internals,tangent,,,D,,,s5,groknet,ce,5,s_nm1,addition,adamw,97,256,3,quadratic,1.0,0,1000,5000,0.475,123,,,,,,,,,,,,,500,40000,25,0.0,0.001,1.0,85.0,8725,8725,1075,275,8450.0,0,99.98677372932434,100.0,100.0,nan,True,False,40000.0,249.6,,512,,4,,
cent_fed5b9f266ef,centralized,S1,central_anchor,anchor,,,D,,,s5,groknet,ce,5,s_nm1,addition,adamw,97,256,3,quadratic,1.0,0,1000,5000,0.3,789,,,,,,,,,,,,,0,40000,100,0.0,0.001,1.0,85.0,20700,20700,14800,300,20400.0,0,96.23016119003296,100.0,100.0,nan,True,False,40000.0,63.7,,512,,4,,
cent_feda4cfe8fc2,centralized,X,d_lr_control,tangent,,,D,,,s5,groknet,ce,5,s_nm1,addition,adamw,97,256,3,quadratic,1.0,0,1000,5000,0.55,123,,,,,,,,,,,,,0,60000,25,0.0,0.004,0.25,85.0,13375,13375,675,100,13275,0,100.0,100.0,100.0,nan,True,False,60000.0,114.0,,512,,4,,
cent_x2_plus_y2_2b8780dc5f15,centralized,T0,poly_pilot,pilot,,,,,,modular,groknet,mse,5,s_nm1,x2_plus_y2,gd,97,256,3,quadratic,1.0,0,1000,5000,0.5,42,,,,,,,,,,,,,0,50000,100,0.0,50.0,0.0,95.0,6900,6900,5400,5300,1600.0,0,100.0,100.0,100.0,0.0881650373339653,True,False,50000.0,25.6,,512,,4,,
cent_x2_plus_y2_4b52490d5849,centralized,T0,poly_pilot,pilot,,,,,,modular,groknet,mse,5,s_nm1,x2_plus_y2,gd,97,256,3,quadratic,1.0,0,1000,5000,0.5,456,,,,,,,,,,,,,0,50000,100,0.0,50.0,0.0,95.0,7000,7000,5700,5400,1600.0,0,100.0,100.0,100.0,0.1289415806531906,True,False,50000.0,25.6,,512,,4,,
cent_x2_plus_y2_a606b082683b,centralized,T0,poly_pilot,pilot,,,,,,modular,groknet,mse,5,s_nm1,x2_plus_y2,gd,97,256,3,quadratic,1.0,0,1000,5000,0.5,123,,,,,,,,,,,,,0,50000,100,0.0,50.0,0.0,95.0,7000,7000,5600,5400,1600.0,0,100.0,100.0,100.0,0.10940702259540558,True,False,50000.0,25.4,,512,,4,,
cent_x2_y2_xy_229fda1f54bd,centralized,T0,poly_pilot,pilot,,,,,,modular,groknet,mse,5,s_nm1,x2_y2_xy,gd,97,256,3,quadratic,1.0,0,1000,5000,0.5,42,,,,,,,,,,,,,0,50000,100,0.0,50.0,0.0,95.0,inf,inf,inf,14300,inf,0,1.2752390466630459,99.2772102355957,99.36224222183228,0.020930403843522072,False,True,50000.0,24.3,,512,,4,,
cent_x2_y2_xy_375b5f5d7f33,centralized,T0,poly_pilot,pilot,,,,,,modular,groknet,mse,5,s_nm1,x2_y2_xy,gd,97,256,3,quadratic,1.0,0,1000,5000,0.5,123,,,,,,,,,,,,,0,50000,100,0.0,50.0,0.0,95.0,inf,inf,inf,10400,inf,0,1.7003187909722328,99.51105117797852,99.59608912467957,0.02090362459421158,False,True,50000.0,26.0,,512,,4,,
cent_x2_y2_xy_9f95607cda58,centralized,T0,poly_pilot,pilot,,,,,,modular,groknet,mse,5,s_nm1,x2_y2_xy,gd,97,256,3,quadratic,1.0,0,1000,5000,0.5,456,,,,,,,,,,,,,0,50000,100,0.0,50.0,0.0,95.0,inf,inf,inf,11400,inf,0,1.8916046246886253,99.68112111091614,99.68112111091614,0.02076164446771145,False,True,50000.0,25.2,,512,,4,,
fede_0065153e5264,federated,T1,setup_k_ladder,replication,,,D,,,s5,groknet,ce,5,s_nm1,addition,adamw,97,256,3,quadratic,1.0,0,1000,5000,0.3,456,50,5,20000,1.0,iid,0.5,0.0,fedavg,1.0,0.0,0.001,20,2000,10000,100,0.0,0.001,1.0,85.0,inf,inf,inf,inf,inf,0,20.863094925880432,70.99536657333374,70.99536657333374,nan,False,True,100000.0,8977.3,True,512,0.01,4,False,True
fede_00a92ebfc771,federated,T5,participation_setups,exp4b,,,E,,,mnist,mlp,mse,5,s_nm1,addition,adamw,97,200,3,quadratic,9.0,100,2000,5000,0.5,123,20,5,16000,0.5,iid,0.5,0.0,fedavg,1.0,0.0,0.001,40,1600,10000,100,0.0,0.001,0.1,90.0,inf,6200.0,1000.0,600.0,inf,74,82.77999758720398,99.85000491142273,100.0,nan,False,True,40000.0,2803.2,True,512,0.01,4,False,True
fede_00d79191dc58,federated,S2b,mnist_fl,gate_a,,,E,,,mnist,mlp,mse,5,s_nm1,addition,adamw,97,200,3,quadratic,9.0,50,2000,5000,0.5,42,10,5,4000,1.0,iid,0.5,0.0,fedavg,1.0,0.0,0.001,20,0,10000,100,0.0,0.001,0.1,90.0,inf,2300.0,300.0,400.0,inf,96,83.95999670028687,99.60000514984131,100.0,nan,False,True,20000.0,957.2,False,512,0.01,4,False,True
fede_012f831aaa57,federated,T5,local_epochs,exp_e,,,D,,,s5,groknet,ce,5,s_nm1,addition,adamw,97,256,3,quadratic,1.0,0,1000,5000,0.3,456,10,25,10000,1.0,iid,0.5,0.0,fedavg,1.0,0.0,0.001,4,1000,10000,100,0.0,0.001,1.0,85.0,95100.0,87400.0,25700.0,2700.0,92400.0,47,86.91468238830566,100.0,100.0,nan,True,False,250000.0,3644.8,True,512,0.01,4,False,True
fede_014e47b34820,federated,T5,local_epochs,exp_e,,,D,,,s5,groknet,ce,5,s_nm1,addition,adamw,97,256,3,quadratic,1.0,0,1000,5000,0.3,42,10,50,5000,1.0,iid,0.5,0.0,fedavg,1.0,0.0,0.001,2,500,10000,100,0.0,0.001,1.0,85.0,inf,inf,31500.0,3500.0,inf,0,80.83333373069763,100.0,100.0,nan,False,True,250000.0,2183.4,True,512,0.01,4,False,True
fede_01a3d1fa370b,federated,S2b,mnist_fl,gate_a,,,E,,,mnist,mlp,mse,5,s_nm1,addition,adamw,97,200,3,quadratic,9.0,100,2000,5000,0.5,42,5,5,4000,1.0,iid,0.5,0.0,fedavg,1.0,0.0,0.001,20,0,10000,100,0.0,0.001,0.1,90.0,2600.0,2600.0,400.0,300.0,2300.0,0,91.31999611854553,100.0,100.0,nan,True,False,20000.0,753.7,False,512,0.01,4,False,True
fede_02be8aa7ffc7,federated,T2,aggregation,exp2,,,E,fl,,mnist,mlp,mse,5,s_nm1,addition,adamw,97,200,3,quadratic,9.0,100,2000,5000,0.5,123,20,5,8000,1.0,iid,0.5,0.0,fedavg,1.0,0.0,0.001,20,800,10000,100,0.0,0.001,0.1,90.0,11200.0,11200.0,2400.0,1300.0,9900.0,0,94.11999583244324,100.0,100.0,nan,True,False,40000.0,1959.7,True,512,0.01,4,False,True
fede_0310abd34b04,federated,S2b,mnist_fl,gate_a,,,E,,,mnist,mlp,mse,5,s_nm1,addition,adamw,97,200,3,quadratic,9.0,50,2000,5000,0.5,123,10,5,4000,1.0,iid,0.5,0.0,fedavg,1.0,0.0,0.001,20,0,10000,100,0.0,0.001,0.1,90.0,inf,3500.0,300.0,700.0,inf,150,77.41999626159668,99.60000514984131,100.0,nan,False,True,20000.0,960.7,False,512,0.01,4,False,True
fede_0318d64a7c4b,federated,S2b,mnist_fl,gate_a,,,E,,,mnist,mlp,mse,5,s_nm1,addition,adamw,97,200,3,quadratic,9.0,100,2000,5000,0.5,123,20,5,4000,1.0,label_block,0.5,0.0,fedavg,1.0,0.0,0.001,20,0,10000,100,0.0,0.001,0.1,90.0,inf,inf,5100.0,4500.0,inf,0,72.79999852180481,99.85000491142273,100.0,nan,False,True,20000.0,1061.5,False,512,0.01,4,False,True
fede_0381a1732454,federated,T5,participation_setups,exp4b,,,C,,,s5,transformer,ce,5,s_nm1,addition,adamw,97,256,3,quadratic,1.0,0,1000,5000,0.5,456,20,5,160000,0.25,iid,0.5,0.0,fedavg,1.0,0.0,0.001,80,16000,10000,100,0.0,0.001,1.0,85.0,1200.0,1200.0,1100.0,1200.0,0.0,0,100.0,100.0,100.0,nan,True,False,200000.0,32028.6,True,512,0.01,4,False,True
fede_03c7644600b6,federated,T3a,dirichlet_setups,exp3a,,,D,,,s5,groknet,ce,5,s_nm1,addition,adamw,97,256,3,quadratic,1.0,0,1000,5000,0.3,42,10,5,50000,1.0,dirichlet,0.01,0.0,fedavg,1.0,0.0,0.001,20,5000,10000,100,0.0,0.001,1.0,85.0,inf,inf,inf,inf,inf,0,0.43650795705616474,2.638888917863369,3.0092591419816017,nan,False,True,250000.0,9901.0,True,512,0.01,4,False,True
fede_03e0dc917f0e,federated,T2,aggregation_alpha2,exp2,,,E,fl,,mnist,mlp,mse,5,s_nm1,addition,adamw,97,200,3,quadratic,9.0,100,4000,5000,0.5,456,5,5,8000,1.0,iid,0.5,0.0,fedavg,1.0,0.0,0.001,20,800,10000,100,0.0,0.001,0.1,90.0,inf,inf,100.0,2500.0,inf,0,86.49999499320984,99.80000257492065,99.9000072479248,nan,False,True,40000.0,2606.7,True,512,0.01,4,False,True
fede_048f4ed1499a,federated,T3a,dirichlet_setups,exp3a,,,C,,,s5,transformer,ce,5,s_nm1,addition,adamw,97,256,3,quadratic,1.0,0,1000,5000,0.4,42,10,5,40000,1.0,dirichlet,1000.0,0.0,fedavg,1.0,0.0,0.001,20,4000,10000,100,0.0,0.001,1.0,85.0,29100.0,29100.0,28400.0,2700.0,26400.0,0,100.0,100.0,100.0,nan,True,False,200000.0,14927.4,True,512,0.01,4,False,True
fede_04a7a5c2cd7e,federated,S2,fl_probe,probe,,,E,,,mnist,mlp,mse,5,s_nm1,addition,adamw,97,200,3,quadratic,9.0,200,4000,5000,0.5,456,50,5,2000,1.0,label_block,0.5,0.0,fedavg,1.0,0.0,0.001,20,0,10000,100,0.0,0.001,0.1,90.0,inf,inf,5100.0,inf,inf,0,61.799997091293335,65.82500338554382,68.30000281333923,nan,False,True,10000.0,880.1,False,512,0.01,4,False,True
fede_054d40230c3e,federated,T5,local_epochs,exp_e,,,C,,,s5,transformer,ce,5,s_nm1,addition,adamw,97,256,3,quadratic,1.0,0,1000,5000,0.5,456,10,25,8000,1.0,iid,0.5,0.0,fedavg,1.0,0.0,0.001,4,800,10000,100,0.0,0.001,1.0,85.0,25400.0,25400.0,24500.0,24900.0,500.0,0,100.0,100.0,100.0,nan,True,False,200000.0,9271.7,True,512,0.01,4,False,True
fede_060299170f46,federated,S2,fl_probe,probe,,,E,,,mnist,mlp,mse,5,s_nm1,addition,adamw,97,200,3,quadratic,9.0,200,4000,5000,0.5,456,50,5,2000,1.0,iid,0.5,0.0,fedavg,1.0,0.0,0.001,20,0,10000,100,0.0,0.001,0.1,90.0,inf,inf,500.0,inf,inf,0,85.03999710083008,96.42500281333923,96.55000567436218,nan,False,True,10000.0,890.5,False,512,0.01,4,False,True
fede_066383d70dda,federated,T5,local_epochs,exp_e,,,E,,,mnist,mlp,mse,5,s_nm1,addition,adamw,97,200,3,quadratic,9.0,100,2000,5000,0.5,123,10,50,400,1.0,iid,0.5,0.0,fedavg,1.0,0.0,0.001,2,40,10000,100,0.0,0.001,0.1,90.0,4600.0,4600.0,1700.0,2000.0,2600.0,0,94.11999583244324,100.0,100.0,nan,True,False,20000.0,428.1,True,512,0.01,4,False,True
fede_06a30175d8cc,federated,T3b,partitions,exp3b,,,C,,,s5,transformer,ce,5,s_nm1,addition,adamw,97,256,3,quadratic,1.0,0,1000,5000,0.4,123,10,5,40000,1.0,operand,0.5,0.0,fedavg,1.0,0.0,0.001,20,4000,10000,100,0.0,0.001,1.0,85.0,14100.0,14100.0,8900.0,5500.0,8600.0,0,100.0,100.0,100.0,nan,True,False,200000.0,12850.7,True,512,0.01,4,False,True
fede_0701e6bbab77,federated,T2,aggregation_alpha2,exp2,,,E,fl,,mnist,mlp,mse,5,s_nm1,addition,adamw,97,200,3,quadratic,9.0,100,4000,5000,0.5,42,20,5,8000,1.0,iid,0.5,0.0,fedavg,1.0,0.0,0.001,20,800,10000,100,0.0,0.001,0.1,90.0,inf,1119.5,179.25,2680.0,inf,185,84.71999764442444,95.8750069141388,99.32500720024109,nan,False,True,11832.0,1882.2,True,512,0.01,4,False,True
fede_09136278d117,federated,T2,aggregation,exp2,,,E,fl,,mnist,mlp,mse,5,s_nm1,addition,adamw,97,200,3,quadratic,9.0,100,2000,5000,0.5,456,10,5,8000,1.0,iid,0.5,0.0,fedavg,1.0,0.0,0.001,20,800,10000,100,0.0,0.001,0.1,90.0,inf,5100.0,900.0,600.0,inf,107,81.19999766349792,99.9000072479248,100.0,nan,False,True,40000.0,1637.2,True,512,0.01,4,False,True
fede_097b7f8ef686,federated,T3a,dirichlet_setups,exp3a,,,E,,,mnist,mlp,mse,5,s_nm1,addition,adamw,97,200,3,quadratic,9.0,100,2000,5000,0.5,123,10,5,8000,1.0,dirichlet,10.0,0.0,fedavg,1.0,0.0,0.001,20,800,10000,100,0.0,0.001,0.1,90.0,inf,4400.0,800.0,600.0,inf,197,78.79999876022339,99.85000491142273,100.0,nan,False,True,40000.0,1801.1,True,512,0.01,4,False,True
fede_09987d5a6803,federated,S2b,mnist_fl,gate_a,,,E,,,mnist,mlp,mse,5,s_nm1,addition,adamw,97,200,3,quadratic,9.0,100,2000,5000,0.5,123,10,5,4000,1.0,label_block,0.5,0.0,fedavg,1.0,0.0,0.001,20,0,10000,100,0.0,0.001,0.1,90.0,inf,inf,2200.0,inf,inf,0,70.35999894142151,90.30000567436218,97.05000519752502,nan,False,True,20000.0,740.8,False,512,0.01,4,False,True
fede_0a6c96e725bb,federated,T2,aggregation,exp2,,,D,fl,,s5,groknet,ce,5,s_nm1,addition,adamw,97,256,3,quadratic,1.0,0,1000,5000,0.3,456,2,5,50000,1.0,iid,0.5,0.0,fedavg,1.0,0.0,0.001,20,5000,10000,100,0.0,0.001,1.0,85.0,23000.0,23000.0,12300.0,700.0,22300.0,0,95.71428894996643,100.0,100.0,nan,True,False,250000.0,6764.0,True,512,0.01,4,False,True
fede_0a9e0d6ed059,federated,T5,local_epochs,exp_e,,,E,,,mnist,mlp,mse,5,s_nm1,addition,adamw,97,200,3,quadratic,9.0,100,2000,5000,0.5,123,10,25,800,1.0,iid,0.5,0.0,fedavg,1.0,0.0,0.001,4,80,10000,100,0.0,0.001,0.1,90.0,4100.0,4100.0,1300.0,1300.0,2800.0,0,92.10000038146973,100.0,100.0,nan,True,False,20000.0,380.2,True,512,0.01,4,False,True
fede_0d09739fa79f,federated,S2,fl_probe,probe,,,D,,,s5,groknet,ce,5,s_nm1,addition,adamw,97,256,3,quadratic,1.0,0,1000,5000,0.5,123,50,5,2000,1.0,operand,0.5,0.0,fedavg,1.0,0.0,0.001,20,0,10000,100,0.0,0.001,1.0,85.0,inf,inf,inf,inf,inf,0,0.055555556900799274,2.458333410322666,2.611111104488373,nan,False,True,10000.0,872.3,False,512,0.01,4,False,True
fede_0e0dd7402961,federated,T3a,dirichlet_setups,exp3a,,,E,,,mnist,mlp,mse,5,s_nm1,addition,adamw,97,200,3,quadratic,9.0,100,2000,5000,0.5,42,10,5,8000,1.0,dirichlet,1.0,0.0,fedavg,1.0,0.0,0.001,20,800,10000,100,0.0,0.001,0.1,90.0,3800.0,3800.0,700.0,600.0,3200.0,0,94.25999522209167,100.0,100.0,nan,True,False,40000.0,1809.1,True,512,0.01,4,False,True
fede_0f63bf59c1e0,federated,S2,fl_probe,probe,,,C,,,s5,transformer,ce,5,s_nm1,addition,adamw,97,128,3,quadratic,1.0,0,1000,5000,0.5,123,10,5,2000,1.0,operand,0.5,0.0,fedavg,1.0,0.0,0.001,20,0,10000,100,0.0,0.001,1.0,85.0,4300.0,4300.0,4000.0,4100.0,200.0,0,100.0,100.0,100.0,nan,True,False,10000.0,437.8,False,512,0.01,4,False,True
fede_0fa5cbdfc69b,federated,T2,aggregation,exp2,,,C,fl,,s5,transformer,ce,5,s_nm1,addition,adamw,97,256,3,quadratic,1.0,0,1000,5000,0.4,456,20,5,40000,1.0,iid,0.5,0.0,fedavg,1.0,0.0,0.001,20,4000,10000,100,0.0,0.001,1.0,85.0,12600.0,12600.0,12300.0,12100.0,500.0,0,100.0,100.0,100.0,nan,True,False,200000.0,14848.0,True,512,0.01,4,False,True
fede_0fb23157b888,federated,T2,aggregation,exp2,,,E,fl,,mnist,mlp,mse,5,s_nm1,addition,adamw,97,200,3,quadratic,9.0,100,2000,5000,0.5,42,5,5,8000,1.0,iid,0.5,0.0,fedavg,1.0,0.0,0.001,20,800,10000,100,0.0,0.001,0.1,90.0,inf,2700.0,400.0,300.0,inf,226,83.12000036239624,99.9000072479248,100.0,nan,False,True,40000.0,1437.6,True,512,0.01,4,False,True
fede_1072660e679c,federated,T3a,dirichlet_setups,exp3a,,,E,,,mnist,mlp,mse,5,s_nm1,addition,adamw,97,200,3,quadratic,9.0,100,2000,5000,0.5,456,10,5,8000,1.0,dirichlet,1.0,0.0,fedavg,1.0,0.0,0.001,20,800,10000,100,0.0,0.001,0.1,90.0,inf,4900.0,800.0,700.0,inf,7,88.89999985694885,99.9500036239624,100.0,nan,False,True,40000.0,1803.9,True,512,0.01,4,False,True
fede_10c5c21e17c2,federated,S2,fl_probe,probe,,,C,,,s5,transformer,ce,5,s_nm1,addition,adamw,97,128,3,quadratic,1.0,0,1000,5000,0.5,123,50,5,2000,1.0,operand,0.5,0.0,fedavg,1.0,0.0,0.001,20,0,10000,100,0.0,0.001,1.0,85.0,inf,inf,inf,inf,inf,0,0.6666666828095913,1.4027778059244156,1.8333334475755692,nan,False,True,10000.0,1128.1,False,512,0.01,4,False,True
fede_11496e3ffa46,federated,T3a,dirichlet_setups,exp3a,,,D,,,s5,groknet,ce,5,s_nm1,addition,adamw,97,256,3,quadratic,1.0,0,1000,5000,0.3,42,10,5,50000,1.0,dirichlet,1000.0,0.0,fedavg,1.0,0.0,0.001,20,5000,10000,100,0.0,0.001,1.0,85.0,44000.0,44000.0,19700.0,2400.0,41600.0,0,90.44643044471741,100.0,100.0,nan,True,False,250000.0,9789.4,True,512,0.01,4,False,True
fede_12680da70c57,federated,T5,local_epochs,exp_e,,,C,,,s5,transformer,ce,5,s_nm1,addition,adamw,97,256,3,quadratic,1.0,0,1000,5000,0.5,123,10,10,20000,1.0,iid,0.5,0.0,fedavg,1.0,0.0,0.001,10,2000,10000,100,0.0,0.001,1.0,85.0,13700.0,13700.0,13400.0,7800.0,5900.0,0,100.0,100.0,100.0,nan,True,False,200000.0,9291.8,True,512,0.01,4,False,True
fede_12de12a01d57,federated,T3b,partitions,exp3b,,,C,,,s5,transformer,ce,5,s_nm1,addition,adamw,97,256,3,quadratic,1.0,0,1000,5000,0.4,42,10,5,40000,1.0,operand,0.5,0.0,fedavg,1.0,0.0,0.001,20,4000,10000,100,0.0,0.001,1.0,85.0,9200.0,9200.0,8800.0,4700.0,4500.0,0,100.0,100.0,100.0,nan,True,False,200000.0,12887.7,True,512,0.01,4,False,True
fede_137ae438719a,federated,T5,participation_setups,exp4b,,,D,,,s5,groknet,ce,5,s_nm1,addition,adamw,97,256,3,quadratic,1.0,0,1000,5000,0.3,42,20,5,200000,0.25,iid,0.5,0.0,fedavg,1.0,0.0,0.001,80,20000,10000,100,0.0,0.001,1.0,85.0,26600.0,23200.0,7000.0,4000.0,22600.0,15,93.27381253242493,100.0,100.0,nan,True,False,250000.0,32345.7,True,512,0.01,4,False,True
fede_15a3b0fd7605,federated,T2,aggregation_alpha2,exp2,,,E,fl,,mnist,mlp,mse,5,s_nm1,addition,adamw,97,200,3,quadratic,9.0,100,4000,5000,0.5,123,5,5,8000,1.0,iid,0.5,0.0,fedavg,1.0,0.0,0.001,20,800,10000,100,0.0,0.001,0.1,90.0,inf,inf,100.0,1800.0,inf,0,85.17999649047852,95.40000557899475,99.85000491142273,nan,False,True,30151.0,2376.2,True,512,0.01,4,False,True
fede_17949931592e,federated,X,e50_long,exp_e,,,D,,,s5,groknet,ce,5,s_nm1,addition,adamw,97,256,3,quadratic,1.0,0,1000,5000,0.3,42,10,50,40000,1.0,iid,0.5,0.0,fedavg,1.0,0.0,0.001,10,4000,10000,100,0.0,0.001,1.0,85.0,inf,inf,30000.0,3500.0,inf,0,80.54563403129578,100.0,100.0,nan,False,True,2000000.0,50492.7,True,512,0.01,4,False,True
fede_181005dce48e,federated,T5,participation_setups,exp4b,,,D,,,s5,groknet,ce,5,s_nm1,addition,adamw,97,256,3,quadratic,1.0,0,1000,5000,0.3,42,20,5,100000,0.5,iid,0.5,0.0,fedavg,1.0,0.0,0.001,40,10000,10000,100,0.0,0.001,1.0,85.0,56000.0,53400.0,15300.0,7500.0,48500.0,5,88.53174448013306,100.0,100.0,nan,True,False,250000.0,18700.6,True,512,0.01,4,False,True
fede_1a89b40d9a93,federated,T3b,partitions,exp3b,,,E,,,mnist,mlp,mse,5,s_nm1,addition,adamw,97,200,3,quadratic,9.0,100,2000,5000,0.5,42,10,5,8000,1.0,dirichlet,0.5,0.0,fedavg,1.0,0.0,0.001,20,800,10000,100,0.0,0.001,0.1,90.0,3500.0,3500.0,700.0,700.0,2800.0,0,94.05999779701233,100.0,100.0,nan,True,False,40000.0,2015.6,True,512,0.01,4,False,True
fede_1ac21bcc6bab,federated,T1,setup_k_ladder,replication,,,D,,,s5,groknet,ce,5,s_nm1,addition,adamw,97,256,3,quadratic,1.0,0,1000,5000,0.3,123,20,5,20000,1.0,iid,0.5,0.0,fedavg,1.0,0.0,0.001,20,2000,10000,100,0.0,0.001,1.0,85.0,inf,inf,31400.0,13600.0,inf,0,82.80754089355469,100.0,100.0,nan,False,True,100000.0,4491.1,True,512,0.01,4,False,True
fede_1bf474764fcc,federated,T2,aggregation,exp2,,,E,fl,,mnist,mlp,mse,5,s_nm1,addition,adamw,97,200,3,quadratic,9.0,100,2000,5000,0.5,42,10,5,8000,1.0,iid,0.5,0.0,fedavg,1.0,0.0,0.001,20,800,10000,100,0.0,0.001,0.1,90.0,4900.0,4900.0,900.0,600.0,4300.0,0,92.75999665260315,100.0,100.0,nan,True,False,40000.0,1596.4,True,512,0.01,4,False,True
fede_1c34816ee24b,federated,T3a,dirichlet_setups,exp3a,,,E,,,mnist,mlp,mse,5,s_nm1,addition,adamw,97,200,3,quadratic,9.0,100,2000,5000,0.5,456,10,5,8000,1.0,dirichlet,1000.0,0.0,fedavg,1.0,0.0,0.001,20,800,10000,100,0.0,0.001,0.1,90.0,inf,4400.0,700.0,700.0,inf,206,78.21999788284302,99.65000748634338,100.0,nan,False,True,40000.0,1678.0,True,512,0.01,4,False,True
fede_1d2709db84f4,federated,S2b,mnist_fl,gate_a,,,E,,,mnist,mlp,mse,5,s_nm1,addition,adamw,97,200,3,quadratic,9.0,100,2000,5000,0.5,456,20,5,4000,1.0,label_block,0.5,0.0,fedavg,1.0,0.0,0.001,20,0,10000,100,0.0,0.001,0.1,90.0,inf,inf,4800.0,4800.0,inf,0,71.97999954223633,98.75000715255737,99.9500036239624,nan,False,True,20000.0,1030.3,False,512,0.01,4,False,True
fede_212bc056f4d5,federated,T1,setup_k_ladder,replication,,,D,,,s5,groknet,ce,5,s_nm1,addition,adamw,97,256,3,quadratic,1.0,0,1000,5000,0.3,42,10,5,20000,1.0,iid,0.5,0.0,fedavg,1.0,0.0,0.001,20,2000,10000,100,0.0,0.001,1.0,85.0,inf,inf,21500.0,3900.0,inf,0,82.13293552398682,100.0,100.0,nan,False,True,100000.0,3343.0,True,512,0.01,4,False,True
fede_213bfd6d1069,federated,T3b,partitions,exp3b,,,D,,,s5,groknet,ce,5,s_nm1,addition,adamw,97,256,3,quadratic,1.0,0,1000,5000,0.3,456,20,5,50000,1.0,dirichlet,0.5,0.0,fedavg,1.0,0.0,0.001,20,5000,10000,100,0.0,0.001,1.0,85.0,182400.0,181500.0,55900.0,55000.0,127400.0,5,87.98611164093018,100.0,100.0,nan,True,False,250000.0,11825.6,True,512,0.01,4,False,True
fede_2180b1aadec3,federated,T2,aggregation,exp2,,,D,fl,,s5,groknet,ce,5,s_nm1,addition,adamw,97,256,3,quadratic,1.0,0,1000,5000,0.3,42,2,5,50000,1.0,iid,0.5,0.0,fedavg,1.0,0.0,0.001,20,5000,10000,100,0.0,0.001,1.0,85.0,19800.0,19800.0,11900.0,700.0,19100.0,0,97.28174805641174,100.0,100.0,nan,True,False,250000.0,7250.3,True,512,0.01,4,False,True
fede_21ee1d716c44,federated,T1,setup_k_ladder,replication,,,C,,,s5,transformer,ce,5,s_nm1,addition,adamw,97,256,3,quadratic,1.0,0,1000,5000,0.5,42,5,5,40000,1.0,iid,0.5,0.0,fedavg,1.0,0.0,0.001,20,4000,10000,100,0.0,0.001,1.0,85.0,4700.0,4700.0,4400.0,1200.0,3500.0,0,100.0,100.0,100.0,nan,True,False,200000.0,8481.5,True,512,0.01,4,False,True
fede_2234ef1633ac,federated,S2b,mnist_fl,gate_a,,,E,,,mnist,mlp,mse,5,s_nm1,addition,adamw,97,200,3,quadratic,9.0,50,2000,5000,0.5,456,5,5,4000,1.0,label_block,0.5,0.0,fedavg,1.0,0.0,0.001,20,0,10000,100,0.0,0.001,0.1,90.0,inf,inf,500.0,inf,inf,0,72.89999723434448,90.45000672340393,97.20000624656677,nan,False,True,20000.0,794.8,False,512,0.01,4,False,True
fede_223e09a11a04,federated,X,e50_long,exp_e,,,C,,,s5,transformer,ce,5,s_nm1,addition,adamw,97,256,3,quadratic,1.0,0,1000,5000,0.5,456,10,50,20000,1.0,iid,0.5,0.0,fedavg,1.0,0.0,0.001,10,2000,10000,100,0.0,0.001,1.0,85.0,inf,inf,303500.0,inf,inf,0,57.58333206176758,78.65278124809265,79.2222261428833,nan,False,True,1000000.0,50438.1,True,512,0.01,4,False,True
fede_229678b393df,federated,T5,local_epochs,exp_e,,,C,,,s5,transformer,ce,5,s_nm1,addition,adamw,97,256,3,quadratic,1.0,0,1000,5000,0.5,123,10,50,4000,1.0,iid,0.5,0.0,fedavg,1.0,0.0,0.001,2,400,10000,100,0.0,0.001,1.0,85.0,31400.0,31400.0,27400.0,32500.0,-1100.0,0,100.0,100.0,100.0,nan,True,False,200000.0,5316.6,True,512,0.01,4,False,True
fede_2359edab2ebf,federated,T5,local_epochs,exp_e,,,C,,,s5,transformer,ce,5,s_nm1,addition,adamw,97,256,3,quadratic,1.0,0,1000,5000,0.5,42,10,25,8000,1.0,iid,0.5,0.0,fedavg,1.0,0.0,0.001,4,800,10000,100,0.0,0.001,1.0,85.0,23600.0,23600.0,15100.0,23900.0,-300.0,0,100.0,100.0,100.0,nan,True,False,200000.0,8340.2,True,512,0.01,4,False,True
fede_255ca1843fb2,federated,S2b,mnist_fl,gate_a,,,E,,,mnist,mlp,mse,5,s_nm1,addition,adamw,97,200,3,quadratic,9.0,50,2000,5000,0.5,42,20,5,4000,1.0,iid,0.5,0.0,fedavg,1.0,0.0,0.001,20,0,10000,100,0.0,0.001,0.1,90.0,4900.0,4900.0,700.0,800.0,4100.0,0,93.68000030517578,100.0,100.0,nan,True,False,20000.0,1236.5,False,512,0.01,4,False,True
fede_25caa0d4bae2,federated,T2,aggregation,exp2,,,D,fl,,s5,groknet,ce,5,s_nm1,addition,adamw,97,256,3,quadratic,1.0,0,1000,5000,0.3,456,10,5,50000,1.0,iid,0.5,0.0,fedavg,1.0,0.0,0.001,20,5000,10000,100,0.0,0.001,1.0,85.0,87400.0,78900.0,24500.0,3200.0,84200.0,18,90.198415517807,100.0,100.0,nan,True,False,250000.0,9015.7,True,512,0.01,4,False,True
fede_27e426ef6f81,federated,T5,participation_setups,exp4b,,,E,,,mnist,mlp,mse,5,s_nm1,addition,adamw,97,200,3,quadratic,9.0,100,2000,5000,0.5,42,20,5,32000,0.25,iid,0.5,0.0,fedavg,1.0,0.0,0.001,80,3200,10000,100,0.0,0.001,0.1,90.0,inf,3100.0,400.0,300.0,inf,201,81.15999698638916,99.80000257492065,100.0,nan,False,True,40000.0,4655.6,True,512,0.01,4,False,True
fede_288de9c5a605,federated,S2b,mnist_fl,gate_a,,,E,,,mnist,mlp,mse,5,s_nm1,addition,adamw,97,200,3,quadratic,9.0,100,2000,5000,0.5,42,20,5,4000,1.0,iid,0.5,0.0,fedavg,1.0,0.0,0.001,20,0,10000,100,0.0,0.001,0.1,90.0,12300.0,12300.0,2200.0,1200.0,11100.0,0,92.64000058174133,100.0,100.0,nan,True,False,20000.0,1103.5,False,512,0.01,4,False,True
fede_29176f5f11f2,federated,T5,participation_setups,exp4b,,,D,,,s5,groknet,ce,5,s_nm1,addition,adamw,97,256,3,quadratic,1.0,0,1000,5000,0.3,123,20,5,200000,0.25,iid,0.5,0.0,fedavg,1.0,0.0,0.001,80,20000,10000,100,0.0,0.001,1.0,85.0,27300.0,25600.0,7500.0,3700.0,23600.0,8,89.70237970352173,100.0,100.0,nan,True,False,250000.0,31710.0,True,512,0.01,4,False,True
fede_29e9116d9bf8,federated,T3b,partitions,exp3b,,,D,,,s5,groknet,ce,5,s_nm1,addition,adamw,97,256,3,quadratic,1.0,0,1000,5000,0.3,456,10,5,50000,1.0,dirichlet,0.5,0.0,fedavg,1.0,0.0,0.001,20,5000,10000,100,0.0,0.001,1.0,85.0,inf,inf,51300.0,22800.0,inf,0,69.91071701049805,100.0,100.0,nan,False,True,250000.0,10425.5,True,512,0.01,4,False,True
fede_2a4b9012a3b8,federated,T5,local_epochs,exp_e,,,D,,,s5,groknet,ce,5,s_nm1,addition,adamw,97,256,3,quadratic,1.0,0,1000,5000,0.3,456,10,10,25000,1.0,iid,0.5,0.0,fedavg,1.0,0.0,0.001,10,2500,10000,100,0.0,0.001,1.0,85.0,70800.0,70800.0,21300.0,3100.0,67700.0,0,89.92063403129578,100.0,100.0,nan,True,False,250000.0,12221.3,True,512,0.01,4,False,True
fede_2acd8f1a3f77,federated,T3a,dirichlet_setups,exp3a,,,C,,,s5,transformer,ce,5,s_nm1,addition,adamw,97,256,3,quadratic,1.0,0,1000,5000,0.4,42,10,5,40000,1.0,dirichlet,0.1,0.0,fedavg,1.0,0.0,0.001,20,4000,10000,100,0.0,0.001,1.0,85.0,inf,inf,15400.0,inf,inf,0,70.6250011920929,82.89930820465088,88.68055939674377,nan,False,True,200000.0,15195.5,True,512,0.01,4,False,True
fede_2aeb61cfc5f2,federated,T3a,dirichlet_setups,exp3a,,,C,,,s5,transformer,ce,5,s_nm1,addition,adamw,97,256,3,quadratic,1.0,0,1000,5000,0.4,42,10,5,40000,1.0,dirichlet,0.01,0.0,fedavg,1.0,0.0,0.001,20,4000,10000,100,0.0,0.001,1.0,85.0,inf,inf,inf,inf,inf,0,35.57870388031006,43.958333134651184,55.416667461395264,nan,False,True,200000.0,15183.4,True,512,0.01,4,False,True
fede_2b8e08024095,federated,S2b,mnist_fl,gate_a,,,E,,,mnist,mlp,mse,5,s_nm1,addition,adamw,97,200,3,quadratic,9.0,50,2000,5000,0.5,456,10,5,4000,1.0,label_block,0.5,0.0,fedavg,1.0,0.0,0.001,20,0,10000,100,0.0,0.001,0.1,90.0,inf,inf,1100.0,inf,inf,0,70.59999704360962,83.80000591278076,89.60000276565552,nan,False,True,20000.0,900.9,False,512,0.01,4,False,True
fede_2c025b62ce35,federated,T2,aggregation,exp2,,,D,fl,,s5,groknet,ce,5,s_nm1,addition,adamw,97,256,3,quadratic,1.0,0,1000,5000,0.3,42,5,5,50000,1.0,iid,0.5,0.0,fedavg,1.0,0.0,0.001,20,5000,10000,100,0.0,0.001,1.0,85.0,27100.0,27100.0,15200.0,1400.0,25700.0,0,95.25793790817261,100.0,100.0,nan,True,False,250000.0,7816.2,True,512,0.01,4,False,True
fede_2ce022058297,federated,T3b,partitions,exp3b,,,C,,,s5,transformer,ce,5,s_nm1,addition,adamw,97,256,3,quadratic,1.0,0,1000,5000,0.4,42,10,5,40000,1.0,dirichlet,0.5,0.0,fedavg,1.0,0.0,0.001,20,4000,10000,100,0.0,0.001,1.0,85.0,12600.0,12600.0,12300.0,7800.0,4800.0,0,100.0,100.0,100.0,nan,True,False,200000.0,12227.2,True,512,0.01,4,False,True
fede_2d3b0935cb58,federated,T3a,dirichlet_setups,exp3a,,,C,,,s5,transformer,ce,5,s_nm1,addition,adamw,97,256,3,quadratic,1.0,0,1000,5000,0.4,456,10,5,40000,1.0,dirichlet,10.0,0.0,fedavg,1.0,0.0,0.001,20,4000,10000,100,0.0,0.001,1.0,85.0,13400.0,13400.0,13300.0,2800.0,10600.0,0,100.0,100.0,100.0,nan,True,False,200000.0,14924.3,True,512,0.01,4,False,True
fede_2f16166fb38b,federated,T5,local_epochs,exp_e,,,D,,,s5,groknet,ce,5,s_nm1,addition,adamw,97,256,3,quadratic,1.0,0,1000,5000,0.3,123,10,25,10000,1.0,iid,0.5,0.0,fedavg,1.0,0.0,0.001,4,1000,10000,100,0.0,0.001,1.0,85.0,150000.0,100100.0,24700.0,2600.0,147400.0,48,87.4404788017273,100.0,100.0,nan,True,False,250000.0,4997.9,True,512,0.01,4,False,True
fede_31ae5e714cc7,federated,T3a,dirichlet_setups,exp3a,,,D,,,s5,groknet,ce,5,s_nm1,addition,adamw,97,256,3,quadratic,1.0,0,1000,5000,0.3,123,10,5,50000,1.0,dirichlet,0.1,0.0,fedavg,1.0,0.0,0.001,20,5000,10000,100,0.0,0.001,1.0,85.0,inf,inf,inf,inf,inf,0,9.791667014360428,53.078705072402954,54.374998807907104,nan,False,True,250000.0,9762.9,True,512,0.01,4,False,True
fede_324575a2ab66,federated,X,e50_long,exp_e,,,D,,,s5,groknet,ce,5,s_nm1,addition,adamw,97,256,3,quadratic,1.0,0,1000,5000,0.3,123,10,50,40000,1.0,iid,0.5,0.0,fedavg,1.0,0.0,0.001,10,4000,10000,100,0.0,0.001,1.0,85.0,inf,inf,32000.0,2500.0,inf,0,82.30158686637878,100.0,100.0,nan,False,True,2000000.0,16151.4,True,512,0.01,4,False,True
fede_34254d057c4e,federated,T3b,partitions,exp3b,,,E,,,mnist,mlp,mse,5,s_nm1,addition,adamw,97,200,3,quadratic,9.0,100,2000,5000,0.5,123,20,5,8000,1.0,dirichlet,0.5,0.0,fedavg,1.0,0.0,0.001,20,800,10000,100,0.0,0.001,0.1,90.0,5800.0,5800.0,1200.0,1300.0,4500.0,0,94.43999528884888,100.0,100.0,nan,True,False,40000.0,2396.3,True,512,0.01,4,False,True
fede_358f4aa78a4f,federated,S2b,mnist_fl,gate_a,,,E,,,mnist,mlp,mse,5,s_nm1,addition,adamw,97,200,3,quadratic,9.0,50,2000,5000,0.5,42,5,5,4000,1.0,label_block,0.5,0.0,fedavg,1.0,0.0,0.001,20,0,10000,100,0.0,0.001,0.1,90.0,inf,inf,400.0,1600.0,inf,0,81.31999969482422,99.80000257492065,100.0,nan,False,True,20000.0,792.6,False,512,0.01,4,False,True
fede_386926a7c4b0,federated,S2,grok_confirm_fl,probe,,,C,,,s5,transformer,ce,5,s_nm1,addition,adamw,97,128,3,quadratic,1.0,0,1000,5000,0.5,42,5,5,6000,1.0,iid,0.5,0.0,fedavg,1.0,0.0,0.001,10,0,10000,100,0.0,0.001,1.0,85.0,10200.0,10200.0,9900.0,3550.0,6650.0,0,100.0,100.0,100.0,nan,True,False,30000.0,1205.4,,,,,,
fede_38d96cedf5b2,federated,T1,setup_k_ladder,replication,,,E,,,mnist,mlp,mse,5,s_nm1,addition,adamw,97,200,3,quadratic,9.0,100,2000,5000,0.5,456,5,5,4000,1.0,iid,0.5,0.0,fedavg,1.0,0.0,0.001,20,400,10000,100,0.0,0.001,0.1,90.0,inf,2800.0,400.0,400.0,inf,98,76.75999999046326,99.85000491142273,100.0,nan,False,True,20000.0,691.3,True,512,0.01,4,False,True
fede_3a14afb22644,federated,T2,aggregation_alpha2,exp2,,,E,fl,,mnist,mlp,mse,5,s_nm1,addition,adamw,97,200,3,quadratic,9.0,100,4000,5000,0.5,42,5,5,8000,1.0,iid,0.5,0.0,fedavg,1.0,0.0,0.001,20,800,10000,100,0.0,0.001,0.1,90.0,inf,1600.0,100.0,600.0,inf,329,83.39999914169312,93.57500672340393,99.9750018119812,nan,False,True,30162.0,2375.6,True,512,0.01,4,False,True
fede_3a755a1e4956,federated,T3b,partitions,exp3b,,,E,,,mnist,mlp,mse,5,s_nm1,addition,adamw,97,200,3,quadratic,9.0,100,2000,5000,0.5,42,20,5,8000,1.0,label_block,0.5,0.0,fedavg,1.0,0.0,0.001,20,800,10000,100,0.0,0.001,0.1,90.0,inf,inf,5800.0,13900.0,inf,0,66.25999808311462,96.15000486373901,99.05000329017639,nan,False,True,40000.0,2081.3,True,512,0.01,4,False,True
fede_3b99f4fad54d,federated,T2,aggregation,exp2,,,C,fl,,s5,transformer,ce,5,s_nm1,addition,adamw,97,256,3,quadratic,1.0,0,1000,5000,0.4,42,50,5,40000,1.0,iid,0.5,0.0,fedavg,1.0,0.0,0.001,20,4000,10000,100,0.0,0.001,1.0,85.0,25100.0,25100.0,24700.0,25200.0,-100.0,0,100.0,100.0,100.0,nan,True,False,200000.0,26045.1,True,512,0.01,4,False,True
fede_3c62f9b5a140,federated,T1,setup_k_ladder,replication,,,C,,,s5,transformer,ce,5,s_nm1,addition,adamw,97,256,3,quadratic,1.0,0,1000,5000,0.5,42,20,5,40000,1.0,iid,0.5,0.0,fedavg,1.0,0.0,0.001,20,4000,10000,100,0.0,0.001,1.0,85.0,7900.0,7900.0,7500.0,7300.0,600.0,0,100.0,100.0,100.0,nan,True,False,200000.0,13974.2,True,512,0.01,4,False,True
fede_3e19983eda40,federated,T3b,partitions,exp3b,,,C,,,s5,transformer,ce,5,s_nm1,addition,adamw,97,256,3,quadratic,1.0,0,1000,5000,0.4,123,5,5,40000,1.0,coset,0.5,0.0,fedavg,1.0,0.0,0.001,20,4000,10000,100,0.0,0.001,1.0,85.0,4500.0,4500.0,3400.0,3700.0,800.0,0,100.0,100.0,100.0,nan,True,False,200000.0,8757.9,True,512,0.01,4,False,True
fede_40c9d4e0cde8,federated,S2b,probe_rerun,gate_a,,,D,,,s5,groknet,ce,5,s_nm1,addition,adamw,97,256,3,quadratic,1.0,0,1000,5000,0.5,456,10,5,10000,1.0,operand,0.5,0.0,fedavg,1.0,0.0,0.001,20,0,10000,100,0.0,0.001,1.0,85.0,inf,inf,26100.0,19200.0,inf,0,63.333332538604736,99.77778196334839,99.8472273349762,nan,False,True,50000.0,1800.6,False,512,0.01,4,False,True
fede_41ac103ce46a,federated,T2,aggregation,exp2,,,C,fl,,s5,transformer,ce,5,s_nm1,addition,adamw,97,256,3,quadratic,1.0,0,1000,5000,0.4,123,10,5,40000,1.0,iid,0.5,0.0,fedavg,1.0,0.0,0.001,20,4000,10000,100,0.0,0.001,1.0,85.0,8400.0,8400.0,8200.0,3100.0,5300.0,0,100.0,100.0,100.0,nan,True,False,200000.0,11420.5,True,512,0.01,4,False,True
fede_41ef3397163a,federated,T2,aggregation,exp2,,,D,fl,,s5,groknet,ce,5,s_nm1,addition,adamw,97,256,3,quadratic,1.0,0,1000,5000,0.3,123,10,5,50000,1.0,iid,0.5,0.0,fedavg,1.0,0.0,0.001,20,5000,10000,100,0.0,0.001,1.0,85.0,66200.0,65200.0,21900.0,2900.0,63300.0,6,90.44643044471741,100.0,100.0,nan,True,False,250000.0,9094.2,True,512,0.01,4,False,True
fede_4378c3e28aac,federated,T2,aggregation,exp2,,,D,fl,,s5,groknet,ce,5,s_nm1,addition,adamw,97,256,3,quadratic,1.0,0,1000,5000,0.3,123,2,5,50000,1.0,iid,0.5,0.0,fedavg,1.0,0.0,0.001,20,5000,10000,100,0.0,0.001,1.0,85.0,21800.0,21800.0,13000.0,700.0,21100.0,0,96.41865491867065,100.0,100.0,nan,True,False,250000.0,6761.7,True,512,0.01,4,False,True
fede_43b2829d7901,federated,T2,aggregation,exp2,,,D,fl,,s5,groknet,ce,5,s_nm1,addition,adamw,97,256,3,quadratic,1.0,0,1000,5000,0.3,123,50,5,50000,1.0,iid,0.5,0.0,fedavg,1.0,0.0,0.001,20,5000,10000,100,0.0,0.001,1.0,85.0,inf,inf,inf,inf,inf,0,32.50000178813934,75.92592239379883,76.66666507720947,nan,False,True,250000.0,23264.2,True,512,0.01,4,False,True
fede_446d604140cb,federated,T1,setup_k_ladder,replication,,,C,,,s5,transformer,ce,5,s_nm1,addition,adamw,97,256,3,quadratic,1.0,0,1000,5000,0.5,456,20,5,40000,1.0,iid,0.5,0.0,fedavg,1.0,0.0,0.001,20,4000,10000,100,0.0,0.001,1.0,85.0,9100.0,9100.0,8900.0,8800.0,300.0,0,100.0,100.0,100.0,nan,True,False,200000.0,14005.8,True,512,0.01,4,False,True
fede_454a949e6f1e,federated,T2,aggregation_alpha2,exp2,,,E,fl,,mnist,mlp,mse,5,s_nm1,addition,adamw,97,200,3,quadratic,9.0,100,4000,5000,0.5,123,10,5,8000,1.0,iid,0.5,0.0,fedavg,1.0,0.0,0.001,20,800,10000,100,0.0,0.001,0.1,90.0,inf,inf,200.0,4200.0,inf,0,79.83999848365784,90.20000696182251,99.9000072479248,nan,False,True,25731.5,2336.1,True,512,0.01,4,False,True
fede_4572edcdc25a,federated,T5,participation_setups,exp4b,,,C,,,s5,transformer,ce,5,s_nm1,addition,adamw,97,256,3,quadratic,1.0,0,1000,5000,0.5,123,20,5,160000,0.25,iid,0.5,0.0,fedavg,1.0,0.0,0.001,80,16000,10000,100,0.0,0.001,1.0,85.0,1800.0,1800.0,1700.0,1700.0,100.0,0,100.0,100.0,100.0,nan,True,False,200000.0,32040.6,True,512,0.01,4,False,True
fede_463787b9822a,federated,T3b,partitions,exp3b,,,E,,,mnist,mlp,mse,5,s_nm1,addition,adamw,97,200,3,quadratic,9.0,100,2000,5000,0.5,456,10,5,8000,1.0,label_block,0.5,0.0,fedavg,1.0,0.0,0.001,20,800,10000,100,0.0,0.001,0.1,90.0,inf,inf,2200.0,inf,inf,0,73.46000075340271,95.10000348091125,97.90000319480896,nan,False,True,40000.0,1774.0,True,512,0.01,4,False,True
fede_46f431c1d0bf,federated,S2b,mnist_fl,gate_a,,,E,,,mnist,mlp,mse,5,s_nm1,addition,adamw,97,200,3,quadratic,9.0,50,2000,5000,0.5,456,10,5,4000,1.0,iid,0.5,0.0,fedavg,1.0,0.0,0.001,20,0,10000,100,0.0,0.001,0.1,90.0,inf,inf,300.0,900.0,inf,0,72.63999581336975,98.95000457763672,99.9500036239624,nan,False,True,20000.0,954.5,False,512,0.01,4,False,True
fede_471698ce3429,federated,T1,setup_k_ladder,replication,,,C,,,s5,transformer,ce,5,s_nm1,addition,adamw,97,256,3,quadratic,1.0,0,1000,5000,0.5,456,10,5,40000,1.0,iid,0.5,0.0,fedavg,1.0,0.0,0.001,20,4000,10000,100,0.0,0.001,1.0,85.0,5000.0,5000.0,4900.0,3100.0,1900.0,0,100.0,100.0,100.0,nan,True,False,200000.0,10613.0,True,512,0.01,4,False,True
fede_48b0f82f631c,federated,T3b,partitions,exp3b,,,C,,,s5,transformer,ce,5,s_nm1,addition,adamw,97,256,3,quadratic,1.0,0,1000,5000,0.4,42,50,5,40000,1.0,operand,0.5,0.0,fedavg,1.0,0.0,0.001,20,4000,10000,100,0.0,0.001,1.0,85.0,inf,inf,inf,inf,inf,0,0.21990740206092596,13.732638955116272,14.982639253139496,nan,False,True,200000.0,27088.2,True,512,0.01,4,False,True
fede_49262c57539d,federated,T2,aggregation,exp2,,,C,fl,,s5,transformer,ce,5,s_nm1,addition,adamw,97,256,3,quadratic,1.0,0,1000,5000,0.4,123,5,5,40000,1.0,iid,0.5,0.0,fedavg,1.0,0.0,0.001,20,4000,10000,100,0.0,0.001,1.0,85.0,7600.0,7600.0,7500.0,1200.0,6400.0,0,100.0,100.0,100.0,nan,True,False,200000.0,9701.9,True,512,0.01,4,False,True
fede_496eed40bbeb,federated,T5,local_epochs,exp_e,,,E,,,mnist,mlp,mse,5,s_nm1,addition,adamw,97,200,3,quadratic,9.0,100,2000,5000,0.5,42,10,25,800,1.0,iid,0.5,0.0,fedavg,1.0,0.0,0.001,4,80,10000,100,0.0,0.001,0.1,90.0,4800.0,4800.0,1200.0,1200.0,3600.0,0,94.29999589920044,100.0,100.0,nan,True,False,20000.0,450.3,True,512,0.01,4,False,True
fede_49c557269800,federated,T3b,partitions,exp3b,,,E,,,mnist,mlp,mse,5,s_nm1,addition,adamw,97,200,3,quadratic,9.0,100,2000,5000,0.5,456,10,5,8000,1.0,dirichlet,0.5,0.0,fedavg,1.0,0.0,0.001,20,800,10000,100,0.0,0.001,0.1,90.0,inf,4100.0,700.0,900.0,inf,65,86.9599997997284,99.9500036239624,100.0,nan,False,True,40000.0,2000.8,True,512,0.01,4,False,True
fede_4e1f93dc5a91,federated,S2,fl_probe,probe,,,D,,,s5,groknet,ce,5,s_nm1,addition,adamw,97,256,3,quadratic,1.0,0,1000,5000,0.5,123,50,5,2000,1.0,iid,0.5,0.0,fedavg,1.0,0.0,0.001,20,0,10000,100,0.0,0.001,1.0,85.0,inf,inf,7000.0,8900.0,inf,0,81.59722685813904,99.43055510520935,99.43055510520935,nan,False,True,10000.0,878.9,False,512,0.01,4,False,True
fede_5121cb98d792,federated,T2,aggregation,exp2,,,C,fl,,s5,transformer,ce,5,s_nm1,addition,adamw,97,256,3,quadratic,1.0,0,1000,5000,0.4,42,2,5,40000,1.0,iid,0.5,0.0,fedavg,1.0,0.0,0.001,20,4000,10000,100,0.0,0.001,1.0,85.0,15400.0,15400.0,14900.0,500.0,14900.0,0,100.0,100.0,100.0,nan,True,False,200000.0,8309.3,True,512,0.01,4,False,True
fede_513e3cafc151,federated,S2b,mnist_fl,gate_a,,,E,,,mnist,mlp,mse,5,s_nm1,addition,adamw,97,200,3,quadratic,9.0,100,2000,5000,0.5,456,5,5,4000,1.0,label_block,0.5,0.0,fedavg,1.0,0.0,0.001,20,0,10000,100,0.0,0.001,0.1,90.0,inf,inf,800.0,1700.0,inf,0,71.5399980545044,90.05000591278076,99.70000386238098,nan,False,True,20000.0,686.1,False,512,0.01,4,False,True
fede_536327ffa0d6,federated,T2,aggregation,exp2,,,E,fl,,mnist,mlp,mse,5,s_nm1,addition,adamw,97,200,3,quadratic,9.0,100,2000,5000,0.5,123,10,5,8000,1.0,iid,0.5,0.0,fedavg,1.0,0.0,0.001,20,800,10000,100,0.0,0.001,0.1,90.0,inf,5100.0,900.0,600.0,inf,139,79.79999780654907,99.9000072479248,100.0,nan,False,True,40000.0,1616.0,True,512,0.01,4,False,True
fede_53b73d192511,federated,T2,aggregation,exp2,,,E,fl,,mnist,mlp,mse,5,s_nm1,addition,adamw,97,200,3,quadratic,9.0,100,2000,5000,0.5,456,5,5,8000,1.0,iid,0.5,0.0,fedavg,1.0,0.0,0.001,20,800,10000,100,0.0,0.001,0.1,90.0,inf,2700.0,400.0,400.0,inf,300,75.90000033378601,99.85000491142273,100.0,nan,False,True,40000.0,1465.9,True,512,0.01,4,False,True
fede_5417b8e1d282,federated,T3b,partitions,exp3b,,,C,,,s5,transformer,ce,5,s_nm1,addition,adamw,97,256,3,quadratic,1.0,0,1000,5000,0.4,42,50,5,40000,1.0,target,0.5,0.0,fedavg,1.0,0.0,0.001,20,4000,10000,100,0.0,0.001,1.0,85.0,inf,inf,inf,inf,inf,0,0.7175925653427839,1.006944477558136,1.64930559694767,nan,False,True,200000.0,30121.8,True,512,0.01,4,False,True
fede_55a70a848739,federated,T2,aggregation_alpha2,exp2,,,E,fl,,mnist,mlp,mse,5,s_nm1,addition,adamw,97,200,3,quadratic,9.0,100,4000,5000,0.5,42,10,5,8000,1.0,iid,0.5,0.0,fedavg,1.0,0.0,0.001,20,800,10000,100,0.0,0.001,0.1,90.0,inf,697.0,128.5,inf,inf,255,76.03999972343445,85.60000658035278,98.0750024318695,nan,False,True,12701.5,1597.1,True,512,0.01,4,False,True
fede_56b167b28de9,federated,S2b,mnist_fl,gate_a,,,E,,,mnist,mlp,mse,5,s_nm1,addition,adamw,97,200,3,quadratic,9.0,50,2000,5000,0.5,42,20,5,4000,1.0,label_block,0.5,0.0,fedavg,1.0,0.0,0.001,20,0,10000,100,0.0,0.001,0.1,90.0,inf,inf,2400.0,inf,inf,0,39.239999651908875,44.850000739097595,83.85000228881836,nan,False,True,20000.0,1244.2,False,512,0.01,4,False,True
fede_58a41813a849,federated,T2,aggregation,exp2,,,C,fl,,s5,transformer,ce,5,s_nm1,addition,adamw,97,256,3,quadratic,1.0,0,1000,5000,0.4,123,2,5,40000,1.0,iid,0.5,0.0,fedavg,1.0,0.0,0.001,20,4000,10000,100,0.0,0.001,1.0,85.0,8100.0,8100.0,7900.0,500.0,7600.0,0,100.0,100.0,100.0,nan,True,False,200000.0,8765.4,True,512,0.01,4,False,True
fede_58f80a456b20,federated,T3a,dirichlet_setups,exp3a,,,E,,,mnist,mlp,mse,5,s_nm1,addition,adamw,97,200,3,quadratic,9.0,100,2000,5000,0.5,42,10,5,8000,1.0,dirichlet,0.1,0.0,fedavg,1.0,0.0,0.001,20,800,10000,100,0.0,0.001,0.1,90.0,39800.0,4100.0,800.0,800.0,39000.0,101,90.35999774932861,99.9500036239624,100.0,nan,True,False,40000.0,1768.1,True,512,0.01,4,False,True
fede_598b126959c7,federated,T3b,partitions,exp3b,,,D,,,s5,groknet,ce,5,s_nm1,addition,adamw,97,256,3,quadratic,1.0,0,1000,5000,0.3,123,10,5,50000,1.0,operand,0.5,0.0,fedavg,1.0,0.0,0.001,20,5000,10000,100,0.0,0.001,1.0,85.0,inf,inf,inf,inf,inf,0,11.031746119260788,97.4305510520935,98.00925850868225,nan,False,True,250000.0,9124.2,True,512,0.01,4,False,True
fede_5b6536066629,federated,T3a,dirichlet_setups,exp3a,,,E,,,mnist,mlp,mse,5,s_nm1,addition,adamw,97,200,3,quadratic,9.0,100,2000,5000,0.5,123,10,5,8000,1.0,dirichlet,0.1,0.0,fedavg,1.0,0.0,0.001,20,800,10000,100,0.0,0.001,0.1,90.0,39200.0,4900.0,1100.0,1100.0,38100.0,107,90.43999910354614,100.0,100.0,nan,True,False,40000.0,1735.8,True,512,0.01,4,False,True
fede_5dd758bf4229,federated,T2,aggregation_alpha2,exp2,,,E,fl,,mnist,mlp,mse,5,s_nm1,addition,adamw,97,200,3,quadratic,9.0,100,4000,5000,0.5,456,2,5,8000,1.0,iid,0.5,0.0,fedavg,1.0,0.0,0.001,20,800,10000,100,0.0,0.001,0.1,90.0,inf,1600.0,100.0,800.0,inf,356,89.03999924659729,99.9750018119812,100.0,nan,False,True,40000.0,2595.5,True,512,0.01,4,False,True
fede_5eb9fab427dd,federated,T2,aggregation,exp2,,,D,fl,,s5,groknet,ce,5,s_nm1,addition,adamw,97,256,3,quadratic,1.0,0,1000,5000,0.3,42,10,5,50000,1.0,iid,0.5,0.0,fedavg,1.0,0.0,0.001,20,5000,10000,100,0.0,0.001,1.0,85.0,248800.0,121500.0,20800.0,4000.0,244800.0,847,85.44642925262451,100.0,100.0,nan,True,False,250000.0,9459.9,True,512,0.01,4,False,True
fede_5ec62e00120f,federated,T2,aggregation,exp2,,,D,fl,,s5,groknet,ce,5,s_nm1,addition,adamw,97,256,3,quadratic,1.0,0,1000,5000,0.3,456,20,5,50000,1.0,iid,0.5,0.0,fedavg,1.0,0.0,0.001,20,5000,10000,100,0.0,0.001,1.0,85.0,73000.0,73000.0,29600.0,14800.0,58200.0,0,92.16269850730896,100.0,100.0,nan,True,False,250000.0,11680.2,True,512,0.01,4,False,True
fede_606543df2532,federated,T5,participation_setups,exp4b,,,E,,,mnist,mlp,mse,5,s_nm1,addition,adamw,97,200,3,quadratic,9.0,100,2000,5000,0.5,456,20,5,16000,0.5,iid,0.5,0.0,fedavg,1.0,0.0,0.001,40,1600,10000,100,0.0,0.001,0.1,90.0,inf,5700.0,900.0,700.0,inf,10,89.05999660491943,99.9500036239624,100.0,nan,False,True,40000.0,2793.4,True,512,0.01,4,False,True
fede_611541782d8c,federated,T5,participation_setups,exp4b,,,E,,,mnist,mlp,mse,5,s_nm1,addition,adamw,97,200,3,quadratic,9.0,100,2000,5000,0.5,42,20,5,16000,0.5,iid,0.5,0.0,fedavg,1.0,0.0,0.001,40,1600,10000,100,0.0,0.001,0.1,90.0,5700.0,5700.0,1000.0,600.0,5100.0,0,93.4399962425232,100.0,100.0,nan,True,False,40000.0,2809.8,True,512,0.01,4,False,True
fede_61d5a8524eb9,federated,T2,aggregation,exp2,,,E,fl,,mnist,mlp,mse,5,s_nm1,addition,adamw,97,200,3,quadratic,9.0,100,2000,5000,0.5,456,2,5,8000,1.0,iid,0.5,0.0,fedavg,1.0,0.0,0.001,20,800,10000,100,0.0,0.001,0.1,90.0,inf,1200.0,200.0,200.0,inf,372,82.97999501228333,99.85000491142273,100.0,nan,False,True,40000.0,1707.3,True,512,0.01,4,False,True
fede_62ab3200bd87,federated,T2,aggregation,exp2,,,C,fl,,s5,transformer,ce,5,s_nm1,addition,adamw,97,256,3,quadratic,1.0,0,1000,5000,0.4,456,5,5,40000,1.0,iid,0.5,0.0,fedavg,1.0,0.0,0.001,20,4000,10000,100,0.0,0.001,1.0,85.0,8100.0,8100.0,8000.0,1200.0,6900.0,0,100.0,100.0,100.0,nan,True,False,200000.0,9871.8,True,512,0.01,4,False,True
fede_63b658fc98ca,federated,T1,setup_k_ladder,replication,,,D,,,s5,groknet,ce,5,s_nm1,addition,adamw,97,256,3,quadratic,1.0,0,1000,5000,0.3,456,5,5,20000,1.0,iid,0.5,0.0,fedavg,1.0,0.0,0.001,20,2000,10000,100,0.0,0.001,1.0,85.0,25500.0,25500.0,13600.0,1400.0,24100.0,0,94.47420835494995,100.0,100.0,nan,True,False,100000.0,2791.1,True,512,0.01,4,False,True
fede_6586255c6df0,federated,T3a,dirichlet_setups,exp3a,,,D,,,s5,groknet,ce,5,s_nm1,addition,adamw,97,256,3,quadratic,1.0,0,1000,5000,0.3,456,10,5,50000,1.0,dirichlet,1.0,0.0,fedavg,1.0,0.0,0.001,20,5000,10000,100,0.0,0.001,1.0,85.0,inf,inf,31900.0,8500.0,inf,0,74.92063641548157,100.0,100.0,nan,False,True,250000.0,9861.0,True,512,0.01,4,False,True
fede_673c77548d8b,federated,T3a,dirichlet_setups,exp3a,,,D,,,s5,groknet,ce,5,s_nm1,addition,adamw,97,256,3,quadratic,1.0,0,1000,5000,0.3,123,10,5,50000,1.0,dirichlet,1.0,0.0,fedavg,1.0,0.0,0.001,20,5000,10000,100,0.0,0.001,1.0,85.0,inf,inf,33800.0,11500.0,inf,0,75.90277791023254,100.0,100.0,nan,False,True,250000.0,9767.6,True,512,0.01,4,False,True
fede_6755f6a70ddb,federated,T5,local_epochs,exp_e,,,D,,,s5,groknet,ce,5,s_nm1,addition,adamw,97,256,3,quadratic,1.0,0,1000,5000,0.3,456,10,50,5000,1.0,iid,0.5,0.0,fedavg,1.0,0.0,0.001,2,500,10000,100,0.0,0.001,1.0,85.0,inf,inf,29000.0,2600.0,inf,0,81.72619342803955,100.0,100.0,nan,False,True,250000.0,2571.8,True,512,0.01,4,False,True
fede_67eb540b0119,federated,T3a,dirichlet_setups,exp3a,,,E,,,mnist,mlp,mse,5,s_nm1,addition,adamw,97,200,3,quadratic,9.0,100,2000,5000,0.5,123,10,5,8000,1.0,dirichlet,1000.0,0.0,fedavg,1.0,0.0,0.001,20,800,10000,100,0.0,0.001,0.1,90.0,inf,4100.0,800.0,600.0,inf,215,76.45999789237976,99.55000281333923,100.0,nan,False,True,40000.0,1785.2,True,512,0.01,4,False,True
fede_683da0f4102a,federated,T3b,partitions,exp3b,,,E,,,mnist,mlp,mse,5,s_nm1,addition,adamw,97,200,3,quadratic,9.0,100,2000,5000,0.5,123,20,5,8000,1.0,label_block,0.5,0.0,fedavg,1.0,0.0,0.001,20,800,10000,100,0.0,0.001,0.1,90.0,inf,inf,5100.0,4300.0,inf,0,67.41999983787537,94.25000548362732,100.0,nan,False,True,40000.0,2059.8,True,512,0.01,4,False,True
fede_69025594892e,federated,S2b,probe_rerun,gate_a,,,D,,,s5,groknet,ce,5,s_nm1,addition,adamw,97,256,3,quadratic,1.0,0,1000,5000,0.5,42,50,5,10000,1.0,iid,0.5,0.0,fedavg,1.0,0.0,0.001,20,0,10000,100,0.0,0.001,1.0,85.0,11000.0,11000.0,7400.0,9900.0,1100.0,0,99.38889145851135,100.0,100.0,nan,True,False,50000.0,4663.1,False,512,0.01,4,False,True
fede_6a891d81269e,federated,T3b,partitions,exp3b,,,E,,,mnist,mlp,mse,5,s_nm1,addition,adamw,97,200,3,quadratic,9.0,100,2000,5000,0.5,123,10,5,8000,1.0,label_block,0.5,0.0,fedavg,1.0,0.0,0.001,20,800,10000,100,0.0,0.001,0.1,90.0,inf,inf,2100.0,inf,inf,0,71.35999798774719,90.45000672340393,96.65000438690186,nan,False,True,40000.0,1766.6,True,512,0.01,4,False,True
fede_6aa8e20c7f79,federated,S2b,mnist_fl,gate_a,,,E,,,mnist,mlp,mse,5,s_nm1,addition,adamw,97,200,3,quadratic,9.0,50,2000,5000,0.5,42,10,5,4000,1.0,label_block,0.5,0.0,fedavg,1.0,0.0,0.001,20,0,10000,100,0.0,0.001,0.1,90.0,inf,inf,1600.0,inf,inf,0,44.49999928474426,52.15000510215759,65.25000333786011,nan,False,True,20000.0,951.0,False,512,0.01,4,False,True
fede_6c1b1a7712f1,federated,T5,participation_setups,exp4b,,,C,,,s5,transformer,ce,5,s_nm1,addition,adamw,97,256,3,quadratic,1.0,0,1000,5000,0.5,456,20,5,80000,0.5,iid,0.5,0.0,fedavg,1.0,0.0,0.001,40,8000,10000,100,0.0,0.001,1.0,85.0,7400.0,7400.0,7400.0,7200.0,200.0,0,100.0,100.0,100.0,nan,True,False,200000.0,20415.0,True,512,0.01,4,False,True
fede_6e4cf6ac3c71,federated,S2b,mnist_fl,gate_a,,,E,,,mnist,mlp,mse,5,s_nm1,addition,adamw,97,200,3,quadratic,9.0,100,2000,5000,0.5,42,20,5,4000,1.0,label_block,0.5,0.0,fedavg,1.0,0.0,0.001,20,0,10000,100,0.0,0.001,0.1,90.0,inf,inf,5100.0,6700.0,inf,0,67.64000058174133,94.0500020980835,99.0000069141388,nan,False,True,20000.0,1054.5,False,512,0.01,4,False,True
fede_6ef9fb2db403,federated,T3a,dirichlet_setups,exp3a,,,C,,,s5,transformer,ce,5,s_nm1,addition,adamw,97,256,3,quadratic,1.0,0,1000,5000,0.4,456,10,5,40000,1.0,dirichlet,1000.0,0.0,fedavg,1.0,0.0,0.001,20,4000,10000,100,0.0,0.001,1.0,85.0,8500.0,8500.0,8300.0,2600.0,5900.0,0,100.0,100.0,100.0,nan,True,False,200000.0,14392.6,True,512,0.01,4,False,True
fede_6efca7447c22,federated,T3b,partitions,exp3b,,,D,,,s5,groknet,ce,5,s_nm1,addition,adamw,97,256,3,quadratic,1.0,0,1000,5000,0.3,42,10,5,50000,1.0,operand,0.5,0.0,fedavg,1.0,0.0,0.001,20,5000,10000,100,0.0,0.001,1.0,85.0,inf,inf,inf,inf,inf,0,9.255952388048172,96.73610925674438,97.1990704536438,nan,False,True,250000.0,9084.2,True,512,0.01,4,False,True
fede_6f1f166ad237,federated,T5,local_epochs,exp_e,,,E,,,mnist,mlp,mse,5,s_nm1,addition,adamw,97,200,3,quadratic,9.0,100,2000,5000,0.5,456,10,25,800,1.0,iid,0.5,0.0,fedavg,1.0,0.0,0.001,4,80,10000,100,0.0,0.001,0.1,90.0,4600.0,4600.0,1200.0,1200.0,3400.0,0,93.17999482154846,100.0,100.0,nan,True,False,20000.0,469.0,True,512,0.01,4,False,True
fede_70e24617ca0c,federated,T3b,partitions,exp3b,,,E,,,mnist,mlp,mse,5,s_nm1,addition,adamw,97,200,3,quadratic,9.0,100,2000,5000,0.5,42,20,5,8000,1.0,dirichlet,0.5,0.0,fedavg,1.0,0.0,0.001,20,800,10000,100,0.0,0.001,0.1,90.0,6200.0,5800.0,1300.0,1200.0,5000.0,3,92.77999997138977,100.0,100.0,nan,True,False,40000.0,2368.9,True,512,0.01,4,False,True
fede_71629687d58b,federated,S2,fl_probe,probe,,,D,,,s5,groknet,ce,5,s_nm1,addition,adamw,97,256,3,quadratic,1.0,0,1000,5000,0.5,456,10,5,2000,1.0,iid,0.5,0.0,fedavg,1.0,0.0,0.001,20,0,10000,100,0.0,0.001,1.0,85.0,4900.0,4900.0,3400.0,2300.0,2600.0,0,99.50000047683716,100.0,100.0,nan,True,False,10000.0,328.2,False,512,0.01,4,False,True
fede_71b501d82870,federated,T5,local_epochs,exp_e,,,E,,,mnist,mlp,mse,5,s_nm1,addition,adamw,97,200,3,quadratic,9.0,100,2000,5000,0.5,42,10,10,2000,1.0,iid,0.5,0.0,fedavg,1.0,0.0,0.001,10,200,10000,100,0.0,0.001,0.1,90.0,4800.0,4800.0,1000.0,800.0,4000.0,0,93.59999895095825,100.0,100.0,nan,True,False,20000.0,1090.3,True,512,0.01,4,False,True
fede_72a7055c8c1a,federated,T1,setup_k_ladder,replication,,,E,,,mnist,mlp,mse,5,s_nm1,addition,adamw,97,200,3,quadratic,9.0,100,2000,5000,0.5,42,5,5,4000,1.0,iid,0.5,0.0,fedavg,1.0,0.0,0.001,20,400,10000,100,0.0,0.001,0.1,90.0,2700.0,2700.0,400.0,300.0,2400.0,0,91.25999808311462,100.0,100.0,nan,True,False,20000.0,694.2,True,512,0.01,4,False,True
fede_730847bebf53,federated,T2,aggregation,exp2,,,D,fl,,s5,groknet,ce,5,s_nm1,addition,adamw,97,256,3,quadratic,1.0,0,1000,5000,0.3,456,5,5,50000,1.0,iid,0.5,0.0,fedavg,1.0,0.0,0.001,20,5000,10000,100,0.0,0.001,1.0,85.0,26200.0,26200.0,14400.0,1400.0,24800.0,0,95.6845223903656,100.0,100.0,nan,True,False,250000.0,7740.9,True,512,0.01,4,False,True
fede_7338b5fb373a,federated,S2b,mnist_fl,gate_a,,,E,,,mnist,mlp,mse,5,s_nm1,addition,adamw,97,200,3,quadratic,9.0,100,2000,5000,0.5,456,20,5,4000,1.0,iid,0.5,0.0,fedavg,1.0,0.0,0.001,20,0,10000,100,0.0,0.001,0.1,90.0,10900.0,10700.0,2300.0,1300.0,9600.0,1,92.87999868392944,100.0,100.0,nan,True,False,20000.0,1057.8,False,512,0.01,4,False,True
fede_73883791d457,federated,T5,local_epochs,exp_e,,,E,,,mnist,mlp,mse,5,s_nm1,addition,adamw,97,200,3,quadratic,9.0,100,2000,5000,0.5,123,10,10,2000,1.0,iid,0.5,0.0,fedavg,1.0,0.0,0.001,10,200,10000,100,0.0,0.001,0.1,90.0,inf,5100.0,1000.0,700.0,inf,7,88.83999586105347,100.0,100.0,nan,False,True,20000.0,880.1,True,512,0.01,4,False,True
fede_739414974015,federated,T1,setup_k_ladder,replication,,,C,,,s5,transformer,ce,5,s_nm1,addition,adamw,97,256,3,quadratic,1.0,0,1000,5000,0.5,456,5,5,40000,1.0,iid,0.5,0.0,fedavg,1.0,0.0,0.001,20,4000,10000,100,0.0,0.001,1.0,85.0,4100.0,4100.0,4000.0,1200.0,2900.0,0,100.0,100.0,100.0,nan,True,False,200000.0,8399.2,True,512,0.01,4,False,True
fede_740c3e6be4cd,federated,T1,setup_k_ladder,replication,,,E,,,mnist,mlp,mse,5,s_nm1,addition,adamw,97,200,3,quadratic,9.0,100,2000,5000,0.5,42,20,5,4000,1.0,iid,0.5,0.0,fedavg,1.0,0.0,0.001,20,400,10000,100,0.0,0.001,0.1,90.0,11700.0,11700.0,2200.0,1200.0,10500.0,0,92.64000058174133,100.0,100.0,nan,True,False,20000.0,953.5,True,512,0.01,4,False,True
fede_75855bd0cae4,federated,S2,fl_probe,probe,,,C,,,s5,transformer,ce,5,s_nm1,addition,adamw,97,128,3,quadratic,1.0,0,1000,5000,0.5,456,10,5,2000,1.0,operand,0.5,0.0,fedavg,1.0,0.0,0.001,20,0,10000,100,0.0,0.001,1.0,85.0,6500.0,6500.0,5200.0,5600.0,900.0,0,100.0,100.0,100.0,nan,True,False,10000.0,435.7,False,512,0.01,4,False,True
fede_75f2a9df4ae6,federated,T3b,partitions,exp3b,,,C,,,s5,transformer,ce,5,s_nm1,addition,adamw,97,256,3,quadratic,1.0,0,1000,5000,0.4,456,50,5,40000,1.0,dirichlet,0.5,0.0,fedavg,1.0,0.0,0.001,20,4000,10000,100,0.0,0.001,1.0,85.0,inf,inf,inf,inf,inf,0,23.668980598449707,47.04861342906952,69.49653029441833,nan,False,True,200000.0,26159.6,True,512,0.01,4,False,True
fede_763c29d6603f,federated,S2,fl_probe,probe,,,E,,,mnist,mlp,mse,5,s_nm1,addition,adamw,97,200,3,quadratic,9.0,200,4000,5000,0.5,456,10,5,2000,1.0,iid,0.5,0.0,fedavg,1.0,0.0,0.001,20,0,10000,100,0.0,0.001,0.1,90.0,inf,inf,200.0,7700.0,inf,0,87.73999810218811,99.45000410079956,99.45000410079956,nan,False,True,10000.0,370.3,False,512,0.01,4,False,True
fede_76d411fdcbb5,federated,T3a,dirichlet_setups,exp3a,,,E,,,mnist,mlp,mse,5,s_nm1,addition,adamw,97,200,3,quadratic,9.0,100,2000,5000,0.5,42,10,5,8000,1.0,dirichlet,1000.0,0.0,fedavg,1.0,0.0,0.001,20,800,10000,100,0.0,0.001,0.1,90.0,inf,4100.0,800.0,600.0,inf,5,89.12000060081482,100.0,100.0,nan,False,True,40000.0,1793.3,True,512,0.01,4,False,True
fede_7749cf33776e,federated,T5,local_epochs,exp_e,,,C,,,s5,transformer,ce,5,s_nm1,addition,adamw,97,256,3,quadratic,1.0,0,1000,5000,0.5,42,10,50,4000,1.0,iid,0.5,0.0,fedavg,1.0,0.0,0.001,2,400,10000,100,0.0,0.001,1.0,85.0,inf,inf,93000.0,inf,inf,0,67.72222518920898,86.22222542762756,86.59722208976746,nan,False,True,200000.0,6688.8,True,512,0.01,4,False,True
fede_77f26c507f28,federated,S2,fl_probe,probe,,,D,,,s5,groknet,ce,5,s_nm1,addition,adamw,97,256,3,quadratic,1.0,0,1000,5000,0.5,42,10,5,2000,1.0,operand,0.5,0.0,fedavg,1.0,0.0,0.001,20,0,10000,100,0.0,0.001,1.0,85.0,inf,inf,inf,inf,inf,0,12.888889014720917,95.4027771949768,95.4027771949768,nan,False,True,10000.0,333.9,False,512,0.01,4,False,True
fede_786d29ef00a6,federated,T2,aggregation,exp2,,,E,fl,,mnist,mlp,mse,5,s_nm1,addition,adamw,97,200,3,quadratic,9.0,100,2000,5000,0.5,123,5,5,8000,1.0,iid,0.5,0.0,fedavg,1.0,0.0,0.001,20,800,10000,100,0.0,0.001,0.1,90.0,inf,2500.0,400.0,400.0,inf,320,75.63999891281128,99.9000072479248,100.0,nan,False,True,40000.0,1444.8,True,512,0.01,4,False,True
fede_78f540ea0054,federated,T3a,dirichlet_setups,exp3a,,,D,,,s5,groknet,ce,5,s_nm1,addition,adamw,97,256,3,quadratic,1.0,0,1000,5000,0.3,123,10,5,50000,1.0,dirichlet,1000.0,0.0,fedavg,1.0,0.0,0.001,20,5000,10000,100,0.0,0.001,1.0,85.0,44000.0,44000.0,18700.0,2200.0,41800.0,0,92.64881014823914,100.0,100.0,nan,True,False,250000.0,9848.2,True,512,0.01,4,False,True
fede_7a0d7ded5cee,federated,X,e50_long,exp_e,,,C,,,s5,transformer,ce,5,s_nm1,addition,adamw,97,256,3,quadratic,1.0,0,1000,5000,0.5,123,10,50,20000,1.0,iid,0.5,0.0,fedavg,1.0,0.0,0.001,10,2000,10000,100,0.0,0.001,1.0,85.0,35000.0,35000.0,31000.0,36000.0,-1000.0,0,100.0,100.0,100.0,nan,True,False,1000000.0,50428.9,True,512,0.01,4,False,True
fede_7b0b94880b39,federated,T3b,partitions,exp3b,,,D,,,s5,groknet,ce,5,s_nm1,addition,adamw,97,256,3,quadratic,1.0,0,1000,5000,0.3,42,20,5,50000,1.0,operand,0.5,0.0,fedavg,1.0,0.0,0.001,20,5000,10000,100,0.0,0.001,1.0,85.0,inf,inf,inf,inf,inf,0,0.009920635056914762,13.726851344108582,14.560185372829437,nan,False,True,250000.0,11649.4,True,512,0.01,4,False,True
fede_7c2bcd348d93,federated,S2b,mnist_fl,gate_a,,,E,,,mnist,mlp,mse,5,s_nm1,addition,adamw,97,200,3,quadratic,9.0,50,2000,5000,0.5,123,20,5,4000,1.0,iid,0.5,0.0,fedavg,1.0,0.0,0.001,20,0,10000,100,0.0,0.001,0.1,90.0,inf,5300.0,700.0,1200.0,inf,46,83.49999785423279,99.70000386238098,100.0,nan,False,True,20000.0,1213.8,False,512,0.01,4,False,True
fede_7ce171550d9b,federated,T3b,partitions,exp3b,,,D,,,s5,groknet,ce,5,s_nm1,addition,adamw,97,256,3,quadratic,1.0,0,1000,5000,0.3,123,20,5,50000,1.0,operand,0.5,0.0,fedavg,1.0,0.0,0.001,20,5000,10000,100,0.0,0.001,1.0,85.0,inf,inf,inf,inf,inf,0,0.0,13.124999403953552,15.092591941356659,nan,False,True,250000.0,11662.5,True,512,0.01,4,False,True
fede_7dcbaab39772,federated,T3b,partitions,exp3b,,,D,,,s5,groknet,ce,5,s_nm1,addition,adamw,97,256,3,quadratic,1.0,0,1000,5000,0.3,42,20,5,50000,1.0,target,0.5,0.0,fedavg,1.0,0.0,0.001,20,5000,10000,100,0.0,0.001,1.0,85.0,inf,inf,inf,inf,inf,0,0.7341269869357347,1.1805555783212185,4.421296343207359,nan,False,True,250000.0,13272.6,True,512,0.01,4,False,True
fede_7e5af6ca6b11,federated,S2,fl_probe,probe,,,E,,,mnist,mlp,mse,5,s_nm1,addition,adamw,97,200,3,quadratic,9.0,200,4000,5000,0.5,123,10,5,2000,1.0,iid,0.5,0.0,fedavg,1.0,0.0,0.001,20,0,10000,100,0.0,0.001,0.1,90.0,inf,inf,200.0,8000.0,inf,0,85.999995470047,99.30000305175781,99.35000538825989,nan,False,True,10000.0,374.1,False,512,0.01,4,False,True
fede_7ef24b29d935,federated,T3b,partitions,exp3b,,,D,,,s5,groknet,ce,5,s_nm1,addition,adamw,97,256,3,quadratic,1.0,0,1000,5000,0.3,42,10,5,50000,1.0,target,0.5,0.0,fedavg,1.0,0.0,0.001,20,5000,10000,100,0.0,0.001,1.0,85.0,inf,inf,inf,inf,inf,0,0.7539682555943727,1.041666604578495,3.3564813435077667,nan,False,True,250000.0,10796.6,True,512,0.01,4,False,True
fede_7f363c0a0cae,federated,T3a,dirichlet_setups,exp3a,,,E,,,mnist,mlp,mse,5,s_nm1,addition,adamw,97,200,3,quadratic,9.0,100,2000,5000,0.5,456,10,5,8000,1.0,dirichlet,10.0,0.0,fedavg,1.0,0.0,0.001,20,800,10000,100,0.0,0.001,0.1,90.0,inf,4400.0,700.0,700.0,inf,235,76.98000073432922,99.9500036239624,100.0,nan,False,True,40000.0,1797.6,True,512,0.01,4,False,True
fede_7f9927b18fa8,federated,T3b,partitions,exp3b,,,D,,,s5,groknet,ce,5,s_nm1,addition,adamw,97,256,3,quadratic,1.0,0,1000,5000,0.3,456,20,5,50000,1.0,operand,0.5,0.0,fedavg,1.0,0.0,0.001,20,5000,10000,100,0.0,0.001,1.0,85.0,inf,inf,inf,inf,inf,0,0.0,13.078702986240387,14.976851642131805,nan,False,True,250000.0,11773.9,True,512,0.01,4,False,True
fede_7fa7e4963401,federated,T3b,partitions,exp3b,,,C,,,s5,transformer,ce,5,s_nm1,addition,adamw,97,256,3,quadratic,1.0,0,1000,5000,0.4,123,50,5,40000,1.0,operand,0.5,0.0,fedavg,1.0,0.0,0.001,20,4000,10000,100,0.0,0.001,1.0,85.0,inf,inf,inf,inf,inf,0,0.069444440305233,12.986111640930176,14.270833134651184,nan,False,True,200000.0,27017.5,True,512,0.01,4,False,True
fede_8037c3486026,federated,S2,fl_probe,probe,,,C,,,s5,transformer,ce,5,s_nm1,addition,adamw,97,128,3,quadratic,1.0,0,1000,5000,0.5,42,10,5,2000,1.0,iid,0.5,0.0,fedavg,1.0,0.0,0.001,20,0,10000,100,0.0,0.001,1.0,85.0,7600.0,7600.0,7400.0,7300.0,300.0,0,100.0,100.0,100.0,nan,True,False,10000.0,436.5,False,512,0.01,4,False,True
fede_80efa2d72ffc,federated,T2,aggregation,exp2,,,D,fl,,s5,groknet,ce,5,s_nm1,addition,adamw,97,256,3,quadratic,1.0,0,1000,5000,0.3,42,20,5,50000,1.0,iid,0.5,0.0,fedavg,1.0,0.0,0.001,20,5000,10000,100,0.0,0.001,1.0,85.0,154200.0,129300.0,34200.0,16400.0,137800.0,141,88.35317492485046,100.0,100.0,nan,True,False,250000.0,11593.2,True,512,0.01,4,False,True
fede_821d3b786046,federated,T1,setup_k_ladder,replication,,,E,,,mnist,mlp,mse,5,s_nm1,addition,adamw,97,200,3,quadratic,9.0,100,2000,5000,0.5,42,10,5,4000,1.0,iid,0.5,0.0,fedavg,1.0,0.0,0.001,20,400,10000,100,0.0,0.001,0.1,90.0,5100.0,5100.0,900.0,600.0,4500.0,0,93.55999827384949,100.0,100.0,nan,True,False,20000.0,771.8,True,512,0.01,4,False,True
fede_8238631a77f6,federated,T1,setup_k_ladder,replication,,,C,,,s5,transformer,ce,5,s_nm1,addition,adamw,97,256,3,quadratic,1.0,0,1000,5000,0.5,456,50,5,40000,1.0,iid,0.5,0.0,fedavg,1.0,0.0,0.001,20,4000,10000,100,0.0,0.001,1.0,85.0,56900.0,56900.0,55100.0,57100.0,-200.0,0,100.0,100.0,100.0,nan,True,False,200000.0,25640.9,True,512,0.01,4,False,True
fede_82b4315c34fa,federated,S2b,mnist_fl,gate_a,,,E,,,mnist,mlp,mse,5,s_nm1,addition,adamw,97,200,3,quadratic,9.0,100,2000,5000,0.5,456,10,5,4000,1.0,label_block,0.5,0.0,fedavg,1.0,0.0,0.001,20,0,10000,100,0.0,0.001,0.1,90.0,inf,inf,2000.0,inf,inf,0,69.19999718666077,89.85000252723694,97.40000367164612,nan,False,True,20000.0,741.1,False,512,0.01,4,False,True
fede_838816d4a687,federated,S2,fl_probe,probe,,,E,,,mnist,mlp,mse,5,s_nm1,addition,adamw,97,200,3,quadratic,9.0,200,4000,5000,0.5,42,50,5,2000,1.0,iid,0.5,0.0,fedavg,1.0,0.0,0.001,20,0,10000,100,0.0,0.001,0.1,90.0,inf,inf,500.0,7800.0,inf,0,89.7599995136261,99.50000643730164,99.50000643730164,nan,False,True,10000.0,876.1,False,512,0.01,4,False,True
fede_83f70b074670,federated,S2b,mnist_fl,gate_a,,,E,,,mnist,mlp,mse,5,s_nm1,addition,adamw,97,200,3,quadratic,9.0,100,2000,5000,0.5,42,5,5,4000,1.0,label_block,0.5,0.0,fedavg,1.0,0.0,0.001,20,0,10000,100,0.0,0.001,0.1,90.0,inf,inf,700.0,700.0,inf,0,77.17999815940857,95.95000743865967,100.0,nan,False,True,20000.0,647.9,False,512,0.01,4,False,True
fede_847e4e71f91a,federated,S2,fl_probe,probe,,,E,,,mnist,mlp,mse,5,s_nm1,addition,adamw,97,200,3,quadratic,9.0,200,4000,5000,0.5,123,50,5,2000,1.0,label_block,0.5,0.0,fedavg,1.0,0.0,0.001,20,0,10000,100,0.0,0.001,0.1,90.0,inf,inf,5600.0,inf,inf,0,50.919997692108154,54.9750030040741,62.525004148483276,nan,False,True,10000.0,883.4,False,512,0.01,4,False,True
fede_848edd86c18b,federated,T3a,dirichlet_setups,exp3a,,,D,,,s5,groknet,ce,5,s_nm1,addition,adamw,97,256,3,quadratic,1.0,0,1000,5000,0.3,123,10,5,50000,1.0,dirichlet,0.01,0.0,fedavg,1.0,0.0,0.001,20,5000,10000,100,0.0,0.001,1.0,85.0,inf,inf,inf,inf,inf,0,1.0714286006987095,4.16666641831398,4.629629477858543,nan,False,True,250000.0,9859.1,True,512,0.01,4,False,True
fede_85449b4de227,federated,S2b,mnist_fl,gate_a,,,E,,,mnist,mlp,mse,5,s_nm1,addition,adamw,97,200,3,quadratic,9.0,50,2000,5000,0.5,456,20,5,4000,1.0,label_block,0.5,0.0,fedavg,1.0,0.0,0.001,20,0,10000,100,0.0,0.001,0.1,90.0,inf,inf,2000.0,inf,inf,0,74.61999654769897,93.05000305175781,95.90000510215759,nan,False,True,20000.0,1169.2,False,512,0.01,4,False,True
fede_864fa8555709,federated,T2,aggregation,exp2,,,D,fl,,s5,groknet,ce,5,s_nm1,addition,adamw,97,256,3,quadratic,1.0,0,1000,5000,0.3,42,50,5,50000,1.0,iid,0.5,0.0,fedavg,1.0,0.0,0.001,20,5000,10000,100,0.0,0.001,1.0,85.0,inf,inf,inf,inf,inf,0,36.319443583488464,79.60647940635681,79.88425493240356,nan,False,True,250000.0,23289.1,True,512,0.01,4,False,True
fede_8823ce2be91f,federated,T2,aggregation,exp2,,,C,fl,,s5,transformer,ce,5,s_nm1,addition,adamw,97,256,3,quadratic,1.0,0,1000,5000,0.4,456,10,5,40000,1.0,iid,0.5,0.0,fedavg,1.0,0.0,0.001,20,4000,10000,100,0.0,0.001,1.0,85.0,9900.0,9900.0,9600.0,2900.0,7000.0,0,100.0,100.0,100.0,nan,True,False,200000.0,10958.7,True,512,0.01,4,False,True
fede_88f50389a58e,federated,T5,local_epochs,exp_e,,,D,,,s5,groknet,ce,5,s_nm1,addition,adamw,97,256,3,quadratic,1.0,0,1000,5000,0.3,42,10,10,25000,1.0,iid,0.5,0.0,fedavg,1.0,0.0,0.001,10,2500,10000,100,0.0,0.001,1.0,85.0,91100.0,85400.0,25000.0,3800.0,87300.0,39,88.53174448013306,100.0,100.0,nan,True,False,250000.0,15212.9,True,512,0.01,4,False,True
fede_897094ff7588,federated,S2,fl_probe,probe,,,C,,,s5,transformer,ce,5,s_nm1,addition,adamw,97,128,3,quadratic,1.0,0,1000,5000,0.5,42,10,5,2000,1.0,operand,0.5,0.0,fedavg,1.0,0.0,0.001,20,0,10000,100,0.0,0.001,1.0,85.0,5500.0,5500.0,4800.0,5000.0,500.0,0,100.0,100.0,100.0,nan,True,False,10000.0,436.9,False,512,0.01,4,False,True
fede_8b359cbd00c1,federated,S2,fl_probe,probe,,,D,,,s5,groknet,ce,5,s_nm1,addition,adamw,97,256,3,quadratic,1.0,0,1000,5000,0.5,456,50,5,2000,1.0,operand,0.5,0.0,fedavg,1.0,0.0,0.001,20,0,10000,100,0.0,0.001,1.0,85.0,inf,inf,inf,inf,inf,0,0.013888889225199819,2.361111156642437,2.54166666418314,nan,False,True,10000.0,862.2,False,512,0.01,4,False,True
fede_8b573cc7d21e,federated,T1,setup_k_ladder,replication,,,D,,,s5,groknet,ce,5,s_nm1,addition,adamw,97,256,3,quadratic,1.0,0,1000,5000,0.3,42,20,5,20000,1.0,iid,0.5,0.0,fedavg,1.0,0.0,0.001,20,2000,10000,100,0.0,0.001,1.0,85.0,inf,inf,34400.0,15500.0,inf,0,84.02777910232544,100.0,100.0,nan,False,True,100000.0,4495.6,True,512,0.01,4,False,True
fede_8b8055376e39,federated,T3b,partitions,exp3b,,,C,,,s5,transformer,ce,5,s_nm1,addition,adamw,97,256,3,quadratic,1.0,0,1000,5000,0.4,456,5,5,40000,1.0,coset,0.5,0.0,fedavg,1.0,0.0,0.001,20,4000,10000,100,0.0,0.001,1.0,85.0,4100.0,4100.0,3700.0,3700.0,400.0,0,100.0,100.0,100.0,nan,True,False,200000.0,8468.0,True,512,0.01,4,False,True
fede_8b87b36bd20b,federated,T3a,dirichlet_setups,exp3a,,,C,,,s5,transformer,ce,5,s_nm1,addition,adamw,97,256,3,quadratic,1.0,0,1000,5000,0.4,42,10,5,40000,1.0,dirichlet,1.0,0.0,fedavg,1.0,0.0,0.001,20,4000,10000,100,0.0,0.001,1.0,85.0,16300.0,16300.0,16100.0,4400.0,11900.0,0,100.0,100.0,100.0,nan,True,False,200000.0,15220.3,True,512,0.01,4,False,True
fede_8dc6780b8b18,federated,T3b,partitions,exp3b,,,D,,,s5,groknet,ce,5,s_nm1,addition,adamw,97,256,3,quadratic,1.0,0,1000,5000,0.3,123,20,5,50000,1.0,target,0.5,0.0,fedavg,1.0,0.0,0.001,20,5000,10000,100,0.0,0.001,1.0,85.0,inf,inf,inf,inf,inf,0,0.7142857182770967,1.111111044883728,4.675925895571709,nan,False,True,250000.0,13088.8,True,512,0.01,4,False,True
fede_8dd9c8cda8fa,federated,T3b,partitions,exp3b,,,C,,,s5,transformer,ce,5,s_nm1,addition,adamw,97,256,3,quadratic,1.0,0,1000,5000,0.4,42,50,5,40000,1.0,dirichlet,0.5,0.0,fedavg,1.0,0.0,0.001,20,4000,10000,100,0.0,0.001,1.0,85.0,inf,46500.0,20400.0,inf,inf,1533,71.24999761581421,81.51041865348816,94.07986402511597,nan,False,True,200000.0,26195.1,True,512,0.01,4,False,True
fede_8e772f35b520,federated,S2,fl_probe,probe,,,E,,,mnist,mlp,mse,5,s_nm1,addition,adamw,97,200,3,quadratic,9.0,200,4000,5000,0.5,42,10,5,2000,1.0,label_block,0.5,0.0,fedavg,1.0,0.0,0.001,20,0,10000,100,0.0,0.001,0.1,90.0,inf,inf,1600.0,inf,inf,0,69.79999542236328,74.72500205039978,83.65000486373901,nan,False,True,10000.0,370.1,False,512,0.01,4,False,True
fede_8f32a6d6086a,federated,T2,aggregation,exp2,,,D,fl,,s5,groknet,ce,5,s_nm1,addition,adamw,97,256,3,quadratic,1.0,0,1000,5000,0.3,123,20,5,50000,1.0,iid,0.5,0.0,fedavg,1.0,0.0,0.001,20,5000,10000,100,0.0,0.001,1.0,85.0,100100.0,94300.0,30700.0,13300.0,86800.0,55,88.7599229812622,100.0,100.0,nan,True,False,250000.0,11608.6,True,512,0.01,4,False,True
fede_8f3738555d88,federated,X,e50_long,exp_e,,,D,,,s5,groknet,ce,5,s_nm1,addition,adamw,97,256,3,quadratic,1.0,0,1000,5000,0.3,456,10,50,40000,1.0,iid,0.5,0.0,fedavg,1.0,0.0,0.001,10,4000,10000,100,0.0,0.001,1.0,85.0,inf,inf,29000.0,3000.0,inf,0,82.59920477867126,100.0,100.0,nan,False,True,2000000.0,16180.3,True,512,0.01,4,False,True
fede_8f3924227fac,federated,T1,setup_k_ladder,replication,,,E,,,mnist,mlp,mse,5,s_nm1,addition,adamw,97,200,3,quadratic,9.0,100,2000,5000,0.5,456,10,5,4000,1.0,iid,0.5,0.0,fedavg,1.0,0.0,0.001,20,400,10000,100,0.0,0.001,0.1,90.0,5200.0,5200.0,900.0,600.0,4600.0,0,93.73999834060669,100.0,100.0,nan,True,False,20000.0,766.2,True,512,0.01,4,False,True
fede_908817d3cf91,federated,T2,aggregation,exp2,,,C,fl,,s5,transformer,ce,5,s_nm1,addition,adamw,97,256,3,quadratic,1.0,0,1000,5000,0.4,42,10,5,40000,1.0,iid,0.5,0.0,fedavg,1.0,0.0,0.001,20,4000,10000,100,0.0,0.001,1.0,85.0,14800.0,14800.0,14600.0,2800.0,12000.0,0,100.0,100.0,100.0,nan,True,False,200000.0,11727.1,True,512,0.01,4,False,True
fede_9092ddc824d3,federated,S2,fl_probe,probe,,,C,,,s5,transformer,ce,5,s_nm1,addition,adamw,97,128,3,quadratic,1.0,0,1000,5000,0.5,456,10,5,2000,1.0,iid,0.5,0.0,fedavg,1.0,0.0,0.001,20,0,10000,100,0.0,0.001,1.0,85.0,inf,inf,inf,inf,inf,0,3.166666626930237,94.9583351612091,94.9583351612091,nan,False,True,10000.0,433.8,False,512,0.01,4,False,True
fede_9135cf8864e8,federated,T3a,dirichlet_setups,exp3a,,,D,,,s5,groknet,ce,5,s_nm1,addition,adamw,97,256,3,quadratic,1.0,0,1000,5000,0.3,456,10,5,50000,1.0,dirichlet,0.01,0.0,fedavg,1.0,0.0,0.001,20,5000,10000,100,0.0,0.001,1.0,85.0,inf,inf,inf,inf,inf,0,1.1607143096625805,4.768518358469009,5.000000074505806,nan,False,True,250000.0,9843.1,True,512,0.01,4,False,True
fede_91f8fae737ea,federated,T5,participation_setups,exp4b,,,E,,,mnist,mlp,mse,5,s_nm1,addition,adamw,97,200,3,quadratic,9.0,100,2000,5000,0.5,456,20,5,32000,0.25,iid,0.5,0.0,fedavg,1.0,0.0,0.001,80,3200,10000,100,0.0,0.001,0.1,90.0,inf,3300.0,300.0,500.0,inf,307,71.55999541282654,98.95000457763672,100.0,nan,False,True,40000.0,4759.3,True,512,0.01,4,False,True
fede_924f93c2a6db,federated,S2,fl_probe,probe,,,D,,,s5,groknet,ce,5,s_nm1,addition,adamw,97,256,3,quadratic,1.0,0,1000,5000,0.5,456,10,5,2000,1.0,operand,0.5,0.0,fedavg,1.0,0.0,0.001,20,0,10000,100,0.0,0.001,1.0,85.0,inf,inf,inf,inf,inf,0,12.125000357627869,95.54166793823242,95.54166793823242,nan,False,True,10000.0,361.0,False,512,0.01,4,False,True
fede_92c834afaaf3,federated,T3a,dirichlet_setups,exp3a,,,E,,,mnist,mlp,mse,5,s_nm1,addition,adamw,97,200,3,quadratic,9.0,100,2000,5000,0.5,123,10,5,8000,1.0,dirichlet,1.0,0.0,fedavg,1.0,0.0,0.001,20,800,10000,100,0.0,0.001,0.1,90.0,inf,3600.0,700.0,600.0,inf,192,79.5199990272522,99.9000072479248,100.0,nan,False,True,40000.0,1836.4,True,512,0.01,4,False,True
fede_94a174fc74fd,federated,T2,aggregation,exp2,,,E,fl,,mnist,mlp,mse,5,s_nm1,addition,adamw,97,200,3,quadratic,9.0,100,2000,5000,0.5,42,2,5,8000,1.0,iid,0.5,0.0,fedavg,1.0,0.0,0.001,20,800,10000,100,0.0,0.001,0.1,90.0,inf,1100.0,200.0,100.0,inf,311,83.03999900817871,100.0,100.0,nan,False,True,40000.0,1671.0,True,512,0.01,4,False,True
fede_94fa855c9426,federated,T2,aggregation,exp2,,,E,fl,,mnist,mlp,mse,5,s_nm1,addition,adamw,97,200,3,quadratic,9.0,100,2000,5000,0.5,123,2,5,8000,1.0,iid,0.5,0.0,fedavg,1.0,0.0,0.001,20,800,10000,100,0.0,0.001,0.1,90.0,inf,1100.0,200.0,200.0,inf,370,79.73999977111816,99.70000386238098,100.0,nan,False,True,40000.0,1698.0,True,512,0.01,4,False,True
fede_964d7b4acd0d,federated,T2,aggregation,exp2,,,D,fl,,s5,groknet,ce,5,s_nm1,addition,adamw,97,256,3,quadratic,1.0,0,1000,5000,0.3,456,50,5,50000,1.0,iid,0.5,0.0,fedavg,1.0,0.0,0.001,20,5000,10000,100,0.0,0.001,1.0,85.0,inf,inf,inf,inf,inf,0,31.904762983322144,76.99074149131775,77.17592716217041,nan,False,True,250000.0,23006.0,True,512,0.01,4,False,True
fede_998b7e2a8ddd,federated,T3b,partitions,exp3b,,,C,,,s5,transformer,ce,5,s_nm1,addition,adamw,97,256,3,quadratic,1.0,0,1000,5000,0.4,123,50,5,40000,1.0,dirichlet,0.5,0.0,fedavg,1.0,0.0,0.001,20,4000,10000,100,0.0,0.001,1.0,85.0,inf,inf,inf,inf,inf,0,18.090277910232544,43.90625059604645,47.013890743255615,nan,False,True,200000.0,26119.4,True,512,0.01,4,False,True
fede_99998fa7e556,federated,T3b,partitions,exp3b,,,D,,,s5,groknet,ce,5,s_nm1,addition,adamw,97,256,3,quadratic,1.0,0,1000,5000,0.3,456,5,5,50000,1.0,coset,0.5,0.0,fedavg,1.0,0.0,0.001,20,5000,10000,100,0.0,0.001,1.0,85.0,inf,inf,53900.0,3700.0,inf,0,71.25992178916931,100.0,100.0,nan,False,True,250000.0,7355.8,True,512,0.01,4,False,True
fede_99aa581ec6e1,federated,T3a,dirichlet_setups,exp3a,,,C,,,s5,transformer,ce,5,s_nm1,addition,adamw,97,256,3,quadratic,1.0,0,1000,5000,0.4,123,10,5,40000,1.0,dirichlet,0.01,0.0,fedavg,1.0,0.0,0.001,20,4000,10000,100,0.0,0.001,1.0,85.0,inf,inf,12700.0,inf,inf,0,51.273149251937866,56.44097328186035,67.84722208976746,nan,False,True,200000.0,15189.7,True,512,0.01,4,False,True
fede_9a03ff168a01,federated,S2b,mnist_fl,gate_a,,,E,,,mnist,mlp,mse,5,s_nm1,addition,adamw,97,200,3,quadratic,9.0,100,2000,5000,0.5,42,10,5,4000,1.0,label_block,0.5,0.0,fedavg,1.0,0.0,0.001,20,0,10000,100,0.0,0.001,0.1,90.0,inf,inf,2800.0,inf,inf,0,44.57999765872955,50.90000033378601,91.80000424385071,nan,False,True,20000.0,738.7,False,512,0.01,4,False,True
fede_9b139f4cd2d1,federated,T1,setup_k_ladder,replication,,,C,,,s5,transformer,ce,5,s_nm1,addition,adamw,97,256,3,quadratic,1.0,0,1000,5000,0.5,123,5,5,40000,1.0,iid,0.5,0.0,fedavg,1.0,0.0,0.001,20,4000,10000,100,0.0,0.001,1.0,85.0,7400.0,7400.0,7100.0,1200.0,6200.0,0,100.0,100.0,100.0,nan,True,False,200000.0,8471.4,True,512,0.01,4,False,True
fede_9b87b004e8d2,federated,T3b,partitions,exp3b,,,D,,,s5,groknet,ce,5,s_nm1,addition,adamw,97,256,3,quadratic,1.0,0,1000,5000,0.3,42,20,5,50000,1.0,dirichlet,0.5,0.0,fedavg,1.0,0.0,0.001,20,5000,10000,100,0.0,0.001,1.0,85.0,223100.0,192400.0,44900.0,38600.0,184500.0,108,85.98214387893677,99.97684955596924,100.0,nan,True,False,250000.0,12972.3,True,512,0.01,4,False,True
fede_9c16219990c6,federated,T3b,partitions,exp3b,,,E,,,mnist,mlp,mse,5,s_nm1,addition,adamw,97,200,3,quadratic,9.0,100,2000,5000,0.5,456,20,5,8000,1.0,dirichlet,0.5,0.0,fedavg,1.0,0.0,0.001,20,800,10000,100,0.0,0.001,0.1,90.0,6300.0,6300.0,1400.0,1400.0,4900.0,0,93.73999834060669,100.0,100.0,nan,True,False,40000.0,2405.5,True,512,0.01,4,False,True
fede_9d011711aabb,federated,S2,fl_probe,probe,,,C,,,s5,transformer,ce,5,s_nm1,addition,adamw,97,128,3,quadratic,1.0,0,1000,5000,0.5,123,10,5,2000,1.0,iid,0.5,0.0,fedavg,1.0,0.0,0.001,20,0,10000,100,0.0,0.001,1.0,85.0,5100.0,5100.0,4900.0,4800.0,300.0,0,100.0,100.0,100.0,nan,True,False,10000.0,432.6,False,512,0.01,4,False,True
fede_9df5ff36ccf9,federated,T3b,partitions,exp3b,,,C,,,s5,transformer,ce,5,s_nm1,addition,adamw,97,256,3,quadratic,1.0,0,1000,5000,0.4,456,50,5,40000,1.0,target,0.5,0.0,fedavg,1.0,0.0,0.001,20,4000,10000,100,0.0,0.001,1.0,85.0,inf,inf,inf,inf,inf,0,0.8217592723667622,0.850694440305233,1.64930559694767,nan,False,True,200000.0,30302.2,True,512,0.01,4,False,True
fede_9fa1b4078c7a,federated,T2,aggregation_alpha2,exp2,,,E,fl,,mnist,mlp,mse,5,s_nm1,addition,adamw,97,200,3,quadratic,9.0,100,4000,5000,0.5,456,20,5,8000,1.0,iid,0.5,0.0,fedavg,1.0,0.0,0.001,20,800,10000,100,0.0,0.001,0.1,90.0,inf,1959.75,154.25,inf,inf,269,76.81999802589417,93.60000491142273,98.17500710487366,nan,False,True,11878.75,1881.8,True,512,0.01,4,False,True
fede_a075cc3125ce,federated,T5,local_epochs,exp_e,,,C,,,s5,transformer,ce,5,s_nm1,addition,adamw,97,256,3,quadratic,1.0,0,1000,5000,0.5,456,10,10,20000,1.0,iid,0.5,0.0,fedavg,1.0,0.0,0.001,10,2000,10000,100,0.0,0.001,1.0,85.0,5400.0,5400.0,5200.0,4700.0,700.0,0,100.0,100.0,100.0,nan,True,False,200000.0,9313.4,True,512,0.01,4,False,True
fede_a2d499b16be6,federated,T5,local_epochs,exp_e,,,E,,,mnist,mlp,mse,5,s_nm1,addition,adamw,97,200,3,quadratic,9.0,100,2000,5000,0.5,456,10,10,2000,1.0,iid,0.5,0.0,fedavg,1.0,0.0,0.001,10,200,10000,100,0.0,0.001,0.1,90.0,5100.0,5100.0,900.0,800.0,4300.0,0,93.03999543190002,100.0,100.0,nan,True,False,20000.0,849.4,True,512,0.01,4,False,True
fede_a43b80e43f3d,federated,S2b,probe_rerun,gate_a,,,D,,,s5,groknet,ce,5,s_nm1,addition,adamw,97,256,3,quadratic,1.0,0,1000,5000,0.5,123,10,5,10000,1.0,operand,0.5,0.0,fedavg,1.0,0.0,0.001,20,0,10000,100,0.0,0.001,1.0,85.0,inf,inf,27300.0,19200.0,inf,0,63.47222328186035,99.73611235618591,99.83333349227905,nan,False,True,50000.0,1791.8,False,512,0.01,4,False,True
fede_a4e8ae8d2bd4,federated,T3b,partitions,exp3b,,,D,,,s5,groknet,ce,5,s_nm1,addition,adamw,97,256,3,quadratic,1.0,0,1000,5000,0.3,456,20,5,50000,1.0,target,0.5,0.0,fedavg,1.0,0.0,0.001,20,5000,10000,100,0.0,0.001,1.0,85.0,inf,inf,inf,inf,inf,0,0.7142857182770967,1.111111044883728,2.847222238779068,nan,False,True,250000.0,13332.9,True,512,0.01,4,False,True
fede_a4fe6f5922a0,federated,T5,local_epochs,exp_e,,,E,,,mnist,mlp,mse,5,s_nm1,addition,adamw,97,200,3,quadratic,9.0,100,2000,5000,0.5,42,10,50,400,1.0,iid,0.5,0.0,fedavg,1.0,0.0,0.001,2,40,10000,100,0.0,0.001,0.1,90.0,4900.0,4900.0,1600.0,1800.0,3100.0,0,94.65999603271484,100.0,100.0,nan,True,False,20000.0,431.4,True,512,0.01,4,False,True
fede_a53a1181c5dc,federated,T3a,dirichlet_setups,exp3a,,,E,,,mnist,mlp,mse,5,s_nm1,addition,adamw,97,200,3,quadratic,9.0,100,2000,5000,0.5,456,10,5,8000,1.0,dirichlet,0.1,0.0,fedavg,1.0,0.0,0.001,20,800,10000,100,0.0,0.001,0.1,90.0,3700.0,3700.0,800.0,1100.0,2600.0,0,90.57999849319458,99.85000491142273,100.0,nan,True,False,40000.0,1770.6,True,512,0.01,4,False,True
fede_a5d0e485c461,federated,S2,fl_probe,probe,,,D,,,s5,groknet,ce,5,s_nm1,addition,adamw,97,256,3,quadratic,1.0,0,1000,5000,0.5,42,10,5,2000,1.0,iid,0.5,0.0,fedavg,1.0,0.0,0.001,20,0,10000,100,0.0,0.001,1.0,85.0,5000.0,5000.0,3500.0,2200.0,2800.0,0,99.52778220176697,100.0,100.0,nan,True,False,10000.0,331.1,False,512,0.01,4,False,True
fede_a5d272b881aa,federated,T1,setup_k_ladder,replication,,,D,,,s5,groknet,ce,5,s_nm1,addition,adamw,97,256,3,quadratic,1.0,0,1000,5000,0.3,456,20,5,20000,1.0,iid,0.5,0.0,fedavg,1.0,0.0,0.001,20,2000,10000,100,0.0,0.001,1.0,85.0,97500.0,95600.0,32100.0,15300.0,82200.0,12,85.51587462425232,100.0,100.0,nan,True,False,100000.0,4555.1,True,512,0.01,4,False,True
fede_a634daaf1de3,federated,T2,aggregation,exp2,,,C,fl,,s5,transformer,ce,5,s_nm1,addition,adamw,97,256,3,quadratic,1.0,0,1000,5000,0.4,42,20,5,40000,1.0,iid,0.5,0.0,fedavg,1.0,0.0,0.001,20,4000,10000,100,0.0,0.001,1.0,85.0,21000.0,21000.0,20500.0,16900.0,4100.0,0,100.0,100.0,100.0,nan,True,False,200000.0,14978.7,True,512,0.01,4,False,True
fede_a6640dbc6f06,federated,S2,fl_probe,probe,,,E,,,mnist,mlp,mse,5,s_nm1,addition,adamw,97,200,3,quadratic,9.0,200,4000,5000,0.5,123,50,5,2000,1.0,iid,0.5,0.0,fedavg,1.0,0.0,0.001,20,0,10000,100,0.0,0.001,0.1,90.0,inf,inf,600.0,inf,inf,0,84.79999899864197,97.20000624656677,97.20000624656677,nan,False,True,10000.0,872.9,False,512,0.01,4,False,True
fede_a6c997e25a0b,federated,S2b,mnist_fl,gate_a,,,E,,,mnist,mlp,mse,5,s_nm1,addition,adamw,97,200,3,quadratic,9.0,50,2000,5000,0.5,42,5,5,4000,1.0,iid,0.5,0.0,fedavg,1.0,0.0,0.001,20,0,10000,100,0.0,0.001,0.1,90.0,inf,1100.0,200.0,200.0,inf,142,82.33999609947205,99.85000491142273,100.0,nan,False,True,20000.0,778.0,False,512,0.01,4,False,True
fede_a7676d34dea3,federated,T3b,partitions,exp3b,,,D,,,s5,groknet,ce,5,s_nm1,addition,adamw,97,256,3,quadratic,1.0,0,1000,5000,0.3,456,10,5,50000,1.0,target,0.5,0.0,fedavg,1.0,0.0,0.001,20,5000,10000,100,0.0,0.001,1.0,85.0,inf,inf,inf,inf,inf,0,0.7738095242530107,1.041666604578495,4.189814627170563,nan,False,True,250000.0,9975.5,True,512,0.01,4,False,True
fede_a7e28c4b9c37,federated,S2,grok_confirm_fl,probe,,,D,,,s5,groknet,ce,5,s_nm1,addition,adamw,97,256,3,quadratic,1.0,0,1000,5000,0.5,42,5,5,6000,1.0,iid,0.5,0.0,fedavg,1.0,0.0,0.001,10,0,10000,100,0.0,0.001,1.0,85.0,3950.0,3950.0,2800.0,1350.0,2600.0,0,99.97222423553467,100.0,100.0,nan,True,False,30000.0,906.1,,,,,,
fede_aa7d3c44149b,federated,S2b,probe_rerun,gate_a,,,D,,,s5,groknet,ce,5,s_nm1,addition,adamw,97,256,3,quadratic,1.0,0,1000,5000,0.5,42,10,5,10000,1.0,operand,0.5,0.0,fedavg,1.0,0.0,0.001,20,0,10000,100,0.0,0.001,1.0,85.0,inf,inf,26500.0,17400.0,inf,0,61.569446325302124,99.76389408111572,99.83333349227905,nan,False,True,50000.0,1707.7,False,512,0.01,4,False,True
fede_aaf52a9b1e33,federated,T5,participation_setups,exp4b,,,C,,,s5,transformer,ce,5,s_nm1,addition,adamw,97,256,3,quadratic,1.0,0,1000,5000,0.5,42,20,5,80000,0.5,iid,0.5,0.0,fedavg,1.0,0.0,0.001,40,8000,10000,100,0.0,0.001,1.0,85.0,4000.0,4000.0,4000.0,3900.0,100.0,0,100.0,100.0,100.0,nan,True,False,200000.0,19993.9,True,512,0.01,4,False,True
fede_aba6f53c4e77,federated,T3b,partitions,exp3b,,,D,,,s5,groknet,ce,5,s_nm1,addition,adamw,97,256,3,quadratic,1.0,0,1000,5000,0.3,42,5,5,50000,1.0,coset,0.5,0.0,fedavg,1.0,0.0,0.001,20,5000,10000,100,0.0,0.001,1.0,85.0,inf,inf,61500.0,3100.0,inf,0,70.75396776199341,100.0,100.0,nan,False,True,250000.0,7956.2,True,512,0.01,4,False,True
fede_ac36e996c71d,federated,T5,local_epochs,exp_e,,,D,,,s5,groknet,ce,5,s_nm1,addition,adamw,97,256,3,quadratic,1.0,0,1000,5000,0.3,42,10,25,10000,1.0,iid,0.5,0.0,fedavg,1.0,0.0,0.001,4,1000,10000,100,0.0,0.001,1.0,85.0,218400.0,128800.0,25700.0,3300.0,215100.0,662,86.08134984970093,100.0,100.0,nan,True,False,250000.0,5905.2,True,512,0.01,4,False,True
fede_addition_009ba0f87f0f,federated,T2,aggregation,exp2,,,A',fl,,modular,groknet,mse,5,s_nm1,addition,adamw,97,256,3,quadratic,1.0,0,1000,5000,0.2,123,20,5,20000,1.0,iid,0.5,0.0,fedavg,1.0,0.0,0.001,20,2000,10000,100,0.0,0.001,0.1,95.0,53400.0,53400.0,44300.0,2300.0,51100.0,0,100.0,100.0,100.0,0.28793054819107056,True,False,100000.0,3958.7,True,512,0.01,4,False,True
fede_addition_00e47a164a52,federated,S2,adam_restart,probe,,,B,,,modular,transformer,ce,5,s_nm1,addition,adamw,113,128,3,quadratic,1.0,0,1000,5000,0.3,42,10,50,2000,1.0,iid,0.5,0.0,fedavg,1.0,0.0,0.001,20,0,10000,100,0.0,0.001,1.0,95.0,78000.0,78000.0,13000.0,79000.0,-1000.0,0,98.10941219329834,99.45169687271118,99.5039165019989,nan,True,False,100000.0,972.1,False,512,0.01,4,False,True
fede_addition_010087acef8d,federated,T3b,partitions,exp3b,,,A,,,modular,groknet,mse,5,s_nm1,addition,gd,97,256,3,quadratic,1.0,0,1000,5000,0.3,123,10,5,10000,1.0,dirichlet,0.5,0.0,fedavg,1.0,0.0,0.001,20,1000,10000,100,0.0,50.0,0.0,95.0,13000.0,13000.0,10900.0,3700.0,9300.0,0,100.0,100.0,100.0,0.4213516116142273,True,False,50000.0,2361.5,True,512,0.01,4,False,True
fede_addition_0166a6f61a15,federated,T3,algorithms,algo,H1,scaffold,,,,modular,groknet,mse,5,s_nm1,addition,gd,97,256,3,quadratic,1.0,0,1000,5000,0.25,1011,10,25,10000,1.0,iid,0.5,0.0,scaffold,1.0,0.0,0.001,20,0,10000,100,0.0,50.0,0.0,95.0,4500.0,4500.0,3500.0,1000.0,3500.0,0,99.71659779548645,100.0,100.0,0.4840831160545349,True,False,250000.0,2769.1,False,512,0.01,4,False,True
fede_addition_01cd398ba402,federated,T4b,participation,exp4b,,,A,,,modular,groknet,mse,5,s_nm1,addition,gd,97,256,3,quadratic,1.0,0,1000,5000,0.25,123,50,5,33400,0.6,iid,0.5,0.0,fedavg,1.0,0.0,0.001,20,1670,10000,100,0.0,50.0,0.0,95.0,25920.076530615646,25920.076530615646,19560.15306122481,2040.0318877551042,23880.044642860543,0,99.98583197593689,100.0,100.0,0.428409606218338,True,False,100199.87244893494,8425.1,True,512,0.01,4,False,True
fede_addition_01ff7f831825,federated,T2,boundary,boundary,,,,,,modular,groknet,mse,5,s_nm1,addition,gd,97,256,3,quadratic,1.0,0,1000,5000,0.25,456,97,5,20000,1.0,operand,0.5,0.0,fedavg,1.0,0.0,0.001,20,1000,10000,100,0.0,50.0,0.0,95.0,77500.0,77300.0,58400.0,17300.0,60200.0,1,100.0,100.0,100.0,0.24446137249469757,True,False,100000.0,14909.8,True,512,0.01,4,False,True
fede_addition_02167f9caf36,federated,T2,aggregation,exp2,,,A',fl,,modular,groknet,mse,5,s_nm1,addition,adamw,97,256,3,quadratic,1.0,0,1000,5000,0.2,456,20,5,20000,1.0,iid,0.5,0.0,fedavg,1.0,0.0,0.001,20,2000,10000,100,0.0,0.001,0.1,95.0,60900.0,60900.0,51500.0,2300.0,58600.0,0,100.0,100.0,100.0,0.28263360261917114,True,False,100000.0,3978.8,True,512,0.01,4,False,True
fede_addition_02bb07889557,federated,T3,algorithms,algo,H1,fedavgm,,,,modular,groknet,mse,5,s_nm1,addition,gd,97,256,3,quadratic,1.0,0,1000,5000,0.25,1011,10,25,10000,1.0,iid,0.5,0.0,fedavgm,1.0,0.9,0.001,20,0,10000,100,0.0,50.0,0.0,95.0,8000.0,8000.0,6000.0,1000.0,7000.0,0,99.2206335067749,100.0,100.0,0.43590906262397766,True,False,250000.0,2240.3,False,512,0.01,4,False,True
fede_addition_0316465393ac,federated,T3,algorithms,algo,H3,fedyogi,,,,modular,groknet,mse,5,s_nm1,addition,gd,97,256,3,quadratic,1.0,0,1000,5000,0.3,456,10,50,10000,1.0,dirichlet,0.1,0.0,fedyogi,0.1,0.0,0.001,20,0,10000,100,0.0,50.0,0.0,95.0,3000.0,3000.0,2000.0,2000.0,1000.0,0,100.0,100.0,100.0,0.4713132381439209,True,False,500000.0,2586.4,False,512,0.01,4,False,True
fede_addition_031885d33bac,federated,S2b,k50_hparam,gate_a,,,B,,,modular,transformer,ce,5,s_nm1,addition,adamw,113,128,3,quadratic,1.0,0,1000,5000,0.3,42,50,5,2000,1.0,iid,0.5,0.0,fedavg,1.0,0.0,0.001,20,0,10000,100,0.0,0.0001,1.0,95.0,inf,inf,inf,inf,inf,0,0.13424321077764034,4.621409997344017,5.718015506863594,nan,False,True,10000.0,1458.7,False,512,0.01,4,False,True
fede_addition_03fac72f69ac,federated,T3a,dirichlet_setups,exp3a,,,A,,,modular,groknet,mse,5,s_nm1,addition,gd,97,256,3,quadratic,1.0,0,1000,5000,0.3,123,10,5,10000,1.0,dirichlet,0.1,0.0,fedavg,1.0,0.0,0.001,20,1000,10000,100,0.0,50.0,0.0,95.0,13300.0,13300.0,11200.0,3600.0,9700.0,0,100.0,100.0,100.0,0.3931155800819397,True,False,50000.0,1495.0,True,512,0.01,4,False,True
fede_addition_05c15fe5190a,federated,T3a,dirichlet_setups,exp3a,,,A,,,modular,groknet,mse,5,s_nm1,addition,gd,97,256,3,quadratic,1.0,0,1000,5000,0.3,42,10,5,10000,1.0,dirichlet,1.0,0.0,fedavg,1.0,0.0,0.001,20,1000,10000,100,0.0,50.0,0.0,95.0,12900.0,12900.0,10900.0,3700.0,9200.0,0,100.0,100.0,100.0,0.41303086280822754,True,False,50000.0,1503.5,True,512,0.01,4,False,True
fede_addition_05d53f6a9a1f,federated,T4b,participation,exp4b,,,A,,,modular,groknet,mse,5,s_nm1,addition,gd,97,256,3,quadratic,1.0,0,1000,5000,0.25,42,50,5,100000,0.2,iid,0.5,0.0,fedavg,1.0,0.0,0.001,20,5000,10000,100,0.0,50.0,0.0,95.0,7700.008503401997,7700.008503401997,5759.955357143138,699.9681122448994,7000.0403911570975,0,99.85829591751099,100.0,100.0,0.42379361391067505,True,False,99999.40688793358,15801.1,True,512,0.01,4,False,True
fede_addition_060271fd1e31,federated,S2b,k50_hparam,gate_a,,,B,,,modular,transformer,ce,5,s_nm1,addition,adamw,113,128,3,quadratic,1.0,0,1000,5000,0.3,42,50,5,2000,1.0,iid,0.5,0.0,fedavg,1.0,0.0,0.001,20,0,10000,100,0.0,0.0003,1.0,95.0,inf,inf,inf,inf,inf,0,0.2684864215552807,3.4203656017780304,3.7336815148591995,nan,False,True,10000.0,1439.0,False,512,0.01,4,False,True
fede_addition_0688b9000034,federated,T3a,size_control,exp3a,,,A,,,modular,groknet,mse,5,s_nm1,addition,gd,97,256,3,quadratic,1.0,0,1000,5000,0.25,456,20,5,20000,1.0,dirichlet_sizes,0.01,0.0,fedavg,1.0,0.0,0.001,20,1000,10000,100,0.0,50.0,0.0,95.0,32100.0,32100.0,24500.0,3200.0,28900.0,0,100.0,100.0,100.0,0.40391454100608826,True,False,100000.0,3669.4,True,512,0.01,4,False,True
fede_addition_06e443fbf917,federated,T3b,partitions,exp3b,,,B,,,modular,transformer,ce,5,s_nm1,addition,adamw,113,128,3,quadratic,1.0,0,1000,5000,0.3,456,20,5,20000,1.0,target,0.5,0.0,fedavg,1.0,0.0,0.001,20,2000,10000,100,0.0,0.001,1.0,95.0,inf,inf,inf,inf,inf,0,1.0963195003569126,1.1488250456750393,6.814621388912201,nan,False,True,100000.0,7170.8,True,512,0.01,4,False,True
fede_addition_0708fe67a351,federated,P1,k_collapse_wd,diagnosis,,,B,,,modular,transformer,ce,5,s_nm1,addition,adamw,113,128,3,quadratic,1.0,0,1000,5000,0.3,123,20,5,2000,1.0,iid,0.5,0.0,fedavg,1.0,0.0,0.001,20,0,10000,100,0.0,0.001,1.0,95.0,inf,inf,inf,inf,inf,0,7.271507382392883,41.80156588554382,44.882506132125854,nan,False,True,10000.0,867.7,False,512,0.01,4,False,True
fede_addition_071a2267eda8,federated,T3a,dirichlet_band,exp3a,,,A,,,modular,groknet,mse,5,s_nm1,addition,gd,97,256,3,quadratic,1.0,0,1000,5000,0.25,123,20,5,20000,1.0,dirichlet,0.01,0.0,fedavg,1.0,0.0,0.001,20,1000,10000,100,0.0,50.0,0.0,95.0,49800.0,49800.0,36900.0,3100.0,46700.0,0,100.0,100.0,100.0,0.3434843420982361,True,False,100000.0,4334.9,True,512,0.01,4,False,True
fede_addition_07ae17402e14,federated,T5,local_epochs,exp_e,,,B,,,modular,transformer,ce,5,s_nm1,addition,adamw,113,128,3,quadratic,1.0,0,1000,5000,0.3,42,10,50,4000,1.0,iid,0.5,0.0,fedavg,1.0,0.0,0.001,2,400,10000,100,0.0,0.001,0.1,95.0,72500.0,72500.0,67500.0,12800.0,59700.0,0,99.98881816864014,100.0,100.0,nan,True,False,200000.0,4935.1,True,512,0.01,4,False,True
fede_addition_087a6fb902f6,federated,T3,server_lr_cal,cal,,fedyogi,,,,modular,groknet,mse,5,s_nm1,addition,gd,97,256,3,quadratic,1.0,0,1000,5000,0.3,123,10,5,10000,1.0,dirichlet,0.1,0.0,fedyogi,0.3,0.0,0.001,20,0,10000,100,0.0,50.0,0.0,95.0,inf,inf,inf,inf,inf,0,0.9867921471595764,1.1339475400745869,14.209780097007751,nan,False,True,50000.0,1521.8,False,512,0.01,4,False,True
fede_addition_090f11862d00,federated,T2,boundary,boundary,,,,,,modular,groknet,mse,5,s_nm1,addition,gd,97,256,3,quadratic,1.0,0,1000,5000,0.25,789,20,5,20000,1.0,iid,0.5,0.0,fedavg,1.0,0.0,0.001,20,1000,10000,100,0.0,50.0,0.0,95.0,28700.0,28700.0,22200.0,3100.0,25600.0,0,100.0,100.0,100.0,0.4302225708961487,True,False,100000.0,3800.3,True,512,0.01,4,False,True
fede_addition_09d13f9f41c8,federated,T1,setup_k_ladder,replication,,,B,,,modular,transformer,ce,5,s_nm1,addition,adamw,113,128,3,quadratic,1.0,0,1000,5000,0.3,42,10,5,20000,1.0,iid,0.5,0.0,fedavg,1.0,0.0,0.001,20,2000,10000,100,0.0,0.001,0.1,95.0,77200.0,77200.0,73100.0,1400.0,75800.0,0,100.0,100.0,100.0,nan,True,False,100000.0,4155.9,True,512,0.01,4,False,True
fede_addition_0a0ad5c8e9c3,federated,T3a,dirichlet_setups,exp3a,,,B,,,modular,transformer,ce,5,s_nm1,addition,adamw,113,128,3,quadratic,1.0,0,1000,5000,0.3,42,10,5,20000,1.0,dirichlet,0.01,0.0,fedavg,1.0,0.0,0.001,20,2000,10000,100,0.0,0.001,1.0,95.0,inf,inf,inf,inf,inf,0,31.368163228034973,34.281983971595764,39.32114839553833,nan,False,True,100000.0,6389.4,True,512,0.01,4,False,True
fede_addition_0a4513529b82,federated,T3,algorithms,algo,H2,fedprox,,,,modular,groknet,mse,5,s_nm1,addition,gd,97,256,3,quadratic,1.0,0,1000,5000,0.25,42,10,25,10000,1.0,dirichlet,0.1,0.01,fedprox,1.0,0.0,0.001,20,0,10000,100,0.0,50.0,0.0,95.0,inf,inf,inf,36500.0,inf,0,41.66076183319092,100.0,100.0,0.10350953042507172,False,True,250000.0,2323.1,False,512,0.01,4,False,True
fede_addition_0ac45350a119,federated,T3,server_lr_cal,cal,,fedavgm,,,,modular,groknet,mse,5,s_nm1,addition,gd,97,256,3,quadratic,1.0,0,1000,5000,0.3,42,10,5,10000,1.0,dirichlet,0.1,0.0,fedavgm,0.3,0.9,0.001,20,0,10000,100,0.0,50.0,0.0,95.0,5000.0,5000.0,4200.0,1300.0,3700.0,0,99.98481869697571,100.0,100.0,0.4553897976875305,True,False,50000.0,1460.9,False,512,0.01,4,False,True
fede_addition_0b8df2df0727,federated,T3a,dirichlet_band,exp3a,,,A,,,modular,groknet,mse,5,s_nm1,addition,gd,97,256,3,quadratic,1.0,0,1000,5000,0.25,123,20,5,20000,1.0,dirichlet,0.1,0.0,fedavg,1.0,0.0,0.001,20,1000,10000,100,0.0,50.0,0.0,95.0,34300.0,34300.0,26900.0,3200.0,31100.0,0,100.0,100.0,100.0,0.4048599600791931,True,False,100000.0,4328.6,True,512,0.01,4,False,True
fede_addition_0bb9e92ce30e,federated,S2,adam_restart,probe,,,B,,,modular,transformer,ce,5,s_nm1,addition,adamw,113,128,3,quadratic,1.0,0,1000,5000,0.3,42,10,50,2000,1.0,iid,0.5,0.0,fedavg,1.0,0.0,0.001,20,0,10000,100,0.0,0.001,1.0,95.0,inf,inf,9000.0,inf,inf,0,76.6416847705841,90.2872085571289,90.2872085571289,nan,False,True,100000.0,956.7,False,512,0.01,4,True,True
fede_addition_0bf1701be26d,federated,T2,aggregation,exp2,,,B,fl,,modular,transformer,ce,5,s_nm1,addition,adamw,113,128,3,quadratic,1.0,0,1000,5000,0.3,42,50,5,20000,1.0,iid,0.5,0.0,fedavg,1.0,0.0,0.001,20,2000,10000,100,0.0,0.001,1.0,95.0,inf,inf,58200.0,inf,inf,0,50.58731436729431,61.07049584388733,63.15926909446716,nan,False,True,100000.0,10989.2,True,512,0.01,4,False,True
fede_addition_0db168922c7f,federated,T2,k_fixed_total,phase,,,,,,modular,groknet,mse,5,s_nm1,addition,gd,97,256,3,quadratic,1.0,0,1000,5000,0.3,123,20,5,10000,1.0,iid,0.5,0.0,fedavg,1.0,0.0,0.001,20,0,10000,100,0.0,50.0,0.0,95.0,13300.0,13300.0,11100.0,3700.0,9600.0,0,100.0,100.0,100.0,0.4265982508659363,True,False,50000.0,1982.1,False,512,0.01,4,False,True
fede_addition_0f3406a22e03,federated,T5,local_epochs,exp_e,,,A,,,modular,groknet,mse,5,s_nm1,addition,gd,97,256,3,quadratic,1.0,0,1000,5000,0.3,456,10,25,2000,1.0,iid,0.5,0.0,fedavg,1.0,0.0,0.001,4,0,10000,100,0.0,50.0,0.0,95.0,16000.0,16000.0,13500.0,3900.0,12100.0,0,100.0,100.0,100.0,0.38190335035324097,True,False,50000.0,557.0,False,512,0.01,4,False,True
fede_addition_0fc6debcfab0,federated,T3,algorithms,algo,H2,fedavg,,,,modular,groknet,mse,5,s_nm1,addition,gd,97,256,3,quadratic,1.0,0,1000,5000,0.25,789,10,25,10000,1.0,dirichlet,0.1,0.0,fedavg,1.0,0.0,0.001,20,0,10000,100,0.0,50.0,0.0,95.0,53500.0,53500.0,41000.0,3000.0,50500.0,0,99.98583197593689,100.0,100.0,0.40660589933395386,True,False,250000.0,2130.7,False,512,0.01,4,False,True
fede_addition_10132c6086ad,federated,T1,probe,probe,,,,,,modular,groknet,mse,5,s_nm1,addition,gd,97,256,3,quadratic,1.0,0,1000,5000,0.3,456,10,5,10000,1.0,iid,0.5,0.0,fedavg,1.0,0.0,0.001,20,0,10000,100,0.0,50.0,0.0,95.0,13700.0,13700.0,11800.0,3800.0,9900.0,0,100.0,100.0,100.0,0.4092423915863037,True,False,50000.0,1488.6,False,512,0.01,4,False,True
fede_addition_104e6aba3306,federated,T3,algorithms,algo,H3,fedavg,,,,modular,groknet,mse,5,s_nm1,addition,gd,97,256,3,quadratic,1.0,0,1000,5000,0.3,1011,10,50,10000,1.0,dirichlet,0.1,0.0,fedavg,1.0,0.0,0.001,20,0,10000,100,0.0,50.0,0.0,95.0,31000.0,31000.0,23000.0,4000.0,27000.0,0,99.92409348487854,100.0,100.0,0.4168550372123718,True,False,500000.0,2753.2,False,512,0.01,4,False,True
fede_addition_10ba6567d335,federated,T3,algorithms,algo,H3,scaffold,,,,modular,groknet,mse,5,s_nm1,addition,gd,97,256,3,quadratic,1.0,0,1000,5000,0.3,456,10,50,10000,1.0,dirichlet,0.1,0.0,scaffold,1.0,0.0,0.001,20,0,10000,100,0.0,50.0,0.0,95.0,4000.0,4000.0,4000.0,3000.0,1000.0,0,100.0,100.0,100.0,0.49920183420181274,True,False,500000.0,4130.4,False,512,0.01,4,False,True
fede_addition_1122cbb427ec,federated,T3b,partitions,exp3b,,,A,,,modular,groknet,mse,5,s_nm1,addition,gd,97,256,3,quadratic,1.0,0,1000,5000,0.3,42,10,5,10000,1.0,operand,0.5,0.0,fedavg,1.0,0.0,0.001,20,1000,10000,100,0.0,50.0,0.0,95.0,12600.0,12600.0,10700.0,3700.0,8900.0,0,100.0,100.0,100.0,0.4391953945159912,True,False,50000.0,2359.6,True,512,0.01,4,False,True
fede_addition_116053bdb260,federated,T3,algorithms,algo,H2,fedprox,,,,modular,groknet,mse,5,s_nm1,addition,gd,97,256,3,quadratic,1.0,0,1000,5000,0.25,123,10,25,10000,1.0,dirichlet,0.1,0.01,fedprox,1.0,0.0,0.001,20,0,10000,100,0.0,50.0,0.0,95.0,inf,inf,inf,40000.0,inf,0,17.089414596557617,100.0,100.0,0.08211252093315125,False,True,250000.0,2349.9,False,512,0.01,4,False,True
fede_addition_11c49a251146,federated,T2,aggregation,exp2,,,A,fl,,modular,groknet,mse,5,s_nm1,addition,gd,97,256,3,quadratic,1.0,0,1000,5000,0.3,123,10,5,10000,1.0,iid,0.5,0.0,fedavg,1.0,0.0,0.001,20,1000,10000,100,0.0,50.0,0.0,95.0,12900.0,12900.0,10800.0,3700.0,9200.0,0,100.0,100.0,100.0,0.41633766889572144,True,False,50000.0,1513.7,True,512,0.01,4,False,True
fede_addition_1242500cb398,federated,T3a,size_control,exp3a,,,A,,,modular,groknet,mse,5,s_nm1,addition,gd,97,256,3,quadratic,1.0,0,1000,5000,0.25,456,20,5,20000,1.0,dirichlet_sizes,0.1,0.0,fedavg,1.0,0.0,0.001,20,1000,10000,100,0.0,50.0,0.0,95.0,33500.0,33500.0,25100.0,3200.0,30300.0,0,100.0,100.0,100.0,0.420886754989624,True,False,100000.0,3676.6,True,512,0.01,4,False,True
fede_addition_13547d65009e,federated,T3a,dirichlet_band,exp3a,,,A,,,modular,groknet,mse,5,s_nm1,addition,gd,97,256,3,quadratic,1.0,0,1000,5000,0.25,42,20,5,20000,1.0,dirichlet,1.0,0.0,fedavg,1.0,0.0,0.001,20,1000,10000,100,0.0,50.0,0.0,95.0,28100.0,28100.0,22800.0,3000.0,25100.0,0,100.0,100.0,100.0,0.4156336188316345,True,False,100000.0,4201.4,True,512,0.01,4,False,True
fede_addition_13f88358122c,federated,S2,adam_restart,probe,,,B,,,modular,transformer,ce,5,s_nm1,addition,adamw,113,128,3,quadratic,1.0,0,1000,5000,0.3,123,10,5,2000,1.0,iid,0.5,0.0,fedavg,1.0,0.0,0.001,20,0,10000,100,0.0,0.001,1.0,95.0,6600.0,6600.0,6100.0,5900.0,700.0,0,100.0,100.0,100.0,nan,True,False,10000.0,409.6,False,512,0.01,4,True,True
fede_addition_149763a129f3,federated,T3,algorithms,algo,H1,fedprox,,,,modular,groknet,mse,5,s_nm1,addition,gd,97,256,3,quadratic,1.0,0,1000,5000,0.25,456,10,25,10000,1.0,iid,0.5,0.01,fedprox,1.0,0.0,0.001,20,0,10000,100,0.0,50.0,0.0,95.0,inf,inf,inf,39000.0,inf,0,27.079495787620544,100.0,100.0,0.09472314268350601,False,True,250000.0,2407.7,False,512,0.01,4,False,True
fede_addition_14b466846454,federated,T2,aggregation,exp2,,,A,fl,,modular,groknet,mse,5,s_nm1,addition,gd,97,256,3,quadratic,1.0,0,1000,5000,0.3,456,50,5,10000,1.0,iid,0.5,0.0,fedavg,1.0,0.0,0.001,20,1000,10000,100,0.0,50.0,0.0,95.0,16000.0,16000.0,13400.0,3900.0,12100.0,0,100.0,100.0,100.0,0.36260712146759033,True,False,50000.0,4222.2,True,512,0.01,4,False,True
fede_addition_1514061812db,federated,T3b,partitions,exp3b,,,A',,,modular,groknet,mse,5,s_nm1,addition,adamw,97,256,3,quadratic,1.0,0,1000,5000,0.2,42,10,5,20000,1.0,operand,0.5,0.0,fedavg,1.0,0.0,0.001,20,2000,10000,100,0.0,0.001,0.1,95.0,inf,inf,94000.0,1100.0,inf,0,78.77258062362671,100.0,100.0,0.20591163635253906,False,True,100000.0,3584.7,True,512,0.01,4,False,True
fede_addition_1541ad5d4589,federated,T3,server_lr_cal,cal,,fedavgm,,,,modular,groknet,mse,5,s_nm1,addition,gd,97,256,3,quadratic,1.0,0,1000,5000,0.3,123,10,5,10000,1.0,dirichlet,0.1,0.0,fedavgm,0.1,0.9,0.001,20,0,10000,100,0.0,50.0,0.0,95.0,13800.0,13800.0,11600.0,3800.0,10000.0,0,100.0,100.0,100.0,0.3871224820613861,True,False,50000.0,1512.3,False,512,0.01,4,False,True
fede_addition_15d32c873d47,federated,T2,aggregation,exp2,,,A',fl,,modular,groknet,mse,5,s_nm1,addition,adamw,97,256,3,quadratic,1.0,0,1000,5000,0.2,42,50,5,20000,1.0,iid,0.5,0.0,fedavg,1.0,0.0,0.001,20,2000,10000,100,0.0,0.001,0.1,95.0,94100.0,94100.0,76200.0,11700.0,82400.0,0,99.44208264350891,100.0,100.0,0.19253414869308472,True,False,100000.0,8689.7,True,512,0.01,4,False,True
fede_addition_15d9c24c01e2,federated,T3a,dirichlet_band,exp3a,,,A,,,modular,groknet,mse,5,s_nm1,addition,gd,97,256,3,quadratic,1.0,0,1000,5000,0.25,456,50,5,20000,1.0,dirichlet,1.0,0.0,fedavg,1.0,0.0,0.001,20,1000,10000,100,0.0,50.0,0.0,95.0,46100.0,46100.0,33000.0,3200.0,42900.0,0,99.82995986938477,100.0,100.0,0.37447142601013184,True,False,100000.0,8347.0,True,512,0.01,4,False,True
fede_addition_16a686c0f5a0,federated,T2,k_fixed_total,phase,,,,,,modular,groknet,mse,5,s_nm1,addition,gd,97,256,3,quadratic,1.0,0,1000,5000,0.3,1011,5,5,10000,1.0,operand,0.5,0.0,fedavg,1.0,0.0,0.001,20,0,10000,100,0.0,50.0,0.0,95.0,13100.0,13100.0,11200.0,3700.0,9400.0,0,100.0,100.0,100.0,0.40194982290267944,True,False,50000.0,1324.6,False,512,0.01,4,False,True
fede_addition_1700f934fc16,federated,T2,aggregation,exp2,,,A,fl,,modular,groknet,mse,5,s_nm1,addition,gd,97,256,3,quadratic,1.0,0,1000,5000,0.3,42,5,5,10000,1.0,iid,0.5,0.0,fedavg,1.0,0.0,0.001,20,1000,10000,100,0.0,50.0,0.0,95.0,12700.0,12700.0,10700.0,3700.0,9000.0,0,100.0,100.0,100.0,0.41245681047439575,True,False,50000.0,1328.8,True,512,0.01,4,False,True
fede_addition_17df31877e36,federated,P1,k_collapse_wd,diagnosis,,,B,,,modular,transformer,ce,5,s_nm1,addition,adamw,113,128,3,quadratic,1.0,0,1000,5000,0.3,123,30,5,2000,1.0,iid,0.5,0.0,fedavg,1.0,0.0,0.001,20,0,10000,100,0.0,0.001,1.0,95.0,inf,inf,9000.0,inf,inf,0,82.19040632247925,93.08093786239624,93.08093786239624,nan,False,True,10000.0,1016.3,False,512,0.01,4,False,True
fede_addition_181fa1834cc1,federated,T5,local_epochs,exp_e,,,B,,,modular,transformer,ce,5,s_nm1,addition,adamw,113,128,3,quadratic,1.0,0,1000,5000,0.3,456,10,10,20000,1.0,iid,0.5,0.0,fedavg,1.0,0.0,0.001,10,2000,10000,100,0.0,0.001,0.1,95.0,64500.0,64500.0,59300.0,2500.0,62000.0,0,99.82101321220398,100.0,100.0,nan,True,False,200000.0,8573.2,True,512,0.01,4,False,True
fede_addition_1a0922f48fbe,federated,T3,algorithms,algo,H3,fedavg,,,,modular,groknet,mse,5,s_nm1,addition,gd,97,256,3,quadratic,1.0,0,1000,5000,0.3,789,10,50,10000,1.0,dirichlet,0.1,0.0,fedavg,1.0,0.0,0.001,20,0,10000,100,0.0,50.0,0.0,95.0,31000.0,31000.0,24000.0,4000.0,27000.0,0,100.0,100.0,100.0,0.4340861439704895,True,False,500000.0,2792.3,False,512,0.01,4,False,True
fede_addition_1ad698fb7dbd,federated,T3a,dirichlet_band,exp3a,,,A,,,modular,groknet,mse,5,s_nm1,addition,gd,97,256,3,quadratic,1.0,0,1000,5000,0.25,456,20,5,20000,1.0,dirichlet,0.01,0.0,fedavg,1.0,0.0,0.001,20,1000,10000,100,0.0,50.0,0.0,95.0,69900.0,69900.0,43800.0,3000.0,66900.0,0,100.0,100.0,100.0,0.24229703843593597,True,False,100000.0,4345.2,True,512,0.01,4,False,True
fede_addition_1b67bdf5b36d,federated,T1,probe,probe,,,,,,modular,groknet,mse,5,s_nm1,addition,gd,97,256,3,quadratic,1.0,0,1000,5000,0.3,456,10,1,10000,1.0,iid,0.5,0.0,fedavg,1.0,0.0,0.001,20,0,10000,100,0.0,50.0,0.0,95.0,inf,inf,inf,3840.0,inf,0,17.200545966625214,100.0,100.0,0.08214087784290314,False,True,10000.0,1407.1,False,512,0.01,4,False,True
fede_addition_1c2a7432ce0a,federated,T2,b_k20_wd_control,exp2,,,B,fl,,modular,transformer,ce,5,s_nm1,addition,adamw,113,128,3,quadratic,1.0,0,1000,5000,0.4,42,20,5,2000,1.0,iid,0.5,0.0,fedavg,1.0,0.0,0.001,20,200,10000,100,0.0,0.001,0.1,95.0,inf,inf,inf,4200.0,inf,0,0.9397024288773537,100.0,100.0,nan,False,True,10000.0,1111.2,True,512,0.01,4,False,True
fede_addition_1d2ab5f17951,federated,T1,setup_k_ladder,replication,,,B,,,modular,transformer,ce,5,s_nm1,addition,adamw,113,128,3,quadratic,1.0,0,1000,5000,0.3,456,10,5,20000,1.0,iid,0.5,0.0,fedavg,1.0,0.0,0.001,20,2000,10000,100,0.0,0.001,0.1,95.0,55200.0,55200.0,51000.0,1300.0,53900.0,0,100.0,100.0,100.0,nan,True,False,100000.0,4079.6,True,512,0.01,4,False,True
fede_addition_208ea876a5a5,federated,T3,algorithms,algo,H2,scaffold,,,,modular,groknet,mse,5,s_nm1,addition,gd,97,256,3,quadratic,1.0,0,1000,5000,0.25,123,10,25,10000,1.0,dirichlet,0.1,0.0,scaffold,1.0,0.0,0.001,20,0,10000,100,0.0,50.0,0.0,95.0,5000.0,5000.0,4500.0,1500.0,3500.0,0,99.82995986938477,100.0,100.0,0.4607102870941162,True,False,250000.0,2624.1,False,512,0.01,4,False,True
fede_addition_2091ff7c63a6,federated,T2,aggregation,exp2,,,A,fl,,modular,groknet,mse,5,s_nm1,addition,gd,97,256,3,quadratic,1.0,0,1000,5000,0.3,123,2,5,10000,1.0,iid,0.5,0.0,fedavg,1.0,0.0,0.001,20,1000,10000,100,0.0,50.0,0.0,95.0,12600.0,12600.0,10600.0,3700.0,8900.0,0,100.0,100.0,100.0,0.4336564242839813,True,False,50000.0,1233.5,True,512,0.01,4,False,True
fede_addition_213c85d9ba02,federated,T3b,partitions,exp3b,,,A',,,modular,groknet,mse,5,s_nm1,addition,adamw,97,256,3,quadratic,1.0,0,1000,5000,0.2,123,20,5,20000,1.0,dirichlet,0.5,0.0,fedavg,1.0,0.0,0.001,20,2000,10000,100,0.0,0.001,0.1,95.0,47700.0,47700.0,40000.0,5100.0,42600.0,0,100.0,100.0,100.0,0.2922016978263855,True,False,100000.0,4579.3,True,512,0.01,4,False,True
fede_addition_2211dc1bd28c,federated,T5,participation_setups,exp4b,,,B,,,modular,transformer,ce,5,s_nm1,addition,adamw,113,128,3,quadratic,1.0,0,1000,5000,0.3,456,20,5,160000,0.25,iid,0.5,0.0,fedavg,1.0,0.0,0.001,80,8000,10000,100,0.0,0.001,0.1,95.0,19099.78590078336,19099.78590078336,17099.809399477883,899.9686684073093,18199.817232376052,0,100.0,100.0,100.0,nan,True,False,200000.44386423283,26947.8,True,512,0.01,4,False,True
fede_addition_2334bffd94b6,federated,T3b,partitions,exp3b,,,A',,,modular,groknet,mse,5,s_nm1,addition,adamw,97,256,3,quadratic,1.0,0,1000,5000,0.2,456,20,5,20000,1.0,dirichlet,0.5,0.0,fedavg,1.0,0.0,0.001,20,2000,10000,100,0.0,0.001,0.1,95.0,59100.0,59100.0,48400.0,7000.0,52100.0,0,100.0,100.0,100.0,0.2795395255088806,True,False,100000.0,4638.8,True,512,0.01,4,False,True
fede_addition_25fa201fc1ff,federated,T3b,partitions,exp3b,,,A',,,modular,groknet,mse,5,s_nm1,addition,adamw,97,256,3,quadratic,1.0,0,1000,5000,0.2,456,10,5,20000,1.0,dirichlet,0.5,0.0,fedavg,1.0,0.0,0.001,20,2000,10000,100,0.0,0.001,0.1,95.0,38200.0,38200.0,31500.0,3100.0,35100.0,0,100.0,100.0,100.0,0.2989780008792877,True,False,100000.0,3462.2,True,512,0.01,4,False,True
fede_addition_26c4e04da60c,federated,S2,fl_probe,probe,,,B,,,modular,transformer,ce,5,s_nm1,addition,adamw,113,128,3,quadratic,1.0,0,1000,5000,0.3,123,50,5,2000,1.0,operand,0.5,0.0,fedavg,1.0,0.0,0.001,20,0,10000,100,0.0,0.001,1.0,95.0,inf,inf,inf,inf,inf,0,0.39154267869889736,2.193211391568184,3.159268945455551,nan,False,True,10000.0,1079.5,False,512,0.01,4,False,True
fede_addition_26cae8f858fb,federated,T4b,participation,exp4b,,,A,,,modular,groknet,mse,5,s_nm1,addition,gd,97,256,3,quadratic,1.0,0,1000,5000,0.25,456,50,5,50000,0.4,iid,0.5,0.0,fedavg,1.0,0.0,0.001,20,2500,10000,100,0.0,50.0,0.0,95.0,18680.065901360704,18680.065901360704,13880.08290816464,1320.0340136054415,17360.031887755264,0,99.94332194328308,100.0,100.0,0.4367845356464386,True,False,100000.11904768542,10576.6,True,512,0.01,4,False,True
fede_addition_27122eb48e8e,federated,T3,algorithms,algo,H3,fedadam,,,,modular,groknet,mse,5,s_nm1,addition,gd,97,256,3,quadratic,1.0,0,1000,5000,0.3,123,10,50,10000,1.0,dirichlet,0.1,0.0,fedadam,0.1,0.0,0.001,20,0,10000,100,0.0,50.0,0.0,95.0,3000.0,3000.0,2000.0,2000.0,1000.0,0,100.0,100.0,100.0,0.38583579659461975,True,False,500000.0,2761.3,False,512,0.01,4,False,True
fede_addition_271d1e69e77e,federated,S2b,k50_hparam,gate_a,,,B,,,modular,transformer,ce,5,s_nm1,addition,adamw,113,128,3,quadratic,1.0,0,1000,5000,0.3,42,50,5,2000,1.0,iid,0.5,0.0,fedavg,1.0,0.0,0.001,20,0,10000,100,0.0,0.001,0.1,95.0,inf,inf,inf,inf,inf,0,0.2572994912043214,70.15665769577026,74.80417490005493,nan,False,True,10000.0,1419.3,False,512,0.01,4,False,True
fede_addition_2781593116d4,federated,T3,algorithms,algo,H1,fedavg,,,,modular,groknet,mse,5,s_nm1,addition,gd,97,256,3,quadratic,1.0,0,1000,5000,0.25,789,10,25,10000,1.0,iid,0.5,0.0,fedavg,1.0,0.0,0.001,20,0,10000,100,0.0,50.0,0.0,95.0,43500.0,43500.0,31000.0,3500.0,40000.0,0,99.98583197593689,100.0,100.0,0.4117186963558197,True,False,250000.0,2199.0,False,512,0.01,4,False,True
fede_addition_28a5ae899f78,federated,T3a,dirichlet_setups,exp3a,,,A,,,modular,groknet,mse,5,s_nm1,addition,gd,97,256,3,quadratic,1.0,0,1000,5000,0.3,123,10,5,10000,1.0,dirichlet,0.01,0.0,fedavg,1.0,0.0,0.001,20,1000,10000,100,0.0,50.0,0.0,95.0,14000.0,14000.0,11500.0,3600.0,10400.0,0,100.0,100.0,100.0,0.3714637756347656,True,False,50000.0,1534.4,True,512,0.01,4,False,True
fede_addition_292d952f1d44,federated,S2b,probe_rerun,gate_a,,,B,,,modular,transformer,ce,5,s_nm1,addition,adamw,113,128,3,quadratic,1.0,0,1000,5000,0.3,42,10,5,10000,1.0,operand,0.5,0.0,fedavg,1.0,0.0,0.001,20,0,10000,100,0.0,0.001,1.0,95.0,38900.0,12000.0,10800.0,11900.0,27000.0,21,96.89003825187683,98.5117495059967,100.0,nan,True,False,50000.0,1995.5,False,512,0.01,4,False,True
fede_addition_295641de77fb,federated,T3,server_lr_cal,cal,,fedadam,,,,modular,groknet,mse,5,s_nm1,addition,gd,97,256,3,quadratic,1.0,0,1000,5000,0.3,123,10,5,10000,1.0,dirichlet,0.1,0.0,fedadam,1.0,0.0,0.001,20,0,10000,100,0.0,50.0,0.0,95.0,inf,inf,inf,inf,inf,0,0.9867921471595764,1.1339475400745869,1.2402551248669624,nan,False,True,50000.0,1552.7,False,512,0.01,4,False,True
fede_addition_2b17f75b9a7a,federated,P1,k_collapse_wd,diagnosis,,,B,,,modular,transformer,ce,5,s_nm1,addition,adamw,113,128,3,quadratic,1.0,0,1000,5000,0.3,456,30,5,2000,1.0,iid,0.5,0.0,fedavg,1.0,0.0,0.001,20,0,10000,100,0.0,0.001,1.0,95.0,inf,inf,inf,inf,inf,0,24.219712615013123,51.932114362716675,51.932114362716675,nan,False,True,10000.0,1003.8,False,512,0.01,4,False,True
fede_addition_2b4ed3162af6,federated,P1,k_collapse_budget,diagnosis,,,B,,,modular,transformer,ce,5,s_nm1,addition,adamw,113,128,3,quadratic,1.0,0,1000,5000,0.3,42,20,5,40000,1.0,iid,0.5,0.0,fedavg,1.0,0.0,0.001,20,2000,10000,100,0.0,0.001,0.1,95.0,98400.0,98200.0,89300.0,4100.0,94300.0,1,100.0,100.0,100.0,nan,True,False,200000.0,11934.0,True,512,0.01,4,False,True
fede_addition_2b84ba37017f,federated,T2,k_fixed_total,phase,,,,,,modular,groknet,mse,5,s_nm1,addition,gd,97,256,3,quadratic,1.0,0,1000,5000,0.3,123,50,5,10000,1.0,iid,0.5,0.0,fedavg,1.0,0.0,0.001,20,0,10000,100,0.0,50.0,0.0,95.0,14700.0,14700.0,12100.0,3700.0,11000.0,0,100.0,100.0,100.0,0.37362897396087646,True,False,50000.0,4490.1,False,512,0.01,4,False,True
fede_addition_2bc3288b0d06,federated,T2,boundary,boundary,,,,,,modular,groknet,mse,5,s_nm1,addition,gd,97,256,3,quadratic,1.0,0,1000,5000,0.25,123,97,5,20000,1.0,operand,0.5,0.0,fedavg,1.0,0.0,0.001,20,1000,10000,100,0.0,50.0,0.0,95.0,76500.0,76100.0,56400.0,23800.0,52700.0,2,99.98583197593689,100.0,100.0,0.2439976930618286,True,False,100000.0,14820.4,True,512,0.01,4,False,True
fede_addition_2c377bf2e74d,federated,T2,aggregation,exp2,,,B,fl,,modular,transformer,ce,5,s_nm1,addition,adamw,113,128,3,quadratic,1.0,0,1000,5000,0.3,456,2,5,20000,1.0,iid,0.5,0.0,fedavg,1.0,0.0,0.001,20,2000,10000,100,0.0,0.001,1.0,95.0,6300.0,6300.0,5800.0,600.0,5700.0,0,100.0,100.0,100.0,nan,True,False,100000.0,3097.1,True,512,0.01,4,False,True
fede_addition_2ceafad13909,federated,T3b,partitions,exp3b,,,B,,,modular,transformer,ce,5,s_nm1,addition,adamw,113,128,3,quadratic,1.0,0,1000,5000,0.3,456,10,5,20000,1.0,dirichlet,0.5,0.0,fedavg,1.0,0.0,0.001,20,2000,10000,100,0.0,0.001,1.0,95.0,4800.0,4800.0,3500.0,4500.0,300.0,0,99.95525479316711,100.0,100.0,nan,True,False,100000.0,5659.5,True,512,0.01,4,False,True
fede_addition_2d35f32c8c81,federated,T3,algorithms,algo,H3,fedavg,,,,modular,groknet,mse,5,s_nm1,addition,gd,97,256,3,quadratic,1.0,0,1000,5000,0.3,42,10,50,10000,1.0,dirichlet,0.1,0.0,fedavg,1.0,0.0,0.001,20,0,10000,100,0.0,50.0,0.0,95.0,29000.0,29000.0,22000.0,4000.0,25000.0,0,99.98481869697571,100.0,100.0,0.4505966305732727,True,False,500000.0,2834.1,False,512,0.01,4,False,True
fede_addition_2d82a69a0c0e,federated,T3,server_lr_cal,cal,,fedavgm,,,,modular,groknet,mse,5,s_nm1,addition,gd,97,256,3,quadratic,1.0,0,1000,5000,0.3,456,10,5,10000,1.0,dirichlet,0.1,0.0,fedavgm,1.0,0.9,0.001,20,0,10000,100,0.0,50.0,0.0,95.0,1900.0,1900.0,1700.0,600.0,1300.0,0,100.0,100.0,100.0,0.47115659713745117,True,False,50000.0,1461.5,False,512,0.01,4,False,True
fede_addition_2dadc49a7d33,federated,T3,algorithms,algo,H3,fedavgm,,,,modular,groknet,mse,5,s_nm1,addition,gd,97,256,3,quadratic,1.0,0,1000,5000,0.3,789,10,50,10000,1.0,dirichlet,0.1,0.0,fedavgm,1.0,0.9,0.001,20,0,10000,100,0.0,50.0,0.0,95.0,6000.0,6000.0,5000.0,2000.0,4000.0,0,99.98481869697571,100.0,100.0,0.43693166971206665,True,False,500000.0,2993.9,False,512,0.01,4,False,True
fede_addition_2dbab1175695,federated,T3,algorithms,algo,H1,fedavgm,,,,modular,groknet,mse,5,s_nm1,addition,gd,97,256,3,quadratic,1.0,0,1000,5000,0.25,789,10,25,10000,1.0,iid,0.5,0.0,fedavgm,1.0,0.9,0.001,20,0,10000,100,0.0,50.0,0.0,95.0,7500.0,7500.0,6000.0,1000.0,6500.0,0,99.67408180236816,100.0,100.0,0.45445311069488525,True,False,250000.0,2249.6,False,512,0.01,4,False,True
fede_addition_2de5a5041fd8,federated,T2,k_fixed_total,phase,,,,,,modular,groknet,mse,5,s_nm1,addition,gd,97,256,3,quadratic,1.0,0,1000,5000,0.3,42,5,5,10000,1.0,iid,0.5,0.0,fedavg,1.0,0.0,0.001,20,0,10000,100,0.0,50.0,0.0,95.0,12700.0,12700.0,10700.0,3700.0,9000.0,0,100.0,100.0,100.0,0.41245710849761963,True,False,50000.0,1296.6,False,512,0.01,4,False,True
fede_addition_2e2af157cd84,federated,T3,algorithms,algo,H2,fedadam,,,,modular,groknet,mse,5,s_nm1,addition,gd,97,256,3,quadratic,1.0,0,1000,5000,0.25,123,10,25,10000,1.0,dirichlet,0.1,0.0,fedadam,0.1,0.0,0.001,20,0,10000,100,0.0,50.0,0.0,95.0,3000.0,3000.0,2500.0,500.0,2500.0,0,100.0,100.0,100.0,0.4209543466567993,True,False,250000.0,2060.7,False,512,0.01,4,False,True
fede_addition_2ead102f68e8,federated,T3a,dirichlet_band,exp3a,,,A,,,modular,groknet,mse,5,s_nm1,addition,gd,97,256,3,quadratic,1.0,0,1000,5000,0.25,42,20,5,20000,1.0,dirichlet,0.1,0.0,fedavg,1.0,0.0,0.001,20,1000,10000,100,0.0,50.0,0.0,95.0,31000.0,31000.0,23900.0,2900.0,28100.0,0,100.0,100.0,100.0,0.37896299362182617,True,False,100000.0,4342.4,True,512,0.01,4,False,True
fede_addition_2edb8c0100d3,federated,T3b,partitions,exp3b,,,A',,,modular,groknet,mse,5,s_nm1,addition,adamw,97,256,3,quadratic,1.0,0,1000,5000,0.2,456,10,5,20000,1.0,operand,0.5,0.0,fedavg,1.0,0.0,0.001,20,2000,10000,100,0.0,0.001,0.1,95.0,98400.0,98400.0,83400.0,900.0,97500.0,0,95.47024369239807,100.0,100.0,0.30949652194976807,True,False,100000.0,3822.2,True,512,0.01,4,False,True
fede_addition_2f5d08366664,federated,T3,algorithms,algo,H2,fedavg,,,,modular,groknet,mse,5,s_nm1,addition,gd,97,256,3,quadratic,1.0,0,1000,5000,0.25,42,10,25,10000,1.0,dirichlet,0.1,0.0,fedavg,1.0,0.0,0.001,20,0,10000,100,0.0,50.0,0.0,95.0,47500.0,47500.0,34500.0,3000.0,44500.0,0,99.9291479587555,100.0,100.0,0.3977208435535431,True,False,250000.0,2110.0,False,512,0.01,4,False,True
fede_addition_2f684cfbab7b,federated,T1,setup_k_ladder,replication,,,B,,,modular,transformer,ce,5,s_nm1,addition,adamw,113,128,3,quadratic,1.0,0,1000,5000,0.3,456,5,5,20000,1.0,iid,0.5,0.0,fedavg,1.0,0.0,0.001,20,2000,10000,100,0.0,0.001,0.1,95.0,65900.0,65900.0,60400.0,800.0,65100.0,0,100.0,100.0,100.0,nan,True,False,100000.0,3549.7,True,512,0.01,4,False,True
fede_addition_2f7f42d347c2,federated,S2,adam_restart,probe,,,B,,,modular,transformer,ce,5,s_nm1,addition,adamw,113,128,3,quadratic,1.0,0,1000,5000,0.3,456,10,50,2000,1.0,iid,0.5,0.0,fedavg,1.0,0.0,0.001,20,0,10000,100,0.0,0.001,1.0,95.0,inf,inf,inf,inf,inf,0,45.765745639801025,65.718013048172,66.91905856132507,nan,False,True,100000.0,977.8,False,512,0.01,4,True,True
fede_addition_3019647d776f,federated,T3,algorithms,algo,H3,scaffold,,,,modular,groknet,mse,5,s_nm1,addition,gd,97,256,3,quadratic,1.0,0,1000,5000,0.3,1011,10,50,10000,1.0,dirichlet,0.1,0.0,scaffold,1.0,0.0,0.001,20,0,10000,100,0.0,50.0,0.0,95.0,4000.0,4000.0,4000.0,3000.0,1000.0,0,99.92409348487854,100.0,100.0,0.4766393005847931,True,False,500000.0,3883.6,False,512,0.01,4,False,True
fede_addition_313868c46003,federated,T3b,partitions,exp3b,,,A,,,modular,groknet,mse,5,s_nm1,addition,gd,97,256,3,quadratic,1.0,0,1000,5000,0.3,123,10,5,10000,1.0,target,0.5,0.0,fedavg,1.0,0.0,0.001,20,1000,10000,100,0.0,50.0,0.0,95.0,13397.00389794472,13397.00389794472,11297.00389794472,3597.00389794472,9800.0,0,100.0,100.0,100.0,0.3421875834465027,True,False,49997.00389794472,2396.2,True,512,0.01,4,False,True
fede_addition_32f767e60825,federated,T2,aggregation,exp2,,,B,fl,,modular,transformer,ce,5,s_nm1,addition,adamw,113,128,3,quadratic,1.0,0,1000,5000,0.3,456,50,5,20000,1.0,iid,0.5,0.0,fedavg,1.0,0.0,0.001,20,2000,10000,100,0.0,0.001,1.0,95.0,inf,inf,inf,inf,inf,0,17.787225544452667,24.360312521457672,27.493470907211304,nan,False,True,100000.0,11131.5,True,512,0.01,4,False,True
fede_addition_334dc953df1d,federated,T3,algorithms,algo,H1,scaffold,,,,modular,groknet,mse,5,s_nm1,addition,gd,97,256,3,quadratic,1.0,0,1000,5000,0.25,789,10,25,10000,1.0,iid,0.5,0.0,scaffold,1.0,0.0,0.001,20,0,10000,100,0.0,50.0,0.0,95.0,4500.0,4500.0,4000.0,1000.0,3500.0,0,99.60323572158813,100.0,100.0,0.4911179542541504,True,False,250000.0,2723.4,False,512,0.01,4,False,True
fede_addition_335eed2dd4ef,federated,T3a,dirichlet_setups,exp3a,,,B,,,modular,transformer,ce,5,s_nm1,addition,adamw,113,128,3,quadratic,1.0,0,1000,5000,0.3,123,10,5,20000,1.0,dirichlet,10.0,0.0,fedavg,1.0,0.0,0.001,20,2000,10000,100,0.0,0.001,1.0,95.0,7600.0,7600.0,7000.0,4700.0,2900.0,0,99.98881816864014,100.0,100.0,nan,True,False,100000.0,4845.3,True,512,0.01,4,False,True
fede_addition_3373bb50ce85,federated,T3b,partitions,exp3b,,,A,,,modular,groknet,mse,5,s_nm1,addition,gd,97,256,3,quadratic,1.0,0,1000,5000,0.3,123,10,5,10000,1.0,operand,0.5,0.0,fedavg,1.0,0.0,0.001,20,1000,10000,100,0.0,50.0,0.0,95.0,12700.0,12700.0,10600.0,3700.0,9000.0,0,100.0,100.0,100.0,0.44010066986083984,True,False,50000.0,2389.9,True,512,0.01,4,False,True
fede_addition_33b08e8ab596,federated,P1,k_collapse_wd,diagnosis,,,B,,,modular,transformer,ce,5,s_nm1,addition,adamw,113,128,3,quadratic,1.0,0,1000,5000,0.3,456,20,5,2000,1.0,iid,0.5,0.0,fedavg,1.0,0.0,0.001,20,0,10000,100,0.0,0.001,1.0,95.0,7500.0,7300.0,4300.0,7300.0,200.0,1,99.82101321220398,100.0,100.0,nan,True,False,10000.0,869.3,False,512,0.01,4,False,True
fede_addition_33dcf395c7d5,federated,T2,k_fixed_total,phase,,,,,,modular,groknet,mse,5,s_nm1,addition,gd,97,256,3,quadratic,1.0,0,1000,5000,0.3,456,50,5,10000,1.0,operand,0.5,0.0,fedavg,1.0,0.0,0.001,20,0,10000,100,0.0,50.0,0.0,95.0,14000.0,14000.0,11900.0,3900.0,10100.0,0,100.0,100.0,100.0,0.49310576915740967,True,False,50000.0,4173.0,False,512,0.01,4,False,True
fede_addition_344a6bfb5abb,federated,T3,algorithms,algo,H1,fedavgm,,,,modular,groknet,mse,5,s_nm1,addition,gd,97,256,3,quadratic,1.0,0,1000,5000,0.25,123,10,25,10000,1.0,iid,0.5,0.0,fedavgm,1.0,0.9,0.001,20,0,10000,100,0.0,50.0,0.0,95.0,7500.0,7500.0,6000.0,1000.0,6500.0,0,99.9291479587555,100.0,100.0,0.45059558749198914,True,False,250000.0,2244.4,False,512,0.01,4,False,True
fede_addition_347005854963,federated,T2,k_fixed_total,phase,,,,,,modular,groknet,mse,5,s_nm1,addition,gd,97,256,3,quadratic,1.0,0,1000,5000,0.3,789,50,5,10000,1.0,dirichlet,0.5,0.0,fedavg,1.0,0.0,0.001,20,0,10000,100,0.0,50.0,0.0,95.0,16100.0,16100.0,13000.0,3800.0,12300.0,0,100.0,100.0,100.0,0.375352144241333,True,False,50000.0,4524.4,False,512,0.01,4,False,True
fede_addition_349de6aeedc3,federated,T2,aggregation,exp2,,,A,fl,,modular,groknet,mse,5,s_nm1,addition,gd,97,256,3,quadratic,1.0,0,1000,5000,0.3,123,50,5,10000,1.0,iid,0.5,0.0,fedavg,1.0,0.0,0.001,20,1000,10000,100,0.0,50.0,0.0,95.0,14700.0,14700.0,12100.0,3700.0,11000.0,0,100.0,100.0,100.0,0.3736284375190735,True,False,50000.0,4265.8,True,512,0.01,4,False,True
fede_addition_350131b3e4b1,federated,T3,algorithms,algo,H3,fedavgm,,,,modular,groknet,mse,5,s_nm1,addition,gd,97,256,3,quadratic,1.0,0,1000,5000,0.3,456,10,50,10000,1.0,dirichlet,0.1,0.0,fedavgm,1.0,0.9,0.001,20,0,10000,100,0.0,50.0,0.0,95.0,7000.0,7000.0,5000.0,2000.0,5000.0,0,99.95445609092712,100.0,100.0,0.44742199778556824,True,False,500000.0,2882.8,False,512,0.01,4,False,True
fede_addition_362121c81305,federated,T2,aggregation,exp2,,,B,fl,,modular,transformer,ce,5,s_nm1,addition,adamw,113,128,3,quadratic,1.0,0,1000,5000,0.3,42,2,5,20000,1.0,iid,0.5,0.0,fedavg,1.0,0.0,0.001,20,2000,10000,100,0.0,0.001,1.0,95.0,5500.0,5500.0,4900.0,600.0,4900.0,0,100.0,100.0,100.0,nan,True,False,100000.0,3088.0,True,512,0.01,4,False,True
fede_addition_377129b86580,federated,T3,server_lr_cal,cal,,fedadam,,,,modular,groknet,mse,5,s_nm1,addition,gd,97,256,3,quadratic,1.0,0,1000,5000,0.3,456,10,5,10000,1.0,dirichlet,0.1,0.0,fedadam,0.1,0.0,0.001,20,0,10000,100,0.0,50.0,0.0,95.0,600.0,600.0,500.0,200.0,400.0,0,100.0,100.0,100.0,0.46294617652893066,True,False,50000.0,1551.7,False,512,0.01,4,False,True
fede_addition_37b888d7fc5d,federated,T2,aggregation,exp2,,,A',fl,,modular,groknet,mse,5,s_nm1,addition,adamw,97,256,3,quadratic,1.0,0,1000,5000,0.2,42,10,5,20000,1.0,iid,0.5,0.0,fedavg,1.0,0.0,0.001,20,2000,10000,100,0.0,0.001,0.1,95.0,32100.0,32100.0,25000.0,1000.0,31100.0,0,100.0,100.0,100.0,0.29843854904174805,True,False,100000.0,3049.5,True,512,0.01,4,False,True
fede_addition_38ea0376bb20,federated,T1,probe,probe,,,,,,modular,groknet,mse,5,s_nm1,addition,gd,97,256,3,quadratic,1.0,0,1000,5000,0.3,456,10,50,10000,1.0,operand,0.5,0.0,fedavg,1.0,0.0,0.001,20,0,10000,100,0.0,50.0,0.0,95.0,18000.0,18000.0,14000.0,4000.0,14000.0,0,100.0,100.0,100.0,0.5280747413635254,True,False,500000.0,2632.2,False,512,0.01,4,False,True
fede_addition_3932a744e66b,federated,T3b,partitions,exp3b,,,A',,,modular,groknet,mse,5,s_nm1,addition,adamw,97,256,3,quadratic,1.0,0,1000,5000,0.2,42,20,5,20000,1.0,dirichlet,0.5,0.0,fedavg,1.0,0.0,0.001,20,2000,10000,100,0.0,0.001,0.1,95.0,49300.0,49300.0,41500.0,7700.0,41600.0,0,100.0,100.0,100.0,0.2864101529121399,True,False,100000.0,4590.8,True,512,0.01,4,False,True
fede_addition_39ffc9c3ae7f,federated,T2,k_fixed_total,phase,,,,,,modular,groknet,mse,5,s_nm1,addition,gd,97,256,3,quadratic,1.0,0,1000,5000,0.3,456,10,5,10000,1.0,dirichlet,0.5,0.0,fedavg,1.0,0.0,0.001,20,0,10000,100,0.0,50.0,0.0,95.0,13800.0,13800.0,11900.0,3800.0,10000.0,0,100.0,100.0,100.0,0.4030938446521759,True,False,50000.0,1473.6,False,512,0.01,4,False,True
fede_addition_3a76942744df,federated,T2,k_fixed_total,phase,,,,,,modular,groknet,mse,5,s_nm1,addition,gd,97,256,3,quadratic,1.0,0,1000,5000,0.3,789,5,5,10000,1.0,dirichlet,0.5,0.0,fedavg,1.0,0.0,0.001,20,0,10000,100,0.0,50.0,0.0,95.0,13600.0,13600.0,11300.0,3800.0,9800.0,0,100.0,100.0,100.0,0.4075756072998047,True,False,50000.0,1299.3,False,512,0.01,4,False,True
fede_addition_3abdf4f7b055,federated,T3,algorithms,algo,H3,fedavg,,,,modular,groknet,mse,5,s_nm1,addition,gd,97,256,3,quadratic,1.0,0,1000,5000,0.3,456,10,50,10000,1.0,dirichlet,0.1,0.0,fedavg,1.0,0.0,0.001,20,0,10000,100,0.0,50.0,0.0,95.0,35000.0,35000.0,25000.0,4000.0,31000.0,0,99.90891218185425,100.0,100.0,0.4242323935031891,True,False,500000.0,2888.2,False,512,0.01,4,False,True
fede_addition_3ae3c89e39d7,federated,T3a,dirichlet_setups,exp3a,,,A,,,modular,groknet,mse,5,s_nm1,addition,gd,97,256,3,quadratic,1.0,0,1000,5000,0.3,456,10,5,10000,1.0,dirichlet,0.01,0.0,fedavg,1.0,0.0,0.001,20,1000,10000,100,0.0,50.0,0.0,95.0,15500.0,15500.0,12700.0,3800.0,11700.0,0,100.0,100.0,100.0,0.3577820956707001,True,False,50000.0,1529.7,True,512,0.01,4,False,True
fede_addition_3c9b2f7b76ec,federated,S2,fl_probe,probe,,,B,,,modular,transformer,ce,5,s_nm1,addition,adamw,113,128,3,quadratic,1.0,0,1000,5000,0.3,456,10,5,2000,1.0,operand,0.5,0.0,fedavg,1.0,0.0,0.001,20,0,10000,100,0.0,0.001,1.0,95.0,inf,inf,inf,inf,inf,0,7.584740966558456,50.33942461013794,50.33942461013794,nan,False,True,10000.0,408.3,False,512,0.01,4,False,True
fede_addition_3c9cd754e31f,federated,T2,k_fixed_total,phase,,,,,,modular,groknet,mse,5,s_nm1,addition,gd,97,256,3,quadratic,1.0,0,1000,5000,0.3,456,5,5,10000,1.0,operand,0.5,0.0,fedavg,1.0,0.0,0.001,20,0,10000,100,0.0,50.0,0.0,95.0,13400.0,13400.0,11500.0,3900.0,9500.0,0,100.0,100.0,100.0,0.41971278190612793,True,False,50000.0,1322.4,False,512,0.01,4,False,True
fede_addition_3df01e8d1e4d,federated,T2,k_fixed_total,phase,,,,,,modular,groknet,mse,5,s_nm1,addition,gd,97,256,3,quadratic,1.0,0,1000,5000,0.3,123,5,5,10000,1.0,operand,0.5,0.0,fedavg,1.0,0.0,0.001,20,0,10000,100,0.0,50.0,0.0,95.0,12600.0,12600.0,10600.0,3700.0,8900.0,0,100.0,100.0,100.0,0.4305275082588196,True,False,50000.0,1296.3,False,512,0.01,4,False,True
fede_addition_3e4152000bb7,federated,P1,k_collapse_budget,diagnosis,,,B,,,modular,transformer,ce,5,s_nm1,addition,adamw,113,128,3,quadratic,1.0,0,1000,5000,0.3,456,30,5,20000,1.0,iid,0.5,0.0,fedavg,1.0,0.0,0.001,20,2000,10000,100,0.0,0.001,0.1,95.0,inf,inf,inf,5900.0,inf,0,40.94417691230774,100.0,100.0,nan,False,True,100000.0,6256.7,True,512,0.01,4,False,True
fede_addition_3e6040ee5e77,federated,T2,aggregation,exp2,,,B,fl,,modular,transformer,ce,5,s_nm1,addition,adamw,113,128,3,quadratic,1.0,0,1000,5000,0.3,123,2,5,20000,1.0,iid,0.5,0.0,fedavg,1.0,0.0,0.001,20,2000,10000,100,0.0,0.001,1.0,95.0,4800.0,4800.0,4400.0,600.0,4200.0,0,100.0,100.0,100.0,nan,True,False,100000.0,3096.1,True,512,0.01,4,False,True
fede_addition_3e93ca3bbb20,federated,T3b,partitions,exp3b,,,A',,,modular,groknet,mse,5,s_nm1,addition,adamw,97,256,3,quadratic,1.0,0,1000,5000,0.2,123,20,5,20000,1.0,operand,0.5,0.0,fedavg,1.0,0.0,0.001,20,2000,10000,100,0.0,0.001,0.1,95.0,59200.0,59200.0,45100.0,10600.0,48600.0,0,100.0,100.0,100.0,0.3698994219303131,True,False,100000.0,4704.3,True,512,0.01,4,False,True
fede_addition_3ee765d5f21a,federated,T2,k_fixed_total,phase,,,,,,modular,groknet,mse,5,s_nm1,addition,gd,97,256,3,quadratic,1.0,0,1000,5000,0.3,123,50,5,10000,1.0,operand,0.5,0.0,fedavg,1.0,0.0,0.001,20,0,10000,100,0.0,50.0,0.0,95.0,13135.31006378455,13135.31006378455,10735.31006378455,3635.31006378455,9500.0,0,100.0,100.0,100.0,0.5228116512298584,True,False,49935.31006378455,4319.9,False,512,0.01,4,False,True
fede_addition_3eff6bd60272,federated,T3,algorithms,algo,H3,fedavg,,,,modular,groknet,mse,5,s_nm1,addition,gd,97,256,3,quadratic,1.0,0,1000,5000,0.3,123,10,50,10000,1.0,dirichlet,0.1,0.0,fedavg,1.0,0.0,0.001,20,0,10000,100,0.0,50.0,0.0,95.0,33000.0,33000.0,23000.0,5000.0,28000.0,0,99.95445609092712,100.0,100.0,0.4173336625099182,True,False,500000.0,2789.6,False,512,0.01,4,False,True
fede_addition_3f1a65ed15f4,federated,T2,k_fixed_total,phase,,,,,,modular,groknet,mse,5,s_nm1,addition,gd,97,256,3,quadratic,1.0,0,1000,5000,0.3,456,20,5,10000,1.0,dirichlet,0.5,0.0,fedavg,1.0,0.0,0.001,20,0,10000,100,0.0,50.0,0.0,95.0,14200.0,14200.0,12200.0,3800.0,10400.0,0,100.0,100.0,100.0,0.3843759298324585,True,False,50000.0,2041.8,False,512,0.01,4,False,True
fede_addition_3fc86dd74b14,federated,T2,aggregation,exp2,,,B,fl,,modular,transformer,ce,5,s_nm1,addition,adamw,113,128,3,quadratic,1.0,0,1000,5000,0.3,42,5,5,20000,1.0,iid,0.5,0.0,fedavg,1.0,0.0,0.001,20,2000,10000,100,0.0,0.001,1.0,95.0,5400.0,5400.0,5000.0,1800.0,3600.0,0,100.0,100.0,100.0,nan,True,False,100000.0,3479.7,True,512,0.01,4,False,True
fede_addition_4121ca1c3bcc,federated,T2,k_fixed_total,phase,,,,,,modular,groknet,mse,5,s_nm1,addition,gd,97,256,3,quadratic,1.0,0,1000,5000,0.3,1011,5,5,10000,1.0,iid,0.5,0.0,fedavg,1.0,0.0,0.001,20,0,10000,100,0.0,50.0,0.0,95.0,13200.0,13200.0,11300.0,3700.0,9500.0,0,100.0,100.0,100.0,0.3934441804885864,True,False,50000.0,1298.4,False,512,0.01,4,False,True
fede_addition_415a305e2ebf,federated,T3,algorithms,algo,H2,fedyogi,,,,modular,groknet,mse,5,s_nm1,addition,gd,97,256,3,quadratic,1.0,0,1000,5000,0.25,123,10,25,10000,1.0,dirichlet,0.1,0.0,fedyogi,0.1,0.0,0.001,20,0,10000,100,0.0,50.0,0.0,95.0,2500.0,2500.0,2000.0,1000.0,1500.0,0,99.95748996734619,100.0,100.0,0.4636887311935425,True,False,250000.0,2036.4,False,512,0.01,4,False,True
fede_addition_428dab400de1,federated,S2b,k50_ladder,gate_a,,,B,,,modular,transformer,ce,5,s_nm1,addition,adamw,113,128,3,quadratic,1.0,0,1000,5000,0.3,42,40,5,2000,1.0,iid,0.5,0.0,fedavg,1.0,0.0,0.001,20,0,10000,100,0.0,0.001,1.0,95.0,inf,inf,inf,inf,inf,0,0.10068240808323026,5.326370894908905,5.8746736496686935,nan,False,True,10000.0,1234.1,False,512,0.01,4,False,True
fede_addition_43b62f4673c3,federated,T1,probe,probe,,,,,,modular,groknet,mse,5,s_nm1,addition,gd,97,256,3,quadratic,1.0,0,1000,5000,0.3,42,10,1,10000,1.0,operand,0.5,0.0,fedavg,1.0,0.0,0.001,20,0,10000,100,0.0,50.0,0.0,95.0,inf,inf,inf,3640.0,inf,0,33.50538909435272,100.0,100.0,0.09748367965221405,False,True,10000.0,1411.8,False,512,0.01,4,False,True
fede_addition_4457e26cc58d,federated,T3a,dirichlet_setups,exp3a,,,A,,,modular,groknet,mse,5,s_nm1,addition,gd,97,256,3,quadratic,1.0,0,1000,5000,0.3,123,10,5,10000,1.0,dirichlet,1000.0,0.0,fedavg,1.0,0.0,0.001,20,1000,10000,100,0.0,50.0,0.0,95.0,12900.0,12900.0,10800.0,3700.0,9200.0,0,100.0,100.0,100.0,0.42317163944244385,True,False,50000.0,1490.5,True,512,0.01,4,False,True
fede_addition_44d30458ee5b,federated,T3,server_lr_cal,cal,,fedavgm,,,,modular,groknet,mse,5,s_nm1,addition,gd,97,256,3,quadratic,1.0,0,1000,5000,0.3,42,10,5,10000,1.0,dirichlet,0.1,0.0,fedavgm,0.1,0.9,0.001,20,0,10000,100,0.0,50.0,0.0,95.0,13900.0,13900.0,11700.0,3700.0,10200.0,0,100.0,100.0,100.0,0.38674482703208923,True,False,50000.0,1516.1,False,512,0.01,4,False,True
fede_addition_44f4c62d997b,federated,T3b,partitions,exp3b,,,A,,,modular,groknet,mse,5,s_nm1,addition,gd,97,256,3,quadratic,1.0,0,1000,5000,0.3,456,10,5,10000,1.0,target,0.5,0.0,fedavg,1.0,0.0,0.001,20,1000,10000,100,0.0,50.0,0.0,95.0,14100.0,14100.0,11800.0,3800.0,10300.0,0,100.0,100.0,100.0,0.332391619682312,True,False,50000.0,2390.7,True,512,0.01,4,False,True
fede_addition_45126a2eef4c,federated,T3,algorithms,algo,H1,fedprox,,,,modular,groknet,mse,5,s_nm1,addition,gd,97,256,3,quadratic,1.0,0,1000,5000,0.25,789,10,25,10000,1.0,iid,0.5,0.01,fedprox,1.0,0.0,0.001,20,0,10000,100,0.0,50.0,0.0,95.0,inf,inf,inf,38500.0,inf,0,46.09607458114624,100.0,100.0,0.10863041877746582,False,True,250000.0,2381.6,False,512,0.01,4,False,True
fede_addition_4687ad731cd2,federated,T2,k_fixed_total,phase,,,,,,modular,groknet,mse,5,s_nm1,addition,gd,97,256,3,quadratic,1.0,0,1000,5000,0.3,42,50,5,10000,1.0,operand,0.5,0.0,fedavg,1.0,0.0,0.001,20,0,10000,100,0.0,50.0,0.0,95.0,13000.0,13000.0,10900.0,3700.0,9300.0,0,100.0,100.0,100.0,0.4889630973339081,True,False,50000.0,4390.2,False,512,0.01,4,False,True
fede_addition_46ae906679a9,federated,P1,k_collapse_wd,diagnosis,,,B,,,modular,transformer,ce,5,s_nm1,addition,adamw,113,128,3,quadratic,1.0,0,1000,5000,0.3,456,20,5,2000,1.0,iid,0.5,0.0,fedavg,1.0,0.0,0.001,20,0,10000,100,0.0,0.001,0.1,95.0,inf,inf,inf,3500.0,inf,0,0.4586643073707819,100.0,100.0,nan,False,True,10000.0,875.2,False,512,0.01,4,False,True
fede_addition_47143c2ceb61,federated,T3b,partitions,exp3b,,,A,,,modular,groknet,mse,5,s_nm1,addition,gd,97,256,3,quadratic,1.0,0,1000,5000,0.3,123,50,5,10000,1.0,operand,0.5,0.0,fedavg,1.0,0.0,0.001,20,1000,10000,100,0.0,50.0,0.0,95.0,13100.0,13100.0,10800.0,3600.0,9500.0,0,100.0,100.0,100.0,0.5222477912902832,True,False,50000.0,5065.4,True,512,0.01,4,False,True
fede_addition_475ccac5fa0e,federated,T3b,partitions,exp3b,,,B,,,modular,transformer,ce,5,s_nm1,addition,adamw,113,128,3,quadratic,1.0,0,1000,5000,0.3,456,20,5,20000,1.0,operand,0.5,0.0,fedavg,1.0,0.0,0.001,20,2000,10000,100,0.0,0.001,1.0,95.0,inf,inf,11000.0,inf,inf,0,71.59637808799744,83.83811712265015,91.17493629455566,nan,False,True,100000.0,7118.3,True,512,0.01,4,False,True
fede_addition_4780a410ef35,federated,T3,server_lr_cal,cal,,fedadam,,,,modular,groknet,mse,5,s_nm1,addition,gd,97,256,3,quadratic,1.0,0,1000,5000,0.3,456,10,5,10000,1.0,dirichlet,0.1,0.0,fedadam,0.3,0.0,0.001,20,0,10000,100,0.0,50.0,0.0,95.0,inf,inf,inf,500.0,inf,0,1.0019735433161259,1.0985116474330425,99.68107342720032,nan,False,True,50000.0,1556.9,False,512,0.01,4,False,True
fede_addition_47df065db2ad,federated,T2,aggregation_alpha2,exp2,,,B,fl,,modular,transformer,ce,5,s_nm1,addition,adamw,113,128,3,quadratic,1.0,0,1000,5000,0.4,42,10,5,20000,1.0,iid,0.5,0.0,fedavg,1.0,0.0,0.001,20,2000,10000,100,0.0,0.001,1.0,95.0,2400.0,2400.0,2200.0,2200.0,200.0,0,99.99999403953552,100.0,100.0,nan,True,False,100000.0,6909.5,True,512,0.01,4,False,True
fede_addition_47fc09788052,federated,T3,algorithms,algo,H1,fedyogi,,,,modular,groknet,mse,5,s_nm1,addition,gd,97,256,3,quadratic,1.0,0,1000,5000,0.25,456,10,25,10000,1.0,iid,0.5,0.0,fedyogi,0.1,0.0,0.001,20,0,10000,100,0.0,50.0,0.0,95.0,17000.0,17000.0,3500.0,1000.0,16000.0,0,99.91497993469238,100.0,100.0,0.45170044898986816,True,False,250000.0,2039.0,False,512,0.01,4,False,True
fede_addition_483a336432c2,federated,T5,participation_setups,exp4b,,,B,,,modular,transformer,ce,5,s_nm1,addition,adamw,113,128,3,quadratic,1.0,0,1000,5000,0.3,456,20,5,80000,0.5,iid,0.5,0.0,fedavg,1.0,0.0,0.001,40,4000,10000,100,0.0,0.001,0.1,95.0,46800.22584856377,46800.22584856377,42299.9686684073,1799.997389033942,45000.22845952983,0,99.84338879585266,100.0,100.0,nan,True,False,200000.30809399483,17341.4,True,512,0.01,4,False,True
fede_addition_484e7cab5cc2,federated,T2,k_fixed_total,phase,,,,,,modular,groknet,mse,5,s_nm1,addition,gd,97,256,3,quadratic,1.0,0,1000,5000,0.3,789,20,5,10000,1.0,dirichlet,0.5,0.0,fedavg,1.0,0.0,0.001,20,0,10000,100,0.0,50.0,0.0,95.0,14200.0,14200.0,11800.0,3700.0,10500.0,0,100.0,100.0,100.0,0.3928513526916504,True,False,50000.0,2039.0,False,512,0.01,4,False,True
fede_addition_4884a59e0a9d,federated,T3,algorithms,algo,H2,fedyogi,,,,modular,groknet,mse,5,s_nm1,addition,gd,97,256,3,quadratic,1.0,0,1000,5000,0.25,1011,10,25,10000,1.0,dirichlet,0.1,0.0,fedyogi,0.1,0.0,0.001,20,0,10000,100,0.0,50.0,0.0,95.0,2500.0,2500.0,2000.0,1000.0,1500.0,0,99.94332194328308,100.0,100.0,0.4673423767089844,True,False,250000.0,2052.9,False,512,0.01,4,False,True
fede_addition_4949fc861caa,federated,T3,server_lr_cal,cal,,fedadam,,,,modular,groknet,mse,5,s_nm1,addition,gd,97,256,3,quadratic,1.0,0,1000,5000,0.3,123,10,5,10000,1.0,dirichlet,0.1,0.0,fedadam,0.1,0.0,0.001,20,0,10000,100,0.0,50.0,0.0,95.0,600.0,600.0,500.0,200.0,400.0,0,100.0,100.0,100.0,0.46883857250213623,True,False,50000.0,1561.7,False,512,0.01,4,False,True
fede_addition_4a37b94f32e5,federated,T2,boundary,boundary,,,,,,modular,groknet,mse,5,s_nm1,addition,gd,97,256,3,quadratic,1.0,0,1000,5000,0.25,1011,50,5,20000,1.0,iid,0.5,0.0,fedavg,1.0,0.0,0.001,20,1000,10000,100,0.0,50.0,0.0,95.0,46800.0,46800.0,31500.0,3100.0,43700.0,0,100.0,100.0,100.0,0.32194316387176514,True,False,100000.0,8709.2,True,512,0.01,4,False,True
fede_addition_4ba5de6dfe99,federated,T2,aggregation_alpha2,exp2,,,B,fl,,modular,transformer,ce,5,s_nm1,addition,adamw,113,128,3,quadratic,1.0,0,1000,5000,0.4,456,20,5,2000,1.0,iid,0.5,0.0,fedavg,1.0,0.0,0.001,20,200,10000,100,0.0,0.001,1.0,95.0,inf,inf,inf,inf,inf,0,17.488905787467957,38.339534401893616,41.04170799255371,nan,False,True,10000.0,2102.4,True,512,0.01,4,False,True
fede_addition_4bc74a8ed20c,federated,T3b,partitions,exp3b,,,A,,,modular,groknet,mse,5,s_nm1,addition,gd,97,256,3,quadratic,1.0,0,1000,5000,0.3,42,10,5,10000,1.0,dirichlet,0.5,0.0,fedavg,1.0,0.0,0.001,20,1000,10000,100,0.0,50.0,0.0,95.0,13000.0,13000.0,10900.0,3700.0,9300.0,0,100.0,100.0,100.0,0.4100968837738037,True,False,50000.0,2378.0,True,512,0.01,4,False,True
fede_addition_4cfc11a38c81,federated,T3b,partitions,exp3b,,,B,,,modular,transformer,ce,5,s_nm1,addition,adamw,113,128,3,quadratic,1.0,0,1000,5000,0.3,456,20,5,20000,1.0,dirichlet,0.5,0.0,fedavg,1.0,0.0,0.001,20,2000,10000,100,0.0,0.001,1.0,95.0,8200.0,8200.0,7400.0,8400.0,-200.0,0,99.80982542037964,100.0,100.0,nan,True,False,100000.0,7169.0,True,512,0.01,4,False,True
fede_addition_4dab50ef47f0,federated,T3,algorithms,algo,H1,fedadam,,,,modular,groknet,mse,5,s_nm1,addition,gd,97,256,3,quadratic,1.0,0,1000,5000,0.25,789,10,25,10000,1.0,iid,0.5,0.0,fedadam,0.1,0.0,0.001,20,0,10000,100,0.0,50.0,0.0,95.0,2500.0,2500.0,2000.0,500.0,2000.0,0,100.0,100.0,100.0,0.48769208788871765,True,False,250000.0,2062.1,False,512,0.01,4,False,True
fede_addition_4dc8db52cc7d,federated,T2,k_fixed_total,phase,,,,,,modular,groknet,mse,5,s_nm1,addition,gd,97,256,3,quadratic,1.0,0,1000,5000,0.3,42,10,5,10000,1.0,dirichlet,0.5,0.0,fedavg,1.0,0.0,0.001,20,0,10000,100,0.0,50.0,0.0,95.0,13000.0,13000.0,10900.0,3700.0,9300.0,0,100.0,100.0,100.0,0.4100950360298157,True,False,50000.0,1473.2,False,512,0.01,4,False,True
fede_addition_4de6c7ae1758,federated,T5,local_epochs,exp_e,,,A,,,modular,groknet,mse,5,s_nm1,addition,gd,97,256,3,quadratic,1.0,0,1000,5000,0.3,123,10,25,2000,1.0,iid,0.5,0.0,fedavg,1.0,0.0,0.001,4,0,10000,100,0.0,50.0,0.0,95.0,14800.0,14800.0,12100.0,3700.0,11100.0,0,100.0,100.0,100.0,0.38370370864868164,True,False,50000.0,569.1,False,512,0.01,4,False,True
fede_addition_4e2916ee2f47,federated,T2,k_fixed_total,phase,,,,,,modular,groknet,mse,5,s_nm1,addition,gd,97,256,3,quadratic,1.0,0,1000,5000,0.3,123,50,5,10000,1.0,dirichlet,0.5,0.0,fedavg,1.0,0.0,0.001,20,0,10000,100,0.0,50.0,0.0,95.0,15000.0,15000.0,12300.0,3700.0,11300.0,0,100.0,100.0,100.0,0.36496472358703613,True,False,50000.0,4539.6,False,512,0.01,4,False,True
fede_addition_4e8fb211e318,federated,T3b,partitions,exp3b,,,B,,,modular,transformer,ce,5,s_nm1,addition,adamw,113,128,3,quadratic,1.0,0,1000,5000,0.3,123,20,5,20000,1.0,operand,0.5,0.0,fedavg,1.0,0.0,0.001,20,2000,10000,100,0.0,0.001,1.0,95.0,18900.0,18500.0,12600.0,19100.0,-200.0,2,98.93724322319031,99.86945390701294,100.0,nan,True,False,100000.0,7080.0,True,512,0.01,4,False,True
fede_addition_4ea41581fa32,federated,T3b,partitions,exp3b,,,A,,,modular,groknet,mse,5,s_nm1,addition,gd,97,256,3,quadratic,1.0,0,1000,5000,0.3,456,50,5,10000,1.0,operand,0.5,0.0,fedavg,1.0,0.0,0.001,20,1000,10000,100,0.0,50.0,0.0,95.0,14000.0,14000.0,11900.0,3900.0,10100.0,0,100.0,100.0,100.0,0.4931063652038574,True,False,50000.0,5060.6,True,512,0.01,4,False,True
fede_addition_4ec4d79277f3,federated,P1,k_collapse_wd,diagnosis,,,B,,,modular,transformer,ce,5,s_nm1,addition,adamw,113,128,3,quadratic,1.0,0,1000,5000,0.3,456,30,5,2000,1.0,iid,0.5,0.0,fedavg,1.0,0.0,0.001,20,0,10000,100,0.0,0.001,0.1,95.0,inf,inf,inf,5600.0,inf,0,0.44747735373675823,100.0,100.0,nan,False,True,10000.0,1013.4,False,512,0.01,4,False,True
fede_addition_4f6746771a32,federated,T3,algorithms,algo,H2,scaffold,,,,modular,groknet,mse,5,s_nm1,addition,gd,97,256,3,quadratic,1.0,0,1000,5000,0.25,789,10,25,10000,1.0,dirichlet,0.1,0.0,scaffold,1.0,0.0,0.001,20,0,10000,100,0.0,50.0,0.0,95.0,5500.0,5500.0,4500.0,3500.0,2000.0,0,99.85829591751099,100.0,100.0,0.4663795828819275,True,False,250000.0,2671.3,False,512,0.01,4,False,True
fede_addition_4f72ce3b9922,federated,T5,participation_setups,exp4b,,,B,,,modular,transformer,ce,5,s_nm1,addition,adamw,113,128,3,quadratic,1.0,0,1000,5000,0.3,42,20,5,80000,0.5,iid,0.5,0.0,fedavg,1.0,0.0,0.001,40,4000,10000,100,0.0,0.001,0.1,95.0,39299.84595300266,39299.84595300266,35199.851174934774,1800.0313315926896,37499.81462140997,0,99.94406700134277,100.0,100.0,nan,True,False,200000.0313315917,16441.1,True,512,0.01,4,False,True
fede_addition_5009d4ebc5f2,federated,X,e1_identity,control,,,A',,,modular,groknet,mse,5,s_nm1,addition,adamw,97,256,3,quadratic,1.0,0,1000,5000,0.2,123,2,1,30000,1.0,iid,0.5,0.0,fedavg,1.0,0.0,0.001,50,0,10000,100,0.0,0.001,0.1,95.0,inf,inf,inf,4850.0,inf,0,0.026567481108941138,85.59277057647705,99.68101978302002,0.029597241431474686,False,True,30000.0,3632.6,False,512,0.01,4,False,True
fede_addition_50b8bf50be1d,federated,T3b,partitions,exp3b,,,A',,,modular,groknet,mse,5,s_nm1,addition,adamw,97,256,3,quadratic,1.0,0,1000,5000,0.2,123,10,5,20000,1.0,target,0.5,0.0,fedavg,1.0,0.0,0.001,20,2000,10000,100,0.0,0.001,0.1,95.0,19100.0,19100.0,15000.0,1600.0,17500.0,0,100.0,100.0,100.0,0.30511409044265747,True,False,100000.0,3541.3,True,512,0.01,4,False,True
fede_addition_5138dfd75982,federated,T3b,partitions,exp3b,,,B,,,modular,transformer,ce,5,s_nm1,addition,adamw,113,128,3,quadratic,1.0,0,1000,5000,0.3,123,20,5,20000,1.0,dirichlet,0.5,0.0,fedavg,1.0,0.0,0.001,20,2000,10000,100,0.0,0.001,1.0,95.0,25100.0,7300.0,5000.0,7300.0,17800.0,4,98.94843101501465,99.94778037071228,100.0,nan,True,False,100000.0,7140.2,True,512,0.01,4,False,True
fede_addition_51caefa9728d,federated,T3,server_lr_cal,cal,,fedyogi,,,,modular,groknet,mse,5,s_nm1,addition,gd,97,256,3,quadratic,1.0,0,1000,5000,0.3,123,10,5,10000,1.0,dirichlet,0.1,0.0,fedyogi,0.1,0.0,0.001,20,0,10000,100,0.0,50.0,0.0,95.0,400.0,400.0,400.0,300.0,100.0,0,100.0,100.0,100.0,0.49364805221557617,True,False,50000.0,1527.6,False,512,0.01,4,False,True
fede_addition_51ef8033f4bc,federated,T5,local_epochs,exp_e,,,B,,,modular,transformer,ce,5,s_nm1,addition,adamw,113,128,3,quadratic,1.0,0,1000,5000,0.3,42,10,10,20000,1.0,iid,0.5,0.0,fedavg,1.0,0.0,0.001,10,2000,10000,100,0.0,0.001,0.1,95.0,75300.0,75000.0,68100.0,2500.0,72800.0,1,100.0,100.0,100.0,nan,True,False,200000.0,8540.7,True,512,0.01,4,False,True
fede_addition_527a6ecf0b39,federated,T3,server_lr_cal,cal,,fedadam,,,,modular,groknet,mse,5,s_nm1,addition,gd,97,256,3,quadratic,1.0,0,1000,5000,0.3,42,10,5,10000,1.0,dirichlet,0.1,0.0,fedadam,0.01,0.0,0.001,20,0,10000,100,0.0,50.0,0.0,95.0,2100.0,2100.0,1800.0,700.0,1400.0,0,99.92409348487854,100.0,100.0,0.4710606336593628,True,False,50000.0,1559.6,False,512,0.01,4,False,True
fede_addition_527b9524c1be,federated,T2,aggregation,exp2,,,B,fl,,modular,transformer,ce,5,s_nm1,addition,adamw,113,128,3,quadratic,1.0,0,1000,5000,0.3,456,10,5,20000,1.0,iid,0.5,0.0,fedavg,1.0,0.0,0.001,20,2000,10000,100,0.0,0.001,1.0,95.0,5800.0,5800.0,4800.0,5800.0,0.0,0,99.96644258499146,100.0,100.0,nan,True,False,100000.0,4596.0,True,512,0.01,4,False,True
fede_addition_52c6c96d8eb3,federated,T2,aggregation_alpha2,exp2,,,B,fl,,modular,transformer,ce,5,s_nm1,addition,adamw,113,128,3,quadratic,1.0,0,1000,5000,0.4,123,10,5,20000,1.0,iid,0.5,0.0,fedavg,1.0,0.0,0.001,20,2000,10000,100,0.0,0.001,1.0,95.0,3400.0,3400.0,2300.0,2400.0,1000.0,0,99.99999403953552,100.0,100.0,nan,True,False,100000.0,6910.8,True,512,0.01,4,False,True
fede_addition_53be98fe1624,federated,T3,server_lr_cal,cal,,fedadam,,,,modular,groknet,mse,5,s_nm1,addition,gd,97,256,3,quadratic,1.0,0,1000,5000,0.3,42,10,5,10000,1.0,dirichlet,0.1,0.0,fedadam,0.3,0.0,0.001,20,0,10000,100,0.0,50.0,0.0,95.0,inf,600.0,600.0,600.0,inf,450,1.108243502676487,0.8504606783390045,100.0,nan,False,True,50000.0,1560.4,False,512,0.01,4,False,True
fede_addition_54cdbb8bb5ec,federated,S2,adam_restart,probe,,,B,,,modular,transformer,ce,5,s_nm1,addition,adamw,113,128,3,quadratic,1.0,0,1000,5000,0.3,456,10,5,2000,1.0,iid,0.5,0.0,fedavg,1.0,0.0,0.001,20,0,10000,100,0.0,0.001,1.0,95.0,6800.0,6800.0,5300.0,6800.0,0.0,0,99.66439604759216,100.0,100.0,nan,True,False,10000.0,402.9,False,512,0.01,4,False,True
fede_addition_55ad53ed8b10,federated,T2,k_fixed_total,phase,,,,,,modular,groknet,mse,5,s_nm1,addition,gd,97,256,3,quadratic,1.0,0,1000,5000,0.3,789,10,5,10000,1.0,iid,0.5,0.0,fedavg,1.0,0.0,0.001,20,0,10000,100,0.0,50.0,0.0,95.0,13700.0,13700.0,11400.0,3800.0,9900.0,0,100.0,100.0,100.0,0.4093870222568512,True,False,50000.0,1479.2,False,512,0.01,4,False,True
fede_addition_573f3cb778d6,federated,S2,adam_restart,probe,,,B,,,modular,transformer,ce,5,s_nm1,addition,adamw,113,128,3,quadratic,1.0,0,1000,5000,0.3,456,10,50,2000,1.0,iid,0.5,0.0,fedavg,1.0,0.0,0.001,20,0,10000,100,0.0,0.001,1.0,95.0,inf,inf,10000.0,inf,inf,0,87.04553246498108,94.15143728256226,96.34464979171753,nan,False,True,100000.0,977.0,False,512,0.01,4,False,True
fede_addition_5748162f820d,federated,T2,aggregation_alpha2,exp2,,,B,fl,,modular,transformer,ce,5,s_nm1,addition,adamw,113,128,3,quadratic,1.0,0,1000,5000,0.4,123,5,5,20000,1.0,iid,0.5,0.0,fedavg,1.0,0.0,0.001,20,2000,10000,100,0.0,0.001,1.0,95.0,1700.0,1700.0,1500.0,1200.0,500.0,0,99.99999403953552,100.0,100.0,nan,True,False,100000.0,6092.0,True,512,0.01,4,False,True
fede_addition_580fc9a020cd,federated,T3,server_lr_cal,cal,,fedyogi,,,,modular,groknet,mse,5,s_nm1,addition,gd,97,256,3,quadratic,1.0,0,1000,5000,0.3,123,10,5,10000,1.0,dirichlet,0.1,0.0,fedyogi,0.01,0.0,0.001,20,0,10000,100,0.0,50.0,0.0,95.0,2000.0,2000.0,1700.0,600.0,1400.0,0,99.98481869697571,100.0,100.0,0.4867876172065735,True,False,50000.0,1551.3,False,512,0.01,4,False,True
fede_addition_59a8eaff16cb,federated,T3,server_lr_cal,cal,,fedavgm,,,,modular,groknet,mse,5,s_nm1,addition,gd,97,256,3,quadratic,1.0,0,1000,5000,0.3,456,10,5,10000,1.0,dirichlet,0.1,0.0,fedavgm,0.3,0.0,0.001,20,0,10000,100,0.0,50.0,0.0,95.0,47900.0,47900.0,40800.0,12400.0,35500.0,0,98.34522604942322,100.0,100.0,0.16382476687431335,True,False,50000.0,1461.8,False,512,0.01,4,False,True
fede_addition_59b44694e0ac,federated,T4b,participation,exp4b,,,A,,,modular,groknet,mse,5,s_nm1,addition,gd,97,256,3,quadratic,1.0,0,1000,5000,0.25,456,50,5,100000,0.2,iid,0.5,0.0,fedavg,1.0,0.0,0.001,20,5000,10000,100,0.0,50.0,0.0,95.0,8999.88520408178,8999.88520408178,6559.927721088875,699.9808673469402,8299.90433673484,0,99.84412789344788,100.0,100.0,0.46418723464012146,True,False,99999.69175187919,15864.1,True,512,0.01,4,False,True
fede_addition_5a4f4d17541f,federated,T1,probe,probe,,,,,,modular,groknet,mse,5,s_nm1,addition,gd,97,256,3,quadratic,1.0,0,1000,5000,0.3,123,10,50,10000,1.0,operand,0.5,0.0,fedavg,1.0,0.0,0.001,20,0,10000,100,0.0,50.0,0.0,95.0,17000.0,17000.0,13000.0,4000.0,13000.0,0,100.0,100.0,100.0,0.5045231580734253,True,False,500000.0,2652.6,False,512,0.01,4,False,True
fede_addition_5a55860dd764,federated,T3a,size_control,exp3a,,,A,,,modular,groknet,mse,5,s_nm1,addition,gd,97,256,3,quadratic,1.0,0,1000,5000,0.25,123,20,5,20000,1.0,dirichlet_sizes,0.1,0.0,fedavg,1.0,0.0,0.001,20,1000,10000,100,0.0,50.0,0.0,95.0,29900.0,29900.0,23600.0,3300.0,26600.0,0,100.0,100.0,100.0,0.418777734041214,True,False,100000.0,3667.1,True,512,0.01,4,False,True
fede_addition_5ab0a88bb961,federated,T3,server_lr_cal,cal,,fedyogi,,,,modular,groknet,mse,5,s_nm1,addition,gd,97,256,3,quadratic,1.0,0,1000,5000,0.3,456,10,5,10000,1.0,dirichlet,0.1,0.0,fedyogi,0.01,0.0,0.001,20,0,10000,100,0.0,50.0,0.0,95.0,2100.0,2100.0,1800.0,600.0,1500.0,0,99.95445609092712,100.0,100.0,0.4584237337112427,True,False,50000.0,1549.9,False,512,0.01,4,False,True
fede_addition_5ae0e018c66e,federated,T3a,dirichlet_band,exp3a,,,A,,,modular,groknet,mse,5,s_nm1,addition,gd,97,256,3,quadratic,1.0,0,1000,5000,0.25,123,20,5,20000,1.0,dirichlet,10.0,0.0,fedavg,1.0,0.0,0.001,20,1000,10000,100,0.0,50.0,0.0,95.0,28900.0,28900.0,22900.0,3300.0,25600.0,0,100.0,100.0,100.0,0.4292059540748596,True,False,100000.0,4031.7,True,512,0.01,4,False,True
fede_addition_5b4af1fe3579,federated,P1,k_collapse_wd,diagnosis,,,B,,,modular,transformer,ce,5,s_nm1,addition,adamw,113,128,3,quadratic,1.0,0,1000,5000,0.3,123,30,5,2000,1.0,iid,0.5,0.0,fedavg,1.0,0.0,0.001,20,0,10000,100,0.0,0.001,0.1,95.0,inf,inf,inf,5700.0,inf,0,0.24611253757029772,100.0,100.0,nan,False,True,10000.0,1014.8,False,512,0.01,4,False,True
fede_addition_5b6d88d3d819,federated,S2,fl_probe,probe,,,B,,,modular,transformer,ce,5,s_nm1,addition,adamw,113,128,3,quadratic,1.0,0,1000,5000,0.3,456,10,5,2000,1.0,iid,0.5,0.0,fedavg,1.0,0.0,0.001,20,0,10000,100,0.0,0.001,1.0,95.0,7100.0,7100.0,4500.0,7100.0,0.0,0,98.26602935791016,99.94778037071228,99.9738872051239,nan,True,False,10000.0,404.8,False,512,0.01,4,False,True
fede_addition_5d432cfedad4,federated,T3a,dirichlet_setups,exp3a,,,B,,,modular,transformer,ce,5,s_nm1,addition,adamw,113,128,3,quadratic,1.0,0,1000,5000,0.3,42,10,5,20000,1.0,dirichlet,10.0,0.0,fedavg,1.0,0.0,0.001,20,2000,10000,100,0.0,0.001,1.0,95.0,7800.0,7800.0,7400.0,5700.0,2100.0,0,100.0,100.0,100.0,nan,True,False,100000.0,4981.0,True,512,0.01,4,False,True
fede_addition_5d93673d4c40,federated,T1,probe,probe,,,,,,modular,groknet,mse,5,s_nm1,addition,gd,97,256,3,quadratic,1.0,0,1000,5000,0.3,42,10,1,10000,1.0,iid,0.5,0.0,fedavg,1.0,0.0,0.001,20,0,10000,100,0.0,50.0,0.0,95.0,inf,inf,inf,3640.0,inf,0,33.50538909435272,100.0,100.0,0.09748376160860062,False,True,10000.0,1411.0,False,512,0.01,4,False,True
fede_addition_5e7f648a1a1f,federated,T2,aggregation,exp2,,,A',fl,,modular,groknet,mse,5,s_nm1,addition,adamw,97,256,3,quadratic,1.0,0,1000,5000,0.2,456,50,5,20000,1.0,iid,0.5,0.0,fedavg,1.0,0.0,0.001,20,2000,10000,100,0.0,0.001,0.1,95.0,97200.0,97200.0,80000.0,8500.0,88700.0,0,97.35653400421143,100.0,100.0,0.17772531509399414,True,False,100000.0,8738.5,True,512,0.01,4,False,True
fede_addition_5f4c77773bba,federated,T2,aggregation,exp2,,,B,fl,,modular,transformer,ce,5,s_nm1,addition,adamw,113,128,3,quadratic,1.0,0,1000,5000,0.3,42,10,5,20000,1.0,iid,0.5,0.0,fedavg,1.0,0.0,0.001,20,2000,10000,100,0.0,0.001,1.0,95.0,9800.0,9800.0,8500.0,8000.0,1800.0,0,100.0,100.0,100.0,nan,True,False,100000.0,4187.9,True,512,0.01,4,False,True
fede_addition_5f567baade28,federated,T3,algorithms,algo,H1,fedavg,,,,modular,groknet,mse,5,s_nm1,addition,gd,97,256,3,quadratic,1.0,0,1000,5000,0.25,1011,10,25,10000,1.0,iid,0.5,0.0,fedavg,1.0,0.0,0.001,20,0,10000,100,0.0,50.0,0.0,95.0,48500.0,48500.0,33500.0,3500.0,45000.0,0,100.0,100.0,100.0,0.3934820890426636,True,False,250000.0,2199.1,False,512,0.01,4,False,True
fede_addition_60115796001e,federated,T3,algorithms,algo,H2,scaffold,,,,modular,groknet,mse,5,s_nm1,addition,gd,97,256,3,quadratic,1.0,0,1000,5000,0.25,42,10,25,10000,1.0,dirichlet,0.1,0.0,scaffold,1.0,0.0,0.001,20,0,10000,100,0.0,50.0,0.0,95.0,5000.0,5000.0,4000.0,1000.0,4000.0,0,99.97166395187378,100.0,100.0,0.45231568813323975,True,False,250000.0,2671.1,False,512,0.01,4,False,True
fede_addition_6012c2826c4b,federated,T1,setup_k_ladder,replication,,,B,,,modular,transformer,ce,5,s_nm1,addition,adamw,113,128,3,quadratic,1.0,0,1000,5000,0.3,42,5,5,20000,1.0,iid,0.5,0.0,fedavg,1.0,0.0,0.001,20,2000,10000,100,0.0,0.001,0.1,95.0,51200.0,51200.0,45300.0,800.0,50400.0,0,100.0,100.0,100.0,nan,True,False,100000.0,3626.1,True,512,0.01,4,False,True
fede_addition_6046dbf4cf8b,federated,T3,algorithms,algo,H1,scaffold,,,,modular,groknet,mse,5,s_nm1,addition,gd,97,256,3,quadratic,1.0,0,1000,5000,0.25,123,10,25,10000,1.0,iid,0.5,0.0,scaffold,1.0,0.0,0.001,20,0,10000,100,0.0,50.0,0.0,95.0,4500.0,4500.0,4000.0,1000.0,3500.0,0,99.97166395187378,100.0,100.0,0.47467297315597534,True,False,250000.0,2752.2,False,512,0.01,4,False,True
fede_addition_624085043aa1,federated,T3a,dirichlet_setups,exp3a,,,B,,,modular,transformer,ce,5,s_nm1,addition,adamw,113,128,3,quadratic,1.0,0,1000,5000,0.3,456,10,5,20000,1.0,dirichlet,10.0,0.0,fedavg,1.0,0.0,0.001,20,2000,10000,100,0.0,0.001,1.0,95.0,6000.0,6000.0,5700.0,4500.0,1500.0,0,99.9776303768158,100.0,100.0,nan,True,False,100000.0,4781.4,True,512,0.01,4,False,True
fede_addition_6253b41a5741,federated,T3,algorithms,algo,H3,fedadam,,,,modular,groknet,mse,5,s_nm1,addition,gd,97,256,3,quadratic,1.0,0,1000,5000,0.3,42,10,50,10000,1.0,dirichlet,0.1,0.0,fedadam,0.1,0.0,0.001,20,0,10000,100,0.0,50.0,0.0,95.0,3000.0,3000.0,2000.0,2000.0,1000.0,0,100.0,100.0,100.0,0.389965295791626,True,False,500000.0,2776.0,False,512,0.01,4,False,True
fede_addition_627c17662719,federated,T5,participation_setups,exp4b,,,B,,,modular,transformer,ce,5,s_nm1,addition,adamw,113,128,3,quadratic,1.0,0,1000,5000,0.3,42,20,5,160000,0.25,iid,0.5,0.0,fedavg,1.0,0.0,0.001,80,8000,10000,100,0.0,0.001,0.1,95.0,13600.070496083637,13600.070496083637,11900.0600522194,999.9895561357711,12600.080939947866,0,99.93287920951843,100.0,100.0,nan,True,False,200001.18929503788,26891.7,True,512,0.01,4,False,True
fede_addition_62d72c6ea0dc,federated,T2,k_fixed_total,phase,,,,,,modular,groknet,mse,5,s_nm1,addition,gd,97,256,3,quadratic,1.0,0,1000,5000,0.3,123,20,5,10000,1.0,operand,0.5,0.0,fedavg,1.0,0.0,0.001,20,0,10000,100,0.0,50.0,0.0,95.0,12700.0,12700.0,10600.0,3700.0,9000.0,0,100.0,100.0,100.0,0.43970298767089844,True,False,50000.0,1971.4,False,512,0.01,4,False,True
fede_addition_6320697ecfae,federated,T2,b_k20_wd_control,exp2,,,B,fl,,modular,transformer,ce,5,s_nm1,addition,adamw,113,128,3,quadratic,1.0,0,1000,5000,0.4,456,20,5,2000,1.0,iid,0.5,0.0,fedavg,1.0,0.0,0.001,20,200,10000,100,0.0,0.001,0.1,95.0,inf,inf,inf,3800.0,inf,0,4.411380738019943,100.0,100.0,nan,False,True,10000.0,1110.8,True,512,0.01,4,False,True
fede_addition_63bb380079a1,federated,S2,fl_probe,probe,,,B,,,modular,transformer,ce,5,s_nm1,addition,adamw,113,128,3,quadratic,1.0,0,1000,5000,0.3,123,10,5,2000,1.0,operand,0.5,0.0,fedavg,1.0,0.0,0.001,20,0,10000,100,0.0,0.001,1.0,95.0,inf,inf,inf,inf,inf,0,25.595703721046448,70.41775584220886,71.0182785987854,nan,False,True,10000.0,408.1,False,512,0.01,4,False,True
fede_addition_63c04fb7c676,federated,T2,k_fixed_total,phase,,,,,,modular,groknet,mse,5,s_nm1,addition,gd,97,256,3,quadratic,1.0,0,1000,5000,0.3,1011,50,5,10000,1.0,dirichlet,0.5,0.0,fedavg,1.0,0.0,0.001,20,0,10000,100,0.0,50.0,0.0,95.0,15400.0,15400.0,12900.0,3700.0,11700.0,0,100.0,100.0,100.0,0.35130175948143005,True,False,50000.0,4322.7,False,512,0.01,4,False,True
fede_addition_63e0076ab674,federated,T3,algorithms,algo,H2,fedadam,,,,modular,groknet,mse,5,s_nm1,addition,gd,97,256,3,quadratic,1.0,0,1000,5000,0.25,1011,10,25,10000,1.0,dirichlet,0.1,0.0,fedadam,0.1,0.0,0.001,20,0,10000,100,0.0,50.0,0.0,95.0,3000.0,3000.0,2500.0,500.0,2500.0,0,100.0,100.0,100.0,0.4407922029495239,True,False,250000.0,2068.8,False,512,0.01,4,False,True
fede_addition_63f8e340f0ae,federated,X,e1_identity,control,,,A',,,modular,groknet,mse,5,s_nm1,addition,adamw,97,256,3,quadratic,1.0,0,1000,5000,0.2,456,2,1,30000,1.0,iid,0.5,0.0,fedavg,1.0,0.0,0.001,50,0,10000,100,0.0,0.001,0.1,95.0,inf,inf,inf,400.0,inf,0,0.013283740554470569,86.17756366729736,100.0,0.029984239488840103,False,True,30000.0,3768.2,False,512,0.01,4,False,True
fede_addition_64369c647d8a,federated,S2,adam_restart,probe,,,B,,,modular,transformer,ce,5,s_nm1,addition,adamw,113,128,3,quadratic,1.0,0,1000,5000,0.3,123,10,5,2000,1.0,iid,0.5,0.0,fedavg,1.0,0.0,0.001,20,0,10000,100,0.0,0.001,1.0,95.0,4600.0,4600.0,4400.0,4400.0,200.0,0,100.0,100.0,100.0,nan,True,False,10000.0,405.0,False,512,0.01,4,False,True
fede_addition_64432d2e1313,federated,T3b,partitions,exp3b,,,A,,,modular,groknet,mse,5,s_nm1,addition,gd,97,256,3,quadratic,1.0,0,1000,5000,0.3,42,50,5,10000,1.0,dirichlet,0.5,0.0,fedavg,1.0,0.0,0.001,20,1000,10000,100,0.0,50.0,0.0,95.0,14700.0,14700.0,12300.0,3700.0,11000.0,0,100.0,100.0,100.0,0.37402671575546265,True,False,50000.0,5056.4,True,512,0.01,4,False,True
fede_addition_64859ae18492,federated,T3b,partitions,exp3b,,,A',,,modular,groknet,mse,5,s_nm1,addition,adamw,97,256,3,quadratic,1.0,0,1000,5000,0.2,42,20,5,20000,1.0,operand,0.5,0.0,fedavg,1.0,0.0,0.001,20,2000,10000,100,0.0,0.001,0.1,95.0,53300.0,53300.0,40800.0,6200.0,47100.0,0,99.96014833450317,100.0,100.0,0.3640974462032318,True,False,100000.0,4673.7,True,512,0.01,4,False,True
fede_addition_6488aa5847b7,federated,T3a,dirichlet_setups,exp3a,,,B,,,modular,transformer,ce,5,s_nm1,addition,adamw,113,128,3,quadratic,1.0,0,1000,5000,0.3,42,10,5,20000,1.0,dirichlet,0.1,0.0,fedavg,1.0,0.0,0.001,20,2000,10000,100,0.0,0.001,1.0,95.0,inf,inf,inf,inf,inf,0,26.27810835838318,31.409922242164612,39.08616304397583,nan,False,True,100000.0,5041.1,True,512,0.01,4,False,True
fede_addition_64d46ff885b7,federated,T3b,partitions,exp3b,,,B,,,modular,transformer,ce,5,s_nm1,addition,adamw,113,128,3,quadratic,1.0,0,1000,5000,0.3,42,20,5,20000,1.0,target,0.5,0.0,fedavg,1.0,0.0,0.001,20,2000,10000,100,0.0,0.001,1.0,95.0,inf,inf,inf,inf,inf,0,2.058395929634571,2.062663249671459,6.762401759624481,nan,False,True,100000.0,7005.2,True,512,0.01,4,False,True
fede_addition_64ddacf7c588,federated,T2,boundary,boundary,,,,,,modular,groknet,mse,5,s_nm1,addition,gd,97,256,3,quadratic,1.0,0,1000,5000,0.25,42,97,5,20000,1.0,operand,0.5,0.0,fedavg,1.0,0.0,0.001,20,1000,10000,100,0.0,50.0,0.0,95.0,57800.0,57800.0,41900.0,3000.0,54800.0,0,100.0,100.0,100.0,0.2838571071624756,True,False,100000.0,14858.6,True,512,0.01,4,False,True
fede_addition_64f5dc93f8c2,federated,T3b,partitions,exp3b,,,A',,,modular,groknet,mse,5,s_nm1,addition,adamw,97,256,3,quadratic,1.0,0,1000,5000,0.2,123,10,5,20000,1.0,operand,0.5,0.0,fedavg,1.0,0.0,0.001,20,2000,10000,100,0.0,0.001,0.1,95.0,98400.0,98400.0,79300.0,900.0,97500.0,0,96.20084762573242,100.0,100.0,0.342154860496521,True,False,100000.0,3647.6,True,512,0.01,4,False,True
fede_addition_65935c7fc819,federated,T3a,dirichlet_setups,exp3a,,,A,,,modular,groknet,mse,5,s_nm1,addition,gd,97,256,3,quadratic,1.0,0,1000,5000,0.3,123,10,5,10000,1.0,dirichlet,1.0,0.0,fedavg,1.0,0.0,0.001,20,1000,10000,100,0.0,50.0,0.0,95.0,13000.0,13000.0,10800.0,3700.0,9300.0,0,100.0,100.0,100.0,0.4245195984840393,True,False,50000.0,1480.9,True,512,0.01,4,False,True
fede_addition_65cff1ad4c63,federated,T3,server_lr_cal,cal,,fedavgm,,,,modular,groknet,mse,5,s_nm1,addition,gd,97,256,3,quadratic,1.0,0,1000,5000,0.3,42,10,5,10000,1.0,dirichlet,0.1,0.0,fedavgm,0.3,0.0,0.001,20,0,10000,100,0.0,50.0,0.0,95.0,44600.0,44600.0,37400.0,11800.0,32800.0,0,99.93927478790283,100.0,100.0,0.19390347599983215,True,False,50000.0,1524.1,False,512,0.01,4,False,True
fede_addition_662d2652bfbf,federated,T1,probe,probe,,,,,,modular,groknet,mse,5,s_nm1,addition,gd,97,256,3,quadratic,1.0,0,1000,5000,0.3,42,10,50,10000,1.0,iid,0.5,0.0,fedavg,1.0,0.0,0.001,20,0,10000,100,0.0,50.0,0.0,95.0,22000.0,22000.0,17000.0,4000.0,18000.0,0,99.98481869697571,100.0,100.0,0.4475322961807251,True,False,500000.0,2634.5,False,512,0.01,4,False,True
fede_addition_6651ffdd8cd2,federated,T3a,dirichlet_setups,exp3a,,,B,,,modular,transformer,ce,5,s_nm1,addition,adamw,113,128,3,quadratic,1.0,0,1000,5000,0.3,123,10,5,20000,1.0,dirichlet,0.1,0.0,fedavg,1.0,0.0,0.001,20,2000,10000,100,0.0,0.001,1.0,95.0,inf,inf,inf,inf,inf,0,20.505650341510773,23.315927386283875,31.070494651794434,nan,False,True,100000.0,5020.7,True,512,0.01,4,False,True
fede_addition_668481539511,federated,T2,aggregation,exp2,,,A,fl,,modular,groknet,mse,5,s_nm1,addition,gd,97,256,3,quadratic,1.0,0,1000,5000,0.3,456,5,5,10000,1.0,iid,0.5,0.0,fedavg,1.0,0.0,0.001,20,1000,10000,100,0.0,50.0,0.0,95.0,13500.0,13500.0,11600.0,3800.0,9700.0,0,100.0,100.0,100.0,0.416681706905365,True,False,50000.0,1326.1,True,512,0.01,4,False,True
fede_addition_66855ec4b72a,federated,T3,algorithms,algo,H2,fedyogi,,,,modular,groknet,mse,5,s_nm1,addition,gd,97,256,3,quadratic,1.0,0,1000,5000,0.25,789,10,25,10000,1.0,dirichlet,0.1,0.0,fedyogi,0.1,0.0,0.001,20,0,10000,100,0.0,50.0,0.0,95.0,2500.0,2500.0,2000.0,1000.0,1500.0,0,99.98583197593689,100.0,100.0,0.6121398210525513,True,False,250000.0,2059.4,False,512,0.01,4,False,True
fede_addition_66cda0a2c8fc,federated,T1,probe,probe,,,,,,modular,groknet,mse,5,s_nm1,addition,gd,97,256,3,quadratic,1.0,0,1000,5000,0.3,456,10,5,10000,1.0,operand,0.5,0.0,fedavg,1.0,0.0,0.001,20,0,10000,100,0.0,50.0,0.0,95.0,13400.0,13400.0,11500.0,3900.0,9500.0,0,100.0,100.0,100.0,0.4300701320171356,True,False,50000.0,1488.2,False,512,0.01,4,False,True
fede_addition_66d9e6837000,federated,T3,algorithms,algo,H2,scaffold,,,,modular,groknet,mse,5,s_nm1,addition,gd,97,256,3,quadratic,1.0,0,1000,5000,0.25,1011,10,25,10000,1.0,dirichlet,0.1,0.0,scaffold,1.0,0.0,0.001,20,0,10000,100,0.0,50.0,0.0,95.0,5000.0,5000.0,4500.0,1000.0,4000.0,0,99.88663792610168,100.0,100.0,0.4816364049911499,True,False,250000.0,2679.2,False,512,0.01,4,False,True
fede_addition_67c67227b166,federated,T3,algorithms,algo,H2,fedadam,,,,modular,groknet,mse,5,s_nm1,addition,gd,97,256,3,quadratic,1.0,0,1000,5000,0.25,789,10,25,10000,1.0,dirichlet,0.1,0.0,fedadam,0.1,0.0,0.001,20,0,10000,100,0.0,50.0,0.0,95.0,3000.0,3000.0,2500.0,500.0,2500.0,0,100.0,100.0,100.0,0.40781649947166443,True,False,250000.0,2064.7,False,512,0.01,4,False,True
fede_addition_68aeec02ad1e,federated,T3,algorithms,algo,H2,fedavgm,,,,modular,groknet,mse,5,s_nm1,addition,gd,97,256,3,quadratic,1.0,0,1000,5000,0.25,123,10,25,10000,1.0,dirichlet,0.1,0.0,fedavgm,1.0,0.9,0.001,20,0,10000,100,0.0,50.0,0.0,95.0,10000.0,10000.0,7500.0,1000.0,9000.0,0,99.78744983673096,100.0,100.0,0.44136375188827515,True,False,250000.0,2172.7,False,512,0.01,4,False,True
fede_addition_69222c781011,federated,T2,k_fixed_total,phase,,,,,,modular,groknet,mse,5,s_nm1,addition,gd,97,256,3,quadratic,1.0,0,1000,5000,0.3,1011,10,5,10000,1.0,iid,0.5,0.0,fedavg,1.0,0.0,0.001,20,0,10000,100,0.0,50.0,0.0,95.0,13400.0,13400.0,11400.0,3700.0,9700.0,0,100.0,100.0,100.0,0.39081916213035583,True,False,50000.0,1476.3,False,512,0.01,4,False,True
fede_addition_69d22f291a94,federated,S2b,probe_rerun,gate_a,,,B,,,modular,transformer,ce,5,s_nm1,addition,adamw,113,128,3,quadratic,1.0,0,1000,5000,0.3,123,10,5,10000,1.0,operand,0.5,0.0,fedavg,1.0,0.0,0.001,20,0,10000,100,0.0,0.001,1.0,95.0,43200.0,43200.0,41400.0,43100.0,100.0,0,99.75389242172241,100.0,100.0,nan,True,False,50000.0,1953.3,False,512,0.01,4,False,True
fede_addition_6a6b71cd700a,federated,T3,server_lr_cal,cal,,fedavgm,,,,modular,groknet,mse,5,s_nm1,addition,gd,97,256,3,quadratic,1.0,0,1000,5000,0.3,456,10,5,10000,1.0,dirichlet,0.1,0.0,fedavgm,0.1,0.9,0.001,20,0,10000,100,0.0,50.0,0.0,95.0,15000.0,15000.0,12800.0,3900.0,11100.0,0,100.0,100.0,100.0,0.39548423886299133,True,False,50000.0,1520.3,False,512,0.01,4,False,True
fede_addition_6aba66c45e3a,federated,T2,k_fixed_total,phase,,,,,,modular,groknet,mse,5,s_nm1,addition,gd,97,256,3,quadratic,1.0,0,1000,5000,0.3,456,5,5,10000,1.0,iid,0.5,0.0,fedavg,1.0,0.0,0.001,20,0,10000,100,0.0,50.0,0.0,95.0,13500.0,13500.0,11600.0,3800.0,9700.0,0,100.0,100.0,100.0,0.41668081283569336,True,False,50000.0,1300.1,False,512,0.01,4,False,True
fede_addition_6acb607a0efd,federated,T3a,dirichlet_setups,exp3a,,,B,,,modular,transformer,ce,5,s_nm1,addition,adamw,113,128,3,quadratic,1.0,0,1000,5000,0.3,456,10,5,20000,1.0,dirichlet,0.1,0.0,fedavg,1.0,0.0,0.001,20,2000,10000,100,0.0,0.001,1.0,95.0,inf,inf,inf,inf,inf,0,21.646717190742493,23.838119208812714,29.608353972434998,nan,False,True,100000.0,5016.4,True,512,0.01,4,False,True
fede_addition_6ae59d11b0fd,federated,T3a,dirichlet_setups,exp3a,,,B,,,modular,transformer,ce,5,s_nm1,addition,adamw,113,128,3,quadratic,1.0,0,1000,5000,0.3,456,10,5,20000,1.0,dirichlet,1.0,0.0,fedavg,1.0,0.0,0.001,20,2000,10000,100,0.0,0.001,1.0,95.0,4200.0,4200.0,2900.0,4200.0,0.0,0,99.9776303768158,100.0,100.0,nan,True,False,100000.0,4951.3,True,512,0.01,4,False,True
fede_addition_6b345aa1cf67,federated,T3,algorithms,algo,H3,fedavgm,,,,modular,groknet,mse,5,s_nm1,addition,gd,97,256,3,quadratic,1.0,0,1000,5000,0.3,42,10,50,10000,1.0,dirichlet,0.1,0.0,fedavgm,1.0,0.9,0.001,20,0,10000,100,0.0,50.0,0.0,95.0,6000.0,6000.0,5000.0,2000.0,4000.0,0,99.72673654556274,100.0,100.0,0.46069657802581787,True,False,500000.0,3017.2,False,512,0.01,4,False,True
fede_addition_6b5f47134ba7,federated,T2,aggregation,exp2,,,B,fl,,modular,transformer,ce,5,s_nm1,addition,adamw,113,128,3,quadratic,1.0,0,1000,5000,0.3,123,50,5,20000,1.0,iid,0.5,0.0,fedavg,1.0,0.0,0.001,20,2000,10000,100,0.0,0.001,1.0,95.0,inf,inf,inf,inf,inf,0,23.783421516418457,33.18537771701813,35.45691967010498,nan,False,True,100000.0,10919.1,True,512,0.01,4,False,True
fede_addition_6d6f4e0bfdbf,federated,T3a,size_control,exp3a,,,A,,,modular,groknet,mse,5,s_nm1,addition,gd,97,256,3,quadratic,1.0,0,1000,5000,0.25,123,50,5,20000,1.0,dirichlet_sizes,0.01,0.0,fedavg,1.0,0.0,0.001,20,1000,10000,100,0.0,50.0,0.0,95.0,inf,inf,inf,3600.0,inf,0,1.0060932487249374,1.105442177504301,99.7448980808258,nan,False,True,100000.0,8199.7,True,512,0.01,4,False,True
fede_addition_6d8bfccef00b,federated,T3b,partitions,exp3b,,,A,,,modular,groknet,mse,5,s_nm1,addition,gd,97,256,3,quadratic,1.0,0,1000,5000,0.3,456,50,5,10000,1.0,dirichlet,0.5,0.0,fedavg,1.0,0.0,0.001,20,1000,10000,100,0.0,50.0,0.0,95.0,16000.0,16000.0,13400.0,3800.0,12200.0,0,100.0,100.0,100.0,0.36840882897377014,True,False,50000.0,4553.5,True,512,0.01,4,False,True
fede_addition_6db862b16fdc,federated,T2,aggregation_alpha2,exp2,,,B,fl,,modular,transformer,ce,5,s_nm1,addition,adamw,113,128,3,quadratic,1.0,0,1000,5000,0.4,456,2,5,20000,1.0,iid,0.5,0.0,fedavg,1.0,0.0,0.001,20,2000,10000,100,0.0,0.001,1.0,95.0,1500.0,1500.0,1200.0,600.0,900.0,0,99.99999403953552,100.0,100.0,nan,True,False,100000.0,4368.6,True,512,0.01,4,False,True
fede_addition_6deba0a30753,federated,T3b,partitions,exp3b,,,B,,,modular,transformer,ce,5,s_nm1,addition,adamw,113,128,3,quadratic,1.0,0,1000,5000,0.3,123,10,5,20000,1.0,operand,0.5,0.0,fedavg,1.0,0.0,0.001,20,2000,10000,100,0.0,0.001,1.0,95.0,inf,inf,inf,inf,inf,0,22.161316871643066,64.67362642288208,71.7232346534729,nan,False,True,100000.0,5310.8,True,512,0.01,4,False,True
fede_addition_6e64571e3a2f,federated,T3a,size_control,exp3a,,,A,,,modular,groknet,mse,5,s_nm1,addition,gd,97,256,3,quadratic,1.0,0,1000,5000,0.25,123,20,5,20000,1.0,dirichlet_sizes,0.01,0.0,fedavg,1.0,0.0,0.001,20,1000,10000,100,0.0,50.0,0.0,95.0,29800.0,29800.0,23200.0,3300.0,26500.0,0,100.0,100.0,100.0,0.4106706380844116,True,False,100000.0,3668.7,True,512,0.01,4,False,True
fede_addition_70126fc9bc1b,federated,T3,algorithms,algo,H2,fedavg,,,,modular,groknet,mse,5,s_nm1,addition,gd,97,256,3,quadratic,1.0,0,1000,5000,0.25,1011,10,25,10000,1.0,dirichlet,0.1,0.0,fedavg,1.0,0.0,0.001,20,0,10000,100,0.0,50.0,0.0,95.0,64000.0,64000.0,43500.0,3000.0,61000.0,0,99.94332194328308,100.0,100.0,0.4082374572753906,True,False,250000.0,2092.3,False,512,0.01,4,False,True
fede_addition_71152002b615,federated,T3a,size_control,exp3a,,,A,,,modular,groknet,mse,5,s_nm1,addition,gd,97,256,3,quadratic,1.0,0,1000,5000,0.25,123,50,5,20000,1.0,dirichlet_sizes,0.1,0.0,fedavg,1.0,0.0,0.001,20,1000,10000,100,0.0,50.0,0.0,95.0,45900.0,45900.0,34000.0,3400.0,42500.0,0,100.0,100.0,100.0,0.3975289762020111,True,False,100000.0,8151.7,True,512,0.01,4,False,True
fede_addition_71320a359302,federated,T2,aggregation,exp2,,,B,fl,,modular,transformer,ce,5,s_nm1,addition,adamw,113,128,3,quadratic,1.0,0,1000,5000,0.3,123,5,5,20000,1.0,iid,0.5,0.0,fedavg,1.0,0.0,0.001,20,2000,10000,100,0.0,0.001,1.0,95.0,5700.0,5700.0,5200.0,1800.0,3900.0,0,100.0,100.0,100.0,nan,True,False,100000.0,3566.2,True,512,0.01,4,False,True
fede_addition_72352025b744,federated,T3a,dirichlet_setups,exp3a,,,B,,,modular,transformer,ce,5,s_nm1,addition,adamw,113,128,3,quadratic,1.0,0,1000,5000,0.3,123,10,5,20000,1.0,dirichlet,0.01,0.0,fedavg,1.0,0.0,0.001,20,2000,10000,100,0.0,0.001,1.0,95.0,inf,inf,inf,inf,inf,0,11.757467687129974,13.577023148536682,20.104438066482544,nan,False,True,100000.0,6346.9,True,512,0.01,4,False,True
fede_addition_7247bd06c1b3,federated,T2,aggregation,exp2,,,A,fl,,modular,groknet,mse,5,s_nm1,addition,gd,97,256,3,quadratic,1.0,0,1000,5000,0.3,123,5,5,10000,1.0,iid,0.5,0.0,fedavg,1.0,0.0,0.001,20,1000,10000,100,0.0,50.0,0.0,95.0,12700.0,12700.0,10700.0,3700.0,9000.0,0,100.0,100.0,100.0,0.41959577798843384,True,False,50000.0,1334.1,True,512,0.01,4,False,True
fede_addition_7297e0c664d5,federated,T3,server_lr_cal,cal,,fedavgm,,,,modular,groknet,mse,5,s_nm1,addition,gd,97,256,3,quadratic,1.0,0,1000,5000,0.3,42,10,5,10000,1.0,dirichlet,0.1,0.0,fedavgm,1.0,0.0,0.001,20,0,10000,100,0.0,50.0,0.0,95.0,13400.0,13400.0,11300.0,3600.0,9800.0,0,100.0,100.0,100.0,0.39066949486732483,True,False,50000.0,1471.3,False,512,0.01,4,False,True
fede_addition_740a0215ae74,federated,S2,fl_probe,probe,,,B,,,modular,transformer,ce,5,s_nm1,addition,adamw,113,128,3,quadratic,1.0,0,1000,5000,0.3,42,50,5,2000,1.0,iid,0.5,0.0,fedavg,1.0,0.0,0.001,20,0,10000,100,0.0,0.001,1.0,95.0,inf,inf,inf,inf,inf,0,0.36916881799697876,3.60313318669796,4.986945167183876,nan,False,True,10000.0,1091.2,False,512,0.01,4,False,True
fede_addition_74deb61f3749,federated,S2,fl_probe,probe,,,B,,,modular,transformer,ce,5,s_nm1,addition,adamw,113,128,3,quadratic,1.0,0,1000,5000,0.3,123,10,5,2000,1.0,iid,0.5,0.0,fedavg,1.0,0.0,0.001,20,0,10000,100,0.0,0.001,1.0,95.0,6400.0,6400.0,6200.0,5600.0,800.0,0,100.0,100.0,100.0,nan,True,False,10000.0,402.5,False,512,0.01,4,False,True
fede_addition_760d2975d1c0,federated,T1,probe,probe,,,,,,modular,groknet,mse,5,s_nm1,addition,gd,97,256,3,quadratic,1.0,0,1000,5000,0.3,123,10,5,10000,1.0,operand,0.5,0.0,fedavg,1.0,0.0,0.001,20,0,10000,100,0.0,50.0,0.0,95.0,12700.0,12700.0,10600.0,3700.0,9000.0,0,100.0,100.0,100.0,0.44009944796562195,True,False,50000.0,1495.8,False,512,0.01,4,False,True
fede_addition_769384356140,federated,T3a,dirichlet_setups,exp3a,,,A,,,modular,groknet,mse,5,s_nm1,addition,gd,97,256,3,quadratic,1.0,0,1000,5000,0.3,42,10,5,10000,1.0,dirichlet,0.1,0.0,fedavg,1.0,0.0,0.001,20,1000,10000,100,0.0,50.0,0.0,95.0,13400.0,13400.0,11300.0,3600.0,9800.0,0,100.0,100.0,100.0,0.39066991209983826,True,False,50000.0,1534.4,True,512,0.01,4,False,True
fede_addition_76956f1f6e08,federated,T2,k_fixed_total,phase,,,,,,modular,groknet,mse,5,s_nm1,addition,gd,97,256,3,quadratic,1.0,0,1000,5000,0.3,789,5,5,10000,1.0,operand,0.5,0.0,fedavg,1.0,0.0,0.001,20,0,10000,100,0.0,50.0,0.0,95.0,13400.0,13400.0,11200.0,3800.0,9600.0,0,100.0,100.0,100.0,0.416973739862442,True,False,50000.0,1322.5,False,512,0.01,4,False,True
fede_addition_76f2ecbbe3ee,federated,T3a,dirichlet_setups,exp3a,,,B,,,modular,transformer,ce,5,s_nm1,addition,adamw,113,128,3,quadratic,1.0,0,1000,5000,0.3,456,10,5,20000,1.0,dirichlet,0.01,0.0,fedavg,1.0,0.0,0.001,20,2000,10000,100,0.0,0.001,1.0,95.0,inf,inf,inf,inf,inf,0,13.737554848194122,15.561357140541077,20.052218437194824,nan,False,True,100000.0,5366.2,True,512,0.01,4,False,True
fede_addition_7754170f055a,federated,T1,probe,probe,,,,,,modular,groknet,mse,5,s_nm1,addition,gd,97,256,3,quadratic,1.0,0,1000,5000,0.3,456,10,50,10000,1.0,iid,0.5,0.0,fedavg,1.0,0.0,0.001,20,0,10000,100,0.0,50.0,0.0,95.0,25000.0,25000.0,20000.0,5000.0,20000.0,0,99.95445609092712,100.0,100.0,0.42185404896736145,True,False,500000.0,2640.6,False,512,0.01,4,False,True
fede_addition_7759b72e65d1,federated,T2,aggregation,exp2,,,A',fl,,modular,groknet,mse,5,s_nm1,addition,adamw,97,256,3,quadratic,1.0,0,1000,5000,0.2,42,2,5,20000,1.0,iid,0.5,0.0,fedavg,1.0,0.0,0.001,20,2000,10000,100,0.0,0.001,0.1,95.0,53200.0,53200.0,43300.0,200.0,53000.0,0,100.0,100.0,100.0,0.39679282903671265,True,False,100000.0,2414.6,True,512,0.01,4,False,True
fede_addition_776182345795,federated,T2,aggregation,exp2,,,B,fl,,modular,transformer,ce,5,s_nm1,addition,adamw,113,128,3,quadratic,1.0,0,1000,5000,0.3,123,10,5,20000,1.0,iid,0.5,0.0,fedavg,1.0,0.0,0.001,20,2000,10000,100,0.0,0.001,1.0,95.0,5200.0,5200.0,5000.0,4800.0,400.0,0,100.0,100.0,100.0,nan,True,False,100000.0,4241.0,True,512,0.01,4,False,True
fede_addition_778289b0bacd,federated,T2,boundary,boundary,,,,,,modular,groknet,mse,5,s_nm1,addition,gd,97,256,3,quadratic,1.0,0,1000,5000,0.25,123,20,5,20000,1.0,iid,0.5,0.0,fedavg,1.0,0.0,0.001,20,1000,10000,100,0.0,50.0,0.0,95.0,29800.0,29800.0,23500.0,3300.0,26500.0,0,100.0,100.0,100.0,0.41698214411735535,True,False,100000.0,3537.6,True,512,0.01,4,False,True
fede_addition_77c95afe9fbb,federated,T2,k_fixed_total,phase,,,,,,modular,groknet,mse,5,s_nm1,addition,gd,97,256,3,quadratic,1.0,0,1000,5000,0.3,1011,50,5,10000,1.0,operand,0.5,0.0,fedavg,1.0,0.0,0.001,20,0,10000,100,0.0,50.0,0.0,95.0,13700.0,13700.0,11600.0,3700.0,10000.0,0,100.0,100.0,100.0,0.48972630500793457,True,False,50000.0,4193.9,False,512,0.01,4,False,True
fede_addition_77fe2a79c88b,federated,T2,aggregation_alpha2,exp2,,,B,fl,,modular,transformer,ce,5,s_nm1,addition,adamw,113,128,3,quadratic,1.0,0,1000,5000,0.4,42,20,5,2000,1.0,iid,0.5,0.0,fedavg,1.0,0.0,0.001,20,200,10000,100,0.0,0.001,1.0,95.0,inf,inf,inf,inf,inf,0,20.046985149383545,38.98570537567139,40.767574310302734,nan,False,True,10000.0,2103.9,True,512,0.01,4,False,True
fede_addition_7890dfebe4c5,federated,T3,server_lr_cal,cal,,fedavgm,,,,modular,groknet,mse,5,s_nm1,addition,gd,97,256,3,quadratic,1.0,0,1000,5000,0.3,123,10,5,10000,1.0,dirichlet,0.1,0.0,fedavgm,0.1,0.0,0.001,20,0,10000,100,0.0,50.0,0.0,95.0,inf,inf,inf,35600.0,inf,0,0.19735842943191528,99.89368915557861,99.89368915557861,0.028931494802236557,False,True,50000.0,1516.9,False,512,0.01,4,False,True
fede_addition_790af6ebe65c,federated,T5,participation_setups,exp4b,,,A,,,modular,groknet,mse,5,s_nm1,addition,gd,97,256,3,quadratic,1.0,0,1000,5000,0.3,456,20,5,40000,0.25,iid,0.5,0.0,fedavg,1.0,0.0,0.001,80,4000,10000,100,0.0,50.0,0.0,95.0,3500.028348688861,3500.028348688861,3099.961020552782,999.9751948972364,2500.053153791625,0,100.0,100.0,100.0,0.4676857888698578,True,False,49999.424167254176,5131.2,True,512,0.01,4,False,True
fede_addition_7944c35da99a,federated,T3a,dirichlet_band,exp3a,,,A,,,modular,groknet,mse,5,s_nm1,addition,gd,97,256,3,quadratic,1.0,0,1000,5000,0.25,456,50,5,20000,1.0,dirichlet,0.1,0.0,fedavg,1.0,0.0,0.001,20,1000,10000,100,0.0,50.0,0.0,95.0,55800.0,55800.0,41600.0,3100.0,52700.0,0,100.0,100.0,100.0,0.32862019538879395,True,False,100000.0,8530.4,True,512,0.01,4,False,True
fede_addition_7984c8092f77,federated,P1,k_collapse_budget,diagnosis,,,B,,,modular,transformer,ce,5,s_nm1,addition,adamw,113,128,3,quadratic,1.0,0,1000,5000,0.3,42,30,5,20000,1.0,iid,0.5,0.0,fedavg,1.0,0.0,0.001,20,2000,10000,100,0.0,0.001,1.0,95.0,13200.0,12800.0,9700.0,12900.0,300.0,2,97.94160723686218,99.66057538986206,100.0,nan,True,False,100000.0,6248.1,True,512,0.01,4,False,True
fede_addition_79e9914266b7,federated,T5,local_epochs,exp_e,,,A,,,modular,groknet,mse,5,s_nm1,addition,gd,97,256,3,quadratic,1.0,0,1000,5000,0.3,42,10,25,2000,1.0,iid,0.5,0.0,fedavg,1.0,0.0,0.001,4,0,10000,100,0.0,50.0,0.0,95.0,14700.0,14700.0,12200.0,3700.0,11000.0,0,100.0,100.0,100.0,0.39076152443885803,True,False,50000.0,577.5,False,512,0.01,4,False,True
fede_addition_7be9bba001a8,federated,T3,algorithms,algo,H1,fedyogi,,,,modular,groknet,mse,5,s_nm1,addition,gd,97,256,3,quadratic,1.0,0,1000,5000,0.25,1011,10,25,10000,1.0,iid,0.5,0.0,fedyogi,0.1,0.0,0.001,20,0,10000,100,0.0,50.0,0.0,95.0,4500.0,4500.0,2500.0,1000.0,3500.0,0,100.0,100.0,100.0,0.39051905274391174,True,False,250000.0,2049.6,False,512,0.01,4,False,True
fede_addition_7c569d4c3a98,federated,T2,k_fixed_total,phase,,,,,,modular,groknet,mse,5,s_nm1,addition,gd,97,256,3,quadratic,1.0,0,1000,5000,0.3,1011,10,5,10000,1.0,dirichlet,0.5,0.0,fedavg,1.0,0.0,0.001,20,0,10000,100,0.0,50.0,0.0,95.0,13600.0,13600.0,11600.0,3700.0,9900.0,0,100.0,100.0,100.0,0.393698126077652,True,False,50000.0,1478.0,False,512,0.01,4,False,True
fede_addition_7c95efdf1292,federated,T3a,dirichlet_band,exp3a,,,A,,,modular,groknet,mse,5,s_nm1,addition,gd,97,256,3,quadratic,1.0,0,1000,5000,0.25,456,20,5,20000,1.0,dirichlet,10.0,0.0,fedavg,1.0,0.0,0.001,20,1000,10000,100,0.0,50.0,0.0,95.0,31500.0,31500.0,24200.0,3200.0,28300.0,0,100.0,100.0,100.0,0.4080350697040558,True,False,100000.0,4132.1,True,512,0.01,4,False,True
fede_addition_7da941d05ca7,federated,T2,k_fixed_total,phase,,,,,,modular,groknet,mse,5,s_nm1,addition,gd,97,256,3,quadratic,1.0,0,1000,5000,0.3,456,50,5,10000,1.0,dirichlet,0.5,0.0,fedavg,1.0,0.0,0.001,20,0,10000,100,0.0,50.0,0.0,95.0,16000.0,16000.0,13400.0,3800.0,12200.0,0,100.0,100.0,100.0,0.3684062957763672,True,False,50000.0,4553.5,False,512,0.01,4,False,True
fede_addition_7dc2edc01c47,federated,T2,k_fixed_total,phase,,,,,,modular,groknet,mse,5,s_nm1,addition,gd,97,256,3,quadratic,1.0,0,1000,5000,0.3,1011,50,5,10000,1.0,iid,0.5,0.0,fedavg,1.0,0.0,0.001,20,0,10000,100,0.0,50.0,0.0,95.0,15200.0,15200.0,12700.0,3700.0,11500.0,0,100.0,100.0,100.0,0.36728376150131226,True,False,50000.0,4516.6,False,512,0.01,4,False,True
fede_addition_7de53732798d,federated,T3a,dirichlet_setups,exp3a,,,B,,,modular,transformer,ce,5,s_nm1,addition,adamw,113,128,3,quadratic,1.0,0,1000,5000,0.3,42,10,5,20000,1.0,dirichlet,1000.0,0.0,fedavg,1.0,0.0,0.001,20,2000,10000,100,0.0,0.001,1.0,95.0,12300.0,12300.0,11900.0,6900.0,5400.0,0,99.9776303768158,100.0,100.0,nan,True,False,100000.0,4778.8,True,512,0.01,4,False,True
fede_addition_7e5a6be2ecca,federated,T2,aggregation,exp2,,,A',fl,,modular,groknet,mse,5,s_nm1,addition,adamw,97,256,3,quadratic,1.0,0,1000,5000,0.2,456,10,5,20000,1.0,iid,0.5,0.0,fedavg,1.0,0.0,0.001,20,2000,10000,100,0.0,0.001,0.1,95.0,32800.0,32800.0,26400.0,800.0,32000.0,0,100.0,100.0,100.0,0.2885010242462158,True,False,100000.0,3066.5,True,512,0.01,4,False,True
fede_addition_7e7a7104705b,federated,T5,local_epochs,exp_e,,,A,,,modular,groknet,mse,5,s_nm1,addition,gd,97,256,3,quadratic,1.0,0,1000,5000,0.3,123,10,50,1000,1.0,iid,0.5,0.0,fedavg,1.0,0.0,0.001,2,0,10000,100,0.0,50.0,0.0,95.0,23000.0,23000.0,17200.0,4000.0,19000.0,0,100.0,100.0,100.0,0.3027022182941437,True,False,50000.0,263.6,False,512,0.01,4,False,True
fede_addition_7e8eb504d176,federated,T5,local_epochs,exp_e,,,B,,,modular,transformer,ce,5,s_nm1,addition,adamw,113,128,3,quadratic,1.0,0,1000,5000,0.3,456,10,25,8000,1.0,iid,0.5,0.0,fedavg,1.0,0.0,0.001,4,800,10000,100,0.0,0.001,0.1,95.0,70000.0,70000.0,65100.0,6000.0,64000.0,0,100.0,100.0,100.0,nan,True,False,200000.0,6379.3,True,512,0.01,4,False,True
fede_addition_7f3cd0ee99d0,federated,T3,algorithms,algo,H1,scaffold,,,,modular,groknet,mse,5,s_nm1,addition,gd,97,256,3,quadratic,1.0,0,1000,5000,0.25,42,10,25,10000,1.0,iid,0.5,0.0,scaffold,1.0,0.0,0.001,20,0,10000,100,0.0,50.0,0.0,95.0,4000.0,4000.0,3500.0,1000.0,3000.0,0,99.98583197593689,100.0,100.0,0.4527989625930786,True,False,250000.0,2739.5,False,512,0.01,4,False,True
fede_addition_7fe78f36bfcf,federated,T3a,dirichlet_band,exp3a,,,A,,,modular,groknet,mse,5,s_nm1,addition,gd,97,256,3,quadratic,1.0,0,1000,5000,0.25,42,50,5,20000,1.0,dirichlet,0.01,0.0,fedavg,1.0,0.0,0.001,20,1000,10000,100,0.0,50.0,0.0,95.0,inf,inf,inf,inf,inf,0,1.0911152698099613,0.8503401651978493,98.29931855201721,nan,False,True,100000.0,8692.6,True,512,0.01,4,False,True
fede_addition_800327393921,federated,T3,algorithms,algo,H3,fedyogi,,,,modular,groknet,mse,5,s_nm1,addition,gd,97,256,3,quadratic,1.0,0,1000,5000,0.3,789,10,50,10000,1.0,dirichlet,0.1,0.0,fedyogi,0.1,0.0,0.001,20,0,10000,100,0.0,50.0,0.0,95.0,2000.0,2000.0,2000.0,2000.0,0.0,0,100.0,100.0,100.0,0.4942031502723694,True,False,500000.0,2572.2,False,512,0.01,4,False,True
fede_addition_80dd9845b7b3,federated,T3,algorithms,algo,H1,fedprox,,,,modular,groknet,mse,5,s_nm1,addition,gd,97,256,3,quadratic,1.0,0,1000,5000,0.25,123,10,25,10000,1.0,iid,0.5,0.01,fedprox,1.0,0.0,0.001,20,0,10000,100,0.0,50.0,0.0,95.0,inf,inf,inf,40500.0,inf,0,34.859004616737366,100.0,100.0,0.09801536053419113,False,True,250000.0,2417.4,False,512,0.01,4,False,True
fede_addition_8101c97f6d2a,federated,T3b,partitions,exp3b,,,A',,,modular,groknet,mse,5,s_nm1,addition,adamw,97,256,3,quadratic,1.0,0,1000,5000,0.2,456,10,5,20000,1.0,target,0.5,0.0,fedavg,1.0,0.0,0.001,20,2000,10000,100,0.0,0.001,0.1,95.0,17900.0,17900.0,14200.0,1400.0,16500.0,0,100.0,100.0,100.0,0.3528030514717102,True,False,100000.0,3541.4,True,512,0.01,4,False,True
fede_addition_812af9cf49ce,federated,P1,k_collapse_wd,diagnosis,,,B,,,modular,transformer,ce,5,s_nm1,addition,adamw,113,128,3,quadratic,1.0,0,1000,5000,0.3,42,20,5,2000,1.0,iid,0.5,0.0,fedavg,1.0,0.0,0.001,20,0,10000,100,0.0,0.001,0.1,95.0,inf,inf,inf,3900.0,inf,0,0.23492560721933842,99.9738872051239,100.0,nan,False,True,10000.0,886.0,False,512,0.01,4,False,True
fede_addition_81317b979f23,federated,P1,k_collapse_budget,diagnosis,,,B,,,modular,transformer,ce,5,s_nm1,addition,adamw,113,128,3,quadratic,1.0,0,1000,5000,0.3,456,20,5,40000,1.0,iid,0.5,0.0,fedavg,1.0,0.0,0.001,20,2000,10000,100,0.0,0.001,0.1,95.0,93700.0,93700.0,85900.0,3600.0,90100.0,0,99.66439604759216,100.0,100.0,nan,True,False,200000.0,11964.1,True,512,0.01,4,False,True
fede_addition_820f277079d6,federated,T3,algorithms,algo,H3,fedyogi,,,,modular,groknet,mse,5,s_nm1,addition,gd,97,256,3,quadratic,1.0,0,1000,5000,0.3,123,10,50,10000,1.0,dirichlet,0.1,0.0,fedyogi,0.1,0.0,0.001,20,0,10000,100,0.0,50.0,0.0,95.0,2000.0,2000.0,2000.0,2000.0,0.0,0,100.0,100.0,100.0,0.4909704327583313,True,False,500000.0,2585.8,False,512,0.01,4,False,True
fede_addition_82144f522051,federated,T3a,dirichlet_band,exp3a,,,A,,,modular,groknet,mse,5,s_nm1,addition,gd,97,256,3,quadratic,1.0,0,1000,5000,0.25,42,50,5,20000,1.0,dirichlet,0.1,0.0,fedavg,1.0,0.0,0.001,20,1000,10000,100,0.0,50.0,0.0,95.0,49700.0,49700.0,37000.0,2900.0,46800.0,0,100.0,100.0,100.0,0.32496291399002075,True,False,100000.0,8554.8,True,512,0.01,4,False,True
fede_addition_8260e8431d44,federated,T5,local_epochs,exp_e,,,A,,,modular,groknet,mse,5,s_nm1,addition,gd,97,256,3,quadratic,1.0,0,1000,5000,0.3,42,10,1,50000,1.0,iid,0.5,0.0,fedavg,1.0,0.0,0.001,100,0,10000,100,0.0,50.0,0.0,95.0,12600.0,12600.0,10600.0,3700.0,8900.0,0,100.0,100.0,100.0,0.42173337936401367,True,False,50000.0,10928.9,False,512,0.01,4,False,True
fede_addition_826c9620c89d,federated,T3b,partitions,exp3b,,,B,,,modular,transformer,ce,5,s_nm1,addition,adamw,113,128,3,quadratic,1.0,0,1000,5000,0.3,42,20,5,20000,1.0,dirichlet,0.5,0.0,fedavg,1.0,0.0,0.001,20,2000,10000,100,0.0,0.001,1.0,95.0,inf,12000.0,5400.0,16700.0,inf,833,94.2387342453003,98.79895448684692,99.11227226257324,nan,False,True,100000.0,7231.2,True,512,0.01,4,False,True
fede_addition_855253117263,federated,T2,k_fixed_total,phase,,,,,,modular,groknet,mse,5,s_nm1,addition,gd,97,256,3,quadratic,1.0,0,1000,5000,0.3,42,20,5,10000,1.0,operand,0.5,0.0,fedavg,1.0,0.0,0.001,20,0,10000,100,0.0,50.0,0.0,95.0,12700.0,12700.0,10700.0,3700.0,9000.0,0,100.0,100.0,100.0,0.43513306975364685,True,False,50000.0,1975.4,False,512,0.01,4,False,True
fede_addition_85a57cf4f72a,federated,T3a,dirichlet_setups,exp3a,,,A,,,modular,groknet,mse,5,s_nm1,addition,gd,97,256,3,quadratic,1.0,0,1000,5000,0.3,123,10,5,10000,1.0,dirichlet,10.0,0.0,fedavg,1.0,0.0,0.001,20,1000,10000,100,0.0,50.0,0.0,95.0,12900.0,12900.0,10800.0,3700.0,9200.0,0,100.0,100.0,100.0,0.42272627353668213,True,False,50000.0,1465.9,True,512,0.01,4,False,True
fede_addition_85c383e38530,federated,T3b,partitions,exp3b,,,A,,,modular,groknet,mse,5,s_nm1,addition,gd,97,256,3,quadratic,1.0,0,1000,5000,0.3,456,50,5,10000,1.0,target,0.5,0.0,fedavg,1.0,0.0,0.001,20,1000,10000,100,0.0,50.0,0.0,95.0,27500.0,27500.0,17900.0,34100.0,-6600.0,0,99.93927478790283,100.0,100.0,0.1812686026096344,True,False,50000.0,5154.5,True,512,0.01,4,False,True
fede_addition_85de03f82dad,federated,T5,local_epochs,exp_e,,,A,,,modular,groknet,mse,5,s_nm1,addition,gd,97,256,3,quadratic,1.0,0,1000,5000,0.3,456,10,50,1000,1.0,iid,0.5,0.0,fedavg,1.0,0.0,0.001,2,0,10000,100,0.0,50.0,0.0,95.0,24900.0,24900.0,19700.0,4100.0,20800.0,0,100.0,100.0,100.0,0.2962038516998291,True,False,50000.0,262.1,False,512,0.01,4,False,True
fede_addition_86143ca429f3,federated,T3,algorithms,algo,H1,fedyogi,,,,modular,groknet,mse,5,s_nm1,addition,gd,97,256,3,quadratic,1.0,0,1000,5000,0.25,789,10,25,10000,1.0,iid,0.5,0.0,fedyogi,0.1,0.0,0.001,20,0,10000,100,0.0,50.0,0.0,95.0,3500.0,3500.0,2500.0,1000.0,2500.0,0,99.91497993469238,100.0,100.0,0.5792498588562012,True,False,250000.0,2044.6,False,512,0.01,4,False,True
fede_addition_86214a479fb6,federated,T3a,dirichlet_band,exp3a,,,A,,,modular,groknet,mse,5,s_nm1,addition,gd,97,256,3,quadratic,1.0,0,1000,5000,0.25,123,20,5,20000,1.0,dirichlet,1.0,0.0,fedavg,1.0,0.0,0.001,20,1000,10000,100,0.0,50.0,0.0,95.0,29900.0,29900.0,23600.0,3300.0,26600.0,0,100.0,100.0,100.0,0.4072346091270447,True,False,100000.0,4337.5,True,512,0.01,4,False,True
fede_addition_86e9a9bb2ee7,federated,T3,server_lr_cal,cal,,fedavgm,,,,modular,groknet,mse,5,s_nm1,addition,gd,97,256,3,quadratic,1.0,0,1000,5000,0.3,456,10,5,10000,1.0,dirichlet,0.1,0.0,fedavgm,0.3,0.9,0.001,20,0,10000,100,0.0,50.0,0.0,95.0,5400.0,5400.0,4600.0,1400.0,4000.0,0,100.0,100.0,100.0,0.47651389241218567,True,False,50000.0,1463.7,False,512,0.01,4,False,True
fede_addition_8736741a7554,federated,T2,k_fixed_total,phase,,,,,,modular,groknet,mse,5,s_nm1,addition,gd,97,256,3,quadratic,1.0,0,1000,5000,0.3,789,20,5,10000,1.0,iid,0.5,0.0,fedavg,1.0,0.0,0.001,20,0,10000,100,0.0,50.0,0.0,95.0,14100.0,14100.0,11800.0,3700.0,10400.0,0,100.0,100.0,100.0,0.4160623848438263,True,False,50000.0,1989.5,False,512,0.01,4,False,True
fede_addition_874276aa7319,federated,T3a,dirichlet_band,exp3a,,,A,,,modular,groknet,mse,5,s_nm1,addition,gd,97,256,3,quadratic,1.0,0,1000,5000,0.25,123,20,5,20000,1.0,dirichlet,1000.0,0.0,fedavg,1.0,0.0,0.001,20,1000,10000,100,0.0,50.0,0.0,95.0,28800.0,28800.0,23100.0,3300.0,25500.0,0,100.0,100.0,100.0,0.41910797357559204,True,False,100000.0,4151.1,True,512,0.01,4,False,True
fede_addition_88ac9c27a07b,federated,T3,algorithms,algo,H1,fedyogi,,,,modular,groknet,mse,5,s_nm1,addition,gd,97,256,3,quadratic,1.0,0,1000,5000,0.25,123,10,25,10000,1.0,iid,0.5,0.0,fedyogi,0.1,0.0,0.001,20,0,10000,100,0.0,50.0,0.0,95.0,5000.0,5000.0,3000.0,1000.0,4000.0,0,99.85829591751099,100.0,100.0,0.3504132330417633,True,False,250000.0,2054.8,False,512,0.01,4,False,True
fede_addition_88b3ae0bd547,federated,T3a,dirichlet_setups,exp3a,,,B,,,modular,transformer,ce,5,s_nm1,addition,adamw,113,128,3,quadratic,1.0,0,1000,5000,0.3,42,10,5,20000,1.0,dirichlet,1.0,0.0,fedavg,1.0,0.0,0.001,20,2000,10000,100,0.0,0.001,1.0,95.0,6500.0,6500.0,5900.0,6200.0,300.0,0,99.95525479316711,100.0,100.0,nan,True,False,100000.0,4968.2,True,512,0.01,4,False,True
fede_addition_88eadc01aab8,federated,T3a,dirichlet_band,exp3a,,,A,,,modular,groknet,mse,5,s_nm1,addition,gd,97,256,3,quadratic,1.0,0,1000,5000,0.25,456,20,5,20000,1.0,dirichlet,1.0,0.0,fedavg,1.0,0.0,0.001,20,1000,10000,100,0.0,50.0,0.0,95.0,32300.0,32300.0,24600.0,3200.0,29100.0,0,100.0,100.0,100.0,0.39780110120773315,True,False,100000.0,4068.5,True,512,0.01,4,False,True
fede_addition_89440e995a82,federated,T4b,participation,exp4b,,,A,,,modular,groknet,mse,5,s_nm1,addition,gd,97,256,3,quadratic,1.0,0,1000,5000,0.25,42,50,5,33400,0.6,iid,0.5,0.0,fedavg,1.0,0.0,0.001,20,1670,10000,100,0.0,50.0,0.0,95.0,23999.965986397037,23999.965986397037,17519.991496597977,1799.9787414966002,22199.987244900436,0,100.0,100.0,100.0,0.40309926867485046,True,False,100199.93197274448,8393.7,True,512,0.01,4,False,True
fede_addition_8a66ec8d35bf,federated,T2,aggregation,exp2,,,A',fl,,modular,groknet,mse,5,s_nm1,addition,adamw,97,256,3,quadratic,1.0,0,1000,5000,0.2,123,50,5,20000,1.0,iid,0.5,0.0,fedavg,1.0,0.0,0.001,20,2000,10000,100,0.0,0.001,0.1,95.0,87900.0,87900.0,68800.0,7900.0,80000.0,0,99.80074167251587,100.0,100.0,0.2207823097705841,True,False,100000.0,8733.9,True,512,0.01,4,False,True
fede_addition_8b14d1386e95,federated,T3,algorithms,algo,H3,scaffold,,,,modular,groknet,mse,5,s_nm1,addition,gd,97,256,3,quadratic,1.0,0,1000,5000,0.3,123,10,50,10000,1.0,dirichlet,0.1,0.0,scaffold,1.0,0.0,0.001,20,0,10000,100,0.0,50.0,0.0,95.0,4000.0,4000.0,4000.0,3000.0,1000.0,0,99.93927478790283,100.0,100.0,0.4866380989551544,True,False,500000.0,3906.1,False,512,0.01,4,False,True
fede_addition_8ba7f501fac2,federated,T3,algorithms,algo,H2,fedprox,,,,modular,groknet,mse,5,s_nm1,addition,gd,97,256,3,quadratic,1.0,0,1000,5000,0.25,456,10,25,10000,1.0,dirichlet,0.1,0.01,fedprox,1.0,0.0,0.001,20,0,10000,100,0.0,50.0,0.0,95.0,inf,inf,inf,38000.0,inf,0,16.862690448760986,100.0,100.0,0.08302867412567139,False,True,250000.0,2317.3,False,512,0.01,4,False,True
fede_addition_8bc466da1cef,federated,T3,algorithms,algo,H3,scaffold,,,,modular,groknet,mse,5,s_nm1,addition,gd,97,256,3,quadratic,1.0,0,1000,5000,0.3,42,10,50,10000,1.0,dirichlet,0.1,0.0,scaffold,1.0,0.0,0.001,20,0,10000,100,0.0,50.0,0.0,95.0,4000.0,4000.0,4000.0,2000.0,2000.0,0,99.95445609092712,100.0,100.0,0.49599963426589966,True,False,500000.0,4109.1,False,512,0.01,4,False,True
fede_addition_8c5b06ffb19f,federated,T2,k_fixed_total,phase,,,,,,modular,groknet,mse,5,s_nm1,addition,gd,97,256,3,quadratic,1.0,0,1000,5000,0.3,123,10,5,10000,1.0,dirichlet,0.5,0.0,fedavg,1.0,0.0,0.001,20,0,10000,100,0.0,50.0,0.0,95.0,13000.0,13000.0,10900.0,3700.0,9300.0,0,100.0,100.0,100.0,0.4213506579399109,True,False,50000.0,1479.7,False,512,0.01,4,False,True
fede_addition_8e2ae02767ca,federated,T3b,partitions,exp3b,,,B,,,modular,transformer,ce,5,s_nm1,addition,adamw,113,128,3,quadratic,1.0,0,1000,5000,0.3,123,10,5,20000,1.0,target,0.5,0.0,fedavg,1.0,0.0,0.001,20,2000,10000,100,0.0,0.001,1.0,95.0,inf,inf,inf,inf,inf,0,7.752545177936554,7.519581913948059,14.934726059436798,nan,False,True,100000.0,5302.1,True,512,0.01,4,False,True
fede_addition_8e69fc8b44a8,federated,T3b,partitions,exp3b,,,B,,,modular,transformer,ce,5,s_nm1,addition,adamw,113,128,3,quadratic,1.0,0,1000,5000,0.3,42,10,5,20000,1.0,target,0.5,0.0,fedavg,1.0,0.0,0.001,20,2000,10000,100,0.0,0.001,1.0,95.0,inf,inf,inf,inf,inf,0,6.354178488254547,6.99738934636116,10.44386401772499,nan,False,True,100000.0,5321.6,True,512,0.01,4,False,True
fede_addition_8e7270fc829f,federated,T5,local_epochs,exp_e,,,B,,,modular,transformer,ce,5,s_nm1,addition,adamw,113,128,3,quadratic,1.0,0,1000,5000,0.3,456,10,50,4000,1.0,iid,0.5,0.0,fedavg,1.0,0.0,0.001,2,400,10000,100,0.0,0.001,0.1,95.0,59800.0,59800.0,54000.0,12200.0,47600.0,0,99.91050958633423,100.0,100.0,nan,True,False,200000.0,4978.8,True,512,0.01,4,False,True
fede_addition_8e82a037ef64,federated,T3,algorithms,algo,H2,fedavg,,,,modular,groknet,mse,5,s_nm1,addition,gd,97,256,3,quadratic,1.0,0,1000,5000,0.25,123,10,25,10000,1.0,dirichlet,0.1,0.0,fedavg,1.0,0.0,0.001,20,0,10000,100,0.0,50.0,0.0,95.0,75500.0,75500.0,54500.0,3500.0,72000.0,0,99.98583197593689,100.0,100.0,0.4159458875656128,True,False,250000.0,2119.1,False,512,0.01,4,False,True
fede_addition_8f097d398ae5,federated,S2,adam_restart,probe,,,B,,,modular,transformer,ce,5,s_nm1,addition,adamw,113,128,3,quadratic,1.0,0,1000,5000,0.3,123,10,50,2000,1.0,iid,0.5,0.0,fedavg,1.0,0.0,0.001,20,0,10000,100,0.0,0.001,1.0,95.0,inf,inf,77000.0,inf,inf,0,57.59033560752869,77.33681201934814,78.04177403450012,nan,False,True,100000.0,960.4,False,512,0.01,4,False,True
fede_addition_8f29b83e7a16,federated,T3,algorithms,algo,H2,fedavgm,,,,modular,groknet,mse,5,s_nm1,addition,gd,97,256,3,quadratic,1.0,0,1000,5000,0.25,1011,10,25,10000,1.0,dirichlet,0.1,0.0,fedavgm,1.0,0.9,0.001,20,0,10000,100,0.0,50.0,0.0,95.0,10000.0,10000.0,7500.0,1000.0,9000.0,0,99.78744983673096,100.0,100.0,0.46999678015708923,True,False,250000.0,2183.6,False,512,0.01,4,False,True
fede_addition_8f6a421de03b,federated,T3,algorithms,algo,H3,fedprox,,,,modular,groknet,mse,5,s_nm1,addition,gd,97,256,3,quadratic,1.0,0,1000,5000,0.3,456,10,50,10000,1.0,dirichlet,0.1,0.01,fedprox,1.0,0.0,0.001,20,0,10000,100,0.0,50.0,0.0,95.0,359000.0,359000.0,306000.0,94000.0,265000.0,0,100.0,100.0,100.0,0.25150713324546814,True,False,500000.0,3241.7,False,512,0.01,4,False,True
fede_addition_8f6beb1e0a88,federated,T3,algorithms,algo,H1,fedprox,,,,modular,groknet,mse,5,s_nm1,addition,gd,97,256,3,quadratic,1.0,0,1000,5000,0.25,1011,10,25,10000,1.0,iid,0.5,0.01,fedprox,1.0,0.0,0.001,20,0,10000,100,0.0,50.0,0.0,95.0,inf,inf,inf,37500.0,inf,0,40.56964814662933,100.0,100.0,0.10382605344057083,False,True,250000.0,2409.8,False,512,0.01,4,False,True
fede_addition_8f920fb2fcde,federated,T5,local_epochs,exp_e,,,A,,,modular,groknet,mse,5,s_nm1,addition,gd,97,256,3,quadratic,1.0,0,1000,5000,0.3,123,10,10,5000,1.0,iid,0.5,0.0,fedavg,1.0,0.0,0.001,10,0,10000,100,0.0,50.0,0.0,95.0,13300.0,13300.0,11100.0,3700.0,9600.0,0,100.0,100.0,100.0,0.41326507925987244,True,False,50000.0,1223.6,False,512,0.01,4,False,True
fede_addition_901976c40907,federated,T2,k_fixed_total,phase,,,,,,modular,groknet,mse,5,s_nm1,addition,gd,97,256,3,quadratic,1.0,0,1000,5000,0.3,789,50,5,10000,1.0,operand,0.5,0.0,fedavg,1.0,0.0,0.001,20,0,10000,100,0.0,50.0,0.0,95.0,13900.0,13900.0,11500.0,3800.0,10100.0,0,100.0,100.0,100.0,0.4997004270553589,True,False,50000.0,4154.5,False,512,0.01,4,False,True
fede_addition_9038392c43c1,federated,S2b,k50_hparam,gate_a,,,B,,,modular,transformer,ce,5,s_nm1,addition,adamw,113,128,3,quadratic,1.0,0,1000,5000,0.3,42,50,5,2000,1.0,iid,0.5,0.0,fedavg,1.0,0.0,0.001,20,0,10000,100,0.0,0.0003,0.1,95.0,inf,inf,inf,inf,inf,0,0.033560802694410086,34.96083617210388,34.96083617210388,nan,False,True,10000.0,1450.1,False,512,0.01,4,False,True
fede_addition_90512f55f8ec,federated,T2,k_fixed_total,phase,,,,,,modular,groknet,mse,5,s_nm1,addition,gd,97,256,3,quadratic,1.0,0,1000,5000,0.3,1011,10,5,10000,1.0,operand,0.5,0.0,fedavg,1.0,0.0,0.001,20,0,10000,100,0.0,50.0,0.0,95.0,13200.0,13200.0,11200.0,3700.0,9500.0,0,100.0,100.0,100.0,0.4032522141933441,True,False,50000.0,1472.0,False,512,0.01,4,False,True
fede_addition_908ecca59702,federated,T2,aggregation,exp2,,,A',fl,,modular,groknet,mse,5,s_nm1,addition,adamw,97,256,3,quadratic,1.0,0,1000,5000,0.2,42,20,5,20000,1.0,iid,0.5,0.0,fedavg,1.0,0.0,0.001,20,2000,10000,100,0.0,0.001,0.1,95.0,58400.0,58400.0,45600.0,3700.0,54700.0,0,100.0,100.0,100.0,0.2866910398006439,True,False,100000.0,3944.0,True,512,0.01,4,False,True
fede_addition_910c93265fb6,federated,T2,k_fixed_total,phase,,,,,,modular,groknet,mse,5,s_nm1,addition,gd,97,256,3,quadratic,1.0,0,1000,5000,0.3,42,20,5,10000,1.0,iid,0.5,0.0,fedavg,1.0,0.0,0.001,20,0,10000,100,0.0,50.0,0.0,95.0,13200.0,13200.0,11100.0,3600.0,9600.0,0,100.0,100.0,100.0,0.40050557255744934,True,False,50000.0,1947.3,False,512,0.01,4,False,True
fede_addition_913a755f1706,federated,T2,aggregation,exp2,,,B,fl,,modular,transformer,ce,5,s_nm1,addition,adamw,113,128,3,quadratic,1.0,0,1000,5000,0.3,123,20,5,20000,1.0,iid,0.5,0.0,fedavg,1.0,0.0,0.001,20,2000,10000,100,0.0,0.001,1.0,95.0,12300.0,12300.0,10100.0,12300.0,0.0,0,99.83220100402832,100.0,100.0,nan,True,False,100000.0,6157.7,True,512,0.01,4,False,True
fede_addition_9153c297dcb5,federated,T2,k_fixed_total,phase,,,,,,modular,groknet,mse,5,s_nm1,addition,gd,97,256,3,quadratic,1.0,0,1000,5000,0.3,123,20,5,10000,1.0,dirichlet,0.5,0.0,fedavg,1.0,0.0,0.001,20,0,10000,100,0.0,50.0,0.0,95.0,13600.0,13600.0,11200.0,3600.0,10000.0,0,100.0,100.0,100.0,0.4031173288822174,True,False,50000.0,1978.0,False,512,0.01,4,False,True
fede_addition_9239e015000f,federated,T2,k_fixed_total,phase,,,,,,modular,groknet,mse,5,s_nm1,addition,gd,97,256,3,quadratic,1.0,0,1000,5000,0.3,42,50,5,10000,1.0,iid,0.5,0.0,fedavg,1.0,0.0,0.001,20,0,10000,100,0.0,50.0,0.0,95.0,14600.0,14600.0,12200.0,3700.0,10900.0,0,100.0,100.0,100.0,0.3722825348377228,True,False,50000.0,4504.1,False,512,0.01,4,False,True
fede_addition_9241a6080e97,federated,T2,boundary,boundary,,,,,,modular,groknet,mse,5,s_nm1,addition,gd,97,256,3,quadratic,1.0,0,1000,5000,0.25,123,50,5,20000,1.0,iid,0.5,0.0,fedavg,1.0,0.0,0.001,20,1000,10000,100,0.0,50.0,0.0,95.0,43800.0,43800.0,33500.0,3200.0,40600.0,0,100.0,100.0,100.0,0.38391610980033875,True,False,100000.0,8755.3,True,512,0.01,4,False,True
fede_addition_927ecbdfd6f3,federated,T3a,dirichlet_band,exp3a,,,A,,,modular,groknet,mse,5,s_nm1,addition,gd,97,256,3,quadratic,1.0,0,1000,5000,0.25,456,50,5,20000,1.0,dirichlet,0.01,0.0,fedavg,1.0,0.0,0.001,20,1000,10000,100,0.0,50.0,0.0,95.0,inf,inf,inf,inf,inf,0,5.413065105676651,92.51700639724731,97.23639488220215,0.059605203568935394,False,True,100000.0,8545.0,True,512,0.01,4,False,True
fede_addition_92a387039156,federated,T4b,participation,exp4b,,,A,,,modular,groknet,mse,5,s_nm1,addition,gd,97,256,3,quadratic,1.0,0,1000,5000,0.25,123,50,5,100000,0.2,iid,0.5,0.0,fedavg,1.0,0.0,0.001,20,5000,10000,100,0.0,50.0,0.0,95.0,8260.184948980283,8260.184948980283,6480.150935374578,720.0042517006821,7540.1806972796,0,99.98583197593689,100.0,100.0,0.4443194568157196,True,False,99999.46641174312,15878.9,True,512,0.01,4,False,True
fede_addition_92ba4e619f3d,federated,T3,algorithms,algo,H1,fedavgm,,,,modular,groknet,mse,5,s_nm1,addition,gd,97,256,3,quadratic,1.0,0,1000,5000,0.25,42,10,25,10000,1.0,iid,0.5,0.0,fedavgm,1.0,0.9,0.001,20,0,10000,100,0.0,50.0,0.0,95.0,6500.0,6500.0,5000.0,1000.0,5500.0,0,99.82995986938477,100.0,100.0,0.4666420519351959,True,False,250000.0,2246.4,False,512,0.01,4,False,True
fede_addition_92d35d6ce786,federated,T3a,dirichlet_band,exp3a,,,A,,,modular,groknet,mse,5,s_nm1,addition,gd,97,256,3,quadratic,1.0,0,1000,5000,0.25,42,50,5,20000,1.0,dirichlet,1.0,0.0,fedavg,1.0,0.0,0.001,20,1000,10000,100,0.0,50.0,0.0,95.0,38200.0,38200.0,28400.0,3000.0,35200.0,0,100.0,100.0,100.0,0.3495597541332245,True,False,100000.0,8528.2,True,512,0.01,4,False,True
fede_addition_934fc60e4ed5,federated,T4b,participation,exp4b,,,A,,,modular,groknet,mse,5,s_nm1,addition,gd,97,256,3,quadratic,1.0,0,1000,5000,0.25,456,50,5,33400,0.6,iid,0.5,0.0,fedavg,1.0,0.0,0.001,20,1670,10000,100,0.0,50.0,0.0,95.0,31920.125425176368,31920.125425176368,22800.227465988275,1860.0765306122476,30060.04889456412,0,100.0,100.0,100.0,0.4502433240413666,True,False,100200.15943873086,8373.6,True,512,0.01,4,False,True
fede_addition_936a2a941320,federated,T2,k_fixed_total,phase,,,,,,modular,groknet,mse,5,s_nm1,addition,gd,97,256,3,quadratic,1.0,0,1000,5000,0.3,42,50,5,10000,1.0,dirichlet,0.5,0.0,fedavg,1.0,0.0,0.001,20,0,10000,100,0.0,50.0,0.0,95.0,14700.0,14700.0,12300.0,3700.0,11000.0,0,100.0,100.0,100.0,0.374022513628006,True,False,50000.0,4523.8,False,512,0.01,4,False,True
fede_addition_938e634ed4a9,federated,T3,algorithms,algo,H3,fedprox,,,,modular,groknet,mse,5,s_nm1,addition,gd,97,256,3,quadratic,1.0,0,1000,5000,0.3,789,10,50,10000,1.0,dirichlet,0.1,0.01,fedprox,1.0,0.0,0.001,20,0,10000,100,0.0,50.0,0.0,95.0,363000.0,363000.0,296000.0,92000.0,271000.0,0,100.0,100.0,100.0,0.26017022132873535,True,False,500000.0,3252.9,False,512,0.01,4,False,True
fede_addition_93ddb7a183a7,federated,T3,server_lr_cal,cal,,fedavgm,,,,modular,groknet,mse,5,s_nm1,addition,gd,97,256,3,quadratic,1.0,0,1000,5000,0.3,123,10,5,10000,1.0,dirichlet,0.1,0.0,fedavgm,0.3,0.0,0.001,20,0,10000,100,0.0,50.0,0.0,95.0,44300.0,44300.0,37100.0,11900.0,32400.0,0,99.8026430606842,100.0,100.0,0.1846160888671875,True,False,50000.0,1501.8,False,512,0.01,4,False,True
fede_addition_94076349d964,federated,T3a,dirichlet_setups,exp3a,,,A,,,modular,groknet,mse,5,s_nm1,addition,gd,97,256,3,quadratic,1.0,0,1000,5000,0.3,42,10,5,10000,1.0,dirichlet,1000.0,0.0,fedavg,1.0,0.0,0.001,20,1000,10000,100,0.0,50.0,0.0,95.0,12800.0,12800.0,10800.0,3700.0,9100.0,0,100.0,100.0,100.0,0.41538065671920776,True,False,50000.0,1484.3,True,512,0.01,4,False,True
fede_addition_946bd9f3c0b4,federated,T2,boundary,boundary,,,,,,modular,groknet,mse,5,s_nm1,addition,gd,97,256,3,quadratic,1.0,0,1000,5000,0.25,456,97,5,20000,1.0,iid,0.5,0.0,fedavg,1.0,0.0,0.001,20,1000,10000,100,0.0,50.0,0.0,95.0,inf,inf,98600.0,4400.0,inf,0,53.12455892562866,100.0,100.0,0.11585646867752075,False,True,100000.0,14850.8,True,512,0.01,4,False,True
fede_addition_950a8515e6d5,federated,T5,local_epochs,exp_e,,,A,,,modular,groknet,mse,5,s_nm1,addition,gd,97,256,3,quadratic,1.0,0,1000,5000,0.3,42,10,10,5000,1.0,iid,0.5,0.0,fedavg,1.0,0.0,0.001,10,0,10000,100,0.0,50.0,0.0,95.0,13200.0,13200.0,11100.0,3700.0,9500.0,0,100.0,100.0,100.0,0.3991662263870239,True,False,50000.0,1162.3,False,512,0.01,4,False,True
fede_addition_966eaf4854cf,federated,T3,algorithms,algo,H3,fedadam,,,,modular,groknet,mse,5,s_nm1,addition,gd,97,256,3,quadratic,1.0,0,1000,5000,0.3,789,10,50,10000,1.0,dirichlet,0.1,0.0,fedadam,0.1,0.0,0.001,20,0,10000,100,0.0,50.0,0.0,95.0,3000.0,3000.0,3000.0,2000.0,1000.0,0,100.0,100.0,100.0,0.37866902351379395,True,False,500000.0,2755.0,False,512,0.01,4,False,True
fede_addition_974f3d2b26b2,federated,T5,participation_setups,exp4b,,,A,,,modular,groknet,mse,5,s_nm1,addition,gd,97,256,3,quadratic,1.0,0,1000,5000,0.3,123,20,5,40000,0.25,iid,0.5,0.0,fedavg,1.0,0.0,0.001,80,4000,10000,100,0.0,50.0,0.0,95.0,3399.9911410346986,3399.9911410346986,2799.9982282069304,999.9805102764,2400.0106307582987,0,99.95445609092712,100.0,100.0,0.4891033172607422,True,False,50000.0265768936,5134.0,True,512,0.01,4,False,True
fede_addition_97fdfc72f8e7,federated,T3a,dirichlet_setups,exp3a,,,B,,,modular,transformer,ce,5,s_nm1,addition,adamw,113,128,3,quadratic,1.0,0,1000,5000,0.3,123,10,5,20000,1.0,dirichlet,1.0,0.0,fedavg,1.0,0.0,0.001,20,2000,10000,100,0.0,0.001,1.0,95.0,4500.0,4500.0,3900.0,4200.0,300.0,0,99.94406700134277,100.0,100.0,nan,True,False,100000.0,4970.2,True,512,0.01,4,False,True
fede_addition_9829ee5a93c1,federated,T2,k_fixed_total,phase,,,,,,modular,groknet,mse,5,s_nm1,addition,gd,97,256,3,quadratic,1.0,0,1000,5000,0.3,789,20,5,10000,1.0,operand,0.5,0.0,fedavg,1.0,0.0,0.001,20,0,10000,100,0.0,50.0,0.0,95.0,13500.0,13500.0,11300.0,3700.0,9800.0,0,100.0,100.0,100.0,0.43904978036880493,True,False,50000.0,2097.7,False,512,0.01,4,False,True
fede_addition_9918d38c342f,federated,T2,k_fixed_total,phase,,,,,,modular,groknet,mse,5,s_nm1,addition,gd,97,256,3,quadratic,1.0,0,1000,5000,0.3,456,20,5,10000,1.0,operand,0.5,0.0,fedavg,1.0,0.0,0.001,20,0,10000,100,0.0,50.0,0.0,95.0,13500.0,13500.0,11600.0,3900.0,9600.0,0,100.0,100.0,100.0,0.43463438749313354,True,False,50000.0,2128.7,False,512,0.01,4,False,True
fede_addition_99478440b702,federated,T2,aggregation_alpha2,exp2,,,B,fl,,modular,transformer,ce,5,s_nm1,addition,adamw,113,128,3,quadratic,1.0,0,1000,5000,0.4,123,20,5,2000,1.0,iid,0.5,0.0,fedavg,1.0,0.0,0.001,20,200,10000,100,0.0,0.001,1.0,95.0,inf,inf,4000.0,inf,inf,0,90.85094928741455,96.04464173316956,97.90483713150024,nan,False,True,10000.0,2103.8,True,512,0.01,4,False,True
fede_addition_99a0bd1f904f,federated,T3b,partitions,exp3b,,,A',,,modular,groknet,mse,5,s_nm1,addition,adamw,97,256,3,quadratic,1.0,0,1000,5000,0.2,42,20,5,20000,1.0,target,0.5,0.0,fedavg,1.0,0.0,0.001,20,2000,10000,100,0.0,0.001,0.1,95.0,35100.0,35100.0,28400.0,21900.0,13200.0,0,100.0,100.0,100.0,0.34934067726135254,True,False,100000.0,4561.6,True,512,0.01,4,False,True
fede_addition_9a6b27faa81f,federated,P1,k_collapse_wd,diagnosis,,,B,,,modular,transformer,ce,5,s_nm1,addition,adamw,113,128,3,quadratic,1.0,0,1000,5000,0.3,123,20,5,2000,1.0,iid,0.5,0.0,fedavg,1.0,0.0,0.001,20,0,10000,100,0.0,0.001,0.1,95.0,inf,inf,inf,3600.0,inf,0,0.44747735373675823,100.0,100.0,nan,False,True,10000.0,883.9,False,512,0.01,4,False,True
fede_addition_9a90409abb74,federated,T3,algorithms,algo,H2,fedavgm,,,,modular,groknet,mse,5,s_nm1,addition,gd,97,256,3,quadratic,1.0,0,1000,5000,0.25,42,10,25,10000,1.0,dirichlet,0.1,0.0,fedavgm,1.0,0.9,0.001,20,0,10000,100,0.0,50.0,0.0,95.0,7500.0,7500.0,6000.0,1000.0,6500.0,0,99.81578588485718,100.0,100.0,0.43238478899002075,True,False,250000.0,2170.1,False,512,0.01,4,False,True
fede_addition_9acd5b4ebabd,federated,T3,server_lr_cal,cal,,fedyogi,,,,modular,groknet,mse,5,s_nm1,addition,gd,97,256,3,quadratic,1.0,0,1000,5000,0.3,42,10,5,10000,1.0,dirichlet,0.1,0.0,fedyogi,0.01,0.0,0.001,20,0,10000,100,0.0,50.0,0.0,95.0,1900.0,1900.0,1600.0,500.0,1400.0,0,99.98481869697571,100.0,100.0,0.4688725471496582,True,False,50000.0,1550.1,False,512,0.01,4,False,True
fede_addition_9b191779485f,federated,T2,boundary,boundary,,,,,,modular,groknet,mse,5,s_nm1,addition,gd,97,256,3,quadratic,1.0,0,1000,5000,0.25,1011,20,5,20000,1.0,iid,0.5,0.0,fedavg,1.0,0.0,0.001,20,1000,10000,100,0.0,50.0,0.0,95.0,31300.0,31300.0,23100.0,3000.0,28300.0,0,100.0,100.0,100.0,0.4391869008541107,True,False,100000.0,3550.9,True,512,0.01,4,False,True
fede_addition_9bd9098ad4f9,federated,T3a,size_control,exp3a,,,A,,,modular,groknet,mse,5,s_nm1,addition,gd,97,256,3,quadratic,1.0,0,1000,5000,0.25,456,50,5,20000,1.0,dirichlet_sizes,0.1,0.0,fedavg,1.0,0.0,0.001,20,1000,10000,100,0.0,50.0,0.0,95.0,48000.0,48000.0,35100.0,3100.0,44900.0,0,100.0,100.0,100.0,0.4027295410633087,True,False,100000.0,8174.0,True,512,0.01,4,False,True
fede_addition_9c25885e1efa,federated,T3,algorithms,algo,H3,fedprox,,,,modular,groknet,mse,5,s_nm1,addition,gd,97,256,3,quadratic,1.0,0,1000,5000,0.3,42,10,50,10000,1.0,dirichlet,0.1,0.01,fedprox,1.0,0.0,0.001,20,0,10000,100,0.0,50.0,0.0,95.0,335000.0,335000.0,280000.0,89000.0,246000.0,0,100.0,100.0,100.0,0.2809310853481293,True,False,500000.0,3244.1,False,512,0.01,4,False,True
fede_addition_9c372fcc7c12,federated,T3,algorithms,algo,H2,fedyogi,,,,modular,groknet,mse,5,s_nm1,addition,gd,97,256,3,quadratic,1.0,0,1000,5000,0.25,456,10,25,10000,1.0,dirichlet,0.1,0.0,fedyogi,0.1,0.0,0.001,20,0,10000,100,0.0,50.0,0.0,95.0,8000.0,8000.0,3000.0,1000.0,7000.0,0,99.88663792610168,100.0,100.0,0.4329737722873688,True,False,250000.0,2069.6,False,512,0.01,4,False,True
fede_addition_9d1f302dc7f9,federated,T2,aggregation,exp2,,,A,fl,,modular,groknet,mse,5,s_nm1,addition,gd,97,256,3,quadratic,1.0,0,1000,5000,0.3,42,50,5,10000,1.0,iid,0.5,0.0,fedavg,1.0,0.0,0.001,20,1000,10000,100,0.0,50.0,0.0,95.0,14600.0,14600.0,12200.0,3700.0,10900.0,0,100.0,100.0,100.0,0.3722911477088928,True,False,50000.0,4222.4,True,512,0.01,4,False,True
fede_addition_9f47cf983244,federated,T3,server_lr_cal,cal,,fedavgm,,,,modular,groknet,mse,5,s_nm1,addition,gd,97,256,3,quadratic,1.0,0,1000,5000,0.3,42,10,5,10000,1.0,dirichlet,0.1,0.0,fedavgm,0.1,0.0,0.001,20,0,10000,100,0.0,50.0,0.0,95.0,inf,inf,inf,35300.0,inf,0,0.24290268775075674,99.92912411689758,99.92912411689758,0.029891237616539,False,True,50000.0,1531.7,False,512,0.01,4,False,True
fede_addition_9f531d0bf383,federated,T2,boundary,boundary,,,,,,modular,groknet,mse,5,s_nm1,addition,gd,97,256,3,quadratic,1.0,0,1000,5000,0.25,1011,97,5,20000,1.0,iid,0.5,0.0,fedavg,1.0,0.0,0.001,20,1000,10000,100,0.0,50.0,0.0,95.0,98500.0,98500.0,67600.0,4100.0,94400.0,0,95.79141736030579,100.0,100.0,0.15860114991664886,True,False,100000.0,14913.8,True,512,0.01,4,False,True
fede_addition_9f55a395349e,federated,T2,k_fixed_total,phase,,,,,,modular,groknet,mse,5,s_nm1,addition,gd,97,256,3,quadratic,1.0,0,1000,5000,0.3,1011,20,5,10000,1.0,dirichlet,0.5,0.0,fedavg,1.0,0.0,0.001,20,0,10000,100,0.0,50.0,0.0,95.0,13900.0,13900.0,11800.0,3700.0,10200.0,0,100.0,100.0,100.0,0.3858886659145355,True,False,50000.0,1972.3,False,512,0.01,4,False,True
fede_addition_a02cdf33c13b,federated,T3,algorithms,algo,H2,fedavg,,,,modular,groknet,mse,5,s_nm1,addition,gd,97,256,3,quadratic,1.0,0,1000,5000,0.25,456,10,25,10000,1.0,dirichlet,0.1,0.0,fedavg,1.0,0.0,0.001,20,0,10000,100,0.0,50.0,0.0,95.0,61000.0,61000.0,45000.0,3000.0,58000.0,0,99.98583197593689,100.0,100.0,0.43180057406425476,True,False,250000.0,2073.8,False,512,0.01,4,False,True
fede_addition_a03c9af8dcb9,federated,T3,server_lr_cal,cal,,fedavgm,,,,modular,groknet,mse,5,s_nm1,addition,gd,97,256,3,quadratic,1.0,0,1000,5000,0.3,123,10,5,10000,1.0,dirichlet,0.1,0.0,fedavgm,1.0,0.9,0.001,20,0,10000,100,0.0,50.0,0.0,95.0,1800.0,1800.0,1500.0,500.0,1300.0,0,99.96963739395142,100.0,100.0,0.47763949632644653,True,False,50000.0,1462.1,False,512,0.01,4,False,True
fede_addition_a1041c4e68f4,federated,T3,server_lr_cal,cal,,fedadam,,,,modular,groknet,mse,5,s_nm1,addition,gd,97,256,3,quadratic,1.0,0,1000,5000,0.3,123,10,5,10000,1.0,dirichlet,0.1,0.0,fedadam,0.3,0.0,0.001,20,0,10000,100,0.0,50.0,0.0,95.0,inf,500.0,400.0,400.0,inf,461,0.9867921471595764,1.1339475400745869,100.0,nan,False,True,50000.0,1557.0,False,512,0.01,4,False,True
fede_addition_a12562502b63,federated,T1,probe,probe,,,,,,modular,groknet,mse,5,s_nm1,addition,gd,97,256,3,quadratic,1.0,0,1000,5000,0.3,456,10,1,10000,1.0,operand,0.5,0.0,fedavg,1.0,0.0,0.001,20,0,10000,100,0.0,50.0,0.0,95.0,inf,inf,inf,3840.0,inf,0,17.200545966625214,100.0,100.0,0.0821409672498703,False,True,10000.0,1408.7,False,512,0.01,4,False,True
fede_addition_a18fa43531cb,federated,T2,k_fixed_total,phase,,,,,,modular,groknet,mse,5,s_nm1,addition,gd,97,256,3,quadratic,1.0,0,1000,5000,0.3,123,5,5,10000,1.0,iid,0.5,0.0,fedavg,1.0,0.0,0.001,20,0,10000,100,0.0,50.0,0.0,95.0,12700.0,12700.0,10700.0,3700.0,9000.0,0,100.0,100.0,100.0,0.41959476470947266,True,False,50000.0,1301.6,False,512,0.01,4,False,True
fede_addition_a1c84989676b,federated,T3a,size_control,exp3a,,,A,,,modular,groknet,mse,5,s_nm1,addition,gd,97,256,3,quadratic,1.0,0,1000,5000,0.25,42,50,5,20000,1.0,dirichlet_sizes,0.1,0.0,fedavg,1.0,0.0,0.001,20,1000,10000,100,0.0,50.0,0.0,95.0,42100.0,42100.0,30700.0,3000.0,39100.0,0,100.0,100.0,100.0,0.3457217216491699,True,False,100000.0,8150.4,True,512,0.01,4,False,True
fede_addition_a2e0731e7228,federated,T1,setup_k_ladder,replication,,,B,,,modular,transformer,ce,5,s_nm1,addition,adamw,113,128,3,quadratic,1.0,0,1000,5000,0.3,123,10,5,20000,1.0,iid,0.5,0.0,fedavg,1.0,0.0,0.001,20,2000,10000,100,0.0,0.001,0.1,95.0,55900.0,55900.0,51300.0,1300.0,54600.0,0,99.98881816864014,100.0,100.0,nan,True,False,100000.0,4092.8,True,512,0.01,4,False,True
fede_addition_a3521331dc11,federated,T3b,partitions,exp3b,,,B,,,modular,transformer,ce,5,s_nm1,addition,adamw,113,128,3,quadratic,1.0,0,1000,5000,0.3,42,10,5,20000,1.0,operand,0.5,0.0,fedavg,1.0,0.0,0.001,20,2000,10000,100,0.0,0.001,1.0,95.0,88600.0,13800.0,12200.0,14000.0,74600.0,143,95.73777914047241,97.54568934440613,99.94778037071228,nan,True,False,100000.0,5294.8,True,512,0.01,4,False,True
fede_addition_a35fee72c93d,federated,T3b,partitions,exp3b,,,B,,,modular,transformer,ce,5,s_nm1,addition,adamw,113,128,3,quadratic,1.0,0,1000,5000,0.3,42,10,5,20000,1.0,dirichlet,0.5,0.0,fedavg,1.0,0.0,0.001,20,2000,10000,100,0.0,0.001,1.0,95.0,5300.0,5300.0,3900.0,5300.0,0.0,0,99.22810196876526,99.92166757583618,100.0,nan,True,False,100000.0,5585.3,True,512,0.01,4,False,True
fede_addition_a3dc3015d942,federated,T3,server_lr_cal,cal,,fedavgm,,,,modular,groknet,mse,5,s_nm1,addition,gd,97,256,3,quadratic,1.0,0,1000,5000,0.3,456,10,5,10000,1.0,dirichlet,0.1,0.0,fedavgm,1.0,0.0,0.001,20,0,10000,100,0.0,50.0,0.0,95.0,14400.0,14400.0,12300.0,3800.0,10600.0,0,100.0,100.0,100.0,0.3977712392807007,True,False,50000.0,1467.4,False,512,0.01,4,False,True
fede_addition_a3f76631bc87,federated,T2,boundary,boundary,,,,,,modular,groknet,mse,5,s_nm1,addition,gd,97,256,3,quadratic,1.0,0,1000,5000,0.25,123,97,5,20000,1.0,iid,0.5,0.0,fedavg,1.0,0.0,0.001,20,1000,10000,100,0.0,50.0,0.0,95.0,inf,inf,94300.0,63700.0,inf,0,60.50729751586914,99.95747804641724,99.95747804641724,0.11884346604347229,False,True,100000.0,14722.1,True,512,0.01,4,False,True
fede_addition_a451d782788b,federated,T3,server_lr_cal,cal,,fedavgm,,,,modular,groknet,mse,5,s_nm1,addition,gd,97,256,3,quadratic,1.0,0,1000,5000,0.3,123,10,5,10000,1.0,dirichlet,0.1,0.0,fedavgm,1.0,0.0,0.001,20,0,10000,100,0.0,50.0,0.0,95.0,13300.0,13300.0,11200.0,3600.0,9700.0,0,100.0,100.0,100.0,0.3931151330471039,True,False,50000.0,1463.0,False,512,0.01,4,False,True
fede_addition_a5159f089d03,federated,T3b,partitions,exp3b,,,A',,,modular,groknet,mse,5,s_nm1,addition,adamw,97,256,3,quadratic,1.0,0,1000,5000,0.2,456,20,5,20000,1.0,operand,0.5,0.0,fedavg,1.0,0.0,0.001,20,2000,10000,100,0.0,0.001,0.1,95.0,53000.0,53000.0,39500.0,8300.0,44700.0,0,99.97343420982361,100.0,100.0,0.352999210357666,True,False,100000.0,4711.8,True,512,0.01,4,False,True
fede_addition_a556e2f1debc,federated,P1,k_collapse_budget,diagnosis,,,B,,,modular,transformer,ce,5,s_nm1,addition,adamw,113,128,3,quadratic,1.0,0,1000,5000,0.3,123,20,5,40000,1.0,iid,0.5,0.0,fedavg,1.0,0.0,0.001,20,2000,10000,100,0.0,0.001,0.1,95.0,66300.0,66100.0,59500.0,3500.0,62800.0,1,99.6755838394165,100.0,100.0,nan,True,False,200000.0,11905.1,True,512,0.01,4,False,True
fede_addition_a71a0ecc23f0,federated,T2,k_fixed_total,phase,,,,,,modular,groknet,mse,5,s_nm1,addition,gd,97,256,3,quadratic,1.0,0,1000,5000,0.3,789,5,5,10000,1.0,iid,0.5,0.0,fedavg,1.0,0.0,0.001,20,0,10000,100,0.0,50.0,0.0,95.0,13500.0,13500.0,11300.0,3800.0,9700.0,0,100.0,100.0,100.0,0.40905672311782837,True,False,50000.0,1295.9,False,512,0.01,4,False,True
fede_addition_a73182733c39,federated,T3b,partitions,exp3b,,,A,,,modular,groknet,mse,5,s_nm1,addition,gd,97,256,3,quadratic,1.0,0,1000,5000,0.3,123,50,5,10000,1.0,dirichlet,0.5,0.0,fedavg,1.0,0.0,0.001,20,1000,10000,100,0.0,50.0,0.0,95.0,15000.0,15000.0,12300.0,3700.0,11300.0,0,100.0,100.0,100.0,0.3649601638317108,True,False,50000.0,4558.0,True,512,0.01,4,False,True
fede_addition_a74905d59c94,federated,T2,boundary,boundary,,,,,,modular,groknet,mse,5,s_nm1,addition,gd,97,256,3,quadratic,1.0,0,1000,5000,0.25,1011,97,5,20000,1.0,operand,0.5,0.0,fedavg,1.0,0.0,0.001,20,1000,10000,100,0.0,50.0,0.0,95.0,77200.0,76900.0,52000.0,3300.0,73900.0,2,99.95748996734619,100.0,100.0,0.2313038855791092,True,False,100000.0,14909.9,True,512,0.01,4,False,True
fede_addition_a7702a1c6229,federated,T3a,dirichlet_setups,exp3a,,,A,,,modular,groknet,mse,5,s_nm1,addition,gd,97,256,3,quadratic,1.0,0,1000,5000,0.3,456,10,5,10000,1.0,dirichlet,10.0,0.0,fedavg,1.0,0.0,0.001,20,1000,10000,100,0.0,50.0,0.0,95.0,13600.0,13600.0,11700.0,3900.0,9700.0,0,100.0,100.0,100.0,0.40544939041137695,True,False,50000.0,1464.1,True,512,0.01,4,False,True
fede_addition_a788f535f580,federated,T5,local_epochs,exp_e,,,B,,,modular,transformer,ce,5,s_nm1,addition,adamw,113,128,3,quadratic,1.0,0,1000,5000,0.3,123,10,10,20000,1.0,iid,0.5,0.0,fedavg,1.0,0.0,0.001,10,2000,10000,100,0.0,0.001,0.1,95.0,53400.0,53400.0,48500.0,2400.0,51000.0,0,99.96644258499146,100.0,100.0,nan,True,False,200000.0,8557.2,True,512,0.01,4,False,True
fede_addition_a7f3077d7b12,federated,T3,server_lr_cal,cal,,fedyogi,,,,modular,groknet,mse,5,s_nm1,addition,gd,97,256,3,quadratic,1.0,0,1000,5000,0.3,42,10,5,10000,1.0,dirichlet,0.1,0.0,fedyogi,1.0,0.0,0.001,20,0,10000,100,0.0,50.0,0.0,95.0,inf,inf,inf,inf,inf,0,1.108243502676487,0.8504606783390045,1.2402551248669624,nan,False,True,50000.0,1525.0,False,512,0.01,4,False,True
fede_addition_a94f7209dfb0,federated,T3b,partitions,exp3b,,,A,,,modular,groknet,mse,5,s_nm1,addition,gd,97,256,3,quadratic,1.0,0,1000,5000,0.3,456,10,5,10000,1.0,dirichlet,0.5,0.0,fedavg,1.0,0.0,0.001,20,1000,10000,100,0.0,50.0,0.0,95.0,13800.0,13800.0,11900.0,3800.0,10000.0,0,100.0,100.0,100.0,0.4030899405479431,True,False,50000.0,2392.2,True,512,0.01,4,False,True
fede_addition_a955fc16b955,federated,T3b,partitions,exp3b,,,A',,,modular,groknet,mse,5,s_nm1,addition,adamw,97,256,3,quadratic,1.0,0,1000,5000,0.2,42,10,5,20000,1.0,dirichlet,0.5,0.0,fedavg,1.0,0.0,0.001,20,2000,10000,100,0.0,0.001,0.1,95.0,34300.0,34300.0,28400.0,2600.0,31700.0,0,100.0,100.0,100.0,0.29612064361572266,True,False,100000.0,3529.0,True,512,0.01,4,False,True
fede_addition_a9812533617e,federated,T2,aggregation,exp2,,,A,fl,,modular,groknet,mse,5,s_nm1,addition,gd,97,256,3,quadratic,1.0,0,1000,5000,0.3,456,2,5,10000,1.0,iid,0.5,0.0,fedavg,1.0,0.0,0.001,20,1000,10000,100,0.0,50.0,0.0,95.0,13400.0,13400.0,11500.0,3900.0,9500.0,0,100.0,100.0,100.0,0.41056132316589355,True,False,50000.0,1239.8,True,512,0.01,4,False,True
fede_addition_a9c051a641e1,federated,T3,algorithms,algo,H1,fedadam,,,,modular,groknet,mse,5,s_nm1,addition,gd,97,256,3,quadratic,1.0,0,1000,5000,0.25,123,10,25,10000,1.0,iid,0.5,0.0,fedadam,0.1,0.0,0.001,20,0,10000,100,0.0,50.0,0.0,95.0,3000.0,3000.0,2500.0,500.0,2500.0,0,100.0,100.0,100.0,0.39461955428123474,True,False,250000.0,2074.2,False,512,0.01,4,False,True
fede_addition_aaaa10eafb98,federated,T3,algorithms,algo,H1,fedavg,,,,modular,groknet,mse,5,s_nm1,addition,gd,97,256,3,quadratic,1.0,0,1000,5000,0.25,456,10,25,10000,1.0,iid,0.5,0.0,fedavg,1.0,0.0,0.001,20,0,10000,100,0.0,50.0,0.0,95.0,50000.0,50000.0,36000.0,3500.0,46500.0,0,99.87246990203857,100.0,100.0,0.42429614067077637,True,False,250000.0,2194.4,False,512,0.01,4,False,True
fede_addition_ab0ef80c12e5,federated,T5,participation_setups,exp4b,,,B,,,modular,transformer,ce,5,s_nm1,addition,adamw,113,128,3,quadratic,1.0,0,1000,5000,0.3,123,20,5,80000,0.5,iid,0.5,0.0,fedavg,1.0,0.0,0.001,40,4000,10000,100,0.0,0.001,0.1,95.0,43499.887728459646,43299.89556135781,39099.86031331608,1700.0039164490872,41799.88381201056,1,99.92169141769409,100.0,100.0,nan,True,False,199999.9438642308,16441.6,True,512,0.01,4,False,True
fede_addition_ab6ec5dcdbfa,federated,T3b,partitions,exp3b,,,B,,,modular,transformer,ce,5,s_nm1,addition,adamw,113,128,3,quadratic,1.0,0,1000,5000,0.3,456,10,5,20000,1.0,target,0.5,0.0,fedavg,1.0,0.0,0.001,20,2000,10000,100,0.0,0.001,1.0,95.0,inf,inf,inf,inf,inf,0,14.162658154964447,16.449086368083954,24.98694509267807,nan,False,True,100000.0,5399.8,True,512,0.01,4,False,True
fede_addition_ab73796695fc,federated,S2,adam_restart,probe,,,B,,,modular,transformer,ce,5,s_nm1,addition,adamw,113,128,3,quadratic,1.0,0,1000,5000,0.3,42,10,5,2000,1.0,iid,0.5,0.0,fedavg,1.0,0.0,0.001,20,0,10000,100,0.0,0.001,1.0,95.0,9100.0,9100.0,8800.0,8200.0,900.0,0,100.0,100.0,100.0,nan,True,False,10000.0,402.1,False,512,0.01,4,False,True
fede_addition_ab8a039de1a2,federated,T2,aggregation,exp2,,,B,fl,,modular,transformer,ce,5,s_nm1,addition,adamw,113,128,3,quadratic,1.0,0,1000,5000,0.3,456,20,5,20000,1.0,iid,0.5,0.0,fedavg,1.0,0.0,0.001,20,2000,10000,100,0.0,0.001,1.0,95.0,6100.0,6100.0,4500.0,6100.0,0.0,0,99.96644258499146,100.0,100.0,nan,True,False,100000.0,6115.2,True,512,0.01,4,False,True
fede_addition_abfb00fc7280,federated,T2,k_fixed_total,phase,,,,,,modular,groknet,mse,5,s_nm1,addition,gd,97,256,3,quadratic,1.0,0,1000,5000,0.3,789,10,5,10000,1.0,operand,0.5,0.0,fedavg,1.0,0.0,0.001,20,0,10000,100,0.0,50.0,0.0,95.0,13500.0,13500.0,11200.0,3800.0,9700.0,0,100.0,100.0,100.0,0.42093104124069214,True,False,50000.0,1475.5,False,512,0.01,4,False,True
fede_addition_acbc20768baf,federated,T2,k_fixed_total,phase,,,,,,modular,groknet,mse,5,s_nm1,addition,gd,97,256,3,quadratic,1.0,0,1000,5000,0.3,1011,20,5,10000,1.0,iid,0.5,0.0,fedavg,1.0,0.0,0.001,20,0,10000,100,0.0,50.0,0.0,95.0,13700.0,13700.0,11700.0,3700.0,10000.0,0,100.0,100.0,100.0,0.3820209503173828,True,False,50000.0,1980.4,False,512,0.01,4,False,True
fede_addition_ade02d3bb380,federated,T2,boundary,boundary,,,,,,modular,groknet,mse,5,s_nm1,addition,gd,97,256,3,quadratic,1.0,0,1000,5000,0.25,789,97,5,20000,1.0,iid,0.5,0.0,fedavg,1.0,0.0,0.001,20,1000,10000,100,0.0,50.0,0.0,95.0,inf,inf,87600.0,3200.0,inf,0,71.09253406524658,100.0,100.0,0.12769946455955505,False,True,100000.0,14898.4,True,512,0.01,4,False,True
fede_addition_aea18ab15e06,federated,T3,algorithms,algo,H2,fedadam,,,,modular,groknet,mse,5,s_nm1,addition,gd,97,256,3,quadratic,1.0,0,1000,5000,0.25,456,10,25,10000,1.0,dirichlet,0.1,0.0,fedadam,0.1,0.0,0.001,20,0,10000,100,0.0,50.0,0.0,95.0,3000.0,3000.0,2500.0,500.0,2500.0,0,100.0,100.0,100.0,0.43097853660583496,True,False,250000.0,2061.1,False,512,0.01,4,False,True
fede_addition_aeaf78fc8b8a,federated,T5,local_epochs,exp_e,,,B,,,modular,transformer,ce,5,s_nm1,addition,adamw,113,128,3,quadratic,1.0,0,1000,5000,0.3,123,10,25,8000,1.0,iid,0.5,0.0,fedavg,1.0,0.0,0.001,4,800,10000,100,0.0,0.001,0.1,95.0,67000.0,66800.0,62900.0,6100.0,60900.0,1,100.0,100.0,100.0,nan,True,False,200000.0,5669.6,True,512,0.01,4,False,True
fede_addition_af704a1da877,federated,T3,algorithms,algo,H1,fedprox,,,,modular,groknet,mse,5,s_nm1,addition,gd,97,256,3,quadratic,1.0,0,1000,5000,0.25,42,10,25,10000,1.0,iid,0.5,0.01,fedprox,1.0,0.0,0.001,20,0,10000,100,0.0,50.0,0.0,95.0,inf,inf,inf,37500.0,inf,0,48.22162389755249,100.0,100.0,0.11074748635292053,False,True,250000.0,2362.7,False,512,0.01,4,False,True
fede_addition_afb1eff85706,federated,T3a,dirichlet_band,exp3a,,,A,,,modular,groknet,mse,5,s_nm1,addition,gd,97,256,3,quadratic,1.0,0,1000,5000,0.25,456,20,5,20000,1.0,dirichlet,0.1,0.0,fedavg,1.0,0.0,0.001,20,1000,10000,100,0.0,50.0,0.0,95.0,39800.0,39800.0,30900.0,3100.0,36700.0,0,100.0,100.0,100.0,0.38291218876838684,True,False,100000.0,4233.5,True,512,0.01,4,False,True
fede_addition_b03ad8a1cdb4,federated,T3,algorithms,algo,H1,scaffold,,,,modular,groknet,mse,5,s_nm1,addition,gd,97,256,3,quadratic,1.0,0,1000,5000,0.25,456,10,25,10000,1.0,iid,0.5,0.0,scaffold,1.0,0.0,0.001,20,0,10000,100,0.0,50.0,0.0,95.0,5000.0,5000.0,4000.0,1000.0,4000.0,0,99.85829591751099,100.0,100.0,0.4737972319126129,True,False,250000.0,2675.9,False,512,0.01,4,False,True
fede_addition_b05df3e46e0c,federated,T3,algorithms,algo,H2,fedprox,,,,modular,groknet,mse,5,s_nm1,addition,gd,97,256,3,quadratic,1.0,0,1000,5000,0.25,789,10,25,10000,1.0,dirichlet,0.1,0.01,fedprox,1.0,0.0,0.001,20,0,10000,100,0.0,50.0,0.0,95.0,inf,inf,inf,37500.0,inf,0,33.99461507797241,100.0,100.0,0.09916643798351288,False,True,250000.0,2280.2,False,512,0.01,4,False,True
fede_addition_b07013ad9423,federated,T3a,dirichlet_setups,exp3a,,,A,,,modular,groknet,mse,5,s_nm1,addition,gd,97,256,3,quadratic,1.0,0,1000,5000,0.3,42,10,5,10000,1.0,dirichlet,0.01,0.0,fedavg,1.0,0.0,0.001,20,1000,10000,100,0.0,50.0,0.0,95.0,14100.0,14100.0,11700.0,3600.0,10500.0,0,100.0,100.0,100.0,0.37860167026519775,True,False,50000.0,1547.7,True,512,0.01,4,False,True
fede_addition_b2c52ff83cd5,federated,S2,fl_probe,probe,,,B,,,modular,transformer,ce,5,s_nm1,addition,adamw,113,128,3,quadratic,1.0,0,1000,5000,0.3,456,50,5,2000,1.0,iid,0.5,0.0,fedavg,1.0,0.0,0.001,20,0,10000,100,0.0,0.001,1.0,95.0,inf,inf,inf,inf,inf,0,0.27967335190624,4.725848510861397,5.195822566747665,nan,False,True,10000.0,1095.9,False,512,0.01,4,False,True
fede_addition_b41653e784d6,federated,T1,probe,probe,,,,,,modular,groknet,mse,5,s_nm1,addition,gd,97,256,3,quadratic,1.0,0,1000,5000,0.3,123,10,50,10000,1.0,iid,0.5,0.0,fedavg,1.0,0.0,0.001,20,0,10000,100,0.0,50.0,0.0,95.0,23000.0,23000.0,18000.0,4000.0,19000.0,0,99.98481869697571,100.0,100.0,0.4487968385219574,True,False,500000.0,2637.8,False,512,0.01,4,False,True
fede_addition_b45ee5e03791,federated,T2,k_fixed_total,phase,,,,,,modular,groknet,mse,5,s_nm1,addition,gd,97,256,3,quadratic,1.0,0,1000,5000,0.3,123,5,5,10000,1.0,dirichlet,0.5,0.0,fedavg,1.0,0.0,0.001,20,0,10000,100,0.0,50.0,0.0,95.0,12800.0,12800.0,10700.0,3700.0,9100.0,0,100.0,100.0,100.0,0.4125855267047882,True,False,50000.0,1298.9,False,512,0.01,4,False,True
fede_addition_b466327f82a5,federated,T2,k_fixed_total,phase,,,,,,modular,groknet,mse,5,s_nm1,addition,gd,97,256,3,quadratic,1.0,0,1000,5000,0.3,42,5,5,10000,1.0,operand,0.5,0.0,fedavg,1.0,0.0,0.001,20,0,10000,100,0.0,50.0,0.0,95.0,12600.0,12600.0,10700.0,3700.0,8900.0,0,100.0,100.0,100.0,0.4289577603340149,True,False,50000.0,1300.9,False,512,0.01,4,False,True
fede_addition_b4b69c216a52,federated,T3,algorithms,algo,H1,fedavg,,,,modular,groknet,mse,5,s_nm1,addition,gd,97,256,3,quadratic,1.0,0,1000,5000,0.25,123,10,25,10000,1.0,iid,0.5,0.0,fedavg,1.0,0.0,0.001,20,0,10000,100,0.0,50.0,0.0,95.0,45500.0,45500.0,33000.0,3500.0,42000.0,0,100.0,100.0,100.0,0.4082227051258087,True,False,250000.0,2203.4,False,512,0.01,4,False,True
fede_addition_b59bd23c2e69,federated,T3,server_lr_cal,cal,,fedyogi,,,,modular,groknet,mse,5,s_nm1,addition,gd,97,256,3,quadratic,1.0,0,1000,5000,0.3,123,10,5,10000,1.0,dirichlet,0.1,0.0,fedyogi,1.0,0.0,0.001,20,0,10000,100,0.0,50.0,0.0,95.0,inf,inf,inf,inf,inf,0,0.9867921471595764,1.1339475400745869,1.2402551248669624,nan,False,True,50000.0,1519.4,False,512,0.01,4,False,True
fede_addition_b67599d801d7,federated,S2,grok_confirm_fl,probe,,,B,,,modular,transformer,ce,5,s_nm1,addition,adamw,113,128,3,quadratic,1.0,0,1000,5000,0.3,42,5,5,4000,1.0,iid,0.5,0.0,fedavg,1.0,0.0,0.001,10,0,10000,100,0.0,0.001,1.0,95.0,5250.0,5250.0,4800.0,1800.0,3450.0,0,100.0,100.0,100.0,nan,True,False,20000.0,710.5,,,,,,
fede_addition_b690632d47f0,federated,T3,server_lr_cal,cal,,fedadam,,,,modular,groknet,mse,5,s_nm1,addition,gd,97,256,3,quadratic,1.0,0,1000,5000,0.3,456,10,5,10000,1.0,dirichlet,0.1,0.0,fedadam,0.01,0.0,0.001,20,0,10000,100,0.0,50.0,0.0,95.0,2300.0,2300.0,2000.0,700.0,1600.0,0,99.98481869697571,100.0,100.0,0.45840930938720703,True,False,50000.0,1552.4,False,512,0.01,4,False,True
fede_addition_b6b1599e5c3a,federated,T1,probe,probe,,,,,,modular,groknet,mse,5,s_nm1,addition,gd,97,256,3,quadratic,1.0,0,1000,5000,0.3,123,10,1,10000,1.0,iid,0.5,0.0,fedavg,1.0,0.0,0.001,20,0,10000,100,0.0,50.0,0.0,95.0,inf,inf,inf,3680.0,inf,0,34.11264717578888,100.0,100.0,0.09845897555351257,False,True,10000.0,1410.6,False,512,0.01,4,False,True
fede_addition_b717c4a15aa3,federated,T2,boundary,boundary,,,,,,modular,groknet,mse,5,s_nm1,addition,gd,97,256,3,quadratic,1.0,0,1000,5000,0.25,789,97,5,20000,1.0,operand,0.5,0.0,fedavg,1.0,0.0,0.001,20,1000,10000,100,0.0,50.0,0.0,95.0,71000.0,71000.0,50000.0,3100.0,67900.0,0,100.0,100.0,100.0,0.26703009009361267,True,False,100000.0,14774.6,True,512,0.01,4,False,True
fede_addition_b84d41e71ea7,federated,T3b,partitions,exp3b,,,B,,,modular,transformer,ce,5,s_nm1,addition,adamw,113,128,3,quadratic,1.0,0,1000,5000,0.3,123,20,5,20000,1.0,target,0.5,0.0,fedavg,1.0,0.0,0.001,20,2000,10000,100,0.0,0.001,1.0,95.0,inf,inf,inf,inf,inf,0,3.6133795976638794,3.942558541893959,7.467363029718399,nan,False,True,100000.0,7225.1,True,512,0.01,4,False,True
fede_addition_b89e641afedb,federated,P1,k_collapse_budget,diagnosis,,,B,,,modular,transformer,ce,5,s_nm1,addition,adamw,113,128,3,quadratic,1.0,0,1000,5000,0.3,42,50,5,20000,1.0,iid,0.5,0.0,fedavg,1.0,0.0,0.001,20,2000,10000,100,0.0,0.001,0.1,95.0,inf,inf,inf,58500.0,inf,0,2.819107286632061,98.9817202091217,100.0,nan,False,True,100000.0,11510.5,True,512,0.01,4,False,True
fede_addition_b99df12b38af,federated,T3a,dirichlet_setups,exp3a,,,A,,,modular,groknet,mse,5,s_nm1,addition,gd,97,256,3,quadratic,1.0,0,1000,5000,0.3,456,10,5,10000,1.0,dirichlet,0.1,0.0,fedavg,1.0,0.0,0.001,20,1000,10000,100,0.0,50.0,0.0,95.0,14400.0,14400.0,12300.0,3800.0,10600.0,0,100.0,100.0,100.0,0.3977700471878052,True,False,50000.0,1497.4,True,512,0.01,4,False,True
fede_addition_b9d5de058e7e,federated,T3,algorithms,algo,H2,fedavgm,,,,modular,groknet,mse,5,s_nm1,addition,gd,97,256,3,quadratic,1.0,0,1000,5000,0.25,789,10,25,10000,1.0,dirichlet,0.1,0.0,fedavgm,1.0,0.9,0.001,20,0,10000,100,0.0,50.0,0.0,95.0,9000.0,9000.0,6500.0,1000.0,8000.0,0,99.9291479587555,100.0,100.0,0.4738605320453644,True,False,250000.0,2196.6,False,512,0.01,4,False,True
fede_addition_ba5a5f5d0f8b,federated,T2,aggregation,exp2,,,A',fl,,modular,groknet,mse,5,s_nm1,addition,adamw,97,256,3,quadratic,1.0,0,1000,5000,0.2,123,2,5,20000,1.0,iid,0.5,0.0,fedavg,1.0,0.0,0.001,20,2000,10000,100,0.0,0.001,0.1,95.0,44600.0,44600.0,36500.0,200.0,44400.0,0,100.0,100.0,100.0,0.3665500283241272,True,False,100000.0,2430.1,True,512,0.01,4,False,True
fede_addition_ba7f28aec253,federated,T5,participation_setups,exp4b,,,A,,,modular,groknet,mse,5,s_nm1,addition,gd,97,256,3,quadratic,1.0,0,1000,5000,0.3,456,20,5,20000,0.5,iid,0.5,0.0,fedavg,1.0,0.0,0.001,40,2000,10000,100,0.0,50.0,0.0,95.0,7100.001771793053,7100.001771793053,6000.005315379163,2000.0141743444365,5099.987597448617,0,100.0,100.0,100.0,0.43729081749916077,True,False,49999.909638554294,2888.1,True,512,0.01,4,False,True
fede_addition_bac4574baa1c,federated,S2b,k50_ladder,gate_a,,,B,,,modular,transformer,ce,5,s_nm1,addition,adamw,113,128,3,quadratic,1.0,0,1000,5000,0.3,42,20,5,2000,1.0,iid,0.5,0.0,fedavg,1.0,0.0,0.001,20,0,10000,100,0.0,0.001,1.0,95.0,inf,inf,9100.0,inf,inf,0,91.74404740333557,98.17232489585876,98.17232489585876,nan,False,True,10000.0,710.5,False,512,0.01,4,False,True
fede_addition_bacb5988282e,federated,T2,aggregation,exp2,,,A,fl,,modular,groknet,mse,5,s_nm1,addition,gd,97,256,3,quadratic,1.0,0,1000,5000,0.3,42,10,5,10000,1.0,iid,0.5,0.0,fedavg,1.0,0.0,0.001,20,1000,10000,100,0.0,50.0,0.0,95.0,12900.0,12900.0,10900.0,3700.0,9200.0,0,100.0,100.0,100.0,0.4071686267852783,True,False,50000.0,1493.1,True,512,0.01,4,False,True
fede_addition_bb6f3e541f19,federated,T3,algorithms,algo,H1,fedavg,,,,modular,groknet,mse,5,s_nm1,addition,gd,97,256,3,quadratic,1.0,0,1000,5000,0.25,42,10,25,10000,1.0,iid,0.5,0.0,fedavg,1.0,0.0,0.001,20,0,10000,100,0.0,50.0,0.0,95.0,39000.0,39000.0,28500.0,3000.0,36000.0,0,99.98583197593689,100.0,100.0,0.3995611071586609,True,False,250000.0,2199.4,False,512,0.01,4,False,True
fede_addition_bcf761ba6c8c,federated,T2,k_fixed_total,phase,,,,,,modular,groknet,mse,5,s_nm1,addition,gd,97,256,3,quadratic,1.0,0,1000,5000,0.3,42,5,5,10000,1.0,dirichlet,0.5,0.0,fedavg,1.0,0.0,0.001,20,0,10000,100,0.0,50.0,0.0,95.0,12700.0,12700.0,10700.0,3600.0,9100.0,0,100.0,100.0,100.0,0.4111339747905731,True,False,50000.0,1300.6,False,512,0.01,4,False,True
fede_addition_bd4aafbc1bc0,federated,T5,participation_setups,exp4b,,,A,,,modular,groknet,mse,5,s_nm1,addition,gd,97,256,3,quadratic,1.0,0,1000,5000,0.3,42,20,5,20000,0.5,iid,0.5,0.0,fedavg,1.0,0.0,0.001,40,2000,10000,100,0.0,50.0,0.0,95.0,6599.941530829188,6599.941530829188,5599.937987243078,1900.0194897236001,4699.9220411055885,0,100.0,100.0,100.0,0.45919275283813477,True,False,50000.014174344484,2917.5,True,512,0.01,4,False,True
fede_addition_bf1f10ada621,federated,S2,fl_probe,probe,,,B,,,modular,transformer,ce,5,s_nm1,addition,adamw,113,128,3,quadratic,1.0,0,1000,5000,0.3,123,50,5,2000,1.0,iid,0.5,0.0,fedavg,1.0,0.0,0.001,20,0,10000,100,0.0,0.001,1.0,95.0,inf,inf,inf,inf,inf,0,0.13424321077764034,3.6814622581005096,5.613576993346214,nan,False,True,10000.0,1083.9,False,512,0.01,4,False,True
fede_addition_c03d81b4eee6,federated,T2,boundary,boundary,,,,,,modular,groknet,mse,5,s_nm1,addition,gd,97,256,3,quadratic,1.0,0,1000,5000,0.25,456,50,5,20000,1.0,iid,0.5,0.0,fedavg,1.0,0.0,0.001,20,1000,10000,100,0.0,50.0,0.0,95.0,51400.0,51400.0,36700.0,3200.0,48200.0,0,100.0,100.0,100.0,0.37179797887802124,True,False,100000.0,8524.6,True,512,0.01,4,False,True
fede_addition_c04c85d9a0de,federated,P1,k_collapse_budget,diagnosis,,,B,,,modular,transformer,ce,5,s_nm1,addition,adamw,113,128,3,quadratic,1.0,0,1000,5000,0.3,123,30,5,20000,1.0,iid,0.5,0.0,fedavg,1.0,0.0,0.001,20,2000,10000,100,0.0,0.001,0.1,95.0,94300.0,94300.0,87100.0,5600.0,88700.0,0,99.70914125442505,100.0,100.0,nan,True,False,100000.0,7018.6,True,512,0.01,4,False,True
fede_addition_c0602c0e91e6,federated,T2,k_fixed_total,phase,,,,,,modular,groknet,mse,5,s_nm1,addition,gd,97,256,3,quadratic,1.0,0,1000,5000,0.3,456,50,5,10000,1.0,iid,0.5,0.0,fedavg,1.0,0.0,0.001,20,0,10000,100,0.0,50.0,0.0,95.0,16000.0,16000.0,13400.0,3900.0,12100.0,0,100.0,100.0,100.0,0.36260440945625305,True,False,50000.0,4497.0,False,512,0.01,4,False,True
fede_addition_c148851d6fb6,federated,T3,algorithms,algo,H3,fedyogi,,,,modular,groknet,mse,5,s_nm1,addition,gd,97,256,3,quadratic,1.0,0,1000,5000,0.3,1011,10,50,10000,1.0,dirichlet,0.1,0.0,fedyogi,0.1,0.0,0.001,20,0,10000,100,0.0,50.0,0.0,95.0,3000.0,3000.0,2000.0,2000.0,1000.0,0,100.0,100.0,100.0,0.4347510039806366,True,False,500000.0,2540.3,False,512,0.01,4,False,True
fede_addition_c15f80829976,federated,T3a,dirichlet_setups,exp3a,,,A,,,modular,groknet,mse,5,s_nm1,addition,gd,97,256,3,quadratic,1.0,0,1000,5000,0.3,456,10,5,10000,1.0,dirichlet,1.0,0.0,fedavg,1.0,0.0,0.001,20,1000,10000,100,0.0,50.0,0.0,95.0,13800.0,13800.0,11900.0,3900.0,9900.0,0,100.0,100.0,100.0,0.4027184545993805,True,False,50000.0,1473.8,True,512,0.01,4,False,True
fede_addition_c18550b79fad,federated,T3b,partitions,exp3b,,,A,,,modular,groknet,mse,5,s_nm1,addition,gd,97,256,3,quadratic,1.0,0,1000,5000,0.3,42,10,5,10000,1.0,target,0.5,0.0,fedavg,1.0,0.0,0.001,20,1000,10000,100,0.0,50.0,0.0,95.0,19565.320694543174,17087.7905740613,11975.29766123341,15350.20729978772,4215.113394755454,8,100.0,100.0,100.0,0.32675522565841675,True,False,41224.86711552083,2349.6,True,512,0.01,4,False,True
fede_addition_c1d6c26f2917,federated,T3,algorithms,algo,H1,fedadam,,,,modular,groknet,mse,5,s_nm1,addition,gd,97,256,3,quadratic,1.0,0,1000,5000,0.25,42,10,25,10000,1.0,iid,0.5,0.0,fedadam,0.1,0.0,0.001,20,0,10000,100,0.0,50.0,0.0,95.0,2500.0,2500.0,2000.0,500.0,2000.0,0,100.0,100.0,100.0,0.43209683895111084,True,False,250000.0,2077.5,False,512,0.01,4,False,True
fede_addition_c1ec70f7995c,federated,T3,server_lr_cal,cal,,fedavgm,,,,modular,groknet,mse,5,s_nm1,addition,gd,97,256,3,quadratic,1.0,0,1000,5000,0.3,123,10,5,10000,1.0,dirichlet,0.1,0.0,fedavgm,0.3,0.9,0.001,20,0,10000,100,0.0,50.0,0.0,95.0,5000.0,5000.0,4200.0,1400.0,3600.0,0,100.0,100.0,100.0,0.47019484639167786,True,False,50000.0,1460.1,False,512,0.01,4,False,True
fede_addition_c2073c065b4b,federated,T3a,dirichlet_band,exp3a,,,A,,,modular,groknet,mse,5,s_nm1,addition,gd,97,256,3,quadratic,1.0,0,1000,5000,0.25,42,20,5,20000,1.0,dirichlet,1000.0,0.0,fedavg,1.0,0.0,0.001,20,1000,10000,100,0.0,50.0,0.0,95.0,26500.0,26500.0,21800.0,3000.0,23500.0,0,100.0,100.0,100.0,0.43619415163993835,True,False,100000.0,4197.9,True,512,0.01,4,False,True
fede_addition_c29b8b34e8ac,federated,T2,b_k20_wd_control,exp2,,,B,fl,,modular,transformer,ce,5,s_nm1,addition,adamw,113,128,3,quadratic,1.0,0,1000,5000,0.4,123,20,5,2000,1.0,iid,0.5,0.0,fedavg,1.0,0.0,0.001,20,200,10000,100,0.0,0.001,0.1,95.0,inf,inf,inf,3600.0,inf,0,6.1472199857234955,100.0,100.0,nan,False,True,10000.0,1111.7,True,512,0.01,4,False,True
fede_addition_c2a502c4749f,federated,T5,local_epochs,exp_e,,,A,,,modular,groknet,mse,5,s_nm1,addition,gd,97,256,3,quadratic,1.0,0,1000,5000,0.3,456,10,1,50000,1.0,iid,0.5,0.0,fedavg,1.0,0.0,0.001,100,0,10000,100,0.0,50.0,0.0,95.0,13300.0,13300.0,11500.0,3900.0,9400.0,0,100.0,100.0,100.0,0.40642088651657104,True,False,50000.0,11736.9,False,512,0.01,4,False,True
fede_addition_c39ee0047f88,federated,T3b,partitions,exp3b,,,A,,,modular,groknet,mse,5,s_nm1,addition,gd,97,256,3,quadratic,1.0,0,1000,5000,0.3,42,50,5,10000,1.0,operand,0.5,0.0,fedavg,1.0,0.0,0.001,20,1000,10000,100,0.0,50.0,0.0,95.0,13000.0,13000.0,10900.0,3700.0,9300.0,0,100.0,100.0,100.0,0.4889613091945648,True,False,50000.0,5155.2,True,512,0.01,4,False,True
fede_addition_c3bbe3356ae0,federated,T3a,dirichlet_band,exp3a,,,A,,,modular,groknet,mse,5,s_nm1,addition,gd,97,256,3,quadratic,1.0,0,1000,5000,0.25,42,20,5,20000,1.0,dirichlet,0.01,0.0,fedavg,1.0,0.0,0.001,20,1000,10000,100,0.0,50.0,0.0,95.0,inf,inf,inf,2700.0,inf,0,1.0911152698099613,0.8503401651978493,99.70237612724304,nan,False,True,100000.0,4187.2,True,512,0.01,4,False,True
fede_addition_c4822d202e05,federated,P1,k_collapse_budget,diagnosis,,,B,,,modular,transformer,ce,5,s_nm1,addition,adamw,113,128,3,quadratic,1.0,0,1000,5000,0.3,123,50,5,20000,1.0,iid,0.5,0.0,fedavg,1.0,0.0,0.001,20,2000,10000,100,0.0,0.001,0.1,95.0,inf,inf,inf,53300.0,inf,0,14.028415083885193,100.0,100.0,nan,False,True,100000.0,11531.5,True,512,0.01,4,False,True
fede_addition_c4a22951b4e3,federated,T2,aggregation,exp2,,,A',fl,,modular,groknet,mse,5,s_nm1,addition,adamw,97,256,3,quadratic,1.0,0,1000,5000,0.2,123,5,5,20000,1.0,iid,0.5,0.0,fedavg,1.0,0.0,0.001,20,2000,10000,100,0.0,0.001,0.1,95.0,26300.0,26300.0,21300.0,300.0,26000.0,0,100.0,100.0,100.0,0.3196171522140503,True,False,100000.0,2648.3,True,512,0.01,4,False,True
fede_addition_c4a5bd77c3d7,federated,T5,local_epochs,exp_e,,,B,,,modular,transformer,ce,5,s_nm1,addition,adamw,113,128,3,quadratic,1.0,0,1000,5000,0.3,123,10,50,4000,1.0,iid,0.5,0.0,fedavg,1.0,0.0,0.001,2,400,10000,100,0.0,0.001,0.1,95.0,45600.0,45600.0,40900.0,12700.0,32900.0,0,100.0,100.0,100.0,nan,True,False,200000.0,3085.1,True,512,0.01,4,False,True
fede_addition_c61459f93396,federated,P1,k_collapse_budget,diagnosis,,,B,,,modular,transformer,ce,5,s_nm1,addition,adamw,113,128,3,quadratic,1.0,0,1000,5000,0.3,456,50,5,20000,1.0,iid,0.5,0.0,fedavg,1.0,0.0,0.001,20,2000,10000,100,0.0,0.001,0.1,95.0,inf,inf,inf,49300.0,inf,0,2.438751608133316,100.0,100.0,nan,False,True,100000.0,11516.0,True,512,0.01,4,False,True
fede_addition_c655c2a12b95,federated,T3,algorithms,algo,H2,scaffold,,,,modular,groknet,mse,5,s_nm1,addition,gd,97,256,3,quadratic,1.0,0,1000,5000,0.25,456,10,25,10000,1.0,dirichlet,0.1,0.0,scaffold,1.0,0.0,0.001,20,0,10000,100,0.0,50.0,0.0,95.0,5500.0,5500.0,4500.0,1500.0,4000.0,0,99.98583197593689,100.0,100.0,0.4807131886482239,True,False,250000.0,2693.5,False,512,0.01,4,False,True
fede_addition_c705d64d7107,federated,S2b,k50_hparam,gate_a,,,B,,,modular,transformer,ce,5,s_nm1,addition,adamw,113,128,3,quadratic,1.0,0,1000,5000,0.3,42,50,5,2000,1.0,iid,0.5,0.0,fedavg,1.0,0.0,0.001,20,0,10000,100,0.0,0.0001,0.1,95.0,inf,inf,inf,inf,inf,0,0.022373867977876216,12.402088940143585,12.402088940143585,nan,False,True,10000.0,1462.7,False,512,0.01,4,False,True
fede_addition_c7270a8f5116,federated,T4b,participation,exp4b,,,A,,,modular,groknet,mse,5,s_nm1,addition,gd,97,256,3,quadratic,1.0,0,1000,5000,0.25,123,50,5,50000,0.4,iid,0.5,0.0,fedavg,1.0,0.0,0.001,20,2500,10000,100,0.0,50.0,0.0,95.0,16679.997874151282,16679.997874151282,12719.98937074947,1319.9702380952374,15360.027636056046,0,100.0,100.0,100.0,0.4490261971950531,True,False,99999.7534014269,10781.1,True,512,0.01,4,False,True
fede_addition_c734efb58cf8,federated,T3,algorithms,algo,H1,fedyogi,,,,modular,groknet,mse,5,s_nm1,addition,gd,97,256,3,quadratic,1.0,0,1000,5000,0.25,42,10,25,10000,1.0,iid,0.5,0.0,fedyogi,0.1,0.0,0.001,20,0,10000,100,0.0,50.0,0.0,95.0,6500.0,6500.0,3500.0,1000.0,5500.0,0,99.58906173706055,100.0,100.0,0.5966393947601318,True,False,250000.0,2041.1,False,512,0.01,4,False,True
fede_addition_c792ddacf588,federated,T2,k_fixed_total,phase,,,,,,modular,groknet,mse,5,s_nm1,addition,gd,97,256,3,quadratic,1.0,0,1000,5000,0.3,456,5,5,10000,1.0,dirichlet,0.5,0.0,fedavg,1.0,0.0,0.001,20,0,10000,100,0.0,50.0,0.0,95.0,13600.0,13600.0,11700.0,3900.0,9700.0,0,100.0,100.0,100.0,0.4054892659187317,True,False,50000.0,1298.5,False,512,0.01,4,False,True
fede_addition_c79fe3aad2a9,federated,T1,probe,probe,,,,,,modular,groknet,mse,5,s_nm1,addition,gd,97,256,3,quadratic,1.0,0,1000,5000,0.3,123,10,5,10000,1.0,iid,0.5,0.0,fedavg,1.0,0.0,0.001,20,0,10000,100,0.0,50.0,0.0,95.0,12900.0,12900.0,10800.0,3700.0,9200.0,0,100.0,100.0,100.0,0.4163386821746826,True,False,50000.0,1489.4,False,512,0.01,4,False,True
fede_addition_c7d98e72ba18,federated,T2,aggregation_alpha2,exp2,,,B,fl,,modular,transformer,ce,5,s_nm1,addition,adamw,113,128,3,quadratic,1.0,0,1000,5000,0.4,42,5,5,20000,1.0,iid,0.5,0.0,fedavg,1.0,0.0,0.001,20,2000,10000,100,0.0,0.001,1.0,95.0,3100.0,3100.0,2800.0,1500.0,1600.0,0,99.99999403953552,100.0,100.0,nan,True,False,100000.0,5316.7,True,512,0.01,4,False,True
fede_addition_c7e7483f59d3,federated,T2,aggregation_alpha2,exp2,,,B,fl,,modular,transformer,ce,5,s_nm1,addition,adamw,113,128,3,quadratic,1.0,0,1000,5000,0.4,456,10,5,20000,1.0,iid,0.5,0.0,fedavg,1.0,0.0,0.001,20,2000,10000,100,0.0,0.001,1.0,95.0,2600.0,2600.0,2300.0,2500.0,100.0,0,99.99999403953552,100.0,100.0,nan,True,False,100000.0,6925.3,True,512,0.01,4,False,True
fede_addition_c809f26b5026,federated,T2,aggregation,exp2,,,A',fl,,modular,groknet,mse,5,s_nm1,addition,adamw,97,256,3,quadratic,1.0,0,1000,5000,0.2,42,5,5,20000,1.0,iid,0.5,0.0,fedavg,1.0,0.0,0.001,20,2000,10000,100,0.0,0.001,0.1,95.0,23300.0,23300.0,19500.0,300.0,23000.0,0,100.0,100.0,100.0,0.31914451718330383,True,False,100000.0,2630.7,True,512,0.01,4,False,True
fede_addition_ca3dba3dfc58,federated,T3,algorithms,algo,H3,fedprox,,,,modular,groknet,mse,5,s_nm1,addition,gd,97,256,3,quadratic,1.0,0,1000,5000,0.3,123,10,50,10000,1.0,dirichlet,0.1,0.01,fedprox,1.0,0.0,0.001,20,0,10000,100,0.0,50.0,0.0,95.0,333000.0,333000.0,279000.0,90000.0,243000.0,0,100.0,100.0,100.0,0.26093611121177673,True,False,500000.0,3209.7,False,512,0.01,4,False,True
fede_addition_ca52282f81b3,federated,T3a,dirichlet_band,exp3a,,,A,,,modular,groknet,mse,5,s_nm1,addition,gd,97,256,3,quadratic,1.0,0,1000,5000,0.25,123,50,5,20000,1.0,dirichlet,1.0,0.0,fedavg,1.0,0.0,0.001,20,1000,10000,100,0.0,50.0,0.0,95.0,43800.0,43800.0,32500.0,3300.0,40500.0,0,100.0,100.0,100.0,0.3497231900691986,True,False,100000.0,8532.5,True,512,0.01,4,False,True
fede_addition_cbb5d7c97c6a,federated,T3b,partitions,exp3b,,,A,,,modular,groknet,mse,5,s_nm1,addition,gd,97,256,3,quadratic,1.0,0,1000,5000,0.3,42,50,5,10000,1.0,target,0.5,0.0,fedavg,1.0,0.0,0.001,20,1000,10000,100,0.0,50.0,0.0,95.0,28200.0,28200.0,17300.0,34900.0,-6700.0,0,100.0,100.0,100.0,0.19087332487106323,True,False,50000.0,5071.8,True,512,0.01,4,False,True
fede_addition_cc2488fa1dc1,federated,T3b,partitions,exp3b,,,B,,,modular,transformer,ce,5,s_nm1,addition,adamw,113,128,3,quadratic,1.0,0,1000,5000,0.3,42,20,5,20000,1.0,operand,0.5,0.0,fedavg,1.0,0.0,0.001,20,2000,10000,100,0.0,0.001,1.0,95.0,25700.0,25700.0,21600.0,26000.0,-300.0,0,100.0,100.0,100.0,nan,True,False,100000.0,7013.3,True,512,0.01,4,False,True
fede_addition_cd1e65d61038,federated,T3b,partitions,exp3b,,,A,,,modular,groknet,mse,5,s_nm1,addition,gd,97,256,3,quadratic,1.0,0,1000,5000,0.3,123,50,5,10000,1.0,target,0.5,0.0,fedavg,1.0,0.0,0.001,20,1000,10000,100,0.0,50.0,0.0,95.0,30300.0,30300.0,18800.0,36700.0,-6400.0,0,100.0,100.0,100.0,0.19400817155838013,True,False,50000.0,5063.2,True,512,0.01,4,False,True
fede_addition_cdcab947f971,federated,T3,algorithms,algo,H3,fedyogi,,,,modular,groknet,mse,5,s_nm1,addition,gd,97,256,3,quadratic,1.0,0,1000,5000,0.3,42,10,50,10000,1.0,dirichlet,0.1,0.0,fedyogi,0.1,0.0,0.001,20,0,10000,100,0.0,50.0,0.0,95.0,2000.0,2000.0,2000.0,2000.0,0.0,0,99.98481869697571,100.0,100.0,0.523963451385498,True,False,500000.0,2591.1,False,512,0.01,4,False,True
fede_addition_ce35b7e0fc30,federated,S2,fl_probe,probe,,,B,,,modular,transformer,ce,5,s_nm1,addition,adamw,113,128,3,quadratic,1.0,0,1000,5000,0.3,456,50,5,2000,1.0,operand,0.5,0.0,fedavg,1.0,0.0,0.001,20,0,10000,100,0.0,0.001,1.0,95.0,inf,inf,inf,inf,inf,0,0.49222507514059544,2.6631854474544525,3.315926715731621,nan,False,True,10000.0,1083.4,False,512,0.01,4,False,True
fede_addition_ce9667ed1997,federated,P1,k_collapse_wd,diagnosis,,,B,,,modular,transformer,ce,5,s_nm1,addition,adamw,113,128,3,quadratic,1.0,0,1000,5000,0.3,123,50,5,2000,1.0,iid,0.5,0.0,fedavg,1.0,0.0,0.001,20,0,10000,100,0.0,0.001,0.1,95.0,inf,inf,inf,inf,inf,0,0.33560802694410086,78.82506251335144,79.19059991836548,nan,False,True,10000.0,1043.4,False,512,0.01,4,False,True
fede_addition_cee7eff8247e,federated,T3b,partitions,exp3b,,,A',,,modular,groknet,mse,5,s_nm1,addition,adamw,97,256,3,quadratic,1.0,0,1000,5000,0.2,123,20,5,20000,1.0,target,0.5,0.0,fedavg,1.0,0.0,0.001,20,2000,10000,100,0.0,0.001,0.1,95.0,33400.0,33400.0,26700.0,33100.0,300.0,0,100.0,100.0,100.0,0.3665350675582886,True,False,100000.0,4498.7,True,512,0.01,4,False,True
fede_addition_cf115fcbfe53,federated,T3b,partitions,exp3b,,,A',,,modular,groknet,mse,5,s_nm1,addition,adamw,97,256,3,quadratic,1.0,0,1000,5000,0.2,42,10,5,20000,1.0,target,0.5,0.0,fedavg,1.0,0.0,0.001,20,2000,10000,100,0.0,0.001,0.1,95.0,18100.0,18100.0,14100.0,1900.0,16200.0,0,100.0,100.0,100.0,0.35858154296875,True,False,100000.0,3858.2,True,512,0.01,4,False,True
fede_addition_cf44e689dcfa,federated,T2,aggregation,exp2,,,A,fl,,modular,groknet,mse,5,s_nm1,addition,gd,97,256,3,quadratic,1.0,0,1000,5000,0.3,456,20,5,10000,1.0,iid,0.5,0.0,fedavg,1.0,0.0,0.001,20,1000,10000,100,0.0,50.0,0.0,95.0,14100.0,14100.0,12100.0,3800.0,10300.0,0,100.0,100.0,100.0,0.4039859473705292,True,False,50000.0,1880.0,True,512,0.01,4,False,True
fede_addition_cf6ff8ad213f,federated,P1,k_collapse_wd,diagnosis,,,B,,,modular,transformer,ce,5,s_nm1,addition,adamw,113,128,3,quadratic,1.0,0,1000,5000,0.3,42,30,5,2000,1.0,iid,0.5,0.0,fedavg,1.0,0.0,0.001,20,0,10000,100,0.0,0.001,0.1,95.0,inf,inf,inf,6600.0,inf,0,0.16780401347205043,100.0,100.0,nan,False,True,10000.0,1013.5,False,512,0.01,4,False,True
fede_addition_cff610ec23e5,federated,T2,aggregation,exp2,,,A,fl,,modular,groknet,mse,5,s_nm1,addition,gd,97,256,3,quadratic,1.0,0,1000,5000,0.3,123,20,5,10000,1.0,iid,0.5,0.0,fedavg,1.0,0.0,0.001,20,1000,10000,100,0.0,50.0,0.0,95.0,13300.0,13300.0,11100.0,3700.0,9600.0,0,100.0,100.0,100.0,0.42659348249435425,True,False,50000.0,1878.4,True,512,0.01,4,False,True
fede_addition_d00e57ce2fe3,federated,T2,aggregation_alpha2,exp2,,,B,fl,,modular,transformer,ce,5,s_nm1,addition,adamw,113,128,3,quadratic,1.0,0,1000,5000,0.4,123,2,5,20000,1.0,iid,0.5,0.0,fedavg,1.0,0.0,0.001,20,2000,10000,100,0.0,0.001,1.0,95.0,1700.0,1700.0,1400.0,500.0,1200.0,0,99.99999403953552,100.0,100.0,nan,True,False,100000.0,4711.7,True,512,0.01,4,False,True
fede_addition_d03248372050,federated,T3,server_lr_cal,cal,,fedavgm,,,,modular,groknet,mse,5,s_nm1,addition,gd,97,256,3,quadratic,1.0,0,1000,5000,0.3,42,10,5,10000,1.0,dirichlet,0.1,0.0,fedavgm,1.0,0.9,0.001,20,0,10000,100,0.0,50.0,0.0,95.0,1800.0,1800.0,1500.0,500.0,1300.0,0,99.95445609092712,100.0,100.0,0.4671522080898285,True,False,50000.0,1461.2,False,512,0.01,4,False,True
fede_addition_d096d7dd9de2,federated,T3,algorithms,algo,H3,fedadam,,,,modular,groknet,mse,5,s_nm1,addition,gd,97,256,3,quadratic,1.0,0,1000,5000,0.3,456,10,50,10000,1.0,dirichlet,0.1,0.0,fedadam,0.1,0.0,0.001,20,0,10000,100,0.0,50.0,0.0,95.0,3000.0,3000.0,3000.0,2000.0,1000.0,0,100.0,100.0,100.0,0.40898314118385315,True,False,500000.0,2729.5,False,512,0.01,4,False,True
fede_addition_d1b519bed2ec,federated,T2,aggregation,exp2,,,A,fl,,modular,groknet,mse,5,s_nm1,addition,gd,97,256,3,quadratic,1.0,0,1000,5000,0.3,42,2,5,10000,1.0,iid,0.5,0.0,fedavg,1.0,0.0,0.001,20,1000,10000,100,0.0,50.0,0.0,95.0,12600.0,12600.0,10600.0,3700.0,8900.0,0,100.0,100.0,100.0,0.4184933006763458,True,False,50000.0,1241.1,True,512,0.01,4,False,True
fede_addition_d1cb32e8055d,federated,T3a,size_control,exp3a,,,A,,,modular,groknet,mse,5,s_nm1,addition,gd,97,256,3,quadratic,1.0,0,1000,5000,0.25,42,50,5,20000,1.0,dirichlet_sizes,0.01,0.0,fedavg,1.0,0.0,0.001,20,1000,10000,100,0.0,50.0,0.0,95.0,inf,inf,inf,3000.0,inf,0,1.0911152698099613,0.8503401651978493,100.0,nan,False,True,100000.0,8125.0,True,512,0.01,4,False,True
fede_addition_d1cec2d87ae4,federated,T3a,dirichlet_setups,exp3a,,,B,,,modular,transformer,ce,5,s_nm1,addition,adamw,113,128,3,quadratic,1.0,0,1000,5000,0.3,123,10,5,20000,1.0,dirichlet,1000.0,0.0,fedavg,1.0,0.0,0.001,20,2000,10000,100,0.0,0.001,1.0,95.0,4000.0,4000.0,3800.0,3400.0,600.0,0,100.0,100.0,100.0,nan,True,False,100000.0,4757.8,True,512,0.01,4,False,True
fede_addition_d32992b167e4,federated,T5,participation_setups,exp4b,,,B,,,modular,transformer,ce,5,s_nm1,addition,adamw,113,128,3,quadratic,1.0,0,1000,5000,0.3,123,20,5,160000,0.25,iid,0.5,0.0,fedavg,1.0,0.0,0.001,80,8000,10000,100,0.0,0.001,0.1,95.0,11099.929503916494,11099.929503916494,9200.053524804147,999.9582245430817,10099.971279373412,0,99.91050958633423,100.0,100.0,nan,True,False,200001.11618798922,26995.7,True,512,0.01,4,False,True
fede_addition_d443baa4165c,federated,T3a,dirichlet_band,exp3a,,,A,,,modular,groknet,mse,5,s_nm1,addition,gd,97,256,3,quadratic,1.0,0,1000,5000,0.25,456,20,5,20000,1.0,dirichlet,1000.0,0.0,fedavg,1.0,0.0,0.001,20,1000,10000,100,0.0,50.0,0.0,95.0,31700.0,31700.0,24300.0,3200.0,28500.0,0,100.0,100.0,100.0,0.4005758464336395,True,False,100000.0,4219.3,True,512,0.01,4,False,True
fede_addition_d4b44d686a4e,federated,T3,algorithms,algo,H1,fedavgm,,,,modular,groknet,mse,5,s_nm1,addition,gd,97,256,3,quadratic,1.0,0,1000,5000,0.25,456,10,25,10000,1.0,iid,0.5,0.0,fedavgm,1.0,0.9,0.001,20,0,10000,100,0.0,50.0,0.0,95.0,8000.0,8000.0,6500.0,1000.0,7000.0,0,99.40484762191772,100.0,100.0,0.5059270858764648,True,False,250000.0,2257.7,False,512,0.01,4,False,True
fede_addition_d563095290c7,federated,T3,server_lr_cal,cal,,fedyogi,,,,modular,groknet,mse,5,s_nm1,addition,gd,97,256,3,quadratic,1.0,0,1000,5000,0.3,456,10,5,10000,1.0,dirichlet,0.1,0.0,fedyogi,1.0,0.0,0.001,20,0,10000,100,0.0,50.0,0.0,95.0,inf,inf,inf,inf,inf,0,1.0019735433161259,1.0985116474330425,1.0985116474330425,nan,False,True,50000.0,1526.2,False,512,0.01,4,False,True
fede_addition_d58524f08873,federated,T2,aggregation,exp2,,,A',fl,,modular,groknet,mse,5,s_nm1,addition,adamw,97,256,3,quadratic,1.0,0,1000,5000,0.2,456,2,5,20000,1.0,iid,0.5,0.0,fedavg,1.0,0.0,0.001,20,2000,10000,100,0.0,0.001,0.1,95.0,60200.0,60200.0,50700.0,200.0,60000.0,0,100.0,100.0,100.0,0.39836829900741577,True,False,100000.0,2407.0,True,512,0.01,4,False,True
fede_addition_d5d1dae0185f,federated,S2,adam_restart,probe,,,B,,,modular,transformer,ce,5,s_nm1,addition,adamw,113,128,3,quadratic,1.0,0,1000,5000,0.3,123,10,50,2000,1.0,iid,0.5,0.0,fedavg,1.0,0.0,0.001,20,0,10000,100,0.0,0.001,1.0,95.0,inf,inf,13000.0,inf,inf,0,85.71428656578064,92.71540641784668,93.70757341384888,nan,False,True,100000.0,967.9,False,512,0.01,4,True,True
fede_addition_d675dfa95ac9,federated,T3,server_lr_cal,cal,,fedyogi,,,,modular,groknet,mse,5,s_nm1,addition,gd,97,256,3,quadratic,1.0,0,1000,5000,0.3,456,10,5,10000,1.0,dirichlet,0.1,0.0,fedyogi,0.1,0.0,0.001,20,0,10000,100,0.0,50.0,0.0,95.0,500.0,500.0,400.0,300.0,200.0,0,100.0,100.0,100.0,0.48604923486709595,True,False,50000.0,1523.1,False,512,0.01,4,False,True
fede_addition_d87e4d164c4a,federated,S2b,k50_ladder,gate_a,,,B,,,modular,transformer,ce,5,s_nm1,addition,adamw,113,128,3,quadratic,1.0,0,1000,5000,0.3,42,30,5,2000,1.0,iid,0.5,0.0,fedavg,1.0,0.0,0.001,20,0,10000,100,0.0,0.001,1.0,95.0,inf,inf,inf,inf,inf,0,8.47969576716423,41.305482387542725,42.79373288154602,nan,False,True,10000.0,839.5,False,512,0.01,4,False,True
fede_addition_d8bb5b189382,federated,T3b,partitions,exp3b,,,A',,,modular,groknet,mse,5,s_nm1,addition,adamw,97,256,3,quadratic,1.0,0,1000,5000,0.2,123,10,5,20000,1.0,dirichlet,0.5,0.0,fedavg,1.0,0.0,0.001,20,2000,10000,100,0.0,0.001,0.1,95.0,39000.0,39000.0,32500.0,3100.0,35900.0,0,100.0,100.0,100.0,0.2897104322910309,True,False,100000.0,3400.8,True,512,0.01,4,False,True
fede_addition_d8cdaa8cd5b2,federated,T3a,dirichlet_band,exp3a,,,A,,,modular,groknet,mse,5,s_nm1,addition,gd,97,256,3,quadratic,1.0,0,1000,5000,0.25,123,50,5,20000,1.0,dirichlet,0.1,0.0,fedavg,1.0,0.0,0.001,20,1000,10000,100,0.0,50.0,0.0,95.0,53400.0,53400.0,39000.0,3200.0,50200.0,0,100.0,100.0,100.0,0.3564080595970154,True,False,100000.0,8495.3,True,512,0.01,4,False,True
fede_addition_da2816f5b744,federated,T2,boundary,boundary,,,,,,modular,groknet,mse,5,s_nm1,addition,gd,97,256,3,quadratic,1.0,0,1000,5000,0.25,789,50,5,20000,1.0,iid,0.5,0.0,fedavg,1.0,0.0,0.001,20,1000,10000,100,0.0,50.0,0.0,95.0,47800.0,47800.0,34000.0,3100.0,44700.0,0,99.84412789344788,100.0,100.0,0.3241981267929077,True,False,100000.0,8490.7,True,512,0.01,4,False,True
fede_addition_dab22eaa41a8,federated,T2,k_fixed_total,phase,,,,,,modular,groknet,mse,5,s_nm1,addition,gd,97,256,3,quadratic,1.0,0,1000,5000,0.3,1011,5,5,10000,1.0,dirichlet,0.5,0.0,fedavg,1.0,0.0,0.001,20,0,10000,100,0.0,50.0,0.0,95.0,13400.0,13400.0,11400.0,3700.0,9700.0,0,100.0,100.0,100.0,0.39661020040512085,True,False,50000.0,1296.9,False,512,0.01,4,False,True
fede_addition_dacc84fb983d,federated,T2,aggregation_alpha2,exp2,,,B,fl,,modular,transformer,ce,5,s_nm1,addition,adamw,113,128,3,quadratic,1.0,0,1000,5000,0.4,42,2,5,20000,1.0,iid,0.5,0.0,fedavg,1.0,0.0,0.001,20,2000,10000,100,0.0,0.001,1.0,95.0,2000.0,2000.0,1600.0,500.0,1500.0,0,99.99999403953552,100.0,100.0,nan,True,False,100000.0,4583.5,True,512,0.01,4,False,True
fede_addition_dde09c3dd131,federated,T1,setup_k_ladder,replication,,,B,,,modular,transformer,ce,5,s_nm1,addition,adamw,113,128,3,quadratic,1.0,0,1000,5000,0.3,123,5,5,20000,1.0,iid,0.5,0.0,fedavg,1.0,0.0,0.001,20,2000,10000,100,0.0,0.001,0.1,95.0,44500.0,44500.0,40600.0,800.0,43700.0,0,100.0,100.0,100.0,nan,True,False,100000.0,3570.4,True,512,0.01,4,False,True
fede_addition_de7b3050c158,federated,T3a,dirichlet_band,exp3a,,,A,,,modular,groknet,mse,5,s_nm1,addition,gd,97,256,3,quadratic,1.0,0,1000,5000,0.25,42,20,5,20000,1.0,dirichlet,10.0,0.0,fedavg,1.0,0.0,0.001,20,1000,10000,100,0.0,50.0,0.0,95.0,27300.0,27300.0,21900.0,3000.0,24300.0,0,100.0,100.0,100.0,0.4323663115501404,True,False,100000.0,4126.2,True,512,0.01,4,False,True
fede_addition_dea649a994f7,federated,T5,local_epochs,exp_e,,,B,,,modular,transformer,ce,5,s_nm1,addition,adamw,113,128,3,quadratic,1.0,0,1000,5000,0.3,42,10,25,8000,1.0,iid,0.5,0.0,fedavg,1.0,0.0,0.001,4,800,10000,100,0.0,0.001,0.1,95.0,51000.0,51000.0,46400.0,6200.0,44800.0,0,100.0,100.0,100.0,nan,True,False,200000.0,5664.4,True,512,0.01,4,False,True
fede_addition_dfedc831c762,federated,T1,probe,probe,,,,,,modular,groknet,mse,5,s_nm1,addition,gd,97,256,3,quadratic,1.0,0,1000,5000,0.3,123,10,1,10000,1.0,operand,0.5,0.0,fedavg,1.0,0.0,0.001,20,0,10000,100,0.0,50.0,0.0,95.0,inf,inf,inf,3680.0,inf,0,34.11264717578888,100.0,100.0,0.09845895320177078,False,True,10000.0,1434.1,False,512,0.01,4,False,True
fede_addition_e004e5b64d4b,federated,T3,algorithms,algo,H2,fedavgm,,,,modular,groknet,mse,5,s_nm1,addition,gd,97,256,3,quadratic,1.0,0,1000,5000,0.25,456,10,25,10000,1.0,dirichlet,0.1,0.0,fedavgm,1.0,0.9,0.001,20,0,10000,100,0.0,50.0,0.0,95.0,10000.0,10000.0,7500.0,1000.0,9000.0,0,99.75910782814026,100.0,100.0,0.4200485348701477,True,False,250000.0,2185.7,False,512,0.01,4,False,True
fede_addition_e06f51df030a,federated,T2,aggregation,exp2,,,A',fl,,modular,groknet,mse,5,s_nm1,addition,adamw,97,256,3,quadratic,1.0,0,1000,5000,0.2,456,5,5,20000,1.0,iid,0.5,0.0,fedavg,1.0,0.0,0.001,20,2000,10000,100,0.0,0.001,0.1,95.0,25500.0,25500.0,20900.0,300.0,25200.0,0,100.0,100.0,100.0,0.3000320792198181,True,False,100000.0,2650.4,True,512,0.01,4,False,True
fede_addition_e079ce0d2183,federated,P1,k_collapse_budget,diagnosis,,,B,,,modular,transformer,ce,5,s_nm1,addition,adamw,113,128,3,quadratic,1.0,0,1000,5000,0.3,42,30,5,20000,1.0,iid,0.5,0.0,fedavg,1.0,0.0,0.001,20,2000,10000,100,0.0,0.001,0.1,95.0,inf,inf,inf,6500.0,inf,0,3.266584873199463,100.0,100.0,nan,False,True,100000.0,7311.7,True,512,0.01,4,False,True
fede_addition_e0d5064eab5c,federated,T3a,size_control,exp3a,,,A,,,modular,groknet,mse,5,s_nm1,addition,gd,97,256,3,quadratic,1.0,0,1000,5000,0.25,42,20,5,20000,1.0,dirichlet_sizes,0.01,0.0,fedavg,1.0,0.0,0.001,20,1000,10000,100,0.0,50.0,0.0,95.0,inf,inf,inf,3000.0,inf,0,1.0911152698099613,0.8503401651978493,99.91496205329895,nan,False,True,100000.0,3664.3,True,512,0.01,4,False,True
fede_addition_e125b68f0203,federated,T3a,dirichlet_setups,exp3a,,,A,,,modular,groknet,mse,5,s_nm1,addition,gd,97,256,3,quadratic,1.0,0,1000,5000,0.3,42,10,5,10000,1.0,dirichlet,10.0,0.0,fedavg,1.0,0.0,0.001,20,1000,10000,100,0.0,50.0,0.0,95.0,12900.0,12900.0,10800.0,3700.0,9200.0,0,100.0,100.0,100.0,0.4063059687614441,True,False,50000.0,1469.2,True,512,0.01,4,False,True
fede_addition_e14f10d9fc99,federated,T4b,participation,exp4b,,,A,,,modular,groknet,mse,5,s_nm1,addition,gd,97,256,3,quadratic,1.0,0,1000,5000,0.25,42,50,5,50000,0.4,iid,0.5,0.0,fedavg,1.0,0.0,0.001,20,2500,10000,100,0.0,50.0,0.0,95.0,15679.912840137777,15679.912840137777,11279.9404761914,1239.9553571428573,14439.95748299492,0,99.98583197593689,100.0,100.0,0.40479862689971924,True,False,100000.14880959022,10690.7,True,512,0.01,4,False,True
fede_addition_e1fc06fd5d0f,federated,T3,server_lr_cal,cal,,fedyogi,,,,modular,groknet,mse,5,s_nm1,addition,gd,97,256,3,quadratic,1.0,0,1000,5000,0.3,456,10,5,10000,1.0,dirichlet,0.1,0.0,fedyogi,0.3,0.0,0.001,20,0,10000,100,0.0,50.0,0.0,95.0,inf,inf,inf,inf,inf,0,1.0019735433161259,1.0985116474330425,18.781006336212158,nan,False,True,50000.0,1519.9,False,512,0.01,4,False,True
fede_addition_e25d90bf19ef,federated,T2,aggregation,exp2,,,A,fl,,modular,groknet,mse,5,s_nm1,addition,gd,97,256,3,quadratic,1.0,0,1000,5000,0.3,42,20,5,10000,1.0,iid,0.5,0.0,fedavg,1.0,0.0,0.001,20,1000,10000,100,0.0,50.0,0.0,95.0,13200.0,13200.0,11100.0,3600.0,9600.0,0,100.0,100.0,100.0,0.4005028009414673,True,False,50000.0,1882.0,True,512,0.01,4,False,True
fede_addition_e2e0c4a73452,federated,T3,algorithms,algo,H2,fedadam,,,,modular,groknet,mse,5,s_nm1,addition,gd,97,256,3,quadratic,1.0,0,1000,5000,0.25,42,10,25,10000,1.0,dirichlet,0.1,0.0,fedadam,0.1,0.0,0.001,20,0,10000,100,0.0,50.0,0.0,95.0,2500.0,2500.0,2000.0,500.0,2000.0,0,100.0,100.0,100.0,0.41923952102661133,True,False,250000.0,2064.1,False,512,0.01,4,False,True
fede_addition_e2e5dfe34998,federated,T3,server_lr_cal,cal,,fedavgm,,,,modular,groknet,mse,5,s_nm1,addition,gd,97,256,3,quadratic,1.0,0,1000,5000,0.3,456,10,5,10000,1.0,dirichlet,0.1,0.0,fedavgm,0.1,0.0,0.001,20,0,10000,100,0.0,50.0,0.0,95.0,inf,inf,inf,37200.0,inf,0,0.2125398488715291,99.89368915557861,99.89368915557861,0.028369441628456116,False,True,50000.0,1521.4,False,512,0.01,4,False,True
fede_addition_e2f4df975eb2,federated,T2,aggregation,exp2,,,A',fl,,modular,groknet,mse,5,s_nm1,addition,adamw,97,256,3,quadratic,1.0,0,1000,5000,0.2,123,10,5,20000,1.0,iid,0.5,0.0,fedavg,1.0,0.0,0.001,20,2000,10000,100,0.0,0.001,0.1,95.0,31600.0,31600.0,26000.0,800.0,30800.0,0,100.0,100.0,100.0,0.31049925088882446,True,False,100000.0,3096.9,True,512,0.01,4,False,True
fede_addition_e2f680a3ef87,federated,T5,participation_setups,exp4b,,,A,,,modular,groknet,mse,5,s_nm1,addition,gd,97,256,3,quadratic,1.0,0,1000,5000,0.3,123,20,5,20000,0.5,iid,0.5,0.0,fedavg,1.0,0.0,0.001,40,2000,10000,100,0.0,50.0,0.0,95.0,6700.09390503189,6700.09390503189,5600.08327427356,1900.0779588944006,4800.01594613749,0,100.0,100.0,100.0,0.4835989475250244,True,False,50000.01417434443,2916.7,True,512,0.01,4,False,True
fede_addition_e30a92766b18,federated,T3a,dirichlet_band,exp3a,,,A,,,modular,groknet,mse,5,s_nm1,addition,gd,97,256,3,quadratic,1.0,0,1000,5000,0.25,123,50,5,20000,1.0,dirichlet,0.01,0.0,fedavg,1.0,0.0,0.001,20,1000,10000,100,0.0,50.0,0.0,95.0,inf,inf,inf,inf,inf,0,1.0060932487249374,1.105442177504301,97.66156077384949,nan,False,True,100000.0,8548.3,True,512,0.01,4,False,True
fede_addition_e437ea6c9774,federated,T2,boundary,boundary,,,,,,modular,groknet,mse,5,s_nm1,addition,gd,97,256,3,quadratic,1.0,0,1000,5000,0.25,456,20,5,20000,1.0,iid,0.5,0.0,fedavg,1.0,0.0,0.001,20,1000,10000,100,0.0,50.0,0.0,95.0,33100.0,33100.0,25000.0,3100.0,30000.0,0,100.0,100.0,100.0,0.39622318744659424,True,False,100000.0,3552.1,True,512,0.01,4,False,True
fede_addition_e44f7ab49888,federated,T2,k_fixed_total,phase,,,,,,modular,groknet,mse,5,s_nm1,addition,gd,97,256,3,quadratic,1.0,0,1000,5000,0.3,42,20,5,10000,1.0,dirichlet,0.5,0.0,fedavg,1.0,0.0,0.001,20,0,10000,100,0.0,50.0,0.0,95.0,13200.0,13200.0,11200.0,3700.0,9500.0,0,100.0,100.0,100.0,0.40542805194854736,True,False,50000.0,2041.6,False,512,0.01,4,False,True
fede_addition_e5528220e755,federated,T3,algorithms,algo,H3,fedprox,,,,modular,groknet,mse,5,s_nm1,addition,gd,97,256,3,quadratic,1.0,0,1000,5000,0.3,1011,10,50,10000,1.0,dirichlet,0.1,0.01,fedprox,1.0,0.0,0.001,20,0,10000,100,0.0,50.0,0.0,95.0,345000.0,345000.0,292000.0,90000.0,255000.0,0,100.0,100.0,100.0,0.27709585428237915,True,False,500000.0,3266.9,False,512,0.01,4,False,True
fede_addition_e55b4cb8f182,federated,T3,algorithms,algo,H1,fedadam,,,,modular,groknet,mse,5,s_nm1,addition,gd,97,256,3,quadratic,1.0,0,1000,5000,0.25,456,10,25,10000,1.0,iid,0.5,0.0,fedadam,0.1,0.0,0.001,20,0,10000,100,0.0,50.0,0.0,95.0,4000.0,4000.0,2500.0,500.0,3500.0,0,100.0,100.0,100.0,0.4035167098045349,True,False,250000.0,2061.2,False,512,0.01,4,False,True
fede_addition_e573ab21e3ba,federated,T3,algorithms,algo,H1,fedadam,,,,modular,groknet,mse,5,s_nm1,addition,gd,97,256,3,quadratic,1.0,0,1000,5000,0.25,1011,10,25,10000,1.0,iid,0.5,0.0,fedadam,0.1,0.0,0.001,20,0,10000,100,0.0,50.0,0.0,95.0,3500.0,3500.0,2500.0,500.0,3000.0,0,100.0,100.0,100.0,0.4971824884414673,True,False,250000.0,2087.7,False,512,0.01,4,False,True
fede_addition_e62528629bab,federated,X,e1_identity,control,,,A',,,modular,groknet,mse,5,s_nm1,addition,adamw,97,256,3,quadratic,1.0,0,1000,5000,0.2,42,2,1,30000,1.0,iid,0.5,0.0,fedavg,1.0,0.0,0.001,50,0,10000,100,0.0,0.001,0.1,95.0,inf,inf,inf,1600.0,inf,0,0.0,85.27379035949707,99.84050989151001,0.02888777107000351,False,True,30000.0,3631.3,False,512,0.01,4,False,True
fede_addition_e6cd17a0cd62,federated,T1,probe,probe,,,,,,modular,groknet,mse,5,s_nm1,addition,gd,97,256,3,quadratic,1.0,0,1000,5000,0.3,42,10,5,10000,1.0,iid,0.5,0.0,fedavg,1.0,0.0,0.001,20,0,10000,100,0.0,50.0,0.0,95.0,12900.0,12900.0,10900.0,3700.0,9200.0,0,100.0,100.0,100.0,0.40716713666915894,True,False,50000.0,1488.2,False,512,0.01,4,False,True
fede_addition_e7ace97b6a0d,federated,T2,boundary,boundary,,,,,,modular,groknet,mse,5,s_nm1,addition,gd,97,256,3,quadratic,1.0,0,1000,5000,0.25,42,20,5,20000,1.0,iid,0.5,0.0,fedavg,1.0,0.0,0.001,20,1000,10000,100,0.0,50.0,0.0,95.0,27300.0,27300.0,22000.0,3000.0,24300.0,0,100.0,100.0,100.0,0.41464322805404663,True,False,100000.0,3517.4,True,512,0.01,4,False,True
fede_addition_e7addc653c87,federated,T2,aggregation,exp2,,,A,fl,,modular,groknet,mse,5,s_nm1,addition,gd,97,256,3,quadratic,1.0,0,1000,5000,0.3,456,10,5,10000,1.0,iid,0.5,0.0,fedavg,1.0,0.0,0.001,20,1000,10000,100,0.0,50.0,0.0,95.0,13700.0,13700.0,11800.0,3800.0,9900.0,0,100.0,100.0,100.0,0.4092442989349365,True,False,50000.0,1504.9,True,512,0.01,4,False,True
fede_addition_e8327cf45c92,federated,T3,server_lr_cal,cal,,fedadam,,,,modular,groknet,mse,5,s_nm1,addition,gd,97,256,3,quadratic,1.0,0,1000,5000,0.3,123,10,5,10000,1.0,dirichlet,0.1,0.0,fedadam,0.01,0.0,0.001,20,0,10000,100,0.0,50.0,0.0,95.0,2100.0,2100.0,1900.0,700.0,1400.0,0,99.98481869697571,100.0,100.0,0.488103985786438,True,False,50000.0,1559.5,False,512,0.01,4,False,True
fede_addition_e8dc3b32a50e,federated,T3,server_lr_cal,cal,,fedadam,,,,modular,groknet,mse,5,s_nm1,addition,gd,97,256,3,quadratic,1.0,0,1000,5000,0.3,42,10,5,10000,1.0,dirichlet,0.1,0.0,fedadam,0.1,0.0,0.001,20,0,10000,100,0.0,50.0,0.0,95.0,500.0,500.0,500.0,200.0,300.0,0,100.0,100.0,100.0,0.44809335470199585,True,False,50000.0,1553.4,False,512,0.01,4,False,True
fede_addition_e904e2251f81,federated,T3b,partitions,exp3b,,,B,,,modular,transformer,ce,5,s_nm1,addition,adamw,113,128,3,quadratic,1.0,0,1000,5000,0.3,123,10,5,20000,1.0,dirichlet,0.5,0.0,fedavg,1.0,0.0,0.001,20,2000,10000,100,0.0,0.001,1.0,95.0,7600.0,7600.0,6800.0,7700.0,-100.0,0,99.31759834289551,99.94778037071228,100.0,nan,True,False,100000.0,5599.5,True,512,0.01,4,False,True
fede_addition_e91f16213c27,federated,T3b,partitions,exp3b,,,A',,,modular,groknet,mse,5,s_nm1,addition,adamw,97,256,3,quadratic,1.0,0,1000,5000,0.2,456,20,5,20000,1.0,target,0.5,0.0,fedavg,1.0,0.0,0.001,20,2000,10000,100,0.0,0.001,0.1,95.0,30500.0,30500.0,24500.0,19800.0,10700.0,0,100.0,100.0,100.0,0.35591888427734375,True,False,100000.0,4502.2,True,512,0.01,4,False,True
fede_addition_e946935e6d98,federated,T3b,partitions,exp3b,,,B,,,modular,transformer,ce,5,s_nm1,addition,adamw,113,128,3,quadratic,1.0,0,1000,5000,0.3,456,10,5,20000,1.0,operand,0.5,0.0,fedavg,1.0,0.0,0.001,20,2000,10000,100,0.0,0.001,1.0,95.0,96700.0,56100.0,55600.0,56000.0,40700.0,9,98.34433794021606,99.58224296569824,99.9738872051239,nan,True,False,100000.0,5402.9,True,512,0.01,4,False,True
fede_addition_e96f36250959,federated,S2,fl_probe,probe,,,B,,,modular,transformer,ce,5,s_nm1,addition,adamw,113,128,3,quadratic,1.0,0,1000,5000,0.3,42,50,5,2000,1.0,operand,0.5,0.0,fedavg,1.0,0.0,0.001,20,0,10000,100,0.0,0.001,1.0,95.0,inf,inf,inf,inf,inf,0,0.3020472126081586,2.6892950758337975,2.845953032374382,nan,False,True,10000.0,1081.6,False,512,0.01,4,False,True
fede_addition_e9a9b7783196,federated,P1,k_collapse_wd,diagnosis,,,B,,,modular,transformer,ce,5,s_nm1,addition,adamw,113,128,3,quadratic,1.0,0,1000,5000,0.3,456,50,5,2000,1.0,iid,0.5,0.0,fedavg,1.0,0.0,0.001,20,0,10000,100,0.0,0.001,0.1,95.0,inf,inf,inf,inf,inf,0,0.38035574834793806,68.82506608963013,77.59791016578674,nan,False,True,10000.0,1046.6,False,512,0.01,4,False,True
fede_addition_ea1b800436d2,federated,S2b,probe_rerun,gate_a,,,B,,,modular,transformer,ce,5,s_nm1,addition,adamw,113,128,3,quadratic,1.0,0,1000,5000,0.3,456,10,5,10000,1.0,operand,0.5,0.0,fedavg,1.0,0.0,0.001,20,0,10000,100,0.0,0.001,1.0,95.0,26100.0,25800.0,25400.0,25600.0,500.0,2,98.05347919464111,99.32115077972412,100.0,nan,True,False,50000.0,2087.2,False,512,0.01,4,False,True
fede_addition_ea2989692bf8,federated,T3,algorithms,algo,H3,fedadam,,,,modular,groknet,mse,5,s_nm1,addition,gd,97,256,3,quadratic,1.0,0,1000,5000,0.3,1011,10,50,10000,1.0,dirichlet,0.1,0.0,fedadam,0.1,0.0,0.001,20,0,10000,100,0.0,50.0,0.0,95.0,3000.0,3000.0,3000.0,2000.0,1000.0,0,100.0,100.0,100.0,0.3896923065185547,True,False,500000.0,2724.2,False,512,0.01,4,False,True
fede_addition_ec793af1a5f4,federated,T5,participation_setups,exp4b,,,A,,,modular,groknet,mse,5,s_nm1,addition,gd,97,256,3,quadratic,1.0,0,1000,5000,0.3,42,20,5,40000,0.25,iid,0.5,0.0,fedavg,1.0,0.0,0.001,80,4000,10000,100,0.0,50.0,0.0,95.0,3400.0070871721987,3400.0070871721987,2799.9751948972216,1099.969879518073,2300.0372076541257,0,100.0,100.0,100.0,0.4655783772468567,True,False,50000.076187099156,5150.1,True,512,0.01,4,False,True
fede_addition_ec9206eb03d3,federated,T2,aggregation_alpha2,exp2,,,B,fl,,modular,transformer,ce,5,s_nm1,addition,adamw,113,128,3,quadratic,1.0,0,1000,5000,0.4,456,5,5,20000,1.0,iid,0.5,0.0,fedavg,1.0,0.0,0.001,20,2000,10000,100,0.0,0.001,1.0,95.0,2100.0,2100.0,1900.0,1400.0,700.0,0,99.99999403953552,100.0,100.0,nan,True,False,100000.0,6460.7,True,512,0.01,4,False,True
fede_addition_ee3a0ade7c47,federated,T3,algorithms,algo,H3,fedavgm,,,,modular,groknet,mse,5,s_nm1,addition,gd,97,256,3,quadratic,1.0,0,1000,5000,0.3,1011,10,50,10000,1.0,dirichlet,0.1,0.0,fedavgm,1.0,0.9,0.001,20,0,10000,100,0.0,50.0,0.0,95.0,6000.0,6000.0,5000.0,2000.0,4000.0,0,99.8026430606842,100.0,100.0,0.4449964761734009,True,False,500000.0,3045.3,False,512,0.01,4,False,True
fede_addition_ee7b3a321467,federated,P1,k_collapse_budget,diagnosis,,,B,,,modular,transformer,ce,5,s_nm1,addition,adamw,113,128,3,quadratic,1.0,0,1000,5000,0.3,42,50,5,20000,1.0,iid,0.5,0.0,fedavg,1.0,0.0,0.001,20,2000,10000,100,0.0,0.001,1.0,95.0,inf,inf,inf,inf,inf,0,24.331581592559814,34.77806746959686,37.806788086891174,nan,False,True,100000.0,11570.2,True,512,0.01,4,False,True
fede_addition_ee916d30ddfd,federated,T3,algorithms,algo,H2,fedyogi,,,,modular,groknet,mse,5,s_nm1,addition,gd,97,256,3,quadratic,1.0,0,1000,5000,0.25,42,10,25,10000,1.0,dirichlet,0.1,0.0,fedyogi,0.1,0.0,0.001,20,0,10000,100,0.0,50.0,0.0,95.0,3000.0,3000.0,2000.0,1000.0,2000.0,0,99.98583197593689,100.0,100.0,0.42721012234687805,True,False,250000.0,2053.1,False,512,0.01,4,False,True
fede_addition_f083d7eaf996,federated,S2,adam_restart,probe,,,B,,,modular,transformer,ce,5,s_nm1,addition,adamw,113,128,3,quadratic,1.0,0,1000,5000,0.3,456,10,5,2000,1.0,iid,0.5,0.0,fedavg,1.0,0.0,0.001,20,0,10000,100,0.0,0.001,1.0,95.0,5200.0,4900.0,3200.0,4000.0,1200.0,1,98.72469305992126,99.94778037071228,99.9738872051239,nan,True,False,10000.0,406.6,False,512,0.01,4,True,True
fede_addition_f0b331026554,federated,T3b,partitions,exp3b,,,A,,,modular,groknet,mse,5,s_nm1,addition,gd,97,256,3,quadratic,1.0,0,1000,5000,0.3,456,10,5,10000,1.0,operand,0.5,0.0,fedavg,1.0,0.0,0.001,20,1000,10000,100,0.0,50.0,0.0,95.0,13400.0,13400.0,11500.0,3900.0,9500.0,0,100.0,100.0,100.0,0.43006977438926697,True,False,50000.0,2381.4,True,512,0.01,4,False,True
fede_addition_f0ca4f68e15e,federated,T5,local_epochs,exp_e,,,A,,,modular,groknet,mse,5,s_nm1,addition,gd,97,256,3,quadratic,1.0,0,1000,5000,0.3,42,10,50,1000,1.0,iid,0.5,0.0,fedavg,1.0,0.0,0.001,2,0,10000,100,0.0,50.0,0.0,95.0,21600.0,21600.0,16800.0,3800.0,17800.0,0,100.0,100.0,100.0,0.3049033284187317,True,False,50000.0,318.2,False,512,0.01,4,False,True
fede_addition_f14326c6bcea,federated,T3a,dirichlet_setups,exp3a,,,B,,,modular,transformer,ce,5,s_nm1,addition,adamw,113,128,3,quadratic,1.0,0,1000,5000,0.3,456,10,5,20000,1.0,dirichlet,1000.0,0.0,fedavg,1.0,0.0,0.001,20,2000,10000,100,0.0,0.001,1.0,95.0,8700.0,8700.0,6600.0,4000.0,4700.0,0,100.0,100.0,100.0,nan,True,False,100000.0,4553.2,True,512,0.01,4,False,True
fede_addition_f22962edcb5b,federated,T3,algorithms,algo,H3,fedavgm,,,,modular,groknet,mse,5,s_nm1,addition,gd,97,256,3,quadratic,1.0,0,1000,5000,0.3,123,10,50,10000,1.0,dirichlet,0.1,0.0,fedavgm,1.0,0.9,0.001,20,0,10000,100,0.0,50.0,0.0,95.0,6000.0,6000.0,5000.0,4000.0,2000.0,0,99.65083003044128,100.0,100.0,0.43336719274520874,True,False,500000.0,3020.8,False,512,0.01,4,False,True
fede_addition_f25b91d22e6f,federated,T2,k_fixed_total,phase,,,,,,modular,groknet,mse,5,s_nm1,addition,gd,97,256,3,quadratic,1.0,0,1000,5000,0.3,789,50,5,10000,1.0,iid,0.5,0.0,fedavg,1.0,0.0,0.001,20,0,10000,100,0.0,50.0,0.0,95.0,15700.0,15700.0,12900.0,3800.0,11900.0,0,100.0,100.0,100.0,0.36984652280807495,True,False,50000.0,4502.1,False,512,0.01,4,False,True
fede_addition_f2babde663bd,federated,T5,local_epochs,exp_e,,,A,,,modular,groknet,mse,5,s_nm1,addition,gd,97,256,3,quadratic,1.0,0,1000,5000,0.3,456,10,10,5000,1.0,iid,0.5,0.0,fedavg,1.0,0.0,0.001,10,0,10000,100,0.0,50.0,0.0,95.0,14100.0,14100.0,12100.0,3900.0,10200.0,0,100.0,100.0,100.0,0.4047944247722626,True,False,50000.0,1136.4,False,512,0.01,4,False,True
fede_addition_f361980b4fe3,federated,T2,aggregation,exp2,,,B,fl,,modular,transformer,ce,5,s_nm1,addition,adamw,113,128,3,quadratic,1.0,0,1000,5000,0.3,42,20,5,20000,1.0,iid,0.5,0.0,fedavg,1.0,0.0,0.001,20,2000,10000,100,0.0,0.001,1.0,95.0,9100.0,9100.0,7600.0,9000.0,100.0,0,99.60846304893494,100.0,100.0,nan,True,False,100000.0,6071.3,True,512,0.01,4,False,True
fede_addition_f3a2c141261a,federated,T2,k_fixed_total,phase,,,,,,modular,groknet,mse,5,s_nm1,addition,gd,97,256,3,quadratic,1.0,0,1000,5000,0.3,789,10,5,10000,1.0,dirichlet,0.5,0.0,fedavg,1.0,0.0,0.001,20,0,10000,100,0.0,50.0,0.0,95.0,13900.0,13900.0,11600.0,3700.0,10200.0,0,100.0,100.0,100.0,0.4101319909095764,True,False,50000.0,1477.4,False,512,0.01,4,False,True
fede_addition_f502345696a3,federated,T3a,size_control,exp3a,,,A,,,modular,groknet,mse,5,s_nm1,addition,gd,97,256,3,quadratic,1.0,0,1000,5000,0.25,42,20,5,20000,1.0,dirichlet_sizes,0.1,0.0,fedavg,1.0,0.0,0.001,20,1000,10000,100,0.0,50.0,0.0,95.0,27300.0,27300.0,21900.0,3000.0,24300.0,0,100.0,100.0,100.0,0.4275836646556854,True,False,100000.0,3669.0,True,512,0.01,4,False,True
fede_addition_f50384feddb5,federated,T1,probe,probe,,,,,,modular,groknet,mse,5,s_nm1,addition,gd,97,256,3,quadratic,1.0,0,1000,5000,0.3,42,10,50,10000,1.0,operand,0.5,0.0,fedavg,1.0,0.0,0.001,20,0,10000,100,0.0,50.0,0.0,95.0,16000.0,16000.0,13000.0,4000.0,12000.0,0,100.0,100.0,100.0,0.5356959104537964,True,False,500000.0,2644.6,False,512,0.01,4,False,True
fede_addition_f744aff3259f,federated,T3a,size_control,exp3a,,,A,,,modular,groknet,mse,5,s_nm1,addition,gd,97,256,3,quadratic,1.0,0,1000,5000,0.25,456,50,5,20000,1.0,dirichlet_sizes,0.01,0.0,fedavg,1.0,0.0,0.001,20,1000,10000,100,0.0,50.0,0.0,95.0,47800.0,47800.0,34500.0,3200.0,44600.0,0,100.0,100.0,100.0,0.3441045880317688,True,False,100000.0,8151.2,True,512,0.01,4,False,True
fede_addition_f8f76e045cb0,federated,T5,local_epochs,exp_e,,,A,,,modular,groknet,mse,5,s_nm1,addition,gd,97,256,3,quadratic,1.0,0,1000,5000,0.3,123,10,1,50000,1.0,iid,0.5,0.0,fedavg,1.0,0.0,0.001,100,0,10000,100,0.0,50.0,0.0,95.0,12600.0,12600.0,10600.0,3700.0,8900.0,0,100.0,100.0,100.0,0.43186861276626587,True,False,50000.0,10923.0,False,512,0.01,4,False,True
fede_addition_f8fafa179030,federated,T2,boundary,boundary,,,,,,modular,groknet,mse,5,s_nm1,addition,gd,97,256,3,quadratic,1.0,0,1000,5000,0.25,42,50,5,20000,1.0,iid,0.5,0.0,fedavg,1.0,0.0,0.001,20,1000,10000,100,0.0,50.0,0.0,95.0,40700.0,40700.0,30200.0,3000.0,37700.0,0,100.0,100.0,100.0,0.3268188238143921,True,False,100000.0,8765.5,True,512,0.01,4,False,True
fede_addition_f96308a32512,federated,S2,fl_probe,probe,,,B,,,modular,transformer,ce,5,s_nm1,addition,adamw,113,128,3,quadratic,1.0,0,1000,5000,0.3,42,10,5,2000,1.0,iid,0.5,0.0,fedavg,1.0,0.0,0.001,20,0,10000,100,0.0,0.001,1.0,95.0,8700.0,8700.0,8100.0,7500.0,1200.0,0,100.0,100.0,100.0,nan,True,False,10000.0,402.9,False,512,0.01,4,False,True
fede_addition_f970b8b34fcf,federated,T3,algorithms,algo,H3,scaffold,,,,modular,groknet,mse,5,s_nm1,addition,gd,97,256,3,quadratic,1.0,0,1000,5000,0.3,789,10,50,10000,1.0,dirichlet,0.1,0.0,scaffold,1.0,0.0,0.001,20,0,10000,100,0.0,50.0,0.0,95.0,4000.0,4000.0,4000.0,2000.0,2000.0,0,99.95445609092712,100.0,100.0,0.4852277636528015,True,False,500000.0,3968.2,False,512,0.01,4,False,True
fede_addition_fa3ae563d1ab,federated,T2,aggregation,exp2,,,B,fl,,modular,transformer,ce,5,s_nm1,addition,adamw,113,128,3,quadratic,1.0,0,1000,5000,0.3,456,5,5,20000,1.0,iid,0.5,0.0,fedavg,1.0,0.0,0.001,20,2000,10000,100,0.0,0.001,1.0,95.0,5300.0,5300.0,5000.0,1700.0,3600.0,0,100.0,100.0,100.0,nan,True,False,100000.0,3563.2,True,512,0.01,4,False,True
fede_addition_fa7ecb9f1f94,federated,T2,boundary,boundary,,,,,,modular,groknet,mse,5,s_nm1,addition,gd,97,256,3,quadratic,1.0,0,1000,5000,0.25,42,97,5,20000,1.0,iid,0.5,0.0,fedavg,1.0,0.0,0.001,20,1000,10000,100,0.0,50.0,0.0,95.0,95600.0,95600.0,68800.0,3000.0,92600.0,0,96.96755409240723,100.0,100.0,0.16315871477127075,True,False,100000.0,14880.2,True,512,0.01,4,False,True
fede_addition_fcd37d73934b,federated,T2,k_fixed_total,phase,,,,,,modular,groknet,mse,5,s_nm1,addition,gd,97,256,3,quadratic,1.0,0,1000,5000,0.3,1011,20,5,10000,1.0,operand,0.5,0.0,fedavg,1.0,0.0,0.001,20,0,10000,100,0.0,50.0,0.0,95.0,13300.0,13300.0,11300.0,3700.0,9600.0,0,100.0,100.0,100.0,0.4117993116378784,True,False,50000.0,2041.8,False,512,0.01,4,False,True
fede_addition_fd0431c36596,federated,T3,server_lr_cal,cal,,fedyogi,,,,modular,groknet,mse,5,s_nm1,addition,gd,97,256,3,quadratic,1.0,0,1000,5000,0.3,42,10,5,10000,1.0,dirichlet,0.1,0.0,fedyogi,0.3,0.0,0.001,20,0,10000,100,0.0,50.0,0.0,95.0,inf,inf,inf,inf,inf,0,1.108243502676487,0.8504606783390045,9.957476705312729,nan,False,True,50000.0,1522.3,False,512,0.01,4,False,True
fede_addition_fd6c8136f43a,federated,S2,fl_probe,probe,,,B,,,modular,transformer,ce,5,s_nm1,addition,adamw,113,128,3,quadratic,1.0,0,1000,5000,0.3,42,10,5,2000,1.0,operand,0.5,0.0,fedavg,1.0,0.0,0.001,20,0,10000,100,0.0,0.001,1.0,95.0,inf,inf,8400.0,inf,inf,0,90.91621041297913,96.13577127456665,96.13577127456665,nan,False,True,10000.0,405.8,False,512,0.01,4,False,True
fede_addition_fda5d7ad4442,federated,T3,algorithms,algo,H2,fedprox,,,,modular,groknet,mse,5,s_nm1,addition,gd,97,256,3,quadratic,1.0,0,1000,5000,0.25,1011,10,25,10000,1.0,dirichlet,0.1,0.01,fedprox,1.0,0.0,0.001,20,0,10000,100,0.0,50.0,0.0,95.0,inf,inf,inf,37000.0,inf,0,29.375088214874268,100.0,100.0,0.09286506474018097,False,True,250000.0,2315.9,False,512,0.01,4,False,True
fede_addition_fdca7595de9a,federated,T1,probe,probe,,,,,,modular,groknet,mse,5,s_nm1,addition,gd,97,256,3,quadratic,1.0,0,1000,5000,0.3,42,10,5,10000,1.0,operand,0.5,0.0,fedavg,1.0,0.0,0.001,20,0,10000,100,0.0,50.0,0.0,95.0,12600.0,12600.0,10700.0,3700.0,8900.0,0,100.0,100.0,100.0,0.4391968846321106,True,False,50000.0,1485.1,False,512,0.01,4,False,True
fede_addition_fdf7dda866a0,federated,T3,server_lr_cal,cal,,fedyogi,,,,modular,groknet,mse,5,s_nm1,addition,gd,97,256,3,quadratic,1.0,0,1000,5000,0.3,42,10,5,10000,1.0,dirichlet,0.1,0.0,fedyogi,0.1,0.0,0.001,20,0,10000,100,0.0,50.0,0.0,95.0,400.0,400.0,400.0,300.0,100.0,0,100.0,100.0,100.0,0.4988086223602295,True,False,50000.0,1546.9,False,512,0.01,4,False,True
fede_addition_ff33789ca5a4,federated,S2,adam_restart,probe,,,B,,,modular,transformer,ce,5,s_nm1,addition,adamw,113,128,3,quadratic,1.0,0,1000,5000,0.3,42,10,5,2000,1.0,iid,0.5,0.0,fedavg,1.0,0.0,0.001,20,0,10000,100,0.0,0.001,1.0,95.0,inf,inf,inf,inf,inf,0,2.125517465174198,93.21148991584778,93.34203600883484,nan,False,True,10000.0,402.9,False,512,0.01,4,True,True
fede_addition_ff5c1e2341f7,federated,T3,server_lr_cal,cal,,fedadam,,,,modular,groknet,mse,5,s_nm1,addition,gd,97,256,3,quadratic,1.0,0,1000,5000,0.3,42,10,5,10000,1.0,dirichlet,0.1,0.0,fedadam,1.0,0.0,0.001,20,0,10000,100,0.0,50.0,0.0,95.0,inf,inf,inf,inf,inf,0,1.108243502676487,0.8504606783390045,1.2402551248669624,nan,False,True,50000.0,1552.5,False,512,0.01,4,False,True
fede_addition_ff77758b0a12,federated,T3a,dirichlet_setups,exp3a,,,A,,,modular,groknet,mse,5,s_nm1,addition,gd,97,256,3,quadratic,1.0,0,1000,5000,0.3,456,10,5,10000,1.0,dirichlet,1000.0,0.0,fedavg,1.0,0.0,0.001,20,1000,10000,100,0.0,50.0,0.0,95.0,13600.0,13600.0,11700.0,3900.0,9700.0,0,100.0,100.0,100.0,0.409930944442749,True,False,50000.0,1490.5,True,512,0.01,4,False,True
fede_addition_ffe1ac7edd38,federated,T2,k_fixed_total,phase,,,,,,modular,groknet,mse,5,s_nm1,addition,gd,97,256,3,quadratic,1.0,0,1000,5000,0.3,456,20,5,10000,1.0,iid,0.5,0.0,fedavg,1.0,0.0,0.001,20,0,10000,100,0.0,50.0,0.0,95.0,14100.0,14100.0,12100.0,3800.0,10300.0,0,100.0,100.0,100.0,0.4039870500564575,True,False,50000.0,1971.9,False,512,0.01,4,False,True
fede_addition_fffd37a7c044,federated,T3,server_lr_cal,cal,,fedadam,,,,modular,groknet,mse,5,s_nm1,addition,gd,97,256,3,quadratic,1.0,0,1000,5000,0.3,456,10,5,10000,1.0,dirichlet,0.1,0.0,fedadam,1.0,0.0,0.001,20,0,10000,100,0.0,50.0,0.0,95.0,inf,inf,inf,inf,inf,0,1.0019735433161259,1.0985116474330425,1.0985116474330425,nan,False,True,50000.0,1556.4,False,512,0.01,4,False,True
fede_ae96d9a836df,federated,T3a,dirichlet_setups,exp3a,,,C,,,s5,transformer,ce,5,s_nm1,addition,adamw,97,256,3,quadratic,1.0,0,1000,5000,0.4,456,10,5,40000,1.0,dirichlet,1.0,0.0,fedavg,1.0,0.0,0.001,20,4000,10000,100,0.0,0.001,1.0,85.0,17900.0,17900.0,17600.0,4100.0,13800.0,0,100.0,100.0,100.0,nan,True,False,200000.0,14416.2,True,512,0.01,4,False,True
fede_aeb421505566,federated,T2,aggregation_alpha2,exp2,,,E,fl,,mnist,mlp,mse,5,s_nm1,addition,adamw,97,200,3,quadratic,9.0,100,4000,5000,0.5,42,2,5,8000,1.0,iid,0.5,0.0,fedavg,1.0,0.0,0.001,20,800,10000,100,0.0,0.001,0.1,90.0,inf,200.0,100.0,200.0,inf,327,89.4599974155426,99.9250054359436,100.0,nan,False,True,40000.0,2622.2,True,512,0.01,4,False,True
fede_af1a1b80e851,federated,T3b,partitions,exp3b,,,C,,,s5,transformer,ce,5,s_nm1,addition,adamw,97,256,3,quadratic,1.0,0,1000,5000,0.4,123,50,5,40000,1.0,target,0.5,0.0,fedavg,1.0,0.0,0.001,20,4000,10000,100,0.0,0.001,1.0,85.0,inf,inf,inf,inf,inf,0,0.7754629477858543,0.920138880610466,1.3888888992369175,nan,False,True,200000.0,30237.9,True,512,0.01,4,False,True
fede_afbe511abddf,federated,S2,fl_probe,probe,,,C,,,s5,transformer,ce,5,s_nm1,addition,adamw,97,128,3,quadratic,1.0,0,1000,5000,0.5,456,50,5,2000,1.0,iid,0.5,0.0,fedavg,1.0,0.0,0.001,20,0,10000,100,0.0,0.001,1.0,85.0,inf,inf,inf,inf,inf,0,0.3750000149011612,1.9583333283662796,2.4861112236976624,nan,False,True,10000.0,1138.1,False,512,0.01,4,False,True
fede_b24ffadb6f34,federated,T1,setup_k_ladder,replication,,,C,,,s5,transformer,ce,5,s_nm1,addition,adamw,97,256,3,quadratic,1.0,0,1000,5000,0.5,123,20,5,40000,1.0,iid,0.5,0.0,fedavg,1.0,0.0,0.001,20,4000,10000,100,0.0,0.001,1.0,85.0,5600.0,5600.0,5400.0,5700.0,-100.0,0,100.0,100.0,100.0,nan,True,False,200000.0,13948.9,True,512,0.01,4,False,True
fede_b3a9a0240906,federated,S2b,mnist_fl,gate_a,,,E,,,mnist,mlp,mse,5,s_nm1,addition,adamw,97,200,3,quadratic,9.0,100,2000,5000,0.5,42,10,5,4000,1.0,iid,0.5,0.0,fedavg,1.0,0.0,0.001,20,0,10000,100,0.0,0.001,0.1,90.0,5300.0,5300.0,900.0,600.0,4700.0,0,93.63999962806702,100.0,100.0,nan,True,False,20000.0,823.5,False,512,0.01,4,False,True
fede_b4dc21f8cc3a,federated,S2,fl_probe,probe,,,E,,,mnist,mlp,mse,5,s_nm1,addition,adamw,97,200,3,quadratic,9.0,200,4000,5000,0.5,123,10,5,2000,1.0,label_block,0.5,0.0,fedavg,1.0,0.0,0.001,20,0,10000,100,0.0,0.001,0.1,90.0,inf,inf,2400.0,inf,inf,0,57.580000162124634,66.60000085830688,76.80000066757202,nan,False,True,10000.0,371.7,False,512,0.01,4,False,True
fede_b5128f498787,federated,S2,fl_probe,probe,,,D,,,s5,groknet,ce,5,s_nm1,addition,adamw,97,256,3,quadratic,1.0,0,1000,5000,0.5,123,10,5,2000,1.0,iid,0.5,0.0,fedavg,1.0,0.0,0.001,20,0,10000,100,0.0,0.001,1.0,85.0,4500.0,4500.0,3100.0,2100.0,2400.0,0,99.72222447395325,100.0,100.0,nan,True,False,10000.0,329.3,False,512,0.01,4,False,True
fede_b63c78972274,federated,S2b,mnist_fl,gate_a,,,E,,,mnist,mlp,mse,5,s_nm1,addition,adamw,97,200,3,quadratic,9.0,100,2000,5000,0.5,456,10,5,4000,1.0,iid,0.5,0.0,fedavg,1.0,0.0,0.001,20,0,10000,100,0.0,0.001,0.1,90.0,5400.0,5400.0,900.0,700.0,4700.0,0,93.91999840736389,100.0,100.0,nan,True,False,20000.0,742.1,False,512,0.01,4,False,True
fede_b700149cffa0,federated,X,e50_long,exp_e,,,C,,,s5,transformer,ce,5,s_nm1,addition,adamw,97,256,3,quadratic,1.0,0,1000,5000,0.5,42,10,50,20000,1.0,iid,0.5,0.0,fedavg,1.0,0.0,0.001,10,2000,10000,100,0.0,0.001,1.0,85.0,70000.0,70000.0,66500.0,75500.0,-5500.0,0,98.3055591583252,99.2222249507904,99.31944608688354,nan,True,False,1000000.0,50412.1,True,512,0.01,4,False,True
fede_b73c1e0e9a97,federated,T2,aggregation_alpha2,exp2,,,E,fl,,mnist,mlp,mse,5,s_nm1,addition,adamw,97,200,3,quadratic,9.0,100,4000,5000,0.5,456,10,5,8000,1.0,iid,0.5,0.0,fedavg,1.0,0.0,0.001,20,800,10000,100,0.0,0.001,0.1,90.0,inf,inf,200.0,4600.0,inf,0,77.17999815940857,87.72500157356262,99.72500205039978,nan,False,True,23062.0,2210.3,True,512,0.01,4,False,True
fede_b7bd11957086,federated,S2b,mnist_fl,gate_a,,,E,,,mnist,mlp,mse,5,s_nm1,addition,adamw,97,200,3,quadratic,9.0,50,2000,5000,0.5,123,5,5,4000,1.0,iid,0.5,0.0,fedavg,1.0,0.0,0.001,20,0,10000,100,0.0,0.001,0.1,90.0,inf,1400.0,200.0,300.0,inf,176,76.13999843597412,99.70000386238098,100.0,nan,False,True,20000.0,808.0,False,512,0.01,4,False,True
fede_b7fac262f0ac,federated,S2,fl_probe,probe,,,C,,,s5,transformer,ce,5,s_nm1,addition,adamw,97,128,3,quadratic,1.0,0,1000,5000,0.5,42,50,5,2000,1.0,operand,0.5,0.0,fedavg,1.0,0.0,0.001,20,0,10000,100,0.0,0.001,1.0,85.0,inf,inf,inf,inf,inf,0,0.47222222201526165,1.3749999925494194,1.7638890072703362,nan,False,True,10000.0,1142.3,False,512,0.01,4,False,True
fede_b85d46f09722,federated,T5,local_epochs,exp_e,,,D,,,s5,groknet,ce,5,s_nm1,addition,adamw,97,256,3,quadratic,1.0,0,1000,5000,0.3,123,10,10,25000,1.0,iid,0.5,0.0,fedavg,1.0,0.0,0.001,10,2500,10000,100,0.0,0.001,1.0,85.0,137500.0,89800.0,22400.0,2900.0,134600.0,221,88.33333253860474,100.0,100.0,nan,True,False,250000.0,12243.5,True,512,0.01,4,False,True
fede_b9f83e2fad08,federated,T5,participation_setups,exp4b,,,D,,,s5,groknet,ce,5,s_nm1,addition,adamw,97,256,3,quadratic,1.0,0,1000,5000,0.3,123,20,5,100000,0.5,iid,0.5,0.0,fedavg,1.0,0.0,0.001,40,10000,10000,100,0.0,0.001,1.0,85.0,97700.0,85400.0,16000.0,7400.0,90300.0,86,89.02778029441833,100.0,100.0,nan,True,False,250000.0,18488.9,True,512,0.01,4,False,True
fede_bb4b3d366dd0,federated,S2,fl_probe,probe,,,C,,,s5,transformer,ce,5,s_nm1,addition,adamw,97,128,3,quadratic,1.0,0,1000,5000,0.5,42,50,5,2000,1.0,iid,0.5,0.0,fedavg,1.0,0.0,0.001,20,0,10000,100,0.0,0.001,1.0,85.0,inf,inf,inf,inf,inf,0,0.4305555485188961,1.5555555932223797,2.875000052154064,nan,False,True,10000.0,1133.3,False,512,0.01,4,False,True
fede_bd59fe00cbfd,federated,T3a,dirichlet_setups,exp3a,,,D,,,s5,groknet,ce,5,s_nm1,addition,adamw,97,256,3,quadratic,1.0,0,1000,5000,0.3,42,10,5,50000,1.0,dirichlet,0.1,0.0,fedavg,1.0,0.0,0.001,20,5000,10000,100,0.0,0.001,1.0,85.0,inf,inf,inf,inf,inf,0,17.331349849700928,63.495367765426636,63.54166269302368,nan,False,True,250000.0,9824.7,True,512,0.01,4,False,True
fede_bdf2bf187c77,federated,T2,aggregation_alpha2,exp2,,,E,fl,,mnist,mlp,mse,5,s_nm1,addition,adamw,97,200,3,quadratic,9.0,100,4000,5000,0.5,123,20,5,8000,1.0,iid,0.5,0.0,fedavg,1.0,0.0,0.001,20,800,10000,100,0.0,0.001,0.1,90.0,inf,1261.0,209.0,2466.5,inf,281,77.19999551773071,93.6500072479248,99.02500510215759,nan,False,True,11847.5,1883.4,True,512,0.01,4,False,True
fede_be57da5b0d37,federated,T1,setup_k_ladder,replication,,,D,,,s5,groknet,ce,5,s_nm1,addition,adamw,97,256,3,quadratic,1.0,0,1000,5000,0.3,123,5,5,20000,1.0,iid,0.5,0.0,fedavg,1.0,0.0,0.001,20,2000,10000,100,0.0,0.001,1.0,85.0,27700.0,27700.0,14900.0,1400.0,26300.0,0,95.27778029441833,100.0,100.0,nan,True,False,100000.0,2787.9,True,512,0.01,4,False,True
fede_bed362cd540e,federated,S2b,mnist_fl,gate_a,,,E,,,mnist,mlp,mse,5,s_nm1,addition,adamw,97,200,3,quadratic,9.0,50,2000,5000,0.5,456,20,5,4000,1.0,iid,0.5,0.0,fedavg,1.0,0.0,0.001,20,0,10000,100,0.0,0.001,0.1,90.0,inf,5500.0,600.0,1400.0,inf,47,84.73999500274658,99.75000619888306,100.0,nan,False,True,20000.0,1229.7,False,512,0.01,4,False,True
fede_bf4b8b1f93d7,federated,T3a,dirichlet_setups,exp3a,,,D,,,s5,groknet,ce,5,s_nm1,addition,adamw,97,256,3,quadratic,1.0,0,1000,5000,0.3,123,10,5,50000,1.0,dirichlet,10.0,0.0,fedavg,1.0,0.0,0.001,20,5000,10000,100,0.0,0.001,1.0,85.0,54700.0,54700.0,19500.0,2600.0,52100.0,0,92.51984357833862,100.0,100.0,nan,True,False,250000.0,9833.8,True,512,0.01,4,False,True
fede_c0c251f7022a,federated,T1,setup_k_ladder,replication,,,E,,,mnist,mlp,mse,5,s_nm1,addition,adamw,97,200,3,quadratic,9.0,100,2000,5000,0.5,123,5,5,4000,1.0,iid,0.5,0.0,fedavg,1.0,0.0,0.001,20,400,10000,100,0.0,0.001,0.1,90.0,inf,2700.0,400.0,300.0,inf,110,76.87999606132507,99.9500036239624,100.0,nan,False,True,20000.0,691.3,True,512,0.01,4,False,True
fede_c0d260b6302d,federated,S2b,mnist_fl,gate_a,,,E,,,mnist,mlp,mse,5,s_nm1,addition,adamw,97,200,3,quadratic,9.0,50,2000,5000,0.5,123,5,5,4000,1.0,label_block,0.5,0.0,fedavg,1.0,0.0,0.001,20,0,10000,100,0.0,0.001,0.1,90.0,inf,inf,700.0,2700.0,inf,0,75.79999566078186,87.90000677108765,99.85000491142273,nan,False,True,20000.0,774.8,False,512,0.01,4,False,True
fede_c156d1223279,federated,T1,setup_k_ladder,replication,,,E,,,mnist,mlp,mse,5,s_nm1,addition,adamw,97,200,3,quadratic,9.0,100,2000,5000,0.5,123,20,5,4000,1.0,iid,0.5,0.0,fedavg,1.0,0.0,0.001,20,400,10000,100,0.0,0.001,0.1,90.0,11100.0,11100.0,2500.0,1300.0,9800.0,0,93.11999678611755,100.0,100.0,nan,True,False,20000.0,946.4,True,512,0.01,4,False,True
fede_c2440b9e3b47,federated,T3b,partitions,exp3b,,,D,,,s5,groknet,ce,5,s_nm1,addition,adamw,97,256,3,quadratic,1.0,0,1000,5000,0.3,456,10,5,50000,1.0,operand,0.5,0.0,fedavg,1.0,0.0,0.001,20,5000,10000,100,0.0,0.001,1.0,85.0,inf,inf,inf,inf,inf,0,12.380952388048172,97.84722328186035,98.26388955116272,nan,False,True,250000.0,9124.7,True,512,0.01,4,False,True
fede_c5082f4bc424,federated,T3a,dirichlet_setups,exp3a,,,C,,,s5,transformer,ce,5,s_nm1,addition,adamw,97,256,3,quadratic,1.0,0,1000,5000,0.4,456,10,5,40000,1.0,dirichlet,0.01,0.0,fedavg,1.0,0.0,0.001,20,4000,10000,100,0.0,0.001,1.0,85.0,inf,inf,45900.0,inf,inf,0,37.06018328666687,43.281251192092896,58.78472328186035,nan,False,True,200000.0,15168.8,True,512,0.01,4,False,True
fede_c543a0d9535b,federated,T5,participation_setups,exp4b,,,D,,,s5,groknet,ce,5,s_nm1,addition,adamw,97,256,3,quadratic,1.0,0,1000,5000,0.3,456,20,5,100000,0.5,iid,0.5,0.0,fedavg,1.0,0.0,0.001,40,10000,10000,100,0.0,0.001,1.0,85.0,43600.0,43000.0,15100.0,7700.0,35900.0,3,92.22222566604614,100.0,100.0,nan,True,False,250000.0,18144.8,True,512,0.01,4,False,True
fede_c630d7f945b8,federated,T3b,partitions,exp3b,,,E,,,mnist,mlp,mse,5,s_nm1,addition,adamw,97,200,3,quadratic,9.0,100,2000,5000,0.5,123,10,5,8000,1.0,dirichlet,0.5,0.0,fedavg,1.0,0.0,0.001,20,800,10000,100,0.0,0.001,0.1,90.0,inf,4000.0,800.0,800.0,inf,70,85.45999526977539,99.9500036239624,100.0,nan,False,True,40000.0,1993.8,True,512,0.01,4,False,True
fede_c7db3f09b42c,federated,S2,fl_probe,probe,,,D,,,s5,groknet,ce,5,s_nm1,addition,adamw,97,256,3,quadratic,1.0,0,1000,5000,0.5,123,10,5,2000,1.0,operand,0.5,0.0,fedavg,1.0,0.0,0.001,20,0,10000,100,0.0,0.001,1.0,85.0,inf,inf,inf,inf,inf,0,12.638889253139496,95.16667127609253,95.16667127609253,nan,False,True,10000.0,362.0,False,512,0.01,4,False,True
fede_c91b3d76f234,federated,T2,aggregation,exp2,,,C,fl,,s5,transformer,ce,5,s_nm1,addition,adamw,97,256,3,quadratic,1.0,0,1000,5000,0.4,123,20,5,40000,1.0,iid,0.5,0.0,fedavg,1.0,0.0,0.001,20,4000,10000,100,0.0,0.001,1.0,85.0,20100.0,20100.0,19600.0,16600.0,3500.0,0,100.0,100.0,100.0,nan,True,False,200000.0,14401.3,True,512,0.01,4,False,True
fede_c94df4a4d5fc,federated,T1,setup_k_ladder,replication,,,E,,,mnist,mlp,mse,5,s_nm1,addition,adamw,97,200,3,quadratic,9.0,100,2000,5000,0.5,123,10,5,4000,1.0,iid,0.5,0.0,fedavg,1.0,0.0,0.001,20,400,10000,100,0.0,0.001,0.1,90.0,5500.0,5500.0,900.0,600.0,4900.0,0,93.73999834060669,100.0,100.0,nan,True,False,20000.0,768.7,True,512,0.01,4,False,True
fede_c9f7750ffba2,federated,T3b,partitions,exp3b,,,D,,,s5,groknet,ce,5,s_nm1,addition,adamw,97,256,3,quadratic,1.0,0,1000,5000,0.3,42,10,5,50000,1.0,dirichlet,0.5,0.0,fedavg,1.0,0.0,0.001,20,5000,10000,100,0.0,0.001,1.0,85.0,inf,inf,42500.0,19700.0,inf,0,76.11111402511597,100.0,100.0,nan,False,True,250000.0,10044.1,True,512,0.01,4,False,True
fede_cb301c599738,federated,T2,aggregation,exp2,,,C,fl,,s5,transformer,ce,5,s_nm1,addition,adamw,97,256,3,quadratic,1.0,0,1000,5000,0.4,123,50,5,40000,1.0,iid,0.5,0.0,fedavg,1.0,0.0,0.001,20,4000,10000,100,0.0,0.001,1.0,85.0,inf,inf,inf,inf,inf,0,3.159722313284874,24.791666865348816,27.06597149372101,nan,False,True,200000.0,25874.8,True,512,0.01,4,False,True
fede_cb36f950df66,federated,T1,setup_k_ladder,replication,,,D,,,s5,groknet,ce,5,s_nm1,addition,adamw,97,256,3,quadratic,1.0,0,1000,5000,0.3,456,10,5,20000,1.0,iid,0.5,0.0,fedavg,1.0,0.0,0.001,20,2000,10000,100,0.0,0.001,1.0,85.0,99200.0,80700.0,24300.0,3200.0,96000.0,111,85.25793552398682,100.0,100.0,nan,True,False,100000.0,3343.2,True,512,0.01,4,False,True
fede_cbbc32a1d5c3,federated,T1,setup_k_ladder,replication,,,D,,,s5,groknet,ce,5,s_nm1,addition,adamw,97,256,3,quadratic,1.0,0,1000,5000,0.3,123,10,5,20000,1.0,iid,0.5,0.0,fedavg,1.0,0.0,0.001,20,2000,10000,100,0.0,0.001,1.0,85.0,69200.0,69200.0,22100.0,2900.0,66300.0,0,87.09325790405273,100.0,100.0,nan,True,False,100000.0,3358.2,True,512,0.01,4,False,True
fede_cbd2d9af9c18,federated,T5,local_epochs,exp_e,,,C,,,s5,transformer,ce,5,s_nm1,addition,adamw,97,256,3,quadratic,1.0,0,1000,5000,0.5,123,10,25,8000,1.0,iid,0.5,0.0,fedavg,1.0,0.0,0.001,4,800,10000,100,0.0,0.001,1.0,85.0,11200.0,11200.0,10700.0,11000.0,200.0,0,100.0,100.0,100.0,nan,True,False,200000.0,6478.5,True,512,0.01,4,False,True
fede_cd6eb98bd5b6,federated,T2,aggregation_alpha2,exp2,,,E,fl,,mnist,mlp,mse,5,s_nm1,addition,adamw,97,200,3,quadratic,9.0,100,4000,5000,0.5,123,2,5,8000,1.0,iid,0.5,0.0,fedavg,1.0,0.0,0.001,20,800,10000,100,0.0,0.001,0.1,90.0,inf,1300.0,100.0,600.0,inf,378,87.89999485015869,99.9500036239624,100.0,nan,False,True,40000.0,2594.4,True,512,0.01,4,False,True
fede_ce602c04e4d0,federated,T5,local_epochs,exp_e,,,E,,,mnist,mlp,mse,5,s_nm1,addition,adamw,97,200,3,quadratic,9.0,100,2000,5000,0.5,456,10,50,400,1.0,iid,0.5,0.0,fedavg,1.0,0.0,0.001,2,40,10000,100,0.0,0.001,0.1,90.0,4900.0,4900.0,1600.0,1900.0,3000.0,0,94.25999522209167,100.0,100.0,nan,True,False,20000.0,376.1,True,512,0.01,4,False,True
fede_ce9fbd43e700,federated,T3b,partitions,exp3b,,,C,,,s5,transformer,ce,5,s_nm1,addition,adamw,97,256,3,quadratic,1.0,0,1000,5000,0.4,42,10,5,40000,1.0,target,0.5,0.0,fedavg,1.0,0.0,0.001,20,4000,10000,100,0.0,0.001,1.0,85.0,inf,inf,70800.0,inf,inf,0,35.76388955116272,39.13194537162781,54.809027910232544,nan,False,True,200000.0,12323.6,True,512,0.01,4,False,True
fede_d0d77d93d060,federated,S2b,mnist_fl,gate_a,,,E,,,mnist,mlp,mse,5,s_nm1,addition,adamw,97,200,3,quadratic,9.0,100,2000,5000,0.5,123,20,5,4000,1.0,iid,0.5,0.0,fedavg,1.0,0.0,0.001,20,0,10000,100,0.0,0.001,0.1,90.0,11100.0,11100.0,2500.0,1400.0,9700.0,0,93.27999949455261,100.0,100.0,nan,True,False,20000.0,1088.7,False,512,0.01,4,False,True
fede_d105dc12b0a2,federated,S2,fl_probe,probe,,,E,,,mnist,mlp,mse,5,s_nm1,addition,adamw,97,200,3,quadratic,9.0,200,4000,5000,0.5,456,10,5,2000,1.0,label_block,0.5,0.0,fedavg,1.0,0.0,0.001,20,0,10000,100,0.0,0.001,0.1,90.0,inf,inf,2400.0,inf,inf,0,58.959996700286865,66.05000495910645,84.80000495910645,nan,False,True,10000.0,373.2,False,512,0.01,4,False,True
fede_d1f41b2bb39b,federated,S2b,mnist_fl,gate_a,,,E,,,mnist,mlp,mse,5,s_nm1,addition,adamw,97,200,3,quadratic,9.0,100,2000,5000,0.5,456,5,5,4000,1.0,iid,0.5,0.0,fedavg,1.0,0.0,0.001,20,0,10000,100,0.0,0.001,0.1,90.0,inf,2600.0,400.0,400.0,inf,95,80.41999936103821,99.85000491142273,100.0,nan,False,True,20000.0,651.4,False,512,0.01,4,False,True
fede_d244ccbf78b4,federated,T1,setup_k_ladder,replication,,,D,,,s5,groknet,ce,5,s_nm1,addition,adamw,97,256,3,quadratic,1.0,0,1000,5000,0.3,123,50,5,20000,1.0,iid,0.5,0.0,fedavg,1.0,0.0,0.001,20,2000,10000,100,0.0,0.001,1.0,85.0,inf,inf,inf,inf,inf,0,20.942460000514984,68.9120352268219,69.09722089767456,nan,False,True,100000.0,9005.8,True,512,0.01,4,False,True
fede_d2acb7017bf8,federated,T3a,dirichlet_setups,exp3a,,,E,,,mnist,mlp,mse,5,s_nm1,addition,adamw,97,200,3,quadratic,9.0,100,2000,5000,0.5,42,10,5,8000,1.0,dirichlet,10.0,0.0,fedavg,1.0,0.0,0.001,20,800,10000,100,0.0,0.001,0.1,90.0,3700.0,3700.0,700.0,500.0,3200.0,0,91.47999882698059,100.0,100.0,nan,True,False,40000.0,1797.3,True,512,0.01,4,False,True
fede_d3d81c90ec2a,federated,T3b,partitions,exp3b,,,D,,,s5,groknet,ce,5,s_nm1,addition,adamw,97,256,3,quadratic,1.0,0,1000,5000,0.3,123,10,5,50000,1.0,dirichlet,0.5,0.0,fedavg,1.0,0.0,0.001,20,5000,10000,100,0.0,0.001,1.0,85.0,inf,inf,62300.0,19100.0,inf,0,69.9404776096344,100.0,100.0,nan,False,True,250000.0,10335.2,True,512,0.01,4,False,True
fede_d79b4e77c9e6,federated,S2b,probe_rerun,gate_a,,,D,,,s5,groknet,ce,5,s_nm1,addition,adamw,97,256,3,quadratic,1.0,0,1000,5000,0.5,123,50,5,10000,1.0,iid,0.5,0.0,fedavg,1.0,0.0,0.001,20,0,10000,100,0.0,0.001,1.0,85.0,10900.0,10900.0,7000.0,9000.0,1900.0,0,99.47222471237183,100.0,100.0,nan,True,False,50000.0,4664.6,False,512,0.01,4,False,True
fede_d7b2acf537e2,federated,T5,participation_setups,exp4b,,,D,,,s5,groknet,ce,5,s_nm1,addition,adamw,97,256,3,quadratic,1.0,0,1000,5000,0.3,456,20,5,200000,0.25,iid,0.5,0.0,fedavg,1.0,0.0,0.001,80,20000,10000,100,0.0,0.001,1.0,85.0,23600.0,23300.0,7900.0,3700.0,19900.0,1,94.36507821083069,100.0,100.0,nan,True,False,250000.0,31005.4,True,512,0.01,4,False,True
fede_d8321d2d0c1d,federated,T5,local_epochs,exp_e,,,C,,,s5,transformer,ce,5,s_nm1,addition,adamw,97,256,3,quadratic,1.0,0,1000,5000,0.5,42,10,10,20000,1.0,iid,0.5,0.0,fedavg,1.0,0.0,0.001,10,2000,10000,100,0.0,0.001,1.0,85.0,9100.0,9100.0,8800.0,6400.0,2700.0,0,100.0,100.0,100.0,nan,True,False,200000.0,9928.1,True,512,0.01,4,False,True
fede_d876181192b9,federated,T3a,dirichlet_setups,exp3a,,,C,,,s5,transformer,ce,5,s_nm1,addition,adamw,97,256,3,quadratic,1.0,0,1000,5000,0.4,456,10,5,40000,1.0,dirichlet,0.1,0.0,fedavg,1.0,0.0,0.001,20,4000,10000,100,0.0,0.001,1.0,85.0,199600.0,35100.0,23300.0,inf,inf,570,85.1736068725586,91.16319417953491,97.01389074325562,nan,True,False,200000.0,15196.4,True,512,0.01,4,False,True
fede_d897f477f2bd,federated,T3b,partitions,exp3b,,,D,,,s5,groknet,ce,5,s_nm1,addition,adamw,97,256,3,quadratic,1.0,0,1000,5000,0.3,123,5,5,50000,1.0,coset,0.5,0.0,fedavg,1.0,0.0,0.001,20,5000,10000,100,0.0,0.001,1.0,85.0,inf,inf,65100.0,3700.0,inf,0,66.33928418159485,100.0,100.0,nan,False,True,250000.0,7340.7,True,512,0.01,4,False,True
fede_da0e446d5400,federated,S2b,mnist_fl,gate_a,,,E,,,mnist,mlp,mse,5,s_nm1,addition,adamw,97,200,3,quadratic,9.0,50,2000,5000,0.5,123,20,5,4000,1.0,label_block,0.5,0.0,fedavg,1.0,0.0,0.001,20,0,10000,100,0.0,0.001,0.1,90.0,inf,inf,2000.0,inf,inf,0,75.3600001335144,90.6000018119812,92.4500048160553,nan,False,True,20000.0,1128.7,False,512,0.01,4,False,True
fede_db3c21bfbc48,federated,T3a,dirichlet_setups,exp3a,,,C,,,s5,transformer,ce,5,s_nm1,addition,adamw,97,256,3,quadratic,1.0,0,1000,5000,0.4,42,10,5,40000,1.0,dirichlet,10.0,0.0,fedavg,1.0,0.0,0.001,20,4000,10000,100,0.0,0.001,1.0,85.0,10600.0,10600.0,10500.0,2800.0,7800.0,0,100.0,100.0,100.0,nan,True,False,200000.0,14949.3,True,512,0.01,4,False,True
fede_dc46808db99e,federated,T3b,partitions,exp3b,,,C,,,s5,transformer,ce,5,s_nm1,addition,adamw,97,256,3,quadratic,1.0,0,1000,5000,0.4,456,10,5,40000,1.0,operand,0.5,0.0,fedavg,1.0,0.0,0.001,20,4000,10000,100,0.0,0.001,1.0,85.0,11400.0,11400.0,11100.0,5500.0,5900.0,0,100.0,100.0,100.0,nan,True,False,200000.0,12565.3,True,512,0.01,4,False,True
fede_dcf8f36c87b1,federated,T5,participation_setups,exp4b,,,C,,,s5,transformer,ce,5,s_nm1,addition,adamw,97,256,3,quadratic,1.0,0,1000,5000,0.5,42,20,5,160000,0.25,iid,0.5,0.0,fedavg,1.0,0.0,0.001,80,16000,10000,100,0.0,0.001,1.0,85.0,1500.0,1500.0,1400.0,1500.0,0.0,0,100.0,100.0,100.0,nan,True,False,200000.0,29792.7,True,512,0.01,4,False,True
fede_ded26cb744d1,federated,T3a,dirichlet_setups,exp3a,,,D,,,s5,groknet,ce,5,s_nm1,addition,adamw,97,256,3,quadratic,1.0,0,1000,5000,0.3,456,10,5,50000,1.0,dirichlet,1000.0,0.0,fedavg,1.0,0.0,0.001,20,5000,10000,100,0.0,0.001,1.0,85.0,57000.0,57000.0,21200.0,2400.0,54600.0,0,90.51587581634521,100.0,100.0,nan,True,False,250000.0,9827.6,True,512,0.01,4,False,True
fede_df23fda3c551,federated,T2,aggregation,exp2,,,E,fl,,mnist,mlp,mse,5,s_nm1,addition,adamw,97,200,3,quadratic,9.0,100,2000,5000,0.5,42,20,5,8000,1.0,iid,0.5,0.0,fedavg,1.0,0.0,0.001,20,800,10000,100,0.0,0.001,0.1,90.0,10700.0,10700.0,2200.0,1200.0,9500.0,0,93.87999773025513,100.0,100.0,nan,True,False,40000.0,1955.6,True,512,0.01,4,False,True
fede_df9ce8f9b827,federated,T3b,partitions,exp3b,,,C,,,s5,transformer,ce,5,s_nm1,addition,adamw,97,256,3,quadratic,1.0,0,1000,5000,0.4,456,50,5,40000,1.0,operand,0.5,0.0,fedavg,1.0,0.0,0.001,20,4000,10000,100,0.0,0.001,1.0,85.0,inf,inf,inf,inf,inf,0,0.12731481110677123,11.19791716337204,12.309028208255768,nan,False,True,200000.0,27073.9,True,512,0.01,4,False,True
fede_dfd6e5281a1a,federated,T1,setup_k_ladder,replication,,,E,,,mnist,mlp,mse,5,s_nm1,addition,adamw,97,200,3,quadratic,9.0,100,2000,5000,0.5,456,20,5,4000,1.0,iid,0.5,0.0,fedavg,1.0,0.0,0.001,20,400,10000,100,0.0,0.001,0.1,90.0,11900.0,11900.0,2300.0,1400.0,10500.0,0,92.96000003814697,100.0,100.0,nan,True,False,20000.0,916.3,True,512,0.01,4,False,True
fede_e007f88c33f5,federated,S2,fl_probe,probe,,,D,,,s5,groknet,ce,5,s_nm1,addition,adamw,97,256,3,quadratic,1.0,0,1000,5000,0.5,456,50,5,2000,1.0,iid,0.5,0.0,fedavg,1.0,0.0,0.001,20,0,10000,100,0.0,0.001,1.0,85.0,inf,inf,7500.0,inf,inf,0,77.01389193534851,98.68055582046509,98.68055582046509,nan,False,True,10000.0,882.2,False,512,0.01,4,False,True
fede_e04e41e4b702,federated,T3b,partitions,exp3b,,,C,,,s5,transformer,ce,5,s_nm1,addition,adamw,97,256,3,quadratic,1.0,0,1000,5000,0.4,123,10,5,40000,1.0,target,0.5,0.0,fedavg,1.0,0.0,0.001,20,4000,10000,100,0.0,0.001,1.0,85.0,inf,inf,inf,inf,inf,0,12.06018477678299,12.343750149011612,21.197916567325592,nan,False,True,200000.0,12436.3,True,512,0.01,4,False,True
fede_e201ed754ce1,federated,S2,grok_confirm_fl,probe,,,E,,,mnist,mlp,mse,5,s_nm1,addition,adamw,97,200,3,quadratic,9.0,50,1000,5000,0.5,42,5,5,2000,1.0,iid,0.5,0.0,fedavg,1.0,0.0,0.001,10,0,10000,100,0.0,0.001,0.1,90.0,3100.0,2950.0,700.0,400.0,2700.0,1,92.57999658584595,100.0,100.0,nan,True,False,10000.0,350.6,,,,,,
fede_e23b7beb3254,federated,S2,fl_probe,probe,,,E,,,mnist,mlp,mse,5,s_nm1,addition,adamw,97,200,3,quadratic,9.0,200,4000,5000,0.5,42,50,5,2000,1.0,label_block,0.5,0.0,fedavg,1.0,0.0,0.001,20,0,10000,100,0.0,0.001,0.1,90.0,inf,inf,4800.0,inf,inf,0,55.68000078201294,57.200002670288086,61.60000562667847,nan,False,True,10000.0,885.8,False,512,0.01,4,False,True
fede_e24de84c22aa,federated,S2b,mnist_fl,gate_a,,,E,,,mnist,mlp,mse,5,s_nm1,addition,adamw,97,200,3,quadratic,9.0,100,2000,5000,0.5,123,10,5,4000,1.0,iid,0.5,0.0,fedavg,1.0,0.0,0.001,20,0,10000,100,0.0,0.001,0.1,90.0,5300.0,5300.0,1000.0,700.0,4600.0,0,93.41999888420105,100.0,100.0,nan,True,False,20000.0,821.7,False,512,0.01,4,False,True
fede_e2b42c17f549,federated,T5,local_epochs,exp_e,,,D,,,s5,groknet,ce,5,s_nm1,addition,adamw,97,256,3,quadratic,1.0,0,1000,5000,0.3,123,10,50,5000,1.0,iid,0.5,0.0,fedavg,1.0,0.0,0.001,2,500,10000,100,0.0,0.001,1.0,85.0,inf,inf,31600.0,2500.0,inf,0,80.39682507514954,100.0,100.0,nan,False,True,250000.0,2621.7,True,512,0.01,4,False,True
fede_e5ca9ae4d7c8,federated,T3a,dirichlet_setups,exp3a,,,D,,,s5,groknet,ce,5,s_nm1,addition,adamw,97,256,3,quadratic,1.0,0,1000,5000,0.3,42,10,5,50000,1.0,dirichlet,10.0,0.0,fedavg,1.0,0.0,0.001,20,5000,10000,100,0.0,0.001,1.0,85.0,82600.0,65900.0,20900.0,2500.0,80100.0,2,88.65079283714294,100.0,100.0,nan,True,False,250000.0,9832.8,True,512,0.01,4,False,True
fede_e63d40918dae,federated,T3a,dirichlet_setups,exp3a,,,D,,,s5,groknet,ce,5,s_nm1,addition,adamw,97,256,3,quadratic,1.0,0,1000,5000,0.3,456,10,5,50000,1.0,dirichlet,10.0,0.0,fedavg,1.0,0.0,0.001,20,5000,10000,100,0.0,0.001,1.0,85.0,76300.0,70000.0,21500.0,2600.0,73700.0,15,89.42460417747498,100.0,100.0,nan,True,False,250000.0,9809.4,True,512,0.01,4,False,True
fede_e7aabe0bc8e6,federated,T1,setup_k_ladder,replication,,,D,,,s5,groknet,ce,5,s_nm1,addition,adamw,97,256,3,quadratic,1.0,0,1000,5000,0.3,42,50,5,20000,1.0,iid,0.5,0.0,fedavg,1.0,0.0,0.001,20,2000,10000,100,0.0,0.001,1.0,85.0,inf,inf,inf,inf,inf,0,27.003967761993408,73.56481552124023,73.56481552124023,nan,False,True,100000.0,8988.6,True,512,0.01,4,False,True
fede_e7bd5f094ef3,federated,T2,aggregation,exp2,,,C,fl,,s5,transformer,ce,5,s_nm1,addition,adamw,97,256,3,quadratic,1.0,0,1000,5000,0.4,42,5,5,40000,1.0,iid,0.5,0.0,fedavg,1.0,0.0,0.001,20,4000,10000,100,0.0,0.001,1.0,85.0,13300.0,13300.0,12900.0,1100.0,12200.0,0,100.0,100.0,100.0,nan,True,False,200000.0,9780.1,True,512,0.01,4,False,True
fede_e81c4117ba28,federated,T1,setup_k_ladder,replication,,,C,,,s5,transformer,ce,5,s_nm1,addition,adamw,97,256,3,quadratic,1.0,0,1000,5000,0.5,123,50,5,40000,1.0,iid,0.5,0.0,fedavg,1.0,0.0,0.001,20,4000,10000,100,0.0,0.001,1.0,85.0,36500.0,36500.0,31000.0,inf,inf,0,89.81944918632507,96.7222273349762,97.9722261428833,nan,True,False,200000.0,25739.3,True,512,0.01,4,False,True
fede_e95b53526513,federated,S2,fl_probe,probe,,,C,,,s5,transformer,ce,5,s_nm1,addition,adamw,97,128,3,quadratic,1.0,0,1000,5000,0.5,456,50,5,2000,1.0,operand,0.5,0.0,fedavg,1.0,0.0,0.001,20,0,10000,100,0.0,0.001,1.0,85.0,inf,inf,inf,inf,inf,0,0.8333333767950535,2.013888955116272,2.111111208796501,nan,False,True,10000.0,1139.3,False,512,0.01,4,False,True
fede_e95dda7d5931,federated,T3b,partitions,exp3b,,,D,,,s5,groknet,ce,5,s_nm1,addition,adamw,97,256,3,quadratic,1.0,0,1000,5000,0.3,123,20,5,50000,1.0,dirichlet,0.5,0.0,fedavg,1.0,0.0,0.001,20,5000,10000,100,0.0,0.001,1.0,85.0,inf,inf,47100.0,40300.0,inf,0,84.66269969940186,99.90740418434143,100.0,nan,False,True,250000.0,12887.1,True,512,0.01,4,False,True
fede_e99da1d3dece,federated,T3b,partitions,exp3b,,,E,,,mnist,mlp,mse,5,s_nm1,addition,adamw,97,200,3,quadratic,9.0,100,2000,5000,0.5,42,10,5,8000,1.0,label_block,0.5,0.0,fedavg,1.0,0.0,0.001,20,800,10000,100,0.0,0.001,0.1,90.0,inf,inf,3700.0,inf,inf,0,43.3599978685379,49.9500036239624,95.10000348091125,nan,False,True,40000.0,1915.1,True,512,0.01,4,False,True
fede_e9f48c87bbda,federated,T2,aggregation,exp2,,,C,fl,,s5,transformer,ce,5,s_nm1,addition,adamw,97,256,3,quadratic,1.0,0,1000,5000,0.4,456,2,5,40000,1.0,iid,0.5,0.0,fedavg,1.0,0.0,0.001,20,4000,10000,100,0.0,0.001,1.0,85.0,6500.0,6500.0,6300.0,500.0,6000.0,0,100.0,100.0,100.0,nan,True,False,200000.0,8234.2,True,512,0.01,4,False,True
fede_ea0a9abd68b4,federated,T1,setup_k_ladder,replication,,,D,,,s5,groknet,ce,5,s_nm1,addition,adamw,97,256,3,quadratic,1.0,0,1000,5000,0.3,42,5,5,20000,1.0,iid,0.5,0.0,fedavg,1.0,0.0,0.001,20,2000,10000,100,0.0,0.001,1.0,85.0,29200.0,29200.0,15300.0,1400.0,27800.0,0,94.64285969734192,100.0,100.0,nan,True,False,100000.0,2787.5,True,512,0.01,4,False,True
fede_eaaa8b9e8a60,federated,T2,aggregation,exp2,,,C,fl,,s5,transformer,ce,5,s_nm1,addition,adamw,97,256,3,quadratic,1.0,0,1000,5000,0.4,456,50,5,40000,1.0,iid,0.5,0.0,fedavg,1.0,0.0,0.001,20,4000,10000,100,0.0,0.001,1.0,85.0,27200.0,26900.0,23700.0,29500.0,-2300.0,1,99.98842477798462,100.0,100.0,nan,True,False,200000.0,25585.5,True,512,0.01,4,False,True
fede_ead268c3e03b,federated,T3a,dirichlet_setups,exp3a,,,C,,,s5,transformer,ce,5,s_nm1,addition,adamw,97,256,3,quadratic,1.0,0,1000,5000,0.4,123,10,5,40000,1.0,dirichlet,1000.0,0.0,fedavg,1.0,0.0,0.001,20,4000,10000,100,0.0,0.001,1.0,85.0,9900.0,9900.0,9700.0,3200.0,6700.0,0,100.0,100.0,100.0,nan,True,False,200000.0,14416.4,True,512,0.01,4,False,True
fede_ec9cee583346,federated,S2b,mnist_fl,gate_a,,,E,,,mnist,mlp,mse,5,s_nm1,addition,adamw,97,200,3,quadratic,9.0,50,2000,5000,0.5,123,10,5,4000,1.0,label_block,0.5,0.0,fedavg,1.0,0.0,0.001,20,0,10000,100,0.0,0.001,0.1,90.0,inf,inf,1600.0,inf,inf,0,61.320000886917114,76.80000066757202,85.9000027179718,nan,False,True,20000.0,904.1,False,512,0.01,4,False,True
fede_ed78fc3c5861,federated,S2,fl_probe,probe,,,D,,,s5,groknet,ce,5,s_nm1,addition,adamw,97,256,3,quadratic,1.0,0,1000,5000,0.5,42,50,5,2000,1.0,iid,0.5,0.0,fedavg,1.0,0.0,0.001,20,0,10000,100,0.0,0.001,1.0,85.0,inf,inf,7400.0,9800.0,inf,0,79.37500476837158,99.16666746139526,99.16666746139526,nan,False,True,10000.0,877.3,False,512,0.01,4,False,True
fede_edcb59ea1260,federated,T3b,partitions,exp3b,,,C,,,s5,transformer,ce,5,s_nm1,addition,adamw,97,256,3,quadratic,1.0,0,1000,5000,0.4,42,5,5,40000,1.0,coset,0.5,0.0,fedavg,1.0,0.0,0.001,20,4000,10000,100,0.0,0.001,1.0,85.0,4300.0,4300.0,3700.0,3800.0,500.0,0,100.0,100.0,100.0,nan,True,False,200000.0,8751.0,True,512,0.01,4,False,True
fede_eeb0e9faff46,federated,T5,participation_setups,exp4b,,,C,,,s5,transformer,ce,5,s_nm1,addition,adamw,97,256,3,quadratic,1.0,0,1000,5000,0.5,123,20,5,80000,0.5,iid,0.5,0.0,fedavg,1.0,0.0,0.001,40,8000,10000,100,0.0,0.001,1.0,85.0,2600.0,2600.0,2300.0,2700.0,-100.0,0,100.0,100.0,100.0,nan,True,False,200000.0,20400.3,True,512,0.01,4,False,True
fede_ef73720f8b9c,federated,T3a,dirichlet_setups,exp3a,,,D,,,s5,groknet,ce,5,s_nm1,addition,adamw,97,256,3,quadratic,1.0,0,1000,5000,0.3,456,10,5,50000,1.0,dirichlet,0.1,0.0,fedavg,1.0,0.0,0.001,20,5000,10000,100,0.0,0.001,1.0,85.0,inf,inf,inf,inf,inf,0,13.452380895614624,59.768515825271606,60.25462746620178,nan,False,True,250000.0,9760.6,True,512,0.01,4,False,True
fede_efba8b5b234a,federated,T1,setup_k_ladder,replication,,,C,,,s5,transformer,ce,5,s_nm1,addition,adamw,97,256,3,quadratic,1.0,0,1000,5000,0.5,42,10,5,40000,1.0,iid,0.5,0.0,fedavg,1.0,0.0,0.001,20,4000,10000,100,0.0,0.001,1.0,85.0,7800.0,7800.0,7600.0,3700.0,4100.0,0,100.0,100.0,100.0,nan,True,False,200000.0,9981.4,True,512,0.01,4,False,True
fede_f03a00ce7a10,federated,S2,fl_probe,probe,,,D,,,s5,groknet,ce,5,s_nm1,addition,adamw,97,256,3,quadratic,1.0,0,1000,5000,0.5,42,50,5,2000,1.0,operand,0.5,0.0,fedavg,1.0,0.0,0.001,20,0,10000,100,0.0,0.001,1.0,85.0,inf,inf,inf,inf,inf,0,0.0,2.5138890370726585,2.708333358168602,nan,False,True,10000.0,880.0,False,512,0.01,4,False,True
fede_f043bdbb31a1,federated,T5,local_epochs,exp_e,,,C,,,s5,transformer,ce,5,s_nm1,addition,adamw,97,256,3,quadratic,1.0,0,1000,5000,0.5,456,10,50,4000,1.0,iid,0.5,0.0,fedavg,1.0,0.0,0.001,2,400,10000,100,0.0,0.001,1.0,85.0,inf,inf,132900.0,inf,inf,0,71.0694432258606,86.52778267860413,86.87500357627869,nan,False,True,200000.0,6853.1,True,512,0.01,4,False,True
fede_f1d6cda70a51,federated,S2b,mnist_fl,gate_a,,,E,,,mnist,mlp,mse,5,s_nm1,addition,adamw,97,200,3,quadratic,9.0,100,2000,5000,0.5,123,5,5,4000,1.0,label_block,0.5,0.0,fedavg,1.0,0.0,0.001,20,0,10000,100,0.0,0.001,0.1,90.0,inf,inf,700.0,1300.0,inf,0,77.48000025749207,96.25000357627869,99.9000072479248,nan,False,True,20000.0,692.7,False,512,0.01,4,False,True
fede_f1fbf48951d5,federated,T3b,partitions,exp3b,,,E,,,mnist,mlp,mse,5,s_nm1,addition,adamw,97,200,3,quadratic,9.0,100,2000,5000,0.5,456,20,5,8000,1.0,label_block,0.5,0.0,fedavg,1.0,0.0,0.001,20,800,10000,100,0.0,0.001,0.1,90.0,inf,inf,5100.0,4000.0,inf,0,74.57999587059021,99.40000176429749,100.0,nan,False,True,40000.0,2029.0,True,512,0.01,4,False,True
fede_f23f06a4650e,federated,T3b,partitions,exp3b,,,C,,,s5,transformer,ce,5,s_nm1,addition,adamw,97,256,3,quadratic,1.0,0,1000,5000,0.4,456,10,5,40000,1.0,dirichlet,0.5,0.0,fedavg,1.0,0.0,0.001,20,4000,10000,100,0.0,0.001,1.0,85.0,15600.0,15600.0,15400.0,6700.0,8900.0,0,100.0,100.0,100.0,nan,True,False,200000.0,12257.6,True,512,0.01,4,False,True
fede_f2a03a1e2af7,federated,S2,fl_probe,probe,,,E,,,mnist,mlp,mse,5,s_nm1,addition,adamw,97,200,3,quadratic,9.0,200,4000,5000,0.5,42,10,5,2000,1.0,iid,0.5,0.0,fedavg,1.0,0.0,0.001,20,0,10000,100,0.0,0.001,0.1,90.0,9400.0,8400.0,200.0,1700.0,7700.0,2,90.2999997138977,99.87500309944153,99.87500309944153,nan,True,False,10000.0,374.3,False,512,0.01,4,False,True
fede_f3672ee67730,federated,T1,setup_k_ladder,replication,,,C,,,s5,transformer,ce,5,s_nm1,addition,adamw,97,256,3,quadratic,1.0,0,1000,5000,0.5,42,50,5,40000,1.0,iid,0.5,0.0,fedavg,1.0,0.0,0.001,20,4000,10000,100,0.0,0.001,1.0,85.0,31100.0,31100.0,30800.0,31200.0,-100.0,0,100.0,100.0,100.0,nan,True,False,200000.0,25666.0,True,512,0.01,4,False,True
fede_f3801c284319,federated,S2b,mnist_fl,gate_a,,,E,,,mnist,mlp,mse,5,s_nm1,addition,adamw,97,200,3,quadratic,9.0,50,2000,5000,0.5,456,5,5,4000,1.0,iid,0.5,0.0,fedavg,1.0,0.0,0.001,20,0,10000,100,0.0,0.001,0.1,90.0,inf,1400.0,200.0,400.0,inf,186,77.39999890327454,99.70000386238098,100.0,nan,False,True,20000.0,788.4,False,512,0.01,4,False,True
fede_f5d310c9dd0a,federated,T3a,dirichlet_setups,exp3a,,,D,,,s5,groknet,ce,5,s_nm1,addition,adamw,97,256,3,quadratic,1.0,0,1000,5000,0.3,42,10,5,50000,1.0,dirichlet,1.0,0.0,fedavg,1.0,0.0,0.001,20,5000,10000,100,0.0,0.001,1.0,85.0,inf,inf,32700.0,9800.0,inf,0,82.34127163887024,100.0,100.0,nan,False,True,250000.0,9753.6,True,512,0.01,4,False,True
fede_f71dca0a636b,federated,T3b,partitions,exp3b,,,D,,,s5,groknet,ce,5,s_nm1,addition,adamw,97,256,3,quadratic,1.0,0,1000,5000,0.3,123,10,5,50000,1.0,target,0.5,0.0,fedavg,1.0,0.0,0.001,20,5000,10000,100,0.0,0.001,1.0,85.0,inf,inf,inf,inf,inf,0,0.7341269869357347,1.4120370149612427,3.2407406717538834,nan,False,True,250000.0,9952.9,True,512,0.01,4,False,True
fede_f744c3f460ec,federated,T1,setup_k_ladder,replication,,,C,,,s5,transformer,ce,5,s_nm1,addition,adamw,97,256,3,quadratic,1.0,0,1000,5000,0.5,123,10,5,40000,1.0,iid,0.5,0.0,fedavg,1.0,0.0,0.001,20,4000,10000,100,0.0,0.001,1.0,85.0,13900.0,13900.0,13500.0,3200.0,10700.0,0,100.0,100.0,100.0,nan,True,False,200000.0,10397.1,True,512,0.01,4,False,True
fede_f8e300806d8b,federated,T3b,partitions,exp3b,,,C,,,s5,transformer,ce,5,s_nm1,addition,adamw,97,256,3,quadratic,1.0,0,1000,5000,0.4,123,10,5,40000,1.0,dirichlet,0.5,0.0,fedavg,1.0,0.0,0.001,20,4000,10000,100,0.0,0.001,1.0,85.0,19600.0,19600.0,17700.0,6500.0,13100.0,0,99.86110925674438,100.0,100.0,nan,True,False,200000.0,11963.8,True,512,0.01,4,False,True
fede_f98f12399626,federated,S2b,mnist_fl,gate_a,,,E,,,mnist,mlp,mse,5,s_nm1,addition,adamw,97,200,3,quadratic,9.0,100,2000,5000,0.5,123,5,5,4000,1.0,iid,0.5,0.0,fedavg,1.0,0.0,0.001,20,0,10000,100,0.0,0.001,0.1,90.0,inf,2600.0,400.0,400.0,inf,113,76.03999972343445,99.75000619888306,100.0,nan,False,True,20000.0,718.0,False,512,0.01,4,False,True
fede_f99367fdbeb0,federated,T3a,dirichlet_setups,exp3a,,,C,,,s5,transformer,ce,5,s_nm1,addition,adamw,97,256,3,quadratic,1.0,0,1000,5000,0.4,123,10,5,40000,1.0,dirichlet,10.0,0.0,fedavg,1.0,0.0,0.001,20,4000,10000,100,0.0,0.001,1.0,85.0,21000.0,21000.0,20200.0,3100.0,17900.0,0,100.0,100.0,100.0,nan,True,False,200000.0,14922.5,True,512,0.01,4,False,True
fede_fa3beaeb4aef,federated,T3a,dirichlet_setups,exp3a,,,C,,,s5,transformer,ce,5,s_nm1,addition,adamw,97,256,3,quadratic,1.0,0,1000,5000,0.4,123,10,5,40000,1.0,dirichlet,0.1,0.0,fedavg,1.0,0.0,0.001,20,4000,10000,100,0.0,0.001,1.0,85.0,154100.0,24800.0,20900.0,inf,inf,11,92.84722208976746,96.82291746139526,98.88889193534851,nan,True,False,200000.0,15156.3,True,512,0.01,4,False,True
fede_fce0d560cc96,federated,S2,fl_probe,probe,,,C,,,s5,transformer,ce,5,s_nm1,addition,adamw,97,128,3,quadratic,1.0,0,1000,5000,0.5,123,50,5,2000,1.0,iid,0.5,0.0,fedavg,1.0,0.0,0.001,20,0,10000,100,0.0,0.001,1.0,85.0,inf,inf,inf,inf,inf,0,0.3750000149011612,1.4166667126119137,2.527777850627899,nan,False,True,10000.0,1136.8,False,512,0.01,4,False,True
fede_fd288560ba0c,federated,T5,participation_setups,exp4b,,,E,,,mnist,mlp,mse,5,s_nm1,addition,adamw,97,200,3,quadratic,9.0,100,2000,5000,0.5,123,20,5,32000,0.25,iid,0.5,0.0,fedavg,1.0,0.0,0.001,80,3200,10000,100,0.0,0.001,0.1,90.0,inf,3200.0,300.0,400.0,inf,316,68.09999942779541,99.05000329017639,100.0,nan,False,True,40000.0,4652.5,True,512,0.01,4,False,True
fede_fd4f6c7600b8,federated,S2b,probe_rerun,gate_a,,,D,,,s5,groknet,ce,5,s_nm1,addition,adamw,97,256,3,quadratic,1.0,0,1000,5000,0.5,456,50,5,10000,1.0,iid,0.5,0.0,fedavg,1.0,0.0,0.001,20,0,10000,100,0.0,0.001,1.0,85.0,11700.0,11700.0,7500.0,10200.0,1500.0,0,99.1527795791626,99.98611211776733,100.0,nan,True,False,50000.0,4188.7,False,512,0.01,4,False,True
fede_fe930c12b81f,federated,T3a,dirichlet_setups,exp3a,,,C,,,s5,transformer,ce,5,s_nm1,addition,adamw,97,256,3,quadratic,1.0,0,1000,5000,0.4,123,10,5,40000,1.0,dirichlet,1.0,0.0,fedavg,1.0,0.0,0.001,20,4000,10000,100,0.0,0.001,1.0,85.0,10100.0,10100.0,9800.0,4300.0,5800.0,0,100.0,100.0,100.0,nan,True,False,200000.0,15212.6,True,512,0.01,4,False,True
fede_ff165a5998f1,federated,T3b,partitions,exp3b,,,C,,,s5,transformer,ce,5,s_nm1,addition,adamw,97,256,3,quadratic,1.0,0,1000,5000,0.4,456,10,5,40000,1.0,target,0.5,0.0,fedavg,1.0,0.0,0.001,20,4000,10000,100,0.0,0.001,1.0,85.0,inf,inf,inf,inf,inf,0,11.747685074806213,12.118055671453476,33.22916626930237,nan,False,True,200000.0,12514.1,True,512,0.01,4,False,True
fede_ff7fa893359e,federated,T2,aggregation,exp2,,,D,fl,,s5,groknet,ce,5,s_nm1,addition,adamw,97,256,3,quadratic,1.0,0,1000,5000,0.3,123,5,5,50000,1.0,iid,0.5,0.0,fedavg,1.0,0.0,0.001,20,5000,10000,100,0.0,0.001,1.0,85.0,28300.0,28300.0,15200.0,1400.0,26900.0,0,94.99008059501648,100.0,100.0,nan,True,False,250000.0,8066.4,True,512,0.01,4,False,True
fede_fff1e7e33369,federated,T2,aggregation,exp2,,,E,fl,,mnist,mlp,mse,5,s_nm1,addition,adamw,97,200,3,quadratic,9.0,100,2000,5000,0.5,456,20,5,8000,1.0,iid,0.5,0.0,fedavg,1.0,0.0,0.001,20,800,10000,100,0.0,0.001,0.1,90.0,11700.0,11500.0,2300.0,1300.0,10400.0,1,93.63999962806702,100.0,100.0,nan,True,False,40000.0,1936.6,True,512,0.01,4,False,True
