setup,axis,family,moment,metric,n,spearman,p_approx,median_at_axis_min,median_at_axis_max,n_levels
A,K,0.25|wd0.0,init,fn_loss_tr,20,0.8870082444549172,6.468796138613627e-09,0.006272958591580391,0.006613110192120075,3
A,K,0.25|wd0.0,init,fn_acc_tr,20,-0.7278959900276452,0.0001385572539409692,99.95748138427734,99.23469161987305,3
A,K,0.25|wd0.0,init,fn_margin_tr,20,-0.04496355156223082,0.8528254616984665,0.24471086263656616,0.24086713045835495,3
A,K,0.25|wd0.0,init,fn_entropy_tr,20,-0.9197090092274488,5.992353938614266e-11,4.572630405426025,4.5723326206207275,3
A,K,0.25|wd0.0,init,fn_loss_te,20,0.9197090092274488,5.992353938614266e-11,0.014481451362371445,0.015181269962340593,3
A,K,0.25|wd0.0,init,fn_acc_te,20,-0.014454050895068259,0.9524744339692393,0.2125549167394638,0.2054697498679161,3
A,K,0.25|wd0.0,init,fn_margin_te,20,-0.9074462224377494,4.440407902231362e-10,-0.18892797827720642,-0.20544707775115967,3
A,K,0.25|wd0.0,init,fn_entropy_te,20,-0.9197090092274488,5.992353938614266e-11,4.572665214538574,4.5723183155059814,3
A,K,0.25|wd0.0,init,fn_gap_loss,20,0.6989788470128611,0.0003600904301853539,0.00821372028440237,0.008590888930484653,3
A,K,0.25|wd0.0,init,fn_gap_acc,20,-0.8461322884892529,3.01585698014023e-07,99.70240785181522,99.05756252259016,3
A,K,0.25|wd0.0,init,fn_class_acc_gini,20,-0.024525573579398635,0.9194378864645474,0.8868777254383824,0.8887612838722143,3
A,K,0.25|wd0.0,init,w_W1_fro,20,0.9197090092274488,5.992353938614266e-11,28.889719009399414,32.70437431335449,3
A,K,0.25|wd0.0,init,w_W1_spec,20,0.9197090092274488,5.992353938614266e-11,3.7815327644348145,4.475031614303589,3
A,K,0.25|wd0.0,init,w_W1_stable_rank,20,-0.8624826708755186,7.776759271607166e-08,58.38898849487305,53.523447036743164,3
A,K,0.25|wd0.0,init,w_W1_eff_rank,20,-0.8624826708755186,7.776759271607166e-08,170.45694134741348,169.3723933130468,3
A,K,0.25|wd0.0,init,w_W1_sv_gini,20,0.8624826708755186,7.776759271607166e-08,0.2844499551098154,0.2916895747266972,3
A,K,0.25|wd0.0,init,w_W1_entry_gini,20,0.9197090092274488,5.992353938614266e-11,0.3943249625460554,0.42210472714814107,3
A,K,0.25|wd0.0,init,w_W1_row_gini,20,0.8461322884892529,3.01585698014023e-07,0.015952751778665508,0.036132074143144566,3
A,K,0.25|wd0.0,init,w_W1_row_pr,20,-0.8461322884892529,3.01585698014023e-07,0.9991843456873264,0.9933262979568185,3
A,K,0.25|wd0.0,init,w_W1_dist_init,20,0.9197090092274488,5.992353938614266e-11,19.258211135864258,22.25821876525879,3
A,K,0.25|wd0.0,init,w_W1_rel_dist_init,20,0.9197090092274488,5.992353938614266e-11,1.200848366102676,1.3890310978436533,3
A,K,0.25|wd0.0,init,w_W1_cos_init,20,0.9074462224377494,4.440407902231362e-10,0.778643786907196,0.7929891347885132,3
A,K,0.25|wd0.0,init,w_W2_fro,20,-0.9197090092274488,5.992353938614266e-11,16.257930755615234,14.480557441711426,3
A,K,0.25|wd0.0,init,w_W2_spec,20,-0.7275920161888261,0.00014005836085256208,2.56445050239563,2.376384139060974,3
A,K,0.25|wd0.0,init,w_W2_stable_rank,20,-0.4251099420429097,0.061271648118095864,40.142799377441406,37.76072883605957,3
A,K,0.25|wd0.0,init,w_W2_eff_rank,20,-0.8461322884892529,3.01585698014023e-07,91.55640528119625,90.75483334641991,3
A,K,0.25|wd0.0,init,w_W2_sv_gini,20,0.8256943105064207,1.2828549432800663e-06,0.18903333017360957,0.20292034574499662,3
A,K,0.25|wd0.0,init,w_W2_entry_gini,20,0.9197090092274488,5.992353938614266e-11,0.44084489221695433,0.46138562401154304,3
A,K,0.25|wd0.0,init,w_W2_row_gini,20,0.8665702664720849,5.35925968332026e-08,0.09861320675244811,0.11031640939653764,3
A,K,0.25|wd0.0,init,w_W2_row_pr,20,-0.8583950752789522,1.112497495207339e-07,0.9705605032903672,0.9639456986704501,3
A,K,0.25|wd0.0,init,w_W2_dist_init,20,-0.9197090092274488,5.992353938614266e-11,16.24837875366211,14.466137886047363,3
A,K,0.25|wd0.0,init,w_W2_rel_dist_init,20,-0.9197090092274488,5.992353938614266e-11,26.393119171738114,23.444874601349802,3
A,K,0.25|wd0.0,init,w_W2_cos_init,20,-0.22890535340772056,0.33664080126693413,0.044506918638944626,0.04211116582155228,3
A,K,0.25|wd0.0,init,w_all_norm,20,0.9197090092274488,5.992353938614266e-11,33.14756659479412,35.77080691435886,3
A,K,0.25|wd0.0,init,w_all_rel_norm,20,0.9197090092274488,5.992353938614266e-11,2.066498179981816,2.2300918822561604,3
A,K,0.25|wd0.0,init,w_all_dist_init,20,0.9197090092274488,5.992353938614266e-11,25.20158339086013,26.55066683268472,3
A,K,0.25|wd0.0,init,w_all_rel_dist_init,20,0.9197090092274488,5.992353938614266e-11,1.5696545183816957,1.6565025503681383,3
A,K,0.25|wd0.0,init,w_all_cos_init,20,0.9197090092274488,5.992353938614266e-11,0.6790714370867913,0.7253128641804495,3
A,K,0.25|wd0.0,init,rep_between_within_tr,20,-0.9197090092274488,5.992353938614266e-11,0.13345610435203883,0.06480574750470396,3
A,K,0.25|wd0.0,init,rep_nc1_tr,20,0.9197090092274488,5.992353938614266e-11,3.016316536538482,6.3159480711450575,3
A,K,0.25|wd0.0,init,rep_eff_rank_te,20,-0.9197090092274488,5.992353938614266e-11,247.14432948958463,207.6953524259137,3
A,K,0.25|wd0.0,init,rep_pr_te,20,-0.9197090092274488,5.992353938614266e-11,193.08278897610484,23.193840592523763,3
A,K,0.25|wd0.0,init,rep_unit_gini_te,20,0.9197090092274488,5.992353938614266e-11,0.06050892848879319,0.48050948872283816,3
A,K,0.25|wd0.0,init,rep_unit_pr_te,20,-0.9197090092274488,5.992353938614266e-11,0.9883514921545647,0.1410545206433904,3
A,K,0.25|wd0.0,init,rep_between_within_te,20,-0.8788330532617843,1.593274092066989e-08,0.011933663187667106,0.007328353305683563,3
A,K,0.25|wd0.0,init,unit_interaction_share,20,-0.9197090092274488,5.992353938614266e-11,0.5546459885636554,0.22424092803948398,3
A,K,0.25|wd0.0,init,unit_frac_interacting,20,-0.9200549595910951,5.63164103045026e-11,0.92578125,0.2935585230588913,3
A,K,0.25|wd0.0,init,add_share_a,20,0.020437977982832194,0.9328340693938865,0.11240108103799194,0.11301331660845043,3
A,K,0.25|wd0.0,init,add_share_b,20,-0.6989788470128611,0.0003600904301853539,0.11315442255460281,0.1082965856884712,3
A,K,0.25|wd0.0,init,add_share_interaction,20,0.2575185225836856,0.27737837525397147,0.7730275780184102,0.7785250408826823,3
A,K,0.25|wd0.0,init,add_acc_interaction_tr,20,-0.6552481246228813,0.0012192782532822134,99.87244415283203,98.59693908691406,3
A,K,0.25|wd0.0,init,add_acc_additive_tr,20,-0.5009188113329295,0.023213560462158247,17.389455795288086,15.965136051177979,3
A,K,0.25|wd0.0,init,add_acc_no_a_tr,20,-0.8108696433731265,3.203717189365395e-06,99.91496276855469,99.12840270996094,3
A,K,0.25|wd0.0,init,add_acc_no_b_tr,20,-0.7292387750275575,0.00013208959352036358,99.8299331665039,98.8945541381836,3
A,K,0.25|wd0.0,init,add_acc_interaction_te,20,-0.27632854731885453,0.2421071310117061,1.0911152362823486,0.9635822474956512,3
A,K,0.25|wd0.0,init,add_acc_no_a_te,20,-0.3571006148526314,0.123506170456396,0.4676207900047302,0.4392801523208618,3
A,K,0.25|wd0.0,init,add_acc_no_b_te,20,-0.016381203115572035,0.9461458701990852,0.495961457490921,0.4463653117418289,3
A,K,0.25|wd0.0,init,circ_share_interaction_tr,20,-0.12671546349355958,0.5993851896611849,0.8565161796823779,0.8531579622214606,3
A,K,0.25|wd0.0,init,circ_share_marginal_tr,20,-0.012262786789699318,0.9596735079131465,0.23103371928221536,0.22866808080973688,3
A,K,0.25|wd0.0,init,circ_acc_interaction_tr,20,-0.7392017905901881,9.166329073652209e-05,99.87244606018066,98.61819446086884,3
A,K,0.25|wd0.0,init,circ_acc_marginal_tr,20,-0.5917709625500397,0.005026856910686499,16.794216632843018,15.7738097012043,3
A,K,0.25|wd0.0,init,circ_units_tr,20,-0.8052563325235884,4.419490844629502e-06,248.23741149902344,242.63307189941406,3
A,K,0.25|wd0.0,init,circ_share_interaction_te,20,0.5804385747124342,0.0062545396368794215,0.7563034508264712,0.7673957136241829,3
A,K,0.25|wd0.0,init,circ_share_marginal_te,20,-0.38423398607724524,0.09493316890799328,0.2279974808553724,0.22077334820480277,3
A,K,0.25|wd0.0,init,circ_acc_interaction_te,20,-0.4318912850687282,0.05667887804703555,1.1194558814167976,0.9210712742060423,3
A,K,0.25|wd0.0,init,circ_units_te,20,-0.8052563325235884,4.419490844629502e-06,248.23741149902344,242.63307189941406,3
A,K,0.25|wd0.0,init,sharp_lambda_max,20,0.9197090092274488,5.992353938614266e-11,0.006258510518819094,0.01280609704554081,3
A,K,0.25|wd0.0,init,sharp_grad_norm,20,0.9197090092274488,5.992353938614266e-11,0.00010238810500595719,0.00028366736660245806,3
A,K,0.25|wd0.0,init,sharp_lr_lambda,20,0.9197090092274488,5.992353938614266e-11,0.3129255259409547,0.6403048522770405,3
A,K,0.25|wd0.0,init,unit_fourier_sum_share,20,-0.8870082444549172,6.468796138613627e-09,0.01144141825048944,0.0042295894014508385,3
A,K,0.25|wd0.0,init,unit_fourier_diff_share,20,-0.8870082444549172,6.468796138613627e-09,0.011441418399471754,0.004229589362443036,3
A,K,0.25|wd0.0,init,unit_fourier_marginal_share,20,0.9197090092274488,5.992353938614266e-11,0.4453540129234708,0.7757590788938498,3
A,K,0.25|wd0.0,init,unit_fourier_other_share,20,-0.9197090092274488,5.992353938614266e-11,0.5321093034408162,0.21539209716205954,3
A,K,0.25|wd0.0,init,unit_sum_freq_concentration,20,-0.8788330532617843,1.593274092066989e-08,0.004899322491713788,0.0016269809855890243,3
A,K,0.25|wd0.0,init,unit_n_distinct_sum_freqs,20,-0.21629522817435004,0.36487269466224653,48.0,48.0,3
A,K,0.25|wd0.0,init,fU_ipr,20,-0.5150370451673713,0.01885620885467648,0.02539948026936804,0.024487802579096753,3
A,K,0.25|wd0.0,init,fU_dc_share,20,0.8624826708755186,7.776759271607166e-08,0.0043182047181861746,0.007070265274855507,3
A,K,0.25|wd0.0,init,fU_top1_share,20,-0.036788360369097946,0.8793835048168297,0.024400881420988726,0.024356487966637155,3
A,K,0.25|wd0.0,init,fU_freq_gini,20,-0.16350382386265755,0.4963466970355617,0.040854239607205356,0.040092520641107576,3
A,K,0.25|wd0.0,init,fU_freq_eff_n,20,0.15532863266952468,0.5184977382199738,47.87655582411451,47.87890423426316,3
A,K,0.25|wd0.0,init,fV_ipr,20,-0.6662780822403295,0.0009162388736883927,0.025826637723918456,0.02401449959117652,3
A,K,0.25|wd0.0,init,fV_dc_share,20,0.49051147158797265,0.02689699241090554,0.004166926889494651,0.006000749068082413,3
A,K,0.25|wd0.0,init,fV_top1_share,20,-0.6090517438883993,0.0035371428565551194,0.02464357408821442,0.024329701865020703,3
A,K,0.25|wd0.0,init,fV_freq_gini,20,-0.4823362803948397,0.030093750062259297,0.04407411520935378,0.041013517687545464,3
A,K,0.25|wd0.0,init,fV_freq_eff_n,20,0.5150370451673713,0.01885620885467648,47.85512991722616,47.872315616887505,3
A,K,0.25|wd0.0,init,fout_ipr,20,-0.4986866627811055,0.02396851673059974,0.025773475467659804,0.02471147452863523,3
A,K,0.25|wd0.0,init,fout_dc_share,20,0.08583950752789522,0.7227405445100917,0.00018231130378991274,0.00018053065907953572,3
A,K,0.25|wd0.0,init,fout_top1_share,20,-0.07357672073819589,0.761193563117839,0.023249360547365972,0.023319086470251167,3
A,K,0.25|wd0.0,init,fout_freq_gini,20,-0.20029218423175552,0.4025123538242719,0.03102170622101208,0.029947812523951955,3
A,K,0.25|wd0.0,init,fout_freq_eff_n,20,0.15532863266952468,0.5184977382199738,47.92863243553322,47.93079961364938,3
A,K,0.25|wd0.0,init,fin_uv_agree_strong,20,-0.6947324286687805,0.00040980127270044773,0.5390625,0.4921875,3
A,K,0.25|wd0.0,init,fin_uvw_agree_strong,20,-0.6168084588404406,0.002997785972632889,0.4453125,0.3671875,3
A,K,0.25|wd0.0,init,fin_n_unique_freq_strong,20,0.2876729600125785,0.22225557631296738,44.0,45.0,3
A,K,0.25|wd0.0,init,clock_share,20,-0.6008765526952665,0.004188952544047386,0.01919904625573752,0.017064903510261496,3
A,K,0.25|wd0.0,init,clock_nfreq90,20,0.28700705877176,0.22339136318361483,40.0,40.5,3
A,K,0.25|wd0.0,init,clock_top1_share,20,-0.23299294900428702,0.3277643460219136,0.048486166264481385,0.043887740053087716,3
A,K,0.25|wd0.0,init,clock_freq_gini,20,-0.48642387599140624,0.028460885264502973,0.20389658026733515,0.18421672514054965,3
A,K,0.25|wd0.0,init,clock_key_jaccard_final,20,-0.7067962642342045,0.0002818475415427065,0.8260869565217391,0.7019285309132162,3
A,K,0.25|wd0.0,init,clock_restricted_loss_tr,20,0.707154038205994,0.0002786433071333778,0.008675524964928627,0.0090540312230587,3
A,K,0.25|wd0.0,init,clock_excluded_loss_tr,20,0.1880293974420562,0.432687880540353,0.007359394803643227,0.007385725621134043,3
A,K,0.25|wd0.0,init,clock_excluded_acc_tr,20,-0.7813184374308239,1.5316175678402232e-05,98.59693908691406,97.23639297485352,3
A,K,0.25|wd0.0,init,clock_restricted_loss_te,20,0.707154038205994,0.0002786433071333778,0.008675752207636833,0.009054291062057018,3
A,K,0.25|wd0.0,init,clock_excluded_loss_te,20,0.39240917727037816,0.0873355659744844,0.016182804480195045,0.01645016483962536,3
A,K,0.25|wd0.0,init,clock_excluded_acc_te,20,0.49026819903762076,0.026988171459307046,0.014170327223837376,0.021255490835756063,3
A,K,0.25|wd0.0,cross,fn_loss_tr,17,0.7775618280973939,0.00010097604618839133,0.0025949636474251747,0.003301007440313697,3
A,K,0.25|wd0.0,cross,fn_margin_tr,17,-0.7253764705069649,0.0005855781416649885,0.6471177935600281,0.5564125180244446,3
A,K,0.25|wd0.0,cross,fn_entropy_tr,17,0.6731911129165358,0.002248553825782077,4.5689239501953125,4.570006847381592,3
A,K,0.25|wd0.0,cross,fn_loss_te,17,-0.3835623782896541,0.13040933183189807,0.01143909152597189,0.01102325040847063,3
A,K,0.25|wd0.0,cross,fn_acc_te,17,-0.1017614473013368,0.7024027737438708,95.86226654052734,93.93510437011719,3
A,K,0.25|wd0.0,cross,fn_margin_te,17,-0.10958925093990117,0.6805601437584099,0.19763486087322235,0.17666855454444885,3
A,K,0.25|wd0.0,cross,fn_entropy_te,17,0.46966821831386213,0.05653154785021228,4.569355010986328,4.570140361785889,3
A,K,0.25|wd0.0,cross,fn_gap_loss,17,-0.7566876850612223,0.00021702435934035387,0.008844127878546715,0.0077155595645308495,3
A,K,0.25|wd0.0,cross,fn_gap_acc,17,0.1017614473013368,0.7024027737438708,4.137733459472656,6.0648956298828125,3
A,K,0.25|wd0.0,cross,fn_class_acc_gini,17,0.023483410915693108,0.929969640324423,0.02057025461248707,0.030226952395255413,3
A,K,0.25|wd0.0,cross,w_W1_fro,17,0.39139018192821845,0.12187452180547892,36.17219161987305,40.11819839477539,3
A,K,0.25|wd0.0,cross,w_W1_spec,17,0.23483410915693106,0.3705854750090362,5.350474834442139,5.90139102935791,3
A,K,0.25|wd0.0,cross,w_W1_stable_rank,17,0.1017614473013368,0.7024027737438708,45.48643493652344,46.21601867675781,3
A,K,0.25|wd0.0,cross,w_W1_eff_rank,17,-0.9262900972301169,1.028557456723349e-09,169.5452183322139,156.88886988774993,3
A,K,0.25|wd0.0,cross,w_W1_sv_gini,17,0.9262900972301169,1.028557456723349e-09,0.28986527176565224,0.36519697214419766,3
A,K,0.25|wd0.0,cross,w_W1_entry_gini,17,0.9393364366277243,9.053354028864863e-11,0.36723205301719575,0.4557296765960006,3
A,K,0.25|wd0.0,cross,w_W1_row_gini,17,0.5479462546995059,0.021291690831794722,0.05723599857278372,0.0899050206469767,3
A,K,0.25|wd0.0,cross,w_W1_row_pr,17,-0.5479462546995059,0.021291690831794722,0.9833238328099614,0.9713896789943689,3
A,K,0.25|wd0.0,cross,w_W1_dist_init,17,0.39139018192821845,0.12187452180547892,33.84074401855469,37.72309112548828,3
A,K,0.25|wd0.0,cross,w_W1_rel_dist_init,17,0.39139018192821845,0.12187452180547892,2.1189840361319607,2.3506150678045494,3
A,K,0.25|wd0.0,cross,w_W1_cos_init,17,-0.7332042741455292,0.0004639043574665573,0.36674314737319946,0.3361953794956207,3
A,K,0.25|wd0.0,cross,w_W2_fro,17,0.6131779516875422,0.007550473163519806,20.142009735107422,22.33767318725586,3
A,K,0.25|wd0.0,cross,w_W2_spec,17,-0.15133753701224445,0.5682460145160018,3.4340407848358154,3.234882354736328,3
A,K,0.25|wd0.0,cross,w_W2_stable_rank,17,0.8088730426516515,2.6139687685850808e-05,34.21937942504883,47.41867446899414,3
A,K,0.25|wd0.0,cross,w_W2_eff_rank,17,0.32615848494018207,0.20528458947651196,92.26036838727308,93.30464957134436,3
A,K,0.25|wd0.0,cross,w_W2_sv_gini,17,-0.3835623782896541,0.13040933183189807,0.17347156631395655,0.1484476568506392,3
A,K,0.25|wd0.0,cross,w_W2_entry_gini,17,0.8610584002420807,1.2068227945477941e-06,0.4056920989427415,0.4596159195591196,3
A,K,0.25|wd0.0,cross,w_W2_row_gini,17,-0.3548604316149181,0.16509726262096266,0.0775067682872006,0.06838674384251542,3
A,K,0.25|wd0.0,cross,w_W2_row_pr,17,0.3000658061449675,0.246706184650901,0.981413833148818,0.9850173529677063,3
A,K,0.25|wd0.0,cross,w_W2_dist_init,17,0.6131779516875422,0.007550473163519806,20.13726234436035,22.33487892150879,3
A,K,0.25|wd0.0,cross,w_W2_rel_dist_init,17,0.6131779516875422,0.007550473163519806,32.568065024461674,36.23985103170064,3
A,K,0.25|wd0.0,cross,w_W2_cos_init,17,-0.29223800250640314,0.2600462120509172,0.018359212204813957,0.014739456586539745,3
A,K,0.25|wd0.0,cross,w_all_norm,17,0.6105686838080208,0.007908967712666536,41.436515866226365,45.96470322781606,3
A,K,0.25|wd0.0,cross,w_all_rel_norm,17,0.6105686838080208,0.007908967712666536,2.593236811955779,2.8779256353433653,3
A,K,0.25|wd0.0,cross,w_all_dist_init,17,0.8140915784106943,2.026884350980196e-05,39.41987609323955,43.99325106731524,3
A,K,0.25|wd0.0,cross,w_all_rel_dist_init,17,0.8140915784106943,2.026884350980196e-05,2.4616423881124465,2.754962715582263,3
A,K,0.25|wd0.0,cross,w_all_cos_init,17,-0.6601447735189284,0.0030033297634298292,0.3210646892230541,0.2940722913066592,3
A,K,0.25|wd0.0,cross,rep_between_within_tr,17,-0.9393364366277243,9.053354028864863e-11,0.3316179699883241,0.046714288151805276,3
A,K,0.25|wd0.0,cross,rep_nc1_tr,17,0.9393364366277243,9.053354028864863e-11,1.041547271208781,18.060983511407215,3
A,K,0.25|wd0.0,cross,rep_eff_rank_te,17,-0.9393364366277243,9.053354028864863e-11,239.0705397716879,136.21222794745063,3
A,K,0.25|wd0.0,cross,rep_pr_te,17,-0.4227013964824759,0.09152651670853597,114.55101382048394,48.19459749285972,3
A,K,0.25|wd0.0,cross,rep_unit_gini_te,17,0.9393364366277243,9.053354028864863e-11,0.23586766154700678,0.7180118878270194,3
A,K,0.25|wd0.0,cross,rep_unit_pr_te,17,-0.5636018619766346,0.016961684078203202,0.6817057412813716,0.23858514150807064,3
A,K,0.25|wd0.0,cross,rep_between_within_te,17,-0.9393364366277243,9.053354028864863e-11,0.19477576099860996,0.012163887141389017,3
A,K,0.25|wd0.0,cross,unit_interaction_share,17,-0.9393364366277243,9.053354028864863e-11,0.6477029395175692,0.048627677113355354,3
A,K,0.25|wd0.0,cross,unit_frac_interacting,17,-0.9393364366277243,9.053354028864863e-11,0.89453125,0.14450865983963013,3
A,K,0.25|wd0.0,cross,add_share_a,17,-0.5557740583380701,0.01903281322894264,0.04098424955755414,0.03408668226543544,3
A,K,0.25|wd0.0,cross,add_share_b,17,0.2530989843135813,0.33302146216665385,0.04244824803206079,0.04578549186629687,3
A,K,0.25|wd0.0,cross,add_share_interaction,17,-0.3026750740244889,0.2423531977932083,0.9161962537632216,0.9085784138151876,3
A,K,0.25|wd0.0,cross,add_acc_additive_tr,17,-0.7879988996154799,6.632590511080988e-05,9.268707275390625,6.335034370422363,3
A,K,0.25|wd0.0,cross,add_acc_interaction_te,17,-0.16438387640985175,0.5347971111432395,98.18620300292969,97.20844268798828,3
A,K,0.25|wd0.0,cross,add_acc_additive_te,17,0.48498922899256836,0.047573245532063546,0.113362617790699,0.1700439304113388,3
A,K,0.25|wd0.0,cross,add_acc_no_a_te,17,-0.17743021580745905,0.5022304814697299,97.279296875,95.11123657226562,3
A,K,0.25|wd0.0,cross,add_acc_no_b_te,17,-0.07832604499879572,0.7690094964855503,97.22261810302734,96.06065368652344,3
A,K,0.25|wd0.0,cross,circ_share_interaction_tr,17,-0.7253764705069649,0.0005855781416649885,0.9917580094224063,0.9649697752221967,3
A,K,0.25|wd0.0,cross,circ_share_marginal_tr,17,0.11480778669894408,0.6661238697040359,0.10387303371671926,0.11307552528149944,3
A,K,0.25|wd0.0,cross,circ_acc_marginal_tr,17,-0.7245159162388606,0.0006004274412615576,9.098639339208603,6.335034221410751,3
A,K,0.25|wd0.0,cross,circ_units_tr,17,0.8845418111577736,1.747697040213477e-07,68.14865112304688,175.75282287597656,3
A,K,0.25|wd0.0,cross,circ_share_interaction_te,17,-0.12263559033750844,0.6446682589767037,0.9088538823368075,0.9035477624787923,3
A,K,0.25|wd0.0,cross,circ_share_marginal_te,17,0.20874143036171652,0.42795897531448257,0.08810735304578962,0.09406317523729944,3
A,K,0.25|wd0.0,cross,circ_acc_interaction_te,17,-0.16438387640985175,0.5347971111432395,98.15785884857178,97.02423214912415,3
A,K,0.25|wd0.0,cross,circ_acc_marginal_te,17,0.33010317434808323,0.19942933366712443,0.14170327922329307,0.18421425484120846,3
A,K,0.25|wd0.0,cross,circ_units_te,17,0.8845418111577736,1.747697040213477e-07,68.14865112304688,175.75282287597656,3
A,K,0.25|wd0.0,cross,sharp_lambda_max,17,0.39139018192821845,0.12187452180547892,0.016435151919722557,0.025370515882968903,3
A,K,0.25|wd0.0,cross,sharp_grad_norm,17,0.39139018192821845,0.12187452180547892,7.11279280949384e-05,0.002255439292639494,3
A,K,0.25|wd0.0,cross,sharp_lr_lambda,17,0.39139018192821845,0.12187452180547892,0.8217575959861279,1.2685257941484451,3
A,K,0.25|wd0.0,cross,unit_fourier_sum_share,17,-0.9393364366277243,9.053354028864863e-11,0.1673727176518004,0.008162323693699574,3
A,K,0.25|wd0.0,cross,unit_fourier_diff_share,17,-0.9393364366277243,9.053354028864863e-11,0.1673727191893486,0.008162323792978267,3
A,K,0.25|wd0.0,cross,unit_fourier_marginal_share,17,0.9393364366277243,9.053354028864863e-11,0.35229705966590646,0.9513723246555561,3
A,K,0.25|wd0.0,cross,unit_fourier_other_share,17,-0.9393364366277243,9.053354028864863e-11,0.3129575034929446,0.03255068580031961,3
A,K,0.25|wd0.0,cross,unit_sum_freq_concentration,17,-0.9393364366277243,9.053354028864863e-11,0.16418753570223962,0.007857271510671063,3
A,K,0.25|wd0.0,cross,unit_n_distinct_sum_freqs,17,-0.6879941525030622,0.0015859856137274957,48.0,46.0,3
A,K,0.25|wd0.0,cross,fU_ipr,17,0.04435755395186476,0.8680941881224575,0.16016609964747158,0.16099604370837065,3
A,K,0.25|wd0.0,cross,fU_dc_share,17,0.5557740583380701,0.01903281322894264,0.005402832720219158,0.007281932399057467,3
A,K,0.25|wd0.0,cross,fU_top1_share,17,-0.4096550570848686,0.10344926132573679,0.03240618915551188,0.03006730162177078,3
A,K,0.25|wd0.0,cross,fU_nfreq90,17,-0.2993254652163496,0.24794981480144374,42.0,42.0,3
A,K,0.25|wd0.0,cross,fU_freq_gini,17,0.14090046549415866,0.5956043301977124,0.1201563149151963,0.13228262901205734,3
A,K,0.25|wd0.0,cross,fU_freq_eff_n,17,-0.16960241216889466,0.5216617063811086,46.95048334092978,46.72568726686689,3
A,K,0.25|wd0.0,cross,fV_ipr,17,-0.3157214134220962,0.2212913474769329,0.1584378105706409,0.14533418037236087,3
A,K,0.25|wd0.0,cross,fV_dc_share,17,-0.20874143036171652,0.42795897531448257,0.005279501940762611,0.001654302359078599,3
A,K,0.25|wd0.0,cross,fV_top1_share,17,-0.8193101141697372,1.5564169603240373e-05,0.03347596012097486,0.025522131309894502,3
A,K,0.25|wd0.0,cross,fV_nfreq90,17,0.6027004755663158,0.009071511421559575,42.0,43.0,3
A,K,0.25|wd0.0,cross,fV_freq_gini,17,-0.8454027929649518,3.5016251151700387e-06,0.12016840848102728,0.06370520633521615,3
A,K,0.25|wd0.0,cross,fV_freq_eff_n,17,0.8454027929649518,3.5016251151700387e-06,46.9574495491093,47.67278101195569,3
A,K,0.25|wd0.0,cross,fout_ipr,17,-0.010437071518085825,0.9688478428414166,0.15631580459244465,0.15386636635095666,3
A,K,0.25|wd0.0,cross,fout_dc_share,17,-0.5557740583380701,0.01903281322894264,5.813726815256416e-05,3.760673902482915e-05,3
A,K,0.25|wd0.0,cross,fout_top1_share,17,-0.1252448582170299,0.6375714741732765,0.027560397831399103,0.027185063694481197,3
A,K,0.25|wd0.0,cross,fout_nfreq90,17,-0.42857969568745974,0.0864808233356018,42.0,41.0,3
A,K,0.25|wd0.0,cross,fout_freq_gini,17,0.3626882352534824,0.1550997262999302,0.09534113353718787,0.11907208061309005,3
A,K,0.25|wd0.0,cross,fout_freq_eff_n,17,-0.3757345746510897,0.13933606857608274,47.324610313028685,46.90400570157334,3
A,K,0.25|wd0.0,cross,fin_uv_agree_strong,17,-0.48029030558293856,0.0502018980164328,0.9375,0.8984375,3
A,K,0.25|wd0.0,cross,fin_uvw_agree_strong,17,-0.42981143165104024,0.08544874956834314,0.890625,0.8671875,3
A,K,0.25|wd0.0,cross,fin_n_unique_freq_strong,17,-0.25973124082465987,0.3199269283974565,48.0,47.0,3
A,K,0.25|wd0.0,cross,clock_share,17,0.018264875156650196,0.9455082120063963,0.3483271145920893,0.35171351281519847,3
A,K,0.25|wd0.0,cross,clock_nfreq90,17,-0.29624514976928157,0.2531646429470196,29.0,28.0,3
A,K,0.25|wd0.0,cross,clock_top1_share,17,0.28962873462688166,0.2645864797403805,0.054328851759580764,0.059690067956414565,3
A,K,0.25|wd0.0,cross,clock_freq_gini,17,0.19569509096410923,0.45821334382049494,0.4628937118110974,0.4691710799846025,3
A,K,0.25|wd0.0,cross,clock_key_jaccard_final,17,0.5545255915073376,0.019380230207502923,0.6222222222222222,0.7297297297297297,3
A,K,0.25|wd0.0,cross,clock_restricted_loss_tr,17,0.7410320777840936,0.00036396908289916264,0.0035838226322084665,0.004547751508653164,3
A,K,0.25|wd0.0,cross,clock_excluded_loss_tr,17,0.3757345746510897,0.13933606857608274,0.007572168949991465,0.0079396553337574,3
A,K,0.25|wd0.0,cross,clock_excluded_acc_tr,17,-0.8890006107363316,1.142590627887737e-07,96.13095092773438,89.71088409423828,3
A,K,0.25|wd0.0,cross,clock_restricted_loss_te,17,0.7410320777840936,0.00036396908289916264,0.003584150690585375,0.004547986201941967,3
A,K,0.25|wd0.0,cross,clock_excluded_loss_te,17,-0.7045023274707932,0.0010440496825608052,0.01860603503882885,0.01686643809080124,3
A,K,0.25|wd0.0,cross,clock_excluded_acc_te,17,0.9399125399855489,8.011963021663112e-11,0.6376647353172302,1.3036701679229736,3
A,K,0.25|wd0.0,end,fn_loss_tr,20,0.9197090092274488,5.992353938614266e-11,1.5167065612331498e-05,0.002402056590653956,3
A,K,0.25|wd0.0,end,fn_acc_tr,20,-0.21629522817435004,0.36487269466224653,100.0,100.0,3
A,K,0.25|wd0.0,end,fn_margin_tr,20,-0.9197090092274488,5.992353938614266e-11,0.9887427687644958,0.6712981164455414,3
A,K,0.25|wd0.0,end,fn_entropy_tr,20,0.9197090092274488,5.992353938614266e-11,4.564777851104736,4.56872820854187,3
A,K,0.25|wd0.0,end,fn_loss_te,20,0.9197090092274488,5.992353938614266e-11,0.00035334617132321,0.008478689705953002,3
A,K,0.25|wd0.0,end,fn_acc_te,20,-0.6205342800182236,0.0027638289833581036,100.0,98.46252059936523,3
A,K,0.25|wd0.0,end,fn_margin_te,20,-0.9197090092274488,5.992353938614266e-11,0.9732468128204346,0.3484485149383545,3
A,K,0.25|wd0.0,end,fn_entropy_te,20,0.9197090092274488,5.992353938614266e-11,4.5646748542785645,4.569164514541626,3
A,K,0.25|wd0.0,end,fn_gap_loss,20,0.9115338180343159,2.369781168569635e-10,0.0003382972445251653,0.006076633115299046,3
A,K,0.25|wd0.0,end,fn_gap_acc,20,0.6205342800182236,0.0027638289833581036,0.0,1.5374794006347656,3
A,K,0.25|wd0.0,end,fn_class_acc_gini,20,0.6205342800182236,0.0027638289833581036,0.0,0.009800411151814181,3
A,K,0.25|wd0.0,end,w_W1_fro,20,-0.7807307589441899,1.5753611976136182e-05,41.67888641357422,39.35435485839844,3
A,K,0.25|wd0.0,end,w_W1_spec,20,-0.9197090092274488,5.992353938614266e-11,10.003555297851562,5.686745643615723,3
A,K,0.25|wd0.0,end,w_W1_stable_rank,20,0.9197090092274488,5.992353938614266e-11,17.198701858520508,47.67698097229004,3
A,K,0.25|wd0.0,end,w_W1_eff_rank,20,-0.3678836036909795,0.11151769558598516,162.01084408452576,160.54775147947814,3
A,K,0.25|wd0.0,end,w_W1_sv_gini,20,0.5927013615021336,0.004935461132115124,0.33315365224348503,0.34438608271928295,3
A,K,0.25|wd0.0,end,w_W1_entry_gini,20,0.8338695016995535,7.397237128032209e-07,0.404414266598339,0.43754839303670623,3
A,K,0.25|wd0.0,end,w_W1_row_gini,20,-0.04496355156223082,0.8528254616984665,0.09573298103132744,0.11181817877432854,3
A,K,0.25|wd0.0,end,w_W1_row_pr,20,0.06131393394849658,0.8001744493552837,0.9689988625786079,0.9480619268835634,3
A,K,0.25|wd0.0,end,w_W1_dist_init,20,-0.8543074796823857,1.5703637025856826e-07,41.97632598876953,37.86361312866211,3
A,K,0.25|wd0.0,end,w_W1_rel_dist_init,20,-0.8543074796823857,1.5703637025856826e-07,2.631991522205834,2.36187509409221,3
A,K,0.25|wd0.0,end,w_W1_cos_init,20,0.9197090092274488,5.992353938614266e-11,0.16939005255699158,0.2949313521385193,3
A,K,0.25|wd0.0,end,w_W2_fro,20,0.24116814019741986,0.310419690382283,24.43977928161621,25.64064121246338,3
A,K,0.25|wd0.0,end,w_W2_spec,20,-0.8951834356480501,2.403193429510481e-09,5.273612022399902,4.188665866851807,3
A,K,0.25|wd0.0,end,w_W2_stable_rank,20,0.8870082444549172,6.468796138613627e-09,22.60862159729004,39.288368225097656,3
A,K,0.25|wd0.0,end,w_W2_eff_rank,20,0.7602927809613577,3.9504377593066054e-05,89.6361170951064,93.07173339245514,3
A,K,0.25|wd0.0,end,w_W2_sv_gini,20,-0.7848183545407563,1.292332939223298e-05,0.21514848147508836,0.15010868323179982,3
A,K,0.25|wd0.0,end,w_W2_entry_gini,20,0.8216067149098542,1.667944505481254e-06,0.36290772102033286,0.4563179119796845,3
A,K,0.25|wd0.0,end,w_W2_row_gini,20,0.7112416338025602,0.0002441737309576506,0.01924304896711293,0.06343060192221306,3
A,K,0.25|wd0.0,end,w_W2_row_pr,20,-0.7112416338025602,0.0002441737309576506,0.9988619816973432,0.9849534688406156,3
A,K,0.25|wd0.0,end,w_W2_dist_init,20,0.24116814019741986,0.310419690382283,24.443294525146484,25.641643524169922,3
A,K,0.25|wd0.0,end,w_W2_rel_dist_init,20,0.2861316917596507,0.22489000709132737,39.857910734412705,41.47681741656502,3
A,K,0.25|wd0.0,end,w_W2_cos_init,20,0.6417525086609308,0.0016993517837310002,0.006551225204020739,0.011288439854979515,3
A,K,0.25|wd0.0,end,w_all_norm,20,-0.7562051853647912,4.6870366676108134e-05,48.35411342671392,46.67034158993714,3
A,K,0.25|wd0.0,end,w_all_rel_norm,20,-0.7562051853647912,4.6870366676108134e-05,3.0296368946619374,2.9090956772144123,3
A,K,0.25|wd0.0,end,w_all_dist_init,20,-0.7970811413304555,6.9087891137559325e-06,48.61422839465884,45.51163225091554,3
A,K,0.25|wd0.0,end,w_all_rel_dist_init,20,-0.8134315237167213,2.7543313992102104e-06,3.0459344513307016,2.83684809347238,3
A,K,0.25|wd0.0,end,w_all_cos_init,20,0.9197090092274488,5.992353938614266e-11,0.14645346027287684,0.24811708958719286,3
A,K,0.25|wd0.0,end,rep_between_within_tr,20,-0.9197090092274488,5.992353938614266e-11,0.4408593747182919,0.05094129208673169,3
A,K,0.25|wd0.0,end,rep_nc1_tr,20,0.9197090092274488,5.992353938614266e-11,0.8216371521756147,14.90098714372552,3
A,K,0.25|wd0.0,end,rep_eff_rank_te,20,-0.9197090092274488,5.992353938614266e-11,216.20152768601585,134.78887817932804,3
A,K,0.25|wd0.0,end,rep_pr_te,20,-0.3433580301115809,0.14004150881209176,86.78928367602755,45.044679394226876,3
A,K,0.25|wd0.0,end,rep_unit_gini_te,20,0.9197090092274488,5.992353938614266e-11,0.33034332102332953,0.7522294114788789,3
A,K,0.25|wd0.0,end,rep_unit_pr_te,20,-0.6131393394849658,0.0032438194181619957,0.6249645171901915,0.21095371330144708,3
A,K,0.25|wd0.0,end,rep_between_within_te,20,-0.9197090092274488,5.992353938614266e-11,0.3952162070664507,0.01445348846229152,3
A,K,0.25|wd0.0,end,unit_interaction_share,20,-0.9197090092274488,5.992353938614266e-11,0.5770817408213733,0.07539504308013453,3
A,K,0.25|wd0.0,end,unit_frac_interacting,20,-0.8709853617462366,3.52368191473359e-08,0.5703125,0.25270307064056396,3
A,K,0.25|wd0.0,end,add_share_a,20,0.9197090092274488,5.992353938614266e-11,0.0010692623187455702,0.036103088795753954,3
A,K,0.25|wd0.0,end,add_share_b,20,0.9197090092274488,5.992353938614266e-11,0.0010351826695358143,0.03223629415384686,3
A,K,0.25|wd0.0,end,add_share_interaction,20,-0.9197090092274488,5.992353938614266e-11,0.9977408963623237,0.9280053773499164,3
A,K,0.25|wd0.0,end,add_acc_interaction_tr,20,-0.3948992518393949,0.08511067760993178,100.0,100.0,3
A,K,0.25|wd0.0,end,add_acc_additive_tr,20,0.9077875601298805,4.2193437043915845e-10,1.318027138710022,6.164965867996216,3
A,K,0.25|wd0.0,end,add_acc_no_a_tr,20,-0.3948992518393949,0.08511067760993178,100.0,100.0,3
A,K,0.25|wd0.0,end,add_acc_no_b_tr,20,-0.21629522817435004,0.36487269466224653,100.0,100.0,3
A,K,0.25|wd0.0,end,add_acc_interaction_te,20,-0.4913538149119954,0.02658311318561691,100.0,99.36233901977539,3
A,K,0.25|wd0.0,end,add_acc_additive_te,20,-0.8508598690346145,2.0797942311630476e-07,1.0060932636260986,0.2408955693244934,3
A,K,0.25|wd0.0,end,add_acc_no_a_te,20,-0.556369314299989,0.009667708261927567,100.0,99.13561248779297,3
A,K,0.25|wd0.0,end,add_acc_no_b_te,20,-0.556369314299989,0.009667708261927567,100.0,98.87345886230469,3
A,K,0.25|wd0.0,end,circ_share_interaction_tr,20,-0.9197090092274488,5.992353938614266e-11,1.1619668815072608,0.9847847858325937,3
A,K,0.25|wd0.0,end,circ_share_marginal_tr,20,-0.5763509791158679,0.00675263548212525,0.16412367454877044,0.0898707657173925,3
A,K,0.25|wd0.0,end,circ_acc_interaction_tr,20,-0.3948992518393949,0.08511067760993178,100.0,100.0,3
A,K,0.25|wd0.0,end,circ_acc_marginal_tr,20,0.8839181117810571,9.183279799535217e-09,1.1479591950774193,6.207482889294624,3
A,K,0.25|wd0.0,end,circ_units_tr,20,0.9197090092274488,5.992353938614266e-11,67.1268310546875,154.84732055664062,3
A,K,0.25|wd0.0,end,circ_share_interaction_te,20,-0.9197090092274488,5.992353938614266e-11,1.154747461896614,0.9287350446437154,3
A,K,0.25|wd0.0,end,circ_share_marginal_te,20,-0.6989788470128611,0.0003600904301853539,0.16056654429813869,0.07983727506101299,3
A,K,0.25|wd0.0,end,circ_acc_interaction_te,20,-0.5372153093502535,0.013330190117745321,100.0,99.24897253513336,3
A,K,0.25|wd0.0,end,circ_acc_marginal_te,20,-0.7579167043825739,4.3653462781542624e-05,1.0202636010944843,0.2904917113482952,3
A,K,0.25|wd0.0,end,circ_units_te,20,0.9197090092274488,5.992353938614266e-11,67.1268310546875,154.84732055664062,3
A,K,0.25|wd0.0,end,sharp_lambda_max,20,-0.8788330532617843,1.593274092066989e-08,0.034498002380132675,0.026570342481136322,3
A,K,0.25|wd0.0,end,sharp_grad_norm,20,0.6008765526952665,0.004188952544047386,0.00029852919396944344,0.001150341413449496,3
A,K,0.25|wd0.0,end,sharp_lr_lambda,20,-0.8788330532617843,1.593274092066989e-08,1.7249001190066338,1.328517124056816,3
A,K,0.25|wd0.0,end,unit_fourier_sum_share,20,-0.9197090092274488,5.992353938614266e-11,0.2812874221701433,0.010593524401541377,3
A,K,0.25|wd0.0,end,unit_fourier_diff_share,20,-0.9197090092274488,5.992353938614266e-11,0.28128742039659,0.010593524401508882,3
A,K,0.25|wd0.0,end,unit_fourier_marginal_share,20,0.9197090092274488,5.992353938614266e-11,0.42291826101887914,0.9246049560742924,3
A,K,0.25|wd0.0,end,unit_fourier_other_share,20,0.6131393394849658,0.0032438194181619957,0.014247494119646764,0.05188498704585248,3
A,K,0.25|wd0.0,end,unit_sum_freq_concentration,20,-0.9197090092274488,5.992353938614266e-11,0.28118714497970615,0.010108353398644439,3
A,K,0.25|wd0.0,end,unit_n_distinct_sum_freqs,20,-0.6714802069137799,0.0007968868751072113,48.0,44.0,3
A,K,0.25|wd0.0,end,fU_ipr,20,-0.9197090092274488,5.992353938614266e-11,0.41698213041637844,0.197231296855846,3
A,K,0.25|wd0.0,end,fU_dc_share,20,-0.8870082444549172,6.468796138613627e-09,0.05560340090966333,0.007257279559683014,3
A,K,0.25|wd0.0,end,fU_top1_share,20,-0.662190486643763,0.0010201941983310372,0.033526976231800426,0.026851669756422926,3
A,K,0.25|wd0.0,end,fU_nfreq90,20,-0.10183501544346313,0.67350898028654,42.0,42.0,3
A,K,0.25|wd0.0,end,fU_freq_gini,20,-0.38832158167381176,0.09107777692266927,0.112822173067054,0.08123926287104477,3
A,K,0.25|wd0.0,end,fU_freq_eff_n,20,0.41284715525321036,0.07026443862488786,46.958507372679556,47.513780635382915,3
A,K,0.25|wd0.0,end,fV_ipr,20,-0.9197090092274488,5.992353938614266e-11,0.4346487667061498,0.18854462011593232,3
A,K,0.25|wd0.0,end,fV_dc_share,20,-0.9197090092274488,5.992353938614266e-11,0.06483280176956908,0.0035798775121229794,3
A,K,0.25|wd0.0,end,fV_top1_share,20,-0.8134315237167213,2.7543313992102104e-06,0.03304067014524235,0.026962138989473992,3
A,K,0.25|wd0.0,end,fV_nfreq90,20,0.42426406871192857,0.06186319620022999,42.0,43.0,3
A,K,0.25|wd0.0,end,fV_freq_gini,20,-0.7153292293991268,0.00021339742200958477,0.10706666931495801,0.06447289880160267,3
A,K,0.25|wd0.0,end,fV_freq_eff_n,20,0.7643803765579241,3.3160671126457706e-05,47.13417618512573,47.6828196720206,3
A,K,0.25|wd0.0,end,fout_ipr,20,-0.83795709729612,5.540515972093562e-07,0.3213986675169899,0.1936173449444672,3
A,K,0.25|wd0.0,end,fout_dc_share,20,-0.7684679721544905,2.7718031575213304e-05,6.937022951082298e-05,4.265436138714306e-05,3
A,K,0.25|wd0.0,end,fout_top1_share,20,-0.7684679721544905,2.7718031575213304e-05,0.05553269567871844,0.029793551807386492,3
A,K,0.25|wd0.0,end,fout_nfreq90,20,0.02657283913407055,0.9127357937156622,42.0,42.0,3
A,K,0.25|wd0.0,end,fout_freq_gini,20,-0.31065726533904936,0.18529013505146946,0.15473449848687681,0.11497976547056343,3
A,K,0.25|wd0.0,end,fout_freq_eff_n,20,0.5804385747124342,0.0062545396368794215,45.10865360127158,46.92768699847924,3
A,K,0.25|wd0.0,end,fin_uv_agree_strong,20,-0.09472964969299971,0.6952392470958947,0.953125,0.94140625,3
A,K,0.25|wd0.0,end,fin_uvw_agree_strong,20,-0.045392193776612674,0.8514367824132482,0.9453125,0.921875,3
A,K,0.25|wd0.0,end,fin_n_unique_freq_strong,20,-0.47137727118721745,0.03482661430223079,48.0,47.5,3
A,K,0.25|wd0.0,end,clock_share,20,-0.9197090092274488,5.992353938614266e-11,0.9741745047962296,0.4826391067698106,3
A,K,0.25|wd0.0,end,clock_nfreq90,20,-0.9320546490018001,5.151878806866677e-12,44.0,31.0,3
A,K,0.25|wd0.0,end,clock_top1_share,20,0.9197090092274488,5.992353938614266e-11,0.021009021860001243,0.042889211620324275,3
A,K,0.25|wd0.0,end,clock_freq_gini,20,0.9197090092274488,5.992353938614266e-11,0.002738909004161627,0.38039752901557733,3
A,K,0.25|wd0.0,end,clock_restricted_loss_tr,20,0.9197090092274488,5.992353938614266e-11,0.0008503831923007965,0.004118152428418398,3
A,K,0.25|wd0.0,end,clock_excluded_loss_tr,20,-0.9197090092274488,5.992353938614266e-11,0.009340662509202957,0.007755808066576719,3
A,K,0.25|wd0.0,end,clock_excluded_acc_tr,20,-0.8955201606686658,2.302248688761342e-09,99.91496276855469,92.83588027954102,3
A,K,0.25|wd0.0,end,clock_restricted_loss_te,20,0.9197090092274488,5.992353938614266e-11,0.0008504579891450703,0.004118451499380171,3
A,K,0.25|wd0.0,end,clock_excluded_loss_te,20,0.9115338180343159,2.369781168569635e-10,0.00971374474465847,0.014807526022195816,3
A,K,0.25|wd0.0,end,clock_excluded_acc_te,20,-0.9197090092274488,5.992353938614266e-11,76.78900146484375,10.011336088180542,3
A,dirichlet,0.25|wd0.0,init,fn_loss_tr,35,0.6524771635677423,1.0333022922803486e-05,0.006272792350500822,0.006417630705982447,5
A,dirichlet,0.25|wd0.0,init,fn_acc_tr,35,-0.4353319265980736,0.008323014797866232,99.95748138427734,99.78741455078125,5
A,dirichlet,0.25|wd0.0,init,fn_margin_tr,35,-0.24096174070095575,0.16439960300668452,0.24272125959396362,0.23035700619220734,5
A,dirichlet,0.25|wd0.0,init,fn_entropy_tr,35,0.2941575767555919,0.08640790825581185,4.572630882263184,4.57274055480957,5
A,dirichlet,0.25|wd0.0,init,fn_loss_te,35,-0.1658889660724063,0.3435558439240406,0.014472019858658314,0.01436022762209177,5
A,dirichlet,0.25|wd0.0,init,fn_acc_te,35,0.30392754244433523,0.07583945965276837,0.226725235581398,0.2408955693244934,5
A,dirichlet,0.25|wd0.0,init,fn_margin_te,35,0.22463523437397023,0.19608914149839857,-0.18869252502918243,-0.18471750617027283,5
A,dirichlet,0.25|wd0.0,init,fn_entropy_te,35,0.18514388566987963,0.28934882641782456,4.572668075561523,4.572703838348389,5
A,dirichlet,0.25|wd0.0,init,fn_gap_loss,35,-0.19752157208094076,0.2575370202050975,0.008204875979572535,0.007939566392451525,5
A,dirichlet,0.25|wd0.0,init,fn_gap_acc,35,-0.49837742364707416,0.0019673344065194785,99.71658581495285,99.47566732764244,5
A,dirichlet,0.25|wd0.0,init,fn_class_acc_gini,35,-0.1470217391323414,0.4021700842579322,0.8887392902386626,0.8690023694581044,5
A,dirichlet,0.25|wd0.0,init,w_W1_fro,35,0.6533517978352592,9.929234771816138e-06,28.753559112548828,32.012489318847656,5
A,dirichlet,0.25|wd0.0,init,w_W1_spec,35,0.6094743120814857,6.187826199799079e-05,3.7567925453186035,4.207037448883057,5
A,dirichlet,0.25|wd0.0,init,w_W1_stable_rank,35,-0.27011621628485843,0.11714100662975079,58.54545211791992,58.293190002441406,5
A,dirichlet,0.25|wd0.0,init,w_W1_eff_rank,35,-0.5341099926970974,0.00074951524523606,170.4526916010819,170.1562210196747,5
A,dirichlet,0.25|wd0.0,init,w_W1_sv_gini,35,0.562389834013483,0.0003187326860454842,0.2844691259064742,0.28594976502583713,5
A,dirichlet,0.25|wd0.0,init,w_W1_entry_gini,35,0.48075730237855535,0.003036535565587724,0.39443936524423107,0.40199974008523043,5
A,dirichlet,0.25|wd0.0,init,w_W1_row_gini,35,0.5330895860516607,0.000771771375703255,0.01500738793900247,0.026151501064203053,5
A,dirichlet,0.25|wd0.0,init,w_W1_row_pr,35,-0.5412528392151534,0.000608865323796074,0.9992888169750441,0.997866237487862,5
A,dirichlet,0.25|wd0.0,init,w_W1_dist_init,35,0.6701156212960034,4.487085813953757e-06,19.159666061401367,21.512357711791992,5
A,dirichlet,0.25|wd0.0,init,w_W1_rel_dist_init,35,0.6571418796611667,8.339407898487679e-06,1.1947216081540635,1.3350307661422818,5
A,dirichlet,0.25|wd0.0,init,w_W1_cos_init,35,0.6190952890241735,4.2593405168356484e-05,0.7779060006141663,0.796437680721283,5
A,dirichlet,0.25|wd0.0,init,w_W2_fro,35,-0.7061213986421232,6.535919198605021e-07,16.39118766784668,13.409344673156738,5
A,dirichlet,0.25|wd0.0,init,w_W2_spec,35,-0.6364422019965957,2.09123522807661e-05,2.6341934204101562,2.2874679565429688,5
A,dirichlet,0.25|wd0.0,init,w_W2_stable_rank,35,-0.41107810573302794,0.01345384696680878,38.768985748291016,36.57122039794922,5
A,dirichlet,0.25|wd0.0,init,w_W2_eff_rank,35,-0.6642847261792229,5.954652423328001e-06,91.52946033840809,88.70706318053477,5
A,dirichlet,0.25|wd0.0,init,w_W2_sv_gini,35,0.6473751303405593,1.2999372405592355e-05,0.18932166837830455,0.2345867495604801,5
A,dirichlet,0.25|wd0.0,init,w_W2_entry_gini,35,0.22142824205974096,0.2027757451368699,0.4397001021622644,0.4427170624951009,5
A,dirichlet,0.25|wd0.0,init,w_W2_row_gini,35,0.30524735936346115,0.07449137519077244,0.09882349651217015,0.10277985655550426,5
A,dirichlet,0.25|wd0.0,init,w_W2_row_pr,35,-0.30131150515963434,0.0785667133124211,0.9699166056189061,0.9682706473469841,5
A,dirichlet,0.25|wd0.0,init,w_W2_dist_init,35,-0.7061213986421232,6.535919198605021e-07,16.375202178955078,13.399271011352539,5
A,dirichlet,0.25|wd0.0,init,w_W2_rel_dist_init,35,-0.6976666007227913,1.0587445174634288e-06,26.492112257851,21.67759444596803,5
A,dirichlet,0.25|wd0.0,init,w_W2_cos_init,35,-0.45131128203881365,0.005937974336889201,0.046870410442352295,0.043642912060022354,5
A,dirichlet,0.25|wd0.0,init,w_all_norm,35,0.6099116292152443,6.085551188771654e-05,33.09482966645896,34.70749194270385,5
A,dirichlet,0.25|wd0.0,init,w_all_rel_norm,35,0.6214276470708858,3.882114888653592e-05,2.062893397439093,2.152321815449499,5
A,dirichlet,0.25|wd0.0,init,w_all_dist_init,35,0.32580126465011255,0.055784372791410894,25.203968933207136,25.496957998754652,5
A,dirichlet,0.25|wd0.0,init,w_all_rel_dist_init,35,0.3925650137372497,0.01894426986190646,1.5699506224358517,1.5896525937496793,5
A,dirichlet,0.25|wd0.0,init,w_all_cos_init,35,0.6798823706166108,2.746242793738031e-06,0.6764247837922462,0.7346378068896945,5
A,dirichlet,0.25|wd0.0,init,rep_between_within_tr,35,-0.5507280437799218,0.00045832376540896875,0.13376355616865457,0.12433573850170052,5
A,dirichlet,0.25|wd0.0,init,rep_nc1_tr,35,0.6511652121664666,1.0966612968680437e-05,3.0082970503064934,3.5907227789388996,5
A,dirichlet,0.25|wd0.0,init,rep_eff_rank_te,35,-0.5205531615505826,0.0010963402822224304,247.15810734984595,246.0644200481079,5
A,dirichlet,0.25|wd0.0,init,rep_pr_te,35,-0.4918360031004384,0.0023183148005609345,193.1509678036815,186.8041030178815,5
A,dirichlet,0.25|wd0.0,init,rep_unit_gini_te,35,0.6069961816568541,6.797017884267243e-05,0.0594205307293747,0.10544186874004247,5
A,dirichlet,0.25|wd0.0,init,rep_unit_pr_te,35,-0.5983956113596027,9.349829674137251e-05,0.9890079011914845,0.9658100334453119,5
A,dirichlet,0.25|wd0.0,init,rep_between_within_te,35,-0.5206989339285021,0.00109197033382482,0.011921444606172366,0.011477009638676958,5
A,dirichlet,0.25|wd0.0,init,unit_interaction_share,35,-0.47813339957600415,0.0032322455194137723,0.5548562656165248,0.5284650228817208,5
A,dirichlet,0.25|wd0.0,init,unit_frac_interacting,35,-0.4774099185112559,0.003288076473482486,0.90234375,0.78515625,5
A,dirichlet,0.25|wd0.0,init,add_share_a,35,-0.6204072404254493,4.043291350041562e-05,0.11187429874659176,0.1033312247478209,5
A,dirichlet,0.25|wd0.0,init,add_share_b,35,-0.5887746344169149,0.00013192507513466628,0.11378972634244144,0.10456981326385055,5
A,dirichlet,0.25|wd0.0,init,add_share_interaction,35,0.622593826094242,3.7049997671167404e-05,0.7712227037834711,0.7920174480042058,5
A,dirichlet,0.25|wd0.0,init,add_acc_interaction_tr,35,-0.36681595323219984,0.029524421420068878,99.70237731933594,99.53231048583984,5
A,dirichlet,0.25|wd0.0,init,add_acc_additive_tr,35,-0.3613504979263359,0.03229254166341722,17.602039337158203,16.198978424072266,5
A,dirichlet,0.25|wd0.0,init,add_acc_no_a_tr,35,-0.44722556816198406,0.00648430315257745,99.87244415283203,99.7448959350586,5
A,dirichlet,0.25|wd0.0,init,add_acc_no_b_tr,35,-0.3822719614429439,0.02271969353829224,99.78741455078125,99.61734771728516,5
A,dirichlet,0.25|wd0.0,init,add_acc_interaction_te,35,-0.1446559401827933,0.40989521756247216,1.0202635526657104,0.9777526259422302,5
A,dirichlet,0.25|wd0.0,init,add_acc_additive_te,35,0.21208753851325224,0.2231333057554726,0.0,0.0,5
A,dirichlet,0.25|wd0.0,init,add_acc_no_a_te,35,0.2224696705953008,0.20058749576086113,0.453450471162796,0.4817911386489868,5
A,dirichlet,0.25|wd0.0,init,add_acc_no_b_te,35,0.12280769556304744,0.4850335963198518,0.453450471162796,0.453450471162796,5
A,dirichlet,0.25|wd0.0,init,circ_share_interaction_tr,35,0.567783411996505,0.0002680126002125918,0.8551712966590773,0.8703469556930354,5
A,dirichlet,0.25|wd0.0,init,circ_share_marginal_tr,35,-0.5759466651599976,0.0002047975347378054,0.2316625778071663,0.21660012954064498,5
A,dirichlet,0.25|wd0.0,init,circ_acc_interaction_tr,35,-0.3851051871444013,0.02162393223900478,99.65986013412476,99.48979616165161,5
A,dirichlet,0.25|wd0.0,init,circ_acc_marginal_tr,35,-0.2763399887451577,0.10850812127696041,16.836734116077423,15.858843922615051,5
A,dirichlet,0.25|wd0.0,init,circ_units_tr,35,-0.049271063736795545,0.780286958005026,248.84442138671875,248.51004028320312,5
A,dirichlet,0.25|wd0.0,init,circ_share_interaction_te,35,0.6192410614020931,4.2348336195910604e-05,0.7548140298079526,0.7798052389182917,5
A,dirichlet,0.25|wd0.0,init,circ_share_marginal_te,35,-0.6084539054360492,6.43248035087948e-05,0.22994938976207224,0.20836105401912453,5
A,dirichlet,0.25|wd0.0,init,circ_acc_interaction_te,35,-0.12357113872496622,0.4822957928743132,0.9919228963553905,0.9777526371181011,5
A,dirichlet,0.25|wd0.0,init,circ_acc_marginal_te,35,0.21208753851325224,0.2231333057554726,0.0,0.0,5
A,dirichlet,0.25|wd0.0,init,circ_units_te,35,-0.049271063736795545,0.780286958005026,248.84442138671875,248.51004028320312,5
A,dirichlet,0.25|wd0.0,init,sharp_lambda_max,35,0.6756549716569448,3.4056113278517003e-06,0.006165077444165945,0.009664731100201607,5
A,dirichlet,0.25|wd0.0,init,sharp_grad_norm,35,0.7365878256273015,9.591744395825597e-08,0.00010192859917879105,0.00013933118316344917,5
A,dirichlet,0.25|wd0.0,init,sharp_lr_lambda,35,0.6756549716569448,3.4056113278517003e-06,0.30825387220829725,0.48323655501008034,5
A,dirichlet,0.25|wd0.0,init,unit_fourier_sum_share,35,-0.5260925119115241,0.0009406062177661074,0.011432699728903517,0.010439773551756076,5
A,dirichlet,0.25|wd0.0,init,unit_fourier_diff_share,35,-0.5260925119115241,0.0009406062177661074,0.011432699497941788,0.010439773533969339,5
A,dirichlet,0.25|wd0.0,init,unit_fourier_marginal_share,35,0.47813339957600415,0.0032322455194137723,0.44514373527883616,0.47153497842975606,5
A,dirichlet,0.25|wd0.0,init,unit_fourier_other_share,35,-0.4655969750749259,0.004323935494913575,0.530843704161129,0.5075854744845185,5
A,dirichlet,0.25|wd0.0,init,unit_sum_freq_concentration,35,-0.5153053559454801,0.0012641710966097915,0.004888114245792136,0.004288640714463145,5
A,dirichlet,0.25|wd0.0,init,unit_n_distinct_sum_freqs,35,-0.21208753851325224,0.2231333057554726,48.0,48.0,5
A,dirichlet,0.25|wd0.0,init,fU_ipr,35,-0.4647223408074089,0.004410636439613449,0.025409439573023645,0.024693756545339875,5
A,dirichlet,0.25|wd0.0,init,fU_dc_share,35,0.5801740641196635,0.00017758425763495208,0.004483429754162199,0.005826812334517396,5
A,dirichlet,0.25|wd0.0,init,fU_top1_share,35,0.05947513019116149,0.7362377551629311,0.02438884759111228,0.024455847357050812,5
A,dirichlet,0.25|wd0.0,init,fU_freq_gini,35,0.018658864373697723,0.9159292981888134,0.03858199020503528,0.0389735537514333,5
A,dirichlet,0.25|wd0.0,init,fU_freq_eff_n,35,-0.017055368216583076,0.9231321394795222,47.882234941142165,47.882467333539665,5
A,dirichlet,0.25|wd0.0,init,fV_ipr,35,-0.49431413352507014,0.0021794639974208746,0.025842159510068838,0.024876299993536605,5
A,dirichlet,0.25|wd0.0,init,fV_dc_share,35,0.47011591879043085,0.003898805911564272,0.004824147849438214,0.005793424552106535,5
A,dirichlet,0.25|wd0.0,init,fV_top1_share,35,-0.15772571290891357,0.3682572433666003,0.02483002509975797,0.02455327057141387,5
A,dirichlet,0.25|wd0.0,init,fV_freq_gini,35,-0.29271093486238303,0.08806324895511236,0.04275930599330402,0.04176149896021464,5
A,dirichlet,0.25|wd0.0,init,fV_freq_eff_n,35,0.21559734694296043,0.2153289999727046,47.86085683941784,47.86234546615622,5
A,dirichlet,0.25|wd0.0,init,fout_ipr,35,-0.4160343665822914,0.012233181715262706,0.02569449448148716,0.02507514431299089,5
A,dirichlet,0.25|wd0.0,init,fout_dc_share,35,0.22390637248437265,0.19759533224554027,0.00018265554318056955,0.0001893005083883745,5
A,dirichlet,0.25|wd0.0,init,fout_top1_share,35,0.3023319118050709,0.07749414660670263,0.02350649073052264,0.02378469612646105,5
A,dirichlet,0.25|wd0.0,init,fout_freq_gini,35,0.2841103645651317,0.09840476033124357,0.030916461441390597,0.031215071937915173,5
A,dirichlet,0.25|wd0.0,init,fout_freq_eff_n,35,-0.3705533846714032,0.027744472805691565,47.928585211095125,47.921177977823525,5
A,dirichlet,0.25|wd0.0,init,fin_uv_agree_strong,35,-0.18581428055797727,0.2875649485016124,0.515625,0.5078125,5
A,dirichlet,0.25|wd0.0,init,fin_uvw_agree_strong,35,-0.19515802290117057,0.2634280437766948,0.40625,0.3984375,5
A,dirichlet,0.25|wd0.0,init,fin_n_unique_freq_strong,35,0.22754680465996513,0.190151223062768,45.0,46.0,5
A,dirichlet,0.25|wd0.0,init,clock_share,35,-0.5412528392151534,0.000608865323796074,0.019147751743973426,0.018291401276212264,5
A,dirichlet,0.25|wd0.0,init,clock_nfreq90,35,0.09917076039083558,0.5735407319730172,40.0,40.0,5
A,dirichlet,0.25|wd0.0,init,clock_top1_share,35,-0.03600577734611982,0.8385351748938836,0.04487523827746563,0.04515212314703065,5
A,dirichlet,0.25|wd0.0,init,clock_freq_gini,35,-0.4148681875589353,0.012511745468718008,0.20265995899060418,0.18988663471256495,5
A,dirichlet,0.25|wd0.0,init,clock_key_jaccard_final,35,-0.15165351775410452,0.3872853499218454,0.7708333333333334,0.782608695652174,5
A,dirichlet,0.25|wd0.0,init,clock_restricted_loss_tr,35,0.6756549716569448,3.4056113278517003e-06,0.008679731748998165,0.008954028598964214,5
A,dirichlet,0.25|wd0.0,init,clock_excluded_loss_tr,35,0.07507277462854943,0.6704895197301923,0.0073629929684102535,0.007362328469753265,5
A,dirichlet,0.25|wd0.0,init,clock_excluded_acc_tr,35,-0.11393228876452052,0.5174320260847861,98.59693908691406,98.17176818847656,5
A,dirichlet,0.25|wd0.0,init,clock_restricted_loss_te,35,0.6756549716569448,3.4056113278517003e-06,0.008679929189383984,0.008954319171607494,5
A,dirichlet,0.25|wd0.0,init,clock_excluded_loss_te,35,-0.33935809579662735,0.04561429947564023,0.016150828450918198,0.01586303487420082,5
A,dirichlet,0.25|wd0.0,init,clock_excluded_acc_te,35,0.3439663314132713,0.042513481161760666,0.014170327223837376,0.02834065444767475,5
A,dirichlet,0.25|wd0.0,cross,fn_loss_tr,29,0.13551184248196965,0.4868959294382109,0.0027748229913413525,0.002797966357320547,5
A,dirichlet,0.25|wd0.0,cross,fn_margin_tr,29,-0.1043389661695774,0.593362434751011,0.6290730834007263,0.6250161528587341,5
A,dirichlet,0.25|wd0.0,cross,fn_entropy_tr,29,0.1726101415644861,0.3739798580037653,4.569121360778809,4.56917142868042,5
A,dirichlet,0.25|wd0.0,cross,fn_loss_te,29,-0.2035253907999164,0.29258115443428206,0.012539070099592209,0.011369011364877224,5
A,dirichlet,0.25|wd0.0,cross,fn_acc_te,29,0.10717286401615851,0.5832914187585969,88.6353988647461,95.39464569091797,5
A,dirichlet,0.25|wd0.0,cross,fn_margin_te,29,0.16230505848600932,0.40372849824090995,0.13860201835632324,0.1962733417749405,5
A,dirichlet,0.25|wd0.0,cross,fn_entropy_te,29,0.0937762560141387,0.6315288680788961,4.569321632385254,4.569339752197266,5
A,dirichlet,0.25|wd0.0,cross,fn_gap_loss,29,-0.2733423286565966,0.15267835611402836,0.00955579080618918,0.008493085158988833,5
A,dirichlet,0.25|wd0.0,cross,fn_gap_acc,29,-0.10717286401615851,0.5832914187585969,11.364601135253906,4.605354309082031,5
A,dirichlet,0.25|wd0.0,cross,fn_class_acc_gini,29,-0.04482711139137399,0.8190806378075131,0.04718682124973839,0.027291280733669154,5
A,dirichlet,0.25|wd0.0,cross,w_W1_fro,29,0.4529084012990545,0.012769909640941678,35.55035400390625,39.36757278442383,5
A,dirichlet,0.25|wd0.0,cross,w_W1_spec,29,0.31765418589404676,0.0933939108200938,5.434633255004883,5.664685249328613,5
A,dirichlet,0.25|wd0.0,cross,w_W1_stable_rank,29,0.18935590156701085,0.3284087067168774,43.41096878051758,46.77537155151367,5
A,dirichlet,0.25|wd0.0,cross,w_W1_eff_rank,29,-0.4696541613015792,0.009360596480700274,169.05060761868612,167.97858311856632,5
A,dirichlet,0.25|wd0.0,cross,w_W1_sv_gini,29,0.46295585730056943,0.010620297821313206,0.2935360013784094,0.29982963855009515,5
A,dirichlet,0.25|wd0.0,cross,w_W1_entry_gini,29,0.4274033206798245,0.01986964874886326,0.36972411772069447,0.3807242410264686,5
A,dirichlet,0.25|wd0.0,cross,w_W1_row_gini,29,0.43178298098817713,0.01846364712021931,0.05021268983665528,0.08819234360451622,5
A,dirichlet,0.25|wd0.0,cross,w_W1_row_pr,29,-0.39648807144439413,0.0324428521887834,0.9855187713849157,0.9730425261133534,5
A,dirichlet,0.25|wd0.0,cross,w_W1_dist_init,29,0.43410162468083435,0.017752680616818655,33.02876281738281,37.6578254699707,5
A,dirichlet,0.25|wd0.0,cross,w_W1_rel_dist_init,29,0.44002704745095855,0.01603644178639479,2.066825830918676,2.356496573846846,5
A,dirichlet,0.25|wd0.0,cross,w_W1_cos_init,29,-0.3568135015922585,0.05702674755657539,0.37695419788360596,0.3453676700592041,5
A,dirichlet,0.25|wd0.0,cross,w_W2_fro,29,-0.3702101095942783,0.04749957363061858,20.79717254638672,19.973676681518555,5
A,dirichlet,0.25|wd0.0,cross,w_W2_spec,29,-0.23959318157458517,0.21279852421480147,3.5419764518737793,3.416576862335205,5
A,dirichlet,0.25|wd0.0,cross,w_W2_stable_rank,29,-0.36943722836339254,0.04801303651083088,33.982547760009766,33.15414810180664,5
A,dirichlet,0.25|wd0.0,cross,w_W2_eff_rank,29,-0.5654914339314133,0.0010838419782879078,92.25915925201708,91.49707437400528,5
A,dirichlet,0.25|wd0.0,cross,w_W2_sv_gini,29,0.5675524505471087,0.0010260547325754168,0.17308737044622835,0.18837632670908722,5
A,dirichlet,0.25|wd0.0,cross,w_W2_entry_gini,29,0.3990643422140133,0.031199650112091307,0.4106412421308918,0.429655342917044,5
A,dirichlet,0.25|wd0.0,cross,w_W2_row_gini,29,0.19759996802979227,0.30725639315046427,0.08247768611541106,0.08389115697176952,5
A,dirichlet,0.25|wd0.0,cross,w_W2_row_pr,29,-0.18677963079739165,0.33519334121711664,0.9795970464145092,0.9787976334739421,5
A,dirichlet,0.25|wd0.0,cross,w_W2_dist_init,29,-0.3702101095942783,0.04749957363061858,20.79047966003418,19.97262954711914,5
A,dirichlet,0.25|wd0.0,cross,w_W2_rel_dist_init,29,-0.3568135015922585,0.05702674755657539,33.62451568037358,32.40694171849332,5
A,dirichlet,0.25|wd0.0,cross,w_W2_cos_init,29,-0.42353891452539566,0.021181138534431945,0.022973481565713882,0.014985269866883755,5
A,dirichlet,0.25|wd0.0,cross,w_all_norm,29,0.40241349421451833,0.029640489264799192,41.200692300256385,43.974888450390594,5
A,dirichlet,0.25|wd0.0,cross,w_all_rel_norm,29,0.41323383144691894,0.025023276488783917,2.576281712389208,2.7416915966379434,5
A,dirichlet,0.25|wd0.0,cross,w_all_dist_init,29,0.34496265605201026,0.06662550358254381,39.04466285499006,41.72199758765886,5
A,dirichlet,0.25|wd0.0,cross,w_all_rel_dist_init,29,0.3702101095942783,0.04749957363061858,2.441465064388909,2.6012311619636828,5
A,dirichlet,0.25|wd0.0,cross,w_all_cos_init,29,-0.1401491298672842,0.4719204313113411,0.3253674875790309,0.317902573322668,5
A,dirichlet,0.25|wd0.0,cross,rep_between_within_tr,29,-0.13602709663589352,0.48522037102138427,0.319204407818977,0.31825894161624485,5
A,dirichlet,0.25|wd0.0,cross,rep_nc1_tr,29,0.3279592689725236,0.08248971127688555,1.0437038720835623,1.8914049798743597,5
A,dirichlet,0.25|wd0.0,cross,rep_eff_rank_te,29,-0.3472812997446675,0.06465676382812997,239.94897510456346,232.59171986620885,5
A,dirichlet,0.25|wd0.0,cross,rep_pr_te,29,-0.26071860188546253,0.17356976794323523,115.65030798756806,111.60810656609027,5
A,dirichlet,0.25|wd0.0,cross,rep_unit_gini_te,29,0.37149824497908795,0.0466533210844429,0.210950318336117,0.35223888595037534,5
A,dirichlet,0.25|wd0.0,cross,rep_unit_pr_te,29,-0.3781965489800978,0.04244069994972609,0.6862353955974603,0.5875267643816954,5
A,dirichlet,0.25|wd0.0,cross,rep_between_within_te,29,-0.10485422032350124,0.5915258816319744,0.17104106206566308,0.17661299343987405,5
A,dirichlet,0.25|wd0.0,cross,unit_interaction_share,29,-0.30245418835329346,0.11138262205507285,0.6415048283170682,0.62525954374906,5
A,dirichlet,0.25|wd0.0,cross,unit_frac_interacting,29,-0.3812304219841056,0.04063366424739862,0.9296875,0.83203125,5
A,dirichlet,0.25|wd0.0,cross,add_share_a,29,-0.3367185895892288,0.07399739840892247,0.04530326716959865,0.03963963306092804,5
A,dirichlet,0.25|wd0.0,cross,add_share_b,29,-0.393654173597813,0.0338554890520615,0.046144260445371656,0.04059940079806083,5
A,dirichlet,0.25|wd0.0,cross,add_share_interaction,29,0.29549825727532175,0.12040904464009039,0.9081638417902863,0.9156153776116777,5
A,dirichlet,0.25|wd0.0,cross,add_acc_additive_tr,29,-0.43429383656744697,0.017694756558720014,9.821428298950195,8.205781936645508,5
A,dirichlet,0.25|wd0.0,cross,add_acc_interaction_te,29,0.0690525611594999,0.7243421519758133,94.61527252197266,97.7894287109375,5
A,dirichlet,0.25|wd0.0,cross,add_acc_additive_te,29,0.4059576637218662,0.028058875051496058,0.0850219652056694,0.184214249253273,5
A,dirichlet,0.25|wd0.0,cross,add_acc_no_a_te,29,0.09583727262983406,0.6240061423177224,91.93708038330078,96.59912872314453,5
A,dirichlet,0.25|wd0.0,cross,add_acc_no_b_te,29,0.09532201847591021,0.6258834706523422,91.3561019897461,96.6274642944336,5
A,dirichlet,0.25|wd0.0,cross,circ_share_interaction_tr,29,0.1329355717123505,0.4953168191862038,0.9876373454707238,0.9909749563237228,5
A,dirichlet,0.25|wd0.0,cross,circ_share_marginal_tr,29,-0.20172200126118298,0.29700067085084003,0.11665138739993143,0.10380468116292922,5
A,dirichlet,0.25|wd0.0,cross,circ_acc_marginal_tr,29,-0.3358121727456461,0.07484412878920371,8.971088379621506,7.2278909385204315,5
A,dirichlet,0.25|wd0.0,cross,circ_units_tr,29,-0.010047456001514861,0.9591391403639186,63.44505310058594,63.32088088989258,5
A,dirichlet,0.25|wd0.0,cross,circ_share_interaction_te,29,0.37536265113351674,0.04418496929881407,0.9005054443537092,0.9098073763026917,5
A,dirichlet,0.25|wd0.0,cross,circ_share_marginal_te,29,-0.30013554466063624,0.11433467269111627,0.09629778021284897,0.08871544474953902,5
A,dirichlet,0.25|wd0.0,cross,circ_acc_interaction_te,29,0.07625761478072818,0.6968357279923649,94.28936243057251,97.5201964378357,5
A,dirichlet,0.25|wd0.0,cross,circ_acc_marginal_te,29,0.4513974894462139,0.013122091858330742,0.11336262105032802,0.2125549130141735,5
A,dirichlet,0.25|wd0.0,cross,circ_units_te,29,-0.010047456001514861,0.9591391403639186,63.44505310058594,63.32088088989258,5
A,dirichlet,0.25|wd0.0,cross,sharp_lambda_max,29,0.3879863779046508,0.03682686657174179,0.015136581845581532,0.025515558198094368,5
A,dirichlet,0.25|wd0.0,cross,sharp_grad_norm,29,0.4083389169846424,0.02703465592302836,6.926948117325082e-05,0.0003547343658283353,5
A,dirichlet,0.25|wd0.0,cross,sharp_lr_lambda,29,0.3879863779046508,0.03682686657174179,0.7568290922790766,1.2757779099047184,5
A,dirichlet,0.25|wd0.0,cross,unit_fourier_sum_share,29,-0.10021693293818669,0.6081407337775435,0.15106560163858945,0.15340371535697378,5
A,dirichlet,0.25|wd0.0,cross,unit_fourier_diff_share,29,-0.10021693293818669,0.6081407337775435,0.15106560470390684,0.1534037123612789,5
A,dirichlet,0.25|wd0.0,cross,unit_fourier_marginal_share,29,0.30245418835329346,0.11138262205507285,0.35849517135063813,0.3747404577541267,5
A,dirichlet,0.25|wd0.0,cross,unit_fourier_other_share,29,-0.23186436926572754,0.2285205337504264,0.3393736223068655,0.31426525257127214,5
A,dirichlet,0.25|wd0.0,cross,unit_sum_freq_concentration,29,-0.10021693293818669,0.6081407337775435,0.14765397905258848,0.15019844151289924,5
A,dirichlet,0.25|wd0.0,cross,unit_n_distinct_sum_freqs,29,-0.08269086753831253,0.6725817691172402,48.0,48.0,5
A,dirichlet,0.25|wd0.0,cross,fU_ipr,29,0.18600674956650587,0.33724487542744086,0.14579613669279795,0.1647105701767158,5
A,dirichlet,0.25|wd0.0,cross,fU_dc_share,29,0.12726777601918823,0.5140922336221433,0.004739736051511088,0.004870805135569117,5
A,dirichlet,0.25|wd0.0,cross,fU_top1_share,29,-0.06930168370275634,0.7233853577303719,0.03435731535021655,0.031111993257077315,5
A,dirichlet,0.25|wd0.0,cross,fU_nfreq90,29,-0.301795578620014,0.11221542736423626,42.0,42.0,5
A,dirichlet,0.25|wd0.0,cross,fU_freq_gini,29,0.25711182280799566,0.17988473020048848,0.10809207304953894,0.11619914641805651,5
A,dirichlet,0.25|wd0.0,cross,fU_freq_eff_n,29,-0.2632948726550817,0.16915398837059256,47.13938208754816,46.98331446269223,5
A,dirichlet,0.25|wd0.0,cross,fV_ipr,29,0.19734234095283035,0.3079044813831853,0.14584618961642437,0.16377830135452826,5
A,dirichlet,0.25|wd0.0,cross,fV_dc_share,29,0.16488132925562848,0.396171521613694,0.0052074035640616995,0.004966279224123422,5
A,dirichlet,0.25|wd0.0,cross,fV_top1_share,29,-0.10150506832299629,0.6035062529468387,0.033414595364485815,0.03043365631903743,5
A,dirichlet,0.25|wd0.0,cross,fV_nfreq90,29,-0.40830329191786313,0.027049755128537207,42.0,42.0,5
A,dirichlet,0.25|wd0.0,cross,fV_freq_gini,29,0.18136946218119135,0.34971004313165965,0.11722773338869485,0.11910113630355146,5
A,dirichlet,0.25|wd0.0,cross,fV_freq_eff_n,29,-0.2179525071097839,0.2587034863362986,47.001382578493406,46.95671937413246,5
A,dirichlet,0.25|wd0.0,cross,fout_ipr,29,-0.003864406154428793,0.984278877250957,0.14172670472645021,0.1409484219841944,5
A,dirichlet,0.25|wd0.0,cross,fout_dc_share,29,-0.11850845540248298,0.5437647227250492,5.8206055622557915e-05,5.664037464259484e-05,5
A,dirichlet,0.25|wd0.0,cross,fout_top1_share,29,0.24088131695939474,0.2102502667555921,0.026831805749318656,0.02825687999328902,5
A,dirichlet,0.25|wd0.0,cross,fout_nfreq90,29,-0.2622082277972382,0.17100691260285084,42.0,42.0,5
A,dirichlet,0.25|wd0.0,cross,fout_freq_gini,29,0.20301013664599257,0.2938396862678566,0.08752386057915773,0.09126769605791263,5
A,dirichlet,0.25|wd0.0,cross,fout_freq_eff_n,29,-0.18162708925815327,0.34901053560942097,47.421692474945445,47.3855089466456,5
A,dirichlet,0.25|wd0.0,cross,fin_uv_agree_strong,29,-0.1609132488156887,0.4078440177393131,0.90625,0.90625,5
A,dirichlet,0.25|wd0.0,cross,fin_uvw_agree_strong,29,-0.17721296062862144,0.36110906253542246,0.875,0.8515625,5
A,dirichlet,0.25|wd0.0,cross,fin_n_unique_freq_strong,29,-0.00838578160902983,0.9658926378202473,48.0,48.0,5
A,dirichlet,0.25|wd0.0,cross,clock_share,29,0.24371521480597585,0.20471620638910226,0.29087228483696626,0.3513124191966333,5
A,dirichlet,0.25|wd0.0,cross,clock_nfreq90,29,-0.44609426475982045,0.014421935524046766,30.0,29.0,5
A,dirichlet,0.25|wd0.0,cross,clock_top1_share,29,-0.20738979695434523,0.2832489978395455,0.06335440007228661,0.05548363016228314,5
A,dirichlet,0.25|wd0.0,cross,clock_freq_gini,29,0.23778979203585174,0.21640059469985856,0.46075081177907173,0.47348030995389645,5
A,dirichlet,0.25|wd0.0,cross,clock_key_jaccard_final,29,0.17688893578332784,0.3620066299183199,0.6086956521739131,0.6590909090909091,5
A,dirichlet,0.25|wd0.0,cross,clock_restricted_loss_tr,29,0.035810163697706815,0.8550531617388226,0.003798306919634342,0.0036849931348115206,5
A,dirichlet,0.25|wd0.0,cross,clock_excluded_loss_tr,29,0.44852874099070184,0.013812726529154747,0.007410045247524977,0.007842847146093845,5
A,dirichlet,0.25|wd0.0,cross,clock_excluded_acc_tr,29,-0.4922571570717333,0.005985949879850969,96.93877410888672,93.11224365234375,5
A,dirichlet,0.25|wd0.0,cross,clock_restricted_loss_te,29,0.035810163697706815,0.8550531617388226,0.0037986075039952993,0.003685314441099763,5
A,dirichlet,0.25|wd0.0,cross,clock_excluded_loss_te,29,-0.3503728246682105,0.062101328317611365,0.019413022324442863,0.018459588289260864,5
A,dirichlet,0.25|wd0.0,cross,clock_excluded_acc_te,29,0.1452265229026643,0.4557968488296675,0.8927305936813354,0.8360493183135986,5
A,dirichlet,0.25|wd0.0,end,fn_loss_tr,30,0.5291056528654411,0.0022131778998713413,1.0811844731506426e-05,0.0001805033243726939,5
A,dirichlet,0.25|wd0.0,end,fn_acc_tr,30,-0.26855316483692027,0.15256757171282784,100.0,100.0,5
A,dirichlet,0.25|wd0.0,end,fn_margin_tr,30,-0.5430294858355843,0.001569277708156907,0.9908900856971741,0.9473464787006378,5
A,dirichlet,0.25|wd0.0,end,fn_entropy_tr,30,0.5479637833554505,0.001383561283685046,4.5647687911987305,4.565222501754761,5
A,dirichlet,0.25|wd0.0,end,fn_loss_te,30,0.39334828140654504,0.03074739162341731,0.0004420573532115668,0.001322853728197515,5
A,dirichlet,0.25|wd0.0,end,fn_acc_te,30,-0.10622814430557315,0.579532274798096,100.0,100.0,5
A,dirichlet,0.25|wd0.0,end,fn_margin_te,30,-0.5061313284647049,0.003768304056220278,0.9764466285705566,0.8768065571784973,5
A,dirichlet,0.25|wd0.0,end,fn_entropy_te,30,0.5736619183698992,0.0006915678457199529,4.564610481262207,4.56540060043335,5
A,dirichlet,0.25|wd0.0,end,fn_gap_loss,30,0.3286024580953792,0.07618848703427468,0.00043167901094420813,0.0011423504038248211,5
A,dirichlet,0.25|wd0.0,end,fn_gap_acc,30,0.10622814430557315,0.579532274798096,0.0,0.0,5
A,dirichlet,0.25|wd0.0,end,fn_class_acc_gini,30,0.10622814430557315,0.579532274798096,0.0,0.0,5
A,dirichlet,0.25|wd0.0,end,w_W1_fro,30,-0.0856315727663806,0.6555632255804871,41.19207763671875,41.16024398803711,5
A,dirichlet,0.25|wd0.0,end,w_W1_spec,30,-0.26594520972973484,0.15679680643951516,9.656997680664062,8.396516799926758,5
A,dirichlet,0.25|wd0.0,end,w_W1_stable_rank,30,0.332083416337915,0.07288565980674908,17.86160659790039,24.375359535217285,5
A,dirichlet,0.25|wd0.0,end,w_W1_eff_rank,30,0.24854041851705586,0.18714329781100475,162.02859108937696,163.97540071325267,5
A,dirichlet,0.25|wd0.0,end,w_W1_sv_gini,30,-0.23670516049243417,0.20993948581885563,0.33407038364601815,0.32348669893021065,5
A,dirichlet,0.25|wd0.0,end,w_W1_entry_gini,30,0.04525245715296536,0.8139763865231436,0.41128897868935943,0.41582011501317806,5
A,dirichlet,0.25|wd0.0,end,w_W1_row_gini,30,0.05221437363803695,0.7859597342079041,0.10050256555166337,0.09815111309959001,5
A,dirichlet,0.25|wd0.0,end,w_W1_row_pr,30,-0.06961916485071594,0.7170995041843191,0.9662649707967095,0.9675464444010127,5
A,dirichlet,0.25|wd0.0,end,w_W1_dist_init,30,-0.126706880028303,0.5080058362802056,41.58756637573242,41.430044174194336,5
A,dirichlet,0.25|wd0.0,end,w_W1_rel_dist_init,30,-0.10373255562756674,0.5885378565544329,2.5947785641658383,2.5849502604791446,5
A,dirichlet,0.25|wd0.0,end,w_W1_cos_init,30,0.3369567578774651,0.06844595983215179,0.16975049674510956,0.19150909781455994,5
A,dirichlet,0.25|wd0.0,end,w_W2_fro,30,-0.22765466906184106,0.22858027083445892,24.95698356628418,24.795199394226074,5
A,dirichlet,0.25|wd0.0,end,w_W2_spec,30,-0.25828710159615614,0.16969061045805733,5.438405990600586,5.247861623764038,5
A,dirichlet,0.25|wd0.0,end,w_W2_stable_rank,30,0.24157850203198425,0.20033751641197803,21.020448684692383,22.785962104797363,5
A,dirichlet,0.25|wd0.0,end,w_W2_eff_rank,30,-0.010442874727607389,0.9567242403814874,89.66052824171467,89.46497570512886,5
A,dirichlet,0.25|wd0.0,end,w_W2_sv_gini,30,0.04037911561341524,0.8337221635043566,0.2135663322515171,0.22108197977772348,5
A,dirichlet,0.25|wd0.0,end,w_W2_entry_gini,30,0.48524557900949,0.005904473497224954,0.36185432233536297,0.39590418346959455,5
A,dirichlet,0.25|wd0.0,end,w_W2_row_gini,30,0.04386007385595104,0.8196074184389698,0.01957928103318629,0.021709302294607546,5
A,dirichlet,0.25|wd0.0,end,w_W2_row_pr,30,-0.03063243253431501,0.8734950726057606,0.9987779953440318,0.9984916825645824,5
A,dirichlet,0.25|wd0.0,end,w_W2_dist_init,30,-0.22765466906184106,0.22858027083445892,24.959657669067383,24.800183296203613,5
A,dirichlet,0.25|wd0.0,end,w_W2_rel_dist_init,30,-0.23183181895288407,0.21984562822866183,40.380206953185784,40.23997405008434,5
A,dirichlet,0.25|wd0.0,end,w_W2_cos_init,30,0.045948648801472515,0.8111641871986311,0.00460383016616106,0.005992662627249956,5
A,dirichlet,0.25|wd0.0,end,w_all_norm,30,-0.34391867436253676,0.06246547510894053,48.150650555752804,47.504270006051186,5
A,dirichlet,0.25|wd0.0,end,w_all_rel_norm,30,-0.3084129002886715,0.09762380815845617,3.0020368135848,2.961737083811832,5
A,dirichlet,0.25|wd0.0,end,w_all_dist_init,30,-0.45461314647517503,0.01081213925675829,48.49189566542684,47.74113682726892,5
A,dirichlet,0.25|wd0.0,end,w_all_rel_dist_init,30,-0.3613234655752157,0.04926837640236982,3.0233123388346828,2.9765049614833723,5
A,dirichlet,0.25|wd0.0,end,w_all_cos_init,30,0.380120640084909,0.03757108546176139,0.1452026729788534,0.1654899386227081,5
A,dirichlet,0.25|wd0.0,end,rep_between_within_tr,30,-0.27012235962077785,0.15006201955984533,0.4406286737337635,0.3150863898494418,5
A,dirichlet,0.25|wd0.0,end,rep_nc1_tr,30,0.35505774073865126,0.05374179485009609,0.8388415731759885,1.6247020580886065,5
A,dirichlet,0.25|wd0.0,end,rep_eff_rank_te,30,-0.192148894987976,0.312015304775576,217.00899204945907,216.61315503755878,5
A,dirichlet,0.25|wd0.0,end,rep_pr_te,30,-0.25132518511108454,0.18203630539404408,82.7494983063686,82.63151192354684,5
A,dirichlet,0.25|wd0.0,end,rep_unit_gini_te,30,0.2297432440073626,0.22418475272966923,0.3503469071876928,0.3766637497049189,5
A,dirichlet,0.25|wd0.0,end,rep_unit_pr_te,30,-0.3070205169916572,0.09925167006339283,0.5975616184789685,0.526948471890361,5
A,dirichlet,0.25|wd0.0,end,rep_between_within_te,30,-0.3286024580953792,0.07618848703427468,0.38544973145557543,0.2391467575427205,5
A,dirichlet,0.25|wd0.0,end,unit_interaction_share,30,-0.21094606949766928,0.2657880659046341,0.5676751620079408,0.4878922394881302,5
A,dirichlet,0.25|wd0.0,end,unit_frac_interacting,30,-0.12450514888841997,0.5154842070971667,0.55859375,0.5305936932563782,5
A,dirichlet,0.25|wd0.0,end,add_share_a,30,0.36550061546625867,0.046451241984214735,0.0013155086691147074,0.005273492853401912,5
A,dirichlet,0.25|wd0.0,end,add_share_b,30,0.4253730972378743,0.018261693533831506,0.0009381195705661857,0.004475631969240131,5
A,dirichlet,0.25|wd0.0,end,add_share_interaction,30,-0.4448664633960748,0.012946962861544398,0.9977231055408988,0.9889987620069529,5
A,dirichlet,0.25|wd0.0,end,add_acc_interaction_tr,30,-0.26855316483692027,0.15256757171282784,100.0,100.0,5
A,dirichlet,0.25|wd0.0,end,add_acc_additive_tr,30,0.44720383047794676,0.012405785533037882,1.2755101919174194,2.3809523582458496,5
A,dirichlet,0.25|wd0.0,end,add_acc_no_a_tr,30,-0.26855316483692027,0.15256757171282784,100.0,100.0,5
A,dirichlet,0.25|wd0.0,end,add_acc_no_b_tr,30,-0.26855316483692027,0.15256757171282784,100.0,100.0,5
A,dirichlet,0.25|wd0.0,end,add_acc_interaction_te,30,-0.10622814430557315,0.579532274798096,100.0,100.0,5
A,dirichlet,0.25|wd0.0,end,add_acc_additive_te,30,-0.38628854819495245,0.03425393966187517,1.0344339609146118,0.9706674218177795,5
A,dirichlet,0.25|wd0.0,end,add_acc_no_a_te,30,-0.10622814430557315,0.579532274798096,100.0,100.0,5
A,dirichlet,0.25|wd0.0,end,add_acc_no_b_te,30,-0.10622814430557315,0.579532274798096,100.0,100.0,5
A,dirichlet,0.25|wd0.0,end,circ_share_interaction_tr,30,-0.47062555439083975,0.007940794198576533,1.1400019237084271,1.091608354906469,5
A,dirichlet,0.25|wd0.0,end,circ_share_marginal_tr,30,-0.2346165855469127,0.2141476025596743,0.14285994014780695,0.1332542466821761,5
A,dirichlet,0.25|wd0.0,end,circ_acc_interaction_tr,30,-0.26855316483692027,0.15256757171282784,100.0,100.0,5
A,dirichlet,0.25|wd0.0,end,circ_acc_marginal_tr,30,0.24944406975205907,0.18547545445445066,1.19047611951828,1.5306122601032257,5
A,dirichlet,0.25|wd0.0,end,circ_units_tr,30,0.32512149985284344,0.0796034597028807,62.65847396850586,83.55292129516602,5
A,dirichlet,0.25|wd0.0,end,circ_share_interaction_te,30,-0.4887265372520258,0.005490530985968162,1.1328480343289122,1.0757889553458093,5
A,dirichlet,0.25|wd0.0,end,circ_share_marginal_te,30,-0.39961400624310944,0.027880970272956166,0.14095197711094562,0.10777897606073952,5
A,dirichlet,0.25|wd0.0,end,circ_acc_interaction_te,30,-0.3862841611111751,0.03425621340317904,100.0,100.0,5
A,dirichlet,0.25|wd0.0,end,circ_acc_marginal_te,30,-0.0752808667565467,0.6951229922521994,1.1194558814167976,0.9706674609333277,5
A,dirichlet,0.25|wd0.0,end,circ_units_te,30,0.32512149985284344,0.0796034597028807,62.65847396850586,83.55292129516602,5
A,dirichlet,0.25|wd0.0,end,sharp_lambda_max,30,-0.20119938641856905,0.2891797460741605,0.032614972442388535,0.030684596858918667,5
A,dirichlet,0.25|wd0.0,end,sharp_grad_norm,30,0.2520213767595917,0.18077469073408794,1.0100779945787508e-05,0.00038237411354202777,5
A,dirichlet,0.25|wd0.0,end,sharp_lr_lambda,30,-0.20119938641856905,0.2891797460741605,1.6307486221194267,1.5342298429459333,5
A,dirichlet,0.25|wd0.0,end,unit_fourier_sum_share,30,-0.3167672000707575,0.08826981539970791,0.2771236318611389,0.19260227583775194,5
A,dirichlet,0.25|wd0.0,end,unit_fourier_diff_share,30,-0.3167672000707575,0.08826981539970791,0.2771236404233742,0.19260227475449027,5
A,dirichlet,0.25|wd0.0,end,unit_fourier_marginal_share,30,0.21094606949766928,0.2657880659046341,0.43232483417375117,0.5121077614736882,5
A,dirichlet,0.25|wd0.0,end,unit_fourier_other_share,30,0.5047389451676906,0.003886681411883605,0.01394649588736896,0.06309878762589777,5
A,dirichlet,0.25|wd0.0,end,unit_sum_freq_concentration,30,-0.3167672000707575,0.08826981539970791,0.2770152535501744,0.19159282103533076,5
A,dirichlet,0.25|wd0.0,end,unit_n_distinct_sum_freqs,30,-0.24625615270837412,0.1914050169184915,48.0,48.0,5
A,dirichlet,0.25|wd0.0,end,fU_ipr,30,-0.5186627781378338,0.002833608321887018,0.4191079669521941,0.3437944713191832,5
A,dirichlet,0.25|wd0.0,end,fU_dc_share,30,-0.2568947182991418,0.17211184899039586,0.051811986659283986,0.042361397889978,5
A,dirichlet,0.25|wd0.0,end,fU_top1_share,30,0.24088231038347713,0.2016906900075433,0.032294380989394474,0.033392785129990804,5
A,dirichlet,0.25|wd0.0,end,fU_nfreq90,30,0.07612766656691003,0.6918558494943546,42.0,42.0,5
A,dirichlet,0.25|wd0.0,end,fU_freq_gini,30,-0.2937928756700212,0.11573274976465359,0.10326696052440076,0.09487601335760787,5
A,dirichlet,0.25|wd0.0,end,fU_freq_eff_n,30,0.20676891960662633,0.2756605282087191,47.16845101914999,47.2605466928803,5
A,dirichlet,0.25|wd0.0,end,fV_ipr,30,-0.4058797310796739,0.025232890965571384,0.4399934417642018,0.3406367246990762,5
A,dirichlet,0.25|wd0.0,end,fV_dc_share,30,-0.34183009941701525,0.06421577603413121,0.06042666410073391,0.03670269445111188,5
A,dirichlet,0.25|wd0.0,end,fV_top1_share,30,-0.349488207550594,0.05797704271030781,0.03286467843341821,0.031750017110016834,5
A,dirichlet,0.25|wd0.0,end,fV_nfreq90,30,0.10164907411100971,0.5961018049541913,42.0,42.0,5
A,dirichlet,0.25|wd0.0,end,fV_freq_gini,30,-0.2680337846752563,0.15340333970160083,0.12252182585417093,0.09461609634032953,5
A,dirichlet,0.25|wd0.0,end,fV_freq_eff_n,30,0.2722109345662993,0.14677252607048777,46.822030172337676,47.317245009024745,5
A,dirichlet,0.25|wd0.0,end,fout_ipr,30,-0.4253730972378743,0.018261693533831506,0.31936752438462135,0.31191769570311334,5
A,dirichlet,0.25|wd0.0,end,fout_dc_share,30,0.02854385758879353,0.8820598219045065,6.579279155832386e-05,6.45107832013535e-05,5
A,dirichlet,0.25|wd0.0,end,fout_top1_share,30,-0.358538698981187,0.051219267682593814,0.0613741995408832,0.04659549593536487,5
A,dirichlet,0.25|wd0.0,end,fout_nfreq90,30,-0.24761273104831283,0.18886615977335575,42.0,41.5,5
A,dirichlet,0.25|wd0.0,end,fout_freq_gini,30,-0.0076581081335787525,0.9682577782594467,0.14533251300522187,0.1805902931720964,5
A,dirichlet,0.25|wd0.0,end,fout_freq_eff_n,30,0.15873169585963232,0.40550613244259104,45.826756695760295,44.69713975138008,5
A,dirichlet,0.25|wd0.0,end,fin_uv_agree_strong,30,0.30123254309811964,0.1062345322537335,0.9453125,0.9765625,5
A,dirichlet,0.25|wd0.0,end,fin_uvw_agree_strong,30,0.13076614372754486,0.4943578884870438,0.9453125,0.95703125,5
A,dirichlet,0.25|wd0.0,end,fin_n_unique_freq_strong,30,-0.14812452791014943,0.4381139417469767,48.0,48.0,5
A,dirichlet,0.25|wd0.0,end,clock_share,30,-0.4044873477826596,0.025803102084312392,0.9681269711555894,0.9056693773584109,5
A,dirichlet,0.25|wd0.0,end,clock_nfreq90,30,-0.4651777906262541,0.008836008716006555,44.0,42.0,5
A,dirichlet,0.25|wd0.0,end,clock_top1_share,30,0.6077753091467502,0.0002470558052183231,0.020966265325468803,0.022394915682625464,5
A,dirichlet,0.25|wd0.0,end,clock_freq_gini,30,0.5458142524296129,0.0014619956922415395,0.002477317518900124,0.039850896439130645,5
A,dirichlet,0.25|wd0.0,end,clock_restricted_loss_tr,30,0.5632190436422919,0.0009238989588828832,0.0008503326098434627,0.0012822786229662597,5
A,dirichlet,0.25|wd0.0,end,clock_excluded_loss_tr,30,-0.5103084783557479,0.0034313413976193633,0.0093449791893363,0.008940741885453463,5
A,dirichlet,0.25|wd0.0,end,clock_excluded_acc_tr,30,-0.27444028566007433,0.14331812522069678,99.8299331665039,99.14965438842773,5
A,dirichlet,0.25|wd0.0,end,clock_restricted_loss_te,30,0.554864743860206,0.0011557373647023018,0.0008504159632138908,0.0012824280420318246,5
A,dirichlet,0.25|wd0.0,end,clock_excluded_loss_te,30,0.36201965722372287,0.048789828227961816,0.009801125153899193,0.010297119617462158,5
A,dirichlet,0.25|wd0.0,end,clock_excluded_acc_te,30,-0.3724625319513303,0.04203771328604571,70.76661682128906,51.183223724365234,5
A,f,0.25|wd0.0,init,fn_loss_tr,9,0.9486832980505138,8.418070242599643e-06,0.003965363372117281,0.005342124029994011,3
A,f,0.25|wd0.0,init,fn_acc_tr,9,-0.32732683535398854,0.40517561804814795,100.0,100.0,3
A,f,0.25|wd0.0,init,fn_margin_tr,9,-0.9486832980505138,8.418070242599643e-06,0.517736554145813,0.3543315827846527,3
A,f,0.25|wd0.0,init,fn_entropy_tr,9,0.9486832980505138,8.418070242599643e-06,4.570079326629639,4.571537971496582,3
A,f,0.25|wd0.0,init,fn_loss_te,9,-0.15811388300841894,0.6961113229882174,0.017755704000592232,0.01725832372903824,3
A,f,0.25|wd0.0,init,fn_acc_te,9,-0.9486832980505138,8.418070242599643e-06,16.38089942932129,0.6518350839614868,3
A,f,0.25|wd0.0,init,fn_margin_te,9,-0.7905694150420948,0.008584412196980922,-0.11518032848834991,-0.23140355944633484,3
A,f,0.25|wd0.0,init,fn_entropy_te,9,0.9486832980505138,8.418070242599643e-06,4.569173336029053,4.571065425872803,3
A,f,0.25|wd0.0,init,fn_gap_loss,9,-0.6851601597031488,0.03992026661849586,0.013742530718445778,0.011859755963087082,3
A,f,0.25|wd0.0,init,fn_gap_acc,9,0.9486832980505138,8.418070242599643e-06,83.61910057067871,99.30564630031586,3
A,f,0.25|wd0.0,init,fn_class_acc_gini,9,0.9486832980505138,8.418070242599643e-06,0.353168823288472,0.7765741464089402,3
A,f,0.25|wd0.0,init,w_W1_fro,9,-0.9486832980505138,8.418070242599643e-06,40.10612106323242,33.3178825378418,3
A,f,0.25|wd0.0,init,w_W1_spec,9,-0.9486832980505138,8.418070242599643e-06,6.23124885559082,4.341888904571533,3
A,f,0.25|wd0.0,init,w_W1_stable_rank,9,0.8432740427115678,0.002538190651903912,41.281681060791016,58.99657440185547,3
A,f,0.25|wd0.0,init,w_W1_eff_rank,9,0.8959786703810408,0.0003775407187170812,168.55450568666618,170.14942398699628,3
A,f,0.25|wd0.0,init,w_W1_sv_gini,9,-0.9486832980505138,8.418070242599643e-06,0.29696129410631666,0.28657779991436816,3
A,f,0.25|wd0.0,init,w_W1_entry_gini,9,0.3162277660168379,0.4225033375499403,0.3853573622494135,0.38883083064181667,3
A,f,0.25|wd0.0,init,w_W1_row_gini,9,-0.9486832980505138,8.418070242599643e-06,0.052799124839449485,0.013806680442461028,3
A,f,0.25|wd0.0,init,w_W1_row_pr,9,0.9486832980505138,8.418070242599643e-06,0.9875460257435722,0.9993270441884303,3
A,f,0.25|wd0.0,init,w_W1_dist_init,9,-0.9486832980505138,8.418070242599643e-06,35.713279724121094,25.65675163269043,3
A,f,0.25|wd0.0,init,w_W1_rel_dist_init,9,-0.9486832980505138,8.418070242599643e-06,2.2297641766329326,1.6008051195195607,3
A,f,0.25|wd0.0,init,w_W1_cos_init,9,0.9486832980505138,8.418070242599643e-06,0.4635525941848755,0.6623373627662659,3
A,f,0.25|wd0.0,init,w_W2_fro,9,0.5270462766947298,0.1511404061467896,16.384523391723633,17.030879974365234,3
A,f,0.25|wd0.0,init,w_W2_spec,9,-0.3162277660168379,0.4225033375499403,2.882589101791382,2.8431315422058105,3
A,f,0.25|wd0.0,init,w_W2_stable_rank,9,0.7378647873726218,0.020521786998420548,31.938013076782227,36.26749038696289,3
A,f,0.25|wd0.0,init,w_W2_eff_rank,9,0.9486832980505138,8.418070242599643e-06,90.431623807028,91.12216005271159,3
A,f,0.25|wd0.0,init,w_W2_sv_gini,9,-0.9486832980505138,8.418070242599643e-06,0.20852012622705862,0.19636464520917118,3
A,f,0.25|wd0.0,init,w_W2_entry_gini,9,0.7905694150420948,0.008584412196980922,0.44381280438995807,0.44781968689733365,3
A,f,0.25|wd0.0,init,w_W2_row_gini,9,0.4743416490252569,0.2065538956745058,0.11604178957116007,0.11984009274652974,3
A,f,0.25|wd0.0,init,w_W2_row_pr,9,-0.4743416490252569,0.2065538956745058,0.9602774404601475,0.9575912038177475,3
A,f,0.25|wd0.0,init,w_W2_dist_init,9,0.5270462766947298,0.1511404061467896,16.380212783813477,17.019691467285156,3
A,f,0.25|wd0.0,init,w_W2_rel_dist_init,9,0.5270462766947298,0.1511404061467896,26.578002649537453,27.53477923617789,3
A,f,0.25|wd0.0,init,w_W2_cos_init,9,0.9486832980505138,8.418070242599643e-06,0.025802306830883026,0.037064261734485626,3
A,f,0.25|wd0.0,init,w_all_norm,9,-0.9486832980505138,8.418070242599643e-06,43.323822009520285,37.421778750359614,3
A,f,0.25|wd0.0,init,w_all_rel_norm,9,-0.9486832980505138,8.418070242599643e-06,2.709041137962568,2.3331264716418856,3
A,f,0.25|wd0.0,init,w_all_dist_init,9,-0.9486832980505138,8.418070242599643e-06,39.350666347567916,30.78272145021697,3
A,f,0.25|wd0.0,init,w_all_rel_dist_init,9,-0.9486832980505138,8.418070242599643e-06,2.4522569171780955,1.9176327063456573,3
A,f,0.25|wd0.0,init,w_all_cos_init,9,0.9486832980505138,8.418070242599643e-06,0.4291813948067589,0.589902754636788,3
A,f,0.25|wd0.0,init,rep_between_within_tr,9,-0.9486832980505138,8.418070242599643e-06,0.19154987723532438,0.13938440848982173,3
A,f,0.25|wd0.0,init,rep_nc1_tr,9,0.8432740427115678,0.002538190651903912,1.860440589338808,2.292679695159282,3
A,f,0.25|wd0.0,init,rep_eff_rank_te,9,0.8959786703810408,0.0003775407187170812,238.7016772148792,246.6984467832593,3
A,f,0.25|wd0.0,init,rep_pr_te,9,0.8959786703810408,0.0003775407187170812,121.35512399222758,186.10403686602467,3
A,f,0.25|wd0.0,init,rep_unit_gini_te,9,-0.9486832980505138,8.418070242599643e-06,0.2392761685643543,0.07029792031285798,3
A,f,0.25|wd0.0,init,rep_unit_pr_te,9,0.8432740427115678,0.002538190651903912,0.6919586137549374,0.9716599567114935,3
A,f,0.25|wd0.0,init,rep_between_within_te,9,-0.9486832980505138,8.418070242599643e-06,0.0602946587698751,0.015095457665618572,3
A,f,0.25|wd0.0,init,unit_interaction_share,9,-0.21081851067789195,0.6000985243969617,0.5635845975954591,0.5609633852614361,3
A,f,0.25|wd0.0,init,unit_frac_interacting,9,0.502793317823715,0.175525981892626,0.87890625,0.93359375,3
A,f,0.25|wd0.0,init,add_share_a,9,0.9486832980505138,8.418070242599643e-06,0.057759930133141194,0.0794062785386302,3
A,f,0.25|wd0.0,init,add_share_b,9,0.9486832980505138,8.418070242599643e-06,0.05794850836092182,0.07983691329492865,3
A,f,0.25|wd0.0,init,add_share_interaction,9,-0.9486832980505138,8.418070242599643e-06,0.8819948809248552,0.8385947031103707,3
A,f,0.25|wd0.0,init,add_acc_interaction_tr,9,-0.5984437489312764,0.09066327004552555,100.0,99.91496276855469,3
A,f,0.25|wd0.0,init,add_acc_additive_tr,9,0.9486832980505138,8.418070242599643e-06,11.437074661254883,14.965985298156738,3
A,f,0.25|wd0.0,init,add_acc_no_a_tr,9,-0.28867513459481287,0.46674015482602604,100.0,100.0,3
A,f,0.25|wd0.0,init,add_acc_no_b_tr,9,-0.32732683535398854,0.40517561804814795,100.0,100.0,3
A,f,0.25|wd0.0,init,add_acc_interaction_te,9,-0.9486832980505138,8.418070242599643e-06,25.860849380493164,1.601246953010559,3
A,f,0.25|wd0.0,init,add_acc_additive_te,9,-0.4789207443461594,0.20138631403228896,0.0425109826028347,0.0,3
A,f,0.25|wd0.0,init,add_acc_no_a_te,9,-0.9486832980505138,8.418070242599643e-06,20.391101837158203,1.0344339609146118,3
A,f,0.25|wd0.0,init,add_acc_no_b_te,9,-0.9486832980505138,8.418070242599643e-06,20.660337448120117,1.0344339609146118,3
A,f,0.25|wd0.0,init,circ_share_interaction_tr,9,-0.9486832980505138,8.418070242599643e-06,0.986357126309427,0.9370796935447597,3
A,f,0.25|wd0.0,init,circ_share_marginal_tr,9,0.8432740427115678,0.002538190651903912,0.16860262974903598,0.19815839350317885,3
A,f,0.25|wd0.0,init,circ_acc_interaction_tr,9,-0.5773502691896257,0.10675810220302179,100.0,99.91496205329895,3
A,f,0.25|wd0.0,init,circ_acc_marginal_tr,9,0.8959786703810408,0.0003775407187170812,10.671768337488174,14.030611515045166,3
A,f,0.25|wd0.0,init,circ_units_tr,9,0.9486832980505138,8.418070242599643e-06,90.21419525146484,252.29551696777344,3
A,f,0.25|wd0.0,init,circ_share_interaction_te,9,-0.9486832980505138,8.418070242599643e-06,0.8716216284367606,0.8260461297228994,3
A,f,0.25|wd0.0,init,circ_share_marginal_te,9,0.9486832980505138,8.418070242599643e-06,0.11596185324205717,0.1586155543871693,3
A,f,0.25|wd0.0,init,circ_acc_interaction_te,9,-0.9486832980505138,8.418070242599643e-06,25.4782497882843,1.6720985993742943,3
A,f,0.25|wd0.0,init,circ_acc_marginal_te,9,-0.5205967931336314,0.15743743732158366,0.04251098143868148,0.014170327631291002,3
A,f,0.25|wd0.0,init,circ_units_te,9,0.9486832980505138,8.418070242599643e-06,90.21419525146484,252.29551696777344,3
A,f,0.25|wd0.0,init,sharp_lambda_max,9,-0.9486832980505138,8.418070242599643e-06,0.024175943806767464,0.011035786010324955,3
A,f,0.25|wd0.0,init,sharp_grad_norm,9,-0.9486832980505138,8.418070242599643e-06,0.0008659855229780078,0.0002443084376864135,3
A,f,0.25|wd0.0,init,sharp_lr_lambda,9,-0.9486832980505138,8.418070242599643e-06,1.2087971903383732,0.5517893005162477,3
A,f,0.25|wd0.0,init,unit_fourier_sum_share,9,-0.9486832980505138,8.418070242599643e-06,0.05850739096874615,0.01493234327716548,3
A,f,0.25|wd0.0,init,unit_fourier_diff_share,9,-0.9486832980505138,8.418070242599643e-06,0.05850739334303907,0.014932342999356538,3
A,f,0.25|wd0.0,init,unit_fourier_marginal_share,9,0.21081851067789195,0.6000985243969617,0.4364154017191216,0.43903661462089705,3
A,f,0.25|wd0.0,init,unit_fourier_other_share,9,0.9486832980505138,8.418070242599643e-06,0.41737782676774693,0.5266758302002326,3
A,f,0.25|wd0.0,init,unit_sum_freq_concentration,9,-0.9486832980505138,8.418070242599643e-06,0.05357689062340189,0.008562393558282243,3
A,f,0.25|wd0.0,init,fU_ipr,9,-0.9486832980505138,8.418070242599643e-06,0.08248469473381168,0.030903871577598243,3
A,f,0.25|wd0.0,init,fU_dc_share,9,-0.4216370213557839,0.27068354104873515,0.005776396430604094,0.0053750697477021655,3
A,f,0.25|wd0.0,init,fU_top1_share,9,-0.8432740427115678,0.002538190651903912,0.03316025038287192,0.024563884621468444,3
A,f,0.25|wd0.0,init,fU_freq_gini,9,-0.8432740427115678,0.002538190651903912,0.08823063520295338,0.03796908658761233,3
A,f,0.25|wd0.0,init,fU_freq_eff_n,9,0.8432740427115678,0.002538190651903912,47.39204980352551,47.89295188311262,3
A,f,0.25|wd0.0,init,fV_ipr,9,-0.9486832980505138,8.418070242599643e-06,0.08223662403251125,0.03154674890100587,3
A,f,0.25|wd0.0,init,fV_dc_share,9,-0.15811388300841894,0.6961113229882174,0.005335846882343755,0.005396188553704742,3
A,f,0.25|wd0.0,init,fV_top1_share,9,-0.7905694150420948,0.008584412196980922,0.03068029736648837,0.024420785348908028,3
A,f,0.25|wd0.0,init,fV_nfreq90,9,0.43301270189221935,0.2561322791428178,43.0,43.0,3
A,f,0.25|wd0.0,init,fV_freq_gini,9,-0.8432740427115678,0.002538190651903912,0.08434916637943046,0.04641814664094546,3
A,f,0.25|wd0.0,init,fV_freq_eff_n,9,0.8432740427115678,0.002538190651903912,47.43677162596358,47.84071301398692,3
A,f,0.25|wd0.0,init,fout_ipr,9,-0.9486832980505138,8.418070242599643e-06,0.07378939905334791,0.03007561832144056,3
A,f,0.25|wd0.0,init,fout_dc_share,9,0.9486832980505138,8.418070242599643e-06,5.554539156759984e-05,8.856354209696252e-05,3
A,f,0.25|wd0.0,init,fout_top1_share,9,-0.8959786703810408,0.0003775407187170812,0.02697467460070394,0.023045296264393562,3
A,f,0.25|wd0.0,init,fout_freq_gini,9,-0.9486832980505138,8.418070242599643e-06,0.05893798577365694,0.02505107304854093,3
A,f,0.25|wd0.0,init,fout_freq_eff_n,9,0.9486832980505138,8.418070242599643e-06,47.74106583481735,47.94988943498064,3
A,f,0.25|wd0.0,init,fin_uv_agree_strong,9,-0.8959786703810408,0.0003775407187170812,0.7734375,0.59375,3
A,f,0.25|wd0.0,init,fin_uvw_agree_strong,9,-0.7972410051791008,0.007531508551792418,0.6640625,0.4921875,3
A,f,0.25|wd0.0,init,fin_n_unique_freq_strong,9,0.4789207443461594,0.20138631403228896,46.0,48.0,3
A,f,0.25|wd0.0,init,clock_share,9,-0.9486832980505138,8.418070242599643e-06,0.11291648183735381,0.025937516680681137,3
A,f,0.25|wd0.0,init,clock_nfreq90,9,0.9733285267845753,1.3556575429761272e-07,29.0,39.0,3
A,f,0.25|wd0.0,init,clock_top1_share,9,-0.8959786703810408,0.0003775407187170812,0.11685457870672056,0.05132035231367471,3
A,f,0.25|wd0.0,init,clock_freq_gini,9,-0.9486832980505138,8.418070242599643e-06,0.5409467793028582,0.26939322164586055,3
A,f,0.25|wd0.0,init,clock_key_jaccard_final,9,0.9526610232449337,5.224157327896176e-06,0.6222222222222222,0.8043478260869565,3
A,f,0.25|wd0.0,init,clock_restricted_loss_tr,9,0.9486832980505138,8.418070242599643e-06,0.005699622444808483,0.007962185889482498,3
A,f,0.25|wd0.0,init,clock_excluded_loss_tr,9,-0.4743416490252569,0.2065538956745058,0.0068384697660803795,0.00677151046693325,3
A,f,0.25|wd0.0,init,clock_excluded_acc_tr,9,0.7905694150420948,0.008584412196980922,97.66156005859375,99.23469543457031,3
A,f,0.25|wd0.0,init,clock_restricted_loss_te,9,0.9486832980505138,8.418070242599643e-06,0.005699819885194302,0.007962367497384548,3
A,f,0.25|wd0.0,init,clock_excluded_loss_te,9,-0.9486832980505138,8.418070242599643e-06,0.022770872339606285,0.01979440078139305,3
A,f,0.25|wd0.0,init,clock_excluded_acc_te,9,-0.9261982170436855,6.468864403468378e-05,0.1983845829963684,0.02834065444767475,3
A,f,0.25|wd0.0,cross,fn_loss_tr,9,0.6851601597031488,0.03992026661849586,0.0020984115544706583,0.0028533542063087225,3
A,f,0.25|wd0.0,cross,fn_margin_tr,9,-0.6851601597031488,0.03992026661849586,0.7254090309143066,0.6352710723876953,3
A,f,0.25|wd0.0,cross,fn_entropy_tr,9,0.6324555320336758,0.06783669380798923,4.567791938781738,4.568938732147217,3
A,f,0.25|wd0.0,cross,fn_loss_te,9,0.6324555320336758,0.06783669380798923,0.008604815229773521,0.012540958821773529,3
A,f,0.25|wd0.0,cross,fn_acc_te,9,-0.6851601597031488,0.03992026661849586,99.95748901367188,91.31359100341797,3
A,f,0.25|wd0.0,cross,fn_margin_te,9,-0.6324555320336758,0.06783669380798923,0.3877865672111511,0.16568328440189362,3
A,f,0.25|wd0.0,cross,fn_entropy_te,9,0.5797509043642028,0.10485124589119671,4.56854248046875,4.568939685821533,3
A,f,0.25|wd0.0,cross,fn_gap_loss,9,0.6851601597031488,0.03992026661849586,0.006506403675302863,0.009545968379825354,3
A,f,0.25|wd0.0,cross,fn_gap_acc,9,0.6851601597031488,0.03992026661849586,0.042510986328125,8.686408996582031,3
A,f,0.25|wd0.0,cross,fn_class_acc_gini,9,0.6851601597031488,0.03992026661849586,0.00041207553672917285,0.041122302095225605,3
A,f,0.25|wd0.0,cross,w_W1_fro,9,-0.5797509043642028,0.10485124589119671,42.89935302734375,42.702903747558594,3
A,f,0.25|wd0.0,cross,w_W1_spec,9,0.4216370213557839,0.27068354104873515,6.099902629852295,6.115861415863037,3
A,f,0.25|wd0.0,cross,w_W1_stable_rank,9,-0.4216370213557839,0.27068354104873515,49.51048278808594,48.59261703491211,3
A,f,0.25|wd0.0,cross,w_W1_eff_rank,9,0.15811388300841894,0.6961113229882174,167.17315751904115,168.1727537375117,3
A,f,0.25|wd0.0,cross,w_W1_sv_gini,9,-0.15811388300841894,0.6961113229882174,0.3053277622664845,0.2992115775773647,3
A,f,0.25|wd0.0,cross,w_W1_entry_gini,9,0.05270462766947299,0.8971842191919066,0.38926747249363447,0.38833558666353185,3
A,f,0.25|wd0.0,cross,w_W1_row_gini,9,-0.10540925533894598,0.795510551519696,0.09629116992402675,0.09348218965077959,3
A,f,0.25|wd0.0,cross,w_W1_row_pr,9,-0.4743416490252569,0.2065538956745058,0.965892394060783,0.9645468255620246,3
A,f,0.25|wd0.0,cross,w_W1_dist_init,9,-0.7905694150420948,0.008584412196980922,40.763729095458984,39.8096809387207,3
A,f,0.25|wd0.0,cross,w_W1_rel_dist_init,9,-0.7378647873726218,0.020521786998420548,2.5433767750853984,2.472105120852422,3
A,f,0.25|wd0.0,cross,w_W1_cos_init,9,0.6324555320336758,0.06783669380798923,0.3167340159416199,0.36386314034461975,3
A,f,0.25|wd0.0,cross,w_W2_fro,9,-0.3162277660168379,0.4225033375499403,18.562835693359375,17.087799072265625,3
A,f,0.25|wd0.0,cross,w_W2_spec,9,-0.10540925533894598,0.795510551519696,3.1006948947906494,2.9834108352661133,3
A,f,0.25|wd0.0,cross,w_W2_stable_rank,9,-0.7905694150420948,0.008584412196980922,35.365936279296875,33.0395622253418,3
A,f,0.25|wd0.0,cross,w_W2_eff_rank,9,-0.21081851067789195,0.6000985243969617,91.07428403439425,90.99276821790768,3
A,f,0.25|wd0.0,cross,w_W2_sv_gini,9,0.15811388300841894,0.6961113229882174,0.19664906269424764,0.19855360913647102,3
A,f,0.25|wd0.0,cross,w_W2_entry_gini,9,0.5270462766947298,0.1511404061467896,0.43647536671186304,0.44843626596823416,3
A,f,0.25|wd0.0,cross,w_W2_row_gini,9,0.6324555320336758,0.06783669380798923,0.05605641461370103,0.08394914555478561,3
A,f,0.25|wd0.0,cross,w_W2_row_pr,9,-0.6324555320336758,0.06783669380798923,0.9901031893559934,0.9787362304451481,3
A,f,0.25|wd0.0,cross,w_W2_dist_init,9,-0.3162277660168379,0.4225033375499403,18.567087173461914,17.084054946899414,3
A,f,0.25|wd0.0,cross,w_W2_rel_dist_init,9,-0.3162277660168379,0.4225033375499403,30.126354193524552,27.63010199089552,3
A,f,0.25|wd0.0,cross,w_W2_cos_init,9,0.4743416490252569,0.2065538956745058,0.009700771421194077,0.015939844772219658,3
A,f,0.25|wd0.0,cross,w_all_norm,9,-0.6851601597031488,0.03992026661849586,46.657402581800234,46.00264848494461,3
A,f,0.25|wd0.0,cross,w_all_rel_norm,9,-0.6324555320336758,0.06783669380798923,2.917490127182279,2.867632788668382,3
A,f,0.25|wd0.0,cross,w_all_dist_init,9,-0.6324555320336758,0.06783669380798923,44.80336512676996,43.30025613263726,3
A,f,0.25|wd0.0,cross,w_all_rel_dist_init,9,-0.6324555320336758,0.06783669380798923,2.786788747907418,2.69011806175499,3
A,f,0.25|wd0.0,cross,w_all_cos_init,9,0.6324555320336758,0.06783669380798923,0.29026479857198606,0.33792994280936006,3
A,f,0.25|wd0.0,cross,rep_between_within_tr,9,-0.8432740427115678,0.002538190651903912,0.18849319441805362,0.13187812886382866,3
A,f,0.25|wd0.0,cross,rep_nc1_tr,9,0.7905694150420948,0.008584412196980922,2.38460962454053,3.171748150065119,3
A,f,0.25|wd0.0,cross,rep_eff_rank_te,9,-0.5797509043642028,0.10485124589119671,210.84812851442643,205.44404744805217,3
A,f,0.25|wd0.0,cross,rep_pr_te,9,-0.8432740427115678,0.002538190651903912,48.619375667919115,34.183037836602416,3
A,f,0.25|wd0.0,cross,rep_unit_gini_te,9,0.7378647873726218,0.020521786998420548,0.492098509064657,0.5555334597466328,3
A,f,0.25|wd0.0,cross,rep_unit_pr_te,9,-0.8959786703810408,0.0003775407187170812,0.2815937243649816,0.19704196025838952,3
A,f,0.25|wd0.0,cross,rep_between_within_te,9,-0.8432740427115678,0.002538190651903912,0.1155381111955177,0.05994536861616336,3
A,f,0.25|wd0.0,cross,unit_interaction_share,9,-0.6851601597031488,0.03992026661849586,0.44701246289430807,0.37007693544658066,3
A,f,0.25|wd0.0,cross,unit_frac_interacting,9,0.2635231383473649,0.5085516950733956,0.522088348865509,0.6078431606292725,3
A,f,0.25|wd0.0,cross,add_share_a,9,0.6324555320336758,0.06783669380798923,0.03139450315205366,0.041043376328390745,3
A,f,0.25|wd0.0,cross,add_share_b,9,0.6851601597031488,0.03992026661849586,0.032884902662664174,0.04273601167773042,3
A,f,0.25|wd0.0,cross,add_share_interaction,9,-0.6324555320336758,0.06783669380798923,0.9175259975648224,0.9028545789479528,3
A,f,0.25|wd0.0,cross,add_acc_additive_tr,9,0.3689323936863109,0.3429208206118098,5.527210712432861,8.120748519897461,3
A,f,0.25|wd0.0,cross,add_acc_interaction_te,9,-0.6851601597031488,0.03992026661849586,99.98583221435547,95.72056579589844,3
A,f,0.25|wd0.0,cross,add_acc_additive_te,9,-0.6138245895861673,0.07986473187163473,0.4109395146369934,0.1700439304113388,3
A,f,0.25|wd0.0,cross,add_acc_no_a_te,9,-0.6351073488299558,0.0662177942130057,99.98583221435547,93.82173919677734,3
A,f,0.25|wd0.0,cross,add_acc_no_b_te,9,-0.6351073488299558,0.0662177942130057,99.98583221435547,93.3966293334961,3
A,f,0.25|wd0.0,cross,circ_share_interaction_tr,9,-0.2635231383473649,0.5085516950733956,0.9872315665334576,0.9816491818528922,3
A,f,0.25|wd0.0,cross,circ_share_marginal_tr,9,0.7378647873726218,0.020521786998420548,0.1022678667074284,0.1316555976564782,3
A,f,0.25|wd0.0,cross,circ_acc_marginal_tr,9,0.661570155031204,0.05131741814541891,5.272108688950539,7.270407676696777,3
A,f,0.25|wd0.0,cross,circ_units_tr,9,0.7905694150420948,0.008584412196980922,88.6875228881836,112.95796203613281,3
A,f,0.25|wd0.0,cross,circ_share_interaction_te,9,-0.6324555320336758,0.06783669380798923,0.9181729823361845,0.9006883803974898,3
A,f,0.25|wd0.0,cross,circ_share_marginal_te,9,0.5797509043642028,0.10485124589119671,0.08996033047227092,0.10240708972781287,3
A,f,0.25|wd0.0,cross,circ_acc_interaction_te,9,-0.7378647873726218,0.020521786998420548,99.98583197593689,95.59302926063538,3
A,f,0.25|wd0.0,cross,circ_acc_marginal_te,9,-0.8769651056970109,0.0008457816757048138,0.5243021063506603,0.1558736083097756,3
A,f,0.25|wd0.0,cross,circ_units_te,9,0.7905694150420948,0.008584412196980922,88.6875228881836,112.95796203613281,3
A,f,0.25|wd0.0,cross,sharp_lambda_max,9,0.3162277660168379,0.4225033375499403,0.03536488860845566,0.0360463410615921,3
A,f,0.25|wd0.0,cross,sharp_grad_norm,9,0.2635231383473649,0.5085516950733956,0.0025864162016659975,0.002700571669265628,3
A,f,0.25|wd0.0,cross,sharp_lr_lambda,9,0.3162277660168379,0.4225033375499403,1.768244430422783,1.802317053079605,3
A,f,0.25|wd0.0,cross,unit_fourier_sum_share,9,-0.8432740427115678,0.002538190651903912,0.10139423505064424,0.054385116765650665,3
A,f,0.25|wd0.0,cross,unit_fourier_diff_share,9,-0.8432740427115678,0.002538190651903912,0.10139423605472138,0.05438511610057438,3
A,f,0.25|wd0.0,cross,unit_fourier_marginal_share,9,0.6851601597031488,0.03992026661849586,0.552987538721365,0.6299230773317133,3
A,f,0.25|wd0.0,cross,unit_fourier_other_share,9,0.2635231383473649,0.5085516950733956,0.23320473193322355,0.26024334006084393,3
A,f,0.25|wd0.0,cross,unit_sum_freq_concentration,9,-0.8432740427115678,0.002538190651903912,0.09905268168509004,0.05168740017332137,3
A,f,0.25|wd0.0,cross,fU_ipr,9,-0.7378647873726218,0.020521786998420548,0.20129772444784505,0.1506698589099729,3
A,f,0.25|wd0.0,cross,fU_dc_share,9,0.21081851067789195,0.6000985243969617,0.0076691042702509505,0.007794251279569748,3
A,f,0.25|wd0.0,cross,fU_top1_share,9,-0.15811388300841894,0.6961113229882174,0.028543547514967006,0.028701462371527698,3
A,f,0.25|wd0.0,cross,fU_freq_gini,9,0.7905694150420948,0.008584412196980922,0.08089810724219992,0.08686453291638618,3
A,f,0.25|wd0.0,cross,fU_freq_eff_n,9,-0.5797509043642028,0.10485124589119671,47.49222754659832,47.42316431719084,3
A,f,0.25|wd0.0,cross,fV_ipr,9,-0.7378647873726218,0.020521786998420548,0.20299049658789037,0.14957193547735675,3
A,f,0.25|wd0.0,cross,fV_dc_share,9,-0.3689323936863109,0.3429208206118098,0.0069405541345615935,0.006493635700719131,3
A,f,0.25|wd0.0,cross,fV_top1_share,9,-0.21081851067789195,0.6000985243969617,0.027931093481177446,0.026966548317340123,3
A,f,0.25|wd0.0,cross,fV_freq_gini,9,-0.6324555320336758,0.06783669380798923,0.08809120356251454,0.08239840851905766,3
A,f,0.25|wd0.0,cross,fV_freq_eff_n,9,0.5797509043642028,0.10485124589119671,47.40322510447864,47.48350524767263,3
A,f,0.25|wd0.0,cross,fout_ipr,9,-0.6324555320336758,0.06783669380798923,0.20249236070696683,0.14634691863612903,3
A,f,0.25|wd0.0,cross,fout_dc_share,9,0.15811388300841894,0.6961113229882174,4.844539908475588e-05,5.092600331655611e-05,3
A,f,0.25|wd0.0,cross,fout_top1_share,9,0.0,1.0,0.02725907594505911,0.028232712672672612,3
A,f,0.25|wd0.0,cross,fout_nfreq90,9,0.5773502691896257,0.10675810220302179,42.0,43.0,3
A,f,0.25|wd0.0,cross,fout_freq_gini,9,-0.6324555320336758,0.06783669380798923,0.09617069392775335,0.07668178619018606,3
A,f,0.25|wd0.0,cross,fout_freq_eff_n,9,0.6851601597031488,0.03992026661849586,47.32474437516111,47.557572082280124,3
A,f,0.25|wd0.0,cross,fin_uv_agree_strong,9,-0.7674213798361966,0.012997341890562439,0.953125,0.8984375,3
A,f,0.25|wd0.0,cross,fin_uvw_agree_strong,9,-0.7175169046611908,0.027057707766079745,0.9296875,0.84375,3
A,f,0.25|wd0.0,cross,fin_n_unique_freq_strong,9,-0.34646743359179166,0.3759929102926578,48.0,47.0,3
A,f,0.25|wd0.0,cross,clock_share,9,-0.6324555320336758,0.06783669380798923,0.4789272533022755,0.3097684035730422,3
A,f,0.25|wd0.0,cross,clock_nfreq90,9,-0.7504787743864565,0.017036166797074887,34.0,29.0,3
A,f,0.25|wd0.0,cross,clock_top1_share,9,0.6324555320336758,0.06783669380798923,0.03766359177669993,0.05881215085420453,3
A,f,0.25|wd0.0,cross,clock_freq_gini,9,0.6851601597031488,0.03992026661849586,0.3173029608068296,0.46607323015426894,3
A,f,0.25|wd0.0,cross,clock_key_jaccard_final,9,-0.6851601597031488,0.03992026661849586,0.7333333333333333,0.5869565217391305,3
A,f,0.25|wd0.0,cross,clock_restricted_loss_tr,9,0.7378647873726218,0.020521786998420548,0.0021902897860854864,0.00371314724907279,3
A,f,0.25|wd0.0,cross,clock_excluded_loss_tr,9,-0.6324555320336758,0.06783669380798923,0.00853609200567007,0.007874281145632267,3
A,f,0.25|wd0.0,cross,clock_excluded_acc_tr,9,0.2635231383473649,0.5085516950733956,92.55952453613281,93.62244415283203,3
A,f,0.25|wd0.0,cross,clock_restricted_loss_te,9,0.7378647873726218,0.020521786998420548,0.002190668135881424,0.003713498590514064,3
A,f,0.25|wd0.0,cross,clock_excluded_loss_te,9,0.6324555320336758,0.06783669380798923,0.01712619513273239,0.019556116312742233,3
A,f,0.25|wd0.0,cross,clock_excluded_acc_te,9,-0.5557189302262113,0.12480988352020375,1.4028624296188354,0.7651976943016052,3
A,f,0.25|wd0.0,end,fn_loss_tr,9,0.8432740427115678,0.002538190651903912,2.3495920231653145e-06,1.92242023331346e-05,3
A,f,0.25|wd0.0,end,fn_margin_tr,9,-0.8432740427115678,0.002538190651903912,0.9962390065193176,0.9872592687606812,3
A,f,0.25|wd0.0,end,fn_entropy_tr,9,0.9486832980505138,8.418070242599643e-06,4.564742088317871,4.564788341522217,3
A,f,0.25|wd0.0,end,fn_loss_te,9,-0.5797509043642028,0.10485124589119671,0.0007418647292070091,0.0004928848356939852,3
A,f,0.25|wd0.0,end,fn_acc_te,9,0.7092081432669752,0.030064404349241066,99.8582992553711,100.0,3
A,f,0.25|wd0.0,end,fn_margin_te,9,-0.9486832980505138,8.418070242599643e-06,0.98626708984375,0.9689968228340149,3
A,f,0.25|wd0.0,end,fn_entropy_te,9,0.7938841860374447,0.008049634322495136,4.5643792152404785,4.564630031585693,3
A,f,0.25|wd0.0,end,fn_gap_loss,9,-0.5797509043642028,0.10485124589119671,0.0007396974842777126,0.0004736606333608506,3
A,f,0.25|wd0.0,end,fn_gap_acc,9,-0.7092081432669752,0.030064404349241066,0.14170074462890625,0.0,3
A,f,0.25|wd0.0,end,fn_class_acc_gini,9,-0.7504787743864565,0.017036166797074887,0.001255252178858024,0.0,3
A,f,0.25|wd0.0,end,w_W1_fro,9,0.5797509043642028,0.10485124589119671,41.46664810180664,41.88526153564453,3
A,f,0.25|wd0.0,end,w_W1_spec,9,-0.9486832980505138,8.418070242599643e-06,12.116982460021973,10.296290397644043,3
A,f,0.25|wd0.0,end,w_W1_stable_rank,9,0.8959786703810408,0.0003775407187170812,11.817195892333984,16.549192428588867,3
A,f,0.25|wd0.0,end,w_W1_eff_rank,9,0.15811388300841894,0.6961113229882174,162.66739077792323,163.48358840212373,3
A,f,0.25|wd0.0,end,w_W1_sv_gini,9,-0.10540925533894598,0.795510551519696,0.3255138499405903,0.3242620646676315,3
A,f,0.25|wd0.0,end,w_W1_entry_gini,9,0.6851601597031488,0.03992026661849586,0.3945960543454883,0.42531420917118146,3
A,f,0.25|wd0.0,end,w_W1_row_gini,9,0.5797509043642028,0.10485124589119671,0.06150850841979172,0.07447489790809203,3
A,f,0.25|wd0.0,end,w_W1_row_pr,9,-0.5797509043642028,0.10485124589119671,0.9886355516373615,0.9831214941207833,3
A,f,0.25|wd0.0,end,w_W1_dist_init,9,0.10540925533894598,0.795510551519696,41.99470520019531,42.197532653808594,3
A,f,0.25|wd0.0,end,w_W1_rel_dist_init,9,0.15811388300841894,0.6961113229882174,2.6190375885876622,2.6328362713400586,3
A,f,0.25|wd0.0,end,w_W1_cos_init,9,0.6851601597031488,0.03992026661849586,0.16125768423080444,0.18084564805030823,3
A,f,0.25|wd0.0,end,w_W2_fro,9,-0.5270462766947298,0.1511404061467896,29.49673843383789,26.747119903564453,3
A,f,0.25|wd0.0,end,w_W2_spec,9,-0.10540925533894598,0.795510551519696,4.723099708557129,4.691312313079834,3
A,f,0.25|wd0.0,end,w_W2_stable_rank,9,-0.4216370213557839,0.27068354104873515,37.631919860839844,31.722675323486328,3
A,f,0.25|wd0.0,end,w_W2_eff_rank,9,0.6851601597031488,0.03992026661849586,89.08619278292613,90.41334678880294,3
A,f,0.25|wd0.0,end,w_W2_sv_gini,9,-0.6851601597031488,0.03992026661849586,0.2258686728834025,0.2059399673962512,3
A,f,0.25|wd0.0,end,w_W2_entry_gini,9,0.7905694150420948,0.008584412196980922,0.3945600656188111,0.41608014411994243,3
A,f,0.25|wd0.0,end,w_W2_row_gini,9,-0.7905694150420948,0.008584412196980922,0.01994014629501173,0.01820475290071033,3
A,f,0.25|wd0.0,end,w_W2_row_pr,9,0.8432740427115678,0.002538190651903912,0.9987804209067422,0.9989673650358402,3
A,f,0.25|wd0.0,end,w_W2_dist_init,9,-0.5270462766947298,0.1511404061467896,29.495370864868164,26.751449584960938,3
A,f,0.25|wd0.0,end,w_W2_rel_dist_init,9,-0.5270462766947298,0.1511404061467896,47.702966759861816,43.27900185414688,3
A,f,0.25|wd0.0,end,w_W2_cos_init,9,0.05270462766947299,0.8971842191919066,0.009113280102610588,0.0045506577007472515,3
A,f,0.25|wd0.0,end,w_all_norm,9,-0.5797509043642028,0.10485124589119671,50.887527774822324,49.664108285186835,3
A,f,0.25|wd0.0,end,w_all_rel_norm,9,-0.4743416490252569,0.2065538956745058,3.1726722270439573,3.0798291009767054,3
A,f,0.25|wd0.0,end,w_all_dist_init,9,-0.5797509043642028,0.10485124589119671,51.30295322177269,49.75331517525552,3
A,f,0.25|wd0.0,end,w_all_rel_dist_init,9,-0.5797509043642028,0.10485124589119671,3.198572655608279,3.0859433598655617,3
A,f,0.25|wd0.0,end,w_all_cos_init,9,0.6851601597031488,0.03992026661849586,0.13158979941993507,0.15424897791402242,3
A,f,0.25|wd0.0,end,rep_between_within_tr,9,-0.7905694150420948,0.008584412196980922,0.21826463197371782,0.11963747220659583,3
A,f,0.25|wd0.0,end,rep_nc1_tr,9,0.7905694150420948,0.008584412196980922,2.4868862582647133,4.125459554375832,3
A,f,0.25|wd0.0,end,rep_eff_rank_te,9,-0.7905694150420948,0.008584412196980922,200.70257940530882,182.90457872671328,3
A,f,0.25|wd0.0,end,rep_pr_te,9,-0.9486832980505138,8.418070242599643e-06,55.512900467767984,37.84164999981184,3
A,f,0.25|wd0.0,end,rep_unit_gini_te,9,0.8959786703810408,0.0003775407187170812,0.3783037888964633,0.5569194112681406,3
A,f,0.25|wd0.0,end,rep_unit_pr_te,9,-0.9486832980505138,8.418070242599643e-06,0.45302877395407615,0.24625598244320096,3
A,f,0.25|wd0.0,end,rep_between_within_te,9,-0.7905694150420948,0.008584412196980922,0.17908795185993026,0.08558144229588556,3
A,f,0.25|wd0.0,end,unit_interaction_share,9,-0.7905694150420948,0.008584412196980922,0.32784148334184243,0.18398773428813117,3
A,f,0.25|wd0.0,end,unit_frac_interacting,9,0.3162277660168379,0.4225033375499403,0.5573122501373291,0.5819671750068665,3
A,f,0.25|wd0.0,end,add_share_a,9,-0.2635231383473649,0.5085516950733956,0.001905429207677985,0.0016066727305957033,3
A,f,0.25|wd0.0,end,add_share_b,9,-0.4743416490252569,0.2065538956745058,0.0020060421086732735,0.0014110229935063161,3
A,f,0.25|wd0.0,end,add_share_interaction,9,0.3162277660168379,0.4225033375499403,0.9960357791005578,0.9966335938503029,3
A,f,0.25|wd0.0,end,add_acc_additive_tr,9,0.5580687036253705,0.12277323644587508,1.0204081535339355,1.1479592323303223,3
A,f,0.25|wd0.0,end,add_acc_interaction_te,9,0.7092081432669752,0.030064404349241066,99.90081024169922,100.0,3
A,f,0.25|wd0.0,end,add_acc_additive_te,9,0.4783446031074605,0.2020328617433932,0.9352415800094604,1.0060932636260986,3
A,f,0.25|wd0.0,end,add_acc_no_a_te,9,0.7123956116565483,0.028887257347007225,99.87246704101562,100.0,3
A,f,0.25|wd0.0,end,add_acc_no_b_te,9,0.7092081432669752,0.030064404349241066,99.87246704101562,100.0,3
A,f,0.25|wd0.0,end,circ_share_interaction_tr,9,-0.8959786703810408,0.0003775407187170812,1.38766785323566,1.1858467078364612,3
A,f,0.25|wd0.0,end,circ_share_marginal_tr,9,-0.8959786703810408,0.0003775407187170812,0.3902676684016995,0.19450696071176635,3
A,f,0.25|wd0.0,end,circ_acc_marginal_tr,9,-0.29356828197599305,0.4587608167926581,1.2755101546645164,1.1479591950774193,3
A,f,0.25|wd0.0,end,circ_units_tr,9,0.15811388300841894,0.6961113229882174,128.65673828125,127.57019805908203,3
A,f,0.25|wd0.0,end,circ_share_interaction_te,9,-0.8959786703810408,0.0003775407187170812,1.3488446498760214,1.1769190292098737,3
A,f,0.25|wd0.0,end,circ_share_marginal_te,9,-0.9486832980505138,8.418070242599643e-06,0.37127491988164746,0.19346693029126,3
A,f,0.25|wd0.0,end,circ_acc_interaction_te,9,0.43301270189221935,0.2561322791428178,100.0,100.0,3
A,f,0.25|wd0.0,end,circ_acc_marginal_te,9,0.21170244960998527,0.5985233590611587,1.0627745650708675,1.1052855290472507,3
A,f,0.25|wd0.0,end,circ_units_te,9,0.15811388300841894,0.6961113229882174,128.65673828125,127.57019805908203,3
A,f,0.25|wd0.0,end,sharp_lambda_max,9,-0.15811388300841894,0.6961113229882174,0.033058878034353256,0.03274984657764435,3
A,f,0.25|wd0.0,end,sharp_grad_norm,9,0.6324555320336758,0.06783669380798923,0.00012637577310670167,0.0003632916777860373,3
A,f,0.25|wd0.0,end,sharp_lr_lambda,9,-0.15811388300841894,0.6961113229882174,1.6529439017176628,1.6374923288822174,3
A,f,0.25|wd0.0,end,unit_fourier_sum_share,9,-0.7905694150420948,0.008584412196980922,0.14919867579047383,0.07505144236164239,3
A,f,0.25|wd0.0,end,unit_fourier_diff_share,9,-0.7905694150420948,0.008584412196980922,0.14919867638580936,0.07505144165038907,3
A,f,0.25|wd0.0,end,unit_fourier_marginal_share,9,0.7905694150420948,0.008584412196980922,0.6721585219678825,0.8160122599492919,3
A,f,0.25|wd0.0,end,unit_fourier_other_share,9,0.6324555320336758,0.06783669380798923,0.029444125855834336,0.033884856038676636,3
A,f,0.25|wd0.0,end,unit_sum_freq_concentration,9,-0.7905694150420948,0.008584412196980922,0.14895722731422906,0.07475954979258681,3
A,f,0.25|wd0.0,end,fU_ipr,9,-0.2635231383473649,0.5085516950733956,0.4443194830752961,0.428409591923828,3
A,f,0.25|wd0.0,end,fU_dc_share,9,0.0,1.0,0.07646970946835883,0.07862856537242659,3
A,f,0.25|wd0.0,end,fU_top1_share,9,0.15811388300841894,0.6961113229882174,0.03829367104041889,0.042944852447720734,3
A,f,0.25|wd0.0,end,fU_freq_gini,9,0.10540925533894598,0.795510551519696,0.1064114656237809,0.12376849580403637,3
A,f,0.25|wd0.0,end,fU_freq_eff_n,9,-0.10540925533894598,0.795510551519696,47.029486318054325,46.69866680719111,3
A,f,0.25|wd0.0,end,fV_ipr,9,-0.7905694150420948,0.008584412196980922,0.44800332534302645,0.36700289503456507,3
A,f,0.25|wd0.0,end,fV_dc_share,9,-0.6851601597031488,0.03992026661849586,0.07992485416065745,0.04053964561101263,3
A,f,0.25|wd0.0,end,fV_top1_share,9,-0.3162277660168379,0.4225033375499403,0.03402645419851019,0.029941060384560313,3
A,f,0.25|wd0.0,end,fV_nfreq90,9,0.472455591261534,0.208701528120819,42.0,42.0,3
A,f,0.25|wd0.0,end,fV_freq_gini,9,-0.4216370213557839,0.27068354104873515,0.09683305172192513,0.07792578766532476,3
A,f,0.25|wd0.0,end,fV_freq_eff_n,9,0.4216370213557839,0.27068354104873515,47.258776017237125,47.510065405359946,3
A,f,0.25|wd0.0,end,fout_ipr,9,0.5270462766947298,0.1511404061467896,0.3037423341775791,0.3133170438033632,3
A,f,0.25|wd0.0,end,fout_dc_share,9,0.8432740427115678,0.002538190651903912,4.4227973171808894e-05,6.281509336933605e-05,3
A,f,0.25|wd0.0,end,fout_top1_share,9,0.4743416490252569,0.2065538956745058,0.03867508132759356,0.05317773868310673,3
A,f,0.25|wd0.0,end,fout_freq_gini,9,0.5797509043642028,0.10485124589119671,0.09907175550602587,0.12071378613342554,3
A,f,0.25|wd0.0,end,fout_freq_eff_n,9,-0.5797509043642028,0.10485124589119671,46.95396868407814,46.58851174965582,3
A,f,0.25|wd0.0,end,fin_uv_agree_strong,9,0.9261982170436855,6.468864403468378e-05,0.859375,0.9375,3
A,f,0.25|wd0.0,end,fin_uvw_agree_strong,9,0.8997354108424374,0.0003148323297243537,0.8515625,0.9375,3
A,f,0.25|wd0.0,end,fin_n_unique_freq_strong,9,-0.43301270189221935,0.2561322791428178,48.0,48.0,3
A,f,0.25|wd0.0,end,clock_share,9,0.5797509043642028,0.10485124589119671,0.9481713290145156,0.9643331239351741,3
A,f,0.25|wd0.0,end,clock_top1_share,9,0.7378647873726218,0.020521786998420548,0.02098039031019745,0.021054956837313624,3
A,f,0.25|wd0.0,end,clock_freq_gini,9,0.6851601597031488,0.03992026661849586,0.002222105621639825,0.0036626278668763224,3
A,f,0.25|wd0.0,end,clock_restricted_loss_tr,9,0.8432740427115678,0.002538190651903912,0.0008502990240231156,0.0008504254510626197,3
A,f,0.25|wd0.0,end,clock_excluded_loss_tr,9,-0.5797509043642028,0.10485124589119671,0.009358156472444534,0.009345024824142456,3
A,f,0.25|wd0.0,end,clock_excluded_acc_tr,9,-0.17407765595569782,0.6666221152020118,100.0,100.0,3
A,f,0.25|wd0.0,end,clock_restricted_loss_te,9,0.7905694150420948,0.008584412196980922,0.0008503867429681122,0.0008504679426550865,3
A,f,0.25|wd0.0,end,clock_excluded_loss_te,9,-0.5797509043642028,0.10485124589119671,0.010095161385834217,0.0098543930798769,3
A,f,0.25|wd0.0,end,clock_excluded_acc_te,9,0.15811388300841894,0.6961113229882174,77.99348449707031,80.55831146240234,3
A,K,0.3|wd0.0,init,fn_loss_tr,15,-0.4364357804719848,0.10510901558655147,0.007058640476316214,0.007039876189082861,5
A,K,0.3|wd0.0,init,fn_acc_tr,15,-0.03119673075391651,0.9139134136329387,99.8582534790039,99.8582534790039,5
A,K,0.3|wd0.0,init,fn_margin_tr,15,0.8510497719203702,1.2736263777852137e-05,0.17181538045406342,0.1821199655532837,5
A,K,0.3|wd0.0,init,fn_entropy_tr,15,-0.916515138991168,5.713229912494358e-08,4.573243141174316,4.573023319244385,5
A,K,0.3|wd0.0,init,fn_loss_te,15,0.949247822526567,2.6335578745452705e-10,0.013161160051822662,0.013662655837833881,5
A,K,0.3|wd0.0,init,fn_acc_te,15,0.1483606065140521,0.604627447073145,0.1669955998659134,0.21253985166549683,5
A,K,0.3|wd0.0,init,fn_margin_te,15,-0.86196066643217,6.589618199130937e-06,-0.15133965015411377,-0.16407829523086548,5
A,K,0.3|wd0.0,init,fn_entropy_te,15,-0.916515138991168,5.713229912494358e-08,4.573286533355713,4.573047637939453,5
A,K,0.3|wd0.0,init,fn_gap_loss,15,0.916515138991168,5.713229912494358e-08,0.0061295959167182446,0.006640842650085688,5
A,K,0.3|wd0.0,init,fn_gap_acc,15,-0.0933277359899136,0.7457560815338746,99.69125787913799,99.60016936063766,5
A,K,0.3|wd0.0,init,fn_class_acc_gini,15,-0.1202347365603914,0.6755596639994768,0.8899530920391259,0.8699067657829405,5
A,K,0.3|wd0.0,init,w_W1_fro,15,0.949247822526567,2.6335578745452705e-10,27.042104721069336,28.765588760375977,5
A,K,0.3|wd0.0,init,w_W1_spec,15,0.9601587170383665,1.500446490332778e-11,3.4823927879333496,3.7077906131744385,5
A,K,0.3|wd0.0,init,w_W1_stable_rank,15,-0.14184162865339506,0.6208194107674094,60.530391693115234,60.19077682495117,5
A,K,0.3|wd0.0,init,w_W1_eff_rank,15,-0.4146139914483855,0.12644834969017446,170.45562603753925,170.30169940767675,5
A,K,0.3|wd0.0,init,w_W1_sv_gini,15,0.4255248859601851,0.11545171027095363,0.2837623347225735,0.2848550694553713,5
A,K,0.3|wd0.0,init,w_W1_entry_gini,15,0.8728715609439696,3.173342639429432e-06,0.39354342343658955,0.4019943872141216,5
A,K,0.3|wd0.0,init,w_W1_row_gini,15,-0.2836832573067901,0.3122940573105462,0.016824839758685206,0.016309842142330888,5
A,K,0.3|wd0.0,init,w_W1_row_pr,15,0.4255248859601851,0.11545171027095363,0.9990954757303311,0.999153033323409,5
A,K,0.3|wd0.0,init,w_W1_dist_init,15,0.9710696115501661,2.636913279660917e-13,17.162141799926758,18.456979751586914,5
A,K,0.3|wd0.0,init,w_W1_rel_dist_init,15,0.9601587170383665,1.500446490332778e-11,1.0684888748531056,1.150445508829253,5
A,K,0.3|wd0.0,init,w_W1_cos_init,15,0.8946933499675687,5.571273327797034e-07,0.8014534711837769,0.8072580099105835,5
A,K,0.3|wd0.0,init,w_W2_fro,15,-0.8183170883849714,6.618137243945953e-05,15.40698528289795,14.990998268127441,5
A,K,0.3|wd0.0,init,w_W2_spec,15,-0.49099025303098287,0.062675779012202,2.4454023838043213,2.3813421726226807,5
A,K,0.3|wd0.0,init,w_W2_stable_rank,15,-0.32732683535398854,0.23911154774545884,39.9933967590332,39.7787971496582,5
A,K,0.3|wd0.0,init,w_W2_eff_rank,15,-0.720119037778775,0.001660693268819124,91.48580866478903,91.16822605895007,5
A,K,0.3|wd0.0,init,w_W2_sv_gini,15,0.720119037778775,0.001660693268819124,0.19100695895446118,0.19619149280602666,5
A,K,0.3|wd0.0,init,w_W2_entry_gini,15,0.774673510337773,0.0003507055528598205,0.43131865530200564,0.4377141028231899,5
A,K,0.3|wd0.0,init,w_W2_row_gini,15,0.545544725589981,0.03399879704460135,0.08352439142272838,0.0903673112080896,5
A,K,0.3|wd0.0,init,w_W2_row_pr,15,-0.720119037778775,0.001660693268819124,0.9791390938002467,0.975729105316051,5
A,K,0.3|wd0.0,init,w_W2_dist_init,15,-0.8183170883849714,6.618137243945953e-05,15.390551567077637,14.975285530090332,5
A,K,0.3|wd0.0,init,w_W2_rel_dist_init,15,-0.829227982896771,4.004038960640279e-05,24.972210417916273,24.27066455756013,5
A,K,0.3|wd0.0,init,w_W2_cos_init,15,-0.5346338310781814,0.0387603526366733,0.04668256267905235,0.0460384301841259,5
A,K,0.3|wd0.0,init,w_all_norm,15,0.9383369280147672,2.3445069934935992e-09,31.123152527543134,32.40881023195219,5
A,K,0.3|wd0.0,init,w_all_rel_norm,15,0.9601587170383665,1.500446490332778e-11,1.9396033651860052,2.020133670870797,5
A,K,0.3|wd0.0,init,w_all_dist_init,15,0.916515138991168,5.713229912494358e-08,23.052292482520457,23.76803059275678,5
A,K,0.3|wd0.0,init,w_all_rel_dist_init,15,0.916515138991168,5.713229912494358e-08,1.4344344499415569,1.4779371693911176,5
A,K,0.3|wd0.0,init,w_all_cos_init,15,0.9710696115501661,2.636913279660917e-13,0.6971000721148218,0.7166020337882357,5
A,K,0.3|wd0.0,init,rep_between_within_tr,15,-0.9383369280147672,2.3445069934935992e-09,0.10950811182598943,0.10023601636588578,5
A,K,0.3|wd0.0,init,rep_nc1_tr,15,0.7528517213141737,0.0006910482238175549,4.10626059362744,4.374570707251386,5
A,K,0.3|wd0.0,init,rep_eff_rank_te,15,-0.8510497719203702,1.2736263777852137e-05,247.3704003851905,246.24720865357844,5
A,K,0.3|wd0.0,init,rep_pr_te,15,-0.8074061938731718,0.00010524350141213583,195.0150335399324,188.45236418223496,5
A,K,0.3|wd0.0,init,rep_unit_gini_te,15,0.14184162865339506,0.6208194107674094,0.06292338394041974,0.06704384015677523,5
A,K,0.3|wd0.0,init,rep_unit_pr_te,15,-0.229128784747792,0.41905015022367575,0.9876340150017332,0.9855607120556236,5
A,K,0.3|wd0.0,init,rep_between_within_te,15,-0.7528517213141737,0.0006910482238175549,0.015343682218302407,0.014157542615545702,5
A,K,0.3|wd0.0,init,unit_interaction_share,15,-0.9383369280147672,2.3445069934935992e-09,0.561379685964065,0.5295025903139788,5
A,K,0.3|wd0.0,init,unit_frac_interacting,15,-0.9717064276596887,1.9693815847913746e-13,0.9375,0.79296875,5
A,K,0.3|wd0.0,init,add_share_a,15,-0.8837824554557693,1.4017600333217173e-06,0.11406615164131148,0.10592879044472514,5
A,K,0.3|wd0.0,init,add_share_b,15,-0.7637626158259734,0.0004975747231020245,0.11668287062426774,0.10751661996774042,5
A,K,0.3|wd0.0,init,add_share_interaction,15,0.8837824554557693,1.4017600333217173e-06,0.7694781533659312,0.7878386432078306,5
A,K,0.3|wd0.0,init,add_acc_interaction_tr,15,-0.15469849363075236,0.5890393426648577,99.57476806640625,99.39759063720703,5
A,K,0.3|wd0.0,init,add_acc_additive_tr,15,-0.2516254756815551,0.37304466050658835,12.544295310974121,12.367115020751953,5
A,K,0.3|wd0.0,init,add_acc_no_a_tr,15,-0.29202099216738475,0.2974522270447514,99.751953125,99.53933715820312,5
A,K,0.3|wd0.0,init,add_acc_no_b_tr,15,-0.4231024704289635,0.11783622941848855,99.78738403320312,99.57476806640625,5
A,K,0.3|wd0.0,init,add_acc_interaction_te,15,-0.3279129178919765,0.23820520738332274,1.2296948432922363,1.1234248876571655,5
A,K,0.3|wd0.0,init,add_acc_no_a_te,15,-0.404425932066771,0.13731776987530459,0.5313495993614197,0.39471685886383057,5
A,K,0.3|wd0.0,init,add_acc_no_b_te,15,-0.20918311537400855,0.462042701813792,0.5617124438285828,0.5617124438285828,5
A,K,0.3|wd0.0,init,circ_share_interaction_tr,15,0.7637626158259734,0.0004975747231020245,0.8310910542826364,0.850530239771966,5
A,K,0.3|wd0.0,init,circ_share_marginal_tr,15,-0.7092081432669752,0.0021566267372392384,0.22511734587429869,0.21067758118940216,5
A,K,0.3|wd0.0,init,circ_acc_interaction_tr,15,-0.06617825960083584,0.8184152219632661,99.4684636592865,99.39758777618408,5
A,K,0.3|wd0.0,init,circ_acc_marginal_tr,15,-0.3616777720717861,0.18943476340028986,12.189935892820358,12.08362877368927,5
A,K,0.3|wd0.0,init,circ_units_tr,15,0.49099025303098287,0.062675779012202,246.53179931640625,247.95574951171875,5
A,K,0.3|wd0.0,init,circ_share_interaction_te,15,0.916515138991168,5.713229912494358e-08,0.7531176422225447,0.7721771420396919,5
A,K,0.3|wd0.0,init,circ_share_marginal_te,15,-0.8728715609439696,3.173342639429432e-06,0.23417758153665846,0.21568025073249752,5
A,K,0.3|wd0.0,init,circ_acc_interaction_te,15,-0.3876830554214901,0.15646499890147703,1.2752391397953033,1.0323364287614822,5
A,K,0.3|wd0.0,init,circ_units_te,15,0.49099025303098287,0.062675779012202,246.53179931640625,247.95574951171875,5
A,K,0.3|wd0.0,init,sharp_lambda_max,15,0.9601587170383665,1.500446490332778e-11,0.0047780959866940975,0.00624461006373167,5
A,K,0.3|wd0.0,init,sharp_grad_norm,15,0.04364357804719848,0.8797533545178342,0.00010421808110550046,0.00010524438403081149,5
A,K,0.3|wd0.0,init,sharp_lr_lambda,15,0.9601587170383665,1.500446490332778e-11,0.23890479933470488,0.3122305031865835,5
A,K,0.3|wd0.0,init,unit_fourier_sum_share,15,-0.7637626158259734,0.0004975747231020245,0.014643523725320856,0.012937415709150999,5
A,K,0.3|wd0.0,init,unit_fourier_diff_share,15,-0.7637626158259734,0.0004975747231020245,0.014643523632336938,0.012937415781028753,5
A,K,0.3|wd0.0,init,unit_fourier_marginal_share,15,0.9383369280147672,2.3445069934935992e-09,0.4386203134678169,0.4704974092069623,5
A,K,0.3|wd0.0,init,unit_fourier_other_share,15,-0.9056042444793685,1.9408679881756104e-07,0.5329367806141121,0.5036441689298898,5
A,K,0.3|wd0.0,init,unit_sum_freq_concentration,15,-0.7092081432669752,0.0021566267372392384,0.007966611775860059,0.006676463772032749,5
A,K,0.3|wd0.0,init,unit_n_distinct_sum_freqs,15,0.0,1.0,48.0,48.0,5
A,K,0.3|wd0.0,init,fU_ipr,15,-0.5128120420545821,0.04969914863774635,0.02931242197983644,0.028276592707042254,5
A,K,0.3|wd0.0,init,fU_dc_share,15,0.4364357804719848,0.10510901558655147,0.004768434262249821,0.005525227773116475,5
A,K,0.3|wd0.0,init,fU_top1_share,15,-0.1091089451179962,0.7043350636747241,0.02385216481374031,0.023721968400342564,5
A,K,0.3|wd0.0,init,fU_freq_gini,15,-0.32732683535398854,0.23911154774545884,0.04100420994572329,0.03949420229091927,5
A,K,0.3|wd0.0,init,fU_freq_eff_n,15,0.31641594084218894,0.25635649462006643,47.873319607924365,47.88134685996133,5
A,K,0.3|wd0.0,init,fV_ipr,15,-0.5346338310781814,0.0387603526366733,0.029670279853280603,0.028590865097857403,5
A,K,0.3|wd0.0,init,fV_dc_share,15,0.5019011475427825,0.05592180893798995,0.0046003058162325805,0.005285324135235218,5
A,K,0.3|wd0.0,init,fV_top1_share,15,-0.1854852067005935,0.5156506457292339,0.025445871255419986,0.025163605449742124,5
A,K,0.3|wd0.0,init,fV_freq_gini,15,-0.32732683535398854,0.23911154774545884,0.050196813137850294,0.04914400541614605,5
A,K,0.3|wd0.0,init,fV_freq_eff_n,15,0.32732683535398854,0.23911154774545884,47.80254805057453,47.810072651819574,5
A,K,0.3|wd0.0,init,fout_ipr,15,-0.5346338310781814,0.0387603526366733,0.030524808012806937,0.029364239379214983,5
A,K,0.3|wd0.0,init,fout_dc_share,15,-0.7855844048495725,0.00024138722824617787,0.0002545831453189279,0.00022103552020963222,5
A,K,0.3|wd0.0,init,fout_top1_share,15,0.07637626158259733,0.7909390592571625,0.024161883778955263,0.02399330710019338,5
A,K,0.3|wd0.0,init,fout_freq_gini,15,-0.32732683535398854,0.23911154774545884,0.037822400235461684,0.03597803857190951,5
A,K,0.3|wd0.0,init,fout_freq_eff_n,15,0.32732683535398854,0.23911154774545884,47.891655133691344,47.90148833028058,5
A,K,0.3|wd0.0,init,fin_uv_agree_strong,15,-0.09935808598426724,0.7298494008988478,0.65625,0.6484375,5
A,K,0.3|wd0.0,init,fin_uvw_agree_strong,15,-0.3840451878616664,0.16083917491039926,0.5859375,0.5625,5
A,K,0.3|wd0.0,init,fin_n_unique_freq_strong,15,0.17514236102601474,0.5398556680963487,45.0,46.0,5
A,K,0.3|wd0.0,init,clock_share,15,-0.545544725589981,0.03399879704460135,0.02605878644043226,0.02523197191645007,5
A,K,0.3|wd0.0,init,clock_nfreq90,15,0.4648348401006842,0.08115199281386601,39.0,39.0,5
A,K,0.3|wd0.0,init,clock_top1_share,15,-0.25095057377139124,0.3743851884157219,0.049817206575407225,0.04898419266163684,5
A,K,0.3|wd0.0,init,clock_freq_gini,15,-0.370970413401187,0.17719776032094695,0.26100065988727983,0.24978549678022377,5
A,K,0.3|wd0.0,init,clock_key_jaccard_final,15,0.20227497042554388,0.4773946465005296,0.7446808510638298,0.7872340425531915,5
A,K,0.3|wd0.0,init,clock_restricted_loss_tr,15,-0.600099198148979,0.01632045760002202,0.008739215321838856,0.008643909357488155,5
A,K,0.3|wd0.0,init,clock_excluded_loss_tr,15,0.48007935851918326,0.0699818849171045,0.008189131505787373,0.00823686271905899,5
A,K,0.3|wd0.0,init,clock_excluded_acc_tr,15,-0.2675559114880707,0.34213330285946575,94.25938415527344,93.7632827758789,5
A,K,0.3|wd0.0,init,clock_restricted_loss_te,15,-0.600099198148979,0.01632045760002202,0.008739364333450794,0.008644107729196548,5
A,K,0.3|wd0.0,init,clock_excluded_loss_te,15,0.9274260335029676,1.347152959974893e-08,0.014762734062969685,0.015395821072161198,5
A,K,0.3|wd0.0,init,clock_excluded_acc_te,15,0.0,1.0,0.0,0.0,5
A,K,0.3|wd0.0,memo,fn_loss_tr,15,-0.4364357804719848,0.10510901558655147,0.007058640476316214,0.007039876189082861,5
A,K,0.3|wd0.0,memo,fn_acc_tr,15,-0.03119673075391651,0.9139134136329387,99.8582534790039,99.8582534790039,5
A,K,0.3|wd0.0,memo,fn_margin_tr,15,0.8510497719203702,1.2736263777852137e-05,0.17181538045406342,0.1821199655532837,5
A,K,0.3|wd0.0,memo,fn_entropy_tr,15,-0.916515138991168,5.713229912494358e-08,4.573243141174316,4.573023319244385,5
A,K,0.3|wd0.0,memo,fn_loss_te,15,0.949247822526567,2.6335578745452705e-10,0.013161160051822662,0.013662655837833881,5
A,K,0.3|wd0.0,memo,fn_acc_te,15,0.1483606065140521,0.604627447073145,0.1669955998659134,0.21253985166549683,5
A,K,0.3|wd0.0,memo,fn_margin_te,15,-0.86196066643217,6.589618199130937e-06,-0.15133965015411377,-0.16407829523086548,5
A,K,0.3|wd0.0,memo,fn_entropy_te,15,-0.916515138991168,5.713229912494358e-08,4.573286533355713,4.573047637939453,5
A,K,0.3|wd0.0,memo,fn_gap_loss,15,0.916515138991168,5.713229912494358e-08,0.0061295959167182446,0.006640842650085688,5
A,K,0.3|wd0.0,memo,fn_gap_acc,15,-0.0933277359899136,0.7457560815338746,99.69125787913799,99.60016936063766,5
A,K,0.3|wd0.0,memo,fn_class_acc_gini,15,-0.1202347365603914,0.6755596639994768,0.8899530920391259,0.8699067657829405,5
A,K,0.3|wd0.0,memo,w_W1_fro,15,0.949247822526567,2.6335578745452705e-10,27.042104721069336,28.765588760375977,5
A,K,0.3|wd0.0,memo,w_W1_spec,15,0.9601587170383665,1.500446490332778e-11,3.4823927879333496,3.7077906131744385,5
A,K,0.3|wd0.0,memo,w_W1_stable_rank,15,-0.14184162865339506,0.6208194107674094,60.530391693115234,60.19077682495117,5
A,K,0.3|wd0.0,memo,w_W1_eff_rank,15,-0.4146139914483855,0.12644834969017446,170.45562603753925,170.30169940767675,5
A,K,0.3|wd0.0,memo,w_W1_sv_gini,15,0.4255248859601851,0.11545171027095363,0.2837623347225735,0.2848550694553713,5
A,K,0.3|wd0.0,memo,w_W1_entry_gini,15,0.8728715609439696,3.173342639429432e-06,0.39354342343658955,0.4019943872141216,5
A,K,0.3|wd0.0,memo,w_W1_row_gini,15,-0.2836832573067901,0.3122940573105462,0.016824839758685206,0.016309842142330888,5
A,K,0.3|wd0.0,memo,w_W1_row_pr,15,0.4255248859601851,0.11545171027095363,0.9990954757303311,0.999153033323409,5
A,K,0.3|wd0.0,memo,w_W1_dist_init,15,0.9710696115501661,2.636913279660917e-13,17.162141799926758,18.456979751586914,5
A,K,0.3|wd0.0,memo,w_W1_rel_dist_init,15,0.9601587170383665,1.500446490332778e-11,1.0684888748531056,1.150445508829253,5
A,K,0.3|wd0.0,memo,w_W1_cos_init,15,0.8946933499675687,5.571273327797034e-07,0.8014534711837769,0.8072580099105835,5
A,K,0.3|wd0.0,memo,w_W2_fro,15,-0.8183170883849714,6.618137243945953e-05,15.40698528289795,14.990998268127441,5
A,K,0.3|wd0.0,memo,w_W2_spec,15,-0.49099025303098287,0.062675779012202,2.4454023838043213,2.3813421726226807,5
A,K,0.3|wd0.0,memo,w_W2_stable_rank,15,-0.32732683535398854,0.23911154774545884,39.9933967590332,39.7787971496582,5
A,K,0.3|wd0.0,memo,w_W2_eff_rank,15,-0.720119037778775,0.001660693268819124,91.48580866478903,91.16822605895007,5
A,K,0.3|wd0.0,memo,w_W2_sv_gini,15,0.720119037778775,0.001660693268819124,0.19100695895446118,0.19619149280602666,5
A,K,0.3|wd0.0,memo,w_W2_entry_gini,15,0.774673510337773,0.0003507055528598205,0.43131865530200564,0.4377141028231899,5
A,K,0.3|wd0.0,memo,w_W2_row_gini,15,0.545544725589981,0.03399879704460135,0.08352439142272838,0.0903673112080896,5
A,K,0.3|wd0.0,memo,w_W2_row_pr,15,-0.720119037778775,0.001660693268819124,0.9791390938002467,0.975729105316051,5
A,K,0.3|wd0.0,memo,w_W2_dist_init,15,-0.8183170883849714,6.618137243945953e-05,15.390551567077637,14.975285530090332,5
A,K,0.3|wd0.0,memo,w_W2_rel_dist_init,15,-0.829227982896771,4.004038960640279e-05,24.972210417916273,24.27066455756013,5
A,K,0.3|wd0.0,memo,w_W2_cos_init,15,-0.5346338310781814,0.0387603526366733,0.04668256267905235,0.0460384301841259,5
A,K,0.3|wd0.0,memo,w_all_norm,15,0.9383369280147672,2.3445069934935992e-09,31.123152527543134,32.40881023195219,5
A,K,0.3|wd0.0,memo,w_all_rel_norm,15,0.9601587170383665,1.500446490332778e-11,1.9396033651860052,2.020133670870797,5
A,K,0.3|wd0.0,memo,w_all_dist_init,15,0.916515138991168,5.713229912494358e-08,23.052292482520457,23.76803059275678,5
A,K,0.3|wd0.0,memo,w_all_rel_dist_init,15,0.916515138991168,5.713229912494358e-08,1.4344344499415569,1.4779371693911176,5
A,K,0.3|wd0.0,memo,w_all_cos_init,15,0.9710696115501661,2.636913279660917e-13,0.6971000721148218,0.7166020337882357,5
A,K,0.3|wd0.0,memo,rep_between_within_tr,15,-0.9383369280147672,2.3445069934935992e-09,0.10950811182598943,0.10023601636588578,5
A,K,0.3|wd0.0,memo,rep_nc1_tr,15,0.7528517213141737,0.0006910482238175549,4.10626059362744,4.374570707251386,5
A,K,0.3|wd0.0,memo,rep_eff_rank_te,15,-0.8510497719203702,1.2736263777852137e-05,247.3704003851905,246.24720865357844,5
A,K,0.3|wd0.0,memo,rep_pr_te,15,-0.8074061938731718,0.00010524350141213583,195.0150335399324,188.45236418223496,5
A,K,0.3|wd0.0,memo,rep_unit_gini_te,15,0.14184162865339506,0.6208194107674094,0.06292338394041974,0.06704384015677523,5
A,K,0.3|wd0.0,memo,rep_unit_pr_te,15,-0.229128784747792,0.41905015022367575,0.9876340150017332,0.9855607120556236,5
A,K,0.3|wd0.0,memo,rep_between_within_te,15,-0.7528517213141737,0.0006910482238175549,0.015343682218302407,0.014157542615545702,5
A,K,0.3|wd0.0,memo,unit_interaction_share,15,-0.9383369280147672,2.3445069934935992e-09,0.561379685964065,0.5295025903139788,5
A,K,0.3|wd0.0,memo,unit_frac_interacting,15,-0.9717064276596887,1.9693815847913746e-13,0.9375,0.79296875,5
A,K,0.3|wd0.0,memo,add_share_a,15,-0.8837824554557693,1.4017600333217173e-06,0.11406615164131148,0.10592879044472514,5
A,K,0.3|wd0.0,memo,add_share_b,15,-0.7637626158259734,0.0004975747231020245,0.11668287062426774,0.10751661996774042,5
A,K,0.3|wd0.0,memo,add_share_interaction,15,0.8837824554557693,1.4017600333217173e-06,0.7694781533659312,0.7878386432078306,5
A,K,0.3|wd0.0,memo,add_acc_interaction_tr,15,-0.15469849363075236,0.5890393426648577,99.57476806640625,99.39759063720703,5
A,K,0.3|wd0.0,memo,add_acc_additive_tr,15,-0.2516254756815551,0.37304466050658835,12.544295310974121,12.367115020751953,5
A,K,0.3|wd0.0,memo,add_acc_no_a_tr,15,-0.29202099216738475,0.2974522270447514,99.751953125,99.53933715820312,5
A,K,0.3|wd0.0,memo,add_acc_no_b_tr,15,-0.4231024704289635,0.11783622941848855,99.78738403320312,99.57476806640625,5
A,K,0.3|wd0.0,memo,add_acc_interaction_te,15,-0.3279129178919765,0.23820520738332274,1.2296948432922363,1.1234248876571655,5
A,K,0.3|wd0.0,memo,add_acc_no_a_te,15,-0.404425932066771,0.13731776987530459,0.5313495993614197,0.39471685886383057,5
A,K,0.3|wd0.0,memo,add_acc_no_b_te,15,-0.20918311537400855,0.462042701813792,0.5617124438285828,0.5617124438285828,5
A,K,0.3|wd0.0,memo,circ_share_interaction_tr,15,0.7637626158259734,0.0004975747231020245,0.8310910542826364,0.850530239771966,5
A,K,0.3|wd0.0,memo,circ_share_marginal_tr,15,-0.7092081432669752,0.0021566267372392384,0.22511734587429869,0.21067758118940216,5
A,K,0.3|wd0.0,memo,circ_acc_interaction_tr,15,-0.06617825960083584,0.8184152219632661,99.4684636592865,99.39758777618408,5
A,K,0.3|wd0.0,memo,circ_acc_marginal_tr,15,-0.3616777720717861,0.18943476340028986,12.189935892820358,12.08362877368927,5
A,K,0.3|wd0.0,memo,circ_units_tr,15,0.49099025303098287,0.062675779012202,246.53179931640625,247.95574951171875,5
A,K,0.3|wd0.0,memo,circ_share_interaction_te,15,0.916515138991168,5.713229912494358e-08,0.7531176422225447,0.7721771420396919,5
A,K,0.3|wd0.0,memo,circ_share_marginal_te,15,-0.8728715609439696,3.173342639429432e-06,0.23417758153665846,0.21568025073249752,5
A,K,0.3|wd0.0,memo,circ_acc_interaction_te,15,-0.3876830554214901,0.15646499890147703,1.2752391397953033,1.0323364287614822,5
A,K,0.3|wd0.0,memo,circ_units_te,15,0.49099025303098287,0.062675779012202,246.53179931640625,247.95574951171875,5
A,K,0.3|wd0.0,memo,sharp_lambda_max,15,0.9601587170383665,1.500446490332778e-11,0.0047780959866940975,0.00624461006373167,5
A,K,0.3|wd0.0,memo,sharp_grad_norm,15,0.04364357804719848,0.8797533545178342,0.00010421808110550046,0.00010524438403081149,5
A,K,0.3|wd0.0,memo,sharp_lr_lambda,15,0.9601587170383665,1.500446490332778e-11,0.23890479933470488,0.3122305031865835,5
A,K,0.3|wd0.0,memo,unit_fourier_sum_share,15,-0.7637626158259734,0.0004975747231020245,0.014643523725320856,0.012937415709150999,5
A,K,0.3|wd0.0,memo,unit_fourier_diff_share,15,-0.7637626158259734,0.0004975747231020245,0.014643523632336938,0.012937415781028753,5
A,K,0.3|wd0.0,memo,unit_fourier_marginal_share,15,0.9383369280147672,2.3445069934935992e-09,0.4386203134678169,0.4704974092069623,5
A,K,0.3|wd0.0,memo,unit_fourier_other_share,15,-0.9056042444793685,1.9408679881756104e-07,0.5329367806141121,0.5036441689298898,5
A,K,0.3|wd0.0,memo,unit_sum_freq_concentration,15,-0.7092081432669752,0.0021566267372392384,0.007966611775860059,0.006676463772032749,5
A,K,0.3|wd0.0,memo,unit_n_distinct_sum_freqs,15,0.0,1.0,48.0,48.0,5
A,K,0.3|wd0.0,memo,fU_ipr,15,-0.5128120420545821,0.04969914863774635,0.02931242197983644,0.028276592707042254,5
A,K,0.3|wd0.0,memo,fU_dc_share,15,0.4364357804719848,0.10510901558655147,0.004768434262249821,0.005525227773116475,5
A,K,0.3|wd0.0,memo,fU_top1_share,15,-0.1091089451179962,0.7043350636747241,0.02385216481374031,0.023721968400342564,5
A,K,0.3|wd0.0,memo,fU_freq_gini,15,-0.32732683535398854,0.23911154774545884,0.04100420994572329,0.03949420229091927,5
A,K,0.3|wd0.0,memo,fU_freq_eff_n,15,0.31641594084218894,0.25635649462006643,47.873319607924365,47.88134685996133,5
A,K,0.3|wd0.0,memo,fV_ipr,15,-0.5346338310781814,0.0387603526366733,0.029670279853280603,0.028590865097857403,5
A,K,0.3|wd0.0,memo,fV_dc_share,15,0.5019011475427825,0.05592180893798995,0.0046003058162325805,0.005285324135235218,5
A,K,0.3|wd0.0,memo,fV_top1_share,15,-0.1854852067005935,0.5156506457292339,0.025445871255419986,0.025163605449742124,5
A,K,0.3|wd0.0,memo,fV_freq_gini,15,-0.32732683535398854,0.23911154774545884,0.050196813137850294,0.04914400541614605,5
A,K,0.3|wd0.0,memo,fV_freq_eff_n,15,0.32732683535398854,0.23911154774545884,47.80254805057453,47.810072651819574,5
A,K,0.3|wd0.0,memo,fout_ipr,15,-0.5346338310781814,0.0387603526366733,0.030524808012806937,0.029364239379214983,5
A,K,0.3|wd0.0,memo,fout_dc_share,15,-0.7855844048495725,0.00024138722824617787,0.0002545831453189279,0.00022103552020963222,5
A,K,0.3|wd0.0,memo,fout_top1_share,15,0.07637626158259733,0.7909390592571625,0.024161883778955263,0.02399330710019338,5
A,K,0.3|wd0.0,memo,fout_freq_gini,15,-0.32732683535398854,0.23911154774545884,0.037822400235461684,0.03597803857190951,5
A,K,0.3|wd0.0,memo,fout_freq_eff_n,15,0.32732683535398854,0.23911154774545884,47.891655133691344,47.90148833028058,5
A,K,0.3|wd0.0,memo,fin_uv_agree_strong,15,-0.09935808598426724,0.7298494008988478,0.65625,0.6484375,5
A,K,0.3|wd0.0,memo,fin_uvw_agree_strong,15,-0.3840451878616664,0.16083917491039926,0.5859375,0.5625,5
A,K,0.3|wd0.0,memo,fin_n_unique_freq_strong,15,0.17514236102601474,0.5398556680963487,45.0,46.0,5
A,K,0.3|wd0.0,memo,clock_share,15,-0.545544725589981,0.03399879704460135,0.02605878644043226,0.02523197191645007,5
A,K,0.3|wd0.0,memo,clock_nfreq90,15,0.4648348401006842,0.08115199281386601,39.0,39.0,5
A,K,0.3|wd0.0,memo,clock_top1_share,15,-0.25095057377139124,0.3743851884157219,0.049817206575407225,0.04898419266163684,5
A,K,0.3|wd0.0,memo,clock_freq_gini,15,-0.370970413401187,0.17719776032094695,0.26100065988727983,0.24978549678022377,5
A,K,0.3|wd0.0,memo,clock_key_jaccard_final,15,0.20227497042554388,0.4773946465005296,0.7446808510638298,0.7872340425531915,5
A,K,0.3|wd0.0,memo,clock_restricted_loss_tr,15,-0.600099198148979,0.01632045760002202,0.008739215321838856,0.008643909357488155,5
A,K,0.3|wd0.0,memo,clock_excluded_loss_tr,15,0.48007935851918326,0.0699818849171045,0.008189131505787373,0.00823686271905899,5
A,K,0.3|wd0.0,memo,clock_excluded_acc_tr,15,-0.2675559114880707,0.34213330285946575,94.25938415527344,93.7632827758789,5
A,K,0.3|wd0.0,memo,clock_restricted_loss_te,15,-0.600099198148979,0.01632045760002202,0.008739364333450794,0.008644107729196548,5
A,K,0.3|wd0.0,memo,clock_excluded_loss_te,15,0.9274260335029676,1.347152959974893e-08,0.014762734062969685,0.015395821072161198,5
A,K,0.3|wd0.0,memo,clock_excluded_acc_te,15,0.0,1.0,0.0,0.0,5
A,K,0.3|wd0.0,cross,fn_loss_tr,15,0.774673510337773,0.0003507055528598205,0.0026568109169602394,0.003578683128580451,5
A,K,0.3|wd0.0,cross,fn_margin_tr,15,-0.7528517213141737,0.0006910482238175549,0.6294252276420593,0.542253315448761,5
A,K,0.3|wd0.0,cross,fn_entropy_tr,15,0.7092081432669752,0.0021566267372392384,4.5692267417907715,4.570014476776123,5
A,K,0.3|wd0.0,cross,fn_loss_te,15,0.774673510337773,0.0003507055528598205,0.006828708108514547,0.009933441877365112,5
A,K,0.3|wd0.0,cross,fn_acc_te,15,-0.7777777777777779,0.00031614501225661184,100.0,97.03961944580078,5
A,K,0.3|wd0.0,cross,fn_margin_te,15,-0.7637626158259734,0.0004975747231020245,0.3520098030567169,0.17702719569206238,5
A,K,0.3|wd0.0,cross,fn_entropy_te,15,0.6770802658065461,0.004325541825545727,4.570452690124512,4.570748805999756,5
A,K,0.3|wd0.0,cross,fn_gap_loss,15,0.774673510337773,0.0003507055528598205,0.004171897191554308,0.006354758748784661,5
A,K,0.3|wd0.0,cross,fn_gap_acc,15,0.7777777777777779,0.00031614501225661184,0.0,2.9603805541992188,5
A,K,0.3|wd0.0,cross,fn_class_acc_gini,15,0.7777777777777779,0.00031614501225661184,0.0,0.017873742458104802,5
A,K,0.3|wd0.0,cross,w_W1_fro,15,0.916515138991168,5.713229912494358e-08,32.47124481201172,35.38384246826172,5
A,K,0.3|wd0.0,cross,w_W1_spec,15,0.9710696115501661,2.636913279660917e-13,4.185678482055664,4.708181381225586,5
A,K,0.3|wd0.0,cross,w_W1_stable_rank,15,-0.8074061938731718,0.00010524350141213583,60.330657958984375,56.04391098022461,5
A,K,0.3|wd0.0,cross,w_W1_eff_rank,15,-0.8401388774085707,2.3172139434244073e-05,171.18153757149759,170.43079015433952,5
A,K,0.3|wd0.0,cross,w_W1_sv_gini,15,0.86196066643217,6.589618199130937e-06,0.27682886451819355,0.2837021635316115,5
A,K,0.3|wd0.0,cross,w_W1_entry_gini,15,0.829227982896771,4.004038960640279e-05,0.3507969633525372,0.36296592365922176,5
A,K,0.3|wd0.0,cross,w_W1_row_gini,15,-0.8728715609439696,3.173342639429432e-06,0.0712842099708193,0.0495215847212902,5
A,K,0.3|wd0.0,cross,w_W1_row_pr,15,0.8401388774085707,2.3172139434244073e-05,0.983145577785927,0.9904946292442721,5
A,K,0.3|wd0.0,cross,w_W1_dist_init,15,0.6437427761961776,0.008086397593390459,29.963666915893555,31.418405532836914,5
A,K,0.3|wd0.0,cross,w_W1_rel_dist_init,15,0.7092081432669752,0.0021566267372392384,1.8695270580327732,1.9534430097222524,5
A,K,0.3|wd0.0,cross,w_W1_cos_init,15,0.774673510337773,0.0003507055528598205,0.39720839262008667,0.4639821946620941,5
A,K,0.3|wd0.0,cross,w_W2_fro,15,-0.9601587170383665,1.500446490332778e-11,19.90728759765625,16.914134979248047,5
A,K,0.3|wd0.0,cross,w_W2_spec,15,-0.6982972487551756,0.0027635984503722433,2.8471827507019043,2.6178901195526123,5
A,K,0.3|wd0.0,cross,w_W2_stable_rank,15,-0.6219209871725783,0.011658291760714513,48.88777542114258,42.27522277832031,5
A,K,0.3|wd0.0,cross,w_W2_eff_rank,15,-0.7637626158259734,0.0004975747231020245,94.09432672348466,93.11359108491266,5
A,K,0.3|wd0.0,cross,w_W2_sv_gini,15,0.7637626158259734,0.0004975747231020245,0.1288224818330066,0.1541696930619092,5
A,K,0.3|wd0.0,cross,w_W2_entry_gini,15,0.7092081432669752,0.0021566267372392384,0.3889033184512116,0.4085748367835291,5
A,K,0.3|wd0.0,cross,w_W2_row_gini,15,0.741940826802374,0.0009414420290027111,0.05758475413142827,0.0750151994458883,5
A,K,0.3|wd0.0,cross,w_W2_row_pr,15,-0.720119037778775,0.001660693268819124,0.989949855594071,0.9829725192799066,5
A,K,0.3|wd0.0,cross,w_W2_dist_init,15,-0.9601587170383665,1.500446490332778e-11,19.90445899963379,16.91455078125,5
A,K,0.3|wd0.0,cross,w_W2_rel_dist_init,15,-0.9710696115501661,2.636913279660917e-13,32.191551358437444,27.355962309225568,5
A,K,0.3|wd0.0,cross,w_W2_cos_init,15,0.1091089451179962,0.7043350636747241,0.02133871801197529,0.025105999782681465,5
A,K,0.3|wd0.0,cross,w_all_norm,15,0.720119037778775,0.001660693268819124,38.087817463559084,39.26498512411331,5
A,K,0.3|wd0.0,cross,w_all_rel_norm,15,0.8837824554557693,1.4017600333217173e-06,2.3706197891568155,2.440710042538841,5
A,K,0.3|wd0.0,cross,w_all_dist_init,15,-0.4255248859601851,0.11545171027095363,35.97233413492536,35.682183710603844,5
A,K,0.3|wd0.0,cross,w_all_rel_dist_init,15,-0.600099198148979,0.01632045760002202,2.242758303308467,2.218994878526385,5
A,K,0.3|wd0.0,cross,w_all_cos_init,15,0.8183170883849714,6.618137243945953e-05,0.3387879185929095,0.41877021702828526,5
A,K,0.3|wd0.0,cross,rep_between_within_tr,15,-0.774673510337773,0.0003507055528598205,0.37889850598485136,0.26712094887862553,5
A,K,0.3|wd0.0,cross,rep_nc1_tr,15,0.7637626158259734,0.0004975747231020245,0.8438230091083769,1.3059200673311366,5
A,K,0.3|wd0.0,cross,rep_eff_rank_te,15,0.7092081432669752,0.0021566267372392384,242.46815362727813,244.19152676233887,5
A,K,0.3|wd0.0,cross,rep_pr_te,15,0.6437427761961776,0.008086397593390459,155.78171095220674,165.75161519859384,5
A,K,0.3|wd0.0,cross,rep_unit_gini_te,15,-0.8728715609439696,3.173342639429432e-06,0.24679350381491982,0.17337875567861794,5
A,K,0.3|wd0.0,cross,rep_unit_pr_te,15,0.741940826802374,0.0009414420290027111,0.8016036267703073,0.8654212475761737,5
A,K,0.3|wd0.0,cross,rep_between_within_te,15,-0.7964952993613722,0.00016178840059113533,0.2693047004781348,0.16102310105084341,5
A,K,0.3|wd0.0,cross,unit_interaction_share,15,-0.8728715609439696,3.173342639429432e-06,0.6954273790314284,0.6367230578710389,5
A,K,0.3|wd0.0,cross,unit_frac_interacting,15,-0.47805084321194574,0.07140269176191831,0.96875,0.93359375,5
A,K,0.3|wd0.0,cross,add_share_a,15,0.720119037778775,0.001660693268819124,0.03225792151711786,0.039416638613677175,5
A,K,0.3|wd0.0,cross,add_share_b,15,0.720119037778775,0.001660693268819124,0.03167052037868843,0.04022630863094018,5
A,K,0.3|wd0.0,cross,add_share_interaction,15,-0.720119037778775,0.001660693268819124,0.935909394397871,0.9201863728947332,5
A,K,0.3|wd0.0,cross,add_acc_additive_tr,15,0.523433853884935,0.04413111175366195,8.008504867553711,8.823529243469238,5
A,K,0.3|wd0.0,cross,add_acc_interaction_te,15,-0.7641300523092291,0.0004919246409770134,100.0,98.90693664550781,5
A,K,0.3|wd0.0,cross,add_acc_additive_te,15,-0.6503606204857534,0.007190776233294384,0.31880977749824524,0.07590708881616592,5
A,K,0.3|wd0.0,cross,add_acc_no_a_te,15,-0.6619698699195048,0.005806635275274581,100.0,98.08714294433594,5
A,K,0.3|wd0.0,cross,add_acc_no_b_te,15,-0.7218861356719065,0.0015897566044562057,100.0,98.0416030883789,5
A,K,0.3|wd0.0,cross,circ_share_interaction_tr,15,0.44734667498378433,0.09540649063206,0.9648528939940256,0.966463100729629,5
A,K,0.3|wd0.0,cross,circ_share_marginal_tr,15,0.7528517213141737,0.0006910482238175549,0.06538282913590289,0.08691991038959862,5
A,K,0.3|wd0.0,cross,circ_acc_marginal_tr,15,0.5137302380307632,0.049199042772127215,7.618710398674011,8.29199105501175,5
A,K,0.3|wd0.0,cross,circ_units_tr,15,-0.31641594084218894,0.25635649462006643,124.52694702148438,121.41785430908203,5
A,K,0.3|wd0.0,cross,circ_share_interaction_te,15,-0.720119037778775,0.001660693268819124,0.931539025712219,0.9133894675941594,5
A,K,0.3|wd0.0,cross,circ_share_marginal_te,15,0.720119037778775,0.001660693268819124,0.07130834643861958,0.08755595701905496,5
A,K,0.3|wd0.0,cross,circ_acc_interaction_te,15,-0.751492445975702,0.0007189135698705746,100.0,98.72475862503052,5
A,K,0.3|wd0.0,cross,circ_acc_marginal_te,15,-0.7548764270446653,0.0006511700115860511,0.36435401998460293,0.045544252498075366,5
A,K,0.3|wd0.0,cross,circ_units_te,15,-0.31641594084218894,0.25635649462006643,124.52694702148438,121.41785430908203,5
A,K,0.3|wd0.0,cross,sharp_lambda_max,15,0.8946933499675687,5.571273327797034e-07,0.010605206713080406,0.014379789121448994,5
A,K,0.3|wd0.0,cross,sharp_grad_norm,15,0.39279220242478624,0.15045123823294082,0.00010229882173007354,0.00010835452121682465,5
A,K,0.3|wd0.0,cross,sharp_lr_lambda,15,0.8946933499675687,5.571273327797034e-07,0.5302603356540203,0.7189894560724497,5
A,K,0.3|wd0.0,cross,unit_fourier_sum_share,15,-0.774673510337773,0.0003507055528598205,0.2163008200105356,0.14229689205957294,5
A,K,0.3|wd0.0,cross,unit_fourier_diff_share,15,-0.774673510337773,0.0003507055528598205,0.21630082295811875,0.14229689011270188,5
A,K,0.3|wd0.0,cross,unit_fourier_marginal_share,15,0.8728715609439696,3.173342639429432e-06,0.3045726210204444,0.36327694070482963,5
A,K,0.3|wd0.0,cross,unit_fourier_other_share,15,0.774673510337773,0.0003507055528598205,0.2628257360109012,0.35212927712289555,5
A,K,0.3|wd0.0,cross,unit_sum_freq_concentration,15,-0.774673510337773,0.0003507055528598205,0.21344006416292943,0.13820850168987253,5
A,K,0.3|wd0.0,cross,fU_ipr,15,-0.7637626158259734,0.0004975747231020245,0.2090888548828073,0.15794344691492496,5
A,K,0.3|wd0.0,cross,fU_dc_share,15,0.741940826802374,0.0009414420290027111,0.003779718768654946,0.005481806306056259,5
A,K,0.3|wd0.0,cross,fU_top1_share,15,0.8837824554557693,1.4017600333217173e-06,0.026178530354916973,0.027271284172503945,5
A,K,0.3|wd0.0,cross,fU_freq_gini,15,0.8946933499675687,5.571273327797034e-07,0.09001983775505495,0.09799363322680033,5
A,K,0.3|wd0.0,cross,fU_freq_eff_n,15,-0.8401388774085707,2.3172139434244073e-05,47.39132410652555,47.28686005253566,5
A,K,0.3|wd0.0,cross,fV_ipr,15,-0.741940826802374,0.0009414420290027111,0.2082717042294277,0.1571173556642737,5
A,K,0.3|wd0.0,cross,fV_dc_share,15,0.7964952993613722,0.00016178840059113533,0.0035908576232546547,0.004734687119701602,5
A,K,0.3|wd0.0,cross,fV_top1_share,15,0.44734667498378433,0.09540649063206,0.02701498169179118,0.027744512101874976,5
A,K,0.3|wd0.0,cross,fV_freq_gini,15,0.8074061938731718,0.00010524350141213583,0.08498679513325613,0.09799111649814662,5
A,K,0.3|wd0.0,cross,fV_freq_eff_n,15,-0.7528517213141737,0.0006910482238175549,47.43045231283406,47.292070406266845,5
A,K,0.3|wd0.0,cross,fout_ipr,15,-0.7637626158259734,0.0004975747231020245,0.2090189234869279,0.15810894993662983,5
A,K,0.3|wd0.0,cross,fout_dc_share,15,-0.8074061938731718,0.00010524350141213583,8.171915415942808e-05,7.559260824234775e-05,5
A,K,0.3|wd0.0,cross,fout_top1_share,15,0.44734667498378433,0.09540649063206,0.023602419948402224,0.02461908597627094,5
A,K,0.3|wd0.0,cross,fout_freq_gini,15,0.14184162865339506,0.6208194107674094,0.03348982844202797,0.03258692900028359,5
A,K,0.3|wd0.0,cross,fout_freq_eff_n,15,-0.20730699572419276,0.46618903003422607,47.91785255961152,47.92007324735744,5
A,K,0.3|wd0.0,cross,fin_uv_agree_strong,15,-0.875631017403416,2.603792653116055e-06,1.0,0.9453125,5
A,K,0.3|wd0.0,cross,fin_uvw_agree_strong,15,-0.7534965224510294,0.0006781393542232655,0.9921875,0.921875,5
A,K,0.3|wd0.0,cross,fin_n_unique_freq_strong,15,0.23870495801314434,0.3991369461191814,47.0,47.0,5
A,K,0.3|wd0.0,cross,clock_share,15,-0.774673510337773,0.0003507055528598205,0.5315816072114451,0.36316839731299105,5
A,K,0.3|wd0.0,cross,clock_nfreq90,15,-0.589434914865153,0.019052463690861096,34.0,31.0,5
A,K,0.3|wd0.0,cross,clock_top1_share,15,0.7855844048495725,0.00024138722824617787,0.0444648239308176,0.06278867926281319,5
A,K,0.3|wd0.0,cross,clock_freq_gini,15,0.600099198148979,0.01632045760002202,0.3395436467008801,0.4639646065235412,5
A,K,0.3|wd0.0,cross,clock_key_jaccard_final,15,-0.4215777718829628,0.11935367131306424,0.6595744680851063,0.6222222222222222,5
A,K,0.3|wd0.0,cross,clock_restricted_loss_tr,15,0.741940826802374,0.0009414420290027111,0.0028548031114041805,0.0038894128520041704,5
A,K,0.3|wd0.0,cross,clock_excluded_loss_tr,15,-0.5564556201017806,0.029677943085239838,0.008645364083349705,0.008504797704517841,5
A,K,0.3|wd0.0,cross,clock_excluded_acc_tr,15,0.5673665146135802,0.025773890734503396,86.10914611816406,88.37703704833984,5
A,K,0.3|wd0.0,cross,clock_restricted_loss_te,15,0.741940826802374,0.0009414420290027111,0.0028550303541123867,0.003889658721163869,5
A,K,0.3|wd0.0,cross,clock_excluded_loss_te,15,0.8074061938731718,0.00010524350141213583,0.014759904704988003,0.01684199832379818,5
A,K,0.3|wd0.0,cross,clock_excluded_acc_te,15,-0.720119037778775,0.001660693268819124,2.246849775314331,0.546531081199646,5
A,K,0.3|wd0.0,end,fn_loss_tr,15,0.8837824554557693,1.4017600333217173e-06,3.056064451811835e-05,7.756567356409505e-05,5
A,K,0.3|wd0.0,end,fn_margin_tr,15,-0.8728715609439696,3.173342639429432e-06,0.9831618666648865,0.971973180770874,5
A,K,0.3|wd0.0,end,fn_entropy_tr,15,0.8143170794317418,7.878112489610567e-05,4.564824104309082,4.5648980140686035,5
A,K,0.3|wd0.0,end,fn_loss_te,15,0.916515138991168,5.713229912494358e-08,0.00021796459623146802,0.0003482797765173018,5
A,K,0.3|wd0.0,end,fn_margin_te,15,-0.933715527846124,5.138364292651264e-09,0.9680134057998657,0.9467601180076599,5
A,K,0.3|wd0.0,end,fn_entropy_te,15,0.8401388774085707,2.3172139434244073e-05,4.564838409423828,4.564980983734131,5
A,K,0.3|wd0.0,end,fn_gap_loss,15,0.916515138991168,5.713229912494358e-08,0.0001841992634581402,0.00027071410295320675,5
A,K,0.3|wd0.0,end,w_W1_fro,15,0.949247822526567,2.6335578745452705e-10,36.45618438720703,41.094322204589844,5
A,K,0.3|wd0.0,end,w_W1_spec,15,-0.032732683535398856,0.9096897643267184,9.574785232543945,9.30357551574707,5
A,K,0.3|wd0.0,end,w_W1_stable_rank,15,0.741940826802374,0.0009414420290027111,14.535334587097168,19.135042190551758,5
A,K,0.3|wd0.0,end,w_W1_eff_rank,15,-0.2182178902359924,0.44231921872935054,164.2613546051742,164.27231701812653,5
A,K,0.3|wd0.0,end,w_W1_sv_gini,15,0.5782774091253797,0.02226248391666498,0.31658206230337327,0.319793464224307,5
A,K,0.3|wd0.0,end,w_W1_entry_gini,15,0.7310299322905746,0.0012603584344841232,0.3899612677956512,0.4090644841337281,5
A,K,0.3|wd0.0,end,w_W1_row_gini,15,-0.09819805060619656,0.7329019916291797,0.10434490346226588,0.10234432470962673,5
A,K,0.3|wd0.0,end,w_W1_row_pr,15,-0.16366341767699427,0.5672598672222222,0.9678597597817166,0.9674252868157375,5
A,K,0.3|wd0.0,end,w_W1_dist_init,15,0.949247822526567,2.6335578745452705e-10,36.93155288696289,40.85980987548828,5
A,K,0.3|wd0.0,end,w_W1_rel_dist_init,15,0.8946933499675687,5.571273327797034e-07,2.3037193013522828,2.5509217210664414,5
A,K,0.3|wd0.0,end,w_W1_cos_init,15,0.7310299322905746,0.0012603584344841232,0.19023524224758148,0.20823641121387482,5
A,K,0.3|wd0.0,end,w_W2_fro,15,-0.949247822526567,2.6335578745452705e-10,23.088714599609375,19.84955406188965,5
A,K,0.3|wd0.0,end,w_W2_spec,15,-0.4691684640073836,0.07786000619295554,3.3904387950897217,3.1408867835998535,5
A,K,0.3|wd0.0,end,w_W2_stable_rank,15,-0.8510497719203702,1.2736263777852137e-05,46.89885711669922,39.93960189819336,5
A,K,0.3|wd0.0,end,w_W2_eff_rank,15,-0.8074061938731718,0.00010524350141213583,92.85827064883243,91.81709251995025,5
A,K,0.3|wd0.0,end,w_W2_sv_gini,15,0.86196066643217,6.589618199130937e-06,0.15774251172961873,0.18128693461256074,5
A,K,0.3|wd0.0,end,w_W2_entry_gini,15,0.8837824554557693,1.4017600333217173e-06,0.3589041181352217,0.4064240675311732,5
A,K,0.3|wd0.0,end,w_W2_row_gini,15,0.741940826802374,0.0009414420290027111,0.014595140527534411,0.015895653094486262,5
A,K,0.3|wd0.0,end,w_W2_row_pr,15,-0.8074061938731718,0.00010524350141213583,0.9993245599200664,0.9991959586544912,5
A,K,0.3|wd0.0,end,w_W2_dist_init,15,-0.949247822526567,2.6335578745452705e-10,23.087278366088867,19.853044509887695,5
A,K,0.3|wd0.0,end,w_W2_rel_dist_init,15,-0.9383369280147672,2.3445069934935992e-09,37.33913628409421,32.108398523825876,5
A,K,0.3|wd0.0,end,w_W2_cos_init,15,-0.02182178902359924,0.9397334404525235,0.009098117239773273,0.009929722175002098,5
A,K,0.3|wd0.0,end,w_all_norm,15,0.8837824554557693,1.4017600333217173e-06,43.1482296325448,45.54390481151759,5
A,K,0.3|wd0.0,end,w_all_rel_norm,15,0.7637626158259734,0.0004975747231020245,2.690152101848063,2.845503973551635,5
A,K,0.3|wd0.0,end,w_all_dist_init,15,0.7310299322905746,0.0012603584344841232,43.54885970859432,45.334446718198585,5
A,K,0.3|wd0.0,end,w_all_rel_dist_init,15,0.6764754597315764,0.004378458068795629,2.7149874297166647,2.833657196514988,5
A,K,0.3|wd0.0,end,w_all_cos_init,15,0.8837824554557693,1.4017600333217173e-06,0.16091300250004678,0.18753796194313785,5
A,K,0.3|wd0.0,end,rep_between_within_tr,15,-0.741940826802374,0.0009414420290027111,0.46189413597862183,0.3487375996010678,5
A,K,0.3|wd0.0,end,rep_nc1_tr,15,0.6982972487551756,0.0027635984503722433,0.5143028488153266,0.8319945308141345,5
A,K,0.3|wd0.0,end,rep_eff_rank_te,15,-0.720119037778775,0.001660693268819124,228.528967400334,224.6592707611899,5
A,K,0.3|wd0.0,end,rep_pr_te,15,-0.741940826802374,0.0009414420290027111,130.82125816806052,110.74438773980101,5
A,K,0.3|wd0.0,end,rep_unit_gini_te,15,0.5019011475427825,0.05592180893798995,0.2826135882031462,0.3002784036427273,5
A,K,0.3|wd0.0,end,rep_unit_pr_te,15,-0.720119037778775,0.001660693268819124,0.7869000305223651,0.6932723385673798,5
A,K,0.3|wd0.0,end,rep_between_within_te,15,-0.6328318816843779,0.00974764573320172,0.4229518596879368,0.3185906601524827,5
A,K,0.3|wd0.0,end,unit_interaction_share,15,-0.6219209871725783,0.011658291760714513,0.6046117864303184,0.508742192741134,5
A,K,0.3|wd0.0,end,unit_frac_interacting,15,-0.21507934370271645,0.449124718808539,0.609375,0.578125,5
A,K,0.3|wd0.0,end,add_share_a,15,0.6437427761961776,0.008086397593390459,0.0009057011601039969,0.0015760618978146968,5
A,K,0.3|wd0.0,end,add_share_b,15,0.7855844048495725,0.00024138722824617787,0.0009370933792134001,0.001648999221571822,5
A,K,0.3|wd0.0,end,add_share_interaction,15,-0.7855844048495725,0.00024138722824617787,0.9981699340589371,0.9965640484923218,5
A,K,0.3|wd0.0,end,add_acc_additive_tr,15,0.31898963300538824,0.2522251537877081,1.5946136713027954,1.771793007850647,5
A,K,0.3|wd0.0,end,add_acc_additive_te,15,0.02739983121755955,0.9243628317117307,1.1234248876571655,1.108243465423584,5
A,K,0.3|wd0.0,end,circ_share_interaction_tr,15,-0.6437427761961776,0.008086397593390459,1.1032922308061386,1.067340838148281,5
A,K,0.3|wd0.0,end,circ_share_marginal_tr,15,-0.6110100926607787,0.013841381659124526,0.10683491537817094,0.07172687791444735,5
A,K,0.3|wd0.0,end,circ_acc_marginal_tr,15,0.5669963390400757,0.025899772477706615,1.1693834327161312,1.4528702944517136,5
A,K,0.3|wd0.0,end,circ_units_tr,15,-0.8837824554557693,1.4017600333217173e-06,119.77671813964844,74.42505645751953,5
A,K,0.3|wd0.0,end,circ_share_interaction_te,15,-0.6764754597315764,0.004378458068795629,1.0960961548080224,1.0572318978131696,5
A,K,0.3|wd0.0,end,circ_share_marginal_te,15,-0.6437427761961776,0.008086397593390459,0.10465139779965285,0.07053442881177129,5
A,K,0.3|wd0.0,end,circ_acc_marginal_te,15,0.08775855730505569,0.7605271468160837,1.2296948581933975,1.3207833282649517,5
A,K,0.3|wd0.0,end,circ_units_te,15,-0.8837824554557693,1.4017600333217173e-06,119.77671813964844,74.42505645751953,5
A,K,0.3|wd0.0,end,sharp_lambda_max,15,0.86196066643217,6.589618199130937e-06,0.019806325435638428,0.031045963987708092,5
A,K,0.3|wd0.0,end,sharp_grad_norm,15,0.9710696115501661,2.636913279660917e-13,6.518123427667888e-06,2.9247883503558114e-05,5
A,K,0.3|wd0.0,end,sharp_lr_lambda,15,0.86196066643217,6.589618199130937e-06,0.9903162717819214,1.5522981993854046,5
A,K,0.3|wd0.0,end,unit_fourier_sum_share,15,-0.6546536707079771,0.006652115282469617,0.29531048066637006,0.23831013650929614,5
A,K,0.3|wd0.0,end,unit_fourier_diff_share,15,-0.6546536707079771,0.006652115282469617,0.29531046955282686,0.23831013855459923,5
A,K,0.3|wd0.0,end,unit_fourier_marginal_share,15,0.6219209871725783,0.011658291760714513,0.3953882117821385,0.49125780211953723,5
A,K,0.3|wd0.0,end,unit_fourier_other_share,15,0.8074061938731718,0.00010524350141213583,0.01505616569509427,0.03212192281656745,5
A,K,0.3|wd0.0,end,unit_sum_freq_concentration,15,-0.6546536707079771,0.006652115282469617,0.2952155138284282,0.23806821522424224,5
A,K,0.3|wd0.0,end,fU_ipr,15,-0.741940826802374,0.0009414420290027111,0.4184932772273729,0.37229114802763585,5
A,K,0.3|wd0.0,end,fU_dc_share,15,-0.5891883036371794,0.01911943619756852,0.06841469510987983,0.049378725021049695,5
A,K,0.3|wd0.0,end,fU_top1_share,15,0.3382377298657882,0.22257310801269975,0.02857506085038958,0.030723901368125837,5
A,K,0.3|wd0.0,end,fU_nfreq90,15,0.0,1.0,42.0,42.0,5
A,K,0.3|wd0.0,end,fU_freq_gini,15,0.49099025303098287,0.062675779012202,0.07860981636128872,0.090987317196362,5
A,K,0.3|wd0.0,end,fU_freq_eff_n,15,-0.545544725589981,0.03399879704460135,47.447246484131576,47.3716772086602,5
A,K,0.3|wd0.0,end,fV_ipr,15,-0.7528517213141737,0.0006910482238175549,0.4197846612546151,0.370373342936242,5
A,K,0.3|wd0.0,end,fV_dc_share,15,-0.774673510337773,0.0003507055528598205,0.06590764876897462,0.05320143762553008,5
A,K,0.3|wd0.0,end,fV_top1_share,15,0.1091089451179962,0.7043350636747241,0.0321324742368892,0.031368471005033594,5
A,K,0.3|wd0.0,end,fV_nfreq90,15,-0.2834733547569204,0.31267287874641503,42.0,42.0,5
A,K,0.3|wd0.0,end,fV_freq_gini,15,0.2727723627949905,0.3323198540082604,0.08432541087018408,0.09091243808765559,5
A,K,0.3|wd0.0,end,fV_freq_eff_n,15,-0.2182178902359924,0.44231921872935054,47.40341382231587,47.31693937719701,5
A,K,0.3|wd0.0,end,fout_ipr,15,-0.5346338310781814,0.0387603526366733,0.32368121211512124,0.3130064822414208,5
A,K,0.3|wd0.0,end,fout_dc_share,15,-0.0545544725589981,0.849959537030684,0.00010991584423854093,0.00010649939117650124,5
A,K,0.3|wd0.0,end,fout_top1_share,15,0.5346338310781814,0.0387603526366733,0.02871626684772602,0.031186507832760765,5
A,K,0.3|wd0.0,end,fout_nfreq90,15,0.1889822365046136,0.507574885077882,42.0,42.0,5
A,K,0.3|wd0.0,end,fout_freq_gini,15,0.5782774091253797,0.02226248391666498,0.07822967263175151,0.08949511315713221,5
A,K,0.3|wd0.0,end,fout_freq_eff_n,15,-0.5346338310781814,0.0387603526366733,47.49880614509072,47.351493087992836,5
A,K,0.3|wd0.0,end,fin_uv_agree_strong,15,0.056343616981901115,0.8450900332267544,1.0,1.0,5
A,K,0.3|wd0.0,end,fin_uvw_agree_strong,15,0.49492570787005974,0.06017709743542339,0.984375,1.0,5
A,K,0.3|wd0.0,end,fin_n_unique_freq_strong,15,0.4283597360771242,0.11270213915232996,47.0,48.0,5
A,K,0.3|wd0.0,end,clock_share,15,-0.9056042444793685,1.9408679881756104e-07,0.9841566805120935,0.974024461057011,5
A,K,0.3|wd0.0,end,clock_top1_share,15,0.7528517213141737,0.0006910482238175549,0.02111309802760125,0.021335390180050286,5
A,K,0.3|wd0.0,end,clock_freq_gini,15,0.6437427761961776,0.008086397593390459,0.0038239537080699826,0.006838319595482423,5
A,K,0.3|wd0.0,end,clock_restricted_loss_tr,15,0.9601587170383665,1.500446490332778e-11,0.0008507183520123363,0.0008518833783455193,5
A,K,0.3|wd0.0,end,clock_excluded_loss_tr,15,-0.5673665146135802,0.025773890734503396,0.009338036179542542,0.009332810528576374,5
A,K,0.3|wd0.0,end,clock_excluded_acc_tr,15,-0.4255248859601851,0.11545171027095363,94.25938415527344,81.89227294921875,5
A,K,0.3|wd0.0,end,clock_restricted_loss_te,15,0.9601587170383665,1.500446490332778e-11,0.0008508041501045227,0.000852033554110676,5
A,K,0.3|wd0.0,end,clock_excluded_loss_te,15,0.9274260335029676,1.347152959974893e-08,0.009590765461325645,0.009740499779582024,5
A,K,0.3|wd0.0,end,clock_excluded_acc_te,15,-0.4364357804719848,0.10510901558655147,62.91179656982422,43.29740524291992,5
A,dirichlet,0.3|wd0.0,init,fn_loss_tr,15,0.0,1.0,0.007050262298434973,0.00705250957980752,5
A,dirichlet,0.3|wd0.0,init,fn_acc_tr,15,0.6599663291074445,0.006029361251096172,99.8582534790039,99.92912292480469,5
A,dirichlet,0.3|wd0.0,init,fn_margin_tr,15,0.4037030969365859,0.1381112563670651,0.1741953045129776,0.17537778615951538,5
A,dirichlet,0.3|wd0.0,init,fn_entropy_tr,15,-0.600099198148979,0.01632045760002202,4.573208332061768,4.573163032531738,5
A,dirichlet,0.3|wd0.0,init,fn_loss_te,15,0.8183170883849714,6.618137243945953e-05,0.013239203952252865,0.013370812870562077,5
A,dirichlet,0.3|wd0.0,init,fn_acc_te,15,0.3535965568702911,0.20049137315971205,0.18217700719833374,0.24290268123149872,5
A,dirichlet,0.3|wd0.0,init,fn_margin_te,15,-0.370970413401187,0.17719776032094695,-0.15349292755126953,-0.15559972822666168,5
A,dirichlet,0.3|wd0.0,init,fn_entropy_te,15,-0.7637626158259734,0.0004975747231020245,4.573249816894531,4.573179721832275,5
A,dirichlet,0.3|wd0.0,init,fn_gap_loss,15,0.6655645652197768,0.00542309317145814,0.006213441025465727,0.006329957861453295,5
A,dirichlet,0.3|wd0.0,init,fn_gap_acc,15,0.027474186391491132,0.9241580899886402,99.67607647180557,99.68622024357319,5
A,dirichlet,0.3|wd0.0,init,fn_class_acc_gini,15,-0.20203201479711455,0.47793876791256107,0.8798187604906338,0.8559087934652954,5
A,dirichlet,0.3|wd0.0,init,w_W1_fro,15,0.949247822526567,2.6335578745452705e-10,27.23521614074707,29.227642059326172,5
A,dirichlet,0.3|wd0.0,init,w_W1_spec,15,0.949247822526567,2.6335578745452705e-10,3.505847692489624,3.7646799087524414,5
A,dirichlet,0.3|wd0.0,init,w_W1_stable_rank,15,-0.19639610121239312,0.49063990002390784,60.49135971069336,60.27619552612305,5
A,dirichlet,0.3|wd0.0,init,w_W1_eff_rank,15,-0.6219209871725783,0.011658291760714513,170.45142684099173,170.20393444699056,5
A,dirichlet,0.3|wd0.0,init,w_W1_sv_gini,15,0.48007935851918326,0.0699818849171045,0.28386592496717755,0.2852220423111702,5
A,dirichlet,0.3|wd0.0,init,w_W1_entry_gini,15,0.2836832573067901,0.3122940573105462,0.3947011525836204,0.39503888926987196,5
A,dirichlet,0.3|wd0.0,init,w_W1_row_gini,15,0.8074061938731718,0.00010524350141213583,0.01655147381043265,0.020507411587296742,5
A,dirichlet,0.3|wd0.0,init,w_W1_row_pr,15,-0.720119037778775,0.001660693268819124,0.9991255121950791,0.9986802386905559,5
A,dirichlet,0.3|wd0.0,init,w_W1_dist_init,15,0.949247822526567,2.6335578745452705e-10,17.313447952270508,18.78186798095703,5
A,dirichlet,0.3|wd0.0,init,w_W1_rel_dist_init,15,0.9601587170383665,1.500446490332778e-11,1.0778735425380506,1.174410895132417,5
A,dirichlet,0.3|wd0.0,init,w_W1_cos_init,15,0.9383369280147672,2.3445069934935992e-09,0.801884114742279,0.8094621300697327,5
A,dirichlet,0.3|wd0.0,init,w_W2_fro,15,-0.949247822526567,2.6335578745452705e-10,15.417691230773926,13.903935432434082,5
A,dirichlet,0.3|wd0.0,init,w_W2_spec,15,-0.774673510337773,0.0003507055528598205,2.446035861968994,2.2606539726257324,5
A,dirichlet,0.3|wd0.0,init,w_W2_stable_rank,15,-0.5237229365663817,0.043986130070219155,40.023162841796875,37.82802963256836,5
A,dirichlet,0.3|wd0.0,init,w_W2_eff_rank,15,-0.8837824554557693,1.4017600333217173e-06,91.4645654728779,90.30481901338202,5
A,dirichlet,0.3|wd0.0,init,w_W2_sv_gini,15,0.8510497719203702,1.2736263777852137e-05,0.1913111392619049,0.21099172162028568,5
A,dirichlet,0.3|wd0.0,init,w_W2_entry_gini,15,-0.25095057377139124,0.3743851884157219,0.4324755550376831,0.4304722358811115,5
A,dirichlet,0.3|wd0.0,init,w_W2_row_gini,15,0.06546536707079771,0.820343271117467,0.08457038713079656,0.08386794168201983,5
A,dirichlet,0.3|wd0.0,init,w_W2_row_pr,15,-0.04364357804719848,0.8797533545178342,0.9786724931985145,0.978396857503917,5
A,dirichlet,0.3|wd0.0,init,w_W2_dist_init,15,-0.949247822526567,2.6335578745452705e-10,15.401296615600586,13.890179634094238,5
A,dirichlet,0.3|wd0.0,init,w_W2_rel_dist_init,15,-0.9601587170383665,1.500446490332778e-11,24.98964498557919,22.471795714440553,5
A,dirichlet,0.3|wd0.0,init,w_W2_cos_init,15,-0.6546536707079771,0.006652115282469617,0.04666073992848396,0.043927863240242004,5
A,dirichlet,0.3|wd0.0,init,w_all_norm,15,0.8837824554557693,1.4017600333217173e-06,31.29636082870807,32.34901496673871,5
A,dirichlet,0.3|wd0.0,init,w_all_rel_norm,15,0.8837824554557693,1.4017600333217173e-06,1.9503607382285602,2.0199462514955697,5
A,dirichlet,0.3|wd0.0,init,w_all_dist_init,15,0.774673510337773,0.0003507055528598205,23.172298492762643,23.40877095268969,5
A,dirichlet,0.3|wd0.0,init,w_all_rel_dist_init,15,0.6982972487551756,0.0027635984503722433,1.4418288454048844,1.456062965204788,5
A,dirichlet,0.3|wd0.0,init,w_all_cos_init,15,0.9601587170383665,1.500446490332778e-11,0.698540642138169,0.7315300112457616,5
A,dirichlet,0.3|wd0.0,init,rep_between_within_tr,15,-0.8837824554557693,1.4017600333217173e-06,0.10837872187756227,0.10524433724541869,5
A,dirichlet,0.3|wd0.0,init,rep_nc1_tr,15,0.7528517213141737,0.0006910482238175549,4.128610033482197,4.359963687375878,5
A,dirichlet,0.3|wd0.0,init,rep_eff_rank_te,15,-0.6873863542433761,0.0034982674296334636,247.2523401275759,246.97779767616018,5
A,dirichlet,0.3|wd0.0,init,rep_pr_te,15,-0.6873863542433761,0.0034982674296334636,194.3033307212508,192.85539524475126,5
A,dirichlet,0.3|wd0.0,init,rep_unit_gini_te,15,0.7637626158259734,0.0004975747231020245,0.062273106371437015,0.07850704861996705,5
A,dirichlet,0.3|wd0.0,init,rep_unit_pr_te,15,-0.8074061938731718,0.00010524350141213583,0.987909955795507,0.9812019415588404,5
A,dirichlet,0.3|wd0.0,init,rep_between_within_te,15,-0.44734667498378433,0.09540649063206,0.01518867411698263,0.014874380535731953,5
A,dirichlet,0.3|wd0.0,init,unit_interaction_share,15,-0.6982972487551756,0.0027635984503722433,0.5577458622927228,0.5554752206581001,5
A,dirichlet,0.3|wd0.0,init,unit_frac_interacting,15,-0.4438482427883011,0.09844864876384166,0.92578125,0.9140625,5
A,dirichlet,0.3|wd0.0,init,add_share_a,15,-0.8510497719203702,1.2736263777852137e-05,0.11286870948363548,0.10309724107670566,5
A,dirichlet,0.3|wd0.0,init,add_share_b,15,-0.86196066643217,6.589618199130937e-06,0.1153315996699864,0.10529178619802038,5
A,dirichlet,0.3|wd0.0,init,add_share_interaction,15,0.8510497719203702,1.2736263777852137e-05,0.7722060881219251,0.7916183110639683,5
A,dirichlet,0.3|wd0.0,init,add_acc_interaction_tr,15,0.2697361224559584,0.3380130843949701,99.57476806640625,99.64563751220703,5
A,dirichlet,0.3|wd0.0,init,add_acc_additive_tr,15,-0.0766505039787205,0.7902030208359776,12.331679344177246,12.544295310974121,5
A,dirichlet,0.3|wd0.0,init,add_acc_no_a_tr,15,0.12695755431323036,0.6583590406901565,99.71651458740234,99.78738403320312,5
A,dirichlet,0.3|wd0.0,init,add_acc_no_b_tr,15,0.09908673886137247,0.7305631229021904,99.71651458740234,99.751953125,5
A,dirichlet,0.3|wd0.0,init,add_acc_interaction_te,15,-0.1695736901332219,0.5530806707471597,1.2448762655258179,1.1993321180343628,5
A,dirichlet,0.3|wd0.0,init,add_acc_no_a_te,15,0.016529490122682157,0.954334061337788,0.5009867548942566,0.48580536246299744,5
A,dirichlet,0.3|wd0.0,init,add_acc_no_b_te,15,0.21860861192798436,0.4414754640557593,0.546531081199646,0.5768938660621643,5
A,dirichlet,0.3|wd0.0,init,circ_share_interaction_tr,15,0.8837824554557693,1.4017600333217173e-06,0.8339542356721635,0.8526789786012376,5
A,dirichlet,0.3|wd0.0,init,circ_share_marginal_tr,15,-0.7528517213141737,0.0006910482238175549,0.22294135286821568,0.20679046066247417,5
A,dirichlet,0.3|wd0.0,init,circ_acc_interaction_tr,15,0.3788008107825905,0.1672806036873981,99.4684636592865,99.64563846588135,5
A,dirichlet,0.3|wd0.0,init,circ_acc_marginal_tr,15,-0.1312828568773331,0.6473711783382576,12.225371599197388,12.402550876140594,5
A,dirichlet,0.3|wd0.0,init,circ_units_tr,15,0.458257569495584,0.08632897662412624,246.81173706054688,247.82322692871094,5
A,dirichlet,0.3|wd0.0,init,circ_share_interaction_te,15,0.8946933499675687,5.571273327797034e-07,0.7560447550696228,0.7776205721449523,5
A,dirichlet,0.3|wd0.0,init,circ_share_marginal_te,15,-0.8837824554557693,1.4017600333217173e-06,0.23125518118021074,0.21067640660986792,5
A,dirichlet,0.3|wd0.0,init,circ_acc_interaction_te,15,-0.2520784472015478,0.3721463405422841,1.244876254349947,1.244876254349947,5
A,dirichlet,0.3|wd0.0,init,circ_units_te,15,0.458257569495584,0.08632897662412624,246.81173706054688,247.82322692871094,5
A,dirichlet,0.3|wd0.0,init,sharp_lambda_max,15,0.949247822526567,2.6335578745452705e-10,0.004925281275063753,0.006634830497205257,5
A,dirichlet,0.3|wd0.0,init,sharp_grad_norm,15,0.6655645652197768,0.00542309317145814,0.00010318844579160213,0.00010801319876918569,5
A,dirichlet,0.3|wd0.0,init,sharp_lr_lambda,15,0.949247822526567,2.6335578745452705e-10,0.24626406375318766,0.33174152486026287,5
A,dirichlet,0.3|wd0.0,init,unit_fourier_sum_share,15,-0.49099025303098287,0.062675779012202,0.01442977582201146,0.013985317036077178,5
A,dirichlet,0.3|wd0.0,init,unit_fourier_diff_share,15,-0.49099025303098287,0.062675779012202,0.014429775859890203,0.013985316849027003,5
A,dirichlet,0.3|wd0.0,init,unit_fourier_marginal_share,15,0.6982972487551756,0.0027635984503722433,0.44225413795868446,0.4445247787917439,5
A,dirichlet,0.3|wd0.0,init,unit_fourier_other_share,15,-0.4691684640073836,0.07786000619295554,0.5296726246504433,0.5279395376818877,5
A,dirichlet,0.3|wd0.0,init,unit_sum_freq_concentration,15,-0.4691684640073836,0.07786000619295554,0.007792988385737763,0.00744264460037383,5
A,dirichlet,0.3|wd0.0,init,unit_n_distinct_sum_freqs,15,0.0,1.0,48.0,48.0,5
A,dirichlet,0.3|wd0.0,init,fU_ipr,15,-0.31641594084218894,0.25635649462006643,0.029172754222959247,0.028741336836219128,5
A,dirichlet,0.3|wd0.0,init,fU_dc_share,15,0.5019011475427825,0.05592180893798995,0.004833290592757551,0.005552159231125185,5
A,dirichlet,0.3|wd0.0,init,fU_top1_share,15,0.229128784747792,0.41905015022367575,0.02382568008912601,0.023890837266966017,5
A,dirichlet,0.3|wd0.0,init,fU_freq_gini,15,0.032732683535398856,0.9096897643267184,0.04067053974386514,0.040505302124699716,5
A,dirichlet,0.3|wd0.0,init,fU_freq_eff_n,15,-0.032732683535398856,0.9096897643267184,47.87496911169044,47.8769353500475,5
A,dirichlet,0.3|wd0.0,init,fV_ipr,15,-0.48007935851918326,0.0699818849171045,0.029534290892454206,0.028803200259045706,5
A,dirichlet,0.3|wd0.0,init,fV_dc_share,15,0.5019011475427825,0.05592180893798995,0.004666473855522836,0.005296907121468778,5
A,dirichlet,0.3|wd0.0,init,fV_top1_share,15,0.08728715609439695,0.7617808582470522,0.025363048434137902,0.02537974214261312,5
A,dirichlet,0.3|wd0.0,init,fV_freq_gini,15,-0.14184162865339506,0.6208194107674094,0.050030694046773405,0.05050995795267488,5
A,dirichlet,0.3|wd0.0,init,fV_freq_eff_n,15,0.15275252316519466,0.5938089902029892,47.803723415274455,47.80076014523948,5
A,dirichlet,0.3|wd0.0,init,fout_ipr,15,-0.01091089451179962,0.9698487810478991,0.030337323456295234,0.030421102909642957,5
A,dirichlet,0.3|wd0.0,init,fout_dc_share,15,-0.5237229365663817,0.043986130070219155,0.0002481800831833445,0.0002345041102888605,5
A,dirichlet,0.3|wd0.0,init,fout_top1_share,15,0.19639610121239312,0.49063990002390784,0.024086592616751685,0.02413428909141631,5
A,dirichlet,0.3|wd0.0,init,fout_freq_gini,15,0.2182178902359924,0.44231921872935054,0.037475445087811865,0.03931507608693141,5
A,dirichlet,0.3|wd0.0,init,fout_freq_eff_n,15,-0.24003967925959163,0.3963999598093877,47.89377417243656,47.879805862908704,5
A,dirichlet,0.3|wd0.0,init,fin_uv_agree_strong,15,0.06660502387339563,0.8172614564671384,0.6640625,0.6484375,5
A,dirichlet,0.3|wd0.0,init,fin_uvw_agree_strong,15,-0.02234671743846637,0.9382860980116666,0.578125,0.59375,5
A,dirichlet,0.3|wd0.0,init,fin_n_unique_freq_strong,15,0.0,1.0,44.0,45.0,5
A,dirichlet,0.3|wd0.0,init,clock_share,15,0.01091089451179962,0.9698487810478991,0.025966425283677194,0.02600624034878617,5
A,dirichlet,0.3|wd0.0,init,clock_nfreq90,15,0.3203230207257007,0.2501001906313399,39.0,39.0,5
A,dirichlet,0.3|wd0.0,init,clock_top1_share,15,-0.06546536707079771,0.820343271117467,0.04963057288530304,0.046596063587035344,5
A,dirichlet,0.3|wd0.0,init,clock_freq_gini,15,-0.08728715609439695,0.7617808582470522,0.25900045133170413,0.2591098712531421,5
A,dirichlet,0.3|wd0.0,init,clock_key_jaccard_final,15,0.2996234910479855,0.28427093422000316,0.7291666666666666,0.7446808510638298,5
A,dirichlet,0.3|wd0.0,init,clock_restricted_loss_tr,15,-0.2945941518185897,0.29295315546672174,0.008726527914404869,0.00869379099458456,5
A,dirichlet,0.3|wd0.0,init,clock_excluded_loss_tr,15,0.4255248859601851,0.11545171027095363,0.008206117898225784,0.008215065114200115,5
A,dirichlet,0.3|wd0.0,init,clock_excluded_acc_tr,15,0.16395645894598826,0.5665534311358635,94.22395324707031,94.11764526367188,5
A,dirichlet,0.3|wd0.0,init,clock_restricted_loss_te,15,-0.2945941518185897,0.29295315546672174,0.008726676926016808,0.008693982847034931,5
A,dirichlet,0.3|wd0.0,init,clock_excluded_loss_te,15,0.7092081432669752,0.0021566267372392384,0.014842093922197819,0.014996697194874287,5
A,dirichlet,0.3|wd0.0,init,clock_excluded_acc_te,15,0.0,1.0,0.0,0.0,5
A,dirichlet,0.3|wd0.0,memo,fn_loss_tr,15,0.0,1.0,0.007050262298434973,0.00705250957980752,5
A,dirichlet,0.3|wd0.0,memo,fn_acc_tr,15,0.6599663291074445,0.006029361251096172,99.8582534790039,99.92912292480469,5
A,dirichlet,0.3|wd0.0,memo,fn_margin_tr,15,0.4037030969365859,0.1381112563670651,0.1741953045129776,0.17537778615951538,5
A,dirichlet,0.3|wd0.0,memo,fn_entropy_tr,15,-0.600099198148979,0.01632045760002202,4.573208332061768,4.573163032531738,5
A,dirichlet,0.3|wd0.0,memo,fn_loss_te,15,0.8183170883849714,6.618137243945953e-05,0.013239203952252865,0.013370812870562077,5
A,dirichlet,0.3|wd0.0,memo,fn_acc_te,15,0.3535965568702911,0.20049137315971205,0.18217700719833374,0.24290268123149872,5
A,dirichlet,0.3|wd0.0,memo,fn_margin_te,15,-0.370970413401187,0.17719776032094695,-0.15349292755126953,-0.15559972822666168,5
A,dirichlet,0.3|wd0.0,memo,fn_entropy_te,15,-0.7637626158259734,0.0004975747231020245,4.573249816894531,4.573179721832275,5
A,dirichlet,0.3|wd0.0,memo,fn_gap_loss,15,0.6655645652197768,0.00542309317145814,0.006213441025465727,0.006329957861453295,5
A,dirichlet,0.3|wd0.0,memo,fn_gap_acc,15,0.027474186391491132,0.9241580899886402,99.67607647180557,99.68622024357319,5
A,dirichlet,0.3|wd0.0,memo,fn_class_acc_gini,15,-0.20203201479711455,0.47793876791256107,0.8798187604906338,0.8559087934652954,5
A,dirichlet,0.3|wd0.0,memo,w_W1_fro,15,0.949247822526567,2.6335578745452705e-10,27.23521614074707,29.227642059326172,5
A,dirichlet,0.3|wd0.0,memo,w_W1_spec,15,0.949247822526567,2.6335578745452705e-10,3.505847692489624,3.7646799087524414,5
A,dirichlet,0.3|wd0.0,memo,w_W1_stable_rank,15,-0.19639610121239312,0.49063990002390784,60.49135971069336,60.27619552612305,5
A,dirichlet,0.3|wd0.0,memo,w_W1_eff_rank,15,-0.6219209871725783,0.011658291760714513,170.45142684099173,170.20393444699056,5
A,dirichlet,0.3|wd0.0,memo,w_W1_sv_gini,15,0.48007935851918326,0.0699818849171045,0.28386592496717755,0.2852220423111702,5
A,dirichlet,0.3|wd0.0,memo,w_W1_entry_gini,15,0.2836832573067901,0.3122940573105462,0.3947011525836204,0.39503888926987196,5
A,dirichlet,0.3|wd0.0,memo,w_W1_row_gini,15,0.8074061938731718,0.00010524350141213583,0.01655147381043265,0.020507411587296742,5
A,dirichlet,0.3|wd0.0,memo,w_W1_row_pr,15,-0.720119037778775,0.001660693268819124,0.9991255121950791,0.9986802386905559,5
A,dirichlet,0.3|wd0.0,memo,w_W1_dist_init,15,0.949247822526567,2.6335578745452705e-10,17.313447952270508,18.78186798095703,5
A,dirichlet,0.3|wd0.0,memo,w_W1_rel_dist_init,15,0.9601587170383665,1.500446490332778e-11,1.0778735425380506,1.174410895132417,5
A,dirichlet,0.3|wd0.0,memo,w_W1_cos_init,15,0.9383369280147672,2.3445069934935992e-09,0.801884114742279,0.8094621300697327,5
A,dirichlet,0.3|wd0.0,memo,w_W2_fro,15,-0.949247822526567,2.6335578745452705e-10,15.417691230773926,13.903935432434082,5
A,dirichlet,0.3|wd0.0,memo,w_W2_spec,15,-0.774673510337773,0.0003507055528598205,2.446035861968994,2.2606539726257324,5
A,dirichlet,0.3|wd0.0,memo,w_W2_stable_rank,15,-0.5237229365663817,0.043986130070219155,40.023162841796875,37.82802963256836,5
A,dirichlet,0.3|wd0.0,memo,w_W2_eff_rank,15,-0.8837824554557693,1.4017600333217173e-06,91.4645654728779,90.30481901338202,5
A,dirichlet,0.3|wd0.0,memo,w_W2_sv_gini,15,0.8510497719203702,1.2736263777852137e-05,0.1913111392619049,0.21099172162028568,5
A,dirichlet,0.3|wd0.0,memo,w_W2_entry_gini,15,-0.25095057377139124,0.3743851884157219,0.4324755550376831,0.4304722358811115,5
A,dirichlet,0.3|wd0.0,memo,w_W2_row_gini,15,0.06546536707079771,0.820343271117467,0.08457038713079656,0.08386794168201983,5
A,dirichlet,0.3|wd0.0,memo,w_W2_row_pr,15,-0.04364357804719848,0.8797533545178342,0.9786724931985145,0.978396857503917,5
A,dirichlet,0.3|wd0.0,memo,w_W2_dist_init,15,-0.949247822526567,2.6335578745452705e-10,15.401296615600586,13.890179634094238,5
A,dirichlet,0.3|wd0.0,memo,w_W2_rel_dist_init,15,-0.9601587170383665,1.500446490332778e-11,24.98964498557919,22.471795714440553,5
A,dirichlet,0.3|wd0.0,memo,w_W2_cos_init,15,-0.6546536707079771,0.006652115282469617,0.04666073992848396,0.043927863240242004,5
A,dirichlet,0.3|wd0.0,memo,w_all_norm,15,0.8837824554557693,1.4017600333217173e-06,31.29636082870807,32.34901496673871,5
A,dirichlet,0.3|wd0.0,memo,w_all_rel_norm,15,0.8837824554557693,1.4017600333217173e-06,1.9503607382285602,2.0199462514955697,5
A,dirichlet,0.3|wd0.0,memo,w_all_dist_init,15,0.774673510337773,0.0003507055528598205,23.172298492762643,23.40877095268969,5
A,dirichlet,0.3|wd0.0,memo,w_all_rel_dist_init,15,0.6982972487551756,0.0027635984503722433,1.4418288454048844,1.456062965204788,5
A,dirichlet,0.3|wd0.0,memo,w_all_cos_init,15,0.9601587170383665,1.500446490332778e-11,0.698540642138169,0.7315300112457616,5
A,dirichlet,0.3|wd0.0,memo,rep_between_within_tr,15,-0.8837824554557693,1.4017600333217173e-06,0.10837872187756227,0.10524433724541869,5
A,dirichlet,0.3|wd0.0,memo,rep_nc1_tr,15,0.7528517213141737,0.0006910482238175549,4.128610033482197,4.359963687375878,5
A,dirichlet,0.3|wd0.0,memo,rep_eff_rank_te,15,-0.6873863542433761,0.0034982674296334636,247.2523401275759,246.97779767616018,5
A,dirichlet,0.3|wd0.0,memo,rep_pr_te,15,-0.6873863542433761,0.0034982674296334636,194.3033307212508,192.85539524475126,5
A,dirichlet,0.3|wd0.0,memo,rep_unit_gini_te,15,0.7637626158259734,0.0004975747231020245,0.062273106371437015,0.07850704861996705,5
A,dirichlet,0.3|wd0.0,memo,rep_unit_pr_te,15,-0.8074061938731718,0.00010524350141213583,0.987909955795507,0.9812019415588404,5
A,dirichlet,0.3|wd0.0,memo,rep_between_within_te,15,-0.44734667498378433,0.09540649063206,0.01518867411698263,0.014874380535731953,5
A,dirichlet,0.3|wd0.0,memo,unit_interaction_share,15,-0.6982972487551756,0.0027635984503722433,0.5577458622927228,0.5554752206581001,5
A,dirichlet,0.3|wd0.0,memo,unit_frac_interacting,15,-0.4438482427883011,0.09844864876384166,0.92578125,0.9140625,5
A,dirichlet,0.3|wd0.0,memo,add_share_a,15,-0.8510497719203702,1.2736263777852137e-05,0.11286870948363548,0.10309724107670566,5
A,dirichlet,0.3|wd0.0,memo,add_share_b,15,-0.86196066643217,6.589618199130937e-06,0.1153315996699864,0.10529178619802038,5
A,dirichlet,0.3|wd0.0,memo,add_share_interaction,15,0.8510497719203702,1.2736263777852137e-05,0.7722060881219251,0.7916183110639683,5
A,dirichlet,0.3|wd0.0,memo,add_acc_interaction_tr,15,0.2697361224559584,0.3380130843949701,99.57476806640625,99.64563751220703,5
A,dirichlet,0.3|wd0.0,memo,add_acc_additive_tr,15,-0.0766505039787205,0.7902030208359776,12.331679344177246,12.544295310974121,5
A,dirichlet,0.3|wd0.0,memo,add_acc_no_a_tr,15,0.12695755431323036,0.6583590406901565,99.71651458740234,99.78738403320312,5
A,dirichlet,0.3|wd0.0,memo,add_acc_no_b_tr,15,0.09908673886137247,0.7305631229021904,99.71651458740234,99.751953125,5
A,dirichlet,0.3|wd0.0,memo,add_acc_interaction_te,15,-0.1695736901332219,0.5530806707471597,1.2448762655258179,1.1993321180343628,5
A,dirichlet,0.3|wd0.0,memo,add_acc_no_a_te,15,0.016529490122682157,0.954334061337788,0.5009867548942566,0.48580536246299744,5
A,dirichlet,0.3|wd0.0,memo,add_acc_no_b_te,15,0.21860861192798436,0.4414754640557593,0.546531081199646,0.5768938660621643,5
A,dirichlet,0.3|wd0.0,memo,circ_share_interaction_tr,15,0.8837824554557693,1.4017600333217173e-06,0.8339542356721635,0.8526789786012376,5
A,dirichlet,0.3|wd0.0,memo,circ_share_marginal_tr,15,-0.7528517213141737,0.0006910482238175549,0.22294135286821568,0.20679046066247417,5
A,dirichlet,0.3|wd0.0,memo,circ_acc_interaction_tr,15,0.3788008107825905,0.1672806036873981,99.4684636592865,99.64563846588135,5
A,dirichlet,0.3|wd0.0,memo,circ_acc_marginal_tr,15,-0.1312828568773331,0.6473711783382576,12.225371599197388,12.402550876140594,5
A,dirichlet,0.3|wd0.0,memo,circ_units_tr,15,0.458257569495584,0.08632897662412624,246.81173706054688,247.82322692871094,5
A,dirichlet,0.3|wd0.0,memo,circ_share_interaction_te,15,0.8946933499675687,5.571273327797034e-07,0.7560447550696228,0.7776205721449523,5
A,dirichlet,0.3|wd0.0,memo,circ_share_marginal_te,15,-0.8837824554557693,1.4017600333217173e-06,0.23125518118021074,0.21067640660986792,5
A,dirichlet,0.3|wd0.0,memo,circ_acc_interaction_te,15,-0.2520784472015478,0.3721463405422841,1.244876254349947,1.244876254349947,5
A,dirichlet,0.3|wd0.0,memo,circ_units_te,15,0.458257569495584,0.08632897662412624,246.81173706054688,247.82322692871094,5
A,dirichlet,0.3|wd0.0,memo,sharp_lambda_max,15,0.949247822526567,2.6335578745452705e-10,0.004925281275063753,0.006634830497205257,5
A,dirichlet,0.3|wd0.0,memo,sharp_grad_norm,15,0.6655645652197768,0.00542309317145814,0.00010318844579160213,0.00010801319876918569,5
A,dirichlet,0.3|wd0.0,memo,sharp_lr_lambda,15,0.949247822526567,2.6335578745452705e-10,0.24626406375318766,0.33174152486026287,5
A,dirichlet,0.3|wd0.0,memo,unit_fourier_sum_share,15,-0.49099025303098287,0.062675779012202,0.01442977582201146,0.013985317036077178,5
A,dirichlet,0.3|wd0.0,memo,unit_fourier_diff_share,15,-0.49099025303098287,0.062675779012202,0.014429775859890203,0.013985316849027003,5
A,dirichlet,0.3|wd0.0,memo,unit_fourier_marginal_share,15,0.6982972487551756,0.0027635984503722433,0.44225413795868446,0.4445247787917439,5
A,dirichlet,0.3|wd0.0,memo,unit_fourier_other_share,15,-0.4691684640073836,0.07786000619295554,0.5296726246504433,0.5279395376818877,5
A,dirichlet,0.3|wd0.0,memo,unit_sum_freq_concentration,15,-0.4691684640073836,0.07786000619295554,0.007792988385737763,0.00744264460037383,5
A,dirichlet,0.3|wd0.0,memo,unit_n_distinct_sum_freqs,15,0.0,1.0,48.0,48.0,5
A,dirichlet,0.3|wd0.0,memo,fU_ipr,15,-0.31641594084218894,0.25635649462006643,0.029172754222959247,0.028741336836219128,5
A,dirichlet,0.3|wd0.0,memo,fU_dc_share,15,0.5019011475427825,0.05592180893798995,0.004833290592757551,0.005552159231125185,5
A,dirichlet,0.3|wd0.0,memo,fU_top1_share,15,0.229128784747792,0.41905015022367575,0.02382568008912601,0.023890837266966017,5
A,dirichlet,0.3|wd0.0,memo,fU_freq_gini,15,0.032732683535398856,0.9096897643267184,0.04067053974386514,0.040505302124699716,5
A,dirichlet,0.3|wd0.0,memo,fU_freq_eff_n,15,-0.032732683535398856,0.9096897643267184,47.87496911169044,47.8769353500475,5
A,dirichlet,0.3|wd0.0,memo,fV_ipr,15,-0.48007935851918326,0.0699818849171045,0.029534290892454206,0.028803200259045706,5
A,dirichlet,0.3|wd0.0,memo,fV_dc_share,15,0.5019011475427825,0.05592180893798995,0.004666473855522836,0.005296907121468778,5
A,dirichlet,0.3|wd0.0,memo,fV_top1_share,15,0.08728715609439695,0.7617808582470522,0.025363048434137902,0.02537974214261312,5
A,dirichlet,0.3|wd0.0,memo,fV_freq_gini,15,-0.14184162865339506,0.6208194107674094,0.050030694046773405,0.05050995795267488,5
A,dirichlet,0.3|wd0.0,memo,fV_freq_eff_n,15,0.15275252316519466,0.5938089902029892,47.803723415274455,47.80076014523948,5
A,dirichlet,0.3|wd0.0,memo,fout_ipr,15,-0.01091089451179962,0.9698487810478991,0.030337323456295234,0.030421102909642957,5
A,dirichlet,0.3|wd0.0,memo,fout_dc_share,15,-0.5237229365663817,0.043986130070219155,0.0002481800831833445,0.0002345041102888605,5
A,dirichlet,0.3|wd0.0,memo,fout_top1_share,15,0.19639610121239312,0.49063990002390784,0.024086592616751685,0.02413428909141631,5
A,dirichlet,0.3|wd0.0,memo,fout_freq_gini,15,0.2182178902359924,0.44231921872935054,0.037475445087811865,0.03931507608693141,5
A,dirichlet,0.3|wd0.0,memo,fout_freq_eff_n,15,-0.24003967925959163,0.3963999598093877,47.89377417243656,47.879805862908704,5
A,dirichlet,0.3|wd0.0,memo,fin_uv_agree_strong,15,0.06660502387339563,0.8172614564671384,0.6640625,0.6484375,5
A,dirichlet,0.3|wd0.0,memo,fin_uvw_agree_strong,15,-0.02234671743846637,0.9382860980116666,0.578125,0.59375,5
A,dirichlet,0.3|wd0.0,memo,fin_n_unique_freq_strong,15,0.0,1.0,44.0,45.0,5
A,dirichlet,0.3|wd0.0,memo,clock_share,15,0.01091089451179962,0.9698487810478991,0.025966425283677194,0.02600624034878617,5
A,dirichlet,0.3|wd0.0,memo,clock_nfreq90,15,0.3203230207257007,0.2501001906313399,39.0,39.0,5
A,dirichlet,0.3|wd0.0,memo,clock_top1_share,15,-0.06546536707079771,0.820343271117467,0.04963057288530304,0.046596063587035344,5
A,dirichlet,0.3|wd0.0,memo,clock_freq_gini,15,-0.08728715609439695,0.7617808582470522,0.25900045133170413,0.2591098712531421,5
A,dirichlet,0.3|wd0.0,memo,clock_key_jaccard_final,15,0.2996234910479855,0.28427093422000316,0.7291666666666666,0.7446808510638298,5
A,dirichlet,0.3|wd0.0,memo,clock_restricted_loss_tr,15,-0.2945941518185897,0.29295315546672174,0.008726527914404869,0.00869379099458456,5
A,dirichlet,0.3|wd0.0,memo,clock_excluded_loss_tr,15,0.4255248859601851,0.11545171027095363,0.008206117898225784,0.008215065114200115,5
A,dirichlet,0.3|wd0.0,memo,clock_excluded_acc_tr,15,0.16395645894598826,0.5665534311358635,94.22395324707031,94.11764526367188,5
A,dirichlet,0.3|wd0.0,memo,clock_restricted_loss_te,15,-0.2945941518185897,0.29295315546672174,0.008726676926016808,0.008693982847034931,5
A,dirichlet,0.3|wd0.0,memo,clock_excluded_loss_te,15,0.7092081432669752,0.0021566267372392384,0.014842093922197819,0.014996697194874287,5
A,dirichlet,0.3|wd0.0,memo,clock_excluded_acc_te,15,0.0,1.0,0.0,0.0,5
A,dirichlet,0.3|wd0.0,cross,fn_loss_tr,15,0.8074061938731718,0.00010524350141213583,0.0027955020777881145,0.0036402016412466764,5
A,dirichlet,0.3|wd0.0,cross,fn_margin_tr,15,-0.8183170883849714,6.618137243945953e-05,0.6175105571746826,0.5204547047615051,5
A,dirichlet,0.3|wd0.0,cross,fn_entropy_tr,15,0.8183170883849714,6.618137243945953e-05,4.569350242614746,4.570382118225098,5
A,dirichlet,0.3|wd0.0,cross,fn_loss_te,15,0.6764754597315764,0.004378458068795629,0.007267882116138935,0.00885226670652628,5
A,dirichlet,0.3|wd0.0,cross,fn_acc_te,15,-0.6819778360804852,0.0039152337590549645,99.96963500976562,99.10429382324219,5
A,dirichlet,0.3|wd0.0,cross,fn_margin_te,15,-0.720119037778775,0.001660693268819124,0.3259427547454834,0.2101576328277588,5
A,dirichlet,0.3|wd0.0,cross,fn_entropy_te,15,0.8074061938731718,0.00010524350141213583,4.5705246925354,4.571141242980957,5
A,dirichlet,0.3|wd0.0,cross,fn_gap_loss,15,0.5891883036371794,0.01911943619756852,0.0044723800383508205,0.005212065065279603,5
A,dirichlet,0.3|wd0.0,cross,fn_gap_acc,15,0.6819778360804852,0.0039152337590549645,0.030364990234375,0.8957061767578125,5
A,dirichlet,0.3|wd0.0,cross,fn_class_acc_gini,15,0.7014356791695244,0.0025766801284809317,0.0002735265857407576,0.006627314489981551,5
A,dirichlet,0.3|wd0.0,cross,w_W1_fro,15,0.949247822526567,2.6335578745452705e-10,32.623207092285156,36.81038284301758,5
A,dirichlet,0.3|wd0.0,cross,w_W1_spec,15,0.9274260335029676,1.347152959974893e-08,4.246706008911133,4.853184700012207,5
A,dirichlet,0.3|wd0.0,cross,w_W1_stable_rank,15,-0.48007935851918326,0.0699818849171045,58.882755279541016,57.09718704223633,5
A,dirichlet,0.3|wd0.0,cross,w_W1_eff_rank,15,-0.741940826802374,0.0009414420290027111,171.09413401324815,170.6671202576043,5
A,dirichlet,0.3|wd0.0,cross,w_W1_sv_gini,15,0.741940826802374,0.0009414420290027111,0.27761878623465597,0.28180802944594663,5
A,dirichlet,0.3|wd0.0,cross,w_W1_entry_gini,15,0.7528517213141737,0.0006910482238175549,0.3522175625985413,0.35658025274328065,5
A,dirichlet,0.3|wd0.0,cross,w_W1_row_gini,15,-0.741940826802374,0.0009414420290027111,0.06777797184175349,0.0588507715418074,5
A,dirichlet,0.3|wd0.0,cross,w_W1_row_pr,15,0.6764754597315764,0.004378458068795629,0.9843489436471128,0.9868836679425433,5
A,dirichlet,0.3|wd0.0,cross,w_W1_dist_init,15,0.8510497719203702,1.2736263777852137e-05,29.94576072692871,32.79893493652344,5
A,dirichlet,0.3|wd0.0,cross,w_W1_rel_dist_init,15,0.8510497719203702,1.2736263777852137e-05,1.8684098348013847,2.0464283130167216,5
A,dirichlet,0.3|wd0.0,cross,w_W1_cos_init,15,0.8183170883849714,6.618137243945953e-05,0.40584319829940796,0.45435136556625366,5
A,dirichlet,0.3|wd0.0,cross,w_W2_fro,15,-0.949247822526567,2.6335578745452705e-10,19.749225616455078,14.60869026184082,5
A,dirichlet,0.3|wd0.0,cross,w_W2_spec,15,-0.8837824554557693,1.4017600333217173e-06,2.8506321907043457,2.2745907306671143,5
A,dirichlet,0.3|wd0.0,cross,w_W2_stable_rank,15,-0.5564556201017806,0.029677943085239838,47.998077392578125,41.37399673461914,5
A,dirichlet,0.3|wd0.0,cross,w_W2_eff_rank,15,-0.829227982896771,4.004038960640279e-05,93.96605881313236,90.37177634151001,5
A,dirichlet,0.3|wd0.0,cross,w_W2_sv_gini,15,0.829227982896771,4.004038960640279e-05,0.13234972298412373,0.19211287272365052,5
A,dirichlet,0.3|wd0.0,cross,w_W2_entry_gini,15,0.6764754597315764,0.004378458068795629,0.39163213397576313,0.40141242166187285,5
A,dirichlet,0.3|wd0.0,cross,w_W2_row_gini,15,0.48007935851918326,0.0699818849171045,0.06019931123605038,0.065844673008709,5
A,dirichlet,0.3|wd0.0,cross,w_W2_row_pr,15,-0.48007935851918326,0.0699818849171045,0.9890337959776792,0.9865222969672435,5
A,dirichlet,0.3|wd0.0,cross,w_W2_dist_init,15,-0.9601587170383665,1.500446490332778e-11,19.7465763092041,14.603622436523438,5
A,dirichlet,0.3|wd0.0,cross,w_W2_rel_dist_init,15,-0.949247822526567,2.6335578745452705e-10,31.93620712940469,23.66713299984147,5
A,dirichlet,0.3|wd0.0,cross,w_W2_cos_init,15,0.032732683535398856,0.9096897643267184,0.021944575011730194,0.023739641532301903,5
A,dirichlet,0.3|wd0.0,cross,w_all_norm,15,0.8183170883849714,6.618137243945953e-05,38.135358310048304,39.59867328665278,5
A,dirichlet,0.3|wd0.0,cross,w_all_rel_norm,15,0.86196066643217,6.589618199130937e-06,2.3727041275014313,2.4683152492191027,5
A,dirichlet,0.3|wd0.0,cross,w_all_dist_init,15,-0.1854852067005935,0.5156506457292339,35.87026430693934,35.90177915490229,5
A,dirichlet,0.3|wd0.0,cross,w_all_rel_dist_init,15,-0.19639610121239312,0.49063990002390784,2.236394580749506,2.238359429254507,5
A,dirichlet,0.3|wd0.0,cross,w_all_cos_init,15,0.829227982896771,4.004038960640279e-05,0.3473219486637898,0.42225374556968615,5
A,dirichlet,0.3|wd0.0,cross,rep_between_within_tr,15,-0.7092081432669752,0.0021566267372392384,0.3645802252857007,0.30853523970623864,5
A,dirichlet,0.3|wd0.0,cross,rep_nc1_tr,15,0.7964952993613722,0.00016178840059113533,0.8925388446071095,1.4140700196717626,5
A,dirichlet,0.3|wd0.0,cross,rep_eff_rank_te,15,0.5564556201017806,0.029677943085239838,242.8096392490612,244.04073109631315,5
A,dirichlet,0.3|wd0.0,cross,rep_pr_te,15,0.31641594084218894,0.25635649462006643,155.7572741364598,165.62454530988413,5
A,dirichlet,0.3|wd0.0,cross,rep_unit_gini_te,15,-0.720119037778775,0.001660693268819124,0.23687826831962155,0.21356735456794262,5
A,dirichlet,0.3|wd0.0,cross,rep_unit_pr_te,15,0.16366341767699427,0.5672598672222222,0.804687192082681,0.8143935231352609,5
A,dirichlet,0.3|wd0.0,cross,rep_between_within_te,15,-0.7310299322905746,0.0012603584344841232,0.2541252700189427,0.199404519832739,5
A,dirichlet,0.3|wd0.0,cross,unit_interaction_share,15,-0.7855844048495725,0.00024138722824617787,0.6894454648373721,0.6681482226291929,5
A,dirichlet,0.3|wd0.0,cross,unit_frac_interacting,15,0.290962941615613,0.2993133496827922,0.96484375,0.984375,5
A,dirichlet,0.3|wd0.0,cross,add_share_a,15,0.5346338310781814,0.0387603526366733,0.03324061220580082,0.03660610911146144,5
A,dirichlet,0.3|wd0.0,cross,add_share_b,15,0.5019011475427825,0.05592180893798995,0.03295556528321547,0.03603800532568015,5
A,dirichlet,0.3|wd0.0,cross,add_share_interaction,15,-0.545544725589981,0.03399879704460135,0.9336269668644637,0.9273564270535597,5
A,dirichlet,0.3|wd0.0,cross,add_acc_additive_tr,15,0.3279129178919765,0.23820520738332274,8.079376220703125,8.788093566894531,5
A,dirichlet,0.3|wd0.0,cross,add_acc_interaction_te,15,-0.6697263122599658,0.00500399008573202,100.0,99.80264282226562,5
A,dirichlet,0.3|wd0.0,cross,add_acc_additive_te,15,-0.6071832130576656,0.014675970480080036,0.25808411836624146,0.10626992583274841,5
A,dirichlet,0.3|wd0.0,cross,add_acc_no_a_te,15,-0.703339171622173,0.0024682833341729445,99.98481750488281,99.52937316894531,5
A,dirichlet,0.3|wd0.0,cross,add_acc_no_b_te,15,-0.7275258711068432,0.001379396801040616,100.0,99.49900817871094,5
A,dirichlet,0.3|wd0.0,cross,circ_share_interaction_tr,15,0.3382377298657882,0.22257310801269975,0.964871213195924,0.9670811602505036,5
A,dirichlet,0.3|wd0.0,cross,circ_share_marginal_tr,15,0.5673665146135802,0.025773890734503396,0.06820320114226076,0.07656462577228774,5
A,dirichlet,0.3|wd0.0,cross,circ_acc_marginal_tr,15,0.26186146828319085,0.3530207417045761,7.7250175178050995,7.937632501125336,5
A,dirichlet,0.3|wd0.0,cross,circ_units_tr,15,-0.06546536707079771,0.820343271117467,121.9751968383789,121.57368469238281,5
A,dirichlet,0.3|wd0.0,cross,circ_share_interaction_te,15,-0.5891883036371794,0.01911943619756852,0.9287440494420994,0.9202584777669988,5
A,dirichlet,0.3|wd0.0,cross,circ_share_marginal_te,15,0.49099025303098287,0.062675779012202,0.07358724583625666,0.07914010923808518,5
A,dirichlet,0.3|wd0.0,cross,circ_acc_interaction_te,15,-0.6936874584972225,0.003057408090823934,100.0,99.72673654556274,5
A,dirichlet,0.3|wd0.0,cross,circ_acc_marginal_te,15,-0.6974217223628252,0.002817608846163478,0.22772126831114292,0.12145134387537837,5
A,dirichlet,0.3|wd0.0,cross,circ_units_te,15,-0.06546536707079771,0.820343271117467,121.9751968383789,121.57368469238281,5
A,dirichlet,0.3|wd0.0,cross,sharp_lambda_max,15,0.9383369280147672,2.3445069934935992e-09,0.010735953226685524,0.017099203541874886,5
A,dirichlet,0.3|wd0.0,cross,sharp_grad_norm,15,0.7964952993613722,0.00016178840059113533,0.0001016941387206316,0.0002016432408709079,5
A,dirichlet,0.3|wd0.0,cross,sharp_lr_lambda,15,0.9383369280147672,2.3445069934935992e-09,0.5367976613342762,0.8549601770937443,5
A,dirichlet,0.3|wd0.0,cross,unit_fourier_sum_share,15,-0.7310299322905746,0.0012603584344841232,0.20689409188858499,0.17014685636803548,5
A,dirichlet,0.3|wd0.0,cross,unit_fourier_diff_share,15,-0.7310299322905746,0.0012603584344841232,0.20689409095357045,0.17014685703880778,5
A,dirichlet,0.3|wd0.0,cross,unit_fourier_marginal_share,15,0.7855844048495725,0.00024138722824617787,0.310554535357553,0.33185177393991255,5
A,dirichlet,0.3|wd0.0,cross,unit_fourier_other_share,15,0.6655645652197768,0.00542309317145814,0.2756572818002916,0.32825736331941036,5
A,dirichlet,0.3|wd0.0,cross,unit_sum_freq_concentration,15,-0.7310299322905746,0.0012603584344841232,0.20395742861975624,0.16657944235298383,5
A,dirichlet,0.3|wd0.0,cross,fU_ipr,15,-0.7310299322905746,0.0012603584344841232,0.202364268153493,0.17113217220304114,5
A,dirichlet,0.3|wd0.0,cross,fU_dc_share,15,0.5237229365663817,0.043986130070219155,0.00394762714101388,0.004616792707260732,5
A,dirichlet,0.3|wd0.0,cross,fU_top1_share,15,0.8183170883849714,6.618137243945953e-05,0.02638420744570562,0.02793628522118322,5
A,dirichlet,0.3|wd0.0,cross,fU_freq_gini,15,0.7964952993613722,0.00016178840059113533,0.09157146650281978,0.1117169366763,5
A,dirichlet,0.3|wd0.0,cross,fU_freq_eff_n,15,-0.7637626158259734,0.0004975747231020245,47.34142344017374,47.074831157105166,5
A,dirichlet,0.3|wd0.0,cross,fV_ipr,15,-0.7092081432669752,0.0021566267372392384,0.2012987844036217,0.1697182257152149,5
A,dirichlet,0.3|wd0.0,cross,fV_dc_share,15,0.2836832573067901,0.3122940573105462,0.003722531327978407,0.004169143250727316,5
A,dirichlet,0.3|wd0.0,cross,fV_top1_share,15,0.7637626158259734,0.0004975747231020245,0.02700278860206333,0.028399219280032167,5
A,dirichlet,0.3|wd0.0,cross,fV_freq_gini,15,0.8510497719203702,1.2736263777852137e-05,0.08900477567057008,0.11230882691313471,5
A,dirichlet,0.3|wd0.0,cross,fV_freq_eff_n,15,-0.8074061938731718,0.00010524350141213583,47.3619763667866,47.05993016061273,5
A,dirichlet,0.3|wd0.0,cross,fout_ipr,15,-0.7092081432669752,0.0021566267372392384,0.20166748744685686,0.1657968709361997,5
A,dirichlet,0.3|wd0.0,cross,fout_dc_share,15,0.5128120420545821,0.04969914863774635,8.098984203220807e-05,8.18770427718693e-05,5
A,dirichlet,0.3|wd0.0,cross,fout_top1_share,15,0.829227982896771,4.004038960640279e-05,0.023434285513477957,0.025350348310588626,5
A,dirichlet,0.3|wd0.0,cross,fout_freq_gini,15,0.8401388774085707,2.3172139434244073e-05,0.033906489549435204,0.05180195669851195,5
A,dirichlet,0.3|wd0.0,cross,fout_freq_eff_n,15,-0.8183170883849714,6.618137243945953e-05,47.91292905247278,47.79205474703872,5
A,dirichlet,0.3|wd0.0,cross,fin_uv_agree_strong,15,-0.5893510141289733,0.01907522900461823,0.9921875,0.984375,5
A,dirichlet,0.3|wd0.0,cross,fin_uvw_agree_strong,15,-0.5383906096432813,0.03706965884773913,0.9921875,0.9765625,5
A,dirichlet,0.3|wd0.0,cross,fin_n_unique_freq_strong,15,0.074535599249993,0.7958832046348021,47.0,47.0,5
A,dirichlet,0.3|wd0.0,cross,clock_share,15,-0.720119037778775,0.001660693268819124,0.505099399222211,0.4112220413422066,5
A,dirichlet,0.3|wd0.0,cross,clock_nfreq90,15,-0.626883127975503,0.010756974815670494,34.0,30.0,5
A,dirichlet,0.3|wd0.0,cross,clock_top1_share,15,0.7855844048495725,0.00024138722824617787,0.04699334867280574,0.05982196490731482,5
A,dirichlet,0.3|wd0.0,cross,clock_freq_gini,15,0.720119037778775,0.001660693268819124,0.3538559423793868,0.459144378218439,5
A,dirichlet,0.3|wd0.0,cross,clock_key_jaccard_final,15,-0.6746439092826155,0.0045417998200315635,0.6595744680851063,0.574468085106383,5
A,dirichlet,0.3|wd0.0,cross,clock_restricted_loss_tr,15,0.7528517213141737,0.0006910482238175549,0.002949071815237403,0.0039883991703391075,5
A,dirichlet,0.3|wd0.0,cross,clock_excluded_loss_tr,15,-0.31641594084218894,0.25635649462006643,0.00868450291454792,0.008658995851874352,5
A,dirichlet,0.3|wd0.0,cross,clock_excluded_acc_tr,15,0.48007935851918326,0.0699818849171045,85.43585968017578,87.70375061035156,5
A,dirichlet,0.3|wd0.0,cross,clock_restricted_loss_te,15,0.7528517213141737,0.0006910482238175549,0.002949298359453678,0.003988603129982948,5
A,dirichlet,0.3|wd0.0,cross,clock_excluded_loss_te,15,0.44734667498378433,0.09540649063206,0.015107082203030586,0.015579694882035255,5
A,dirichlet,0.3|wd0.0,cross,clock_excluded_acc_te,15,-0.4146139914483855,0.12644834969017446,1.5029603242874146,0.8501594066619873,5
A,dirichlet,0.3|wd0.0,end,fn_loss_tr,15,0.916515138991168,5.713229912494358e-08,3.384978845133446e-05,7.54659267840907e-05,5
A,dirichlet,0.3|wd0.0,end,fn_margin_tr,15,-0.8401388774085707,2.3172139434244073e-05,0.9819719195365906,0.9678451418876648,5
A,dirichlet,0.3|wd0.0,end,fn_entropy_tr,15,0.8946933499675687,5.571273327797034e-07,4.564830780029297,4.565014839172363,5
A,dirichlet,0.3|wd0.0,end,fn_loss_te,15,0.8728715609439696,3.173342639429432e-06,0.00023007635900285095,0.0003373365616425872,5
A,dirichlet,0.3|wd0.0,end,fn_margin_te,15,-0.9274260335029676,1.347152959974893e-08,0.9661401510238647,0.9427322745323181,5
A,dirichlet,0.3|wd0.0,end,fn_entropy_te,15,0.741940826802374,0.0009414420290027111,4.564846992492676,4.56510591506958,5
A,dirichlet,0.3|wd0.0,end,fn_gap_loss,15,0.829227982896771,4.004038960640279e-05,0.00019663446437334642,0.0002618706348584965,5
A,dirichlet,0.3|wd0.0,end,w_W1_fro,15,0.9056042444793685,1.9408679881756104e-07,36.86381149291992,40.79636764526367,5
A,dirichlet,0.3|wd0.0,end,w_W1_spec,15,-0.229128784747792,0.41905015022367575,9.257119178771973,8.891136169433594,5
A,dirichlet,0.3|wd0.0,end,w_W1_stable_rank,15,0.7092081432669752,0.0021566267372392384,15.748335838317871,21.054256439208984,5
A,dirichlet,0.3|wd0.0,end,w_W1_eff_rank,15,0.6328318816843779,0.00974764573320172,164.48333258192596,165.95952203845573,5
A,dirichlet,0.3|wd0.0,end,w_W1_sv_gini,15,-0.6110100926607787,0.013841381659124526,0.3161286924853428,0.3085149052910212,5
A,dirichlet,0.3|wd0.0,end,w_W1_entry_gini,15,0.720119037778775,0.001660693268819124,0.39193337323394606,0.4046056331720873,5
A,dirichlet,0.3|wd0.0,end,w_W1_row_gini,15,-0.5891883036371794,0.01911943619756852,0.10569280948094661,0.09652196328076679,5
A,dirichlet,0.3|wd0.0,end,w_W1_row_pr,15,0.545544725589981,0.03399879704460135,0.9670726067084913,0.9725161555777424,5
A,dirichlet,0.3|wd0.0,end,w_W1_dist_init,15,0.916515138991168,5.713229912494358e-08,37.287418365478516,40.67454147338867,5
A,dirichlet,0.3|wd0.0,end,w_W1_rel_dist_init,15,0.8401388774085707,2.3172139434244073e-05,2.3213901836682624,2.5337311447753748,5
A,dirichlet,0.3|wd0.0,end,w_W1_cos_init,15,0.86196066643217,6.589618199130937e-06,0.1894470602273941,0.20808714628219604,5
A,dirichlet,0.3|wd0.0,end,w_W2_fro,15,-0.9710696115501661,2.636913279660917e-13,23.09630012512207,18.16004753112793,5
A,dirichlet,0.3|wd0.0,end,w_W2_spec,15,-0.8837824554557693,1.4017600333217173e-06,3.410491704940796,2.7723400592803955,5
A,dirichlet,0.3|wd0.0,end,w_W2_stable_rank,15,-0.370970413401187,0.17719776032094695,46.042816162109375,42.90886306762695,5
A,dirichlet,0.3|wd0.0,end,w_W2_eff_rank,15,-0.3382377298657882,0.22257310801269975,92.69441954640156,92.59206625089419,5
A,dirichlet,0.3|wd0.0,end,w_W2_sv_gini,15,0.4037030969365859,0.1381112563670651,0.16137717889307202,0.16462621798315547,5
A,dirichlet,0.3|wd0.0,end,w_W2_entry_gini,15,0.949247822526567,2.6335578745452705e-10,0.359154258317975,0.3944273348275471,5
A,dirichlet,0.3|wd0.0,end,w_W2_row_gini,15,-0.12001983962979582,0.6761118751494081,0.015695647249352573,0.015585135829937924,5
A,dirichlet,0.3|wd0.0,end,w_W2_row_pr,15,-0.0545544725589981,0.849959537030684,0.9992371029157711,0.9992283537841534,5
A,dirichlet,0.3|wd0.0,end,w_W2_dist_init,15,-0.9710696115501661,2.636913279660917e-13,23.097339630126953,18.167491912841797,5
A,dirichlet,0.3|wd0.0,end,w_W2_rel_dist_init,15,-0.9601587170383665,1.500446490332778e-11,37.367313554480944,29.477983867957175,5
A,dirichlet,0.3|wd0.0,end,w_W2_cos_init,15,-0.370970413401187,0.17719776032094695,0.011703734286129475,0.00489031383767724,5
A,dirichlet,0.3|wd0.0,end,w_all_norm,15,0.6764754597315764,0.004378458068795629,43.50149051762765,44.68131046092213,5
A,dirichlet,0.3|wd0.0,end,w_all_rel_norm,15,0.6437427761961776,0.008086397593390459,2.7029846863478784,2.7836986347230672,5
A,dirichlet,0.3|wd0.0,end,w_all_dist_init,15,0.600099198148979,0.01632045760002202,43.86158531507562,44.57711660878624,5
A,dirichlet,0.3|wd0.0,end,w_all_rel_dist_init,15,0.5891883036371794,0.01911943619756852,2.727833674947994,2.7732014986073388,5
A,dirichlet,0.3|wd0.0,end,w_all_cos_init,15,0.86196066643217,6.589618199130937e-06,0.16047966747072662,0.19009463332481263,5
A,dirichlet,0.3|wd0.0,end,rep_between_within_tr,15,-0.8074061938731718,0.00010524350141213583,0.46039138330221646,0.3811751005094825,5
A,dirichlet,0.3|wd0.0,end,rep_nc1_tr,15,0.5346338310781814,0.0387603526366733,0.5326666955589733,0.5809999007097123,5
A,dirichlet,0.3|wd0.0,end,rep_eff_rank_te,15,0.6982972487551756,0.0027635984503722433,227.80252893029476,230.42316461132026,5
A,dirichlet,0.3|wd0.0,end,rep_pr_te,15,0.545544725589981,0.03399879704460135,126.86321764840669,137.24942989514525,5
A,dirichlet,0.3|wd0.0,end,rep_unit_gini_te,15,-0.7528517213141737,0.0006910482238175549,0.2900481144844227,0.24182342969801773,5
A,dirichlet,0.3|wd0.0,end,rep_unit_pr_te,15,0.5346338310781814,0.0387603526366733,0.772864700559838,0.8170562080868192,5
A,dirichlet,0.3|wd0.0,end,rep_between_within_te,15,-0.7964952993613722,0.00016178840059113533,0.42055068533652257,0.3514904976903836,5
A,dirichlet,0.3|wd0.0,end,unit_interaction_share,15,-0.7964952993613722,0.00016178840059113533,0.6022507519514815,0.5417042008843468,5
A,dirichlet,0.3|wd0.0,end,unit_frac_interacting,15,-0.12707376262526085,0.6580630112629735,0.609375,0.609375,5
A,dirichlet,0.3|wd0.0,end,add_share_a,15,0.774673510337773,0.0003507055528598205,0.0009243740891456608,0.0017748054720401578,5
A,dirichlet,0.3|wd0.0,end,add_share_b,15,0.741940826802374,0.0009414420290027111,0.0010528306650460482,0.0018108238412538312,5
A,dirichlet,0.3|wd0.0,end,add_share_interaction,15,-0.8510497719203702,1.2736263777852137e-05,0.9979860554998194,0.9962783109525462,5
A,dirichlet,0.3|wd0.0,end,add_acc_additive_tr,15,0.5464694729134697,0.033615825364742266,1.5591778755187988,1.913536548614502,5
A,dirichlet,0.3|wd0.0,end,add_acc_additive_te,15,0.4813704752168881,0.06908787110934123,1.0171550512313843,1.2448762655258179,5
A,dirichlet,0.3|wd0.0,end,circ_share_interaction_tr,15,-0.774673510337773,0.0003507055528598205,1.1054785315515907,1.0592895937511853,5
A,dirichlet,0.3|wd0.0,end,circ_share_marginal_tr,15,-0.7637626158259734,0.0004975747231020245,0.10744527207477757,0.06550288383658208,5
A,dirichlet,0.3|wd0.0,end,circ_acc_marginal_tr,15,-0.04949839132842231,0.8637459531351362,1.2402551248669624,1.346562709659338,5
A,dirichlet,0.3|wd0.0,end,circ_units_tr,15,-0.4146139914483855,0.12644834969017446,113.96472930908203,112.29563903808594,5
A,dirichlet,0.3|wd0.0,end,circ_share_interaction_te,15,-0.774673510337773,0.0003507055528598205,1.095970765395795,1.0495688329734483,5
A,dirichlet,0.3|wd0.0,end,circ_share_marginal_te,15,-0.774673510337773,0.0003507055528598205,0.10569185490194248,0.06395703167521469,5
A,dirichlet,0.3|wd0.0,end,circ_acc_marginal_te,15,0.2844461899008884,0.31091929133237095,1.0930621065199375,1.214513462036848,5
A,dirichlet,0.3|wd0.0,end,circ_units_te,15,-0.4146139914483855,0.12644834969017446,113.96472930908203,112.29563903808594,5
A,dirichlet,0.3|wd0.0,end,sharp_lambda_max,15,0.8837824554557693,1.4017600333217173e-06,0.02039313316345215,0.028994787484407425,5
A,dirichlet,0.3|wd0.0,end,sharp_grad_norm,15,0.86196066643217,6.589618199130937e-06,8.207734936149791e-06,3.170618219883181e-05,5
A,dirichlet,0.3|wd0.0,end,sharp_lr_lambda,15,0.8837824554557693,1.4017600333217173e-06,1.0196566581726074,1.4497393742203712,5
A,dirichlet,0.3|wd0.0,end,unit_fourier_sum_share,15,-0.7964952993613722,0.00016178840059113533,0.29414112673714193,0.2567371622005623,5
A,dirichlet,0.3|wd0.0,end,unit_fourier_diff_share,15,-0.7964952993613722,0.00016178840059113533,0.2941411292265645,0.25673715987596596,5
A,dirichlet,0.3|wd0.0,end,unit_fourier_marginal_share,15,0.7964952993613722,0.00016178840059113533,0.39774924981757,0.45829580081147486,5
A,dirichlet,0.3|wd0.0,end,unit_fourier_other_share,15,0.8074061938731718,0.00010524350141213583,0.013968494218723593,0.030553947539498028,5
A,dirichlet,0.3|wd0.0,end,unit_sum_freq_concentration,15,-0.7964952993613722,0.00016178840059113533,0.29404817607812983,0.25651849502175383,5
A,dirichlet,0.3|wd0.0,end,fU_ipr,15,-0.8183170883849714,6.618137243945953e-05,0.41538065933314694,0.3714637859892251,5
A,dirichlet,0.3|wd0.0,end,fU_dc_share,15,-0.6873863542433761,0.0034982674296334636,0.06559275975604775,0.04700576772463763,5
A,dirichlet,0.3|wd0.0,end,fU_top1_share,15,-0.3600595188893875,0.19161787793201449,0.03017639624322899,0.02833518154313146,5
A,dirichlet,0.3|wd0.0,end,fU_nfreq90,15,0.472455591261534,0.07542521288736763,42.0,43.0,5
A,dirichlet,0.3|wd0.0,end,fU_freq_gini,15,-0.5782774091253797,0.02226248391666498,0.08716723588700326,0.07341549091772426,5
A,dirichlet,0.3|wd0.0,end,fU_freq_eff_n,15,0.5782774091253797,0.02226248391666498,47.39240811026318,47.56932684387053,5
A,dirichlet,0.3|wd0.0,end,fV_ipr,15,-0.741940826802374,0.0009414420290027111,0.4127997927753992,0.364527211822241,5
A,dirichlet,0.3|wd0.0,end,fV_dc_share,15,-0.7092081432669752,0.0021566267372392384,0.0615402896676723,0.04546598546378176,5
A,dirichlet,0.3|wd0.0,end,fV_top1_share,15,-0.458257569495584,0.08632897662412624,0.0313531612085545,0.028913282304475922,5
A,dirichlet,0.3|wd0.0,end,fV_nfreq90,15,0.2886751345948129,0.30335982093680636,42.0,43.0,5
A,dirichlet,0.3|wd0.0,end,fV_freq_gini,15,-0.4255248859601851,0.11545171027095363,0.0824189172068186,0.07285124927602937,5
A,dirichlet,0.3|wd0.0,end,fV_freq_eff_n,15,0.49099025303098287,0.062675779012202,47.44009375602952,47.58401156185219,5
A,dirichlet,0.3|wd0.0,end,fout_ipr,15,-0.6110100926607787,0.013841381659124526,0.3210195947607851,0.31421990854855464,5
A,dirichlet,0.3|wd0.0,end,fout_dc_share,15,0.3818813079129867,0.16347753318137834,0.0001093045057153621,0.00011516699035351587,5
A,dirichlet,0.3|wd0.0,end,fout_top1_share,15,0.1091089451179962,0.7043350636747241,0.028386053107866276,0.028753877453317797,5
A,dirichlet,0.3|wd0.0,end,fout_nfreq90,15,0.3779644730092272,0.1683226847669143,42.0,42.0,5
A,dirichlet,0.3|wd0.0,end,fout_freq_gini,15,0.09819805060619656,0.7329019916291797,0.07634524112083896,0.07744999308917988,5
A,dirichlet,0.3|wd0.0,end,fout_freq_eff_n,15,0.14184162865339506,0.6208194107674094,47.48154501232734,47.544388215903695,5
A,dirichlet,0.3|wd0.0,end,fin_uv_agree_strong,15,0.25495097567963926,0.3664758216098262,1.0,1.0,5
A,dirichlet,0.3|wd0.0,end,fin_uvw_agree_strong,15,0.6863608023709329,0.003574517394402376,0.984375,1.0,5
A,dirichlet,0.3|wd0.0,end,fin_n_unique_freq_strong,15,0.21516574145596762,0.44893671585127265,47.0,47.0,5
A,dirichlet,0.3|wd0.0,end,clock_share,15,-0.8946933499675687,5.571273327797034e-07,0.9833412903524217,0.9747910337191973,5
A,dirichlet,0.3|wd0.0,end,clock_top1_share,15,0.8401388774085707,2.3172139434244073e-05,0.021127313649319284,0.021564606436479148,5
A,dirichlet,0.3|wd0.0,end,clock_freq_gini,15,0.8946933499675687,5.571273327797034e-07,0.0038247315474382315,0.010176944411216082,5
A,dirichlet,0.3|wd0.0,end,clock_restricted_loss_tr,15,0.7964952993613722,0.00016178840059113533,0.0008507747552357614,0.0008533246582373977,5
A,dirichlet,0.3|wd0.0,end,clock_excluded_loss_tr,15,-0.32732683535398854,0.23911154774545884,0.009335490874946117,0.009330801665782928,5
A,dirichlet,0.3|wd0.0,end,clock_excluded_acc_tr,15,-0.5891883036371794,0.01911943619756852,97.94471740722656,90.78667449951172,5
A,dirichlet,0.3|wd0.0,end,clock_restricted_loss_te,15,0.829227982896771,4.004038960640279e-05,0.0008508669561706483,0.0008535089436918497,5
A,dirichlet,0.3|wd0.0,end,clock_excluded_loss_te,15,0.8837824554557693,1.4017600333217173e-06,0.009603830054402351,0.009728919714689255,5
A,dirichlet,0.3|wd0.0,end,clock_excluded_acc_te,15,-0.6873863542433761,0.0034982674296334636,69.09063720703125,53.69667434692383,5
A',K,0.2|wd0.1,init,fn_loss_tr,15,0.9819805060619657,3.909667787790721e-16,0.003764733439311385,0.006494722329080105,5
A',K,0.2|wd0.1,init,fn_acc_tr,15,-0.8616404368553292,6.724754954713178e-06,100.0,98.8835678100586,5
A',K,0.2|wd0.1,init,fn_margin_tr,15,-0.9819805060619657,3.909667787790721e-16,0.4992810785770416,0.18541482090950012,5
A',K,0.2|wd0.1,init,fn_entropy_tr,15,0.9274260335029676,1.347152959974893e-08,4.570720672607422,4.5730767250061035,5
A',K,0.2|wd0.1,init,fn_loss_te,15,-0.9601587170383665,1.500446490332778e-11,0.02027302049100399,0.014044013805687428,5
A',K,0.2|wd0.1,init,fn_acc_te,15,-0.6995475581695499,0.002687890299638637,1.2353878021240234,0.6774707436561584,5
A',K,0.2|wd0.1,init,fn_margin_te,15,0.458257569495584,0.08632897662412624,-0.2575061321258545,-0.18518449366092682,5
A',K,0.2|wd0.1,init,fn_entropy_te,15,0.8946933499675687,5.571273327797034e-07,4.569469451904297,4.572821617126465,5
A',K,0.2|wd0.1,init,fn_gap_loss,15,-0.9819805060619657,3.909667787790721e-16,0.01641997369006276,0.0075698122382164,5
A',K,0.2|wd0.1,init,fn_gap_acc,15,0.032732683535398856,0.9096897643267184,98.76461219787598,98.20609706640244,5
A',K,0.2|wd0.1,init,fn_class_acc_gini,15,0.8183170883849714,6.618137243945953e-05,0.719250084597201,0.856486066311597,5
A',K,0.2|wd0.1,init,w_W1_fro,15,0.0,1.0,26.17812156677246,53.22904968261719,5
A',K,0.2|wd0.1,init,w_W1_spec,15,0.0,1.0,3.568946123123169,7.272305965423584,5
A',K,0.2|wd0.1,init,w_W1_stable_rank,15,0.5891883036371794,0.01911943619756852,53.33549880981445,54.717132568359375,5
A',K,0.2|wd0.1,init,w_W1_eff_rank,15,0.06546536707079771,0.820343271117467,169.10529345301663,168.93874097327873,5
A',K,0.2|wd0.1,init,w_W1_sv_gini,15,-0.1091089451179962,0.7043350636747241,0.29343516809552006,0.2942066501488232,5
A',K,0.2|wd0.1,init,w_W1_entry_gini,15,-0.8946933499675687,5.571273327797034e-07,0.38411923284399285,0.3503959460285655,5
A',K,0.2|wd0.1,init,w_W1_row_gini,15,-0.5564556201017806,0.029677943085239838,0.07035793646391308,0.06583691555363624,5
A',K,0.2|wd0.1,init,w_W1_row_pr,15,0.6110100926607787,0.013841381659124526,0.983666680915408,0.9865313883110017,5
A',K,0.2|wd0.1,init,w_W1_dist_init,15,0.0,1.0,23.77593994140625,46.56736373901367,5
A',K,0.2|wd0.1,init,w_W1_rel_dist_init,15,0.0,1.0,1.4834553853301498,2.9140246876860076,5
A',K,0.2|wd0.1,init,w_W1_cos_init,15,0.39279220242478624,0.15045123823294082,0.44918668270111084,0.5421332716941833,5
A',K,0.2|wd0.1,init,w_W2_fro,15,-0.6219209871725783,0.011658291760714513,36.023563385009766,5.2616705894470215,5
A',K,0.2|wd0.1,init,w_W2_spec,15,-0.06546536707079771,0.820343271117467,6.681471347808838,1.3616044521331787,5
A',K,0.2|wd0.1,init,w_W2_stable_rank,15,-0.949247822526567,2.6335578745452705e-10,31.85425567626953,12.729046821594238,5
A',K,0.2|wd0.1,init,w_W2_eff_rank,15,-0.9601587170383665,1.500446490332778e-11,90.93081651338024,84.96206649371112,5
A',K,0.2|wd0.1,init,w_W2_sv_gini,15,0.9601587170383665,1.500446490332778e-11,0.2000701472175217,0.28988969816642296,5
A',K,0.2|wd0.1,init,w_W2_entry_gini,15,-0.32732683535398854,0.23911154774545884,0.4489467244153089,0.4445268761941079,5
A',K,0.2|wd0.1,init,w_W2_row_gini,15,0.9601587170383665,1.500446490332778e-11,0.12741256753050556,0.19116277017479466,5
A',K,0.2|wd0.1,init,w_W2_row_pr,15,-0.9710696115501661,2.636913279660917e-13,0.9513065334226093,0.881201617984621,5
A',K,0.2|wd0.1,init,w_W2_dist_init,15,-0.6110100926607787,0.013841381659124526,35.96665573120117,5.253756046295166,5
A',K,0.2|wd0.1,init,w_W2_rel_dist_init,15,-0.6219209871725783,0.011658291760714513,58.16899847333219,8.524574372833518,5
A',K,0.2|wd0.1,init,w_W2_cos_init,15,-0.39279220242478624,0.15045123823294082,0.10068923979997635,0.0713980421423912,5
A',K,0.2|wd0.1,init,w_all_norm,15,0.0,1.0,44.53078898603228,53.48847452962536,5
A',K,0.2|wd0.1,init,w_all_rel_norm,15,0.0,1.0,2.776350191141366,3.34463745778884,5
A',K,0.2|wd0.1,init,w_all_dist_init,15,0.0,1.0,43.11491209064566,46.862792471166166,5
A',K,0.2|wd0.1,init,w_all_rel_dist_init,15,0.0,1.0,2.6880748612258714,2.9303331690425196,5
A',K,0.2|wd0.1,init,w_all_cos_init,15,0.9819805060619657,3.909667787790721e-16,0.26696472737294746,0.5391179655445644,5
A',K,0.2|wd0.1,init,rep_between_within_tr,15,-0.6873863542433761,0.0034982674296334636,0.1928887464681235,0.1641898954177491,5
A',K,0.2|wd0.1,init,rep_nc1_tr,15,0.9819805060619657,3.909667787790721e-16,1.6879632766351127,2.925410485004492,5
A',K,0.2|wd0.1,init,rep_eff_rank_te,15,0.9601587170383665,1.500446490332778e-11,239.46641879475058,244.10426391349432,5
A',K,0.2|wd0.1,init,rep_pr_te,15,0.9601587170383665,1.500446490332778e-11,149.1050381880555,182.45971178016762,5
A',K,0.2|wd0.1,init,rep_unit_gini_te,15,-0.6764754597315764,0.004378458068795629,0.2916830753532662,0.24504668466456425,5
A',K,0.2|wd0.1,init,rep_unit_pr_te,15,0.6655645652197768,0.00542309317145814,0.7288804755764864,0.8312413013858316,5
A',K,0.2|wd0.1,init,rep_between_within_te,15,-0.6873863542433761,0.0034982674296334636,0.01683074088264709,0.011994730511976892,5
A',K,0.2|wd0.1,init,unit_interaction_share,15,0.32732683535398854,0.23911154774545884,0.5906598325812368,0.6525775180548257,5
A',K,0.2|wd0.1,init,unit_frac_interacting,15,0.1942646529640706,0.4954824461593005,0.99609375,1.0,5
A',K,0.2|wd0.1,init,add_share_a,15,0.7964952993613722,0.00016178840059113533,0.08069949957933724,0.09296387923327448,5
A',K,0.2|wd0.1,init,add_share_b,15,0.829227982896771,4.004038960640279e-05,0.08091659346525884,0.09209324774010275,5
A',K,0.2|wd0.1,init,add_share_interaction,15,-0.5019011475427825,0.05592180893798995,0.8369706997751886,0.8139994044126919,5
A',K,0.2|wd0.1,init,add_acc_interaction_tr,15,-0.962002266713882,8.400498860773913e-12,100.0,97.34183502197266,5
A',K,0.2|wd0.1,init,add_acc_additive_tr,15,0.12001983962979582,0.6761118751494081,17.331207275390625,17.437532424926758,5
A',K,0.2|wd0.1,init,add_acc_no_a_tr,15,-0.9517641612223906,1.4622985382130927e-10,100.0,98.1392822265625,5
A',K,0.2|wd0.1,init,add_acc_no_b_tr,15,-0.9634758503905088,5.150962704001706e-12,100.0,98.032958984375,5
A',K,0.2|wd0.1,init,add_acc_interaction_te,15,-0.6770802658065461,0.004325541825545727,2.3645057678222656,1.275239109992981,5
A',K,0.2|wd0.1,init,add_acc_additive_te,15,-0.017149858514250885,0.9526218223561793,0.026567481458187103,0.013283740729093552,5
A',K,0.2|wd0.1,init,add_acc_no_a_te,15,-0.720119037778775,0.001660693268819124,1.7401701211929321,0.8900105953216553,5
A',K,0.2|wd0.1,init,add_acc_no_b_te,15,-0.6546536707079771,0.006652115282469617,1.647183895111084,1.0095642805099487,5
A',K,0.2|wd0.1,init,circ_share_interaction_tr,15,-0.7092081432669752,0.0021566267372392384,0.9974734989427658,0.9004140695101307,5
A',K,0.2|wd0.1,init,circ_share_marginal_tr,15,-0.6219209871725783,0.011658291760714513,0.2592912518830638,0.22074673925030328,5
A',K,0.2|wd0.1,init,circ_acc_interaction_tr,15,-0.9863939238321437,6.0405215744267275e-18,100.0,97.02286124229431,5
A',K,0.2|wd0.1,init,circ_acc_marginal_tr,15,0.14196844283040486,0.6205029315223385,15.789473056793213,15.948963165283203,5
A',K,0.2|wd0.1,init,circ_units_tr,15,-0.09819805060619656,0.7329019916291797,252.0202178955078,250.67507934570312,5
A',K,0.2|wd0.1,init,circ_share_interaction_te,15,-0.6873863542433761,0.0034982674296334636,0.8333283735767979,0.8090121895272671,5
A',K,0.2|wd0.1,init,circ_share_marginal_te,15,0.09819805060619656,0.7329019916291797,0.16545880857338938,0.17834683285247815,5
A',K,0.2|wd0.1,init,circ_acc_interaction_te,15,-0.6982972487551756,0.0027635984503722433,2.417640760540962,1.235387846827507,5
A',K,0.2|wd0.1,init,circ_acc_marginal_te,15,-0.0055401874609544485,0.9846879644806876,0.03985122311860323,0.053134962217882276,5
A',K,0.2|wd0.1,init,circ_units_te,15,-0.09819805060619656,0.7329019916291797,252.0202178955078,250.67507934570312,5
A',K,0.2|wd0.1,init,sharp_lambda_max,15,0.0,1.0,0.004838638007640839,0.07994724065065384,5
A',K,0.2|wd0.1,init,sharp_grad_norm,15,0.04364357804719848,0.8797533545178342,0.0002542374422773719,0.0013514920137822628,5
A',K,0.2|wd0.1,init,sharp_lr_lambda,15,0.0,1.0,4.838638007640839e-06,7.994724065065384e-05,5
A',K,0.2|wd0.1,init,unit_fourier_sum_share,15,-0.7310299322905746,0.0012603584344841232,0.01752478392401129,0.011792925896329978,5
A',K,0.2|wd0.1,init,unit_fourier_diff_share,15,-0.7310299322905746,0.0012603584344841232,0.01752478407954744,0.011792926159198098,5
A',K,0.2|wd0.1,init,unit_fourier_marginal_share,15,-0.32732683535398854,0.23911154774545884,0.40934016829783104,0.34742248156472816,5
A',K,0.2|wd0.1,init,unit_fourier_other_share,15,0.7092081432669752,0.0021566267372392384,0.5556102636986102,0.6294769934522747,5
A',K,0.2|wd0.1,init,unit_sum_freq_concentration,15,-0.7310299322905746,0.0012603584344841232,0.011672637889604624,0.005020248720185922,5
A',K,0.2|wd0.1,init,unit_n_distinct_sum_freqs,15,-0.1386750490563073,0.6287408478851858,48.0,48.0,5
A',K,0.2|wd0.1,init,fU_ipr,15,-0.7528517213141737,0.0006910482238175549,0.03575161819950655,0.024419247061329905,5
A',K,0.2|wd0.1,init,fU_dc_share,15,-0.5891883036371794,0.01911943619756852,0.008824544260834427,0.005567228973526323,5
A',K,0.2|wd0.1,init,fU_top1_share,15,-0.6437427761961776,0.008086397593390459,0.026105800426958717,0.02389406239199414,5
A',K,0.2|wd0.1,init,fU_freq_gini,15,-0.4364357804719848,0.10510901558655147,0.04316513685878376,0.03723458800907653,5
A',K,0.2|wd0.1,init,fU_freq_eff_n,15,0.5019011475427825,0.05592180893798995,47.85228068756449,47.89794301836292,5
A',K,0.2|wd0.1,init,fV_ipr,15,-0.774673510337773,0.0003507055528598205,0.03505654747978344,0.024083281850289563,5
A',K,0.2|wd0.1,init,fV_dc_share,15,-0.5237229365663817,0.043986130070219155,0.009442241196100213,0.006112944139662231,5
A',K,0.2|wd0.1,init,fV_top1_share,15,-0.3818813079129867,0.16347753318137834,0.025000376706968266,0.023863117277528673,5
A',K,0.2|wd0.1,init,fV_freq_gini,15,-0.6110100926607787,0.013841381659124526,0.04370774764234442,0.03649334831398421,5
A',K,0.2|wd0.1,init,fV_freq_eff_n,15,0.5891883036371794,0.01911943619756852,47.857329522528026,47.903296650790104,5
A',K,0.2|wd0.1,init,fout_ipr,15,-0.7528517213141737,0.0006910482238175549,0.03425460393174808,0.023768230750479957,5
A',K,0.2|wd0.1,init,fout_dc_share,15,0.949247822526567,2.6335578745452705e-10,0.00011073866714707358,0.0010684815309825676,5
A',K,0.2|wd0.1,init,fout_top1_share,15,0.4037030969365859,0.1381112563670651,0.024071918294955502,0.02427772809948989,5
A',K,0.2|wd0.1,init,fout_freq_gini,15,0.1091089451179962,0.7043350636747241,0.032682981729021954,0.038010766729711154,5
A',K,0.2|wd0.1,init,fout_freq_eff_n,15,-0.07637626158259733,0.7909390592571625,47.9148464360463,47.89174882349401,5
A',K,0.2|wd0.1,init,fin_uv_agree_strong,15,-0.83542968280969,2.951455577965241e-05,0.5390625,0.3515625,5
A',K,0.2|wd0.1,init,fin_uvw_agree_strong,15,-0.8861592839219985,1.1577853966691445e-06,0.4453125,0.234375,5
A',K,0.2|wd0.1,init,fin_n_unique_freq_strong,15,0.24934081366995023,0.3775926251340992,46.0,46.0,5
A',K,0.2|wd0.1,init,clock_share,15,-0.8401388774085707,2.3172139434244073e-05,0.024639620589445507,0.010980012198898043,5
A',K,0.2|wd0.1,init,clock_nfreq90,15,0.6127081969029813,0.013482771838156507,38.0,40.0,5
A',K,0.2|wd0.1,init,clock_top1_share,15,-0.741940826802374,0.0009414420290027111,0.10477554585181384,0.06445695682703705,5
A',K,0.2|wd0.1,init,clock_freq_gini,15,-0.6764754597315764,0.004378458068795629,0.37298020750997685,0.22472268168064824,5
A',K,0.2|wd0.1,init,clock_key_jaccard_final,15,-0.3986037048699828,0.14379368320245065,0.8,0.6382978723404256,5
A',K,0.2|wd0.1,init,clock_restricted_loss_tr,15,0.7855844048495725,0.00024138722824617787,0.007744673639535904,0.009360789321362972,5
A',K,0.2|wd0.1,init,clock_excluded_loss_tr,15,0.949247822526567,2.6335578745452705e-10,0.005000200588256121,0.007162492722272873,5
A',K,0.2|wd0.1,init,clock_excluded_acc_tr,15,-0.8853648783083368,1.2348992224593375e-06,100.0,96.27857208251953,5
A',K,0.2|wd0.1,init,clock_restricted_loss_te,15,0.7855844048495725,0.00024138722824617787,0.007744899019598961,0.009359520860016346,5
A',K,0.2|wd0.1,init,clock_excluded_loss_te,15,-0.9601587170383665,1.500446490332778e-11,0.02285635657608509,0.014921317808330059,5
A',K,0.2|wd0.1,init,clock_excluded_acc_te,15,0.5384940532732262,0.03702387477447766,0.09298618882894516,0.26567479968070984,5
A',K,0.2|wd0.1,cross,fn_loss_tr,15,0.49099025303098287,0.062675779012202,0.0022413083352148533,0.0029092293698340654,5
A',K,0.2|wd0.1,cross,fn_margin_tr,15,-0.545544725589981,0.03399879704460135,0.6668857336044312,0.6007273197174072,5
A',K,0.2|wd0.1,cross,fn_entropy_tr,15,0.7310299322905746,0.0012603584344841232,4.568897724151611,4.569796085357666,5
A',K,0.2|wd0.1,cross,fn_loss_te,15,-0.44734667498378433,0.09540649063206,0.013286281377077103,0.00873904675245285,5
A',K,0.2|wd0.1,cross,fn_acc_te,15,0.2727723627949905,0.3323198540082604,83.2226333618164,96.7454833984375,5
A',K,0.2|wd0.1,cross,fn_margin_te,15,0.26186146828319085,0.3530207417045761,0.1193840503692627,0.24759986996650696,5
A',K,0.2|wd0.1,cross,fn_entropy_te,15,0.8946933499675687,5.571273327797034e-07,4.569150924682617,4.570623874664307,5
A',K,0.2|wd0.1,cross,fn_gap_loss,15,-0.5673665146135802,0.025773890734503396,0.01104497304186225,0.0058517607394605875,5
A',K,0.2|wd0.1,cross,fn_gap_acc,15,-0.2727723627949905,0.3323198540082604,16.777366638183594,3.2545166015625,5
A',K,0.2|wd0.1,cross,fn_class_acc_gini,15,-0.1745743121887939,0.5411986395075382,0.08008215287900966,0.02596153430212733,5
A',K,0.2|wd0.1,cross,w_W1_fro,15,0.0,1.0,23.91779327392578,49.98495864868164,5
A',K,0.2|wd0.1,cross,w_W1_spec,15,0.0,1.0,3.5358572006225586,6.451052188873291,5
A',K,0.2|wd0.1,cross,w_W1_stable_rank,15,0.7310299322905746,0.0012603584344841232,44.78562927246094,61.02370834350586,5
A',K,0.2|wd0.1,cross,w_W1_eff_rank,15,0.7310299322905746,0.0012603584344841232,168.11519247882163,170.13776542674654,5
A',K,0.2|wd0.1,cross,w_W1_sv_gini,15,-0.7310299322905746,0.0012603584344841232,0.2996062044328116,0.28496295404923777,5
A',K,0.2|wd0.1,cross,w_W1_entry_gini,15,-0.9601587170383665,1.500446490332778e-11,0.38405572941669597,0.35678742964024357,5
A',K,0.2|wd0.1,cross,w_W1_row_gini,15,-0.02182178902359924,0.9397334404525235,0.1079398084399068,0.11510926967990409,5
A',K,0.2|wd0.1,cross,w_W1_row_pr,15,0.01091089451179962,0.9698487810478991,0.9636123233123938,0.958900835128635,5
A',K,0.2|wd0.1,cross,w_W1_dist_init,15,0.0,1.0,25.70712661743164,49.99696350097656,5
A',K,0.2|wd0.1,cross,w_W1_rel_dist_init,15,0.0,1.0,1.5964027097689366,3.1194671982878446,5
A',K,0.2|wd0.1,cross,w_W1_cos_init,15,-0.44734667498378433,0.09540649063206,0.24361257255077362,0.15957315266132355,5
A',K,0.2|wd0.1,cross,w_W2_fro,15,-0.0545544725589981,0.849959537030684,49.28750991821289,8.725757598876953,5
A',K,0.2|wd0.1,cross,w_W2_spec,15,-0.0545544725589981,0.849959537030684,8.584938049316406,1.6815510988235474,5
A',K,0.2|wd0.1,cross,w_W2_stable_rank,15,-0.6873863542433761,0.0034982674296334636,34.175724029541016,26.277454376220703,5
A',K,0.2|wd0.1,cross,w_W2_eff_rank,15,-0.829227982896771,4.004038960640279e-05,91.5582015424535,89.75111145970331,5
A',K,0.2|wd0.1,cross,w_W2_sv_gini,15,0.829227982896771,4.004038960640279e-05,0.1886488554300909,0.22089145358734164,5
A',K,0.2|wd0.1,cross,w_W2_entry_gini,15,-0.1854852067005935,0.5156506457292339,0.42374921684720546,0.40285326008109235,5
A',K,0.2|wd0.1,cross,w_W2_row_gini,15,0.774673510337773,0.0003507055528598205,0.07100698567076913,0.12207026867241444,5
A',K,0.2|wd0.1,cross,w_W2_row_pr,15,-0.774673510337773,0.0003507055528598205,0.9842210796944527,0.9548933800109987,5
A',K,0.2|wd0.1,cross,w_W2_dist_init,15,-0.032732683535398856,0.9096897643267184,49.256500244140625,8.734634399414062,5
A',K,0.2|wd0.1,cross,w_W2_rel_dist_init,15,-0.06546536707079771,0.820343271117467,79.66271062053546,14.12655485241199,5
A',K,0.2|wd0.1,cross,w_W2_cos_init,15,-0.6655645652197768,0.00542309317145814,0.05477059632539749,0.021977756172418594,5
A',K,0.2|wd0.1,cross,w_all_norm,15,-0.39279220242478624,0.15045123823294082,54.95918673494058,50.74086062321739,5
A',K,0.2|wd0.1,cross,w_all_rel_norm,15,-0.39279220242478624,0.15045123823294082,3.4086996135360894,3.1635280060753987,5
A',K,0.2|wd0.1,cross,w_all_dist_init,15,-0.39279220242478624,0.15045123823294082,55.55156929511166,50.75421359266056,5
A',K,0.2|wd0.1,cross,w_all_rel_dist_init,15,-0.39279220242478624,0.15045123823294082,3.4449292583199207,3.1643605203898764,5
A',K,0.2|wd0.1,cross,w_all_cos_init,15,0.5237229365663817,0.043986130070219155,0.10977171308833276,0.1572187340934216,5
A',K,0.2|wd0.1,cross,rep_between_within_tr,15,0.19639610121239312,0.49063990002390784,0.34923114556540685,0.4538579879140009,5
A',K,0.2|wd0.1,cross,rep_nc1_tr,15,-0.25095057377139124,0.3743851884157219,1.338880056082794,1.0632208851576372,5
A',K,0.2|wd0.1,cross,rep_eff_rank_te,15,0.44734667498378433,0.09540649063206,231.08878134942054,235.08046947491326,5
A',K,0.2|wd0.1,cross,rep_pr_te,15,0.4255248859601851,0.11545171027095363,99.37901170015564,142.01109428221108,5
A',K,0.2|wd0.1,cross,rep_unit_gini_te,15,-0.14184162865339506,0.6208194107674094,0.412631732776664,0.4039523970851071,5
A',K,0.2|wd0.1,cross,rep_unit_pr_te,15,0.2727723627949905,0.3323198540082604,0.477974898520567,0.6095974014937275,5
A',K,0.2|wd0.1,cross,rep_between_within_te,15,0.26186146828319085,0.3530207417045761,0.17621227578766605,0.2732690216054776,5
A',K,0.2|wd0.1,cross,unit_interaction_share,15,0.13093073414159542,0.6482633410831735,0.63867179957143,0.7226039880537861,5
A',K,0.2|wd0.1,cross,unit_frac_interacting,15,0.306602015914882,0.2724689544618453,0.8828125,0.9453125,5
A',K,0.2|wd0.1,cross,add_share_a,15,-0.24003967925959163,0.3963999598093877,0.058189553070239416,0.049310796658822376,5
A',K,0.2|wd0.1,cross,add_share_b,15,-0.13093073414159542,0.6482633410831735,0.05650844740098188,0.05355319372504282,5
A',K,0.2|wd0.1,cross,add_share_interaction,15,0.24003967925959163,0.3963999598093877,0.8846784402314674,0.8966849825633767,5
A',K,0.2|wd0.1,cross,add_acc_additive_tr,15,-0.22933363841834628,0.4186191345991941,13.450291633605957,11.376927375793457,5
A',K,0.2|wd0.1,cross,add_acc_interaction_te,15,0.24025428786683897,0.39596076908386646,91.20616149902344,98.51222229003906,5
A',K,0.2|wd0.1,cross,add_acc_additive_te,15,0.2625657137546662,0.3516644345542925,0.05313496291637421,0.17268863320350647,5
A',K,0.2|wd0.1,cross,add_acc_no_a_te,15,0.26186146828319085,0.3530207417045761,87.47343444824219,97.58235931396484,5
A',K,0.2|wd0.1,cross,add_acc_no_b_te,15,0.26209558676382433,0.3525695456818583,87.44686126708984,97.80818176269531,5
A',K,0.2|wd0.1,cross,circ_share_interaction_tr,15,-0.8183170883849714,6.618137243945953e-05,1.0257665312526845,0.9620280586728568,5
A',K,0.2|wd0.1,cross,circ_share_marginal_tr,15,-0.6873863542433761,0.0034982674296334636,0.17370300011645243,0.10791556233417902,5
A',K,0.2|wd0.1,cross,circ_acc_marginal_tr,15,0.21295266424560724,0.4537641537281709,10.95162108540535,10.366825759410858,5
A',K,0.2|wd0.1,cross,circ_units_tr,15,0.04364357804719848,0.8797533545178342,180.1493377685547,175.89198303222656,5
A',K,0.2|wd0.1,cross,circ_share_interaction_te,15,-0.5346338310781814,0.0387603526366733,0.8982283091802695,0.8916022475329269,5
A',K,0.2|wd0.1,cross,circ_share_marginal_te,15,-0.6546536707079771,0.006652115282469617,0.1389513203688949,0.10760727405151597,5
A',K,0.2|wd0.1,cross,circ_acc_interaction_te,15,0.26209558676382433,0.3525695456818583,90.42242169380188,98.4723687171936,5
A',K,0.2|wd0.1,cross,circ_acc_marginal_te,15,0.153301007957441,0.5924631411046168,0.17268862575292587,0.25239107199013233,5
A',K,0.2|wd0.1,cross,circ_units_te,15,0.04364357804719848,0.8797533545178342,180.1493377685547,175.89198303222656,5
A',K,0.2|wd0.1,cross,sharp_lambda_max,15,0.0,1.0,0.004369671922177076,0.06501033157110214,5
A',K,0.2|wd0.1,cross,sharp_grad_norm,15,0.0,1.0,0.00023840463836677372,0.0006473339744843543,5
A',K,0.2|wd0.1,cross,sharp_lr_lambda,15,0.0,1.0,4.369671922177077e-06,6.501033157110215e-05,5
A',K,0.2|wd0.1,cross,unit_fourier_sum_share,15,0.26186146828319085,0.3530207417045761,0.1541045509118949,0.22143435118066307,5
A',K,0.2|wd0.1,cross,unit_fourier_diff_share,15,0.26186146828319085,0.3530207417045761,0.15410455381312246,0.22143435428963235,5
A',K,0.2|wd0.1,cross,unit_fourier_marginal_share,15,-0.13093073414159542,0.6482633410831735,0.3613281997933482,0.2773960126236965,5
A',K,0.2|wd0.1,cross,unit_fourier_other_share,15,-0.1745743121887939,0.5411986395075382,0.3304626954816344,0.2758546825214069,5
A',K,0.2|wd0.1,cross,unit_sum_freq_concentration,15,0.26186146828319085,0.3530207417045761,0.15103219268798634,0.21959729851784926,5
A',K,0.2|wd0.1,cross,fU_ipr,15,0.2727723627949905,0.3323198540082604,0.13855254318417476,0.17751115425880673,5
A',K,0.2|wd0.1,cross,fU_dc_share,15,-0.6873863542433761,0.0034982674296334636,0.01495132924542158,0.003992400891777265,5
A',K,0.2|wd0.1,cross,fU_top1_share,15,-0.4255248859601851,0.11545171027095363,0.0332619956132377,0.030896825949933728,5
A',K,0.2|wd0.1,cross,fU_nfreq90,15,0.1447493728911492,0.613577618496157,42.0,42.0,5
A',K,0.2|wd0.1,cross,fU_freq_gini,15,-0.12001983962979582,0.6761118751494081,0.14584086153038167,0.11550424527078063,5
A',K,0.2|wd0.1,cross,fU_freq_eff_n,15,0.14184162865339506,0.6208194107674094,46.44801257142121,47.025491351738076,5
A',K,0.2|wd0.1,cross,fV_ipr,15,0.25095057377139124,0.3743851884157219,0.13773821923735988,0.1745420488592468,5
A',K,0.2|wd0.1,cross,fV_dc_share,15,-0.6873863542433761,0.0034982674296334636,0.01303671330719784,0.003695821217752389,5
A',K,0.2|wd0.1,cross,fV_top1_share,15,-0.229128784747792,0.41905015022367575,0.03316271711180572,0.030140387408007105,5
A',K,0.2|wd0.1,cross,fV_nfreq90,15,0.1885618083164127,0.5085428436741015,41.0,42.0,5
A',K,0.2|wd0.1,cross,fV_freq_gini,15,-0.14184162865339506,0.6208194107674094,0.14511318495072367,0.11707977790118074,5
A',K,0.2|wd0.1,cross,fV_freq_eff_n,15,0.14184162865339506,0.6208194107674094,46.48484144812799,46.97573427515003,5
A',K,0.2|wd0.1,cross,fout_ipr,15,0.3491486243775878,0.2067421481050438,0.13622491084638813,0.17900264259510987,5
A',K,0.2|wd0.1,cross,fout_dc_share,15,0.8837824554557693,1.4017600333217173e-06,8.199228312836545e-05,0.00044722009253327647,5
A',K,0.2|wd0.1,cross,fout_top1_share,15,0.39279220242478624,0.15045123823294082,0.03209276532858307,0.03555155214712777,5
A',K,0.2|wd0.1,cross,fout_nfreq90,15,0.2890086703901696,0.3027680043968907,39.0,40.0,5
A',K,0.2|wd0.1,cross,fout_freq_gini,15,-0.2945941518185897,0.29295315546672174,0.19707990193541391,0.172910606279032,5
A',K,0.2|wd0.1,cross,fout_freq_eff_n,15,0.25095057377139124,0.3743851884157219,45.03600184721953,45.81217818464937,5
A',K,0.2|wd0.1,cross,fin_uv_agree_strong,15,0.42666928485133254,0.11433643625651405,0.859375,0.96875,5
A',K,0.2|wd0.1,cross,fin_uvw_agree_strong,15,0.49688954990641687,0.05895679305285521,0.8046875,0.953125,5
A',K,0.2|wd0.1,cross,fin_n_unique_freq_strong,15,0.578859523181875,0.02208571073172785,46.0,48.0,5
A',K,0.2|wd0.1,cross,clock_share,15,0.19639610121239312,0.49063990002390784,0.26209513373974325,0.3802305216425887,5
A',K,0.2|wd0.1,cross,clock_nfreq90,15,0.3360996324945372,0.2257582487489495,27.0,32.0,5
A',K,0.2|wd0.1,cross,clock_top1_share,15,-0.06546536707079771,0.820343271117467,0.06346765346375824,0.04543318158512017,5
A',K,0.2|wd0.1,cross,clock_freq_gini,15,-0.370970413401187,0.17719776032094695,0.4903559371520638,0.38797106298522643,5
A',K,0.2|wd0.1,cross,clock_key_jaccard_final,15,0.4262867932595694,0.11470839383544568,0.5434782608695652,0.8611111111111112,5
A',K,0.2|wd0.1,cross,clock_restricted_loss_tr,15,0.2836832573067901,0.3122940573105462,0.004177411086857319,0.004654258023947477,5
A',K,0.2|wd0.1,cross,clock_excluded_loss_tr,15,0.3600595188893875,0.19161787793201449,0.006360904313623905,0.007447992917150259,5
A',K,0.2|wd0.1,cross,clock_excluded_acc_tr,15,-0.8845726053279072,1.3161680689842893e-06,99.73418426513672,86.92184448242188,5
A',K,0.2|wd0.1,cross,clock_restricted_loss_te,15,0.2836832573067901,0.3122940573105462,0.004177686758339405,0.004655161872506142,5
A',K,0.2|wd0.1,cross,clock_excluded_loss_te,15,-0.600099198148979,0.01632045760002202,0.01979437656700611,0.015096701681613922,5
A',K,0.2|wd0.1,cross,clock_excluded_acc_te,15,0.6219209871725783,0.011658291760714513,1.1424016952514648,8.368756294250488,5
A',K,0.2|wd0.1,end,fn_loss_tr,15,0.9819805060619657,3.909667787790721e-16,0.000151670872583054,0.0025539910420775414,5
A',K,0.2|wd0.1,end,fn_margin_tr,15,-0.9819805060619657,3.909667787790721e-16,0.9509556293487549,0.6354905962944031,5
A',K,0.2|wd0.1,end,fn_entropy_tr,15,0.9819805060619657,3.909667787790721e-16,4.565288066864014,4.569355487823486,5
A',K,0.2|wd0.1,end,fn_loss_te,15,0.9819805060619657,3.909667787790721e-16,0.0004988810978829861,0.007605607621371746,5
A',K,0.2|wd0.1,end,fn_acc_te,15,-0.7019264419631215,0.002548379361528779,100.0,99.44208526611328,5
A',K,0.2|wd0.1,end,fn_margin_te,15,-0.9819805060619657,3.909667787790721e-16,0.9157195091247559,0.321829617023468,5
A',K,0.2|wd0.1,end,fn_entropy_te,15,0.9819805060619657,3.909667787790721e-16,4.565524101257324,4.570359230041504,5
A',K,0.2|wd0.1,end,fn_gap_loss,15,0.9819805060619657,3.909667787790721e-16,0.00034812047670129687,0.005051616579294205,5
A',K,0.2|wd0.1,end,fn_gap_acc,15,0.7019264419631215,0.002548379361528779,0.0,0.5579147338867188,5
A',K,0.2|wd0.1,end,fn_class_acc_gini,15,0.7019264419631215,0.002548379361528779,0.0,0.0047340207900583575,5
A',K,0.2|wd0.1,end,w_W1_fro,15,-0.229128784747792,0.41905015022367575,51.137943267822266,49.35966873168945,5
A',K,0.2|wd0.1,end,w_W1_spec,15,-0.8946933499675687,5.571273327797034e-07,13.587821006774902,6.14695930480957,5
A',K,0.2|wd0.1,end,w_W1_stable_rank,15,0.8946933499675687,5.571273327797034e-07,14.270039558410645,63.220298767089844,5
A',K,0.2|wd0.1,end,w_W1_eff_rank,15,0.8183170883849714,6.618137243945953e-05,165.53979206727396,171.14319569319593,5
A',K,0.2|wd0.1,end,w_W1_sv_gini,15,-0.6328318816843779,0.00974764573320172,0.3023905525266566,0.27625190869466354,5
A',K,0.2|wd0.1,end,w_W1_entry_gini,15,-0.3818813079129867,0.16347753318137834,0.396875783934139,0.35678742964024357,5
A',K,0.2|wd0.1,end,w_W1_row_gini,15,-0.6982972487551756,0.0027635984503722433,0.14746255243897677,0.1099929672919453,5
A',K,0.2|wd0.1,end,w_W1_row_pr,15,0.5564556201017806,0.029677943085239838,0.9373761769191519,0.9633538608010045,5
A',K,0.2|wd0.1,end,w_W1_dist_init,15,-0.229128784747792,0.41905015022367575,52.11259078979492,49.64845657348633,5
A',K,0.2|wd0.1,end,w_W1_rel_dist_init,15,-0.26186146828319085,0.3530207417045761,3.261025832422553,3.0832122825939767,5
A',K,0.2|wd0.1,end,w_W1_cos_init,15,0.26186146828319085,0.3530207417045761,0.1013689935207367,0.1431514322757721,5
A',K,0.2|wd0.1,end,w_W2_fro,15,-0.15275252316519466,0.5938089902029892,10.88202953338623,8.868159294128418,5
A',K,0.2|wd0.1,end,w_W2_spec,15,0.12001983962979582,0.6761118751494081,1.9892460107803345,1.7273621559143066,5
A',K,0.2|wd0.1,end,w_W2_stable_rank,15,-0.1745743121887939,0.5411986395075382,29.926002502441406,26.731290817260742,5
A',K,0.2|wd0.1,end,w_W2_eff_rank,15,-0.7310299322905746,0.0012603584344841232,93.71999645180621,91.50452809599949,5
A',K,0.2|wd0.1,end,w_W2_sv_gini,15,0.7092081432669752,0.0021566267372392384,0.13883467066031496,0.18961826010074767,5
A',K,0.2|wd0.1,end,w_W2_entry_gini,15,0.3818813079129867,0.16347753318137834,0.3502221153873164,0.39132537776394694,5
A',K,0.2|wd0.1,end,w_W2_row_gini,15,0.8074061938731718,0.00010524350141213583,0.015760196437243357,0.10343011827905135,5
A',K,0.2|wd0.1,end,w_W2_row_pr,15,-0.829227982896771,4.004038960640279e-05,0.9992247437331185,0.9672206286178251,5
A',K,0.2|wd0.1,end,w_W2_dist_init,15,-0.15275252316519466,0.5938089902029892,10.886371612548828,8.875726699829102,5
A',K,0.2|wd0.1,end,w_W2_rel_dist_init,15,-0.15275252316519466,0.5938089902029892,17.612178200216235,14.380097018177514,5
A',K,0.2|wd0.1,end,w_W2_cos_init,15,-0.1745743121887939,0.5411986395075382,0.021373989060521126,0.021977756172418594,5
A',K,0.2|wd0.1,end,w_all_norm,15,-0.229128784747792,0.41905015022367575,52.45065759885495,50.14998650616127,5
A',K,0.2|wd0.1,end,w_all_rel_norm,15,-0.24003967925959163,0.3963999598093877,3.279570939836945,3.1099599527357857,5
A',K,0.2|wd0.1,end,w_all_dist_init,15,-0.229128784747792,0.41905015022367575,53.40172300449358,50.43326429145826,5
A',K,0.2|wd0.1,end,w_all_rel_dist_init,15,-0.24003967925959163,0.3963999598093877,3.3322701376973654,3.1297258623004733,5
A',K,0.2|wd0.1,end,w_all_cos_init,15,0.229128784747792,0.41905015022367575,0.0993363377952609,0.1409451661874901,5
A',K,0.2|wd0.1,end,rep_between_within_tr,15,-0.1091089451179962,0.7043350636747241,0.5611917771553235,0.4492859054697618,5
A',K,0.2|wd0.1,end,rep_nc1_tr,15,0.25095057377139124,0.3743851884157219,0.4134089394744268,0.8902615533963137,5
A',K,0.2|wd0.1,end,rep_eff_rank_te,15,0.31641594084218894,0.25635649462006643,229.16016480841736,236.93044403136508,5
A',K,0.2|wd0.1,end,rep_pr_te,15,0.12001983962979582,0.6761118751494081,148.11638882569713,146.44602904716191,5
A',K,0.2|wd0.1,end,rep_unit_gini_te,15,-0.06546536707079771,0.820343271117467,0.39303920476738186,0.3701545290914814,5
A',K,0.2|wd0.1,end,rep_unit_pr_te,15,0.0,1.0,0.6670301104771275,0.6409496359721693,5
A',K,0.2|wd0.1,end,rep_between_within_te,15,-0.12001983962979582,0.6761118751494081,0.4955897526828299,0.2809992991799705,5
A',K,0.2|wd0.1,end,unit_interaction_share,15,0.32732683535398854,0.23911154774545884,0.6725217922409651,0.7126910648990417,5
A',K,0.2|wd0.1,end,unit_frac_interacting,15,0.7637626158259734,0.0004975747231020245,0.578125,0.8359375,5
A',K,0.2|wd0.1,end,add_share_a,15,0.9710696115501661,2.636913279660917e-13,0.002399196052676794,0.046892109916521506,5
A',K,0.2|wd0.1,end,add_share_b,15,0.9819805060619657,3.909667787790721e-16,0.002482612068920872,0.04465262339669367,5
A',K,0.2|wd0.1,end,add_share_interaction,15,-0.9601587170383665,1.500446490332778e-11,0.9846581022013116,0.907952534511616,5
A',K,0.2|wd0.1,end,add_acc_additive_tr,15,0.8627313064309217,6.273847435731607e-06,3.1897923946380615,11.057947158813477,5
A',K,0.2|wd0.1,end,add_acc_interaction_te,15,-0.7019264419631215,0.002548379361528779,100.0,99.88044738769531,5
A',K,0.2|wd0.1,end,add_acc_additive_te,15,-0.5891883036371794,0.01911943619756852,0.7173219919204712,0.26567479968070984,5
A',K,0.2|wd0.1,end,add_acc_no_a_te,15,-0.7019264419631215,0.002548379361528779,100.0,99.69447326660156,5
A',K,0.2|wd0.1,end,add_acc_no_b_te,15,-0.7019264419631215,0.002548379361528779,100.0,99.68118286132812,5
A',K,0.2|wd0.1,end,circ_share_interaction_tr,15,-0.916515138991168,5.713229912494358e-08,1.1827394096498436,0.9636043717937669,5
A',K,0.2|wd0.1,end,circ_share_marginal_tr,15,-0.86196066643217,6.589618199130937e-06,0.21453696414145934,0.09339830549988502,5
A',K,0.2|wd0.1,end,circ_acc_marginal_tr,15,0.9056042444793685,1.9408679881756104e-07,1.5948962420225143,10.313662886619568,5
A',K,0.2|wd0.1,end,circ_units_tr,15,0.8183170883849714,6.618137243945953e-05,157.6087646484375,171.14328002929688,5
A',K,0.2|wd0.1,end,circ_share_interaction_te,15,-0.916515138991168,5.713229912494358e-08,1.1816966001663114,0.9041111854300375,5
A',K,0.2|wd0.1,end,circ_share_marginal_te,15,-0.829227982896771,4.004038960640279e-05,0.21528734342895647,0.0977508071561438,5
A',K,0.2|wd0.1,end,circ_acc_interaction_te,15,-0.7019264419631215,0.002548379361528779,100.0,99.86715912818909,5
A',K,0.2|wd0.1,end,circ_acc_marginal_te,15,-0.7528517213141737,0.0006910482238175549,1.381509006023407,0.3055260283872485,5
A',K,0.2|wd0.1,end,circ_units_te,15,0.8183170883849714,6.618137243945953e-05,157.6087646484375,171.14328002929688,5
A',K,0.2|wd0.1,end,sharp_lambda_max,15,-0.15275252316519466,0.5938089902029892,0.0666012242436409,0.06032517924904823,5
A',K,0.2|wd0.1,end,sharp_grad_norm,15,-0.31641594084218894,0.25635649462006643,0.00372418574988842,0.000569053110666573,5
A',K,0.2|wd0.1,end,sharp_lr_lambda,15,-0.15275252316519466,0.5938089902029892,6.66012242436409e-05,6.032517924904823e-05,5
A',K,0.2|wd0.1,end,unit_fourier_sum_share,15,-0.12001983962979582,0.6761118751494081,0.3296368134087903,0.22507393129486236,5
A',K,0.2|wd0.1,end,unit_fourier_diff_share,15,-0.12001983962979582,0.6761118751494081,0.32963681152832397,0.22507392921929817,5
A',K,0.2|wd0.1,end,unit_fourier_marginal_share,15,-0.32732683535398854,0.23911154774545884,0.3274782057802651,0.287308937048127,5
A',K,0.2|wd0.1,end,unit_fourier_other_share,15,0.9819805060619657,3.909667787790721e-16,0.013248169282620625,0.26254320243771245,5
A',K,0.2|wd0.1,end,unit_sum_freq_concentration,15,-0.12001983962979582,0.6761118751494081,0.3295355628742479,0.2233225156398465,5
A',K,0.2|wd0.1,end,fU_ipr,15,-0.9710696115501661,2.636913279660917e-13,0.3967928556686152,0.19253412428796285,5
A',K,0.2|wd0.1,end,fU_dc_share,15,-0.949247822526567,2.6335578745452705e-10,0.1096748184230863,0.004463560064854463,5
A',K,0.2|wd0.1,end,fU_top1_share,15,0.1091089451179962,0.7043350636747241,0.025410082857869217,0.029299436637645507,5
A',K,0.2|wd0.1,end,fU_nfreq90,15,-0.7462025072446367,0.0008361544262253234,43.0,42.0,5
A',K,0.2|wd0.1,end,fU_freq_gini,15,0.44734667498378433,0.09540649063206,0.0494509588417984,0.09170293694522336,5
A',K,0.2|wd0.1,end,fU_freq_eff_n,15,-0.39279220242478624,0.15045123823294082,47.81626577334478,47.34942286487901,5
A',K,0.2|wd0.1,end,fV_ipr,15,-0.9819805060619657,3.909667787790721e-16,0.3745994147466841,0.1969903327686232,5
A',K,0.2|wd0.1,end,fV_dc_share,15,-0.9056042444793685,1.9408679881756104e-07,0.09840560033141195,0.0039058970208274346,5
A',K,0.2|wd0.1,end,fV_top1_share,15,0.19639610121239312,0.49063990002390784,0.024890691037383242,0.02738552782002461,5
A',K,0.2|wd0.1,end,fV_nfreq90,15,-0.7462025072446367,0.0008361544262253234,43.0,42.0,5
A',K,0.2|wd0.1,end,fV_freq_gini,15,0.5237229365663817,0.043986130070219155,0.041789786506390536,0.09473189154461936,5
A',K,0.2|wd0.1,end,fV_freq_eff_n,15,-0.5019011475427825,0.05592180893798995,47.86302774644348,47.30689213997688,5
A',K,0.2|wd0.1,end,fout_ipr,15,-0.6328318816843779,0.00974764573320172,0.29830368327207835,0.20307530042117256,5
A',K,0.2|wd0.1,end,fout_dc_share,15,-0.07637626158259733,0.7909390592571625,0.0002525783332781621,0.0003755691326153148,5
A',K,0.2|wd0.1,end,fout_top1_share,15,0.7528517213141737,0.0006910482238175549,0.029875576039487473,0.03919895093921679,5
A',K,0.2|wd0.1,end,fout_nfreq90,15,-0.7373995143462219,0.0010651457426474962,42.0,41.0,5
A',K,0.2|wd0.1,end,fout_freq_gini,15,0.6982972487551756,0.0027635984503722433,0.09336579080235818,0.172910606279032,5
A',K,0.2|wd0.1,end,fout_freq_eff_n,15,-0.6982972487551756,0.0027635984503722433,47.34133441659559,45.81217818464937,5
A',K,0.2|wd0.1,end,fin_uv_agree_strong,15,0.0,1.0,0.9921875,0.9921875,5
A',K,0.2|wd0.1,end,fin_uvw_agree_strong,15,-0.028046877460778087,0.9225812896889873,0.9921875,0.9921875,5
A',K,0.2|wd0.1,end,fin_n_unique_freq_strong,15,0.5723505041060221,0.024122662016528008,46.0,47.0,5
A',K,0.2|wd0.1,end,clock_share,15,-0.9819805060619657,3.909667787790721e-16,0.9580277622046114,0.44121028233181636,5
A',K,0.2|wd0.1,end,clock_nfreq90,15,-0.8903148602930964,8.183105503075433e-07,44.0,35.0,5
A',K,0.2|wd0.1,end,clock_top1_share,15,0.9710696115501661,2.636913279660917e-13,0.021675581498174244,0.04175652689005976,5
A',K,0.2|wd0.1,end,clock_freq_gini,15,0.9710696115501661,2.636913279660917e-13,0.0070114016080653485,0.3088157679879624,5
A',K,0.2|wd0.1,end,clock_restricted_loss_tr,15,0.8837824554557693,1.4017600333217173e-06,0.0008630362572148442,0.0039091347716748714,5
A',K,0.2|wd0.1,end,clock_excluded_loss_tr,15,-0.6873863542433761,0.0034982674296334636,0.009265456348657608,0.007676762994378805,5
A',K,0.2|wd0.1,end,clock_excluded_acc_tr,15,-0.24003967925959163,0.3963999598093877,91.8128662109375,89.26103210449219,5
A',K,0.2|wd0.1,end,clock_restricted_loss_te,15,0.8837824554557693,1.4017600333217173e-06,0.0008631937089376152,0.003909784369170666,5
A',K,0.2|wd0.1,end,clock_excluded_loss_te,15,0.86196066643217,6.589618199130937e-06,0.009897056967020035,0.014195696450769901,5
A',K,0.2|wd0.1,end,clock_excluded_acc_te,15,-0.774673510337773,0.0003507055528598205,46.1609992980957,12.566418647766113,5
B,E,0.3|wd0.1,init,fn_loss_tr,9,0.9486832980505138,8.418070242599643e-06,5.68589030081057e-07,0.002355810720473528,3
B,E,0.3|wd0.1,init,fn_acc_tr,9,-0.649519052838329,0.05782168580377471,100.0,99.97388458251953,3
B,E,0.3|wd0.1,init,fn_margin_tr,9,-0.9486832980505138,8.418070242599643e-06,17.175811767578125,8.49799633026123,3
B,E,0.3|wd0.1,init,fn_entropy_tr,9,0.9486832980505138,8.418070242599643e-06,8.353015800821595e-06,0.015024788677692413,3
B,E,0.3|wd0.1,init,fn_loss_te,9,-0.9486832980505138,8.418070242599643e-06,35.746925354003906,18.690250396728516,3
B,E,0.3|wd0.1,init,fn_acc_te,9,0.21081851067789195,0.6000985243969617,0.7718984484672546,0.8166462182998657,3
B,E,0.3|wd0.1,init,fn_margin_te,9,0.9486832980505138,8.418070242599643e-06,-34.684112548828125,-17.86684799194336,3
B,E,0.3|wd0.1,init,fn_entropy_te,9,0.9486832980505138,8.418070242599643e-06,0.4151994287967682,0.7950752973556519,3
B,E,0.3|wd0.1,init,fn_gap_loss,9,-0.9486832980505138,8.418070242599643e-06,35.746923476258644,18.688337274710648,3
B,E,0.3|wd0.1,init,fn_gap_acc,9,-0.21081851067789195,0.6000985243969617,99.22810155153275,99.15723836421967,3
B,E,0.3|wd0.1,init,fn_class_acc_gini,9,-0.21081851067789195,0.6000985243969617,0.6864414587952103,0.6099544952377989,3
B,E,0.3|wd0.1,init,w_all_norm,9,-0.9486832980505138,8.418070242599643e-06,73.17361665005691,61.45205190700996,3
B,E,0.3|wd0.1,init,w_all_rel_norm,9,-0.9486832980505138,8.418070242599643e-06,1.9627576399640916,1.656892463869058,3
B,E,0.3|wd0.1,init,w_all_dist_init,9,-0.9486832980505138,8.418070242599643e-06,68.31608262768266,58.201012498119276,3
B,E,0.3|wd0.1,init,w_all_rel_dist_init,9,-0.9486832980505138,8.418070242599643e-06,1.8324625629912472,1.5692367627301704,3
B,E,0.3|wd0.1,init,w_all_cos_init,9,0.21081851067789195,0.6000985243969617,0.3807139736774068,0.38710673064395684,3
B,E,0.3|wd0.1,init,rep_between_within_tr,9,0.5270462766947298,0.1511404061467896,0.13325015253783323,0.15085905209262568,3
B,E,0.3|wd0.1,init,rep_nc1_tr,9,-0.2635231383473649,0.5085516950733956,84.17579066758097,83.1145650615615,3
B,E,0.3|wd0.1,init,rep_eff_rank_te,9,0.4743416490252569,0.2065538956745058,82.30134029695975,85.91774283288387,3
B,E,0.3|wd0.1,init,rep_pr_te,9,0.4743416490252569,0.2065538956745058,20.769142773810845,31.037418126920844,3
B,E,0.3|wd0.1,init,rep_unit_gini_te,9,-0.5270462766947298,0.1511404061467896,0.20851720892743475,0.19700567101972766,3
B,E,0.3|wd0.1,init,rep_unit_pr_te,9,0.21081851067789195,0.6000985243969617,0.8548687084233446,0.8732602799553703,3
B,E,0.3|wd0.1,init,rep_between_within_te,9,0.3689323936863109,0.3429208206118098,0.0128891746496453,0.02221901255124816,3
B,E,0.3|wd0.1,init,unit_interaction_share,9,-0.4216370213557839,0.27068354104873515,0.21739941934215143,0.20424128614829792,3
B,E,0.3|wd0.1,init,add_share_a,9,-0.2635231383473649,0.5085516950733956,0.26472246768088803,0.2522176947042939,3
B,E,0.3|wd0.1,init,add_share_b,9,-0.4216370213557839,0.27068354104873515,0.28869498160775237,0.26763613602803465,3
B,E,0.3|wd0.1,init,add_share_interaction,9,0.7378647873726218,0.020521786998420548,0.40035628030733994,0.45650181802493783,3
B,E,0.3|wd0.1,init,add_acc_interaction_tr,9,-0.4743416490252569,0.2065538956745058,88.43341827392578,83.89033508300781,3
B,E,0.3|wd0.1,init,add_acc_additive_tr,9,-0.15811388300841894,0.6961113229882174,7.154046535491943,7.5195817947387695,3
B,E,0.3|wd0.1,init,add_acc_no_a_tr,9,-0.4743416490252569,0.2065538956745058,96.2402114868164,95.14360046386719,3
B,E,0.3|wd0.1,init,add_acc_no_b_tr,9,-0.4743416490252569,0.2065538956745058,95.40469360351562,95.14360046386719,3
B,E,0.3|wd0.1,init,add_acc_interaction_te,9,0.10540925533894598,0.795510551519696,3.1659021377563477,3.691688060760498,3
B,E,0.3|wd0.1,init,add_acc_additive_te,9,-0.1892583246525563,0.6388956440731416,0.0223738681524992,0.0223738681524992,3
B,E,0.3|wd0.1,init,add_acc_no_a_te,9,0.15811388300841894,0.6961113229882174,1.3759928941726685,1.7116007804870605,3
B,E,0.3|wd0.1,init,add_acc_no_b_te,9,0.10540925533894598,0.795510551519696,1.487862229347229,1.7116007804870605,3
B,E,0.3|wd0.1,init,sharp_lambda_max,9,0.7905694150420948,0.008584412196980922,0.01219084206968546,2.9625470638275146,3
B,E,0.3|wd0.1,init,sharp_grad_norm,9,0.9486832980505138,8.418070242599643e-06,4.7437646571779624e-05,0.049172498285770416,3
B,E,0.3|wd0.1,init,sharp_lr_lambda,9,0.7905694150420948,0.008584412196980922,1.219084206968546e-05,0.0029625470638275147,3
B,E,0.3|wd0.1,init,w_WE_fro,9,-0.9486832980505138,8.418070242599643e-06,50.23440933227539,32.67092514038086,3
B,E,0.3|wd0.1,init,w_WE_spec,9,-0.9486832980505138,8.418070242599643e-06,11.469533920288086,6.6564788818359375,3
B,E,0.3|wd0.1,init,w_WE_stable_rank,9,0.6851601597031488,0.03992026661849586,19.003990173339844,23.968114852905273,3
B,E,0.3|wd0.1,init,w_WE_eff_rank,9,0.9486832980505138,8.418070242599643e-06,79.41356824688842,85.19278690446318,3
B,E,0.3|wd0.1,init,w_WE_sv_gini,9,-0.9486832980505138,8.418070242599643e-06,0.4636192207596672,0.4172229967778178,3
B,E,0.3|wd0.1,init,w_WE_entry_gini,9,0.7905694150420948,0.008584412196980922,0.4121434523684655,0.4155331560142683,3
B,E,0.3|wd0.1,init,w_WE_row_gini,9,0.8432740427115678,0.002538190651903912,0.020409976652519424,0.032221521082337334,3
B,E,0.3|wd0.1,init,w_WE_row_pr,9,-0.8432740427115678,0.002538190651903912,0.9986982360683733,0.9968238764120133,3
B,E,0.3|wd0.1,init,w_WE_dist_init,9,-0.9486832980505138,8.418070242599643e-06,45.65592956542969,29.160634994506836,3
B,E,0.3|wd0.1,init,w_WE_rel_dist_init,9,-0.9486832980505138,8.418070242599643e-06,4.288212155722317,2.7388992107327588,3
B,E,0.3|wd0.1,init,w_WE_cos_init,9,-0.9486832980505138,8.418070242599643e-06,0.516406238079071,0.48026368021965027,3
B,E,0.3|wd0.1,init,w_WU_fro,9,-0.4743416490252569,0.2065538956745058,25.343887329101562,20.730133056640625,3
B,E,0.3|wd0.1,init,w_WU_spec,9,-0.8959786703810408,0.0003775407187170812,14.458725929260254,6.271080493927002,3
B,E,0.3|wd0.1,init,w_WU_stable_rank,9,0.9486832980505138,8.418070242599643e-06,3.121375322341919,10.927633285522461,3
B,E,0.3|wd0.1,init,w_WU_eff_rank,9,0.9486832980505138,8.418070242599643e-06,81.27061853868122,92.14798074920097,3
B,E,0.3|wd0.1,init,w_WU_sv_gini,9,-0.9486832980505138,8.418070242599643e-06,0.4294440973345983,0.35290629069392376,3
B,E,0.3|wd0.1,init,w_WU_entry_gini,9,-0.9486832980505138,8.418070242599643e-06,0.42936573721859217,0.416822201092087,3
B,E,0.3|wd0.1,init,w_WU_row_gini,9,0.4743416490252569,0.2065538956745058,0.025822742009822264,0.03819796118521168,3
B,E,0.3|wd0.1,init,w_WU_row_pr,9,-0.4743416490252569,0.2065538956745058,0.9979005747177676,0.9954001453058487,3
B,E,0.3|wd0.1,init,w_WU_dist_init,9,-0.4743416490252569,0.2065538956745058,23.439992904663086,19.124399185180664,3
B,E,0.3|wd0.1,init,w_WU_rel_dist_init,9,-0.4743416490252569,0.2065538956745058,2.1963895681876227,1.7961684924629642,3
B,E,0.3|wd0.1,init,w_WU_cos_init,9,0.3689323936863109,0.3429208206118098,0.3941936790943146,0.39633649587631226,3
B,E,0.3|wd0.1,init,w_WQ_fro,9,0.9486832980505138,8.418070242599643e-06,15.767093658447266,20.15132713317871,3
B,E,0.3|wd0.1,init,w_WQ_spec,9,0.9486832980505138,8.418070242599643e-06,10.037394523620605,13.4608736038208,3
B,E,0.3|wd0.1,init,w_WQ_stable_rank,9,-0.3689323936863109,0.3429208206118098,2.6257545948028564,2.2411460876464844,3
B,E,0.3|wd0.1,init,w_WQ_eff_rank,9,-0.3162277660168379,0.4225033375499403,61.80923498491747,58.12780176510651,3
B,E,0.3|wd0.1,init,w_WQ_sv_gini,9,0.3689323936863109,0.3429208206118098,0.6274495746877302,0.6429987125971912,3
B,E,0.3|wd0.1,init,w_WQ_entry_gini,9,0.9486832980505138,8.418070242599643e-06,0.4100318178843283,0.43648302866527233,3
B,E,0.3|wd0.1,init,w_WQ_row_gini,9,0.7905694150420948,0.008584412196980922,0.1053024470473789,0.1838645177992888,3
B,E,0.3|wd0.1,init,w_WQ_row_pr,9,-0.7905694150420948,0.008584412196980922,0.9675068482743335,0.8992501395380015,3
B,E,0.3|wd0.1,init,w_WQ_dist_init,9,0.9486832980505138,8.418070242599643e-06,17.10283851623535,20.940446853637695,3
B,E,0.3|wd0.1,init,w_WQ_rel_dist_init,9,0.9486832980505138,8.418070242599643e-06,1.5121032332567794,1.8513954489583269,3
B,E,0.3|wd0.1,init,w_WQ_cos_init,9,-0.5797509043642028,0.10485124589119671,0.23557955026626587,0.20950818061828613,3
B,E,0.3|wd0.1,init,w_WK_fro,9,0.9486832980505138,8.418070242599643e-06,12.147660255432129,14.469788551330566,3
B,E,0.3|wd0.1,init,w_WK_spec,9,0.8432740427115678,0.002538190651903912,5.310461521148682,6.453252792358398,3
B,E,0.3|wd0.1,init,w_WK_stable_rank,9,-0.15811388300841894,0.6961113229882174,5.145374298095703,4.865140914916992,3
B,E,0.3|wd0.1,init,w_WK_eff_rank,9,-0.15811388300841894,0.6961113229882174,62.17255768869356,59.70551522183057,3
B,E,0.3|wd0.1,init,w_WK_sv_gini,9,0.21081851067789195,0.6000985243969617,0.6300247799268912,0.6435671114069983,3
B,E,0.3|wd0.1,init,w_WK_entry_gini,9,0.9486832980505138,8.418070242599643e-06,0.4177800074639908,0.4432397835712316,3
B,E,0.3|wd0.1,init,w_WK_row_gini,9,0.8432740427115678,0.002538190651903912,0.07909112311548938,0.14590032478100068,3
B,E,0.3|wd0.1,init,w_WK_row_pr,9,-0.8432740427115678,0.002538190651903912,0.9774511394221216,0.9307548301032484,3
B,E,0.3|wd0.1,init,w_WK_dist_init,9,0.9486832980505138,8.418070242599643e-06,13.975932121276855,16.09063720703125,3
B,E,0.3|wd0.1,init,w_WK_rel_dist_init,9,0.9486832980505138,8.418070242599643e-06,1.239739102687309,1.41661216876528,3
B,E,0.3|wd0.1,init,w_WK_cos_init,9,-0.8959786703810408,0.0003775407187170812,0.28489136695861816,0.24838796257972717,3
B,E,0.3|wd0.1,init,w_WV_fro,9,0.2635231383473649,0.5085516950733956,18.330184936523438,18.494308471679688,3
B,E,0.3|wd0.1,init,w_WV_spec,9,0.3689323936863109,0.3429208206118098,3.702798843383789,3.8546907901763916,3
B,E,0.3|wd0.1,init,w_WV_stable_rank,9,-0.4216370213557839,0.27068354104873515,24.847835540771484,23.020071029663086,3
B,E,0.3|wd0.1,init,w_WV_eff_rank,9,0.9486832980505138,8.418070242599643e-06,78.61574260662303,84.8993360402015,3
B,E,0.3|wd0.1,init,w_WV_sv_gini,9,-0.9486832980505138,8.418070242599643e-06,0.5336353474944835,0.4970061937925563,3
B,E,0.3|wd0.1,init,w_WV_entry_gini,9,0.7905694150420948,0.008584412196980922,0.41403958283277187,0.41943659843215264,3
B,E,0.3|wd0.1,init,w_WV_row_gini,9,0.5270462766947298,0.1511404061467896,0.04211411737654602,0.04861653846074465,3
B,E,0.3|wd0.1,init,w_WV_row_pr,9,-0.5270462766947298,0.1511404061467896,0.99440223833066,0.9926211837585097,3
B,E,0.3|wd0.1,init,w_WV_dist_init,9,0.4743416490252569,0.2065538956745058,15.382817268371582,15.905729293823242,3
B,E,0.3|wd0.1,init,w_WV_rel_dist_init,9,0.4743416490252569,0.2065538956745058,1.3483277530747706,1.4052350237719913,3
B,E,0.3|wd0.1,init,w_WV_cos_init,9,-0.6324555320336758,0.06783669380798923,0.5487743616104126,0.5162563323974609,3
B,E,0.3|wd0.1,init,w_WO_fro,9,0.4743416490252569,0.2065538956745058,16.269817352294922,16.767507553100586,3
B,E,0.3|wd0.1,init,w_WO_spec,9,0.4743416490252569,0.2065538956745058,2.8814914226531982,3.020021677017212,3
B,E,0.3|wd0.1,init,w_WO_stable_rank,9,-0.3162277660168379,0.4225033375499403,31.568056106567383,30.976348876953125,3
B,E,0.3|wd0.1,init,w_WO_eff_rank,9,0.8959786703810408,0.0003775407187170812,88.26204576450587,91.37890582785927,3
B,E,0.3|wd0.1,init,w_WO_sv_gini,9,-0.7378647873726218,0.020521786998420548,0.46223841377189223,0.44604585464304347,3
B,E,0.3|wd0.1,init,w_WO_entry_gini,9,-0.05270462766947299,0.8971842191919066,0.4148365761084758,0.41408367139098035,3
B,E,0.3|wd0.1,init,w_WO_row_gini,9,0.7905694150420948,0.008584412196980922,0.03240279779024746,0.047038969224883376,3
B,E,0.3|wd0.1,init,w_WO_row_pr,9,-0.7905694150420948,0.008584412196980922,0.9965886820489152,0.9932158852336611,3
B,E,0.3|wd0.1,init,w_WO_dist_init,9,0.4743416490252569,0.2065538956745058,12.880400657653809,13.805810928344727,3
B,E,0.3|wd0.1,init,w_WO_rel_dist_init,9,0.4743416490252569,0.2065538956745058,1.13265801931346,1.2177504659160956,3
B,E,0.3|wd0.1,init,w_WO_cos_init,9,-0.5797509043642028,0.10485124589119671,0.6194356083869934,0.576209545135498,3
B,E,0.3|wd0.1,init,w_Win_fro,9,-0.4743416490252569,0.2065538956745058,25.793392181396484,25.28634262084961,3
B,E,0.3|wd0.1,init,w_Win_spec,9,-0.2635231383473649,0.5085516950733956,4.6202073097229,4.498443603515625,3
B,E,0.3|wd0.1,init,w_Win_stable_rank,9,0.05270462766947299,0.8971842191919066,31.167505264282227,31.597658157348633,3
B,E,0.3|wd0.1,init,w_Win_eff_rank,9,0.8959786703810408,0.0003775407187170812,103.58467261064791,108.4246087810045,3
B,E,0.3|wd0.1,init,w_Win_sv_gini,9,-0.8959786703810408,0.0003775407187170812,0.36537356192457215,0.32636910495437044,3
B,E,0.3|wd0.1,init,w_Win_entry_gini,9,0.2635231383473649,0.5085516950733956,0.41662131890290466,0.41699854060621533,3
B,E,0.3|wd0.1,init,w_Win_row_gini,9,-0.6324555320336758,0.06783669380798923,0.06756772967846802,0.058606648339876166,3
B,E,0.3|wd0.1,init,w_Win_row_pr,9,0.6324555320336758,0.06783669380798923,0.9851093728969887,0.9887303509234158,3
B,E,0.3|wd0.1,init,w_Win_dist_init,9,0.4743416490252569,0.2065538956745058,25.29653549194336,25.512569427490234,3
B,E,0.3|wd0.1,init,w_Win_rel_dist_init,9,0.4743416490252569,0.2065538956745058,1.1159517248627155,1.1268713393509422,3
B,E,0.3|wd0.1,init,w_Win_cos_init,9,-0.9486832980505138,8.418070242599643e-06,0.45885205268859863,0.4376368820667267,3
B,E,0.3|wd0.1,init,w_Wout_fro,9,-0.9486832980505138,8.418070242599643e-06,22.883493423461914,19.97057342529297,3
B,E,0.3|wd0.1,init,w_Wout_spec,9,-0.9486832980505138,8.418070242599643e-06,7.0114617347717285,3.6862478256225586,3
B,E,0.3|wd0.1,init,w_Wout_stable_rank,9,0.8432740427115678,0.002538190651903912,10.652105331420898,28.94329833984375,3
B,E,0.3|wd0.1,init,w_Wout_eff_rank,9,0.9486832980505138,8.418070242599643e-06,98.91918093788745,108.61348942598592,3
B,E,0.3|wd0.1,init,w_Wout_sv_gini,9,-0.9486832980505138,8.418070242599643e-06,0.39982623310217424,0.32512540545913926,3
B,E,0.3|wd0.1,init,w_Wout_entry_gini,9,-0.5797509043642028,0.10485124589119671,0.4153016334797974,0.4140435617052858,3
B,E,0.3|wd0.1,init,w_Wout_row_gini,9,0.3689323936863109,0.3429208206118098,0.04729382700864848,0.05006945277145136,3
B,E,0.3|wd0.1,init,w_Wout_row_pr,9,-0.2635231383473649,0.5085516950733956,0.9925974018568069,0.9920905984415103,3
B,E,0.3|wd0.1,init,w_Wout_dist_init,9,-0.9486832980505138,8.418070242599643e-06,22.157901763916016,19.601842880249023,3
B,E,0.3|wd0.1,init,w_Wout_rel_dist_init,9,-0.9486832980505138,8.418070242599643e-06,1.9576011995215663,1.7317790982221184,3
B,E,0.3|wd0.1,init,w_Wout_cos_init,9,0.4743416490252569,0.2065538956745058,0.31030622124671936,0.3148815631866455,3
B,E,0.3|wd0.1,init,attn_to_a_mean,9,0.21081851067789195,0.6000985243969617,0.5369610786437988,0.5563066601753235,3
B,E,0.3|wd0.1,init,attn_to_a_head_spread,9,-0.3162277660168379,0.4225033375499403,0.31807568669319153,0.3152076005935669,3
B,E,0.3|wd0.1,init,attn_entropy_mean,9,0.5797509043642028,0.10485124589119671,0.19647753238677979,0.24936366081237793,3
B,E,0.3|wd0.1,init,unit_fourier_sum_share,9,0.2635231383473649,0.5085516950733956,0.005017280932211684,0.007274933392102041,3
B,E,0.3|wd0.1,init,unit_fourier_diff_share,9,0.5270462766947298,0.1511404061467896,0.003290353160580037,0.0054255571777020156,3
B,E,0.3|wd0.1,init,unit_fourier_marginal_share,9,0.4216370213557839,0.27068354104873515,0.7826005804716234,0.7957587139620729,3
B,E,0.3|wd0.1,init,unit_fourier_other_share,9,-0.6324555320336758,0.06783669380798923,0.20909178543558493,0.19566643808021877,3
B,E,0.3|wd0.1,init,unit_sum_freq_concentration,9,0.3689323936863109,0.3429208206118098,0.0017257903917467278,0.004089562008144935,3
B,E,0.3|wd0.1,init,unit_n_distinct_sum_freqs,9,-0.23917230155373026,0.5502264873959533,37.0,33.0,3
B,E,0.3|wd0.1,init,fout_ipr,9,-0.9486832980505138,8.418070242599643e-06,0.14997479899433716,0.029988575193580863,3
B,E,0.3|wd0.1,init,fout_dc_share,9,-0.9486832980505138,8.418070242599643e-06,0.3139877182174088,0.08724575492365105,3
B,E,0.3|wd0.1,init,fout_top1_share,9,0.05270462766947299,0.8971842191919066,0.043142007286010406,0.05388513673871834,3
B,E,0.3|wd0.1,init,fout_nfreq90,9,0.43301270189221935,0.2561322791428178,49.0,49.0,3
B,E,0.3|wd0.1,init,fout_freq_gini,9,-0.6324555320336758,0.06783669380798923,0.14861105096765348,0.11791577755464422,3
B,E,0.3|wd0.1,init,fout_freq_eff_n,9,0.3162277660168379,0.4225033375499403,53.619732627310675,54.01276543748109,3
B,E,0.3|wd0.1,init,clock_share,9,0.5270462766947298,0.1511404061467896,0.015038480424991597,0.05514885115512944,3
B,E,0.3|wd0.1,init,clock_nfreq90,9,-0.502793317823715,0.175525981892626,14.0,2.0,3
B,E,0.3|wd0.1,init,clock_top1_share,9,0.3162277660168379,0.4225033375499403,0.40147569800283905,0.8559117655908425,3
B,E,0.3|wd0.1,init,clock_freq_gini,9,0.4743416490252569,0.2065538956745058,0.8291742179638522,0.9448496348302973,3
B,E,0.3|wd0.1,init,clock_key_jaccard_final,9,0.26462806201248157,0.5066878052230863,0.2222222222222222,0.3333333333333333,3
B,E,0.3|wd0.1,init,clock_restricted_loss_tr,9,0.5797509043642028,0.10485124589119671,1.9879469871520996,2.680746078491211,3
B,E,0.3|wd0.1,init,clock_excluded_loss_tr,9,0.7905694150420948,0.008584412196980922,9.664086974225938e-05,0.060617052018642426,3
B,E,0.3|wd0.1,init,clock_excluded_acc_tr,9,-0.8183170883849713,0.00478619771175155,100.0,99.13838195800781,3
B,E,0.3|wd0.1,init,clock_restricted_loss_te,9,0.5797509043642028,0.10485124589119671,1.9879472255706787,2.68074631690979,3
B,E,0.3|wd0.1,init,clock_excluded_loss_te,9,-0.9486832980505138,8.418070242599643e-06,39.04658126831055,21.5872745513916,3
B,E,0.3|wd0.1,init,clock_excluded_acc_te,9,-0.345471102244277,0.37748958320677134,0.3579818904399872,0.33560803532600403,3
B,E,0.3|wd0.1,init,fin_ipr,9,-0.5797509043642028,0.10485124589119671,0.021887309472973564,0.019411672797133354,3
B,E,0.3|wd0.1,init,fin_dc_share,9,-0.9486832980505138,8.418070242599643e-06,0.03932641678994798,0.009322074395611309,3
B,E,0.3|wd0.1,init,fin_top1_share,9,0.15811388300841894,0.6961113229882174,0.043711353293923005,0.05371302613024846,3
B,E,0.3|wd0.1,init,fin_nfreq90,9,0.32732683535398854,0.40517561804814795,48.0,48.0,3
B,E,0.3|wd0.1,init,fin_freq_gini,9,-0.5797509043642028,0.10485124589119671,0.17210248935399308,0.152458755216633,3
B,E,0.3|wd0.1,init,fin_freq_eff_n,9,0.0,1.0,53.14144146868284,53.21326838015026,3
B,E,0.3|wd0.1,cross,fn_loss_tr,9,0.7378647873726218,0.020521786998420548,1.369505064907628e-09,1.6396018054365413e-06,3
B,E,0.3|wd0.1,cross,fn_margin_tr,9,-0.15811388300841894,0.6961113229882174,29.682861328125,22.5167236328125,3
B,E,0.3|wd0.1,cross,fn_entropy_tr,9,0.7378647873726218,0.020521786998420548,2.3071308419275738e-08,1.7209918951266445e-05,3
B,E,0.3|wd0.1,cross,fn_loss_te,9,0.05270462766947299,0.8971842191919066,0.03690403327345848,0.19972962141036987,3
B,E,0.3|wd0.1,cross,fn_acc_te,9,-0.15811388300841894,0.6961113229882174,99.08267211914062,95.2903060913086,3
B,E,0.3|wd0.1,cross,fn_margin_te,9,-0.05270462766947299,0.8971842191919066,27.672607421875,15.078125,3
B,E,0.3|wd0.1,cross,fn_entropy_te,9,0.15811388300841894,0.6961113229882174,0.007231807801872492,0.04668296501040459,3
B,E,0.3|wd0.1,cross,fn_gap_loss,9,0.05270462766947299,0.8971842191919066,0.036904031903953416,0.1997166020464647,3
B,E,0.3|wd0.1,cross,fn_gap_acc,9,0.15811388300841894,0.6961113229882174,0.917327880859375,4.709693908691406,3
B,E,0.3|wd0.1,cross,fn_class_acc_gini,9,0.05270462766947299,0.8971842191919066,0.006728369453850913,0.021750428399000432,3
B,E,0.3|wd0.1,cross,w_all_norm,9,-0.05270462766947299,0.8971842191919066,54.65830151508774,57.035155444190934,3
B,E,0.3|wd0.1,cross,w_all_rel_norm,9,-0.05270462766947299,0.8971842191919066,1.4661158460877568,1.537802502902272,3
B,E,0.3|wd0.1,cross,w_all_dist_init,9,0.0,1.0,61.196826038822955,61.98996980978667,3
B,E,0.3|wd0.1,cross,w_all_rel_dist_init,9,0.0,1.0,1.6415006302570094,1.6713960010436941,3
B,E,0.3|wd0.1,cross,w_all_cos_init,9,0.15811388300841894,0.6961113229882174,0.17859939188033502,0.18574295273358266,3
B,E,0.3|wd0.1,cross,rep_between_within_tr,9,0.5797509043642028,0.10485124589119671,0.4512716714300797,0.65083770442473,3
B,E,0.3|wd0.1,cross,rep_nc1_tr,9,-0.10540925533894598,0.795510551519696,263.46571320865905,213.5412418084208,3
B,E,0.3|wd0.1,cross,rep_eff_rank_te,9,0.15811388300841894,0.6961113229882174,32.08075155392085,32.67448055221728,3
B,E,0.3|wd0.1,cross,rep_pr_te,9,0.4216370213557839,0.27068354104873515,3.1807319408916013,4.200340211297813,3
B,E,0.3|wd0.1,cross,rep_unit_gini_te,9,-0.4743416490252569,0.2065538956745058,0.7869308073812269,0.7199910341880915,3
B,E,0.3|wd0.1,cross,rep_unit_pr_te,9,0.5797509043642028,0.10485124589119671,0.14125069213995226,0.2354697548147596,3
B,E,0.3|wd0.1,cross,rep_between_within_te,9,0.4216370213557839,0.27068354104873515,0.3763253811860735,0.5736538354535925,3
B,E,0.3|wd0.1,cross,unit_interaction_share,9,0.4743416490252569,0.2065538956745058,0.14535678114093317,0.21304683157071713,3
B,E,0.3|wd0.1,cross,unit_frac_interacting,9,0.43301270189221935,0.2561322791428178,0.0,0.0,3
B,E,0.3|wd0.1,cross,add_share_a,9,0.3689323936863109,0.3429208206118098,0.043414679384078364,0.05433506334996812,3
B,E,0.3|wd0.1,cross,add_share_b,9,0.3162277660168379,0.4225033375499403,0.04392019250366078,0.053071032468227086,3
B,E,0.3|wd0.1,cross,add_share_interaction,9,-0.4216370213557839,0.27068354104873515,0.8925449860531971,0.8541626404465199,3
B,E,0.3|wd0.1,cross,add_acc_interaction_tr,9,-0.05292561240249632,0.8967547322146512,99.58224487304688,97.8067855834961,3
B,E,0.3|wd0.1,cross,add_acc_additive_tr,9,0.3689323936863109,0.3429208206118098,3.3681464195251465,5.24804162979126,3
B,E,0.3|wd0.1,cross,add_acc_no_a_tr,9,-0.027524094128159014,0.9462337991623674,100.0,99.9477767944336,3
B,E,0.3|wd0.1,cross,add_acc_no_b_tr,9,0.027524094128159014,0.9462337991623674,100.0,99.8172378540039,3
B,E,0.3|wd0.1,cross,add_acc_interaction_te,9,-0.05270462766947299,0.8971842191919066,99.13861083984375,92.42645263671875,3
B,E,0.3|wd0.1,cross,add_acc_additive_te,9,0.15811388300841894,0.6961113229882174,1.2305628061294556,2.3716301918029785,3
B,E,0.3|wd0.1,cross,add_acc_no_a_te,9,-0.3162277660168379,0.4225033375499403,99.9440689086914,97.0578384399414,3
B,E,0.3|wd0.1,cross,add_acc_no_b_te,9,-0.21081851067789195,0.6000985243969617,99.88813781738281,97.31513977050781,3
B,E,0.3|wd0.1,cross,sharp_lambda_max,9,0.4743416490252569,0.2065538956745058,0.005137745290994644,0.10669262707233429,3
B,E,0.3|wd0.1,cross,sharp_grad_norm,9,0.5797509043642028,0.10485124589119671,2.2001765955792507e-06,0.0002583101741038263,3
B,E,0.3|wd0.1,cross,sharp_lr_lambda,9,0.4743416490252569,0.2065538956745058,5.137745290994644e-06,0.00010669262707233429,3
B,E,0.3|wd0.1,cross,w_WE_fro,9,0.05270462766947299,0.8971842191919066,33.15080642700195,39.06804656982422,3
B,E,0.3|wd0.1,cross,w_WE_spec,9,-0.2635231383473649,0.5085516950733956,12.842042922973633,11.503127098083496,3
B,E,0.3|wd0.1,cross,w_WE_stable_rank,9,0.21081851067789195,0.6000985243969617,9.294586181640625,10.420439720153809,3
B,E,0.3|wd0.1,cross,w_WE_eff_rank,9,0.4216370213557839,0.27068354104873515,49.90684345246348,59.31294797102103,3
B,E,0.3|wd0.1,cross,w_WE_sv_gini,9,-0.4216370213557839,0.27068354104873515,0.6606698523763008,0.6086717600935363,3
B,E,0.3|wd0.1,cross,w_WE_entry_gini,9,0.6851601597031488,0.03992026661849586,0.39821255807489764,0.4095288952314806,3
B,E,0.3|wd0.1,cross,w_WE_row_gini,9,0.3689323936863109,0.3429208206118098,0.018246295238040666,0.019361267079302413,3
B,E,0.3|wd0.1,cross,w_WE_row_pr,9,-0.3689323936863109,0.3429208206118098,0.9989325146385346,0.9988262532919322,3
B,E,0.3|wd0.1,cross,w_WE_dist_init,9,0.05270462766947299,0.8971842191919066,32.06592559814453,37.337520599365234,3
B,E,0.3|wd0.1,cross,w_WE_rel_dist_init,9,0.05270462766947299,0.8971842191919066,3.011777292528699,3.523785299750868,3
B,E,0.3|wd0.1,cross,w_WE_cos_init,9,0.15811388300841894,0.6961113229882174,0.27828365564346313,0.2953113615512848,3
B,E,0.3|wd0.1,cross,w_WU_fro,9,0.15811388300841894,0.6961113229882174,21.81787109375,25.858707427978516,3
B,E,0.3|wd0.1,cross,w_WU_spec,9,-0.5270462766947298,0.1511404061467896,17.58125877380371,16.428627014160156,3
B,E,0.3|wd0.1,cross,w_WU_stable_rank,9,0.2635231383473649,0.5085516950733956,1.540014624595642,2.328655958175659,3
B,E,0.3|wd0.1,cross,w_WU_eff_rank,9,0.5797509043642028,0.10485124589119671,45.634344447213245,65.08552901301927,3
B,E,0.3|wd0.1,cross,w_WU_sv_gini,9,-0.5797509043642028,0.10485124589119671,0.6389556319936769,0.5435584067780475,3
B,E,0.3|wd0.1,cross,w_WU_entry_gini,9,-0.15811388300841894,0.6961113229882174,0.42640156836220466,0.4213627655282288,3
B,E,0.3|wd0.1,cross,w_WU_row_gini,9,0.6324555320336758,0.06783669380798923,0.009384590547202087,0.025162461849056017,3
B,E,0.3|wd0.1,cross,w_WU_row_pr,9,-0.5797509043642028,0.10485124589119671,0.9997259958837387,0.99805162665266,3
B,E,0.3|wd0.1,cross,w_WU_dist_init,9,0.15811388300841894,0.6961113229882174,23.585460662841797,25.1907958984375,3
B,E,0.3|wd0.1,cross,w_WU_rel_dist_init,9,0.15811388300841894,0.6961113229882174,2.203571116399555,2.3604444570742475,3
B,E,0.3|wd0.1,cross,w_WU_cos_init,9,0.4743416490252569,0.2065538956745058,0.0965636596083641,0.1699097603559494,3
B,E,0.3|wd0.1,cross,w_WQ_fro,9,0.05270462766947299,0.8971842191919066,5.036530494689941,6.686733722686768,3
B,E,0.3|wd0.1,cross,w_WQ_spec,9,0.2635231383473649,0.5085516950733956,2.5994033813476562,4.732054233551025,3
B,E,0.3|wd0.1,cross,w_WQ_stable_rank,9,-0.6851601597031488,0.03992026661849586,3.7542619705200195,2.2563745975494385,3
B,E,0.3|wd0.1,cross,w_WQ_eff_rank,9,-0.4216370213557839,0.27068354104873515,56.51108926364366,47.14158007420491,3
B,E,0.3|wd0.1,cross,w_WQ_sv_gini,9,0.4216370213557839,0.27068354104873515,0.66627341662715,0.7109522250801419,3
B,E,0.3|wd0.1,cross,w_WQ_entry_gini,9,-0.2635231383473649,0.5085516950733956,0.4112285955292554,0.40687505704831284,3
B,E,0.3|wd0.1,cross,w_WQ_row_gini,9,0.21081851067789195,0.6000985243969617,0.09327359423157522,0.0949242852949479,3
B,E,0.3|wd0.1,cross,w_WQ_row_pr,9,-0.21081851067789195,0.6000985243969617,0.9733412120271502,0.971721556846716,3
B,E,0.3|wd0.1,cross,w_WQ_dist_init,9,0.05270462766947299,0.8971842191919066,12.31440258026123,12.542487144470215,3
B,E,0.3|wd0.1,cross,w_WQ_rel_dist_init,9,0.0,1.0,1.07525600496767,1.1089115614482026,3
B,E,0.3|wd0.1,cross,w_WQ_cos_init,9,0.4743416490252569,0.2065538956745058,0.0734972357749939,0.10133885592222214,3
B,E,0.3|wd0.1,cross,w_WK_fro,9,-0.05270462766947299,0.8971842191919066,5.4064531326293945,5.8908796310424805,3
B,E,0.3|wd0.1,cross,w_WK_spec,9,0.15811388300841894,0.6961113229882174,3.1019952297210693,3.4054629802703857,3
B,E,0.3|wd0.1,cross,w_WK_stable_rank,9,-0.10540925533894598,0.795510551519696,3.6933093070983887,2.992361545562744,3
B,E,0.3|wd0.1,cross,w_WK_eff_rank,9,-0.4216370213557839,0.27068354104873515,48.97652614444755,41.2041088752579,3
B,E,0.3|wd0.1,cross,w_WK_sv_gini,9,0.4743416490252569,0.2065538956745058,0.7082169912204999,0.7434497748404201,3
B,E,0.3|wd0.1,cross,w_WK_entry_gini,9,0.6851601597031488,0.03992026661849586,0.41003149426382723,0.4218640741101394,3
B,E,0.3|wd0.1,cross,w_WK_row_gini,9,0.05270462766947299,0.8971842191919066,0.07860858349184086,0.08733720740105677,3
B,E,0.3|wd0.1,cross,w_WK_row_pr,9,-0.05270462766947299,0.8971842191919066,0.980477403755133,0.9757692259804799,3
B,E,0.3|wd0.1,cross,w_WK_dist_init,9,-0.2635231383473649,0.5085516950733956,12.283615112304688,12.184967041015625,3
B,E,0.3|wd0.1,cross,w_WK_rel_dist_init,9,-0.21081851067789195,0.6000985243969617,1.0840229228405982,1.080871027035514,3
B,E,0.3|wd0.1,cross,w_WK_cos_init,9,0.4216370213557839,0.27068354104873515,0.07492028176784515,0.10025656223297119,3
B,E,0.3|wd0.1,cross,w_WV_fro,9,-0.6851601597031488,0.03992026661849586,18.424299240112305,14.463303565979004,3
B,E,0.3|wd0.1,cross,w_WV_spec,9,-0.6851601597031488,0.03992026661849586,5.733023643493652,3.5630197525024414,3
B,E,0.3|wd0.1,cross,w_WV_stable_rank,9,0.15811388300841894,0.6961113229882174,11.135394096374512,11.702568054199219,3
B,E,0.3|wd0.1,cross,w_WV_eff_rank,9,0.10540925533894598,0.795510551519696,48.13507225103087,51.28919917703695,3
B,E,0.3|wd0.1,cross,w_WV_sv_gini,9,-0.10540925533894598,0.795510551519696,0.7153778365604422,0.7030435243331228,3
B,E,0.3|wd0.1,cross,w_WV_entry_gini,9,0.3689323936863109,0.3429208206118098,0.4075380339104655,0.41033863148926364,3
B,E,0.3|wd0.1,cross,w_WV_row_gini,9,-0.3689323936863109,0.3429208206118098,0.04247162087172485,0.04057882903928256,3
B,E,0.3|wd0.1,cross,w_WV_row_pr,9,0.3689323936863109,0.3429208206118098,0.9942366424622436,0.9948584373757569,3
B,E,0.3|wd0.1,cross,w_WV_dist_init,9,-0.7905694150420948,0.008584412196980922,17.877212524414062,14.073892593383789,3
B,E,0.3|wd0.1,cross,w_WV_rel_dist_init,9,-0.7378647873726218,0.020521786998420548,1.5725555994855576,1.2443602178667057,3
B,E,0.3|wd0.1,cross,w_WV_cos_init,9,0.15811388300841894,0.6961113229882174,0.31289827823638916,0.3464507758617401,3
B,E,0.3|wd0.1,cross,w_WO_fro,9,-0.6324555320336758,0.06783669380798923,16.133464813232422,12.562381744384766,3
B,E,0.3|wd0.1,cross,w_WO_spec,9,-0.6851601597031488,0.03992026661849586,5.231024742126465,3.229724168777466,3
B,E,0.3|wd0.1,cross,w_WO_stable_rank,9,0.21081851067789195,0.6000985243969617,12.003602027893066,12.072159767150879,3
B,E,0.3|wd0.1,cross,w_WO_eff_rank,9,0.10540925533894598,0.795510551519696,51.75472505331456,57.575111230033805,3
B,E,0.3|wd0.1,cross,w_WO_sv_gini,9,-0.10540925533894598,0.795510551519696,0.6968123062985152,0.6667496757350073,3
B,E,0.3|wd0.1,cross,w_WO_entry_gini,9,-0.2635231383473649,0.5085516950733956,0.41101686154006045,0.4068499958929759,3
B,E,0.3|wd0.1,cross,w_WO_row_gini,9,-0.05270462766947299,0.8971842191919066,0.04200152280551106,0.034182093401655234,3
B,E,0.3|wd0.1,cross,w_WO_row_pr,9,0.05270462766947299,0.8971842191919066,0.9944608238761993,0.9964064540572964,3
B,E,0.3|wd0.1,cross,w_WO_dist_init,9,-0.8959786703810408,0.0003775407187170812,16.24020004272461,12.494853973388672,3
B,E,0.3|wd0.1,cross,w_WO_rel_dist_init,9,-0.8959786703810408,0.0003775407187170812,1.4283494898723064,1.1024043072326108,3
B,E,0.3|wd0.1,cross,w_WO_cos_init,9,0.3162277660168379,0.4225033375499403,0.3412504196166992,0.3863028287887573,3
B,E,0.3|wd0.1,cross,w_Win_fro,9,-0.2635231383473649,0.5085516950733956,20.364641189575195,19.962223052978516,3
B,E,0.3|wd0.1,cross,w_Win_spec,9,-0.4216370213557839,0.27068354104873515,6.549339294433594,5.9966936111450195,3
B,E,0.3|wd0.1,cross,w_Win_stable_rank,9,0.05270462766947299,0.8971842191919066,12.823223114013672,11.081517219543457,3
B,E,0.3|wd0.1,cross,w_Win_eff_rank,9,-0.10540925533894598,0.795510551519696,73.64335250800772,72.90435983407549,3
B,E,0.3|wd0.1,cross,w_Win_sv_gini,9,0.3162277660168379,0.4225033375499403,0.5548574467106666,0.5690148194307882,3
B,E,0.3|wd0.1,cross,w_Win_entry_gini,9,-0.05270462766947299,0.8971842191919066,0.45803040617310153,0.4445951746910386,3
B,E,0.3|wd0.1,cross,w_Win_row_gini,9,-0.05270462766947299,0.8971842191919066,0.21650034697515097,0.16751439947865454,3
B,E,0.3|wd0.1,cross,w_Win_row_pr,9,0.15811388300841894,0.6961113229882174,0.8508473906876428,0.8947455104876421,3
B,E,0.3|wd0.1,cross,w_Win_dist_init,9,-0.5270462766947298,0.1511404061467896,28.177764892578125,26.881776809692383,3
B,E,0.3|wd0.1,cross,w_Win_rel_dist_init,9,-0.5270462766947298,0.1511404061467896,1.2419631965794289,1.1917952645948653,3
B,E,0.3|wd0.1,cross,w_Win_cos_init,9,0.2635231383473649,0.5085516950733956,0.18780866265296936,0.20501412451267242,3
B,E,0.3|wd0.1,cross,w_Wout_fro,9,0.0,1.0,15.818397521972656,17.482389450073242,3
B,E,0.3|wd0.1,cross,w_Wout_spec,9,-0.4743416490252569,0.2065538956745058,10.83919620513916,8.168259620666504,3
B,E,0.3|wd0.1,cross,w_Wout_stable_rank,9,0.3689323936863109,0.3429208206118098,2.1184728145599365,3.9563701152801514,3
B,E,0.3|wd0.1,cross,w_Wout_eff_rank,9,0.10540925533894598,0.795510551519696,68.50885000086252,75.10462499245507,3
B,E,0.3|wd0.1,cross,w_Wout_sv_gini,9,-0.10540925533894598,0.795510551519696,0.5595257646681129,0.5532325887441651,3
B,E,0.3|wd0.1,cross,w_Wout_entry_gini,9,-0.4743416490252569,0.2065538956745058,0.4507007546150017,0.42023447075397136,3
B,E,0.3|wd0.1,cross,w_Wout_row_gini,9,-0.21081851067789195,0.6000985243969617,0.16895190553111128,0.08726738961568592,3
B,E,0.3|wd0.1,cross,w_Wout_row_pr,9,0.5797509043642028,0.10485124589119671,0.8677719658621917,0.9739169832900937,3
B,E,0.3|wd0.1,cross,w_Wout_dist_init,9,0.10540925533894598,0.795510551519696,18.971595764160156,19.709148406982422,3
B,E,0.3|wd0.1,cross,w_Wout_rel_dist_init,9,0.10540925533894598,0.795510551519696,1.6760981712284009,1.7395991046845811,3
B,E,0.3|wd0.1,cross,w_Wout_cos_init,9,0.2635231383473649,0.5085516950733956,0.08267685025930405,0.10151998698711395,3
B,E,0.3|wd0.1,cross,attn_to_a_mean,9,0.4216370213557839,0.27068354104873515,0.50832200050354,0.546052098274231,3
B,E,0.3|wd0.1,cross,attn_to_a_head_spread,9,0.3162277660168379,0.4225033375499403,0.11321914196014404,0.16967147588729858,3
B,E,0.3|wd0.1,cross,attn_entropy_mean,9,0.2635231383473649,0.5085516950733956,0.4937324821949005,0.528849720954895,3
B,E,0.3|wd0.1,cross,unit_fourier_sum_share,9,0.3689323936863109,0.3429208206118098,0.08160054309510241,0.101384101586953,3
B,E,0.3|wd0.1,cross,unit_fourier_diff_share,9,0.4216370213557839,0.27068354104873515,0.044428866014853796,0.07776197441721606,3
B,E,0.3|wd0.1,cross,unit_fourier_marginal_share,9,-0.4743416490252569,0.2065538956745058,0.8546432143258087,0.786953169302829,3
B,E,0.3|wd0.1,cross,unit_fourier_other_share,9,-0.10540925533894598,0.795510551519696,0.027529709675980008,0.026241052813816723,3
B,E,0.3|wd0.1,cross,unit_sum_freq_concentration,9,0.3689323936863109,0.3429208206118098,0.07914535806744978,0.0971200998937015,3
B,E,0.3|wd0.1,cross,unit_n_distinct_sum_freqs,9,0.026574700172636693,0.9480865892323587,6.0,5.0,3
B,E,0.3|wd0.1,cross,fout_ipr,9,-0.10540925533894598,0.795510551519696,0.4069491495742048,0.2822345727012586,3
B,E,0.3|wd0.1,cross,fout_dc_share,9,-0.2635231383473649,0.5085516950733956,0.6492992622871693,0.42809654496796357,3
B,E,0.3|wd0.1,cross,fout_top1_share,9,-0.5270462766947298,0.1511404061467896,0.19821673825234543,0.17649332020659037,3
B,E,0.3|wd0.1,cross,fout_nfreq90,9,0.3440164806162261,0.3796791667987941,30.0,38.0,3
B,E,0.3|wd0.1,cross,fout_freq_gini,9,-0.3162277660168379,0.4225033375499403,0.7112874601997476,0.5671675718874469,3
B,E,0.3|wd0.1,cross,fout_freq_eff_n,9,0.3689323936863109,0.3429208206118098,13.715378819150812,24.600139489521556,3
B,E,0.3|wd0.1,cross,clock_share,9,-0.21081851067789195,0.6000985243969617,0.8198085581195002,0.7895666713511619,3
B,E,0.3|wd0.1,cross,clock_nfreq90,9,0.16666666666666666,0.6802715185370081,3.0,3.0,3
B,E,0.3|wd0.1,cross,clock_top1_share,9,0.0,1.0,0.4789896051119194,0.47025209228468434,3
B,E,0.3|wd0.1,cross,clock_freq_gini,9,-0.10540925533894598,0.795510551519696,0.9614971185300756,0.9542512380535544,3
B,E,0.3|wd0.1,cross,clock_key_jaccard_final,9,-0.3098898934004561,0.432527257402196,1.0,0.75,3
B,E,0.3|wd0.1,cross,clock_restricted_loss_tr,9,-0.027524094128159014,0.9462337991623674,0.0,5.640513791149715e-06,3
B,E,0.3|wd0.1,cross,clock_excluded_loss_tr,9,-0.15811388300841894,0.6961113229882174,20.81984519958496,17.29608726501465,3
B,E,0.3|wd0.1,cross,clock_excluded_acc_tr,9,0.15811388300841894,0.6961113229882174,5.378590106964111,15.48302936553955,3
B,E,0.3|wd0.1,cross,clock_restricted_loss_te,9,-0.027524094128159014,0.9462337991623674,0.0,5.639415121549973e-06,3
B,E,0.3|wd0.1,cross,clock_excluded_loss_te,9,-0.15811388300841894,0.6961113229882174,35.33258056640625,27.496511459350586,3
B,E,0.3|wd0.1,cross,clock_excluded_acc_te,9,0.15811388300841894,0.6961113229882174,2.315695285797119,1.7563486099243164,3
B,E,0.3|wd0.1,cross,fin_ipr,9,-0.21081851067789195,0.6000985243969617,0.09775679020458772,0.07718019811831105,3
B,E,0.3|wd0.1,cross,fin_dc_share,9,-0.6324555320336758,0.06783669380798923,0.03666502760358855,0.008494001942334392,3
B,E,0.3|wd0.1,cross,fin_top1_share,9,-0.3162277660168379,0.4225033375499403,0.21009220890311997,0.1816963613123067,3
B,E,0.3|wd0.1,cross,fin_nfreq90,9,0.21170244960998527,0.5985233590611587,21.0,36.0,3
B,E,0.3|wd0.1,cross,fin_freq_gini,9,-0.15811388300841894,0.6961113229882174,0.7855365733146704,0.6227401195731523,3
B,E,0.3|wd0.1,cross,fin_freq_eff_n,9,0.21081851067789195,0.6000985243969617,12.648005525021517,20.993140439540213,3
B,E,0.3|wd0.1,end,fn_loss_tr,9,-0.05270462766947299,0.8971842191919066,4.295265476628174e-09,7.87455967099504e-09,3
B,E,0.3|wd0.1,end,fn_margin_tr,9,0.9486832980505138,8.418070242599643e-06,26.048095703125,35.8724365234375,3
B,E,0.3|wd0.1,end,fn_entropy_tr,9,-0.05270462766947299,0.8971842191919066,7.70697994312286e-08,9.363258612893333e-08,3
B,E,0.3|wd0.1,end,fn_loss_te,9,-0.15811388300841894,0.6961113229882174,0.0017187934136018157,0.00017604781896807253,3
B,E,0.3|wd0.1,end,fn_acc_te,9,0.11547005383792515,0.7763261261654478,99.96644592285156,99.98881530761719,3
B,E,0.3|wd0.1,end,fn_margin_te,9,0.9486832980505138,8.418070242599643e-06,24.7625732421875,33.83984375,3
B,E,0.3|wd0.1,end,fn_entropy_te,9,-0.2635231383473649,0.5085516950733956,0.0010748045751824975,0.0002877919177990407,3
B,E,0.3|wd0.1,end,fn_gap_loss,9,-0.15811388300841894,0.6961113229882174,0.0017187902388426934,0.00017603994440840154,3
B,E,0.3|wd0.1,end,fn_gap_acc,9,-0.11547005383792515,0.7763261261654478,0.0335540771484375,0.0111846923828125,3
B,E,0.3|wd0.1,end,fn_class_acc_gini,9,-0.11547005383792515,0.7763261261654478,0.0003454853639828226,0.00010082936802024989,3
B,E,0.3|wd0.1,end,w_all_norm,9,-0.3689323936863109,0.3429208206118098,71.52864660016988,61.760415753108596,3
B,E,0.3|wd0.1,end,w_all_rel_norm,9,-0.3689323936863109,0.3429208206118098,1.922807596214894,1.6593204522112954,3
B,E,0.3|wd0.1,end,w_all_dist_init,9,-0.3162277660168379,0.4225033375499403,80.31271420866364,70.34916523722833,3
B,E,0.3|wd0.1,end,w_all_rel_dist_init,9,-0.4216370213557839,0.27068354104873515,2.1589377723901673,1.8911011984001127,3
B,E,0.3|wd0.1,end,w_all_cos_init,9,0.6324555320336758,0.06783669380798923,0.013974828655605573,0.036456329256368505,3
B,E,0.3|wd0.1,end,rep_between_within_tr,9,-0.7905694150420948,0.008584412196980922,3.8728276554526615,1.7021050255609012,3
B,E,0.3|wd0.1,end,rep_nc1_tr,9,-0.10540925533894598,0.795510551519696,376.6264260284672,358.0644632466442,3
B,E,0.3|wd0.1,end,rep_eff_rank_te,9,-0.5270462766947298,0.1511404061467896,20.107103228670212,17.475132355835232,3
B,E,0.3|wd0.1,end,rep_pr_te,9,-0.4743416490252569,0.2065538956745058,8.482058081713287,5.529258143557537,3
B,E,0.3|wd0.1,end,rep_unit_gini_te,9,0.15811388300841894,0.6961113229882174,0.8486141031122405,0.8543456392453677,3
B,E,0.3|wd0.1,end,rep_unit_pr_te,9,0.3689323936863109,0.3429208206118098,0.004204758764506555,0.0053538717555158865,3
B,E,0.3|wd0.1,end,rep_between_within_te,9,-0.7905694150420948,0.008584412196980922,3.718498928875002,1.5219001657411102,3
B,E,0.3|wd0.1,end,unit_interaction_share,9,-0.4216370213557839,0.27068354104873515,0.35662124490366953,0.28097180992080334,3
B,E,0.3|wd0.1,end,unit_frac_interacting,9,-0.39694209301872235,0.30356445580375335,0.16500993072986603,0.0078125,3
B,E,0.3|wd0.1,end,add_share_a,9,0.6851601597031488,0.03992026661849586,0.00860740587375733,0.010396660479415357,3
B,E,0.3|wd0.1,end,add_share_b,9,0.5797509043642028,0.10485124589119671,0.00843597962126033,0.012042199697513732,3
B,E,0.3|wd0.1,end,add_share_interaction,9,0.05270462766947299,0.8971842191919066,0.948257359935708,0.9384352694115721,3
B,E,0.3|wd0.1,end,add_acc_interaction_tr,9,0.027650063180466547,0.9459879786423155,99.89556121826172,99.97388458251953,3
B,E,0.3|wd0.1,end,add_acc_additive_tr,9,0.5292561240249631,0.14901426872783236,1.0704960823059082,1.5665795803070068,3
B,E,0.3|wd0.1,end,add_acc_interaction_te,9,0.1651445647689541,0.6830837234009515,99.76508331298828,99.9440689086914,3
B,E,0.3|wd0.1,end,add_acc_additive_te,9,0.3689323936863109,0.3429208206118098,0.9844501614570618,1.2305628061294556,3
B,E,0.3|wd0.1,end,add_acc_no_a_te,9,0.13825031590233275,0.7332350837800963,99.97763061523438,99.98881530761719,3
B,E,0.3|wd0.1,end,add_acc_no_b_te,9,0.17407765595569782,0.6666221152020118,99.97763061523438,99.98881530761719,3
B,E,0.3|wd0.1,end,sharp_lambda_max,9,0.15811388300841894,0.6961113229882174,0.001836415845900774,0.01146173756569624,3
B,E,0.3|wd0.1,end,sharp_grad_norm,9,0.15811388300841894,0.6961113229882174,2.4960656901384937e-06,9.169935765385162e-06,3
B,E,0.3|wd0.1,end,sharp_lr_lambda,9,0.15811388300841894,0.6961113229882174,1.8364158459007741e-06,1.146173756569624e-05,3
B,E,0.3|wd0.1,end,w_WE_fro,9,-0.7378647873726218,0.020521786998420548,16.062255859375,8.602657318115234,3
B,E,0.3|wd0.1,end,w_WE_spec,9,-0.8432740427115678,0.002538190651903912,11.30222225189209,2.718862533569336,3
B,E,0.3|wd0.1,end,w_WE_stable_rank,9,0.9486832980505138,8.418070242599643e-06,1.948624849319458,10.011430740356445,3
B,E,0.3|wd0.1,end,w_WE_eff_rank,9,0.4216370213557839,0.27068354104873515,66.5271412165608,68.5941192592782,3
B,E,0.3|wd0.1,end,w_WE_sv_gini,9,0.10540925533894598,0.795510551519696,0.5260467721269657,0.539752747812217,3
B,E,0.3|wd0.1,end,w_WE_entry_gini,9,-0.10540925533894598,0.795510551519696,0.48350371656062374,0.4561969587756769,3
B,E,0.3|wd0.1,end,w_WE_row_gini,9,-0.3162277660168379,0.4225033375499403,0.03863365043275491,0.03833423210023712,3
B,E,0.3|wd0.1,end,w_WE_row_pr,9,0.15811388300841894,0.6961113229882174,0.9953113096464584,0.9952773874835814,3
B,E,0.3|wd0.1,end,w_WE_dist_init,9,-0.7378647873726218,0.020521786998420548,19.121076583862305,13.434676170349121,3
B,E,0.3|wd0.1,end,w_WE_rel_dist_init,9,-0.7378647873726218,0.020521786998420548,1.7937618294921294,1.2618457714089881,3
B,E,0.3|wd0.1,end,w_WE_cos_init,9,0.6324555320336758,0.06783669380798923,0.030940992757678032,0.06397216022014618,3
B,E,0.3|wd0.1,end,w_WU_fro,9,-0.9486832980505138,8.418070242599643e-06,33.90696334838867,16.28744888305664,3
B,E,0.3|wd0.1,end,w_WU_spec,9,-0.9486832980505138,8.418070242599643e-06,33.25798797607422,14.727790832519531,3
B,E,0.3|wd0.1,end,w_WU_stable_rank,9,0.5797509043642028,0.10485124589119671,1.0601710081100464,1.2663989067077637,3
B,E,0.3|wd0.1,end,w_WU_eff_rank,9,0.4743416490252569,0.2065538956745058,20.52032303156754,32.947915247418905,3
B,E,0.3|wd0.1,end,w_WU_sv_gini,9,-0.6324555320336758,0.06783669380798923,0.7837929995385389,0.7256820963507002,3
B,E,0.3|wd0.1,end,w_WU_entry_gini,9,0.3689323936863109,0.3429208206118098,0.12253600942165566,0.24058516980907374,3
B,E,0.3|wd0.1,end,w_WU_row_gini,9,0.7378647873726218,0.020521786998420548,0.008900828150538054,0.014444312127363856,3
B,E,0.3|wd0.1,end,w_WU_row_pr,9,-0.6851601597031488,0.03992026661849586,0.9997556984386893,0.9993681802795347,3
B,E,0.3|wd0.1,end,w_WU_dist_init,9,-0.9486832980505138,8.418070242599643e-06,35.63890838623047,19.354164123535156,3
B,E,0.3|wd0.1,end,w_WU_rel_dist_init,9,-0.9486832980505138,8.418070242599643e-06,3.329715296323789,1.8082443948983238,3
B,E,0.3|wd0.1,end,w_WU_cos_init,9,0.6324555320336758,0.06783669380798923,-0.008113842457532883,0.015079823322594166,3
B,E,0.3|wd0.1,end,w_WQ_fro,9,-0.5270462766947298,0.1511404061467896,20.749746322631836,9.381264686584473,3
B,E,0.3|wd0.1,end,w_WQ_spec,9,-0.3162277660168379,0.4225033375499403,19.68155860900879,8.989840507507324,3
B,E,0.3|wd0.1,end,w_WQ_stable_rank,9,0.15811388300841894,0.6961113229882174,1.1114850044250488,1.2182049751281738,3
B,E,0.3|wd0.1,end,w_WQ_eff_rank,9,0.3689323936863109,0.3429208206118098,2.6804239054274057,3.2228965909989307,3
B,E,0.3|wd0.1,end,w_WQ_sv_gini,9,-0.2635231383473649,0.5085516950733956,0.9833338021585398,0.9792716567452575,3
B,E,0.3|wd0.1,end,w_WQ_entry_gini,9,0.3162277660168379,0.4225033375499403,0.4904369426670441,0.5213262667871639,3
B,E,0.3|wd0.1,end,w_WQ_row_gini,9,-0.4743416490252569,0.2065538956745058,0.14725448418183085,0.0529076647183071,3
B,E,0.3|wd0.1,end,w_WQ_row_pr,9,0.4743416490252569,0.2065538956745058,0.9324408524221138,0.9905699503550374,3
B,E,0.3|wd0.1,end,w_WQ_dist_init,9,-0.5270462766947298,0.1511404061467896,23.60213851928711,14.631060600280762,3
B,E,0.3|wd0.1,end,w_WQ_rel_dist_init,9,-0.4743416490252569,0.2065538956745058,2.086722033474721,1.292887822484099,3
B,E,0.3|wd0.1,end,w_WQ_cos_init,9,0.5270462766947298,0.1511404061467896,-0.00043698184890672565,0.010367641225457191,3
B,E,0.3|wd0.1,end,w_WK_fro,9,0.21081851067789195,0.6000985243969617,6.671607971191406,7.301874160766602,3
B,E,0.3|wd0.1,end,w_WK_spec,9,0.05270462766947299,0.8971842191919066,4.803806304931641,4.914201736450195,3
B,E,0.3|wd0.1,end,w_WK_stable_rank,9,0.3689323936863109,0.3429208206118098,1.9288239479064941,2.207749605178833,3
B,E,0.3|wd0.1,end,w_WK_eff_rank,9,0.0,1.0,3.648304814785415,3.5847224220247758,3
B,E,0.3|wd0.1,end,w_WK_sv_gini,9,-0.05270462766947299,0.8971842191919066,0.9761178064580927,0.9766766974307295,3
B,E,0.3|wd0.1,end,w_WK_entry_gini,9,0.3689323936863109,0.3429208206118098,0.4159514110947775,0.43243726151354744,3
B,E,0.3|wd0.1,end,w_WK_row_gini,9,-0.3689323936863109,0.3429208206118098,0.0407764270793487,0.026972451541777298,3
B,E,0.3|wd0.1,end,w_WK_row_pr,9,0.3689323936863109,0.3429208206118098,0.994043129365529,0.9967466314624301,3
B,E,0.3|wd0.1,end,w_WK_dist_init,9,0.15811388300841894,0.6961113229882174,13.171964645385742,13.410440444946289,3
B,E,0.3|wd0.1,end,w_WK_rel_dist_init,9,0.15811388300841894,0.6961113229882174,1.16241932720123,1.1800469958907758,3
B,E,0.3|wd0.1,end,w_WK_cos_init,9,0.05270462766947299,0.8971842191919066,0.003613072447478771,0.007056229282170534,3
B,E,0.3|wd0.1,end,w_WV_fro,9,0.4743416490252569,0.2065538956745058,13.76310920715332,18.02238655090332,3
B,E,0.3|wd0.1,end,w_WV_spec,9,0.5797509043642028,0.10485124589119671,5.2271246910095215,6.21417236328125,3
B,E,0.3|wd0.1,end,w_WV_stable_rank,9,0.05270462766947299,0.8971842191919066,6.77120304107666,7.332814693450928,3
B,E,0.3|wd0.1,end,w_WV_eff_rank,9,-0.4743416490252569,0.2065538956745058,39.308191560114054,27.225497842743234,3
B,E,0.3|wd0.1,end,w_WV_sv_gini,9,0.5797509043642028,0.10485124589119671,0.7621591464820416,0.8304093091383387,3
B,E,0.3|wd0.1,end,w_WV_entry_gini,9,-0.05270462766947299,0.8971842191919066,0.481528256445412,0.47192938276171015,3
B,E,0.3|wd0.1,end,w_WV_row_gini,9,-0.21081851067789195,0.6000985243969617,0.07759143858616646,0.06698250511798753,3
B,E,0.3|wd0.1,end,w_WV_row_pr,9,0.15811388300841894,0.6961113229882174,0.981695227139614,0.9842340792708912,3
B,E,0.3|wd0.1,end,w_WV_dist_init,9,0.4743416490252569,0.2065538956745058,17.81606101989746,20.383853912353516,3
B,E,0.3|wd0.1,end,w_WV_rel_dist_init,9,0.4216370213557839,0.27068354104873515,1.5752285606235314,1.8022630716439796,3
B,E,0.3|wd0.1,end,w_WV_cos_init,9,0.8432740427115678,0.002538190651903912,0.0482734739780426,0.06830699741840363,3
B,E,0.3|wd0.1,end,w_WO_fro,9,0.15811388300841894,0.6961113229882174,16.53133773803711,16.629541397094727,3
B,E,0.3|wd0.1,end,w_WO_spec,9,-0.05270462766947299,0.8971842191919066,6.2972917556762695,5.631558895111084,3
B,E,0.3|wd0.1,end,w_WO_stable_rank,9,0.10540925533894598,0.795510551519696,7.845799446105957,9.486716270446777,3
B,E,0.3|wd0.1,end,w_WO_eff_rank,9,-0.7378647873726218,0.020521786998420548,31.521014213325465,24.483960586517536,3
B,E,0.3|wd0.1,end,w_WO_sv_gini,9,0.5270462766947298,0.1511404061467896,0.8062474801034276,0.8401039870790554,3
B,E,0.3|wd0.1,end,w_WO_entry_gini,9,-0.05270462766947299,0.8971842191919066,0.4600117476065859,0.4402684228840139,3
B,E,0.3|wd0.1,end,w_WO_row_gini,9,-0.4216370213557839,0.27068354104873515,0.1496318688052991,0.05480942050088,3
B,E,0.3|wd0.1,end,w_WO_row_pr,9,0.3689323936863109,0.3429208206118098,0.9288735846733998,0.9752954498020284,3
B,E,0.3|wd0.1,end,w_WO_dist_init,9,-0.05270462766947299,0.8971842191919066,19.61680030822754,19.48164176940918,3
B,E,0.3|wd0.1,end,w_WO_rel_dist_init,9,-0.21081851067789195,0.6000985243969617,1.730764136977509,1.718839279298503,3
B,E,0.3|wd0.1,end,w_WO_cos_init,9,0.6324555320336758,0.06783669380798923,0.04517833888530731,0.10024698078632355,3
B,E,0.3|wd0.1,end,w_Win_fro,9,0.10540925533894598,0.795510551519696,34.2889518737793,37.84210968017578,3
B,E,0.3|wd0.1,end,w_Win_spec,9,0.15811388300841894,0.6961113229882174,12.134990692138672,12.132278442382812,3
B,E,0.3|wd0.1,end,w_Win_stable_rank,9,-0.10540925533894598,0.795510551519696,7.984225749969482,7.738004684448242,3
B,E,0.3|wd0.1,end,w_Win_eff_rank,9,-0.5797509043642028,0.10485124589119671,31.858928046952613,25.741618026011874,3
B,E,0.3|wd0.1,end,w_Win_sv_gini,9,0.4743416490252569,0.2065538956745058,0.8018122139622854,0.8331700206167687,3
B,E,0.3|wd0.1,end,w_Win_entry_gini,9,-0.3162277660168379,0.4225033375499403,0.568294482490064,0.4706052105569325,3
B,E,0.3|wd0.1,end,w_Win_row_gini,9,-0.2635231383473649,0.5085516950733956,0.11884162184439995,0.07823050353339767,3
B,E,0.3|wd0.1,end,w_Win_row_pr,9,0.6324555320336758,0.06783669380798923,0.9325586593976573,0.9758843822748796,3
B,E,0.3|wd0.1,end,w_Win_dist_init,9,0.05270462766947299,0.8971842191919066,40.75973892211914,43.22282409667969,3
B,E,0.3|wd0.1,end,w_Win_rel_dist_init,9,0.05270462766947299,0.8971842191919066,1.7981079254738075,1.9050892427043427,3
B,E,0.3|wd0.1,end,w_Win_cos_init,9,0.5270462766947298,0.1511404061467896,0.018153373152017593,0.04575183987617493,3
B,E,0.3|wd0.1,end,w_Wout_fro,9,-0.05270462766947299,0.8971842191919066,37.11408996582031,36.01399230957031,3
B,E,0.3|wd0.1,end,w_Wout_spec,9,0.4216370213557839,0.27068354104873515,17.125364303588867,24.539592742919922,3
B,E,0.3|wd0.1,end,w_Wout_stable_rank,9,-0.6324555320336758,0.06783669380798923,4.073496341705322,2.2978110313415527,3
B,E,0.3|wd0.1,end,w_Wout_eff_rank,9,-0.4743416490252569,0.2065538956745058,31.968377795589834,20.68714622143966,3
B,E,0.3|wd0.1,end,w_Wout_sv_gini,9,0.4743416490252569,0.2065538956745058,0.7985594252993093,0.857278698587489,3
B,E,0.3|wd0.1,end,w_Wout_entry_gini,9,-0.4743416490252569,0.2065538956745058,0.4322314831234053,0.38865789383083404,3
B,E,0.3|wd0.1,end,w_Wout_row_gini,9,-0.7378647873726218,0.020521786998420548,0.1671205713697992,0.08169610200128363,3
B,E,0.3|wd0.1,end,w_Wout_row_pr,9,0.7905694150420948,0.008584412196980922,0.883094602624302,0.9491695229160676,3
B,E,0.3|wd0.1,end,w_Wout_dist_init,9,-0.05270462766947299,0.8971842191919066,38.668277740478516,37.550621032714844,3
B,E,0.3|wd0.1,end,w_Wout_rel_dist_init,9,-0.05270462766947299,0.8971842191919066,3.4129988748372377,3.314350543208582,3
B,E,0.3|wd0.1,end,w_Wout_cos_init,9,0.4743416490252569,0.2065538956745058,0.012158513069152832,0.015174447558820248,3
B,E,0.3|wd0.1,end,rep_dead_frac_te,9,-0.5557189302262113,0.12480988352020375,0.01171875,0.001953125,3
B,E,0.3|wd0.1,end,attn_to_a_mean,9,0.10540925533894598,0.795510551519696,0.501858115196228,0.5062327980995178,3
B,E,0.3|wd0.1,end,attn_to_a_head_spread,9,0.5797509043642028,0.10485124589119671,0.003129953984171152,0.013132205232977867,3
B,E,0.3|wd0.1,end,attn_entropy_mean,9,0.3689323936863109,0.3429208206118098,0.21880215406417847,0.3765784800052643,3
B,E,0.3|wd0.1,end,unit_fourier_sum_share,9,-0.2635231383473649,0.5085516950733956,0.21086590334237099,0.18274870421266778,3
B,E,0.3|wd0.1,end,unit_fourier_diff_share,9,0.0,1.0,0.07143489197322397,0.07047216700551914,3
B,E,0.3|wd0.1,end,unit_fourier_marginal_share,9,0.4216370213557839,0.27068354104873515,0.6433787604133552,0.7190281890115853,3
B,E,0.3|wd0.1,end,unit_fourier_other_share,9,-0.5797509043642028,0.10485124589119671,0.06572476726553778,0.04227977155904994,3
B,E,0.3|wd0.1,end,unit_sum_freq_concentration,9,-0.21081851067789195,0.6000985243969617,0.18602854086719164,0.17809848194506095,3
B,E,0.3|wd0.1,end,unit_n_distinct_sum_freqs,9,-0.3535533905932738,0.36542091870895077,5.0,4.0,3
B,E,0.3|wd0.1,end,fout_ipr,9,-0.5270462766947298,0.1511404061467896,0.89532773010751,0.7120266428426267,3
B,E,0.3|wd0.1,end,fout_dc_share,9,-0.5797509043642028,0.10485124589119671,0.9431842485980303,0.7885786591823174,3
B,E,0.3|wd0.1,end,fout_top1_share,9,0.2635231383473649,0.5085516950733956,0.16236494563726636,0.19471652945903206,3
B,E,0.3|wd0.1,end,fout_nfreq90,9,-0.3440164806162261,0.3796791667987941,24.0,19.0,3
B,E,0.3|wd0.1,end,fout_freq_gini,9,0.4216370213557839,0.27068354104873515,0.7017695768667849,0.7707662919296374,3
B,E,0.3|wd0.1,end,fout_freq_eff_n,9,-0.5270462766947298,0.1511404061467896,20.309388870430837,13.64934133227809,3
B,E,0.3|wd0.1,end,clock_share,9,0.2635231383473649,0.5085516950733956,0.8024635705630756,0.883875088290777,3
B,E,0.3|wd0.1,end,clock_nfreq90,9,0.07216878364870322,0.859441968069242,4.0,4.0,3
B,E,0.3|wd0.1,end,clock_top1_share,9,0.21081851067789195,0.6000985243969617,0.3437149292810753,0.4546742475812934,3
B,E,0.3|wd0.1,end,clock_freq_gini,9,0.21081851067789195,0.6000985243969617,0.9410906676573554,0.9462728507640488,3
B,E,0.3|wd0.1,end,clock_restricted_loss_tr,9,-0.43301270189221935,0.2561322791428178,0.0,0.0,3
B,E,0.3|wd0.1,end,clock_excluded_loss_tr,9,0.3162277660168379,0.4225033375499403,24.381019592285156,30.741979598999023,3
B,E,0.3|wd0.1,end,clock_excluded_acc_tr,9,-0.02646280620124816,0.9483049684076229,3.5770232677459717,4.02088737487793,3
B,E,0.3|wd0.1,end,clock_restricted_loss_te,9,-0.43301270189221935,0.2561322791428178,0.0,0.0,3
B,E,0.3|wd0.1,end,clock_excluded_loss_te,9,0.3162277660168379,0.4225033375499403,25.906414031982422,33.94476318359375,3
B,E,0.3|wd0.1,end,clock_excluded_acc_te,9,0.05270462766947299,0.8971842191919066,2.5729949474334717,2.5953688621520996,3
B,E,0.3|wd0.1,end,fin_ipr,9,-0.6324555320336758,0.06783669380798923,0.16158979336618295,0.07351356933135345,3
B,E,0.3|wd0.1,end,fin_dc_share,9,-0.9486832980505138,8.418070242599643e-06,0.45039057109424363,0.035372608337677025,3
B,E,0.3|wd0.1,end,fin_top1_share,9,-0.3689323936863109,0.3429208206118098,0.2500087858274612,0.15704341222433818,3
B,E,0.3|wd0.1,end,fin_nfreq90,9,-0.4743416490252569,0.2065538956745058,35.0,23.0,3
B,E,0.3|wd0.1,end,fin_freq_gini,9,0.4216370213557839,0.27068354104873515,0.5835618070090896,0.7158433745897317,3
B,E,0.3|wd0.1,end,fin_freq_eff_n,9,-0.4216370213557839,0.27068354104873515,24.948815511308048,18.70186445376808,3
B,K,0.3|wd0.1,init,fn_loss_tr,15,0.916515138991168,5.713229912494358e-08,1.9415823260260368e-07,1.0372282266616821,5
B,K,0.3|wd0.1,init,fn_acc_tr,15,-0.7019264419631215,0.002548379361528779,100.0,78.30287170410156,5
B,K,0.3|wd0.1,init,fn_margin_tr,15,-0.949247822526567,2.6335578745452705e-10,17.817901611328125,1.4560012817382812,5
B,K,0.3|wd0.1,init,fn_entropy_tr,15,0.916515138991168,5.713229912494358e-08,3.2639047731208848e-06,2.026386260986328,5
B,K,0.3|wd0.1,init,fn_loss_te,15,-0.8401388774085707,2.3172139434244073e-05,36.457244873046875,8.236371994018555,5
B,K,0.3|wd0.1,init,fn_acc_te,15,-0.8245090333611972,5.001433890286784e-05,1.3200582265853882,0.21255174279212952,5
B,K,0.3|wd0.1,init,fn_margin_te,15,0.8183170883849714,6.618137243945953e-05,-35.933319091796875,-6.868165969848633,5
B,K,0.3|wd0.1,init,fn_entropy_te,15,0.9601587170383665,1.500446490332778e-11,0.40410709381103516,2.547839879989624,5
B,K,0.3|wd0.1,init,fn_gap_loss,15,-0.8401388774085707,2.3172139434244073e-05,36.45724398592591,7.205685377120972,5
B,K,0.3|wd0.1,init,fn_gap_acc,15,-0.07098422141520243,0.8054416396212444,98.67994177341461,78.04557222127914,5
B,K,0.3|wd0.1,init,fn_class_acc_gini,15,0.8401388774085707,2.3172139434244073e-05,0.5591399290889203,0.90043294845856,5
B,K,0.3|wd0.1,init,w_all_norm,15,0.6328318816843779,0.00974764573320172,72.2503033319413,81.6801138918112,5
B,K,0.3|wd0.1,init,w_all_rel_norm,15,0.6328318816843779,0.00974764573320172,1.9379913327596954,2.195695723543849,5
B,K,0.3|wd0.1,init,w_all_dist_init,15,0.6328318816843779,0.00974764573320172,61.88059930784988,77.11646238467758,5
B,K,0.3|wd0.1,init,w_all_rel_dist_init,15,0.6437427761961776,0.008086397593390459,1.6598416836206027,2.073017269505083,5
B,K,0.3|wd0.1,init,w_all_cos_init,15,-0.9819805060619657,3.909667787790721e-16,0.5161881293306144,0.3479358155978085,5
B,K,0.3|wd0.1,init,rep_between_within_tr,15,-0.5128120420545821,0.04969914863774635,0.12092351480149227,0.09683953415221198,5
B,K,0.3|wd0.1,init,rep_nc1_tr,15,-0.9056042444793685,1.9408679881756104e-07,105.71306349986017,44.66539130447462,5
B,K,0.3|wd0.1,init,rep_eff_rank_te,15,-0.3382377298657882,0.22257310801269975,82.50477934577175,77.06099467695556,5
B,K,0.3|wd0.1,init,rep_pr_te,15,0.8837824554557693,1.4017600333217173e-06,13.874189493043522,22.089018768580328,5
B,K,0.3|wd0.1,init,rep_unit_gini_te,15,-0.9274260335029676,1.347152959974893e-08,0.2454414913230798,0.16201786453100286,5
B,K,0.3|wd0.1,init,rep_unit_pr_te,15,0.9274260335029676,1.347152959974893e-08,0.8266512541328357,0.9215375602944477,5
B,K,0.3|wd0.1,init,rep_between_within_te,15,-0.5564556201017806,0.029677943085239838,0.013122590631897942,0.010083226216114292,5
B,K,0.3|wd0.1,init,unit_interaction_share,15,0.5782774091253797,0.02226248391666498,0.22181589195333332,0.22967252385412415,5
B,K,0.3|wd0.1,init,add_share_a,15,-0.6982972487551756,0.0027635984503722433,0.28306902714536997,0.1690817680072899,5
B,K,0.3|wd0.1,init,add_share_b,15,-0.8183170883849714,6.618137243945953e-05,0.2834001429954596,0.1521634847661358,5
B,K,0.3|wd0.1,init,add_share_interaction,15,0.5782774091253797,0.02226248391666498,0.38126254398004905,0.46873920272009345,5
B,K,0.3|wd0.1,init,add_acc_interaction_tr,15,-0.16380974172739018,0.5669070790525427,85.61357879638672,68.35508728027344,5
B,K,0.3|wd0.1,init,add_acc_additive_tr,15,-0.4422863026639536,0.09982776455666498,7.702349662780762,5.613576889038086,5
B,K,0.3|wd0.1,init,add_acc_no_a_tr,15,-0.30550504633038933,0.2743052038519832,95.61357116699219,64.8041763305664,5
B,K,0.3|wd0.1,init,add_acc_no_b_tr,15,-0.30550504633038933,0.2743052038519832,94.90861511230469,65.37858581542969,5
B,K,0.3|wd0.1,init,add_acc_interaction_te,15,-0.86196066643217,6.589618199130937e-06,4.586643218994141,0.8949546813964844,5
B,K,0.3|wd0.1,init,add_acc_additive_te,15,0.24376824828199573,0.38880462096067164,0.033560801297426224,0.05593466758728027,5
B,K,0.3|wd0.1,init,add_acc_no_a_te,15,-0.8081280591884582,0.00010217431846524388,2.2261998653411865,0.5481597781181335,5
B,K,0.3|wd0.1,init,add_acc_no_b_te,15,-0.8423983316295541,2.0563339932206054e-05,2.606555700302124,0.4027296304702759,5
B,K,0.3|wd0.1,init,sharp_lambda_max,15,0.8510497719203702,1.2736263777852137e-05,0.003566977335140109,107.64729309082031,5
B,K,0.3|wd0.1,init,sharp_grad_norm,15,0.9056042444793685,1.9408679881756104e-07,1.9509268895490095e-05,5.598150253295898,5
B,K,0.3|wd0.1,init,sharp_lr_lambda,15,0.8510497719203702,1.2736263777852137e-05,3.566977335140109e-06,0.10764729309082031,5
B,K,0.3|wd0.1,init,w_WE_fro,15,-0.7092081432669752,0.0021566267372392384,45.82707977294922,31.410810470581055,5
B,K,0.3|wd0.1,init,w_WE_spec,15,-0.5891883036371794,0.01911943619756852,9.559099197387695,6.6150078773498535,5
B,K,0.3|wd0.1,init,w_WE_stable_rank,15,0.06546536707079771,0.820343271117467,23.460607528686523,22.702594757080078,5
B,K,0.3|wd0.1,init,w_WE_eff_rank,15,0.4037030969365859,0.1381112563670651,84.83566456727446,85.45827404285812,5
B,K,0.3|wd0.1,init,w_WE_sv_gini,15,-0.26186146828319085,0.3530207417045761,0.417782804315167,0.41649376029626795,5
B,K,0.3|wd0.1,init,w_WE_entry_gini,15,0.370970413401187,0.17719776032094695,0.4114468603751067,0.41292090256051894,5
B,K,0.3|wd0.1,init,w_WE_row_gini,15,0.7528517213141737,0.0006910482238175549,0.022001631614181782,0.029761235881481163,5
B,K,0.3|wd0.1,init,w_WE_row_pr,15,-0.7528517213141737,0.0006910482238175549,0.9984961758866868,0.9972681104944884,5
B,K,0.3|wd0.1,init,w_WE_dist_init,15,-0.5128120420545821,0.04969914863774635,40.08302688598633,27.81227684020996,5
B,K,0.3|wd0.1,init,w_WE_rel_dist_init,15,-0.5019011475427825,0.05592180893798995,3.782896631672931,2.6122552921320676,5
B,K,0.3|wd0.1,init,w_WE_cos_init,15,-0.8837824554557693,1.4017600333217173e-06,0.623736560344696,0.48810747265815735,5
B,K,0.3|wd0.1,init,w_WU_fro,15,-0.12001983962979582,0.6761118751494081,24.464141845703125,22.31198501586914,5
B,K,0.3|wd0.1,init,w_WU_spec,15,0.2945941518185897,0.29295315546672174,10.901467323303223,21.712594985961914,5
B,K,0.3|wd0.1,init,w_WU_stable_rank,15,-0.949247822526567,2.6335578745452705e-10,5.340394020080566,1.055976390838623,5
B,K,0.3|wd0.1,init,w_WU_eff_rank,15,-0.9601587170383665,1.500446490332778e-11,86.13460699556775,36.23491730080516,5
B,K,0.3|wd0.1,init,w_WU_sv_gini,15,0.9710696115501661,2.636913279660917e-13,0.3998950661062346,0.6003585053825753,5
B,K,0.3|wd0.1,init,w_WU_entry_gini,15,-0.0545544725589981,0.849959537030684,0.4242658314237828,0.4287933833256601,5
B,K,0.3|wd0.1,init,w_WU_row_gini,15,-0.774673510337773,0.0003507055528598205,0.024194938938508992,0.011842271062665777,5
B,K,0.3|wd0.1,init,w_WU_row_pr,15,0.8183170883849714,6.618137243945953e-05,0.9980669385648079,0.9995635125831405,5
B,K,0.3|wd0.1,init,w_WU_dist_init,15,0.2945941518185897,0.29295315546672174,20.316495895385742,24.46015739440918,5
B,K,0.3|wd0.1,init,w_WU_rel_dist_init,15,0.2945941518185897,0.29295315546672174,1.908130522229542,2.2919816894065677,5
B,K,0.3|wd0.1,init,w_WU_cos_init,15,-0.9819805060619657,3.909667787790721e-16,0.5815569162368774,0.028175778687000275,5
B,K,0.3|wd0.1,init,w_WQ_fro,15,0.9819805060619657,3.909667787790721e-16,16.62451934814453,35.4370231628418,5
B,K,0.3|wd0.1,init,w_WQ_spec,15,0.9601587170383665,1.500446490332778e-11,9.775378227233887,28.892873764038086,5
B,K,0.3|wd0.1,init,w_WQ_stable_rank,15,-0.8837824554557693,1.4017600333217173e-06,2.8922812938690186,1.4187095165252686,5
B,K,0.3|wd0.1,init,w_WQ_eff_rank,15,-0.949247822526567,2.6335578745452705e-10,75.92419152459212,53.19682782387719,5
B,K,0.3|wd0.1,init,w_WQ_sv_gini,15,0.9601587170383665,1.500446490332778e-11,0.5397354136439216,0.6309857928819971,5
B,K,0.3|wd0.1,init,w_WQ_entry_gini,15,0.7310299322905746,0.0012603584344841232,0.4204797268044178,0.43526310414755276,5
B,K,0.3|wd0.1,init,w_WQ_row_gini,15,0.9274260335029676,1.347152959974893e-08,0.13218699801213152,0.23644231856327558,5
B,K,0.3|wd0.1,init,w_WQ_row_pr,15,-0.9274260335029676,1.347152959974893e-08,0.9468834387227855,0.852826295955437,5
B,K,0.3|wd0.1,init,w_WQ_dist_init,15,0.9819805060619657,3.909667787790721e-16,16.097959518432617,35.007362365722656,5
B,K,0.3|wd0.1,init,w_WQ_rel_dist_init,15,0.9819805060619657,3.909667787790721e-16,1.4056246356332733,3.09695087535466,5
B,K,0.3|wd0.1,init,w_WQ_cos_init,15,-0.9601587170383665,1.500446490332778e-11,0.3896963894367218,0.19727155566215515,5
B,K,0.3|wd0.1,init,w_WK_fro,15,0.949247822526567,2.6335578745452705e-10,13.573793411254883,18.200897216796875,5
B,K,0.3|wd0.1,init,w_WK_spec,15,0.949247822526567,2.6335578745452705e-10,5.9255051612854,10.681234359741211,5
B,K,0.3|wd0.1,init,w_WK_stable_rank,15,-0.8946933499675687,5.571273327797034e-07,5.247584819793701,2.9365034103393555,5
B,K,0.3|wd0.1,init,w_WK_eff_rank,15,-0.9710696115501661,2.636913279660917e-13,77.47113423979944,58.69119378736362,5
B,K,0.3|wd0.1,init,w_WK_sv_gini,15,0.9710696115501661,2.636913279660917e-13,0.5331841340200145,0.6123557787052911,5
B,K,0.3|wd0.1,init,w_WK_entry_gini,15,0.720119037778775,0.001660693268819124,0.4249290330880846,0.4445141544077522,5
B,K,0.3|wd0.1,init,w_WK_row_gini,15,0.6437427761961776,0.008086397593390459,0.09957739619229322,0.1312503935256486,5
B,K,0.3|wd0.1,init,w_WK_row_pr,15,-0.8183170883849714,6.618137243945953e-05,0.9639567536227158,0.9154830223444949,5
B,K,0.3|wd0.1,init,w_WK_dist_init,15,0.9601587170383665,1.500446490332778e-11,13.094752311706543,18.369314193725586,5
B,K,0.3|wd0.1,init,w_WK_rel_dist_init,15,0.9601587170383665,1.500446490332778e-11,1.1556053771654278,1.6294553306280675,5
B,K,0.3|wd0.1,init,w_WK_cos_init,15,-0.9710696115501661,2.636913279660917e-13,0.45893314480781555,0.2946818172931671,5
B,K,0.3|wd0.1,init,w_WV_fro,15,0.9819805060619657,3.909667787790721e-16,19.679384231567383,30.945478439331055,5
B,K,0.3|wd0.1,init,w_WV_spec,15,0.9383369280147672,2.3445069934935992e-09,3.861189603805542,6.527127265930176,5
B,K,0.3|wd0.1,init,w_WV_stable_rank,15,-0.4255248859601851,0.11545171027095363,25.97711944580078,22.478178024291992,5
B,K,0.3|wd0.1,init,w_WV_eff_rank,15,0.5019011475427825,0.05592180893798995,87.94437955706472,89.58738879513078,5
B,K,0.3|wd0.1,init,w_WV_sv_gini,15,-0.4146139914483855,0.12644834969017446,0.47366102151622824,0.46562093763840284,5
B,K,0.3|wd0.1,init,w_WV_entry_gini,15,0.08728715609439695,0.7617808582470522,0.4129465244399082,0.41675353291593686,5
B,K,0.3|wd0.1,init,w_WV_row_gini,15,0.370970413401187,0.17719776032094695,0.03719173294297895,0.05366827809840391,5
B,K,0.3|wd0.1,init,w_WV_row_pr,15,-0.370970413401187,0.17719776032094695,0.9957201728896995,0.9907161910774451,5
B,K,0.3|wd0.1,init,w_WV_dist_init,15,0.9819805060619657,3.909667787790721e-16,14.944464683532715,27.07832145690918,5
B,K,0.3|wd0.1,init,w_WV_rel_dist_init,15,0.9819805060619657,3.909667787790721e-16,1.3145786339626118,2.373456805087283,5
B,K,0.3|wd0.1,init,w_WV_cos_init,15,-0.9819805060619657,3.909667787790721e-16,0.6552343368530273,0.5011380910873413,5
B,K,0.3|wd0.1,init,w_WO_fro,15,0.9710696115501661,2.636913279660917e-13,18.040903091430664,26.039505004882812,5
B,K,0.3|wd0.1,init,w_WO_spec,15,0.949247822526567,2.6335578745452705e-10,3.1849610805511475,4.629644393920898,5
B,K,0.3|wd0.1,init,w_WO_stable_rank,15,0.3491486243775878,0.2067421481050438,32.08622360229492,32.302433013916016,5
B,K,0.3|wd0.1,init,w_WO_eff_rank,15,0.6764754597315764,0.004378458068795629,94.46876995381264,96.82980554115684,5
B,K,0.3|wd0.1,init,w_WO_sv_gini,15,-0.6437427761961776,0.008086397593390459,0.42319130439993646,0.40830080891975395,5
B,K,0.3|wd0.1,init,w_WO_entry_gini,15,0.06546536707079771,0.820343271117467,0.41494091217685813,0.41589210881078276,5
B,K,0.3|wd0.1,init,w_WO_row_gini,15,0.545544725589981,0.03399879704460135,0.038152862727400594,0.04593718532201496,5
B,K,0.3|wd0.1,init,w_WO_row_pr,15,-0.5782774091253797,0.02226248391666498,0.9954639285548803,0.9933572781509321,5
B,K,0.3|wd0.1,init,w_WO_dist_init,15,0.9819805060619657,3.909667787790721e-16,12.9524507522583,22.154008865356445,5
B,K,0.3|wd0.1,init,w_WO_rel_dist_init,15,0.9819805060619657,3.909667787790721e-16,1.142777460938611,1.9484776775046173,5
B,K,0.3|wd0.1,init,w_WO_cos_init,15,-0.9819805060619657,3.909667787790721e-16,0.6997591257095337,0.5382711887359619,5
B,K,0.3|wd0.1,init,w_Win_fro,15,0.9819805060619657,3.909667787790721e-16,28.568626403808594,36.77433776855469,5
B,K,0.3|wd0.1,init,w_Win_spec,15,0.9383369280147672,2.3445069934935992e-09,5.001929759979248,5.886804580688477,5
B,K,0.3|wd0.1,init,w_Win_stable_rank,15,0.9601587170383665,1.500446490332778e-11,33.56590270996094,39.02467727661133,5
B,K,0.3|wd0.1,init,w_Win_eff_rank,15,0.949247822526567,2.6335578745452705e-10,111.15261549557565,117.31755578708808,5
B,K,0.3|wd0.1,init,w_Win_sv_gini,15,-0.949247822526567,2.6335578745452705e-10,0.3018161985151,0.23872579101174418,5
B,K,0.3|wd0.1,init,w_Win_entry_gini,15,-0.7855844048495725,0.00024138722824617787,0.4188355637593544,0.413650525277629,5
B,K,0.3|wd0.1,init,w_Win_row_gini,15,-0.9819805060619657,3.909667787790721e-16,0.08028716913026246,0.044188603412804284,5
B,K,0.3|wd0.1,init,w_Win_row_pr,15,0.9819805060619657,3.909667787790721e-16,0.9803078328380067,0.9939495768095813,5
B,K,0.3|wd0.1,init,w_Win_dist_init,15,0.9819805060619657,3.909667787790721e-16,23.459745407104492,34.51177978515625,5
B,K,0.3|wd0.1,init,w_Win_rel_dist_init,15,0.9819805060619657,3.909667787790721e-16,1.034011764517965,1.521604122146687,5
B,K,0.3|wd0.1,init,w_Win_cos_init,15,-0.9819805060619657,3.909667787790721e-16,0.6007334589958191,0.40576624870300293,5
B,K,0.3|wd0.1,init,w_Wout_fro,15,0.8837824554557693,1.4017600333217173e-06,22.275915145874023,25.512807846069336,5
B,K,0.3|wd0.1,init,w_Wout_spec,15,-0.9819805060619657,3.909667787790721e-16,7.838933944702148,3.9147896766662598,5
B,K,0.3|wd0.1,init,w_Wout_stable_rank,15,0.9819805060619657,3.909667787790721e-16,8.075390815734863,42.66730499267578,5
B,K,0.3|wd0.1,init,w_Wout_eff_rank,15,0.9819805060619657,3.909667787790721e-16,105.18536973886857,118.7246816661149,5
B,K,0.3|wd0.1,init,w_Wout_sv_gini,15,-0.9819805060619657,3.909667787790721e-16,0.3482176324636137,0.2216802082730156,5
B,K,0.3|wd0.1,init,w_Wout_entry_gini,15,-0.545544725589981,0.03399879704460135,0.4189921803896244,0.4173247266862101,5
B,K,0.3|wd0.1,init,w_Wout_row_gini,15,-0.8401388774085707,2.3172139434244073e-05,0.07584981919646427,0.05026225737972445,5
B,K,0.3|wd0.1,init,w_Wout_row_pr,15,0.829227982896771,4.004038960640279e-05,0.9821176362307694,0.9920289180762641,5
B,K,0.3|wd0.1,init,w_Wout_dist_init,15,0.8837824554557693,1.4017600333217173e-06,20.155040740966797,24.77334976196289,5
B,K,0.3|wd0.1,init,w_Wout_rel_dist_init,15,0.8837824554557693,1.4017600333217173e-06,1.778285889303153,2.1857608167929232,5
B,K,0.3|wd0.1,init,w_Wout_cos_init,15,-0.9819805060619657,3.909667787790721e-16,0.42905598878860474,0.28617215156555176,5
B,K,0.3|wd0.1,init,attn_to_a_mean,15,0.458257569495584,0.08632897662412624,0.584131121635437,0.6493579745292664,5
B,K,0.3|wd0.1,init,attn_to_a_head_spread,15,0.9383369280147672,2.3445069934935992e-09,0.2588367760181427,0.40883365273475647,5
B,K,0.3|wd0.1,init,attn_entropy_mean,15,-0.949247822526567,2.6335578745452705e-10,0.2381960153579712,0.06353584676980972,5
B,K,0.3|wd0.1,init,unit_fourier_sum_share,15,-0.774673510337773,0.0003507055528598205,0.00517868222913023,0.0034390947589096952,5
B,K,0.3|wd0.1,init,unit_fourier_diff_share,15,-0.5346338310781814,0.0387603526366733,0.0036393507896897064,0.002585298909453514,5
B,K,0.3|wd0.1,init,unit_fourier_marginal_share,15,-0.5782774091253797,0.02226248391666498,0.7781841082354717,0.770327476100302,5
B,K,0.3|wd0.1,init,unit_fourier_other_share,15,0.6219209871725783,0.011658291760714513,0.21299785874570842,0.2242845630945126,5
B,K,0.3|wd0.1,init,unit_sum_freq_concentration,15,-0.829227982896771,4.004038960640279e-05,0.0021321662012371728,0.0005363632860057511,5
B,K,0.3|wd0.1,init,unit_n_distinct_sum_freqs,15,0.40625014489727096,0.13532845052923073,42.0,48.0,5
B,K,0.3|wd0.1,init,fout_ipr,15,0.6437427761961776,0.008086397593390459,0.0893510965468762,0.6516606256805038,5
B,K,0.3|wd0.1,init,fout_dc_share,15,0.949247822526567,2.6335578745452705e-10,0.18108555781634372,0.9465610686099708,5
B,K,0.3|wd0.1,init,fout_top1_share,15,-0.8728715609439696,3.173342639429432e-06,0.04420494307776234,0.022968799121422398,5
B,K,0.3|wd0.1,init,fout_nfreq90,15,0.8693182879212226,4.061059726084958e-06,49.0,50.0,5
B,K,0.3|wd0.1,init,fout_freq_gini,15,-0.9056042444793685,1.9408679881756104e-07,0.12963630873313314,0.05688273487902129,5
B,K,0.3|wd0.1,init,fout_freq_eff_n,15,0.8837824554557693,1.4017600333217173e-06,54.10101727220385,55.70572218288284,5
B,K,0.3|wd0.1,init,clock_share,15,-0.7637626158259734,0.0004975747231020245,0.013832147160523042,0.004499959386110138,5
B,K,0.3|wd0.1,init,clock_nfreq90,15,0.831458093556443,3.594254029091853e-05,17.0,41.0,5
B,K,0.3|wd0.1,init,clock_top1_share,15,-0.7092081432669752,0.0021566267372392384,0.529361447378584,0.12216700163142516,5
B,K,0.3|wd0.1,init,clock_freq_gini,15,-0.8074061938731718,0.00010524350141213583,0.8133411675769673,0.4054739694259011,5
B,K,0.3|wd0.1,init,clock_key_jaccard_final,15,-0.24003967925959163,0.3963999598093877,0.23529411764705882,0.14634146341463414,5
B,K,0.3|wd0.1,init,clock_restricted_loss_tr,15,0.7637626158259734,0.0004975747231020245,2.0417978763580322,4.395205497741699,5
B,K,0.3|wd0.1,init,clock_excluded_loss_tr,15,0.545544725589981,0.03399879704460135,4.179381357971579e-05,1.4843535423278809,5
B,K,0.3|wd0.1,init,clock_excluded_acc_tr,15,-0.5041008302500836,0.05462522132098574,100.0,65.53524780273438,5
B,K,0.3|wd0.1,init,clock_restricted_loss_te,15,0.7637626158259734,0.0004975747231020245,2.0417978763580322,4.395205497741699,5
B,K,0.3|wd0.1,init,clock_excluded_loss_te,15,-0.916515138991168,5.713229912494358e-08,39.19021987915039,8.896077156066895,5
B,K,0.3|wd0.1,init,clock_excluded_acc_te,15,-0.7917470850157193,0.00019322913352287432,0.626468300819397,0.10068240761756897,5
B,K,0.3|wd0.1,init,fin_ipr,15,-0.545544725589981,0.03399879704460135,0.019205741193219404,0.018080921650315523,5
B,K,0.3|wd0.1,init,fin_dc_share,15,-0.26186146828319085,0.3530207417045761,0.013962149556806892,0.012171371592069878,5
B,K,0.3|wd0.1,init,fin_top1_share,15,-0.5782774091253797,0.02226248391666498,0.04104057187203594,0.030843239669685735,5
B,K,0.3|wd0.1,init,fin_nfreq90,15,0.35355339059327384,0.2005514716100472,49.0,49.0,5
B,K,0.3|wd0.1,init,fin_freq_gini,15,-0.6110100926607787,0.013841381659124526,0.14115330633612588,0.1066853402071215,5
B,K,0.3|wd0.1,init,fin_freq_eff_n,15,0.6437427761961776,0.008086397593390459,54.00496688646539,55.00003461190618,5
B,K,0.3|wd0.1,cross,fn_loss_tr,10,0.20769510081357426,0.5771024902493667,2.7552343908610055e-06,1.0846123586816248e-05,4
B,K,0.3|wd0.1,cross,fn_margin_tr,10,0.38392124695842517,0.2843470019649465,27.54443359375,26.505859375,4
B,K,0.3|wd0.1,cross,fn_entropy_tr,10,0.16993235521110622,0.6498266641453043,1.7622500308789313e-05,6.396273238351569e-05,4
B,K,0.3|wd0.1,cross,fn_loss_te,10,0.22028268268106363,0.5534994578231036,0.8476848602294922,2.254971742630005,4
B,K,0.3|wd0.1,cross,fn_acc_te,10,-0.18251993707859557,0.6252845586942469,88.18659973144531,74.00157165527344,4
B,K,0.3|wd0.1,cross,fn_margin_te,10,0.11958202774114883,0.750556648186073,15.82275390625,8.423828125,4
B,K,0.3|wd0.1,cross,fn_entropy_te,10,0.18251993707859557,0.6252845586942469,0.060081884264945984,0.1410989910364151,4
B,K,0.3|wd0.1,cross,fn_gap_loss,10,0.22028268268106363,0.5534994578231036,0.8476821049951013,2.254960896506418,4
B,K,0.3|wd0.1,cross,fn_gap_acc,10,0.18251993707859557,0.6252845586942469,11.813400268554688,25.998428344726562,4
B,K,0.3|wd0.1,cross,fn_class_acc_gini,10,0.18251993707859557,0.6252845586942469,0.046926191244423876,0.1093182308337386,4
B,K,0.3|wd0.1,cross,w_all_norm,10,0.7741362848505949,0.006398508755907454,61.673707522402175,121.79854684712755,4
B,K,0.3|wd0.1,cross,w_all_rel_norm,10,0.7741362848505949,0.006398508755907454,1.6542921638466206,3.274145146275371,4
B,K,0.3|wd0.1,cross,w_all_dist_init,10,0.811899030453063,0.0027308545901110165,63.65340714288335,124.26925203729455,4
B,K,0.3|wd0.1,cross,w_all_rel_dist_init,10,0.811899030453063,0.0027308545901110165,1.707394234412794,3.3405617630221687,4
B,K,0.3|wd0.1,cross,w_all_cos_init,10,-0.9629500128629351,1.5067614388794684e-07,0.24828972213314787,0.08562138679552131,4
B,K,0.3|wd0.1,cross,rep_between_within_tr,10,0.4846219018983399,0.16162661307291504,0.1373258336128466,0.5278008894568416,4
B,K,0.3|wd0.1,cross,rep_nc1_tr,10,-0.16993235521110622,0.6498266641453043,254.27107277605725,158.14124049823667,4
B,K,0.3|wd0.1,cross,rep_eff_rank_te,10,0.20769510081357426,0.5771024902493667,27.82435587092013,61.05958866489247,4
B,K,0.3|wd0.1,cross,rep_pr_te,10,0.28322059201851035,0.44106854420270997,2.1784741881057106,6.548163631899442,4
B,K,0.3|wd0.1,cross,rep_unit_gini_te,10,-0.6734356299106802,0.030649943581685823,0.8209352121290365,0.3936468621143565,4
B,K,0.3|wd0.1,cross,rep_unit_pr_te,10,0.7867238667180843,0.004925899841328742,0.10333305383201406,0.6092597794090943,4
B,K,0.3|wd0.1,cross,rep_between_within_te,10,0.4846219018983399,0.16162661307291504,0.09035146869807514,0.38702086426063276,4
B,K,0.3|wd0.1,cross,unit_interaction_share,10,0.7363735392481269,0.012643778586177483,0.15469490988284681,0.24097091288796665,4
B,K,0.3|wd0.1,cross,add_share_a,10,0.16993235521110622,0.6498266641453043,0.05376714072932187,0.05560536099426696,4
B,K,0.3|wd0.1,cross,add_share_b,10,0.031468954668723376,0.933623712107421,0.06683394911910838,0.05584904842801726,4
B,K,0.3|wd0.1,cross,add_share_interaction,10,-0.43427157442838255,0.21844672848817995,0.8635508202773673,0.8007859794999506,4
B,K,0.3|wd0.1,cross,add_acc_interaction_tr,10,-0.4875859778637762,0.15857203344268714,99.79112243652344,97.25848388671875,4
B,K,0.3|wd0.1,cross,add_acc_additive_tr,10,-0.17044965429267828,0.6488125222985409,4.099216461181641,3.0287206172943115,4
B,K,0.3|wd0.1,cross,add_acc_no_a_tr,10,0.060633906259083235,0.8723932785312118,99.79112243652344,99.86945343017578,4
B,K,0.3|wd0.1,cross,add_acc_no_b_tr,10,0.12800491321362018,0.7334519420626415,99.86945343017578,99.97388458251953,4
B,K,0.3|wd0.1,cross,add_acc_interaction_te,10,-0.25804542828353166,0.4848561536850591,97.66193389892578,81.15001678466797,4
B,K,0.3|wd0.1,cross,add_acc_additive_te,10,-0.13931027938965035,0.7106428201327437,1.980087399482727,0.6600291132926941,4
B,K,0.3|wd0.1,cross,add_acc_no_a_te,10,-0.18251993707859557,0.6252845586942469,91.92303466796875,82.78330993652344,4
B,K,0.3|wd0.1,cross,add_acc_no_b_te,10,-0.1447571914761275,0.6997182514369045,93.73532104492188,81.97785186767578,4
B,K,0.3|wd0.1,cross,sharp_lambda_max,10,0.20769510081357426,0.5771024902493667,13.898327827453613,161.6788787841797,4
B,K,0.3|wd0.1,cross,sharp_grad_norm,10,0.20769510081357426,0.5771024902493667,0.00547143816947937,0.038219306617975235,4
B,K,0.3|wd0.1,cross,sharp_lr_lambda,10,0.20769510081357426,0.5771024902493667,0.013898327827453613,0.1616788787841797,4
B,K,0.3|wd0.1,cross,w_WE_fro,10,0.6230853024407228,0.0534231337762841,40.27363204956055,62.104923248291016,4
B,K,0.3|wd0.1,cross,w_WE_spec,10,0.7741362848505949,0.006398508755907454,12.480131149291992,20.57431411743164,4
B,K,0.3|wd0.1,cross,w_WE_stable_rank,10,-0.06923170027119141,0.8544344712793396,9.035443305969238,9.111807823181152,4
B,K,0.3|wd0.1,cross,w_WE_eff_rank,10,-0.4846219018983399,0.16162661307291504,59.909992104103225,55.87781341423691,4
B,K,0.3|wd0.1,cross,w_WE_sv_gini,10,0.4846219018983399,0.16162661307291504,0.6053305247504013,0.6273743467213304,4
B,K,0.3|wd0.1,cross,w_WE_entry_gini,10,-0.8496617760555311,0.000899379729926067,0.40352319936211534,0.3528732871012781,4
B,K,0.3|wd0.1,cross,w_WE_row_gini,10,-0.10699444587365947,0.7762813350100065,0.021525425052129732,0.019617151178558112,4
B,K,0.3|wd0.1,cross,w_WE_row_pr,10,0.10699444587365947,0.7762813350100065,0.9985541742260202,0.9987942402192868,4
B,K,0.3|wd0.1,cross,w_WE_dist_init,10,0.7741362848505949,0.006398508755907454,37.490238189697266,60.89134979248047,4
B,K,0.3|wd0.1,cross,w_WE_rel_dist_init,10,0.7363735392481269,0.012643778586177483,3.5212533543006796,5.712260945400307,4
B,K,0.3|wd0.1,cross,w_WE_cos_init,10,-0.9000121035254884,9.807920586851243e-05,0.38457632064819336,0.19855456054210663,4
B,K,0.3|wd0.1,cross,w_WU_fro,10,0.9629500128629351,1.5067614388794684e-07,21.42373275756836,89.77129364013672,4
B,K,0.3|wd0.1,cross,w_WU_spec,10,0.9629500128629351,1.5067614388794684e-07,15.358015060424805,89.62767791748047,4
B,K,0.3|wd0.1,cross,w_WU_stable_rank,10,-0.9629500128629351,1.5067614388794684e-07,2.071132183074951,1.0031452178955078,4
B,K,0.3|wd0.1,cross,w_WU_eff_rank,10,-0.9629500128629351,1.5067614388794684e-07,57.489293009850904,6.616086761410679,4
B,K,0.3|wd0.1,cross,w_WU_sv_gini,10,0.9629500128629351,1.5067614388794684e-07,0.590088113296694,0.8389161566898249,4
B,K,0.3|wd0.1,cross,w_WU_entry_gini,10,-0.018881372801234024,0.9601531844127845,0.42841756063631453,0.1029360595672093,4
B,K,0.3|wd0.1,cross,w_WU_row_gini,10,-0.9251872672604672,1.735763054265511e-05,0.013750565774816259,0.0018942762783400457,4
B,K,0.3|wd0.1,cross,w_WU_row_pr,10,0.9251872672604672,1.735763054265511e-05,0.9994103880597537,0.9999886216349553,4
B,K,0.3|wd0.1,cross,w_WU_dist_init,10,0.9629500128629351,1.5067614388794684e-07,22.374710083007812,90.35848236083984,4
B,K,0.3|wd0.1,cross,w_WU_rel_dist_init,10,0.9629500128629351,1.5067614388794684e-07,2.0904516380469658,8.466829698362766,4
B,K,0.3|wd0.1,cross,w_WU_cos_init,10,-0.9629500128629351,1.5067614388794684e-07,0.2165279984474182,0.004239063244313002,4
B,K,0.3|wd0.1,cross,w_WQ_fro,10,0.18251993707859557,0.6252845586942469,7.632049083709717,10.223241806030273,4
B,K,0.3|wd0.1,cross,w_WQ_spec,10,0.3965088288259145,0.2670456784634749,3.2107014656066895,4.703023433685303,4
B,K,0.3|wd0.1,cross,w_WQ_stable_rank,10,-0.3965088288259145,0.2670456784634749,5.276407241821289,4.725343704223633,4
B,K,0.3|wd0.1,cross,w_WQ_eff_rank,10,-0.20769510081357426,0.5771024902493667,63.26809188078438,63.13960934560776,4
B,K,0.3|wd0.1,cross,w_WQ_sv_gini,10,0.16993235521110622,0.6498266641453043,0.630746124831062,0.6314591822097648,4
B,K,0.3|wd0.1,cross,w_WQ_entry_gini,10,-0.20769510081357426,0.5771024902493667,0.41475517823875285,0.4180639619783426,4
B,K,0.3|wd0.1,cross,w_WQ_row_gini,10,-0.47203432003085055,0.1749604447738534,0.0821862039665795,0.051090427625984036,4
B,K,0.3|wd0.1,cross,w_WQ_row_pr,10,0.3965088288259145,0.2670456784634749,0.9791740041466063,0.9918862304268862,4
B,K,0.3|wd0.1,cross,w_WQ_dist_init,10,0.3965088288259145,0.2670456784634749,13.075124740600586,15.019771575927734,4
B,K,0.3|wd0.1,cross,w_WQ_rel_dist_init,10,0.47203432003085055,0.1749604447738534,1.1416799395179338,1.3287346314111894,4
B,K,0.3|wd0.1,cross,w_WQ_cos_init,10,-0.8244866123205524,0.0019529223892747712,0.10554003715515137,0.02897758223116398,4
B,K,0.3|wd0.1,cross,w_WK_fro,10,0.32098333762097836,0.3786668851344734,7.208778381347656,9.424056053161621,4
B,K,0.3|wd0.1,cross,w_WK_spec,10,0.15734477334361688,0.6746443129691367,3.16251540184021,3.3306970596313477,4
B,K,0.3|wd0.1,cross,w_WK_stable_rank,10,0.24545784641604232,0.5073589777948332,5.195990562438965,8.005937576293945,4
B,K,0.3|wd0.1,cross,w_WK_eff_rank,10,0.6608480480431908,0.03559121698671677,57.67864571814482,65.15927913328024,4
B,K,0.3|wd0.1,cross,w_WK_sv_gini,10,-0.5097970656333186,0.1367199172467256,0.65791435325779,0.6211278822849395,4
B,K,0.3|wd0.1,cross,w_WK_entry_gini,10,-0.031468954668723376,0.933623712107421,0.4146946534574265,0.4182111162173272,4
B,K,0.3|wd0.1,cross,w_WK_row_gini,10,-0.47203432003085055,0.1749604447738534,0.06862924143894267,0.05157515266477919,4
B,K,0.3|wd0.1,cross,w_WK_row_pr,10,0.5097970656333186,0.1367199172467256,0.982503544600168,0.9918182328346749,4
B,K,0.3|wd0.1,cross,w_WK_dist_init,10,0.5475598112357867,0.10377006289201637,12.70059585571289,14.492594718933105,4
B,K,0.3|wd0.1,cross,w_WK_rel_dist_init,10,0.5475598112357867,0.10377006289201637,1.120821266007897,1.2752707810715034,4
B,K,0.3|wd0.1,cross,w_WK_cos_init,10,-0.7489611211156163,0.010230906106721838,0.11669301986694336,0.03700103983283043,4
B,K,0.3|wd0.1,cross,w_WV_fro,10,0.6608480480431908,0.03559121698671677,19.771291732788086,24.03603744506836,4
B,K,0.3|wd0.1,cross,w_WV_spec,10,0.5223846475008079,0.125149291405501,5.627838134765625,5.933664798736572,4
B,K,0.3|wd0.1,cross,w_WV_stable_rank,10,-0.04405653653621271,0.9071468107057924,12.34233570098877,16.40920639038086,4
B,K,0.3|wd0.1,cross,w_WV_eff_rank,10,-0.6230853024407228,0.0534231337762841,57.32650593015476,51.82757735979177,4
B,K,0.3|wd0.1,cross,w_WV_sv_gini,10,0.5853225568382547,0.07605784445819821,0.6687709238859989,0.6961648675663794,4
B,K,0.3|wd0.1,cross,w_WV_entry_gini,10,-0.6482604661757015,0.041023378920989347,0.4093401772099299,0.4052233336866715,4
B,K,0.3|wd0.1,cross,w_WV_row_gini,10,0.5727349749707654,0.08472087988136895,0.04607490363153066,0.050351523450657076,4
B,K,0.3|wd0.1,cross,w_WV_row_pr,10,-0.5727349749707654,0.08472087988136895,0.9934454920276025,0.9922330900992447,4
B,K,0.3|wd0.1,cross,w_WV_dist_init,10,0.8496617760555311,0.000899379729926067,18.649978637695312,23.861474990844727,4
B,K,0.3|wd0.1,cross,w_WV_rel_dist_init,10,0.8496617760555311,0.000899379729926067,1.6489603943490243,2.109741140996556,4
B,K,0.3|wd0.1,cross,w_WV_cos_init,10,-0.9377748491279564,5.396396599289826e-06,0.39633429050445557,0.25065281987190247,4
B,K,0.3|wd0.1,cross,w_WO_fro,10,0.7993114485855737,0.0037125959562756606,19.036672592163086,20.76445198059082,4
B,K,0.3|wd0.1,cross,w_WO_spec,10,0.018881372801234024,0.9601531844127845,5.447297096252441,4.241602420806885,4
B,K,0.3|wd0.1,cross,w_WO_stable_rank,10,0.3965088288259145,0.2670456784634749,12.180359840393066,23.965723037719727,4
B,K,0.3|wd0.1,cross,w_WO_eff_rank,10,-0.23287026454855295,0.5302457789938309,63.09381864734188,66.21151497820078,4
B,K,0.3|wd0.1,cross,w_WO_sv_gini,10,0.23287026454855295,0.5302457789938309,0.6340741539067549,0.6033344602490469,4
B,K,0.3|wd0.1,cross,w_WO_entry_gini,10,-0.3713336650909358,0.30218386317551726,0.40882411819469433,0.4054236427246347,4
B,K,0.3|wd0.1,cross,w_WO_row_gini,10,-0.270633010151021,0.46275395375713174,0.04199942813390534,0.03912182783991436,4
B,K,0.3|wd0.1,cross,w_WO_row_pr,10,0.270633010151021,0.46275395375713174,0.9945348572172007,0.9953074040825975,4
B,K,0.3|wd0.1,cross,w_WO_dist_init,10,0.887424521657999,0.0001917517868938449,17.341655731201172,20.205150604248047,4
B,K,0.3|wd0.1,cross,w_WO_rel_dist_init,10,0.887424521657999,0.0001917517868938449,1.5246755104451841,1.7770727258559675,4
B,K,0.3|wd0.1,cross,w_WO_cos_init,10,-0.7867238667180843,0.004925899841328742,0.44113004207611084,0.3223119378089905,4
B,K,0.3|wd0.1,cross,w_Win_fro,10,0.7363735392481269,0.012643778586177483,23.33836555480957,31.693809509277344,4
B,K,0.3|wd0.1,cross,w_Win_spec,10,0.43427157442838255,0.21844672848817995,6.694138526916504,6.677130699157715,4
B,K,0.3|wd0.1,cross,w_Win_stable_rank,10,0.3965088288259145,0.2670456784634749,11.000055313110352,22.530746459960938,4
B,K,0.3|wd0.1,cross,w_Win_eff_rank,10,-0.270633010151021,0.46275395375713174,83.53767057813583,85.87241312949303,4
B,K,0.3|wd0.1,cross,w_Win_sv_gini,10,0.270633010151021,0.46275395375713174,0.5037196061384259,0.49101039462579377,4
B,K,0.3|wd0.1,cross,w_Win_entry_gini,10,-0.5853225568382547,0.07605784445819821,0.45016750497090796,0.4160425900435589,4
B,K,0.3|wd0.1,cross,w_Win_row_gini,10,-0.5475598112357867,0.10377006289201637,0.18278855927727267,0.07820657730679414,4
B,K,0.3|wd0.1,cross,w_Win_row_pr,10,0.6230853024407228,0.0534231337762841,0.8668859221642946,0.9799279896214794,4
B,K,0.3|wd0.1,cross,w_Win_dist_init,10,0.9251872672604672,1.735763054265511e-05,28.026535034179688,36.465049743652344,4
B,K,0.3|wd0.1,cross,w_Win_rel_dist_init,10,0.9251872672604672,1.735763054265511e-05,1.23638512172069,1.608648550770672,4
B,K,0.3|wd0.1,cross,w_Win_cos_init,10,-0.8622493579230204,0.0005712829042222719,0.24242649972438812,0.13128583133220673,4
B,K,0.3|wd0.1,cross,w_Wout_fro,10,0.6986107936456588,0.022168500525364326,18.629167556762695,26.688213348388672,4
B,K,0.3|wd0.1,cross,w_Wout_spec,10,0.3965088288259145,0.2670456784634749,12.505043983459473,12.9752197265625,4
B,K,0.3|wd0.1,cross,w_Wout_stable_rank,10,0.13216960960863816,0.7250289542685924,2.230161428451538,4.2307257652282715,4
B,K,0.3|wd0.1,cross,w_Wout_eff_rank,10,0.16993235521110622,0.6498266641453043,79.38088637503284,88.22582809873468,4
B,K,0.3|wd0.1,cross,w_Wout_sv_gini,10,-0.20769510081357426,0.5771024902493667,0.5065141294340532,0.46820601106928117,4
B,K,0.3|wd0.1,cross,w_Wout_entry_gini,10,-0.33357091948846773,0.3587996383186358,0.46474188795224025,0.4308689231879579,4
B,K,0.3|wd0.1,cross,w_Wout_row_gini,10,-0.2958081738859997,0.41981558100600935,0.15422565980905856,0.10924825951920902,4
B,K,0.3|wd0.1,cross,w_Wout_row_pr,10,0.47203432003085055,0.1749604447738534,0.903304395085908,0.9611220887260263,4
B,K,0.3|wd0.1,cross,w_Wout_dist_init,10,0.7741362848505949,0.006398508755907454,20.31316566467285,28.766098022460938,4
B,K,0.3|wd0.1,cross,w_Wout_rel_dist_init,10,0.7363735392481269,0.012643778586177483,1.7929118028790934,2.5389974915107745,4
B,K,0.3|wd0.1,cross,w_Wout_cos_init,10,-0.7993114485855737,0.0037125959562756606,0.11890587955713272,0.021719597280025482,4
B,K,0.3|wd0.1,cross,attn_to_a_mean,10,0.16993235521110622,0.6498266641453043,0.5260316729545593,0.5434451103210449,4
B,K,0.3|wd0.1,cross,attn_to_a_head_spread,10,0.4090964106934038,0.2502895006527114,0.15871283411979675,0.2804834842681885,4
B,K,0.3|wd0.1,cross,attn_entropy_mean,10,-0.43427157442838255,0.21844672848817995,0.4762260913848877,0.3607670068740845,4
B,K,0.3|wd0.1,cross,unit_fourier_sum_share,10,0.6860232117781695,0.02618202907153375,0.04716665326019047,0.07274286866589623,4
B,K,0.3|wd0.1,cross,unit_fourier_diff_share,10,0.6482604661757015,0.041023378920989347,0.04156829878742966,0.061123084139224466,4
B,K,0.3|wd0.1,cross,unit_fourier_marginal_share,10,-0.7363735392481269,0.012643778586177483,0.845305088998412,0.7590290834910136,4
B,K,0.3|wd0.1,cross,unit_fourier_other_share,10,0.3965088288259145,0.2670456784634749,0.033066775649104985,0.10710496370386569,4
B,K,0.3|wd0.1,cross,unit_sum_freq_concentration,10,0.6860232117781695,0.02618202907153375,0.04445004147880867,0.06750037112967358,4
B,K,0.3|wd0.1,cross,unit_n_distinct_sum_freqs,10,0.19537592016815708,0.6005232744513618,6.0,9.0,4
B,K,0.3|wd0.1,cross,fout_ipr,10,0.9629500128629351,1.5067614388794684e-07,0.23257392502592575,0.9727126103412392,4
B,K,0.3|wd0.1,cross,fout_dc_share,10,0.9629500128629351,1.5067614388794684e-07,0.48242430208141923,0.9968534386000111,4
B,K,0.3|wd0.1,cross,fout_top1_share,10,-0.6986107936456588,0.022168500525364326,0.23312957090611436,0.09197755706333256,4
B,K,0.3|wd0.1,cross,fout_nfreq90,10,0.5113489628780349,0.13526158694554863,35.0,43.0,4
B,K,0.3|wd0.1,cross,fout_freq_gini,10,-0.5097970656333186,0.1367199172467256,0.6461206191033695,0.4438303846416729,4
B,K,0.3|wd0.1,cross,fout_freq_eff_n,10,0.5097970656333186,0.1367199172467256,18.439671688073997,37.891616022310316,4
B,K,0.3|wd0.1,cross,clock_share,10,-0.47203432003085055,0.1749604447738534,0.7899466574900307,0.5633276683238087,4
B,K,0.3|wd0.1,cross,clock_nfreq90,10,0.6146362971528592,0.058058745597536494,3.0,4.0,4
B,K,0.3|wd0.1,cross,clock_top1_share,10,-0.2958081738859997,0.41981558100600935,0.5343353942908501,0.3741926961174915,4
B,K,0.3|wd0.1,cross,clock_freq_gini,10,-0.5349722293682974,0.11416664867176485,0.9569800569741038,0.9391158115137972,4
B,K,0.3|wd0.1,cross,clock_key_jaccard_final,10,0.20388783997316112,0.5843076162446291,0.6666666666666666,0.8,4
B,K,0.3|wd0.1,cross,clock_restricted_loss_tr,10,-0.6287960649090114,0.05042655187035419,0.0005381046794354916,0.0,4
B,K,0.3|wd0.1,cross,clock_excluded_loss_tr,10,0.270633010151021,0.46275395375713174,14.896284103393555,13.108925819396973,4
B,K,0.3|wd0.1,cross,clock_excluded_acc_tr,10,-0.22028268268106363,0.5534994578231036,24.960834503173828,14.09921646118164,4
B,K,0.3|wd0.1,cross,clock_restricted_loss_te,10,-0.6287960649090114,0.05042655187035419,0.0005381058435887098,0.0,4
B,K,0.3|wd0.1,cross,clock_excluded_loss_te,10,0.24545784641604232,0.5073589777948332,34.33686447143555,29.879928588867188,4
B,K,0.3|wd0.1,cross,clock_excluded_acc_te,10,-0.20769510081357426,0.5771024902493667,2.2933216094970703,1.6892271041870117,4
B,K,0.3|wd0.1,cross,fin_ipr,10,0.32098333762097836,0.3786668851344734,0.07315694945192389,0.08921802223361114,4
B,K,0.3|wd0.1,cross,fin_dc_share,10,0.006293790933744675,0.986714219961207,0.01194856860574776,0.0073919002524085575,4
B,K,0.3|wd0.1,cross,fin_top1_share,10,0.031468954668723376,0.933623712107421,0.2114137065990864,0.20837702252294876,4
B,K,0.3|wd0.1,cross,fin_nfreq90,10,-0.32098333762097836,0.3786668851344734,37.0,30.0,4
B,K,0.3|wd0.1,cross,fin_freq_gini,10,0.32098333762097836,0.3786668851344734,0.6182832150116333,0.6952515172929794,4
B,K,0.3|wd0.1,cross,fin_freq_eff_n,10,-0.32098333762097836,0.3786668851344734,21.58954096724596,17.981819170864323,4
B,K,0.3|wd0.1,end,fn_loss_tr,15,0.851810656982429,1.2189522261077983e-05,0.0,0.033388279378414154,5
B,K,0.3|wd0.1,end,fn_acc_tr,15,-0.3779644730092272,0.1683226847669143,100.0,100.0,5
B,K,0.3|wd0.1,end,fn_margin_tr,15,-0.6982972487551756,0.0027635984503722433,30.146240234375,6.2513427734375,5
B,K,0.3|wd0.1,end,fn_entropy_tr,15,0.8510497719203702,1.2736263777852137e-05,2.827598155619171e-09,0.17333829402923584,5
B,K,0.3|wd0.1,end,fn_loss_te,15,0.8946933499675687,5.571273327797034e-07,8.586130206822418e-06,8.686251640319824,5
B,K,0.3|wd0.1,end,fn_acc_te,15,-0.8902291483140374,8.243290705716602e-07,100.0,2.8191072940826416,5
B,K,0.3|wd0.1,end,fn_margin_te,15,-0.7855844048495725,0.00024138722824617787,28.138916015625,-7.93438720703125,5
B,K,0.3|wd0.1,end,fn_entropy_te,15,0.9710696115501661,2.636913279660917e-13,4.0132683352567255e-05,1.7163445949554443,5
B,K,0.3|wd0.1,end,fn_gap_loss,15,0.8946933499675687,5.571273327797034e-07,8.586130206822418e-06,8.65286336094141,5
B,K,0.3|wd0.1,end,fn_gap_acc,15,0.8789604249176571,2.03516678840746e-06,0.0,96.16261267662048,5
B,K,0.3|wd0.1,end,fn_class_acc_gini,15,0.8902291483140374,8.243290705716602e-07,0.0,0.5146567861670173,5
B,K,0.3|wd0.1,end,w_all_norm,15,0.86196066643217,6.589618199130937e-06,47.73065856436103,132.10660249455327,5
B,K,0.3|wd0.1,end,w_all_rel_norm,15,0.86196066643217,6.589618199130937e-06,1.286931290601471,3.5619060276749166,5
B,K,0.3|wd0.1,end,w_all_dist_init,15,0.8510497719203702,1.2736263777852137e-05,58.26879709551869,132.5530050042316,5
B,K,0.3|wd0.1,end,w_all_rel_dist_init,15,0.8510497719203702,1.2736263777852137e-05,1.571064395577442,3.573942093700141,5
B,K,0.3|wd0.1,end,w_all_cos_init,15,0.370970413401187,0.17719776032094695,0.07302210487548987,0.12831787943265086,5
B,K,0.3|wd0.1,end,rep_between_within_tr,15,-0.3600595188893875,0.19161787793201449,0.5200077776833031,0.3606946003792105,5
B,K,0.3|wd0.1,end,rep_nc1_tr,15,-0.8728715609439696,3.173342639429432e-06,351.9871689673648,9.109452388236727,5
B,K,0.3|wd0.1,end,rep_eff_rank_te,15,0.9710696115501661,2.636913279660917e-13,16.1473296381247,107.65289832594753,5
B,K,0.3|wd0.1,end,rep_pr_te,15,0.8837824554557693,1.4017600333217173e-06,1.987593874090763,67.1903526663099,5
B,K,0.3|wd0.1,end,rep_unit_gini_te,15,-0.8074061938731718,0.00010524350141213583,0.9722115959705107,0.15460729573590593,5
B,K,0.3|wd0.1,end,rep_unit_pr_te,15,0.7964952993613722,0.00016178840059113533,0.004274770374296293,0.9045128370126669,5
B,K,0.3|wd0.1,end,rep_between_within_te,15,-0.458257569495584,0.08632897662412624,0.4682292574281455,0.09655750228428317,5
B,K,0.3|wd0.1,end,unit_interaction_share,15,-0.09819805060619656,0.7329019916291797,0.3024719370179229,0.32919568357670775,5
B,K,0.3|wd0.1,end,unit_frac_interacting,15,-0.4370415209168244,0.10455371037228796,0.016701461747288704,0.0,5
B,K,0.3|wd0.1,end,add_share_a,15,0.9056042444793685,1.9408679881756104e-07,0.007685853571705415,0.11528570905157491,5
B,K,0.3|wd0.1,end,add_share_b,15,0.916515138991168,5.713229912494358e-08,0.007754426732105734,0.11996445287577102,5
B,K,0.3|wd0.1,end,add_share_interaction,15,-0.916515138991168,5.713229912494358e-08,0.97593445670101,0.6844482932151602,5
B,K,0.3|wd0.1,end,add_acc_interaction_tr,15,-0.745826886571932,0.000845033368556982,100.0,99.32115173339844,5
B,K,0.3|wd0.1,end,add_acc_additive_tr,15,0.8074061938731718,0.00010524350141213583,0.9921671152114868,5.404699802398682,5
B,K,0.3|wd0.1,end,add_acc_no_a_tr,15,-0.7924751590031898,0.00018810520799081347,100.0,99.37336730957031,5
B,K,0.3|wd0.1,end,add_acc_no_b_tr,15,-0.7924751590031898,0.00018810520799081347,100.0,99.0078353881836,5
B,K,0.3|wd0.1,end,add_acc_interaction_te,15,-0.919806047744646,3.7940024209290666e-08,100.0,5.436850070953369,5
B,K,0.3|wd0.1,end,add_acc_additive_te,15,-0.5624134465973729,0.027496039485913535,0.8278330564498901,0.16780401766300201,5
B,K,0.3|wd0.1,end,add_acc_no_a_te,15,-0.8970852271450606,4.476400703771287e-07,100.0,4.060856819152832,5
B,K,0.3|wd0.1,end,add_acc_no_b_te,15,-0.8970852271450606,4.476400703771287e-07,100.0,3.814744472503662,5
B,K,0.3|wd0.1,end,sharp_lambda_max,15,0.8837824554557693,1.4017600333217173e-06,2.4201384803745896e-05,1206.6180419921875,5
B,K,0.3|wd0.1,end,sharp_grad_norm,15,0.8510497719203702,1.2736263777852137e-05,1.8595333983739692e-07,4.550134658813477,5
B,K,0.3|wd0.1,end,sharp_lr_lambda,15,0.8837824554557693,1.4017600333217173e-06,2.4201384803745897e-08,1.2066180419921875,5
B,K,0.3|wd0.1,end,w_WE_fro,15,0.9601587170383665,1.500446490332778e-11,16.07798957824707,82.16748809814453,5
B,K,0.3|wd0.1,end,w_WE_spec,15,0.949247822526567,2.6335578745452705e-10,6.2274169921875,21.905576705932617,5
B,K,0.3|wd0.1,end,w_WE_stable_rank,15,0.7310299322905746,0.0012603584344841232,6.665744304656982,13.53611946105957,5
B,K,0.3|wd0.1,end,w_WE_eff_rank,15,0.25095057377139124,0.3743851884157219,51.250662779675075,54.461834473255145,5
B,K,0.3|wd0.1,end,w_WE_sv_gini,15,-0.07637626158259733,0.7909390592571625,0.6322579920426379,0.6333857834264192,5
B,K,0.3|wd0.1,end,w_WE_entry_gini,15,-0.6437427761961776,0.008086397593390459,0.4414406580415948,0.40141105876253547,5
B,K,0.3|wd0.1,end,w_WE_row_gini,15,-0.20730699572419276,0.46618903003422607,0.026154998878822777,0.029489658761615578,5
B,K,0.3|wd0.1,end,w_WE_row_pr,15,0.1745743121887939,0.5411986395075382,0.9978363390698847,0.9972095623213507,5
B,K,0.3|wd0.1,end,w_WE_dist_init,15,0.9601587170383665,1.500446490332778e-11,17.869060516357422,80.61428833007812,5
B,K,0.3|wd0.1,end,w_WE_rel_dist_init,15,0.9601587170383665,1.500446490332778e-11,1.6864197664204144,7.6080960815656455,5
B,K,0.3|wd0.1,end,w_WE_cos_init,15,0.6328318816843779,0.00974764573320172,0.15106415748596191,0.2096768170595169,5
B,K,0.3|wd0.1,end,w_WU_fro,15,0.8183170883849714,6.618137243945953e-05,15.854973793029785,40.91682815551758,5
B,K,0.3|wd0.1,end,w_WU_spec,15,0.829227982896771,4.004038960640279e-05,11.527161598205566,40.91489028930664,5
B,K,0.3|wd0.1,end,w_WU_stable_rank,15,-0.9819805060619657,3.909667787790721e-16,1.891857385635376,1.0000754594802856,5
B,K,0.3|wd0.1,end,w_WU_eff_rank,15,-0.9601587170383665,1.500446490332778e-11,50.273303476234965,1.8096713550710068,5
B,K,0.3|wd0.1,end,w_WU_sv_gini,15,0.8946933499675687,5.571273327797034e-07,0.6210162928359606,0.9425462809936214,5
B,K,0.3|wd0.1,end,w_WU_entry_gini,15,-0.3818813079129867,0.16347753318137834,0.36896036295701773,0.3942657562696412,5
B,K,0.3|wd0.1,end,w_WU_row_gini,15,-0.9710696115501661,2.636913279660917e-13,0.011775134846325086,0.0004177816663473166,5
B,K,0.3|wd0.1,end,w_WU_row_pr,15,0.9710696115501661,2.636913279660917e-13,0.9995564206445562,0.9999994564833009,5
B,K,0.3|wd0.1,end,w_WU_dist_init,15,0.8183170883849714,6.618137243945953e-05,18.464628219604492,42.26226806640625,5
B,K,0.3|wd0.1,end,w_WU_rel_dist_init,15,0.8183170883849714,6.618137243945953e-05,1.7342026336072214,3.969283091503587,5
B,K,0.3|wd0.1,end,w_WU_cos_init,15,-0.7855844048495725,0.00024138722824617787,0.07108081132173538,-0.0028470896650105715,5
B,K,0.3|wd0.1,end,w_WQ_fro,15,0.6873863542433761,0.0034982674296334636,4.871879577636719,15.267791748046875,5
B,K,0.3|wd0.1,end,w_WQ_spec,15,0.24003967925959163,0.3963999598093877,4.062567234039307,6.703070640563965,5
B,K,0.3|wd0.1,end,w_WQ_stable_rank,15,0.86196066643217,6.589618199130937e-06,1.3003299236297607,4.347820281982422,5
B,K,0.3|wd0.1,end,w_WQ_eff_rank,15,0.916515138991168,5.713229912494358e-08,8.949755594700864,70.9007645253691,5
B,K,0.3|wd0.1,end,w_WQ_sv_gini,15,-0.9056042444793685,1.9408679881756104e-07,0.9041210600882406,0.5820038526735052,5
B,K,0.3|wd0.1,end,w_WQ_entry_gini,15,-0.08728715609439695,0.7617808582470522,0.4368106148709121,0.41600351686356896,5
B,K,0.3|wd0.1,end,w_WQ_row_gini,15,-0.02182178902359924,0.9397334404525235,0.07436483838007835,0.07900685169688071,5
B,K,0.3|wd0.1,end,w_WQ_row_pr,15,0.08728715609439695,0.7617808582470522,0.9823964132786619,0.9794398138845998,5
B,K,0.3|wd0.1,end,w_WQ_dist_init,15,0.6655645652197768,0.00542309317145814,12.241541862487793,18.80992889404297,5
B,K,0.3|wd0.1,end,w_WQ_rel_dist_init,15,0.6764754597315764,0.004378458068795629,1.0823042626955999,1.6424255147183549,5
B,K,0.3|wd0.1,end,w_WQ_cos_init,15,0.5019011475427825,0.05592180893798995,0.01642523892223835,0.029888980090618134,5
B,K,0.3|wd0.1,end,w_WK_fro,15,0.7310299322905746,0.0012603584344841232,7.360365390777588,13.214146614074707,5
B,K,0.3|wd0.1,end,w_WK_spec,15,-0.39279220242478624,0.15045123823294082,4.758361339569092,4.401137828826904,5
B,K,0.3|wd0.1,end,w_WK_stable_rank,15,0.8728715609439696,3.173342639429432e-06,2.6130309104919434,8.572373390197754,5
B,K,0.3|wd0.1,end,w_WK_eff_rank,15,0.9383369280147672,2.3445069934935992e-09,5.549864220592331,73.3233780698876,5
B,K,0.3|wd0.1,end,w_WK_sv_gini,15,-0.9274260335029676,1.347152959974893e-08,0.9487458534393232,0.5715637348501357,5
B,K,0.3|wd0.1,end,w_WK_entry_gini,15,0.4037030969365859,0.1381112563670651,0.40374850943425233,0.42183682836694625,5
B,K,0.3|wd0.1,end,w_WK_row_gini,15,0.06546536707079771,0.820343271117467,0.06538666110815927,0.05548097108812011,5
B,K,0.3|wd0.1,end,w_WK_row_pr,15,-0.04364357804719848,0.8797533545178342,0.9852188604349266,0.9905898638634473,5
B,K,0.3|wd0.1,end,w_WK_dist_init,15,0.7637626158259734,0.0004975747231020245,13.402586936950684,17.174495697021484,5
B,K,0.3|wd0.1,end,w_WK_rel_dist_init,15,0.7092081432669752,0.0021566267372392384,1.1888803522169555,1.5156407013395448,5
B,K,0.3|wd0.1,end,w_WK_cos_init,15,0.5673665146135802,0.025773890734503396,0.009837892837822437,0.02689209021627903,5
B,K,0.3|wd0.1,end,w_WV_fro,15,0.7310299322905746,0.0012603584344841232,18.40219497680664,70.97049713134766,5
B,K,0.3|wd0.1,end,w_WV_spec,15,0.14184162865339506,0.6208194107674094,7.077679634094238,18.277481079101562,5
B,K,0.3|wd0.1,end,w_WV_stable_rank,15,0.774673510337773,0.0003507055528598205,6.760314464569092,14.884931564331055,5
B,K,0.3|wd0.1,end,w_WV_eff_rank,15,0.545544725589981,0.03399879704460135,26.356566216770517,38.59713288702066,5
B,K,0.3|wd0.1,end,w_WV_sv_gini,15,-0.4691684640073836,0.07786000619295554,0.8253528607266745,0.7660018008439404,5
B,K,0.3|wd0.1,end,w_WV_entry_gini,15,-0.7964952993613722,0.00016178840059113533,0.45165670088925736,0.40182610919150186,5
B,K,0.3|wd0.1,end,w_WV_row_gini,15,-0.7310299322905746,0.0012603584344841232,0.07111094444050137,0.04434410147751122,5
B,K,0.3|wd0.1,end,w_WV_row_pr,15,0.774673510337773,0.0003507055528598205,0.9778671525157078,0.9931179212809418,5
B,K,0.3|wd0.1,end,w_WV_dist_init,15,0.6219209871725783,0.011658291760714513,20.112810134887695,68.80695343017578,5
B,K,0.3|wd0.1,end,w_WV_rel_dist_init,15,0.6219209871725783,0.011658291760714513,1.7782984085814422,6.0310360121862345,5
B,K,0.3|wd0.1,end,w_WV_cos_init,15,0.6764754597315764,0.004378458068795629,0.14902840554714203,0.2639320492744446,5
B,K,0.3|wd0.1,end,w_WO_fro,15,0.8946933499675687,5.571273327797034e-07,13.484858512878418,40.30582046508789,5
B,K,0.3|wd0.1,end,w_WO_spec,15,0.04364357804719848,0.8797533545178342,6.029629230499268,7.448982238769531,5
B,K,0.3|wd0.1,end,w_WO_stable_rank,15,0.86196066643217,6.589618199130937e-06,5.001722812652588,28.305631637573242,5
B,K,0.3|wd0.1,end,w_WO_eff_rank,15,0.6873863542433761,0.0034982674296334636,34.61699356872417,61.7378387302893,5
B,K,0.3|wd0.1,end,w_WO_sv_gini,15,-0.6655645652197768,0.00542309317145814,0.7781858802661441,0.6207204370211448,5
B,K,0.3|wd0.1,end,w_WO_entry_gini,15,-0.6437427761961776,0.008086397593390459,0.47291666646295605,0.41340547420327556,5
B,K,0.3|wd0.1,end,w_WO_row_gini,15,-0.86196066643217,6.589618199130937e-06,0.19649799688017633,0.054059945779269425,5
B,K,0.3|wd0.1,end,w_WO_row_pr,15,0.8837824554557693,1.4017600333217173e-06,0.8048631149570218,0.9905779199324231,5
B,K,0.3|wd0.1,end,w_WO_dist_init,15,0.829227982896771,4.004038960640279e-05,16.552562713623047,38.283599853515625,5
B,K,0.3|wd0.1,end,w_WO_rel_dist_init,15,0.829227982896771,4.004038960640279e-05,1.4604105394188218,3.3658877821751743,5
B,K,0.3|wd0.1,end,w_WO_cos_init,15,0.6546536707079771,0.006652115282469617,0.11881010979413986,0.309804230928421,5
B,K,0.3|wd0.1,end,w_Win_fro,15,0.829227982896771,4.004038960640279e-05,20.203380584716797,36.38877487182617,5
B,K,0.3|wd0.1,end,w_Win_spec,15,-0.07637626158259733,0.7909390592571625,6.1275248527526855,6.561176776885986,5
B,K,0.3|wd0.1,end,w_Win_stable_rank,15,0.7528517213141737,0.0006910482238175549,10.67298698425293,31.701988220214844,5
B,K,0.3|wd0.1,end,w_Win_eff_rank,15,0.9601587170383665,1.500446490332778e-11,32.94750004135737,97.20698693076731,5
B,K,0.3|wd0.1,end,w_Win_sv_gini,15,-0.9601587170383665,1.500446490332778e-11,0.7941664921660976,0.4060386274477157,5
B,K,0.3|wd0.1,end,w_Win_entry_gini,15,-0.6873863542433761,0.0034982674296334636,0.5618776157343988,0.4174985056970555,5
B,K,0.3|wd0.1,end,w_Win_row_gini,15,0.08728715609439695,0.7617808582470522,0.054252152980891255,0.056071860640294124,5
B,K,0.3|wd0.1,end,w_Win_row_pr,15,0.3600595188893875,0.19161787793201449,0.9659780738148159,0.9901163121307786,5
B,K,0.3|wd0.1,end,w_Win_dist_init,15,0.8401388774085707,2.3172139434244073e-05,29.34299659729004,41.255558013916016,5
B,K,0.3|wd0.1,end,w_Win_rel_dist_init,15,0.8401388774085707,2.3172139434244073e-05,1.3009126830137423,1.8183800206639882,5
B,K,0.3|wd0.1,end,w_Win_cos_init,15,0.5019011475427825,0.05592180893798995,0.06179386377334595,0.0828927606344223,5
B,K,0.3|wd0.1,end,w_Wout_fro,15,-0.4146139914483855,0.12644834969017446,26.858779907226562,22.627117156982422,5
B,K,0.3|wd0.1,end,w_Wout_spec,15,-0.8183170883849714,6.618137243945953e-05,22.979684829711914,3.545116662979126,5
B,K,0.3|wd0.1,end,w_Wout_stable_rank,15,0.9274260335029676,1.347152959974893e-08,1.5158963203430176,40.73847579956055,5
B,K,0.3|wd0.1,end,w_Wout_eff_rank,15,0.9819805060619657,3.909667787790721e-16,27.726421436998685,109.86802583067944,5
B,K,0.3|wd0.1,end,w_Wout_sv_gini,15,-0.9601587170383665,1.500446490332778e-11,0.7858070013253511,0.30206985011477294,5
B,K,0.3|wd0.1,end,w_Wout_entry_gini,15,-0.6546536707079771,0.006652115282469617,0.4985137586596766,0.41501834462409226,5
B,K,0.3|wd0.1,end,w_Wout_row_gini,15,-0.13093073414159542,0.6482633410831735,0.0684411632798223,0.0404979313008611,5
B,K,0.3|wd0.1,end,w_Wout_row_pr,15,0.4364357804719848,0.10510901558655147,0.9641223212824055,0.9949309582780093,5
B,K,0.3|wd0.1,end,w_Wout_dist_init,15,-0.4146139914483855,0.12644834969017446,28.839542388916016,25.312711715698242,5
B,K,0.3|wd0.1,end,w_Wout_rel_dist_init,15,-0.4146139914483855,0.12644834969017446,2.545479950899234,2.236321622225525,5
B,K,0.3|wd0.1,end,w_Wout_cos_init,15,-0.49099025303098287,0.062675779012202,0.019943146035075188,0.001583681907504797,5
B,K,0.3|wd0.1,end,rep_dead_frac_te,15,-0.27664166758624403,0.32514035642509764,0.0,0.0,5
B,K,0.3|wd0.1,end,attn_to_a_mean,15,0.6328318816843779,0.00974764573320172,0.5075644254684448,0.5720402598381042,5
B,K,0.3|wd0.1,end,attn_to_a_head_spread,15,0.6982972487551756,0.0027635984503722433,0.005310653243213892,0.31494376063346863,5
B,K,0.3|wd0.1,end,attn_entropy_mean,15,-0.6873863542433761,0.0034982674296334636,0.42239490151405334,0.12474086880683899,5
B,K,0.3|wd0.1,end,unit_fourier_sum_share,15,-0.741940826802374,0.0009414420290027111,0.16608406201021986,0.013472532435638389,5
B,K,0.3|wd0.1,end,unit_fourier_diff_share,15,-0.5564556201017806,0.029677943085239838,0.07485869314011871,0.010861747048046655,5
B,K,0.3|wd0.1,end,unit_fourier_marginal_share,15,0.09819805060619656,0.7329019916291797,0.6975280712323795,0.6708043161676733,5
B,K,0.3|wd0.1,end,unit_fourier_other_share,15,0.5019011475427825,0.05592180893798995,0.06152917361728194,0.3048614043486416,5
B,K,0.3|wd0.1,end,unit_sum_freq_concentration,15,-0.774673510337773,0.0003507055528598205,0.15970846105903144,0.009315430134906152,5
B,K,0.3|wd0.1,end,unit_n_distinct_sum_freqs,15,0.8698944866536675,3.904157991564374e-06,4.0,17.0,5
B,K,0.3|wd0.1,end,fout_ipr,15,0.9056042444793685,1.9408679881756104e-07,0.26335964919888444,0.978066327330487,5
B,K,0.3|wd0.1,end,fout_dc_share,15,0.9819805060619657,3.909667787790721e-16,0.5285081279347443,0.9999240430611473,5
B,K,0.3|wd0.1,end,fout_top1_share,15,-0.916515138991168,5.713229912494358e-08,0.2322329937507813,0.022625759810063397,5
B,K,0.3|wd0.1,end,fout_nfreq90,15,0.9581312997340062,2.7365160944342277e-11,19.0,50.0,5
B,K,0.3|wd0.1,end,fout_freq_gini,15,-0.949247822526567,2.6335578745452705e-10,0.7946529204615751,0.051585409544815386,5
B,K,0.3|wd0.1,end,fout_freq_eff_n,15,0.949247822526567,2.6335578745452705e-10,10.566769268985365,55.76546842240056,5
B,K,0.3|wd0.1,end,clock_share,15,-0.9383369280147672,2.3445069934935992e-09,0.9322525755159867,0.0811858933236466,5
B,K,0.3|wd0.1,end,clock_nfreq90,15,0.49861704537750406,0.05789784607305352,3.0,6.0,5
B,K,0.3|wd0.1,end,clock_top1_share,15,-0.07637626158259733,0.7909390592571625,0.41663787351447124,0.45449162300520285,5
B,K,0.3|wd0.1,end,clock_freq_gini,15,-0.5891883036371794,0.01911943619756852,0.9480058397365052,0.901886066213371,5
B,K,0.3|wd0.1,end,clock_restricted_loss_tr,15,0.5088846484559872,0.051879149408790314,1.029741997626843e-05,2.276437520980835,5
B,K,0.3|wd0.1,end,clock_excluded_loss_tr,15,-0.5891883036371794,0.01911943619756852,14.604816436767578,0.3274896740913391,5
B,K,0.3|wd0.1,end,clock_excluded_acc_tr,15,0.6219209871725783,0.011658291760714513,7.7545695304870605,94.0469970703125,5
B,K,0.3|wd0.1,end,clock_restricted_loss_te,15,0.5088846484559872,0.051879149408790314,1.029739451041678e-05,2.2764365673065186,5
B,K,0.3|wd0.1,end,clock_excluded_loss_te,15,-0.02182178902359924,0.9397334404525235,16.07351303100586,11.18761157989502,5
B,K,0.3|wd0.1,end,clock_excluded_acc_te,15,-0.27847656093656337,0.3217655272639593,7.182011604309082,0.9620763063430786,5
B,K,0.3|wd0.1,end,fin_ipr,15,-0.5346338310781814,0.0387603526366733,0.12665212471378956,0.039060785238163045,5
B,K,0.3|wd0.1,end,fin_dc_share,15,-0.7964952993613722,0.00016178840059113533,0.029571977177520026,0.003520468575352336,5
B,K,0.3|wd0.1,end,fin_top1_share,15,-0.3818813079129867,0.16347753318137834,0.2398333791902005,0.12616096934203905,5
B,K,0.3|wd0.1,end,fin_nfreq90,15,0.5315567256206553,0.04018612826048638,8.0,42.0,5
B,K,0.3|wd0.1,end,fin_freq_gini,15,-0.5782774091253797,0.02226248391666498,0.8529539732834182,0.4556333867418234,5
B,K,0.3|wd0.1,end,fin_freq_eff_n,15,0.5891883036371794,0.01911943619756852,8.430520417283635,36.39493817524425,5
B,K,0.3|wd1.0,init,fn_loss_tr,17,0.9191740116745579,3.1121163777545812e-09,1.1482056549994013e-07,4.4758217334747314,6
B,K,0.3|wd1.0,init,fn_acc_tr,17,-0.8241066923653332,1.209831660977582e-05,100.0,3.6684073209762573,6
B,K,0.3|wd1.0,init,fn_margin_tr,17,-0.934119930563575,2.571988733115624e-10,17.984310150146484,-1.1960852146148682,6
B,K,0.3|wd1.0,init,fn_entropy_tr,17,0.9266469711190665,9.695688109161247e-10,2.164478246413637e-06,4.360116243362427,6
B,K,0.3|wd1.0,init,fn_loss_te,17,0.8892821738965234,1.1115121555917224e-07,1.2723029385597329e-06,5.425089359283447,6
B,K,0.3|wd1.0,init,fn_acc_te,17,-0.9214629332616061,2.2102811133198697e-09,100.0,0.2572994753718376,6
B,K,0.3|wd1.0,init,fn_margin_te,17,-0.934119930563575,2.571988733115624e-10,17.569114685058594,-2.1744613647460938,6
B,K,0.3|wd1.0,init,fn_entropy_te,17,0.9042280927855407,2.225106130930751e-08,1.4904385352565441e-05,4.345358848571777,6
B,K,0.3|wd1.0,init,fn_gap_loss,17,0.8967551333410321,5.16306503588009e-08,1.0225240600902907e-06,0.9448351860046387,6
B,K,0.3|wd1.0,init,fn_gap_acc,17,0.8491913306528527,2.7425282928728845e-06,0.0,3.3663600981235504,6
B,K,0.3|wd1.0,init,fn_class_acc_gini,17,0.9214629332616061,2.2102811133198697e-09,0.0,0.8854158452781588,6
B,K,0.3|wd1.0,init,w_all_norm,17,0.6227466203757167,0.006343791343494558,35.45271550621597,39.28954349171832,6
B,K,0.3|wd1.0,init,w_all_rel_norm,17,0.6227466203757167,0.006343791343494558,0.9530272684012412,1.0549692256543741,6
B,K,0.3|wd1.0,init,w_all_dist_init,17,0.7161586134320743,0.0007615017932632362,47.96189541298679,52.245290299609096,6
B,K,0.3|wd1.0,init,w_all_rel_dist_init,17,0.7161586134320743,0.0007615017932632362,1.2892945863278262,1.4028746126270635,6
B,K,0.3|wd1.0,init,w_all_cos_init,17,-0.5654539313011508,0.016497984929847904,0.1290521878187272,0.06522706690816031,6
B,K,0.3|wd1.0,init,rep_between_within_tr,17,-0.20924286444624082,0.42681654437945704,2.7718520228324683,0.040347644092285126,6
B,K,0.3|wd1.0,init,rep_nc1_tr,17,0.14821369564942058,0.5763801242145361,375.03874219920175,454.46152048833164,6
B,K,0.3|wd1.0,init,rep_eff_rank_te,17,-0.9415928900080837,5.561992001376487e-11,17.246659864683007,5.847720620752348,6
B,K,0.3|wd1.0,init,rep_pr_te,17,-0.784660741673403,7.609716994689696e-05,7.256575905780331,1.143941085427969,6
B,K,0.3|wd1.0,init,rep_unit_gini_te,17,0.4259586883369903,0.08870593093505615,0.34126078001299076,0.5298410247514551,6
B,K,0.3|wd1.0,init,rep_unit_pr_te,17,-0.46332348555953323,0.06057676715925932,0.7123647236775152,0.43406409137254093,6
B,K,0.3|wd1.0,init,rep_between_within_te,17,-0.21671582389074942,0.4099730743165389,2.65550500157089,0.0064790166056797605,6
B,K,0.3|wd1.0,init,unit_interaction_share,17,-0.14447721592716628,0.5861707943380252,0.20625640327250397,0.033297098170830174,6
B,K,0.3|wd1.0,init,unit_frac_interacting,17,-0.14787710533582096,0.5772593685042609,0.03921568766236305,0.0,6
B,K,0.3|wd1.0,init,add_share_a,17,0.655129444635254,0.003342686188833656,0.004836546627206964,0.49960461349163854,6
B,K,0.3|wd1.0,init,add_share_b,17,0.6476564851907454,0.003904720005170141,0.00353894751972988,0.2661498371870967,6
B,K,0.3|wd1.0,init,add_share_interaction,17,-0.9266469711190665,9.695688109161247e-10,0.9541484307533914,0.09837614497316029,6
B,K,0.3|wd1.0,init,add_acc_interaction_tr,17,-0.9214352057720154,2.2196295034258317e-09,100.0,1.814621388912201,6
B,K,0.3|wd1.0,init,add_acc_additive_tr,17,0.3705933575841667,0.14541498442202339,1.227154016494751,3.1984333992004395,6
B,K,0.3|wd1.0,init,add_acc_no_a_tr,17,-0.8253406899420558,1.1322303059402949e-05,100.0,2.7154046297073364,6
B,K,0.3|wd1.0,init,add_acc_no_b_tr,17,-0.875800407635984,3.7919833396682347e-07,100.0,2.571801543235779,6
B,K,0.3|wd1.0,init,add_acc_interaction_te,17,-0.9214352057720154,2.2196295034258317e-09,100.0,0.8613938987255096,6
B,K,0.3|wd1.0,init,add_acc_additive_te,17,-0.614447234929846,0.007380769750005663,1.0180109739303589,0.22933214157819748,6
B,K,0.3|wd1.0,init,add_acc_no_a_te,17,-0.9214629332616061,2.2102811133198697e-09,100.0,0.36357535421848297,6
B,K,0.3|wd1.0,init,add_acc_no_b_te,17,-0.9214629332616061,2.2102811133198697e-09,100.0,0.38035574555397034,6
B,K,0.3|wd1.0,init,sharp_lambda_max,17,0.8867911874150207,1.4142519212659092e-07,0.001956220716238022,927.1570434570312,6
B,K,0.3|wd1.0,init,sharp_grad_norm,17,0.8394624442664662,5.057426918690781e-06,1.0304890565748792e-05,2.431833028793335,6
B,K,0.3|wd1.0,init,sharp_lr_lambda,17,0.8867911874150207,1.4142519212659092e-07,1.956220716238022e-06,0.9271570434570313,6
B,K,0.3|wd1.0,init,w_WE_fro,17,-0.9615207818601067,1.9107642758570627e-13,16.423828125,4.899043798446655,6
B,K,0.3|wd1.0,init,w_WE_spec,17,-0.7597508768583744,0.00019509099769219639,5.751594543457031,1.6202695965766907,6
B,K,0.3|wd1.0,init,w_WE_stable_rank,17,0.178105533427455,0.5005696965872507,7.751401424407959,8.94675350189209,6
B,K,0.3|wd1.0,init,w_WE_eff_rank,17,0.9117010522300493,8.77582726048966e-09,29.548319195503897,71.41295560558945,6
B,K,0.3|wd1.0,init,w_WE_sv_gini,17,-0.8855456941742693,1.5911942154040985e-07,0.7824605717453068,0.5134728931248131,6
B,K,0.3|wd1.0,init,w_WE_entry_gini,17,0.6040642217644453,0.008860989824466745,0.39718614230688365,0.42012167770792086,6
B,K,0.3|wd1.0,init,w_WE_row_gini,17,0.9042280927855407,2.225106130930751e-08,0.016127815613552476,0.07911701293869433,6
B,K,0.3|wd1.0,init,w_WE_row_pr,17,-0.8967551333410321,5.16306503588009e-08,0.9991615388508035,0.9808014374037015,6
B,K,0.3|wd1.0,init,w_WE_dist_init,17,-0.8793182279705121,2.8009038009934354e-07,17.758630752563477,11.666418552398682,6
B,K,0.3|wd1.0,init,w_WE_rel_dist_init,17,-0.9017371063040378,2.9727435880502893e-08,1.6759977894903588,1.0983998174193579,6
B,K,0.3|wd1.0,init,w_WE_cos_init,17,-0.9777121939898753,4.7837014957112196e-17,0.19033575057983398,0.002140605472959578,6
B,K,0.3|wd1.0,init,w_WU_fro,17,-0.06850212824132884,0.7973999151223785,7.0926594734191895,7.198087930679321,6
B,K,0.3|wd1.0,init,w_WU_spec,17,0.6215011271349653,0.00649159463234866,4.230624198913574,6.246237516403198,6
B,K,0.3|wd1.0,init,w_WU_stable_rank,17,-0.8045886335254261,3.199004714805031e-05,3.073930501937866,1.294787883758545,6
B,K,0.3|wd1.0,init,w_WU_eff_rank,17,-0.22917075629826378,0.38267323876083004,42.75073991046153,26.163849537474327,6
B,K,0.3|wd1.0,init,w_WU_sv_gini,17,0.1967879320387265,0.4556403183386875,0.6988807535446788,0.7470449768495911,6
B,K,0.3|wd1.0,init,w_WU_entry_gini,17,-0.881809214452015,2.244315865764832e-07,0.5125303803884023,0.4079350181904483,6
B,K,0.3|wd1.0,init,w_WU_row_gini,17,-0.6426745122277397,0.004319625082204138,0.08095320356418156,0.055101885733992995,6
B,K,0.3|wd1.0,init,w_WU_row_pr,17,0.6513929649129997,0.003614964997224494,0.9798267449080745,0.9908081823989395,6
B,K,0.3|wd1.0,init,w_WU_dist_init,17,0.3998033302812101,0.11313156303564033,12.139846801757812,12.938823699951172,6
B,K,0.3|wd1.0,init,w_WU_rel_dist_init,17,0.3998033302812101,0.11313156303564033,1.1375358765348562,1.2088641639430704,6
B,K,0.3|wd1.0,init,w_WU_cos_init,17,-0.9229104913968122,1.768471683308298e-09,0.11907555162906647,-0.0038001423818059266,6
B,K,0.3|wd1.0,init,w_WQ_fro,17,0.8693542820445006,6.424080393070309e-07,4.970598220825195,21.29644012451172,6
B,K,0.3|wd1.0,init,w_WQ_spec,17,0.8581448428777376,1.4886151372824984e-06,4.942817687988281,20.914923667907715,6
B,K,0.3|wd1.0,init,w_WQ_stable_rank,17,0.34126514796589275,0.1834365626877534,1.0131146907806396,1.025190830230713,6
B,K,0.3|wd1.0,init,w_WQ_eff_rank,17,-0.6339560595424796,0.005129751092266443,3.8414054651127527,2.0863805017559667,6
B,K,0.3|wd1.0,init,w_WQ_sv_gini,17,0.7983611673216688,4.2461814539106946e-05,0.9595019453083127,0.9863471488185399,6
B,K,0.3|wd1.0,init,w_WQ_entry_gini,17,-0.16191412129768634,0.5410630833034281,0.38299076450135505,0.3485769937525396,6
B,K,0.3|wd1.0,init,w_WQ_row_gini,17,0.13202228351965195,0.6192718687026963,0.1035015048023753,0.21047466757536493,6
B,K,0.3|wd1.0,init,w_WQ_row_pr,17,-0.15444116185317774,0.5602115982566371,0.9577948531260161,0.7953062472714933,6
B,K,0.3|wd1.0,init,w_WQ_dist_init,17,0.8544083631554833,1.9325540507064266e-06,12.080286026000977,23.852035522460938,6
B,K,0.3|wd1.0,init,w_WQ_rel_dist_init,17,0.8643723090814948,9.438181827620552e-07,1.06869097968347,2.0939572357607172,6
B,K,0.3|wd1.0,init,w_WQ_cos_init,17,-0.7410684782471029,0.00036355009332618215,0.055467475205659866,0.03533577173948288,6
B,K,0.3|wd1.0,init,w_WK_fro,17,0.9640117683416094,7.293434735632068e-14,4.34902811050415,11.322457790374756,6
B,K,0.3|wd1.0,init,w_WK_spec,17,0.971484727786118,2.281061084981549e-15,2.685748338699341,9.64691710472107,6
B,K,0.3|wd1.0,init,w_WK_stable_rank,17,-0.8095706064884318,2.527954104565838e-05,2.831878185272217,1.3763211965560913,6
B,K,0.3|wd1.0,init,w_WK_eff_rank,17,-0.7074401607468143,0.0009658360647571193,4.882808598253915,3.2740654022385653,6
B,K,0.3|wd1.0,init,w_WK_sv_gini,17,0.7821697551919002,8.415791152627165e-05,0.9641589224467555,0.9791302422985027,6
B,K,0.3|wd1.0,init,w_WK_entry_gini,17,-0.15942313481618348,0.5474145999344913,0.417212412712034,0.35829637580680007,6
B,K,0.3|wd1.0,init,w_WK_row_gini,17,-0.49570630981907055,0.0419560711461546,0.09581293611440111,0.06069786508783237,6
B,K,0.3|wd1.0,init,w_WK_row_pr,17,0.4570960193557761,0.06474572889474425,0.9626810725312517,0.9850080737784329,6
B,K,0.3|wd1.0,init,w_WK_dist_init,17,0.971484727786118,2.281061084981549e-15,12.129986763000488,15.87739372253418,6
B,K,0.3|wd1.0,init,w_WK_rel_dist_init,17,0.956538808897101,1.0609113235574498e-12,1.068041241785139,1.4050941471163632,6
B,K,0.3|wd1.0,init,w_WK_cos_init,17,-0.09092100657485465,0.7330001802507541,0.02952463924884796,0.019123004749417305,6
B,K,0.3|wd1.0,init,w_WV_fro,17,-0.822025538895946,1.3510614998320608e-05,14.427227020263672,7.416136741638184,6
B,K,0.3|wd1.0,init,w_WV_spec,17,-0.8257620186182003,1.1067326173187461e-05,5.426817893981934,3.1582216024398804,6
B,K,0.3|wd1.0,init,w_WV_stable_rank,17,-0.5617174515788965,0.01744367230042292,7.897648811340332,5.296140193939209,6
B,K,0.3|wd1.0,init,w_WV_eff_rank,17,0.7722058092658887,0.00012400229156768583,25.242882389501894,51.16577337085657,6
B,K,0.3|wd1.0,init,w_WV_sv_gini,17,-0.7273680525988372,0.0005523726065058491,0.8341277587521014,0.6861968046923457,6
B,K,0.3|wd1.0,init,w_WV_entry_gini,17,0.5218616678748506,0.030309205911880917,0.41836435705222996,0.4299458180952007,6
B,K,0.3|wd1.0,init,w_WV_row_gini,17,0.5953457690791851,0.010275231278401213,0.061054215760043995,0.10902225397207255,6
B,K,0.3|wd1.0,init,w_WV_row_pr,17,-0.5878728096346766,0.011622333407266412,0.9875243438787906,0.962767064771209,6
B,K,0.3|wd1.0,init,w_WV_dist_init,17,-0.7472959444508601,0.00029752563930156295,16.137441635131836,13.416723251342773,6
B,K,0.3|wd1.0,init,w_WV_rel_dist_init,17,-0.7510324241731144,0.0002629457650953623,1.4268113995941665,1.181086033815725,6
B,K,0.3|wd1.0,init,w_WV_cos_init,17,-0.841953430747969,4.344554279057606e-06,0.2317991703748703,0.03728988580405712,6
B,K,0.3|wd1.0,init,w_WO_fro,17,-0.2590625940762981,0.32123376040673496,13.933436393737793,13.341367721557617,6
B,K,0.3|wd1.0,init,w_WO_spec,17,0.655129444635254,0.003342686188833656,4.477664470672607,6.644278287887573,6
B,K,0.3|wd1.0,init,w_WO_stable_rank,17,-0.769714822784386,0.0001361293165448032,10.348733901977539,4.167644739151001,6
B,K,0.3|wd1.0,init,w_WO_eff_rank,17,0.28397245889132683,0.2745890728292196,26.576583361764893,29.591499991321733,6
B,K,0.3|wd1.0,init,w_WO_sv_gini,17,-0.45335953963352177,0.06734352914214767,0.8240717028604281,0.7925681926380447,6
B,K,0.3|wd1.0,init,w_WO_entry_gini,17,0.46830545852253896,0.05738344786183401,0.4135309504978515,0.45420260201036655,6
B,K,0.3|wd1.0,init,w_WO_row_gini,17,0.6850212824132884,0.0017043430909439358,0.11290891822503957,0.20369061207434003,6
B,K,0.3|wd1.0,init,w_WO_row_pr,17,-0.6775483229687799,0.0020338125652501504,0.9621438993256405,0.8855654745764824,6
B,K,0.3|wd1.0,init,w_WO_dist_init,17,0.1855784928719636,0.4823603862172548,15.861737251281738,16.69017791748047,6
B,K,0.3|wd1.0,init,w_WO_rel_dist_init,17,0.19180595907572076,0.467426512560907,1.3950631304881285,1.467397688559285,6
B,K,0.3|wd1.0,init,w_WO_cos_init,17,-0.6364470460239825,0.004886903559386395,0.22667555510997772,0.11625425890088081,6
B,K,0.3|wd1.0,init,w_Win_fro,17,0.5841363299124223,0.012345354237366057,17.44556999206543,22.338671684265137,6
B,K,0.3|wd1.0,init,w_Win_spec,17,0.7236315728765829,0.0006160097893568052,5.516544818878174,10.940577030181885,6
B,K,0.3|wd1.0,init,w_Win_stable_rank,17,-0.8120615929699346,2.240217023711931e-05,10.048532485961914,4.191442251205444,6
B,K,0.3|wd1.0,init,w_Win_eff_rank,17,0.4508685531520189,0.06911620714665172,27.2367764265914,35.23356152940586,6
B,K,0.3|wd1.0,init,w_Win_sv_gini,17,-0.5417895597268736,0.023207074627088865,0.8186915853415084,0.7424360118819164,6
B,K,0.3|wd1.0,init,w_Win_entry_gini,17,0.7074401607468143,0.0009658360647571193,0.40616432881597064,0.4502897378620828,6
B,K,0.3|wd1.0,init,w_Win_row_gini,17,-0.15817764157543204,0.5506021739272231,0.12551047850609565,0.11078269500725801,6
B,K,0.3|wd1.0,init,w_Win_row_pr,17,-0.08095706064884317,0.7614494385421416,0.9526284291856645,0.9548794818640237,6
B,K,0.3|wd1.0,init,w_Win_dist_init,17,0.6364470460239825,0.004886903559386395,26.932437896728516,29.855177879333496,6
B,K,0.3|wd1.0,init,w_Win_rel_dist_init,17,0.6364470460239825,0.004886903559386395,1.1910817328690444,1.3164693324471934,6
B,K,0.3|wd1.0,init,w_Win_cos_init,17,0.1756145469459521,0.5067080614377777,0.10941167920827866,0.11676855385303497,6
B,K,0.3|wd1.0,init,w_Wout_fro,17,-0.2503441413910381,0.3385466300481683,14.087717056274414,12.276566982269287,6
B,K,0.3|wd1.0,init,w_Wout_spec,17,-0.06850212824132884,0.7973999151223785,6.103814601898193,5.621793508529663,6
B,K,0.3|wd1.0,init,w_Wout_stable_rank,17,-0.44339559370751036,0.07463342355804027,5.339457035064697,4.410974740982056,6
B,K,0.3|wd1.0,init,w_Wout_eff_rank,17,0.6501474716722483,0.0037095692410291444,20.978392439846754,31.37524736558467,6
B,K,0.3|wd1.0,init,w_Wout_sv_gini,17,-0.6202556338942139,0.006642104285857252,0.8552364805832133,0.7663116272412243,6
B,K,0.3|wd1.0,init,w_Wout_entry_gini,17,0.42844967481849305,0.0865902745725941,0.42932211415109034,0.4471674928610352,6
B,K,0.3|wd1.0,init,w_Wout_row_gini,17,-0.10462143222312041,0.6943968424536457,0.11159399069209375,0.10538666776437211,6
B,K,0.3|wd1.0,init,w_Wout_row_pr,17,-0.14323172268641485,0.5894489797362747,0.9615685826117962,0.961230124906068,6
B,K,0.3|wd1.0,init,w_Wout_dist_init,17,-0.2503441413910381,0.3385466300481683,17.579843521118164,16.18740749359131,6
B,K,0.3|wd1.0,init,w_Wout_rel_dist_init,17,-0.2503441413910381,0.3385466300481683,1.5510753896031226,1.4294419383877588,6
B,K,0.3|wd1.0,init,w_Wout_cos_init,17,0.04110127694479731,0.877709414085976,0.05355914309620857,0.055298371240496635,6
B,K,0.3|wd1.0,init,rep_dead_frac_te,17,0.7404921395380356,0.00037023135527187187,0.0,0.0078125,6
B,K,0.3|wd1.0,init,attn_to_a_mean,17,0.0037364797222543007,0.9888453850717165,0.5176580548286438,0.6359907388687134,6
B,K,0.3|wd1.0,init,attn_to_a_head_spread,17,0.8643723090814948,9.438181827620552e-07,0.0022722547873854637,0.46676410734653473,6
B,K,0.3|wd1.0,init,attn_entropy_mean,17,-0.9241559846375638,1.453464630820919e-09,0.5450499653816223,0.1705339178442955,6
B,K,0.3|wd1.0,init,unit_fourier_sum_share,17,-0.1519501753716749,0.5666563262391917,0.1208314918882273,0.0004804284543077179,6
B,K,0.3|wd1.0,init,unit_fourier_diff_share,17,-0.8992461198225349,3.9349284169737185e-08,0.06682296221971713,0.0004176497585252859,6
B,K,0.3|wd1.0,init,unit_fourier_marginal_share,17,0.14447721592716628,0.5861707943380252,0.7937436026054924,0.9667029018284401,6
B,K,0.3|wd1.0,init,unit_fourier_other_share,17,0.4421501004667589,0.07558239350121504,0.016725262651286266,0.03227047938661559,6
B,K,0.3|wd1.0,init,unit_sum_freq_concentration,17,-0.1519501753716749,0.5666563262391917,0.11748892660968759,0.00011808197452034891,6
B,K,0.3|wd1.0,init,unit_n_distinct_sum_freqs,17,0.18334840203293,0.4877618042944491,4.0,16.5,6
B,K,0.3|wd1.0,init,fout_ipr,17,0.505670255745082,0.037186419044994264,0.23783375411961608,0.5182782494541499,6
B,K,0.3|wd1.0,init,fout_dc_share,17,0.8120615929699346,2.240217023711931e-05,0.30562098512928587,0.7607281072050905,6
B,K,0.3|wd1.0,init,fout_top1_share,17,-0.8494263901924777,2.70054491786439e-06,0.2562971951115619,0.06319976150262963,6
B,K,0.3|wd1.0,init,fout_nfreq90,17,0.8881177341959265,1.245062705928973e-07,10.0,43.0,6
B,K,0.3|wd1.0,init,fout_freq_gini,17,-0.9415928900080837,5.561992001376487e-11,0.8501910022981043,0.3286295680152427,6
B,K,0.3|wd1.0,init,fout_freq_eff_n,17,0.934119930563575,2.571988733115624e-10,9.282939648094839,46.82094957483651,6
B,K,0.3|wd1.0,init,clock_share,17,-0.9316289440820722,4.084718754785997e-10,0.9203097598776081,7.614125172392244e-05,6
B,K,0.3|wd1.0,init,clock_nfreq90,17,0.4478429493988184,0.07131375025950425,4.0,12.5,6
B,K,0.3|wd1.0,init,clock_top1_share,17,-0.0224188783335258,0.9331376732715874,0.4595575133213588,0.4158761844747342,6
B,K,0.3|wd1.0,init,clock_freq_gini,17,-0.38859389111444725,0.12487874665675713,0.9498445707341299,0.8489565326590042,6
B,K,0.3|wd1.0,init,clock_key_jaccard_final,17,-0.8413208676788548,4.516801627467435e-06,1.0,0.14052287581699346,6
B,K,0.3|wd1.0,init,clock_restricted_loss_tr,17,0.9459091486071236,2.0440508790529043e-11,0.0007062962977215648,4.716109752655029,6
B,K,0.3|wd1.0,init,clock_restricted_acc_tr,17,-0.6242174123961275,0.0061726898541356766,100.0,0.0,6
B,K,0.3|wd1.0,init,clock_excluded_loss_tr,17,-0.44339559370751036,0.07463342355804027,10.762438774108887,4.490272760391235,6
B,K,0.3|wd1.0,init,clock_excluded_acc_tr,17,0.05493651633329089,0.8369777741239032,0.7832897901535034,3.49869441986084,6
B,K,0.3|wd1.0,init,clock_restricted_loss_te,17,0.9459091486071236,2.0440508790529043e-11,0.0007062953081913292,4.716109752655029,6
B,K,0.3|wd1.0,init,clock_restricted_acc_te,17,-0.6242174123961275,0.0061726898541356766,100.0,0.0,6
B,K,0.3|wd1.0,init,clock_excluded_loss_te,17,-0.4359226342630017,0.0804555547726256,11.436995506286621,5.437168121337891,6
B,K,0.3|wd1.0,init,clock_excluded_acc_te,17,-0.3194340051903929,0.21551183399590443,0.5817205905914307,0.2517060115933418,6
B,K,0.3|wd1.0,init,fin_ipr,17,-0.6127826744497052,0.007603943721118979,0.1725052878162926,0.02367275535303913,6
B,K,0.3|wd1.0,init,fin_dc_share,17,0.7136676269505714,0.0008158589962493349,0.005154970805486606,0.05755096428216639,6
B,K,0.3|wd1.0,init,fin_top1_share,17,-0.2715175264838125,0.29738533455592137,0.24590943394148465,0.029368639507398132,6
B,K,0.3|wd1.0,init,fin_nfreq90,17,0.7826163087820212,8.266207210378388e-05,5.0,49.0,6
B,K,0.3|wd1.0,init,fin_freq_gini,17,-0.8668632955629977,7.804960064351485e-07,0.9085183064318427,0.12048025778576421,6
B,K,0.3|wd1.0,init,fin_freq_eff_n,17,0.7472959444508601,0.00029752563930156295,5.730043413220252,54.65701928913282,6
B,K,0.3|wd1.0,end,fn_loss_tr,17,0.9241559846375638,1.453464630820919e-09,2.93851854848981e-07,2.214914560317993,6
B,K,0.3|wd1.0,end,fn_acc_tr,17,-0.8036220845278361,3.345385758029886e-05,100.0,33.98172378540039,6
B,K,0.3|wd1.0,end,fn_margin_tr,17,-0.9689937413046151,8.101884389564637e-15,17.578224182128906,-0.3735313415527344,6
B,K,0.3|wd1.0,end,fn_entropy_tr,17,0.9241559846375638,1.453464630820919e-09,4.75659862786415e-06,2.9890626668930054,6
B,K,0.3|wd1.0,end,fn_loss_te,17,0.9166830251930551,4.454773403639302e-09,5.838285233039642e-06,2.51881742477417,6
B,K,0.3|wd1.0,end,fn_acc_te,17,-0.9290358369183346,6.467254431161709e-10,100.0,24.0575008392334,6
B,K,0.3|wd1.0,end,fn_margin_te,17,-0.954047822415598,2.2877700790121407e-12,16.941757202148438,-0.6857471466064453,6
B,K,0.3|wd1.0,end,fn_entropy_te,17,0.9092100657485465,1.2097218637880778e-08,5.170752774574794e-05,3.0497121810913086,6
B,K,0.3|wd1.0,end,fn_gap_loss,17,0.9166830251930551,4.454773403639302e-09,5.544433378190661e-06,0.29350554943084717,6
B,K,0.3|wd1.0,end,fn_gap_acc,17,0.9290358369183346,6.467254431161709e-10,0.0,9.924222946166992,6
B,K,0.3|wd1.0,end,fn_class_acc_gini,17,0.9323460796004696,3.5833020637194344e-10,0.0,0.6017077300771593,6
B,K,0.3|wd1.0,end,w_all_norm,17,0.8444444172294719,3.720244901814783e-06,34.70254765185703,46.486958405233054,6
B,K,0.3|wd1.0,end,w_all_rel_norm,17,0.8519173766739806,2.288735882009243e-06,0.9356626491240049,1.251517935935066,6
B,K,0.3|wd1.0,end,w_all_dist_init,17,0.8892821738965234,1.1115121555917224e-07,49.856003520433696,59.53522264084534,6
B,K,0.3|wd1.0,end,w_all_rel_dist_init,17,0.8967551333410321,5.16306503588009e-08,1.3435112199014174,1.6028057655626582,6
B,K,0.3|wd1.0,end,w_all_cos_init,17,-0.7286135458395886,0.0005324092752982565,0.03764297052119266,0.0035243585388527476,6
B,K,0.3|wd1.0,end,rep_between_within_tr,17,-0.1967879320387265,0.4556403183386875,4.233549794595245,2.4011460574545724,6
B,K,0.3|wd1.0,end,rep_nc1_tr,17,0.14198622944566341,0.592734395663078,373.54230908116847,389.6720512018079,6
B,K,0.3|wd1.0,end,rep_eff_rank_te,17,-0.1457227091679177,0.5828998899126514,16.750954857920192,18.603201117376255,6
B,K,0.3|wd1.0,end,rep_pr_te,17,0.28895443185433256,0.26576740326564785,6.236596614438923,6.623757333296038,6
B,K,0.3|wd1.0,end,rep_unit_gini_te,17,0.12205833759364047,0.6462420774126609,0.25234565621545646,0.26629000066755226,6
B,K,0.3|wd1.0,end,rep_unit_pr_te,17,0.10337593898236898,0.6978798017860138,0.7692928359929188,0.8100015596102741,6
B,K,0.3|wd1.0,end,rep_between_within_te,17,-0.1967879320387265,0.4556403183386875,4.137114489155612,2.2609308080986876,6
B,K,0.3|wd1.0,end,unit_interaction_share,17,0.5990822488014395,0.009649060069277146,0.22686301326505195,0.7315850312980734,6
B,K,0.3|wd1.0,end,unit_frac_interacting,17,0.4985028451157437,0.04057433579991097,0.048828125,0.7482426166534424,6
B,K,0.3|wd1.0,end,add_share_a,17,0.8519173766739806,2.288735882009243e-06,0.0039568397213381335,0.0425315021061817,6
B,K,0.3|wd1.0,end,add_share_b,17,0.8195345524144432,1.5384866032889618e-05,0.003014003366101958,0.045358066742038225,6
B,K,0.3|wd1.0,end,add_share_interaction,17,-0.3088823237063555,0.2321861695081402,0.9109018687824431,0.8519040268488407,6
B,K,0.3|wd1.0,end,add_acc_interaction_tr,17,-0.4754470885291405,0.05302037150745419,98.53785705566406,34.98694610595703,6
B,K,0.3|wd1.0,end,add_acc_additive_tr,17,0.31775780470051207,0.21810949923271694,1.1488250494003296,1.3577023148536682,6
B,K,0.3|wd1.0,end,add_acc_no_a_tr,17,-0.8757005123611324,3.8241209899202226e-07,100.0,34.30809211730957,6
B,K,0.3|wd1.0,end,add_acc_no_b_tr,17,-0.8365178583042414,6.028416339482877e-06,100.0,34.71279335021973,6
B,K,0.3|wd1.0,end,add_acc_interaction_te,17,-0.5779088637086651,0.013627347754449126,97.42700958251953,26.77592658996582,6
B,K,0.3|wd1.0,end,add_acc_additive_te,17,0.1703232097987837,0.5198586936783333,0.9620763063430786,1.0180109441280365,6
B,K,0.3|wd1.0,end,add_acc_no_a_te,17,-0.9466066280863903,1.722563896738587e-11,100.0,25.097886085510254,6
B,K,0.3|wd1.0,end,add_acc_no_b_te,17,-0.9466066280863903,1.722563896738587e-11,100.0,25.030763626098633,6
B,K,0.3|wd1.0,end,sharp_lambda_max,17,0.8942641468595292,6.718490897125483e-08,0.008573345839977264,1116.551025390625,6
B,K,0.3|wd1.0,end,sharp_grad_norm,17,0.9092100657485465,1.2097218637880778e-08,2.75509555649478e-05,12.00004768371582,6
B,K,0.3|wd1.0,end,sharp_lr_lambda,17,0.8942641468595292,6.718490897125483e-08,8.573345839977264e-06,1.116551025390625,6
B,K,0.3|wd1.0,end,w_WE_fro,17,-0.9403473967673323,7.2988741541962e-11,16.10602569580078,9.45919942855835,6
B,K,0.3|wd1.0,end,w_WE_spec,17,-0.5231071611156021,0.02982278978425688,6.1917219161987305,5.950884580612183,6
B,K,0.3|wd1.0,end,w_WE_stable_rank,17,-0.8656178023222463,8.587751267686795e-07,6.6398396492004395,2.8221793174743652,6
B,K,0.3|wd1.0,end,w_WE_eff_rank,17,0.12454932407514335,0.6394604595336109,27.371385222617377,26.911147870798626,6
B,K,0.3|wd1.0,end,w_WE_sv_gini,17,-0.16565060101994064,0.531595575973098,0.7786115150241375,0.780780774402547,6
B,K,0.3|wd1.0,end,w_WE_entry_gini,17,0.8830547076927664,2.0044026302995033e-07,0.4064023487219648,0.4809856905279608,6
B,K,0.3|wd1.0,end,w_WE_row_gini,17,0.8145525794514376,1.9809363418164136e-05,0.019925655311476165,0.04120164334110821,6
B,K,0.3|wd1.0,end,w_WE_row_pr,17,-0.8145525794514376,1.9809363418164136e-05,0.9986892348273698,0.9945808697110532,6
B,K,0.3|wd1.0,end,w_WE_dist_init,17,-0.9254014778783152,1.18965301807294e-09,18.583120346069336,14.263899326324463,6
B,K,0.3|wd1.0,end,w_WE_rel_dist_init,17,-0.9179285184338065,3.729856147339316e-09,1.7454110192864116,1.3389049368874328,6
B,K,0.3|wd1.0,end,w_WE_cos_init,17,-0.7273680525988372,0.0005523726065058491,0.07997230440378189,0.005314263515174389,6
B,K,0.3|wd1.0,end,w_WU_fro,17,-0.05480170259306307,0.8373730286223544,7.830994606018066,6.397327661514282,6
B,K,0.3|wd1.0,end,w_WU_spec,17,0.4060307964849673,0.10694229433043692,4.427716255187988,6.1998536586761475,6
B,K,0.3|wd1.0,end,w_WU_stable_rank,17,-0.9017371063040378,2.9727435880502893e-08,2.9846503734588623,1.0646026730537415,6
B,K,0.3|wd1.0,end,w_WU_eff_rank,17,-0.027400851296531536,0.9183199150804555,38.956062132625,37.03393487658954,6
B,K,0.3|wd1.0,end,w_WU_sv_gini,17,-0.6190101406534625,0.0067953548390014785,0.7285749331358227,0.6067035847989739,6
B,K,0.3|wd1.0,end,w_WU_entry_gini,17,-0.8855456941742693,1.5911942154040985e-07,0.5409109454307499,0.3989454729597567,6
B,K,0.3|wd1.0,end,w_WU_row_gini,17,-0.8045886335254261,3.199004714805031e-05,0.08574077019951032,0.010022281619993856,6
B,K,0.3|wd1.0,end,w_WU_row_pr,17,0.7971156740809174,4.4872685140233366e-05,0.97617371028221,0.9996853105216464,6
B,K,0.3|wd1.0,end,w_WU_dist_init,17,-0.016191412129768632,0.9516873211902793,12.973817825317383,12.474323749542236,6
B,K,0.3|wd1.0,end,w_WU_rel_dist_init,17,-0.016191412129768632,0.9516873211902793,1.2185043085090423,1.1672245791862494,6
B,K,0.3|wd1.0,end,w_WU_cos_init,17,-0.6327105663017282,0.005254717326638055,0.016981054097414017,0.0004889935371465981,6
B,K,0.3|wd1.0,end,w_WQ_fro,17,0.8519173766739806,2.288735882009243e-06,5.188734531402588,20.71531867980957,6
B,K,0.3|wd1.0,end,w_WQ_spec,17,0.8519173766739806,2.288735882009243e-06,5.121987819671631,19.946866035461426,6
B,K,0.3|wd1.0,end,w_WQ_stable_rank,17,0.7647328498213801,0.00016339059033498634,1.0214061737060547,1.0788829922676086,6
B,K,0.3|wd1.0,end,w_WQ_eff_rank,17,0.5816453434309194,0.01284640928493956,2.0129636414631906,2.989569769653193,6
B,K,0.3|wd1.0,end,w_WQ_sv_gini,17,-0.5567354786158907,0.01876853113659424,0.9867875412523222,0.9811949578984671,6
B,K,0.3|wd1.0,end,w_WQ_entry_gini,17,-0.7136676269505714,0.0008158589962493349,0.3712045911378876,0.26583898626809843,6
B,K,0.3|wd1.0,end,w_WQ_row_gini,17,0.5729268907456594,0.014725080882338846,0.014212018599384812,0.08789707932917734,6
B,K,0.3|wd1.0,end,w_WQ_row_pr,17,-0.5729268907456594,0.014725080882338846,0.9991424379929456,0.9682681230092789,6
B,K,0.3|wd1.0,end,w_WQ_dist_init,17,0.8519173766739806,2.288735882009243e-06,12.480809211730957,23.615808486938477,6
B,K,0.3|wd1.0,end,w_WQ_rel_dist_init,17,0.8444444172294719,3.720244901814783e-06,1.0951051179009745,2.062060235747822,6
B,K,0.3|wd1.0,end,w_WQ_cos_init,17,-0.05355620935231163,0.8410262890767484,0.009169322438538074,0.006648958544246852,6
B,K,0.3|wd1.0,end,w_WK_fro,17,0.6202556338942139,0.006642104285857252,4.844442367553711,6.790979385375977,6
B,K,0.3|wd1.0,end,w_WK_spec,17,0.8095706064884318,2.527954104565838e-05,2.957397699356079,5.0306396484375,6
B,K,0.3|wd1.0,end,w_WK_stable_rank,17,-0.580399850190168,0.01310276808029304,2.820840358734131,1.662316620349884,6
B,K,0.3|wd1.0,end,w_WK_eff_rank,17,0.22917075629826378,0.38267323876083004,3.6445529627693074,3.826950914561974,6
B,K,0.3|wd1.0,end,w_WK_sv_gini,17,0.17312356046444927,0.5128801733287374,0.9745145742328907,0.9758108251187937,6
B,K,0.3|wd1.0,end,w_WK_entry_gini,17,0.8681087888037491,7.085189627089999e-07,0.3643053156283451,0.4544537499094995,6
B,K,0.3|wd1.0,end,w_WK_row_gini,17,0.04110127694479731,0.877709414085976,0.037364413681033604,0.06104453953758615,6
B,K,0.3|wd1.0,end,w_WK_row_pr,17,-0.1457227091679177,0.5828998899126514,0.9953591505359981,0.9853215256588008,6
B,K,0.3|wd1.0,end,w_WK_dist_init,17,0.7061946675060627,0.000998386051022057,12.25977897644043,13.28050947189331,6
B,K,0.3|wd1.0,end,w_WK_rel_dist_init,17,0.6376925392647339,0.004768958029157247,1.087507241413849,1.170311358470436,6
B,K,0.3|wd1.0,end,w_WK_cos_init,17,-0.47453292472629616,0.053564980657866496,0.003190703457221389,-2.344464883208275e-05,6
B,K,0.3|wd1.0,end,w_WV_fro,17,0.22418878333525802,0.39347591136176496,13.749008178710938,23.42330265045166,6
B,K,0.3|wd1.0,end,w_WV_spec,17,0.26155358055780104,0.31638049029544585,5.463253021240234,15.433733940124512,6
B,K,0.3|wd1.0,end,w_WV_stable_rank,17,-0.9328744373228236,3.250043469029104e-10,6.333593845367432,1.879289150238037,6
B,K,0.3|wd1.0,end,w_WV_eff_rank,17,-0.672566350005774,0.0022807926000389554,21.561861823015178,6.124395846524417,6
B,K,0.3|wd1.0,end,w_WV_sv_gini,17,0.7622418633398773,0.00017865227821225308,0.8607803269616863,0.9618286452384117,6
B,K,0.3|wd1.0,end,w_WV_entry_gini,17,-0.7946246875994145,5.004473033484962e-05,0.4479131305675159,0.3835380832043591,6
B,K,0.3|wd1.0,end,w_WV_row_gini,17,-0.19429694555722363,0.4615153637449556,0.09153464235339004,0.07664995606665448,6
B,K,0.3|wd1.0,end,w_WV_row_pr,17,0.1793510266682064,0.4975132736055898,0.9747900700644258,0.9767791888728672,6
B,K,0.3|wd1.0,end,w_WV_dist_init,17,0.21671582389074942,0.4099730743165389,17.374557495117188,26.073227882385254,6
B,K,0.3|wd1.0,end,w_WV_rel_dist_init,17,0.22418878333525802,0.39347591136176496,1.528339926608654,2.2941383850538193,6
B,K,0.3|wd1.0,end,w_WV_cos_init,17,-0.8942641468595292,6.718490897125483e-08,0.053290918469429016,-0.005766908638179302,6
B,K,0.3|wd1.0,end,w_WO_fro,17,0.026155358055780103,0.9220222497954308,12.931624412536621,18.157896041870117,6
B,K,0.3|wd1.0,end,w_WO_spec,17,0.5729268907456594,0.014725080882338846,4.140735626220703,11.713176250457764,6
B,K,0.3|wd1.0,end,w_WO_stable_rank,17,-0.9117010522300493,8.77582726048966e-09,9.664262771606445,2.895373582839966,6
B,K,0.3|wd1.0,end,w_WO_eff_rank,17,-0.9266469711190665,9.695688109161247e-10,26.044505735631986,6.115147556853924,6
B,K,0.3|wd1.0,end,w_WO_sv_gini,17,0.934119930563575,2.571988733115624e-10,0.8309452590559792,0.9618981481759227,6
B,K,0.3|wd1.0,end,w_WO_entry_gini,17,-0.45335953963352177,0.06734352914214767,0.43263363892787,0.39825107449490993,6
B,K,0.3|wd1.0,end,w_WO_row_gini,17,-0.45834151259652756,0.0638959682766085,0.16005502535592586,0.06575334290245305,6
B,K,0.3|wd1.0,end,w_WO_row_pr,17,0.42720418157774165,0.0876436415844208,0.9280068733562572,0.9856108781038748,6
B,K,0.3|wd1.0,end,w_WO_dist_init,17,0.04110127694479731,0.877709414085976,16.910533905029297,21.39279556274414,6
B,K,0.3|wd1.0,end,w_WO_rel_dist_init,17,0.04110127694479731,0.877709414085976,1.4867713506249653,1.8811901725102183,6
B,K,0.3|wd1.0,end,w_WO_cos_init,17,-0.6376925392647339,0.004768958029157247,0.0503334179520607,0.0075820671627298,6
B,K,0.3|wd1.0,end,w_Win_fro,17,0.5193706813933477,0.03129982387593605,17.56954574584961,24.10795021057129,6
B,K,0.3|wd1.0,end,w_Win_spec,17,0.7883972213956574,6.523433925144011e-05,5.436996936798096,13.277989864349365,6
B,K,0.3|wd1.0,end,w_Win_stable_rank,17,-0.9067190792670435,1.6492230829930876e-08,9.726263046264648,3.3398512601852417,6
B,K,0.3|wd1.0,end,w_Win_eff_rank,17,-0.7560143971361201,0.00022211184785055562,24.24797241022184,16.383055790289482,6
B,K,0.3|wd1.0,end,w_Win_sv_gini,17,0.718649599913577,0.000710160704980501,0.8455864051246715,0.8898928102135037,6
B,K,0.3|wd1.0,end,w_Win_entry_gini,17,0.30265485750259835,0.2423867444257592,0.4222892884367939,0.487153400776839,6
B,K,0.3|wd1.0,end,w_Win_row_gini,17,0.784660741673403,7.609716994689696e-05,0.09101803938709696,0.17119209213133213,6
B,K,0.3|wd1.0,end,w_Win_row_pr,17,-0.7946246875994145,5.004473033484962e-05,0.970665405271765,0.9140727263004556,6
B,K,0.3|wd1.0,end,w_Win_dist_init,17,0.5417895597268736,0.023207074627088865,28.20643424987793,32.84817886352539,6
B,K,0.3|wd1.0,end,w_Win_rel_dist_init,17,0.5417895597268736,0.023207074627088865,1.2505235426993941,1.4478163679299612,6
B,K,0.3|wd1.0,end,w_Win_cos_init,17,-0.514388708430342,0.03335340396828282,0.03126004338264465,0.010820287512615323,6
B,K,0.3|wd1.0,end,w_Wout_fro,17,-0.27400851296531537,0.2927415504507034,13.624821662902832,7.5190839767456055,6
B,K,0.3|wd1.0,end,w_Wout_spec,17,-0.2640445670393039,0.31156890122665304,5.782424449920654,2.2680535316467285,6
B,K,0.3|wd1.0,end,w_Wout_stable_rank,17,0.25158963463178957,0.33604240892248327,5.551823616027832,10.739455223083496,6
B,K,0.3|wd1.0,end,w_Wout_eff_rank,17,0.5106522287080877,0.03495824023112327,16.88712294469993,38.6394188055776,6
B,K,0.3|wd1.0,end,w_Wout_sv_gini,17,-0.4209767153739845,0.09304497129467096,0.8924871685281244,0.7731499033522381,6
B,K,0.3|wd1.0,end,w_Wout_entry_gini,17,0.023664371574277233,0.9294311975135539,0.44636083925769365,0.4428942356969958,6
B,K,0.3|wd1.0,end,w_Wout_row_gini,17,0.21671582389074942,0.4099730743165389,0.08374406209443319,0.11585965514263286,6
B,K,0.3|wd1.0,end,w_Wout_row_pr,17,-0.31760077639161555,0.21835384053399484,0.9787475546792355,0.9560060610209193,6
B,K,0.3|wd1.0,end,w_Wout_dist_init,17,-0.2590625940762981,0.32123376040673496,17.507888793945312,13.624595165252686,6
B,K,0.3|wd1.0,end,w_Wout_rel_dist_init,17,-0.2590625940762981,0.32123376040673496,1.5447268003025783,1.2031276803915842,6
B,K,0.3|wd1.0,end,w_Wout_cos_init,17,-0.6526384581537511,0.0035223023970050804,0.013714300468564034,-0.002714159432798624,6
B,K,0.3|wd1.0,end,rep_dead_frac_te,17,0.6216110652616281,0.0064784398233770826,0.0,0.001953125,6
B,K,0.3|wd1.0,end,attn_to_a_mean,17,-0.5467715326898793,0.021647530304487947,0.5218019485473633,0.49514491856098175,6
B,K,0.3|wd1.0,end,attn_to_a_head_spread,17,0.25781710083554676,0.32367598815632276,0.008490179665386677,0.015892228111624718,6
B,K,0.3|wd1.0,end,attn_entropy_mean,17,-0.7821697551919002,8.415791152627165e-05,0.525485098361969,0.4019618481397629,6
B,K,0.3|wd1.0,end,unit_fourier_sum_share,17,0.5405440664861221,0.02360992550093309,0.1534142492692743,0.625018078818159,6
B,K,0.3|wd1.0,end,unit_fourier_diff_share,17,-0.5106522287080877,0.03495824023112327,0.053132883999523414,0.03419638427231221,6
B,K,0.3|wd1.0,end,unit_fourier_marginal_share,17,-0.5990822488014395,0.009649060069277146,0.7731369851405706,0.26841496979841506,6
B,K,0.3|wd1.0,end,unit_fourier_other_share,17,0.47951489768930194,0.05064563363005307,0.02031588159063169,0.056342907216970384,6
B,K,0.3|wd1.0,end,unit_sum_freq_concentration,17,0.5106522287080877,0.03495824023112327,0.14954562159494084,0.47331445517572907,6
B,K,0.3|wd1.0,end,unit_n_distinct_sum_freqs,17,-0.6868311220050469,0.0016314655303204884,4.0,2.5,6
B,K,0.3|wd1.0,end,fout_ipr,17,0.767223836302883,0.00014923797388821466,0.2304114719103742,0.634419400415768,6
B,K,0.3|wd1.0,end,fout_dc_share,17,0.9017371063040378,2.9727435880502893e-08,0.3109200729438901,0.9391304901184159,6
B,K,0.3|wd1.0,end,fout_top1_share,17,-0.5928547825976823,0.01070997060784929,0.25352694192894154,0.06787471927107072,6
B,K,0.3|wd1.0,end,fout_nfreq90,17,0.9315257268403788,4.161853695332435e-10,12.0,45.0,6
B,K,0.3|wd1.0,end,fout_freq_gini,17,-0.9266469711190665,9.695688109161247e-10,0.8380127054408257,0.35434714721444294,6
B,K,0.3|wd1.0,end,fout_freq_eff_n,17,0.881809214452015,2.244315865764832e-07,9.622687732565078,43.2131993935448,6
B,K,0.3|wd1.0,end,clock_share,17,-0.767223836302883,0.00014923797388821466,0.8021429726750249,0.45535771361365496,6
B,K,0.3|wd1.0,end,clock_nfreq90,17,0.7491043155204481,0.00028034486861347615,3.0,6.0,6
B,K,0.3|wd1.0,end,clock_top1_share,17,-0.7597508768583744,0.00019509099769219639,0.5254992099567344,0.2613056590465961,6
B,K,0.3|wd1.0,end,clock_freq_gini,17,-0.7996066605624202,4.016191917219721e-05,0.9537325498701823,0.9077181795483181,6
B,K,0.3|wd1.0,end,clock_restricted_loss_tr,17,0.9110139494490216,9.599215096098152e-09,0.0003590928972698748,2.346075415611267,6
B,K,0.3|wd1.0,end,clock_excluded_loss_tr,17,-0.72985903908034,0.000513046423334068,16.731338500976562,4.3242809772491455,6
B,K,0.3|wd1.0,end,clock_excluded_acc_tr,17,0.723838723264105,0.0006123301463853941,0.07832898199558258,10.169713020324707,6
B,K,0.3|wd1.0,end,clock_restricted_loss_te,17,0.9110139494490216,9.599215096098152e-09,0.00035909347934648395,2.346075415611267,6
B,K,0.3|wd1.0,end,clock_excluded_loss_te,17,-0.72985903908034,0.000513046423334068,17.129928588867188,4.6731297969818115,6
B,K,0.3|wd1.0,end,clock_excluded_acc_te,17,0.7246094954187101,0.0005987977727754791,0.033560801297426224,6.499608516693115,6
B,K,0.3|wd1.0,end,fin_ipr,17,0.32631922907687555,0.20504390881988865,0.17620173189048777,0.24813788223558286,6
B,K,0.3|wd1.0,end,fin_dc_share,17,0.8494263901924777,2.70054491786439e-06,0.003094444887601495,0.11152124409467806,6
B,K,0.3|wd1.0,end,fin_top1_share,17,0.8942641468595292,6.718490897125483e-08,0.28479983624470595,0.6378803586082,6
B,K,0.3|wd1.0,end,fin_nfreq90,17,0.009081876128324715,0.9728913422844657,4.0,2.0,6
B,K,0.3|wd1.0,end,fin_freq_gini,17,-0.4159947424109788,0.09752937771880878,0.9160857741606414,0.913485200311006,6
B,K,0.3|wd1.0,end,fin_freq_eff_n,17,-0.0186823986112715,0.9442642834890526,5.022413998203498,3.1302067741370028,6
B,dirichlet,0.3|wd1.0,init,fn_loss_tr,15,0.8401388774085707,2.3172139434244073e-05,3.782942314956017e-07,3.2681941986083984,5
B,dirichlet,0.3|wd1.0,init,fn_acc_tr,15,-0.8493312877573959,1.404795383666263e-05,100.0,16.187990188598633,5
B,dirichlet,0.3|wd1.0,init,fn_margin_tr,15,-0.8510497719203702,1.2736263777852137e-05,17.072566986083984,-1.021306037902832,5
B,dirichlet,0.3|wd1.0,init,fn_entropy_tr,15,0.8401388774085707,2.3172139434244073e-05,5.931918167334516e-06,3.5614709854125977,5
B,dirichlet,0.3|wd1.0,init,fn_loss_te,15,0.6110100926607787,0.013841381659124526,0.0009991505648940802,3.341339588165283,5
B,dirichlet,0.3|wd1.0,init,fn_acc_te,15,-0.5111111111111112,0.05063512679373889,99.9440689086914,13.983667373657227,5
B,dirichlet,0.3|wd1.0,init,fn_margin_te,15,-0.600099198148979,0.01632045760002202,16.14674186706543,-1.1310958862304688,5
B,dirichlet,0.3|wd1.0,init,fn_entropy_te,15,0.8401388774085707,2.3172139434244073e-05,0.0014716004952788353,3.5847883224487305,5
B,dirichlet,0.3|wd1.0,init,fn_gap_loss,15,0.5128120420545821,0.04969914863774635,0.0009987722706625846,0.09485530853271484,5
B,dirichlet,0.3|wd1.0,init,fn_gap_acc,15,0.4444444444444446,0.0979256399408053,0.05593109130859375,2.6365966796875,5
B,dirichlet,0.3|wd1.0,init,fn_class_acc_gini,15,0.7444444444444446,0.0008783699932119125,0.0005514790261968994,0.8386785743438725,5
B,dirichlet,0.3|wd1.0,init,w_all_norm,15,0.3818813079129867,0.16347753318137834,36.79249455925357,42.235805470367964,5
B,dirichlet,0.3|wd1.0,init,w_all_rel_norm,15,0.4037030969365859,0.1381112563670651,0.992012554022083,1.138777072817473,5
B,dirichlet,0.3|wd1.0,init,w_all_dist_init,15,0.44734667498378433,0.09540649063206,49.68468076801658,55.71397008058885,5
B,dirichlet,0.3|wd1.0,init,w_all_rel_dist_init,15,0.44734667498378433,0.09540649063206,1.3396163444442437,1.5021802249734746,5
B,dirichlet,0.3|wd1.0,init,w_all_cos_init,15,-0.949247822526567,2.6335578745452705e-10,0.09552146229188467,0.01768027091338598,5
B,dirichlet,0.3|wd1.0,init,rep_between_within_tr,15,0.6764754597315764,0.004378458068795629,4.438710178929445,32.718400797667485,5
B,dirichlet,0.3|wd1.0,init,rep_nc1_tr,15,-0.49099025303098287,0.062675779012202,330.0941732335493,199.5245738463577,5
B,dirichlet,0.3|wd1.0,init,rep_eff_rank_te,15,-0.600099198148979,0.01632045760002202,17.588861151337078,9.87056763936453,5
B,dirichlet,0.3|wd1.0,init,rep_pr_te,15,-0.4255248859601851,0.11545171027095363,4.932155425575208,3.941610756225946,5
B,dirichlet,0.3|wd1.0,init,rep_unit_gini_te,15,-0.08728715609439695,0.7617808582470522,0.42591680027684986,0.374467050506907,5
B,dirichlet,0.3|wd1.0,init,rep_unit_pr_te,15,0.1745743121887939,0.5411986395075382,0.45141783216224746,0.656613121580483,5
B,dirichlet,0.3|wd1.0,init,rep_between_within_te,15,0.6546536707079771,0.006652115282469617,4.242270727238995,28.420769635164955,5
B,dirichlet,0.3|wd1.0,init,unit_interaction_share,15,0.8074061938731718,0.00010524350141213583,0.22478229348288037,0.9888070235120953,5
B,dirichlet,0.3|wd1.0,init,unit_frac_interacting,15,0.9222222222222225,2.7705981815043276e-08,0.028199566528201103,1.0,5
B,dirichlet,0.3|wd1.0,init,add_share_a,15,0.15275252316519466,0.5938089902029892,0.010520914559824264,0.008072765722526564,5
B,dirichlet,0.3|wd1.0,init,add_share_b,15,0.13093073414159542,0.6482633410831735,0.010745411537598849,0.006678263320491149,5
B,dirichlet,0.3|wd1.0,init,add_share_interaction,15,-0.0545544725589981,0.849959537030684,0.8661288611983327,0.8300933301633492,5
B,dirichlet,0.3|wd1.0,init,add_acc_interaction_tr,15,-0.7637626158259734,0.0004975747231020245,62.558746337890625,16.135770797729492,5
B,dirichlet,0.3|wd1.0,init,add_acc_additive_tr,15,-0.3446174993029994,0.2132306144824747,1.4621409177780151,0.9399477243423462,5
B,dirichlet,0.3|wd1.0,init,add_acc_no_a_tr,15,-0.6900655593423543,0.003305092234162881,99.97388458251953,16.00522232055664,5
B,dirichlet,0.3|wd1.0,init,add_acc_no_b_tr,15,-0.7633269726839809,0.0005043419763060921,100.0,15.587467193603516,5
B,dirichlet,0.3|wd1.0,init,add_acc_interaction_te,15,-0.4691684640073836,0.07786000619295554,56.941490173339844,13.961294174194336,5
B,dirichlet,0.3|wd1.0,init,add_acc_additive_te,15,-0.15849124364778863,0.5797859272921203,1.0851325988769531,0.9397024512290955,5
B,dirichlet,0.3|wd1.0,init,add_acc_no_a_te,15,-0.5124141938031469,0.04991696130143892,99.84339141845703,13.994854927062988,5
B,dirichlet,0.3|wd1.0,init,add_acc_no_b_te,15,-0.48888888888888904,0.06403932822523399,99.84339141845703,14.330463409423828,5
B,dirichlet,0.3|wd1.0,init,sharp_lambda_max,15,0.9056042444793685,1.9408679881756104e-07,0.0010093885939568281,1283.669189453125,5
B,dirichlet,0.3|wd1.0,init,sharp_grad_norm,15,0.86196066643217,6.589618199130937e-06,9.97548795567127e-06,20.767398834228516,5
B,dirichlet,0.3|wd1.0,init,sharp_lr_lambda,15,0.9056042444793685,1.9408679881756104e-07,1.0093885939568282e-06,1.2836691894531251,5
B,dirichlet,0.3|wd1.0,init,w_WE_fro,15,-0.30550504633038933,0.2743052038519832,13.733040809631348,13.205525398254395,5
B,dirichlet,0.3|wd1.0,init,w_WE_spec,15,0.6219209871725783,0.011658291760714513,5.69870662689209,8.765247344970703,5
B,dirichlet,0.3|wd1.0,init,w_WE_stable_rank,15,-0.8728715609439696,3.173342639429432e-06,5.436561107635498,2.4168169498443604,5
B,dirichlet,0.3|wd1.0,init,w_WE_eff_rank,15,-0.12001983962979582,0.6761118751494081,41.67654949059343,35.23393164876345,5
B,dirichlet,0.3|wd1.0,init,w_WE_sv_gini,15,0.07637626158259733,0.7909390592571625,0.692634066703079,0.7195352521034313,5
B,dirichlet,0.3|wd1.0,init,w_WE_entry_gini,15,0.7637626158259734,0.0004975747231020245,0.39932497070139084,0.46068519727625956,5
B,dirichlet,0.3|wd1.0,init,w_WE_row_gini,15,0.7310299322905746,0.0012603584344841232,0.02227648191291931,0.0461579504567704,5
B,dirichlet,0.3|wd1.0,init,w_WE_row_pr,15,-0.7310299322905746,0.0012603584344841232,0.9984863279142892,0.9933689804617242,5
B,dirichlet,0.3|wd1.0,init,w_WE_dist_init,15,-0.07637626158259733,0.7909390592571625,16.502010345458984,16.8621826171875,5
B,dirichlet,0.3|wd1.0,init,w_WE_rel_dist_init,15,-0.09819805060619656,0.7329019916291797,1.5480653580222967,1.5818533756704944,5
B,dirichlet,0.3|wd1.0,init,w_WE_cos_init,15,-0.9274260335029676,1.347152959974893e-08,0.10216022282838821,0.022298570722341537,5
B,dirichlet,0.3|wd1.0,init,w_WU_fro,15,-0.6110100926607787,0.013841381659124526,9.101536750793457,4.51309061050415,5
B,dirichlet,0.3|wd1.0,init,w_WU_spec,15,-0.0545544725589981,0.849959537030684,3.900297164916992,4.271528244018555,5
B,dirichlet,0.3|wd1.0,init,w_WU_stable_rank,15,-0.9601587170383665,1.500446490332778e-11,4.545083045959473,1.1163026094436646,5
B,dirichlet,0.3|wd1.0,init,w_WU_eff_rank,15,-0.600099198148979,0.01632045760002202,66.49912313548948,41.027533921015575,5
B,dirichlet,0.3|wd1.0,init,w_WU_sv_gini,15,0.26186146828319085,0.3530207417045761,0.5292541186727335,0.6110397110872132,5
B,dirichlet,0.3|wd1.0,init,w_WU_entry_gini,15,-0.458257569495584,0.08632897662412624,0.4531991217261848,0.4175184731304835,5
B,dirichlet,0.3|wd1.0,init,w_WU_row_gini,15,-0.5891883036371794,0.01911943619756852,0.06716060024232173,0.02200267609515194,5
B,dirichlet,0.3|wd1.0,init,w_WU_row_pr,15,0.5673665146135802,0.025773890734503396,0.9865342061862928,0.998464322190508,5
B,dirichlet,0.3|wd1.0,init,w_WU_dist_init,15,-0.5891883036371794,0.01911943619756852,13.56714153289795,11.671735763549805,5
B,dirichlet,0.3|wd1.0,init,w_WU_rel_dist_init,15,-0.5891883036371794,0.01911943619756852,1.271277182300427,1.0962124262228565,5
B,dirichlet,0.3|wd1.0,init,w_WU_cos_init,15,-0.829227982896771,4.004038960640279e-05,0.0651865303516388,0.0021644586231559515,5
B,dirichlet,0.3|wd1.0,init,w_WQ_fro,15,0.49099025303098287,0.062675779012202,6.782440185546875,18.706073760986328,5
B,dirichlet,0.3|wd1.0,init,w_WQ_spec,15,0.49099025303098287,0.062675779012202,6.615109443664551,17.507644653320312,5
B,dirichlet,0.3|wd1.0,init,w_WQ_stable_rank,15,0.48007935851918326,0.0699818849171045,1.0512155294418335,1.1131995916366577,5
B,dirichlet,0.3|wd1.0,init,w_WQ_eff_rank,15,-0.12001983962979582,0.6761118751494081,6.280076347010193,4.457241673053653,5
B,dirichlet,0.3|wd1.0,init,w_WQ_sv_gini,15,0.229128784747792,0.41905015022367575,0.9450663834137154,0.9652316048858747,5
B,dirichlet,0.3|wd1.0,init,w_WQ_entry_gini,15,-0.16366341767699427,0.5672598672222222,0.353238113532103,0.3611417246140698,5
B,dirichlet,0.3|wd1.0,init,w_WQ_row_gini,15,0.1745743121887939,0.5411986395075382,0.09208636008608839,0.2192245410104996,5
B,dirichlet,0.3|wd1.0,init,w_WQ_row_pr,15,-0.19639610121239312,0.49063990002390784,0.970692990503535,0.8343858180556165,5
B,dirichlet,0.3|wd1.0,init,w_WQ_dist_init,15,0.5128120420545821,0.04969914863774635,12.869461059570312,21.704008102416992,5
B,dirichlet,0.3|wd1.0,init,w_WQ_rel_dist_init,15,0.5128120420545821,0.04969914863774635,1.1378201144783995,1.8951276679388673,5
B,dirichlet,0.3|wd1.0,init,w_WQ_cos_init,15,-0.7092081432669752,0.0021566267372392384,0.04642178490757942,0.023371204733848572,5
B,dirichlet,0.3|wd1.0,init,w_WK_fro,15,0.3600595188893875,0.19161787793201449,5.2267327308654785,7.301362037658691,5
B,dirichlet,0.3|wd1.0,init,w_WK_spec,15,0.5564556201017806,0.029677943085239838,3.517282485961914,5.471756935119629,5
B,dirichlet,0.3|wd1.0,init,w_WK_stable_rank,15,-0.6110100926607787,0.013841381659124526,2.115718126296997,1.8297847509384155,5
B,dirichlet,0.3|wd1.0,init,w_WK_eff_rank,15,-0.15275252316519466,0.5938089902029892,6.815933787680909,5.489626492862199,5
B,dirichlet,0.3|wd1.0,init,w_WK_sv_gini,15,0.1091089451179962,0.7043350636747241,0.9552605166904509,0.9627429239150054,5
B,dirichlet,0.3|wd1.0,init,w_WK_entry_gini,15,0.5564556201017806,0.029677943085239838,0.3950241106706238,0.45988806385805425,5
B,dirichlet,0.3|wd1.0,init,w_WK_row_gini,15,-0.12001983962979582,0.6761118751494081,0.0465951792576389,0.047355313136870913,5
B,dirichlet,0.3|wd1.0,init,w_WK_row_pr,15,0.1091089451179962,0.7043350636747241,0.9932333229751344,0.9923613152675581,5
B,dirichlet,0.3|wd1.0,init,w_WK_dist_init,15,0.3491486243775878,0.2067421481050438,12.47832202911377,13.419414520263672,5
B,dirichlet,0.3|wd1.0,init,w_WK_rel_dist_init,15,0.3491486243775878,0.2067421481050438,1.0980255633410234,1.183637264044959,5
B,dirichlet,0.3|wd1.0,init,w_WK_cos_init,15,-0.30550504633038933,0.2743052038519832,0.015676071867346764,0.014324423857033253,5
B,dirichlet,0.3|wd1.0,init,w_WV_fro,15,0.2727723627949905,0.3323198540082604,15.848906517028809,16.402313232421875,5
B,dirichlet,0.3|wd1.0,init,w_WV_spec,15,0.5564556201017806,0.029677943085239838,6.164839267730713,10.690388679504395,5
B,dirichlet,0.3|wd1.0,init,w_WV_stable_rank,15,-0.86196066643217,6.589618199130937e-06,5.634899139404297,2.35410475730896,5
B,dirichlet,0.3|wd1.0,init,w_WV_eff_rank,15,-0.720119037778775,0.001660693268819124,28.298043305264446,12.297452568589641,5
B,dirichlet,0.3|wd1.0,init,w_WV_sv_gini,15,0.7092081432669752,0.0021566267372392384,0.8176851758229287,0.9156036365279105,5
B,dirichlet,0.3|wd1.0,init,w_WV_entry_gini,15,0.6764754597315764,0.004378458068795629,0.4193335946833785,0.443899636883786,5
B,dirichlet,0.3|wd1.0,init,w_WV_row_gini,15,0.458257569495584,0.08632897662412624,0.05558125262816582,0.09409430242330497,5
B,dirichlet,0.3|wd1.0,init,w_WV_row_pr,15,-0.5128120420545821,0.04969914863774635,0.9897865605784473,0.9734753215211002,5
B,dirichlet,0.3|wd1.0,init,w_WV_dist_init,15,0.39279220242478624,0.15045123823294082,17.954233169555664,19.73018455505371,5
B,dirichlet,0.3|wd1.0,init,w_WV_rel_dist_init,15,0.39279220242478624,0.15045123823294082,1.5793306628030634,1.7444681056482352,5
B,dirichlet,0.3|wd1.0,init,w_WV_cos_init,15,-0.8510497719203702,1.2736263777852137e-05,0.15790045261383057,0.038255151361227036,5
B,dirichlet,0.3|wd1.0,init,w_WO_fro,15,0.13093073414159542,0.6482633410831735,14.82310676574707,14.60517692565918,5
B,dirichlet,0.3|wd1.0,init,w_WO_spec,15,0.600099198148979,0.01632045760002202,4.205606460571289,9.760467529296875,5
B,dirichlet,0.3|wd1.0,init,w_WO_stable_rank,15,-0.8837824554557693,1.4017600333217173e-06,7.900125503540039,2.0862433910369873,5
B,dirichlet,0.3|wd1.0,init,w_WO_eff_rank,15,-0.829227982896771,4.004038960640279e-05,29.50945632794421,13.993092841177663,5
B,dirichlet,0.3|wd1.0,init,w_WO_sv_gini,15,0.7964952993613722,0.00016178840059113533,0.8121781219060471,0.8844447050605022,5
B,dirichlet,0.3|wd1.0,init,w_WO_entry_gini,15,-0.2727723627949905,0.3323198540082604,0.41728358017632927,0.3830309229683302,5
B,dirichlet,0.3|wd1.0,init,w_WO_row_gini,15,0.9056042444793685,1.9408679881756104e-07,0.08833544357984757,0.17826182341932806,5
B,dirichlet,0.3|wd1.0,init,w_WO_row_pr,15,-0.8837824554557693,1.4017600333217173e-06,0.9750935682864788,0.9060271895019885,5
B,dirichlet,0.3|wd1.0,init,w_WO_dist_init,15,0.4364357804719848,0.10510901558655147,16.849674224853516,18.184417724609375,5
B,dirichlet,0.3|wd1.0,init,w_WO_rel_dist_init,15,0.4364357804719848,0.10510901558655147,1.4866242919289705,1.6043869313576031,5
B,dirichlet,0.3|wd1.0,init,w_WO_cos_init,15,-0.9383369280147672,2.3445069934935992e-09,0.18448001146316528,0.0335327573120594,5
B,dirichlet,0.3|wd1.0,init,w_Win_fro,15,0.39279220242478624,0.15045123823294082,18.751768112182617,20.260183334350586,5
B,dirichlet,0.3|wd1.0,init,w_Win_spec,15,0.6873863542433761,0.0034982674296334636,5.861701488494873,12.688035011291504,5
B,dirichlet,0.3|wd1.0,init,w_Win_stable_rank,15,-0.8510497719203702,1.2736263777852137e-05,7.783503532409668,2.450004816055298,5
B,dirichlet,0.3|wd1.0,init,w_Win_eff_rank,15,-0.04364357804719848,0.8797533545178342,35.21720508815044,29.82204263515099,5
B,dirichlet,0.3|wd1.0,init,w_Win_sv_gini,15,0.02182178902359924,0.9397334404525235,0.760180910946471,0.767743769753662,5
B,dirichlet,0.3|wd1.0,init,w_Win_entry_gini,15,0.7310299322905746,0.0012603584344841232,0.4197942998138453,0.45030415629814313,5
B,dirichlet,0.3|wd1.0,init,w_Win_row_gini,15,0.6219209871725783,0.011658291760714513,0.08321031494520414,0.17022093277783634,5
B,dirichlet,0.3|wd1.0,init,w_Win_row_pr,15,-0.6328318816843779,0.00974764573320172,0.9609033775089687,0.9172850591523986,5
B,dirichlet,0.3|wd1.0,init,w_Win_dist_init,15,0.5782774091253797,0.02226248391666498,27.92003059387207,30.242963790893555,5
B,dirichlet,0.3|wd1.0,init,w_Win_rel_dist_init,15,0.5782774091253797,0.02226248391666498,1.237825925149524,1.3408124503252794,5
B,dirichlet,0.3|wd1.0,init,w_Win_cos_init,15,-0.9710696115501661,2.636913279660917e-13,0.0955888032913208,0.007663501892238855,5
B,dirichlet,0.3|wd1.0,init,w_Wout_fro,15,-0.6110100926607787,0.013841381659124526,13.91118335723877,7.379673957824707,5
B,dirichlet,0.3|wd1.0,init,w_Wout_spec,15,-0.545544725589981,0.03399879704460135,5.5989179611206055,2.562037229537964,5
B,dirichlet,0.3|wd1.0,init,w_Wout_stable_rank,15,0.3382377298657882,0.22257310801269975,6.173218727111816,7.83027982711792,5
B,dirichlet,0.3|wd1.0,init,w_Wout_eff_rank,15,0.4146139914483855,0.12644834969017446,50.65281031961709,66.86337455144414,5
B,dirichlet,0.3|wd1.0,init,w_Wout_sv_gini,15,-0.2945941518185897,0.29295315546672174,0.6717577804855621,0.5946560063525392,5
B,dirichlet,0.3|wd1.0,init,w_Wout_entry_gini,15,-0.08728715609439695,0.7617808582470522,0.4338999349548218,0.4268099110035639,5
B,dirichlet,0.3|wd1.0,init,w_Wout_row_gini,15,0.3600595188893875,0.19161787793201449,0.06707633997441453,0.08471127353290853,5
B,dirichlet,0.3|wd1.0,init,w_Wout_row_pr,15,-0.3382377298657882,0.22257310801269975,0.9857738791326566,0.978539160878321,5
B,dirichlet,0.3|wd1.0,init,w_Wout_dist_init,15,-0.6110100926607787,0.013841381659124526,17.596036911010742,13.5571928024292,5
B,dirichlet,0.3|wd1.0,init,w_Wout_rel_dist_init,15,-0.600099198148979,0.01632045760002202,1.553088414796593,1.1966057575976685,5
B,dirichlet,0.3|wd1.0,init,w_Wout_cos_init,15,-0.9383369280147672,2.3445069934935992e-09,0.0383501835167408,0.0004994479240849614,5
B,dirichlet,0.3|wd1.0,init,rep_dead_frac_te,15,0.27664166758624403,0.32514035642509764,0.0,0.0,5
B,dirichlet,0.3|wd1.0,init,attn_to_a_mean,15,-0.7310299322905746,0.0012603584344841232,0.515586256980896,0.49832746386528015,5
B,dirichlet,0.3|wd1.0,init,attn_to_a_head_spread,15,-0.26186146828319085,0.3530207417045761,0.020084884017705917,0.00435853935778141,5
B,dirichlet,0.3|wd1.0,init,attn_entropy_mean,15,-0.600099198148979,0.01632045760002202,0.5343540906906128,0.29819515347480774,5
B,dirichlet,0.3|wd1.0,init,unit_fourier_sum_share,15,0.7964952993613722,0.00016178840059113533,0.12649316922562595,0.9590144770381641,5
B,dirichlet,0.3|wd1.0,init,unit_fourier_diff_share,15,-0.774673510337773,0.0003507055528598205,0.054924840965483515,0.008971197911904358,5
B,dirichlet,0.3|wd1.0,init,unit_fourier_marginal_share,15,-0.8074061938731718,0.00010524350141213583,0.7752177039384787,0.011192976401353088,5
B,dirichlet,0.3|wd1.0,init,unit_fourier_other_share,15,0.0545544725589981,0.849959537030684,0.0161019997356755,0.02082134864857843,5
B,dirichlet,0.3|wd1.0,init,unit_sum_freq_concentration,15,0.7855844048495725,0.00024138722824617787,0.12151695290454721,0.733654567327152,5
B,dirichlet,0.3|wd1.0,init,unit_n_distinct_sum_freqs,15,-0.8395198930303265,2.3933618572277458e-05,3.0,1.0,5
B,dirichlet,0.3|wd1.0,init,fout_ipr,15,0.9601587170383665,1.500446490332778e-11,0.13349666801072532,0.5713723458501978,5
B,dirichlet,0.3|wd1.0,init,fout_dc_share,15,0.9601587170383665,1.500446490332778e-11,0.20879370879024348,0.894161459266728,5
B,dirichlet,0.3|wd1.0,init,fout_top1_share,15,-0.5782774091253797,0.02226248391666498,0.2328714776621603,0.12563574554937554,5
B,dirichlet,0.3|wd1.0,init,fout_nfreq90,15,0.5957084675037573,0.017406995667788347,28.0,45.0,5
B,dirichlet,0.3|wd1.0,init,fout_freq_gini,15,-0.5782774091253797,0.02226248391666498,0.7222363151022251,0.4206910289397363,5
B,dirichlet,0.3|wd1.0,init,fout_freq_eff_n,15,0.5891883036371794,0.01911943619756852,14.931467572308502,35.917078162358,5
B,dirichlet,0.3|wd1.0,init,clock_share,15,-0.600099198148979,0.01632045760002202,0.7081177091876314,0.3210154067124819,5
B,dirichlet,0.3|wd1.0,init,clock_nfreq90,15,0.623634872778499,0.011340725380029594,3.0,4.0,5
B,dirichlet,0.3|wd1.0,init,clock_top1_share,15,-0.5237229365663817,0.043986130070219155,0.5989638330450618,0.4206666923385824,5
B,dirichlet,0.3|wd1.0,init,clock_freq_gini,15,-0.7310299322905746,0.0012603584344841232,0.9623767017975062,0.9425609069943994,5
B,dirichlet,0.3|wd1.0,init,clock_key_jaccard_final,15,0.12478795574215121,0.66389404854577,0.6666666666666666,0.8571428571428571,5
B,dirichlet,0.3|wd1.0,init,clock_restricted_loss_tr,15,0.777455111784165,0.00031960179155487127,0.03349708020687103,3.3687503337860107,5
B,dirichlet,0.3|wd1.0,init,clock_restricted_acc_tr,15,-0.5547001962252291,0.030344350779669835,100.0,0.0,5
B,dirichlet,0.3|wd1.0,init,clock_excluded_loss_tr,15,-0.4691684640073836,0.07786000619295554,28.874069213867188,4.4983415603637695,5
B,dirichlet,0.3|wd1.0,init,clock_excluded_acc_tr,15,0.4161027358844827,0.12490891269943484,1.9060052633285522,8.720626831054688,5
B,dirichlet,0.3|wd1.0,init,clock_restricted_loss_te,15,0.777455111784165,0.00031960179155487127,0.03349708393216133,3.3687503337860107,5
B,dirichlet,0.3|wd1.0,init,clock_restricted_acc_te,15,-0.5547001962252291,0.030344350779669835,100.0,0.0,5
B,dirichlet,0.3|wd1.0,init,clock_excluded_loss_te,15,-0.7528517213141737,0.0006910482238175549,29.803207397460938,4.6227707862854,5
B,dirichlet,0.3|wd1.0,init,clock_excluded_acc_te,15,0.6224770185640827,0.011554532336946583,0.3020472228527069,7.215572357177734,5
B,dirichlet,0.3|wd1.0,init,fin_ipr,15,0.5128120420545821,0.04969914863774635,0.16980681293463035,0.23520671283164998,5
B,dirichlet,0.3|wd1.0,init,fin_dc_share,15,0.8183170883849714,6.618137243945953e-05,0.0189302914914547,0.08538434027500916,5
B,dirichlet,0.3|wd1.0,init,fin_top1_share,15,0.86196066643217,6.589618199130937e-06,0.3521178790662628,0.6980601618491464,5
B,dirichlet,0.3|wd1.0,init,fin_nfreq90,15,-0.2793339679808296,0.320195136159062,6.0,3.0,5
B,dirichlet,0.3|wd1.0,init,fin_freq_gini,15,-0.1091089451179962,0.7043350636747241,0.8840057487093327,0.8998537985184807,5
B,dirichlet,0.3|wd1.0,init,fin_freq_eff_n,15,-0.49099025303098287,0.062675779012202,6.498899481130327,3.388058804319727,5
B,dirichlet,0.3|wd1.0,end,fn_loss_tr,15,0.916515138991168,5.713229912494358e-08,2.787874109344557e-07,3.4697647094726562,5
B,dirichlet,0.3|wd1.0,end,fn_acc_tr,15,-0.8493312877573959,1.404795383666263e-05,100.0,15.561357498168945,5
B,dirichlet,0.3|wd1.0,end,fn_margin_tr,15,-0.8837824554557693,1.4017600333217173e-06,17.0562686920166,-1.0429162979125977,5
B,dirichlet,0.3|wd1.0,end,fn_entropy_tr,15,0.916515138991168,5.713229912494358e-08,4.584539510688046e-06,3.4695160388946533,5
B,dirichlet,0.3|wd1.0,end,fn_loss_te,15,0.9383369280147672,2.3445069934935992e-09,0.00014577746333088726,3.5032804012298584,5
B,dirichlet,0.3|wd1.0,end,fn_acc_te,15,-0.901153313640909,3.038212980469874e-07,100.0,13.737554550170898,5
B,dirichlet,0.3|wd1.0,end,fn_margin_te,15,-0.8837824554557693,1.4017600333217173e-06,16.594432830810547,-1.0868291854858398,5
B,dirichlet,0.3|wd1.0,end,fn_entropy_te,15,0.9383369280147672,2.3445069934935992e-09,0.0002926753368228674,3.491237163543701,5
B,dirichlet,0.3|wd1.0,end,fn_gap_loss,15,0.8401388774085707,2.3172139434244073e-05,0.0001454986759199528,0.07599496841430664,5
B,dirichlet,0.3|wd1.0,end,fn_gap_acc,15,0.8571946154145232,8.859011215247987e-06,0.0,1.8238029479980469,5
B,dirichlet,0.3|wd1.0,end,fn_class_acc_gini,15,0.8979059037507258,4.146381539361917e-07,0.0,0.8518599912135227,5
B,dirichlet,0.3|wd1.0,end,w_all_norm,15,0.7092081432669752,0.0021566267372392384,33.53945069529186,39.183248420892376,5
B,dirichlet,0.3|wd1.0,end,w_all_rel_norm,15,0.7092081432669752,0.0021566267372392384,0.90430280804013,1.0564729248866616,5
B,dirichlet,0.3|wd1.0,end,w_all_dist_init,15,0.7092081432669752,0.0021566267372392384,49.83342554225692,53.8110111587786,5
B,dirichlet,0.3|wd1.0,end,w_all_rel_dist_init,15,0.7092081432669752,0.0021566267372392384,1.3436268548801142,1.4508719578163263,5
B,dirichlet,0.3|wd1.0,end,w_all_cos_init,15,-0.4364357804719848,0.10510901558655147,0.006872937276488556,0.004620420980440278,5
B,dirichlet,0.3|wd1.0,end,rep_between_within_tr,15,0.6328318816843779,0.00974764573320172,6.601330687765466,32.689253968452384,5
B,dirichlet,0.3|wd1.0,end,rep_nc1_tr,15,-0.39279220242478624,0.15045123823294082,393.3744082302415,287.5850523835852,5
B,dirichlet,0.3|wd1.0,end,rep_eff_rank_te,15,-0.458257569495584,0.08632897662412624,14.145792089600414,8.463648566635767,5
B,dirichlet,0.3|wd1.0,end,rep_pr_te,15,-0.1745743121887939,0.5411986395075382,4.503105334611004,3.3989093622794555,5
B,dirichlet,0.3|wd1.0,end,rep_unit_gini_te,15,0.5237229365663817,0.043986130070219155,0.3000524884594853,0.6244837863639678,5
B,dirichlet,0.3|wd1.0,end,rep_unit_pr_te,15,-0.5346338310781814,0.0387603526366733,0.7390029251873197,0.2069431088571629,5
B,dirichlet,0.3|wd1.0,end,rep_between_within_te,15,0.5237229365663817,0.043986130070219155,6.365953120765493,27.807060027427497,5
B,dirichlet,0.3|wd1.0,end,unit_interaction_share,15,0.7855844048495725,0.00024138722824617787,0.2369995564022661,0.9794699880817411,5
B,dirichlet,0.3|wd1.0,end,unit_frac_interacting,15,0.9634758503905088,5.150962704001706e-12,0.0234375,1.0,5
B,dirichlet,0.3|wd1.0,end,add_share_a,15,0.5891883036371794,0.01911943619756852,0.0056514706915146125,0.007983466645660723,5
B,dirichlet,0.3|wd1.0,end,add_share_b,15,0.5564556201017806,0.029677943085239838,0.005490051773791377,0.007242751022142328,5
B,dirichlet,0.3|wd1.0,end,add_share_interaction,15,0.49099025303098287,0.062675779012202,0.8457513527395779,0.8503412284422475,5
B,dirichlet,0.3|wd1.0,end,add_acc_interaction_tr,15,-0.5891883036371794,0.01911943619756852,43.342037200927734,17.02349853515625,5
B,dirichlet,0.3|wd1.0,end,add_acc_additive_tr,15,0.27947827841910744,0.31993123670299556,0.9660574793815613,1.0182766914367676,5
B,dirichlet,0.3|wd1.0,end,add_acc_no_a_tr,15,-0.8493312877573959,1.404795383666263e-05,100.0,15.665796279907227,5
B,dirichlet,0.3|wd1.0,end,add_acc_no_b_tr,15,-0.8493312877573959,1.404795383666263e-05,100.0,15.509139060974121,5
B,dirichlet,0.3|wd1.0,end,add_acc_interaction_te,15,-0.6110100926607787,0.013841381659124526,43.20393753051758,15.035239219665527,5
B,dirichlet,0.3|wd1.0,end,add_acc_additive_te,15,-0.10930430596399218,0.703826608342291,0.9732632637023926,0.8837677240371704,5
B,dirichlet,0.3|wd1.0,end,add_acc_no_a_te,15,-0.9341987329938276,4.749091392897606e-09,100.0,13.748741149902344,5
B,dirichlet,0.3|wd1.0,end,add_acc_no_b_te,15,-0.9305563467645669,8.453766816192649e-09,100.0,14.117910385131836,5
B,dirichlet,0.3|wd1.0,end,sharp_lambda_max,15,0.9274260335029676,1.347152959974893e-08,0.0016949821729213,1538.363525390625,5
B,dirichlet,0.3|wd1.0,end,sharp_grad_norm,15,0.9274260335029676,1.347152959974893e-08,1.1997144611086696e-05,18.914323806762695,5
B,dirichlet,0.3|wd1.0,end,sharp_lr_lambda,15,0.9274260335029676,1.347152959974893e-08,1.6949821729213e-06,1.538363525390625,5
B,dirichlet,0.3|wd1.0,end,w_WE_fro,15,-0.5237229365663817,0.043986130070219155,14.392803192138672,11.718278884887695,5
B,dirichlet,0.3|wd1.0,end,w_WE_spec,15,0.5237229365663817,0.043986130070219155,6.023868560791016,8.120403289794922,5
B,dirichlet,0.3|wd1.0,end,w_WE_stable_rank,15,-0.7637626158259734,0.0004975747231020245,5.122127532958984,2.362882137298584,5
B,dirichlet,0.3|wd1.0,end,w_WE_eff_rank,15,0.04364357804719848,0.8797533545178342,29.279090960184266,27.31512308653686,5
B,dirichlet,0.3|wd1.0,end,w_WE_sv_gini,15,0.04364357804719848,0.8797533545178342,0.754360623107577,0.7819352507576436,5
B,dirichlet,0.3|wd1.0,end,w_WE_entry_gini,15,0.9056042444793685,1.9408679881756104e-07,0.4043906102922732,0.4607463924875872,5
B,dirichlet,0.3|wd1.0,end,w_WE_row_gini,15,0.8510497719203702,1.2736263777852137e-05,0.021222862164366862,0.053987156068693753,5
B,dirichlet,0.3|wd1.0,end,w_WE_row_pr,15,-0.86196066643217,6.589618199130937e-06,0.9985915058185894,0.9909061272217977,5
B,dirichlet,0.3|wd1.0,end,w_WE_dist_init,15,-0.5019011475427825,0.05592180893798995,17.654396057128906,15.814337730407715,5
B,dirichlet,0.3|wd1.0,end,w_WE_rel_dist_init,15,-0.5237229365663817,0.043986130070219155,1.658181018209739,1.483554299627862,5
B,dirichlet,0.3|wd1.0,end,w_WE_cos_init,15,-0.1091089451179962,0.7043350636747241,0.010449993424117565,0.00342363934032619,5
B,dirichlet,0.3|wd1.0,end,w_WU_fro,15,-0.5564556201017806,0.029677943085239838,9.284490585327148,3.962113618850708,5
B,dirichlet,0.3|wd1.0,end,w_WU_spec,15,-0.39279220242478624,0.15045123823294082,4.797351360321045,3.678375244140625,5
B,dirichlet,0.3|wd1.0,end,w_WU_stable_rank,15,-0.9710696115501661,2.636913279660917e-13,3.7455363273620605,1.160193681716919,5
B,dirichlet,0.3|wd1.0,end,w_WU_eff_rank,15,-0.15275252316519466,0.5938089902029892,48.050309989520805,39.31885270335615,5
B,dirichlet,0.3|wd1.0,end,w_WU_sv_gini,15,-0.5673665146135802,0.025773890734503396,0.6651323033601217,0.6430337724855122,5
B,dirichlet,0.3|wd1.0,end,w_WU_entry_gini,15,-0.9601587170383665,1.500446490332778e-11,0.5794815146246337,0.4074076412542529,5
B,dirichlet,0.3|wd1.0,end,w_WU_row_gini,15,-0.8946933499675687,5.571273327797034e-07,0.10122728370839984,0.03443188108929274,5
B,dirichlet,0.3|wd1.0,end,w_WU_row_pr,15,0.9056042444793685,1.9408679881756104e-07,0.9676384135380799,0.9963430643909477,5
B,dirichlet,0.3|wd1.0,end,w_WU_dist_init,15,-0.545544725589981,0.03399879704460135,14.113797187805176,11.34975814819336,5
B,dirichlet,0.3|wd1.0,end,w_WU_rel_dist_init,15,-0.545544725589981,0.03399879704460135,1.3225002685322553,1.0651347324362368,5
B,dirichlet,0.3|wd1.0,end,w_WU_cos_init,15,-0.06546536707079771,0.820343271117467,0.008274891413748264,0.00532532949000597,5
B,dirichlet,0.3|wd1.0,end,w_WQ_fro,15,0.7855844048495725,0.00024138722824617787,5.559476375579834,15.468652725219727,5
B,dirichlet,0.3|wd1.0,end,w_WQ_spec,15,0.7855844048495725,0.00024138722824617787,5.4900288581848145,14.63770580291748,5
B,dirichlet,0.3|wd1.0,end,w_WQ_stable_rank,15,0.8183170883849714,6.618137243945953e-05,1.0215554237365723,1.1703908443450928,5
B,dirichlet,0.3|wd1.0,end,w_WQ_eff_rank,15,0.7964952993613722,0.00016178840059113533,2.049180583954103,5.829892919450234,5
B,dirichlet,0.3|wd1.0,end,w_WQ_sv_gini,15,-0.7964952993613722,0.00016178840059113533,0.9864333805084842,0.9634788119065198,5
B,dirichlet,0.3|wd1.0,end,w_WQ_entry_gini,15,-0.7528517213141737,0.0006910482238175549,0.4307626978642125,0.3285337511407638,5
B,dirichlet,0.3|wd1.0,end,w_WQ_row_gini,15,0.4255248859601851,0.11545171027095363,0.043201219514923395,0.17818803340799194,5
B,dirichlet,0.3|wd1.0,end,w_WQ_row_pr,15,-0.44734667498378433,0.09540649063206,0.993481358846614,0.899938928231527,5
B,dirichlet,0.3|wd1.0,end,w_WQ_dist_init,15,0.7855844048495725,0.00024138722824617787,12.622237205505371,19.219322204589844,5
B,dirichlet,0.3|wd1.0,end,w_WQ_rel_dist_init,15,0.774673510337773,0.0003507055528598205,1.1166350710500628,1.7002508244810768,5
B,dirichlet,0.3|wd1.0,end,w_WQ_cos_init,15,-0.12001983962979582,0.6761118751494081,0.006300997454673052,0.004275720100849867,5
B,dirichlet,0.3|wd1.0,end,w_WK_fro,15,0.774673510337773,0.0003507055528598205,5.532556056976318,8.207107543945312,5
B,dirichlet,0.3|wd1.0,end,w_WK_spec,15,0.7310299322905746,0.0012603584344841232,3.4243686199188232,6.049435138702393,5
B,dirichlet,0.3|wd1.0,end,w_WK_stable_rank,15,-0.5019011475427825,0.05592180893798995,2.610152006149292,1.8405734300613403,5
B,dirichlet,0.3|wd1.0,end,w_WK_eff_rank,15,0.8401388774085707,2.3172139434244073e-05,3.5849937836327435,8.278530501342589,5
B,dirichlet,0.3|wd1.0,end,w_WK_sv_gini,15,-0.6873863542433761,0.0034982674296334636,0.9750303437668091,0.9513395245141008,5
B,dirichlet,0.3|wd1.0,end,w_WK_entry_gini,15,0.7092081432669752,0.0021566267372392384,0.4125144860222947,0.47399896827591625,5
B,dirichlet,0.3|wd1.0,end,w_WK_row_gini,15,0.3382377298657882,0.22257310801269975,0.06853097550259579,0.08263703958682056,5
B,dirichlet,0.3|wd1.0,end,w_WK_row_pr,15,-0.44734667498378433,0.09540649063206,0.9835589185874254,0.9445019419359231,5
B,dirichlet,0.3|wd1.0,end,w_WK_dist_init,15,0.774673510337773,0.0003507055528598205,12.59695053100586,13.920273780822754,5
B,dirichlet,0.3|wd1.0,end,w_WK_rel_dist_init,15,0.7855844048495725,0.00024138722824617787,1.1084642366910502,1.224909601177742,5
B,dirichlet,0.3|wd1.0,end,w_WK_cos_init,15,0.2836832573067901,0.3122940573105462,-0.014283341355621815,0.007169846445322037,5
B,dirichlet,0.3|wd1.0,end,w_WV_fro,15,0.44734667498378433,0.09540649063206,12.800593376159668,14.890958786010742,5
B,dirichlet,0.3|wd1.0,end,w_WV_spec,15,0.5564556201017806,0.029677943085239838,5.78328275680542,10.955216407775879,5
B,dirichlet,0.3|wd1.0,end,w_WV_stable_rank,15,-0.8510497719203702,1.2736263777852137e-05,5.014939785003662,1.991779088973999,5
B,dirichlet,0.3|wd1.0,end,w_WV_eff_rank,15,-0.6982972487551756,0.0027635984503722433,16.20834729644339,6.424709777857554,5
B,dirichlet,0.3|wd1.0,end,w_WV_sv_gini,15,0.720119037778775,0.001660693268819124,0.8854243755610176,0.9610659321108483,5
B,dirichlet,0.3|wd1.0,end,w_WV_entry_gini,15,0.2727723627949905,0.3323198540082604,0.4423540227876208,0.49810711389386153,5
B,dirichlet,0.3|wd1.0,end,w_WV_row_gini,15,0.3382377298657882,0.22257310801269975,0.07436654907538287,0.0915188524399051,5
B,dirichlet,0.3|wd1.0,end,w_WV_row_pr,15,-0.3600595188893875,0.19161787793201449,0.9830767532515335,0.9723051574692342,5
B,dirichlet,0.3|wd1.0,end,w_WV_dist_init,15,0.44734667498378433,0.09540649063206,16.988523483276367,18.82756996154785,5
B,dirichlet,0.3|wd1.0,end,w_WV_rel_dist_init,15,0.458257569495584,0.08632897662412624,1.5020608294837619,1.656153079083483,5
B,dirichlet,0.3|wd1.0,end,w_WV_cos_init,15,-0.5673665146135802,0.025773890734503396,0.01775936782360077,0.005970103666186333,5
B,dirichlet,0.3|wd1.0,end,w_WO_fro,15,0.5782774091253797,0.02226248391666498,11.339539527893066,14.07944393157959,5
B,dirichlet,0.3|wd1.0,end,w_WO_spec,15,0.5237229365663817,0.043986130070219155,4.1365437507629395,10.04198169708252,5
B,dirichlet,0.3|wd1.0,end,w_WO_stable_rank,15,-0.8837824554557693,1.4017600333217173e-06,7.797700881958008,1.795541763305664,5
B,dirichlet,0.3|wd1.0,end,w_WO_eff_rank,15,-0.829227982896771,4.004038960640279e-05,19.460036722293637,4.937599387579614,5
B,dirichlet,0.3|wd1.0,end,w_WO_sv_gini,15,0.829227982896771,4.004038960640279e-05,0.8675399125144458,0.9677999723310273,5
B,dirichlet,0.3|wd1.0,end,w_WO_entry_gini,15,-0.6437427761961776,0.008086397593390459,0.42054354529764426,0.32734430815363114,5
B,dirichlet,0.3|wd1.0,end,w_WO_row_gini,15,0.7637626158259734,0.0004975747231020245,0.0867053261524271,0.12484945465295239,5
B,dirichlet,0.3|wd1.0,end,w_WO_row_pr,15,-0.7528517213141737,0.0006910482238175549,0.9773339692833372,0.9514108328723969,5
B,dirichlet,0.3|wd1.0,end,w_WO_dist_init,15,0.5782774091253797,0.02226248391666498,15.94847297668457,18.060157775878906,5
B,dirichlet,0.3|wd1.0,end,w_WO_rel_dist_init,15,0.5891883036371794,0.01911943619756852,1.4026916651617725,1.5934236417514405,5
B,dirichlet,0.3|wd1.0,end,w_WO_cos_init,15,-0.44734667498378433,0.09540649063206,0.013597178272902966,0.006528085097670555,5
B,dirichlet,0.3|wd1.0,end,w_Win_fro,15,0.6655645652197768,0.00542309317145814,15.969948768615723,23.14533042907715,5
B,dirichlet,0.3|wd1.0,end,w_Win_spec,15,0.8183170883849714,6.618137243945953e-05,5.32889461517334,15.975127220153809,5
B,dirichlet,0.3|wd1.0,end,w_Win_stable_rank,15,-0.86196066643217,6.589618199130937e-06,8.592277526855469,2.1289968490600586,5
B,dirichlet,0.3|wd1.0,end,w_Win_eff_rank,15,-0.3600595188893875,0.19161787793201449,21.966759628526077,20.39535138788561,5
B,dirichlet,0.3|wd1.0,end,w_Win_sv_gini,15,0.229128784747792,0.41905015022367575,0.8575396515227485,0.8452215155533498,5
B,dirichlet,0.3|wd1.0,end,w_Win_entry_gini,15,0.8074061938731718,0.00010524350141213583,0.4169794637285664,0.4919011371395299,5
B,dirichlet,0.3|wd1.0,end,w_Win_row_gini,15,0.774673510337773,0.0003507055528598205,0.09172810270598886,0.2192573516167824,5
B,dirichlet,0.3|wd1.0,end,w_Win_row_pr,15,-0.7964952993613722,0.00016178840059113533,0.9722631447876553,0.8421424871626988,5
B,dirichlet,0.3|wd1.0,end,w_Win_dist_init,15,0.6764754597315764,0.004378458068795629,27.648937225341797,32.331993103027344,5
B,dirichlet,0.3|wd1.0,end,w_Win_rel_dist_init,15,0.6655645652197768,0.00542309317145814,1.2197274680980732,1.4263195639206852,5
B,dirichlet,0.3|wd1.0,end,w_Win_cos_init,15,-0.3382377298657882,0.22257310801269975,0.011046809144318104,0.00399556290358305,5
B,dirichlet,0.3|wd1.0,end,w_Wout_fro,15,-0.5891883036371794,0.01911943619756852,13.815317153930664,7.750805377960205,5
B,dirichlet,0.3|wd1.0,end,w_Wout_spec,15,-0.545544725589981,0.03399879704460135,5.664409637451172,2.9416232109069824,5
B,dirichlet,0.3|wd1.0,end,w_Wout_stable_rank,15,0.4691684640073836,0.07786000619295554,5.635703086853027,6.783038139343262,5
B,dirichlet,0.3|wd1.0,end,w_Wout_eff_rank,15,0.6982972487551756,0.0027635984503722433,18.773740939129514,47.85567334104577,5
B,dirichlet,0.3|wd1.0,end,w_Wout_sv_gini,15,-0.6655645652197768,0.00542309317145814,0.885570271543151,0.7071627368751559,5
B,dirichlet,0.3|wd1.0,end,w_Wout_entry_gini,15,-0.6764754597315764,0.004378458068795629,0.46409768347403624,0.423576704504697,5
B,dirichlet,0.3|wd1.0,end,w_Wout_row_gini,15,0.06546536707079771,0.820343271117467,0.08998283791739037,0.08253522948729741,5
B,dirichlet,0.3|wd1.0,end,w_Wout_row_pr,15,-0.16366341767699427,0.5672598672222222,0.9743248838737547,0.9781714551109899,5
B,dirichlet,0.3|wd1.0,end,w_Wout_dist_init,15,-0.600099198148979,0.01632045760002202,17.840749740600586,13.736506462097168,5
B,dirichlet,0.3|wd1.0,end,w_Wout_rel_dist_init,15,-0.600099198148979,0.01632045760002202,1.5740952313637981,1.2124326150232083,5
B,dirichlet,0.3|wd1.0,end,w_Wout_cos_init,15,-0.5346338310781814,0.0387603526366733,0.0032873940654098988,0.00017511181067675352,5
B,dirichlet,0.3|wd1.0,end,rep_dead_frac_te,15,0.1889822365046136,0.507574885077882,0.0,0.0,5
B,dirichlet,0.3|wd1.0,end,attn_to_a_mean,15,-0.7310299322905746,0.0012603584344841232,0.5175570249557495,0.4958617091178894,5
B,dirichlet,0.3|wd1.0,end,attn_to_a_head_spread,15,-0.14184162865339506,0.6208194107674094,0.012108609080314636,0.008822307921946049,5
B,dirichlet,0.3|wd1.0,end,attn_entropy_mean,15,-0.8401388774085707,2.3172139434244073e-05,0.5273904800415039,0.3416367173194885,5
B,dirichlet,0.3|wd1.0,end,unit_fourier_sum_share,15,0.774673510337773,0.0003507055528598205,0.17122243321545352,0.9440402289184239,5
B,dirichlet,0.3|wd1.0,end,unit_fourier_diff_share,15,-0.7310299322905746,0.0012603584344841232,0.049028680488169135,0.018499670239846562,5
B,dirichlet,0.3|wd1.0,end,unit_fourier_marginal_share,15,-0.7855844048495725,0.00024138722824617787,0.7630004440308136,0.02053001140718502,5
B,dirichlet,0.3|wd1.0,end,unit_fourier_other_share,15,-0.2836832573067901,0.3122940573105462,0.02325704189646849,0.01693008943454455,5
B,dirichlet,0.3|wd1.0,end,unit_sum_freq_concentration,15,0.829227982896771,4.004038960640279e-05,0.1673621219868399,0.7696654120076583,5
B,dirichlet,0.3|wd1.0,end,unit_n_distinct_sum_freqs,15,-0.8249772627386527,4.8940081606954344e-05,3.0,1.0,5
B,dirichlet,0.3|wd1.0,end,fout_ipr,15,0.8946933499675687,5.571273327797034e-07,0.16964964603980326,0.5223345841158124,5
B,dirichlet,0.3|wd1.0,end,fout_dc_share,15,0.9710696115501661,2.636913279660917e-13,0.24858481973846416,0.85804661881566,5
B,dirichlet,0.3|wd1.0,end,fout_top1_share,15,-0.5346338310781814,0.0387603526366733,0.23819790972738733,0.23307649577077177,5
B,dirichlet,0.3|wd1.0,end,fout_nfreq90,15,0.8964708651703153,4.738111789429913e-07,15.0,42.0,5
B,dirichlet,0.3|wd1.0,end,fout_freq_gini,15,-0.86196066643217,6.589618199130937e-06,0.8023004930372761,0.520109314167712,5
B,dirichlet,0.3|wd1.0,end,fout_freq_eff_n,15,0.8074061938731718,0.00010524350141213583,12.1605295086671,27.11122291182168,5
B,dirichlet,0.3|wd1.0,end,clock_share,15,-0.741940826802374,0.0009414420290027111,0.6245802606154222,0.27785556086568425,5
B,dirichlet,0.3|wd1.0,end,clock_nfreq90,15,0.5112682290346253,0.050548147391794473,3.0,3.0,5
B,dirichlet,0.3|wd1.0,end,clock_top1_share,15,-0.3382377298657882,0.22257310801269975,0.6284346851383225,0.6613816559687672,5
B,dirichlet,0.3|wd1.0,end,clock_freq_gini,15,-0.458257569495584,0.08632897662412624,0.9600963452366935,0.9594486611847435,5
B,dirichlet,0.3|wd1.0,end,clock_restricted_loss_tr,15,0.8322054717689654,3.4650585263548375e-05,0.005356296431273222,3.2318379878997803,5
B,dirichlet,0.3|wd1.0,end,clock_restricted_acc_tr,15,-0.3779644730092272,0.1683226847669143,100.0,100.0,5
B,dirichlet,0.3|wd1.0,end,clock_excluded_loss_tr,15,-0.8401388774085707,2.3172139434244073e-05,45.034584045410156,4.932966709136963,5
B,dirichlet,0.3|wd1.0,end,clock_excluded_acc_tr,15,0.7548467156024852,0.0006517413909460385,0.052219320088624954,7.389033794403076,5
B,dirichlet,0.3|wd1.0,end,clock_restricted_loss_te,15,0.8322054717689654,3.4650585263548375e-05,0.00535629503428936,3.231837749481201,5
B,dirichlet,0.3|wd1.0,end,clock_restricted_acc_te,15,-0.3779644730092272,0.1683226847669143,100.0,100.0,5
B,dirichlet,0.3|wd1.0,end,clock_excluded_loss_te,15,-0.8401388774085707,2.3172139434244073e-05,45.77552795410156,4.968013286590576,5
B,dirichlet,0.3|wd1.0,end,clock_excluded_acc_te,15,0.7596649979371889,0.0005642428540710919,0.1342432051897049,5.9626359939575195,5
B,dirichlet,0.3|wd1.0,end,fin_ipr,15,0.032732683535398856,0.9096897643267184,0.23903195692680185,0.25870723777799126,5
B,dirichlet,0.3|wd1.0,end,fin_dc_share,15,0.8510497719203702,1.2736263777852137e-05,0.013693885205312324,0.09280312963776717,5
B,dirichlet,0.3|wd1.0,end,fin_top1_share,15,0.7310299322905746,0.0012603584344841232,0.3759015201725564,0.7194014531760863,5
B,dirichlet,0.3|wd1.0,end,fin_nfreq90,15,-0.011162911443718953,0.9691526422218639,3.0,2.0,5
B,dirichlet,0.3|wd1.0,end,fin_freq_gini,15,-0.4691684640073836,0.07786000619295554,0.9240883496297476,0.9206040024318154,5
B,dirichlet,0.3|wd1.0,end,fin_freq_eff_n,15,-0.1091089451179962,0.7043350636747241,3.936668817695709,2.8983695373455496,5
B,K,0.4|wd1.0,init,fn_loss_tr,15,0.934727521177759,4.353163956748983e-09,7.028373971706969e-08,3.0413479804992676,4
B,K,0.4|wd1.0,init,fn_acc_tr,15,-0.8524521342270929,1.1744154724123102e-05,100.0,20.34462594985962,4
B,K,0.4|wd1.0,init,fn_margin_tr,15,-0.9459218627487502,5.433500237096695e-10,18.450347900390625,-0.7297065258026123,4
B,K,0.4|wd1.0,init,fn_entropy_tr,15,0.9459218627487502,5.433500237096695e-10,1.5664644479329581e-06,3.2996350526809692,4
B,K,0.4|wd1.0,init,fn_loss_te,15,0.8787558133228033,2.066739247984819e-06,7.212303216874716e-07,4.248713374137878,4
B,K,0.4|wd1.0,init,fn_acc_te,15,-0.8742217111104671,2.882625651222085e-06,99.99999237060547,7.426259342581034,4
B,K,0.4|wd1.0,init,fn_margin_te,15,-0.934727521177759,4.353163956748983e-09,18.036300659179688,-1.937645673751831,4
B,K,0.4|wd1.0,init,fn_entropy_te,15,0.9123388380357765,9.33444258430554e-08,9.148180652118754e-06,3.2905733585357666,4
B,K,0.4|wd1.0,init,fn_gap_loss,15,0.8787558133228033,2.066739247984819e-06,6.010174473658481e-07,1.1781295537948608,4
B,K,0.4|wd1.0,init,fn_gap_acc,15,0.8742217111104671,2.882625651222085e-06,7.62939453125e-06,6.396458216011524,4
B,K,0.4|wd1.0,init,fn_class_acc_gini,15,0.8742217111104671,2.882625651222085e-06,0.0,0.731850009729607,4
B,K,0.4|wd1.0,init,w_all_norm,15,0.3022472224167604,0.27980022234558255,36.05492289992279,38.835187526583596,4
B,K,0.4|wd1.0,init,w_all_rel_norm,15,0.3022472224167604,0.27980022234558255,0.9671118993417241,1.045475843743027,4
B,K,0.4|wd1.0,init,w_all_dist_init,15,-0.06716604942594676,0.8157452153097116,48.27277558383417,43.497403864991036,4
B,K,0.4|wd1.0,init,w_all_rel_dist_init,15,-0.06716604942594676,0.8157452153097116,1.294834988580121,1.1667437754636167,4
B,K,0.4|wd1.0,init,w_all_cos_init,15,-0.18470663592135356,0.5174561547017678,0.13522514139126332,0.28393679988723536,4
B,K,0.4|wd1.0,init,rep_between_within_tr,15,0.06716604942594676,0.8157452153097116,2.837082532921084,12.092701540246471,4
B,K,0.4|wd1.0,init,rep_nc1_tr,15,-0.03918019549846894,0.8919843778837218,541.6066633644162,560.9436823293961,4
B,K,0.4|wd1.0,init,rep_eff_rank_te,15,-0.14552644042288462,0.6116475999733851,16.63076549099564,23.602039131813648,4
B,K,0.4|wd1.0,init,rep_pr_te,15,-0.16791512356486687,0.5570450089064166,7.264583519378487,7.098233398526725,4
B,K,0.4|wd1.0,init,rep_unit_gini_te,15,0.08395756178243344,0.7706507525967089,0.31718960127681717,0.27604097970805996,4
B,K,0.4|wd1.0,init,rep_unit_pr_te,15,-0.15672078199387576,0.5840983533079135,0.7534219444949541,0.7703888752031842,4
B,K,0.4|wd1.0,init,rep_between_within_te,15,0.06716604942594676,0.8157452153097116,2.68130536112346,11.623381809257058,4
B,K,0.4|wd1.0,init,unit_interaction_share,15,0.16791512356486687,0.5570450089064166,0.2061761300442188,0.49157171438156266,4
B,K,0.4|wd1.0,init,unit_frac_interacting,15,0.1404317102831861,0.6243419585539588,0.033203125,0.408203125,4
B,K,0.4|wd1.0,init,add_share_a,15,0.38620478419919385,0.1582332033511088,0.0034749120831012066,0.19293956809774412,4
B,K,0.4|wd1.0,init,add_share_b,15,0.5205368830510874,0.045602993546113316,0.003154749274499519,0.2331172017411512,4
B,K,0.4|wd1.0,init,add_share_interaction,15,-0.6156887864045119,0.012870387145954345,0.9572384241180008,0.4283022560290599,4
B,K,0.4|wd1.0,init,add_acc_interaction_tr,15,-0.8706766037557537,3.6994882914329447e-06,100.0,4.36655580997467,4
B,K,0.4|wd1.0,init,add_acc_additive_tr,15,0.05041957466188875,0.8612314780335809,1.0377912521362305,2.760916233062744,4
B,K,0.4|wd1.0,init,add_acc_no_a_tr,15,-0.8524521342270929,1.1744154724123102e-05,100.0,15.821420669555664,4
B,K,0.4|wd1.0,init,add_acc_no_b_tr,15,-0.8524521342270929,1.1744154724123102e-05,100.0,14.734678268432617,4
B,K,0.4|wd1.0,init,add_acc_interaction_te,15,-0.8706766037557537,3.6994882914329447e-06,99.99999237060547,3.8697465658187866,4
B,K,0.4|wd1.0,init,add_acc_additive_te,15,-0.705602005368078,0.002344157988589132,0.9135994911193848,0.4372226484119892,4
B,K,0.4|wd1.0,init,add_acc_no_a_te,15,-0.8751414606663801,2.697909370702461e-06,99.99999237060547,6.956407956779003,4
B,K,0.4|wd1.0,init,add_acc_no_b_te,15,-0.9035870757331801,2.3857367875113283e-07,99.99999237060547,8.946749441325665,4
B,K,0.4|wd1.0,init,sharp_lambda_max,15,0.8675614717518122,4.573126891653459e-06,0.0006973612471483648,91.31601333618164,4
B,K,0.4|wd1.0,init,sharp_grad_norm,15,0.9011444964647856,3.040832967656187e-07,4.3069608182122465e-06,0.9364455044269562,4
B,K,0.4|wd1.0,init,sharp_lr_lambda,15,0.8675614717518122,4.573126891653459e-06,6.973612471483648e-07,0.09131601333618164,4
B,K,0.4|wd1.0,init,w_WE_fro,15,-0.923533179606768,2.3239758965324265e-08,16.394006729125977,9.99031925201416,4
B,K,0.4|wd1.0,init,w_WE_spec,15,-0.7444237144709098,0.000878877840377749,5.9227213859558105,2.8461934328079224,4
B,K,0.4|wd1.0,init,w_WE_stable_rank,15,-0.16791512356486687,0.5570450089064166,7.661767959594727,14.750627279281616,4
B,K,0.4|wd1.0,init,w_WE_eff_rank,15,0.9067416672502813,1.723343581667337e-07,27.39064684783412,77.93491269722398,4
B,K,0.4|wd1.0,init,w_WE_sv_gini,15,-0.9403246919632545,1.634856333110463e-09,0.7912681722065049,0.45197493572959435,4
B,K,0.4|wd1.0,init,w_WE_entry_gini,15,0.6716604942594675,0.004818023582564712,0.4015344166535282,0.428239312308902,4
B,K,0.4|wd1.0,init,w_WE_row_gini,15,0.7668123976128921,0.00045224137412636583,0.015085076119945695,0.035274613081350714,4
B,K,0.4|wd1.0,init,w_WE_row_pr,15,-0.7444237144709098,0.000878877840377749,0.9992806443347374,0.9959008626839025,4
B,K,0.4|wd1.0,init,w_WE_dist_init,15,-0.9123388380357765,9.33444258430554e-08,17.552173614501953,10.78667163848877,4
B,K,0.4|wd1.0,init,w_WE_rel_dist_init,15,-0.8899501548937945,8.441846494979969e-07,1.6485798223687405,1.0159706171426102,4
B,K,0.4|wd1.0,init,w_WE_cos_init,15,-0.20149814827784024,0.4791354054132713,0.21209494769573212,0.3327619507908821,4
B,K,0.4|wd1.0,init,w_WU_fro,15,-0.1343320988518935,0.6396631812746609,6.912434101104736,7.404885292053223,4
B,K,0.4|wd1.0,init,w_WU_spec,15,-0.43657932126865384,0.10497724797924259,4.347141265869141,3.584577202796936,4
B,K,0.4|wd1.0,init,w_WU_stable_rank,15,0.5653142493350518,0.02647750222692136,2.8749024868011475,4.734988212585449,4
B,K,0.4|wd1.0,init,w_WU_eff_rank,15,0.7724095683983877,0.00037781137729432103,37.006852797263846,71.84987204490785,4
B,K,0.4|wd1.0,init,w_WU_sv_gini,15,-0.7892010807548743,0.0002120604710701122,0.7445589518979441,0.494954751820849,4
B,K,0.4|wd1.0,init,w_WU_entry_gini,15,-0.716437860543432,0.0018165845661967605,0.5135733705136303,0.43912694760954896,4
B,K,0.4|wd1.0,init,w_WU_row_gini,15,-0.0447773662839645,0.8766501364181495,0.08563874514474756,0.07344554188902874,4
B,K,0.4|wd1.0,init,w_WU_row_pr,15,0.01679151235648669,0.9536108487790274,0.9772087475022465,0.9814464986205407,4
B,K,0.4|wd1.0,init,w_WU_dist_init,15,-0.1511236112083802,0.5978128061945259,11.952357292175293,10.055878639221191,4
B,K,0.4|wd1.0,init,w_WU_rel_dist_init,15,-0.19030380670684915,0.5045374862377427,1.116699380115124,0.9437548899260023,4
B,K,0.4|wd1.0,init,w_WU_cos_init,15,-0.18470663592135356,0.5174561547017678,0.14111118018627167,0.34418025333434343,4
B,K,0.4|wd1.0,init,w_WQ_fro,15,0.9571162043197412,3.6482003955393994e-11,5.071111679077148,18.355798721313477,4
B,K,0.4|wd1.0,init,w_WQ_spec,15,0.9571162043197412,3.6482003955393994e-11,5.034248352050781,17.15585422515869,4
B,K,0.4|wd1.0,init,w_WQ_stable_rank,15,0.8115897638968566,8.846925305351894e-05,1.014694333076477,1.1358996629714966,4
B,K,0.4|wd1.0,init,w_WQ_eff_rank,15,0.7947982515403699,0.00017249949982731832,2.15029367673719,26.502162467863535,4
B,K,0.4|wd1.0,init,w_WQ_sv_gini,15,-0.7947982515403699,0.00017249949982731832,0.9843507288903814,0.7842900699667896,4
B,K,0.4|wd1.0,init,w_WQ_entry_gini,15,-0.38620478419919385,0.1582332033511088,0.40159209693822717,0.35646404533053655,4
B,K,0.4|wd1.0,init,w_WQ_row_gini,15,0.8619643009663166,6.588097793019929e-06,0.04852791917046928,0.1564392815612523,4
B,K,0.4|wd1.0,init,w_WQ_row_pr,15,-0.8507699593953255,1.2942479681715868e-05,0.9919119723758564,0.9090347753428609,4
B,K,0.4|wd1.0,init,w_WQ_dist_init,15,0.9123388380357765,9.33444258430554e-08,12.181130409240723,20.158565521240234,4
B,K,0.4|wd1.0,init,w_WQ_rel_dist_init,15,0.923533179606768,2.3239758965324265e-08,1.0739721183936946,1.7827923759453013,4
B,K,0.4|wd1.0,init,w_WQ_cos_init,15,-0.0447773662839645,0.8766501364181495,0.048079196363687515,0.15511005371809006,4
B,K,0.4|wd1.0,init,w_WK_fro,15,0.8787558133228033,2.066739247984819e-06,4.447310447692871,11.070868015289307,4
B,K,0.4|wd1.0,init,w_WK_spec,15,0.9123388380357765,9.33444258430554e-08,2.6690900325775146,7.548543453216553,4
B,K,0.4|wd1.0,init,w_WK_stable_rank,15,-0.6100916156190163,0.014038329477145211,2.7073869705200195,1.97125244140625,4
B,K,0.4|wd1.0,init,w_WK_eff_rank,15,0.6828548358304587,0.003845100411635533,3.8868547086681606,30.9467441371969,4
B,K,0.4|wd1.0,init,w_WK_sv_gini,15,-0.6044944448335208,0.01528468345306751,0.9731759727842202,0.7731155109435511,4
B,K,0.4|wd1.0,init,w_WK_entry_gini,15,0.5485227369785652,0.03277673955359766,0.3870488083291024,0.4147769515090187,4
B,K,0.4|wd1.0,init,w_WK_row_gini,15,0.005597170785495562,0.9845304896579714,0.048018990048620314,0.06353055238085248,4
B,K,0.4|wd1.0,init,w_WK_row_pr,15,-0.005597170785495562,0.9845304896579714,0.9919298291365533,0.9837454155671745,4
B,K,0.4|wd1.0,init,w_WK_dist_init,15,0.8563671301808211,9.313839150077312e-06,12.107067108154297,14.10061264038086,4
B,K,0.4|wd1.0,init,w_WK_rel_dist_init,15,0.8563671301808211,9.313839150077312e-06,1.0688458498362041,1.247597562687515,4
B,K,0.4|wd1.0,init,w_WK_cos_init,15,0.06716604942594676,0.8157452153097116,0.01369039062410593,0.16969355172477663,4
B,K,0.4|wd1.0,init,w_WV_fro,15,-0.7388265436854142,0.0010249427550998941,14.975578308105469,8.242141485214233,4
B,K,0.4|wd1.0,init,w_WV_spec,15,-0.8227841054678477,5.414363575181793e-05,5.3277363777160645,2.7742040157318115,4
B,K,0.4|wd1.0,init,w_WV_stable_rank,15,-0.1511236112083802,0.5978128061945259,7.901231288909912,12.81948435306549,4
B,K,0.4|wd1.0,init,w_WV_eff_rank,15,0.22388683141982252,0.4301532165150669,25.696753669036553,62.05115112987214,4
B,K,0.4|wd1.0,init,w_WV_sv_gini,15,-0.179109465135858,0.5305157875390198,0.8342347850462606,0.6210377004844603,4
B,K,0.4|wd1.0,init,w_WV_entry_gini,15,-0.6212859571900075,0.011777658408139238,0.43940848931824683,0.42027997391940364,4
B,K,0.4|wd1.0,init,w_WV_row_gini,15,-0.3806076134136983,0.1650432732847747,0.07163085262844815,0.05063641835980637,4
B,K,0.4|wd1.0,init,w_WV_row_pr,15,0.3806076134136983,0.1650432732847747,0.9842070166944572,0.991608158831204,4
B,K,0.4|wd1.0,init,w_WV_dist_init,15,-0.8227841054678477,5.414363575181793e-05,16.76715850830078,10.66818380355835,4
B,K,0.4|wd1.0,init,w_WV_rel_dist_init,15,-0.8227841054678477,5.414363575181793e-05,1.4696674063358324,0.9384187917280842,4
B,K,0.4|wd1.0,init,w_WV_cos_init,15,-0.179109465135858,0.5305157875390198,0.21448571979999542,0.35332078486680984,4
B,K,0.4|wd1.0,init,w_WO_fro,15,-0.6884520066159542,0.003420396961677187,13.97386646270752,9.26490831375122,4
B,K,0.4|wd1.0,init,w_WO_spec,15,-0.5541199077640607,0.030567034330095805,4.402683734893799,2.8859245777130127,4
B,K,0.4|wd1.0,init,w_WO_stable_rank,15,-0.14552644042288462,0.6116475999733851,9.897741317749023,11.360347032546997,4
B,K,0.4|wd1.0,init,w_WO_eff_rank,15,0.0447773662839645,0.8766501364181495,27.074062851023946,56.58769899975468,4
B,K,0.4|wd1.0,init,w_WO_sv_gini,15,-0.027985853927477815,0.9227492948687588,0.8221071240519602,0.6554516387914998,4
B,K,0.4|wd1.0,init,w_WO_entry_gini,15,-0.42538497969766276,0.11558854922592898,0.42055560384221136,0.4141699107683613,4
B,K,0.4|wd1.0,init,w_WO_row_gini,15,-0.7724095683983877,0.00037781137729432103,0.1477661823045564,0.08462669659053934,4
B,K,0.4|wd1.0,init,w_WO_row_pr,15,0.7724095683983877,0.00037781137729432103,0.9382200687067848,0.9773205211187119,4
B,K,0.4|wd1.0,init,w_WO_dist_init,15,-0.8395756178243343,2.3864213420900636e-05,15.838369369506836,10.728198528289795,4
B,K,0.4|wd1.0,init,w_WO_rel_dist_init,15,-0.8395756178243343,2.3864213420900636e-05,1.3925068215732344,0.945295136561604,4
B,K,0.4|wd1.0,init,w_WO_cos_init,15,-0.179109465135858,0.5305157875390198,0.2321108877658844,0.36904800310730934,4
B,K,0.4|wd1.0,init,w_Win_fro,15,0.537328395407574,0.03754217011003068,18.110511779785156,20.212002754211426,4
B,K,0.4|wd1.0,init,w_Win_spec,15,0.12313775728090239,0.668114263337622,5.582579612731934,7.6551353931427,4
B,K,0.4|wd1.0,init,w_Win_stable_rank,15,-0.15672078199387576,0.5840983533079135,10.524330139160156,11.984686493873596,4
B,K,0.4|wd1.0,init,w_Win_eff_rank,15,0.3470245887007249,0.20976853348188645,25.82935819702647,70.49830813494583,4
B,K,0.4|wd1.0,init,w_Win_sv_gini,15,-0.3470245887007249,0.20976853348188645,0.8342457681163584,0.540646333630932,4
B,K,0.4|wd1.0,init,w_Win_entry_gini,15,0.5653142493350518,0.02647750222692136,0.409840215001821,0.4321472598364251,4
B,K,0.4|wd1.0,init,w_Win_row_gini,15,-0.1623179527793713,0.5705078970392412,0.07411573264797311,0.06424449859414116,4
B,K,0.4|wd1.0,init,w_Win_row_pr,15,0.179109465135858,0.5305157875390198,0.9798017876544264,0.9846529696991227,4
B,K,0.4|wd1.0,init,w_Win_dist_init,15,-0.03918019549846894,0.8919843778837218,27.092897415161133,23.117079734802246,4
B,K,0.4|wd1.0,init,w_Win_rel_dist_init,15,-0.03918019549846894,0.8919843778837218,1.1951978804214891,1.0212600491566313,4
B,K,0.4|wd1.0,init,w_Win_cos_init,15,-0.13992926963738908,0.6255989972030584,0.12293128669261932,0.36177219450473785,4
B,K,0.4|wd1.0,init,w_Wout_fro,15,0.6156887864045119,0.012870387145954345,13.989522933959961,15.53413200378418,4
B,K,0.4|wd1.0,init,w_Wout_spec,15,-0.03918019549846894,0.8919843778837218,6.4091410636901855,5.516588091850281,4
B,K,0.4|wd1.0,init,w_Wout_stable_rank,15,0.12313775728090239,0.668114263337622,4.955098628997803,10.040271282196045,4
B,K,0.4|wd1.0,init,w_Wout_eff_rank,15,0.5877029324770341,0.019526547726570795,18.24409408344573,66.50524371479858,4
B,K,0.4|wd1.0,init,w_Wout_sv_gini,15,-0.6548689819029808,0.0066259470060769775,0.8834131311973303,0.5820536360727484,4
B,K,0.4|wd1.0,init,w_Wout_entry_gini,15,0.1959009774923447,0.4917628973586937,0.4319997466022307,0.4486722895553028,4
B,K,0.4|wd1.0,init,w_Wout_row_gini,15,-0.17351229435036244,0.5437131737858316,0.07022447317998859,0.06834160605412631,4
B,K,0.4|wd1.0,init,w_Wout_row_pr,15,0.22948400220531806,0.4183029055502925,0.9816844312159609,0.9852050124830605,4
B,K,0.4|wd1.0,init,w_Wout_dist_init,15,-0.03918019549846894,0.8919843778837218,17.314315795898438,16.641130924224854,4
B,K,0.4|wd1.0,init,w_Wout_rel_dist_init,15,-0.03918019549846894,0.8919843778837218,1.5276477908676238,1.4690614807883953,4
B,K,0.4|wd1.0,init,w_Wout_cos_init,15,-0.07836039099693788,0.7856173989613745,0.07405286282300949,0.25439764000475407,4
B,K,0.4|wd1.0,init,rep_dead_frac_te,15,0.2908375253735555,0.2995343888980293,0.0,0.0,4
B,K,0.4|wd1.0,init,attn_to_a_mean,15,0.05597170785495563,0.8461018554305891,0.5161603689193726,0.5426863133907318,4
B,K,0.4|wd1.0,init,attn_to_a_head_spread,15,0.8899501548937945,8.441846494979969e-07,0.00395182054489851,0.2604871019721031,4
B,K,0.4|wd1.0,init,attn_entropy_mean,15,-0.8339784470388388,3.174083729089178e-05,0.5447391867637634,0.32628586143255234,4
B,K,0.4|wd1.0,init,unit_fourier_sum_share,15,0.16791512356486687,0.5570450089064166,0.12488185558307777,0.4579500015304207,4
B,K,0.4|wd1.0,init,unit_fourier_diff_share,15,-0.9123388380357765,9.33444258430554e-08,0.06329147397995132,0.0033798825850095424,4
B,K,0.4|wd1.0,init,unit_fourier_marginal_share,15,-0.16791512356486687,0.5570450089064166,0.793823869041304,0.5084282855940909,4
B,K,0.4|wd1.0,init,unit_fourier_other_share,15,-0.05597170785495563,0.8461018554305891,0.016972365065126338,0.016160443148743986,4
B,K,0.4|wd1.0,init,unit_sum_freq_concentration,15,0.16791512356486687,0.5570450089064166,0.12173582523922427,0.3901535714561062,4
B,K,0.4|wd1.0,init,unit_n_distinct_sum_freqs,15,-0.13554779873397724,0.6365990619125357,4.0,13.5,4
B,K,0.4|wd1.0,init,fout_ipr,15,-0.7220350313289275,0.001583891913870838,0.26087638208464997,0.07900735507227491,4
B,K,0.4|wd1.0,init,fout_dc_share,15,-0.5821057616915385,0.021118966973883047,0.32367538432146226,0.19313500362890865,4
B,K,0.4|wd1.0,init,fout_top1_share,15,-0.3918019549846894,0.1516050309510753,0.23536811213495043,0.09206566850745236,4
B,K,0.4|wd1.0,init,fout_nfreq90,15,0.954052785890935,8.276860542148434e-11,9.0,45.0,4
B,K,0.4|wd1.0,init,fout_freq_gini,15,-0.9459218627487502,5.433500237096695e-10,0.854020586199959,0.3156246493817192,4
B,K,0.4|wd1.0,init,fout_freq_eff_n,15,0.8843529841082989,1.3394943978458392e-06,9.046637258405294,42.024215514281636,4
B,K,0.4|wd1.0,init,clock_share,15,-0.6828548358304587,0.003845100411635533,0.9277783493474494,0.19928992786860714,4
B,K,0.4|wd1.0,init,clock_nfreq90,15,-0.008526168602149317,0.9764369240508107,4.0,11.0,4
B,K,0.4|wd1.0,init,clock_top1_share,15,0.1959009774923447,0.4917628973586937,0.3960013718730208,0.5356135568649967,4
B,K,0.4|wd1.0,init,clock_freq_gini,15,0.10634624492441569,0.7115371134372745,0.9442254850433127,0.8740540312694032,4
B,K,0.4|wd1.0,init,clock_key_jaccard_final,15,-0.7516554650421708,0.0007155244178716717,1.0,0.32894736842105265,4
B,K,0.4|wd1.0,init,clock_restricted_loss_tr,15,0.8451727886098299,1.7702796032462675e-05,1.233394505106844e-05,3.41812264919281,4
B,K,0.4|wd1.0,init,clock_restricted_acc_tr,15,-0.4268327949183542,0.11417767410624721,100.0,100.0,4
B,K,0.4|wd1.0,init,clock_excluded_loss_tr,15,-0.12313775728090239,0.668114263337622,13.193903923034668,13.798775434494019,4
B,K,0.4|wd1.0,init,clock_excluded_acc_tr,15,0.1026929653496835,0.7210937804232309,0.07832387089729309,2.672801971435547,4
B,K,0.4|wd1.0,init,clock_restricted_loss_te,15,0.8451727886098299,1.7702796032462675e-05,1.2334695384197403e-05,3.4181230068206787,4
B,K,0.4|wd1.0,init,clock_restricted_acc_te,15,-0.4268327949183542,0.11417767410624721,99.99999237060547,99.99999237060547,4
B,K,0.4|wd1.0,init,clock_excluded_loss_te,15,-0.12313775728090239,0.668114263337622,13.6204833984375,15.008676767349243,4
B,K,0.4|wd1.0,init,clock_excluded_acc_te,15,-0.5783764990572314,0.02223231888558614,0.05220568925142288,0.00652571115642786,4
B,K,0.4|wd1.0,init,fin_ipr,15,-0.17351229435036244,0.5437131737858316,0.153052763252472,0.08470082890143167,4
B,K,0.4|wd1.0,init,fin_dc_share,15,0.6492718111174852,0.007332598223729569,0.0024864420694811285,0.04458977970388572,4
B,K,0.4|wd1.0,init,fin_top1_share,15,0.16791512356486687,0.5570450089064166,0.2527394712871875,0.27268316131078013,4
B,K,0.4|wd1.0,init,fin_nfreq90,15,0.5101312753876741,0.05117996059825082,5.0,44.0,4
B,K,0.4|wd1.0,init,fin_freq_gini,15,-0.6156887864045119,0.012870387145954345,0.9091947572952737,0.35435245425431416,4
B,K,0.4|wd1.0,init,fin_freq_eff_n,15,0.4085934673411761,0.13280070974829233,5.916235140400489,33.19669046384763,4
B,K,0.4|wd1.0,end,fn_loss_tr,15,0.9011444964647856,3.040832967656187e-07,2.3526676784513256e-07,1.4222549200057983,4
B,K,0.4|wd1.0,end,fn_acc_tr,15,-0.749750124930596,0.0007559550834479,100.0,46.89641761779785,4
B,K,0.4|wd1.0,end,fn_margin_tr,15,-0.9123388380357765,9.33444258430554e-08,17.727264404296875,-0.04404318332672119,4
B,K,0.4|wd1.0,end,fn_entropy_tr,15,0.9011444964647856,3.040832967656187e-07,3.925609689758858e-06,1.8333886861801147,4
B,K,0.4|wd1.0,end,fn_loss_te,15,0.8787558133228033,2.066739247984819e-06,5.741611062148877e-07,1.5413735508918762,4
B,K,0.4|wd1.0,end,fn_acc_te,15,-0.8524521342270929,1.1744154724123102e-05,99.99999237060547,37.33359146118164,4
B,K,0.4|wd1.0,end,fn_margin_te,15,-0.9011444964647856,3.040832967656187e-07,17.48138427734375,-0.20097684860229492,4
B,K,0.4|wd1.0,end,fn_entropy_te,15,0.8899501548937945,8.441846494979969e-07,8.196314411179628e-06,1.8511250019073486,4
B,K,0.4|wd1.0,end,fn_gap_loss,15,0.8227841054678477,5.414363575181793e-05,3.3889433836975513e-07,0.11911863088607788,4
B,K,0.4|wd1.0,end,fn_gap_acc,15,0.8524521342270929,1.1744154724123102e-05,7.62939453125e-06,9.562826156616211,4
B,K,0.4|wd1.0,end,fn_class_acc_gini,15,0.8524521342270929,1.1744154724123102e-05,0.0,0.4384939274581423,4
B,K,0.4|wd1.0,end,w_all_norm,15,0.05597170785495563,0.8461018554305891,36.46085835709285,35.158523520772604,4
B,K,0.4|wd1.0,end,w_all_rel_norm,15,0.05597170785495563,0.8461018554305891,0.9780004266056315,0.9454722062478187,4
B,K,0.4|wd1.0,end,w_all_dist_init,15,0.1511236112083802,0.5978128061945259,50.78838261594568,51.07031258451066,4
B,K,0.4|wd1.0,end,w_all_rel_dist_init,15,0.19030380670684915,0.5045374862377427,1.3623118627250375,1.3733899935951985,4
B,K,0.4|wd1.0,end,w_all_cos_init,15,-0.4645651751961317,0.08135994735445998,0.05142704546568732,0.02722018363882295,4
B,K,0.4|wd1.0,end,rep_between_within_tr,15,0.537328395407574,0.03754217011003068,3.8655337884666676,15.705435674931742,4
B,K,0.4|wd1.0,end,rep_nc1_tr,15,0.3302330763442382,0.23463724392588547,646.6486301523593,683.000719990366,4
B,K,0.4|wd1.0,end,rep_eff_rank_te,15,-0.8955473256792901,5.156421346987244e-07,16.65914940741873,7.439738119477715,4
B,K,0.4|wd1.0,end,rep_pr_te,15,-0.7500208852564054,0.0007500995425368914,7.792343459517682,3.431167283954755,4
B,K,0.4|wd1.0,end,rep_unit_gini_te,15,0.626883127975503,0.010756974815670494,0.22282318769983678,0.3523757126611643,4
B,K,0.4|wd1.0,end,rep_unit_pr_te,15,-0.5877029324770341,0.019526547726570795,0.841867809094243,0.6640152319370267,4
B,K,0.4|wd1.0,end,rep_between_within_te,15,0.537328395407574,0.03754217011003068,3.676600828506792,15.107720406746633,4
B,K,0.4|wd1.0,end,unit_interaction_share,15,0.923533179606768,2.3239758965324265e-08,0.21041653441652802,0.9586669415307809,4
B,K,0.4|wd1.0,end,unit_frac_interacting,15,0.9067416672502813,1.723343581667337e-07,0.00390625,0.87109375,4
B,K,0.4|wd1.0,end,add_share_a,15,0.5093425414800962,0.051621550065300656,0.002702834975587537,0.008178722702190612,4
B,K,0.4|wd1.0,end,add_share_b,15,0.5933001032625296,0.01802554029779061,0.002030144313923966,0.008754520039316116,4
B,K,0.4|wd1.0,end,add_share_interaction,15,-0.8451727886098299,1.7702796032462675e-05,0.9557882870652779,0.7876169119548497,4
B,K,0.4|wd1.0,end,add_acc_interaction_tr,15,-0.9268492878690282,1.4638680985383683e-08,100.0,8.870177984237671,4
B,K,0.4|wd1.0,end,add_acc_additive_tr,15,-0.1401798146359352,0.6249720536632875,1.1356960535049438,1.0573722124099731,4
B,K,0.4|wd1.0,end,add_acc_no_a_tr,15,-0.749750124930596,0.0007559550834479,100.0,38.78989601135254,4
B,K,0.4|wd1.0,end,add_acc_no_b_tr,15,-0.749750124930596,0.0007559550834479,100.0,38.62345886230469,4
B,K,0.4|wd1.0,end,add_acc_interaction_te,15,-0.9268492878690282,1.4638680985383683e-08,99.99999237060547,8.346384525299072,4
B,K,0.4|wd1.0,end,add_acc_additive_te,15,-0.08698946757994079,0.7625728422552229,0.9005481600761414,0.9135995507240295,4
B,K,0.4|wd1.0,end,add_acc_no_a_te,15,-0.8524521342270929,1.1744154724123102e-05,99.99999237060547,31.59096908569336,4
B,K,0.4|wd1.0,end,add_acc_no_b_te,15,-0.8560087587956656,9.516882250714628e-06,99.99999237060547,32.79169750213623,4
B,K,0.4|wd1.0,end,sharp_lambda_max,15,0.8451727886098299,1.7702796032462675e-05,0.008590064942836761,521.9457550048828,4
B,K,0.4|wd1.0,end,sharp_grad_norm,15,0.8451727886098299,1.7702796032462675e-05,2.8596939955605194e-05,5.80578351020813,4
B,K,0.4|wd1.0,end,sharp_lr_lambda,15,0.8451727886098299,1.7702796032462675e-05,8.590064942836762e-06,0.5219457550048828,4
B,K,0.4|wd1.0,end,w_WE_fro,15,-0.923533179606768,2.3239758965324265e-08,17.02178192138672,9.31965970993042,4
B,K,0.4|wd1.0,end,w_WE_spec,15,-0.5821057616915385,0.021118966973883047,6.292716979980469,5.029481410980225,4
B,K,0.4|wd1.0,end,w_WE_stable_rank,15,-0.923533179606768,2.3239758965324265e-08,6.833033561706543,3.4079344272613525,4
B,K,0.4|wd1.0,end,w_WE_eff_rank,15,0.8507699593953255,1.2942479681715868e-05,26.095768809115064,46.33379494856711,4
B,K,0.4|wd1.0,end,w_WE_sv_gini,15,-0.805992593111361,0.00011147571529869934,0.8025153371010563,0.6504221150327096,4
B,K,0.4|wd1.0,end,w_WE_entry_gini,15,0.7780067391838833,0.00031371073869791363,0.4055228020037891,0.4534155626934241,4
B,K,0.4|wd1.0,end,w_WE_row_gini,15,0.755618056041901,0.0006370388879296889,0.013947572804227093,0.0349345740137208,4
B,K,0.4|wd1.0,end,w_WE_row_pr,15,-0.7444237144709098,0.000878877840377749,0.9993610417350876,0.9961262102076893,4
B,K,0.4|wd1.0,end,w_WE_dist_init,15,-0.923533179606768,2.3239758965324265e-08,19.18088722229004,13.969422817230225,4
B,K,0.4|wd1.0,end,w_WE_rel_dist_init,15,-0.923533179606768,2.3239758965324265e-08,1.8015559978093925,1.314573265239004,4
B,K,0.4|wd1.0,end,w_WE_cos_init,15,-0.6156887864045119,0.012870387145954345,0.09708744287490845,0.02458254713565111,4
B,K,0.4|wd1.0,end,w_WU_fro,15,-0.33583024712973375,0.2261614816774028,6.759049892425537,6.28788423538208,4
B,K,0.4|wd1.0,end,w_WU_spec,15,-0.33583024712973375,0.2261614816774028,4.325547218322754,3.8018243312835693,4
B,K,0.4|wd1.0,end,w_WU_stable_rank,15,-0.03918019549846894,0.8919843778837218,2.6719071865081787,2.5576794147491455,4
B,K,0.4|wd1.0,end,w_WU_eff_rank,15,0.8899501548937945,8.441846494979969e-07,39.91982699218856,53.39510571479777,4
B,K,0.4|wd1.0,end,w_WU_sv_gini,15,-0.8451727886098299,1.7702796032462675e-05,0.7208758992699296,0.6213903688828437,4
B,K,0.4|wd1.0,end,w_WU_entry_gini,15,-0.34142741791522935,0.21787191038747272,0.5022240242115132,0.504188270405283,4
B,K,0.4|wd1.0,end,w_WU_row_gini,15,0.41978780891216716,0.12115153172599986,0.0745339610535638,0.1197996708368787,4
B,K,0.4|wd1.0,end,w_WU_row_pr,15,-0.47016234598162726,0.07711819840326523,0.9827554954341313,0.9572908867166039,4
B,K,0.4|wd1.0,end,w_WU_dist_init,15,-0.15672078199387576,0.5840983533079135,12.257059097290039,12.281743049621582,4
B,K,0.4|wd1.0,end,w_WU_rel_dist_init,15,-0.15672078199387576,0.5840983533079135,1.1451674311090771,1.1491414531092896,4
B,K,0.4|wd1.0,end,w_WU_cos_init,15,-0.6212859571900075,0.011777658408139238,0.06918101012706757,0.014996219426393509,4
B,K,0.4|wd1.0,end,w_WQ_fro,15,0.934727521177759,4.353163956748983e-09,5.0074076652526855,17.145668983459473,4
B,K,0.4|wd1.0,end,w_WQ_spec,15,0.934727521177759,4.353163956748983e-09,4.95303201675415,16.510562896728516,4
B,K,0.4|wd1.0,end,w_WQ_stable_rank,15,0.8171869346823522,6.955740070712705e-05,1.0220240354537964,1.058178961277008,4
B,K,0.4|wd1.0,end,w_WQ_eff_rank,15,0.7612152268273966,0.0005382163647210319,2.0148017971157337,3.084838726974792,4
B,K,0.4|wd1.0,end,w_WQ_sv_gini,15,-0.7668123976128921,0.00045224137412636583,0.9868543616629335,0.9795130394239197,4
B,K,0.4|wd1.0,end,w_WQ_entry_gini,15,-0.3750104426282027,0.17203618964088208,0.32422253132580137,0.3073966695790147,4
B,K,0.4|wd1.0,end,w_WQ_row_gini,15,0.6548689819029808,0.0066259470060769775,0.022212174148825703,0.09052711063587371,4
B,K,0.4|wd1.0,end,w_WQ_row_pr,15,-0.6884520066159542,0.003420396961677187,0.9983585876047727,0.9707533496399796,4
B,K,0.4|wd1.0,end,w_WQ_dist_init,15,0.934727521177759,4.353163956748983e-09,12.404333114624023,20.338887214660645,4
B,K,0.4|wd1.0,end,w_WQ_rel_dist_init,15,0.934727521177759,4.353163956748983e-09,1.0831084644331859,1.7968282640854278,4
B,K,0.4|wd1.0,end,w_WQ_cos_init,15,0.24627551456180477,0.3837391991513659,0.020067745819687843,0.023498679511249065,4
B,K,0.4|wd1.0,end,w_WK_fro,15,0.7724095683983877,0.00037781137729432103,4.585715293884277,7.813439607620239,4
B,K,0.4|wd1.0,end,w_WK_spec,15,0.8787558133228033,2.066739247984819e-06,2.8471455574035645,5.888790607452393,4
B,K,0.4|wd1.0,end,w_WK_stable_rank,15,-0.3470245887007249,0.20976853348188645,2.5939881801605225,1.91317480802536,4
B,K,0.4|wd1.0,end,w_WK_eff_rank,15,0.3470245887007249,0.20976853348188645,3.610580656971171,3.85522400510966,4
B,K,0.4|wd1.0,end,w_WK_sv_gini,15,-0.05037453706946006,0.8613543862121021,0.9745990403040927,0.9752674644404304,4
B,K,0.4|wd1.0,end,w_WK_entry_gini,15,0.6996463481869454,0.0026819790740395958,0.3750616364309389,0.44009090149033037,4
B,K,0.4|wd1.0,end,w_WK_row_gini,15,0.01679151235648669,0.9536108487790274,0.0432319447897056,0.038033552665156733,4
B,K,0.4|wd1.0,end,w_WK_row_pr,15,-0.03358302471297338,0.9073523563867278,0.9940457928305582,0.9951675852574957,4
B,K,0.4|wd1.0,end,w_WK_dist_init,15,0.7388265436854142,0.0010249427550998941,12.233686447143555,13.740621566772461,4
B,K,0.4|wd1.0,end,w_WK_rel_dist_init,15,0.7388265436854142,0.0010249427550998941,1.0796167429785082,1.2122652209009108,4
B,K,0.4|wd1.0,end,w_WK_cos_init,15,0.1511236112083802,0.5978128061945259,-0.0022246576845645905,0.009030750952661037,4
B,K,0.4|wd1.0,end,w_WV_fro,15,-0.716437860543432,0.0018165845661967605,14.13528823852539,7.07872748374939,4
B,K,0.4|wd1.0,end,w_WV_spec,15,-0.21828966063432692,0.44216417437882083,5.371748447418213,3.871466040611267,4
B,K,0.4|wd1.0,end,w_WV_stable_rank,15,-0.8899501548937945,8.441846494979969e-07,7.281867504119873,2.764219284057617,4
B,K,0.4|wd1.0,end,w_WV_eff_rank,15,-0.1623179527793713,0.5705078970392412,23.1150812371711,20.872019024673463,4
B,K,0.4|wd1.0,end,w_WV_sv_gini,15,0.15672078199387576,0.5840983533079135,0.8495902059862253,0.866299139543218,4
B,K,0.4|wd1.0,end,w_WV_entry_gini,15,-0.6772576650449631,0.004310115959335974,0.4489227182811304,0.4231033798810486,4
B,K,0.4|wd1.0,end,w_WV_row_gini,15,-0.16791512356486687,0.5570450089064166,0.07380466892999116,0.07344301692374511,4
B,K,0.4|wd1.0,end,w_WV_row_pr,15,0.03358302471297338,0.9073523563867278,0.9833366027948697,0.9817167180267141,4
B,K,0.4|wd1.0,end,w_WV_dist_init,15,-0.7332293728999186,0.0011899529674881965,17.602798461914062,13.222405433654785,4
B,K,0.4|wd1.0,end,w_WV_rel_dist_init,15,-0.7500208852564054,0.0007500995425368914,1.5429125422155603,1.1690749518636676,4
B,K,0.4|wd1.0,end,w_WV_cos_init,15,-0.7500208852564054,0.0007500995425368914,0.06234649941325188,0.019852150115184486,4
B,K,0.4|wd1.0,end,w_WO_fro,15,-0.7220350313289275,0.001583891913870838,13.490260124206543,8.516828060150146,4
B,K,0.4|wd1.0,end,w_WO_spec,15,0.5149397122655917,0.04854577559635926,4.119564056396484,4.697302341461182,4
B,K,0.4|wd1.0,end,w_WO_stable_rank,15,-0.8899501548937945,8.441846494979969e-07,10.723838806152344,2.601032257080078,4
B,K,0.4|wd1.0,end,w_WO_eff_rank,15,-0.4645651751961317,0.08135994735445998,25.820396054136456,16.02453036971745,4
B,K,0.4|wd1.0,end,w_WO_sv_gini,15,0.42538497969766276,0.11558854922592898,0.8300458117707998,0.8910826548622098,4
B,K,0.4|wd1.0,end,w_WO_entry_gini,15,-0.666063323473972,0.00537147438347417,0.427929179794889,0.3960687373008468,4
B,K,0.4|wd1.0,end,w_WO_row_gini,15,-0.358218930271716,0.19411976780269613,0.16124537584222032,0.11165140301408927,4
B,K,0.4|wd1.0,end,w_WO_row_pr,15,0.24627551456180477,0.3837391991513659,0.9262928785775728,0.9589116008712777,4
B,K,0.4|wd1.0,end,w_WO_dist_init,15,-0.6940491774014498,0.003033499624753261,17.054290771484375,14.046044826507568,4
B,K,0.4|wd1.0,end,w_WO_rel_dist_init,15,-0.6940491774014498,0.003033499624753261,1.4994104306032423,1.2355108880391397,4
B,K,0.4|wd1.0,end,w_WO_cos_init,15,-0.3918019549846894,0.1516050309510753,0.05684267729520798,0.023457848466932774,4
B,K,0.4|wd1.0,end,w_Win_fro,15,0.526134053836583,0.0427901829297161,18.759599685668945,23.28715229034424,4
B,K,0.4|wd1.0,end,w_Win_spec,15,0.8619643009663166,6.588097793019929e-06,5.442147254943848,14.6860933303833,4
B,K,0.4|wd1.0,end,w_Win_stable_rank,15,-0.923533179606768,2.3239758965324265e-08,10.618865966796875,2.5745468139648438,4
B,K,0.4|wd1.0,end,w_Win_eff_rank,15,-0.38620478419919385,0.1582332033511088,24.356427561794845,12.684163287100471,4
B,K,0.4|wd1.0,end,w_Win_sv_gini,15,0.3694132718427071,0.1792127859259387,0.8452551534817316,0.9150346941364647,4
B,K,0.4|wd1.0,end,w_Win_entry_gini,15,0.39739912577018494,0.14515769322134706,0.4072829103856199,0.44443798084805664,4
B,K,0.4|wd1.0,end,w_Win_row_gini,15,0.716437860543432,0.0018165845661967605,0.07165405914634726,0.12497224891778058,4
B,K,0.4|wd1.0,end,w_Win_row_pr,15,-0.7444237144709098,0.000878877840377749,0.9818028988279089,0.9471651889744603,4
B,K,0.4|wd1.0,end,w_Win_dist_init,15,0.5037453706946006,0.05483328868428055,28.44722557067871,31.790145874023438,4
B,K,0.4|wd1.0,end,w_Win_rel_dist_init,15,0.5037453706946006,0.05483328868428055,1.2549438026115587,1.405977699087068,4
B,K,0.4|wd1.0,end,w_Win_cos_init,15,-0.08395756178243344,0.7706507525967089,0.04772000387310982,0.04656886961311102,4
B,K,0.4|wd1.0,end,w_Wout_fro,15,0.18470663592135356,0.5174561547017678,13.817432403564453,15.805887699127197,4
B,K,0.4|wd1.0,end,w_Wout_spec,15,0.2742613684892826,0.32954692583795736,6.237989902496338,7.517564296722412,4
B,K,0.4|wd1.0,end,w_Wout_stable_rank,15,-0.6492718111174852,0.007332598223729569,5.529825210571289,3.9824098348617554,4
B,K,0.4|wd1.0,end,w_Wout_eff_rank,15,-0.15672078199387576,0.5840983533079135,17.458059468224516,15.488948229650305,4
B,K,0.4|wd1.0,end,w_Wout_sv_gini,15,0.179109465135858,0.5305157875390198,0.890922811094238,0.9032053532374491,4
B,K,0.4|wd1.0,end,w_Wout_entry_gini,15,0.8451727886098299,1.7702796032462675e-05,0.43602820401785314,0.5254879840115009,4
B,K,0.4|wd1.0,end,w_Wout_row_gini,15,0.5709114201205474,0.024591162527802815,0.06092223561748611,0.1075181023132944,4
B,K,0.4|wd1.0,end,w_Wout_row_pr,15,-0.5933001032625296,0.01802554029779061,0.987916992689898,0.9648258779796423,4
B,K,0.4|wd1.0,end,w_Wout_dist_init,15,0.1959009774923447,0.4917628973586937,17.581823348999023,19.153557777404785,4
B,K,0.4|wd1.0,end,w_Wout_rel_dist_init,15,0.1959009774923447,0.4917628973586937,1.5533148781184039,1.6910416616052293,4
B,K,0.4|wd1.0,end,w_Wout_cos_init,15,-0.4029962965556805,0.1388900148539345,0.031709350645542145,0.012074706959538162,4
B,K,0.4|wd1.0,end,rep_dead_frac_te,15,0.2908375253735555,0.2995343888980293,0.0,0.0,4
B,K,0.4|wd1.0,end,attn_to_a_mean,15,-0.8115897638968566,8.846925305351894e-05,0.5212675333023071,0.5054730772972107,4
B,K,0.4|wd1.0,end,attn_to_a_head_spread,15,0.5485227369785652,0.03277673955359766,0.006960101891309023,0.013970714062452316,4
B,K,0.4|wd1.0,end,attn_entropy_mean,15,-0.8787558133228033,2.066739247984819e-06,0.5241213440895081,0.45103220641613007,4
B,K,0.4|wd1.0,end,unit_fourier_sum_share,15,0.923533179606768,2.3239758965324265e-08,0.13477135238757343,0.9236206624356896,4
B,K,0.4|wd1.0,end,unit_fourier_diff_share,15,-0.805992593111361,0.00011147571529869934,0.05842536908043187,0.029562341934200147,4
B,K,0.4|wd1.0,end,unit_fourier_marginal_share,15,-0.923533179606768,2.3239758965324265e-08,0.7895834700353341,0.041333057753035335,4
B,K,0.4|wd1.0,end,unit_fourier_other_share,15,-0.42538497969766276,0.11558854922592898,0.017219808496660605,0.009887159463337902,4
B,K,0.4|wd1.0,end,unit_sum_freq_concentration,15,0.923533179606768,2.3239758965324265e-08,0.13180218264350796,0.8344558927572409,4
B,K,0.4|wd1.0,end,unit_n_distinct_sum_freqs,15,-0.8933266280249438,6.295293469663498e-07,4.0,1.0,4
B,K,0.4|wd1.0,end,fout_ipr,15,-0.4645651751961317,0.08135994735445998,0.22963133606002836,0.14592840990728784,4
B,K,0.4|wd1.0,end,fout_dc_share,15,0.0,1.0,0.3592821726577846,0.36913755035471346,4
B,K,0.4|wd1.0,end,fout_top1_share,15,-0.11194341570991126,0.6969688301205431,0.22314813810601233,0.19807434376005356,4
B,K,0.4|wd1.0,end,fout_nfreq90,15,0.8321043569280919,3.482306227382618e-05,10.0,35.5,4
B,K,0.4|wd1.0,end,fout_freq_gini,15,-0.805992593111361,0.00011147571529869934,0.8471973598928286,0.6241097534694442,4
B,K,0.4|wd1.0,end,fout_freq_eff_n,15,0.7947982515403699,0.00017249949982731832,9.498916812209632,22.315214369499554,4
B,K,0.4|wd1.0,end,clock_share,15,-0.8283812762533432,4.169547849710266e-05,0.9280486339197535,0.37531222343298604,4
B,K,0.4|wd1.0,end,clock_nfreq90,15,-0.6705650430986527,0.004922673444567933,4.0,2.0,4
B,K,0.4|wd1.0,end,clock_top1_share,15,0.6212859571900075,0.011777658408139238,0.41426633098641774,0.7351081272482907,4
B,K,0.4|wd1.0,end,clock_freq_gini,15,0.716437860543432,0.0018165845661967605,0.9457360671360842,0.9688585409003123,4
B,K,0.4|wd1.0,end,clock_restricted_loss_tr,15,0.8451727886098299,1.7702796032462675e-05,1.0323466085537802e-05,1.9904877543449402,4
B,K,0.4|wd1.0,end,clock_restricted_acc_tr,15,-0.2908375253735555,0.2995343888980293,100.0,100.0,4
B,K,0.4|wd1.0,end,clock_excluded_loss_tr,15,-0.02238868314198225,0.9381703966704023,13.083338737487793,19.407753944396973,4
B,K,0.4|wd1.0,end,clock_excluded_acc_tr,15,-0.6017696326441984,0.01592077674645401,0.07832387089729309,0.0,4
B,K,0.4|wd1.0,end,clock_restricted_loss_te,15,0.8451727886098299,1.7702796032462675e-05,1.0323826245439705e-05,1.9904877543449402,4
B,K,0.4|wd1.0,end,clock_restricted_acc_te,15,-0.2908375253735555,0.2995343888980293,99.99999237060547,99.99999237060547,4
B,K,0.4|wd1.0,end,clock_excluded_loss_te,15,-0.02238868314198225,0.9381703966704023,13.39785385131836,19.808592796325684,4
B,K,0.4|wd1.0,end,clock_excluded_acc_te,15,-0.6554861693877375,0.006551377220476608,0.11746280640363693,0.0,4
B,K,0.4|wd1.0,end,fin_ipr,15,0.537328395407574,0.03754217011003068,0.1717314092845128,0.19200438512640822,4
B,K,0.4|wd1.0,end,fin_dc_share,15,0.8899501548937945,8.441846494979969e-07,0.002630282163780402,0.10316828966881861,4
B,K,0.4|wd1.0,end,fin_top1_share,15,0.9123388380357765,9.33444258430554e-08,0.27989107733938146,0.6019262355933741,4
B,K,0.4|wd1.0,end,fin_nfreq90,15,0.19774751686376132,0.48758060969852174,4.0,5.5,4
B,K,0.4|wd1.0,end,fin_freq_gini,15,-0.24067834377630917,0.3950936735039416,0.9176766225608133,0.885110054964004,4
B,K,0.4|wd1.0,end,fin_freq_eff_n,15,-0.22388683141982252,0.4301532165150669,5.256148835779062,5.004526177336613,4
C,K,0.4|wd1.0,init,fn_loss_tr,15,0.5128120420545821,0.04969914863774635,4.3049103624070995e-06,3.2974436283111572,5
C,K,0.4|wd1.0,init,fn_acc_tr,15,-0.7561512453751253,0.000627033982488517,100.0,20.36458396911621,5
C,K,0.4|wd1.0,init,fn_margin_tr,15,-0.774673510337773,0.0003507055528598205,17.692657470703125,-1.2157745361328125,5
C,K,0.4|wd1.0,init,fn_entropy_tr,15,0.5237229365663817,0.043986130070219155,4.0028873627306893e-05,3.5728759765625,5
C,K,0.4|wd1.0,init,fn_loss_te,15,0.5237229365663817,0.043986130070219155,1.5083340258570388e-05,4.450610160827637,5
C,K,0.4|wd1.0,init,fn_acc_te,15,-0.8184579511016551,6.577033539532786e-05,100.0,4.826388835906982,5
C,K,0.4|wd1.0,init,fn_margin_te,15,-0.774673510337773,0.0003507055528598205,17.471923828125,-2.4619979858398438,5
C,K,0.4|wd1.0,init,fn_entropy_te,15,0.5237229365663817,0.043986130070219155,0.0001353319239569828,3.6025779247283936,5
C,K,0.4|wd1.0,init,fn_gap_loss,15,0.5019011475427825,0.05592180893798995,6.0725333241862245e-06,1.1531665325164795,5
C,K,0.4|wd1.0,init,fn_gap_acc,15,0.7405095748062592,0.0009791074997545668,0.0,15.27777910232544,5
C,K,0.4|wd1.0,init,fn_class_acc_gini,15,0.8184579511016551,6.577033539532786e-05,0.0,0.7069685415499976,5
C,K,0.4|wd1.0,init,w_all_norm,15,0.5782774091253797,0.02226248391666498,43.748679519806196,67.18234937474675,5
C,K,0.4|wd1.0,init,w_all_rel_norm,15,0.5782774091253797,0.02226248391666498,0.969169312755536,1.4906431083180134,5
C,K,0.4|wd1.0,init,w_all_dist_init,15,0.6437427761961776,0.008086397593390459,60.10183688331961,80.58079174214797,5
C,K,0.4|wd1.0,init,w_all_rel_dist_init,15,0.6546536707079771,0.006652115282469617,1.3324554565952509,1.7879279749986379,5
C,K,0.4|wd1.0,init,w_all_cos_init,15,-0.9601587170383665,1.500446490332778e-11,0.08633883473597954,0.009846378883630307,5
C,K,0.4|wd1.0,init,rep_between_within_tr,15,-0.5019011475427825,0.05592180893798995,2.235305059478374,0.6122719398322463,5
C,K,0.4|wd1.0,init,rep_nc1_tr,15,-0.7964952993613722,0.00016178840059113533,293.5909597584681,121.92441332103688,5
C,K,0.4|wd1.0,init,rep_eff_rank_te,15,0.1854852067005935,0.5156506457292339,49.82086342645919,43.583093616050164,5
C,K,0.4|wd1.0,init,rep_pr_te,15,-0.5128120420545821,0.04969914863774635,16.248377701318194,7.964324733342253,5
C,K,0.4|wd1.0,init,rep_unit_gini_te,15,-0.12001983962979582,0.6761118751494081,0.2572647651064246,0.18927463784420095,5
C,K,0.4|wd1.0,init,rep_unit_pr_te,15,0.39279220242478624,0.15045123823294082,0.6766534878374681,0.8792059914198002,5
C,K,0.4|wd1.0,init,rep_between_within_te,15,-0.5237229365663817,0.043986130070219155,2.1999535057922905,0.5325132926619158,5
C,K,0.4|wd1.0,init,unit_interaction_share,15,0.370970413401187,0.17719776032094695,0.23461380453839975,0.3302638278962682,5
C,K,0.4|wd1.0,init,unit_frac_interacting,15,0.7561512453751253,0.000627033982488517,0.0,0.052734375,5
C,K,0.4|wd1.0,init,add_share_a,15,0.5782774091253797,0.02226248391666498,0.003077076992717992,0.1018379599283422,5
C,K,0.4|wd1.0,init,add_share_b,15,0.6437427761961776,0.008086397593390459,0.002075986722545621,0.08549331616303088,5
C,K,0.4|wd1.0,init,add_share_interaction,15,-0.458257569495584,0.08632897662412624,0.9196992617805575,0.6846707733408869,5
C,K,0.4|wd1.0,init,add_acc_interaction_tr,15,-0.8184579511016551,6.577033539532786e-05,100.0,24.0625,5
C,K,0.4|wd1.0,init,add_acc_additive_tr,15,0.7153025388762705,0.0018669460453616276,0.8854166865348816,1.857638955116272,5
C,K,0.4|wd1.0,init,add_acc_no_a_tr,15,-0.7561512453751253,0.000627033982488517,100.0,20.711807250976562,5
C,K,0.4|wd1.0,init,add_acc_no_b_tr,15,-0.7561512453751253,0.000627033982488517,100.0,21.00694465637207,5
C,K,0.4|wd1.0,init,add_acc_interaction_te,15,-0.8184579511016551,6.577033539532786e-05,100.0,7.650462627410889,5
C,K,0.4|wd1.0,init,add_acc_additive_te,15,-0.3934955014703718,0.14963521946710326,0.7060185074806213,0.4745370149612427,5
C,K,0.4|wd1.0,init,add_acc_no_a_te,15,-0.8184579511016551,6.577033539532786e-05,100.0,5.995370388031006,5
C,K,0.4|wd1.0,init,add_acc_no_b_te,15,-0.8184579511016551,6.577033539532786e-05,100.0,5.972222328186035,5
C,K,0.4|wd1.0,init,irr_out_structure,15,-0.4691684640073836,0.07786000619295554,0.7621438831923388,0.6606558937309502,5
C,K,0.4|wd1.0,init,irr_out_dominant_share,15,-0.19639610121239312,0.49063990002390784,0.6921762700088696,0.6689892270642837,5
C,K,0.4|wd1.0,init,irr_out_dominant_over_random,15,-0.19639610121239312,0.49063990002390784,83.06115240106435,80.27870724771404,5
C,K,0.4|wd1.0,init,coset_s_nm1_acc_te,15,-0.8184579511016551,6.577033539532786e-05,100.0,31.701388955116272,5
C,K,0.4|wd1.0,init,coset_s_nm1_purity_te,15,-0.8184579511016551,6.577033539532786e-05,1.0,0.12003454231433507,5
C,K,0.4|wd1.0,init,coset_a_n_acc_te,15,-0.7924751590031898,0.00018810520799081347,100.0,98.27545881271362,5
C,K,0.4|wd1.0,init,coset_a_n_purity_te,15,-0.8184579511016551,6.577033539532786e-05,1.0,0.07066305499941114,5
C,K,0.4|wd1.0,init,sharp_lambda_max,15,0.4037030969365859,0.1381112563670651,0.5634364485740662,829.4365844726562,5
C,K,0.4|wd1.0,init,sharp_grad_norm,15,0.5019011475427825,0.05592180893798995,0.0014609632780775428,11.278748512268066,5
C,K,0.4|wd1.0,init,sharp_lr_lambda,15,0.4037030969365859,0.1381112563670651,0.0005634364485740662,0.8294365844726562,5
C,K,0.4|wd1.0,init,w_WE_fro,15,-0.44734667498378433,0.09540649063206,21.393705368041992,12.514181137084961,5
C,K,0.4|wd1.0,init,w_WE_spec,15,-0.5346338310781814,0.0387603526366733,7.381730556488037,5.413534164428711,5
C,K,0.4|wd1.0,init,w_WE_stable_rank,15,-0.3600595188893875,0.19161787793201449,8.717535972595215,5.3437604904174805,5
C,K,0.4|wd1.0,init,w_WE_eff_rank,15,0.545544725589981,0.03399879704460135,29.4084269839799,50.69035085349743,5
C,K,0.4|wd1.0,init,w_WE_sv_gini,15,-0.5346338310781814,0.0387603526366733,0.7770837902986947,0.6258606899820591,5
C,K,0.4|wd1.0,init,w_WE_entry_gini,15,0.7855844048495725,0.00024138722824617787,0.39599781251782273,0.41525800776265664,5
C,K,0.4|wd1.0,init,w_WE_row_gini,15,0.5346338310781814,0.0387603526366733,0.013311845446206672,0.054084986812701796,5
C,K,0.4|wd1.0,init,w_WE_row_pr,15,-0.5346338310781814,0.0387603526366733,0.9994635148602699,0.9910902514782058,5
C,K,0.4|wd1.0,init,w_WE_dist_init,15,-0.370970413401187,0.17719776032094695,22.372705459594727,16.6058349609375,5
C,K,0.4|wd1.0,init,w_WE_rel_dist_init,15,-0.370970413401187,0.17719776032094695,2.034310540805563,1.5116683568143918,5
C,K,0.4|wd1.0,init,w_WE_cos_init,15,-0.9710696115501661,2.636913279660917e-13,0.16597524285316467,0.005541210062801838,5
C,K,0.4|wd1.0,init,w_WU_fro,15,-0.2945941518185897,0.29295315546672174,9.31936264038086,3.981477737426758,5
C,K,0.4|wd1.0,init,w_WU_spec,15,-0.5891883036371794,0.01911943619756852,7.757499694824219,3.151693105697632,5
C,K,0.4|wd1.0,init,w_WU_stable_rank,15,0.19639610121239312,0.49063990002390784,1.4432015419006348,1.4924157857894897,5
C,K,0.4|wd1.0,init,w_WU_eff_rank,15,0.6655645652197768,0.00542309317145814,62.00286713270844,90.14829771752387,5
C,K,0.4|wd1.0,init,w_WU_sv_gini,15,-0.6437427761961776,0.008086397593390459,0.5430654205727214,0.31146931807678735,5
C,K,0.4|wd1.0,init,w_WU_entry_gini,15,0.4037030969365859,0.1381112563670651,0.30795703939194286,0.4093857844836337,5
C,K,0.4|wd1.0,init,w_WU_row_gini,15,0.24003967925959163,0.3963999598093877,0.021713340233200373,0.019805072953802627,5
C,K,0.4|wd1.0,init,w_WU_row_pr,15,-0.2182178902359924,0.44231921872935054,0.9985300011197509,0.9987714351646546,5
C,K,0.4|wd1.0,init,w_WU_dist_init,15,-0.2182178902359924,0.44231921872935054,13.834860801696777,11.736053466796875,5
C,K,0.4|wd1.0,init,w_WU_rel_dist_init,15,-0.2182178902359924,0.44231921872935054,1.2640337261474883,1.0630991092912876,5
C,K,0.4|wd1.0,init,w_WU_cos_init,15,-0.949247822526567,2.6335578745452705e-10,0.07470737397670746,-0.0051078153774142265,5
C,K,0.4|wd1.0,init,w_WQ_fro,15,0.6655645652197768,0.00542309317145814,8.054882049560547,28.67717170715332,5
C,K,0.4|wd1.0,init,w_WQ_spec,15,0.6655645652197768,0.00542309317145814,8.021403312683105,26.635839462280273,5
C,K,0.4|wd1.0,init,w_WQ_stable_rank,15,0.6655645652197768,0.00542309317145814,1.0061644315719604,1.1591413021087646,5
C,K,0.4|wd1.0,init,w_WQ_eff_rank,15,0.6546536707079771,0.006652115282469617,1.6042874921232144,4.766930267940615,5
C,K,0.4|wd1.0,init,w_WQ_sv_gini,15,-0.4364357804719848,0.10510901558655147,0.9945733269992707,0.9834658549141562,5
C,K,0.4|wd1.0,init,w_WQ_entry_gini,15,-0.4255248859601851,0.11545171027095363,0.46346546168688163,0.3344986663563223,5
C,K,0.4|wd1.0,init,w_WQ_row_gini,15,0.6219209871725783,0.011658291760714513,0.012289939379168668,0.10921131227430436,5
C,K,0.4|wd1.0,init,w_WQ_row_pr,15,-0.5782774091253797,0.02226248391666498,0.9994797611363341,0.9607514784019455,5
C,K,0.4|wd1.0,init,w_WQ_dist_init,15,0.6655645652197768,0.00542309317145814,17.788921356201172,32.65116500854492,5
C,K,0.4|wd1.0,init,w_WQ_rel_dist_init,15,0.6655645652197768,0.00542309317145814,1.1069995852839665,2.0366032940680436,5
C,K,0.4|wd1.0,init,w_WQ_cos_init,15,0.07637626158259733,0.7909390592571625,0.013343112543225288,0.01447704341262579,5
C,K,0.4|wd1.0,init,w_WK_fro,15,0.600099198148979,0.01632045760002202,8.084022521972656,10.285755157470703,5
C,K,0.4|wd1.0,init,w_WK_spec,15,-0.1854852067005935,0.5156506457292339,8.054017066955566,6.195655345916748,5
C,K,0.4|wd1.0,init,w_WK_stable_rank,15,0.6328318816843779,0.00974764573320172,1.008393406867981,2.4805188179016113,5
C,K,0.4|wd1.0,init,w_WK_eff_rank,15,0.6219209871725783,0.011658291760714513,1.9237147077178356,4.644528009847749,5
C,K,0.4|wd1.0,init,w_WK_sv_gini,15,-0.5128120420545821,0.04969914863774635,0.9938980902455907,0.9836711365188846,5
C,K,0.4|wd1.0,init,w_WK_entry_gini,15,0.1091089451179962,0.7043350636747241,0.4873542349267601,0.48932983985405776,5
C,K,0.4|wd1.0,init,w_WK_row_gini,15,0.5128120420545821,0.04969914863774635,0.01799212777512804,0.0642332509533472,5
C,K,0.4|wd1.0,init,w_WK_row_pr,15,-0.5019011475427825,0.05592180893798995,0.9988647854603324,0.9869459812874014,5
C,K,0.4|wd1.0,init,w_WK_dist_init,15,0.5782774091253797,0.02226248391666498,17.849971771240234,19.091772079467773,5
C,K,0.4|wd1.0,init,w_WK_rel_dist_init,15,0.5782774091253797,0.02226248391666498,1.114195527109992,1.1906040691554214,5
C,K,0.4|wd1.0,init,w_WK_cos_init,15,-0.4146139914483855,0.12644834969017446,0.01307404413819313,-0.0008907104493118823,5
C,K,0.4|wd1.0,init,w_WV_fro,15,0.6328318816843779,0.00974764573320172,20.76420783996582,52.143348693847656,5
C,K,0.4|wd1.0,init,w_WV_spec,15,0.916515138991168,5.713229912494358e-08,6.499980926513672,25.01862144470215,5
C,K,0.4|wd1.0,init,w_WV_stable_rank,15,-0.5237229365663817,0.043986130070219155,9.626531600952148,4.343921661376953,5
C,K,0.4|wd1.0,init,w_WV_eff_rank,15,-0.07637626158259733,0.7909390592571625,38.02459677886737,26.06805972861434,5
C,K,0.4|wd1.0,init,w_WV_sv_gini,15,0.1091089451179962,0.7043350636747241,0.8435849481359028,0.890914529092687,5
C,K,0.4|wd1.0,init,w_WV_entry_gini,15,-0.2182178902359924,0.44231921872935054,0.4094235316272681,0.3762872130596737,5
C,K,0.4|wd1.0,init,w_WV_row_gini,15,0.24003967925959163,0.3963999598093877,0.05048564790045185,0.047519101400325114,5
C,K,0.4|wd1.0,init,w_WV_row_pr,15,-0.25095057377139124,0.3743851884157219,0.9920902555184323,0.9931956333595893,5
C,K,0.4|wd1.0,init,w_WV_dist_init,15,0.6546536707079771,0.006652115282469617,24.59429359436035,54.54819107055664,5
C,K,0.4|wd1.0,init,w_WV_rel_dist_init,15,0.6655645652197768,0.00542309317145814,1.5358891676904345,3.406480265877097,5
C,K,0.4|wd1.0,init,w_WV_cos_init,15,-0.9601587170383665,1.500446490332778e-11,0.1325019896030426,0.002198775764554739,5
C,K,0.4|wd1.0,init,w_WO_fro,15,-0.31641594084218894,0.25635649462006643,20.492162704467773,17.00265121459961,5
C,K,0.4|wd1.0,init,w_WO_spec,15,-0.06546536707079771,0.820343271117467,5.7075371742248535,5.974087715148926,5
C,K,0.4|wd1.0,init,w_WO_stable_rank,15,-0.15275252316519466,0.5938089902029892,13.483734130859375,7.946663856506348,5
C,K,0.4|wd1.0,init,w_WO_eff_rank,15,0.19639610121239312,0.49063990002390784,42.0705571693703,50.27776992681996,5
C,K,0.4|wd1.0,init,w_WO_sv_gini,15,-0.20730699572419276,0.46618903003422607,0.8342052187231888,0.8213303616081546,5
C,K,0.4|wd1.0,init,w_WO_entry_gini,15,0.6219209871725783,0.011658291760714513,0.40325074404433314,0.41473866384651714,5
C,K,0.4|wd1.0,init,w_WO_row_gini,15,0.4146139914483855,0.12644834969017446,0.05263009131383889,0.10406213500397854,5
C,K,0.4|wd1.0,init,w_WO_row_pr,15,-0.3600595188893875,0.19161787793201449,0.9890686444141764,0.9665457748132419,5
C,K,0.4|wd1.0,init,w_WO_dist_init,15,-0.04364357804719848,0.8797533545178342,24.176538467407227,23.037551879882812,5
C,K,0.4|wd1.0,init,w_WO_rel_dist_init,15,-0.04364357804719848,0.8797533545178342,1.5112333538738214,1.4416322321447754,5
C,K,0.4|wd1.0,init,w_WO_cos_init,15,-0.9274260335029676,1.347152959974893e-08,0.14415282011032104,0.025262176990509033,5
C,K,0.4|wd1.0,init,w_Win_fro,15,0.08728715609439695,0.7617808582470522,16.469804763793945,19.026777267456055,5
C,K,0.4|wd1.0,init,w_Win_spec,15,0.7964952993613722,0.00016178840059113533,4.125249862670898,6.44132137298584,5
C,K,0.4|wd1.0,init,w_Win_stable_rank,15,-0.829227982896771,4.004038960640279e-05,15.939521789550781,7.3886332511901855,5
C,K,0.4|wd1.0,init,w_Win_eff_rank,15,0.39279220242478624,0.15045123823294082,67.4955624813737,105.06525667329447,5
C,K,0.4|wd1.0,init,w_Win_sv_gini,15,-0.49099025303098287,0.062675779012202,0.7331138353622157,0.6003513450041105,5
C,K,0.4|wd1.0,init,w_Win_entry_gini,15,0.6328318816843779,0.00974764573320172,0.38918795072516943,0.4202433698018626,5
C,K,0.4|wd1.0,init,w_Win_row_gini,15,-0.1091089451179962,0.7043350636747241,0.10819218511021167,0.09088319758448749,5
C,K,0.4|wd1.0,init,w_Win_row_pr,15,-0.02182178902359924,0.9397334404525235,0.9641421199050831,0.9740638117230705,5
C,K,0.4|wd1.0,init,w_Win_dist_init,15,0.2945941518185897,0.29295315546672174,27.23062515258789,29.296266555786133,5
C,K,0.4|wd1.0,init,w_Win_rel_dist_init,15,0.2945941518185897,0.29295315546672174,1.2043361767768035,1.2953681110349187,5
C,K,0.4|wd1.0,init,w_Win_cos_init,15,-0.7855844048495725,0.00024138722824617787,0.057007450610399246,0.04022030904889107,5
C,K,0.4|wd1.0,init,w_Wout_fro,15,-0.6328318816843779,0.00974764573320172,13.450828552246094,8.307957649230957,5
C,K,0.4|wd1.0,init,w_Wout_spec,15,-0.7092081432669752,0.0021566267372392384,5.316253662109375,2.118472099304199,5
C,K,0.4|wd1.0,init,w_Wout_stable_rank,15,0.458257569495584,0.08632897662412624,6.61067008972168,15.925641059875488,5
C,K,0.4|wd1.0,init,w_Wout_eff_rank,15,0.6982972487551756,0.0027635984503722433,55.52099481546056,184.3732778734781,5
C,K,0.4|wd1.0,init,w_Wout_sv_gini,15,-0.6764754597315764,0.004378458068795629,0.785243676582057,0.4435180118761235,5
C,K,0.4|wd1.0,init,w_Wout_entry_gini,15,-0.545544725589981,0.03399879704460135,0.4525337566357195,0.43272082580504323,5
C,K,0.4|wd1.0,init,w_Wout_row_gini,15,-0.545544725589981,0.03399879704460135,0.14601478512861998,0.05557076999305899,5
C,K,0.4|wd1.0,init,w_Wout_row_pr,15,0.5346338310781814,0.0387603526366733,0.9380087327087724,0.9896674784514741,5
C,K,0.4|wd1.0,init,w_Wout_dist_init,15,-0.6328318816843779,0.00974764573320172,20.5700740814209,18.024002075195312,5
C,K,0.4|wd1.0,init,w_Wout_rel_dist_init,15,-0.6328318816843779,0.00974764573320172,1.286275788089157,1.1270663091453001,5
C,K,0.4|wd1.0,init,w_Wout_cos_init,15,-0.9383369280147672,2.3445069934935992e-09,0.03384777531027794,-0.001204444095492363,5
C,K,0.4|wd1.0,init,attn_to_a_mean,15,0.229128784747792,0.41905015022367575,0.5007840991020203,0.5769391059875488,5
C,K,0.4|wd1.0,init,attn_to_a_head_spread,15,-0.774673510337773,0.0003507055528598205,0.5721012949943542,0.20962782204151154,5
C,K,0.4|wd1.0,init,attn_entropy_mean,15,0.7528517213141737,0.0006910482238175549,0.023024825379252434,0.24216124415397644,5
C,K,0.4|wd1.0,init,irr_E_structure,15,-0.5564556201017806,0.029677943085239838,0.8461867144648345,0.6692856097643617,5
C,K,0.4|wd1.0,init,irr_E_dominant_share,15,-0.48007935851918326,0.0699818849171045,0.8958799626833509,0.6644341645927889,5
C,K,0.4|wd1.0,init,irr_E_dominant_over_random,15,-0.30550504633038933,0.2743052038519832,6.273369864377275,4.983256234445917,5
C,K,0.4|wd1.0,init,irr_E_5,15,-0.1091089451179962,0.7043350636747241,0.009891122756633884,0.013455166754602297,5
C,K,0.4|wd1.0,init,irr_E_41,15,0.229128784747792,0.41905015022367575,0.001084555577391707,0.6644341645927889,5
C,K,0.4|wd1.0,init,irr_E_32,15,0.7964952993613722,0.00016178840059113533,0.0008315568441801571,0.05685546786956294,5
C,K,0.4|wd1.0,init,irr_E_311,15,0.8074061938731718,0.00010524350141213583,0.0016321414112840916,0.07239418183532745,5
C,K,0.4|wd1.0,init,irr_E_221,15,0.20730699572419276,0.46618903003422607,0.0008821175587585718,0.033051403282567095,5
C,K,0.4|wd1.0,init,irr_E_2111,15,0.26186146828319085,0.3530207417045761,0.0009104233700087668,0.02535586531952726,5
C,K,0.4|wd1.0,init,irr_E_11111,15,0.04364357804719848,0.8797533545178342,0.09120983336381065,0.13893210966662195,5
C,K,0.4|wd1.0,cross,fn_loss_tr,6,0.9121593238215745,0.007635881462855373,4.3049103624070995e-06,3.0942482948303223,4
C,K,0.4|wd1.0,cross,fn_acc_tr,6,-0.8754275592730113,0.018854006960033,100.0,21.29340362548828,4
C,K,0.4|wd1.0,cross,fn_margin_tr,6,-0.9710083124552245,0.00025817266985513656,17.582778930664062,-1.142437219619751,4
C,K,0.4|wd1.0,cross,fn_entropy_tr,6,0.9121593238215745,0.007635881462855373,4.0028873627306893e-05,3.3813596963882446,4
C,K,0.4|wd1.0,cross,fn_loss_te,6,0.9121593238215745,0.007635881462855373,8.419109508395195e-05,4.16654360294342,4
C,K,0.4|wd1.0,cross,fn_acc_te,6,-0.9553302944424513,0.0010651555299619202,100.0,5.885416507720947,4
C,K,0.4|wd1.0,cross,fn_margin_te,6,-0.9121593238215745,0.007635881462855373,17.00482177734375,-2.308182954788208,4
C,K,0.4|wd1.0,cross,fn_entropy_te,6,0.9121593238215745,0.007635881462855373,0.0003503733314573765,3.428568482398987,4
C,K,0.4|wd1.0,cross,fn_gap_loss,6,0.6767633692869747,0.15396010018954584,7.988618472154485e-05,1.0722953081130981,4
C,K,0.4|wd1.0,cross,fn_gap_acc,6,0.47766514722122566,0.36780732202683497,0.0,15.407987117767334,4
C,K,0.4|wd1.0,cross,fn_class_acc_gini,6,0.9553302944424513,0.0010651555299619202,0.0,0.6489105329091203,4
C,K,0.4|wd1.0,cross,w_all_norm,6,0.9121593238215745,0.007635881462855373,43.748679519806196,67.62615566414127,4
C,K,0.4|wd1.0,cross,w_all_rel_norm,6,0.9121593238215745,0.007635881462855373,0.969169312755536,1.499302233918001,4
C,K,0.4|wd1.0,cross,w_all_dist_init,6,0.9121593238215745,0.007635881462855373,60.08820221461957,80.85368654500195,4
C,K,0.4|wd1.0,cross,w_all_rel_dist_init,6,0.9121593238215745,0.007635881462855373,1.3311405574811395,1.7925670305410157,4
C,K,0.4|wd1.0,cross,w_all_cos_init,6,-0.8533103351879245,0.02804938185849115,0.08633883473597954,0.011542505691663733,4
C,K,0.4|wd1.0,cross,rep_between_within_tr,6,-0.6179143806533246,0.2113397943977926,0.9175265134824508,0.40595336269455656,4
C,K,0.4|wd1.0,cross,rep_nc1_tr,6,-0.7356123579206245,0.10318620920669153,266.69206060126487,123.3377407117969,4
C,K,0.4|wd1.0,cross,rep_eff_rank_te,6,0.1765469659009499,0.7573016680578545,51.9902814111687,51.72718283650268,4
C,K,0.4|wd1.0,cross,rep_pr_te,6,-0.6179143806533246,0.2113397943977926,36.004018262329936,13.258526103303538,4
C,K,0.4|wd1.0,cross,rep_unit_gini_te,6,-0.7944613465542746,0.06058303127776095,0.42802766040199414,0.22570599675384828,4
C,K,0.4|wd1.0,cross,rep_unit_pr_te,6,0.44136741475237473,0.4117220381536481,0.6251577970719081,0.8424745721993371,4
C,K,0.4|wd1.0,cross,rep_between_within_te,6,-0.6179143806533246,0.2113397943977926,0.8906687508975157,0.3482389481306207,4
C,K,0.4|wd1.0,cross,unit_interaction_share,6,0.9710083124552245,0.00025817266985513656,0.19327919681746727,0.41400206815751045,4
C,K,0.4|wd1.0,cross,unit_frac_interacting,6,0.8754275592730113,0.018854006960033,0.0,0.240234375,4
C,K,0.4|wd1.0,cross,add_share_a,6,0.9121593238215745,0.007635881462855373,0.0057804730695275265,0.09266915646498634,4
C,K,0.4|wd1.0,cross,add_share_b,6,0.9121593238215745,0.007635881462855373,0.0030176684426105383,0.08850795907353697,4
C,K,0.4|wd1.0,cross,add_share_interaction,6,-0.9121593238215745,0.007635881462855373,0.9553001407581106,0.6502871263263982,4
C,K,0.4|wd1.0,cross,add_acc_interaction_tr,6,-0.9553302944424513,0.0010651555299619202,100.0,26.14583396911621,4
C,K,0.4|wd1.0,cross,add_acc_additive_tr,6,0.44136741475237473,0.4117220381536481,0.78125,1.8142361640930176,4
C,K,0.4|wd1.0,cross,add_acc_no_a_tr,6,-0.8754275592730113,0.018854006960033,100.0,21.62326431274414,4
C,K,0.4|wd1.0,cross,add_acc_no_b_tr,6,-0.8754275592730113,0.018854006960033,100.0,21.49305534362793,4
C,K,0.4|wd1.0,cross,add_acc_interaction_te,6,-0.9553302944424513,0.0010651555299619202,100.0,8.628472089767456,4
C,K,0.4|wd1.0,cross,add_acc_additive_te,6,-0.44136741475237473,0.4117220381536481,0.7638888955116272,0.4861111044883728,4
C,K,0.4|wd1.0,cross,add_acc_no_a_te,6,-0.9553302944424513,0.0010651555299619202,100.0,6.956018447875977,4
C,K,0.4|wd1.0,cross,add_acc_no_b_te,6,-0.9553302944424513,0.0010651555299619202,100.0,6.846064805984497,4
C,K,0.4|wd1.0,cross,irr_out_structure,6,-0.5002164033860247,0.3411345199839353,0.7372386720675367,0.6233793111557788,4
C,K,0.4|wd1.0,cross,irr_out_dominant_share,6,0.44136741475237473,0.4117220381536481,0.5419753281154588,0.6317126444891122,4
C,K,0.4|wd1.0,cross,irr_out_dominant_over_random,6,0.44136741475237473,0.4117220381536481,65.03703937385505,75.80551733869348,4
C,K,0.4|wd1.0,cross,coset_s_nm1_acc_te,6,-0.9553302944424513,0.0010651555299619202,100.0,35.95486134290695,4
C,K,0.4|wd1.0,cross,coset_s_nm1_purity_te,6,-0.9553302944424513,0.0010651555299619202,1.0,0.16954629634884333,4
C,K,0.4|wd1.0,cross,coset_a_n_acc_te,6,-0.835914007637145,0.03649482905635301,100.0,72.77198880910873,4
C,K,0.4|wd1.0,cross,coset_a_n_purity_te,6,-0.9553302944424513,0.0010651555299619202,1.0,0.08638441682389754,4
C,K,0.4|wd1.0,cross,sharp_lambda_max,6,0.7650368522374495,0.08075212578235161,0.5634364485740662,627.5617065429688,4
C,K,0.4|wd1.0,cross,sharp_grad_norm,6,0.9121593238215745,0.007635881462855373,0.0014609632780775428,10.345770835876465,4
C,K,0.4|wd1.0,cross,sharp_lr_lambda,6,0.7650368522374495,0.08075212578235161,0.0005634364485740662,0.6275617065429687,4
C,K,0.4|wd1.0,cross,w_WE_fro,6,-0.5002164033860247,0.3411345199839353,21.393705368041992,13.058187484741211,4
C,K,0.4|wd1.0,cross,w_WE_spec,6,-0.7944613465542746,0.06058303127776095,7.245880126953125,5.69045877456665,4
C,K,0.4|wd1.0,cross,w_WE_stable_rank,6,-0.2942449431682498,0.5994647562909172,8.717535972595215,5.358384370803833,4
C,K,0.4|wd1.0,cross,w_WE_eff_rank,6,0.6767633692869747,0.15396010018954584,31.474770415932127,58.07121317301372,4
C,K,0.4|wd1.0,cross,w_WE_sv_gini,6,-0.6767633692869747,0.15396010018954584,0.7655978809821407,0.5846401384171137,4
C,K,0.4|wd1.0,cross,w_WE_entry_gini,6,0.7356123579206245,0.10318620920669153,0.3980332331456553,0.4135116133129083,4
C,K,0.4|wd1.0,cross,w_WE_row_gini,6,0.9710083124552245,0.00025817266985513656,0.009651736797906096,0.04848465747621866,4
C,K,0.4|wd1.0,cross,w_WE_row_pr,6,-0.9710083124552245,0.00025817266985513656,0.9997025264477621,0.9926588535134993,4
C,K,0.4|wd1.0,cross,w_WE_dist_init,6,-0.5002164033860247,0.3411345199839353,22.372705459594727,17.015716552734375,4
C,K,0.4|wd1.0,cross,w_WE_rel_dist_init,6,-0.5002164033860247,0.3411345199839353,2.034310540805563,1.551813164428454,4
C,K,0.4|wd1.0,cross,w_WE_cos_init,6,-0.8533103351879245,0.02804938185849115,0.16597524285316467,0.007024042890407145,4
C,K,0.4|wd1.0,cross,w_WU_fro,6,-0.5002164033860247,0.3411345199839353,8.453876495361328,3.915867567062378,4
C,K,0.4|wd1.0,cross,w_WU_spec,6,-0.7944613465542746,0.06058303127776095,6.226027488708496,3.113670587539673,4
C,K,0.4|wd1.0,cross,w_WU_stable_rank,6,-0.44136741475237473,0.4117220381536481,1.8437141180038452,1.5840890407562256,4
C,K,0.4|wd1.0,cross,w_WU_eff_rank,6,0.5002164033860247,0.3411345199839353,62.33884982721256,91.25533807631444,4
C,K,0.4|wd1.0,cross,w_WU_sv_gini,6,-0.7356123579206245,0.10318620920669153,0.5605295896434144,0.3065466643523296,4
C,K,0.4|wd1.0,cross,w_WU_entry_gini,6,-0.9121593238215745,0.007635881462855373,0.44646330738632733,0.4113230706618587,4
C,K,0.4|wd1.0,cross,w_WU_row_gini,6,-0.08827348295047495,0.8781671005971855,0.014678996318176374,0.02314604327320746,4
C,K,0.4|wd1.0,cross,w_WU_row_pr,6,0.08827348295047495,0.8781671005971855,0.99932685932772,0.9982931370867822,4
C,K,0.4|wd1.0,cross,w_WU_dist_init,6,-0.44136741475237473,0.4117220381536481,13.117593765258789,11.68111801147461,4
C,K,0.4|wd1.0,cross,w_WU_rel_dist_init,6,-0.44136741475237473,0.4117220381536481,1.18824460772482,1.0626675423134995,4
C,K,0.4|wd1.0,cross,w_WU_cos_init,6,-0.8827348295047495,0.016211287449618302,0.11393743753433228,-0.0033383798800059594,4
C,K,0.4|wd1.0,cross,w_WQ_fro,6,0.7356123579206245,0.10318620920669153,8.054882049560547,34.223198890686035,4
C,K,0.4|wd1.0,cross,w_WQ_spec,6,0.7356123579206245,0.10318620920669153,8.021403312683105,30.942182540893555,4
C,K,0.4|wd1.0,cross,w_WQ_stable_rank,6,0.6767633692869747,0.15396010018954584,1.008307695388794,1.29928058385849,4
C,K,0.4|wd1.0,cross,w_WQ_eff_rank,6,0.44136741475237473,0.4117220381536481,2.8313520551745057,6.406104015430441,4
C,K,0.4|wd1.0,cross,w_WQ_sv_gini,6,0.029424494316824982,0.9593419075521334,0.976449614388951,0.9793839213215283,4
C,K,0.4|wd1.0,cross,w_WQ_entry_gini,6,-0.11769797726729993,0.837722043706782,0.3981112983800992,0.3697285529155214,4
C,K,0.4|wd1.0,cross,w_WQ_row_gini,6,0.41194292043554975,0.44812185346831435,0.044957911488123115,0.14508143020191544,4
C,K,0.4|wd1.0,cross,w_WQ_row_pr,6,-0.1471224715841249,0.7974208690818302,0.9897485628035113,0.9158472946002212,4
C,K,0.4|wd1.0,cross,w_WQ_dist_init,6,0.7356123579206245,0.10318620920669153,17.788921356201172,37.925583839416504,4
C,K,0.4|wd1.0,cross,w_WQ_rel_dist_init,6,0.7356123579206245,0.10318620920669153,1.1069995852839665,2.365624871559342,4
C,K,0.4|wd1.0,cross,w_WQ_cos_init,6,-0.6179143806533246,0.2113397943977926,0.025741875171661377,0.014076230581849813,4
C,K,0.4|wd1.0,cross,w_WK_fro,6,0.7356123579206245,0.10318620920669153,8.084022521972656,12.106874465942383,4
C,K,0.4|wd1.0,cross,w_WK_spec,6,0.029424494316824982,0.9593419075521334,8.054017066955566,7.712486505508423,4
C,K,0.4|wd1.0,cross,w_WK_stable_rank,6,0.6767633692869747,0.15396010018954584,1.007398247718811,2.467048764228821,4
C,K,0.4|wd1.0,cross,w_WK_eff_rank,6,0.44136741475237473,0.4117220381536481,2.686594691627636,6.924726651583887,4
C,K,0.4|wd1.0,cross,w_WK_sv_gini,6,-0.1765469659009499,0.7573016680578545,0.9780698062437656,0.9772136247290588,4
C,K,0.4|wd1.0,cross,w_WK_entry_gini,6,0.7944613465542746,0.06058303127776095,0.3805256321868715,0.48743332566694275,4
C,K,0.4|wd1.0,cross,w_WK_row_gini,6,0.26482044885142486,0.6384407492402092,0.04456260877810725,0.09015731681042471,4
C,K,0.4|wd1.0,cross,w_WK_row_pr,6,-0.1471224715841249,0.7974208690818302,0.9898387748437456,0.9611132720979636,4
C,K,0.4|wd1.0,cross,w_WK_dist_init,6,0.6767633692869747,0.15396010018954584,17.849971771240234,20.132805824279785,4
C,K,0.4|wd1.0,cross,w_WK_rel_dist_init,6,0.6767633692869747,0.15396010018954584,1.114195527109992,1.256232827918549,4
C,K,0.4|wd1.0,cross,w_WK_cos_init,6,-0.7650368522374495,0.08075212578235161,0.01307404413819313,0.004553184349788353,4
C,K,0.4|wd1.0,cross,w_WV_fro,6,0.6767633692869747,0.15396010018954584,19.881580352783203,41.469576835632324,4
C,K,0.4|wd1.0,cross,w_WV_spec,6,0.9710083124552245,0.00025817266985513656,6.499980926513672,18.88974094390869,4
C,K,0.4|wd1.0,cross,w_WV_stable_rank,6,-0.2942449431682498,0.5994647562909172,9.35630989074707,5.184760332107544,4
C,K,0.4|wd1.0,cross,w_WV_eff_rank,6,0.1765469659009499,0.7573016680578545,38.02459677886737,36.35685073911526,4
C,K,0.4|wd1.0,cross,w_WV_sv_gini,6,-0.1765469659009499,0.7573016680578545,0.8435849481359028,0.8592472440850975,4
C,K,0.4|wd1.0,cross,w_WV_entry_gini,6,-0.26482044885142486,0.6384407492402092,0.4094235316272681,0.3950281638254819,4
C,K,0.4|wd1.0,cross,w_WV_row_gini,6,-0.8533103351879245,0.02804938185849115,0.10178935980856552,0.05599854074225952,4
C,K,0.4|wd1.0,cross,w_WV_row_pr,6,0.7944613465542746,0.06058303127776095,0.9629068188164304,0.9891109226867504,4
C,K,0.4|wd1.0,cross,w_WV_dist_init,6,0.6767633692869747,0.15396010018954584,23.79709815979004,44.62879180908203,4
C,K,0.4|wd1.0,cross,w_WV_rel_dist_init,6,0.6767633692869747,0.15396010018954584,1.489675874418859,2.7894887825373385,4
C,K,0.4|wd1.0,cross,w_WV_cos_init,6,-0.9710083124552245,0.00025817266985513656,0.1325019896030426,0.0027380273677408695,4
C,K,0.4|wd1.0,cross,w_WO_fro,6,0.20597146021777488,0.7174039904154357,19.69933319091797,20.948420524597168,4
C,K,0.4|wd1.0,cross,w_WO_spec,6,0.2942449431682498,0.5994647562909172,5.364851951599121,7.62448263168335,4
C,K,0.4|wd1.0,cross,w_WO_stable_rank,6,-0.5002164033860247,0.3411345199839353,13.483734130859375,7.652501344680786,4
C,K,0.4|wd1.0,cross,w_WO_eff_rank,6,0.44136741475237473,0.4117220381536481,42.0705571693703,48.41363908968698,4
C,K,0.4|wd1.0,cross,w_WO_sv_gini,6,-0.1765469659009499,0.7573016680578545,0.8342052187231888,0.8199001390988724,4
C,K,0.4|wd1.0,cross,w_WO_entry_gini,6,0.44136741475237473,0.4117220381536481,0.4082238451752447,0.41310895331329023,4
C,K,0.4|wd1.0,cross,w_WO_row_gini,6,-0.44136741475237473,0.4117220381536481,0.11377135915263836,0.10404026572269609,4
C,K,0.4|wd1.0,cross,w_WO_row_pr,6,0.44136741475237473,0.4117220381536481,0.9504603240169696,0.9675085908655379,4
C,K,0.4|wd1.0,cross,w_WO_dist_init,6,0.26482044885142486,0.6384407492402092,23.545045852661133,26.203989028930664,4
C,K,0.4|wd1.0,cross,w_WO_rel_dist_init,6,0.26482044885142486,0.6384407492402092,1.4674732524964336,1.636089653875526,4
C,K,0.4|wd1.0,cross,w_WO_cos_init,6,-0.7356123579206245,0.10318620920669153,0.14415282011032104,0.02172462735325098,4
C,K,0.4|wd1.0,cross,w_Win_fro,6,0.9121593238215745,0.007635881462855373,16.469804763793945,23.011574745178223,4
C,K,0.4|wd1.0,cross,w_Win_spec,6,0.9710083124552245,0.00025817266985513656,4.125249862670898,8.25495719909668,4
C,K,0.4|wd1.0,cross,w_Win_stable_rank,6,-0.5590653920196746,0.2740678619412802,15.939521789550781,7.9573655128479,4
C,K,0.4|wd1.0,cross,w_Win_eff_rank,6,0.44136741475237473,0.4117220381536481,67.4955624813737,92.72358978716261,4
C,K,0.4|wd1.0,cross,w_Win_sv_gini,6,-0.44136741475237473,0.4117220381536481,0.7331138353622157,0.6358412126272874,4
C,K,0.4|wd1.0,cross,w_Win_entry_gini,6,0.1471224715841249,0.7974208690818302,0.40623410394313053,0.4223033235429261,4
C,K,0.4|wd1.0,cross,w_Win_row_gini,6,-0.41194292043554975,0.44812185346831435,0.11929852438585842,0.1044937930444142,4
C,K,0.4|wd1.0,cross,w_Win_row_pr,6,0.2942449431682498,0.5994647562909172,0.9532377677866555,0.9648723236793568,4
C,K,0.4|wd1.0,cross,w_Win_dist_init,6,0.9121593238215745,0.007635881462855373,27.23062515258789,31.889948844909668,4
C,K,0.4|wd1.0,cross,w_Win_rel_dist_init,6,0.9121593238215745,0.007635881462855373,1.2043361767768035,1.4102424662889481,4
C,K,0.4|wd1.0,cross,w_Win_cos_init,6,-0.44136741475237473,0.4117220381536481,0.055024899542331696,0.029707067646086216,4
C,K,0.4|wd1.0,cross,w_Wout_fro,6,-0.8827348295047495,0.016211287449618302,14.140732765197754,7.8769447803497314,4
C,K,0.4|wd1.0,cross,w_Wout_spec,6,-0.7650368522374495,0.08075212578235161,5.44931173324585,1.8385486006736755,4
C,K,0.4|wd1.0,cross,w_Wout_stable_rank,6,0.6473388749701496,0.1819093320472932,6.733864784240723,18.930908679962158,4
C,K,0.4|wd1.0,cross,w_Wout_eff_rank,6,0.7944613465542746,0.06058303127776095,60.98449262833752,172.1697450665356,4
C,K,0.4|wd1.0,cross,w_Wout_sv_gini,6,-0.7944613465542746,0.06058303127776095,0.785243676582057,0.4788966624655724,4
C,K,0.4|wd1.0,cross,w_Wout_entry_gini,6,-0.6767633692869747,0.15396010018954584,0.4525337566357195,0.42580863735453045,4
C,K,0.4|wd1.0,cross,w_Wout_row_gini,6,-0.6767633692869747,0.15396010018954584,0.14601478512861998,0.05343512876242773,4
C,K,0.4|wd1.0,cross,w_Wout_row_pr,6,0.6767633692869747,0.15396010018954584,0.9380087327087724,0.9905908976201767,4
C,K,0.4|wd1.0,cross,w_Wout_dist_init,6,-0.8827348295047495,0.016211287449618302,20.993751525878906,17.87135124206543,4
C,K,0.4|wd1.0,cross,w_Wout_rel_dist_init,6,-0.8827348295047495,0.016211287449618302,1.3118625365560983,1.116169985764336,4
C,K,0.4|wd1.0,cross,w_Wout_cos_init,6,-0.7944613465542746,0.06058303127776095,0.03384777531027794,-0.002880342770367861,4
C,K,0.4|wd1.0,cross,attn_to_a_mean,6,-0.8533103351879245,0.02804938185849115,0.7476553916931152,0.5687531530857086,4
C,K,0.4|wd1.0,cross,attn_to_a_head_spread,6,-0.9710083124552245,0.00025817266985513656,0.4968551993370056,0.20600860565900803,4
C,K,0.4|wd1.0,cross,attn_entropy_mean,6,0.9710083124552245,0.00025817266985513656,0.023024825379252434,0.23533206433057785,4
C,K,0.4|wd1.0,cross,irr_E_structure,6,-0.44136741475237473,0.4117220381536481,0.775226934083857,0.6829270956100397,4
C,K,0.4|wd1.0,cross,irr_E_dominant_share,6,-0.6767633692869747,0.15396010018954584,0.941611153906321,0.7470962051478931,4
C,K,0.4|wd1.0,cross,irr_E_dominant_over_random,6,0.5002164033860247,0.3411345199839353,4.519733538750341,5.603221538609199,4
C,K,0.4|wd1.0,cross,irr_E_5,6,0.9710083124552245,0.00025817266985513656,0.0022138615232304105,0.012198168962168864,4
C,K,0.4|wd1.0,cross,irr_E_41,6,0.9121593238215745,0.007635881462855373,0.001084555577391707,0.7470962051478931,4
C,K,0.4|wd1.0,cross,irr_E_32,6,0.9710083124552245,0.00025817266985513656,0.001084949129760684,0.05338420383388974,4
C,K,0.4|wd1.0,cross,irr_E_311,6,0.8533103351879245,0.02804938185849115,0.002812609649084738,0.0668900165971953,4
C,K,0.4|wd1.0,cross,irr_E_221,6,-0.9121593238215745,0.007635881462855373,0.941611153906321,0.029465691596834216,4
C,K,0.4|wd1.0,cross,irr_E_2111,6,0.6179143806533246,0.2113397943977926,0.0009104233700087668,0.021085050902058866,4
C,K,0.4|wd1.0,cross,irr_E_11111,6,0.26482044885142486,0.6384407492402092,0.050282446844202695,0.06988066295995986,4
C,K,0.4|wd1.0,end,fn_loss_tr,15,0.4255248859601851,0.11545171027095363,1.4615541203966131e-06,0.021306443959474564,5
C,K,0.4|wd1.0,end,fn_acc_tr,15,-0.3779644730092272,0.1683226847669143,100.0,100.0,5
C,K,0.4|wd1.0,end,fn_margin_tr,15,-0.6110100926607787,0.013841381659124526,17.723770141601562,5.525726318359375,5
C,K,0.4|wd1.0,end,fn_entropy_tr,15,0.4255248859601851,0.11545171027095363,1.9612512915045954e-05,0.13700290024280548,5
C,K,0.4|wd1.0,end,fn_loss_te,15,0.5019011475427825,0.05592180893798995,2.4835831027303357e-06,0.04654015973210335,5
C,K,0.4|wd1.0,end,fn_acc_te,15,-0.5532833351724881,0.030890167578067063,100.0,99.9884262084961,5
C,K,0.4|wd1.0,end,fn_margin_te,15,-0.6873863542433761,0.0034982674296334636,17.239639282226562,4.8535003662109375,5
C,K,0.4|wd1.0,end,fn_entropy_te,15,0.5019011475427825,0.05592180893798995,3.225376349291764e-05,0.24261169135570526,5
C,K,0.4|wd1.0,end,fn_gap_loss,15,0.5237229365663817,0.043986130070219155,1.0220289823337225e-06,0.025233715772628784,5
C,K,0.4|wd1.0,end,fn_gap_acc,15,0.5532833351724881,0.030890167578067063,0.0,0.01157379150390625,5
C,K,0.4|wd1.0,end,fn_class_acc_gini,15,0.5532833351724881,0.030890167578067063,0.0,0.00010461731134769892,5
C,K,0.4|wd1.0,end,w_all_norm,15,0.229128784747792,0.41905015022367575,43.78487150343153,55.76066641535397,5
C,K,0.4|wd1.0,end,w_all_rel_norm,15,0.229128784747792,0.41905015022367575,0.9699710777523869,1.2372186129369107,5
C,K,0.4|wd1.0,end,w_all_dist_init,15,0.30550504633038933,0.2743052038519832,62.35995685119459,71.72029128343321,5
C,K,0.4|wd1.0,end,w_all_rel_dist_init,15,0.3382377298657882,0.22257310801269975,1.3814669879939012,1.591331040417537,5
C,K,0.4|wd1.0,end,w_all_cos_init,15,-0.86196066643217,6.589618199130937e-06,0.02907369407123905,9.904649602248518e-05,5
C,K,0.4|wd1.0,end,rep_between_within_tr,15,-0.49099025303098287,0.062675779012202,2.158072941370622,1.1964977532574301,5
C,K,0.4|wd1.0,end,rep_nc1_tr,15,-0.12001983962979582,0.6761118751494081,322.2478624201609,317.0059349073398,5
C,K,0.4|wd1.0,end,rep_eff_rank_te,15,0.3818813079129867,0.16347753318137834,47.878529129508394,55.9831278325175,5
C,K,0.4|wd1.0,end,rep_pr_te,15,-0.0545544725589981,0.849959537030684,18.630691334437397,10.63811983074,5
C,K,0.4|wd1.0,end,rep_unit_gini_te,15,-0.06546536707079771,0.820343271117467,0.25280016766694957,0.2924656801526675,5
C,K,0.4|wd1.0,end,rep_unit_pr_te,15,0.16366341767699427,0.5672598672222222,0.7604995357059583,0.77986444138798,5
C,K,0.4|wd1.0,end,rep_between_within_te,15,-0.49099025303098287,0.062675779012202,2.1220920997852617,1.166659208807961,5
C,K,0.4|wd1.0,end,unit_interaction_share,15,-0.14184162865339506,0.6208194107674094,0.2357307604395079,0.23267833675288108,5
C,K,0.4|wd1.0,end,unit_frac_interacting,15,0.5532833351724881,0.030890167578067063,0.0,0.0625,5
C,K,0.4|wd1.0,end,add_share_a,15,0.3818813079129867,0.16347753318137834,0.002333167734958068,0.022046880213470732,5
C,K,0.4|wd1.0,end,add_share_b,15,0.5019011475427825,0.05592180893798995,0.002061141783206635,0.02278615036824537,5
C,K,0.4|wd1.0,end,add_share_interaction,15,-0.2727723627949905,0.3323198540082604,0.9255929824045694,0.8814692810638861,5
C,K,0.4|wd1.0,end,add_acc_interaction_tr,15,-0.6005370670128929,0.016214968189018193,100.0,99.58333587646484,5
C,K,0.4|wd1.0,end,add_acc_additive_tr,15,0.12034261880422202,0.675282498642223,0.8159722089767456,0.9027777910232544,5
C,K,0.4|wd1.0,end,add_acc_no_a_tr,15,-0.3779644730092272,0.1683226847669143,100.0,100.0,5
C,K,0.4|wd1.0,end,add_acc_no_b_tr,15,-0.3779644730092272,0.1683226847669143,100.0,100.0,5
C,K,0.4|wd1.0,end,add_acc_interaction_te,15,-0.6005370670128929,0.016214968189018193,100.0,98.95832824707031,5
C,K,0.4|wd1.0,end,add_acc_additive_te,15,-0.25755841344505975,0.36136793722386346,0.7060185074806213,0.6481481194496155,5
C,K,0.4|wd1.0,end,add_acc_no_a_te,15,-0.3779644730092272,0.1683226847669143,100.0,100.0,5
C,K,0.4|wd1.0,end,add_acc_no_b_te,15,-0.3779644730092272,0.1683226847669143,100.0,100.0,5
C,K,0.4|wd1.0,end,irr_out_structure,15,0.30550504633038933,0.2743052038519832,0.7567012314751428,0.8746671673506938,5
C,K,0.4|wd1.0,end,irr_out_dominant_share,15,0.30550504633038933,0.2743052038519832,0.6943528441667866,0.8830005006840271,5
C,K,0.4|wd1.0,end,irr_out_dominant_over_random,15,0.30550504633038933,0.2743052038519832,83.32234130001439,105.96006008208326,5
C,K,0.4|wd1.0,end,coset_s_nm1_acc_te,15,-0.5532833351724881,0.030890167578067063,100.0,99.98842477798462,5
C,K,0.4|wd1.0,end,coset_s_nm1_purity_te,15,-0.3779644730092272,0.1683226847669143,1.0,1.0,5
C,K,0.4|wd1.0,end,coset_a_n_acc_te,15,-0.5532833351724881,0.030890167578067063,100.0,99.98842477798462,5
C,K,0.4|wd1.0,end,coset_a_n_purity_te,15,-0.3779644730092272,0.1683226847669143,1.0,1.0,5
C,K,0.4|wd1.0,end,sharp_lambda_max,15,0.3382377298657882,0.22257310801269975,0.07092937082052231,15.415218353271484,5
C,K,0.4|wd1.0,end,sharp_grad_norm,15,0.3382377298657882,0.22257310801269975,0.0002530287019908428,0.40242740511894226,5
C,K,0.4|wd1.0,end,sharp_lr_lambda,15,0.3382377298657882,0.22257310801269975,7.09293708205223e-05,0.015415218353271485,5
C,K,0.4|wd1.0,end,w_WE_fro,15,-0.3382377298657882,0.22257310801269975,19.685710906982422,16.860010147094727,5
C,K,0.4|wd1.0,end,w_WE_spec,15,0.600099198148979,0.01632045760002202,6.72885274887085,7.981517791748047,5
C,K,0.4|wd1.0,end,w_WE_stable_rank,15,-0.7528517213141737,0.0006910482238175549,9.458361625671387,4.462133407592773,5
C,K,0.4|wd1.0,end,w_WE_eff_rank,15,0.13093073414159542,0.6482633410831735,26.990528891560132,32.763690251083354,5
C,K,0.4|wd1.0,end,w_WE_sv_gini,15,-0.1745743121887939,0.5411986395075382,0.7950015461292517,0.7491273170970676,5
C,K,0.4|wd1.0,end,w_WE_entry_gini,15,0.774673510337773,0.0003507055528598205,0.38307206717714903,0.4174494097331889,5
C,K,0.4|wd1.0,end,w_WE_row_gini,15,0.4364357804719848,0.10510901558655147,0.011161362340006864,0.02749196662569986,5
C,K,0.4|wd1.0,end,w_WE_row_pr,15,-0.4255248859601851,0.11545171027095363,0.9996202094894315,0.9976974017588128,5
C,K,0.4|wd1.0,end,w_WE_dist_init,15,-0.31641594084218894,0.25635649462006643,22.49477195739746,20.08209991455078,5
C,K,0.4|wd1.0,end,w_WE_rel_dist_init,15,-0.31641594084218894,0.25635649462006643,2.045409831573405,1.8363061879996403,5
C,K,0.4|wd1.0,end,w_WE_cos_init,15,-0.720119037778775,0.001660693268819124,0.04233620688319206,0.0015412719221785665,5
C,K,0.4|wd1.0,end,w_WU_fro,15,0.3600595188893875,0.19161787793201449,9.451620101928711,10.299044609069824,5
C,K,0.4|wd1.0,end,w_WU_spec,15,0.229128784747792,0.41905015022367575,7.878991603851318,9.841898918151855,5
C,K,0.4|wd1.0,end,w_WU_stable_rank,15,-0.30550504633038933,0.2743052038519832,1.439018964767456,1.1319327354431152,5
C,K,0.4|wd1.0,end,w_WU_eff_rank,15,0.13093073414159542,0.6482633410831735,56.98601645188646,61.81347799072292,5
C,K,0.4|wd1.0,end,w_WU_sv_gini,15,-0.4146139914483855,0.12644834969017446,0.5674497316234453,0.48304995551074104,5
C,K,0.4|wd1.0,end,w_WU_entry_gini,15,0.6546536707079771,0.006652115282469617,0.2940448949039318,0.43684667848869463,5
C,K,0.4|wd1.0,end,w_WU_row_gini,15,-0.09819805060619656,0.7329019916291797,0.019957746654932773,0.01646244506059147,5
C,K,0.4|wd1.0,end,w_WU_row_pr,15,0.07637626158259733,0.7909390592571625,0.9986740762957039,0.9991466448114555,5
C,K,0.4|wd1.0,end,w_WU_dist_init,15,0.3818813079129867,0.16347753318137834,14.357023239135742,15.059877395629883,5
C,K,0.4|wd1.0,end,w_WU_rel_dist_init,15,0.39279220242478624,0.15045123823294082,1.3117415376615211,1.3759584004912921,5
C,K,0.4|wd1.0,end,w_WU_cos_init,15,-0.8074061938731718,0.00010524350141213583,0.0277908593416214,-0.000988741754554212,5
C,K,0.4|wd1.0,end,w_WQ_fro,15,0.5346338310781814,0.0387603526366733,7.580328464508057,20.617265701293945,5
C,K,0.4|wd1.0,end,w_WQ_spec,15,0.4146139914483855,0.12644834969017446,7.510643482208252,18.138206481933594,5
C,K,0.4|wd1.0,end,w_WQ_stable_rank,15,0.720119037778775,0.001660693268819124,1.0050777196884155,1.2920359373092651,5
C,K,0.4|wd1.0,end,w_WQ_eff_rank,15,0.7092081432669752,0.0021566267372392384,1.514406881082687,9.010372938390521,5
C,K,0.4|wd1.0,end,w_WQ_sv_gini,15,-0.720119037778775,0.001660693268819124,0.9948881638350822,0.9709725924103974,5
C,K,0.4|wd1.0,end,w_WQ_entry_gini,15,-0.6764754597315764,0.004378458068795629,0.6087129618983667,0.45700503326058683,5
C,K,0.4|wd1.0,end,w_WQ_row_gini,15,0.5019011475427825,0.05592180893798995,0.012220036891448238,0.22695160756065968,5
C,K,0.4|wd1.0,end,w_WQ_row_pr,15,-0.5019011475427825,0.05592180893798995,0.9994492924632274,0.8403401992753959,5
C,K,0.4|wd1.0,end,w_WQ_dist_init,15,0.5346338310781814,0.0387603526366733,17.67095947265625,26.1856689453125,5
C,K,0.4|wd1.0,end,w_WQ_rel_dist_init,15,0.600099198148979,0.01632045760002202,1.1020506485308916,1.62952683203241,5
C,K,0.4|wd1.0,end,w_WQ_cos_init,15,-0.229128784747792,0.41905015022367575,0.010592302307486534,-0.001969503704458475,5
C,K,0.4|wd1.0,end,w_WK_fro,15,0.5237229365663817,0.043986130070219155,7.591813087463379,17.73961639404297,5
C,K,0.4|wd1.0,end,w_WK_spec,15,0.1854852067005935,0.5156506457292339,7.52324914932251,15.214198112487793,5
C,K,0.4|wd1.0,end,w_WK_stable_rank,15,0.6982972487551756,0.0027635984503722433,1.0058618783950806,1.3595620393753052,5
C,K,0.4|wd1.0,end,w_WK_eff_rank,15,0.6873863542433761,0.0034982674296334636,1.5554624422240846,11.125060598453693,5
C,K,0.4|wd1.0,end,w_WK_sv_gini,15,-0.6655645652197768,0.00542309317145814,0.9947480076562283,0.9671321479064685,5
C,K,0.4|wd1.0,end,w_WK_entry_gini,15,-0.5891883036371794,0.01911943619756852,0.6068050663690527,0.44867998991388736,5
C,K,0.4|wd1.0,end,w_WK_row_gini,15,0.5673665146135802,0.025773890734503396,0.016199741538280188,0.10930508520235183,5
C,K,0.4|wd1.0,end,w_WK_row_pr,15,-0.5673665146135802,0.025773890734503396,0.9990475705144747,0.9530162135333493,5
C,K,0.4|wd1.0,end,w_WK_dist_init,15,0.6219209871725783,0.011658291760714513,17.69193458557129,23.889862060546875,5
C,K,0.4|wd1.0,end,w_WK_rel_dist_init,15,0.6219209871725783,0.011658291760714513,1.1043308434205141,1.4912055768078438,5
C,K,0.4|wd1.0,end,w_WK_cos_init,15,-0.4146139914483855,0.12644834969017446,0.00529316533356905,-0.0011731917038559914,5
C,K,0.4|wd1.0,end,w_WV_fro,15,0.20730699572419276,0.46618903003422607,21.35178565979004,34.948326110839844,5
C,K,0.4|wd1.0,end,w_WV_spec,15,0.6219209871725783,0.011658291760714513,6.752702713012695,16.90924835205078,5
C,K,0.4|wd1.0,end,w_WV_stable_rank,15,-0.8074061938731718,0.00010524350141213583,10.003623008728027,4.271594524383545,5
C,K,0.4|wd1.0,end,w_WV_eff_rank,15,-0.829227982896771,4.004038960640279e-05,33.39670860075836,12.967656538676309,5
C,K,0.4|wd1.0,end,w_WV_sv_gini,15,0.8510497719203702,1.2736263777852137e-05,0.8624032332891569,0.9562082550413062,5
C,K,0.4|wd1.0,end,w_WV_entry_gini,15,0.01091089451179962,0.9698487810478991,0.39139528391146183,0.3885743308605665,5
C,K,0.4|wd1.0,end,w_WV_row_gini,15,0.458257569495584,0.08632897662412624,0.04798877434702731,0.1592498781822056,5
C,K,0.4|wd1.0,end,w_WV_row_pr,15,-0.4364357804719848,0.10510901558655147,0.9921347789096563,0.9205090128414777,5
C,K,0.4|wd1.0,end,w_WV_dist_init,15,0.26186146828319085,0.3530207417045761,26.365922927856445,38.45602035522461,5
C,K,0.4|wd1.0,end,w_WV_rel_dist_init,15,0.229128784747792,0.41905015022367575,1.6504818792898288,2.4014769978699757,5
C,K,0.4|wd1.0,end,w_WV_cos_init,15,-0.8510497719203702,1.2736263777852137e-05,0.04923328012228012,-0.0005296090967021883,5
C,K,0.4|wd1.0,end,w_WO_fro,15,-0.44734667498378433,0.09540649063206,20.266199111938477,15.707229614257812,5
C,K,0.4|wd1.0,end,w_WO_spec,15,0.032732683535398856,0.9096897643267184,5.725107669830322,6.3836259841918945,5
C,K,0.4|wd1.0,end,w_WO_stable_rank,15,-0.5019011475427825,0.05592180893798995,13.367663383483887,6.054473876953125,5
C,K,0.4|wd1.0,end,w_WO_eff_rank,15,-0.720119037778775,0.001660693268819124,40.80391421997652,18.047992890823316,5
C,K,0.4|wd1.0,end,w_WO_sv_gini,15,0.8510497719203702,1.2736263777852137e-05,0.8390284192066533,0.9311370977605531,5
C,K,0.4|wd1.0,end,w_WO_entry_gini,15,-0.04364357804719848,0.8797533545178342,0.4091516768287049,0.4044403546496451,5
C,K,0.4|wd1.0,end,w_WO_row_gini,15,0.4255248859601851,0.11545171027095363,0.05203502370378876,0.11163402366695285,5
C,K,0.4|wd1.0,end,w_WO_row_pr,15,-0.32732683535398854,0.23911154774545884,0.9878925927509874,0.9628693039776953,5
C,K,0.4|wd1.0,end,w_WO_dist_init,15,-0.3382377298657882,0.22257310801269975,25.134811401367188,22.422794342041016,5
C,K,0.4|wd1.0,end,w_WO_rel_dist_init,15,-0.3600595188893875,0.19161787793201449,1.5711333276383503,1.3975275796481217,5
C,K,0.4|wd1.0,end,w_WO_cos_init,15,-0.6546536707079771,0.006652115282469617,0.05381028726696968,0.002708262065425515,5
C,K,0.4|wd1.0,end,w_Win_fro,15,-0.545544725589981,0.03399879704460135,17.94358253479004,13.424589157104492,5
C,K,0.4|wd1.0,end,w_Win_spec,15,0.5128120420545821,0.04969914863774635,4.1578850746154785,5.039581298828125,5
C,K,0.4|wd1.0,end,w_Win_stable_rank,15,-0.8183170883849714,6.618137243945953e-05,15.363499641418457,7.5644145011901855,5
C,K,0.4|wd1.0,end,w_Win_eff_rank,15,0.14184162865339506,0.6208194107674094,63.870047590007815,68.59682881766582,5
C,K,0.4|wd1.0,end,w_Win_sv_gini,15,-0.032732683535398856,0.9096897643267184,0.7548496274946666,0.7423964501501723,5
C,K,0.4|wd1.0,end,w_Win_entry_gini,15,0.9056042444793685,1.9408679881756104e-07,0.35156166705384084,0.4586788188567401,5
C,K,0.4|wd1.0,end,w_Win_row_gini,15,0.48007935851918326,0.0699818849171045,0.09985517720590575,0.15089355395938786,5
C,K,0.4|wd1.0,end,w_Win_row_pr,15,-0.4691684640073836,0.07786000619295554,0.9700291827478924,0.9329901987297664,5
C,K,0.4|wd1.0,end,w_Win_dist_init,15,-0.5237229365663817,0.043986130070219155,28.696117401123047,26.2620792388916,5
C,K,0.4|wd1.0,end,w_Win_rel_dist_init,15,-0.5237229365663817,0.043986130070219155,1.2691508962996543,1.1615000363577896,5
C,K,0.4|wd1.0,end,w_Win_cos_init,15,-0.7310299322905746,0.0012603584344841232,0.01486794464290142,0.0027853217907249928,5
C,K,0.4|wd1.0,end,w_Wout_fro,15,-0.49099025303098287,0.062675779012202,13.119062423706055,8.688765525817871,5
C,K,0.4|wd1.0,end,w_Wout_spec,15,-0.6873863542433761,0.0034982674296334636,5.601388454437256,2.514763355255127,5
C,K,0.4|wd1.0,end,w_Wout_stable_rank,15,0.3818813079129867,0.16347753318137834,5.485409259796143,14.286351203918457,5
C,K,0.4|wd1.0,end,w_Wout_eff_rank,15,0.545544725589981,0.03399879704460135,53.74088641740405,106.32513766783617,5
C,K,0.4|wd1.0,end,w_Wout_sv_gini,15,-0.4691684640073836,0.07786000619295554,0.8170656001799661,0.6869545012003204,5
C,K,0.4|wd1.0,end,w_Wout_entry_gini,15,0.1091089451179962,0.7043350636747241,0.4512461769431513,0.46587882542438663,5
C,K,0.4|wd1.0,end,w_Wout_row_gini,15,-0.2182178902359924,0.44231921872935054,0.14855833521920658,0.10220894458561025,5
C,K,0.4|wd1.0,end,w_Wout_row_pr,15,0.1854852067005935,0.5156506457292339,0.932824570447757,0.9579491580767053,5
C,K,0.4|wd1.0,end,w_Wout_dist_init,15,-0.4255248859601851,0.11545171027095363,20.543228149414062,18.20182991027832,5
C,K,0.4|wd1.0,end,w_Wout_rel_dist_init,15,-0.4255248859601851,0.11545171027095363,1.283075812255436,1.1381861348595974,5
C,K,0.4|wd1.0,end,w_Wout_cos_init,15,-0.6873863542433761,0.0034982674296334636,0.01334953773766756,0.0024883560836315155,5
C,K,0.4|wd1.0,end,attn_to_a_mean,15,0.032732683535398856,0.9096897643267184,0.5012018084526062,0.5188868045806885,5
C,K,0.4|wd1.0,end,attn_to_a_head_spread,15,-0.6110100926607787,0.013841381659124526,0.572131335735321,0.4123668074607849,5
C,K,0.4|wd1.0,end,attn_entropy_mean,15,0.6546536707079771,0.006652115282469617,0.028142111375927925,0.2343636155128479,5
C,K,0.4|wd1.0,end,irr_E_structure,15,-0.25095057377139124,0.3743851884157219,0.8480149112378093,0.8187040708865438,5
C,K,0.4|wd1.0,end,irr_E_dominant_share,15,-0.08728715609439695,0.7617808582470522,0.894648646184769,0.9029839343432993,5
C,K,0.4|wd1.0,end,irr_E_dominant_over_random,15,0.1091089451179962,0.7043350636747241,6.697887125824118,6.772379507574745,5
C,K,0.4|wd1.0,end,irr_E_5,15,0.02182178902359924,0.9397334404525235,0.006592978990298547,0.0075059669376745745,5
C,K,0.4|wd1.0,end,irr_E_41,15,0.39279220242478624,0.15045123823294082,0.0013882042832318458,0.9029839343432993,5
C,K,0.4|wd1.0,end,irr_E_32,15,0.5237229365663817,0.043986130070219155,0.0006236213832554459,0.014376068448156289,5
C,K,0.4|wd1.0,end,irr_E_311,15,0.6655645652197768,0.00542309317145814,0.0011032465629919528,0.01901491154332403,5
C,K,0.4|wd1.0,end,irr_E_221,15,0.2182178902359924,0.44231921872935054,0.0006486785317735933,0.004315659482272292,5
C,K,0.4|wd1.0,end,irr_E_2111,15,0.26186146828319085,0.3530207417045761,0.0009994631933821507,0.0029347542895051446,5
C,K,0.4|wd1.0,end,irr_E_11111,15,-0.15275252316519466,0.5938089902029892,0.09662996112792682,0.08174486608335718,5
C,dirichlet,0.4|wd1.0,init,fn_loss_tr,15,0.720119037778775,0.001660693268819124,6.233008207345847e-07,3.6681559085845947,5
C,dirichlet,0.4|wd1.0,init,fn_acc_tr,15,-0.7869960261005384,0.00022956777899669584,100.0,20.0,5
C,dirichlet,0.4|wd1.0,init,fn_margin_tr,15,-0.6328318816843779,0.00974764573320172,17.597900390625,-1.2568702697753906,5
C,dirichlet,0.4|wd1.0,init,fn_entropy_tr,15,0.7310299322905746,0.0012603584344841232,9.338275049231015e-06,3.6400160789489746,5
C,dirichlet,0.4|wd1.0,init,fn_loss_te,15,0.4037030969365859,0.1381112563670651,7.767606007291761e-07,5.262777328491211,5
C,dirichlet,0.4|wd1.0,init,fn_acc_te,15,-0.472013298551299,0.07574971683002064,100.0,0.8912037014961243,5
C,dirichlet,0.4|wd1.0,init,fn_margin_te,15,-0.30550504633038933,0.2743052038519832,17.30535888671875,-2.8587589263916016,5
C,dirichlet,0.4|wd1.0,init,fn_entropy_te,15,0.6982972487551756,0.0027635984503722433,1.1424413060012739e-05,3.653714418411255,5
C,dirichlet,0.4|wd1.0,init,fn_gap_loss,15,0.30550504633038933,0.2743052038519832,1.5345977999459137e-07,1.5946214199066162,5
C,dirichlet,0.4|wd1.0,init,fn_gap_acc,15,0.2645251310812358,0.34790536703092,0.0,14.791666865348816,5
C,dirichlet,0.4|wd1.0,init,fn_class_acc_gini,15,0.6325600960638248,0.009792115813405302,0.0,0.8797816979335964,5
C,dirichlet,0.4|wd1.0,init,w_all_norm,15,0.5891883036371794,0.01911943619756852,47.03801239548836,63.2685163382858,5
C,dirichlet,0.4|wd1.0,init,w_all_rel_norm,15,0.5891883036371794,0.01911943619756852,1.0436802174808781,1.401594406315249,5
C,dirichlet,0.4|wd1.0,init,w_all_dist_init,15,0.6982972487551756,0.0027635984503722433,62.835421573773395,77.0698438024966,5
C,dirichlet,0.4|wd1.0,init,w_all_rel_dist_init,15,0.6982972487551756,0.0027635984503722433,1.3941934004828096,1.707336732721871,5
C,dirichlet,0.4|wd1.0,init,w_all_cos_init,15,-0.86196066643217,6.589618199130937e-06,0.06335560780243167,0.021975260454916223,5
C,dirichlet,0.4|wd1.0,init,rep_between_within_tr,15,-0.3818813079129867,0.16347753318137834,1.982859809181546,0.730694571851124,5
C,dirichlet,0.4|wd1.0,init,rep_nc1_tr,15,-0.44734667498378433,0.09540649063206,201.69519867446854,114.59404732567047,5
C,dirichlet,0.4|wd1.0,init,rep_eff_rank_te,15,0.30550504633038933,0.2743052038519832,49.28131857842162,70.72581747665427,5
C,dirichlet,0.4|wd1.0,init,rep_pr_te,15,0.16366341767699427,0.5672598672222222,17.806780193119845,19.917877793624875,5
C,dirichlet,0.4|wd1.0,init,rep_unit_gini_te,15,0.7310299322905746,0.0012603584344841232,0.24341522581080044,0.34538164109756075,5
C,dirichlet,0.4|wd1.0,init,rep_unit_pr_te,15,-0.4691684640073836,0.07786000619295554,0.7103739527782796,0.666156749865602,5
C,dirichlet,0.4|wd1.0,init,rep_between_within_te,15,-0.3491486243775878,0.2067421481050438,1.9196135988384984,0.6071377199695815,5
C,dirichlet,0.4|wd1.0,init,unit_interaction_share,15,0.06546536707079771,0.820343271117467,0.25217726887951675,0.36347095461277457,5
C,dirichlet,0.4|wd1.0,init,unit_frac_interacting,15,0.7019264419631215,0.002548379361528779,0.0,0.11231101304292679,5
C,dirichlet,0.4|wd1.0,init,add_share_a,15,0.25095057377139124,0.3743851884157219,0.012558015256723253,0.02183324744295509,5
C,dirichlet,0.4|wd1.0,init,add_share_b,15,0.26186146828319085,0.3530207417045761,0.013111084429795673,0.02104243821477503,5
C,dirichlet,0.4|wd1.0,init,add_share_interaction,15,-0.6764754597315764,0.004378458068795629,0.891214889887194,0.45586396154585257,5
C,dirichlet,0.4|wd1.0,init,add_acc_interaction_tr,15,-0.7475710226208838,0.0008044407025938163,100.0,27.32638931274414,5
C,dirichlet,0.4|wd1.0,init,add_acc_additive_tr,15,0.1854852067005935,0.5156506457292339,1.0416667461395264,1.684027910232544,5
C,dirichlet,0.4|wd1.0,init,add_acc_no_a_tr,15,-0.7590721152765898,0.0005744630853852009,100.0,19.375,5
C,dirichlet,0.4|wd1.0,init,add_acc_no_b_tr,15,-0.7590721152765898,0.0005744630853852009,100.0,18.76736068725586,5
C,dirichlet,0.4|wd1.0,init,add_acc_interaction_te,15,-0.5405513548181776,0.03612180192626945,100.0,1.8055554628372192,5
C,dirichlet,0.4|wd1.0,init,add_acc_additive_te,15,0.04918693768379648,0.8645963627785163,0.43981480598449707,0.4166666269302368,5
C,dirichlet,0.4|wd1.0,init,add_acc_no_a_te,15,-0.5405513548181776,0.03612180192626945,100.0,1.1921296119689941,5
C,dirichlet,0.4|wd1.0,init,add_acc_no_b_te,15,-0.5405513548181776,0.03612180192626945,100.0,1.2037036418914795,5
C,dirichlet,0.4|wd1.0,init,irr_out_structure,15,0.8728715609439696,3.173342639429432e-06,0.778837485059901,0.967584872436113,5
C,dirichlet,0.4|wd1.0,init,irr_out_dominant_share,15,0.8946933499675687,5.571273327797034e-07,0.6759777511054226,0.9759182057694463,5
C,dirichlet,0.4|wd1.0,init,irr_out_dominant_over_random,15,0.8946933499675687,5.571273327797034e-07,81.11733013265071,117.11018469233356,5
C,dirichlet,0.4|wd1.0,init,coset_s_nm1_acc_te,15,-0.5405513548181776,0.03612180192626945,100.0,20.370370149612427,5
C,dirichlet,0.4|wd1.0,init,coset_s_nm1_purity_te,15,-0.48304589153964805,0.06793964461959591,1.0,0.0464975845410628,5
C,dirichlet,0.4|wd1.0,init,coset_a_n_acc_te,15,-0.6440611887195307,0.008041433152338054,100.0,66.44675731658936,5
C,dirichlet,0.4|wd1.0,init,coset_a_n_purity_te,15,-0.41403933560541256,0.12704588998245533,1.0,0.009723449930546786,5
C,dirichlet,0.4|wd1.0,init,sharp_lambda_max,15,0.7092081432669752,0.0021566267372392384,0.03228624537587166,327.48321533203125,5
C,dirichlet,0.4|wd1.0,init,sharp_grad_norm,15,0.6873863542433761,0.0034982674296334636,9.793927893042564e-05,9.959982872009277,5
C,dirichlet,0.4|wd1.0,init,sharp_lr_lambda,15,0.7092081432669752,0.0021566267372392384,3.228624537587166e-05,0.32748321533203123,5
C,dirichlet,0.4|wd1.0,init,w_WE_fro,15,0.20730699572419276,0.46618903003422607,21.85395050048828,19.715614318847656,5
C,dirichlet,0.4|wd1.0,init,w_WE_spec,15,0.7637626158259734,0.0004975747231020245,6.294855117797852,8.582906723022461,5
C,dirichlet,0.4|wd1.0,init,w_WE_stable_rank,15,-0.545544725589981,0.03399879704460135,12.052971839904785,6.604739665985107,5
C,dirichlet,0.4|wd1.0,init,w_WE_eff_rank,15,0.39279220242478624,0.15045123823294082,26.157277201993566,59.4127280224074,5
C,dirichlet,0.4|wd1.0,init,w_WE_sv_gini,15,-0.4255248859601851,0.11545171027095363,0.8000188021442198,0.5968747050913008,5
C,dirichlet,0.4|wd1.0,init,w_WE_entry_gini,15,0.458257569495584,0.08632897662412624,0.39258236661879375,0.4190288808367104,5
C,dirichlet,0.4|wd1.0,init,w_WE_row_gini,15,0.4691684640073836,0.07786000619295554,0.016626286048139205,0.03090048004989754,5
C,dirichlet,0.4|wd1.0,init,w_WE_row_pr,15,-0.4691684640073836,0.07786000619295554,0.999134329078445,0.9970800071709337,5
C,dirichlet,0.4|wd1.0,init,w_WE_dist_init,15,0.26186146828319085,0.3530207417045761,23.30853843688965,22.284015655517578,5
C,dirichlet,0.4|wd1.0,init,w_WE_rel_dist_init,15,0.26186146828319085,0.3530207417045761,2.131331561291326,2.0285665495558227,5
C,dirichlet,0.4|wd1.0,init,w_WE_cos_init,15,-0.8946933499675687,5.571273327797034e-07,0.11229946464300156,0.02955199033021927,5
C,dirichlet,0.4|wd1.0,init,w_WU_fro,15,-0.24003967925959163,0.3963999598093877,9.675820350646973,9.481364250183105,5
C,dirichlet,0.4|wd1.0,init,w_WU_spec,15,0.4037030969365859,0.1381112563670651,6.5118536949157715,9.383474349975586,5
C,dirichlet,0.4|wd1.0,init,w_WU_stable_rank,15,-0.8946933499675687,5.571273327797034e-07,1.4768842458724976,1.024478554725647,5
C,dirichlet,0.4|wd1.0,init,w_WU_eff_rank,15,-0.5237229365663817,0.043986130070219155,61.99412855584231,31.26686440415479,5
C,dirichlet,0.4|wd1.0,init,w_WU_sv_gini,15,0.3382377298657882,0.22257310801269975,0.54543173552064,0.5910833935992736,5
C,dirichlet,0.4|wd1.0,init,w_WU_entry_gini,15,0.6982972487551756,0.0027635984503722433,0.328085283152882,0.43809782223250937,5
C,dirichlet,0.4|wd1.0,init,w_WU_row_gini,15,-0.86196066643217,6.589618199130937e-06,0.02356287902321408,0.006650381734127686,5
C,dirichlet,0.4|wd1.0,init,w_WU_row_pr,15,0.86196066643217,6.589618199130937e-06,0.9983061352415102,0.9998566857603222,5
C,dirichlet,0.4|wd1.0,init,w_WU_dist_init,15,-0.19639610121239312,0.49063990002390784,14.4396390914917,14.495796203613281,5
C,dirichlet,0.4|wd1.0,init,w_WU_rel_dist_init,15,-0.229128784747792,0.41905015022367575,1.3139068352480407,1.3190167422891255,5
C,dirichlet,0.4|wd1.0,init,w_WU_cos_init,15,-0.6655645652197768,0.00542309317145814,0.042675431817770004,0.004012871999293566,5
C,dirichlet,0.4|wd1.0,init,w_WQ_fro,15,0.458257569495584,0.08632897662412624,8.20705795288086,30.86532211303711,5
C,dirichlet,0.4|wd1.0,init,w_WQ_spec,15,0.4255248859601851,0.11545171027095363,8.192347526550293,21.838958740234375,5
C,dirichlet,0.4|wd1.0,init,w_WQ_stable_rank,15,0.6655645652197768,0.00542309317145814,1.0035464763641357,1.5725133419036865,5
C,dirichlet,0.4|wd1.0,init,w_WQ_eff_rank,15,0.6546536707079771,0.006652115282469617,1.4036183739564199,36.4229911722369,5
C,dirichlet,0.4|wd1.0,init,w_WQ_sv_gini,15,-0.6328318816843779,0.00974764573320172,0.9951910305008518,0.869216822673996,5
C,dirichlet,0.4|wd1.0,init,w_WQ_entry_gini,15,0.12001983962979582,0.6761118751494081,0.4583534249948451,0.44903619561576513,5
C,dirichlet,0.4|wd1.0,init,w_WQ_row_gini,15,0.3818813079129867,0.16347753318137834,0.013354397025489684,0.21218474610636973,5
C,dirichlet,0.4|wd1.0,init,w_WQ_row_pr,15,-0.3818813079129867,0.16347753318137834,0.9994146471524206,0.8734388196957245,5
C,dirichlet,0.4|wd1.0,init,w_WQ_dist_init,15,0.458257569495584,0.08632897662412624,18.015153884887695,34.594200134277344,5
C,dirichlet,0.4|wd1.0,init,w_WQ_rel_dist_init,15,0.44734667498378433,0.09540649063206,1.1236879828178616,2.166689344205013,5
C,dirichlet,0.4|wd1.0,init,w_WQ_cos_init,15,-0.48007935851918326,0.0699818849171045,0.011230760253965855,0.0087974788621068,5
C,dirichlet,0.4|wd1.0,init,w_WK_fro,15,0.6982972487551756,0.0027635984503722433,8.085750579833984,18.7171573638916,5
C,dirichlet,0.4|wd1.0,init,w_WK_spec,15,0.4691684640073836,0.07786000619295554,8.051858901977539,9.931070327758789,5
C,dirichlet,0.4|wd1.0,init,w_WK_stable_rank,15,0.5564556201017806,0.029677943085239838,1.0084344148635864,3.552231788635254,5
C,dirichlet,0.4|wd1.0,init,w_WK_eff_rank,15,0.6873863542433761,0.0034982674296334636,1.5159807319822818,32.71668206456765,5
C,dirichlet,0.4|wd1.0,init,w_WK_sv_gini,15,-0.6764754597315764,0.004378458068795629,0.9949526995135196,0.8917626447708018,5
C,dirichlet,0.4|wd1.0,init,w_WK_entry_gini,15,0.39279220242478624,0.15045123823294082,0.45253666719069896,0.4777590177649209,5
C,dirichlet,0.4|wd1.0,init,w_WK_row_gini,15,0.5019011475427825,0.05592180893798995,0.009900589614718847,0.16218152502690564,5
C,dirichlet,0.4|wd1.0,init,w_WK_row_pr,15,-0.4037030969365859,0.1381112563670651,0.9996685252610743,0.9034243647039213,5
C,dirichlet,0.4|wd1.0,init,w_WK_dist_init,15,0.720119037778775,0.001660693268819124,17.875635147094727,24.53696632385254,5
C,dirichlet,0.4|wd1.0,init,w_WK_rel_dist_init,15,0.720119037778775,0.001660693268819124,1.1150396814301853,1.530557705383599,5
C,dirichlet,0.4|wd1.0,init,w_WK_cos_init,15,-0.4146139914483855,0.12644834969017446,0.012580237351357937,0.009062528610229492,5
C,dirichlet,0.4|wd1.0,init,w_WV_fro,15,0.6873863542433761,0.0034982674296334636,22.879161834716797,41.04105758666992,5
C,dirichlet,0.4|wd1.0,init,w_WV_spec,15,0.86196066643217,6.589618199130937e-06,6.367240905761719,17.91858673095703,5
C,dirichlet,0.4|wd1.0,init,w_WV_stable_rank,15,-0.5782774091253797,0.02226248391666498,12.912386894226074,6.271764755249023,5
C,dirichlet,0.4|wd1.0,init,w_WV_eff_rank,15,0.20730699572419276,0.46618903003422607,33.167584735056224,50.35120667483479,5
C,dirichlet,0.4|wd1.0,init,w_WV_sv_gini,15,-0.13093073414159542,0.6482633410831735,0.8679550509733456,0.8167906733609567,5
C,dirichlet,0.4|wd1.0,init,w_WV_entry_gini,15,0.6655645652197768,0.00542309317145814,0.4054774075258698,0.42477112079772383,5
C,dirichlet,0.4|wd1.0,init,w_WV_row_gini,15,0.6328318816843779,0.00974764573320172,0.03661921359215703,0.07611333436593104,5
C,dirichlet,0.4|wd1.0,init,w_WV_row_pr,15,-0.6219209871725783,0.011658291760714513,0.9957445052916163,0.9820721916427226,5
C,dirichlet,0.4|wd1.0,init,w_WV_dist_init,15,0.6873863542433761,0.0034982674296334636,26.507169723510742,43.358455657958984,5
C,dirichlet,0.4|wd1.0,init,w_WV_rel_dist_init,15,0.6873863542433761,0.0034982674296334636,1.655302805169183,2.707692421306854,5
C,dirichlet,0.4|wd1.0,init,w_WV_cos_init,15,-0.5564556201017806,0.029677943085239838,0.09208853542804718,0.04628097638487816,5
C,dirichlet,0.4|wd1.0,init,w_WO_fro,15,0.16366341767699427,0.5672598672222222,20.774003982543945,18.382566452026367,5
C,dirichlet,0.4|wd1.0,init,w_WO_spec,15,0.0545544725589981,0.849959537030684,5.54029655456543,5.559600830078125,5
C,dirichlet,0.4|wd1.0,init,w_WO_stable_rank,15,-0.2182178902359924,0.44231921872935054,15.770825386047363,10.933079719543457,5
C,dirichlet,0.4|wd1.0,init,w_WO_eff_rank,15,0.032732683535398856,0.9096897643267184,40.29564432249935,57.5464516467119,5
C,dirichlet,0.4|wd1.0,init,w_WO_sv_gini,15,-0.04364357804719848,0.8797533545178342,0.8504538812383775,0.8101535000755129,5
C,dirichlet,0.4|wd1.0,init,w_WO_entry_gini,15,0.6764754597315764,0.004378458068795629,0.39060015847855856,0.43593599078404455,5
C,dirichlet,0.4|wd1.0,init,w_WO_row_gini,15,0.8837824554557693,1.4017600333217173e-06,0.024378464641170883,0.17447882995065167,5
C,dirichlet,0.4|wd1.0,init,w_WO_row_pr,15,-0.8401388774085707,2.3172139434244073e-05,0.9981203591938471,0.9121686237064475,5
C,dirichlet,0.4|wd1.0,init,w_WO_dist_init,15,0.25095057377139124,0.3743851884157219,25.05936622619629,23.82870101928711,5
C,dirichlet,0.4|wd1.0,init,w_WO_rel_dist_init,15,0.24003967925959163,0.3963999598093877,1.5664173810084876,1.4851524013314312,5
C,dirichlet,0.4|wd1.0,init,w_WO_cos_init,15,-0.6982972487551756,0.0027635984503722433,0.11680182814598083,0.048377133905887604,5
C,dirichlet,0.4|wd1.0,init,w_Win_fro,15,0.6873863542433761,0.0034982674296334636,17.400291442871094,24.044816970825195,5
C,dirichlet,0.4|wd1.0,init,w_Win_spec,15,0.741940826802374,0.0009414420290027111,4.399484157562256,6.957791805267334,5
C,dirichlet,0.4|wd1.0,init,w_Win_stable_rank,15,-0.4691684640073836,0.07786000619295554,14.118779182434082,10.383968353271484,5
C,dirichlet,0.4|wd1.0,init,w_Win_eff_rank,15,0.370970413401187,0.17719776032094695,58.14103933904632,131.75589015291848,5
C,dirichlet,0.4|wd1.0,init,w_Win_sv_gini,15,-0.5346338310781814,0.0387603526366733,0.7778729709269971,0.5601772838886454,5
C,dirichlet,0.4|wd1.0,init,w_Win_entry_gini,15,0.829227982896771,4.004038960640279e-05,0.4052615152696215,0.4399605417978403,5
C,dirichlet,0.4|wd1.0,init,w_Win_row_gini,15,0.5782774091253797,0.02226248391666498,0.07841581751426419,0.17726478279976,5
C,dirichlet,0.4|wd1.0,init,w_Win_row_pr,15,-0.370970413401187,0.17719776032094695,0.9562305508459894,0.9104508535691958,5
C,dirichlet,0.4|wd1.0,init,w_Win_dist_init,15,0.7964952993613722,0.00016178840059113533,27.442827224731445,32.708858489990234,5
C,dirichlet,0.4|wd1.0,init,w_Win_rel_dist_init,15,0.7964952993613722,0.00016178840059113533,1.214175135390581,1.446623474849773,5
C,dirichlet,0.4|wd1.0,init,w_Win_cos_init,15,-0.916515138991168,5.713229912494358e-08,0.059700675308704376,0.004007797222584486,5
C,dirichlet,0.4|wd1.0,init,w_Wout_fro,15,-0.741940826802374,0.0009414420290027111,14.884476661682129,9.071264266967773,5
C,dirichlet,0.4|wd1.0,init,w_Wout_spec,15,-0.6110100926607787,0.013841381659124526,5.011301040649414,2.4635612964630127,5
C,dirichlet,0.4|wd1.0,init,w_Wout_stable_rank,15,0.44734667498378433,0.09540649063206,8.821741104125977,20.65894317626953,5
C,dirichlet,0.4|wd1.0,init,w_Wout_eff_rank,15,0.5782774091253797,0.02226248391666498,51.79292456401788,134.64227541037963,5
C,dirichlet,0.4|wd1.0,init,w_Wout_sv_gini,15,-0.5782774091253797,0.02226248391666498,0.8073425242672432,0.6063606329193769,5
C,dirichlet,0.4|wd1.0,init,w_Wout_entry_gini,15,-0.2945941518185897,0.29295315546672174,0.4346205845844535,0.42380977305967926,5
C,dirichlet,0.4|wd1.0,init,w_Wout_row_gini,15,-0.1745743121887939,0.5411986395075382,0.09118519894363142,0.07535263866026676,5
C,dirichlet,0.4|wd1.0,init,w_Wout_row_pr,15,0.2182178902359924,0.44231921872935054,0.970018410482519,0.9733827814205096,5
C,dirichlet,0.4|wd1.0,init,w_Wout_dist_init,15,-0.720119037778775,0.001660693268819124,21.65189552307129,18.44589614868164,5
C,dirichlet,0.4|wd1.0,init,w_Wout_rel_dist_init,15,-0.720119037778775,0.001660693268819124,1.3515663797322948,1.1514397458654984,5
C,dirichlet,0.4|wd1.0,init,w_Wout_cos_init,15,-0.86196066643217,6.589618199130937e-06,0.019666368141770363,-0.0020136041566729546,5
C,dirichlet,0.4|wd1.0,init,attn_to_a_mean,15,0.12001983962979582,0.6761118751494081,0.49977588653564453,0.6111170649528503,5
C,dirichlet,0.4|wd1.0,init,attn_to_a_head_spread,15,-0.09819805060619656,0.7329019916291797,0.5729347467422485,0.4627566933631897,5
C,dirichlet,0.4|wd1.0,init,attn_entropy_mean,15,0.31641594084218894,0.25635649462006643,0.024887729436159134,0.15413089096546173,5
C,dirichlet,0.4|wd1.0,init,irr_E_structure,15,-0.4037030969365859,0.1381112563670651,0.8482383275232213,0.33152626720083933,5
C,dirichlet,0.4|wd1.0,init,irr_E_dominant_share,15,-0.16366341767699427,0.5672598672222222,0.8651183975672828,0.3183752597282561,5
C,dirichlet,0.4|wd1.0,init,irr_E_dominant_over_random,15,-0.15275252316519466,0.5938089902029892,6.488387981754621,2.3878144479619205,5
C,dirichlet,0.4|wd1.0,init,irr_E_5,15,0.229128784747792,0.41905015022367575,0.004530015127843391,0.016350583807277858,5
C,dirichlet,0.4|wd1.0,init,irr_E_41,15,0.032732683535398856,0.9096897643267184,0.11523366028209735,0.14149585925523922,5
C,dirichlet,0.4|wd1.0,init,irr_E_32,15,0.545544725589981,0.03399879704460135,0.0006207864344115637,0.11303088441340263,5
C,dirichlet,0.4|wd1.0,init,irr_E_311,15,0.44734667498378433,0.09540649063206,0.0011094838169827775,0.17275821937223812,5
C,dirichlet,0.4|wd1.0,init,irr_E_221,15,0.44734667498378433,0.09540649063206,0.0006646465563734939,0.09935129568018664,5
C,dirichlet,0.4|wd1.0,init,irr_E_2111,15,0.07637626158259733,0.7909390592571625,0.14989848099079048,0.10341211608113512,5
C,dirichlet,0.4|wd1.0,init,irr_E_11111,15,-0.1091089451179962,0.7043350636747241,0.0711498724985441,0.13555111712826992,5
C,dirichlet,0.4|wd1.0,cross,fn_loss_tr,7,0.3120448167410998,0.5185264968486921,0.01079372875392437,0.9949244260787964,4
C,dirichlet,0.4|wd1.0,cross,fn_acc_tr,7,-0.5063177561783637,0.2646228130858882,99.9826431274414,77.50868225097656,4
C,dirichlet,0.4|wd1.0,cross,fn_margin_tr,7,-0.38546712656253507,0.4162580707475474,6.310392379760742,1.9908952713012695,4
C,dirichlet,0.4|wd1.0,cross,fn_entropy_tr,7,0.3120448167410998,0.5185264968486921,0.06655822694301605,1.8303465247154236,4
C,dirichlet,0.4|wd1.0,cross,fn_loss_te,7,-0.38546712656253507,0.4162580707475474,11.13648509979248,1.6043835878372192,4
C,dirichlet,0.4|wd1.0,cross,fn_acc_te,7,0.1714363464958784,0.7291230865629255,0.5902777910232544,59.502315521240234,4
C,dirichlet,0.4|wd1.0,cross,fn_margin_te,7,0.3120448167410998,0.5185264968486921,-10.33872127532959,0.799372673034668,4
C,dirichlet,0.4|wd1.0,cross,fn_entropy_te,7,0.3120448167410998,0.5185264968486921,1.2453341484069824,2.160821855068207,4
C,dirichlet,0.4|wd1.0,cross,fn_gap_loss,7,-0.38546712656253507,0.4162580707475474,11.125691371038556,0.6094591617584229,4
C,dirichlet,0.4|wd1.0,cross,fn_gap_acc,7,-0.32382421004777023,0.5016939211062,99.39236533641815,18.006366729736328,4
C,dirichlet,0.4|wd1.0,cross,fn_class_acc_gini,7,-0.019048482943986485,0.9696066958325175,0.7109849274018949,0.3216930769339924,4
C,dirichlet,0.4|wd1.0,cross,w_all_norm,7,0.4588894363839703,0.32129161484019736,63.811373082719086,85.83173625752111,4
C,dirichlet,0.4|wd1.0,cross,w_all_rel_norm,7,0.4588894363839703,0.32129161484019736,1.4136203715261286,1.9036651310098152,4
C,dirichlet,0.4|wd1.0,cross,w_all_dist_init,7,0.4588894363839703,0.32129161484019736,75.79286411729508,95.78357141853172,4
C,dirichlet,0.4|wd1.0,cross,w_all_rel_dist_init,7,0.4588894363839703,0.32129161484019736,1.6790476612003127,2.1243897997366896,4
C,dirichlet,0.4|wd1.0,cross,w_all_cos_init,7,-0.8260009854911465,0.018731390019207317,0.06335560780243167,0.029127898679491393,4
C,dirichlet,0.4|wd1.0,cross,rep_between_within_tr,7,-0.1468446196428705,0.7673614746814926,0.5797039680235915,0.38991320396616586,4
C,dirichlet,0.4|wd1.0,cross,rep_nc1_tr,7,-0.25697808437502334,0.5990687056447644,94.01862910072539,94.9678264114002,4
C,dirichlet,0.4|wd1.0,cross,rep_eff_rank_te,7,-0.18355577455358812,0.7103992376166408,115.0608329416003,98.728668301834,4
C,dirichlet,0.4|wd1.0,cross,rep_pr_te,7,0.4588894363839703,0.32129161484019736,9.558496097366556,45.67202496104062,4
C,dirichlet,0.4|wd1.0,cross,rep_unit_gini_te,7,0.8443565629465054,0.013424004016998548,0.24341522581080044,0.5489916832332158,4
C,dirichlet,0.4|wd1.0,cross,rep_unit_pr_te,7,-0.40382270401789383,0.39176760813160105,0.4051450034195166,0.4230202026965017,4
C,dirichlet,0.4|wd1.0,cross,rep_between_within_te,7,-0.1468446196428705,0.7673614746814926,0.44489459726250286,0.3518939750969144,4
C,dirichlet,0.4|wd1.0,cross,unit_interaction_share,7,-0.5323117462054056,0.2353337945342206,0.25217726887951675,0.21394743804363747,4
C,dirichlet,0.4|wd1.0,cross,add_share_a,7,-0.23862250691966458,0.6265234827538129,0.16828911952382572,0.04773247535640453,4
C,dirichlet,0.4|wd1.0,cross,add_share_b,7,-0.23862250691966458,0.6265234827538129,0.1467105508429844,0.03869670127858604,4
C,dirichlet,0.4|wd1.0,cross,add_share_interaction,7,-0.3120448167410998,0.5185264968486921,0.6382103452020929,0.5847815144354328,4
C,dirichlet,0.4|wd1.0,cross,add_acc_interaction_tr,7,-0.19048482943986486,0.6997333735674092,96.04166412353516,86.18923568725586,4
C,dirichlet,0.4|wd1.0,cross,add_acc_additive_tr,7,-0.3120448167410998,0.5185264968486921,4.1666669845581055,1.9270833730697632,4
C,dirichlet,0.4|wd1.0,cross,add_acc_no_a_tr,7,-0.4000181418237162,0.3968050490308353,98.35070037841797,76.84027481079102,4
C,dirichlet,0.4|wd1.0,cross,add_acc_no_b_tr,7,-0.4000181418237162,0.3968050490308353,98.64583587646484,76.96180725097656,4
C,dirichlet,0.4|wd1.0,cross,add_acc_interaction_te,7,0.1714363464958784,0.7291230865629255,5.057870388031006,75.71758842468262,4
C,dirichlet,0.4|wd1.0,cross,add_acc_additive_te,7,0.31486880929507033,0.5144774036656553,0.0,0.694444477558136,4
C,dirichlet,0.4|wd1.0,cross,add_acc_no_a_te,7,0.1714363464958784,0.7291230865629255,1.8287036418914795,62.50578689575195,4
C,dirichlet,0.4|wd1.0,cross,add_acc_no_b_te,7,0.1714363464958784,0.7291230865629255,1.4930555820465088,62.662038803100586,4
C,dirichlet,0.4|wd1.0,cross,irr_out_structure,7,0.8260009854911465,0.018731390019207317,0.1128434999904258,0.9003359751386546,4
C,dirichlet,0.4|wd1.0,cross,irr_out_dominant_share,7,0.8260009854911465,0.018731390019207317,0.29281416128871546,0.9086693084719879,4
C,dirichlet,0.4|wd1.0,cross,irr_out_dominant_over_random,7,0.8260009854911465,0.018731390019207317,1.405507974185834,109.04031701663854,4
C,dirichlet,0.4|wd1.0,cross,coset_s_nm1_acc_te,7,0.32382421004777023,0.5016939211062,22.268518805503845,75.2025455236435,4
C,dirichlet,0.4|wd1.0,cross,coset_s_nm1_purity_te,7,0.1714363464958784,0.7291230865629255,0.02650727650727651,0.7700163831394897,4
C,dirichlet,0.4|wd1.0,cross,coset_a_n_acc_te,7,-0.30477572710378376,0.5289877628901207,98.35647940635681,72.03124761581421,4
C,dirichlet,0.4|wd1.0,cross,coset_a_n_purity_te,7,0.32382421004777023,0.5016939211062,0.006001412096963992,0.8014798259822942,4
C,dirichlet,0.4|wd1.0,cross,sharp_lambda_max,7,0.3120448167410998,0.5185264968486921,4.722175598144531,321.1023254394531,4
C,dirichlet,0.4|wd1.0,cross,sharp_grad_norm,7,0.3120448167410998,0.5185264968486921,0.16978198289871216,10.74338150024414,4
C,dirichlet,0.4|wd1.0,cross,sharp_lr_lambda,7,0.3120448167410998,0.5185264968486921,0.004722175598144532,0.3211023254394531,4
C,dirichlet,0.4|wd1.0,cross,w_WE_fro,7,0.36711154910717625,0.4412042461669335,28.27147102355957,30.548463821411133,4
C,dirichlet,0.4|wd1.0,cross,w_WE_spec,7,0.8994232953125818,0.0032992711467101743,6.031060695648193,10.335686683654785,4
C,dirichlet,0.4|wd1.0,cross,w_WE_stable_rank,7,-0.6791563658482761,0.09790565494979103,21.974267959594727,8.750657558441162,4
C,dirichlet,0.4|wd1.0,cross,w_WE_eff_rank,7,-0.23862250691966458,0.6265234827538129,79.33938493484281,39.69121491049086,4
C,dirichlet,0.4|wd1.0,cross,w_WE_sv_gini,7,0.23862250691966458,0.6265234827538129,0.496799532263017,0.7126313586642593,4
C,dirichlet,0.4|wd1.0,cross,w_WE_entry_gini,7,-0.5323117462054056,0.2353337945342206,0.4112192541100912,0.3968076680699165,4
C,dirichlet,0.4|wd1.0,cross,w_WE_row_gini,7,0.03671115491071762,0.9414437970668492,0.026731277684279187,0.02320994512117558,4
C,dirichlet,0.4|wd1.0,cross,w_WE_row_pr,7,-0.03671115491071762,0.9414437970668492,0.9977865740271726,0.997977817666797,4
C,dirichlet,0.4|wd1.0,cross,w_WE_dist_init,7,0.36711154910717625,0.4412042461669335,29.1614933013916,32.11095428466797,4
C,dirichlet,0.4|wd1.0,cross,w_WE_rel_dist_init,7,0.36711154910717625,0.4412042461669335,2.6516030131353805,2.9294574860761124,4
C,dirichlet,0.4|wd1.0,cross,w_WE_cos_init,7,-0.8994232953125818,0.0032992711467101743,0.11229946464300156,0.033388230949640274,4
C,dirichlet,0.4|wd1.0,cross,w_WU_fro,7,-0.8260009854911465,0.018731390019207317,20.539470672607422,6.828413486480713,4
C,dirichlet,0.4|wd1.0,cross,w_WU_spec,7,0.38546712656253507,0.4162580707475474,3.596514940261841,6.541585445404053,4
C,dirichlet,0.4|wd1.0,cross,w_WU_stable_rank,7,-0.8260009854911465,0.018731390019207317,32.6153678894043,1.1028695106506348,4
C,dirichlet,0.4|wd1.0,cross,w_WU_eff_rank,7,-0.5323117462054056,0.2353337945342206,102.52061223871519,57.89437425626235,4
C,dirichlet,0.4|wd1.0,cross,w_WU_sv_gini,7,0.38546712656253507,0.4162580707475474,0.3179204937815936,0.4350049782166018,4
C,dirichlet,0.4|wd1.0,cross,w_WU_entry_gini,7,0.4405338589286115,0.34425772230344315,0.39735337429952633,0.4225142276896354,4
C,dirichlet,0.4|wd1.0,cross,w_WU_row_gini,7,-0.7892898305804289,0.03242834022914355,0.02009372321575409,0.009984162814252406,4
C,dirichlet,0.4|wd1.0,cross,w_WU_row_pr,7,0.7892898305804289,0.03242834022914355,0.9987442089309931,0.9996693662607827,4
C,dirichlet,0.4|wd1.0,cross,w_WU_dist_init,7,-0.8260009854911465,0.018731390019207317,22.395957946777344,12.977499961853027,4
C,dirichlet,0.4|wd1.0,cross,w_WU_rel_dist_init,7,-0.8260009854911465,0.018731390019207317,2.028716298226133,1.1834151184762538,4
C,dirichlet,0.4|wd1.0,cross,w_WU_cos_init,7,-0.8260009854911465,0.018731390019207317,0.09296984225511551,-0.0004003193462267518,4
C,dirichlet,0.4|wd1.0,cross,w_WQ_fro,7,0.05506673236607644,0.9122150839549784,34.34178924560547,30.968031883239746,4
C,dirichlet,0.4|wd1.0,cross,w_WQ_spec,7,-0.16520019709822933,0.7387899050092295,29.88665008544922,18.51289463043213,4
C,dirichlet,0.4|wd1.0,cross,w_WQ_stable_rank,7,0.4588894363839703,0.32129161484019736,1.3203580379486084,5.167851567268372,4
C,dirichlet,0.4|wd1.0,cross,w_WQ_eff_rank,7,0.4588894363839703,0.32129161484019736,23.94225557430488,50.63524531320602,4
C,dirichlet,0.4|wd1.0,cross,w_WQ_sv_gini,7,-0.4588894363839703,0.32129161484019736,0.9082306517171503,0.8041626193263907,4
C,dirichlet,0.4|wd1.0,cross,w_WQ_entry_gini,7,-0.38546712656253507,0.4162580707475474,0.4629578219976396,0.40117850084690265,4
C,dirichlet,0.4|wd1.0,cross,w_WQ_row_gini,7,-0.38546712656253507,0.4162580707475474,0.295225800155934,0.11956879755326666,4
C,dirichlet,0.4|wd1.0,cross,w_WQ_row_pr,7,0.38546712656253507,0.4162580707475474,0.7627013843230915,0.9443000664422875,4
C,dirichlet,0.4|wd1.0,cross,w_WQ_dist_init,7,0.05506673236607644,0.9122150839549784,37.60836410522461,34.78066062927246,4
C,dirichlet,0.4|wd1.0,cross,w_WQ_rel_dist_init,7,0.05506673236607644,0.9122150839549784,2.340357947176999,2.1738637179658764,4
C,dirichlet,0.4|wd1.0,cross,w_WQ_cos_init,7,-0.8627121404018642,0.009115041797629475,0.021018384024500847,0.0053477295441553,4
C,dirichlet,0.4|wd1.0,cross,w_WK_fro,7,0.25697808437502334,0.5990687056447644,14.634307861328125,20.952383995056152,4
C,dirichlet,0.4|wd1.0,cross,w_WK_spec,7,0.3120448167410998,0.5185264968486921,9.403623580932617,9.4670090675354,4
C,dirichlet,0.4|wd1.0,cross,w_WK_stable_rank,7,0.25697808437502334,0.5990687056447644,2.421970844268799,5.7363059520721436,4
C,dirichlet,0.4|wd1.0,cross,w_WK_eff_rank,7,0.5139561687500467,0.2558801196128877,23.968126864219983,53.18507218080218,4
C,dirichlet,0.4|wd1.0,cross,w_WK_sv_gini,7,-0.5139561687500467,0.2558801196128877,0.9158645807735917,0.810671590423372,4
C,dirichlet,0.4|wd1.0,cross,w_WK_entry_gini,7,-0.3120448167410998,0.5185264968486921,0.45253666719069896,0.4156645793117174,4
C,dirichlet,0.4|wd1.0,cross,w_WK_row_gini,7,-0.33040039419645867,0.49236300893508117,0.14748915834721488,0.08745892497072028,4
C,dirichlet,0.4|wd1.0,cross,w_WK_row_pr,7,0.38546712656253507,0.4162580707475474,0.8878291678540359,0.9664308250971101,4
C,dirichlet,0.4|wd1.0,cross,w_WK_dist_init,7,0.4588894363839703,0.32129161484019736,21.496280670166016,26.65785503387451,4
C,dirichlet,0.4|wd1.0,cross,w_WK_rel_dist_init,7,0.4588894363839703,0.32129161484019736,1.3417981876469829,1.6626871497286067,4
C,dirichlet,0.4|wd1.0,cross,w_WK_cos_init,7,-0.8994232953125818,0.0032992711467101743,0.018616722896695137,0.002775615081191063,4
C,dirichlet,0.4|wd1.0,cross,w_WV_fro,7,0.5139561687500467,0.2558801196128877,25.825403213500977,61.14929008483887,4
C,dirichlet,0.4|wd1.0,cross,w_WV_spec,7,0.9728456051340171,1.821701342937821e-05,5.164721488952637,19.191452026367188,4
C,dirichlet,0.4|wd1.0,cross,w_WV_stable_rank,7,-0.38546712656253507,0.4162580707475474,25.004911422729492,10.15459156036377,4
C,dirichlet,0.4|wd1.0,cross,w_WV_eff_rank,7,-0.23862250691966458,0.6265234827538129,82.6313589163052,48.24422963257723,4
C,dirichlet,0.4|wd1.0,cross,w_WV_sv_gini,7,0.23862250691966458,0.6265234827538129,0.7468720801017861,0.8224059852216856,4
C,dirichlet,0.4|wd1.0,cross,w_WV_entry_gini,7,0.01835557745535881,0.9707120261838965,0.40813725179547555,0.4049655138280509,4
C,dirichlet,0.4|wd1.0,cross,w_WV_row_gini,7,0.7709342531250701,0.04082987776532558,0.04098136967618715,0.08505505507750966,4
C,dirichlet,0.4|wd1.0,cross,w_WV_row_pr,7,-0.7709342531250701,0.04082987776532558,0.9946333093323099,0.9751787620862409,4
C,dirichlet,0.4|wd1.0,cross,w_WV_dist_init,7,0.5139561687500467,0.2558801196128877,29.08881378173828,62.21600341796875,4
C,dirichlet,0.4|wd1.0,cross,w_WV_rel_dist_init,7,0.5139561687500467,0.2558801196128877,1.820932275656111,3.8852772428261533,4
C,dirichlet,0.4|wd1.0,cross,w_WV_cos_init,7,-0.6057340560268408,0.16022637307644644,0.09208853542804718,0.06371616572141647,4
C,dirichlet,0.4|wd1.0,cross,w_WO_fro,7,0.7709342531250701,0.04082987776532558,17.236045837402344,24.354788780212402,4
C,dirichlet,0.4|wd1.0,cross,w_WO_spec,7,0.47724501383932916,0.29888786335877715,2.9760162830352783,6.533940315246582,4
C,dirichlet,0.4|wd1.0,cross,w_WO_stable_rank,7,-0.38546712656253507,0.4162580707475474,33.54541778564453,14.214868068695068,4
C,dirichlet,0.4|wd1.0,cross,w_WO_eff_rank,7,-0.3120448167410998,0.5185264968486921,112.9180859509536,53.23934833041651,4
C,dirichlet,0.4|wd1.0,cross,w_WO_sv_gini,7,0.3120448167410998,0.5185264968486921,0.6658835236464302,0.8108376894337025,4
C,dirichlet,0.4|wd1.0,cross,w_WO_entry_gini,7,0.23862250691966458,0.6265234827538129,0.41379615604171094,0.41689841346024814,4
C,dirichlet,0.4|wd1.0,cross,w_WO_row_gini,7,0.8443565629465054,0.013424004016998548,0.04746165768059485,0.13862335194909425,4
C,dirichlet,0.4|wd1.0,cross,w_WO_row_pr,7,-0.8443565629465054,0.013424004016998548,0.9924618335267277,0.9435184951048964,4
C,dirichlet,0.4|wd1.0,cross,w_WO_dist_init,7,0.6240896334821996,0.14337109006390902,22.133886337280273,28.14647388458252,4
C,dirichlet,0.4|wd1.0,cross,w_WO_rel_dist_init,7,0.6240896334821996,0.14337109006390902,1.3795210413694723,1.7604587423846172,4
C,dirichlet,0.4|wd1.0,cross,w_WO_cos_init,7,-0.6791563658482761,0.09790565494979103,0.11680182814598083,0.07732770778238773,4
C,dirichlet,0.4|wd1.0,cross,w_Win_fro,7,0.7342230982143525,0.06070231593100418,17.400291442871094,22.640599250793457,4
C,dirichlet,0.4|wd1.0,cross,w_Win_spec,7,0.33040039419645867,0.49236300893508117,5.649326801300049,6.018903970718384,4
C,dirichlet,0.4|wd1.0,cross,w_Win_stable_rank,7,0.16520019709822933,0.7387899050092295,9.48713493347168,14.260079860687256,4
C,dirichlet,0.4|wd1.0,cross,w_Win_eff_rank,7,-0.23862250691966458,0.6265234827538129,149.35510615236097,124.18361241404705,4
C,dirichlet,0.4|wd1.0,cross,w_Win_sv_gini,7,-0.11013346473215288,0.8249647121831147,0.5453997749212915,0.5650725446328457,4
C,dirichlet,0.4|wd1.0,cross,w_Win_entry_gini,7,0.36711154910717625,0.4412042461669335,0.41615327306272465,0.4258757922026336,4
C,dirichlet,0.4|wd1.0,cross,w_Win_row_gini,7,0.7525786756697113,0.050259253940424284,0.06560332377107159,0.13934539479513197,4
C,dirichlet,0.4|wd1.0,cross,w_Win_row_pr,7,-0.6424452109375585,0.12734572380396464,0.9515740500935689,0.9370952146681693,4
C,dirichlet,0.4|wd1.0,cross,w_Win_dist_init,7,0.9177788727679406,0.0016354413802412335,27.349090576171875,31.825149536132812,4
C,dirichlet,0.4|wd1.0,cross,w_Win_rel_dist_init,7,0.9177788727679406,0.0016354413802412335,1.209575578902899,1.4076428334312006,4
C,dirichlet,0.4|wd1.0,cross,w_Win_cos_init,7,-0.8994232953125818,0.0032992711467101743,0.08391784876585007,0.012234045192599297,4
C,dirichlet,0.4|wd1.0,cross,w_Wout_fro,7,-0.7158675207589937,0.07214001781037038,13.799314498901367,9.16792345046997,4
C,dirichlet,0.4|wd1.0,cross,w_Wout_spec,7,-0.5139561687500467,0.2558801196128877,3.266660213470459,1.5295299887657166,4
C,dirichlet,0.4|wd1.0,cross,w_Wout_stable_rank,7,0.5139561687500467,0.2558801196128877,17.84514617919922,36.30605506896973,4
C,dirichlet,0.4|wd1.0,cross,w_Wout_eff_rank,7,0.4588894363839703,0.32129161484019736,130.18017884176604,170.1423193718513,4
C,dirichlet,0.4|wd1.0,cross,w_Wout_sv_gini,7,-0.4588894363839703,0.32129161484019736,0.6185576197190115,0.49414890724857563,4
C,dirichlet,0.4|wd1.0,cross,w_Wout_entry_gini,7,-0.01835557745535881,0.9707120261838965,0.41782893999136816,0.41660006910009517,4
C,dirichlet,0.4|wd1.0,cross,w_Wout_row_gini,7,-0.3120448167410998,0.5185264968486921,0.04270636487536916,0.03687443898782117,4
C,dirichlet,0.4|wd1.0,cross,w_Wout_row_pr,7,0.36711154910717625,0.4412042461669335,0.9890323407019704,0.995743086663647,4
C,dirichlet,0.4|wd1.0,cross,w_Wout_dist_init,7,-0.7158675207589937,0.07214001781037038,20.78621482849121,18.458958625793457,4
C,dirichlet,0.4|wd1.0,cross,w_Wout_rel_dist_init,7,-0.7158675207589937,0.07214001781037038,1.298893934068454,1.153265755543289,4
C,dirichlet,0.4|wd1.0,cross,w_Wout_cos_init,7,-0.8994232953125818,0.0032992711467101743,0.032719045877456665,-0.0015256981423590332,4
C,dirichlet,0.4|wd1.0,cross,attn_to_a_mean,7,0.07342230982143524,0.8830457113859922,0.6231814622879028,0.6234870702028275,4
C,dirichlet,0.4|wd1.0,cross,attn_to_a_head_spread,7,0.6057340560268408,0.16022637307644644,0.4117685556411743,0.5355802923440933,4
C,dirichlet,0.4|wd1.0,cross,attn_entropy_mean,7,-0.8443565629465054,0.013424004016998548,0.1100081205368042,0.007627259939908981,4
C,dirichlet,0.4|wd1.0,cross,irr_E_structure,7,0.23862250691966458,0.6265234827538129,0.13046485136827474,0.5589748745128793,4
C,dirichlet,0.4|wd1.0,cross,irr_E_dominant_share,7,0.38546712656253507,0.4162580707475474,0.29646277983228975,0.5798187337582988,4
C,dirichlet,0.4|wd1.0,cross,irr_E_dominant_over_random,7,0.3120448167410998,0.5185264968486921,1.4230213431949907,2.7831299220398344,4
C,dirichlet,0.4|wd1.0,cross,irr_E_5,7,-0.8443565629465054,0.013424004016998548,0.004530015127843391,0.0018704406720256592,4
C,dirichlet,0.4|wd1.0,cross,irr_E_41,7,-0.09177788727679406,0.8539555837874959,0.11523366028209735,0.23741410295098409,4
C,dirichlet,0.4|wd1.0,cross,irr_E_32,7,0.03671115491071762,0.9414437970668492,0.1345349913999273,0.2540737557073084,4
C,dirichlet,0.4|wd1.0,cross,irr_E_311,7,0.11013346473215288,0.8249647121831147,0.2652364818218572,0.17290963239964582,4
C,dirichlet,0.4|wd1.0,cross,irr_E_221,7,0.16520019709822933,0.7387899050092295,0.29646277983228975,0.33064809644142623,4
C,dirichlet,0.4|wd1.0,cross,irr_E_2111,7,-0.12848904218751167,0.7960932409568922,0.14989848099079048,0.002898842657065409,4
C,dirichlet,0.4|wd1.0,cross,irr_E_11111,7,-0.5139561687500467,0.2558801196128877,0.034103590545194545,0.0001851291715443524,4
C,dirichlet,0.4|wd1.0,end,fn_loss_tr,15,0.741940826802374,0.0009414420290027111,5.44594968232559e-07,2.371309280395508,5
C,dirichlet,0.4|wd1.0,end,fn_acc_tr,15,-0.8862587350511957,1.1484301122808006e-06,100.0,43.95833206176758,5
C,dirichlet,0.4|wd1.0,end,fn_margin_tr,15,-0.6982972487551756,0.0027635984503722433,18.764129638671875,-0.2872657775878906,5
C,dirichlet,0.4|wd1.0,end,fn_entropy_tr,15,0.741940826802374,0.0009414420290027111,8.360621905012522e-06,3.195859909057617,5
C,dirichlet,0.4|wd1.0,end,fn_loss_te,15,0.741940826802374,0.0009414420290027111,8.785444833847578e-07,2.604743003845215,5
C,dirichlet,0.4|wd1.0,end,fn_acc_te,15,-0.8862587350511957,1.1484301122808006e-06,100.0,37.060184478759766,5
C,dirichlet,0.4|wd1.0,end,fn_margin_te,15,-0.7092081432669752,0.0021566267372392384,18.05743408203125,-0.6686439514160156,5
C,dirichlet,0.4|wd1.0,end,fn_entropy_te,15,0.741940826802374,0.0009414420290027111,1.2867283658124506e-05,3.287294626235962,5
C,dirichlet,0.4|wd1.0,end,fn_gap_loss,15,0.7092081432669752,0.0021566267372392384,3.3394951515219873e-07,0.23343372344970703,5
C,dirichlet,0.4|wd1.0,end,fn_gap_acc,15,0.8370221386594626,2.722417590647586e-05,0.0,6.221065521240234,5
C,dirichlet,0.4|wd1.0,end,fn_class_acc_gini,15,0.8862587350511957,1.1484301122808006e-06,0.0,0.5292207996463625,5
C,dirichlet,0.4|wd1.0,end,w_all_norm,15,0.7310299322905746,0.0012603584344841232,43.732747056609284,70.24347148625765,5
C,dirichlet,0.4|wd1.0,end,w_all_rel_norm,15,0.7310299322905746,0.0012603584344841232,0.9695533525973058,1.556111355431397,5
C,dirichlet,0.4|wd1.0,end,w_all_dist_init,15,0.774673510337773,0.0003507055528598205,62.2293939137849,83.5265923848938,5
C,dirichlet,0.4|wd1.0,end,w_all_rel_dist_init,15,0.774673510337773,0.0003507055528598205,1.3796233157068554,1.8503737947526038,5
C,dirichlet,0.4|wd1.0,end,w_all_cos_init,15,-0.7964952993613722,0.00016178840059113533,0.015179710667479548,0.0021371995917249236,5
C,dirichlet,0.4|wd1.0,end,rep_between_within_tr,15,-0.6328318816843779,0.00974764573320172,2.1842262453833365,0.52167207368603,5
C,dirichlet,0.4|wd1.0,end,rep_nc1_tr,15,-0.3600595188893875,0.19161787793201449,222.7866105216982,233.86884564982273,5
C,dirichlet,0.4|wd1.0,end,rep_eff_rank_te,15,0.6546536707079771,0.006652115282469617,40.795009071303014,71.65633297818954,5
C,dirichlet,0.4|wd1.0,end,rep_pr_te,15,0.5564556201017806,0.029677943085239838,22.18092240219282,26.208662570018486,5
C,dirichlet,0.4|wd1.0,end,rep_unit_gini_te,15,0.5128120420545821,0.04969914863774635,0.17423179961001223,0.3260948679797988,5
C,dirichlet,0.4|wd1.0,end,rep_unit_pr_te,15,-0.5237229365663817,0.043986130070219155,0.8958120428440935,0.7140995685947181,5
C,dirichlet,0.4|wd1.0,end,rep_between_within_te,15,-0.6328318816843779,0.00974764573320172,2.1176927730092814,0.4915359780055995,5
C,dirichlet,0.4|wd1.0,end,unit_interaction_share,15,-0.1091089451179962,0.7043350636747241,0.2368127173893604,0.24065151942307356,5
C,dirichlet,0.4|wd1.0,end,unit_frac_interacting,15,0.5532833351724881,0.030890167578067063,0.0,0.10838445276021957,5
C,dirichlet,0.4|wd1.0,end,add_share_a,15,0.49099025303098287,0.062675779012202,0.002176023617766448,0.02227094216108091,5
C,dirichlet,0.4|wd1.0,end,add_share_b,15,0.6328318816843779,0.00974764573320172,0.0014561856258427878,0.01918633077322979,5
C,dirichlet,0.4|wd1.0,end,add_share_interaction,15,-0.7637626158259734,0.0004975747231020245,0.9476034386775111,0.40857464394563286,5
C,dirichlet,0.4|wd1.0,end,add_acc_interaction_tr,15,-0.8862587350511957,1.1484301122808006e-06,100.0,71.25,5
C,dirichlet,0.4|wd1.0,end,add_acc_additive_tr,15,0.48596890045792424,0.06596835031858782,1.1805555820465088,1.2152777910232544,5
C,dirichlet,0.4|wd1.0,end,add_acc_no_a_tr,15,-0.8862587350511957,1.1484301122808006e-06,100.0,45.92013931274414,5
C,dirichlet,0.4|wd1.0,end,add_acc_no_b_tr,15,-0.8862587350511957,1.1484301122808006e-06,100.0,45.3125,5
C,dirichlet,0.4|wd1.0,end,add_acc_interaction_te,15,-0.8862587350511957,1.1484301122808006e-06,100.0,68.32176208496094,5
C,dirichlet,0.4|wd1.0,end,add_acc_additive_te,15,-0.10374616976068045,0.7183348947740743,0.868055522441864,0.8217592835426331,5
C,dirichlet,0.4|wd1.0,end,add_acc_no_a_te,15,-0.8862587350511957,1.1484301122808006e-06,100.0,38.0555534362793,5
C,dirichlet,0.4|wd1.0,end,add_acc_no_b_te,15,-0.8862587350511957,1.1484301122808006e-06,100.0,37.97453689575195,5
C,dirichlet,0.4|wd1.0,end,irr_out_structure,15,0.8401388774085707,2.3172139434244073e-05,0.7755397822784025,0.9703826665426993,5
C,dirichlet,0.4|wd1.0,end,irr_out_dominant_share,15,0.86196066643217,6.589618199130937e-06,0.7117688401417644,0.9787159998760326,5
C,dirichlet,0.4|wd1.0,end,irr_out_dominant_over_random,15,0.86196066643217,6.589618199130937e-06,85.41226081701174,117.44591998512392,5
C,dirichlet,0.4|wd1.0,end,coset_s_nm1_acc_te,15,-0.8862587350511957,1.1484301122808006e-06,100.0,55.89120388031006,5
C,dirichlet,0.4|wd1.0,end,coset_s_nm1_purity_te,15,-0.8862587350511957,1.1484301122808006e-06,1.0,0.717721223441513,5
C,dirichlet,0.4|wd1.0,end,coset_a_n_acc_te,15,-0.8739495859532624,2.939310099773551e-06,100.0,85.48610806465149,5
C,dirichlet,0.4|wd1.0,end,coset_a_n_purity_te,15,-0.8739495859532624,2.939310099773551e-06,1.0,0.4161927971838614,5
C,dirichlet,0.4|wd1.0,end,sharp_lambda_max,15,0.7528517213141737,0.0006910482238175549,0.014957137405872345,717.5579223632812,5
C,dirichlet,0.4|wd1.0,end,sharp_grad_norm,15,0.741940826802374,0.0009414420290027111,6.632845907006413e-05,18.444664001464844,5
C,dirichlet,0.4|wd1.0,end,sharp_lr_lambda,15,0.7528517213141737,0.0006910482238175549,1.4957137405872346e-05,0.7175579223632813,5
C,dirichlet,0.4|wd1.0,end,w_WE_fro,15,0.6655645652197768,0.00542309317145814,19.02953338623047,21.297765731811523,5
C,dirichlet,0.4|wd1.0,end,w_WE_spec,15,0.741940826802374,0.0009414420290027111,6.4158124923706055,9.369858741760254,5
C,dirichlet,0.4|wd1.0,end,w_WE_stable_rank,15,-0.25095057377139124,0.3743851884157219,7.704019546508789,5.624844074249268,5
C,dirichlet,0.4|wd1.0,end,w_WE_eff_rank,15,0.7092081432669752,0.0021566267372392384,21.48163756201919,43.22684605283095,5
C,dirichlet,0.4|wd1.0,end,w_WE_sv_gini,15,-0.741940826802374,0.0009414420290027111,0.8210612207663261,0.6864164723844965,5
C,dirichlet,0.4|wd1.0,end,w_WE_entry_gini,15,0.7310299322905746,0.0012603584344841232,0.3817746314945365,0.4275650960244488,5
C,dirichlet,0.4|wd1.0,end,w_WE_row_gini,15,0.13093073414159542,0.6482633410831735,0.011436887853844002,0.018806648752174082,5
C,dirichlet,0.4|wd1.0,end,w_WE_row_pr,15,-0.13093073414159542,0.6482633410831735,0.9995946566100427,0.9988747129523159,5
C,dirichlet,0.4|wd1.0,end,w_WE_dist_init,15,0.6655645652197768,0.00542309317145814,21.75644874572754,23.942779541015625,5
C,dirichlet,0.4|wd1.0,end,w_WE_rel_dist_init,15,0.6655645652197768,0.00542309317145814,1.9805408883645634,2.1893265353799864,5
C,dirichlet,0.4|wd1.0,end,w_WE_cos_init,15,-0.6764754597315764,0.004378458068795629,0.012729307636618614,-0.00013471317652147263,5
C,dirichlet,0.4|wd1.0,end,w_WU_fro,15,-0.12001983962979582,0.6761118751494081,8.550078392028809,9.648609161376953,5
C,dirichlet,0.4|wd1.0,end,w_WU_spec,15,0.20730699572419276,0.46618903003422607,7.216970920562744,9.554521560668945,5
C,dirichlet,0.4|wd1.0,end,w_WU_stable_rank,15,-0.86196066643217,6.589618199130937e-06,1.4035751819610596,1.0216472148895264,5
C,dirichlet,0.4|wd1.0,end,w_WU_eff_rank,15,-0.5237229365663817,0.043986130070219155,57.918912934197934,31.208531361973993,5
C,dirichlet,0.4|wd1.0,end,w_WU_sv_gini,15,-0.26186146828319085,0.3530207417045761,0.531201060829193,0.5535342910821415,5
C,dirichlet,0.4|wd1.0,end,w_WU_entry_gini,15,0.5673665146135802,0.025773890734503396,0.2851277486885928,0.42619019507117306,5
C,dirichlet,0.4|wd1.0,end,w_WU_row_gini,15,-0.8183170883849714,6.618137243945953e-05,0.020987003362167744,0.005222988948625051,5
C,dirichlet,0.4|wd1.0,end,w_WU_row_pr,15,0.8183170883849714,6.618137243945953e-05,0.9986111531388445,0.9999113106999639,5
C,dirichlet,0.4|wd1.0,end,w_WU_dist_init,15,-0.01091089451179962,0.9698487810478991,13.814804077148438,14.66270637512207,5
C,dirichlet,0.4|wd1.0,end,w_WU_rel_dist_init,15,0.01091089451179962,0.9698487810478991,1.2622012265923037,1.334204408256971,5
C,dirichlet,0.4|wd1.0,end,w_WU_cos_init,15,-0.9056042444793685,1.9408679881756104e-07,0.010943826287984848,-0.00861389096826315,5
C,dirichlet,0.4|wd1.0,end,w_WQ_fro,15,0.7092081432669752,0.0021566267372392384,7.647090435028076,16.123355865478516,5
C,dirichlet,0.4|wd1.0,end,w_WQ_spec,15,0.6437427761961776,0.008086397593390459,7.637948989868164,14.063069343566895,5
C,dirichlet,0.4|wd1.0,end,w_WQ_stable_rank,15,0.7092081432669752,0.0021566267372392384,1.0023043155670166,1.9637631177902222,5
C,dirichlet,0.4|wd1.0,end,w_WQ_eff_rank,15,0.6437427761961776,0.008086397593390459,1.3947302168854203,26.18886855571173,5
C,dirichlet,0.4|wd1.0,end,w_WQ_sv_gini,15,-0.6546536707079771,0.006652115282469617,0.9951257607082646,0.9150996758729559,5
C,dirichlet,0.4|wd1.0,end,w_WQ_entry_gini,15,-0.6764754597315764,0.004378458068795629,0.5618299459921783,0.39548025643206497,5
C,dirichlet,0.4|wd1.0,end,w_WQ_row_gini,15,0.720119037778775,0.001660693268819124,0.015904102535236442,0.05078589427404734,5
C,dirichlet,0.4|wd1.0,end,w_WQ_row_pr,15,-0.6982972487551756,0.0027635984503722433,0.999184232854774,0.9903621857632972,5
C,dirichlet,0.4|wd1.0,end,w_WQ_dist_init,15,0.7092081432669752,0.0021566267372392384,17.699764251708984,22.723587036132812,5
C,dirichlet,0.4|wd1.0,end,w_WQ_rel_dist_init,15,0.7092081432669752,0.0021566267372392384,1.1085641653879441,1.4173746081868326,5
C,dirichlet,0.4|wd1.0,end,w_WQ_cos_init,15,0.15275252316519466,0.5938089902029892,0.000498872366733849,0.0012214480666443706,5
C,dirichlet,0.4|wd1.0,end,w_WK_fro,15,0.7092081432669752,0.0021566267372392384,7.696727752685547,16.457958221435547,5
C,dirichlet,0.4|wd1.0,end,w_WK_spec,15,0.741940826802374,0.0009414420290027111,7.682931423187256,13.582730293273926,5
C,dirichlet,0.4|wd1.0,end,w_WK_stable_rank,15,0.6764754597315764,0.004378458068795629,1.003403902053833,1.5771828889846802,5
C,dirichlet,0.4|wd1.0,end,w_WK_eff_rank,15,0.6328318816843779,0.00974764573320172,1.4240889663365595,25.358160953889282,5
C,dirichlet,0.4|wd1.0,end,w_WK_sv_gini,15,-0.6110100926607787,0.013841381659124526,0.9950404854222326,0.913839538081092,5
C,dirichlet,0.4|wd1.0,end,w_WK_entry_gini,15,-0.741940826802374,0.0009414420290027111,0.5497497282190833,0.39000957448980245,5
C,dirichlet,0.4|wd1.0,end,w_WK_row_gini,15,0.741940826802374,0.0009414420290027111,0.010007250780267762,0.08162302792777765,5
C,dirichlet,0.4|wd1.0,end,w_WK_row_pr,15,-0.7310299322905746,0.0012603584344841232,0.9996638571682244,0.9799520367107801,5
C,dirichlet,0.4|wd1.0,end,w_WK_dist_init,15,0.7092081432669752,0.0021566267372392384,17.76225471496582,23.071739196777344,5
C,dirichlet,0.4|wd1.0,end,w_WK_rel_dist_init,15,0.7092081432669752,0.0021566267372392384,1.1079672792536406,1.438803399487341,5
C,dirichlet,0.4|wd1.0,end,w_WK_cos_init,15,-0.5237229365663817,0.043986130070219155,0.005951672326773405,-0.005972688551992178,5
C,dirichlet,0.4|wd1.0,end,w_WV_fro,15,0.6873863542433761,0.0034982674296334636,20.74599838256836,50.86771011352539,5
C,dirichlet,0.4|wd1.0,end,w_WV_spec,15,0.7310299322905746,0.0012603584344841232,6.713125705718994,22.71749496459961,5
C,dirichlet,0.4|wd1.0,end,w_WV_stable_rank,15,-0.5237229365663817,0.043986130070219155,9.55082893371582,5.413177013397217,5
C,dirichlet,0.4|wd1.0,end,w_WV_eff_rank,15,0.0,1.0,21.81437443209194,14.181929183544925,5
C,dirichlet,0.4|wd1.0,end,w_WV_sv_gini,15,0.30550504633038933,0.2743052038519832,0.9114595808826995,0.9517316812983565,5
C,dirichlet,0.4|wd1.0,end,w_WV_entry_gini,15,0.20730699572419276,0.46618903003422607,0.38952514737149424,0.46541360288855715,5
C,dirichlet,0.4|wd1.0,end,w_WV_row_gini,15,0.49099025303098287,0.062675779012202,0.028173823278858645,0.18618751652642462,5
C,dirichlet,0.4|wd1.0,end,w_WV_row_pr,15,-0.3818813079129867,0.16347753318137834,0.9974843479627505,0.9014611473575295,5
C,dirichlet,0.4|wd1.0,end,w_WV_dist_init,15,0.6982972487551756,0.0027635984503722433,25.839269638061523,53.21455764770508,5
C,dirichlet,0.4|wd1.0,end,w_WV_rel_dist_init,15,0.6982972487551756,0.0027635984503722433,1.613636683073157,3.3311810609582855,5
C,dirichlet,0.4|wd1.0,end,w_WV_cos_init,15,-0.5237229365663817,0.043986130070219155,0.028817562386393547,0.006722558289766312,5
C,dirichlet,0.4|wd1.0,end,w_WO_fro,15,0.44734667498378433,0.09540649063206,20.426816940307617,25.44646644592285,5
C,dirichlet,0.4|wd1.0,end,w_WO_spec,15,0.6437427761961776,0.008086397593390459,6.254546642303467,9.700882911682129,5
C,dirichlet,0.4|wd1.0,end,w_WO_stable_rank,15,-0.32732683535398854,0.23911154774545884,8.966638565063477,6.88104248046875,5
C,dirichlet,0.4|wd1.0,end,w_WO_eff_rank,15,-0.2182178902359924,0.44231921872935054,25.688379917614633,18.861108072794455,5
C,dirichlet,0.4|wd1.0,end,w_WO_sv_gini,15,0.39279220242478624,0.15045123823294082,0.8961317689895201,0.9342377156597201,5
C,dirichlet,0.4|wd1.0,end,w_WO_entry_gini,15,0.7637626158259734,0.0004975747231020245,0.36480158345367997,0.4310894001166752,5
C,dirichlet,0.4|wd1.0,end,w_WO_row_gini,15,0.6110100926607787,0.013841381659124526,0.019309168886201267,0.14909581615985035,5
C,dirichlet,0.4|wd1.0,end,w_WO_row_pr,15,-0.5564556201017806,0.029677943085239838,0.9987877532391085,0.916646689227554,5
C,dirichlet,0.4|wd1.0,end,w_WO_dist_init,15,0.458257569495584,0.08632897662412624,25.456222534179688,30.061506271362305,5
C,dirichlet,0.4|wd1.0,end,w_WO_rel_dist_init,15,0.458257569495584,0.08632897662412624,1.591224178314407,1.8811736860574204,5
C,dirichlet,0.4|wd1.0,end,w_WO_cos_init,15,-0.7964952993613722,0.00016178840059113533,0.034109774976968765,-0.0009900691220536828,5
C,dirichlet,0.4|wd1.0,end,w_Win_fro,15,0.6873863542433761,0.0034982674296334636,16.94474220275879,21.260995864868164,5
C,dirichlet,0.4|wd1.0,end,w_Win_spec,15,0.741940826802374,0.0009414420290027111,4.444544315338135,7.76649808883667,5
C,dirichlet,0.4|wd1.0,end,w_Win_stable_rank,15,-0.5237229365663817,0.043986130070219155,14.534758567810059,9.592667579650879,5
C,dirichlet,0.4|wd1.0,end,w_Win_eff_rank,15,0.7528517213141737,0.0006910482238175549,34.82646271431105,111.796741251251,5
C,dirichlet,0.4|wd1.0,end,w_Win_sv_gini,15,-0.7310299322905746,0.0012603584344841232,0.8586552593190406,0.6238796280688201,5
C,dirichlet,0.4|wd1.0,end,w_Win_entry_gini,15,0.545544725589981,0.03399879704460135,0.36596477944520833,0.4495617539001122,5
C,dirichlet,0.4|wd1.0,end,w_Win_row_gini,15,0.5128120420545821,0.04969914863774635,0.08686541258398806,0.1446284854814015,5
C,dirichlet,0.4|wd1.0,end,w_Win_row_pr,15,-0.5128120420545821,0.04969914863774635,0.9749135242444806,0.9357636006741968,5
C,dirichlet,0.4|wd1.0,end,w_Win_dist_init,15,0.6982972487551756,0.0027635984503722433,28.02191925048828,31.074859619140625,5
C,dirichlet,0.4|wd1.0,end,w_Win_rel_dist_init,15,0.6982972487551756,0.0027635984503722433,1.2397963708784197,1.3748700735655561,5
C,dirichlet,0.4|wd1.0,end,w_Win_cos_init,15,-0.6328318816843779,0.00974764573320172,0.010486114770174026,-0.0028770898934453726,5
C,dirichlet,0.4|wd1.0,end,w_Wout_fro,15,-0.7637626158259734,0.0004975747231020245,15.20482349395752,8.380971908569336,5
C,dirichlet,0.4|wd1.0,end,w_Wout_spec,15,-0.6546536707079771,0.006652115282469617,5.807592391967773,2.1744720935821533,5
C,dirichlet,0.4|wd1.0,end,w_Wout_stable_rank,15,0.6219209871725783,0.011658291760714513,6.469475269317627,20.49115753173828,5
C,dirichlet,0.4|wd1.0,end,w_Wout_eff_rank,15,0.6655645652197768,0.00542309317145814,38.32744666132919,127.52055259656078,5
C,dirichlet,0.4|wd1.0,end,w_Wout_sv_gini,15,-0.6873863542433761,0.0034982674296334636,0.8687547891339042,0.6284702004375502,5
C,dirichlet,0.4|wd1.0,end,w_Wout_entry_gini,15,-0.741940826802374,0.0009414420290027111,0.4890900171889463,0.4212211348204842,5
C,dirichlet,0.4|wd1.0,end,w_Wout_row_gini,15,-0.5673665146135802,0.025773890734503396,0.08817934317181453,0.047325232549509266,5
C,dirichlet,0.4|wd1.0,end,w_Wout_row_pr,15,0.6219209871725783,0.011658291760714513,0.96602993391284,0.9920754460705025,5
C,dirichlet,0.4|wd1.0,end,w_Wout_dist_init,15,-0.7637626158259734,0.0004975747231020245,22.001436233520508,18.051042556762695,5
C,dirichlet,0.4|wd1.0,end,w_Wout_rel_dist_init,15,-0.7637626158259734,0.0004975747231020245,1.3757808852971365,1.1287571886531096,5
C,dirichlet,0.4|wd1.0,end,w_Wout_cos_init,15,-0.032732683535398856,0.9096897643267184,0.005025123246014118,0.0032589109614491463,5
C,dirichlet,0.4|wd1.0,end,rep_dead_frac_te,15,0.4057411124598247,0.1358816551464937,0.0,0.0,5
C,dirichlet,0.4|wd1.0,end,attn_to_a_mean,15,0.08728715609439695,0.7617808582470522,0.49950286746025085,0.6237742900848389,5
C,dirichlet,0.4|wd1.0,end,attn_to_a_head_spread,15,-0.26186146828319085,0.3530207417045761,0.5690066814422607,0.4791458249092102,5
C,dirichlet,0.4|wd1.0,end,attn_entropy_mean,15,-0.14184162865339506,0.6208194107674094,0.02329236827790737,0.14197807013988495,5
C,dirichlet,0.4|wd1.0,end,irr_E_structure,15,-0.4691684640073836,0.07786000619295554,0.8483439028861833,0.758842828614091,5
C,dirichlet,0.4|wd1.0,end,irr_E_dominant_share,15,-0.4255248859601851,0.11545171027095363,0.9248121124372749,0.8586835539787337,5
C,dirichlet,0.4|wd1.0,end,irr_E_dominant_over_random,15,-0.2945941518185897,0.29295315546672174,6.501906498505543,6.440126654840503,5
C,dirichlet,0.4|wd1.0,end,irr_E_5,15,0.20730699572419276,0.46618903003422607,0.002940957446816925,0.023376669330927424,5
C,dirichlet,0.4|wd1.0,end,irr_E_41,15,0.1091089451179962,0.7043350636747241,0.00034286111909771067,0.015044151178963483,5
C,dirichlet,0.4|wd1.0,end,irr_E_32,15,0.7637626158259734,0.0004975747231020245,0.000489322568455221,0.020555098593215287,5
C,dirichlet,0.4|wd1.0,end,irr_E_311,15,0.7528517213141737,0.0006910482238175549,0.0006716970864793594,0.020424038163820372,5
C,dirichlet,0.4|wd1.0,end,irr_E_221,15,0.39279220242478624,0.15045123823294082,0.0004805935082545189,0.00804344575856374,5
C,dirichlet,0.4|wd1.0,end,irr_E_2111,15,0.1854852067005935,0.5156506457292339,0.0031467537989531883,0.013128226272437721,5
C,dirichlet,0.4|wd1.0,end,irr_E_11111,15,-0.14184162865339506,0.6208194107674094,0.07073272687318244,0.07689333753558683,5
C,E,0.5|wd1.0,init,fn_loss_tr,12,0.6258896801656757,0.027532111205863633,1.8129733803107229e-07,2.9986432790756226,3
C,E,0.5|wd1.0,init,fn_acc_tr,12,-0.6725927091345494,0.01442956486742676,100.0,21.20138931274414,3
C,E,0.5|wd1.0,init,fn_margin_tr,12,-0.6827887419989189,0.012315962923615052,17.03540802001953,-1.6945922374725342,3
C,E,0.5|wd1.0,init,fn_entropy_tr,12,0.5576108059657838,0.0590155400813654,3.2227003430307377e-06,1.921850562095642,3
C,E,0.5|wd1.0,init,fn_loss_te,12,0.48933193176589196,0.1083739872432595,1.5677939018132747e-06,5.8061370849609375,3
C,E,0.5|wd1.0,init,fn_acc_te,12,-0.566393860323831,0.05403048226730485,100.0,4.0625001192092896,3
C,E,0.5|wd1.0,init,fn_margin_te,12,-0.5234713688658379,0.08127625041850527,16.222427368164062,-4.588376522064209,3
C,E,0.5|wd1.0,init,fn_entropy_te,12,0.5234713688658379,0.08127625041850527,1.887149664980825e-05,1.875781536102295,3
C,E,0.5|wd1.0,init,fn_gap_loss,12,0.45519249466594597,0.14056469731479343,1.3864965637822024e-06,2.689647674560547,3
C,E,0.5|wd1.0,init,fn_gap_acc,12,0.3893957789726338,0.21747770571356254,0.0,12.756944552063942,3
C,E,0.5|wd1.0,init,fn_class_acc_gini,12,0.566393860323831,0.05403048226730485,0.0,0.4041533201199339,3
C,E,0.5|wd1.0,init,w_all_norm,12,0.48933193176589196,0.1083739872432595,36.393776114566805,72.5552868393145,3
C,E,0.5|wd1.0,init,w_all_rel_norm,12,0.48933193176589196,0.1083739872432595,0.8062353280757902,1.6080022444661388,3
C,E,0.5|wd1.0,init,w_all_dist_init,12,0.6031300554323784,0.0362459990105316,57.04949911907654,83.6285053639826,3
C,E,0.5|wd1.0,init,w_all_rel_dist_init,12,0.6031300554323784,0.0362459990105316,1.2647852434995477,1.853391912355157,3
C,E,0.5|wd1.0,init,w_all_cos_init,12,-0.19345681023302705,0.556681504559603,0.033612897856067726,0.022005414805342176,3
C,E,0.5|wd1.0,init,rep_between_within_tr,12,0.18207699786637838,0.5806810416236071,0.6258262011588692,1.899120740718769,3
C,E,0.5|wd1.0,init,rep_nc1_tr,12,-0.0682788741998919,0.8374503760617653,382.1805090736843,375.8233862789788,3
C,E,0.5|wd1.0,init,rep_eff_rank_te,12,-0.6827887419989189,0.012315962923615052,34.28149343573479,23.147480648462356,3
C,E,0.5|wd1.0,init,rep_pr_te,12,-0.6827887419989189,0.012315962923615052,21.83476200314,4.319454588696081,3
C,E,0.5|wd1.0,init,rep_unit_gini_te,12,-0.3300145586328108,0.30369881076894567,0.7377590431675467,0.38778270793829184,3
C,E,0.5|wd1.0,init,rep_unit_pr_te,12,0.26173568443291895,0.4214475095429319,0.28930440109505134,0.5498305884060385,3
C,E,0.5|wd1.0,init,rep_between_within_te,12,0.15931737313308109,0.6297642901690755,0.6196490458900153,1.7234387496130814,3
C,E,0.5|wd1.0,init,unit_interaction_share,12,0.6031300554323784,0.0362459990105316,0.20182316693668687,0.7938127825641812,3
C,E,0.5|wd1.0,init,unit_frac_interacting,12,0.6556925040997952,0.018489870514916178,0.0,0.9873046875,3
C,E,0.5|wd1.0,init,add_share_a,12,0.47795211939924326,0.11852844751348289,0.002195652262963136,0.04661877987138878,3
C,E,0.5|wd1.0,init,add_share_b,12,0.2958751215328649,0.36020281944590204,0.0021125852858605255,0.03210077407436175,3
C,E,0.5|wd1.0,init,add_share_interaction,12,-0.5007117441325406,0.09878620954789548,0.9561170892807883,0.8122448748538396,3
C,E,0.5|wd1.0,init,add_acc_interaction_tr,12,-0.6725927091345494,0.01442956486742676,100.0,12.375000476837158,3
C,E,0.5|wd1.0,init,add_acc_additive_tr,12,0.4210530575660001,0.17800795035303305,1.0,1.513888955116272,3
C,E,0.5|wd1.0,init,add_acc_no_a_tr,12,-0.6725927091345494,0.01442956486742676,100.0,19.27083396911621,3
C,E,0.5|wd1.0,init,add_acc_no_b_tr,12,-0.6725927091345494,0.01442956486742676,100.0,19.722222328186035,3
C,E,0.5|wd1.0,init,add_acc_interaction_te,12,-0.566393860323831,0.05403048226730485,100.0,5.819444417953491,3
C,E,0.5|wd1.0,init,add_acc_additive_te,12,-0.4787898976397386,0.11776139247480055,0.694444477558136,0.3055555522441864,3
C,E,0.5|wd1.0,init,add_acc_no_a_te,12,-0.566393860323831,0.05403048226730485,100.0,5.333333492279053,3
C,E,0.5|wd1.0,init,add_acc_no_b_te,12,-0.566393860323831,0.05403048226730485,100.0,5.222222566604614,3
C,E,0.5|wd1.0,init,irr_out_structure,12,-0.48933193176589196,0.1083739872432595,0.7220557046705924,0.42980276032522724,3
C,E,0.5|wd1.0,init,irr_out_dominant_share,12,-0.3300145586328108,0.30369881076894567,0.6389611007840582,0.5343965399101558,3
C,E,0.5|wd1.0,init,irr_out_dominant_over_random,12,-0.11379812366648649,0.7316890274945884,3.067013283763479,3.207445006447567,3
C,E,0.5|wd1.0,init,coset_s_nm1_acc_te,12,-0.5309942440535915,0.07596620572422508,100.0,27.9305562376976,3
C,E,0.5|wd1.0,init,coset_s_nm1_purity_te,12,-0.566393860323831,0.05403048226730485,1.0,0.2046516684302797,3
C,E,0.5|wd1.0,init,coset_a_n_acc_te,12,-0.6371930928643099,0.023802535410820013,100.0,99.5902806520462,3
C,E,0.5|wd1.0,init,coset_a_n_purity_te,12,-0.566393860323831,0.05403048226730485,1.0,0.0565480002756901,3
C,E,0.5|wd1.0,init,sharp_lambda_max,12,0.6486493048989731,0.020400992874236558,0.0003064389165956527,281.42639923095703,3
C,E,0.5|wd1.0,init,sharp_grad_norm,12,0.6258896801656757,0.027532111205863633,3.1830534226173768e-06,2.5126954317092896,3
C,E,0.5|wd1.0,init,sharp_lr_lambda,12,0.6486493048989731,0.020400992874236558,3.064389165956527e-07,0.281426399230957,3
C,E,0.5|wd1.0,init,w_WE_fro,12,-0.7396878038321621,0.004380605083957229,15.950817108154297,8.519260883331299,3
C,E,0.5|wd1.0,init,w_WE_spec,12,-0.7510676161988109,0.0034313086565875175,6.708598613739014,2.365267515182495,3
C,E,0.5|wd1.0,init,w_WE_stable_rank,12,0.37553380809940545,0.23619543565858264,5.722293376922607,12.88515043258667,3
C,E,0.5|wd1.0,init,w_WE_eff_rank,12,0.48933193176589196,0.1083739872432595,35.66811463028986,102.4682996858804,3
C,E,0.5|wd1.0,init,w_WE_sv_gini,12,-0.4324328699326486,0.16493743216676635,0.7500652769789078,0.3091108957258274,3
C,E,0.5|wd1.0,init,w_WE_entry_gini,12,0.5234713688658379,0.08127625041850527,0.41046182502752937,0.42387380423827714,3
C,E,0.5|wd1.0,init,w_WE_row_gini,12,-0.2048366225996757,0.5330693423059081,0.03530535387850531,0.024959704036442876,3
C,E,0.5|wd1.0,init,w_WE_row_pr,12,0.2048366225996757,0.5330693423059081,0.9959460520066886,0.9980317370281938,3
C,E,0.5|wd1.0,init,w_WE_dist_init,12,-0.7396878038321621,0.004380605083957229,18.90919303894043,13.768202781677246,3
C,E,0.5|wd1.0,init,w_WE_rel_dist_init,12,-0.7396878038321621,0.004380605083957229,1.7213484800433938,1.2558062885378785,3
C,E,0.5|wd1.0,init,w_WE_cos_init,12,-0.6486493048989731,0.020400992874236558,0.050060924142599106,0.015400708187371492,3
C,E,0.5|wd1.0,init,w_WU_fro,12,-0.0682788741998919,0.8374503760617653,12.197521209716797,12.116406440734863,3
C,E,0.5|wd1.0,init,w_WU_spec,12,-0.7169281790988649,0.006853357606075217,6.741481304168701,3.381913185119629,3
C,E,0.5|wd1.0,init,w_WU_stable_rank,12,0.7283079914655135,0.005514341492621282,3.602327585220337,13.293933868408203,3
C,E,0.5|wd1.0,init,w_WU_eff_rank,12,0.4096732451993514,0.1916697321720593,63.28605085717975,73.09499181118676,3
C,E,0.5|wd1.0,init,w_WU_sv_gini,12,-0.35277418336610816,0.2688017575871722,0.5697187272542579,0.5046549318733115,3
C,E,0.5|wd1.0,init,w_WU_entry_gini,12,-0.1365577483997838,0.6801571786855486,0.5025190299321316,0.4134849000352865,3
C,E,0.5|wd1.0,init,w_WU_row_gini,12,0.6258896801656757,0.027532111205863633,0.01651439354018258,0.033816365836013995,3
C,E,0.5|wd1.0,init,w_WU_row_pr,12,-0.6258896801656757,0.027532111205863633,0.9991401011077178,0.9964415303903129,3
C,E,0.5|wd1.0,init,w_WU_dist_init,12,-0.011379812366648649,0.9727647853051233,16.07810401916504,16.08292531967163,3
C,E,0.5|wd1.0,init,w_WU_rel_dist_init,12,-0.011379812366648649,0.9727647853051233,1.4564195800764461,1.4611472104186962,3
C,E,0.5|wd1.0,init,w_WU_cos_init,12,0.11379812366648649,0.7316890274945884,0.02784230001270771,0.03872500639408827,3
C,E,0.5|wd1.0,init,w_WQ_fro,12,0.6031300554323784,0.0362459990105316,6.439197063446045,57.33388137817383,3
C,E,0.5|wd1.0,init,w_WQ_spec,12,0.6827887419989189,0.012315962923615052,5.677323818206787,55.273521423339844,3
C,E,0.5|wd1.0,init,w_WQ_stable_rank,12,-0.19345681023302705,0.556681504559603,1.0279874801635742,1.0391114950180054,3
C,E,0.5|wd1.0,init,w_WQ_eff_rank,12,-0.15931737313308109,0.6297642901690755,2.6643509552695344,2.252874657004442,3
C,E,0.5|wd1.0,init,w_WQ_sv_gini,12,0.2162164349663243,0.5098632262059909,0.9905628893886642,0.9923844559910725,3
C,E,0.5|wd1.0,init,w_WQ_entry_gini,12,-0.4096732451993514,0.1916697321720593,0.4827324991258979,0.32878061279380477,3
C,E,0.5|wd1.0,init,w_WQ_row_gini,12,0.22759624733297298,0.4870811307853341,0.08735507715115554,0.15869324805602558,3
C,E,0.5|wd1.0,init,w_WQ_row_pr,12,-0.2162164349663243,0.5098632262059909,0.9735122753538524,0.909469998934344,3
C,E,0.5|wd1.0,init,w_WQ_dist_init,12,0.6031300554323784,0.0362459990105316,17.129281997680664,59.18263816833496,3
C,E,0.5|wd1.0,init,w_WQ_rel_dist_init,12,0.6031300554323784,0.0362459990105316,1.0728339615947227,3.6879138786947028,3
C,E,0.5|wd1.0,init,w_WQ_cos_init,12,0.5007117441325406,0.09878620954789548,0.014475559815764427,0.024052533321082592,3
C,E,0.5|wd1.0,init,w_WK_fro,12,0.36415399573275675,0.2522091595950162,6.268695831298828,15.11086130142212,3
C,E,0.5|wd1.0,init,w_WK_spec,12,0.45519249466594597,0.14056469731479343,6.1020917892456055,10.911808490753174,3
C,E,0.5|wd1.0,init,w_WK_stable_rank,12,0.39829343283270274,0.20592264837700808,1.0553163290023804,1.7566716074943542,3
C,E,0.5|wd1.0,init,w_WK_eff_rank,12,0.15931737313308109,0.6297642901690755,2.793522768274407,4.526227390962927,3
C,E,0.5|wd1.0,init,w_WK_sv_gini,12,-0.15931737313308109,0.6297642901690755,0.9907428638731646,0.9846259411369501,3
C,E,0.5|wd1.0,init,w_WK_entry_gini,12,0.4210530575660001,0.17800795035303305,0.4726540809011972,0.5264430890038531,3
C,E,0.5|wd1.0,init,w_WK_row_gini,12,-0.1365577483997838,0.6801571786855486,0.08266524748675907,0.08022017307933915,3
C,E,0.5|wd1.0,init,w_WK_row_pr,12,0.03413943709994595,0.9183930463454484,0.9715898570822639,0.9668664026870895,3
C,E,0.5|wd1.0,init,w_WK_dist_init,12,0.36415399573275675,0.2522091595950162,17.129188537597656,21.948973655700684,3
C,E,0.5|wd1.0,init,w_WK_rel_dist_init,12,0.36415399573275675,0.2522091595950162,1.06847811408954,1.3691248669700948,3
C,E,0.5|wd1.0,init,w_WK_cos_init,12,-0.3869136204660541,0.22076538078083605,0.011254522949457169,0.008829198312014341,3
C,E,0.5|wd1.0,init,w_WV_fro,12,-0.47795211939924326,0.11852844751348289,15.678484916687012,8.415252685546875,3
C,E,0.5|wd1.0,init,w_WV_spec,12,-0.5803704306990811,0.046694215851958626,6.11468505859375,2.1804094314575195,3
C,E,0.5|wd1.0,init,w_WV_stable_rank,12,0.3300145586328108,0.30369881076894567,6.619919776916504,14.836148262023926,3
C,E,0.5|wd1.0,init,w_WV_eff_rank,12,0.2731154967995676,0.400526057862959,25.033890104311844,147.95477690685755,3
C,E,0.5|wd1.0,init,w_WV_sv_gini,12,-0.36415399573275675,0.2522091595950162,0.9031586821814497,0.5644347089699567,3
C,E,0.5|wd1.0,init,w_WV_entry_gini,12,0.4096732451993514,0.1916697321720593,0.441285787152202,0.45190056380430077,3
C,E,0.5|wd1.0,init,w_WV_row_gini,12,-0.4096732451993514,0.1916697321720593,0.1635139850814391,0.06154295403914589,3
C,E,0.5|wd1.0,init,w_WV_row_pr,12,0.4665723070325946,0.1292567121920554,0.9158019045032841,0.9883543225121224,3
C,E,0.5|wd1.0,init,w_WV_dist_init,12,-0.4210530575660001,0.17800795035303305,21.828975677490234,18.02455997467041,3
C,E,0.5|wd1.0,init,w_WV_rel_dist_init,12,-0.4210530575660001,0.17800795035303305,1.3664732654243998,1.1269488952745612,3
C,E,0.5|wd1.0,init,w_WV_cos_init,12,-0.8193464903987028,0.0005312623050308778,0.04967699572443962,0.003334378357976675,3
C,E,0.5|wd1.0,init,w_WO_fro,12,-0.3300145586328108,0.30369881076894567,15.524322509765625,15.188351154327393,3
C,E,0.5|wd1.0,init,w_WO_spec,12,-0.2731154967995676,0.400526057862959,5.65070915222168,4.5398101806640625,3
C,E,0.5|wd1.0,init,w_WO_stable_rank,12,0.03413943709994595,0.9183930463454484,7.910548210144043,11.156833171844482,3
C,E,0.5|wd1.0,init,w_WO_eff_rank,12,0.19345681023302705,0.556681504559603,23.58362194916279,79.13291747374714,3
C,E,0.5|wd1.0,init,w_WO_sv_gini,12,-0.22759624733297298,0.4870811307853341,0.9102836842925457,0.71622553236971,3
C,E,0.5|wd1.0,init,w_WO_entry_gini,12,0.5120915564991892,0.08975679687156378,0.4181170356440218,0.43786429394160653,3
C,E,0.5|wd1.0,init,w_WO_row_gini,12,0.5348511812324865,0.07333390933810117,0.13965097453141562,0.16813235995081743,3
C,E,0.5|wd1.0,init,w_WO_row_pr,12,-0.39829343283270274,0.20592264837700808,0.9348814654719116,0.9197487864275156,3
C,E,0.5|wd1.0,init,w_WO_dist_init,12,-0.10241831129983785,0.757826626532065,21.638227462768555,21.72773265838623,3
C,E,0.5|wd1.0,init,w_WO_rel_dist_init,12,-0.10241831129983785,0.757826626532065,1.3525679494824412,1.358916867077311,3
C,E,0.5|wd1.0,init,w_WO_cos_init,12,-0.17069718549972973,0.6050486218367603,0.06158001720905304,0.04061177256517112,3
C,E,0.5|wd1.0,init,w_Win_fro,12,0.4324328699326486,0.16493743216676635,13.725360870361328,23.95335865020752,3
C,E,0.5|wd1.0,init,w_Win_spec,12,0.5803704306990811,0.046694215851958626,4.421716213226318,8.106310844421387,3
C,E,0.5|wd1.0,init,w_Win_stable_rank,12,-0.3300145586328108,0.30369881076894567,9.635359764099121,8.759271621704102,3
C,E,0.5|wd1.0,init,w_Win_eff_rank,12,0.03413943709994595,0.9183930463454484,38.40884951337957,63.77486654139718,3
C,E,0.5|wd1.0,init,w_Win_sv_gini,12,-0.03413943709994595,0.9183930463454484,0.8508669078035009,0.7572045588303644,3
C,E,0.5|wd1.0,init,w_Win_entry_gini,12,-0.0682788741998919,0.8374503760617653,0.5539396377400145,0.4665847728362722,3
C,E,0.5|wd1.0,init,w_Win_row_gini,12,-0.6486493048989731,0.020400992874236558,0.37291011213799297,0.06879557453774765,3
C,E,0.5|wd1.0,init,w_Win_row_pr,12,0.6827887419989189,0.012315962923615052,0.6756339058557638,0.9821751729847273,3
C,E,0.5|wd1.0,init,w_Win_dist_init,12,0.48933193176589196,0.1083739872432595,26.0877685546875,31.161380767822266,3
C,E,0.5|wd1.0,init,w_Win_rel_dist_init,12,0.48933193176589196,0.1083739872432595,1.1537907508819927,1.378011366945627,3
C,E,0.5|wd1.0,init,w_Win_cos_init,12,0.07965868656654054,0.8107307144405332,0.03068910725414753,0.05653160251677036,3
C,E,0.5|wd1.0,init,w_Wout_fro,12,0.22759624733297298,0.4870811307853341,13.540156364440918,17.454118728637695,3
C,E,0.5|wd1.0,init,w_Wout_spec,12,0.0682788741998919,0.8374503760617653,4.020907402038574,5.953834772109985,3
C,E,0.5|wd1.0,init,w_Wout_stable_rank,12,-0.2958751215328649,0.36020281944590204,10.6073579788208,7.386843681335449,3
C,E,0.5|wd1.0,init,w_Wout_eff_rank,12,-0.2503558720662703,0.4428572005505874,42.97420679373599,39.20422461229134,3
C,E,0.5|wd1.0,init,w_Wout_sv_gini,12,-0.12517793603313515,0.705791709866389,0.8647392590547351,0.8357256526616,3
C,E,0.5|wd1.0,init,w_Wout_entry_gini,12,-0.5007117441325406,0.09878620954789548,0.5484636692593516,0.446855836220026,3
C,E,0.5|wd1.0,init,w_Wout_row_gini,12,-0.7852070532987568,0.00149103500866063,0.3315337845178923,0.03395494935185139,3
C,E,0.5|wd1.0,init,w_Wout_row_pr,12,0.8193464903987028,0.0005312623050308778,0.7399034051761159,0.9962663991605429,3
C,E,0.5|wd1.0,init,w_Wout_dist_init,12,0.056899061833243246,0.8643167430016547,20.865333557128906,22.094895362854004,3
C,E,0.5|wd1.0,init,w_Wout_rel_dist_init,12,0.056899061833243246,0.8643167430016547,1.3038379239938276,1.3809726737555512,3
C,E,0.5|wd1.0,init,w_Wout_cos_init,12,0.19345681023302705,0.556681504559603,0.009391716681420803,0.06141633470542729,3
C,E,0.5|wd1.0,init,rep_dead_frac_te,12,-0.42640143271122094,0.17179135932230546,0.0,0.0,3
C,E,0.5|wd1.0,init,attn_to_a_mean,12,0.011379812366648649,0.9727647853051233,0.6205729246139526,0.5901200175285339,3
C,E,0.5|wd1.0,init,attn_to_a_head_spread,12,-0.2958751215328649,0.36020281944590204,0.47841349244117737,0.23762284964323044,3
C,E,0.5|wd1.0,init,attn_entropy_mean,12,0.26173568443291895,0.4214475095429319,0.11252457648515701,0.18467099219560623,3
C,E,0.5|wd1.0,init,irr_E_structure,12,-0.37553380809940545,0.23619543565858264,0.744889080800201,0.3040701590390471,3
C,E,0.5|wd1.0,init,irr_E_dominant_share,12,-0.35277418336610816,0.2688017575871722,0.9014666047895754,0.4155212748008543,3
C,E,0.5|wd1.0,init,irr_E_dominant_over_random,12,-0.34139437099945946,0.28596731322303404,4.327039702989961,2.5654359111964924,3
C,E,0.5|wd1.0,init,irr_E_5,12,0.5462309935991352,0.06591797491611019,0.004232254405072376,0.03612424605327537,3
C,E,0.5|wd1.0,init,irr_E_41,12,0.4210530575660001,0.17800795035303305,0.0033827854832273983,0.12590159055467365,3
C,E,0.5|wd1.0,init,irr_E_32,12,0.5234713688658379,0.08127625041850527,0.004455390480676579,0.12975115977976626,3
C,E,0.5|wd1.0,init,irr_E_311,12,0.4665723070325946,0.1292567121920554,0.019548320893089364,0.1805902911197101,3
C,E,0.5|wd1.0,init,irr_E_221,12,-0.2731154967995676,0.400526057862959,0.8666170279473712,0.1647622179157843,3
C,E,0.5|wd1.0,init,irr_E_2111,12,0.34139437099945946,0.28596731322303404,0.006825501271066525,0.07715663896792191,3
C,E,0.5|wd1.0,init,irr_E_11111,12,-0.34139437099945946,0.28596731322303404,0.06768235440235149,0.05841549962880534,3
C,E,0.5|wd1.0,end,fn_loss_tr,12,0.47795211939924326,0.11852844751348289,2.584685603324033e-07,0.2352957557886839,3
C,E,0.5|wd1.0,end,fn_acc_tr,12,-0.6499555709619101,0.020036411421024775,100.0,92.87500381469727,3
C,E,0.5|wd1.0,end,fn_margin_tr,12,-0.6031300554323784,0.0362459990105316,16.978145599365234,4.482219696044922,3
C,E,0.5|wd1.0,end,fn_entropy_tr,12,0.47795211939924326,0.11852844751348289,4.294749032851541e-06,0.3386414498090744,3
C,E,0.5|wd1.0,end,fn_loss_te,12,0.47795211939924326,0.11852844751348289,1.4178674518916523e-06,0.5042147599160671,3
C,E,0.5|wd1.0,end,fn_acc_te,12,-0.6499555709619101,0.020036411421024775,100.0,84.6875,3
C,E,0.5|wd1.0,end,fn_margin_te,12,-0.5917502430657298,0.0412443167497733,16.231552124023438,3.557645797729492,3
C,E,0.5|wd1.0,end,fn_entropy_te,12,0.47795211939924326,0.11852844751348289,1.8454711607773788e-05,0.4629429392516613,3
C,E,0.5|wd1.0,end,fn_gap_loss,12,0.47795211939924326,0.11852844751348289,1.126036977439071e-06,0.26159380190074444,3
C,E,0.5|wd1.0,end,fn_gap_acc,12,0.6499555709619101,0.020036411421024775,0.0,8.187503814697266,3
C,E,0.5|wd1.0,end,fn_class_acc_gini,12,0.6499555709619101,0.020036411421024775,0.0,0.032336850170550546,3
C,E,0.5|wd1.0,end,w_all_norm,12,0.5803704306990811,0.046694215851958626,36.984547146833734,52.18432366188816,3
C,E,0.5|wd1.0,end,w_all_rel_norm,12,0.5803704306990811,0.046694215851958626,0.8199460151471667,1.1571020907525964,3
C,E,0.5|wd1.0,end,w_all_dist_init,12,0.5803704306990811,0.046694215851958626,58.29632569321528,69.18773220061107,3
C,E,0.5|wd1.0,end,w_all_rel_dist_init,12,0.5803704306990811,0.046694215851958626,1.2924273416165224,1.5340413850559966,3
C,E,0.5|wd1.0,end,w_all_cos_init,12,-0.10241831129983785,0.757826626532065,0.0011848327593583252,0.0010620022124894037,3
C,E,0.5|wd1.0,end,rep_between_within_tr,12,0.4324328699326486,0.16493743216676635,0.6373389228827061,1.231683014583521,3
C,E,0.5|wd1.0,end,rep_nc1_tr,12,-0.15931737313308109,0.6297642901690755,430.36150032726306,396.58226461979615,3
C,E,0.5|wd1.0,end,rep_eff_rank_te,12,-0.6031300554323784,0.0362459990105316,32.31227477313106,25.22866012021826,3
C,E,0.5|wd1.0,end,rep_pr_te,12,-0.7055483667322163,0.008418915184079683,20.363557902173287,11.821542191352698,3
C,E,0.5|wd1.0,end,rep_unit_gini_te,12,-0.28449530916621624,0.3801068080382683,0.4048084167050454,0.32659306649628483,3
C,E,0.5|wd1.0,end,rep_unit_pr_te,12,0.15931737313308109,0.6297642901690755,0.6559745098886108,0.6598224132397101,3
C,E,0.5|wd1.0,end,rep_between_within_te,12,0.4324328699326486,0.16493743216676635,0.6324556931604188,1.1502350838885107,3
C,E,0.5|wd1.0,end,unit_interaction_share,12,0.5576108059657838,0.0590155400813654,0.2016159363790851,0.261337229923569,3
C,E,0.5|wd1.0,end,unit_frac_interacting,12,0.5075913250845874,0.09326138199446615,0.0,0.4384765625,3
C,E,0.5|wd1.0,end,add_share_a,12,0.6258896801656757,0.027532111205863633,0.0019472009046600214,0.046420951748756344,3
C,E,0.5|wd1.0,end,add_share_b,12,0.28449530916621624,0.3801068080382683,0.0015731915559876542,0.009977997474782455,3
C,E,0.5|wd1.0,end,add_share_interaction,12,-0.4438126822992973,0.15245710716544675,0.9561269084856834,0.9250293988882714,3
C,E,0.5|wd1.0,end,add_acc_interaction_tr,12,-0.6091095901015049,0.033794638202081013,100.0,81.47222518920898,3
C,E,0.5|wd1.0,end,add_acc_additive_tr,12,0.07409843653948336,0.8237662783731866,0.930555522441864,1.090277761220932,3
C,E,0.5|wd1.0,end,add_acc_no_a_tr,12,-0.6091095901015049,0.033794638202081013,100.0,87.65278244018555,3
C,E,0.5|wd1.0,end,add_acc_no_b_tr,12,-0.6499555709619101,0.020036411421024775,100.0,92.58333969116211,3
C,E,0.5|wd1.0,end,add_acc_interaction_te,12,-0.6091095901015049,0.033794638202081013,100.0,77.39583396911621,3
C,E,0.5|wd1.0,end,add_acc_additive_te,12,0.12539735414374106,0.7052948853699093,0.6388888955116272,0.6736111342906952,3
C,E,0.5|wd1.0,end,add_acc_no_a_te,12,-0.6091095901015049,0.033794638202081013,100.0,79.86111068725586,3
C,E,0.5|wd1.0,end,add_acc_no_b_te,12,-0.6091095901015049,0.033794638202081013,100.0,86.34027862548828,3
C,E,0.5|wd1.0,end,irr_out_structure,12,-0.4438126822992973,0.15245710716544675,0.7355880799513291,0.6417962207104455,3
C,E,0.5|wd1.0,end,irr_out_dominant_share,12,-0.1365577483997838,0.6801571786855486,0.6353711199155864,0.6613465962133626,3
C,E,0.5|wd1.0,end,irr_out_dominant_over_random,12,0.15931737313308109,0.6297642901690755,3.049781375594814,3.578280517700431,3
C,E,0.5|wd1.0,end,coset_s_nm1_acc_te,12,-0.6499555709619101,0.020036411421024775,100.0,86.95833384990692,3
C,E,0.5|wd1.0,end,coset_s_nm1_purity_te,12,-0.6499555709619101,0.020036411421024775,1.0,0.9757638472513663,3
C,E,0.5|wd1.0,end,coset_a_n_acc_te,12,-0.6499555709619101,0.020036411421024775,100.0,99.91666972637177,3
C,E,0.5|wd1.0,end,coset_a_n_purity_te,12,-0.6499555709619101,0.020036411421024775,1.0,0.847784277198925,3
C,E,0.5|wd1.0,end,sharp_lambda_max,12,0.47795211939924326,0.11852844751348289,0.0006523328484036028,143.9672269821167,3
C,E,0.5|wd1.0,end,sharp_grad_norm,12,0.5120915564991892,0.08975679687156378,4.525237272900995e-06,0.9109806939959526,3
C,E,0.5|wd1.0,end,sharp_lr_lambda,12,0.47795211939924326,0.11852844751348289,6.523328484036029e-07,0.14396722698211672,3
C,E,0.5|wd1.0,end,w_WE_fro,12,-0.6372694925323243,0.023778611829731598,15.95518684387207,10.157331943511963,3
C,E,0.5|wd1.0,end,w_WE_spec,12,-0.7965868656654055,0.0010846072330444486,6.626002788543701,3.7946622371673584,3
C,E,0.5|wd1.0,end,w_WE_stable_rank,12,0.45519249466594597,0.14056469731479343,5.647356986999512,8.095870018005371,3
C,E,0.5|wd1.0,end,w_WE_eff_rank,12,0.2958751215328649,0.36020281944590204,33.803579338262566,62.2831808175117,3
C,E,0.5|wd1.0,end,w_WE_sv_gini,12,-0.26173568443291895,0.4214475095429319,0.7604020772423681,0.5743210765091846,3
C,E,0.5|wd1.0,end,w_WE_entry_gini,12,0.4665723070325946,0.1292567121920554,0.41161712085314295,0.4367117119627346,3
C,E,0.5|wd1.0,end,w_WE_row_gini,12,0.0682788741998919,0.8374503760617653,0.03922126040105045,0.03452742403315234,3
C,E,0.5|wd1.0,end,w_WE_row_pr,12,-0.0682788741998919,0.8374503760617653,0.9950271428351609,0.9961830055619199,3
C,E,0.5|wd1.0,end,w_WE_dist_init,12,-0.6372694925323243,0.023778611829731598,19.359506607055664,14.949048519134521,3
C,E,0.5|wd1.0,end,w_WE_rel_dist_init,12,-0.6372694925323243,0.023778611829731598,1.76234158717503,1.3628124216006192,3
C,E,0.5|wd1.0,end,w_WE_cos_init,12,0.0682788741998919,0.8374503760617653,0.0012836962705478072,0.00505737354978919,3
C,E,0.5|wd1.0,end,w_WU_fro,12,-0.5803704306990811,0.046694215851958626,12.519259452819824,9.09132194519043,3
C,E,0.5|wd1.0,end,w_WU_spec,12,-0.6486493048989731,0.020400992874236558,7.063426971435547,3.3573949337005615,3
C,E,0.5|wd1.0,end,w_WU_stable_rank,12,0.5007117441325406,0.09878620954789548,3.190110445022583,8.504468441009521,3
C,E,0.5|wd1.0,end,w_WU_eff_rank,12,0.6031300554323784,0.0362459990105316,55.54360125565099,66.0532179717639,3
C,E,0.5|wd1.0,end,w_WU_sv_gini,12,-0.4438126822992973,0.15245710716544675,0.585921016231113,0.5426057877825282,3
C,E,0.5|wd1.0,end,w_WU_entry_gini,12,-0.07965868656654054,0.8107307144405332,0.4921904846300209,0.39457673070797705,3
C,E,0.5|wd1.0,end,w_WU_row_gini,12,0.6031300554323784,0.0362459990105316,0.010740815103039703,0.03859414741838996,3
C,E,0.5|wd1.0,end,w_WU_row_pr,12,-0.5803704306990811,0.046694215851958626,0.9996447898905714,0.9953972494201484,3
C,E,0.5|wd1.0,end,w_WU_dist_init,12,-0.5462309935991352,0.06591797491611019,16.646156311035156,14.24037790298462,3
C,E,0.5|wd1.0,end,w_WU_rel_dist_init,12,-0.5462309935991352,0.06591797491611019,1.5078760502796973,1.2984648322459442,3
C,E,0.5|wd1.0,end,w_WU_cos_init,12,-0.45519249466594597,0.14056469731479343,0.005452901590615511,0.001105351810110733,3
C,E,0.5|wd1.0,end,w_WQ_fro,12,0.5462309935991352,0.06591797491611019,6.495039939880371,15.328721523284912,3
C,E,0.5|wd1.0,end,w_WQ_spec,12,0.4665723070325946,0.1292567121920554,5.804736614227295,10.420317649841309,3
C,E,0.5|wd1.0,end,w_WQ_stable_rank,12,0.15931737313308109,0.6297642901690755,1.0377856492996216,1.4562285542488098,3
C,E,0.5|wd1.0,end,w_WQ_eff_rank,12,0.18207699786637838,0.5806810416236071,2.211533662425483,3.68264960839205,3
C,E,0.5|wd1.0,end,w_WQ_sv_gini,12,-0.18207699786637838,0.5806810416236071,0.9930734866800668,0.9888540187236605,3
C,E,0.5|wd1.0,end,w_WQ_entry_gini,12,0.15931737313308109,0.6297642901690755,0.4538593430418707,0.5711591968476338,3
C,E,0.5|wd1.0,end,w_WQ_row_gini,12,0.47795211939924326,0.11852844751348289,0.05198445881193914,0.1251848547614305,3
C,E,0.5|wd1.0,end,w_WQ_row_pr,12,-0.47795211939924326,0.11852844751348289,0.9878218179786918,0.9307892187571511,3
C,E,0.5|wd1.0,end,w_WQ_dist_init,12,0.5462309935991352,0.06591797491611019,17.230411529541016,22.16092014312744,3
C,E,0.5|wd1.0,end,w_WQ_rel_dist_init,12,0.5462309935991352,0.06591797491611019,1.0791678637579687,1.3835128301678243,3
C,E,0.5|wd1.0,end,w_WQ_cos_init,12,-0.22759624733297298,0.4870811307853341,0.0011103303404524922,8.098833495751023e-05,3
C,E,0.5|wd1.0,end,w_WK_fro,12,0.5120915564991892,0.08975679687156378,6.398318290710449,23.223405838012695,3
C,E,0.5|wd1.0,end,w_WK_spec,12,0.5689906183324325,0.05261262454036833,6.205625057220459,22.231606483459473,3
C,E,0.5|wd1.0,end,w_WK_stable_rank,12,-0.03413943709994595,0.9183930463454484,1.0630242824554443,1.095358967781067,3
C,E,0.5|wd1.0,end,w_WK_eff_rank,12,0.10241831129983785,0.757826626532065,2.6718978671836298,2.9856654665342512,3
C,E,0.5|wd1.0,end,w_WK_sv_gini,12,-0.15931737313308109,0.6297642901690755,0.9917909535323051,0.990715464324656,3
C,E,0.5|wd1.0,end,w_WK_entry_gini,12,-0.3072549338995136,0.3408262166921907,0.44638939297405145,0.4218259190457958,3
C,E,0.5|wd1.0,end,w_WK_row_gini,12,0.6145098677990272,0.03168146415014088,0.0178823445453975,0.16295218255694466,3
C,E,0.5|wd1.0,end,w_WK_row_pr,12,-0.6145098677990272,0.03168146415014088,0.9984255331041879,0.9116363153748455,3
C,E,0.5|wd1.0,end,w_WK_dist_init,12,0.5120915564991892,0.08975679687156378,17.335411071777344,28.78201389312744,3
C,E,0.5|wd1.0,end,w_WK_rel_dist_init,12,0.5120915564991892,0.08975679687156378,1.0813417861729802,1.7965737734448006,3
C,E,0.5|wd1.0,end,w_WK_cos_init,12,0.12517793603313515,0.705791709866389,-0.0025954770389944315,0.0003645101096481085,3
C,E,0.5|wd1.0,end,w_WV_fro,12,-0.2048366225996757,0.5330693423059081,15.097566604614258,12.05118703842163,3
C,E,0.5|wd1.0,end,w_WV_spec,12,-0.22759624733297298,0.4870811307853341,6.049293518066406,4.2593594789505005,3
C,E,0.5|wd1.0,end,w_WV_stable_rank,12,0.15931737313308109,0.6297642901690755,6.392263412475586,7.772613763809204,3
C,E,0.5|wd1.0,end,w_WV_eff_rank,12,0.14793756076643244,0.6548075055718254,20.563323111721633,39.3219375394378,3
C,E,0.5|wd1.0,end,w_WV_sv_gini,12,-0.10241831129983785,0.757826626532065,0.922677410806849,0.869686992808908,3
C,E,0.5|wd1.0,end,w_WV_entry_gini,12,0.2503558720662703,0.4428572005505874,0.43049537992210407,0.4541669448210449,3
C,E,0.5|wd1.0,end,w_WV_row_gini,12,-0.2958751215328649,0.36020281944590204,0.1634019536129634,0.10683665057393732,3
C,E,0.5|wd1.0,end,w_WV_row_pr,12,0.2958751215328649,0.36020281944590204,0.9188572488982971,0.9512182852669862,3
C,E,0.5|wd1.0,end,w_WV_dist_init,12,-0.2048366225996757,0.5330693423059081,21.934030532836914,20.231910705566406,3
C,E,0.5|wd1.0,end,w_WV_rel_dist_init,12,-0.2048366225996757,0.5330693423059081,1.3730496001711694,1.2648436862526429,3
C,E,0.5|wd1.0,end,w_WV_cos_init,12,-0.35277418336610816,0.2688017575871722,0.004198740236461163,-0.0005694154824595898,3
C,E,0.5|wd1.0,end,w_WO_fro,12,-0.2162164349663243,0.5098632262059909,15.402146339416504,14.689565658569336,3
C,E,0.5|wd1.0,end,w_WO_spec,12,-0.26173568443291895,0.4214475095429319,5.710240840911865,5.068636178970337,3
C,E,0.5|wd1.0,end,w_WO_stable_rank,12,-0.3072549338995136,0.3408262166921907,7.275657653808594,7.177104711532593,3
C,E,0.5|wd1.0,end,w_WO_eff_rank,12,0.3072549338995136,0.3408262166921907,19.30853267180485,35.243673152707956,3
C,E,0.5|wd1.0,end,w_WO_sv_gini,12,-0.18207699786637838,0.5806810416236071,0.9173569199424261,0.8742325828721753,3
C,E,0.5|wd1.0,end,w_WO_entry_gini,12,0.17069718549972973,0.6050486218367603,0.38885354501383773,0.41935461729390233,3
C,E,0.5|wd1.0,end,w_WO_row_gini,12,-0.011379812366648649,0.9727647853051233,0.11938242770351515,0.09671863696979388,3
C,E,0.5|wd1.0,end,w_WO_row_pr,12,-0.011379812366648649,0.9727647853051233,0.951382001793097,0.9665781627089605,3
C,E,0.5|wd1.0,end,w_WO_dist_init,12,-0.2503558720662703,0.4428572005505874,22.28636360168457,21.689990043640137,3
C,E,0.5|wd1.0,end,w_WO_rel_dist_init,12,-0.2503558720662703,0.4428572005505874,1.3890243699476938,1.3538107639468784,3
C,E,0.5|wd1.0,end,w_WO_cos_init,12,-0.0682788741998919,0.8374503760617653,0.010050653479993343,0.004339035018347204,3
C,E,0.5|wd1.0,end,w_Win_fro,12,0.7055483667322163,0.008418915184079683,14.056191444396973,23.925633430480957,3
C,E,0.5|wd1.0,end,w_Win_spec,12,0.6827887419989189,0.012315962923615052,4.412266254425049,9.284728050231934,3
C,E,0.5|wd1.0,end,w_Win_stable_rank,12,-0.5348511812324865,0.07333390933810117,8.685286521911621,7.153237819671631,3
C,E,0.5|wd1.0,end,w_Win_eff_rank,12,-0.6372694925323243,0.023778611829731598,31.338826774970514,25.8655873127436,3
C,E,0.5|wd1.0,end,w_Win_sv_gini,12,0.6714089296322702,0.014690828513839523,0.8887668754623197,0.9141332743051582,3
C,E,0.5|wd1.0,end,w_Win_entry_gini,12,-0.011379812366648649,0.9727647853051233,0.4642819419706401,0.4620421014713373,3
C,E,0.5|wd1.0,end,w_Win_row_gini,12,-0.4210530575660001,0.17800795035303305,0.1960809880862746,0.12066224464918329,3
C,E,0.5|wd1.0,end,w_Win_row_pr,12,0.4210530575660001,0.17800795035303305,0.8872787623730524,0.9389811547080146,3
C,E,0.5|wd1.0,end,w_Win_dist_init,12,0.7852070532987568,0.00149103500866063,26.600372314453125,33.203317642211914,3
C,E,0.5|wd1.0,end,w_Win_rel_dist_init,12,0.7852070532987568,0.00149103500866063,1.1769017234213575,1.4682826300535163,3
C,E,0.5|wd1.0,end,w_Win_cos_init,12,-0.2162164349663243,0.5098632262059909,0.001335633802227676,0.0006545051583088934,3
C,E,0.5|wd1.0,end,w_Wout_fro,12,0.36415399573275675,0.2522091595950162,13.944767951965332,19.497998237609863,3
C,E,0.5|wd1.0,end,w_Wout_spec,12,0.5234713688658379,0.08127625041850527,4.07988166809082,7.681581020355225,3
C,E,0.5|wd1.0,end,w_Wout_stable_rank,12,-0.35277418336610816,0.2688017575871722,9.483208656311035,7.547652721405029,3
C,E,0.5|wd1.0,end,w_Wout_eff_rank,12,-0.5007117441325406,0.09878620954789548,33.87129755240047,25.73829417999584,3
C,E,0.5|wd1.0,end,w_Wout_sv_gini,12,0.5576108059657838,0.0590155400813654,0.8815087882735901,0.918021191681881,3
C,E,0.5|wd1.0,end,w_Wout_entry_gini,12,-0.4210530575660001,0.17800795035303305,0.626814019175258,0.47597625935287047,3
C,E,0.5|wd1.0,end,w_Wout_row_gini,12,-0.7055483667322163,0.008418915184079683,0.17767887743349187,0.10017042225462869,3
C,E,0.5|wd1.0,end,w_Wout_row_pr,12,0.6714089296322702,0.014690828513839523,0.9012688559752092,0.9623191618263329,3
C,E,0.5|wd1.0,end,w_Wout_dist_init,12,0.36415399573275675,0.2522091595950162,21.24703025817871,25.2537899017334,3
C,E,0.5|wd1.0,end,w_Wout_rel_dist_init,12,0.36415399573275675,0.2522091595950162,1.328606814040466,1.5785570838529877,3
C,E,0.5|wd1.0,end,w_Wout_cos_init,12,0.2503558720662703,0.4428572005505874,0.0002609074581414461,0.0016887062811292708,3
C,E,0.5|wd1.0,end,rep_dead_frac_te,12,-0.42640143271122094,0.17179135932230546,0.0,0.0,3
C,E,0.5|wd1.0,end,attn_to_a_mean,12,-0.15931737313308109,0.6297642901690755,0.6109158396720886,0.5004100799560547,3
C,E,0.5|wd1.0,end,attn_to_a_head_spread,12,-0.19345681023302705,0.556681504559603,0.48310309648513794,0.4140186011791229,3
C,E,0.5|wd1.0,end,attn_entropy_mean,12,0.2162164349663243,0.5098632262059909,0.10898998379707336,0.18899070844054222,3
C,E,0.5|wd1.0,end,irr_E_structure,12,-0.23897605969962163,0.46474029775143894,0.7311881496283531,0.6393918134638844,3
C,E,0.5|wd1.0,end,irr_E_dominant_share,12,-0.14793756076643244,0.6548075055718254,0.8883057692380828,0.7753565998105868,3
C,E,0.5|wd1.0,end,irr_E_dominant_over_random,12,-0.18207699786637838,0.5806810416236071,4.263867692342798,3.7217116790908165,3
C,E,0.5|wd1.0,end,irr_E_5,12,0.14793756076643244,0.6548075055718254,0.004750628155960769,0.007348234960774854,3
C,E,0.5|wd1.0,end,irr_E_41,12,0.5576108059657838,0.0590155400813654,0.002746571575690983,0.14219633161743905,3
C,E,0.5|wd1.0,end,irr_E_32,12,0.28449530916621624,0.3801068080382683,0.004417677933465532,0.03786298114168231,3
C,E,0.5|wd1.0,end,irr_E_311,12,0.3072549338995136,0.3408262166921907,0.029103607864697904,0.04639072144507117,3
C,E,0.5|wd1.0,end,irr_E_221,12,-0.28449530916621624,0.3801068080382683,0.846259362138375,0.0645992654695422,3
C,E,0.5|wd1.0,end,irr_E_2111,12,0.12517793603313515,0.705791709866389,0.011598039822198387,0.020874131221244804,3
C,E,0.5|wd1.0,end,irr_E_11111,12,0.0,1.0,0.07112921961412329,0.06670175296296676,3
C,K,0.5|wd1.0,init,fn_loss_tr,12,0.539791896359413,0.07005024365432037,6.816440532020351e-07,2.0275585651397705,4
C,K,0.5|wd1.0,init,fn_acc_tr,12,-0.7652072717079331,0.002478283517400641,100.0,41.16666793823242,4
C,K,0.5|wd1.0,init,fn_margin_tr,12,-0.7557086549031783,0.0030924111652762144,18.922332763671875,-0.29343414306640625,4
C,K,0.5|wd1.0,init,fn_entropy_tr,12,0.539791896359413,0.07005024365432037,1.035171499097487e-05,2.7587242126464844,4
C,K,0.5|wd1.0,init,fn_loss_te,12,0.6693419514856722,0.015155152646660746,1.0583235052763484e-06,3.0513596534729004,4
C,K,0.5|wd1.0,init,fn_acc_te,12,-0.7652072717079331,0.002478283517400641,100.0,14.611111640930176,4
C,K,0.5|wd1.0,init,fn_margin_te,12,-0.7988920066119314,0.0010139531568199177,18.586196899414062,-1.5672736167907715,4
C,K,0.5|wd1.0,init,fn_entropy_te,12,0.6693419514856722,0.015155152646660746,1.5165397599048447e-05,2.8382935523986816,4
C,K,0.5|wd1.0,init,fn_gap_loss,12,0.6693419514856722,0.015155152646660746,3.766794520743133e-07,1.0238010883331299,4
C,K,0.5|wd1.0,init,fn_gap_acc,12,0.7652072717079331,0.002478283517400641,0.0,26.555556297302246,4
C,K,0.5|wd1.0,init,fn_class_acc_gini,12,0.7652072717079331,0.002478283517400641,0.0,0.47894992362496747,4
C,K,0.5|wd1.0,init,w_all_norm,12,0.5613835722137897,0.05683813816495058,44.39504134038247,58.61873300530238,4
C,K,0.5|wd1.0,init,w_all_rel_norm,12,0.5613835722137897,0.05683813816495058,0.9842363918860824,1.300633442949122,4
C,K,0.5|wd1.0,init,w_all_dist_init,12,0.6909336273400487,0.010796414758229698,61.12620479372496,73.42171669470044,4
C,K,0.5|wd1.0,init,w_all_rel_dist_init,12,0.6909336273400487,0.010796414758229698,1.3551656545286437,1.6290822963236897,4
C,K,0.5|wd1.0,init,w_all_cos_init,12,-0.9284420617381907,7.774666079357427e-07,0.06718265463245825,0.014507647857093858,4
C,K,0.5|wd1.0,init,rep_between_within_tr,12,-0.2806917861068948,0.3868749195466807,2.4443992320563983,0.9140286390674417,4
C,K,0.5|wd1.0,init,rep_nc1_tr,12,-0.7557086549031783,0.0030924111652762144,496.78087371864456,124.76432407113232,4
C,K,0.5|wd1.0,init,rep_eff_rank_te,12,0.021591675854376522,0.94834510784697,43.30019977735934,47.121129991705736,4
C,K,0.5|wd1.0,init,rep_pr_te,12,-0.5182002205050367,0.08513686937474532,18.929957322801236,7.584617593006296,4
C,K,0.5|wd1.0,init,rep_unit_gini_te,12,-0.2806917861068948,0.3868749195466807,0.21724642970585673,0.20314752650615886,4
C,K,0.5|wd1.0,init,rep_unit_pr_te,12,0.34546681367002435,0.2797589382579221,0.8044552993341099,0.8696223027794364,4
C,K,0.5|wd1.0,init,rep_between_within_te,12,-0.2806917861068948,0.3868749195466807,2.431036983337222,0.7263503086828802,4
C,K,0.5|wd1.0,init,unit_interaction_share,12,0.49660854465066,0.10217842983384234,0.2370574272923376,0.4911355657829376,4
C,K,0.5|wd1.0,init,unit_frac_interacting,12,0.8092901179734651,0.000738412367163511,0.0,0.544921875,4
C,K,0.5|wd1.0,init,add_share_a,12,0.7773003307575549,0.001836083811005123,0.0014190072073533336,0.059976716696443715,4
C,K,0.5|wd1.0,init,add_share_b,12,0.7988920066119314,0.0010139531568199177,0.0013550602531003794,0.0481494256361333,4
C,K,0.5|wd1.0,init,add_share_interaction,12,-0.34546681367002435,0.2797589382579221,0.9605190896351413,0.8480769487235285,4
C,K,0.5|wd1.0,init,add_acc_interaction_tr,12,-0.7652072717079331,0.002478283517400641,100.0,43.36111068725586,4
C,K,0.5|wd1.0,init,add_acc_additive_tr,12,0.6488856845230502,0.020334672749702794,0.9027777910232544,1.2083333730697632,4
C,K,0.5|wd1.0,init,add_acc_no_a_tr,12,-0.7652072717079331,0.002478283517400641,100.0,40.0555534362793,4
C,K,0.5|wd1.0,init,add_acc_no_b_tr,12,-0.7652072717079331,0.002478283517400641,100.0,40.48611068725586,4
C,K,0.5|wd1.0,init,add_acc_interaction_te,12,-0.8092901179734651,0.000738412367163511,100.0,18.23611068725586,4
C,K,0.5|wd1.0,init,add_acc_additive_te,12,-0.7029594915666377,0.008808935672696949,0.7777777910232544,0.4305555522441864,4
C,K,0.5|wd1.0,init,add_acc_no_a_te,12,-0.7652072717079331,0.002478283517400641,100.0,16.125001907348633,4
C,K,0.5|wd1.0,init,add_acc_no_b_te,12,-0.7652072717079331,0.002478283517400641,100.0,16.30555534362793,4
C,K,0.5|wd1.0,init,irr_out_structure,12,-0.5182002205050367,0.08513686937474532,0.7501802339873241,0.4737718517688297,4
C,K,0.5|wd1.0,init,irr_out_dominant_share,12,-0.5182002205050367,0.08513686937474532,0.6689314341853491,0.482105185102163,4
C,K,0.5|wd1.0,init,irr_out_dominant_over_random,12,-0.4750168687962835,0.12124046833068983,80.27177210224188,57.85262221225956,4
C,K,0.5|wd1.0,init,coset_s_nm1_acc_te,12,-0.7652072717079331,0.002478283517400641,100.0,42.41666793823242,4
C,K,0.5|wd1.0,init,coset_s_nm1_purity_te,12,-0.7652072717079331,0.002478283517400641,1.0,0.34446627373935823,4
C,K,0.5|wd1.0,init,coset_a_n_acc_te,12,-0.7652072717079331,0.002478283517400641,100.0,69.9999988079071,4
C,K,0.5|wd1.0,init,coset_a_n_purity_te,12,-0.7652072717079331,0.002478283517400641,1.0,0.14668153931957614,4
C,K,0.5|wd1.0,init,sharp_lambda_max,12,0.34546681367002435,0.2797589382579221,0.010286739096045494,494.1822204589844,4
C,K,0.5|wd1.0,init,sharp_grad_norm,12,0.4750168687962835,0.12124046833068983,6.838070112280548e-05,5.661679267883301,4
C,K,0.5|wd1.0,init,sharp_lr_lambda,12,0.34546681367002435,0.2797589382579221,1.0286739096045494e-05,0.4941822204589844,4
C,K,0.5|wd1.0,init,w_WE_fro,12,-0.5182002205050367,0.08513686937474532,19.23305320739746,14.282800674438477,4
C,K,0.5|wd1.0,init,w_WE_spec,12,-0.45342519294190703,0.14237317060643143,6.391422271728516,5.373015403747559,4
C,K,0.5|wd1.0,init,w_WE_stable_rank,12,0.06477502756312958,0.8457080194175323,9.055303573608398,7.130240440368652,4
C,K,0.5|wd1.0,init,w_WE_eff_rank,12,0.7773003307575549,0.001836083811005123,26.979979986575774,71.22767739190122,4
C,K,0.5|wd1.0,init,w_WE_sv_gini,12,-0.7557086549031783,0.0030924111652762144,0.7940883036170105,0.5159870661740109,4
C,K,0.5|wd1.0,init,w_WE_entry_gini,12,0.7125253031944253,0.0074310302124958654,0.3919475802213719,0.422413338744265,4
C,K,0.5|wd1.0,init,w_WE_row_gini,12,0.5613835722137897,0.05683813816495058,0.013110092969704112,0.030626763060805917,4
C,K,0.5|wd1.0,init,w_WE_row_pr,12,-0.5829752480681661,0.04540599495830938,0.9994394567748607,0.9971107317685297,4
C,K,0.5|wd1.0,init,w_WE_dist_init,12,-0.41024184123315394,0.19097308066471846,20.780467987060547,17.93023681640625,4
C,K,0.5|wd1.0,init,w_WE_rel_dist_init,12,-0.41024184123315394,0.19097308066471846,1.8916950559684729,1.6303647236866614,4
C,K,0.5|wd1.0,init,w_WE_cos_init,12,-0.950033737592567,3.8766472186684e-08,0.13904713094234467,0.0003997806634288281,4
C,K,0.5|wd1.0,init,w_WU_fro,12,-0.021591675854376522,0.94834510784697,8.855801582336426,4.668573379516602,4
C,K,0.5|wd1.0,init,w_WU_spec,12,-0.15114173098063566,0.6477242660953937,7.247124195098877,3.130192756652832,4
C,K,0.5|wd1.0,init,w_WU_stable_rank,12,0.49660854465066,0.10217842983384234,1.4932141304016113,2.064408779144287,4
C,K,0.5|wd1.0,init,w_WU_eff_rank,12,0.3670584895244009,0.2480667136571214,66.30353265192694,97.80819929121161,4
C,K,0.5|wd1.0,init,w_WU_sv_gini,12,-0.2806917861068948,0.3868749195466807,0.5027077441370129,0.2924202726175522,4
C,K,0.5|wd1.0,init,w_WU_entry_gini,12,0.7773003307575549,0.001836083811005123,0.3163330792603223,0.4228542844612069,4
C,K,0.5|wd1.0,init,w_WU_row_gini,12,0.3670584895244009,0.2480667136571214,0.019671743077229964,0.026012406528778342,4
C,K,0.5|wd1.0,init,w_WU_row_pr,12,-0.3670584895244009,0.2480667136571214,0.9987940030027584,0.9977240776036093,4
C,K,0.5|wd1.0,init,w_WU_dist_init,12,0.043183351708753044,0.8968586338646121,13.602458953857422,11.975791931152344,4
C,K,0.5|wd1.0,init,w_WU_rel_dist_init,12,0.043183351708753044,0.8968586338646121,1.2428001353005236,1.08481558737655,4
C,K,0.5|wd1.0,init,w_WU_cos_init,12,-0.9284420617381907,7.774666079357427e-07,0.06590387970209122,0.0010775881819427013,4
C,K,0.5|wd1.0,init,w_WQ_fro,12,0.3022834619612713,0.3492256176616152,9.345268249511719,16.477888107299805,4
C,K,0.5|wd1.0,init,w_WQ_spec,12,0.021591675854376522,0.94834510784697,9.317087173461914,10.59924030303955,4
C,K,0.5|wd1.0,init,w_WQ_stable_rank,12,0.6693419514856722,0.015155152646660746,1.0030018091201782,2.4169087409973145,4
C,K,0.5|wd1.0,init,w_WQ_eff_rank,12,0.8204836824663079,0.0005110684107010808,1.4153992133096227,11.089356847804318,4
C,K,0.5|wd1.0,init,w_WQ_sv_gini,12,-0.7988920066119314,0.0010139531568199177,0.9951328595977234,0.9650275161997577,4
C,K,0.5|wd1.0,init,w_WQ_entry_gini,12,0.0,1.0,0.4776731564758874,0.4752502087994699,4
C,K,0.5|wd1.0,init,w_WQ_row_gini,12,0.8420753583206845,0.00022888657358277742,0.021277549779171068,0.1730618964079902,4
C,K,0.5|wd1.0,init,w_WQ_row_pr,12,-0.7773003307575549,0.001836083811005123,0.9979653287543393,0.8486888969388815,4
C,K,0.5|wd1.0,init,w_WQ_dist_init,12,0.34546681367002435,0.2797589382579221,18.445133209228516,22.92373275756836,4
C,K,0.5|wd1.0,init,w_WQ_rel_dist_init,12,0.34546681367002435,0.2797589382579221,1.147835464796496,1.4298586171176804,4
C,K,0.5|wd1.0,init,w_WQ_cos_init,12,-0.3022834619612713,0.3492256176616152,0.011816293001174927,0.011740555986762047,4
C,K,0.5|wd1.0,init,w_WK_fro,12,0.4750168687962835,0.12124046833068983,9.197541236877441,21.32209014892578,4
C,K,0.5|wd1.0,init,w_WK_spec,12,0.21591675854376527,0.5104689781899343,9.143620491027832,16.231372833251953,4
C,K,0.5|wd1.0,init,w_WK_stable_rank,12,0.6261585997769192,0.027438921885470393,1.0032572746276855,1.725624680519104,4
C,K,0.5|wd1.0,init,w_WK_eff_rank,12,0.6477502756312957,0.020654632314870875,1.4398073948748622,11.650294941264372,4
C,K,0.5|wd1.0,init,w_WK_sv_gini,12,-0.7125253031944253,0.0074310302124958654,0.9950516694772129,0.9629339691275403,4
C,K,0.5|wd1.0,init,w_WK_entry_gini,12,-0.17273340683501218,0.6006623094473472,0.46774579211233847,0.4093632509687084,4
C,K,0.5|wd1.0,init,w_WK_row_gini,12,0.8636670341750611,8.752516330442932e-05,0.018822234897103662,0.1619675613339402,4
C,K,0.5|wd1.0,init,w_WK_row_pr,12,-0.8420753583206845,0.00022888657358277742,0.9984295719402403,0.9183805206367168,4
C,K,0.5|wd1.0,init,w_WK_dist_init,12,0.5182002205050367,0.08513686937474532,18.29781150817871,26.56463623046875,4
C,K,0.5|wd1.0,init,w_WK_rel_dist_init,12,0.5182002205050367,0.08513686937474532,1.1410909761334103,1.6581650238226568,4
C,K,0.5|wd1.0,init,w_WK_cos_init,12,-0.3022834619612713,0.3492256176616152,0.02164732664823532,0.008208720944821835,4
C,K,0.5|wd1.0,init,w_WV_fro,12,0.10795837927188263,0.7450734009497368,20.506088256835938,29.42093276977539,4
C,K,0.5|wd1.0,init,w_WV_spec,12,0.12955005512625917,0.6959106328215432,6.6090545654296875,11.956656455993652,4
C,K,0.5|wd1.0,init,w_WV_stable_rank,12,-0.08636670341750609,0.7950587536532845,9.627448081970215,6.439506530761719,4
C,K,0.5|wd1.0,init,w_WV_eff_rank,12,0.5829752480681661,0.04540599495830938,28.093424606681495,62.28736000389031,4
C,K,0.5|wd1.0,init,w_WV_sv_gini,12,-0.5613835722137897,0.05683813816495058,0.8786843878192041,0.7735823761516307,4
C,K,0.5|wd1.0,init,w_WV_entry_gini,12,0.43183351708753054,0.16561109313841052,0.4098988240122663,0.4168928562026182,4
C,K,0.5|wd1.0,init,w_WV_row_gini,12,-0.12955005512625917,0.6959106328215432,0.07718746056379966,0.03761406088607355,4
C,K,0.5|wd1.0,init,w_WV_row_pr,12,0.12955005512625917,0.6959106328215432,0.9771118387286027,0.9954646860766898,4
C,K,0.5|wd1.0,init,w_WV_dist_init,12,0.15114173098063566,0.6477242660953937,24.654626846313477,33.46398162841797,4
C,K,0.5|wd1.0,init,w_WV_rel_dist_init,12,0.15114173098063566,0.6477242660953937,1.5396569192532439,2.0948136516107896,4
C,K,0.5|wd1.0,init,w_WV_cos_init,12,-0.9068503858838141,5.940337833737748e-06,0.10516832023859024,0.0010039667831733823,4
C,K,0.5|wd1.0,init,w_WO_fro,12,0.12955005512625917,0.6959106328215432,20.968339920043945,23.531660079956055,4
C,K,0.5|wd1.0,init,w_WO_spec,12,0.17273340683501218,0.6006623094473472,6.191052436828613,8.59256362915039,4
C,K,0.5|wd1.0,init,w_WO_stable_rank,12,-0.5182002205050367,0.08513686937474532,9.09377384185791,7.500407695770264,4
C,K,0.5|wd1.0,init,w_WO_eff_rank,12,0.5829752480681661,0.04540599495830938,31.806139538783885,65.2399513891401,4
C,K,0.5|wd1.0,init,w_WO_sv_gini,12,-0.5613835722137897,0.05683813816495058,0.8658416472435382,0.7657204636457289,4
C,K,0.5|wd1.0,init,w_WO_entry_gini,12,0.2806917861068948,0.3868749195466807,0.4020757171874898,0.4079148105036592,4
C,K,0.5|wd1.0,init,w_WO_row_gini,12,-0.12955005512625917,0.6959106328215432,0.09273726409306371,0.07248451499505171,4
C,K,0.5|wd1.0,init,w_WO_row_pr,12,0.25910011025251833,0.4263630961392596,0.965368822963772,0.9832525806630174,4
C,K,0.5|wd1.0,init,w_WO_dist_init,12,0.21591675854376527,0.5104689781899343,24.055692672729492,28.10592269897461,4
C,K,0.5|wd1.0,init,w_WO_rel_dist_init,12,0.21591675854376527,0.5104689781899343,1.505344930068678,1.758798169539592,4
C,K,0.5|wd1.0,init,w_WO_cos_init,12,-0.8852587100294375,2.6843913499473744e-05,0.1114257425069809,0.007869722321629524,4
C,K,0.5|wd1.0,init,w_Win_fro,12,0.539791896359413,0.07005024365432037,16.95707130432129,25.320096969604492,4
C,K,0.5|wd1.0,init,w_Win_spec,12,0.5613835722137897,0.05683813816495058,4.463205337524414,8.651228904724121,4
C,K,0.5|wd1.0,init,w_Win_stable_rank,12,-0.539791896359413,0.07005024365432037,14.39985179901123,8.470223426818848,4
C,K,0.5|wd1.0,init,w_Win_eff_rank,12,0.5829752480681661,0.04540599495830938,43.54197582076145,110.08143398744174,4
C,K,0.5|wd1.0,init,w_Win_sv_gini,12,-0.5829752480681661,0.04540599495830938,0.8199066284006744,0.5914354724704947,4
C,K,0.5|wd1.0,init,w_Win_entry_gini,12,0.41024184123315394,0.19097308066471846,0.38031714139426964,0.41725024366582075,4
C,K,0.5|wd1.0,init,w_Win_row_gini,12,-0.38865016537877745,0.21846234930719982,0.0869804632737361,0.07319170035555222,4
C,K,0.5|wd1.0,init,w_Win_row_pr,12,0.3670584895244009,0.2480667136571214,0.9759679330787759,0.9817543132726743,4
C,K,0.5|wd1.0,init,w_Win_dist_init,12,0.6045669239225426,0.03564610925862835,27.807064056396484,33.40525436401367,4
C,K,0.5|wd1.0,init,w_Win_rel_dist_init,12,0.6045669239225426,0.03564610925862835,1.229830495091867,1.4774231623246243,4
C,K,0.5|wd1.0,init,w_Win_cos_init,12,-0.3670584895244009,0.2480667136571214,0.04534396529197693,0.03953341767191887,4
C,K,0.5|wd1.0,init,w_Wout_fro,12,-0.06477502756312958,0.8457080194175323,14.035717964172363,9.891940116882324,4
C,K,0.5|wd1.0,init,w_Wout_spec,12,-0.12955005512625917,0.6959106328215432,5.096785068511963,4.966977596282959,4
C,K,0.5|wd1.0,init,w_Wout_stable_rank,12,0.43183351708753054,0.16561109313841052,7.583405017852783,12.919703483581543,4
C,K,0.5|wd1.0,init,w_Wout_eff_rank,12,0.6477502756312957,0.020654632314870875,44.827079367807926,166.2199078237664,4
C,K,0.5|wd1.0,init,w_Wout_sv_gini,12,-0.539791896359413,0.07005024365432037,0.8324044072702896,0.49225012420847714,4
C,K,0.5|wd1.0,init,w_Wout_entry_gini,12,-0.7988920066119314,0.0010139531568199177,0.5517085718954098,0.430840927101398,4
C,K,0.5|wd1.0,init,w_Wout_row_gini,12,-0.6477502756312957,0.020654632314870875,0.10922549979386886,0.04735421173215926,4
C,K,0.5|wd1.0,init,w_Wout_row_pr,12,0.6693419514856722,0.015155152646660746,0.9530893714496841,0.9929496301541756,4
C,K,0.5|wd1.0,init,w_Wout_dist_init,12,-0.08636670341750609,0.7950587536532845,20.979904174804688,18.861631393432617,4
C,K,0.5|wd1.0,init,w_Wout_rel_dist_init,12,-0.08636670341750609,0.7950587536532845,1.3119030427243759,1.1773909970654899,4
C,K,0.5|wd1.0,init,w_Wout_cos_init,12,-0.7341169790488018,0.004911283418628375,0.028040384873747826,-0.004022638779133558,4
C,K,0.5|wd1.0,init,attn_to_a_mean,12,-0.6045669239225426,0.03564610925862835,0.7466519474983215,0.49728283286094666,4
C,K,0.5|wd1.0,init,attn_to_a_head_spread,12,-0.9068503858838141,5.940337833737748e-06,0.4975551664829254,0.04678651690483093,4
C,K,0.5|wd1.0,init,attn_entropy_mean,12,0.8852587100294375,2.6843913499473744e-05,0.022547904402017593,0.3353552222251892,4
C,K,0.5|wd1.0,init,irr_E_structure,12,-0.7125253031944253,0.0074310302124958654,0.8478844381482137,0.5365623425720563,4
C,K,0.5|wd1.0,init,irr_E_dominant_share,12,-0.45342519294190703,0.14237317060643143,0.9127993481289507,0.6108964370995853,4
C,K,0.5|wd1.0,init,irr_E_dominant_over_random,12,-0.6693419514856722,0.015155152646660746,6.641571905493844,3.209321785424928,4
C,K,0.5|wd1.0,init,irr_E_5,12,0.539791896359413,0.07005024365432037,0.002824299623550786,0.010567463288932289,4
C,K,0.5|wd1.0,init,irr_E_41,12,0.41024184123315394,0.19097308066471846,0.002387305681557418,0.07115280170153407,4
C,K,0.5|wd1.0,init,irr_E_32,12,0.7773003307575549,0.001836083811005123,0.0006350798292445335,0.09706038822457867,4
C,K,0.5|wd1.0,init,irr_E_311,12,0.8420753583206845,0.00022888657358277742,0.0012461035152397581,0.06624025732947153,4
C,K,0.5|wd1.0,init,irr_E_221,12,0.21591675854376527,0.5104689781899343,0.0006074291984487695,0.09998702257603329,4
C,K,0.5|wd1.0,init,irr_E_2111,12,0.3022834619612713,0.3492256176616152,0.0022111414655739464,0.06793085924640209,4
C,K,0.5|wd1.0,init,irr_E_11111,12,-0.19432508268938872,0.5548660207582029,0.08241288679908615,0.0039029722409320566,4
C,K,0.5|wd1.0,end,fn_loss_tr,12,0.21591675854376527,0.5104689781899343,2.64888603851432e-06,0.0015338206430897117,4
C,K,0.5|wd1.0,end,fn_acc_tr,12,-0.4045199174779453,0.19805095680962148,100.0,100.0,4
C,K,0.5|wd1.0,end,fn_margin_tr,12,-0.6909336273400487,0.010796414758229698,17.32965087890625,8.192150115966797,4
C,K,0.5|wd1.0,end,fn_entropy_tr,12,0.25910011025251833,0.4263630961392596,3.151736382278614e-05,0.012735233642160892,4
C,K,0.5|wd1.0,end,fn_loss_te,12,0.41024184123315394,0.19097308066471846,2.9426482797134668e-06,0.0029660824220627546,4
C,K,0.5|wd1.0,end,fn_acc_te,12,-0.4045199174779453,0.19805095680962148,100.0,100.0,4
C,K,0.5|wd1.0,end,fn_margin_te,12,-0.7341169790488018,0.004911283418628375,17.068649291992188,7.608686923980713,4
C,K,0.5|wd1.0,end,fn_entropy_te,12,0.41024184123315394,0.19097308066471846,3.5156426747562364e-05,0.021920308470726013,4
C,K,0.5|wd1.0,end,fn_gap_loss,12,0.539791896359413,0.07005024365432037,7.417301048917579e-07,0.001432261778973043,4
C,K,0.5|wd1.0,end,fn_gap_acc,12,0.4045199174779453,0.19805095680962148,0.0,0.0,4
C,K,0.5|wd1.0,end,fn_class_acc_gini,12,0.4045199174779453,0.19805095680962148,0.0,0.0,4
C,K,0.5|wd1.0,end,w_all_norm,12,0.49660854465066,0.10217842983384234,43.57905603731626,50.84515707911624,4
C,K,0.5|wd1.0,end,w_all_rel_norm,12,0.43183351708753054,0.16561109313841052,0.9661460284969752,1.128153208345837,4
C,K,0.5|wd1.0,end,w_all_dist_init,12,0.5613835722137897,0.05683813816495058,61.89072927948943,67.90379597724251,4
C,K,0.5|wd1.0,end,w_all_rel_dist_init,12,0.5613835722137897,0.05683813816495058,1.3721151335393305,1.5066505777804315,4
C,K,0.5|wd1.0,end,w_all_cos_init,12,-0.9068503858838141,5.940337833737748e-06,0.026258049658929274,0.0011121100047617823,4
C,K,0.5|wd1.0,end,rep_between_within_tr,12,-0.45342519294190703,0.14237317060643143,2.8519853491647646,0.6431213692951034,4
C,K,0.5|wd1.0,end,rep_nc1_tr,12,-0.3022834619612713,0.3492256176616152,510.1293850875436,352.2385336702141,4
C,K,0.5|wd1.0,end,rep_eff_rank_te,12,-0.25910011025251833,0.4263630961392596,41.91352248523902,38.81596201570266,4
C,K,0.5|wd1.0,end,rep_pr_te,12,-0.21591675854376527,0.5104689781899343,15.96251603393209,10.93762385074961,4
C,K,0.5|wd1.0,end,rep_unit_gini_te,12,0.12955005512625917,0.6959106328215432,0.19204135001050449,0.20710765771859485,4
C,K,0.5|wd1.0,end,rep_unit_pr_te,12,0.021591675854376522,0.94834510784697,0.8614389907914174,0.8760961539105488,4
C,K,0.5|wd1.0,end,rep_between_within_te,12,-0.45342519294190703,0.14237317060643143,2.841163005547124,0.6413474921337655,4
C,K,0.5|wd1.0,end,unit_interaction_share,12,0.10795837927188263,0.7450734009497368,0.24244949343493405,0.218232726859907,4
C,K,0.5|wd1.0,end,unit_frac_interacting,12,0.6235022213916492,0.028369166890039196,0.0,0.1796875,4
C,K,0.5|wd1.0,end,add_share_a,12,0.6045669239225426,0.03564610925862835,0.0014193066452109688,0.013297163893573263,4
C,K,0.5|wd1.0,end,add_share_b,12,0.7773003307575549,0.001836083811005123,0.0012006034336786286,0.012341829923659599,4
C,K,0.5|wd1.0,end,add_share_interaction,12,0.3022834619612713,0.3492256176616152,0.908152150206987,0.9424500614315642,4
C,K,0.5|wd1.0,end,add_acc_interaction_tr,12,-0.4045199174779453,0.19805095680962148,100.0,100.0,4
C,K,0.5|wd1.0,end,add_acc_additive_tr,12,0.2826754983231583,0.38333788436607485,0.930555522441864,1.0416667461395264,4
C,K,0.5|wd1.0,end,add_acc_no_a_tr,12,-0.4045199174779453,0.19805095680962148,100.0,100.0,4
C,K,0.5|wd1.0,end,add_acc_no_b_tr,12,-0.4045199174779453,0.19805095680962148,100.0,100.0,4
C,K,0.5|wd1.0,end,add_acc_interaction_te,12,-0.597515517278363,0.03865671395009475,100.0,99.97222137451172,4
C,K,0.5|wd1.0,end,add_acc_additive_te,12,-0.20548046676563253,0.5317453835934783,0.7083333730697632,0.694444477558136,4
C,K,0.5|wd1.0,end,add_acc_no_a_te,12,-0.4045199174779453,0.19805095680962148,100.0,100.0,4
C,K,0.5|wd1.0,end,add_acc_no_b_te,12,-0.4045199174779453,0.19805095680962148,100.0,100.0,4
C,K,0.5|wd1.0,end,irr_out_structure,12,0.25910011025251833,0.4263630961392596,0.7716182069833852,0.8699833763726628,4
C,K,0.5|wd1.0,end,irr_out_dominant_share,12,0.38865016537877745,0.21846234930719982,0.6318149993099766,0.8783167097059961,4
C,K,0.5|wd1.0,end,irr_out_dominant_over_random,12,0.38865016537877745,0.21846234930719982,75.81779991719719,105.39800516471954,4
C,K,0.5|wd1.0,end,coset_s_nm1_acc_te,12,-0.4045199174779453,0.19805095680962148,100.0,100.0,4
C,K,0.5|wd1.0,end,coset_s_nm1_purity_te,12,-0.4045199174779453,0.19805095680962148,1.0,1.0,4
C,K,0.5|wd1.0,end,coset_a_n_acc_te,12,-0.4045199174779453,0.19805095680962148,100.0,100.0,4
C,K,0.5|wd1.0,end,coset_a_n_purity_te,12,-0.4045199174779453,0.19805095680962148,1.0,1.0,4
C,K,0.5|wd1.0,end,sharp_lambda_max,12,0.12955005512625917,0.6959106328215432,0.12984901666641235,5.321256637573242,4
C,K,0.5|wd1.0,end,sharp_grad_norm,12,0.15114173098063566,0.6477242660953937,0.00039566587656736374,0.04447188228368759,4
C,K,0.5|wd1.0,end,sharp_lr_lambda,12,0.12955005512625917,0.6959106328215432,0.00012984901666641236,0.005321256637573242,4
C,K,0.5|wd1.0,end,w_WE_fro,12,-0.043183351708753044,0.8968586338646121,18.918067932128906,17.914306640625,4
C,K,0.5|wd1.0,end,w_WE_spec,12,0.539791896359413,0.07005024365432037,6.313426971435547,7.792858123779297,4
C,K,0.5|wd1.0,end,w_WE_stable_rank,12,-0.32387513781564786,0.3134971959689641,8.978915214538574,5.284565448760986,4
C,K,0.5|wd1.0,end,w_WE_eff_rank,12,0.3022834619612713,0.3492256176616152,26.194605573121947,26.807142379078233,4
C,K,0.5|wd1.0,end,w_WE_sv_gini,12,-0.5182002205050367,0.08513686937474532,0.8008964002318908,0.7808176468416372,4
C,K,0.5|wd1.0,end,w_WE_entry_gini,12,0.45342519294190703,0.14237317060643143,0.38446317058224433,0.4256136489606088,4
C,K,0.5|wd1.0,end,w_WE_row_gini,12,0.23750843439814176,0.4675961684241065,0.013744055616220274,0.012594164829874188,4
C,K,0.5|wd1.0,end,w_WE_row_pr,12,-0.23750843439814176,0.4675961684241065,0.9994249940534288,0.9995013091367028,4
C,K,0.5|wd1.0,end,w_WE_dist_init,12,-0.021591675854376522,0.94834510784697,21.491994857788086,20.938344955444336,4
C,K,0.5|wd1.0,end,w_WE_rel_dist_init,12,-0.021591675854376522,0.94834510784697,1.9564670266662512,1.9038866768621463,4
C,K,0.5|wd1.0,end,w_WE_cos_init,12,-0.7988920066119314,0.0010139531568199177,0.04008318856358528,0.003992781043052673,4
C,K,0.5|wd1.0,end,w_WU_fro,12,0.5613835722137897,0.05683813816495058,8.5835599899292,11.534857749938965,4
C,K,0.5|wd1.0,end,w_WU_spec,12,0.5829752480681661,0.04540599495830938,6.609180450439453,10.815370559692383,4
C,K,0.5|wd1.0,end,w_WU_stable_rank,12,-0.38865016537877745,0.21846234930719982,1.5804429054260254,1.1374406814575195,4
C,K,0.5|wd1.0,end,w_WU_eff_rank,12,-0.17273340683501218,0.6006623094473472,64.11447353252382,56.8400358644251,4
C,K,0.5|wd1.0,end,w_WU_sv_gini,12,-0.21591675854376527,0.5104689781899343,0.5293798293754377,0.5079253680051969,4
C,K,0.5|wd1.0,end,w_WU_entry_gini,12,0.23750843439814176,0.4675961684241065,0.3237264529643913,0.4168543770808819,4
C,K,0.5|wd1.0,end,w_WU_row_gini,12,-0.19432508268938872,0.5548660207582029,0.024362142642277984,0.017918280950657506,4
C,K,0.5|wd1.0,end,w_WU_row_pr,12,0.15114173098063566,0.6477242660953937,0.998178455425612,0.9989759211989627,4
C,K,0.5|wd1.0,end,w_WU_dist_init,12,0.6045669239225426,0.03564610925862835,13.717886924743652,15.931129455566406,4
C,K,0.5|wd1.0,end,w_WU_rel_dist_init,12,0.6045669239225426,0.03564610925862835,1.2533463092181585,1.4555610798041314,4
C,K,0.5|wd1.0,end,w_WU_cos_init,12,-0.7773003307575549,0.001836083811005123,0.03270809352397919,0.0011268327943980694,4
C,K,0.5|wd1.0,end,w_WQ_fro,12,0.6045669239225426,0.03564610925862835,7.712913513183594,15.542786598205566,4
C,K,0.5|wd1.0,end,w_WQ_spec,12,0.4750168687962835,0.12124046833068983,7.693549156188965,11.399258613586426,4
C,K,0.5|wd1.0,end,w_WQ_stable_rank,12,0.43183351708753054,0.16561109313841052,1.0048832893371582,1.2407643795013428,4
C,K,0.5|wd1.0,end,w_WQ_eff_rank,12,0.49660854465066,0.10217842983384234,1.4504951778605477,7.4538370711924555,4
C,K,0.5|wd1.0,end,w_WQ_sv_gini,12,-0.5182002205050367,0.08513686937474532,0.9950531995034095,0.9779738153995636,4
C,K,0.5|wd1.0,end,w_WQ_entry_gini,12,-0.7557086549031783,0.0030924111652762144,0.582898257948167,0.47309809098257416,4
C,K,0.5|wd1.0,end,w_WQ_row_gini,12,0.6261585997769192,0.027438921885470393,0.021437974471675503,0.1102855239129501,4
C,K,0.5|wd1.0,end,w_WQ_row_pr,12,-0.7125253031944253,0.0074310302124958654,0.9979491772494239,0.955861010759282,4
C,K,0.5|wd1.0,end,w_WQ_dist_init,12,0.6261585997769192,0.027438921885470393,17.739919662475586,22.3466796875,4
C,K,0.5|wd1.0,end,w_WQ_rel_dist_init,12,0.6045669239225426,0.03564610925862835,1.1110791621296658,1.3938651638045831,4
C,K,0.5|wd1.0,end,w_WQ_cos_init,12,-0.2806917861068948,0.3868749195466807,0.004919104743748903,-0.0006356010562740266,4
C,K,0.5|wd1.0,end,w_WK_fro,12,0.6693419514856722,0.015155152646660746,7.77449893951416,19.042280197143555,4
C,K,0.5|wd1.0,end,w_WK_spec,12,0.6693419514856722,0.015155152646660746,7.751834392547607,17.564321517944336,4
C,K,0.5|wd1.0,end,w_WK_stable_rank,12,0.43183351708753054,0.16561109313841052,1.0057191848754883,1.1047011613845825,4
C,K,0.5|wd1.0,end,w_WK_eff_rank,12,0.4750168687962835,0.12124046833068983,1.4651798590715706,5.275291796649234,4
C,K,0.5|wd1.0,end,w_WK_sv_gini,12,-0.4750168687962835,0.12124046833068983,0.9949687591684286,0.9825870622490906,4
C,K,0.5|wd1.0,end,w_WK_entry_gini,12,-0.7773003307575549,0.001836083811005123,0.5638923437667678,0.4271808808119193,4
C,K,0.5|wd1.0,end,w_WK_row_gini,12,0.5613835722137897,0.05683813816495058,0.01996160809307579,0.135342908721521,4
C,K,0.5|wd1.0,end,w_WK_row_pr,12,-0.5829752480681661,0.04540599495830938,0.9982455971630649,0.9341082969119776,4
C,K,0.5|wd1.0,end,w_WK_dist_init,12,0.6693419514856722,0.015155152646660746,17.80516815185547,24.839834213256836,4
C,K,0.5|wd1.0,end,w_WK_rel_dist_init,12,0.6693419514856722,0.015155152646660746,1.1106441175648254,1.5494498852775083,4
C,K,0.5|wd1.0,end,w_WK_cos_init,12,-0.043183351708753044,0.8968586338646121,0.0017019681399688125,-0.0008150364155881107,4
C,K,0.5|wd1.0,end,w_WV_fro,12,-0.21591675854376527,0.5104689781899343,21.063520431518555,19.590866088867188,4
C,K,0.5|wd1.0,end,w_WV_spec,12,0.10795837927188263,0.7450734009497368,6.923870086669922,7.976949691772461,4
C,K,0.5|wd1.0,end,w_WV_stable_rank,12,-0.2806917861068948,0.3868749195466807,9.255228996276855,6.03189754486084,4
C,K,0.5|wd1.0,end,w_WV_eff_rank,12,-0.12955005512625917,0.6959106328215432,23.006435527776834,16.930037829994006,4
C,K,0.5|wd1.0,end,w_WV_sv_gini,12,0.19432508268938872,0.5548660207582029,0.9038545034266705,0.9267062251833391,4
C,K,0.5|wd1.0,end,w_WV_entry_gini,12,0.15114173098063566,0.6477242660953937,0.405390498859854,0.41472892706344733,4
C,K,0.5|wd1.0,end,w_WV_row_gini,12,0.23750843439814176,0.4675961684241065,0.07930083892079764,0.10331805630990609,4
C,K,0.5|wd1.0,end,w_WV_row_pr,12,-0.2806917861068948,0.3868749195466807,0.9748789371738725,0.9579898530193912,4
C,K,0.5|wd1.0,end,w_WV_dist_init,12,-0.17273340683501218,0.6006623094473472,25.93092918395996,25.278440475463867,4
C,K,0.5|wd1.0,end,w_WV_rel_dist_init,12,-0.17273340683501218,0.6006623094473472,1.6193607305283404,1.5824065046241738,4
C,K,0.5|wd1.0,end,w_WV_cos_init,12,-0.9068503858838141,5.940337833737748e-06,0.04102844372391701,-0.002381111029535532,4
C,K,0.5|wd1.0,end,w_WO_fro,12,-0.08636670341750609,0.7950587536532845,20.434307098388672,19.497692108154297,4
C,K,0.5|wd1.0,end,w_WO_spec,12,0.34546681367002435,0.2797589382579221,6.065403938293457,10.802976608276367,4
C,K,0.5|wd1.0,end,w_WO_stable_rank,12,-0.539791896359413,0.07005024365432037,9.05775260925293,5.548521041870117,4
C,K,0.5|wd1.0,end,w_WO_eff_rank,12,-0.3022834619612713,0.3492256176616152,28.716792099377287,19.189447205423775,4
C,K,0.5|wd1.0,end,w_WO_sv_gini,12,0.38865016537877745,0.21846234930719982,0.8822219810799037,0.9164787871081452,4
C,K,0.5|wd1.0,end,w_WO_entry_gini,12,-0.19432508268938872,0.5548660207582029,0.39051959449567786,0.38426795021082016,4
C,K,0.5|wd1.0,end,w_WO_row_gini,12,0.08636670341750609,0.7950587536532845,0.08382030905018478,0.09450671433259061,4
C,K,0.5|wd1.0,end,w_WO_row_pr,12,0.021591675854376522,0.94834510784697,0.9712690463555785,0.9728569460704705,4
C,K,0.5|wd1.0,end,w_WO_dist_init,12,-0.043183351708753044,0.8968586338646121,25.315847396850586,25.211130142211914,4
C,K,0.5|wd1.0,end,w_WO_rel_dist_init,12,-0.043183351708753044,0.8968586338646121,1.5824495727242667,1.5713139562529719,4
C,K,0.5|wd1.0,end,w_WO_cos_init,12,-0.7341169790488018,0.004911283418628375,0.049863290041685104,0.0031785937026143074,4
C,K,0.5|wd1.0,end,w_Win_fro,12,-0.3670584895244009,0.2480667136571214,17.3189754486084,13.40130615234375,4
C,K,0.5|wd1.0,end,w_Win_spec,12,0.2806917861068948,0.3868749195466807,4.530040264129639,5.784078598022461,4
C,K,0.5|wd1.0,end,w_Win_stable_rank,12,-0.6261585997769192,0.027438921885470393,14.425323486328125,5.9290690422058105,4
C,K,0.5|wd1.0,end,w_Win_eff_rank,12,-0.06477502756312958,0.8457080194175323,42.819857101959634,35.76180443988855,4
C,K,0.5|wd1.0,end,w_Win_sv_gini,12,0.32387513781564786,0.3134971959689641,0.8226062144188879,0.8779449257532017,4
C,K,0.5|wd1.0,end,w_Win_entry_gini,12,0.7773003307575549,0.001836083811005123,0.34761594766949333,0.4321266838330231,4
C,K,0.5|wd1.0,end,w_Win_row_gini,12,0.0,1.0,0.07850644337429702,0.054445640502677195,4
C,K,0.5|wd1.0,end,w_Win_row_pr,12,0.043183351708753044,0.8968586338646121,0.9771091931170975,0.9899039433483938,4
C,K,0.5|wd1.0,end,w_Win_dist_init,12,-0.34546681367002435,0.2797589382579221,28.4367618560791,26.283916473388672,4
C,K,0.5|wd1.0,end,w_Win_rel_dist_init,12,-0.34546681367002435,0.2797589382579221,1.2576803089079285,1.1624658375965864,4
C,K,0.5|wd1.0,end,w_Win_cos_init,12,-0.7773003307575549,0.001836083811005123,0.017193755134940147,-2.5182225726894103e-05,4
C,K,0.5|wd1.0,end,w_Wout_fro,12,-0.043183351708753044,0.8968586338646121,14.240227699279785,14.179780960083008,4
C,K,0.5|wd1.0,end,w_Wout_spec,12,-0.6045669239225426,0.03564610925862835,5.001681327819824,3.9870786666870117,4
C,K,0.5|wd1.0,end,w_Wout_stable_rank,12,0.49660854465066,0.10217842983384234,6.384007930755615,12.206159591674805,4
C,K,0.5|wd1.0,end,w_Wout_eff_rank,12,0.2806917861068948,0.3868749195466807,41.89764433684378,54.49631649124969,4
C,K,0.5|wd1.0,end,w_Wout_sv_gini,12,-0.12955005512625917,0.6959106328215432,0.8515350449460128,0.8394399142119426,4
C,K,0.5|wd1.0,end,w_Wout_entry_gini,12,-0.3022834619612713,0.3492256176616152,0.5179027842285542,0.46975622604317246,4
C,K,0.5|wd1.0,end,w_Wout_row_gini,12,-0.21591675854376527,0.5104689781899343,0.09067512645219011,0.077345299020531,4
C,K,0.5|wd1.0,end,w_Wout_row_pr,12,0.34546681367002435,0.2797589382579221,0.9726413787409748,0.9819494427153203,4
C,K,0.5|wd1.0,end,w_Wout_dist_init,12,0.043183351708753044,0.8968586338646121,21.294166564941406,21.397733688354492,4
C,K,0.5|wd1.0,end,w_Wout_rel_dist_init,12,0.043183351708753044,0.8968586338646121,1.3315543138836272,1.3371066699705263,4
C,K,0.5|wd1.0,end,w_Wout_cos_init,12,-0.7341169790488018,0.004911283418628375,0.015187134966254234,0.0005500668776221573,4
C,K,0.5|wd1.0,end,attn_to_a_mean,12,-0.3670584895244009,0.2480667136571214,0.7474159002304077,0.6016203761100769,4
C,K,0.5|wd1.0,end,attn_to_a_head_spread,12,-0.7557086549031783,0.0030924111652762144,0.4986867308616638,0.48857882618904114,4
C,K,0.5|wd1.0,end,attn_entropy_mean,12,0.7773003307575549,0.001836083811005123,0.01956753246486187,0.15708860754966736,4
C,K,0.5|wd1.0,end,irr_E_structure,12,-0.45342519294190703,0.14237317060643143,0.8485316192120516,0.773914435227993,4
C,K,0.5|wd1.0,end,irr_E_dominant_share,12,-0.15114173098063566,0.6477242660953937,0.9133710705722926,0.8999056243222223,4
C,K,0.5|wd1.0,end,irr_E_dominant_over_random,12,-0.34546681367002435,0.2797589382579221,6.626188205266668,4.714789289094366,4
C,K,0.5|wd1.0,end,irr_E_5,12,0.25910011025251833,0.4263630961392596,0.0034125088072258624,0.007954633194851454,4
C,K,0.5|wd1.0,end,irr_E_41,12,0.3022834619612713,0.3492256176616152,0.003305080982320792,0.05398450076819935,4
C,K,0.5|wd1.0,end,irr_E_32,12,0.7557086549031783,0.0030924111652762144,0.00042525568303232675,0.002946968293194388,4
C,K,0.5|wd1.0,end,irr_E_311,12,0.6261585997769192,0.027438921885470393,0.0006107993363924527,0.005585931100678546,4
C,K,0.5|wd1.0,end,irr_E_221,12,0.2806917861068948,0.3868749195466807,0.0004722067811854633,0.06390161418801044,4
C,K,0.5|wd1.0,end,irr_E_2111,12,0.19432508268938872,0.5548660207582029,0.003054548930547744,0.006375367138965427,4
C,K,0.5|wd1.0,end,irr_E_11111,12,-0.21591675854376527,0.5104689781899343,0.08252172069801163,0.0029228269021275644,4
D,E,0.3|wd1.0,init,fn_loss_tr,12,0.9217648016985406,1.5715200089724904e-06,0.01349691953510046,0.14042451605200768,3
D,E,0.3|wd1.0,init,fn_margin_tr,12,-0.8876253645985946,2.3177184381117682e-05,6.637872695922852,4.773649454116821,3
D,E,0.3|wd1.0,init,fn_entropy_tr,12,0.9217648016985406,1.5715200089724904e-06,0.11624978482723236,0.8395766913890839,3
D,E,0.3|wd1.0,init,fn_loss_te,12,0.10241831129983785,0.757826626532065,1.90593683719635,2.202479362487793,3
D,E,0.3|wd1.0,init,fn_acc_te,12,-0.07965868656654054,0.8107307144405332,55.77381134033203,59.54365158081055,3
D,E,0.3|wd1.0,init,fn_margin_te,12,-0.07965868656654054,0.8107307144405332,0.2538328170776367,0.3792910575866699,3
D,E,0.3|wd1.0,init,fn_entropy_te,12,0.8534859274986488,0.0001409171490788903,2.9374783039093018,3.614521026611328,3
D,E,0.3|wd1.0,init,fn_gap_loss,12,0.10241831129983785,0.757826626532065,1.8924399176612496,2.0626672506332397,3
D,E,0.3|wd1.0,init,fn_gap_acc,12,0.07965868656654054,0.8107307144405332,44.22618865966797,40.45634841918945,3
D,E,0.3|wd1.0,init,fn_class_acc_gini,12,0.03413943709994595,0.9183930463454484,0.10646746784733652,0.09844354141421463,3
D,E,0.3|wd1.0,init,w_W1_fro,12,-0.9217648016985406,1.5715200089724904e-06,87.57828521728516,76.0248031616211,3
D,E,0.3|wd1.0,init,w_W1_spec,12,-0.5348511812324865,0.07333390933810117,13.761435508728027,11.045794486999512,3
D,E,0.3|wd1.0,init,w_W1_stable_rank,12,0.45519249466594597,0.14056469731479343,40.486976623535156,44.847755432128906,3
D,E,0.3|wd1.0,init,w_W1_eff_rank,12,0.5917502430657298,0.0412443167497733,198.02794450004495,198.6685658101783,3
D,E,0.3|wd1.0,init,w_W1_sv_gini,12,-0.6258896801656757,0.027532111205863633,0.3402659105921162,0.33605645453300936,3
D,E,0.3|wd1.0,init,w_W1_entry_gini,12,-0.1365577483997838,0.6801571786855486,0.3273090745345524,0.31488751226277,3
D,E,0.3|wd1.0,init,w_W1_row_gini,12,-0.876245552231946,4.540660359409931e-05,0.07558481795216765,0.05422606505400873,3
D,E,0.3|wd1.0,init,w_W1_row_pr,12,0.7624474285654594,0.002646179262968198,0.9741108197150018,0.9844605574346563,3
D,E,0.3|wd1.0,init,w_W1_dist_init,12,-0.9217648016985406,1.5715200089724904e-06,86.63521575927734,75.47498321533203,3
D,E,0.3|wd1.0,init,w_W1_rel_dist_init,12,-0.9217648016985406,1.5715200089724904e-06,5.39380858231032,4.714806600721962,3
D,E,0.3|wd1.0,init,w_W1_cos_init,12,0.10241831129983785,0.757826626532065,0.15015853941440582,0.13928831741213799,3
D,E,0.3|wd1.0,init,w_W2_fro,12,-0.9217648016985406,1.5715200089724904e-06,80.41336822509766,64.69377517700195,3
D,E,0.3|wd1.0,init,w_W2_spec,12,-0.9217648016985406,1.5715200089724904e-06,55.00363540649414,32.24173355102539,3
D,E,0.3|wd1.0,init,w_W2_stable_rank,12,0.9217648016985406,1.5715200089724904e-06,2.1373698711395264,4.035165905952454,3
D,E,0.3|wd1.0,init,w_W2_eff_rank,12,0.9217648016985406,1.5715200089724904e-06,101.10542758238823,108.94013498716845,3
D,E,0.3|wd1.0,init,w_W2_sv_gini,12,-0.9217648016985406,1.5715200089724904e-06,0.24804204729095658,0.20511484422744664,3
D,E,0.3|wd1.0,init,w_W2_entry_gini,12,-0.8990051769652434,1.0774107250578709e-05,0.41987061563324013,0.3873837212702119,3
D,E,0.3|wd1.0,init,w_W2_row_gini,12,-0.2503558720662703,0.4428572005505874,0.026884806241675996,0.026223126834127197,3
D,E,0.3|wd1.0,init,w_W2_row_pr,12,0.2503558720662703,0.4428572005505874,0.9977744738397386,0.9978248950343539,3
D,E,0.3|wd1.0,init,w_W2_dist_init,12,-0.9217648016985406,1.5715200089724904e-06,80.3995132446289,64.69172668457031,3
D,E,0.3|wd1.0,init,w_W2_rel_dist_init,12,-0.9217648016985406,1.5715200089724904e-06,116.60497032057377,94.01213347860164,3
D,E,0.3|wd1.0,init,w_W2_cos_init,12,0.056899061833243246,0.8643167430016547,0.02438185177743435,0.030360461212694645,3
D,E,0.3|wd1.0,init,w_all_norm,12,-0.9217648016985406,1.5715200089724904e-06,118.89602950016999,99.96285300636761,3
D,E,0.3|wd1.0,init,w_all_rel_norm,12,-0.9217648016985406,1.5715200089724904e-06,7.384728526152723,6.225727818958006,3
D,E,0.3|wd1.0,init,w_all_dist_init,12,-0.9217648016985406,1.5715200089724904e-06,118.19366454945796,99.55825559582064,3
D,E,0.3|wd1.0,init,w_all_rel_dist_init,12,-0.9217648016985406,1.5715200089724904e-06,7.338741879277112,6.200114182915341,3
D,E,0.3|wd1.0,init,w_all_cos_init,12,0.10241831129983785,0.757826626532065,0.11121068621832515,0.10652802752512804,3
D,E,0.3|wd1.0,init,rep_between_within_tr,12,-0.48933193176589196,0.1083739872432595,0.3451580407531081,0.29528880800945073,3
D,E,0.3|wd1.0,init,rep_nc1_tr,12,-0.011379812366648649,0.9727647853051233,4.715616444544028,4.0733821921300954,3
D,E,0.3|wd1.0,init,rep_eff_rank_te,12,0.6941685543655676,0.010232555845357537,241.15984911118395,245.4214317446623,3
D,E,0.3|wd1.0,init,rep_pr_te,12,0.48933193176589196,0.1083739872432595,59.20926791226767,104.63559343695454,3
D,E,0.3|wd1.0,init,rep_unit_gini_te,12,-0.6941685543655676,0.010232555845357537,0.3385768800770175,0.25609131197410084,3
D,E,0.3|wd1.0,init,rep_unit_pr_te,12,0.3869136204660541,0.22076538078083605,0.2676725864093113,0.36211227095792486,3
D,E,0.3|wd1.0,init,rep_between_within_te,12,-0.48933193176589196,0.1083739872432595,0.21131256848391164,0.1507290378018795,3
D,E,0.3|wd1.0,init,unit_interaction_share,12,0.022759624733297297,0.9455542531521224,0.7466162777819002,0.7452113724882303,3
D,E,0.3|wd1.0,init,add_share_a,12,0.5803704306990811,0.046694215851958626,0.1002176063959855,0.11900316142764186,3
D,E,0.3|wd1.0,init,add_share_b,12,0.6031300554323784,0.0362459990105316,0.09960269546952756,0.11935452123725998,3
D,E,0.3|wd1.0,init,add_share_interaction,12,-0.37553380809940545,0.23619543565858264,0.7739812444866085,0.7429863514128507,3
D,E,0.3|wd1.0,init,add_acc_additive_tr,12,-0.36479230296361037,0.25129555670655684,6.550926208496094,6.412036895751953,3
D,E,0.3|wd1.0,init,add_acc_interaction_te,12,-0.05699879733806412,0.8640807115257934,81.91468048095703,82.82738494873047,3
D,E,0.3|wd1.0,init,add_acc_additive_te,12,0.20287055622991235,0.5371202631778923,0.009920635260641575,0.009920635260641575,3
D,E,0.3|wd1.0,init,add_acc_no_a_te,12,-0.07965868656654054,0.8107307144405332,69.4047622680664,70.88293647766113,3
D,E,0.3|wd1.0,init,add_acc_no_b_te,12,-0.07965868656654054,0.8107307144405332,69.265869140625,71.02182579040527,3
D,E,0.3|wd1.0,init,irr_U_structure,12,-0.7624474285654594,0.002646179262968198,0.08169228233339837,0.07003449136458856,3
D,E,0.3|wd1.0,init,irr_U_dominant_share,12,0.6258896801656757,0.027532111205863633,0.2360389996740526,0.24979801696019216,3
D,E,0.3|wd1.0,init,irr_U_dominant_over_random,12,0.48933193176589196,0.1083739872432595,0.7867966655801754,0.8326600565339739,3
D,E,0.3|wd1.0,init,irr_U_5,12,-0.22759624733297298,0.4870811307853341,0.00242338342512838,0.0021644444745354662,3
D,E,0.3|wd1.0,init,irr_U_41,12,0.11379812366648649,0.7316890274945884,0.16036661241277475,0.16384328689069957,3
D,E,0.3|wd1.0,init,irr_U_32,12,-0.45519249466594597,0.14056469731479343,0.21462644705176886,0.20322903110169316,3
D,E,0.3|wd1.0,init,irr_U_311,12,0.6258896801656757,0.027532111205863633,0.2360389996740526,0.24979801696019216,3
D,E,0.3|wd1.0,init,irr_U_221,12,0.7510676161988109,0.0034313086565875175,0.19340664750614026,0.20298979961036756,3
D,E,0.3|wd1.0,init,irr_U_2111,12,0.07965868656654054,0.8107307144405332,0.14575873505160503,0.15004467684819572,3
D,E,0.3|wd1.0,init,irr_U_11111,12,-0.5917502430657298,0.0412443167497733,0.042515583954334746,0.023078848566683068,3
D,E,0.3|wd1.0,init,irr_V_structure,12,-0.7624474285654594,0.002646179262968198,0.08055773872990052,0.07128944395446668,3
D,E,0.3|wd1.0,init,irr_V_dominant_share,12,0.5803704306990811,0.046694215851958626,0.23654359657704876,0.24865248322417785,3
D,E,0.3|wd1.0,init,irr_V_dominant_over_random,12,0.4438126822992973,0.15245710716544675,0.7884786552568293,0.8288416107472596,3
D,E,0.3|wd1.0,init,irr_out_structure,12,-0.9217648016985406,1.5715200089724904e-06,0.4590625454595212,0.240752075998009,3
D,E,0.3|wd1.0,init,irr_out_dominant_share,12,-0.9217648016985406,1.5715200089724904e-06,0.46739587879285455,0.24702003337002965,3
D,E,0.3|wd1.0,init,irr_out_dominant_over_random,12,-0.9217648016985406,1.5715200089724904e-06,56.08750545514255,29.64240400440356,3
D,E,0.3|wd1.0,init,coset_s_nm1_acc_te,12,-0.07965868656654054,0.8107307144405332,64.6230161190033,69.39980387687683,3
D,E,0.3|wd1.0,init,coset_s_nm1_purity_te,12,-0.10241831129983785,0.757826626532065,0.8538625088589653,0.8352425700318813,3
D,E,0.3|wd1.0,init,coset_a_n_acc_te,12,-0.35277418336610816,0.2688017575871722,98.95833730697632,97.85714447498322,3
D,E,0.3|wd1.0,init,coset_a_n_purity_te,12,-0.07965868656654054,0.8107307144405332,0.5746116107931316,0.6082885612930153,3
D,E,0.3|wd1.0,init,circ_share_interaction_tr,12,-0.6372694925323243,0.023778611829731598,0.7663176175978282,0.7284750009011198,3
D,E,0.3|wd1.0,init,circ_share_marginal_tr,12,0.35277418336610816,0.2688017575871722,0.2052758526035243,0.2252124468676006,3
D,E,0.3|wd1.0,init,circ_acc_marginal_tr,12,-0.2162164349663243,0.5098632262059909,6.319444626569748,6.412036716938019,3
D,E,0.3|wd1.0,init,circ_units_tr,12,0.5917502430657298,0.0412443167497733,18.703794479370117,29.56739902496338,3
D,E,0.3|wd1.0,init,circ_share_interaction_te,12,-0.37553380809940545,0.23619543565858264,0.7808146583494971,0.7542933998545389,3
D,E,0.3|wd1.0,init,circ_share_marginal_te,12,0.4665723070325946,0.1292567121920554,0.23316038822408178,0.26911881202644033,3
D,E,0.3|wd1.0,init,circ_acc_interaction_te,12,-0.056899061833243246,0.8643167430016547,81.72619342803955,82.50992000102997,3
D,E,0.3|wd1.0,init,circ_acc_marginal_te,12,-0.08433738561749833,0.7997933126935793,0.009920635056914762,0.009920635056914762,3
D,E,0.3|wd1.0,init,circ_units_te,12,0.5917502430657298,0.0412443167497733,18.703794479370117,29.56739902496338,3
D,E,0.3|wd1.0,init,sharp_lambda_max,12,0.7169281790988649,0.006853357606075217,0.010538765229284763,0.03268209379166365,3
D,E,0.3|wd1.0,init,sharp_grad_norm,12,0.9217648016985406,1.5715200089724904e-06,0.0037701791152358055,0.02678203396499157,3
D,E,0.3|wd1.0,init,sharp_lr_lambda,12,0.7169281790988649,0.006853357606075217,1.0538765229284764e-05,3.268209379166365e-05,3
D,E,0.3|wd1.0,end,fn_loss_tr,12,0.9217648016985406,1.5715200089724904e-06,0.0008921695989556611,0.0677666962146759,3
D,E,0.3|wd1.0,end,fn_margin_tr,12,-0.9217648016985406,1.5715200089724904e-06,9.264166831970215,5.473546266555786,3
D,E,0.3|wd1.0,end,fn_entropy_tr,12,0.9217648016985406,1.5715200089724904e-06,0.009900660254061222,0.4814210832118988,3
D,E,0.3|wd1.0,end,fn_loss_te,12,0.9217648016985406,1.5715200089724904e-06,0.6723900437355042,1.5379416346549988,3
D,E,0.3|wd1.0,end,fn_acc_te,12,-0.9217648016985406,1.5715200089724904e-06,88.53174591064453,81.27976608276367,3
D,E,0.3|wd1.0,end,fn_margin_te,12,-0.9217648016985406,1.5715200089724904e-06,2.4647769927978516,1.2062273025512695,3
D,E,0.3|wd1.0,end,fn_entropy_te,12,0.9217648016985406,1.5715200089724904e-06,1.5862698554992676,3.3055896759033203,3
D,E,0.3|wd1.0,end,fn_gap_loss,12,0.9217648016985406,1.5715200089724904e-06,0.6711490626912564,1.4732774086296558,3
D,E,0.3|wd1.0,end,fn_gap_acc,12,0.9217648016985406,1.5715200089724904e-06,11.468254089355469,18.720233917236328,3
D,E,0.3|wd1.0,end,fn_class_acc_gini,12,0.9217648016985406,1.5715200089724904e-06,0.036948441962938006,0.05240867758278955,3
D,E,0.3|wd1.0,end,w_W1_fro,12,-0.9217648016985406,1.5715200089724904e-06,95.77816772460938,78.14544296264648,3
D,E,0.3|wd1.0,end,w_W1_spec,12,-0.5348511812324865,0.07333390933810117,13.557019233703613,10.759562015533447,3
D,E,0.3|wd1.0,end,w_W1_stable_rank,12,0.5120915564991892,0.08975679687156378,49.34714889526367,53.04362106323242,3
D,E,0.3|wd1.0,end,w_W1_eff_rank,12,0.23897605969962163,0.46474029775143894,200.57436733961833,200.7059534314701,3
D,E,0.3|wd1.0,end,w_W1_sv_gini,12,-0.4096732451993514,0.1916697321720593,0.3272128466736661,0.3267558827266156,3
D,E,0.3|wd1.0,end,w_W1_entry_gini,12,-0.7965868656654055,0.0010846072330444486,0.3042439357663762,0.29804561563892307,3
D,E,0.3|wd1.0,end,w_W1_row_gini,12,-0.9217648016985406,1.5715200089724904e-06,0.06868685594160051,0.0458924025998948,3
D,E,0.3|wd1.0,end,w_W1_row_pr,12,0.876245552231946,4.540660359409931e-05,0.9772333068379336,0.9897196119428784,3
D,E,0.3|wd1.0,end,w_W1_dist_init,12,-0.9217648016985406,1.5715200089724904e-06,96.39386749267578,78.93895721435547,3
D,E,0.3|wd1.0,end,w_W1_rel_dist_init,12,-0.9217648016985406,1.5715200089724904e-06,5.990667066375207,4.931489372394953,3
D,E,0.3|wd1.0,end,w_W1_cos_init,12,0.07965868656654054,0.8107307144405332,0.04869114235043526,0.045324028469622135,3
D,E,0.3|wd1.0,end,w_W2_fro,12,-0.9217648016985406,1.5715200089724904e-06,82.256103515625,64.82731246948242,3
D,E,0.3|wd1.0,end,w_W2_spec,12,-0.9217648016985406,1.5715200089724904e-06,55.33576202392578,32.03147220611572,3
D,E,0.3|wd1.0,end,w_W2_stable_rank,12,0.9217648016985406,1.5715200089724904e-06,2.209689140319824,4.0909833908081055,3
D,E,0.3|wd1.0,end,w_W2_eff_rank,12,0.9217648016985406,1.5715200089724904e-06,102.28845249462358,109.5295892453573,3
D,E,0.3|wd1.0,end,w_W2_sv_gini,12,-0.8990051769652434,1.0774107250578709e-05,0.22744137801163933,0.19587547906479275,3
D,E,0.3|wd1.0,end,w_W2_entry_gini,12,-0.8990051769652434,1.0774107250578709e-05,0.4340202371280659,0.3855813742000809,3
D,E,0.3|wd1.0,end,w_W2_row_gini,12,0.7396878038321621,0.004380605083957229,0.02581570611781281,0.028518124737766604,3
D,E,0.3|wd1.0,end,w_W2_row_pr,12,-0.7624474285654594,0.002646179262968198,0.9978996100567085,0.9974785576121781,3
D,E,0.3|wd1.0,end,w_W2_dist_init,12,-0.9217648016985406,1.5715200089724904e-06,82.2632827758789,64.82220077514648,3
D,E,0.3|wd1.0,end,w_W2_rel_dist_init,12,-0.9217648016985406,1.5715200089724904e-06,119.78818040376066,94.20200958739133,3
D,E,0.3|wd1.0,end,w_W2_cos_init,12,0.12517793603313515,0.705791709866389,0.008746129460632801,0.008745637256652117,3
D,E,0.3|wd1.0,end,w_all_norm,12,-0.9217648016985406,1.5715200089724904e-06,127.14310052898928,101.58836265832576,3
D,E,0.3|wd1.0,end,w_all_rel_norm,12,-0.9217648016985406,1.5715200089724904e-06,7.894419722664505,6.32578003686422,3
D,E,0.3|wd1.0,end,w_all_dist_init,12,-0.9217648016985406,1.5715200089724904e-06,127.60546607387353,102.33789162730815,3
D,E,0.3|wd1.0,end,w_all_rel_dist_init,12,-0.9217648016985406,1.5715200089724904e-06,7.923128379771562,6.38270482861205,3
D,E,0.3|wd1.0,end,w_all_cos_init,12,0.0682788741998919,0.8374503760617653,0.03696938329686053,0.035055585027116955,3
D,E,0.3|wd1.0,end,rep_between_within_tr,12,-0.48933193176589196,0.1083739872432595,0.3568983539315686,0.30007819964830784,3
D,E,0.3|wd1.0,end,rep_nc1_tr,12,-0.807966678032054,0.0007697929557776835,3.3718978001777855,3.19440699255695,3
D,E,0.3|wd1.0,end,rep_eff_rank_te,12,0.807966678032054,0.0007697929557776835,241.7984446638088,248.2476401625516,3
D,E,0.3|wd1.0,end,rep_pr_te,12,0.4324328699326486,0.16493743216676635,72.39061854713884,137.1868598831711,3
D,E,0.3|wd1.0,end,rep_unit_gini_te,12,-0.876245552231946,4.540660359409931e-05,0.3234270745457113,0.2073489569682495,3
D,E,0.3|wd1.0,end,rep_unit_pr_te,12,0.4665723070325946,0.1292567121920554,0.3923251768564905,0.507636470528043,3
D,E,0.3|wd1.0,end,rep_between_within_te,12,-0.6031300554323784,0.0362459990105316,0.22383420101764642,0.15339847374398868,3
D,E,0.3|wd1.0,end,unit_interaction_share,12,-0.7624474285654594,0.002646179262968198,0.7747481633101202,0.7558531765891514,3
D,E,0.3|wd1.0,end,add_share_a,12,0.807966678032054,0.0007697929557776835,0.08832107502934286,0.11700840881770497,3
D,E,0.3|wd1.0,end,add_share_b,12,0.6714089296322702,0.014690828513839523,0.08881517316625469,0.11789439180153966,3
D,E,0.3|wd1.0,end,add_share_interaction,12,-0.6486493048989731,0.020400992874236558,0.7994647111364817,0.746244973351694,3
D,E,0.3|wd1.0,end,add_acc_additive_tr,12,-0.00570990591522943,0.9863329825395184,6.759259223937988,6.4236109256744385,3
D,E,0.3|wd1.0,end,add_acc_interaction_te,12,-0.8990051769652434,1.0774107250578709e-05,97.2420654296875,95.45138549804688,3
D,E,0.3|wd1.0,end,add_acc_additive_te,12,0.06487491201346025,0.845472431847506,0.009920635260641575,0.004960317630320787,3
D,E,0.3|wd1.0,end,add_acc_no_a_te,12,-0.9217648016985406,1.5715200089724904e-06,94.1170654296875,89.3601188659668,3
D,E,0.3|wd1.0,end,add_acc_no_b_te,12,-0.9217648016985406,1.5715200089724904e-06,93.95833587646484,89.4047622680664,3
D,E,0.3|wd1.0,end,irr_U_structure,12,-0.8307263027653514,0.0003550419072608448,0.09836888432243031,0.07018998241500665,3
D,E,0.3|wd1.0,end,irr_U_dominant_share,12,0.7396878038321621,0.004380605083957229,0.23402990872633073,0.24589901583806456,3
D,E,0.3|wd1.0,end,irr_U_dominant_over_random,12,0.37553380809940545,0.23619543565858264,0.7881267127517237,0.8196633861268819,3
D,E,0.3|wd1.0,end,irr_U_5,12,0.5576108059657838,0.0590155400813654,0.0018258468967968283,0.0020798944673219907,3
D,E,0.3|wd1.0,end,irr_U_41,12,-0.807966678032054,0.0007697929557776835,0.19928325731066593,0.16057461221668107,3
D,E,0.3|wd1.0,end,irr_U_32,12,-0.37553380809940545,0.23619543565858264,0.2106325522615198,0.20479183344392482,3
D,E,0.3|wd1.0,end,irr_U_311,12,0.7624474285654594,0.002646179262968198,0.23223151839007658,0.24589901583806456,3
D,E,0.3|wd1.0,end,irr_U_221,12,0.7510676161988109,0.0034313086565875175,0.18414583083038055,0.21366748703390054,3
D,E,0.3|wd1.0,end,irr_U_2111,12,0.45519249466594597,0.14056469731479343,0.13448488091815614,0.14516435926391744,3
D,E,0.3|wd1.0,end,irr_U_11111,12,-0.5917502430657298,0.0412443167497733,0.037301527165421795,0.019276295412667815,3
D,E,0.3|wd1.0,end,irr_V_structure,12,-0.7510676161988109,0.0034313086565875175,0.09471511962053605,0.07206861240715706,3
D,E,0.3|wd1.0,end,irr_V_dominant_share,12,0.7510676161988109,0.0034313086565875175,0.23285898997451532,0.2451694465888397,3
D,E,0.3|wd1.0,end,irr_V_dominant_over_random,12,0.36415399573275675,0.2522091595950162,0.7846231409955736,0.8172314886294657,3
D,E,0.3|wd1.0,end,irr_out_structure,12,-0.9217648016985406,1.5715200089724904e-06,0.4463490192522743,0.23891850295097072,3
D,E,0.3|wd1.0,end,irr_out_dominant_share,12,-0.9217648016985406,1.5715200089724904e-06,0.45196403611471264,0.24354462817896538,3
D,E,0.3|wd1.0,end,irr_out_dominant_over_random,12,-0.9217648016985406,1.5715200089724904e-06,54.23568433376552,29.225355381475843,3
D,E,0.3|wd1.0,end,coset_s_nm1_acc_te,12,-0.9217648016985406,1.5715200089724904e-06,91.39881134033203,85.96726357936859,3
D,E,0.3|wd1.0,end,coset_s_nm1_purity_te,12,-0.9217648016985406,1.5715200089724904e-06,0.9715220949263502,0.94734138217677,3
D,E,0.3|wd1.0,end,coset_a_n_acc_te,12,-0.6280896506752374,0.02677622095865479,99.52381253242493,97.99603223800659,3
D,E,0.3|wd1.0,end,coset_a_n_purity_te,12,-0.9217648016985406,1.5715200089724904e-06,0.8973997177988309,0.8310510752067211,3
D,E,0.3|wd1.0,end,circ_share_interaction_tr,12,-0.7510676161988109,0.0034313086565875175,0.7877858742453352,0.7316409969980993,3
D,E,0.3|wd1.0,end,circ_share_marginal_tr,12,0.6486493048989731,0.020400992874236558,0.18209326194528044,0.22212049089418276,3
D,E,0.3|wd1.0,end,circ_acc_marginal_tr,12,-0.29639374615793346,0.35930819027071587,6.9907404482364655,6.412037089467049,3
D,E,0.3|wd1.0,end,circ_units_tr,12,0.2958751215328649,0.36020281944590204,34.61451721191406,44.019779205322266,3
D,E,0.3|wd1.0,end,circ_share_interaction_te,12,-0.6486493048989731,0.020400992874236558,0.8081054387090537,0.7577706461966935,3
D,E,0.3|wd1.0,end,circ_share_marginal_te,12,0.6486493048989731,0.020400992874236558,0.2079706155661753,0.2662621242915502,3
D,E,0.3|wd1.0,end,circ_acc_interaction_te,12,-0.8990051769652434,1.0774107250578709e-05,97.16269969940186,95.1884925365448,3
D,E,0.3|wd1.0,end,circ_acc_marginal_te,12,-0.2560317908808562,0.43211854878892847,0.009920635056914762,0.0,3
D,E,0.3|wd1.0,end,circ_units_te,12,0.2958751215328649,0.36020281944590204,34.61451721191406,44.019779205322266,3
D,E,0.3|wd1.0,end,sharp_lambda_max,12,0.9217648016985406,1.5715200089724904e-06,0.0013136077905073762,0.01922864094376564,3
D,E,0.3|wd1.0,end,sharp_grad_norm,12,0.9217648016985406,1.5715200089724904e-06,0.00031496965675614774,0.01573138078674674,3
D,E,0.3|wd1.0,end,sharp_lr_lambda,12,0.9217648016985406,1.5715200089724904e-06,1.3136077905073762e-06,1.9228640943765638e-05,3
D,K,0.3|wd1.0,init,fn_loss_tr,27,0.9777750027710649,4.058907366066248e-28,9.081467396754306e-06,4.237128973007202,5
D,K,0.3|wd1.0,init,fn_acc_tr,27,-0.8727189863571733,4.516396473961065e-11,100.0,28.807869911193848,5
D,K,0.3|wd1.0,init,fn_margin_tr,27,-0.9777750027710649,4.058907366066248e-28,13.501744270324707,-0.16073918342590332,5
D,K,0.3|wd1.0,init,fn_entropy_tr,27,0.9777750027710649,4.058907366066248e-28,0.00014405189722310752,4.713676691055298,5
D,K,0.3|wd1.0,init,fn_loss_te,27,0.8429094851474698,1.6261939309094645e-09,0.4658471941947937,4.638655424118042,5
D,K,0.3|wd1.0,init,fn_acc_te,27,-0.8130634735281189,2.6177575742308498e-08,89.06745910644531,1.3640873730182648,5
D,K,0.3|wd1.0,init,fn_margin_te,27,-0.3034474146530891,0.12480580587683318,3.3435521125793457,-0.5378451943397522,5
D,K,0.3|wd1.0,init,fn_entropy_te,27,0.9777750027710649,4.058907366066248e-28,0.920846700668335,4.718111515045166,5
D,K,0.3|wd1.0,init,fn_gap_loss,27,-0.27535043181484015,0.16615420251924137,0.46583811272739695,0.39755523204803467,5
D,K,0.3|wd1.0,init,fn_gap_acc,27,0.22477586270599192,0.2625855452846804,10.932540893554688,27.422288805246353,5
D,K,0.3|wd1.0,init,fn_class_acc_gini,27,0.8803721289318017,1.4994840729773666e-11,0.032396402340354014,0.9399101892090221,5
D,K,0.3|wd1.0,init,w_W1_fro,27,-0.9272004336622168,1.0168580803171498e-15,101.65507507324219,25.294279098510742,5
D,K,0.3|wd1.0,init,w_W1_spec,27,-0.5694321855218463,0.0015344788330368443,12.958490371704102,7.028408527374268,5
D,K,0.3|wd1.0,init,w_W1_stable_rank,27,-0.8597676748504192,2.42472136065804e-10,61.61497497558594,13.243363380432129,5
D,K,0.3|wd1.0,init,w_W1_eff_rank,27,-0.9459317555543827,1.6769604976303254e-18,200.43203419886746,187.48126663974205,5
D,K,0.3|wd1.0,init,w_W1_sv_gini,27,0.9581071147842907,4.626108080816621e-21,0.3271629789040198,0.3866473783772215,5
D,K,0.3|wd1.0,init,w_W1_entry_gini,27,0.9215810370945671,4.669048078419488e-15,0.3011072798152461,0.39520634680592925,5
D,K,0.3|wd1.0,init,w_W1_row_gini,27,0.6209433207253027,0.00037184571962840124,0.07388725746310687,0.09310047348870287,5
D,K,0.3|wd1.0,init,w_W1_row_pr,27,-0.9159616405269172,1.8764413115707323e-14,0.980587044632049,0.9440122417635342,5
D,K,0.3|wd1.0,init,w_W1_dist_init,27,-0.9272004336622168,1.0168580803171498e-15,99.72073364257812,25.162270545959473,5
D,K,0.3|wd1.0,init,w_W1_rel_dist_init,27,-0.9272004336622168,1.0168580803171498e-15,6.235319539874474,1.566518918654542,5
D,K,0.3|wd1.0,init,w_W1_cos_init,27,0.5535105619135051,0.0022568949584390115,0.19425126910209656,0.3259477764368057,5
D,K,0.3|wd1.0,init,w_W2_fro,27,0.6068948293061782,0.0005630068405032855,70.25747680664062,90.66035842895508,5
D,K,0.3|wd1.0,init,w_W2_spec,27,0.884118393310235,8.4465705314712e-12,10.53880786895752,85.04376602172852,5
D,K,0.3|wd1.0,init,w_W2_stable_rank,27,-0.9702824740141985,9.264354000504555e-25,44.30118179321289,1.1348451972007751,5
D,K,0.3|wd1.0,init,w_W2_eff_rank,27,-0.9777750027710649,4.058907366066248e-28,115.0466129437156,65.2563594798878,5
D,K,0.3|wd1.0,init,w_W2_sv_gini,27,0.9777750027710649,4.058907366066248e-28,0.16319625516855796,0.4136015439654105,5
D,K,0.3|wd1.0,init,w_W2_entry_gini,27,-0.10302227040691297,0.6125049735063228,0.3388522361793753,0.21834022503002914,5
D,K,0.3|wd1.0,init,w_W2_row_gini,27,0.5919097717924454,0.00085530102014458,0.021435734107299487,0.04438965329331901,5
D,K,0.3|wd1.0,init,w_W2_row_pr,27,-0.559129958481155,0.001974564982699749,0.9985065250603231,0.9938347389817833,5
D,K,0.3|wd1.0,init,w_W2_dist_init,27,0.6068948293061782,0.0005630068405032855,70.22660064697266,90.64007186889648,5
D,K,0.3|wd1.0,init,w_W2_rel_dist_init,27,0.6106410936846115,0.0005051770215071278,102.09824800040411,131.77175397828086,5
D,K,0.3|wd1.0,init,w_W2_cos_init,27,-0.3952308919247025,0.040589782239772346,0.048344966024160385,0.02608584426343441,5
D,K,0.3|wd1.0,init,w_all_norm,27,-0.8597676748504192,2.42472136065804e-10,123.50725347970177,94.0493617494203,5
D,K,0.3|wd1.0,init,w_all_rel_norm,27,-0.8597676748504192,2.42472136065804e-10,7.7055051824379195,5.866128354542347,5
D,K,0.3|wd1.0,init,w_all_dist_init,27,-0.8597676748504192,2.42472136065804e-10,121.90293189755221,94.09694596786599,5
D,K,0.3|wd1.0,init,w_all_rel_dist_init,27,-0.853211712188161,5.260415974183993e-10,7.612256707059517,5.863310690492399,5
D,K,0.3|wd1.0,init,w_all_cos_init,27,-0.5572568262919383,0.002065133500753129,0.16036936665027401,0.0880974890677714,5
D,K,0.3|wd1.0,init,rep_between_within_tr,27,0.8232415971606956,1.0899755986312707e-08,0.31795432707970855,0.6510806371165273,5
D,K,0.3|wd1.0,init,rep_nc1_tr,27,0.9103422439592673,6.727476149921812e-14,3.0316463240587823,11.57994828463498,5
D,K,0.3|wd1.0,init,rep_eff_rank_te,27,-0.9356295285136914,7.625133561636923e-17,245.00968649114225,223.77908335965012,5
D,K,0.3|wd1.0,init,rep_pr_te,27,-0.959043680878899,2.695725963550621e-21,158.14752376630588,8.570711063608286,5
D,K,0.3|wd1.0,init,rep_unit_gini_te,27,0.9328198302298666,1.8923889137703623e-16,0.2670855227538398,0.5504616084839321,5
D,K,0.3|wd1.0,init,rep_unit_pr_te,27,-0.9552974165004657,2.1458255828012676e-20,0.6153439402817398,0.04342078914463109,5
D,K,0.3|wd1.0,init,rep_between_within_te,27,0.9281369997568251,7.773437765013893e-16,0.1549626496674432,0.5590510399920593,5
D,K,0.3|wd1.0,init,unit_interaction_share,27,-0.28377952666631484,0.15287127808879608,0.7868571344303896,0.7186596414335983,5
D,K,0.3|wd1.0,init,unit_frac_interacting,27,-0.839947481916181,2.209153511017932e-09,1.0,0.7622562348842621,5
D,K,0.3|wd1.0,init,add_share_a,27,-0.7024245709562248,1.9350569194730865e-05,0.0900339472247623,0.02402527180416429,5
D,K,0.3|wd1.0,init,add_share_b,27,-0.706170835334658,1.6423707598059385e-05,0.09074921969728508,0.025765608526008704,5
D,K,0.3|wd1.0,init,add_share_interaction,27,-0.41864504428991,0.02887565278803694,0.8110037658201629,0.3996470926802662,5
D,K,0.3|wd1.0,init,add_acc_interaction_tr,27,-0.9172573751156115,1.3762882416100099e-14,100.0,81.22684860229492,5
D,K,0.3|wd1.0,init,add_acc_additive_tr,27,-0.7647049286201827,7.99567300853971e-07,8.865740776062012,3.3449074029922485,5
D,K,0.3|wd1.0,init,add_acc_no_a_tr,27,-0.8727189863571733,4.516396473961065e-11,100.0,24.398147583007812,5
D,K,0.3|wd1.0,init,add_acc_no_b_tr,27,-0.8701935466862114,6.376577683535017e-11,100.0,24.96527671813965,5
D,K,0.3|wd1.0,init,add_acc_interaction_te,27,-0.8129393701200042,2.64481422055168e-08,97.59920501708984,9.012897372245789,5
D,K,0.3|wd1.0,init,add_acc_additive_te,27,0.6507241514272997,0.00014219397436850167,0.0,0.1636904776096344,5
D,K,0.3|wd1.0,init,add_acc_no_a_te,27,-0.8354169563906034,3.4793298846525217e-09,94.12698364257812,2.356150805950165,5
D,K,0.3|wd1.0,init,add_acc_no_b_te,27,-0.8316706920121703,5.0026859084072985e-09,94.31547546386719,2.2916667461395264,5
D,K,0.3|wd1.0,init,irr_U_structure,27,0.40085028849235227,0.03748808837832416,0.06795268397345151,0.09477646996074057,5
D,K,0.3|wd1.0,init,irr_U_dominant_share,27,-0.07960811804170548,0.6959261879709431,0.24356938752950041,0.24630931918323756,5
D,K,0.3|wd1.0,init,irr_U_dominant_over_random,27,-0.08991034508239676,0.6587340834742222,0.8118979584316681,0.8210310639441252,5
D,K,0.3|wd1.0,init,irr_U_5,27,0.9290735658514333,5.915896916043573e-16,0.0014007023792209266,0.004890685991837284,5
D,K,0.3|wd1.0,init,irr_U_41,27,-0.5507008636296803,0.0024104444773188996,0.16607865387675042,0.1357853686470803,5
D,K,0.3|wd1.0,init,irr_U_32,27,-0.306257112936914,0.12112099968397554,0.20440298350751018,0.1877799539371237,5
D,K,0.3|wd1.0,init,irr_U_311,27,-0.07211558928483909,0.7234084591725929,0.24356938752950041,0.24630931918323756,5
D,K,0.3|wd1.0,init,irr_U_221,27,-0.4027234206815689,0.03649657436314425,0.20853665782853648,0.17902008772832823,5
D,K,0.3|wd1.0,init,irr_U_2111,27,-0.3577682481403705,0.06668270602496235,0.14723003977681892,0.1323381883719196,5
D,K,0.3|wd1.0,init,irr_U_11111,27,0.8972303186347512,9.206346025072966e-13,0.01684734447801103,0.08434294566061022,5
D,K,0.3|wd1.0,init,irr_V_structure,27,0.4083428172492187,0.033645115301751176,0.06833453695360991,0.09388924000802745,5
D,K,0.3|wd1.0,init,irr_V_dominant_share,27,-0.06274992833875608,0.7582230694081074,0.24238219374138673,0.24793667152168555,5
D,K,0.3|wd1.0,init,irr_V_dominant_over_random,27,-0.07305215537944737,0.7199544417469484,0.8079406458046224,0.8264555717389519,5
D,K,0.3|wd1.0,init,irr_out_structure,27,0.9702824740141985,9.264354000504555e-25,0.06251843602292481,0.8653295465075144,5
D,K,0.3|wd1.0,init,irr_out_dominant_share,27,0.9272004336622168,1.0168580803171498e-15,0.2527083390537662,0.8723822730906055,5
D,K,0.3|wd1.0,init,irr_out_dominant_over_random,27,0.9412489250813413,1.0550845222363125e-17,0.8423611301792208,104.68587277087265,5
D,K,0.3|wd1.0,init,coset_s_nm1_acc_te,27,-0.8129393701200042,2.64481422055168e-08,91.58730506896973,20.83333358168602,5
D,K,0.3|wd1.0,init,coset_s_nm1_purity_te,27,-0.8129393701200042,2.64481422055168e-08,0.9724870017331022,0.06528280961182995,5
D,K,0.3|wd1.0,init,coset_a_n_acc_te,27,0.5998602441569084,0.0006871784762939607,98.71031641960144,99.9752014875412,5
D,K,0.3|wd1.0,init,coset_a_n_purity_te,27,-0.8129393701200042,2.64481422055168e-08,0.9023115577889447,0.013781661467928353,5
D,K,0.3|wd1.0,init,circ_share_interaction_tr,27,-0.42613757304677635,0.025756926533256827,0.792045784298631,0.3923354017361981,5
D,K,0.3|wd1.0,init,circ_share_marginal_tr,27,0.47858527434484116,0.010677142027862813,0.16514255491568883,0.5801227738125893,5
D,K,0.3|wd1.0,init,circ_acc_interaction_tr,27,-0.9172573751156115,1.3762882416100099e-14,100.0,81.4120352268219,5
D,K,0.3|wd1.0,init,circ_acc_marginal_tr,27,-0.7381267478573247,3.5494874514540422e-06,8.564814925193787,3.3101851120591164,5
D,K,0.3|wd1.0,init,circ_units_tr,27,-0.925327301473,1.7176592929459428e-15,37.32242965698242,4.786323547363281,5
D,K,0.3|wd1.0,init,circ_share_interaction_te,27,-0.4177084781953017,0.02928568799104471,0.8237893410693253,0.403456645281122,5
D,K,0.3|wd1.0,init,circ_share_marginal_te,27,0.3661973429918452,0.05992734163392994,0.19794134742844735,0.6038165088248755,5
D,K,0.3|wd1.0,init,circ_acc_interaction_te,27,-0.8091931057415709,3.592021281629322e-08,97.50000238418579,8.839285746216774,5
D,K,0.3|wd1.0,init,circ_acc_marginal_te,27,0.6586100948586577,0.00010797566903827661,0.0,0.1636904780752957,5
D,K,0.3|wd1.0,init,circ_units_te,27,-0.925327301473,1.7176592929459428e-15,37.32242965698242,4.786323547363281,5
D,K,0.3|wd1.0,init,sharp_lambda_max,27,0.44112263056050915,0.02032609606870885,9.318669981439598e-06,0.00844557723030448,5
D,K,0.3|wd1.0,init,sharp_grad_norm,27,0.8429094851474698,1.6261939309094645e-09,3.457259026617976e-06,0.05897356942296028,5
D,K,0.3|wd1.0,init,sharp_lr_lambda,27,0.44112263056050915,0.02032609606870885,9.318669981439599e-09,8.44557723030448e-06,5
D,K,0.3|wd1.0,cross,fn_loss_tr,18,0.9637388493048533,1.0737700457956674e-14,9.081467396754306e-06,0.2470831573009491,4
D,K,0.3|wd1.0,cross,fn_margin_tr,18,-0.9637388493048533,1.0737700457956674e-14,13.501744270324707,4.098668575286865,4
D,K,0.3|wd1.0,cross,fn_entropy_tr,18,0.9637388493048533,1.0737700457956674e-14,0.00014405189722310752,1.3283721804618835,4
D,K,0.3|wd1.0,cross,fn_loss_te,18,0.9423224304314123,9.746426726034111e-12,0.4658471941947937,1.7393682599067688,4
D,K,0.3|wd1.0,cross,fn_acc_te,18,-0.3148213574395854,0.20689131087323123,89.06745910644531,85.24802017211914,4
D,K,0.3|wd1.0,cross,fn_margin_te,18,-0.9637388493048533,1.0737700457956674e-14,3.3435521125793457,1.0621094703674316,4
D,K,0.3|wd1.0,cross,fn_entropy_te,18,0.9637388493048533,1.0737700457956674e-14,0.920846700668335,3.638837218284607,4
D,K,0.3|wd1.0,cross,fn_gap_loss,18,0.9423224304314123,9.746426726034111e-12,0.46583811272739695,1.4865803495049477,4
D,K,0.3|wd1.0,cross,fn_gap_acc,18,0.3148213574395854,0.20689131087323123,10.932540893554688,14.75197982788086,4
D,K,0.3|wd1.0,cross,fn_class_acc_gini,18,0.5139940529625885,0.0277779826764482,0.032396402340354014,0.04853744855500519,4
D,K,0.3|wd1.0,cross,w_W1_fro,18,-0.7902658564299798,3.290384926014122e-05,101.65507507324219,71.82466125488281,4
D,K,0.3|wd1.0,cross,w_W1_spec,18,0.23343896572050893,0.3570051582201238,12.958490371704102,14.764588832855225,4
D,K,0.3|wd1.0,cross,w_W1_stable_rank,18,-0.6585548803583166,0.0022085407058366206,61.61497497558594,23.874202728271484,4
D,K,0.3|wd1.0,cross,w_W1_eff_rank,18,-0.6660506269640208,0.0018559069821477239,200.43203419886746,195.66724376176063,4
D,K,0.3|wd1.0,cross,w_W1_sv_gini,18,0.7517163024577858,0.00015465241122486806,0.3271629789040198,0.34970487574641007,4
D,K,0.3|wd1.0,cross,w_W1_entry_gini,18,0.7420789139647371,0.000216408661413511,0.3011072798152461,0.31341743937638755,4
D,K,0.3|wd1.0,cross,w_W1_row_gini,18,0.4336824821871841,0.07206554112158776,0.07388725746310687,0.09082717375745397,4
D,K,0.3|wd1.0,cross,w_W1_row_pr,18,-0.704600180936215,0.0006883000782038881,0.980587044632049,0.9609124771153732,4
D,K,0.3|wd1.0,cross,w_W1_dist_init,18,-0.7902658564299798,3.290384926014122e-05,99.72073364257812,72.19967269897461,4
D,K,0.3|wd1.0,cross,w_W1_rel_dist_init,18,-0.7902658564299798,3.290384926014122e-05,6.235319539874474,4.50309193120127,4
D,K,0.3|wd1.0,cross,w_W1_cos_init,18,-0.7902658564299798,3.290384926014122e-05,0.19425126910209656,0.08571941405534744,4
D,K,0.3|wd1.0,cross,w_W2_fro,18,0.7709910794438827,7.458688461301724e-05,70.25747680664062,82.7864761352539,4
D,K,0.3|wd1.0,cross,w_W2_spec,18,0.9637388493048533,1.0737700457956674e-14,10.53880786895752,63.43292045593262,4
D,K,0.3|wd1.0,cross,w_W2_stable_rank,18,-0.9637388493048533,1.0737700457956674e-14,44.30118179321289,1.7083733677864075,4
D,K,0.3|wd1.0,cross,w_W2_eff_rank,18,-0.9637388493048533,1.0737700457956674e-14,115.0466129437156,96.2284087885022,4
D,K,0.3|wd1.0,cross,w_W2_sv_gini,18,0.9637388493048533,1.0737700457956674e-14,0.16319625516855796,0.26543798983977973,4
D,K,0.3|wd1.0,cross,w_W2_entry_gini,18,0.7999032449230282,2.1011068715133592e-05,0.3388522361793753,0.4183101684227001,4
D,K,0.3|wd1.0,cross,w_W2_row_gini,18,0.0631784356766515,0.8064445296438838,0.021435734107299487,0.023080677573720565,4
D,K,0.3|wd1.0,cross,w_W2_row_pr,18,-0.051399405296258846,0.8420713927498303,0.9985065250603231,0.9983150945826067,4
D,K,0.3|wd1.0,cross,w_W2_dist_init,18,0.7709910794438827,7.458688461301724e-05,70.22660064697266,82.78731155395508,4
D,K,0.3|wd1.0,cross,w_W2_rel_dist_init,18,0.7709910794438827,7.458688461301724e-05,102.09824800040411,120.481917816767,4
D,K,0.3|wd1.0,cross,w_W2_cos_init,18,-0.8748607109800725,1.590037592341242e-07,0.048344966024160385,0.007529821712523699,4
D,K,0.3|wd1.0,cross,w_all_norm,18,-0.11564866191658241,0.6527692983105062,123.50725347970177,109.69361587150127,4
D,K,0.3|wd1.0,cross,w_all_rel_norm,18,-0.11564866191658241,0.6527692983105062,7.7055051824379195,6.835297317916752,4
D,K,0.3|wd1.0,cross,w_all_dist_init,18,-0.11564866191658241,0.6527692983105062,121.90293189755221,109.93760367412234,4
D,K,0.3|wd1.0,cross,w_all_rel_dist_init,18,-0.11564866191658241,0.6527692983105062,7.612256707059517,6.850477669524856,4
D,K,0.3|wd1.0,cross,w_all_cos_init,18,-0.8673649643743682,3.032669744426929e-07,0.16036936665027401,0.05662775078103614,4
D,K,0.3|wd1.0,cross,rep_between_within_tr,18,0.5964472656253371,0.007741999820973013,0.31795432707970855,0.4141797210664937,4
D,K,0.3|wd1.0,cross,rep_nc1_tr,18,0.9069853392902342,4.938974451095251e-09,3.0316463240587823,4.2394219288896835,4
D,K,0.3|wd1.0,cross,rep_eff_rank_te,18,-0.7570704071761459,0.00012731083581868157,245.00968649114225,232.39757491326117,4
D,K,0.3|wd1.0,cross,rep_pr_te,18,-0.9637388493048533,1.0737700457956674e-14,158.14752376630588,41.122334698820126,4
D,K,0.3|wd1.0,cross,rep_unit_gini_te,18,0.7902658564299798,3.290384926014122e-05,0.2670855227538398,0.4469552753246029,4
D,K,0.3|wd1.0,cross,rep_unit_pr_te,18,-0.9541014608118049,3.7506051688385657e-13,0.6153439402817398,0.23550412649232588,4
D,K,0.3|wd1.0,cross,rep_between_within_te,18,0.9251892953326593,3.1874939933623215e-10,0.1549626496674432,0.290349112671676,4
D,K,0.3|wd1.0,cross,unit_interaction_share,18,0.2826967291294236,0.2603644755185617,0.7868571344303896,0.786451402950658,4
D,K,0.3|wd1.0,cross,add_share_a,18,-0.36836240462318837,0.13438988299341595,0.0900339472247623,0.07661701977846362,4
D,K,0.3|wd1.0,cross,add_share_b,18,-0.42297427275046345,0.0804793372641942,0.09074921969728508,0.07676423890211567,4
D,K,0.3|wd1.0,cross,add_share_interaction,18,0.12421522946595887,0.6286832921790968,0.8110037658201629,0.8240625074923293,4
D,K,0.3|wd1.0,cross,add_acc_interaction_tr,18,-0.33954987505086626,0.17086689768510602,100.0,100.0,4
D,K,0.3|wd1.0,cross,add_acc_additive_tr,18,-0.8191780219091254,7.798695315081264e-06,8.865740776062012,6.574073791503906,4
D,K,0.3|wd1.0,cross,add_acc_interaction_te,18,-0.5579383864009075,0.014714144558696471,97.59920501708984,95.44643020629883,4
D,K,0.3|wd1.0,cross,add_acc_additive_te,18,0.830416137306109,4.088758147262631e-06,0.0,0.04464286006987095,4
D,K,0.3|wd1.0,cross,add_acc_no_a_te,18,-0.43658486868714874,0.06989813205469853,94.12698364257812,91.64186477661133,4
D,K,0.3|wd1.0,cross,add_acc_no_b_te,18,-0.47758614087773843,0.0440746719136429,94.31547546386719,91.29960250854492,4
D,K,0.3|wd1.0,cross,irr_U_structure,18,0.7302998835843444,0.0003189114410502938,0.06795268397345151,0.13633301924972388,4
D,K,0.3|wd1.0,cross,irr_U_dominant_share,18,-0.3887080025529575,0.11206114390750074,0.24356938752950041,0.23277798744447314,4
D,K,0.3|wd1.0,cross,irr_U_dominant_over_random,18,0.2998298642281766,0.23090136311489143,0.8118979584316681,1.7458349058335487,4
D,K,0.3|wd1.0,cross,irr_U_5,18,0.8770023528674166,1.309903288697626e-07,0.0014007023792209266,0.0019704677424260387,4
D,K,0.3|wd1.0,cross,irr_U_41,18,0.758141228119818,0.00012236545572233583,0.16607865387675042,0.23277798744447314,4
D,K,0.3|wd1.0,cross,irr_U_32,18,-0.32445874593263396,0.19232456260421363,0.20440298350751018,0.200639998075761,4
D,K,0.3|wd1.0,cross,irr_U_311,18,-0.6446342080905797,0.003007713404504713,0.24356938752950041,0.2022568343833656,4
D,K,0.3|wd1.0,cross,irr_U_221,18,-0.35658337424279574,0.14860080442661788,0.20853665782853648,0.19440375698812803,4
D,K,0.3|wd1.0,cross,irr_U_2111,18,-0.4443906916239046,0.06430194288630342,0.14723003977681892,0.1342376475146065,4
D,K,0.3|wd1.0,cross,irr_U_11111,18,0.7388664511337208,0.0002411268575897925,0.01684734447801103,0.04292332115863958,4
D,K,0.3|wd1.0,cross,irr_V_structure,18,0.7088834647109031,0.0006095207102022481,0.06833453695360991,0.13783785446245217,4
D,K,0.3|wd1.0,cross,irr_V_dominant_share,18,-0.31267971555224133,0.21022043443327876,0.24238219374138673,0.23398307837184384,4
D,K,0.3|wd1.0,cross,irr_V_dominant_over_random,18,0.19810187457933098,0.43684902827871164,0.8079406458046224,1.754873087788829,4
D,K,0.3|wd1.0,cross,irr_out_structure,18,0.9637388493048533,1.0737700457956674e-14,0.06251843602292481,0.5773029810279773,4
D,K,0.3|wd1.0,cross,irr_out_dominant_share,18,0.7999032449230282,2.1011068715133592e-05,0.2527083390537662,0.5843620986049106,4
D,K,0.3|wd1.0,cross,irr_out_dominant_over_random,18,0.7999032449230282,2.1011068715133592e-05,0.8423611301792208,70.12345183258927,4
D,K,0.3|wd1.0,cross,coset_s_nm1_acc_te,18,-0.32231710404528985,0.1955031576657279,91.58730506896973,88.913694024086,4
D,K,0.3|wd1.0,cross,coset_s_nm1_purity_te,18,-0.34373352291873105,0.16520770514028918,0.9724870017331022,0.9582662420363286,4
D,K,0.3|wd1.0,cross,coset_a_n_acc_te,18,0.5814557724139282,0.010046804428155507,98.71031641960144,99.92063641548157,4
D,K,0.3|wd1.0,cross,coset_a_n_purity_te,18,-0.48186942465242666,0.041858097230391876,0.9023115577889447,0.853157542236382,4
D,K,0.3|wd1.0,cross,circ_share_interaction_tr,18,0.1713313509875295,0.5027474357635987,0.792045784298631,0.8046855256844181,4
D,K,0.3|wd1.0,cross,circ_share_marginal_tr,18,-0.01927477698609707,0.9404851251597053,0.16514255491568883,0.16131236127031104,4
D,K,0.3|wd1.0,cross,circ_acc_interaction_tr,18,-0.33954987505086626,0.17086689768510602,100.0,100.0,4
D,K,0.3|wd1.0,cross,circ_acc_marginal_tr,18,-0.8051374940328645,1.6265033249408947e-05,8.564814925193787,6.493055447936058,4
D,K,0.3|wd1.0,cross,circ_units_tr,18,-0.8866397413604651,5.169513319989794e-08,37.32242965698242,19.29106330871582,4
D,K,0.3|wd1.0,cross,circ_share_interaction_te,18,0.12421522946595887,0.6286832921790968,0.8237893410693253,0.8362177131360337,4
D,K,0.3|wd1.0,cross,circ_share_marginal_te,18,-0.16704806721284124,0.5136949411456023,0.19794134742844735,0.18027736591983795,4
D,K,0.3|wd1.0,cross,circ_acc_interaction_te,18,-0.5410438249987979,0.0189966875893937,97.50000238418579,95.43154835700989,4
D,K,0.3|wd1.0,cross,circ_acc_marginal_te,18,0.8668640589523231,3.160992458697567e-07,0.0,0.04464285884751007,4
D,K,0.3|wd1.0,cross,circ_units_te,18,-0.8866397413604651,5.169513319989794e-08,37.32242965698242,19.29106330871582,4
D,K,0.3|wd1.0,cross,sharp_lambda_max,18,0.9637388493048533,1.0737700457956674e-14,9.318669981439598e-06,0.05131125636398792,4
D,K,0.3|wd1.0,cross,sharp_grad_norm,18,0.9637388493048533,1.0737700457956674e-14,3.457259026617976e-06,0.041940510272979736,4
D,K,0.3|wd1.0,cross,sharp_lr_lambda,18,0.9637388493048533,1.0737700457956674e-14,9.318669981439599e-09,5.1311256363987924e-05,4
D,K,0.3|wd1.0,end,fn_loss_tr,27,0.9777750027710649,4.058907366066248e-28,7.937758709886111e-06,3.499310255050659,5
D,K,0.3|wd1.0,end,fn_acc_tr,27,-0.7294887127159526,5.507674406291226e-06,100.0,74.74536895751953,5
D,K,0.3|wd1.0,end,fn_margin_tr,27,-0.9777750027710649,4.058907366066248e-28,13.729479789733887,0.3479175567626953,5
D,K,0.3|wd1.0,end,fn_entropy_tr,27,0.9777750027710649,4.058907366066248e-28,0.0001281723816646263,4.639679193496704,5
D,K,0.3|wd1.0,end,fn_loss_te,27,0.9777750027710649,4.058907366066248e-28,0.2175564020872116,4.090669870376587,5
D,K,0.3|wd1.0,end,fn_acc_te,27,-0.9065959795808342,1.4904835785505117e-13,96.41865539550781,29.454364776611328,5
D,K,0.3|wd1.0,end,fn_margin_te,27,-0.9777750027710649,4.058907366066248e-28,4.80348014831543,-0.23811519145965576,5
D,K,0.3|wd1.0,end,fn_entropy_te,27,0.9777750027710649,4.058907366066248e-28,0.5942498445510864,4.6598687171936035,5
D,K,0.3|wd1.0,end,fn_gap_loss,27,0.6630887949826763,9.195822716006612e-05,0.21754846432850172,0.5909440517425537,5
D,K,0.3|wd1.0,end,fn_gap_acc,27,0.9065959795808342,1.4904835785505117e-13,3.5813446044921875,45.82341384887695,5
D,K,0.3|wd1.0,end,fn_class_acc_gini,27,0.9140885083377006,2.90620289169574e-14,0.01553960746535532,0.5912458477530249,5
D,K,0.3|wd1.0,end,w_W1_fro,27,-0.9272004336622168,1.0168580803171498e-15,99.78321075439453,34.884742736816406,5
D,K,0.3|wd1.0,end,w_W1_spec,27,-0.44018606446590086,0.02063595569717915,12.726137161254883,7.665674448013306,5
D,K,0.3|wd1.0,end,w_W1_stable_rank,27,-0.7286484216052572,5.742071619084495e-06,61.773860931396484,21.520349502563477,5
D,K,0.3|wd1.0,end,w_W1_eff_rank,27,-0.9009765830131843,4.564562586875809e-13,200.52607923075524,189.00761271369876,5
D,K,0.3|wd1.0,end,w_W1_sv_gini,27,0.9300101319460417,4.481519737111871e-16,0.32348259024006865,0.3793434790057022,5
D,K,0.3|wd1.0,end,w_W1_entry_gini,27,0.7426969130243816,2.789866361985187e-06,0.2847360686557101,0.3074196038420097,5
D,K,0.3|wd1.0,end,w_W1_row_gini,27,0.8578945426612026,3.0398787912656833e-10,0.07164012853325441,0.11179564996923508,5
D,K,0.3|wd1.0,end,w_W1_row_pr,27,-0.7539357061596812,1.5028357115656502e-06,0.963817578858149,0.9434813029005551,5
D,K,0.3|wd1.0,end,w_W1_dist_init,27,-0.9272004336622168,1.0168580803171498e-15,99.45758819580078,36.65445137023926,5
D,K,0.3|wd1.0,end,w_W1_rel_dist_init,27,-0.9206444709999587,5.938604153798912e-15,6.201338514552109,2.2898385460952126,5
D,K,0.3|wd1.0,end,w_W1_cos_init,27,0.12924612105594535,0.524297151733641,0.10558069497346878,0.11182994768023491,5
D,K,0.3|wd1.0,end,w_W2_fro,27,0.8429094851474698,1.6261939309094645e-09,68.9150161743164,89.89598083496094,5
D,K,0.3|wd1.0,end,w_W2_spec,27,0.9777750027710649,4.058907366066248e-28,9.94150161743164,80.56686782836914,5
D,K,0.3|wd1.0,end,w_W2_stable_rank,27,-0.9777750027710649,4.058907366066248e-28,48.05427551269531,1.2488624453544617,5
D,K,0.3|wd1.0,end,w_W2_eff_rank,27,-0.9777750027710649,4.058907366066248e-28,115.78774100251945,77.01086223453181,5
D,K,0.3|wd1.0,end,w_W2_sv_gini,27,0.9777750027710649,4.058907366066248e-28,0.150247440670783,0.36845686582108306,5
D,K,0.3|wd1.0,end,w_W2_entry_gini,27,-0.20417140862460936,0.31034976000387826,0.3356260253455372,0.28473181977843676,5
D,K,0.3|wd1.0,end,w_W2_row_gini,27,-0.2650482047741488,0.18344534969374873,0.019005309882012655,0.019606962312712195,5
D,K,0.3|wd1.0,end,w_W2_row_pr,27,0.2706676013417986,0.17386834042411248,0.9987832507718468,0.9987606179491747,5
D,K,0.3|wd1.0,end,w_W2_dist_init,27,0.8429094851474698,1.6261939309094645e-09,68.89845275878906,89.89106369018555,5
D,K,0.3|wd1.0,end,w_W2_rel_dist_init,27,0.8429094851474698,1.6261939309094645e-09,100.29997581247353,130.7953837537516,5
D,K,0.3|wd1.0,end,w_W2_cos_init,27,-0.3334175296805547,0.0894472009808394,0.02911887690424919,0.011739855166524649,5
D,K,0.3|wd1.0,end,w_all_norm,27,-0.6743275881179758,6.0593349231646234e-05,121.26816813476736,96.37374350252514,5
D,K,0.3|wd1.0,end,w_all_rel_norm,27,-0.6743275881179758,6.0593349231646234e-05,7.554348526339245,6.013134635588127,5
D,K,0.3|wd1.0,end,w_all_dist_init,27,-0.6743275881179758,6.0593349231646234e-05,120.99094446395804,97.04039570603382,5
D,K,0.3|wd1.0,end,w_all_rel_dist_init,27,-0.6743275881179758,6.0593349231646234e-05,7.537078996657578,6.053623510605014,5
D,K,0.3|wd1.0,end,w_all_cos_init,27,-0.7005514387670082,2.098084672136808e-05,0.08761751374468625,0.0409730192618938,5
D,K,0.3|wd1.0,end,rep_between_within_tr,27,0.724902157226824,6.899345873001896e-06,0.35624431079837854,0.5882169629244209,5
D,K,0.3|wd1.0,end,rep_nc1_tr,27,0.9777750027710649,4.058907366066248e-28,2.2637604835973937,5.8863569382167,5
D,K,0.3|wd1.0,end,rep_eff_rank_te,27,-0.8681967697018939,8.324148517864696e-11,243.03374216646415,223.79101682122638,5
D,K,0.3|wd1.0,end,rep_pr_te,27,-0.9740287383926316,2.72515962620765e-26,163.28941184881364,14.929820778991502,5
D,K,0.3|wd1.0,end,rep_unit_gini_te,27,0.9431220572705578,5.172548796776083e-18,0.21147695419917167,0.5418320881475459,5
D,K,0.3|wd1.0,end,rep_unit_pr_te,27,-0.9552974165004657,2.1458255828012676e-20,0.6324198598850282,0.14676351878179805,5
D,K,0.3|wd1.0,end,rep_between_within_te,27,0.9131519422430922,3.600335979628487e-14,0.1751934787276116,0.4512909520435513,5
D,K,0.3|wd1.0,end,unit_interaction_share,27,0.3277981331129049,0.09543225664952792,0.8115795394845619,0.8013736905555157,5
D,K,0.3|wd1.0,end,unit_frac_interacting,27,-0.5427152665371214,0.0028960394057821613,1.0,0.9918447732925415,5
D,K,0.3|wd1.0,end,add_share_a,27,-0.722092458942999,7.899630779427074e-06,0.08608177658479563,0.02031284552044408,5
D,K,0.3|wd1.0,end,add_share_b,27,-0.7202193267537825,8.63650669695906e-06,0.08513218801174206,0.019955895006814155,5
D,K,0.3|wd1.0,end,add_share_interaction,27,-0.47764870825023287,0.010860870113177934,0.8226300849036939,0.6255002778121594,5
D,K,0.3|wd1.0,end,add_acc_interaction_tr,27,-0.7529946419255247,1.585123815974566e-06,100.0,98.9351806640625,5
D,K,0.3|wd1.0,end,add_acc_additive_tr,27,-0.9034014107718825,2.845317347120274e-13,9.259259223937988,3.819444179534912,5
D,K,0.3|wd1.0,end,add_acc_no_a_tr,27,-0.7294887127159526,5.507674406291226e-06,100.0,73.6805534362793,5
D,K,0.3|wd1.0,end,add_acc_no_b_tr,27,-0.7294887127159526,5.507674406291226e-06,100.0,73.80786895751953,5
D,K,0.3|wd1.0,end,add_acc_interaction_te,27,-0.9132913441128063,3.48802559350425e-14,99.39483642578125,78.74504089355469,5
D,K,0.3|wd1.0,end,add_acc_additive_te,27,0.9408575467667103,1.2201351531352148e-17,0.0,0.1240079402923584,5
D,K,0.3|wd1.0,end,add_acc_no_a_te,27,-0.9112788100538756,5.477426009664796e-14,98.50198364257812,33.859127044677734,5
D,K,0.3|wd1.0,end,add_acc_no_b_te,27,-0.918911598538116,9.180530372364345e-15,98.3829345703125,33.854166984558105,5
D,K,0.3|wd1.0,end,irr_U_structure,27,0.865387071418069,1.2005060088003042e-10,0.07535582843164765,0.16593244222807702,5
D,K,0.3|wd1.0,end,irr_U_dominant_share,27,-0.6958686082939668,2.560215078909892e-05,0.24151143144589343,0.20382601135389325,5
D,K,0.3|wd1.0,end,irr_U_dominant_over_random,27,0.48514123700709927,0.009461234107779716,0.8050381048196448,1.2848222156278346,5
D,K,0.3|wd1.0,end,irr_U_5,27,0.8541482782827694,4.722803896502302e-10,0.001619237720319445,0.0034523760164021015,5
D,K,0.3|wd1.0,end,irr_U_41,27,0.5956560361708786,0.000772130962660255,0.17342677918340912,0.19933678800353571,5
D,K,0.3|wd1.0,end,irr_U_32,27,-0.13767521590742007,0.4972781667917726,0.21703228483351145,0.1932087769118119,5
D,K,0.3|wd1.0,end,irr_U_311,27,-0.8588311087558108,2.7162796617311753e-10,0.24151143144589343,0.19651553725801363,5
D,K,0.3|wd1.0,end,irr_U_221,27,-0.5478911653458554,0.002572757480805924,0.2162219758820254,0.17515192845891658,5
D,K,0.3|wd1.0,end,irr_U_2111,27,0.05525739958188969,0.7864057266882337,0.13502150980882943,0.1650060183245025,5
D,K,0.3|wd1.0,end,irr_U_11111,27,0.8784989967425851,1.9805207933724674e-11,0.016590822613443607,0.07462169011598625,5
D,K,0.3|wd1.0,end,irr_V_structure,27,0.8644505053234606,1.3533294540047696e-10,0.07268090708310439,0.16765287401535783,5
D,K,0.3|wd1.0,end,irr_V_dominant_share,27,-0.6705813237395425,6.979449286084989e-05,0.23935675176057342,0.2042117760253621,5
D,K,0.3|wd1.0,end,irr_V_dominant_over_random,27,0.684629815158667,4.056246044036847e-05,0.7978558392019114,1.4803913602782792,5
D,K,0.3|wd1.0,end,irr_out_structure,27,0.9777750027710649,4.058907366066248e-28,0.06406673688187285,0.7951701374866071,5
D,K,0.3|wd1.0,end,irr_out_dominant_share,27,0.9384392267975165,2.9181981737234695e-17,0.25198787340619594,0.7978136030225498,5
D,K,0.3|wd1.0,end,irr_out_dominant_over_random,27,0.9384392267975165,2.9181981737234695e-17,0.8399595780206531,95.73763236270597,5
D,K,0.3|wd1.0,end,coset_s_nm1_acc_te,27,-0.9075325456754425,1.2264500899043138e-13,97.37103581428528,47.906747460365295,5
D,K,0.3|wd1.0,end,coset_s_nm1_purity_te,27,-0.9084691117700507,1.0066119160413884e-13,0.9902494098327004,0.6136229295469404,5
D,K,0.3|wd1.0,end,coset_a_n_acc_te,27,0.7169824834127945,1.0055499724282765e-05,99.66269731521606,100.0,5
D,K,0.3|wd1.0,end,coset_a_n_purity_te,27,-0.9150250744323088,2.3388409259246046e-14,0.967449731236313,0.29454365079365075,5
D,K,0.3|wd1.0,end,circ_share_interaction_tr,27,-0.41677191210069336,0.029700327490983093,0.79807029259432,0.6131912789402336,5
D,K,0.3|wd1.0,end,circ_share_marginal_tr,27,0.5572568262919383,0.002065133500753129,0.1536685640717087,0.360458201290234,5
D,K,0.3|wd1.0,end,circ_acc_interaction_tr,27,-0.7528011446482902,1.602537652709985e-06,100.0,98.90046119689941,5
D,K,0.3|wd1.0,end,circ_acc_marginal_tr,27,-0.9068728450566979,1.407373046447981e-13,9.050925821065903,3.7731479853391647,5
D,K,0.3|wd1.0,end,circ_units_tr,27,-0.946868321648991,1.133282258648005e-18,36.0975227355957,15.820384979248047,5
D,K,0.3|wd1.0,end,circ_share_interaction_te,27,-0.5347792400213391,0.003458047040695927,0.8389192914193369,0.6324474698528298,5
D,K,0.3|wd1.0,end,circ_share_marginal_te,27,0.45236142369580873,0.016891444282063902,0.18593480674911766,0.3765459639628528,5
D,K,0.3|wd1.0,end,circ_acc_interaction_te,27,-0.9198483076090009,7.265278068229537e-15,99.38492178916931,78.09523940086365,5
D,K,0.3|wd1.0,end,circ_acc_marginal_te,27,0.9264283906319981,1.2647157276234289e-15,0.0,0.12896825792267919,5
D,K,0.3|wd1.0,end,circ_units_te,27,-0.946868321648991,1.133282258648005e-18,36.0975227355957,15.820384979248047,5
D,K,0.3|wd1.0,end,sharp_lambda_max,27,0.8429094851474698,1.6261939309094645e-09,8.045160029723775e-06,0.010621276218444109,5
D,K,0.3|wd1.0,end,sharp_grad_norm,27,0.9777750027710649,4.058907366066248e-28,3.1066399515111698e-06,0.08637149631977081,5
D,K,0.3|wd1.0,end,sharp_lr_lambda,27,0.8429094851474698,1.6261939309094645e-09,8.045160029723774e-09,1.0621276218444109e-05,5
D,dirichlet,0.3|wd1.0,init,fn_loss_tr,15,0.9819805060619657,3.909667787790721e-16,0.0012901402078568935,4.717257022857666,5
D,dirichlet,0.3|wd1.0,init,fn_acc_tr,15,-0.9053412931833261,1.9944241762671885e-07,100.0,2.662036895751953,5
D,dirichlet,0.3|wd1.0,init,fn_margin_tr,15,-0.9819805060619657,3.909667787790721e-16,8.681205749511719,-0.6636638641357422,5
D,dirichlet,0.3|wd1.0,init,fn_entropy_tr,15,0.9819805060619657,3.909667787790721e-16,0.013816955499351025,4.726646900177002,5
D,dirichlet,0.3|wd1.0,init,fn_loss_te,15,0.9274260335029676,1.347152959974893e-08,1.4351089000701904,4.850305080413818,5
D,dirichlet,0.3|wd1.0,init,fn_acc_te,15,-0.949247822526567,2.6335578745452705e-10,64.04762268066406,0.6448412537574768,5
D,dirichlet,0.3|wd1.0,init,fn_margin_te,15,-0.8837824554557693,1.4017600333217173e-06,0.7483072280883789,-0.8011295795440674,5
D,dirichlet,0.3|wd1.0,init,fn_entropy_te,15,0.9819805060619657,3.909667787790721e-16,2.1562082767486572,4.723357677459717,5
D,dirichlet,0.3|wd1.0,init,fn_gap_loss,15,-0.5891883036371794,0.01911943619756852,1.4338187598623335,0.13304805755615234,5
D,dirichlet,0.3|wd1.0,init,fn_gap_acc,15,-0.2727723627949905,0.3323198540082604,35.95237731933594,2.2056876718997955,5
D,dirichlet,0.3|wd1.0,init,fn_class_acc_gini,15,0.9819805060619657,3.909667787790721e-16,0.08161464089045678,0.9804598390132864,5
D,dirichlet,0.3|wd1.0,init,w_W1_fro,15,-0.8837824554557693,1.4017600333217173e-06,88.05833435058594,22.252033233642578,5
D,dirichlet,0.3|wd1.0,init,w_W1_spec,15,-0.600099198148979,0.01632045760002202,14.193055152893066,5.520941257476807,5
D,dirichlet,0.3|wd1.0,init,w_W1_stable_rank,15,-0.6873863542433761,0.0034982674296334636,38.125797271728516,17.509227752685547,5
D,dirichlet,0.3|wd1.0,init,w_W1_eff_rank,15,-0.9601587170383665,1.500446490332778e-11,198.64018867011984,157.8113099435127,5
D,dirichlet,0.3|wd1.0,init,w_W1_sv_gini,15,0.949247822526567,2.6335578745452705e-10,0.3377284489745267,0.5007847348831258,5
D,dirichlet,0.3|wd1.0,init,w_W1_entry_gini,15,0.9601587170383665,1.500446490332778e-11,0.3218081475161547,0.5414317983404466,5
D,dirichlet,0.3|wd1.0,init,w_W1_row_gini,15,0.9601587170383665,1.500446490332778e-11,0.06637913750989255,0.1653325229324809,5
D,dirichlet,0.3|wd1.0,init,w_W1_row_pr,15,-0.9274260335029676,1.347152959974893e-08,0.9790938790668994,0.920025758029572,5
D,dirichlet,0.3|wd1.0,init,w_W1_dist_init,15,-0.8837824554557693,1.4017600333217173e-06,86.9818115234375,27.174253463745117,5
D,dirichlet,0.3|wd1.0,init,w_W1_rel_dist_init,15,-0.8837824554557693,1.4017600333217173e-06,5.421464561961758,1.6943578430352348,5
D,dirichlet,0.3|wd1.0,init,w_W1_cos_init,15,-0.949247822526567,2.6335578745452705e-10,0.15952168405056,0.01952073536813259,5
D,dirichlet,0.3|wd1.0,init,w_W2_fro,15,0.8837824554557693,1.4017600333217173e-06,84.2201919555664,132.3135223388672,5
D,dirichlet,0.3|wd1.0,init,w_W2_spec,15,0.9819805060619657,3.909667787790721e-16,41.69924545288086,131.8533935546875,5
D,dirichlet,0.3|wd1.0,init,w_W2_stable_rank,15,-0.9819805060619657,3.909667787790721e-16,4.109239101409912,1.0055139064788818,5
D,dirichlet,0.3|wd1.0,init,w_W2_eff_rank,15,-0.9819805060619657,3.909667787790721e-16,108.62558015400622,9.964274086399875,5
D,dirichlet,0.3|wd1.0,init,w_W2_sv_gini,15,0.9819805060619657,3.909667787790721e-16,0.21285696000758625,0.7957528269232557,5
D,dirichlet,0.3|wd1.0,init,w_W2_entry_gini,15,-0.8837824554557693,1.4017600333217173e-06,0.3973842411632309,0.06490637020613876,5
D,dirichlet,0.3|wd1.0,init,w_W2_row_gini,15,0.9819805060619657,3.909667787790721e-16,0.01575766760122921,0.04874726330382684,5
D,dirichlet,0.3|wd1.0,init,w_W2_row_pr,15,-0.9819805060619657,3.909667787790721e-16,0.9992417513456598,0.9916453222382942,5
D,dirichlet,0.3|wd1.0,init,w_W2_dist_init,15,0.8837824554557693,1.4017600333217173e-06,84.20407104492188,132.30613708496094,5
D,dirichlet,0.3|wd1.0,init,w_W2_rel_dist_init,15,0.8837824554557693,1.4017600333217173e-06,122.6142710659946,192.7695495258592,5
D,dirichlet,0.3|wd1.0,init,w_W2_cos_init,15,-0.829227982896771,4.004038960640279e-05,0.03150884062051773,0.0008897645748220384,5
D,dirichlet,0.3|wd1.0,init,w_all_norm,15,0.32732683535398854,0.23911154774545884,121.94151831024381,134.22249407001087,5
D,dirichlet,0.3|wd1.0,init,w_all_rel_norm,15,0.3382377298657882,0.22257310801269975,7.600773760525829,8.387338584318602,5
D,dirichlet,0.3|wd1.0,init,w_all_dist_init,15,0.458257569495584,0.08632897662412624,121.12596340907528,135.10710070220168,5
D,dirichlet,0.3|wd1.0,init,w_all_rel_dist_init,15,0.44734667498378433,0.09540649063206,7.5506604249420635,8.444615726991088,5
D,dirichlet,0.3|wd1.0,init,w_all_cos_init,15,-0.9383369280147672,2.3445069934935992e-09,0.11573080613880087,0.003797373918684593,5
D,dirichlet,0.3|wd1.0,init,rep_between_within_tr,15,0.25095057377139124,0.3743851884157219,0.3384376645076547,0.06817559912911009,5
D,dirichlet,0.3|wd1.0,init,rep_nc1_tr,15,0.9710696115501661,2.636913279660917e-13,4.374182194246298,50.37057372475531,5
D,dirichlet,0.3|wd1.0,init,rep_eff_rank_te,15,-0.9710696115501661,2.636913279660917e-13,243.22954394121487,198.38871929613592,5
D,dirichlet,0.3|wd1.0,init,rep_pr_te,15,-0.48007935851918326,0.0699818849171045,65.62169289778035,64.49997537750544,5
D,dirichlet,0.3|wd1.0,init,rep_unit_gini_te,15,0.8946933499675687,5.571273327797034e-07,0.31357077725313376,0.5206205329073834,5
D,dirichlet,0.3|wd1.0,init,rep_unit_pr_te,15,-0.1745743121887939,0.5411986395075382,0.24376417941791392,0.4093528393710068,5
D,dirichlet,0.3|wd1.0,init,rep_between_within_te,15,0.2945941518185897,0.29295315546672174,0.20076980870159838,0.008188523891722048,5
D,dirichlet,0.3|wd1.0,init,unit_interaction_share,15,-0.5891883036371794,0.01911943619756852,0.7486263445453523,0.3586856193801842,5
D,dirichlet,0.3|wd1.0,init,unit_frac_interacting,15,-0.9053412931833261,1.9944241762671885e-07,1.0,0.004201680887490511,5
D,dirichlet,0.3|wd1.0,init,add_share_a,15,-0.86196066643217,6.589618199130937e-06,0.11363128103348469,0.06233256318785812,5
D,dirichlet,0.3|wd1.0,init,add_share_b,15,-0.8401388774085707,2.3172139434244073e-05,0.10855958872982298,0.06374429760702995,5
D,dirichlet,0.3|wd1.0,init,add_share_interaction,15,-0.86196066643217,6.589618199130937e-06,0.7667551919596256,0.019301633287674126,5
D,dirichlet,0.3|wd1.0,init,add_acc_interaction_tr,15,-0.9634758503905088,5.150962704001706e-12,100.0,14.050926208496094,5
D,dirichlet,0.3|wd1.0,init,add_acc_additive_tr,15,-0.6989215647035315,0.002725587334684059,6.550926208496094,1.8055554628372192,5
D,dirichlet,0.3|wd1.0,init,add_acc_no_a_tr,15,-0.8862587350511957,1.1484301122808006e-06,100.0,2.1759259700775146,5
D,dirichlet,0.3|wd1.0,init,add_acc_no_b_tr,15,-0.9634758503905088,5.150962704001706e-12,100.0,2.1990740299224854,5
D,dirichlet,0.3|wd1.0,init,add_acc_interaction_te,15,-0.9710696115501661,2.636913279660917e-13,87.75794219970703,0.9424603581428528,5
D,dirichlet,0.3|wd1.0,init,add_acc_additive_te,15,0.9664955292136704,1.7449574064938519e-12,0.0,0.4365079700946808,5
D,dirichlet,0.3|wd1.0,init,add_acc_no_a_te,15,-0.9819805060619657,3.909667787790721e-16,76.49801635742188,0.7440476417541504,5
D,dirichlet,0.3|wd1.0,init,add_acc_no_b_te,15,-0.9710696115501661,2.636913279660917e-13,76.43849182128906,0.7142857313156128,5
D,dirichlet,0.3|wd1.0,init,irr_U_structure,15,-0.01091089451179962,0.9698487810478991,0.08162041412680708,0.050532970648503144,5
D,dirichlet,0.3|wd1.0,init,irr_U_dominant_share,15,0.6219209871725783,0.011658291760714513,0.23906895902031353,0.29174326553270885,5
D,dirichlet,0.3|wd1.0,init,irr_U_dominant_over_random,15,0.6219209871725783,0.011658291760714513,0.7968965300677118,1.0024688309462633,5
D,dirichlet,0.3|wd1.0,init,irr_U_5,15,0.8183170883849714,6.618137243945953e-05,0.0022432012186043813,0.01770121872914636,5
D,dirichlet,0.3|wd1.0,init,irr_U_41,15,-0.6873863542433761,0.0034982674296334636,0.1890656242066106,0.12693300112719716,5
D,dirichlet,0.3|wd1.0,init,irr_U_32,15,-0.2836832573067901,0.3122940573105462,0.20489032863629,0.20562876694266988,5
D,dirichlet,0.3|wd1.0,init,irr_U_311,15,0.2945941518185897,0.29295315546672174,0.23906895902031353,0.2676202396099046,5
D,dirichlet,0.3|wd1.0,init,irr_U_221,15,-0.4691684640073836,0.07786000619295554,0.19923609057877864,0.18698697712328965,5
D,dirichlet,0.3|wd1.0,init,irr_U_2111,15,-0.14184162865339506,0.6208194107674094,0.13043073474835043,0.12109969195010241,5
D,dirichlet,0.3|wd1.0,init,irr_U_11111,15,0.30550504633038933,0.2743052038519832,0.02690687082045429,0.006926435712616938,5
D,dirichlet,0.3|wd1.0,init,irr_V_structure,15,0.0545544725589981,0.849959537030684,0.08090664687796513,0.045559314761740015,5
D,dirichlet,0.3|wd1.0,init,irr_V_dominant_share,15,0.6328318816843779,0.00974764573320172,0.23768042587845828,0.30370349453330875,5
D,dirichlet,0.3|wd1.0,init,irr_V_dominant_over_random,15,0.6328318816843779,0.00974764573320172,0.7922680862615277,1.012344981777696,5
D,dirichlet,0.3|wd1.0,init,irr_out_structure,15,0.9819805060619657,3.909667787790721e-16,0.2342024899979418,0.9770985813713301,5
D,dirichlet,0.3|wd1.0,init,irr_out_dominant_share,15,0.9819805060619657,3.909667787790721e-16,0.24253582333127513,0.9854319147046634,5
D,dirichlet,0.3|wd1.0,init,irr_out_dominant_over_random,15,0.9819805060619657,3.909667787790721e-16,29.104298799753018,118.25182976455962,5
D,dirichlet,0.3|wd1.0,init,coset_s_nm1_acc_te,15,-0.9828584503643412,1.894004478868872e-16,72.3809540271759,19.722221791744232,5
D,dirichlet,0.3|wd1.0,init,coset_s_nm1_purity_te,15,-0.9274260335029676,1.347152959974893e-08,0.8848684210526315,0.03251625812906453,5
D,dirichlet,0.3|wd1.0,init,coset_a_n_acc_te,15,0.032732683535398856,0.9096897643267184,97.817462682724,49.742063879966736,5
D,dirichlet,0.3|wd1.0,init,coset_a_n_purity_te,15,-0.9056042444793685,1.9408679881756104e-07,0.6468937875751503,0.012182943878570001,5
D,dirichlet,0.3|wd1.0,init,circ_share_interaction_tr,15,-0.9056042444793685,1.9408679881756104e-07,0.7589772595884499,0.041370156924902896,5
D,dirichlet,0.3|wd1.0,init,circ_share_marginal_tr,15,0.9056042444793685,1.9408679881756104e-07,0.20889948377170037,1.05289117164917,5
D,dirichlet,0.3|wd1.0,init,circ_acc_interaction_tr,15,-0.9634758503905088,5.150962704001706e-12,100.0,14.050926268100739,5
D,dirichlet,0.3|wd1.0,init,circ_acc_marginal_tr,15,-0.7207628636005169,0.0016345613994160312,6.342592835426331,1.8287036567926407,5
D,dirichlet,0.3|wd1.0,init,circ_units_tr,15,-0.09819805060619656,0.7329019916291797,15.945636749267578,95.73699951171875,5
D,dirichlet,0.3|wd1.0,init,circ_share_interaction_te,15,-0.86196066643217,6.589618199130937e-06,0.774051689628952,0.011133950536675244,5
D,dirichlet,0.3|wd1.0,init,circ_share_marginal_te,15,0.86196066643217,6.589618199130937e-06,0.24260188308320113,0.992393482078126,5
D,dirichlet,0.3|wd1.0,init,circ_acc_interaction_te,15,-0.9710696115501661,2.636913279660917e-13,87.65873312950134,0.7837302051484585,5
D,dirichlet,0.3|wd1.0,init,circ_acc_marginal_te,15,0.8936400004564853,6.122476805141514e-07,0.0,0.43650795705616474,5
D,dirichlet,0.3|wd1.0,init,circ_units_te,15,-0.09819805060619656,0.7329019916291797,15.945636749267578,95.73699951171875,5
D,dirichlet,0.3|wd1.0,init,sharp_lambda_max,15,0.5237229365663817,0.043986130070219155,0.0012301880633458495,0.0034477333538234234,5
D,dirichlet,0.3|wd1.0,init,sharp_grad_norm,15,0.7528517213141737,0.0006910482238175549,0.00041127708391286433,0.013557602651417255,5
D,dirichlet,0.3|wd1.0,init,sharp_lr_lambda,15,0.5237229365663817,0.043986130070219155,1.2301880633458496e-06,3.4477333538234234e-06,5
D,dirichlet,0.3|wd1.0,end,fn_loss_tr,15,0.9819805060619657,3.909667787790721e-16,0.00011135171371279284,4.598680019378662,5
D,dirichlet,0.3|wd1.0,end,fn_acc_tr,15,-0.8862587350511957,1.1484301122808006e-06,100.0,4.166666507720947,5
D,dirichlet,0.3|wd1.0,end,fn_margin_tr,15,-0.9819805060619657,3.909667787790721e-16,11.177397727966309,-0.8050932884216309,5
D,dirichlet,0.3|wd1.0,end,fn_entropy_tr,15,0.9819805060619657,3.909667787790721e-16,0.0014817200135439634,4.6930317878723145,5
D,dirichlet,0.3|wd1.0,end,fn_loss_te,15,0.9601587170383665,1.500446490332778e-11,0.47871196269989014,4.72896146774292,5
D,dirichlet,0.3|wd1.0,end,fn_acc_te,15,-0.9601587170383665,1.500446490332778e-11,90.51587677001953,1.071428656578064,5
D,dirichlet,0.3|wd1.0,end,fn_margin_te,15,-0.8728715609439696,3.173342639429432e-06,3.19610333442688,-0.9398629665374756,5
D,dirichlet,0.3|wd1.0,end,fn_entropy_te,15,0.9601587170383665,1.500446490332778e-11,1.1137125492095947,4.691245079040527,5
D,dirichlet,0.3|wd1.0,end,fn_gap_loss,15,-0.04364357804719848,0.8797533545178342,0.47860061098617734,0.1311349868774414,5
D,dirichlet,0.3|wd1.0,end,fn_gap_acc,15,-0.02182178902359924,0.9397334404525235,9.484123229980469,3.0952378511428833,5
D,dirichlet,0.3|wd1.0,end,fn_class_acc_gini,15,0.9710696115501661,2.636913279660917e-13,0.029576549316662426,0.9789020885192523,5
D,dirichlet,0.3|wd1.0,end,w_W1_fro,15,-0.6546536707079771,0.006652115282469617,91.78199005126953,23.206649780273438,5
D,dirichlet,0.3|wd1.0,end,w_W1_spec,15,-0.3382377298657882,0.22257310801269975,13.468607902526855,12.25673770904541,5
D,dirichlet,0.3|wd1.0,end,w_W1_stable_rank,15,-0.741940826802374,0.0009414420290027111,46.439483642578125,4.49688720703125,5
D,dirichlet,0.3|wd1.0,end,w_W1_eff_rank,15,-0.9819805060619657,3.909667787790721e-16,200.50221610763867,152.09854983255127,5
D,dirichlet,0.3|wd1.0,end,w_W1_sv_gini,15,0.9819805060619657,3.909667787790721e-16,0.3271194673046336,0.5109673155890933,5
D,dirichlet,0.3|wd1.0,end,w_W1_entry_gini,15,0.9819805060619657,3.909667787790721e-16,0.2932042321190791,0.5375708787559372,5
D,dirichlet,0.3|wd1.0,end,w_W1_row_gini,15,0.9383369280147672,2.3445069934935992e-09,0.05235624546427675,0.20187791327536853,5
D,dirichlet,0.3|wd1.0,end,w_W1_row_pr,15,-0.949247822526567,2.6335578745452705e-10,0.9845865700441726,0.7566950111071115,5
D,dirichlet,0.3|wd1.0,end,w_W1_dist_init,15,-0.6546536707079771,0.006652115282469617,92.25843048095703,28.16311264038086,5
D,dirichlet,0.3|wd1.0,end,w_W1_rel_dist_init,15,-0.6328318816843779,0.00974764573320172,5.772487728301169,1.7560147825285497,5
D,dirichlet,0.3|wd1.0,end,w_W1_cos_init,15,-0.9056042444793685,1.9408679881756104e-07,0.06318189948797226,0.003503399435430765,5
D,dirichlet,0.3|wd1.0,end,w_W2_fro,15,0.9601587170383665,1.500446490332778e-11,83.6629867553711,132.49378967285156,5
D,dirichlet,0.3|wd1.0,end,w_W2_spec,15,0.9819805060619657,3.909667787790721e-16,34.71697235107422,132.0804443359375,5
D,dirichlet,0.3|wd1.0,end,w_W2_stable_rank,15,-0.9819805060619657,3.909667787790721e-16,5.807505130767822,1.0061568021774292,5
D,dirichlet,0.3|wd1.0,end,w_W2_eff_rank,15,-0.9819805060619657,3.909667787790721e-16,111.7338557598964,10.287607339934157,5
D,dirichlet,0.3|wd1.0,end,w_W2_sv_gini,15,0.9819805060619657,3.909667787790721e-16,0.18176904059788246,0.7930842746097468,5
D,dirichlet,0.3|wd1.0,end,w_W2_entry_gini,15,-0.8837824554557693,1.4017600333217173e-06,0.38448825928885455,0.06443294796710686,5
D,dirichlet,0.3|wd1.0,end,w_W2_row_gini,15,0.9819805060619657,3.909667787790721e-16,0.015137229674277775,0.046920920830850754,5
D,dirichlet,0.3|wd1.0,end,w_W2_row_pr,15,-0.9819805060619657,3.909667787790721e-16,0.9992361731212517,0.9923346490760757,5
D,dirichlet,0.3|wd1.0,end,w_W2_dist_init,15,0.9601587170383665,1.500446490332778e-11,83.66258239746094,132.49728393554688,5
D,dirichlet,0.3|wd1.0,end,w_W2_rel_dist_init,15,0.9601587170383665,1.500446490332778e-11,121.82577907297073,193.0318204168604,5
D,dirichlet,0.3|wd1.0,end,w_W2_cos_init,15,-0.5564556201017806,0.029677943085239838,0.013881495222449303,0.0011987636098638177,5
D,dirichlet,0.3|wd1.0,end,w_all_norm,15,0.86196066643217,6.589618199130937e-06,124.19109891856476,135.06211230061263,5
D,dirichlet,0.3|wd1.0,end,w_all_rel_norm,15,0.8837824554557693,1.4017600333217173e-06,7.741130017801091,8.386117679170306,5
D,dirichlet,0.3|wd1.0,end,w_all_dist_init,15,0.8837824554557693,1.4017600333217173e-06,124.54334863099483,136.03357996977056,5
D,dirichlet,0.3|wd1.0,end,w_all_rel_dist_init,15,0.8837824554557693,1.4017600333217173e-06,7.758829098300925,8.44643690605264,5
D,dirichlet,0.3|wd1.0,end,w_all_cos_init,15,-0.9056042444793685,1.9408679881756104e-07,0.046870906803034726,0.0007376228966532907,5
D,dirichlet,0.3|wd1.0,end,rep_between_within_tr,15,0.48007935851918326,0.0699818849171045,0.3366779957487558,3.509017567711443,5
D,dirichlet,0.3|wd1.0,end,rep_nc1_tr,15,0.9819805060619657,3.909667787790721e-16,2.9665093964163676,46.85323480703495,5
D,dirichlet,0.3|wd1.0,end,rep_eff_rank_te,15,-0.9710696115501661,2.636913279660917e-13,245.44862443230767,135.1725614375069,5
D,dirichlet,0.3|wd1.0,end,rep_pr_te,15,-0.829227982896771,4.004038960640279e-05,102.65228509364162,1.6185469273115036,5
D,dirichlet,0.3|wd1.0,end,rep_unit_gini_te,15,0.949247822526567,2.6335578745452705e-10,0.2587815077485802,0.9284008610522365,5
D,dirichlet,0.3|wd1.0,end,rep_unit_pr_te,15,-0.5564556201017806,0.029677943085239838,0.4011990422886146,0.010781199908346752,5
D,dirichlet,0.3|wd1.0,end,rep_between_within_te,15,0.6328318816843779,0.00974764573320172,0.1886158367647562,3.2091307952955157,5
D,dirichlet,0.3|wd1.0,end,unit_interaction_share,15,-0.2182178902359924,0.44231921872935054,0.7717370109364644,0.8317750912365486,5
D,dirichlet,0.3|wd1.0,end,unit_frac_interacting,15,-0.7210224807324104,0.0016241173345072767,1.0,0.25,5
D,dirichlet,0.3|wd1.0,end,add_share_a,15,-0.7637626158259734,0.0004975747231020245,0.09884752519233182,0.04450584505165347,5
D,dirichlet,0.3|wd1.0,end,add_share_b,15,-0.86196066643217,6.589618199130937e-06,0.095205530394681,0.03348515478539644,5
D,dirichlet,0.3|wd1.0,end,add_share_interaction,15,-0.9056042444793685,1.9408679881756104e-07,0.8015368488986054,0.2097979174073485,5
D,dirichlet,0.3|wd1.0,end,add_acc_interaction_tr,15,-0.9053412931833261,1.9944241762671885e-07,100.0,13.356481552124023,5
D,dirichlet,0.3|wd1.0,end,add_acc_additive_tr,15,-0.9719378009158485,1.76770472993334e-13,7.106481552124023,2.0833332538604736,5
D,dirichlet,0.3|wd1.0,end,add_acc_no_a_tr,15,-0.8862587350511957,1.1484301122808006e-06,100.0,3.819444417953491,5
D,dirichlet,0.3|wd1.0,end,add_acc_no_b_tr,15,-0.8862587350511957,1.1484301122808006e-06,100.0,3.842592716217041,5
D,dirichlet,0.3|wd1.0,end,add_acc_interaction_te,15,-0.9601587170383665,1.500446490332778e-11,98.56150817871094,1.7460318803787231,5
D,dirichlet,0.3|wd1.0,end,add_acc_additive_te,15,0.9468288380086702,4.4848088059877286e-10,0.0,0.3769841194152832,5
D,dirichlet,0.3|wd1.0,end,add_acc_no_a_te,15,-0.9601587170383665,1.500446490332778e-11,95.55555725097656,1.3789682388305664,5
D,dirichlet,0.3|wd1.0,end,add_acc_no_b_te,15,-0.9610171514673559,1.150117455414329e-11,95.52579498291016,1.3591270446777344,5
D,dirichlet,0.3|wd1.0,end,irr_U_structure,15,0.5782774091253797,0.02226248391666498,0.08487266323185126,0.21705373696153843,5
D,dirichlet,0.3|wd1.0,end,irr_U_dominant_share,15,0.2836832573067901,0.3122940573105462,0.23268373447379392,0.2731756211780429,5
D,dirichlet,0.3|wd1.0,end,irr_U_dominant_over_random,15,0.7310299322905746,0.0012603584344841232,0.7756124482459797,26.620670828446166,5
D,dirichlet,0.3|wd1.0,end,irr_U_5,15,0.741940826802374,0.0009414420290027111,0.001941394269004979,0.015366993295836724,5
D,dirichlet,0.3|wd1.0,end,irr_U_41,15,-0.08728715609439695,0.7617808582470522,0.19602696310608253,0.11440051990821505,5
D,dirichlet,0.3|wd1.0,end,irr_U_32,15,-0.774673510337773,0.0003507055528598205,0.21440101397593375,0.17426057719665553,5
D,dirichlet,0.3|wd1.0,end,irr_U_311,15,-0.3600595188893875,0.19161787793201449,0.23268373447379392,0.22127052209075523,5
D,dirichlet,0.3|wd1.0,end,irr_U_221,15,-0.7637626158259734,0.0004975747231020245,0.20481689949639856,0.16477840027627313,5
D,dirichlet,0.3|wd1.0,end,irr_U_2111,15,0.1091089451179962,0.7043350636747241,0.11713808335921931,0.09447012394430294,5
D,dirichlet,0.3|wd1.0,end,irr_U_11111,15,0.600099198148979,0.01632045760002202,0.022135351379756245,0.2218389235703847,5
D,dirichlet,0.3|wd1.0,end,irr_V_structure,15,0.5782774091253797,0.02226248391666498,0.08615282796380488,0.22526268200687466,5
D,dirichlet,0.3|wd1.0,end,irr_V_dominant_share,15,0.3818813079129867,0.16347753318137834,0.23244899826672402,0.287345397987777,5
D,dirichlet,0.3|wd1.0,end,irr_V_dominant_over_random,15,0.7528517213141737,0.0006910482238175549,0.7748299942224134,27.620248918447878,5
D,dirichlet,0.3|wd1.0,end,irr_out_structure,15,0.9819805060619657,3.909667787790721e-16,0.16929914319378378,0.9773901122131384,5
D,dirichlet,0.3|wd1.0,end,irr_out_dominant_share,15,0.9819805060619657,3.909667787790721e-16,0.22212750504213147,0.9857234455464717,5
D,dirichlet,0.3|wd1.0,end,irr_out_dominant_over_random,15,0.9819805060619657,3.909667787790721e-16,0.7404250168071049,118.28681346557661,5
D,dirichlet,0.3|wd1.0,end,coset_s_nm1_acc_te,15,-0.9601587170383665,1.500446490332778e-11,92.90674924850464,19.623015820980072,5
D,dirichlet,0.3|wd1.0,end,coset_s_nm1_purity_te,15,-0.949247822526567,2.6335578745452705e-10,0.975250626566416,0.05446293494704992,5
D,dirichlet,0.3|wd1.0,end,coset_a_n_acc_te,15,-0.09282552031218777,0.7470849867960863,99.34523701667786,99.82143044471741,5
D,dirichlet,0.3|wd1.0,end,coset_a_n_purity_te,15,-0.9601587170383665,1.500446490332778e-11,0.9139537213262546,0.01073345259391771,5
D,dirichlet,0.3|wd1.0,end,circ_share_interaction_tr,15,-0.8837824554557693,1.4017600333217173e-06,0.7863609531509528,0.22744887532822292,5
D,dirichlet,0.3|wd1.0,end,circ_share_marginal_tr,15,0.916515138991168,5.713229912494358e-08,0.17583187377583226,0.8264836030548935,5
D,dirichlet,0.3|wd1.0,end,circ_acc_interaction_tr,15,-0.9053412931833261,1.9944241762671885e-07,100.0,13.310185074806213,5
D,dirichlet,0.3|wd1.0,end,circ_acc_marginal_tr,15,-0.9819805060619657,3.909667787790721e-16,7.175926119089127,2.1296296268701553,5
D,dirichlet,0.3|wd1.0,end,circ_units_tr,15,-0.39279220242478624,0.15045123823294082,25.623516082763672,2.2286741733551025,5
D,dirichlet,0.3|wd1.0,end,circ_share_interaction_te,15,-0.916515138991168,5.713229912494358e-08,0.8127370423236464,0.202818823826329,5
D,dirichlet,0.3|wd1.0,end,circ_share_marginal_te,15,0.8837824554557693,1.4017600333217173e-06,0.20742513581907457,0.7956350377465692,5
D,dirichlet,0.3|wd1.0,end,circ_acc_interaction_te,15,-0.9710696115501661,2.636913279660917e-13,98.53174686431885,1.765873096883297,5
D,dirichlet,0.3|wd1.0,end,circ_acc_marginal_te,15,0.9628959057980913,6.262133731673152e-12,0.0,0.40674605406820774,5
D,dirichlet,0.3|wd1.0,end,circ_units_te,15,-0.39279220242478624,0.15045123823294082,25.623516082763672,2.2286741733551025,5
D,dirichlet,0.3|wd1.0,end,sharp_lambda_max,15,0.7528517213141737,0.0006910482238175549,8.836063352646306e-05,0.04392242804169655,5
D,dirichlet,0.3|wd1.0,end,sharp_grad_norm,15,0.8401388774085707,2.3172139434244073e-05,3.9775564800947905e-05,0.06906984001398087,5
D,dirichlet,0.3|wd1.0,end,sharp_lr_lambda,15,0.7528517213141737,0.0006910482238175549,8.836063352646307e-08,4.392242804169655e-05,5
E,E,n2000|wd0.1,init,fn_loss_tr,9,0.9486832980505138,8.418070242599643e-06,0.004262066446244717,0.022864533588290215,3
E,E,n2000|wd0.1,init,fn_acc_tr,9,-0.8660254037844386,0.0012558825486693628,100.0,99.55000305175781,3
E,E,n2000|wd0.1,init,fn_margin_tr,9,-0.9486832980505138,8.418070242599643e-06,0.8426006436347961,0.6156513690948486,3
E,E,n2000|wd0.1,init,fn_entropy_tr,9,0.9486832980505138,8.418070242599643e-06,2.2403407096862793,2.2482693195343018,3
E,E,n2000|wd0.1,init,fn_loss_te,9,0.9486832980505138,8.418070242599643e-06,0.06807830184698105,0.12437494844198227,3
E,E,n2000|wd0.1,init,fn_acc_te,9,-0.9486832980505138,8.418070242599643e-06,74.03999328613281,61.41999816894531,3
E,E,n2000|wd0.1,init,fn_margin_te,9,-0.9486832980505138,8.418070242599643e-06,0.324332058429718,0.14001429080963135,3
E,E,n2000|wd0.1,init,fn_entropy_te,9,-0.9486832980505138,8.418070242599643e-06,2.2475361824035645,2.2277262210845947,3
E,E,n2000|wd0.1,init,fn_gap_loss,9,0.9486832980505138,8.418070242599643e-06,0.06356982374563813,0.10151041485369205,3
E,E,n2000|wd0.1,init,fn_gap_acc,9,0.9486832980505138,8.418070242599643e-06,25.960006713867188,38.1300048828125,3
E,E,n2000|wd0.1,init,fn_class_acc_gini,9,0.8432740427115678,0.002538190651903912,0.08844079956028095,0.11772660943333779,3
E,E,n2000|wd0.1,init,w_all_norm,9,-0.4743416490252569,0.2065538956745058,69.16482305625279,68.93160401187859,3
E,E,n2000|wd0.1,init,w_all_rel_norm,9,-0.4743416490252569,0.2065538956745058,0.6577035521584098,0.6555362327257601,3
E,E,n2000|wd0.1,init,w_all_dist_init,9,-0.9486832980505138,8.418070242599643e-06,44.851332390337284,40.06989849173818,3
E,E,n2000|wd0.1,init,w_all_rel_dist_init,9,-0.9486832980505138,8.418070242599643e-06,0.4262762038109579,0.380832481574805,3
E,E,n2000|wd0.1,init,w_all_cos_init,9,0.9486832980505138,8.418070242599643e-06,0.9516158079965865,0.9802115177786391,3
E,E,n2000|wd0.1,init,rep_between_within_tr,9,-0.5797509043642028,0.10485124589119671,0.175511637049673,0.14397634737711876,3
E,E,n2000|wd0.1,init,rep_nc1_tr,9,0.8959786703810408,0.0003775407187170812,1.192387762938796,1.9927220921987783,3
E,E,n2000|wd0.1,init,rep_eff_rank_te,9,-0.4743416490252569,0.2065538956745058,146.4087380497476,144.97854631256214,3
E,E,n2000|wd0.1,init,rep_pr_te,9,0.0,1.0,35.04724497380751,33.7316860231822,3
E,E,n2000|wd0.1,init,rep_unit_gini_te,9,0.10540925533894598,0.795510551519696,0.7159167830621123,0.7304386051397924,3
E,E,n2000|wd0.1,init,rep_unit_pr_te,9,0.0,1.0,0.24580136958572862,0.2325919675785018,3
E,E,n2000|wd0.1,init,rep_between_within_te,9,-0.4743416490252569,0.2065538956745058,0.13705002614658154,0.12095774086264843,3
E,E,n2000|wd0.1,init,sharp_lambda_max,9,0.7378647873726218,0.020521786998420548,4.052045822143555,6.843808174133301,3
E,E,n2000|wd0.1,init,sharp_grad_norm,9,0.9486832980505138,8.418070242599643e-06,0.01472802646458149,0.038386404514312744,3
E,E,n2000|wd0.1,init,sharp_lr_lambda,9,0.7378647873726218,0.020521786998420548,0.004052045822143554,0.0068438081741333005,3
E,E,n2000|wd0.1,init,w_L0_fro,9,-0.9486832980505138,8.418070242599643e-06,49.91807174682617,48.97220993041992,3
E,E,n2000|wd0.1,init,w_L0_spec,9,-0.9486832980505138,8.418070242599643e-06,5.790716648101807,5.341540813446045,3
E,E,n2000|wd0.1,init,w_L0_stable_rank,9,0.8432740427115678,0.002538190651903912,74.06077575683594,84.0593032836914,3
E,E,n2000|wd0.1,init,w_L0_eff_rank,9,0.21081851067789195,0.6000985243969617,192.93455209362142,193.0034093978944,3
E,E,n2000|wd0.1,init,w_L0_sv_gini,9,-0.21081851067789195,0.6000985243969617,0.15344208018219074,0.1527742506907186,3
E,E,n2000|wd0.1,init,w_L0_entry_gini,9,-0.9486832980505138,8.418070242599643e-06,0.3452811093166044,0.33983833889908066,3
E,E,n2000|wd0.1,init,w_L0_row_gini,9,0.6324555320336758,0.06783669380798923,0.010871366483658162,0.011720438214771978,3
E,E,n2000|wd0.1,init,w_L0_row_pr,9,-0.4743416490252569,0.2065538956745058,0.9996093903246277,0.999552391186643,3
E,E,n2000|wd0.1,init,w_L0_dist_init,9,-0.9486832980505138,8.418070242599643e-06,28.218347549438477,26.848047256469727,3
E,E,n2000|wd0.1,init,w_L0_rel_dist_init,9,-0.9486832980505138,8.418070242599643e-06,0.38321984804181664,0.36461045678943654,3
E,E,n2000|wd0.1,init,w_L0_cos_init,9,0.9486832980505138,8.418070242599643e-06,0.968198299407959,0.9843908548355103,3
E,E,n2000|wd0.1,init,w_L1_fro,9,0.6324555320336758,0.06783669380798923,47.354671478271484,47.866485595703125,3
E,E,n2000|wd0.1,init,w_L1_spec,9,-0.8959786703810408,0.0003775407187170812,8.431146621704102,7.596378326416016,3
E,E,n2000|wd0.1,init,w_L1_stable_rank,9,0.8959786703810408,0.0003775407187170812,31.354930877685547,39.46796798706055,3
E,E,n2000|wd0.1,init,w_L1_eff_rank,9,0.7905694150420948,0.008584412196980922,159.0745701519021,159.55866518300277,3
E,E,n2000|wd0.1,init,w_L1_sv_gini,9,-0.4743416490252569,0.2065538956745058,0.3683713261425643,0.3659019994576531,3
E,E,n2000|wd0.1,init,w_L1_entry_gini,9,-0.9486832980505138,8.418070242599643e-06,0.35511136651659747,0.34177221525559953,3
E,E,n2000|wd0.1,init,w_L1_row_gini,9,-0.9486832980505138,8.418070242599643e-06,0.030937861387544174,0.02375438889408854,3
E,E,n2000|wd0.1,init,w_L1_row_pr,9,0.9486832980505138,8.418070242599643e-06,0.9970572956528908,0.9982293944566218,3
E,E,n2000|wd0.1,init,w_L1_dist_init,9,-0.9486832980505138,8.418070242599643e-06,33.12669372558594,28.448680877685547,3
E,E,n2000|wd0.1,init,w_L1_rel_dist_init,9,-0.9486832980505138,8.418070242599643e-06,0.4517841864236687,0.3878820311063613,3
E,E,n2000|wd0.1,init,w_L1_cos_init,9,0.9486832980505138,8.418070242599643e-06,0.9395650029182434,0.9776204228401184,3
E,E,n2000|wd0.1,init,w_L2_fro,9,0.8432740427115678,0.002538190651903912,6.682413101196289,8.148636817932129,3
E,E,n2000|wd0.1,init,w_L2_spec,9,0.7905694150420948,0.008584412196980922,2.5090115070343018,3.0308539867401123,3
E,E,n2000|wd0.1,init,w_L2_stable_rank,9,0.3689323936863109,0.3429208206118098,6.6581292152404785,7.079324245452881,3
E,E,n2000|wd0.1,init,w_L2_eff_rank,9,0.6324555320336758,0.06783669380798923,9.874117624132975,9.925350957224657,3
E,E,n2000|wd0.1,init,w_L2_sv_gini,9,-0.5797509043642028,0.10485124589119671,0.08586779270054712,0.06885593141985558,3
E,E,n2000|wd0.1,init,w_L2_entry_gini,9,-0.9486832980505138,8.418070242599643e-06,0.36867601708423603,0.34806819812102896,3
E,E,n2000|wd0.1,init,w_L2_row_gini,9,-0.9486832980505138,8.418070242599643e-06,0.0428371215464165,0.020888750653659027,3
E,E,n2000|wd0.1,init,w_L2_row_pr,9,0.9486832980505138,8.418070242599643e-06,0.9943296952542282,0.9985867815458104,3
E,E,n2000|wd0.1,init,w_L2_dist_init,9,-0.8959786703810408,0.0003775407187170812,10.862276077270508,8.68629264831543,3
E,E,n2000|wd0.1,init,w_L2_rel_dist_init,9,-0.8959786703810408,0.0003775407187170812,0.6496075921225728,0.5237567315790816,3
E,E,n2000|wd0.1,init,w_L2_cos_init,9,0.9486832980505138,8.418070242599643e-06,0.9149437546730042,0.971172034740448,3
E,E,n2000|wd0.1,cross,fn_loss_tr,9,0.9486832980505138,8.418070242599643e-06,0.0005261574406176805,0.005586511921137571,3
E,E,n2000|wd0.1,cross,fn_acc_tr,9,-0.43301270189221935,0.2561322791428178,100.0,100.0,3
E,E,n2000|wd0.1,cross,fn_margin_tr,9,-0.9486832980505138,8.418070242599643e-06,0.9550601840019226,0.8113976716995239,3
E,E,n2000|wd0.1,cross,fn_entropy_tr,9,0.9486832980505138,8.418070242599643e-06,2.2334952354431152,2.2452123165130615,3
E,E,n2000|wd0.1,cross,fn_loss_te,9,0.9486832980505138,8.418070242599643e-06,0.019437767565250397,0.03276994451880455,3
E,E,n2000|wd0.1,cross,fn_acc_te,9,-0.7905694150420948,0.008584412196980922,91.05999755859375,87.39999389648438,3
E,E,n2000|wd0.1,cross,fn_margin_te,9,-0.9486832980505138,8.418070242599643e-06,0.7013508081436157,0.5179958939552307,3
E,E,n2000|wd0.1,cross,fn_entropy_te,9,0.7905694150420948,0.008584412196980922,2.2539594173431396,2.2565672397613525,3
E,E,n2000|wd0.1,cross,fn_gap_loss,9,0.7905694150420948,0.008584412196980922,0.018911610124632716,0.02718343259766698,3
E,E,n2000|wd0.1,cross,fn_gap_acc,9,0.7905694150420948,0.008584412196980922,8.94000244140625,12.600006103515625,3
E,E,n2000|wd0.1,cross,fn_class_acc_gini,9,0.8432740427115678,0.002538190651903912,0.030367857549886912,0.039530084141099264,3
E,E,n2000|wd0.1,cross,w_all_norm,9,0.0,1.0,37.808640694028135,46.681251620805405,3
E,E,n2000|wd0.1,cross,w_all_rel_norm,9,0.0,1.0,0.3596775690995645,0.4440836485335058,3
E,E,n2000|wd0.1,cross,w_all_dist_init,9,-0.9486832980505138,8.418070242599643e-06,79.98312083015517,62.29175483925184,3
E,E,n2000|wd0.1,cross,w_all_rel_dist_init,9,-0.9486832980505138,8.418070242599643e-06,0.7606526598753113,0.5920335331513984,3
E,E,n2000|wd0.1,cross,w_all_cos_init,9,0.9486832980505138,8.418070242599643e-06,0.7698545580938321,0.9545929137881688,3
E,E,n2000|wd0.1,cross,rep_between_within_tr,9,-0.7905694150420948,0.008584412196980922,0.8061635436414408,0.3390935171677395,3
E,E,n2000|wd0.1,cross,rep_nc1_tr,9,0.8959786703810408,0.0003775407187170812,0.11902571354758736,0.5016317892278365,3
E,E,n2000|wd0.1,cross,rep_eff_rank_te,9,-0.21081851067789195,0.6000985243969617,138.42241317066623,138.4176243604766,3
E,E,n2000|wd0.1,cross,rep_pr_te,9,0.5797509043642028,0.10485124589119671,24.226542722566336,30.786245483186313,3
E,E,n2000|wd0.1,cross,rep_unit_gini_te,9,0.3689323936863109,0.3429208206118098,0.6712027672293699,0.7173527597272666,3
E,E,n2000|wd0.1,cross,rep_unit_pr_te,9,-0.3689323936863109,0.3429208206118098,0.3172452262957377,0.25405335205027574,3
E,E,n2000|wd0.1,cross,rep_between_within_te,9,-0.7905694150420948,0.008584412196980922,0.6365998484710691,0.2748892082394533,3
E,E,n2000|wd0.1,cross,sharp_lambda_max,9,0.8432740427115678,0.002538190651903912,0.844498872756958,2.637784957885742,3
E,E,n2000|wd0.1,cross,sharp_grad_norm,9,0.9486832980505138,8.418070242599643e-06,0.00353636359795928,0.015481396578252316,3
E,E,n2000|wd0.1,cross,sharp_lr_lambda,9,0.8432740427115678,0.002538190651903912,0.000844498872756958,0.0026377849578857423,3
E,E,n2000|wd0.1,cross,w_L0_fro,9,0.0,1.0,29.17078399658203,33.62944793701172,3
E,E,n2000|wd0.1,cross,w_L0_spec,9,-0.9486832980505138,8.418070242599643e-06,5.378027439117432,4.014102458953857,3
E,E,n2000|wd0.1,cross,w_L0_stable_rank,9,0.9486832980505138,8.418070242599643e-06,29.421640396118164,70.1908950805664,3
E,E,n2000|wd0.1,cross,w_L0_eff_rank,9,0.9486832980505138,8.418070242599643e-06,189.89975946889587,192.91686018609786,3
E,E,n2000|wd0.1,cross,w_L0_sv_gini,9,-0.9486832980505138,8.418070242599643e-06,0.18115449218113922,0.15358400056624366,3
E,E,n2000|wd0.1,cross,w_L0_entry_gini,9,-0.9486832980505138,8.418070242599643e-06,0.3895266532073176,0.34674416614582504,3
E,E,n2000|wd0.1,cross,w_L0_row_gini,9,-0.8959786703810408,0.0003775407187170812,0.03784814699972028,0.01074915618381711,3
E,E,n2000|wd0.1,cross,w_L0_row_pr,9,0.8959786703810408,0.0003775407187170812,0.9952224289640903,0.999616792853333,3
E,E,n2000|wd0.1,cross,w_L0_dist_init,9,-0.9486832980505138,8.418070242599643e-06,53.24922180175781,42.107269287109375,3
E,E,n2000|wd0.1,cross,w_L0_rel_dist_init,9,-0.9486832980505138,8.418070242599643e-06,0.7258833866033999,0.5723938869007636,3
E,E,n2000|wd0.1,cross,w_L0_cos_init,9,0.9486832980505138,8.418070242599643e-06,0.7983220219612122,0.9643855690956116,3
E,E,n2000|wd0.1,cross,w_L1_fro,9,0.3689323936863109,0.3429208206118098,23.774377822875977,31.967241287231445,3
E,E,n2000|wd0.1,cross,w_L1_spec,9,-0.6324555320336758,0.06783669380798923,5.837306976318359,5.5046820640563965,3
E,E,n2000|wd0.1,cross,w_L1_stable_rank,9,0.9486832980505138,8.418070242599643e-06,17.404935836791992,33.36062240600586,3
E,E,n2000|wd0.1,cross,w_L1_eff_rank,9,0.7905694150420948,0.008584412196980922,157.49642809368146,159.53833933097437,3
E,E,n2000|wd0.1,cross,w_L1_sv_gini,9,-0.7378647873726218,0.020521786998420548,0.37557448900669055,0.3658173552286963,3
E,E,n2000|wd0.1,cross,w_L1_entry_gini,9,-0.9486832980505138,8.418070242599643e-06,0.3956729343641163,0.35230761444305236,3
E,E,n2000|wd0.1,cross,w_L1_row_gini,9,-0.8432740427115678,0.002538190651903912,0.04862662357760916,0.026934609830337353,3
E,E,n2000|wd0.1,cross,w_L1_row_pr,9,0.8959786703810408,0.0003775407187170812,0.9923601250877196,0.99775186633072,3
E,E,n2000|wd0.1,cross,w_L1_dist_init,9,-0.9486832980505138,8.418070242599643e-06,57.787925720214844,44.28655242919922,3
E,E,n2000|wd0.1,cross,w_L1_rel_dist_init,9,-0.9486832980505138,8.418070242599643e-06,0.7886731420565201,0.6036721653752538,3
E,E,n2000|wd0.1,cross,w_L1_cos_init,9,0.9486832980505138,8.418070242599643e-06,0.748691737651825,0.9480375051498413,3
E,E,n2000|wd0.1,cross,w_L2_fro,9,0.9486832980505138,8.418070242599643e-06,3.5968849658966064,5.012394905090332,3
E,E,n2000|wd0.1,cross,w_L2_spec,9,0.8959786703810408,0.0003775407187170812,1.5573607683181763,1.8951280117034912,3
E,E,n2000|wd0.1,cross,w_L2_stable_rank,9,0.9486832980505138,8.418070242599643e-06,5.3342671394348145,6.761854648590088,3
E,E,n2000|wd0.1,cross,w_L2_eff_rank,9,0.9486832980505138,8.418070242599643e-06,9.375470084835426,9.899824352924233,3
E,E,n2000|wd0.1,cross,w_L2_sv_gini,9,-0.9486832980505138,8.418070242599643e-06,0.16810538263108832,0.0783959622519852,3
E,E,n2000|wd0.1,cross,w_L2_entry_gini,9,-0.9486832980505138,8.418070242599643e-06,0.42429795956209704,0.36398739292754767,3
E,E,n2000|wd0.1,cross,w_L2_row_gini,9,-0.9486832980505138,8.418070242599643e-06,0.08718823856316726,0.04390067508104023,3
E,E,n2000|wd0.1,cross,w_L2_row_pr,9,0.9486832980505138,8.418070242599643e-06,0.9769470970633277,0.9936242587650996,3
E,E,n2000|wd0.1,cross,w_L2_dist_init,9,-0.8959786703810408,0.0003775407187170812,13.884599685668945,12.136070251464844,3
E,E,n2000|wd0.1,cross,w_L2_rel_dist_init,9,-0.9486832980505138,8.418070242599643e-06,0.8477604413325809,0.7257855828559912,3
E,E,n2000|wd0.1,cross,w_L2_cos_init,9,0.9486832980505138,8.418070242599643e-06,0.7347977161407471,0.9271762371063232,3
E,E,n2000|wd0.1,end,fn_loss_tr,9,0.9486832980505138,8.418070242599643e-06,3.499361264402978e-05,0.00036968625499866903,3
E,E,n2000|wd0.1,end,fn_margin_tr,9,-0.8432740427115678,0.002538190651903912,0.9966205954551697,0.97178715467453,3
E,E,n2000|wd0.1,end,fn_entropy_tr,9,0.9486832980505138,8.418070242599643e-06,2.2297487258911133,2.234063148498535,3
E,E,n2000|wd0.1,end,fn_loss_te,9,-0.8432740427115678,0.002538190651903912,0.012110985815525055,0.01110804919153452,3
E,E,n2000|wd0.1,end,fn_acc_te,9,0.6851601597031488,0.03992026661849586,93.03999328613281,94.25999450683594,3
E,E,n2000|wd0.1,end,fn_margin_te,9,-0.6851601597031488,0.03992026661849586,0.9346895217895508,0.8911073207855225,3
E,E,n2000|wd0.1,end,fn_entropy_te,9,0.15811388300841894,0.6961113229882174,2.2468886375427246,2.24739670753479,3
E,E,n2000|wd0.1,end,fn_gap_loss,9,-0.8432740427115678,0.002538190651903912,0.012071470922819572,0.010794976376928389,3
E,E,n2000|wd0.1,end,fn_gap_acc,9,-0.6851601597031488,0.03992026661849586,6.9600067138671875,5.7400054931640625,3
E,E,n2000|wd0.1,end,fn_class_acc_gini,9,-0.6851601597031488,0.03992026661849586,0.024191149993132433,0.01804943647503654,3
E,E,n2000|wd0.1,end,w_all_norm,9,-0.9486832980505138,8.418070242599643e-06,25.488556335424626,16.696273549396757,3
E,E,n2000|wd0.1,end,w_all_rel_norm,9,-0.9486832980505138,8.418070242599643e-06,0.24224843402037546,0.15883340350336675,3
E,E,n2000|wd0.1,end,w_all_dist_init,9,-0.9486832980505138,8.418070242599643e-06,104.69453547256036,103.39850246436178,3
E,E,n2000|wd0.1,end,w_all_rel_dist_init,9,-0.9486832980505138,8.418070242599643e-06,0.9956389616540651,0.9832391576186192,3
E,E,n2000|wd0.1,end,w_all_cos_init,9,0.8959786703810408,0.0003775407187170812,0.13537492674408688,0.1827943289736919,3
E,E,n2000|wd0.1,end,rep_between_within_tr,9,0.5270462766947298,0.1511404061467896,8.845199838272803,10.702938738765525,3
E,E,n2000|wd0.1,end,rep_nc1_tr,9,-0.4216370213557839,0.27068354104873515,0.013436743881300214,0.009700259577453758,3
E,E,n2000|wd0.1,end,rep_eff_rank_te,9,-0.05270462766947299,0.8971842191919066,66.81029518056039,65.49704914208513,3
E,E,n2000|wd0.1,end,rep_pr_te,9,0.2635231383473649,0.5085516950733956,8.724751764982601,9.225552300695652,3
E,E,n2000|wd0.1,end,rep_unit_gini_te,9,-0.6851601597031488,0.03992026661849586,0.749449374996507,0.6396967553224611,3
E,E,n2000|wd0.1,end,rep_unit_pr_te,9,0.7378647873726218,0.020521786998420548,0.1434364805856608,0.3337600339091418,3
E,E,n2000|wd0.1,end,rep_between_within_te,9,0.7905694150420948,0.008584412196980922,3.3500026566875043,4.295382365202239,3
E,E,n2000|wd0.1,end,sharp_lambda_max,9,0.8959786703810408,0.0003775407187170812,0.37453603744506836,0.4597349166870117,3
E,E,n2000|wd0.1,end,sharp_grad_norm,9,0.9486832980505138,8.418070242599643e-06,0.0008921045227907598,0.003915648441761732,3
E,E,n2000|wd0.1,end,sharp_lr_lambda,9,0.8959786703810408,0.0003775407187170812,0.0003745360374450684,0.0004597349166870117,3
E,E,n2000|wd0.1,end,rep_dead_frac_te,9,0.43301270189221935,0.2561322791428178,0.0,0.0,3
E,E,n2000|wd0.1,end,w_L0_fro,9,-0.9486832980505138,8.418070242599643e-06,22.325069427490234,13.842096328735352,3
E,E,n2000|wd0.1,end,w_L0_spec,9,-0.9486832980505138,8.418070242599643e-06,8.055849075317383,4.610085964202881,3
E,E,n2000|wd0.1,end,w_L0_stable_rank,9,0.4743416490252569,0.2065538956745058,6.911612510681152,9.015707969665527,3
E,E,n2000|wd0.1,end,w_L0_eff_rank,9,0.21081851067789195,0.6000985243969617,157.3389889851749,161.10439994322942,3
E,E,n2000|wd0.1,end,w_L0_sv_gini,9,-0.21081851067789195,0.6000985243969617,0.37753166346845624,0.36051622418925766,3
E,E,n2000|wd0.1,end,w_L0_entry_gini,9,-0.8432740427115678,0.002538190651903912,0.6237349979671305,0.5852590084930314,3
E,E,n2000|wd0.1,end,w_L0_row_gini,9,-0.6851601597031488,0.03992026661849586,0.16307223482603828,0.08311880452290565,3
E,E,n2000|wd0.1,end,w_L0_row_pr,9,0.7378647873726218,0.020521786998420548,0.9228705886999775,0.9772219901698002,3
E,E,n2000|wd0.1,end,w_L0_dist_init,9,-0.9486832980505138,8.418070242599643e-06,73.91766357421875,72.57170867919922,3
E,E,n2000|wd0.1,end,w_L0_rel_dist_init,9,-0.9486832980505138,8.418070242599643e-06,1.0048656745861149,0.9859576845850752,3
E,E,n2000|wd0.1,end,w_L0_cos_init,9,0.8959786703810408,0.0003775407187170812,0.13510854542255402,0.16751711070537567,3
E,E,n2000|wd0.1,end,w_L1_fro,9,-0.8959786703810408,0.0003775407187170812,11.676376342773438,8.883551597595215,3
E,E,n2000|wd0.1,end,w_L1_spec,9,-0.9486832980505138,8.418070242599643e-06,6.1538896560668945,3.4822113513946533,3
E,E,n2000|wd0.1,end,w_L1_stable_rank,9,0.7905694150420948,0.008584412196980922,3.680194854736328,6.602125644683838,3
E,E,n2000|wd0.1,end,w_L1_eff_rank,9,0.21081851067789195,0.6000985243969617,118.08281850832303,124.74314514899856,3
E,E,n2000|wd0.1,end,w_L1_sv_gini,9,-0.10540925533894598,0.795510551519696,0.5257136481856679,0.5099770384847684,3
E,E,n2000|wd0.1,end,w_L1_entry_gini,9,-0.6851601597031488,0.03992026661849586,0.4637800283844238,0.4426630547062931,3
E,E,n2000|wd0.1,end,w_L1_row_gini,9,-0.7905694150420948,0.008584412196980922,0.14182038572780198,0.11581193332964346,3
E,E,n2000|wd0.1,end,w_L1_row_pr,9,0.7378647873726218,0.020521786998420548,0.9259834193239398,0.9554608439742068,3
E,E,n2000|wd0.1,end,w_L1_dist_init,9,-0.7378647873726218,0.020521786998420548,72.77728271484375,72.23534393310547,3
E,E,n2000|wd0.1,end,w_L1_rel_dist_init,9,-0.7905694150420948,0.008584412196980922,0.9916942106704151,0.9840104892518471,3
E,E,n2000|wd0.1,end,w_L1_cos_init,9,0.8432740427115678,0.002538190651903912,0.13148261606693268,0.19170428812503815,3
E,E,n2000|wd0.1,end,w_L2_fro,9,-0.6851601597031488,0.03992026661849586,4.1785430908203125,2.871311664581299,3
E,E,n2000|wd0.1,end,w_L2_spec,9,-0.7378647873726218,0.020521786998420548,1.8350986242294312,1.2552306652069092,3
E,E,n2000|wd0.1,end,w_L2_stable_rank,9,-0.2635231383473649,0.5085516950733956,5.6748948097229,5.232555866241455,3
E,E,n2000|wd0.1,end,w_L2_eff_rank,9,0.9486832980505138,8.418070242599643e-06,9.183880866282625,9.607734187065844,3
E,E,n2000|wd0.1,end,w_L2_sv_gini,9,-0.9486832980505138,8.418070242599643e-06,0.18987548026973977,0.14299713999881303,3
E,E,n2000|wd0.1,end,w_L2_entry_gini,9,-0.6324555320336758,0.06783669380798923,0.5225920506374615,0.41934302313319294,3
E,E,n2000|wd0.1,end,w_L2_row_gini,9,-0.4216370213557839,0.27068354104873515,0.09189242390917096,0.08732242091019704,3
E,E,n2000|wd0.1,end,w_L2_row_pr,9,0.7905694150420948,0.008584412196980922,0.9622530954364047,0.9745444054446013,3
E,E,n2000|wd0.1,end,w_L2_dist_init,9,-0.4216370213557839,0.27068354104873515,15.591104507446289,15.293680191040039,3
E,E,n2000|wd0.1,end,w_L2_rel_dist_init,9,-0.5270462766947298,0.1511404061467896,0.9324104621872751,0.9147296095896821,3
E,E,n2000|wd0.1,end,w_L2_cos_init,9,0.7905694150420948,0.008584412196980922,0.36934709548950195,0.5442290306091309,3
E,K,n2000|wd0.1,init,fn_loss_tr,21,0.9477939237504258,1.621008617518515e-14,1.3971659427625127e-05,0.008185581304132938,4
E,K,n2000|wd0.1,init,fn_acc_tr,21,-0.5231720909440797,0.013751491705712991,100.0,99.97500228881836,4
E,K,n2000|wd0.1,init,fn_margin_tr,21,-0.9477939237504258,1.621008617518515e-14,0.9976552724838257,0.8161057829856873,4
E,K,n2000|wd0.1,init,fn_entropy_tr,21,0.8669586210851442,2.1034782465811703e-08,2.229517698287964,2.236868739128113,4
E,K,n2000|wd0.1,init,fn_loss_te,21,0.9275850980841053,3.3703090379244905e-12,0.020019978284835815,0.19329498708248138,4
E,K,n2000|wd0.1,init,fn_acc_te,21,-0.7542791481349934,3.049959288760235e-05,85.69999694824219,57.19999694824219,4
E,K,n2000|wd0.1,init,fn_margin_te,21,-0.9639609842834818,2.2271864708705866e-17,0.9894602298736572,0.08674213290214539,4
E,K,n2000|wd0.1,init,fn_entropy_te,21,-0.5961603571564511,0.003552193276214226,2.2457199096679688,2.1956363916397095,4
E,K,n2000|wd0.1,init,fn_gap_loss,21,0.9275850980841053,3.3703090379244905e-12,0.020010187314255745,0.18510940577834845,4
E,K,n2000|wd0.1,init,fn_gap_acc,21,0.7542791481349934,3.049959288760235e-05,14.300003051757812,42.700008392333984,4
E,K,n2000|wd0.1,init,fn_class_acc_gini,21,0.749747432220486,3.700096349602462e-05,0.05630564643868441,0.12154427213987262,4
E,K,n2000|wd0.1,init,w_all_norm,21,0.9477939237504258,1.621008617518515e-14,25.853796411913645,77.60283044469627,4
E,K,n2000|wd0.1,init,w_all_rel_norm,21,0.9477939237504258,1.621008617518515e-14,0.24584945042173012,0.7378661635555006,4
E,K,n2000|wd0.1,init,w_all_dist_init,21,-0.9235433329508411,7.826834739952701e-12,105.4795203168503,38.23659849054523,4
E,K,n2000|wd0.1,init,w_all_rel_dist_init,21,-0.9235433329508411,7.826834739952701e-12,1.002498857986092,0.36368819866701596,4
E,K,n2000|wd0.1,init,w_all_cos_init,21,0.8588750908186159,4.5274376679806164e-08,0.10905922507882117,0.9558268524982659,4
E,K,n2000|wd0.1,init,rep_between_within_tr,21,-0.9316268632173693,1.3643434425048098e-12,10.64987703048661,0.13044158470650585,4
E,K,n2000|wd0.1,init,rep_nc1_tr,21,0.9336477457840013,8.460122341389689e-13,0.031175624791108206,2.223684153777672,4
E,K,n2000|wd0.1,init,rep_eff_rank_te,21,0.907376272417785,1.3911037569448222e-10,48.20644604050473,147.86006280970116,4
E,K,n2000|wd0.1,init,rep_pr_te,21,0.8912092118847287,1.382311977965146e-09,8.180878973854695,37.01852813343184,4
E,K,n2000|wd0.1,init,rep_unit_gini_te,21,0.27281914649532507,0.23501252973783127,0.6156276854651579,0.7189055818609418,4
E,K,n2000|wd0.1,init,rep_unit_pr_te,21,-0.41630180872619976,0.06005610305056053,0.35693753035534426,0.2504141946088434,4
E,K,n2000|wd0.1,init,rep_between_within_te,21,-0.9397103934838974,1.7930068994425302e-13,2.393890900664291,0.10271594290247814,4
E,K,n2000|wd0.1,init,sharp_lambda_max,21,0.9336477457840013,8.460122341389689e-13,0.4614775776863098,7.613141298294067,4
E,K,n2000|wd0.1,init,sharp_grad_norm,21,0.9397103934838974,1.7930068994425302e-13,0.0012331430334597826,0.02974587120115757,4
E,K,n2000|wd0.1,init,sharp_lr_lambda,21,0.9336477457840013,8.460122341389689e-13,0.0004614775776863098,0.007613141298294068,4
E,K,n2000|wd0.1,init,rep_dead_frac_te,21,-0.4996224990024309,0.019892270696889664,0.004999999888241291,0.0,4
E,K,n2000|wd0.1,init,w_L0_fro,21,0.9397103934838974,1.7930068994425302e-13,21.12893295288086,55.292734146118164,4
E,K,n2000|wd0.1,init,w_L0_spec,21,-0.19602560896330765,0.39946823620193217,9.843340873718262,6.059521436691284,4
E,K,n2000|wd0.1,init,w_L0_stable_rank,21,0.9316268632173693,1.3643434425048098e-12,4.426335334777832,84.75591278076172,4
E,K,n2000|wd0.1,init,w_L0_eff_rank,21,0.8588750908186159,4.5274376679806164e-08,113.70152721580807,192.95898759150367,4
E,K,n2000|wd0.1,init,w_L0_sv_gini,21,-0.8427080302855597,1.786033537557839e-07,0.5640887564516655,0.15321112052279395,4
E,K,n2000|wd0.1,init,w_L0_entry_gini,21,-0.8427080302855597,1.786033537557839e-07,0.7079772394890351,0.3450754021930035,4
E,K,n2000|wd0.1,init,w_L0_row_gini,21,-0.8103739092194471,1.699719642775134e-06,0.4563480226412129,0.01168868463227557,4
E,K,n2000|wd0.1,init,w_L0_row_pr,21,0.8184574394859752,1.0183432321730916e-06,0.5550061566597444,0.9995563364180237,4
E,K,n2000|wd0.1,init,w_L0_dist_init,21,-0.8507915605520879,9.21620624565615e-08,74.43307495117188,24.43259620666504,4
E,K,n2000|wd0.1,init,w_L0_rel_dist_init,21,-0.8507915605520879,9.21620624565615e-08,1.012040237182498,0.33268704426023743,4
E,K,n2000|wd0.1,init,w_L0_cos_init,21,0.8507915605520879,9.21620624565615e-08,0.09754952788352966,0.9671861529350281,4
E,K,n2000|wd0.1,init,w_L1_fro,21,0.9639609842834818,2.2271864708705866e-17,13.211584091186523,53.81889343261719,4
E,K,n2000|wd0.1,init,w_L1_spec,21,0.5820141791900268,0.004750370341473865,7.618088722229004,8.774617195129395,4
E,K,n2000|wd0.1,init,w_L1_stable_rank,21,0.9397103934838974,1.7930068994425302e-13,3.007692575454712,37.53232383728027,4
E,K,n2000|wd0.1,init,w_L1_eff_rank,21,0.802290378952919,2.7568857982938008e-06,79.72651524076534,159.48108912188397,4
E,K,n2000|wd0.1,init,w_L1_sv_gini,21,-0.8265409697525035,5.911302331338754e-07,0.6547921485930779,0.3658103930053084,4
E,K,n2000|wd0.1,init,w_L1_entry_gini,21,-0.8992927421512568,4.6537012534747754e-10,0.6117028140464122,0.35195588636253605,4
E,K,n2000|wd0.1,init,w_L1_row_gini,21,-0.9316268632173693,1.3643434425048098e-12,0.16679516073367484,0.026261620489212656,4
E,K,n2000|wd0.1,init,w_L1_row_pr,21,0.9397103934838974,1.7930068994425302e-13,0.9192159524610625,0.997750458602515,4
E,K,n2000|wd0.1,init,w_L1_dist_init,21,-0.9477939237504258,1.621008617518515e-14,73.0135726928711,28.03014850616455,4
E,K,n2000|wd0.1,init,w_L1_rel_dist_init,21,-0.9639609842834818,2.2271864708705866e-17,0.9964684329950837,0.38184729970153003,4
E,K,n2000|wd0.1,init,w_L1_cos_init,21,0.8912092118847287,1.382311977965146e-09,0.10970598459243774,0.9478241801261902,4
E,K,n2000|wd0.1,init,w_L2_fro,21,0.7598518450536461,2.388400533846467e-05,5.405951023101807,8.522083044052124,4
E,K,n2000|wd0.1,init,w_L2_spec,21,0.7295386065541656,8.282726681136351e-05,2.3018202781677246,3.318877100944519,4
E,K,n2000|wd0.1,init,w_L2_stable_rank,21,0.8305827348857675,4.446047940891533e-07,5.515713691711426,6.6337974071502686,4
E,K,n2000|wd0.1,init,w_L2_eff_rank,21,0.8386662651522956,2.4451786928384166e-07,9.375773937461897,9.900479789054653,4
E,K,n2000|wd0.1,init,w_L2_sv_gini,21,-0.8689795036517761,1.7200392354873338e-08,0.17089962134332026,0.07923107677272401,4
E,K,n2000|wd0.1,init,w_L2_entry_gini,21,-0.8871674467514646,2.2923730439479808e-09,0.46011787033001816,0.3626315116216201,4
E,K,n2000|wd0.1,init,w_L2_row_gini,21,-0.8770630339183043,7.369590438500849e-09,0.08524423498048361,0.029637483955146204,4
E,K,n2000|wd0.1,init,w_L2_row_pr,21,0.9053553898511528,1.9047652735096166e-10,0.9688159099947488,0.9970604899173106,4
E,K,n2000|wd0.1,init,w_L2_dist_init,21,-0.911418037551049,7.220639974135579e-11,15.540244102478027,9.027863502502441,4
E,K,n2000|wd0.1,init,w_L2_rel_dist_init,21,-0.9316268632173693,1.3643434425048098e-12,0.9293688063712398,0.5541500555640642,4
E,K,n2000|wd0.1,init,w_L2_cos_init,21,0.915459802684313,3.602936859247559e-11,0.37240442633628845,0.9291127622127533,4
E,K,n2000|wd0.1,cross,fn_loss_tr,17,0.0870485242768795,0.7440217409065968,0.0004171192995272577,0.00045969459461048245,3
E,K,n2000|wd0.1,cross,fn_margin_tr,17,-0.23775940212938726,0.3644226796003401,0.9590576887130737,0.9510243535041809,3
E,K,n2000|wd0.1,cross,fn_entropy_tr,17,0.3183117678781414,0.21724886752552003,2.232318162918091,2.2330187559127808,3
E,K,n2000|wd0.1,cross,fn_loss_te,17,-0.0038976951168752014,0.9883641329939696,0.027178803458809853,0.023747403174638748,3
E,K,n2000|wd0.1,cross,fn_acc_te,17,0.11252152115518253,0.6724357537374245,87.5,90.41999816894531,3
E,K,n2000|wd0.1,cross,fn_margin_te,17,0.0038976951168752014,0.9883641329939696,0.6035804748535156,0.6368452310562134,3
E,K,n2000|wd0.1,cross,fn_entropy_te,17,-0.027283865818126408,0.918667600866651,2.255129337310791,2.2543115615844727,3
E,K,n2000|wd0.1,cross,fn_gap_loss,17,-0.0038976951168752014,0.9883641329939696,0.026761684159282595,0.02332029760873411,3
E,K,n2000|wd0.1,cross,fn_gap_acc,17,-0.11252152115518253,0.6724357537374245,12.5,9.580001831054688,3
E,K,n2000|wd0.1,cross,fn_class_acc_gini,17,-0.15330934126375792,0.5631360845485794,0.04058138116872212,0.03134833923716818,3
E,K,n2000|wd0.1,cross,w_all_norm,17,-0.03248079264062667,0.9032358009221548,49.48319282753926,40.13777534031751,3
E,K,n2000|wd0.1,cross,w_all_rel_norm,17,-0.04807157310812748,0.8571477797645869,0.47029834938668214,0.38182729489373674,3
E,K,n2000|wd0.1,cross,w_all_dist_init,17,0.17539628025938406,0.5072475337841208,66.9206767775856,80.28962790471034,3
E,K,n2000|wd0.1,cross,w_all_rel_dist_init,17,0.17539628025938406,0.5072475337841208,0.6366097605130258,0.7634183572471651,3
E,K,n2000|wd0.1,cross,w_all_cos_init,17,-0.3416979385793926,0.18283352481585405,0.8621257193676048,0.7366540259445418,3
E,K,n2000|wd0.1,cross,rep_between_within_tr,17,-0.011693085350625604,0.9651008825322568,0.5765705829929078,0.6071209691614211,3
E,K,n2000|wd0.1,cross,rep_nc1_tr,17,-0.03248079264062667,0.9032358009221548,0.22066744080991849,0.16142642382704353,3
E,K,n2000|wd0.1,cross,rep_eff_rank_te,17,0.6898920356869106,0.0015139876695714801,138.8309050011556,146.61538737859206,3
E,K,n2000|wd0.1,cross,rep_pr_te,17,0.2819332801206395,0.27824890929174795,27.135406328088116,30.192727155644242,3
E,K,n2000|wd0.1,cross,rep_unit_gini_te,17,-0.46512495061377407,0.05940767490527247,0.7114728917405817,0.667395034696143,3
E,K,n2000|wd0.1,cross,rep_unit_pr_te,17,0.34429640199064276,0.17923957656506362,0.2658568907811252,0.29090378186761556,3
E,K,n2000|wd0.1,cross,rep_between_within_te,17,-0.05716619504750295,0.8304458560441056,0.44168648418705597,0.4528754245447353,3
E,K,n2000|wd0.1,cross,sharp_lambda_max,17,-0.0025984634112501343,0.9922426243867848,1.1070952415466309,1.0672755241394043,3
E,K,n2000|wd0.1,cross,sharp_grad_norm,17,0.22606631677876166,0.3893862712885162,0.004294044338166714,0.004923660075291991,3
E,K,n2000|wd0.1,cross,sharp_lr_lambda,17,-0.0025984634112501343,0.9922426243867848,0.0011070952415466308,0.0010672755241394043,3
E,K,n2000|wd0.1,cross,w_L0_fro,17,-0.1104346949781307,0.6782143783067438,36.73916244506836,30.128281593322754,3
E,K,n2000|wd0.1,cross,w_L0_spec,17,0.15590780467500806,0.5564314030083951,5.262044429779053,5.553724765777588,3
E,K,n2000|wd0.1,cross,w_L0_stable_rank,17,-0.15590780467500806,0.5564314030083951,48.74931716918945,29.991058349609375,3
E,K,n2000|wd0.1,cross,w_L0_eff_rank,17,-0.06236312187000322,0.8152608658435483,192.14533727154472,189.93845909921103,3
E,K,n2000|wd0.1,cross,w_L0_sv_gini,17,0.07665467063187896,0.7738219294372474,0.16153715393657753,0.18131630112536146,3
E,K,n2000|wd0.1,cross,w_L0_entry_gini,17,0.29232713376564007,0.2598919447422213,0.3669757339781119,0.3964034225657339,3
E,K,n2000|wd0.1,cross,w_L0_row_gini,17,0.10913546327250563,0.6818203166910843,0.022660727907676703,0.03315066312682735,3
E,K,n2000|wd0.1,cross,w_L0_row_pr,17,-0.0948439145106299,0.7218830383917534,0.9983909482078533,0.9962266042498258,3
E,K,n2000|wd0.1,cross,w_L0_dist_init,17,0.32480792640626677,0.20731376042157273,43.631919860839844,54.05560302734375,3
E,K,n2000|wd0.1,cross,w_L0_rel_dist_init,17,0.34039870687376755,0.18464765326962124,0.5931494106334587,0.734103226337208,3
E,K,n2000|wd0.1,cross,w_L0_cos_init,17,-0.29362636547126514,0.25764944728912853,0.890756368637085,0.768991082906723,3
E,K,n2000|wd0.1,cross,w_L1_fro,17,-0.0038976951168752014,0.9883641329939696,32.7955436706543,26.26565170288086,3
E,K,n2000|wd0.1,cross,w_L1_spec,17,-0.07535543892625389,0.7775680070271392,6.6722731590271,6.302089214324951,3
E,K,n2000|wd0.1,cross,w_L1_stable_rank,17,-0.23516093871813715,0.36989418909523974,22.655736923217773,17.544180870056152,3
E,K,n2000|wd0.1,cross,w_L1_eff_rank,17,-0.05976465845875308,0.8228462512009642,158.47947173242903,157.67409704144714,3
E,K,n2000|wd0.1,cross,w_L1_sv_gini,17,0.045473109696877345,0.8648039231509159,0.3712854632416287,0.3749982224959181,3
E,K,n2000|wd0.1,cross,w_L1_entry_gini,17,0.2793348167093894,0.28295371799982966,0.3812015602305858,0.40167743859783134,3
E,K,n2000|wd0.1,cross,w_L1_row_gini,17,0.06626081698687841,0.8039107532566723,0.04472187000616401,0.04608446643872299,3
E,K,n2000|wd0.1,cross,w_L1_row_pr,17,-0.04937080481375255,0.8533239842057818,0.993668456369607,0.9932129088915913,3
E,K,n2000|wd0.1,cross,w_L1_dist_init,17,0.12732470715125657,0.6319349332876814,49.55686569213867,57.70833969116211,3
E,K,n2000|wd0.1,cross,w_L1_rel_dist_init,17,0.08185159745437923,0.7588834500143834,0.6738914279851089,0.787586974612118,3
E,K,n2000|wd0.1,cross,w_L1_cos_init,17,-0.3118156093500161,0.22747395752292188,0.8331074118614197,0.7090974152088165,3
E,K,n2000|wd0.1,cross,w_L2_fro,17,0.05846542675312801,0.8266443135678341,3.9284374713897705,4.114081859588623,3
E,K,n2000|wd0.1,cross,w_L2_spec,17,-0.07665467063187896,0.7738219294372474,1.7020268440246582,1.7059269547462463,3
E,K,n2000|wd0.1,cross,w_L2_stable_rank,17,0.23646017042376222,0.36715297267961977,5.327304363250732,5.411106109619141,3
E,K,n2000|wd0.1,cross,w_L2_eff_rank,17,0.04027618287437708,0.8801482826539627,9.243012461831382,9.406657302647588,3
E,K,n2000|wd0.1,cross,w_L2_sv_gini,17,-0.14811241444125764,0.5766446348771396,0.1766177036224521,0.16151110099462385,3
E,K,n2000|wd0.1,cross,w_L2_entry_gini,17,-0.16240396320313338,0.5398178163392441,0.42625125321167356,0.41697921978088326,3
E,K,n2000|wd0.1,cross,w_L2_row_gini,17,-0.3157133044668913,0.22130407466448931,0.08560941891919893,0.07848557788457033,3
E,K,n2000|wd0.1,cross,w_L2_row_pr,17,0.27024019477001393,0.29978291583543537,0.9771108628660518,0.9806397244971699,3
E,K,n2000|wd0.1,cross,w_L2_dist_init,17,0.12342701203438136,0.6425127509551455,13.795249938964844,13.978174686431885,3
E,K,n2000|wd0.1,cross,w_L2_rel_dist_init,17,-0.011693085350625604,0.9651008825322568,0.8373336778672609,0.8359508021824684,3
E,K,n2000|wd0.1,cross,w_L2_cos_init,17,-0.18708936561000966,0.4787169063391834,0.7459331154823303,0.7284983396530151,3
E,K,n2000|wd0.1,end,fn_loss_tr,21,-0.13944089709761062,0.5515244810771779,0.00019315554527565837,0.0001276273796975147,4
E,K,n2000|wd0.1,end,fn_acc_tr,21,0.6587436861676425,0.0007959670954559894,99.85000610351562,100.0,4
E,K,n2000|wd0.1,end,fn_margin_tr,21,-0.808353026652815,1.923125845523968e-06,0.9981249570846558,0.98019939661026,4
E,K,n2000|wd0.1,end,fn_entropy_tr,21,0.24654767312910858,0.28551345719603927,2.2296383380889893,2.2307766675949097,4
E,K,n2000|wd0.1,end,fn_loss_te,21,-0.5981812397230831,0.0034034102324006946,0.02816678211092949,0.014395237900316715,4
E,K,n2000|wd0.1,end,fn_acc_te,21,0.7055171169513836,0.00019462503158314655,82.97999572753906,93.37999725341797,4
E,K,n2000|wd0.1,end,fn_margin_te,21,-0.907376272417785,1.3911037569448222e-10,0.9829934239387512,0.81923708319664,4
E,K,n2000|wd0.1,end,fn_entropy_te,21,0.34759180146071045,0.1238496519621397,2.244536876678467,2.249098777770996,4
E,K,n2000|wd0.1,end,fn_gap_loss,21,-0.6143483002561394,0.00238783291883111,0.027881660644197837,0.0142676105206192,4
E,K,n2000|wd0.1,end,fn_gap_acc,21,-0.6913663438320149,0.00030778685590833715,16.959999084472656,6.620002746582031,4
E,K,n2000|wd0.1,end,fn_class_acc_gini,21,-0.6972044854880529,0.00025570479238937643,0.06475654830047461,0.021068680699129483,4
E,K,n2000|wd0.1,end,w_all_norm,21,0.2829235593284853,0.21720198902724996,27.815097629504347,30.27453950915161,4
E,K,n2000|wd0.1,end,w_all_rel_norm,21,0.2829235593284853,0.21720198902724996,0.2644998961347608,0.28780881512379836,4
E,K,n2000|wd0.1,end,w_all_dist_init,21,-0.7396430193873258,5.596778491527705e-05,108.06358504141497,100.06535629641321,4
E,K,n2000|wd0.1,end,w_all_rel_dist_init,21,-0.7032671331879492,0.00020977342077223814,1.0276004564185126,0.9514961286699951,4
E,K,n2000|wd0.1,end,w_all_cos_init,21,0.8366453825856636,2.8498885519930425e-07,0.028694953424329334,0.2978875231175844,4
E,K,n2000|wd0.1,end,rep_between_within_tr,21,-0.6002021222897151,0.0032597928967141843,7.4227358634839415,2.9317867288088015,4
E,K,n2000|wd0.1,end,rep_nc1_tr,21,-0.24452679056247656,0.2896491105374989,0.04922386870923864,0.035824753413080765,4
E,K,n2000|wd0.1,end,rep_eff_rank_te,21,0.854833325685352,6.50187885686808e-08,47.45319479984094,112.64752072792207,4
E,K,n2000|wd0.1,end,rep_pr_te,21,0.6527450690221482,0.0009344830523287188,7.8460094774438245,13.271022856565256,4
E,K,n2000|wd0.1,end,rep_unit_gini_te,21,0.3395082711941823,0.1336328219006589,0.5008381185074788,0.766230123443828,4
E,K,n2000|wd0.1,end,rep_unit_pr_te,21,-0.1273156016978184,0.5870598717548422,0.49078645949141486,0.18220210498897818,4
E,K,n2000|wd0.1,end,rep_between_within_te,21,-0.21825531719626004,0.34664485756908947,1.585652714473601,1.7980877781471234,4
E,K,n2000|wd0.1,end,sharp_lambda_max,21,-0.482990933425057,0.02539414033283369,0.5905059576034546,0.4631989598274231,4
E,K,n2000|wd0.1,end,sharp_grad_norm,21,0.25867296852890087,0.2614518173544587,0.0016444642096757889,0.0024387341691181064,4
E,K,n2000|wd0.1,end,sharp_lr_lambda,21,-0.482990933425057,0.02539414033283369,0.0005905059576034546,0.0004631989598274231,4
E,K,n2000|wd0.1,end,rep_dead_frac_te,21,-0.6272565252260732,0.0017701018965217627,0.014999999664723873,0.0,4
E,K,n2000|wd0.1,end,w_L0_fro,21,0.32940385836102215,0.14659632780170306,24.3319149017334,24.908214569091797,4
E,K,n2000|wd0.1,end,w_L0_spec,21,-0.7275177239875336,8.936188810081979e-05,9.785447120666504,6.612802743911743,4
E,K,n2000|wd0.1,end,w_L0_stable_rank,21,0.8305827348857675,4.446047940891533e-07,4.2848663330078125,14.191789627075195,4
E,K,n2000|wd0.1,end,w_L0_eff_rank,21,0.9316268632173693,1.3643434425048098e-12,49.46683717984746,176.16203408307322,4
E,K,n2000|wd0.1,end,w_L0_sv_gini,21,-0.9316268632173693,1.3643434425048098e-12,0.8099816657029604,0.2794569860730335,4
E,K,n2000|wd0.1,end,w_L0_entry_gini,21,-0.9336477457840013,8.460122341389689e-13,0.9207023722449508,0.5288910269582177,4
E,K,n2000|wd0.1,end,w_L0_row_gini,21,-0.9174806852509452,2.5043543552770244e-11,0.7829188308476887,0.060254713087830813,4
E,K,n2000|wd0.1,end,w_L0_row_pr,21,0.8912092118847287,1.382311977965146e-09,0.2285342217396485,0.987624846896286,4
E,K,n2000|wd0.1,end,w_L0_dist_init,21,-0.7153924285877413,0.00013868727464321328,76.93607330322266,69.945556640625,4
E,K,n2000|wd0.1,end,w_L0_rel_dist_init,21,-0.6850791900882607,0.0003737214669682478,1.0458991188516704,0.9522548859852128,4
E,K,n2000|wd0.1,end,w_L0_cos_init,21,0.86291685595188,3.1090048748820865e-08,0.013723098672926426,0.2963399812579155,4
E,K,n2000|wd0.1,end,w_L1_fro,21,0.3960929830598794,0.07545424450065191,12.60693359375,16.891849040985107,4
E,K,n2000|wd0.1,end,w_L1_spec,21,-0.6183900653894036,0.0021777296950440434,6.741032123565674,5.960756540298462,4
E,K,n2000|wd0.1,end,w_L1_stable_rank,21,0.7356012542540616,6.563339118850868e-05,3.497600555419922,8.154893398284912,4
E,K,n2000|wd0.1,end,w_L1_eff_rank,21,0.9477939237504258,1.621008617518515e-14,36.54504733580765,147.7944481227505,4
E,K,n2000|wd0.1,end,w_L1_sv_gini,21,-0.9477939237504258,1.621008617518515e-14,0.8591115091811179,0.4200261520103433,4
E,K,n2000|wd0.1,end,w_L1_entry_gini,21,-0.9477939237504258,1.621008617518515e-14,0.8571087265465664,0.4301562758656724,4
E,K,n2000|wd0.1,end,w_L1_row_gini,21,-0.7234759588542695,0.00010377428548608621,0.17230239819016524,0.07974917041200347,4
E,K,n2000|wd0.1,end,w_L1_row_pr,21,0.6769956598217326,0.00047581826528754934,0.9138722202927932,0.9760205333185024,4
E,K,n2000|wd0.1,end,w_L1_dist_init,21,-0.7214550762876375,0.00011170159828958043,74.0322265625,69.9433822631836,4
E,K,n2000|wd0.1,end,w_L1_rel_dist_init,21,-0.6992253680546852,0.00023952505146866097,1.0088743237112348,0.9525587203213208,4
E,K,n2000|wd0.1,end,w_L1_cos_init,21,0.7376221368206937,6.063422310652853e-05,0.03372156620025635,0.2977657690644264,4
E,K,n2000|wd0.1,end,w_L2_fro,21,-0.6830583075216287,0.00039731245003834864,7.2548370361328125,3.0547988414764404,4
E,K,n2000|wd0.1,end,w_L2_spec,21,-0.7921859661197588,4.865944823639496e-06,4.890472412109375,1.3411851525306702,4
E,K,n2000|wd0.1,end,w_L2_stable_rank,21,0.5294712324575939,0.0123963737556045,2.2006640434265137,5.507511377334595,4
E,K,n2000|wd0.1,end,w_L2_eff_rank,21,0.16975413559709115,0.46707535733813443,8.817103080456581,9.202203292614492,4
E,K,n2000|wd0.1,end,w_L2_sv_gini,21,-0.40821827845967157,0.06590589332696774,0.2558025879556105,0.1805988209530085,4
E,K,n2000|wd0.1,end,w_L2_entry_gini,21,0.05052206416580094,0.8301340736121219,0.478946700300138,0.4854138414457895,4
E,K,n2000|wd0.1,end,w_L2_row_gini,21,-0.5779724140567628,0.005147569666787049,0.16803522216927713,0.09359108960553908,4
E,K,n2000|wd0.1,end,w_L2_row_pr,21,0.7416639019539578,5.161538403367784e-05,0.9071195946723589,0.9701731203033898,4
E,K,n2000|wd0.1,end,w_L2_dist_init,21,-0.6103065351228755,0.0026144520989888815,16.535734176635742,15.142400741577148,4
E,K,n2000|wd0.1,end,w_L2_rel_dist_init,21,-0.6931627203547889,0.0002908778719413851,0.9889030978452614,0.9277879612649196,4
E,K,n2000|wd0.1,end,w_L2_cos_init,21,0.6992253680546852,0.00023952505146866097,0.24236886203289032,0.4659225791692734,4
E,dirichlet,n2000|wd0.1,init,fn_loss_tr,12,0.8852587100294375,2.6843913499473744e-05,0.000524799048434943,0.010138774290680885,4
E,dirichlet,n2000|wd0.1,init,fn_acc_tr,12,-0.6,0.037576785628110225,100.0,99.95000457763672,4
E,dirichlet,n2000|wd0.1,init,fn_margin_tr,12,-0.8852587100294375,2.6843913499473744e-05,0.9542139172554016,0.6872328519821167,4
E,dirichlet,n2000|wd0.1,init,fn_entropy_tr,12,0.950033737592567,3.8766472186684e-08,2.2323925495147705,2.2639992237091064,4
E,dirichlet,n2000|wd0.1,init,fn_loss_te,12,0.45342519294190703,0.14237317060643143,0.023989146575331688,0.030699247494339943,4
E,dirichlet,n2000|wd0.1,init,fn_acc_te,12,0.10795837927188263,0.7450734009497368,89.69999694824219,89.9800033569336,4
E,dirichlet,n2000|wd0.1,init,fn_margin_te,12,-0.5829752480681661,0.04540599495830938,0.6330329179763794,0.44012463092803955,4
E,dirichlet,n2000|wd0.1,init,fn_entropy_te,12,0.9284420617381907,7.774666079357427e-07,2.2539875507354736,2.275289297103882,4
E,dirichlet,n2000|wd0.1,init,fn_gap_loss,12,-0.45342519294190703,0.14237317060643143,0.023451238113921136,0.021818028762936592,4
E,dirichlet,n2000|wd0.1,init,fn_gap_acc,12,-0.10795837927188263,0.7450734009497368,10.300003051757812,10.019996643066406,4
E,dirichlet,n2000|wd0.1,init,fn_class_acc_gini,12,0.4750168687962835,0.12124046833068983,0.03431770548101576,0.039891720061799196,4
E,dirichlet,n2000|wd0.1,init,w_all_norm,12,0.17273340683501218,0.6006623094473472,44.130250373651954,46.19921749975329,4
E,dirichlet,n2000|wd0.1,init,w_all_rel_norm,12,0.17273340683501218,0.6006623094473472,0.4196741779594831,0.4390867785919862,4
E,dirichlet,n2000|wd0.1,init,w_all_dist_init,12,0.9068503858838141,5.940337833737748e-06,72.66001205778244,84.80026010886297,4
E,dirichlet,n2000|wd0.1,init,w_all_rel_dist_init,12,0.9068503858838141,5.940337833737748e-06,0.690575562823698,0.806384370450784,4
E,dirichlet,n2000|wd0.1,init,w_all_cos_init,12,-0.9716254134469436,1.9955952668052266e-10,0.8312898712165755,0.6173363515781136,4
E,dirichlet,n2000|wd0.1,init,rep_between_within_tr,12,0.5613835722137897,0.05683813816495058,0.5301600171747107,0.7067996436769353,4
E,dirichlet,n2000|wd0.1,init,rep_nc1_tr,12,0.6477502756312957,0.020654632314870875,0.194884248574399,0.2831108682613696,4
E,dirichlet,n2000|wd0.1,init,rep_eff_rank_te,12,-0.7773003307575549,0.001836083811005123,144.89150028258612,136.10840637602024,4
E,dirichlet,n2000|wd0.1,init,rep_pr_te,12,-0.8204836824663079,0.0005110684107010808,30.312504691470906,14.769442848562244,4
E,dirichlet,n2000|wd0.1,init,rep_unit_gini_te,12,0.7557086549031783,0.0030924111652762144,0.6717436185534911,0.8951011929626269,4
E,dirichlet,n2000|wd0.1,init,rep_unit_pr_te,12,-0.8852587100294375,2.6843913499473744e-05,0.31153624180358813,0.010560912958547363,4
E,dirichlet,n2000|wd0.1,init,rep_between_within_te,12,0.5613835722137897,0.05683813816495058,0.40523112168345643,0.5503975393328112,4
E,dirichlet,n2000|wd0.1,init,sharp_lambda_max,12,0.8636670341750611,8.752516330442932e-05,1.1463252305984497,18.035783767700195,4
E,dirichlet,n2000|wd0.1,init,sharp_grad_norm,12,0.8852587100294375,2.6843913499473744e-05,0.004413268528878689,0.08223087340593338,4
E,dirichlet,n2000|wd0.1,init,sharp_lr_lambda,12,0.8636670341750611,8.752516330442932e-05,0.0011463252305984497,0.018035783767700195,4
E,dirichlet,n2000|wd0.1,init,w_L0_fro,12,0.5613835722137897,0.05683813816495058,32.97880554199219,35.57960891723633,4
E,dirichlet,n2000|wd0.1,init,w_L0_spec,12,0.7341169790488018,0.004911283418628375,5.240405082702637,6.835381507873535,4
E,dirichlet,n2000|wd0.1,init,w_L0_stable_rank,12,-0.6261585997769192,0.027438921885470393,39.60065460205078,27.095258712768555,4
E,dirichlet,n2000|wd0.1,init,w_L0_eff_rank,12,-0.950033737592567,3.8766472186684e-08,191.63552915883307,185.33305248944922,4
E,dirichlet,n2000|wd0.1,init,w_L0_sv_gini,12,0.950033737592567,3.8766472186684e-08,0.16591353079900273,0.22126190070453355,4
E,dirichlet,n2000|wd0.1,init,w_L0_entry_gini,12,0.8636670341750611,8.752516330442932e-05,0.37349411628214835,0.4269284248380296,4
E,dirichlet,n2000|wd0.1,init,w_L0_row_gini,12,0.9068503858838141,5.940337833737748e-06,0.02523674960336386,0.048873010994959776,4
E,dirichlet,n2000|wd0.1,init,w_L0_row_pr,12,-0.9068503858838141,5.940337833737748e-06,0.9978882251532601,0.9921312261119748,4
E,dirichlet,n2000|wd0.1,init,w_L0_dist_init,12,0.7988920066119314,0.0010139531568199177,48.00718307495117,58.45627212524414,4
E,dirichlet,n2000|wd0.1,init,w_L0_rel_dist_init,12,0.8204836824663079,0.0005110684107010808,0.6519625350374052,0.7946774624977558,4
E,dirichlet,n2000|wd0.1,init,w_L0_cos_init,12,-0.8636670341750611,8.752516330442932e-05,0.8658015727996826,0.6180670857429504,4
E,dirichlet,n2000|wd0.1,init,w_L1_fro,12,-0.38865016537877745,0.21846234930719982,29.00374412536621,27.883886337280273,4
E,dirichlet,n2000|wd0.1,init,w_L1_spec,12,-0.7773003307575549,0.001836083811005123,6.343146800994873,6.0010809898376465,4
E,dirichlet,n2000|wd0.1,init,w_L1_stable_rank,12,0.45342519294190703,0.14237317060643143,21.02959632873535,23.230228424072266,4
E,dirichlet,n2000|wd0.1,init,w_L1_eff_rank,12,-0.539791896359413,0.07005024365432037,158.289797401269,156.44956451948735,4
E,dirichlet,n2000|wd0.1,init,w_L1_sv_gini,12,0.6477502756312957,0.020654632314870875,0.3723782474278836,0.3832527811386246,4
E,dirichlet,n2000|wd0.1,init,w_L1_entry_gini,12,0.8852587100294375,2.6843913499473744e-05,0.387959829252722,0.410771523431988,4
E,dirichlet,n2000|wd0.1,init,w_L1_row_gini,12,0.6477502756312957,0.020654632314870875,0.04225083752696235,0.06933864215470353,4
E,dirichlet,n2000|wd0.1,init,w_L1_row_pr,12,-0.6909336273400487,0.010796414758229698,0.9942924149990162,0.9837444604292037,4
E,dirichlet,n2000|wd0.1,init,w_L1_dist_init,12,0.8204836824663079,0.0005110684107010808,52.82745361328125,59.42818069458008,4
E,dirichlet,n2000|wd0.1,init,w_L1_rel_dist_init,12,0.8420753583206845,0.00022888657358277742,0.7209740323566798,0.810489149440993,4
E,dirichlet,n2000|wd0.1,init,w_L1_cos_init,12,-0.9284420617381907,7.774666079357427e-07,0.80447918176651,0.6412618160247803,4
E,dirichlet,n2000|wd0.1,init,w_L2_fro,12,-0.7773003307575549,0.001836083811005123,4.319746494293213,1.879796028137207,4
E,dirichlet,n2000|wd0.1,init,w_L2_spec,12,-0.7557086549031783,0.0030924111652762144,1.789763331413269,0.819521963596344,4
E,dirichlet,n2000|wd0.1,init,w_L2_stable_rank,12,0.38865016537877745,0.21846234930719982,5.617532253265381,5.966473579406738,4
E,dirichlet,n2000|wd0.1,init,w_L2_eff_rank,12,0.6045669239225426,0.03564610925862835,9.54489596220481,9.614694462558035,4
E,dirichlet,n2000|wd0.1,init,w_L2_sv_gini,12,-0.45342519294190703,0.14237317060643143,0.14900109836858655,0.1425949929993473,4
E,dirichlet,n2000|wd0.1,init,w_L2_entry_gini,12,0.5613835722137897,0.05683813816495058,0.4091786182505224,0.45482262480589064,4
E,dirichlet,n2000|wd0.1,init,w_L2_row_gini,12,-0.23750843439814176,0.4675961684241065,0.08001895175134632,0.07521225991381741,4
E,dirichlet,n2000|wd0.1,init,w_L2_row_pr,12,0.10795837927188263,0.7450734009497368,0.9793381784855144,0.9778600992583619,4
E,dirichlet,n2000|wd0.1,init,w_L2_dist_init,12,0.7773003307575549,0.001836083811005123,13.566424369812012,15.564051628112793,4
E,dirichlet,n2000|wd0.1,init,w_L2_rel_dist_init,12,0.7773003307575549,0.001836083811005123,0.811326484973772,0.9446950689507784,4
E,dirichlet,n2000|wd0.1,init,w_L2_cos_init,12,-0.7557086549031783,0.0030924111652762144,0.7867870330810547,0.5164229869842529,4
E,dirichlet,n2000|wd0.1,cross,fn_loss_tr,12,0.8852587100294375,2.6843913499473744e-05,0.000524799048434943,0.010138774290680885,4
E,dirichlet,n2000|wd0.1,cross,fn_acc_tr,12,-0.6,0.037576785628110225,100.0,99.95000457763672,4
E,dirichlet,n2000|wd0.1,cross,fn_margin_tr,12,-0.8852587100294375,2.6843913499473744e-05,0.9542139172554016,0.6872328519821167,4
E,dirichlet,n2000|wd0.1,cross,fn_entropy_tr,12,0.950033737592567,3.8766472186684e-08,2.2323925495147705,2.2639992237091064,4
E,dirichlet,n2000|wd0.1,cross,fn_loss_te,12,0.45342519294190703,0.14237317060643143,0.023989146575331688,0.030699247494339943,4
E,dirichlet,n2000|wd0.1,cross,fn_acc_te,12,0.10795837927188263,0.7450734009497368,89.69999694824219,89.9800033569336,4
E,dirichlet,n2000|wd0.1,cross,fn_margin_te,12,-0.5829752480681661,0.04540599495830938,0.6330329179763794,0.44012463092803955,4
E,dirichlet,n2000|wd0.1,cross,fn_entropy_te,12,0.9284420617381907,7.774666079357427e-07,2.2539875507354736,2.275289297103882,4
E,dirichlet,n2000|wd0.1,cross,fn_gap_loss,12,-0.45342519294190703,0.14237317060643143,0.023451238113921136,0.021818028762936592,4
E,dirichlet,n2000|wd0.1,cross,fn_gap_acc,12,-0.10795837927188263,0.7450734009497368,10.300003051757812,10.019996643066406,4
E,dirichlet,n2000|wd0.1,cross,fn_class_acc_gini,12,0.4750168687962835,0.12124046833068983,0.03431770548101576,0.039891720061799196,4
E,dirichlet,n2000|wd0.1,cross,w_all_norm,12,0.17273340683501218,0.6006623094473472,44.130250373651954,46.19921749975329,4
E,dirichlet,n2000|wd0.1,cross,w_all_rel_norm,12,0.17273340683501218,0.6006623094473472,0.4196741779594831,0.4390867785919862,4
E,dirichlet,n2000|wd0.1,cross,w_all_dist_init,12,0.9068503858838141,5.940337833737748e-06,72.66001205778244,84.80026010886297,4
E,dirichlet,n2000|wd0.1,cross,w_all_rel_dist_init,12,0.9068503858838141,5.940337833737748e-06,0.690575562823698,0.806384370450784,4
E,dirichlet,n2000|wd0.1,cross,w_all_cos_init,12,-0.9716254134469436,1.9955952668052266e-10,0.8312898712165755,0.6173363515781136,4
E,dirichlet,n2000|wd0.1,cross,rep_between_within_tr,12,0.5613835722137897,0.05683813816495058,0.5301600171747107,0.7067996436769353,4
E,dirichlet,n2000|wd0.1,cross,rep_nc1_tr,12,0.6477502756312957,0.020654632314870875,0.194884248574399,0.2831108682613696,4
E,dirichlet,n2000|wd0.1,cross,rep_eff_rank_te,12,-0.7773003307575549,0.001836083811005123,144.89150028258612,136.10840637602024,4
E,dirichlet,n2000|wd0.1,cross,rep_pr_te,12,-0.8204836824663079,0.0005110684107010808,30.312504691470906,14.769442848562244,4
E,dirichlet,n2000|wd0.1,cross,rep_unit_gini_te,12,0.7557086549031783,0.0030924111652762144,0.6717436185534911,0.8951011929626269,4
E,dirichlet,n2000|wd0.1,cross,rep_unit_pr_te,12,-0.8852587100294375,2.6843913499473744e-05,0.31153624180358813,0.010560912958547363,4
E,dirichlet,n2000|wd0.1,cross,rep_between_within_te,12,0.5613835722137897,0.05683813816495058,0.40523112168345643,0.5503975393328112,4
E,dirichlet,n2000|wd0.1,cross,sharp_lambda_max,12,0.8636670341750611,8.752516330442932e-05,1.1463252305984497,18.035783767700195,4
E,dirichlet,n2000|wd0.1,cross,sharp_grad_norm,12,0.8852587100294375,2.6843913499473744e-05,0.004413268528878689,0.08223087340593338,4
E,dirichlet,n2000|wd0.1,cross,sharp_lr_lambda,12,0.8636670341750611,8.752516330442932e-05,0.0011463252305984497,0.018035783767700195,4
E,dirichlet,n2000|wd0.1,cross,w_L0_fro,12,0.5613835722137897,0.05683813816495058,32.97880554199219,35.57960891723633,4
E,dirichlet,n2000|wd0.1,cross,w_L0_spec,12,0.7341169790488018,0.004911283418628375,5.240405082702637,6.835381507873535,4
E,dirichlet,n2000|wd0.1,cross,w_L0_stable_rank,12,-0.6261585997769192,0.027438921885470393,39.60065460205078,27.095258712768555,4
E,dirichlet,n2000|wd0.1,cross,w_L0_eff_rank,12,-0.950033737592567,3.8766472186684e-08,191.63552915883307,185.33305248944922,4
E,dirichlet,n2000|wd0.1,cross,w_L0_sv_gini,12,0.950033737592567,3.8766472186684e-08,0.16591353079900273,0.22126190070453355,4
E,dirichlet,n2000|wd0.1,cross,w_L0_entry_gini,12,0.8636670341750611,8.752516330442932e-05,0.37349411628214835,0.4269284248380296,4
E,dirichlet,n2000|wd0.1,cross,w_L0_row_gini,12,0.9068503858838141,5.940337833737748e-06,0.02523674960336386,0.048873010994959776,4
E,dirichlet,n2000|wd0.1,cross,w_L0_row_pr,12,-0.9068503858838141,5.940337833737748e-06,0.9978882251532601,0.9921312261119748,4
E,dirichlet,n2000|wd0.1,cross,w_L0_dist_init,12,0.7988920066119314,0.0010139531568199177,48.00718307495117,58.45627212524414,4
E,dirichlet,n2000|wd0.1,cross,w_L0_rel_dist_init,12,0.8204836824663079,0.0005110684107010808,0.6519625350374052,0.7946774624977558,4
E,dirichlet,n2000|wd0.1,cross,w_L0_cos_init,12,-0.8636670341750611,8.752516330442932e-05,0.8658015727996826,0.6180670857429504,4
E,dirichlet,n2000|wd0.1,cross,w_L1_fro,12,-0.38865016537877745,0.21846234930719982,29.00374412536621,27.883886337280273,4
E,dirichlet,n2000|wd0.1,cross,w_L1_spec,12,-0.7773003307575549,0.001836083811005123,6.343146800994873,6.0010809898376465,4
E,dirichlet,n2000|wd0.1,cross,w_L1_stable_rank,12,0.45342519294190703,0.14237317060643143,21.02959632873535,23.230228424072266,4
E,dirichlet,n2000|wd0.1,cross,w_L1_eff_rank,12,-0.539791896359413,0.07005024365432037,158.289797401269,156.44956451948735,4
E,dirichlet,n2000|wd0.1,cross,w_L1_sv_gini,12,0.6477502756312957,0.020654632314870875,0.3723782474278836,0.3832527811386246,4
E,dirichlet,n2000|wd0.1,cross,w_L1_entry_gini,12,0.8852587100294375,2.6843913499473744e-05,0.387959829252722,0.410771523431988,4
E,dirichlet,n2000|wd0.1,cross,w_L1_row_gini,12,0.6477502756312957,0.020654632314870875,0.04225083752696235,0.06933864215470353,4
E,dirichlet,n2000|wd0.1,cross,w_L1_row_pr,12,-0.6909336273400487,0.010796414758229698,0.9942924149990162,0.9837444604292037,4
E,dirichlet,n2000|wd0.1,cross,w_L1_dist_init,12,0.8204836824663079,0.0005110684107010808,52.82745361328125,59.42818069458008,4
E,dirichlet,n2000|wd0.1,cross,w_L1_rel_dist_init,12,0.8420753583206845,0.00022888657358277742,0.7209740323566798,0.810489149440993,4
E,dirichlet,n2000|wd0.1,cross,w_L1_cos_init,12,-0.9284420617381907,7.774666079357427e-07,0.80447918176651,0.6412618160247803,4
E,dirichlet,n2000|wd0.1,cross,w_L2_fro,12,-0.7773003307575549,0.001836083811005123,4.319746494293213,1.879796028137207,4
E,dirichlet,n2000|wd0.1,cross,w_L2_spec,12,-0.7557086549031783,0.0030924111652762144,1.789763331413269,0.819521963596344,4
E,dirichlet,n2000|wd0.1,cross,w_L2_stable_rank,12,0.38865016537877745,0.21846234930719982,5.617532253265381,5.966473579406738,4
E,dirichlet,n2000|wd0.1,cross,w_L2_eff_rank,12,0.6045669239225426,0.03564610925862835,9.54489596220481,9.614694462558035,4
E,dirichlet,n2000|wd0.1,cross,w_L2_sv_gini,12,-0.45342519294190703,0.14237317060643143,0.14900109836858655,0.1425949929993473,4
E,dirichlet,n2000|wd0.1,cross,w_L2_entry_gini,12,0.5613835722137897,0.05683813816495058,0.4091786182505224,0.45482262480589064,4
E,dirichlet,n2000|wd0.1,cross,w_L2_row_gini,12,-0.23750843439814176,0.4675961684241065,0.08001895175134632,0.07521225991381741,4
E,dirichlet,n2000|wd0.1,cross,w_L2_row_pr,12,0.10795837927188263,0.7450734009497368,0.9793381784855144,0.9778600992583619,4
E,dirichlet,n2000|wd0.1,cross,w_L2_dist_init,12,0.7773003307575549,0.001836083811005123,13.566424369812012,15.564051628112793,4
E,dirichlet,n2000|wd0.1,cross,w_L2_rel_dist_init,12,0.7773003307575549,0.001836083811005123,0.811326484973772,0.9446950689507784,4
E,dirichlet,n2000|wd0.1,cross,w_L2_cos_init,12,-0.7557086549031783,0.0030924111652762144,0.7867870330810547,0.5164229869842529,4
E,dirichlet,n2000|wd0.1,end,fn_loss_tr,12,0.4750168687962835,0.12124046833068983,0.00044597929809242487,0.005451700184494257,4
E,dirichlet,n2000|wd0.1,end,fn_acc_tr,12,0.2661742070281884,0.41322854860602143,99.65000915527344,99.95000457763672,4
E,dirichlet,n2000|wd0.1,end,fn_margin_tr,12,-0.8852587100294375,2.6843913499473744e-05,0.9968141913414001,0.7684286236763,4
E,dirichlet,n2000|wd0.1,end,fn_entropy_tr,12,0.8420753583206845,0.00022888657358277742,2.2298619747161865,2.2581534385681152,4
E,dirichlet,n2000|wd0.1,end,fn_loss_te,12,-0.34546681367002435,0.2797589382579221,0.029228312894701958,0.02628904953598976,4
E,dirichlet,n2000|wd0.1,end,fn_acc_te,12,0.5829752480681661,0.04540599495830938,78.22000122070312,90.44000244140625,4
E,dirichlet,n2000|wd0.1,end,fn_margin_te,12,-0.6693419514856722,0.015155152646660746,0.9193553328514099,0.5236736536026001,4
E,dirichlet,n2000|wd0.1,end,fn_entropy_te,12,0.49660854465066,0.10217842983384234,2.251189708709717,2.2725517749786377,4
E,dirichlet,n2000|wd0.1,end,fn_gap_loss,12,-0.32387513781564786,0.3134971959689641,0.028782333596609533,0.0209848047234118,4
E,dirichlet,n2000|wd0.1,end,fn_gap_acc,12,-0.5829752480681661,0.04540599495830938,21.430007934570312,9.55999755859375,4
E,dirichlet,n2000|wd0.1,end,fn_class_acc_gini,12,-0.41024184123315394,0.19097308066471846,0.08701853984580898,0.03801119199944103,4
E,dirichlet,n2000|wd0.1,end,w_all_norm,12,0.41024184123315394,0.19097308066471846,28.60990412348971,49.69296252372958,4
E,dirichlet,n2000|wd0.1,end,w_all_rel_norm,12,0.41024184123315394,0.19097308066471846,0.27205788632794886,0.47254133712667656,4
E,dirichlet,n2000|wd0.1,end,w_all_dist_init,12,0.41024184123315394,0.19097308066471846,107.79553503854693,116.1749637328693,4
E,dirichlet,n2000|wd0.1,end,w_all_rel_dist_init,12,0.41024184123315394,0.19097308066471846,1.025470244122674,1.1047333448223853,4
E,dirichlet,n2000|wd0.1,end,w_all_cos_init,12,-0.49660854465066,0.10217842983384234,0.03987591965726163,0.0025208273394914274,4
E,dirichlet,n2000|wd0.1,end,rep_between_within_tr,12,-0.7341169790488018,0.004911283418628375,5.913400969431536,0.5758410715364347,4
E,dirichlet,n2000|wd0.1,end,rep_nc1_tr,12,0.5613835722137897,0.05683813816495058,0.07519819518076572,0.2252543897584067,4
E,dirichlet,n2000|wd0.1,end,rep_eff_rank_te,12,0.950033737592567,3.8766472186684e-08,53.12982578063554,132.3383661843483,4
E,dirichlet,n2000|wd0.1,end,rep_pr_te,12,0.8852587100294375,2.6843913499473744e-05,3.6350470977920244,15.745321516064704,4
E,dirichlet,n2000|wd0.1,end,rep_unit_gini_te,12,-0.2806917861068948,0.3868749195466807,0.7468040641389981,0.7291541238972805,4
E,dirichlet,n2000|wd0.1,end,rep_unit_pr_te,12,0.6045669239225426,0.03564610925862835,0.12665250903823938,0.15993609934264805,4
E,dirichlet,n2000|wd0.1,end,rep_between_within_te,12,-0.6045669239225426,0.03564610925862835,2.2011546796453993,0.5158435874326647,4
E,dirichlet,n2000|wd0.1,end,sharp_lambda_max,12,0.38865016537877745,0.21846234930719982,0.6305137276649475,0.9902732968330383,4
E,dirichlet,n2000|wd0.1,end,sharp_grad_norm,12,0.6693419514856722,0.015155152646660746,0.004608712159097195,0.047729283571243286,4
E,dirichlet,n2000|wd0.1,end,sharp_lr_lambda,12,0.38865016537877745,0.21846234930719982,0.0006305137276649475,0.0009902732968330382,4
E,dirichlet,n2000|wd0.1,end,rep_dead_frac_te,12,-0.4045199174779453,0.19805095680962148,0.0,0.0,4
E,dirichlet,n2000|wd0.1,end,w_L0_fro,12,0.5182002205050367,0.08513686937474532,22.093503952026367,45.55659866333008,4
E,dirichlet,n2000|wd0.1,end,w_L0_spec,12,-0.17273340683501218,0.6006623094473472,9.16808032989502,9.329689025878906,4
E,dirichlet,n2000|wd0.1,end,w_L0_stable_rank,12,0.8636670341750611,8.752516330442932e-05,5.807468891143799,22.923810958862305,4
E,dirichlet,n2000|wd0.1,end,w_L0_eff_rank,12,0.7988920066119314,0.0010139531568199177,128.89155034208977,163.07107114656662,4
E,dirichlet,n2000|wd0.1,end,w_L0_sv_gini,12,-0.7988920066119314,0.0010139531568199177,0.4986993551843584,0.3564803960847982,4
E,dirichlet,n2000|wd0.1,end,w_L0_entry_gini,12,-0.8204836824663079,0.0005110684107010808,0.7470143153517943,0.5627749931119765,4
E,dirichlet,n2000|wd0.1,end,w_L0_row_gini,12,-0.8636670341750611,8.752516330442932e-05,0.3288242720678791,0.050192138422505694,4
E,dirichlet,n2000|wd0.1,end,w_L0_row_pr,12,0.8420753583206845,0.00022888657358277742,0.6687827951542173,0.9882512930933851,4
E,dirichlet,n2000|wd0.1,end,w_L0_dist_init,12,0.5182002205050367,0.08513686937474532,76.35606384277344,86.44003295898438,4
E,dirichlet,n2000|wd0.1,end,w_L0_rel_dist_init,12,0.4750168687962835,0.12124046833068983,1.0369550921305157,1.1750996694228761,4
E,dirichlet,n2000|wd0.1,end,w_L0_cos_init,12,-0.4750168687962835,0.12124046833068983,0.02800711989402771,0.002172307576984167,4
E,dirichlet,n2000|wd0.1,end,w_L1_fro,12,0.539791896359413,0.07005024365432037,15.237212181091309,19.77763557434082,4
E,dirichlet,n2000|wd0.1,end,w_L1_spec,12,-0.7557086549031783,0.0030924111652762144,8.864429473876953,5.216275215148926,4
E,dirichlet,n2000|wd0.1,end,w_L1_stable_rank,12,0.9284420617381907,7.774666079357427e-07,2.8605494499206543,14.376333236694336,4
E,dirichlet,n2000|wd0.1,end,w_L1_eff_rank,12,0.9068503858838141,5.940337833737748e-06,69.75378892002932,147.95765745078225,4
E,dirichlet,n2000|wd0.1,end,w_L1_sv_gini,12,-0.9068503858838141,5.940337833737748e-06,0.6955751714977574,0.425147679405689,4
E,dirichlet,n2000|wd0.1,end,w_L1_entry_gini,12,-0.7341169790488018,0.004911283418628375,0.6115084573315834,0.454583848005212,4
E,dirichlet,n2000|wd0.1,end,w_L1_row_gini,12,-0.6261585997769192,0.027438921885470393,0.1762164205262733,0.10327005679316037,4
E,dirichlet,n2000|wd0.1,end,w_L1_row_pr,12,0.7125253031944253,0.0074310302124958654,0.9048508601920142,0.96747342684603,4
E,dirichlet,n2000|wd0.1,end,w_L1_dist_init,12,0.5613835722137897,0.05683813816495058,74.558349609375,75.99724578857422,4
E,dirichlet,n2000|wd0.1,end,w_L1_rel_dist_init,12,0.6045669239225426,0.03564610925862835,1.0163558419345773,1.034439416138445,4
E,dirichlet,n2000|wd0.1,end,w_L1_cos_init,12,-0.6477502756312957,0.020654632314870875,0.035794198513031006,-0.0005293061840347946,4
E,dirichlet,n2000|wd0.1,end,w_L2_fro,12,-0.7988920066119314,0.0010139531568199177,8.406778335571289,1.6828469038009644,4
E,dirichlet,n2000|wd0.1,end,w_L2_spec,12,-0.7341169790488018,0.004911283418628375,3.4558534622192383,0.7953671216964722,4
E,dirichlet,n2000|wd0.1,end,w_L2_stable_rank,12,-0.43183351708753054,0.16561109313841052,5.879171848297119,4.865637302398682,4
E,dirichlet,n2000|wd0.1,end,w_L2_eff_rank,12,0.5613835722137897,0.05683813816495058,9.406714167612803,9.58096960114392,4
E,dirichlet,n2000|wd0.1,end,w_L2_sv_gini,12,-0.25910011025251833,0.4263630961392596,0.16413197826406778,0.16480745561102572,4
E,dirichlet,n2000|wd0.1,end,w_L2_entry_gini,12,0.23750843439814176,0.4675961684241065,0.442058372504194,0.503958197648108,4
E,dirichlet,n2000|wd0.1,end,w_L2_row_gini,12,0.021591675854376522,0.94834510784697,0.10068147546016815,0.12728241785007088,4
E,dirichlet,n2000|wd0.1,end,w_L2_row_pr,12,0.23750843439814176,0.4675961684241065,0.9539739718656133,0.9497803524978135,4
E,dirichlet,n2000|wd0.1,end,w_L2_dist_init,12,0.15114173098063566,0.6477242660953937,16.17819595336914,16.482131958007812,4
E,dirichlet,n2000|wd0.1,end,w_L2_rel_dist_init,12,0.34546681367002435,0.2797589382579221,0.9891288010912319,1.0004200164950248,4
E,dirichlet,n2000|wd0.1,end,w_L2_cos_init,12,-0.539791896359413,0.07005024365432037,0.27212563157081604,0.04695984721183777,4
E,K,n4000|wd0.1,init,fn_loss_tr,12,0.950033737592567,3.8766472186684e-08,8.170615910785273e-05,0.009533691219985485,4
E,K,n4000|wd0.1,init,fn_acc_tr,12,-0.9084399583322703,5.224379000608334e-06,100.0,97.22500610351562,4
E,K,n4000|wd0.1,init,fn_margin_tr,12,-0.9284420617381907,7.774666079357427e-07,0.9951298236846924,0.9021176099777222,4
E,K,n4000|wd0.1,init,fn_entropy_tr,12,0.9068503858838141,5.940337833737748e-06,2.2299082279205322,2.2416629791259766,4
E,K,n4000|wd0.1,init,fn_loss_te,12,0.7125253031944253,0.0074310302124958654,0.015500495210289955,0.02401822991669178,4
E,K,n4000|wd0.1,init,fn_acc_te,12,-0.32387513781564786,0.3134971959689641,90.16000366210938,89.0999984741211,4
E,K,n4000|wd0.1,init,fn_margin_te,12,-0.9068503858838141,5.940337833737748e-06,0.9917808175086975,0.6677687168121338,4
E,K,n4000|wd0.1,init,fn_entropy_te,12,0.8636670341750611,8.752516330442932e-05,2.239478349685669,2.2507028579711914,4
E,K,n4000|wd0.1,init,fn_gap_loss,12,-0.043183351708753044,0.8968586338646121,0.015142299758736044,0.015056532807648182,4
E,K,n4000|wd0.1,init,fn_gap_acc,12,-0.2806917861068948,0.3868749195466807,9.69000244140625,8.425010681152344,4
E,K,n4000|wd0.1,init,fn_class_acc_gini,12,0.6693419514856722,0.015155152646660746,0.02216295474346075,0.03442303151559534,4
E,K,n4000|wd0.1,init,w_all_norm,12,0.8204836824663079,0.0005110684107010808,27.703605940707686,49.22034185951457,4
E,K,n4000|wd0.1,init,w_all_rel_norm,12,0.8204836824663079,0.0005110684107010808,0.2635473123904151,0.4678001602171282,4
E,K,n4000|wd0.1,init,w_all_dist_init,12,-0.9716254134469436,1.9955952668052266e-10,107.5837684071426,66.6392481593632,4
E,K,n4000|wd0.1,init,w_all_rel_dist_init,12,-0.9716254134469436,1.9955952668052266e-10,1.0234556859211157,0.6336654229926141,4
E,K,n4000|wd0.1,init,w_all_cos_init,12,0.9716254134469436,1.9955952668052266e-10,0.04173009255968875,0.8735623279298912,4
E,K,n4000|wd0.1,init,rep_between_within_tr,12,-0.9716254134469436,1.9955952668052266e-10,4.48934265609299,0.6400862861084091,4
E,K,n4000|wd0.1,init,rep_nc1_tr,12,0.9284420617381907,7.774666079357427e-07,0.09790996692751548,0.34176585828909944,4
E,K,n4000|wd0.1,init,rep_eff_rank_te,12,0.9068503858838141,5.940337833737748e-06,57.77383990678672,130.5563269900094,4
E,K,n4000|wd0.1,init,rep_pr_te,12,0.6693419514856722,0.015155152646660746,8.36597883673601,21.280602787421767,4
E,K,n4000|wd0.1,init,rep_unit_gini_te,12,0.2806917861068948,0.3868749195466807,0.5323694703319595,0.7070938132164966,4
E,K,n4000|wd0.1,init,rep_unit_pr_te,12,-0.3670584895244009,0.2480667136571214,0.4832842726558668,0.27618376626297736,4
E,K,n4000|wd0.1,init,rep_between_within_te,12,-0.9284420617381907,7.774666079357427e-07,2.604315267276675,0.5531323707592206,4
E,K,n4000|wd0.1,init,sharp_lambda_max,12,0.43183351708753054,0.16561109313841052,0.8494167327880859,1.3031421899795532,4
E,K,n4000|wd0.1,init,sharp_grad_norm,12,0.8204836824663079,0.0005110684107010808,0.003101994749158621,0.014411047101020813,4
E,K,n4000|wd0.1,init,sharp_lr_lambda,12,0.43183351708753054,0.16561109313841052,0.0008494167327880859,0.0013031421899795533,4
E,K,n4000|wd0.1,init,rep_dead_frac_te,12,-0.4045199174779453,0.19805095680962148,0.0,0.0,4
E,K,n4000|wd0.1,init,w_L0_fro,12,0.5613835722137897,0.05683813816495058,24.589555740356445,36.269996643066406,4
E,K,n4000|wd0.1,init,w_L0_spec,12,-0.9284420617381907,7.774666079357427e-07,10.509742736816406,5.415000915527344,4
E,K,n4000|wd0.1,init,w_L0_stable_rank,12,0.950033737592567,3.8766472186684e-08,5.4741363525390625,46.33824157714844,4
E,K,n4000|wd0.1,init,w_L0_eff_rank,12,0.9716254134469436,1.9955952668052266e-10,72.8390736678195,192.1897716258151,4
E,K,n4000|wd0.1,init,w_L0_sv_gini,12,-0.9716254134469436,1.9955952668052266e-10,0.7177351918650454,0.16070127462711148,4
E,K,n4000|wd0.1,init,w_L0_entry_gini,12,-0.9716254134469436,1.9955952668052266e-10,0.8750586779642231,0.3625739187975445,4
E,K,n4000|wd0.1,init,w_L0_row_gini,12,-0.9716254134469436,1.9955952668052266e-10,0.6719544071732833,0.02325306061030541,4
E,K,n4000|wd0.1,init,w_L0_row_pr,12,0.950033737592567,3.8766472186684e-08,0.36643807696853054,0.9983077632214308,4
E,K,n4000|wd0.1,init,w_L0_dist_init,12,-0.9716254134469436,1.9955952668052266e-10,76.95397186279297,43.54962158203125,4
E,K,n4000|wd0.1,init,w_L0_rel_dist_init,12,-0.9716254134469436,1.9955952668052266e-10,1.049022085549106,0.5914265296968721,4
E,K,n4000|wd0.1,init,w_L0_cos_init,12,0.9716254134469436,1.9955952668052266e-10,0.018618714064359665,0.9063115119934082,4
E,K,n4000|wd0.1,init,w_L1_fro,12,0.9716254134469436,1.9955952668052266e-10,10.522457122802734,32.9442024230957,4
E,K,n4000|wd0.1,init,w_L1_spec,12,0.6045669239225426,0.03564610925862835,4.848048210144043,6.928529739379883,4
E,K,n4000|wd0.1,init,w_L1_stable_rank,12,0.9716254134469436,1.9955952668052266e-10,4.710963726043701,22.609304428100586,4
E,K,n4000|wd0.1,init,w_L1_eff_rank,12,0.9716254134469436,1.9955952668052266e-10,63.22615320629639,158.8430563708254,4
E,K,n4000|wd0.1,init,w_L1_sv_gini,12,-0.9716254134469436,1.9955952668052266e-10,0.7505260492323416,0.36885119684975565,4
E,K,n4000|wd0.1,init,w_L1_entry_gini,12,-0.9716254134469436,1.9955952668052266e-10,0.7718587723063288,0.3753697608487543,4
E,K,n4000|wd0.1,init,w_L1_row_gini,12,-0.950033737592567,3.8766472186684e-08,0.14925086645012442,0.031034789542802477,4
E,K,n4000|wd0.1,init,w_L1_row_pr,12,0.950033737592567,3.8766472186684e-08,0.9292523664038164,0.9967435471082124,4
E,K,n4000|wd0.1,init,w_L1_dist_init,12,-0.9716254134469436,1.9955952668052266e-10,73.29777526855469,48.444549560546875,4
E,K,n4000|wd0.1,init,w_L1_rel_dist_init,12,-0.9716254134469436,1.9955952668052266e-10,0.9995754872577456,0.6587657678808991,4
E,K,n4000|wd0.1,init,w_L1_cos_init,12,0.9716254134469436,1.9955952668052266e-10,0.0747596025466919,0.8537580966949463,4
E,K,n4000|wd0.1,init,w_L2_fro,12,-0.45342519294190703,0.14237317060643143,7.106503009796143,4.672235488891602,4
E,K,n4000|wd0.1,init,w_L2_spec,12,-0.539791896359413,0.07005024365432037,3.703557252883911,1.9554593563079834,4
E,K,n4000|wd0.1,init,w_L2_stable_rank,12,0.7988920066119314,0.0010139531568199177,3.681915283203125,5.688077449798584,4
E,K,n4000|wd0.1,init,w_L2_eff_rank,12,0.34546681367002435,0.2797589382579221,9.30614946050804,9.541492812861687,4
E,K,n4000|wd0.1,init,w_L2_sv_gini,12,-0.5613835722137897,0.05683813816495058,0.20463873819845912,0.15064544221804232,4
E,K,n4000|wd0.1,init,w_L2_entry_gini,12,-0.8420753583206845,0.00022888657358277742,0.5144440080521653,0.40813891076171793,4
E,K,n4000|wd0.1,init,w_L2_row_gini,12,-0.6045669239225426,0.03564610925862835,0.10632014127279299,0.07713351166176174,4
E,K,n4000|wd0.1,init,w_L2_row_pr,12,0.6261585997769192,0.027438921885470393,0.9623648098175062,0.9806116164550357,4
E,K,n4000|wd0.1,init,w_L2_dist_init,12,-0.9068503858838141,5.940337833737748e-06,16.505523681640625,13.41947078704834,4
E,K,n4000|wd0.1,init,w_L2_rel_dist_init,12,-0.9068503858838141,5.940337833737748e-06,1.0018398296965092,0.8025380724556396,4
E,K,n4000|wd0.1,init,w_L2_cos_init,12,0.9716254134469436,1.9955952668052266e-10,0.20380263030529022,0.7399861216545105,4
E,K,n4000|wd0.1,end,fn_loss_tr,12,0.6045669239225426,0.03564610925862835,0.00016107503324747086,0.008866892196238041,4
E,K,n4000|wd0.1,end,fn_acc_tr,12,-0.6045669239225426,0.03564610925862835,99.95000457763672,93.65000915527344,4
E,K,n4000|wd0.1,end,fn_margin_tr,12,-0.9068503858838141,5.940337833737748e-06,0.9984505772590637,0.9860620498657227,4
E,K,n4000|wd0.1,end,fn_entropy_tr,12,0.7773003307575549,0.001836083811005123,2.2295918464660645,2.2380940914154053,4
E,K,n4000|wd0.1,end,fn_loss_te,12,0.7557086549031783,0.0030924111652762144,0.018174542114138603,0.03004356659948826,4
E,K,n4000|wd0.1,end,fn_acc_te,12,-0.7988920066119314,0.0010139531568199177,89.04000091552734,77.19999694824219,4
E,K,n4000|wd0.1,end,fn_margin_te,12,-0.8852587100294375,2.6843913499473744e-05,0.9969727993011475,0.9276779294013977,4
E,K,n4000|wd0.1,end,fn_entropy_te,12,0.9284420617381907,7.774666079357427e-07,2.2378764152526855,2.252439022064209,4
E,K,n4000|wd0.1,end,fn_gap_loss,12,-0.08636670341750609,0.7950587536532845,0.017990756459767,0.021176674403250217,4
E,K,n4000|wd0.1,end,fn_gap_acc,12,0.2806917861068948,0.3868749195466807,10.93499755859375,16.45001220703125,4
E,K,n4000|wd0.1,end,fn_class_acc_gini,12,0.8204836824663079,0.0005110684107010808,0.03117790343718818,0.0736267383503868,4
E,K,n4000|wd0.1,end,w_all_norm,12,0.45342519294190703,0.14237317060643143,27.289755718697016,31.703066600334907,4
E,K,n4000|wd0.1,end,w_all_rel_norm,12,0.45342519294190703,0.14237317060643143,0.25936740004630804,0.3015946016173794,4
E,K,n4000|wd0.1,end,w_all_dist_init,12,0.32387513781564786,0.3134971959689641,107.95768245440169,108.36920000790884,4
E,K,n4000|wd0.1,end,w_all_rel_dist_init,12,0.32387513781564786,0.3134971959689641,1.026054801578418,1.0309275792151322,4
E,K,n4000|wd0.1,end,w_all_cos_init,12,0.6261585997769192,0.027438921885470393,0.02406221868952378,0.0420863034787365,4
E,K,n4000|wd0.1,end,rep_between_within_tr,12,-0.9284420617381907,7.774666079357427e-07,5.441916657795854,1.0650745903951468,4
E,K,n4000|wd0.1,end,rep_nc1_tr,12,0.8204836824663079,0.0005110684107010808,0.09692621213209451,0.5499338824895207,4
E,K,n4000|wd0.1,end,rep_eff_rank_te,12,0.3670584895244009,0.2480667136571214,54.29657909768519,65.87149288466682,4
E,K,n4000|wd0.1,end,rep_pr_te,12,0.19432508268938872,0.5548660207582029,8.54267687348077,9.915424278555015,4
E,K,n4000|wd0.1,end,rep_unit_gini_te,12,-0.19432508268938872,0.5548660207582029,0.49560909887873983,0.3945814216444443,4
E,K,n4000|wd0.1,end,rep_unit_pr_te,12,0.043183351708753044,0.8968586338646121,0.5338540947180861,0.5676876878916525,4
E,K,n4000|wd0.1,end,rep_between_within_te,12,-0.8204836824663079,0.0005110684107010808,2.508585993095259,0.6628895530558132,4
E,K,n4000|wd0.1,end,sharp_lambda_max,12,0.19432508268938872,0.5548660207582029,0.693845808506012,0.8478090763092041,4
E,K,n4000|wd0.1,end,sharp_grad_norm,12,0.6261585997769192,0.027438921885470393,0.004565791692584753,0.021192504093050957,4
E,K,n4000|wd0.1,end,sharp_lr_lambda,12,0.19432508268938872,0.5548660207582029,0.0006938458085060119,0.0008478090763092041,4
E,K,n4000|wd0.1,end,rep_dead_frac_te,12,-0.6111753868860833,0.03297510233431498,0.004999999888241291,0.0,4
E,K,n4000|wd0.1,end,w_L0_fro,12,-0.043183351708753044,0.8968586338646121,23.4851131439209,24.208864212036133,4
E,K,n4000|wd0.1,end,w_L0_spec,12,-0.21591675854376527,0.5104689781899343,10.843056678771973,9.854279518127441,4
E,K,n4000|wd0.1,end,w_L0_stable_rank,12,0.41024184123315394,0.19097308066471846,4.691166400909424,4.962280750274658,4
E,K,n4000|wd0.1,end,w_L0_eff_rank,12,0.8204836824663079,0.0005110684107010808,58.29032255045079,125.2423624263793,4
E,K,n4000|wd0.1,end,w_L0_sv_gini,12,-0.8204836824663079,0.0005110684107010808,0.7686332280410795,0.4994057220870016,4
E,K,n4000|wd0.1,end,w_L0_entry_gini,12,-0.9068503858838141,5.940337833737748e-06,0.9026553379382047,0.7489053858107151,4
E,K,n4000|wd0.1,end,w_L0_row_gini,12,-0.8420753583206845,0.00022888657358277742,0.7393517001366139,0.37016298616295495,4
E,K,n4000|wd0.1,end,w_L0_row_pr,12,0.6477502756312957,0.020654632314870875,0.2924291816937466,0.5365539561193897,4
E,K,n4000|wd0.1,end,w_L0_dist_init,12,-0.21591675854376527,0.5104689781899343,76.9939193725586,76.88938903808594,4
E,K,n4000|wd0.1,end,w_L0_rel_dist_init,12,-0.25910011025251833,0.4263630961392596,1.0459307187474325,1.0441979258912968,4
E,K,n4000|wd0.1,end,w_L0_cos_init,12,0.49660854465066,0.10217842983384234,0.012152278795838356,0.026979075744748116,4
E,K,n4000|wd0.1,end,w_L1_fro,12,0.7341169790488018,0.004911283418628375,11.93321418762207,20.15108871459961,4
E,K,n4000|wd0.1,end,w_L1_spec,12,0.7341169790488018,0.004911283418628375,6.206206798553467,10.667773246765137,4
E,K,n4000|wd0.1,end,w_L1_stable_rank,12,-0.12955005512625917,0.6959106328215432,3.739102840423584,3.5278351306915283,4
E,K,n4000|wd0.1,end,w_L1_eff_rank,12,0.7773003307575549,0.001836083811005123,43.620181495326996,71.99042465400169,4
E,K,n4000|wd0.1,end,w_L1_sv_gini,12,-0.9068503858838141,5.940337833737748e-06,0.8272324971653402,0.6759740875657776,4
E,K,n4000|wd0.1,end,w_L1_entry_gini,12,-0.9284420617381907,7.774666079357427e-07,0.8189726973923825,0.5515236829076744,4
E,K,n4000|wd0.1,end,w_L1_row_gini,12,0.38865016537877745,0.21846234930719982,0.1478215092054147,0.175032581987562,4
E,K,n4000|wd0.1,end,w_L1_row_pr,12,-0.3670584895244009,0.2480667136571214,0.9325441005510977,0.901919071397015,4
E,K,n4000|wd0.1,end,w_L1_dist_init,12,0.6909336273400487,0.010796414758229698,73.92839813232422,75.39285278320312,4
E,K,n4000|wd0.1,end,w_L1_rel_dist_init,12,0.7557086549031783,0.0030924111652762144,1.005606807223997,1.028940169630169,4
E,K,n4000|wd0.1,end,w_L1_cos_init,12,-0.23750843439814176,0.4675961684241065,0.0468626506626606,0.038185372948646545,4
E,K,n4000|wd0.1,end,w_L2_fro,12,0.5829752480681661,0.04540599495830938,7.552360534667969,9.582478523254395,4
E,K,n4000|wd0.1,end,w_L2_spec,12,-0.25910011025251833,0.4263630961392596,4.203830718994141,4.10145902633667,4
E,K,n4000|wd0.1,end,w_L2_stable_rank,12,0.7773003307575549,0.001836083811005123,3.2275664806365967,5.813222408294678,4
E,K,n4000|wd0.1,end,w_L2_eff_rank,12,0.49660854465066,0.10217842983384234,8.944699273106664,9.486961004380143,4
E,K,n4000|wd0.1,end,w_L2_sv_gini,12,-0.49660854465066,0.10217842983384234,0.24761916945251294,0.16540503115586302,4
E,K,n4000|wd0.1,end,w_L2_entry_gini,12,-0.5182002205050367,0.08513686937474532,0.49666633816359473,0.39888232828801273,4
E,K,n4000|wd0.1,end,w_L2_row_gini,12,-0.08636670341750609,0.7950587536532845,0.14761629004546628,0.10818249297073179,4
E,K,n4000|wd0.1,end,w_L2_row_pr,12,0.0,1.0,0.9358600221464316,0.955840227729578,4
E,K,n4000|wd0.1,end,w_L2_dist_init,12,-0.6477502756312957,0.020654632314870875,17.22764778137207,16.335548400878906,4
E,K,n4000|wd0.1,end,w_L2_rel_dist_init,12,-0.7125253031944253,0.0074310302124958654,1.0474388255468203,0.9987044930129588,4
E,K,n4000|wd0.1,end,w_L2_cos_init,12,0.950033737592567,3.8766472186684e-08,0.1400476098060608,0.3263256549835205,4
