setup,partition,axis,family,K,E,level,reference,moment,metric,n_level,n_ref,median_level,median_ref,rank_biserial
A,,partition,0.3|wd0.0,10,,dirichlet0.5,iid,memo,fn_loss_tr,3,3,0.007046091370284557,0.007049170788377523,-0.33333333333333337
A,,partition,0.3|wd0.0,10,,dirichlet0.5,iid,memo,fn_acc_tr,3,3,99.8582534790039,99.8582534790039,0.0
A,,partition,0.3|wd0.0,10,,dirichlet0.5,iid,memo,fn_margin_tr,3,3,0.17442867159843445,0.17435014247894287,0.33333333333333326
A,,partition,0.3|wd0.0,10,,dirichlet0.5,iid,memo,fn_entropy_tr,3,3,4.5731964111328125,4.573204517364502,-0.33333333333333337
A,,partition,0.3|wd0.0,10,,dirichlet0.5,iid,memo,fn_loss_te,3,3,0.01326506957411766,0.013243883848190308,0.33333333333333326
A,,partition,0.3|wd0.0,10,,dirichlet0.5,iid,memo,fn_acc_te,3,3,0.21253985166549683,0.19735842943191528,0.22222222222222232
A,,partition,0.3|wd0.0,10,,dirichlet0.5,iid,memo,fn_margin_te,3,3,-0.15357831120491028,-0.15344557166099548,-0.33333333333333337
A,,partition,0.3|wd0.0,10,,dirichlet0.5,iid,memo,fn_entropy_te,3,3,4.573233604431152,4.573245525360107,-0.33333333333333337
A,,partition,0.3|wd0.0,10,,dirichlet0.5,iid,memo,fn_gap_loss,3,3,0.006247664801776409,0.006223231088370085,0.5555555555555556
A,,partition,0.3|wd0.0,10,,dirichlet0.5,iid,memo,fn_gap_acc,3,3,99.61028271913528,99.62546414136887,-0.2222222222222222
A,,partition,0.3|wd0.0,10,,dirichlet0.5,iid,memo,fn_class_acc_gini,3,3,0.8595837228028651,0.8697456932686862,-0.33333333333333337
A,,partition,0.3|wd0.0,10,,dirichlet0.5,iid,memo,w_W1_fro,3,3,27.575035095214844,27.30763053894043,1.0
A,,partition,0.3|wd0.0,10,,dirichlet0.5,iid,memo,w_W1_spec,3,3,3.5459420680999756,3.5125985145568848,1.0
A,,partition,0.3|wd0.0,10,,dirichlet0.5,iid,memo,w_W1_stable_rank,3,3,60.68113708496094,60.57935333251953,0.11111111111111116
A,,partition,0.3|wd0.0,10,,dirichlet0.5,iid,memo,w_W1_eff_rank,3,3,170.42747624784093,170.45003351804795,-0.5555555555555556
A,,partition,0.3|wd0.0,10,,dirichlet0.5,iid,memo,w_W1_sv_gini,3,3,0.2839803466032429,0.28387878940202094,0.5555555555555556
A,,partition,0.3|wd0.0,10,,dirichlet0.5,iid,memo,w_W1_entry_gini,3,3,0.3946261379405336,0.39467160171414606,-0.11111111111111116
A,,partition,0.3|wd0.0,10,,dirichlet0.5,iid,memo,w_W1_row_gini,3,3,0.01696646503805055,0.016688979401368043,0.33333333333333326
A,,partition,0.3|wd0.0,10,,dirichlet0.5,iid,memo,w_W1_row_pr,3,3,0.9990863299376987,0.9991115254946513,-0.33333333333333337
A,,partition,0.3|wd0.0,10,,dirichlet0.5,iid,memo,w_W1_dist_init,3,3,17.560455322265625,17.367795944213867,1.0
A,,partition,0.3|wd0.0,10,,dirichlet0.5,iid,memo,w_W1_rel_dist_init,3,3,1.0938115258213281,1.0807141314980337,1.0
A,,partition,0.3|wd0.0,10,,dirichlet0.5,iid,memo,w_W1_cos_init,3,3,0.8031629920005798,0.8020666837692261,1.0
A,,partition,0.3|wd0.0,10,,dirichlet0.5,iid,memo,w_W2_fro,3,3,15.181225776672363,15.369826316833496,-1.0
A,,partition,0.3|wd0.0,10,,dirichlet0.5,iid,memo,w_W2_spec,3,3,2.410813570022583,2.4410905838012695,-0.33333333333333337
A,,partition,0.3|wd0.0,10,,dirichlet0.5,iid,memo,w_W2_stable_rank,3,3,39.87154769897461,39.93918228149414,-0.33333333333333337
A,,partition,0.3|wd0.0,10,,dirichlet0.5,iid,memo,w_W2_eff_rank,3,3,91.39934616253296,91.45316631681379,-0.5555555555555556
A,,partition,0.3|wd0.0,10,,dirichlet0.5,iid,memo,w_W2_sv_gini,3,3,0.19249266178648017,0.19152700174302106,0.5555555555555556
A,,partition,0.3|wd0.0,10,,dirichlet0.5,iid,memo,w_W2_entry_gini,3,3,0.4324660905353761,0.43244795696272864,-0.11111111111111116
A,,partition,0.3|wd0.0,10,,dirichlet0.5,iid,memo,w_W2_row_gini,3,3,0.08468397860691557,0.08475322677951369,-0.11111111111111116
A,,partition,0.3|wd0.0,10,,dirichlet0.5,iid,memo,w_W2_row_pr,3,3,0.9786173676598542,0.9785936010752254,0.11111111111111116
A,,partition,0.3|wd0.0,10,,dirichlet0.5,iid,memo,w_W2_dist_init,3,3,15.165264129638672,15.353446006774902,-1.0
A,,partition,0.3|wd0.0,10,,dirichlet0.5,iid,memo,w_W2_rel_dist_init,3,3,24.600063180623682,24.912004137750415,-1.0
A,,partition,0.3|wd0.0,10,,dirichlet0.5,iid,memo,w_W2_cos_init,3,3,0.046187903732061386,0.04661308601498604,-0.5555555555555556
A,,partition,0.3|wd0.0,10,,dirichlet0.5,iid,memo,w_all_norm,3,3,31.46867696524029,31.33589390237495,0.5555555555555556
A,,partition,0.3|wd0.0,10,,dirichlet0.5,iid,memo,w_all_rel_norm,3,3,1.9607411182358794,1.9522937296370875,1.0
A,,partition,0.3|wd0.0,10,,dirichlet0.5,iid,memo,w_all_dist_init,3,3,23.202474593176316,23.18121308824894,0.33333333333333326
A,,partition,0.3|wd0.0,10,,dirichlet0.5,iid,memo,w_all_rel_dist_init,3,3,1.442941559137623,1.4420058154098472,0.5555555555555556
A,,partition,0.3|wd0.0,10,,dirichlet0.5,iid,memo,w_all_cos_init,3,3,0.7044339787032105,0.6996125089104251,1.0
A,,partition,0.3|wd0.0,10,,dirichlet0.5,iid,memo,rep_between_within_tr,3,3,0.10781508008410134,0.10823483035419838,-0.5555555555555556
A,,partition,0.3|wd0.0,10,,dirichlet0.5,iid,memo,rep_nc1_tr,3,3,4.148111534843155,4.131126686572957,0.5555555555555556
A,,partition,0.3|wd0.0,10,,dirichlet0.5,iid,memo,rep_eff_rank_te,3,3,247.223629550009,247.2511916393671,-0.33333333333333337
A,,partition,0.3|wd0.0,10,,dirichlet0.5,iid,memo,rep_pr_te,3,3,194.13959200446172,194.30619092315618,-0.33333333333333337
A,,partition,0.3|wd0.0,10,,dirichlet0.5,iid,memo,rep_unit_gini_te,3,3,0.0639585974807273,0.06284805423400375,0.33333333333333326
A,,partition,0.3|wd0.0,10,,dirichlet0.5,iid,memo,rep_unit_pr_te,3,3,0.9873150898584121,0.9877007289065216,-0.33333333333333337
A,,partition,0.3|wd0.0,10,,dirichlet0.5,iid,memo,rep_between_within_te,3,3,0.015158023837870065,0.015175080170115738,-0.33333333333333337
A,,partition,0.3|wd0.0,10,,dirichlet0.5,iid,memo,unit_interaction_share,3,3,0.5574626396424479,0.5577610656260651,-0.5555555555555556
A,,partition,0.3|wd0.0,10,,dirichlet0.5,iid,memo,unit_frac_interacting,3,3,0.921875,0.92578125,-0.7777777777777778
A,,partition,0.3|wd0.0,10,,dirichlet0.5,iid,memo,add_share_a,3,3,0.11121816854311263,0.1125043428091719,-0.5555555555555556
A,,partition,0.3|wd0.0,10,,dirichlet0.5,iid,memo,add_share_b,3,3,0.11346073300404641,0.11497212987367504,-0.5555555555555556
A,,partition,0.3|wd0.0,10,,dirichlet0.5,iid,memo,add_share_interaction,3,3,0.7760054767449732,0.772950265199947,0.5555555555555556
A,,partition,0.3|wd0.0,10,,dirichlet0.5,iid,memo,add_acc_interaction_tr,3,3,99.43302154541016,99.50389862060547,0.0
A,,partition,0.3|wd0.0,10,,dirichlet0.5,iid,memo,add_acc_additive_tr,3,3,12.47342300415039,12.544295310974121,-0.11111111111111116
A,,partition,0.3|wd0.0,10,,dirichlet0.5,iid,memo,add_acc_no_a_tr,3,3,99.751953125,99.71651458740234,0.11111111111111116
A,,partition,0.3|wd0.0,10,,dirichlet0.5,iid,memo,add_acc_no_b_tr,3,3,99.751953125,99.751953125,0.11111111111111116
A,,partition,0.3|wd0.0,10,,dirichlet0.5,iid,memo,add_acc_interaction_te,3,3,1.2904205322265625,1.2600576877593994,0.11111111111111116
A,,partition,0.3|wd0.0,10,,dirichlet0.5,iid,memo,add_acc_additive_te,3,3,0.0,0.0,0.0
A,,partition,0.3|wd0.0,10,,dirichlet0.5,iid,memo,add_acc_no_a_te,3,3,0.5617124438285828,0.48580536246299744,0.33333333333333326
A,,partition,0.3|wd0.0,10,,dirichlet0.5,iid,memo,add_acc_no_b_te,3,3,0.6072567105293274,0.5768938660621643,0.33333333333333326
A,,partition,0.3|wd0.0,10,,dirichlet0.5,iid,memo,circ_share_interaction_tr,3,3,0.8376465066712453,0.8346758958268296,0.5555555555555556
A,,partition,0.3|wd0.0,10,,dirichlet0.5,iid,memo,circ_share_marginal_tr,3,3,0.21989169779651688,0.22237452354792964,-0.33333333333333337
A,,partition,0.3|wd0.0,10,,dirichlet0.5,iid,memo,circ_acc_interaction_tr,3,3,99.43302273750305,99.4684636592865,-0.11111111111111116
A,,partition,0.3|wd0.0,10,,dirichlet0.5,iid,memo,circ_acc_marginal_tr,3,3,12.367115169763565,12.154500186443329,0.33333333333333326
A,,partition,0.3|wd0.0,10,,dirichlet0.5,iid,memo,circ_units_tr,3,3,247.04803466796875,246.79612731933594,0.33333333333333326
A,,partition,0.3|wd0.0,10,,dirichlet0.5,iid,memo,circ_share_interaction_te,3,3,0.7600104003086863,0.7568628471197841,0.5555555555555556
A,,partition,0.3|wd0.0,10,,dirichlet0.5,iid,memo,circ_share_marginal_te,3,3,0.2271622378618434,0.23046760930551904,-0.5555555555555556
A,,partition,0.3|wd0.0,10,,dirichlet0.5,iid,memo,circ_acc_interaction_te,3,3,1.2904205359518528,1.2600576505064964,0.33333333333333326
A,,partition,0.3|wd0.0,10,,dirichlet0.5,iid,memo,circ_acc_marginal_te,3,3,0.0,0.0,0.0
A,,partition,0.3|wd0.0,10,,dirichlet0.5,iid,memo,circ_units_te,3,3,247.04803466796875,246.79612731933594,0.33333333333333326
A,,partition,0.3|wd0.0,10,,dirichlet0.5,iid,memo,sharp_lambda_max,3,3,0.005201519466936588,0.004975481890141964,1.0
A,,partition,0.3|wd0.0,10,,dirichlet0.5,iid,memo,sharp_grad_norm,3,3,0.00010334682883694768,0.00010318400745745748,0.11111111111111116
A,,partition,0.3|wd0.0,10,,dirichlet0.5,iid,memo,sharp_lr_lambda,3,3,0.2600759733468294,0.2487740945070982,1.0
A,,partition,0.3|wd0.0,10,,dirichlet0.5,iid,memo,unit_fourier_sum_share,3,3,0.014373022572533752,0.014411556319789659,-0.33333333333333337
A,,partition,0.3|wd0.0,10,,dirichlet0.5,iid,memo,unit_fourier_diff_share,3,3,0.014373022813149528,0.014411556109456746,-0.33333333333333337
A,,partition,0.3|wd0.0,10,,dirichlet0.5,iid,memo,unit_fourier_marginal_share,3,3,0.4425373620945296,0.4422389354733273,0.5555555555555556
A,,partition,0.3|wd0.0,10,,dirichlet0.5,iid,memo,unit_fourier_other_share,3,3,0.5295621509949147,0.529668134235469,-0.33333333333333337
A,,partition,0.3|wd0.0,10,,dirichlet0.5,iid,memo,unit_sum_freq_concentration,3,3,0.007746501317708844,0.007776133480698127,-0.33333333333333337
A,,partition,0.3|wd0.0,10,,dirichlet0.5,iid,memo,unit_n_distinct_sum_freqs,3,3,48.0,48.0,0.0
A,,partition,0.3|wd0.0,10,,dirichlet0.5,iid,memo,fU_ipr,3,3,0.029101130519130516,0.02915387397619507,-0.33333333333333337
A,,partition,0.3|wd0.0,10,,dirichlet0.5,iid,memo,fU_dc_share,3,3,0.00493412617512979,0.004864418268148133,0.33333333333333326
A,,partition,0.3|wd0.0,10,,dirichlet0.5,iid,memo,fU_top1_share,3,3,0.023843103854592814,0.02382752392456444,0.33333333333333326
A,,partition,0.3|wd0.0,10,,dirichlet0.5,iid,memo,fU_nfreq90,3,3,43.0,43.0,0.0
A,,partition,0.3|wd0.0,10,,dirichlet0.5,iid,memo,fU_freq_gini,3,3,0.0409080737185854,0.04084317490901723,0.11111111111111116
A,,partition,0.3|wd0.0,10,,dirichlet0.5,iid,memo,fU_freq_eff_n,3,3,47.873932484052936,47.874233011317294,-0.11111111111111116
A,,partition,0.3|wd0.0,10,,dirichlet0.5,iid,memo,fV_ipr,3,3,0.029465989195809512,0.029505716462411416,-0.5555555555555556
A,,partition,0.3|wd0.0,10,,dirichlet0.5,iid,memo,fV_dc_share,3,3,0.004741739004180124,0.0046936206012175245,0.33333333333333326
A,,partition,0.3|wd0.0,10,,dirichlet0.5,iid,memo,fV_top1_share,3,3,0.02534034797633145,0.025334913581806645,0.33333333333333326
A,,partition,0.3|wd0.0,10,,dirichlet0.5,iid,memo,fV_nfreq90,3,3,43.0,43.0,0.0
A,,partition,0.3|wd0.0,10,,dirichlet0.5,iid,memo,fV_freq_gini,3,3,0.05030500248478953,0.05002963577187547,-0.11111111111111116
A,,partition,0.3|wd0.0,10,,dirichlet0.5,iid,memo,fV_freq_eff_n,3,3,47.80127239041763,47.80376089203021,0.11111111111111116
A,,partition,0.3|wd0.0,10,,dirichlet0.5,iid,memo,fout_ipr,3,3,0.03040306815851139,0.03035674269067318,0.33333333333333326
A,,partition,0.3|wd0.0,10,,dirichlet0.5,iid,memo,fout_dc_share,3,3,0.0002466491666746809,0.00024772625164696843,-0.33333333333333337
A,,partition,0.3|wd0.0,10,,dirichlet0.5,iid,memo,fout_top1_share,3,3,0.024144215979699846,0.024123627502875424,-0.11111111111111116
A,,partition,0.3|wd0.0,10,,dirichlet0.5,iid,memo,fout_nfreq90,3,3,43.0,43.0,0.0
A,,partition,0.3|wd0.0,10,,dirichlet0.5,iid,memo,fout_freq_gini,3,3,0.03742973872533217,0.03757748930939986,-0.11111111111111116
A,,partition,0.3|wd0.0,10,,dirichlet0.5,iid,memo,fout_freq_eff_n,3,3,47.89402927677963,47.893027495103304,0.11111111111111116
A,,partition,0.3|wd0.0,10,,dirichlet0.5,iid,memo,fin_uv_agree_strong,3,3,0.6796875,0.6640625,0.0
A,,partition,0.3|wd0.0,10,,dirichlet0.5,iid,memo,fin_uvw_agree_strong,3,3,0.578125,0.5859375,-0.33333333333333337
A,,partition,0.3|wd0.0,10,,dirichlet0.5,iid,memo,fin_n_unique_freq_strong,3,3,44.0,44.0,-0.2222222222222222
A,,partition,0.3|wd0.0,10,,dirichlet0.5,iid,memo,clock_share,3,3,0.026018428422709204,0.02597529094145148,0.11111111111111116
A,,partition,0.3|wd0.0,10,,dirichlet0.5,iid,memo,clock_nfreq90,3,3,39.0,39.0,0.33333333333333326
A,,partition,0.3|wd0.0,10,,dirichlet0.5,iid,memo,clock_top1_share,3,3,0.04905790883070663,0.049869827261442665,-0.33333333333333337
A,,partition,0.3|wd0.0,10,,dirichlet0.5,iid,memo,clock_freq_gini,3,3,0.26030161271827734,0.25933567541851565,-0.11111111111111116
A,,partition,0.3|wd0.0,10,,dirichlet0.5,iid,memo,clock_key_jaccard_final,3,3,0.7659574468085106,0.7291666666666666,0.7777777777777777
A,,partition,0.3|wd0.0,10,,dirichlet0.5,iid,memo,clock_restricted_loss_tr,3,3,0.008708312176167965,0.008720561861991882,-0.33333333333333337
A,,partition,0.3|wd0.0,10,,dirichlet0.5,iid,memo,clock_restricted_acc_tr,3,3,100.0,100.0,0.0
A,,partition,0.3|wd0.0,10,,dirichlet0.5,iid,memo,clock_excluded_loss_tr,3,3,0.008212227374315262,0.008202548138797283,0.11111111111111116
A,,partition,0.3|wd0.0,10,,dirichlet0.5,iid,memo,clock_excluded_acc_tr,3,3,94.22395324707031,94.2948226928711,-0.4444444444444444
A,,partition,0.3|wd0.0,10,,dirichlet0.5,iid,memo,clock_restricted_loss_te,3,3,0.008708498440682888,0.008720713667571545,-0.33333333333333337
A,,partition,0.3|wd0.0,10,,dirichlet0.5,iid,memo,clock_restricted_acc_te,3,3,100.0,100.0,0.0
A,,partition,0.3|wd0.0,10,,dirichlet0.5,iid,memo,clock_excluded_loss_te,3,3,0.01493001263588667,0.014843754470348358,0.5555555555555556
A,,partition,0.3|wd0.0,10,,dirichlet0.5,iid,memo,clock_excluded_acc_te,3,3,0.0,0.0,0.0
A,,partition,0.3|wd0.0,10,,dirichlet0.5,iid,cross,fn_loss_tr,3,3,0.002888961462303996,0.0028011882677674294,0.33333333333333326
A,,partition,0.3|wd0.0,10,,dirichlet0.5,iid,cross,fn_acc_tr,3,3,100.0,100.0,0.0
A,,partition,0.3|wd0.0,10,,dirichlet0.5,iid,cross,fn_margin_tr,3,3,0.6038507223129272,0.6155915260314941,-0.33333333333333337
A,,partition,0.3|wd0.0,10,,dirichlet0.5,iid,cross,fn_entropy_tr,3,3,4.569505214691162,4.569365501403809,0.33333333333333326
A,,partition,0.3|wd0.0,10,,dirichlet0.5,iid,cross,fn_loss_te,3,3,0.007494497112929821,0.0073105087503790855,0.33333333333333326
A,,partition,0.3|wd0.0,10,,dirichlet0.5,iid,cross,fn_acc_te,3,3,99.9089126586914,99.98481750488281,-0.2222222222222222
A,,partition,0.3|wd0.0,10,,dirichlet0.5,iid,cross,fn_margin_te,3,3,0.31017374992370605,0.3239513635635376,-0.33333333333333337
A,,partition,0.3|wd0.0,10,,dirichlet0.5,iid,cross,fn_entropy_te,3,3,4.570615291595459,4.570531368255615,0.33333333333333326
A,,partition,0.3|wd0.0,10,,dirichlet0.5,iid,cross,fn_gap_loss,3,3,0.004605535650625825,0.004509320482611656,0.33333333333333326
A,,partition,0.3|wd0.0,10,,dirichlet0.5,iid,cross,fn_gap_acc,3,3,0.09108734130859375,0.0151824951171875,0.22222222222222232
A,,partition,0.3|wd0.0,10,,dirichlet0.5,iid,cross,fn_class_acc_gini,3,3,0.0007929927085144062,0.0001437251653548799,0.22222222222222232
A,,partition,0.3|wd0.0,10,,dirichlet0.5,iid,cross,w_W1_fro,3,3,33.27481460571289,32.75274658203125,1.0
A,,partition,0.3|wd0.0,10,,dirichlet0.5,iid,cross,w_W1_spec,3,3,4.351138114929199,4.281885623931885,1.0
A,,partition,0.3|wd0.0,10,,dirichlet0.5,iid,cross,w_W1_stable_rank,3,3,58.627254486083984,58.78479766845703,-0.33333333333333337
A,,partition,0.3|wd0.0,10,,dirichlet0.5,iid,cross,w_W1_eff_rank,3,3,170.99819429638154,171.13155774344517,-0.5555555555555556
A,,partition,0.3|wd0.0,10,,dirichlet0.5,iid,cross,w_W1_sv_gini,3,3,0.27889553329382255,0.27738691547147276,0.33333333333333326
A,,partition,0.3|wd0.0,10,,dirichlet0.5,iid,cross,w_W1_entry_gini,3,3,0.35330529983682557,0.3523586862175625,0.33333333333333326
A,,partition,0.3|wd0.0,10,,dirichlet0.5,iid,cross,w_W1_row_gini,3,3,0.06684195076354094,0.06751797463474407,-0.5555555555555556
A,,partition,0.3|wd0.0,10,,dirichlet0.5,iid,cross,w_W1_row_pr,3,3,0.9845083408637963,0.9843485815454459,0.11111111111111116
A,,partition,0.3|wd0.0,10,,dirichlet0.5,iid,cross,w_W1_dist_init,3,3,30.39987564086914,30.03836441040039,0.5555555555555556
A,,partition,0.3|wd0.0,10,,dirichlet0.5,iid,cross,w_W1_rel_dist_init,3,3,1.8967434870693431,1.874187668749738,0.5555555555555556
A,,partition,0.3|wd0.0,10,,dirichlet0.5,iid,cross,w_W1_cos_init,3,3,0.4124614894390106,0.4070138931274414,0.33333333333333326
A,,partition,0.3|wd0.0,10,,dirichlet0.5,iid,cross,w_W2_fro,3,3,18.8967342376709,19.592012405395508,-1.0
A,,partition,0.3|wd0.0,10,,dirichlet0.5,iid,cross,w_W2_spec,3,3,2.7414231300354004,2.833822011947632,-0.5555555555555556
A,,partition,0.3|wd0.0,10,,dirichlet0.5,iid,cross,w_W2_stable_rank,3,3,47.51463317871094,47.799110412597656,-0.33333333333333337
A,,partition,0.3|wd0.0,10,,dirichlet0.5,iid,cross,w_W2_eff_rank,3,3,93.77366583958202,93.9599000812955,-0.33333333333333337
A,,partition,0.3|wd0.0,10,,dirichlet0.5,iid,cross,w_W2_sv_gini,3,3,0.13760667786406322,0.1327109099683934,0.33333333333333326
A,,partition,0.3|wd0.0,10,,dirichlet0.5,iid,cross,w_W2_entry_gini,3,3,0.3936944760808472,0.39200483152876053,0.11111111111111116
A,,partition,0.3|wd0.0,10,,dirichlet0.5,iid,cross,w_W2_row_gini,3,3,0.06138924876381191,0.06067161407210375,0.33333333333333326
A,,partition,0.3|wd0.0,10,,dirichlet0.5,iid,cross,w_W2_row_pr,3,3,0.9886365037780293,0.9888660218552263,-0.33333333333333337
A,,partition,0.3|wd0.0,10,,dirichlet0.5,iid,cross,w_W2_dist_init,3,3,18.894546508789062,19.589649200439453,-1.0
A,,partition,0.3|wd0.0,10,,dirichlet0.5,iid,cross,w_W2_rel_dist_init,3,3,30.55821634455168,31.68240836595067,-1.0
A,,partition,0.3|wd0.0,10,,dirichlet0.5,iid,cross,w_W2_cos_init,3,3,0.02116413041949272,0.021665407344698906,0.11111111111111116
A,,partition,0.3|wd0.0,10,,dirichlet0.5,iid,cross,w_all_norm,3,3,38.26617111619253,38.16528997348155,0.5555555555555556
A,,partition,0.3|wd0.0,10,,dirichlet0.5,iid,cross,w_all_rel_norm,3,3,2.3776384927771286,2.37306599645126,0.5555555555555556
A,,partition,0.3|wd0.0,10,,dirichlet0.5,iid,cross,w_all_dist_init,3,3,35.793244149603176,35.861646535655424,-0.33333333333333337
A,,partition,0.3|wd0.0,10,,dirichlet0.5,iid,cross,w_all_rel_dist_init,3,3,2.231592623869535,2.2358572906745686,-0.5555555555555556
A,,partition,0.3|wd0.0,10,,dirichlet0.5,iid,cross,w_all_cos_init,3,3,0.35877304265796167,0.3494200380889535,0.33333333333333326
A,,partition,0.3|wd0.0,10,,dirichlet0.5,iid,cross,rep_between_within_tr,3,3,0.35762861254040895,0.3632459962463646,-0.33333333333333337
A,,partition,0.3|wd0.0,10,,dirichlet0.5,iid,cross,rep_nc1_tr,3,3,0.9392154277774474,0.8920027928412089,0.33333333333333326
A,,partition,0.3|wd0.0,10,,dirichlet0.5,iid,cross,rep_eff_rank_te,3,3,242.729867149797,242.79103486173705,-0.11111111111111116
A,,partition,0.3|wd0.0,10,,dirichlet0.5,iid,cross,rep_pr_te,3,3,153.47544391141386,155.3860586868047,-0.33333333333333337
A,,partition,0.3|wd0.0,10,,dirichlet0.5,iid,cross,rep_unit_gini_te,3,3,0.23646664033764342,0.23592697688390496,-0.11111111111111116
A,,partition,0.3|wd0.0,10,,dirichlet0.5,iid,cross,rep_unit_pr_te,3,3,0.7993847151045589,0.8035145448751848,-0.33333333333333337
A,,partition,0.3|wd0.0,10,,dirichlet0.5,iid,cross,rep_between_within_te,3,3,0.24686303187773895,0.2526551377150108,-0.33333333333333337
A,,partition,0.3|wd0.0,10,,dirichlet0.5,iid,cross,unit_interaction_share,3,3,0.6864116575947047,0.6888657164617281,-0.33333333333333337
A,,partition,0.3|wd0.0,10,,dirichlet0.5,iid,cross,unit_frac_interacting,3,3,0.96875,0.96875,0.22222222222222232
A,,partition,0.3|wd0.0,10,,dirichlet0.5,iid,cross,add_share_a,3,3,0.03385396455493299,0.03330409069432097,0.33333333333333326
A,,partition,0.3|wd0.0,10,,dirichlet0.5,iid,cross,add_share_b,3,3,0.033770195188559865,0.03303846717426075,0.33333333333333326
A,,partition,0.3|wd0.0,10,,dirichlet0.5,iid,cross,add_share_interaction,3,3,0.9321700042074353,0.933474677676019,-0.33333333333333337
A,,partition,0.3|wd0.0,10,,dirichlet0.5,iid,cross,add_acc_interaction_tr,3,3,100.0,100.0,0.0
A,,partition,0.3|wd0.0,10,,dirichlet0.5,iid,cross,add_acc_additive_tr,3,3,8.327427864074707,8.362863540649414,-0.11111111111111116
A,,partition,0.3|wd0.0,10,,dirichlet0.5,iid,cross,add_acc_no_a_tr,3,3,100.0,100.0,0.0
A,,partition,0.3|wd0.0,10,,dirichlet0.5,iid,cross,add_acc_no_b_tr,3,3,100.0,100.0,0.0
A,,partition,0.3|wd0.0,10,,dirichlet0.5,iid,cross,add_acc_interaction_te,3,3,100.0,100.0,-0.11111111111111116
A,,partition,0.3|wd0.0,10,,dirichlet0.5,iid,cross,add_acc_additive_te,3,3,0.22772127389907837,0.25808411836624146,-0.33333333333333337
A,,partition,0.3|wd0.0,10,,dirichlet0.5,iid,cross,add_acc_no_a_te,3,3,99.96963500976562,100.0,-0.33333333333333337
A,,partition,0.3|wd0.0,10,,dirichlet0.5,iid,cross,add_acc_no_b_te,3,3,100.0,99.98481750488281,0.11111111111111116
A,,partition,0.3|wd0.0,10,,dirichlet0.5,iid,cross,circ_share_interaction_tr,3,3,0.9642932054627893,0.964951355311085,-0.33333333333333337
A,,partition,0.3|wd0.0,10,,dirichlet0.5,iid,cross,circ_share_marginal_tr,3,3,0.0696798377847904,0.06836152736826623,0.33333333333333326
A,,partition,0.3|wd0.0,10,,dirichlet0.5,iid,cross,circ_acc_interaction_tr,3,3,100.0,100.0,0.0
A,,partition,0.3|wd0.0,10,,dirichlet0.5,iid,cross,circ_acc_marginal_tr,3,3,7.3352232575416565,7.973068952560425,-0.33333333333333337
A,,partition,0.3|wd0.0,10,,dirichlet0.5,iid,cross,circ_units_tr,3,3,118.3164291381836,121.1509780883789,-0.5555555555555556
A,,partition,0.3|wd0.0,10,,dirichlet0.5,iid,cross,circ_share_interaction_te,3,3,0.9269432947112973,0.9285236666637291,-0.33333333333333337
A,,partition,0.3|wd0.0,10,,dirichlet0.5,iid,cross,circ_share_marginal_te,3,3,0.07465928217831237,0.07362235417345972,0.33333333333333326
A,,partition,0.3|wd0.0,10,,dirichlet0.5,iid,cross,circ_acc_interaction_te,3,3,100.0,100.0,-0.11111111111111116
A,,partition,0.3|wd0.0,10,,dirichlet0.5,iid,cross,circ_acc_marginal_te,3,3,0.2125398488715291,0.24290268775075674,-0.2222222222222222
A,,partition,0.3|wd0.0,10,,dirichlet0.5,iid,cross,circ_units_te,3,3,118.3164291381836,121.1509780883789,-0.5555555555555556
A,,partition,0.3|wd0.0,10,,dirichlet0.5,iid,cross,sharp_lambda_max,3,3,0.011532806791365147,0.010880476795136929,1.0
A,,partition,0.3|wd0.0,10,,dirichlet0.5,iid,cross,sharp_grad_norm,3,3,0.00010324443428544328,0.00010230235784547403,0.11111111111111116
A,,partition,0.3|wd0.0,10,,dirichlet0.5,iid,cross,sharp_lr_lambda,3,3,0.5766403395682573,0.5440238397568464,1.0
A,,partition,0.3|wd0.0,10,,dirichlet0.5,iid,cross,unit_fourier_sum_share,3,3,0.20221713416305093,0.20594008918594303,-0.33333333333333337
A,,partition,0.3|wd0.0,10,,dirichlet0.5,iid,cross,unit_fourier_diff_share,3,3,0.20221713221655443,0.20594008609116216,-0.33333333333333337
A,,partition,0.3|wd0.0,10,,dirichlet0.5,iid,cross,unit_fourier_marginal_share,3,3,0.31358834064269514,0.31113428417483446,0.33333333333333326
A,,partition,0.3|wd0.0,10,,dirichlet0.5,iid,cross,unit_fourier_other_share,3,3,0.2819773929776995,0.27698554054806035,0.33333333333333326
A,,partition,0.3|wd0.0,10,,dirichlet0.5,iid,cross,unit_sum_freq_concentration,3,3,0.19913860446252052,0.20291737573721852,-0.33333333333333337
A,,partition,0.3|wd0.0,10,,dirichlet0.5,iid,cross,unit_n_distinct_sum_freqs,3,3,48.0,48.0,0.0
A,,partition,0.3|wd0.0,10,,dirichlet0.5,iid,cross,fU_ipr,3,3,0.19710101489163923,0.2012103958482058,-0.33333333333333337
A,,partition,0.3|wd0.0,10,,dirichlet0.5,iid,cross,fU_dc_share,3,3,0.003993666262330863,0.003948934876028954,0.33333333333333326
A,,partition,0.3|wd0.0,10,,dirichlet0.5,iid,cross,fU_top1_share,3,3,0.027194888584821626,0.02661677146626179,0.5555555555555556
A,,partition,0.3|wd0.0,10,,dirichlet0.5,iid,cross,fU_nfreq90,3,3,42.0,42.0,0.0
A,,partition,0.3|wd0.0,10,,dirichlet0.5,iid,cross,fU_freq_gini,3,3,0.0931857840638588,0.09089202281173336,0.5555555555555556
A,,partition,0.3|wd0.0,10,,dirichlet0.5,iid,cross,fU_freq_eff_n,3,3,47.332637195746436,47.355755733220384,-0.7777777777777778
A,,partition,0.3|wd0.0,10,,dirichlet0.5,iid,cross,fV_ipr,3,3,0.19552974655041655,0.2005665459089494,-0.33333333333333337
A,,partition,0.3|wd0.0,10,,dirichlet0.5,iid,cross,fV_dc_share,3,3,0.003819060131075406,0.0037230542283453677,-0.11111111111111116
A,,partition,0.3|wd0.0,10,,dirichlet0.5,iid,cross,fV_top1_share,3,3,0.02719794651835238,0.026829564385024242,0.5555555555555556
A,,partition,0.3|wd0.0,10,,dirichlet0.5,iid,cross,fV_nfreq90,3,3,42.0,42.0,0.0
A,,partition,0.3|wd0.0,10,,dirichlet0.5,iid,cross,fV_freq_gini,3,3,0.0930865991944343,0.08894517496173981,0.5555555555555556
A,,partition,0.3|wd0.0,10,,dirichlet0.5,iid,cross,fV_freq_eff_n,3,3,47.34608549318469,47.37015012886005,-0.5555555555555556
A,,partition,0.3|wd0.0,10,,dirichlet0.5,iid,cross,fout_ipr,3,3,0.19674530657363914,0.20046953134259243,-0.33333333333333337
A,,partition,0.3|wd0.0,10,,dirichlet0.5,iid,cross,fout_dc_share,3,3,8.112569284867304e-05,8.098345508613305e-05,-0.11111111111111116
A,,partition,0.3|wd0.0,10,,dirichlet0.5,iid,cross,fout_top1_share,3,3,0.023940210161162222,0.023652831316393966,0.5555555555555556
A,,partition,0.3|wd0.0,10,,dirichlet0.5,iid,cross,fout_nfreq90,3,3,43.0,43.0,0.0
A,,partition,0.3|wd0.0,10,,dirichlet0.5,iid,cross,fout_freq_gini,3,3,0.03541345297529741,0.03377505517645174,0.7777777777777777
A,,partition,0.3|wd0.0,10,,dirichlet0.5,iid,cross,fout_freq_eff_n,3,3,47.90091463276798,47.91109612906257,-1.0
A,,partition,0.3|wd0.0,10,,dirichlet0.5,iid,cross,fin_uv_agree_strong,3,3,1.0,0.9921875,0.22222222222222232
A,,partition,0.3|wd0.0,10,,dirichlet0.5,iid,cross,fin_uvw_agree_strong,3,3,0.984375,0.9921875,-0.4444444444444444
A,,partition,0.3|wd0.0,10,,dirichlet0.5,iid,cross,fin_n_unique_freq_strong,3,3,47.0,47.0,-0.33333333333333337
A,,partition,0.3|wd0.0,10,,dirichlet0.5,iid,cross,clock_share,3,3,0.4913783099429602,0.5023090176962496,-0.33333333333333337
A,,partition,0.3|wd0.0,10,,dirichlet0.5,iid,cross,clock_nfreq90,3,3,33.0,34.0,-0.11111111111111116
A,,partition,0.3|wd0.0,10,,dirichlet0.5,iid,cross,clock_top1_share,3,3,0.04889401084375757,0.047208594659507566,0.33333333333333326
A,,partition,0.3|wd0.0,10,,dirichlet0.5,iid,cross,clock_freq_gini,3,3,0.36661358010943457,0.35452925720735085,0.33333333333333326
A,,partition,0.3|wd0.0,10,,dirichlet0.5,iid,cross,clock_key_jaccard_final,3,3,0.6382978723404256,0.6956521739130435,-0.33333333333333337
A,,partition,0.3|wd0.0,10,,dirichlet0.5,iid,cross,clock_restricted_loss_tr,3,3,0.003119423985481262,0.0029268816579133272,0.11111111111111116
A,,partition,0.3|wd0.0,10,,dirichlet0.5,iid,cross,clock_restricted_acc_tr,3,3,100.0,100.0,0.0
A,,partition,0.3|wd0.0,10,,dirichlet0.5,iid,cross,clock_excluded_loss_tr,3,3,0.008627445437014103,0.008704505860805511,-0.11111111111111116
A,,partition,0.3|wd0.0,10,,dirichlet0.5,iid,cross,clock_excluded_acc_tr,3,3,85.68391418457031,85.01062774658203,0.33333333333333326
A,,partition,0.3|wd0.0,10,,dirichlet0.5,iid,cross,clock_restricted_loss_te,3,3,0.0031196484342217445,0.002927108434960246,0.11111111111111116
A,,partition,0.3|wd0.0,10,,dirichlet0.5,iid,cross,clock_restricted_acc_te,3,3,100.0,100.0,0.0
A,,partition,0.3|wd0.0,10,,dirichlet0.5,iid,cross,clock_excluded_loss_te,3,3,0.015161930583417416,0.01517526339739561,0.11111111111111116
A,,partition,0.3|wd0.0,10,,dirichlet0.5,iid,cross,clock_excluded_acc_te,3,3,1.6851375102996826,1.4877790212631226,0.11111111111111116
A,,partition,0.3|wd0.0,10,,dirichlet0.5,iid,end,fn_loss_tr,3,3,3.996296436525881e-05,3.533195922500454e-05,0.7777777777777777
A,,partition,0.3|wd0.0,10,,dirichlet0.5,iid,end,fn_acc_tr,3,3,100.0,100.0,0.0
A,,partition,0.3|wd0.0,10,,dirichlet0.5,iid,end,fn_margin_tr,3,3,0.9803141355514526,0.9817081093788147,-0.7777777777777778
A,,partition,0.3|wd0.0,10,,dirichlet0.5,iid,end,fn_entropy_tr,3,3,4.564846992492676,4.5648345947265625,1.0
A,,partition,0.3|wd0.0,10,,dirichlet0.5,iid,end,fn_loss_te,3,3,0.0002783082309179008,0.00025048956740647554,0.5555555555555556
A,,partition,0.3|wd0.0,10,,dirichlet0.5,iid,end,fn_acc_te,3,3,100.0,100.0,0.0
A,,partition,0.3|wd0.0,10,,dirichlet0.5,iid,end,fn_margin_te,3,3,0.9612823128700256,0.9640863537788391,-1.0
A,,partition,0.3|wd0.0,10,,dirichlet0.5,iid,end,fn_entropy_te,3,3,4.564859867095947,4.564846038818359,1.0
A,,partition,0.3|wd0.0,10,,dirichlet0.5,iid,end,fn_gap_loss,3,3,0.000238345266552642,0.000215157608181471,0.33333333333333326
A,,partition,0.3|wd0.0,10,,dirichlet0.5,iid,end,fn_gap_acc,3,3,0.0,0.0,0.0
A,,partition,0.3|wd0.0,10,,dirichlet0.5,iid,end,fn_class_acc_gini,3,3,0.0,0.0,0.0
A,,partition,0.3|wd0.0,10,,dirichlet0.5,iid,end,w_W1_fro,3,3,37.48168182373047,36.844181060791016,1.0
A,,partition,0.3|wd0.0,10,,dirichlet0.5,iid,end,w_W1_spec,3,3,9.239175796508789,9.466365814208984,0.11111111111111116
A,,partition,0.3|wd0.0,10,,dirichlet0.5,iid,end,w_W1_stable_rank,3,3,16.45829200744629,15.260210990905762,0.11111111111111116
A,,partition,0.3|wd0.0,10,,dirichlet0.5,iid,end,w_W1_eff_rank,3,3,164.13795122314346,163.890587770053,-0.11111111111111116
A,,partition,0.3|wd0.0,10,,dirichlet0.5,iid,end,w_W1_sv_gini,3,3,0.31822131960790423,0.31961244522525467,0.11111111111111116
A,,partition,0.3|wd0.0,10,,dirichlet0.5,iid,end,w_W1_entry_gini,3,3,0.3946328824044003,0.39318266939345614,0.33333333333333326
A,,partition,0.3|wd0.0,10,,dirichlet0.5,iid,end,w_W1_row_gini,3,3,0.10632224875898078,0.10676788135603266,-0.11111111111111116
A,,partition,0.3|wd0.0,10,,dirichlet0.5,iid,end,w_W1_row_pr,3,3,0.9667043075165358,0.9664952762012259,0.11111111111111116
A,,partition,0.3|wd0.0,10,,dirichlet0.5,iid,end,w_W1_dist_init,3,3,37.817626953125,37.27946472167969,1.0
A,,partition,0.3|wd0.0,10,,dirichlet0.5,iid,end,w_W1_rel_dist_init,3,3,2.3595602319939983,2.325982604258301,1.0
A,,partition,0.3|wd0.0,10,,dirichlet0.5,iid,end,w_W1_cos_init,3,3,0.1927487701177597,0.19183844327926636,0.33333333333333326
A,,partition,0.3|wd0.0,10,,dirichlet0.5,iid,end,w_W2_fro,3,3,22.2736873626709,22.85330581665039,-1.0
A,,partition,0.3|wd0.0,10,,dirichlet0.5,iid,end,w_W2_spec,3,3,3.2880616188049316,3.4040281772613525,-1.0
A,,partition,0.3|wd0.0,10,,dirichlet0.5,iid,end,w_W2_stable_rank,3,3,46.57229995727539,45.07332229614258,0.5555555555555556
A,,partition,0.3|wd0.0,10,,dirichlet0.5,iid,end,w_W2_eff_rank,3,3,92.84044309616134,92.76194959792316,0.11111111111111116
A,,partition,0.3|wd0.0,10,,dirichlet0.5,iid,end,w_W2_sv_gini,3,3,0.15769719356200484,0.1589584196409588,-0.11111111111111116
A,,partition,0.3|wd0.0,10,,dirichlet0.5,iid,end,w_W2_entry_gini,3,3,0.3655093161417913,0.3633006349536503,0.5555555555555556
A,,partition,0.3|wd0.0,10,,dirichlet0.5,iid,end,w_W2_row_gini,3,3,0.014570786610882402,0.015132717883933555,-0.33333333333333337
A,,partition,0.3|wd0.0,10,,dirichlet0.5,iid,end,w_W2_row_pr,3,3,0.9993437064985494,0.9992958481145408,0.33333333333333326
A,,partition,0.3|wd0.0,10,,dirichlet0.5,iid,end,w_W2_dist_init,3,3,22.280134201049805,22.851646423339844,-1.0
A,,partition,0.3|wd0.0,10,,dirichlet0.5,iid,end,w_W2_rel_dist_init,3,3,36.045223132131206,36.95804791656645,-1.0
A,,partition,0.3|wd0.0,10,,dirichlet0.5,iid,end,w_W2_cos_init,3,3,0.010069223120808601,0.010463213548064232,-0.33333333333333337
A,,partition,0.3|wd0.0,10,,dirichlet0.5,iid,end,w_all_norm,3,3,43.59282032452114,43.35628287560752,1.0
A,,partition,0.3|wd0.0,10,,dirichlet0.5,iid,end,w_all_rel_norm,3,3,2.7178708887987133,2.7031235464215233,0.33333333333333326
A,,partition,0.3|wd0.0,10,,dirichlet0.5,iid,end,w_all_dist_init,3,3,43.88320441841056,43.725921764924536,0.7777777777777777
A,,partition,0.3|wd0.0,10,,dirichlet0.5,iid,end,w_all_rel_dist_init,3,3,2.735975394758111,2.7261693316945053,0.33333333333333326
A,,partition,0.3|wd0.0,10,,dirichlet0.5,iid,end,w_all_cos_init,3,3,0.16580294669487772,0.16304247949671744,0.7777777777777777
A,,partition,0.3|wd0.0,10,,dirichlet0.5,iid,end,rep_between_within_tr,3,3,0.4445981430661226,0.4606636164107978,-0.7777777777777778
A,,partition,0.3|wd0.0,10,,dirichlet0.5,iid,end,rep_nc1_tr,3,3,0.5493378822967018,0.531533536243416,0.5555555555555556
A,,partition,0.3|wd0.0,10,,dirichlet0.5,iid,end,rep_eff_rank_te,3,3,229.02056638807497,227.95749394301347,0.33333333333333326
A,,partition,0.3|wd0.0,10,,dirichlet0.5,iid,end,rep_pr_te,3,3,128.9927545092294,127.83734880780584,-0.11111111111111116
A,,partition,0.3|wd0.0,10,,dirichlet0.5,iid,end,rep_unit_gini_te,3,3,0.27887315951858205,0.2881105821031995,-0.11111111111111116
A,,partition,0.3|wd0.0,10,,dirichlet0.5,iid,end,rep_unit_pr_te,3,3,0.7829966084042955,0.7753977151160634,-0.11111111111111116
A,,partition,0.3|wd0.0,10,,dirichlet0.5,iid,end,rep_between_within_te,3,3,0.4045665829827769,0.42359658569122843,-0.33333333333333337
A,,partition,0.3|wd0.0,10,,dirichlet0.5,iid,end,unit_interaction_share,3,3,0.5923636468188268,0.6073376364692927,-0.33333333333333337
A,,partition,0.3|wd0.0,10,,dirichlet0.5,iid,end,unit_frac_interacting,3,3,0.61328125,0.6015625,-0.11111111111111116
A,,partition,0.3|wd0.0,10,,dirichlet0.5,iid,end,add_share_a,3,3,0.0010995182008498128,0.0009314442208121237,0.33333333333333326
A,,partition,0.3|wd0.0,10,,dirichlet0.5,iid,end,add_share_b,3,3,0.0012144710039046819,0.0010553556719088064,0.33333333333333326
A,,partition,0.3|wd0.0,10,,dirichlet0.5,iid,end,add_share_interaction,3,3,0.9976741575079674,0.9979824078791767,-0.7777777777777778
A,,partition,0.3|wd0.0,10,,dirichlet0.5,iid,end,add_acc_interaction_tr,3,3,100.0,100.0,0.0
A,,partition,0.3|wd0.0,10,,dirichlet0.5,iid,end,add_acc_additive_tr,3,3,2.0198440551757812,1.3819986581802368,0.5555555555555556
A,,partition,0.3|wd0.0,10,,dirichlet0.5,iid,end,add_acc_no_a_tr,3,3,100.0,100.0,0.0
A,,partition,0.3|wd0.0,10,,dirichlet0.5,iid,end,add_acc_no_b_tr,3,3,100.0,100.0,0.0
A,,partition,0.3|wd0.0,10,,dirichlet0.5,iid,end,add_acc_interaction_te,3,3,100.0,100.0,0.0
A,,partition,0.3|wd0.0,10,,dirichlet0.5,iid,end,add_acc_additive_te,3,3,1.0626991987228394,0.8957036733627319,0.33333333333333326
A,,partition,0.3|wd0.0,10,,dirichlet0.5,iid,end,add_acc_no_a_te,3,3,100.0,100.0,0.0
A,,partition,0.3|wd0.0,10,,dirichlet0.5,iid,end,add_acc_no_b_te,3,3,100.0,100.0,0.0
A,,partition,0.3|wd0.0,10,,dirichlet0.5,iid,end,circ_share_interaction_tr,3,3,1.0933843491350614,1.098549564879152,-0.5555555555555556
A,,partition,0.3|wd0.0,10,,dirichlet0.5,iid,end,circ_share_marginal_tr,3,3,0.09892002868396933,0.10271794915732688,-0.33333333333333337
A,,partition,0.3|wd0.0,10,,dirichlet0.5,iid,end,circ_acc_interaction_tr,3,3,100.0,100.0,0.0
A,,partition,0.3|wd0.0,10,,dirichlet0.5,iid,end,circ_acc_marginal_tr,3,3,1.3819986023008823,1.204819232225418,0.33333333333333326
A,,partition,0.3|wd0.0,10,,dirichlet0.5,iid,end,circ_units_tr,3,3,110.30303192138672,115.52165222167969,-0.5555555555555556
A,,partition,0.3|wd0.0,10,,dirichlet0.5,iid,end,circ_share_interaction_te,3,3,1.0869671471284406,1.0912146747234386,-0.33333333333333337
A,,partition,0.3|wd0.0,10,,dirichlet0.5,iid,end,circ_share_marginal_te,3,3,0.09632468853346048,0.09984378313719355,-0.33333333333333337
A,,partition,0.3|wd0.0,10,,dirichlet0.5,iid,end,circ_acc_interaction_te,3,3,100.0,100.0,0.0
A,,partition,0.3|wd0.0,10,,dirichlet0.5,iid,end,circ_acc_marginal_te,3,3,1.1386063881218433,1.1689691804349422,0.11111111111111116
A,,partition,0.3|wd0.0,10,,dirichlet0.5,iid,end,circ_units_te,3,3,110.30303192138672,115.52165222167969,-0.5555555555555556
A,,partition,0.3|wd0.0,10,,dirichlet0.5,iid,end,sharp_lambda_max,3,3,0.021890366449952126,0.020710526034235954,1.0
A,,partition,0.3|wd0.0,10,,dirichlet0.5,iid,end,sharp_grad_norm,3,3,9.261619197786786e-06,8.470247848890722e-06,1.0
A,,partition,0.3|wd0.0,10,,dirichlet0.5,iid,end,sharp_lr_lambda,3,3,1.0945183224976063,1.0355263017117977,1.0
A,,partition,0.3|wd0.0,10,,dirichlet0.5,iid,end,unit_fourier_sum_share,3,3,0.2864696809147382,0.2951990996920848,-0.33333333333333337
A,,partition,0.3|wd0.0,10,,dirichlet0.5,iid,end,unit_fourier_diff_share,3,3,0.2864696729223329,0.2951990997846218,-0.33333333333333337
A,,partition,0.3|wd0.0,10,,dirichlet0.5,iid,end,unit_fourier_marginal_share,3,3,0.40763634890397993,0.3926623663515103,0.33333333333333326
A,,partition,0.3|wd0.0,10,,dirichlet0.5,iid,end,unit_fourier_other_share,3,3,0.017705293817283474,0.015803430715836342,0.5555555555555556
A,,partition,0.3|wd0.0,10,,dirichlet0.5,iid,end,unit_sum_freq_concentration,3,3,0.28634904291099933,0.2950911046274851,-0.33333333333333337
A,,partition,0.3|wd0.0,10,,dirichlet0.5,iid,end,unit_n_distinct_sum_freqs,3,3,48.0,48.0,0.0
A,,partition,0.3|wd0.0,10,,dirichlet0.5,iid,end,fU_ipr,3,3,0.410096897107631,0.4092442961867132,0.11111111111111116
A,,partition,0.3|wd0.0,10,,dirichlet0.5,iid,end,fU_dc_share,3,3,0.06344894975424986,0.06495744192920584,-0.11111111111111116
A,,partition,0.3|wd0.0,10,,dirichlet0.5,iid,end,fU_top1_share,3,3,0.02859024140583227,0.027712878087676494,0.7777777777777777
A,,partition,0.3|wd0.0,10,,dirichlet0.5,iid,end,fU_nfreq90,3,3,42.0,42.0,-0.33333333333333337
A,,partition,0.3|wd0.0,10,,dirichlet0.5,iid,end,fU_freq_gini,3,3,0.08166907777531596,0.08129998385587012,0.33333333333333326
A,,partition,0.3|wd0.0,10,,dirichlet0.5,iid,end,fU_freq_eff_n,3,3,47.39921262311003,47.495751586519276,-0.5555555555555556
A,,partition,0.3|wd0.0,10,,dirichlet0.5,iid,end,fV_ipr,3,3,0.4054294004329213,0.4097114928808407,-0.11111111111111116
A,,partition,0.3|wd0.0,10,,dirichlet0.5,iid,end,fV_dc_share,3,3,0.05771026881529537,0.06511926427027256,-0.11111111111111116
A,,partition,0.3|wd0.0,10,,dirichlet0.5,iid,end,fV_top1_share,3,3,0.03208307423623534,0.03077333222466126,0.11111111111111116
A,,partition,0.3|wd0.0,10,,dirichlet0.5,iid,end,fV_nfreq90,3,3,42.0,43.0,-0.33333333333333337
A,,partition,0.3|wd0.0,10,,dirichlet0.5,iid,end,fV_freq_gini,3,3,0.0940617638944341,0.0748165994873331,0.33333333333333326
A,,partition,0.3|wd0.0,10,,dirichlet0.5,iid,end,fV_freq_eff_n,3,3,47.29041888791096,47.55555554479133,-0.5555555555555556
A,,partition,0.3|wd0.0,10,,dirichlet0.5,iid,end,fout_ipr,3,3,0.3220394242589673,0.3203966411017517,0.33333333333333326
A,,partition,0.3|wd0.0,10,,dirichlet0.5,iid,end,fout_dc_share,3,3,0.00010183720053110682,0.0001112296385111641,-0.7777777777777778
A,,partition,0.3|wd0.0,10,,dirichlet0.5,iid,end,fout_top1_share,3,3,0.028081864326831664,0.02758193646272808,0.5555555555555556
A,,partition,0.3|wd0.0,10,,dirichlet0.5,iid,end,fout_nfreq90,3,3,42.0,42.0,0.33333333333333326
A,,partition,0.3|wd0.0,10,,dirichlet0.5,iid,end,fout_freq_gini,3,3,0.08091910477355602,0.07789950995856865,0.11111111111111116
A,,partition,0.3|wd0.0,10,,dirichlet0.5,iid,end,fout_freq_eff_n,3,3,47.45898115553535,47.484730249959924,-0.33333333333333337
A,,partition,0.3|wd0.0,10,,dirichlet0.5,iid,end,fin_uv_agree_strong,3,3,1.0,1.0,-0.33333333333333337
A,,partition,0.3|wd0.0,10,,dirichlet0.5,iid,end,fin_uvw_agree_strong,3,3,0.9921875,1.0,-0.4444444444444444
A,,partition,0.3|wd0.0,10,,dirichlet0.5,iid,end,fin_n_unique_freq_strong,3,3,47.0,47.0,-0.33333333333333337
A,,partition,0.3|wd0.0,10,,dirichlet0.5,iid,end,clock_share,3,3,0.9799062028522374,0.9819075408063256,-0.5555555555555556
A,,partition,0.3|wd0.0,10,,dirichlet0.5,iid,end,clock_nfreq90,3,3,44.0,44.0,0.0
A,,partition,0.3|wd0.0,10,,dirichlet0.5,iid,end,clock_top1_share,3,3,0.02118841655258662,0.02113566439597055,0.5555555555555556
A,,partition,0.3|wd0.0,10,,dirichlet0.5,iid,end,clock_freq_gini,3,3,0.004783386577801307,0.003943140576537996,0.33333333333333326
A,,partition,0.3|wd0.0,10,,dirichlet0.5,iid,end,clock_key_jaccard_final,3,3,1.0,1.0,0.0
A,,partition,0.3|wd0.0,10,,dirichlet0.5,iid,end,clock_restricted_loss_tr,3,3,0.0008509749313816428,0.0008508148021064699,1.0
A,,partition,0.3|wd0.0,10,,dirichlet0.5,iid,end,clock_restricted_acc_tr,3,3,100.0,100.0,0.0
A,,partition,0.3|wd0.0,10,,dirichlet0.5,iid,end,clock_excluded_loss_tr,3,3,0.009338712319731712,0.009336160495877266,0.33333333333333326
A,,partition,0.3|wd0.0,10,,dirichlet0.5,iid,end,clock_excluded_acc_tr,3,3,98.4408187866211,99.39759063720703,-0.33333333333333337
A,,partition,0.3|wd0.0,10,,dirichlet0.5,iid,end,clock_restricted_loss_te,3,3,0.0008510908810421824,0.0008509015897288918,1.0
A,,partition,0.3|wd0.0,10,,dirichlet0.5,iid,end,clock_restricted_acc_te,3,3,100.0,100.0,0.0
A,,partition,0.3|wd0.0,10,,dirichlet0.5,iid,end,clock_excluded_loss_te,3,3,0.009653172455728054,0.009625520557165146,0.5555555555555556
A,,partition,0.3|wd0.0,10,,dirichlet0.5,iid,end,clock_excluded_acc_te,3,3,73.75132751464844,74.49522399902344,-0.11111111111111116
A,,partition,0.3|wd0.0,10,,operand,iid,memo,fn_loss_tr,3,3,0.007046119309961796,0.007049170788377523,-0.33333333333333337
A,,partition,0.3|wd0.0,10,,operand,iid,memo,fn_acc_tr,3,3,99.8582534790039,99.8582534790039,0.0
A,,partition,0.3|wd0.0,10,,operand,iid,memo,fn_margin_tr,3,3,0.17366273701190948,0.17435014247894287,-0.11111111111111116
A,,partition,0.3|wd0.0,10,,operand,iid,memo,fn_entropy_tr,3,3,4.57321310043335,4.573204517364502,0.33333333333333326
A,,partition,0.3|wd0.0,10,,operand,iid,memo,fn_loss_te,3,3,0.013216218911111355,0.013243883848190308,-0.5555555555555556
A,,partition,0.3|wd0.0,10,,operand,iid,memo,fn_acc_te,3,3,0.19735842943191528,0.19735842943191528,0.0
A,,partition,0.3|wd0.0,10,,operand,iid,memo,fn_margin_te,3,3,-0.1525973677635193,-0.15344557166099548,0.33333333333333326
A,,partition,0.3|wd0.0,10,,operand,iid,memo,fn_entropy_te,3,3,4.57325553894043,4.573245525360107,0.33333333333333326
A,,partition,0.3|wd0.0,10,,operand,iid,memo,fn_gap_loss,3,3,0.006197463721036911,0.006223231088370085,-0.5555555555555556
A,,partition,0.3|wd0.0,10,,operand,iid,memo,fn_gap_acc,3,3,99.62546414136887,99.62546414136887,0.0
A,,partition,0.3|wd0.0,10,,operand,iid,memo,fn_class_acc_gini,3,3,0.8697184835827412,0.8697456932686862,-0.33333333333333337
A,,partition,0.3|wd0.0,10,,operand,iid,memo,w_W1_fro,3,3,27.226022720336914,27.30763053894043,-0.5555555555555556
A,,partition,0.3|wd0.0,10,,operand,iid,memo,w_W1_spec,3,3,3.503984212875366,3.5125985145568848,-0.5555555555555556
A,,partition,0.3|wd0.0,10,,operand,iid,memo,w_W1_stable_rank,3,3,60.56165313720703,60.57935333251953,-0.33333333333333337
A,,partition,0.3|wd0.0,10,,operand,iid,memo,w_W1_eff_rank,3,3,170.4700140866852,170.45003351804795,0.5555555555555556
A,,partition,0.3|wd0.0,10,,operand,iid,memo,w_W1_sv_gini,3,3,0.28374844575550817,0.28387878940202094,-0.33333333333333337
A,,partition,0.3|wd0.0,10,,operand,iid,memo,w_W1_entry_gini,3,3,0.39408731862462654,0.39467160171414606,-0.5555555555555556
A,,partition,0.3|wd0.0,10,,operand,iid,memo,w_W1_row_gini,3,3,0.016715707308990524,0.016688979401368043,0.11111111111111116
A,,partition,0.3|wd0.0,10,,operand,iid,memo,w_W1_row_pr,3,3,0.9991074238968873,0.9991115254946513,-0.11111111111111116
A,,partition,0.3|wd0.0,10,,operand,iid,memo,w_W1_dist_init,3,3,17.312761306762695,17.367795944213867,-0.7777777777777778
A,,partition,0.3|wd0.0,10,,operand,iid,memo,w_W1_rel_dist_init,3,3,1.0776761051522161,1.0807141314980337,-0.5555555555555556
A,,partition,0.3|wd0.0,10,,operand,iid,memo,w_W1_cos_init,3,3,0.8015527725219727,0.8020666837692261,-0.5555555555555556
A,,partition,0.3|wd0.0,10,,operand,iid,memo,w_W2_fro,3,3,15.386703491210938,15.369826316833496,0.33333333333333326
A,,partition,0.3|wd0.0,10,,operand,iid,memo,w_W2_spec,3,3,2.441396474838257,2.4410905838012695,0.11111111111111116
A,,partition,0.3|wd0.0,10,,operand,iid,memo,w_W2_stable_rank,3,3,40.02280807495117,39.93918228149414,0.33333333333333326
A,,partition,0.3|wd0.0,10,,operand,iid,memo,w_W2_eff_rank,3,3,91.473968790302,91.45316631681379,0.33333333333333326
A,,partition,0.3|wd0.0,10,,operand,iid,memo,w_W2_sv_gini,3,3,0.19114342771812254,0.19152700174302106,-0.33333333333333337
A,,partition,0.3|wd0.0,10,,operand,iid,memo,w_W2_entry_gini,3,3,0.43205722107569344,0.43244795696272864,-0.33333333333333337
A,,partition,0.3|wd0.0,10,,operand,iid,memo,w_W2_row_gini,3,3,0.08430971658585729,0.08475322677951369,-0.33333333333333337
A,,partition,0.3|wd0.0,10,,operand,iid,memo,w_W2_row_pr,3,3,0.9787696776078874,0.9785936010752254,0.5555555555555556
A,,partition,0.3|wd0.0,10,,operand,iid,memo,w_W2_dist_init,3,3,15.37043571472168,15.353446006774902,0.33333333333333326
A,,partition,0.3|wd0.0,10,,operand,iid,memo,w_W2_rel_dist_init,3,3,24.93957108750766,24.912004137750415,0.5555555555555556
A,,partition,0.3|wd0.0,10,,operand,iid,memo,w_W2_cos_init,3,3,0.04657500982284546,0.04661308601498604,-0.33333333333333337
A,,partition,0.3|wd0.0,10,,operand,iid,memo,w_all_norm,3,3,31.273102780100743,31.33589390237495,-0.5555555555555556
A,,partition,0.3|wd0.0,10,,operand,iid,memo,w_all_rel_norm,3,3,1.948713340667148,1.9522937296370875,-0.5555555555555556
A,,partition,0.3|wd0.0,10,,operand,iid,memo,w_all_dist_init,3,3,23.151285021037847,23.18121308824894,-0.33333333333333337
A,,partition,0.3|wd0.0,10,,operand,iid,memo,w_all_rel_dist_init,3,3,1.4404705740974402,1.4420058154098472,-0.5555555555555556
A,,partition,0.3|wd0.0,10,,operand,iid,memo,w_all_cos_init,3,3,0.6985367693884473,0.6996125089104251,-1.0
A,,partition,0.3|wd0.0,10,,operand,iid,memo,rep_between_within_tr,3,3,0.10897750957425038,0.10823483035419838,0.5555555555555556
A,,partition,0.3|wd0.0,10,,operand,iid,memo,rep_nc1_tr,3,3,4.114703315730434,4.131126686572957,-0.5555555555555556
A,,partition,0.3|wd0.0,10,,operand,iid,memo,rep_eff_rank_te,3,3,247.29716586089478,247.2511916393671,0.5555555555555556
A,,partition,0.3|wd0.0,10,,operand,iid,memo,rep_pr_te,3,3,194.5483066151868,194.30619092315618,0.33333333333333326
A,,partition,0.3|wd0.0,10,,operand,iid,memo,rep_unit_gini_te,3,3,0.06269131338164313,0.06284805423400375,-0.11111111111111116
A,,partition,0.3|wd0.0,10,,operand,iid,memo,rep_unit_pr_te,3,3,0.987757806568797,0.9877007289065216,0.11111111111111116
A,,partition,0.3|wd0.0,10,,operand,iid,memo,rep_between_within_te,3,3,0.015346677748260868,0.015175080170115738,0.33333333333333326
A,,partition,0.3|wd0.0,10,,operand,iid,memo,unit_interaction_share,3,3,0.5595392297490625,0.5577610656260651,0.5555555555555556
A,,partition,0.3|wd0.0,10,,operand,iid,memo,unit_frac_interacting,3,3,0.9296875,0.92578125,0.4444444444444444
A,,partition,0.3|wd0.0,10,,operand,iid,memo,add_share_a,3,3,0.11357225918232912,0.1125043428091719,0.33333333333333326
A,,partition,0.3|wd0.0,10,,operand,iid,memo,add_share_b,3,3,0.11553562431672833,0.11497212987367504,0.33333333333333326
A,,partition,0.3|wd0.0,10,,operand,iid,memo,add_share_interaction,3,3,0.7712774977829424,0.772950265199947,-0.33333333333333337
A,,partition,0.3|wd0.0,10,,operand,iid,memo,add_acc_interaction_tr,3,3,99.53933715820312,99.50389862060547,0.11111111111111116
A,,partition,0.3|wd0.0,10,,operand,iid,memo,add_acc_additive_tr,3,3,12.189935684204102,12.544295310974121,-0.4444444444444444
A,,partition,0.3|wd0.0,10,,operand,iid,memo,add_acc_no_a_tr,3,3,99.751953125,99.71651458740234,0.22222222222222232
A,,partition,0.3|wd0.0,10,,operand,iid,memo,add_acc_no_b_tr,3,3,99.78738403320312,99.751953125,0.22222222222222232
A,,partition,0.3|wd0.0,10,,operand,iid,memo,add_acc_interaction_te,3,3,1.2145134210586548,1.2600576877593994,0.11111111111111116
A,,partition,0.3|wd0.0,10,,operand,iid,memo,add_acc_additive_te,3,3,0.0,0.0,0.0
A,,partition,0.3|wd0.0,10,,operand,iid,memo,add_acc_no_a_te,3,3,0.5009867548942566,0.48580536246299744,0.33333333333333326
A,,partition,0.3|wd0.0,10,,operand,iid,memo,add_acc_no_b_te,3,3,0.5768938660621643,0.5768938660621643,0.11111111111111116
A,,partition,0.3|wd0.0,10,,operand,iid,memo,circ_share_interaction_tr,3,3,0.8326671147977123,0.8346758958268296,-0.5555555555555556
A,,partition,0.3|wd0.0,10,,operand,iid,memo,circ_share_marginal_tr,3,3,0.22387666122887098,0.22237452354792964,0.33333333333333326
A,,partition,0.3|wd0.0,10,,operand,iid,memo,circ_acc_interaction_tr,3,3,99.4684636592865,99.4684636592865,0.11111111111111116
A,,partition,0.3|wd0.0,10,,operand,iid,memo,circ_acc_marginal_tr,3,3,11.977320909500122,12.154500186443329,-0.11111111111111116
A,,partition,0.3|wd0.0,10,,operand,iid,memo,circ_units_tr,3,3,246.7001495361328,246.79612731933594,-0.33333333333333337
A,,partition,0.3|wd0.0,10,,operand,iid,memo,circ_share_interaction_te,3,3,0.7551113537792526,0.7568628471197841,-0.5555555555555556
A,,partition,0.3|wd0.0,10,,operand,iid,memo,circ_share_marginal_te,3,3,0.23217365066202092,0.23046760930551904,0.5555555555555556
A,,partition,0.3|wd0.0,10,,operand,iid,memo,circ_acc_interaction_te,3,3,1.244876254349947,1.2600576505064964,0.11111111111111116
A,,partition,0.3|wd0.0,10,,operand,iid,memo,circ_acc_marginal_te,3,3,0.0,0.0,0.0
A,,partition,0.3|wd0.0,10,,operand,iid,memo,circ_units_te,3,3,246.7001495361328,246.79612731933594,-0.33333333333333337
A,,partition,0.3|wd0.0,10,,operand,iid,memo,sharp_lambda_max,3,3,0.0049148183315992355,0.004975481890141964,-0.5555555555555556
A,,partition,0.3|wd0.0,10,,operand,iid,memo,sharp_grad_norm,3,3,0.00010450498666614294,0.00010318400745745748,1.0
A,,partition,0.3|wd0.0,10,,operand,iid,memo,sharp_lr_lambda,3,3,0.24574091657996178,0.2487740945070982,-0.5555555555555556
A,,partition,0.3|wd0.0,10,,operand,iid,memo,unit_fourier_sum_share,3,3,0.014630333097720301,0.014411556319789659,0.33333333333333326
A,,partition,0.3|wd0.0,10,,operand,iid,memo,unit_fourier_diff_share,3,3,0.01463033327206297,0.014411556109456746,0.33333333333333326
A,,partition,0.3|wd0.0,10,,operand,iid,memo,unit_fourier_marginal_share,3,3,0.4404607711870305,0.4422389354733273,-0.5555555555555556
A,,partition,0.3|wd0.0,10,,operand,iid,memo,unit_fourier_other_share,3,3,0.5309136642318588,0.529668134235469,0.33333333333333326
A,,partition,0.3|wd0.0,10,,operand,iid,memo,unit_sum_freq_concentration,3,3,0.007979484185116919,0.007776133480698127,0.33333333333333326
A,,partition,0.3|wd0.0,10,,operand,iid,memo,unit_n_distinct_sum_freqs,3,3,48.0,48.0,0.0
A,,partition,0.3|wd0.0,10,,operand,iid,memo,fU_ipr,3,3,0.029398545175939355,0.02915387397619507,0.33333333333333326
A,,partition,0.3|wd0.0,10,,operand,iid,memo,fU_dc_share,3,3,0.004808390525298796,0.004864418268148133,-0.33333333333333337
A,,partition,0.3|wd0.0,10,,operand,iid,memo,fU_top1_share,3,3,0.023863637009361255,0.02382752392456444,0.33333333333333326
A,,partition,0.3|wd0.0,10,,operand,iid,memo,fU_nfreq90,3,3,43.0,43.0,0.0
A,,partition,0.3|wd0.0,10,,operand,iid,memo,fU_freq_gini,3,3,0.04067005624478259,0.04084317490901723,0.11111111111111116
A,,partition,0.3|wd0.0,10,,operand,iid,memo,fU_freq_eff_n,3,3,47.87497687778602,47.874233011317294,-0.11111111111111116
A,,partition,0.3|wd0.0,10,,operand,iid,memo,fV_ipr,3,3,0.02974677259211353,0.029505716462411416,0.5555555555555556
A,,partition,0.3|wd0.0,10,,operand,iid,memo,fV_dc_share,3,3,0.0045841949643519436,0.0046936206012175245,-0.33333333333333337
A,,partition,0.3|wd0.0,10,,operand,iid,memo,fV_top1_share,3,3,0.025442726398905175,0.025334913581806645,0.33333333333333326
A,,partition,0.3|wd0.0,10,,operand,iid,memo,fV_nfreq90,3,3,43.0,43.0,0.0
A,,partition,0.3|wd0.0,10,,operand,iid,memo,fV_freq_gini,3,3,0.0500956946306963,0.05002963577187547,0.33333333333333326
A,,partition,0.3|wd0.0,10,,operand,iid,memo,fV_freq_eff_n,3,3,47.80344937951927,47.80376089203021,-0.33333333333333337
A,,partition,0.3|wd0.0,10,,operand,iid,memo,fout_ipr,3,3,0.03066294794307435,0.03035674269067318,0.33333333333333326
A,,partition,0.3|wd0.0,10,,operand,iid,memo,fout_dc_share,3,3,0.0002488081993199568,0.00024772625164696843,0.33333333333333326
A,,partition,0.3|wd0.0,10,,operand,iid,memo,fout_top1_share,3,3,0.024060896822776984,0.024123627502875424,-0.33333333333333337
A,,partition,0.3|wd0.0,10,,operand,iid,memo,fout_nfreq90,3,3,43.0,43.0,0.0
A,,partition,0.3|wd0.0,10,,operand,iid,memo,fout_freq_gini,3,3,0.03772274012724752,0.03757748930939986,0.11111111111111116
A,,partition,0.3|wd0.0,10,,operand,iid,memo,fout_freq_eff_n,3,3,47.89216971965131,47.893027495103304,-0.11111111111111116
A,,partition,0.3|wd0.0,10,,operand,iid,memo,fin_uv_agree_strong,3,3,0.671875,0.6640625,-0.11111111111111116
A,,partition,0.3|wd0.0,10,,operand,iid,memo,fin_uvw_agree_strong,3,3,0.578125,0.5859375,-0.2222222222222222
A,,partition,0.3|wd0.0,10,,operand,iid,memo,fin_n_unique_freq_strong,3,3,45.0,44.0,0.33333333333333326
A,,partition,0.3|wd0.0,10,,operand,iid,memo,clock_share,3,3,0.0262565570712003,0.02597529094145148,0.33333333333333326
A,,partition,0.3|wd0.0,10,,operand,iid,memo,clock_nfreq90,3,3,39.0,39.0,0.0
A,,partition,0.3|wd0.0,10,,operand,iid,memo,clock_top1_share,3,3,0.04932815994902966,0.049869827261442665,0.11111111111111116
A,,partition,0.3|wd0.0,10,,operand,iid,memo,clock_freq_gini,3,3,0.2613812443571162,0.25933567541851565,0.33333333333333326
A,,partition,0.3|wd0.0,10,,operand,iid,memo,clock_key_jaccard_final,3,3,0.7291666666666666,0.7291666666666666,0.0
A,,partition,0.3|wd0.0,10,,operand,iid,memo,clock_restricted_loss_tr,3,3,0.008730706758797169,0.008720561861991882,-0.11111111111111116
A,,partition,0.3|wd0.0,10,,operand,iid,memo,clock_restricted_acc_tr,3,3,100.0,100.0,0.0
A,,partition,0.3|wd0.0,10,,operand,iid,memo,clock_excluded_loss_tr,3,3,0.008205887861549854,0.008202548138797283,0.11111111111111116
A,,partition,0.3|wd0.0,10,,operand,iid,memo,clock_excluded_acc_tr,3,3,94.25938415527344,94.2948226928711,-0.11111111111111116
A,,partition,0.3|wd0.0,10,,operand,iid,memo,clock_restricted_loss_te,3,3,0.008730858564376831,0.008720713667571545,-0.11111111111111116
A,,partition,0.3|wd0.0,10,,operand,iid,memo,clock_restricted_acc_te,3,3,100.0,100.0,0.0
A,,partition,0.3|wd0.0,10,,operand,iid,memo,clock_excluded_loss_te,3,3,0.014828831888735294,0.014843754470348358,-0.33333333333333337
A,,partition,0.3|wd0.0,10,,operand,iid,memo,clock_excluded_acc_te,3,3,0.0,0.0,0.0
A,,partition,0.3|wd0.0,10,,operand,iid,cross,fn_loss_tr,3,3,0.0027188246604055166,0.0028011882677674294,-0.33333333333333337
A,,partition,0.3|wd0.0,10,,operand,iid,cross,fn_acc_tr,3,3,100.0,100.0,0.0
A,,partition,0.3|wd0.0,10,,operand,iid,cross,fn_margin_tr,3,3,0.6250157952308655,0.6155915260314941,0.33333333333333326
A,,partition,0.3|wd0.0,10,,operand,iid,cross,fn_entropy_tr,3,3,4.569240570068359,4.569365501403809,-0.33333333333333337
A,,partition,0.3|wd0.0,10,,operand,iid,cross,fn_loss_te,3,3,0.006989108864217997,0.0073105087503790855,-0.33333333333333337
A,,partition,0.3|wd0.0,10,,operand,iid,cross,fn_acc_te,3,3,100.0,99.98481750488281,0.33333333333333326
A,,partition,0.3|wd0.0,10,,operand,iid,cross,fn_margin_te,3,3,0.34456121921539307,0.3239513635635376,0.33333333333333326
A,,partition,0.3|wd0.0,10,,operand,iid,cross,fn_entropy_te,3,3,4.570446968078613,4.570531368255615,-0.33333333333333337
A,,partition,0.3|wd0.0,10,,operand,iid,cross,fn_gap_loss,3,3,0.00427028420381248,0.004509320482611656,-0.33333333333333337
A,,partition,0.3|wd0.0,10,,operand,iid,cross,fn_gap_acc,3,3,0.0,0.0151824951171875,-0.33333333333333337
A,,partition,0.3|wd0.0,10,,operand,iid,cross,fn_class_acc_gini,3,3,0.0,0.0001437251653548799,-0.33333333333333337
A,,partition,0.3|wd0.0,10,,operand,iid,cross,w_W1_fro,3,3,32.786277770996094,32.75274658203125,0.33333333333333326
A,,partition,0.3|wd0.0,10,,operand,iid,cross,w_W1_spec,3,3,4.244307041168213,4.281885623931885,-0.5555555555555556
A,,partition,0.3|wd0.0,10,,operand,iid,cross,w_W1_stable_rank,3,3,59.614437103271484,58.78479766845703,0.5555555555555556
A,,partition,0.3|wd0.0,10,,operand,iid,cross,w_W1_eff_rank,3,3,171.21618423502971,171.13155774344517,0.5555555555555556
A,,partition,0.3|wd0.0,10,,operand,iid,cross,w_W1_sv_gini,3,3,0.2766706309759166,0.27738691547147276,-0.5555555555555556
A,,partition,0.3|wd0.0,10,,operand,iid,cross,w_W1_entry_gini,3,3,0.3513207253539201,0.3523586862175625,-0.5555555555555556
A,,partition,0.3|wd0.0,10,,operand,iid,cross,w_W1_row_gini,3,3,0.06928750799300176,0.06751797463474407,0.5555555555555556
A,,partition,0.3|wd0.0,10,,operand,iid,cross,w_W1_row_pr,3,3,0.9834874565121087,0.9843485815454459,-0.5555555555555556
A,,partition,0.3|wd0.0,10,,operand,iid,cross,w_W1_dist_init,3,3,30.175716400146484,30.03836441040039,0.33333333333333326
A,,partition,0.3|wd0.0,10,,operand,iid,cross,w_W1_rel_dist_init,3,3,1.882757489727449,1.874187668749738,0.33333333333333326
A,,partition,0.3|wd0.0,10,,operand,iid,cross,w_W1_cos_init,3,3,0.4008188843727112,0.4070138931274414,-0.33333333333333337
A,,partition,0.3|wd0.0,10,,operand,iid,cross,w_W2_fro,3,3,19.577465057373047,19.592012405395508,0.11111111111111116
A,,partition,0.3|wd0.0,10,,operand,iid,cross,w_W2_spec,3,3,2.807115077972412,2.833822011947632,-0.5555555555555556
A,,partition,0.3|wd0.0,10,,operand,iid,cross,w_W2_stable_rank,3,3,48.64054489135742,47.799110412597656,0.5555555555555556
A,,partition,0.3|wd0.0,10,,operand,iid,cross,w_W2_eff_rank,3,3,94.04450625144153,93.9599000812955,0.33333333333333326
A,,partition,0.3|wd0.0,10,,operand,iid,cross,w_W2_sv_gini,3,3,0.13024745033452323,0.1327109099683934,-0.33333333333333337
A,,partition,0.3|wd0.0,10,,operand,iid,cross,w_W2_entry_gini,3,3,0.38984611979437633,0.39200483152876053,-0.33333333333333337
A,,partition,0.3|wd0.0,10,,operand,iid,cross,w_W2_row_gini,3,3,0.05810056120199536,0.06067161407210375,-0.33333333333333337
A,,partition,0.3|wd0.0,10,,operand,iid,cross,w_W2_row_pr,3,3,0.9897800631351892,0.9888660218552263,0.33333333333333326
A,,partition,0.3|wd0.0,10,,operand,iid,cross,w_W2_dist_init,3,3,19.57460594177246,19.589649200439453,0.11111111111111116
A,,partition,0.3|wd0.0,10,,operand,iid,cross,w_W2_rel_dist_init,3,3,31.658078850941717,31.68240836595067,0.11111111111111116
A,,partition,0.3|wd0.0,10,,operand,iid,cross,w_W2_cos_init,3,3,0.021702801808714867,0.021665407344698906,0.11111111111111116
A,,partition,0.3|wd0.0,10,,operand,iid,cross,w_all_norm,3,3,38.18660953985802,38.16528997348155,0.33333333333333326
A,,partition,0.3|wd0.0,10,,operand,iid,cross,w_all_rel_norm,3,3,2.3779272164662766,2.37306599645126,0.5555555555555556
A,,partition,0.3|wd0.0,10,,operand,iid,cross,w_all_dist_init,3,3,35.96858432073388,35.861646535655424,0.33333333333333326
A,,partition,0.3|wd0.0,10,,operand,iid,cross,w_all_rel_dist_init,3,3,2.2425245145617523,2.2358572906745686,0.5555555555555556
A,,partition,0.3|wd0.0,10,,operand,iid,cross,w_all_cos_init,3,3,0.34428303510519814,0.3494200380889535,-0.33333333333333337
A,,partition,0.3|wd0.0,10,,operand,iid,cross,rep_between_within_tr,3,3,0.37240960880205837,0.3632459962463646,0.33333333333333326
A,,partition,0.3|wd0.0,10,,operand,iid,cross,rep_nc1_tr,3,3,0.8606139585987991,0.8920027928412089,-0.33333333333333337
A,,partition,0.3|wd0.0,10,,operand,iid,cross,rep_eff_rank_te,3,3,242.55273360702208,242.79103486173705,-0.33333333333333337
A,,partition,0.3|wd0.0,10,,operand,iid,cross,rep_pr_te,3,3,155.21532801653916,155.3860586868047,-0.33333333333333337
A,,partition,0.3|wd0.0,10,,operand,iid,cross,rep_unit_gini_te,3,3,0.24258042394595103,0.23592697688390496,0.5555555555555556
A,,partition,0.3|wd0.0,10,,operand,iid,cross,rep_unit_pr_te,3,3,0.80105550709877,0.8035145448751848,-0.5555555555555556
A,,partition,0.3|wd0.0,10,,operand,iid,cross,rep_between_within_te,3,3,0.2629849814219317,0.2526551377150108,0.33333333333333326
A,,partition,0.3|wd0.0,10,,operand,iid,cross,unit_interaction_share,3,3,0.6922270177457251,0.6888657164617281,0.5555555555555556
A,,partition,0.3|wd0.0,10,,operand,iid,cross,unit_frac_interacting,3,3,0.9609375,0.96875,-0.11111111111111116
A,,partition,0.3|wd0.0,10,,operand,iid,cross,add_share_a,3,3,0.03508003386930164,0.03330409069432097,0.33333333333333326
A,,partition,0.3|wd0.0,10,,operand,iid,cross,add_share_b,3,3,0.031698397315788246,0.03303846717426075,-0.33333333333333337
A,,partition,0.3|wd0.0,10,,operand,iid,cross,add_share_interaction,3,3,0.9330568556220906,0.933474677676019,0.11111111111111116
A,,partition,0.3|wd0.0,10,,operand,iid,cross,add_acc_interaction_tr,3,3,100.0,100.0,0.0
A,,partition,0.3|wd0.0,10,,operand,iid,cross,add_acc_additive_tr,3,3,7.831325531005859,8.362863540649414,-0.7777777777777778
A,,partition,0.3|wd0.0,10,,operand,iid,cross,add_acc_no_a_tr,3,3,100.0,100.0,0.0
A,,partition,0.3|wd0.0,10,,operand,iid,cross,add_acc_no_b_tr,3,3,100.0,100.0,0.0
A,,partition,0.3|wd0.0,10,,operand,iid,cross,add_acc_interaction_te,3,3,100.0,100.0,0.33333333333333326
A,,partition,0.3|wd0.0,10,,operand,iid,cross,add_acc_additive_te,3,3,0.25808411836624146,0.25808411836624146,0.22222222222222232
A,,partition,0.3|wd0.0,10,,operand,iid,cross,add_acc_no_a_te,3,3,100.0,100.0,0.11111111111111116
A,,partition,0.3|wd0.0,10,,operand,iid,cross,add_acc_no_b_te,3,3,100.0,99.98481750488281,0.33333333333333326
A,,partition,0.3|wd0.0,10,,operand,iid,cross,circ_share_interaction_tr,3,3,0.9622991398405595,0.964951355311085,-1.0
A,,partition,0.3|wd0.0,10,,operand,iid,cross,circ_share_marginal_tr,3,3,0.06837320001454117,0.06836152736826623,-0.11111111111111116
A,,partition,0.3|wd0.0,10,,operand,iid,cross,circ_acc_interaction_tr,3,3,100.0,100.0,0.0
A,,partition,0.3|wd0.0,10,,operand,iid,cross,circ_acc_marginal_tr,3,3,7.476966828107834,7.973068952560425,-0.8888888888888888
A,,partition,0.3|wd0.0,10,,operand,iid,cross,circ_units_tr,3,3,122.39797973632812,121.1509780883789,-0.11111111111111116
A,,partition,0.3|wd0.0,10,,operand,iid,cross,circ_share_interaction_te,3,3,0.9285505560838143,0.9285236666637291,0.33333333333333326
A,,partition,0.3|wd0.0,10,,operand,iid,cross,circ_share_marginal_te,3,3,0.07389660236050202,0.07362235417345972,-0.11111111111111116
A,,partition,0.3|wd0.0,10,,operand,iid,cross,circ_acc_interaction_te,3,3,100.0,100.0,0.33333333333333326
A,,partition,0.3|wd0.0,10,,operand,iid,cross,circ_acc_marginal_te,3,3,0.303628365509212,0.24290268775075674,0.4444444444444444
A,,partition,0.3|wd0.0,10,,operand,iid,cross,circ_units_te,3,3,122.39797973632812,121.1509780883789,-0.11111111111111116
A,,partition,0.3|wd0.0,10,,operand,iid,cross,sharp_lambda_max,3,3,0.010984163731336594,0.010880476795136929,0.5555555555555556
A,,partition,0.3|wd0.0,10,,operand,iid,cross,sharp_grad_norm,3,3,0.0001144192719948478,0.00010230235784547403,1.0
A,,partition,0.3|wd0.0,10,,operand,iid,cross,sharp_lr_lambda,3,3,0.5492081865668297,0.5440238397568464,0.5555555555555556
A,,partition,0.3|wd0.0,10,,operand,iid,cross,unit_fourier_sum_share,3,3,0.21237832110048116,0.20594008918594303,0.33333333333333326
A,,partition,0.3|wd0.0,10,,operand,iid,cross,unit_fourier_diff_share,3,3,0.21237832214994043,0.20594008609116216,0.33333333333333326
A,,partition,0.3|wd0.0,10,,operand,iid,cross,unit_fourier_marginal_share,3,3,0.30777298012909465,0.31113428417483446,-0.5555555555555556
A,,partition,0.3|wd0.0,10,,operand,iid,cross,unit_fourier_other_share,3,3,0.2674703766204838,0.27698554054806035,-0.33333333333333337
A,,partition,0.3|wd0.0,10,,operand,iid,cross,unit_sum_freq_concentration,3,3,0.20944402709962898,0.20291737573721852,0.33333333333333326
A,,partition,0.3|wd0.0,10,,operand,iid,cross,unit_n_distinct_sum_freqs,3,3,48.0,48.0,0.0
A,,partition,0.3|wd0.0,10,,operand,iid,cross,fU_ipr,3,3,0.20825674373547276,0.2012103958482058,0.33333333333333326
A,,partition,0.3|wd0.0,10,,operand,iid,cross,fU_dc_share,3,3,0.0039043925733832636,0.003948934876028954,-0.33333333333333337
A,,partition,0.3|wd0.0,10,,operand,iid,cross,fU_top1_share,3,3,0.02628976108371948,0.02661677146626179,-0.5555555555555556
A,,partition,0.3|wd0.0,10,,operand,iid,cross,fU_nfreq90,3,3,42.0,42.0,0.0
A,,partition,0.3|wd0.0,10,,operand,iid,cross,fU_freq_gini,3,3,0.08963119179963086,0.09089202281173336,-0.5555555555555556
A,,partition,0.3|wd0.0,10,,operand,iid,cross,fU_freq_eff_n,3,3,47.391714350931245,47.355755733220384,0.5555555555555556
A,,partition,0.3|wd0.0,10,,operand,iid,cross,fV_ipr,3,3,0.2061224746480652,0.2005665459089494,0.33333333333333326
A,,partition,0.3|wd0.0,10,,operand,iid,cross,fV_dc_share,3,3,0.0035143356375605993,0.0037230542283453677,-0.5555555555555556
A,,partition,0.3|wd0.0,10,,operand,iid,cross,fV_top1_share,3,3,0.026591070293096236,0.026829564385024242,-0.5555555555555556
A,,partition,0.3|wd0.0,10,,operand,iid,cross,fV_nfreq90,3,3,42.0,42.0,0.0
A,,partition,0.3|wd0.0,10,,operand,iid,cross,fV_freq_gini,3,3,0.08548406933492236,0.08894517496173981,-0.5555555555555556
A,,partition,0.3|wd0.0,10,,operand,iid,cross,fV_freq_eff_n,3,3,47.42608834384196,47.37015012886005,0.5555555555555556
A,,partition,0.3|wd0.0,10,,operand,iid,cross,fout_ipr,3,3,0.2077151611220054,0.20046953134259243,0.33333333333333326
A,,partition,0.3|wd0.0,10,,operand,iid,cross,fout_dc_share,3,3,8.083142216155537e-05,8.098345508613305e-05,-0.11111111111111116
A,,partition,0.3|wd0.0,10,,operand,iid,cross,fout_top1_share,3,3,0.02368298994254554,0.023652831316393966,0.33333333333333326
A,,partition,0.3|wd0.0,10,,operand,iid,cross,fout_nfreq90,3,3,43.0,43.0,0.0
A,,partition,0.3|wd0.0,10,,operand,iid,cross,fout_freq_gini,3,3,0.03414871920974494,0.03377505517645174,0.5555555555555556
A,,partition,0.3|wd0.0,10,,operand,iid,cross,fout_freq_eff_n,3,3,47.91508313673976,47.91109612906257,-0.11111111111111116
A,,partition,0.3|wd0.0,10,,operand,iid,cross,fin_uv_agree_strong,3,3,1.0,0.9921875,0.4444444444444444
A,,partition,0.3|wd0.0,10,,operand,iid,cross,fin_uvw_agree_strong,3,3,0.9921875,0.9921875,0.11111111111111116
A,,partition,0.3|wd0.0,10,,operand,iid,cross,fin_n_unique_freq_strong,3,3,47.0,47.0,-0.2222222222222222
A,,partition,0.3|wd0.0,10,,operand,iid,cross,clock_share,3,3,0.5214286614314417,0.5023090176962496,0.33333333333333326
A,,partition,0.3|wd0.0,10,,operand,iid,cross,clock_nfreq90,3,3,34.0,34.0,0.22222222222222232
A,,partition,0.3|wd0.0,10,,operand,iid,cross,clock_top1_share,3,3,0.045349448414255214,0.047208594659507566,-0.33333333333333337
A,,partition,0.3|wd0.0,10,,operand,iid,cross,clock_freq_gini,3,3,0.34334801297999173,0.35452925720735085,-0.33333333333333337
A,,partition,0.3|wd0.0,10,,operand,iid,cross,clock_key_jaccard_final,3,3,0.625,0.6956521739130435,0.11111111111111116
A,,partition,0.3|wd0.0,10,,operand,iid,cross,clock_restricted_loss_tr,3,3,0.0028998013585805893,0.0029268816579133272,-0.33333333333333337
A,,partition,0.3|wd0.0,10,,operand,iid,cross,clock_restricted_acc_tr,3,3,100.0,100.0,0.0
A,,partition,0.3|wd0.0,10,,operand,iid,cross,clock_excluded_loss_tr,3,3,0.008664279244840145,0.008704505860805511,0.11111111111111116
A,,partition,0.3|wd0.0,10,,operand,iid,cross,clock_excluded_acc_tr,3,3,86.03826904296875,85.01062774658203,-0.11111111111111116
A,,partition,0.3|wd0.0,10,,operand,iid,cross,clock_restricted_loss_te,3,3,0.0029000251088291407,0.002927108434960246,-0.33333333333333337
A,,partition,0.3|wd0.0,10,,operand,iid,cross,clock_restricted_acc_te,3,3,100.0,100.0,0.0
A,,partition,0.3|wd0.0,10,,operand,iid,cross,clock_excluded_loss_te,3,3,0.014874488115310669,0.01517526339739561,-0.33333333333333337
A,,partition,0.3|wd0.0,10,,operand,iid,cross,clock_excluded_acc_te,3,3,1.8369516134262085,1.4877790212631226,0.33333333333333326
A,,partition,0.3|wd0.0,10,,operand,iid,end,fn_loss_tr,3,3,3.629572893260047e-05,3.533195922500454e-05,0.33333333333333326
A,,partition,0.3|wd0.0,10,,operand,iid,end,fn_acc_tr,3,3,100.0,100.0,0.0
A,,partition,0.3|wd0.0,10,,operand,iid,end,fn_margin_tr,3,3,0.9816850423812866,0.9817081093788147,-0.11111111111111116
A,,partition,0.3|wd0.0,10,,operand,iid,end,fn_entropy_tr,3,3,4.564822196960449,4.5648345947265625,-1.0
A,,partition,0.3|wd0.0,10,,operand,iid,end,fn_loss_te,3,3,0.00020928712910972536,0.00025048956740647554,-1.0
A,,partition,0.3|wd0.0,10,,operand,iid,end,fn_acc_te,3,3,100.0,100.0,0.0
A,,partition,0.3|wd0.0,10,,operand,iid,end,fn_margin_te,3,3,0.9670079946517944,0.9640863537788391,0.7777777777777777
A,,partition,0.3|wd0.0,10,,operand,iid,end,fn_entropy_te,3,3,4.56484317779541,4.564846038818359,-0.33333333333333337
A,,partition,0.3|wd0.0,10,,operand,iid,end,fn_gap_loss,3,3,0.00017231378296855837,0.000215157608181471,-1.0
A,,partition,0.3|wd0.0,10,,operand,iid,end,fn_gap_acc,3,3,0.0,0.0,0.0
A,,partition,0.3|wd0.0,10,,operand,iid,end,fn_class_acc_gini,3,3,0.0,0.0,0.0
A,,partition,0.3|wd0.0,10,,operand,iid,end,w_W1_fro,3,3,36.87293243408203,36.844181060791016,0.33333333333333326
A,,partition,0.3|wd0.0,10,,operand,iid,end,w_W1_spec,3,3,9.24474048614502,9.466365814208984,-0.33333333333333337
A,,partition,0.3|wd0.0,10,,operand,iid,end,w_W1_stable_rank,3,3,15.873543739318848,15.260210990905762,0.33333333333333326
A,,partition,0.3|wd0.0,10,,operand,iid,end,w_W1_eff_rank,3,3,164.03756492070283,163.890587770053,0.33333333333333326
A,,partition,0.3|wd0.0,10,,operand,iid,end,w_W1_sv_gini,3,3,0.3185973258753756,0.31961244522525467,-0.33333333333333337
A,,partition,0.3|wd0.0,10,,operand,iid,end,w_W1_entry_gini,3,3,0.39312859273521417,0.39318266939345614,-0.11111111111111116
A,,partition,0.3|wd0.0,10,,operand,iid,end,w_W1_row_gini,3,3,0.10232919193338641,0.10676788135603266,-0.7777777777777778
A,,partition,0.3|wd0.0,10,,operand,iid,end,w_W1_row_pr,3,3,0.9690857491381083,0.9664952762012259,0.7777777777777777
A,,partition,0.3|wd0.0,10,,operand,iid,end,w_W1_dist_init,3,3,37.26203918457031,37.27946472167969,0.11111111111111116
A,,partition,0.3|wd0.0,10,,operand,iid,end,w_W1_rel_dist_init,3,3,2.32456691534047,2.325982604258301,0.11111111111111116
A,,partition,0.3|wd0.0,10,,operand,iid,end,w_W1_cos_init,3,3,0.19091586768627167,0.19183844327926636,-0.11111111111111116
A,,partition,0.3|wd0.0,10,,operand,iid,end,w_W2_fro,3,3,22.618215560913086,22.85330581665039,-0.7777777777777778
A,,partition,0.3|wd0.0,10,,operand,iid,end,w_W2_spec,3,3,3.379399061203003,3.4040281772613525,-0.7777777777777778
A,,partition,0.3|wd0.0,10,,operand,iid,end,w_W2_stable_rank,3,3,45.3231201171875,45.07332229614258,0.11111111111111116
A,,partition,0.3|wd0.0,10,,operand,iid,end,w_W2_eff_rank,3,3,92.89936754683009,92.76194959792316,0.5555555555555556
A,,partition,0.3|wd0.0,10,,operand,iid,end,w_W2_sv_gini,3,3,0.15736144777346062,0.1589584196409588,-0.5555555555555556
A,,partition,0.3|wd0.0,10,,operand,iid,end,w_W2_entry_gini,3,3,0.36130083071958663,0.3633006349536503,-0.33333333333333337
A,,partition,0.3|wd0.0,10,,operand,iid,end,w_W2_row_gini,3,3,0.0148290050576938,0.015132717883933555,-0.33333333333333337
A,,partition,0.3|wd0.0,10,,operand,iid,end,w_W2_row_pr,3,3,0.9993017138853308,0.9992958481145408,0.33333333333333326
A,,partition,0.3|wd0.0,10,,operand,iid,end,w_W2_dist_init,3,3,22.61968421936035,22.851646423339844,-0.7777777777777778
A,,partition,0.3|wd0.0,10,,operand,iid,end,w_W2_rel_dist_init,3,3,36.594553583378946,36.95804791656645,-0.7777777777777778
A,,partition,0.3|wd0.0,10,,operand,iid,end,w_W2_cos_init,3,3,0.011291654780507088,0.010463213548064232,-0.11111111111111116
A,,partition,0.3|wd0.0,10,,operand,iid,end,w_all_norm,3,3,43.257332574354486,43.35628287560752,-0.33333333333333337
A,,partition,0.3|wd0.0,10,,operand,iid,end,w_all_rel_norm,3,3,2.69177512969096,2.7031235464215233,-0.11111111111111116
A,,partition,0.3|wd0.0,10,,operand,iid,end,w_all_dist_init,3,3,43.59024751450757,43.725921764924536,-0.11111111111111116
A,,partition,0.3|wd0.0,10,,operand,iid,end,w_all_rel_dist_init,3,3,2.714413323041235,2.7261693316945053,0.11111111111111116
A,,partition,0.3|wd0.0,10,,operand,iid,end,w_all_cos_init,3,3,0.16301750456045924,0.16304247949671744,-0.11111111111111116
A,,partition,0.3|wd0.0,10,,operand,iid,end,rep_between_within_tr,3,3,0.45566147744683577,0.4606636164107978,-0.33333333333333337
A,,partition,0.3|wd0.0,10,,operand,iid,end,rep_nc1_tr,3,3,0.5118860614399166,0.531533536243416,-0.33333333333333337
A,,partition,0.3|wd0.0,10,,operand,iid,end,rep_eff_rank_te,3,3,228.54624975253307,227.95749394301347,0.33333333333333326
A,,partition,0.3|wd0.0,10,,operand,iid,end,rep_pr_te,3,3,131.93363153376063,127.83734880780584,0.5555555555555556
A,,partition,0.3|wd0.0,10,,operand,iid,end,rep_unit_gini_te,3,3,0.2764003396653387,0.2881105821031995,-0.33333333333333337
A,,partition,0.3|wd0.0,10,,operand,iid,end,rep_unit_pr_te,3,3,0.7913971062892572,0.7753977151160634,0.11111111111111116
A,,partition,0.3|wd0.0,10,,operand,iid,end,rep_between_within_te,3,3,0.4154594225192194,0.42359658569122843,-0.33333333333333337
A,,partition,0.3|wd0.0,10,,operand,iid,end,unit_interaction_share,3,3,0.5979118589156753,0.6073376364692927,-0.33333333333333337
A,,partition,0.3|wd0.0,10,,operand,iid,end,unit_frac_interacting,3,3,0.61328125,0.6015625,0.5555555555555556
A,,partition,0.3|wd0.0,10,,operand,iid,end,add_share_a,3,3,0.0015078299596026203,0.0009314442208121237,1.0
A,,partition,0.3|wd0.0,10,,operand,iid,end,add_share_b,3,3,0.0007732256749912647,0.0010553556719088064,-1.0
A,,partition,0.3|wd0.0,10,,operand,iid,end,add_share_interaction,3,3,0.9976896321684374,0.9979824078791767,-0.7777777777777778
A,,partition,0.3|wd0.0,10,,operand,iid,end,add_acc_interaction_tr,3,3,100.0,100.0,0.0
A,,partition,0.3|wd0.0,10,,operand,iid,end,add_acc_additive_tr,3,3,1.5237419605255127,1.3819986581802368,0.8888888888888888
A,,partition,0.3|wd0.0,10,,operand,iid,end,add_acc_no_a_tr,3,3,100.0,100.0,0.0
A,,partition,0.3|wd0.0,10,,operand,iid,end,add_acc_no_b_tr,3,3,100.0,100.0,0.0
A,,partition,0.3|wd0.0,10,,operand,iid,end,add_acc_interaction_te,3,3,100.0,100.0,0.0
A,,partition,0.3|wd0.0,10,,operand,iid,end,add_acc_additive_te,3,3,1.0626991987228394,0.8957036733627319,0.33333333333333326
A,,partition,0.3|wd0.0,10,,operand,iid,end,add_acc_no_a_te,3,3,100.0,100.0,0.0
A,,partition,0.3|wd0.0,10,,operand,iid,end,add_acc_no_b_te,3,3,100.0,100.0,0.0
A,,partition,0.3|wd0.0,10,,operand,iid,end,circ_share_interaction_tr,3,3,1.093232238288272,1.098549564879152,-0.33333333333333337
A,,partition,0.3|wd0.0,10,,operand,iid,end,circ_share_marginal_tr,3,3,0.09593852495789976,0.10271794915732688,0.11111111111111116
A,,partition,0.3|wd0.0,10,,operand,iid,end,circ_acc_interaction_tr,3,3,100.0,100.0,0.0
A,,partition,0.3|wd0.0,10,,operand,iid,end,circ_acc_marginal_tr,3,3,1.0630758479237556,1.204819232225418,-1.0
A,,partition,0.3|wd0.0,10,,operand,iid,end,circ_units_tr,3,3,116.44813537597656,115.52165222167969,0.5555555555555556
A,,partition,0.3|wd0.0,10,,operand,iid,end,circ_share_interaction_te,3,3,1.0844802546849692,1.0912146747234386,-0.11111111111111116
A,,partition,0.3|wd0.0,10,,operand,iid,end,circ_share_marginal_te,3,3,0.09476089984529185,0.09984378313719355,-0.11111111111111116
A,,partition,0.3|wd0.0,10,,operand,iid,end,circ_acc_interaction_te,3,3,100.0,100.0,0.0
A,,partition,0.3|wd0.0,10,,operand,iid,end,circ_acc_marginal_te,3,3,1.3207833282649517,1.1689691804349422,0.33333333333333326
A,,partition,0.3|wd0.0,10,,operand,iid,end,circ_units_te,3,3,116.44813537597656,115.52165222167969,0.5555555555555556
A,,partition,0.3|wd0.0,10,,operand,iid,end,sharp_lambda_max,3,3,0.02045281045138836,0.020710526034235954,-0.33333333333333337
A,,partition,0.3|wd0.0,10,,operand,iid,end,sharp_grad_norm,3,3,4.221066410536878e-05,8.470247848890722e-06,1.0
A,,partition,0.3|wd0.0,10,,operand,iid,end,sharp_lr_lambda,3,3,1.022640522569418,1.0355263017117977,-0.33333333333333337
A,,partition,0.3|wd0.0,10,,operand,iid,end,unit_fourier_sum_share,3,3,0.2917200975345939,0.2951990996920848,-0.33333333333333337
A,,partition,0.3|wd0.0,10,,operand,iid,end,unit_fourier_diff_share,3,3,0.29172009222449286,0.2951990997846218,-0.33333333333333337
A,,partition,0.3|wd0.0,10,,operand,iid,end,unit_fourier_marginal_share,3,3,0.40208813918437875,0.3926623663515103,0.33333333333333326
A,,partition,0.3|wd0.0,10,,operand,iid,end,unit_fourier_other_share,3,3,0.014471671056534463,0.015803430715836342,-1.0
A,,partition,0.3|wd0.0,10,,operand,iid,end,unit_sum_freq_concentration,3,3,0.29162014139237846,0.2950911046274851,-0.33333333333333337
A,,partition,0.3|wd0.0,10,,operand,iid,end,unit_n_distinct_sum_freqs,3,3,48.0,48.0,0.0
A,,partition,0.3|wd0.0,10,,operand,iid,end,fU_ipr,3,3,0.43919540242541744,0.4092442961867132,1.0
A,,partition,0.3|wd0.0,10,,operand,iid,end,fU_dc_share,3,3,0.07143534583398123,0.06495744192920584,0.7777777777777777
A,,partition,0.3|wd0.0,10,,operand,iid,end,fU_top1_share,3,3,0.0302494054542811,0.027712878087676494,1.0
A,,partition,0.3|wd0.0,10,,operand,iid,end,fU_nfreq90,3,3,42.0,42.0,0.0
A,,partition,0.3|wd0.0,10,,operand,iid,end,fU_freq_gini,3,3,0.09958648377507906,0.08129998385587012,0.7777777777777777
A,,partition,0.3|wd0.0,10,,operand,iid,end,fU_freq_eff_n,3,3,47.18510563278074,47.495751586519276,-1.0
A,,partition,0.3|wd0.0,10,,operand,iid,end,fV_ipr,3,3,0.40467337066581927,0.4097114928808407,-0.33333333333333337
A,,partition,0.3|wd0.0,10,,operand,iid,end,fV_dc_share,3,3,0.05435466851907887,0.06511926427027256,-1.0
A,,partition,0.3|wd0.0,10,,operand,iid,end,fV_top1_share,3,3,0.03190673525117674,0.03077333222466126,0.11111111111111116
A,,partition,0.3|wd0.0,10,,operand,iid,end,fV_nfreq90,3,3,43.0,43.0,0.33333333333333326
A,,partition,0.3|wd0.0,10,,operand,iid,end,fV_freq_gini,3,3,0.07913621713256758,0.0748165994873331,-0.11111111111111116
A,,partition,0.3|wd0.0,10,,operand,iid,end,fV_freq_eff_n,3,3,47.482944820242814,47.55555554479133,0.11111111111111116
A,,partition,0.3|wd0.0,10,,operand,iid,end,fout_ipr,3,3,0.3231231089159088,0.3203966411017517,0.5555555555555556
A,,partition,0.3|wd0.0,10,,operand,iid,end,fout_dc_share,3,3,0.00011391799333100096,0.0001112296385111641,0.11111111111111116
A,,partition,0.3|wd0.0,10,,operand,iid,end,fout_top1_share,3,3,0.028076926102618447,0.02758193646272808,0.33333333333333326
A,,partition,0.3|wd0.0,10,,operand,iid,end,fout_nfreq90,3,3,42.0,42.0,0.0
A,,partition,0.3|wd0.0,10,,operand,iid,end,fout_freq_gini,3,3,0.07796258288184466,0.07789950995856865,0.11111111111111116
A,,partition,0.3|wd0.0,10,,operand,iid,end,fout_freq_eff_n,3,3,47.49518196161267,47.484730249959924,0.11111111111111116
A,,partition,0.3|wd0.0,10,,operand,iid,end,fin_uv_agree_strong,3,3,1.0,1.0,-0.33333333333333337
A,,partition,0.3|wd0.0,10,,operand,iid,end,fin_uvw_agree_strong,3,3,0.9921875,1.0,-0.4444444444444444
A,,partition,0.3|wd0.0,10,,operand,iid,end,fin_n_unique_freq_strong,3,3,48.0,47.0,0.11111111111111116
A,,partition,0.3|wd0.0,10,,operand,iid,end,clock_share,3,3,0.9846488893262432,0.9819075408063256,1.0
A,,partition,0.3|wd0.0,10,,operand,iid,end,clock_nfreq90,3,3,44.0,44.0,0.0
A,,partition,0.3|wd0.0,10,,operand,iid,end,clock_top1_share,3,3,0.021116404240298047,0.02113566439597055,-0.11111111111111116
A,,partition,0.3|wd0.0,10,,operand,iid,end,clock_freq_gini,3,3,0.003964952253663778,0.003943140576537996,0.11111111111111116
A,,partition,0.3|wd0.0,10,,operand,iid,end,clock_key_jaccard_final,3,3,1.0,1.0,0.0
A,,partition,0.3|wd0.0,10,,operand,iid,end,clock_restricted_loss_tr,3,3,0.000850669399369508,0.0008508148021064699,-1.0
A,,partition,0.3|wd0.0,10,,operand,iid,end,clock_restricted_acc_tr,3,3,100.0,100.0,0.0
A,,partition,0.3|wd0.0,10,,operand,iid,end,clock_excluded_loss_tr,3,3,0.009345335885882378,0.009336160495877266,0.7777777777777777
A,,partition,0.3|wd0.0,10,,operand,iid,end,clock_excluded_acc_tr,3,3,99.57476806640625,99.39759063720703,0.4444444444444444
A,,partition,0.3|wd0.0,10,,operand,iid,end,clock_restricted_loss_te,3,3,0.000850742042530328,0.0008509015897288918,-1.0
A,,partition,0.3|wd0.0,10,,operand,iid,end,clock_restricted_acc_te,3,3,100.0,100.0,0.0
A,,partition,0.3|wd0.0,10,,operand,iid,end,clock_excluded_loss_te,3,3,0.009581523016095161,0.009625520557165146,-1.0
A,,partition,0.3|wd0.0,10,,operand,iid,end,clock_excluded_acc_te,3,3,80.90177917480469,74.49522399902344,0.5555555555555556
A,,partition,0.3|wd0.0,10,,target,iid,memo,fn_loss_tr,3,3,0.007052743807435036,0.007049170788377523,0.11111111111111116
A,,partition,0.3|wd0.0,10,,target,iid,memo,fn_acc_tr,3,3,99.8582534790039,99.8582534790039,0.11111111111111116
A,,partition,0.3|wd0.0,10,,target,iid,memo,fn_margin_tr,3,3,0.1773904711008072,0.17435014247894287,0.7777777777777777
A,,partition,0.3|wd0.0,10,,target,iid,memo,fn_entropy_tr,3,3,4.5731520652771,4.573204517364502,-1.0
A,,partition,0.3|wd0.0,10,,target,iid,memo,fn_loss_te,3,3,0.013298891484737396,0.013243883848190308,0.33333333333333326
A,,partition,0.3|wd0.0,10,,target,iid,memo,fn_acc_te,3,3,0.31880977749824524,0.19735842943191528,0.7777777777777777
A,,partition,0.3|wd0.0,10,,target,iid,memo,fn_margin_te,3,3,-0.1513320505619049,-0.15344557166099548,0.33333333333333326
A,,partition,0.3|wd0.0,10,,target,iid,memo,fn_entropy_te,3,3,4.57316780090332,4.573245525360107,-1.0
A,,partition,0.3|wd0.0,10,,target,iid,memo,fn_gap_loss,3,3,0.006228391546756029,0.006223231088370085,0.11111111111111116
A,,partition,0.3|wd0.0,10,,target,iid,memo,fn_gap_acc,3,3,99.56980654597282,99.62546414136887,-0.5555555555555556
A,,partition,0.3|wd0.0,10,,target,iid,memo,fn_class_acc_gini,3,3,0.8082317931772685,0.8697456932686862,-1.0
A,,partition,0.3|wd0.0,10,,target,iid,memo,w_W1_fro,3,3,29.612945556640625,27.30763053894043,1.0
A,,partition,0.3|wd0.0,10,,target,iid,memo,w_W1_spec,3,3,3.840177297592163,3.5125985145568848,1.0
A,,partition,0.3|wd0.0,10,,target,iid,memo,w_W1_stable_rank,3,3,59.46702194213867,60.57935333251953,-1.0
A,,partition,0.3|wd0.0,10,,target,iid,memo,w_W1_eff_rank,3,3,170.2089999510069,170.45003351804795,-0.7777777777777778
A,,partition,0.3|wd0.0,10,,target,iid,memo,w_W1_sv_gini,3,3,0.2854664490594001,0.28387878940202094,0.33333333333333326
A,,partition,0.3|wd0.0,10,,target,iid,memo,w_W1_entry_gini,3,3,0.39360994575859,0.39467160171414606,-0.11111111111111116
A,,partition,0.3|wd0.0,10,,target,iid,memo,w_W1_row_gini,3,3,0.023238355758389284,0.016688979401368043,1.0
A,,partition,0.3|wd0.0,10,,target,iid,memo,w_W1_row_pr,3,3,0.9982768161274654,0.9991115254946513,-1.0
A,,partition,0.3|wd0.0,10,,target,iid,memo,w_W1_dist_init,3,3,19.142780303955078,17.367795944213867,1.0
A,,partition,0.3|wd0.0,10,,target,iid,memo,w_W1_rel_dist_init,3,3,1.1978890346747395,1.0807141314980337,1.0
A,,partition,0.3|wd0.0,10,,target,iid,memo,w_W1_cos_init,3,3,0.8091821670532227,0.8020666837692261,0.33333333333333326
A,,partition,0.3|wd0.0,10,,target,iid,memo,w_W2_fro,3,3,13.676972389221191,15.369826316833496,-1.0
A,,partition,0.3|wd0.0,10,,target,iid,memo,w_W2_spec,3,3,2.2669568061828613,2.4410905838012695,-0.7777777777777778
A,,partition,0.3|wd0.0,10,,target,iid,memo,w_W2_stable_rank,3,3,36.39994812011719,39.93918228149414,-0.7777777777777778
A,,partition,0.3|wd0.0,10,,target,iid,memo,w_W2_eff_rank,3,3,89.74792341069731,91.45316631681379,-1.0
A,,partition,0.3|wd0.0,10,,target,iid,memo,w_W2_sv_gini,3,3,0.21864829615377745,0.19152700174302106,1.0
A,,partition,0.3|wd0.0,10,,target,iid,memo,w_W2_entry_gini,3,3,0.4316478351135593,0.43244795696272864,-0.11111111111111116
A,,partition,0.3|wd0.0,10,,target,iid,memo,w_W2_row_gini,3,3,0.08739338172760647,0.08475322677951369,0.33333333333333326
A,,partition,0.3|wd0.0,10,,target,iid,memo,w_W2_row_pr,3,3,0.9764557312436075,0.9785936010752254,-0.11111111111111116
A,,partition,0.3|wd0.0,10,,target,iid,memo,w_W2_dist_init,3,3,13.664273262023926,15.353446006774902,-1.0
A,,partition,0.3|wd0.0,10,,target,iid,memo,w_W2_rel_dist_init,3,3,22.171207160443632,24.912004137750415,-1.0
A,,partition,0.3|wd0.0,10,,target,iid,memo,w_W2_cos_init,3,3,0.04312582686543465,0.04661308601498604,-1.0
A,,partition,0.3|wd0.0,10,,target,iid,memo,w_all_norm,3,3,32.61880007413026,31.33589390237495,1.0
A,,partition,0.3|wd0.0,10,,target,iid,memo,w_all_rel_norm,3,3,2.039655486821482,1.9522937296370875,1.0
A,,partition,0.3|wd0.0,10,,target,iid,memo,w_all_dist_init,3,3,23.519319750893146,23.18121308824894,1.0
A,,partition,0.3|wd0.0,10,,target,iid,memo,w_all_rel_dist_init,3,3,1.4706644471040418,1.4420058154098472,1.0
A,,partition,0.3|wd0.0,10,,target,iid,memo,w_all_cos_init,3,3,0.7347663835495977,0.6996125089104251,0.33333333333333326
A,,partition,0.3|wd0.0,10,,target,iid,memo,rep_between_within_tr,3,3,0.10519115502936882,0.10823483035419838,-0.33333333333333337
A,,partition,0.3|wd0.0,10,,target,iid,memo,rep_nc1_tr,3,3,4.49294438309477,4.131126686572957,0.33333333333333326
A,,partition,0.3|wd0.0,10,,target,iid,memo,rep_eff_rank_te,3,3,246.846581252045,247.2511916393671,-1.0
A,,partition,0.3|wd0.0,10,,target,iid,memo,rep_pr_te,3,3,192.25601786652106,194.30619092315618,-1.0
A,,partition,0.3|wd0.0,10,,target,iid,memo,rep_unit_gini_te,3,3,0.08963443982388664,0.06284805423400375,1.0
A,,partition,0.3|wd0.0,10,,target,iid,memo,rep_unit_pr_te,3,3,0.9752022871170032,0.9877007289065216,-1.0
A,,partition,0.3|wd0.0,10,,target,iid,memo,rep_between_within_te,3,3,0.01520157402768012,0.015175080170115738,0.33333333333333326
A,,partition,0.3|wd0.0,10,,target,iid,memo,unit_interaction_share,3,3,0.5566639232116907,0.5577610656260651,-0.33333333333333337
A,,partition,0.3|wd0.0,10,,target,iid,memo,unit_frac_interacting,3,3,0.90625,0.92578125,-0.4444444444444444
A,,partition,0.3|wd0.0,10,,target,iid,memo,add_share_a,3,3,0.10032913137378115,0.1125043428091719,-1.0
A,,partition,0.3|wd0.0,10,,target,iid,memo,add_share_b,3,3,0.10370053363262853,0.11497212987367504,-1.0
A,,partition,0.3|wd0.0,10,,target,iid,memo,add_share_interaction,3,3,0.7949395643064674,0.772950265199947,1.0
A,,partition,0.3|wd0.0,10,,target,iid,memo,add_acc_interaction_tr,3,3,99.46846008300781,99.50389862060547,-0.33333333333333337
A,,partition,0.3|wd0.0,10,,target,iid,memo,add_acc_additive_tr,3,3,11.977320671081543,12.544295310974121,-0.5555555555555556
A,,partition,0.3|wd0.0,10,,target,iid,memo,add_acc_no_a_tr,3,3,99.71651458740234,99.71651458740234,0.0
A,,partition,0.3|wd0.0,10,,target,iid,memo,add_acc_no_b_tr,3,3,99.68107604980469,99.751953125,-0.33333333333333337
A,,partition,0.3|wd0.0,10,,target,iid,memo,add_acc_interaction_te,3,3,1.3511462211608887,1.2600576877593994,0.33333333333333326
A,,partition,0.3|wd0.0,10,,target,iid,memo,add_acc_additive_te,3,3,0.0,0.0,0.33333333333333326
A,,partition,0.3|wd0.0,10,,target,iid,memo,add_acc_no_a_te,3,3,0.5920752882957458,0.48580536246299744,0.4444444444444444
A,,partition,0.3|wd0.0,10,,target,iid,memo,add_acc_no_b_te,3,3,0.6983452439308167,0.5768938660621643,0.5555555555555556
A,,partition,0.3|wd0.0,10,,target,iid,memo,circ_share_interaction_tr,3,3,0.8561411934930252,0.8346758958268296,1.0
A,,partition,0.3|wd0.0,10,,target,iid,memo,circ_share_marginal_tr,3,3,0.20351349971700303,0.22237452354792964,-1.0
A,,partition,0.3|wd0.0,10,,target,iid,memo,circ_acc_interaction_tr,3,3,99.4684636592865,99.4684636592865,0.0
A,,partition,0.3|wd0.0,10,,target,iid,memo,circ_acc_marginal_tr,3,3,11.410347372293472,12.154500186443329,-0.7777777777777778
A,,partition,0.3|wd0.0,10,,target,iid,memo,circ_units_tr,3,3,245.41139221191406,246.79612731933594,-0.33333333333333337
A,,partition,0.3|wd0.0,10,,target,iid,memo,circ_share_interaction_te,3,3,0.7817751999682049,0.7568628471197841,1.0
A,,partition,0.3|wd0.0,10,,target,iid,memo,circ_share_marginal_te,3,3,0.20763742750547498,0.23046760930551904,-1.0
A,,partition,0.3|wd0.0,10,,target,iid,memo,circ_acc_interaction_te,3,3,1.4118718914687634,1.2600576505064964,0.5555555555555556
A,,partition,0.3|wd0.0,10,,target,iid,memo,circ_acc_marginal_te,3,3,0.0,0.0,0.33333333333333326
A,,partition,0.3|wd0.0,10,,target,iid,memo,circ_units_te,3,3,245.41139221191406,246.79612731933594,-0.33333333333333337
A,,partition,0.3|wd0.0,10,,target,iid,memo,sharp_lambda_max,3,3,0.007002363447099924,0.004975481890141964,1.0
A,,partition,0.3|wd0.0,10,,target,iid,memo,sharp_grad_norm,3,3,0.00010850719991140068,0.00010318400745745748,1.0
A,,partition,0.3|wd0.0,10,,target,iid,memo,sharp_lr_lambda,3,3,0.3501181723549962,0.2487740945070982,1.0
A,,partition,0.3|wd0.0,10,,target,iid,memo,unit_fourier_sum_share,3,3,0.01430305119703303,0.014411556319789659,0.11111111111111116
A,,partition,0.3|wd0.0,10,,target,iid,memo,unit_fourier_diff_share,3,3,0.014303051148862076,0.014411556109456746,0.11111111111111116
A,,partition,0.3|wd0.0,10,,target,iid,memo,unit_fourier_marginal_share,3,3,0.4433360763891183,0.4422389354733273,0.33333333333333326
A,,partition,0.3|wd0.0,10,,target,iid,memo,unit_fourier_other_share,3,3,0.5269062384182461,0.529668134235469,-1.0
A,,partition,0.3|wd0.0,10,,target,iid,memo,unit_sum_freq_concentration,3,3,0.00778593847195425,0.007776133480698127,0.33333333333333326
A,,partition,0.3|wd0.0,10,,target,iid,memo,unit_n_distinct_sum_freqs,3,3,47.0,48.0,-0.7777777777777778
A,,partition,0.3|wd0.0,10,,target,iid,memo,fU_ipr,3,3,0.029054084452254263,0.02915387397619507,0.11111111111111116
A,,partition,0.3|wd0.0,10,,target,iid,memo,fU_dc_share,3,3,0.005595895121719302,0.004864418268148133,1.0
A,,partition,0.3|wd0.0,10,,target,iid,memo,fU_top1_share,3,3,0.025755709154617668,0.02382752392456444,0.7777777777777777
A,,partition,0.3|wd0.0,10,,target,iid,memo,fU_nfreq90,3,3,43.0,43.0,-0.33333333333333337
A,,partition,0.3|wd0.0,10,,target,iid,memo,fU_freq_gini,3,3,0.05846974850609077,0.04084317490901723,1.0
A,,partition,0.3|wd0.0,10,,target,iid,memo,fU_freq_eff_n,3,3,47.72663280847109,47.874233011317294,-1.0
A,,partition,0.3|wd0.0,10,,target,iid,memo,fV_ipr,3,3,0.02943710969759055,0.029505716462411416,0.11111111111111116
A,,partition,0.3|wd0.0,10,,target,iid,memo,fV_dc_share,3,3,0.00540111753815477,0.0046936206012175245,0.7777777777777777
A,,partition,0.3|wd0.0,10,,target,iid,memo,fV_top1_share,3,3,0.026177497306806765,0.025334913581806645,1.0
A,,partition,0.3|wd0.0,10,,target,iid,memo,fV_nfreq90,3,3,43.0,43.0,-0.33333333333333337
A,,partition,0.3|wd0.0,10,,target,iid,memo,fV_freq_gini,3,3,0.061168883810771346,0.05002963577187547,1.0
A,,partition,0.3|wd0.0,10,,target,iid,memo,fV_freq_eff_n,3,3,47.716288804309464,47.80376089203021,-1.0
A,,partition,0.3|wd0.0,10,,target,iid,memo,fout_ipr,3,3,0.03153794506381502,0.03035674269067318,0.7777777777777777
A,,partition,0.3|wd0.0,10,,target,iid,memo,fout_dc_share,3,3,0.0002331852327826457,0.00024772625164696843,-0.7777777777777778
A,,partition,0.3|wd0.0,10,,target,iid,memo,fout_top1_share,3,3,0.025878838530257787,0.024123627502875424,1.0
A,,partition,0.3|wd0.0,10,,target,iid,memo,fout_nfreq90,3,3,41.0,43.0,-1.0
A,,partition,0.3|wd0.0,10,,target,iid,memo,fout_freq_gini,3,3,0.09252919167949658,0.03757748930939986,1.0
A,,partition,0.3|wd0.0,10,,target,iid,memo,fout_freq_eff_n,3,3,46.90032622587454,47.893027495103304,-1.0
A,,partition,0.3|wd0.0,10,,target,iid,memo,fin_uv_agree_strong,3,3,0.671875,0.6640625,0.33333333333333326
A,,partition,0.3|wd0.0,10,,target,iid,memo,fin_uvw_agree_strong,3,3,0.59375,0.5859375,0.33333333333333326
A,,partition,0.3|wd0.0,10,,target,iid,memo,fin_n_unique_freq_strong,3,3,44.0,44.0,-0.11111111111111116
A,,partition,0.3|wd0.0,10,,target,iid,memo,clock_share,3,3,0.02758919918876756,0.02597529094145148,1.0
A,,partition,0.3|wd0.0,10,,target,iid,memo,clock_nfreq90,3,3,35.0,39.0,-1.0
A,,partition,0.3|wd0.0,10,,target,iid,memo,clock_top1_share,3,3,0.05393678308671423,0.049869827261442665,0.33333333333333326
A,,partition,0.3|wd0.0,10,,target,iid,memo,clock_freq_gini,3,3,0.3417426702409194,0.25933567541851565,1.0
A,,partition,0.3|wd0.0,10,,target,iid,memo,clock_key_jaccard_final,3,3,0.8048780487804879,0.7291666666666666,1.0
A,,partition,0.3|wd0.0,10,,target,iid,memo,clock_restricted_loss_tr,3,3,0.008730958215892315,0.008720561861991882,-0.11111111111111116
A,,partition,0.3|wd0.0,10,,target,iid,memo,clock_restricted_acc_tr,3,3,100.0,100.0,0.0
A,,partition,0.3|wd0.0,10,,target,iid,memo,clock_excluded_loss_tr,3,3,0.008205907419323921,0.008202548138797283,0.11111111111111116
A,,partition,0.3|wd0.0,10,,target,iid,memo,clock_excluded_acc_tr,3,3,94.68461608886719,94.2948226928711,0.33333333333333326
A,,partition,0.3|wd0.0,10,,target,iid,memo,clock_restricted_loss_te,3,3,0.008731155656278133,0.008720713667571545,-0.11111111111111116
A,,partition,0.3|wd0.0,10,,target,iid,memo,clock_restricted_acc_te,3,3,100.0,100.0,0.0
A,,partition,0.3|wd0.0,10,,target,iid,memo,clock_excluded_loss_te,3,3,0.014956465922296047,0.014843754470348358,0.7777777777777777
A,,partition,0.3|wd0.0,10,,target,iid,memo,clock_excluded_acc_te,3,3,0.01518141757696867,0.0,0.4444444444444444
A,,partition,0.3|wd0.0,10,,target,iid,cross,fn_loss_tr,3,3,0.0035745520144701004,0.0028011882677674294,1.0
A,,partition,0.3|wd0.0,10,,target,iid,cross,fn_acc_tr,3,3,100.0,100.0,-0.33333333333333337
A,,partition,0.3|wd0.0,10,,target,iid,cross,fn_margin_tr,3,3,0.5421714186668396,0.6155915260314941,-0.33333333333333337
A,,partition,0.3|wd0.0,10,,target,iid,cross,fn_entropy_tr,3,3,4.570258140563965,4.569365501403809,0.7777777777777777
A,,partition,0.3|wd0.0,10,,target,iid,cross,fn_loss_te,3,3,0.00803388562053442,0.0073105087503790855,0.5555555555555556
A,,partition,0.3|wd0.0,10,,target,iid,cross,fn_acc_te,3,3,99.43828582763672,99.98481750488281,-0.7777777777777778
A,,partition,0.3|wd0.0,10,,target,iid,cross,fn_margin_te,3,3,0.25789451599121094,0.3239513635635376,-0.7777777777777778
A,,partition,0.3|wd0.0,10,,target,iid,cross,fn_entropy_te,3,3,4.571073055267334,4.570531368255615,0.7777777777777777
A,,partition,0.3|wd0.0,10,,target,iid,cross,fn_gap_loss,3,3,0.00454723509028554,0.004509320482611656,0.11111111111111116
A,,partition,0.3|wd0.0,10,,target,iid,cross,fn_gap_acc,3,3,0.5617141723632812,0.0151824951171875,0.7777777777777777
A,,partition,0.3|wd0.0,10,,target,iid,cross,fn_class_acc_gini,3,3,0.004197200520515976,0.0001437251653548799,0.7777777777777777
A,,partition,0.3|wd0.0,10,,target,iid,cross,w_W1_fro,3,3,37.832664489746094,32.75274658203125,1.0
A,,partition,0.3|wd0.0,10,,target,iid,cross,w_W1_spec,3,3,5.330460548400879,4.281885623931885,1.0
A,,partition,0.3|wd0.0,10,,target,iid,cross,w_W1_stable_rank,3,3,50.48126220703125,58.78479766845703,-1.0
A,,partition,0.3|wd0.0,10,,target,iid,cross,w_W1_eff_rank,3,3,169.42654667637584,171.13155774344517,-1.0
A,,partition,0.3|wd0.0,10,,target,iid,cross,w_W1_sv_gini,3,3,0.28963331179087226,0.27738691547147276,1.0
A,,partition,0.3|wd0.0,10,,target,iid,cross,w_W1_entry_gini,3,3,0.362020478470521,0.3523586862175625,1.0
A,,partition,0.3|wd0.0,10,,target,iid,cross,w_W1_row_gini,3,3,0.06845077892361595,0.06751797463474407,0.5555555555555556
A,,partition,0.3|wd0.0,10,,target,iid,cross,w_W1_row_pr,3,3,0.9825871300779362,0.9843485815454459,-1.0
A,,partition,0.3|wd0.0,10,,target,iid,cross,w_W1_dist_init,3,3,33.86924362182617,30.03836441040039,1.0
A,,partition,0.3|wd0.0,10,,target,iid,cross,w_W1_rel_dist_init,3,3,2.113208225276378,1.874187668749738,1.0
A,,partition,0.3|wd0.0,10,,target,iid,cross,w_W1_cos_init,3,3,0.446156769990921,0.4070138931274414,0.33333333333333326
A,,partition,0.3|wd0.0,10,,target,iid,cross,w_W2_fro,3,3,14.084426879882812,19.592012405395508,-1.0
A,,partition,0.3|wd0.0,10,,target,iid,cross,w_W2_spec,3,3,2.235569953918457,2.833822011947632,-1.0
A,,partition,0.3|wd0.0,10,,target,iid,cross,w_W2_stable_rank,3,3,39.02857971191406,47.799110412597656,-1.0
A,,partition,0.3|wd0.0,10,,target,iid,cross,w_W2_eff_rank,3,3,87.31307542772826,93.9599000812955,-1.0
A,,partition,0.3|wd0.0,10,,target,iid,cross,w_W2_sv_gini,3,3,0.21332680576997043,0.1327109099683934,1.0
A,,partition,0.3|wd0.0,10,,target,iid,cross,w_W2_entry_gini,3,3,0.4014299679482083,0.39200483152876053,1.0
A,,partition,0.3|wd0.0,10,,target,iid,cross,w_W2_row_gini,3,3,0.06284724454828772,0.06067161407210375,0.33333333333333326
A,,partition,0.3|wd0.0,10,,target,iid,cross,w_W2_row_pr,3,3,0.9874609356314383,0.9888660218552263,-0.11111111111111116
A,,partition,0.3|wd0.0,10,,target,iid,cross,w_W2_dist_init,3,3,14.088191986083984,19.589649200439453,-1.0
A,,partition,0.3|wd0.0,10,,target,iid,cross,w_W2_rel_dist_init,3,3,22.784882315861662,31.68240836595067,-1.0
A,,partition,0.3|wd0.0,10,,target,iid,cross,w_W2_cos_init,3,3,0.022095832973718643,0.021665407344698906,0.11111111111111116
A,,partition,0.3|wd0.0,10,,target,iid,cross,w_all_norm,3,3,40.36931486820727,38.16528997348155,1.0
A,,partition,0.3|wd0.0,10,,target,iid,cross,w_all_rel_norm,3,3,2.5203630001703514,2.37306599645126,1.0
A,,partition,0.3|wd0.0,10,,target,iid,cross,w_all_dist_init,3,3,36.68245925440896,35.861646535655424,1.0
A,,partition,0.3|wd0.0,10,,target,iid,cross,w_all_rel_dist_init,3,3,2.2870323001566026,2.2358572906745686,1.0
A,,partition,0.3|wd0.0,10,,target,iid,cross,w_all_cos_init,3,3,0.4180245629502929,0.3494200380889535,0.7777777777777777
A,,partition,0.3|wd0.0,10,,target,iid,cross,rep_between_within_tr,3,3,0.32621804683097333,0.3632459962463646,-1.0
A,,partition,0.3|wd0.0,10,,target,iid,cross,rep_nc1_tr,3,3,2.4198986565348157,0.8920027928412089,1.0
A,,partition,0.3|wd0.0,10,,target,iid,cross,rep_eff_rank_te,3,3,241.54838211105633,242.79103486173705,-1.0
A,,partition,0.3|wd0.0,10,,target,iid,cross,rep_pr_te,3,3,139.81502394501732,155.3860586868047,-1.0
A,,partition,0.3|wd0.0,10,,target,iid,cross,rep_unit_gini_te,3,3,0.2536115068003799,0.23592697688390496,1.0
A,,partition,0.3|wd0.0,10,,target,iid,cross,rep_unit_pr_te,3,3,0.732226474544906,0.8035145448751848,-1.0
A,,partition,0.3|wd0.0,10,,target,iid,cross,rep_between_within_te,3,3,0.22005261367438972,0.2526551377150108,-0.7777777777777778
A,,partition,0.3|wd0.0,10,,target,iid,cross,unit_interaction_share,3,3,0.6712071566647497,0.6888657164617281,-1.0
A,,partition,0.3|wd0.0,10,,target,iid,cross,unit_frac_interacting,3,3,0.9453125,0.96875,-0.7777777777777778
A,,partition,0.3|wd0.0,10,,target,iid,cross,add_share_a,3,3,0.033317445364453316,0.03330409069432097,-0.11111111111111116
A,,partition,0.3|wd0.0,10,,target,iid,cross,add_share_b,3,3,0.03375733692714648,0.03303846717426075,-0.11111111111111116
A,,partition,0.3|wd0.0,10,,target,iid,cross,add_share_interaction,3,3,0.9326642538135562,0.933474677676019,0.11111111111111116
A,,partition,0.3|wd0.0,10,,target,iid,cross,add_acc_interaction_tr,3,3,100.0,100.0,-0.33333333333333337
A,,partition,0.3|wd0.0,10,,target,iid,cross,add_acc_additive_tr,3,3,7.335223197937012,8.362863540649414,-0.7777777777777778
A,,partition,0.3|wd0.0,10,,target,iid,cross,add_acc_no_a_tr,3,3,100.0,100.0,-0.33333333333333337
A,,partition,0.3|wd0.0,10,,target,iid,cross,add_acc_no_b_tr,3,3,100.0,100.0,-0.33333333333333337
A,,partition,0.3|wd0.0,10,,target,iid,cross,add_acc_interaction_te,3,3,99.78746032714844,100.0,-0.5555555555555556
A,,partition,0.3|wd0.0,10,,target,iid,cross,add_acc_additive_te,3,3,0.1366327702999115,0.25808411836624146,-0.6666666666666667
A,,partition,0.3|wd0.0,10,,target,iid,cross,add_acc_no_a_te,3,3,99.71155548095703,100.0,-0.7777777777777778
A,,partition,0.3|wd0.0,10,,target,iid,cross,add_acc_no_b_te,3,3,99.69637298583984,99.98481750488281,-0.6666666666666667
A,,partition,0.3|wd0.0,10,,target,iid,cross,circ_share_interaction_tr,3,3,0.9682593497199912,0.964951355311085,1.0
A,,partition,0.3|wd0.0,10,,target,iid,cross,circ_share_marginal_tr,3,3,0.06948576059401096,0.06836152736826623,0.11111111111111116
A,,partition,0.3|wd0.0,10,,target,iid,cross,circ_acc_interaction_tr,3,3,100.0,100.0,-0.33333333333333337
A,,partition,0.3|wd0.0,10,,target,iid,cross,circ_acc_marginal_tr,3,3,7.051736116409302,7.973068952560425,-1.0
A,,partition,0.3|wd0.0,10,,target,iid,cross,circ_units_tr,3,3,96.38658142089844,121.1509780883789,-1.0
A,,partition,0.3|wd0.0,10,,target,iid,cross,circ_share_interaction_te,3,3,0.9273336759315616,0.9285236666637291,0.11111111111111116
A,,partition,0.3|wd0.0,10,,target,iid,cross,circ_share_marginal_te,3,3,0.07411039387446211,0.07362235417345972,-0.11111111111111116
A,,partition,0.3|wd0.0,10,,target,iid,cross,circ_acc_interaction_te,3,3,99.8026430606842,100.0,-0.7777777777777778
A,,partition,0.3|wd0.0,10,,target,iid,cross,circ_acc_marginal_te,3,3,0.18217700999230146,0.24290268775075674,-0.5555555555555556
A,,partition,0.3|wd0.0,10,,target,iid,cross,circ_units_te,3,3,96.38658142089844,121.1509780883789,-1.0
A,,partition,0.3|wd0.0,10,,target,iid,cross,sharp_lambda_max,3,3,0.019605908542871475,0.010880476795136929,1.0
A,,partition,0.3|wd0.0,10,,target,iid,cross,sharp_grad_norm,3,3,0.0001789458910934627,0.00010230235784547403,1.0
A,,partition,0.3|wd0.0,10,,target,iid,cross,sharp_lr_lambda,3,3,0.9802954271435738,0.5440238397568464,1.0
A,,partition,0.3|wd0.0,10,,target,iid,cross,unit_fourier_sum_share,3,3,0.1840819583655363,0.20594008918594303,-0.7777777777777778
A,,partition,0.3|wd0.0,10,,target,iid,cross,unit_fourier_diff_share,3,3,0.18408196125142406,0.20594008609116216,-0.7777777777777778
A,,partition,0.3|wd0.0,10,,target,iid,cross,unit_fourier_marginal_share,3,3,0.3287928428799619,0.31113428417483446,1.0
A,,partition,0.3|wd0.0,10,,target,iid,cross,unit_fourier_other_share,3,3,0.3030432375030777,0.27698554054806035,0.5555555555555556
A,,partition,0.3|wd0.0,10,,target,iid,cross,unit_sum_freq_concentration,3,3,0.18082334490504043,0.20291737573721852,-0.7777777777777778
A,,partition,0.3|wd0.0,10,,target,iid,cross,unit_n_distinct_sum_freqs,3,3,45.0,48.0,-1.0
A,,partition,0.3|wd0.0,10,,target,iid,cross,fU_ipr,3,3,0.17795467529314823,0.2012103958482058,-0.7777777777777778
A,,partition,0.3|wd0.0,10,,target,iid,cross,fU_dc_share,3,3,0.005236016512020153,0.003948934876028954,0.7777777777777777
A,,partition,0.3|wd0.0,10,,target,iid,cross,fU_top1_share,3,3,0.02966486580779128,0.02661677146626179,1.0
A,,partition,0.3|wd0.0,10,,target,iid,cross,fU_nfreq90,3,3,40.0,42.0,-1.0
A,,partition,0.3|wd0.0,10,,target,iid,cross,fU_freq_gini,3,3,0.13896643706845735,0.09089202281173336,1.0
A,,partition,0.3|wd0.0,10,,target,iid,cross,fU_freq_eff_n,3,3,46.17049766720324,47.355755733220384,-1.0
A,,partition,0.3|wd0.0,10,,target,iid,cross,fV_ipr,3,3,0.1776490441024294,0.2005665459089494,-0.7777777777777778
A,,partition,0.3|wd0.0,10,,target,iid,cross,fV_dc_share,3,3,0.00444114067089612,0.0037230542283453677,0.7777777777777777
A,,partition,0.3|wd0.0,10,,target,iid,cross,fV_top1_share,3,3,0.029465264415713965,0.026829564385024242,1.0
A,,partition,0.3|wd0.0,10,,target,iid,cross,fV_nfreq90,3,3,40.0,42.0,-1.0
A,,partition,0.3|wd0.0,10,,target,iid,cross,fV_freq_gini,3,3,0.13992255849294843,0.08894517496173981,1.0
A,,partition,0.3|wd0.0,10,,target,iid,cross,fV_freq_eff_n,3,3,46.16581301929545,47.37015012886005,-1.0
A,,partition,0.3|wd0.0,10,,target,iid,cross,fout_ipr,3,3,0.17862067705201304,0.20046953134259243,-1.0
A,,partition,0.3|wd0.0,10,,target,iid,cross,fout_dc_share,3,3,8.087391051078445e-05,8.098345508613305e-05,-0.11111111111111116
A,,partition,0.3|wd0.0,10,,target,iid,cross,fout_top1_share,3,3,0.02749888142643891,0.023652831316393966,1.0
A,,partition,0.3|wd0.0,10,,target,iid,cross,fout_nfreq90,3,3,40.0,43.0,-1.0
A,,partition,0.3|wd0.0,10,,target,iid,cross,fout_freq_gini,3,3,0.12082651688327206,0.03377505517645174,1.0
A,,partition,0.3|wd0.0,10,,target,iid,cross,fout_freq_eff_n,3,3,45.570467708822356,47.91109612906257,-1.0
A,,partition,0.3|wd0.0,10,,target,iid,cross,fin_uv_agree_strong,3,3,0.96875,0.9921875,-0.6666666666666667
A,,partition,0.3|wd0.0,10,,target,iid,cross,fin_uvw_agree_strong,3,3,0.953125,0.9921875,-0.6666666666666667
A,,partition,0.3|wd0.0,10,,target,iid,cross,fin_n_unique_freq_strong,3,3,44.0,47.0,-1.0
A,,partition,0.3|wd0.0,10,,target,iid,cross,clock_share,3,3,0.47118461606117484,0.5023090176962496,-0.5555555555555556
A,,partition,0.3|wd0.0,10,,target,iid,cross,clock_nfreq90,3,3,30.0,34.0,-0.7777777777777778
A,,partition,0.3|wd0.0,10,,target,iid,cross,clock_top1_share,3,3,0.055637230868367436,0.047208594659507566,0.7777777777777777
A,,partition,0.3|wd0.0,10,,target,iid,cross,clock_freq_gini,3,3,0.41060408563306994,0.35452925720735085,0.7777777777777777
A,,partition,0.3|wd0.0,10,,target,iid,cross,clock_key_jaccard_final,3,3,0.7,0.6956521739130435,0.11111111111111116
A,,partition,0.3|wd0.0,10,,target,iid,cross,clock_restricted_loss_tr,3,3,0.0036829777527600527,0.0029268816579133272,1.0
A,,partition,0.3|wd0.0,10,,target,iid,cross,clock_restricted_acc_tr,3,3,100.0,100.0,0.0
A,,partition,0.3|wd0.0,10,,target,iid,cross,clock_excluded_loss_tr,3,3,0.008706474676728249,0.008704505860805511,0.33333333333333326
A,,partition,0.3|wd0.0,10,,target,iid,cross,clock_excluded_acc_tr,3,3,86.67611694335938,85.01062774658203,0.11111111111111116
A,,partition,0.3|wd0.0,10,,target,iid,cross,clock_restricted_loss_te,3,3,0.0036832420155406,0.002927108434960246,1.0
A,,partition,0.3|wd0.0,10,,target,iid,cross,clock_restricted_acc_te,3,3,100.0,100.0,0.0
A,,partition,0.3|wd0.0,10,,target,iid,cross,clock_excluded_loss_te,3,3,0.015111404471099377,0.01517526339739561,-0.11111111111111116
A,,partition,0.3|wd0.0,10,,target,iid,cross,clock_excluded_acc_te,3,3,0.9412479400634766,1.4877790212631226,-0.33333333333333337
A,,partition,0.3|wd0.0,10,,target,iid,end,fn_loss_tr,3,3,0.0010926078539341688,3.533195922500454e-05,1.0
A,,partition,0.3|wd0.0,10,,target,iid,end,fn_acc_tr,3,3,100.0,100.0,0.0
A,,partition,0.3|wd0.0,10,,target,iid,end,fn_margin_tr,3,3,0.8652651906013489,0.9817081093788147,-1.0
A,,partition,0.3|wd0.0,10,,target,iid,end,fn_entropy_tr,3,3,4.566675186157227,4.5648345947265625,1.0
A,,partition,0.3|wd0.0,10,,target,iid,end,fn_loss_te,3,3,0.0014550926862284541,0.00025048956740647554,1.0
A,,partition,0.3|wd0.0,10,,target,iid,end,fn_acc_te,3,3,100.0,100.0,0.0
A,,partition,0.3|wd0.0,10,,target,iid,end,fn_margin_te,3,3,0.8274950981140137,0.9640863537788391,-1.0
A,,partition,0.3|wd0.0,10,,target,iid,end,fn_entropy_te,3,3,4.566808700561523,4.564846038818359,1.0
A,,partition,0.3|wd0.0,10,,target,iid,end,fn_gap_loss,3,3,0.0003603727091103792,0.000215157608181471,1.0
A,,partition,0.3|wd0.0,10,,target,iid,end,fn_gap_acc,3,3,0.0,0.0,0.0
A,,partition,0.3|wd0.0,10,,target,iid,end,fn_class_acc_gini,3,3,0.0,0.0,0.0
A,,partition,0.3|wd0.0,10,,target,iid,end,w_W1_fro,3,3,38.16782760620117,36.844181060791016,1.0
A,,partition,0.3|wd0.0,10,,target,iid,end,w_W1_spec,3,3,7.623982906341553,9.466365814208984,-0.7777777777777778
A,,partition,0.3|wd0.0,10,,target,iid,end,w_W1_stable_rank,3,3,25.063629150390625,15.260210990905762,1.0
A,,partition,0.3|wd0.0,10,,target,iid,end,w_W1_eff_rank,3,3,166.41630587819822,163.890587770053,0.7777777777777777
A,,partition,0.3|wd0.0,10,,target,iid,end,w_W1_sv_gini,3,3,0.3057702810027372,0.31961244522525467,-0.7777777777777778
A,,partition,0.3|wd0.0,10,,target,iid,end,w_W1_entry_gini,3,3,0.4207925926513252,0.39318266939345614,1.0
A,,partition,0.3|wd0.0,10,,target,iid,end,w_W1_row_gini,3,3,0.09363169511442448,0.10676788135603266,-1.0
A,,partition,0.3|wd0.0,10,,target,iid,end,w_W1_row_pr,3,3,0.9737136704176328,0.9664952762012259,1.0
A,,partition,0.3|wd0.0,10,,target,iid,end,w_W1_dist_init,3,3,38.004371643066406,37.27946472167969,1.0
A,,partition,0.3|wd0.0,10,,target,iid,end,w_W1_rel_dist_init,3,3,2.3712118182891393,2.325982604258301,1.0
A,,partition,0.3|wd0.0,10,,target,iid,end,w_W1_cos_init,3,3,0.2182845175266266,0.19183844327926636,1.0
A,,partition,0.3|wd0.0,10,,target,iid,end,w_W2_fro,3,3,18.303321838378906,22.85330581665039,-1.0
A,,partition,0.3|wd0.0,10,,target,iid,end,w_W2_spec,3,3,2.9812586307525635,3.4040281772613525,-1.0
A,,partition,0.3|wd0.0,10,,target,iid,end,w_W2_stable_rank,3,3,37.693572998046875,45.07332229614258,-0.7777777777777778
A,,partition,0.3|wd0.0,10,,target,iid,end,w_W2_eff_rank,3,3,86.23853805266558,92.76194959792316,-1.0
A,,partition,0.3|wd0.0,10,,target,iid,end,w_W2_sv_gini,3,3,0.22931656342344464,0.1589584196409588,1.0
A,,partition,0.3|wd0.0,10,,target,iid,end,w_W2_entry_gini,3,3,0.42237851076914623,0.3633006349536503,1.0
A,,partition,0.3|wd0.0,10,,target,iid,end,w_W2_row_gini,3,3,0.017326981208416248,0.015132717883933555,1.0
A,,partition,0.3|wd0.0,10,,target,iid,end,w_W2_row_pr,3,3,0.9990421210768686,0.9992958481145408,-1.0
A,,partition,0.3|wd0.0,10,,target,iid,end,w_W2_dist_init,3,3,18.305971145629883,22.851646423339844,-1.0
A,,partition,0.3|wd0.0,10,,target,iid,end,w_W2_rel_dist_init,3,3,29.702675785243173,36.95804791656645,-1.0
A,,partition,0.3|wd0.0,10,,target,iid,end,w_W2_cos_init,3,3,0.010078742168843746,0.010463213548064232,-0.33333333333333337
A,,partition,0.3|wd0.0,10,,target,iid,end,w_all_norm,3,3,42.337676355989515,43.35628287560752,-1.0
A,,partition,0.3|wd0.0,10,,target,iid,end,w_all_rel_norm,3,3,2.640472756810765,2.7031235464215233,-1.0
A,,partition,0.3|wd0.0,10,,target,iid,end,w_all_dist_init,3,3,42.23649525473237,43.725921764924536,-1.0
A,,partition,0.3|wd0.0,10,,target,iid,end,w_all_rel_dist_init,3,3,2.6291336964727683,2.7261693316945053,-1.0
A,,partition,0.3|wd0.0,10,,target,iid,end,w_all_cos_init,3,3,0.19651455565751633,0.16304247949671744,1.0
A,,partition,0.3|wd0.0,10,,target,iid,end,rep_between_within_tr,3,3,0.3240031299832826,0.4606636164107978,-1.0
A,,partition,0.3|wd0.0,10,,target,iid,end,rep_nc1_tr,3,3,2.925639752253,0.531533536243416,1.0
A,,partition,0.3|wd0.0,10,,target,iid,end,rep_eff_rank_te,3,3,233.20581568256034,227.95749394301347,1.0
A,,partition,0.3|wd0.0,10,,target,iid,end,rep_pr_te,3,3,153.21340984863872,127.83734880780584,1.0
A,,partition,0.3|wd0.0,10,,target,iid,end,rep_unit_gini_te,3,3,0.20494664171799792,0.2881105821031995,-1.0
A,,partition,0.3|wd0.0,10,,target,iid,end,rep_unit_pr_te,3,3,0.8766121560005273,0.7753977151160634,1.0
A,,partition,0.3|wd0.0,10,,target,iid,end,rep_between_within_te,3,3,0.29489491259334444,0.42359658569122843,-1.0
A,,partition,0.3|wd0.0,10,,target,iid,end,unit_interaction_share,3,3,0.48699581210337356,0.6073376364692927,-1.0
A,,partition,0.3|wd0.0,10,,target,iid,end,unit_frac_interacting,3,3,0.55859375,0.6015625,-1.0
A,,partition,0.3|wd0.0,10,,target,iid,end,add_share_a,3,3,0.001891981323285258,0.0009314442208121237,1.0
A,,partition,0.3|wd0.0,10,,target,iid,end,add_share_b,3,3,0.001743520276816352,0.0010553556719088064,1.0
A,,partition,0.3|wd0.0,10,,target,iid,end,add_share_interaction,3,3,0.9961362512401816,0.9979824078791767,-1.0
A,,partition,0.3|wd0.0,10,,target,iid,end,add_acc_interaction_tr,3,3,100.0,100.0,0.0
A,,partition,0.3|wd0.0,10,,target,iid,end,add_acc_additive_tr,3,3,2.23245906829834,1.3819986581802368,1.0
A,,partition,0.3|wd0.0,10,,target,iid,end,add_acc_no_a_tr,3,3,100.0,100.0,0.0
A,,partition,0.3|wd0.0,10,,target,iid,end,add_acc_no_b_tr,3,3,100.0,100.0,0.0
A,,partition,0.3|wd0.0,10,,target,iid,end,add_acc_interaction_te,3,3,100.0,100.0,0.0
A,,partition,0.3|wd0.0,10,,target,iid,end,add_acc_additive_te,3,3,0.9412479400634766,0.8957036733627319,0.33333333333333326
A,,partition,0.3|wd0.0,10,,target,iid,end,add_acc_no_a_te,3,3,100.0,100.0,0.0
A,,partition,0.3|wd0.0,10,,target,iid,end,add_acc_no_b_te,3,3,100.0,100.0,0.0
A,,partition,0.3|wd0.0,10,,target,iid,end,circ_share_interaction_tr,3,3,1.0380276100049706,1.098549564879152,-1.0
A,,partition,0.3|wd0.0,10,,target,iid,end,circ_share_marginal_tr,3,3,0.04416424164821725,0.10271794915732688,-1.0
A,,partition,0.3|wd0.0,10,,target,iid,end,circ_acc_interaction_tr,3,3,100.0,100.0,0.0
A,,partition,0.3|wd0.0,10,,target,iid,end,circ_acc_marginal_tr,3,3,1.984408125281334,1.204819232225418,1.0
A,,partition,0.3|wd0.0,10,,target,iid,end,circ_units_tr,3,3,111.99225616455078,115.52165222167969,-0.5555555555555556
A,,partition,0.3|wd0.0,10,,target,iid,end,circ_share_interaction_te,3,3,1.0297241173790748,1.0912146747234386,-1.0
A,,partition,0.3|wd0.0,10,,target,iid,end,circ_share_marginal_te,3,3,0.043204483950195154,0.09984378313719355,-1.0
A,,partition,0.3|wd0.0,10,,target,iid,end,circ_acc_interaction_te,3,3,100.0,100.0,0.0
A,,partition,0.3|wd0.0,10,,target,iid,end,circ_acc_marginal_te,3,3,1.2296948581933975,1.1689691804349422,0.11111111111111116
A,,partition,0.3|wd0.0,10,,target,iid,end,circ_units_te,3,3,111.99225616455078,115.52165222167969,-0.5555555555555556
A,,partition,0.3|wd0.0,10,,target,iid,end,sharp_lambda_max,3,3,0.022013314068317413,0.020710526034235954,1.0
A,,partition,0.3|wd0.0,10,,target,iid,end,sharp_grad_norm,3,3,0.00021421747806016356,8.470247848890722e-06,1.0
A,,partition,0.3|wd0.0,10,,target,iid,end,sharp_lr_lambda,3,3,1.1006657034158707,1.0355263017117977,1.0
A,,partition,0.3|wd0.0,10,,target,iid,end,unit_fourier_sum_share,3,3,0.22444740063889956,0.2951990996920848,-1.0
A,,partition,0.3|wd0.0,10,,target,iid,end,unit_fourier_diff_share,3,3,0.2244473979779532,0.2951990997846218,-1.0
A,,partition,0.3|wd0.0,10,,target,iid,end,unit_fourier_marginal_share,3,3,0.5130041837402208,0.3926623663515103,1.0
A,,partition,0.3|wd0.0,10,,target,iid,end,unit_fourier_other_share,3,3,0.0430841264580073,0.015803430715836342,1.0
A,,partition,0.3|wd0.0,10,,target,iid,end,unit_sum_freq_concentration,3,3,0.22415397152306749,0.2950911046274851,-1.0
A,,partition,0.3|wd0.0,10,,target,iid,end,unit_n_distinct_sum_freqs,3,3,46.0,48.0,-1.0
A,,partition,0.3|wd0.0,10,,target,iid,end,fU_ipr,3,3,0.33239161055562766,0.4092442961867132,-1.0
A,,partition,0.3|wd0.0,10,,target,iid,end,fU_dc_share,3,3,0.03981579164934837,0.06495744192920584,-1.0
A,,partition,0.3|wd0.0,10,,target,iid,end,fU_top1_share,3,3,0.03121821663056812,0.027712878087676494,1.0
A,,partition,0.3|wd0.0,10,,target,iid,end,fU_nfreq90,3,3,40.0,42.0,-1.0
A,,partition,0.3|wd0.0,10,,target,iid,end,fU_freq_gini,3,3,0.12577425023834143,0.08129998385587012,1.0
A,,partition,0.3|wd0.0,10,,target,iid,end,fU_freq_eff_n,3,3,45.77492349485722,47.495751586519276,-1.0
A,,partition,0.3|wd0.0,10,,target,iid,end,fV_ipr,3,3,0.32869633778582363,0.4097114928808407,-1.0
A,,partition,0.3|wd0.0,10,,target,iid,end,fV_dc_share,3,3,0.038206438559708886,0.06511926427027256,-1.0
A,,partition,0.3|wd0.0,10,,target,iid,end,fV_top1_share,3,3,0.031360569062974825,0.03077333222466126,-0.11111111111111116
A,,partition,0.3|wd0.0,10,,target,iid,end,fV_nfreq90,3,3,40.0,43.0,-1.0
A,,partition,0.3|wd0.0,10,,target,iid,end,fV_freq_gini,3,3,0.12468434350765634,0.0748165994873331,1.0
A,,partition,0.3|wd0.0,10,,target,iid,end,fV_freq_eff_n,3,3,45.73668823632217,47.55555554479133,-1.0
A,,partition,0.3|wd0.0,10,,target,iid,end,fout_ipr,3,3,0.2830559957023346,0.3203966411017517,-1.0
A,,partition,0.3|wd0.0,10,,target,iid,end,fout_dc_share,3,3,0.00011918701056625774,0.0001112296385111641,0.33333333333333326
A,,partition,0.3|wd0.0,10,,target,iid,end,fout_top1_share,3,3,0.031597984929773226,0.02758193646272808,0.7777777777777777
A,,partition,0.3|wd0.0,10,,target,iid,end,fout_nfreq90,3,3,40.0,42.0,-1.0
A,,partition,0.3|wd0.0,10,,target,iid,end,fout_freq_gini,3,3,0.14377787234329742,0.07789950995856865,1.0
A,,partition,0.3|wd0.0,10,,target,iid,end,fout_freq_eff_n,3,3,45.31785568238653,47.484730249959924,-1.0
A,,partition,0.3|wd0.0,10,,target,iid,end,fin_uv_agree_strong,3,3,1.0,1.0,0.0
A,,partition,0.3|wd0.0,10,,target,iid,end,fin_uvw_agree_strong,3,3,1.0,1.0,0.33333333333333326
A,,partition,0.3|wd0.0,10,,target,iid,end,fin_n_unique_freq_strong,3,3,44.0,47.0,-1.0
A,,partition,0.3|wd0.0,10,,target,iid,end,clock_share,3,3,0.9514117831830503,0.9819075408063256,-1.0
A,,partition,0.3|wd0.0,10,,target,iid,end,clock_nfreq90,3,3,39.0,44.0,-1.0
A,,partition,0.3|wd0.0,10,,target,iid,end,clock_top1_share,3,3,0.023869155087224276,0.02113566439597055,1.0
A,,partition,0.3|wd0.0,10,,target,iid,end,clock_freq_gini,3,3,0.10761511925143119,0.003943140576537996,1.0
A,,partition,0.3|wd0.0,10,,target,iid,end,clock_key_jaccard_final,3,3,1.0,1.0,0.0
A,,partition,0.3|wd0.0,10,,target,iid,end,clock_restricted_loss_tr,3,3,0.0019151081796735525,0.0008508148021064699,1.0
A,,partition,0.3|wd0.0,10,,target,iid,end,clock_restricted_acc_tr,3,3,100.0,100.0,0.0
A,,partition,0.3|wd0.0,10,,target,iid,end,clock_excluded_loss_tr,3,3,0.009344952180981636,0.009336160495877266,0.33333333333333326
A,,partition,0.3|wd0.0,10,,target,iid,end,clock_excluded_acc_tr,3,3,80.3685302734375,99.39759063720703,-0.7777777777777778
A,,partition,0.3|wd0.0,10,,target,iid,end,clock_restricted_loss_te,3,3,0.001915359403938055,0.0008509015897288918,1.0
A,,partition,0.3|wd0.0,10,,target,iid,end,clock_restricted_acc_te,3,3,100.0,100.0,0.0
A,,partition,0.3|wd0.0,10,,target,iid,end,clock_excluded_loss_te,3,3,0.009837565943598747,0.009625520557165146,1.0
A,,partition,0.3|wd0.0,10,,target,iid,end,clock_excluded_acc_te,3,3,56.186424255371094,74.49522399902344,-1.0
A,,partition,0.3|wd0.0,50,,operand,iid,memo,fn_loss_tr,3,3,0.007015597075223923,0.007039876189082861,-0.5555555555555556
A,,partition,0.3|wd0.0,50,,operand,iid,memo,fn_acc_tr,3,3,99.89369201660156,99.8582534790039,0.11111111111111116
A,,partition,0.3|wd0.0,50,,operand,iid,memo,fn_margin_tr,3,3,0.18308937549591064,0.1821199655532837,0.33333333333333326
A,,partition,0.3|wd0.0,50,,operand,iid,memo,fn_entropy_tr,3,3,4.573051929473877,4.573023319244385,0.5555555555555556
A,,partition,0.3|wd0.0,50,,operand,iid,memo,fn_loss_te,3,3,0.013516356237232685,0.013662655837833881,-1.0
A,,partition,0.3|wd0.0,50,,operand,iid,memo,fn_acc_te,3,3,0.22772127389907837,0.21253985166549683,0.22222222222222232
A,,partition,0.3|wd0.0,50,,operand,iid,memo,fn_margin_te,3,3,-0.1591968685388565,-0.16407829523086548,1.0
A,,partition,0.3|wd0.0,50,,operand,iid,memo,fn_entropy_te,3,3,4.573088645935059,4.573047637939453,0.7777777777777777
A,,partition,0.3|wd0.0,50,,operand,iid,memo,fn_gap_loss,3,3,0.006543082185089588,0.006640842650085688,-1.0
A,,partition,0.3|wd0.0,50,,operand,iid,memo,fn_gap_acc,3,3,99.55970081686974,99.60016936063766,-0.33333333333333337
A,,partition,0.3|wd0.0,50,,operand,iid,memo,fn_class_acc_gini,3,3,0.849489488667567,0.8699067657829405,-0.33333333333333337
A,,partition,0.3|wd0.0,50,,operand,iid,memo,w_W1_fro,3,3,28.274930953979492,28.765588760375977,-1.0
A,,partition,0.3|wd0.0,50,,operand,iid,memo,w_W1_spec,3,3,3.6451117992401123,3.7077906131744385,-1.0
A,,partition,0.3|wd0.0,50,,operand,iid,memo,w_W1_stable_rank,3,3,60.1723747253418,60.19077682495117,0.11111111111111116
A,,partition,0.3|wd0.0,50,,operand,iid,memo,w_W1_eff_rank,3,3,170.3627096664589,170.30169940767675,0.33333333333333326
A,,partition,0.3|wd0.0,50,,operand,iid,memo,w_W1_sv_gini,3,3,0.28445384938157003,0.2848550694553713,-0.5555555555555556
A,,partition,0.3|wd0.0,50,,operand,iid,memo,w_W1_entry_gini,3,3,0.39852830067086176,0.4019943872141216,-1.0
A,,partition,0.3|wd0.0,50,,operand,iid,memo,w_W1_row_gini,3,3,0.01657453989612745,0.016309842142330888,0.11111111111111116
A,,partition,0.3|wd0.0,50,,operand,iid,memo,w_W1_row_pr,3,3,0.9991248578713517,0.999153033323409,-0.33333333333333337
A,,partition,0.3|wd0.0,50,,operand,iid,memo,w_W1_dist_init,3,3,18.135175704956055,18.456979751586914,-1.0
A,,partition,0.3|wd0.0,50,,operand,iid,memo,w_W1_rel_dist_init,3,3,1.1295154240592857,1.150445508829253,-1.0
A,,partition,0.3|wd0.0,50,,operand,iid,memo,w_W1_cos_init,3,3,0.8036717772483826,0.8072580099105835,-1.0
A,,partition,0.3|wd0.0,50,,operand,iid,memo,w_W2_fro,3,3,15.182432174682617,14.990998268127441,1.0
A,,partition,0.3|wd0.0,50,,operand,iid,memo,w_W2_spec,3,3,2.4102261066436768,2.3813421726226807,0.33333333333333326
A,,partition,0.3|wd0.0,50,,operand,iid,memo,w_W2_stable_rank,3,3,39.97504806518555,39.7787971496582,0.33333333333333326
A,,partition,0.3|wd0.0,50,,operand,iid,memo,w_W2_eff_rank,3,3,91.3468057256267,91.16822605895007,0.7777777777777777
A,,partition,0.3|wd0.0,50,,operand,iid,memo,w_W2_sv_gini,3,3,0.19299470337005808,0.19619149280602666,-0.7777777777777778
A,,partition,0.3|wd0.0,50,,operand,iid,memo,w_W2_entry_gini,3,3,0.4351854689723431,0.4377141028231899,-0.7777777777777778
A,,partition,0.3|wd0.0,50,,operand,iid,memo,w_W2_row_gini,3,3,0.08879901245118416,0.0903673112080896,-0.33333333333333337
A,,partition,0.3|wd0.0,50,,operand,iid,memo,w_W2_row_pr,3,3,0.97655742440305,0.975729105316051,0.5555555555555556
A,,partition,0.3|wd0.0,50,,operand,iid,memo,w_W2_dist_init,3,3,15.166748046875,14.975285530090332,1.0
A,,partition,0.3|wd0.0,50,,operand,iid,memo,w_W2_rel_dist_init,3,3,24.609074075829227,24.27066455756013,1.0
A,,partition,0.3|wd0.0,50,,operand,iid,memo,w_W2_cos_init,3,3,0.04573219269514084,0.0460384301841259,0.11111111111111116
A,,partition,0.3|wd0.0,50,,operand,iid,memo,w_all_norm,3,3,32.09013251279208,32.40881023195219,-1.0
A,,partition,0.3|wd0.0,50,,operand,iid,memo,w_all_rel_norm,3,3,1.9993072937607506,2.020133670870797,-1.0
A,,partition,0.3|wd0.0,50,,operand,iid,memo,w_all_dist_init,3,3,23.641379912496966,23.76803059275678,-0.7777777777777778
A,,partition,0.3|wd0.0,50,,operand,iid,memo,w_all_rel_dist_init,3,3,1.4702922065325261,1.4779371693911176,-0.5555555555555556
A,,partition,0.3|wd0.0,50,,operand,iid,memo,w_all_cos_init,3,3,0.7084889359640175,0.7166020337882357,-1.0
A,,partition,0.3|wd0.0,50,,operand,iid,memo,rep_between_within_tr,3,3,0.10398960452149997,0.10023601636588578,1.0
A,,partition,0.3|wd0.0,50,,operand,iid,memo,rep_nc1_tr,3,3,4.267531604989919,4.374570707251386,-0.5555555555555556
A,,partition,0.3|wd0.0,50,,operand,iid,memo,rep_eff_rank_te,3,3,246.65661355020015,246.24720865357844,1.0
A,,partition,0.3|wd0.0,50,,operand,iid,memo,rep_pr_te,3,3,189.9240879946936,188.45236418223496,0.5555555555555556
A,,partition,0.3|wd0.0,50,,operand,iid,memo,rep_unit_gini_te,3,3,0.06447416888620272,0.06704384015677523,-0.33333333333333337
A,,partition,0.3|wd0.0,50,,operand,iid,memo,rep_unit_pr_te,3,3,0.9862673499679161,0.9855607120556236,0.11111111111111116
A,,partition,0.3|wd0.0,50,,operand,iid,memo,rep_between_within_te,3,3,0.015148458248336555,0.014157542615545702,1.0
A,,partition,0.3|wd0.0,50,,operand,iid,memo,unit_interaction_share,3,3,0.5405537039267798,0.5295025903139788,1.0
A,,partition,0.3|wd0.0,50,,operand,iid,memo,unit_frac_interacting,3,3,0.86328125,0.79296875,1.0
A,,partition,0.3|wd0.0,50,,operand,iid,memo,add_share_a,3,3,0.11255404948566411,0.10592879044472514,1.0
A,,partition,0.3|wd0.0,50,,operand,iid,memo,add_share_b,3,3,0.10946826853082053,0.10751661996774042,0.5555555555555556
A,,partition,0.3|wd0.0,50,,operand,iid,memo,add_share_interaction,3,3,0.7783881400171425,0.7878386432078306,-1.0
A,,partition,0.3|wd0.0,50,,operand,iid,memo,add_acc_interaction_tr,3,3,99.50389862060547,99.39759063720703,0.33333333333333326
A,,partition,0.3|wd0.0,50,,operand,iid,memo,add_acc_additive_tr,3,3,11.906449317932129,12.367115020751953,-0.5555555555555556
A,,partition,0.3|wd0.0,50,,operand,iid,memo,add_acc_no_a_tr,3,3,99.78738403320312,99.53933715820312,0.6666666666666667
A,,partition,0.3|wd0.0,50,,operand,iid,memo,add_acc_no_b_tr,3,3,99.68107604980469,99.57476806640625,0.4444444444444444
A,,partition,0.3|wd0.0,50,,operand,iid,memo,add_acc_interaction_te,3,3,1.3359647989273071,1.1234248876571655,0.4444444444444444
A,,partition,0.3|wd0.0,50,,operand,iid,memo,add_acc_additive_te,3,3,0.0,0.0,0.0
A,,partition,0.3|wd0.0,50,,operand,iid,memo,add_acc_no_a_te,3,3,0.6376195549964905,0.39471685886383057,0.6666666666666667
A,,partition,0.3|wd0.0,50,,operand,iid,memo,add_acc_no_b_te,3,3,0.6072567105293274,0.5617124438285828,0.5555555555555556
A,,partition,0.3|wd0.0,50,,operand,iid,memo,circ_share_interaction_tr,3,3,0.8379026773233683,0.850530239771966,-1.0
A,,partition,0.3|wd0.0,50,,operand,iid,memo,circ_share_marginal_tr,3,3,0.2191876762633449,0.21067758118940216,0.7777777777777777
A,,partition,0.3|wd0.0,50,,operand,iid,memo,circ_acc_interaction_tr,3,3,99.53933358192444,99.39758777618408,0.33333333333333326
A,,partition,0.3|wd0.0,50,,operand,iid,memo,circ_acc_marginal_tr,3,3,11.162295937538147,12.08362877368927,-0.7777777777777778
A,,partition,0.3|wd0.0,50,,operand,iid,memo,circ_units_tr,3,3,247.1611328125,247.95574951171875,-0.5555555555555556
A,,partition,0.3|wd0.0,50,,operand,iid,memo,circ_share_interaction_te,3,3,0.7633083506486478,0.7721771420396919,-1.0
A,,partition,0.3|wd0.0,50,,operand,iid,memo,circ_share_marginal_te,3,3,0.22411737137743348,0.21568025073249752,1.0
A,,partition,0.3|wd0.0,50,,operand,iid,memo,circ_acc_interaction_te,3,3,1.244876254349947,1.0323364287614822,0.5555555555555556
A,,partition,0.3|wd0.0,50,,operand,iid,memo,circ_acc_marginal_te,3,3,0.0,0.0,0.0
A,,partition,0.3|wd0.0,50,,operand,iid,memo,circ_units_te,3,3,247.1611328125,247.95574951171875,-0.5555555555555556
A,,partition,0.3|wd0.0,50,,operand,iid,memo,sharp_lambda_max,3,3,0.005787729751318693,0.00624461006373167,-1.0
A,,partition,0.3|wd0.0,50,,operand,iid,memo,sharp_grad_norm,3,3,0.00011603644088609144,0.00010524438403081149,1.0
A,,partition,0.3|wd0.0,50,,operand,iid,memo,sharp_lr_lambda,3,3,0.28938648756593466,0.3122305031865835,-1.0
A,,partition,0.3|wd0.0,50,,operand,iid,memo,unit_fourier_sum_share,3,3,0.014199095522922374,0.012937415709150999,1.0
A,,partition,0.3|wd0.0,50,,operand,iid,memo,unit_fourier_diff_share,3,3,0.01419909542937667,0.012937415781028753,1.0
A,,partition,0.3|wd0.0,50,,operand,iid,memo,unit_fourier_marginal_share,3,3,0.4594462972933872,0.4704974092069623,-1.0
A,,partition,0.3|wd0.0,50,,operand,iid,memo,unit_fourier_other_share,3,3,0.5121555117543137,0.5036441689298898,1.0
A,,partition,0.3|wd0.0,50,,operand,iid,memo,unit_sum_freq_concentration,3,3,0.007820116582722011,0.006676463772032749,1.0
A,,partition,0.3|wd0.0,50,,operand,iid,memo,unit_n_distinct_sum_freqs,3,3,48.0,48.0,0.0
A,,partition,0.3|wd0.0,50,,operand,iid,memo,fU_ipr,3,3,0.02974576180822578,0.028276592707042254,0.7777777777777777
A,,partition,0.3|wd0.0,50,,operand,iid,memo,fU_dc_share,3,3,0.005108304508859666,0.005525227773116475,-0.5555555555555556
A,,partition,0.3|wd0.0,50,,operand,iid,memo,fU_top1_share,3,3,0.023964198177399948,0.023721968400342564,0.11111111111111116
A,,partition,0.3|wd0.0,50,,operand,iid,memo,fU_nfreq90,3,3,43.0,43.0,0.0
A,,partition,0.3|wd0.0,50,,operand,iid,memo,fU_freq_gini,3,3,0.04093865072088776,0.03949420229091927,0.5555555555555556
A,,partition,0.3|wd0.0,50,,operand,iid,memo,fU_freq_eff_n,3,3,47.87327119758944,47.88134685996133,-0.33333333333333337
A,,partition,0.3|wd0.0,50,,operand,iid,memo,fV_ipr,3,3,0.029962319933782556,0.028590865097857403,0.5555555555555556
A,,partition,0.3|wd0.0,50,,operand,iid,memo,fV_dc_share,3,3,0.004539346610819628,0.005285324135235218,-0.7777777777777778
A,,partition,0.3|wd0.0,50,,operand,iid,memo,fV_top1_share,3,3,0.0254008610732641,0.025163605449742124,0.11111111111111116
A,,partition,0.3|wd0.0,50,,operand,iid,memo,fV_nfreq90,3,3,43.0,43.0,0.0
A,,partition,0.3|wd0.0,50,,operand,iid,memo,fV_freq_gini,3,3,0.04948670244375708,0.04914400541614605,0.33333333333333326
A,,partition,0.3|wd0.0,50,,operand,iid,memo,fV_freq_eff_n,3,3,47.80774526138961,47.810072651819574,-0.33333333333333337
A,,partition,0.3|wd0.0,50,,operand,iid,memo,fout_ipr,3,3,0.031264978272726285,0.029364239379214983,1.0
A,,partition,0.3|wd0.0,50,,operand,iid,memo,fout_dc_share,3,3,0.00022371573145659685,0.00022103552020963222,0.33333333333333326
A,,partition,0.3|wd0.0,50,,operand,iid,memo,fout_top1_share,3,3,0.0239857638624177,0.02399330710019338,-0.33333333333333337
A,,partition,0.3|wd0.0,50,,operand,iid,memo,fout_nfreq90,3,3,43.0,43.0,0.0
A,,partition,0.3|wd0.0,50,,operand,iid,memo,fout_freq_gini,3,3,0.036945152323347275,0.03597803857190951,0.11111111111111116
A,,partition,0.3|wd0.0,50,,operand,iid,memo,fout_freq_eff_n,3,3,47.89641010611207,47.90148833028058,-0.11111111111111116
A,,partition,0.3|wd0.0,50,,operand,iid,memo,fin_uv_agree_strong,3,3,0.6640625,0.6484375,0.33333333333333326
A,,partition,0.3|wd0.0,50,,operand,iid,memo,fin_uvw_agree_strong,3,3,0.59375,0.5625,0.7777777777777777
A,,partition,0.3|wd0.0,50,,operand,iid,memo,fin_n_unique_freq_strong,3,3,44.0,46.0,-0.2222222222222222
A,,partition,0.3|wd0.0,50,,operand,iid,memo,clock_share,3,3,0.026991825539495643,0.02523197191645007,1.0
A,,partition,0.3|wd0.0,50,,operand,iid,memo,clock_nfreq90,3,3,39.0,39.0,-0.5555555555555556
A,,partition,0.3|wd0.0,50,,operand,iid,memo,clock_top1_share,3,3,0.04974511396219742,0.04898419266163684,0.33333333333333326
A,,partition,0.3|wd0.0,50,,operand,iid,memo,clock_freq_gini,3,3,0.2641775319063162,0.24978549678022377,0.5555555555555556
A,,partition,0.3|wd0.0,50,,operand,iid,memo,clock_key_jaccard_final,3,3,0.7291666666666666,0.7872340425531915,-0.7777777777777778
A,,partition,0.3|wd0.0,50,,operand,iid,memo,clock_restricted_loss_tr,3,3,0.00862402468919754,0.008643909357488155,-0.5555555555555556
A,,partition,0.3|wd0.0,50,,operand,iid,memo,clock_restricted_acc_tr,3,3,100.0,100.0,0.0
A,,partition,0.3|wd0.0,50,,operand,iid,memo,clock_excluded_loss_tr,3,3,0.00822816789150238,0.00823686271905899,-0.5555555555555556
A,,partition,0.3|wd0.0,50,,operand,iid,memo,clock_excluded_acc_tr,3,3,93.69241333007812,93.7632827758789,-0.11111111111111116
A,,partition,0.3|wd0.0,50,,operand,iid,memo,clock_restricted_loss_te,3,3,0.00862419605255127,0.008644107729196548,-0.5555555555555556
A,,partition,0.3|wd0.0,50,,operand,iid,memo,clock_restricted_acc_te,3,3,100.0,100.0,0.0
A,,partition,0.3|wd0.0,50,,operand,iid,memo,clock_excluded_loss_te,3,3,0.015280270017683506,0.015395821072161198,-1.0
A,,partition,0.3|wd0.0,50,,operand,iid,memo,clock_excluded_acc_te,3,3,0.0,0.0,0.0
A,,partition,0.3|wd0.0,50,,operand,iid,cross,fn_loss_tr,3,3,0.003043401287868619,0.003578683128580451,-1.0
A,,partition,0.3|wd0.0,50,,operand,iid,cross,fn_acc_tr,3,3,100.0,100.0,0.0
A,,partition,0.3|wd0.0,50,,operand,iid,cross,fn_margin_tr,3,3,0.6086575984954834,0.542253315448761,1.0
A,,partition,0.3|wd0.0,50,,operand,iid,cross,fn_entropy_tr,3,3,4.569228172302246,4.570014476776123,-1.0
A,,partition,0.3|wd0.0,50,,operand,iid,cross,fn_loss_te,3,3,0.007975529879331589,0.009933441877365112,-1.0
A,,partition,0.3|wd0.0,50,,operand,iid,cross,fn_acc_te,3,3,99.93927764892578,97.03961944580078,1.0
A,,partition,0.3|wd0.0,50,,operand,iid,cross,fn_margin_te,3,3,0.30419033765792847,0.17702719569206238,1.0
A,,partition,0.3|wd0.0,50,,operand,iid,cross,fn_entropy_te,3,3,4.570339679718018,4.570748805999756,-1.0
A,,partition,0.3|wd0.0,50,,operand,iid,cross,fn_gap_loss,3,3,0.00493212859146297,0.006354758748784661,-1.0
A,,partition,0.3|wd0.0,50,,operand,iid,cross,fn_gap_acc,3,3,0.06072235107421875,2.9603805541992188,-1.0
A,,partition,0.3|wd0.0,50,,operand,iid,cross,fn_class_acc_gini,3,3,0.000558728115164886,0.017873742458104802,-1.0
A,,partition,0.3|wd0.0,50,,operand,iid,cross,w_W1_fro,3,3,35.21271896362305,35.38384246826172,-0.7777777777777778
A,,partition,0.3|wd0.0,50,,operand,iid,cross,w_W1_spec,3,3,4.644602298736572,4.708181381225586,-0.5555555555555556
A,,partition,0.3|wd0.0,50,,operand,iid,cross,w_W1_stable_rank,3,3,57.48015594482422,56.04391098022461,0.5555555555555556
A,,partition,0.3|wd0.0,50,,operand,iid,cross,w_W1_eff_rank,3,3,170.42502666837166,170.43079015433952,-0.11111111111111116
A,,partition,0.3|wd0.0,50,,operand,iid,cross,w_W1_sv_gini,3,3,0.2826819904136435,0.2837021635316115,-0.11111111111111116
A,,partition,0.3|wd0.0,50,,operand,iid,cross,w_W1_entry_gini,3,3,0.36115713790333737,0.36296592365922176,-0.5555555555555556
A,,partition,0.3|wd0.0,50,,operand,iid,cross,w_W1_row_gini,3,3,0.0593593047205172,0.0495215847212902,1.0
A,,partition,0.3|wd0.0,50,,operand,iid,cross,w_W1_row_pr,3,3,0.9874815154283979,0.9904946292442721,-1.0
A,,partition,0.3|wd0.0,50,,operand,iid,cross,w_W1_dist_init,3,3,32.017982482910156,31.418405532836914,1.0
A,,partition,0.3|wd0.0,50,,operand,iid,cross,w_W1_rel_dist_init,3,3,1.9934395865272894,1.9534430097222524,1.0
A,,partition,0.3|wd0.0,50,,operand,iid,cross,w_W1_cos_init,3,3,0.42601877450942993,0.4639821946620941,-1.0
A,,partition,0.3|wd0.0,50,,operand,iid,cross,w_W2_fro,3,3,17.58538246154785,16.914134979248047,1.0
A,,partition,0.3|wd0.0,50,,operand,iid,cross,w_W2_spec,3,3,2.554435968399048,2.6178901195526123,0.11111111111111116
A,,partition,0.3|wd0.0,50,,operand,iid,cross,w_W2_stable_rank,3,3,47.688411712646484,42.27522277832031,0.5555555555555556
A,,partition,0.3|wd0.0,50,,operand,iid,cross,w_W2_eff_rank,3,3,93.72387172899984,93.11359108491266,1.0
A,,partition,0.3|wd0.0,50,,operand,iid,cross,w_W2_sv_gini,3,3,0.13909134955200386,0.1541696930619092,-1.0
A,,partition,0.3|wd0.0,50,,operand,iid,cross,w_W2_entry_gini,3,3,0.3984911472790613,0.4085748367835291,-1.0
A,,partition,0.3|wd0.0,50,,operand,iid,cross,w_W2_row_gini,3,3,0.06018826512267417,0.0750151994458883,-1.0
A,,partition,0.3|wd0.0,50,,operand,iid,cross,w_W2_row_pr,3,3,0.9890604486638351,0.9829725192799066,1.0
A,,partition,0.3|wd0.0,50,,operand,iid,cross,w_W2_dist_init,3,3,17.583498001098633,16.91455078125,1.0
A,,partition,0.3|wd0.0,50,,operand,iid,cross,w_W2_rel_dist_init,3,3,28.43785299433474,27.355962309225568,1.0
A,,partition,0.3|wd0.0,50,,operand,iid,cross,w_W2_cos_init,3,3,0.024191107600927353,0.025105999782681465,-0.11111111111111116
A,,partition,0.3|wd0.0,50,,operand,iid,cross,w_all_norm,3,3,39.39671360053228,39.26498512411331,0.7777777777777777
A,,partition,0.3|wd0.0,50,,operand,iid,cross,w_all_rel_norm,3,3,2.4559118844303414,2.440710042538841,0.7777777777777777
A,,partition,0.3|wd0.0,50,,operand,iid,cross,w_all_dist_init,3,3,36.52849030866977,35.682183710603844,1.0
A,,partition,0.3|wd0.0,50,,operand,iid,cross,w_all_rel_dist_init,3,3,2.273668004635843,2.218994878526385,1.0
A,,partition,0.3|wd0.0,50,,operand,iid,cross,w_all_cos_init,3,3,0.38155124432205334,0.41877021702828526,-1.0
A,,partition,0.3|wd0.0,50,,operand,iid,cross,rep_between_within_tr,3,3,0.3182859820488616,0.26712094887862553,1.0
A,,partition,0.3|wd0.0,50,,operand,iid,cross,rep_nc1_tr,3,3,1.0216524863238048,1.3059200673311366,-1.0
A,,partition,0.3|wd0.0,50,,operand,iid,cross,rep_eff_rank_te,3,3,242.9687830137732,244.19152676233887,-1.0
A,,partition,0.3|wd0.0,50,,operand,iid,cross,rep_pr_te,3,3,155.62896235362152,165.75161519859384,-1.0
A,,partition,0.3|wd0.0,50,,operand,iid,cross,rep_unit_gini_te,3,3,0.20606433110155908,0.17337875567861794,1.0
A,,partition,0.3|wd0.0,50,,operand,iid,cross,rep_unit_pr_te,3,3,0.8317607906121033,0.8654212475761737,-1.0
A,,partition,0.3|wd0.0,50,,operand,iid,cross,rep_between_within_te,3,3,0.21726510248452505,0.16102310105084341,1.0
A,,partition,0.3|wd0.0,50,,operand,iid,cross,unit_interaction_share,3,3,0.6475872758440567,0.6367230578710389,0.5555555555555556
A,,partition,0.3|wd0.0,50,,operand,iid,cross,unit_frac_interacting,3,3,0.89453125,0.93359375,-0.7777777777777778
A,,partition,0.3|wd0.0,50,,operand,iid,cross,add_share_a,3,3,0.05410641682320338,0.039416638613677175,1.0
A,,partition,0.3|wd0.0,50,,operand,iid,cross,add_share_b,3,3,0.032143985141496446,0.04022630863094018,-1.0
A,,partition,0.3|wd0.0,50,,operand,iid,cross,add_share_interaction,3,3,0.9135321262204765,0.9201863728947332,-0.5555555555555556
A,,partition,0.3|wd0.0,50,,operand,iid,cross,add_acc_interaction_tr,3,3,100.0,100.0,0.0
A,,partition,0.3|wd0.0,50,,operand,iid,cross,add_acc_additive_tr,3,3,6.520198345184326,8.823529243469238,-1.0
A,,partition,0.3|wd0.0,50,,operand,iid,cross,add_acc_no_a_tr,3,3,100.0,100.0,0.0
A,,partition,0.3|wd0.0,50,,operand,iid,cross,add_acc_no_b_tr,3,3,100.0,100.0,0.0
A,,partition,0.3|wd0.0,50,,operand,iid,cross,add_acc_interaction_te,3,3,100.0,98.90693664550781,1.0
A,,partition,0.3|wd0.0,50,,operand,iid,cross,add_acc_additive_te,3,3,0.273265540599823,0.07590708881616592,1.0
A,,partition,0.3|wd0.0,50,,operand,iid,cross,add_acc_no_a_te,3,3,99.98481750488281,98.08714294433594,1.0
A,,partition,0.3|wd0.0,50,,operand,iid,cross,add_acc_no_b_te,3,3,99.96963500976562,98.0416030883789,1.0
A,,partition,0.3|wd0.0,50,,operand,iid,cross,circ_share_interaction_tr,3,3,0.9460264052363191,0.966463100729629,-1.0
A,,partition,0.3|wd0.0,50,,operand,iid,cross,circ_share_marginal_tr,3,3,0.08963654404915118,0.08691991038959862,-0.11111111111111116
A,,partition,0.3|wd0.0,50,,operand,iid,cross,circ_acc_interaction_tr,3,3,100.0,100.0,0.0
A,,partition,0.3|wd0.0,50,,operand,iid,cross,circ_acc_marginal_tr,3,3,6.378454715013504,8.29199105501175,-1.0
A,,partition,0.3|wd0.0,50,,operand,iid,cross,circ_units_tr,3,3,112.3912582397461,121.41785430908203,-0.7777777777777778
A,,partition,0.3|wd0.0,50,,operand,iid,cross,circ_share_interaction_te,3,3,0.909227496915242,0.9133894675941594,-0.5555555555555556
A,,partition,0.3|wd0.0,50,,operand,iid,cross,circ_share_marginal_te,3,3,0.0920797908276383,0.08755595701905496,0.5555555555555556
A,,partition,0.3|wd0.0,50,,operand,iid,cross,circ_acc_interaction_te,3,3,100.0,98.72475862503052,1.0
A,,partition,0.3|wd0.0,50,,operand,iid,cross,circ_acc_marginal_te,3,3,0.33399120438843966,0.045544252498075366,1.0
A,,partition,0.3|wd0.0,50,,operand,iid,cross,circ_units_te,3,3,112.3912582397461,121.41785430908203,-0.7777777777777778
A,,partition,0.3|wd0.0,50,,operand,iid,cross,sharp_lambda_max,3,3,0.014207348227500916,0.014379789121448994,0.11111111111111116
A,,partition,0.3|wd0.0,50,,operand,iid,cross,sharp_grad_norm,3,3,0.00022385508054867387,0.00010835452121682465,1.0
A,,partition,0.3|wd0.0,50,,operand,iid,cross,sharp_lr_lambda,3,3,0.7103674113750458,0.7189894560724497,0.11111111111111116
A,,partition,0.3|wd0.0,50,,operand,iid,cross,unit_fourier_sum_share,3,3,0.18174758795822327,0.14229689205957294,1.0
A,,partition,0.3|wd0.0,50,,operand,iid,cross,unit_fourier_diff_share,3,3,0.18174758858934062,0.14229689011270188,1.0
A,,partition,0.3|wd0.0,50,,operand,iid,cross,unit_fourier_marginal_share,3,3,0.35241272439821963,0.36327694070482963,-0.5555555555555556
A,,partition,0.3|wd0.0,50,,operand,iid,cross,unit_fourier_other_share,3,3,0.2840920990542164,0.35212927712289555,-1.0
A,,partition,0.3|wd0.0,50,,operand,iid,cross,unit_sum_freq_concentration,3,3,0.17856609806201473,0.13820850168987253,1.0
A,,partition,0.3|wd0.0,50,,operand,iid,cross,unit_n_distinct_sum_freqs,3,3,48.0,48.0,0.0
A,,partition,0.3|wd0.0,50,,operand,iid,cross,fU_ipr,3,3,0.1939705441654681,0.15794344691492496,1.0
A,,partition,0.3|wd0.0,50,,operand,iid,cross,fU_dc_share,3,3,0.00498639872468145,0.005481806306056259,-0.7777777777777778
A,,partition,0.3|wd0.0,50,,operand,iid,cross,fU_top1_share,3,3,0.02755176509105378,0.027271284172503945,0.5555555555555556
A,,partition,0.3|wd0.0,50,,operand,iid,cross,fU_nfreq90,3,3,42.0,42.0,0.0
A,,partition,0.3|wd0.0,50,,operand,iid,cross,fU_freq_gini,3,3,0.0998084845066205,0.09799363322680033,0.7777777777777777
A,,partition,0.3|wd0.0,50,,operand,iid,cross,fU_freq_eff_n,3,3,47.26885956540406,47.28686005253566,-1.0
A,,partition,0.3|wd0.0,50,,operand,iid,cross,fV_ipr,3,3,0.18629660233164774,0.1571173556642737,1.0
A,,partition,0.3|wd0.0,50,,operand,iid,cross,fV_dc_share,3,3,0.00320938795287069,0.004734687119701602,-1.0
A,,partition,0.3|wd0.0,50,,operand,iid,cross,fV_top1_share,3,3,0.026075779949358523,0.027744512101874976,-1.0
A,,partition,0.3|wd0.0,50,,operand,iid,cross,fV_nfreq90,3,3,42.0,42.0,0.0
A,,partition,0.3|wd0.0,50,,operand,iid,cross,fV_freq_gini,3,3,0.0832446290845048,0.09799111649814662,-1.0
A,,partition,0.3|wd0.0,50,,operand,iid,cross,fV_freq_eff_n,3,3,47.47414785871973,47.292070406266845,1.0
A,,partition,0.3|wd0.0,50,,operand,iid,cross,fout_ipr,3,3,0.19518331133392064,0.15810894993662983,1.0
A,,partition,0.3|wd0.0,50,,operand,iid,cross,fout_dc_share,3,3,7.488829856260996e-05,7.559260824234775e-05,0.11111111111111116
A,,partition,0.3|wd0.0,50,,operand,iid,cross,fout_top1_share,3,3,0.02440185937101911,0.02461908597627094,-0.33333333333333337
A,,partition,0.3|wd0.0,50,,operand,iid,cross,fout_nfreq90,3,3,43.0,43.0,0.0
A,,partition,0.3|wd0.0,50,,operand,iid,cross,fout_freq_gini,3,3,0.03648923041323493,0.03258692900028359,0.11111111111111116
A,,partition,0.3|wd0.0,50,,operand,iid,cross,fout_freq_eff_n,3,3,47.895113817562546,47.92007324735744,0.11111111111111116
A,,partition,0.3|wd0.0,50,,operand,iid,cross,fin_uv_agree_strong,3,3,0.9921875,0.9453125,1.0
A,,partition,0.3|wd0.0,50,,operand,iid,cross,fin_uvw_agree_strong,3,3,0.9921875,0.921875,1.0
A,,partition,0.3|wd0.0,50,,operand,iid,cross,fin_n_unique_freq_strong,3,3,48.0,47.0,0.33333333333333326
A,,partition,0.3|wd0.0,50,,operand,iid,cross,clock_share,3,3,0.4741448774242493,0.36316839731299105,1.0
A,,partition,0.3|wd0.0,50,,operand,iid,cross,clock_nfreq90,3,3,33.0,31.0,0.7777777777777777
A,,partition,0.3|wd0.0,50,,operand,iid,cross,clock_top1_share,3,3,0.048743501149620366,0.06278867926281319,-1.0
A,,partition,0.3|wd0.0,50,,operand,iid,cross,clock_freq_gini,3,3,0.3875816725988084,0.4639646065235412,-0.5555555555555556
A,,partition,0.3|wd0.0,50,,operand,iid,cross,clock_key_jaccard_final,3,3,0.6739130434782609,0.6222222222222222,0.4444444444444444
A,,partition,0.3|wd0.0,50,,operand,iid,cross,clock_restricted_loss_tr,3,3,0.0030199235770851374,0.0038894128520041704,-1.0
A,,partition,0.3|wd0.0,50,,operand,iid,cross,clock_restricted_acc_tr,3,3,100.0,100.0,0.0
A,,partition,0.3|wd0.0,50,,operand,iid,cross,clock_excluded_loss_tr,3,3,0.00885859876871109,0.008504797704517841,1.0
A,,partition,0.3|wd0.0,50,,operand,iid,cross,clock_excluded_acc_tr,3,3,85.08149719238281,88.37703704833984,-0.7777777777777778
A,,partition,0.3|wd0.0,50,,operand,iid,cross,clock_restricted_loss_te,3,3,0.003020146396011114,0.003889658721163869,-1.0
A,,partition,0.3|wd0.0,50,,operand,iid,cross,clock_restricted_acc_te,3,3,100.0,100.0,0.0
A,,partition,0.3|wd0.0,50,,operand,iid,cross,clock_excluded_loss_te,3,3,0.0157451294362545,0.01684199832379818,-1.0
A,,partition,0.3|wd0.0,50,,operand,iid,cross,clock_excluded_acc_te,3,3,1.1993321180343628,0.546531081199646,1.0
A,,partition,0.3|wd0.0,50,,operand,iid,end,fn_loss_tr,3,3,0.00013268845214042813,7.756567356409505e-05,1.0
A,,partition,0.3|wd0.0,50,,operand,iid,end,fn_acc_tr,3,3,100.0,100.0,0.0
A,,partition,0.3|wd0.0,50,,operand,iid,end,fn_margin_tr,3,3,0.9660302996635437,0.971973180770874,-1.0
A,,partition,0.3|wd0.0,50,,operand,iid,end,fn_entropy_tr,3,3,4.564861297607422,4.5648980140686035,-1.0
A,,partition,0.3|wd0.0,50,,operand,iid,end,fn_loss_te,3,3,0.0002686450316105038,0.0003482797765173018,-1.0
A,,partition,0.3|wd0.0,50,,operand,iid,end,fn_acc_te,3,3,100.0,100.0,0.0
A,,partition,0.3|wd0.0,50,,operand,iid,end,fn_margin_te,3,3,0.9523882269859314,0.9467601180076599,0.7777777777777777
A,,partition,0.3|wd0.0,50,,operand,iid,end,fn_entropy_te,3,3,4.564925193786621,4.564980983734131,-0.7777777777777778
A,,partition,0.3|wd0.0,50,,operand,iid,end,fn_gap_loss,3,3,0.00013595657947007567,0.00027071410295320675,-1.0
A,,partition,0.3|wd0.0,50,,operand,iid,end,fn_gap_acc,3,3,0.0,0.0,0.0
A,,partition,0.3|wd0.0,50,,operand,iid,end,fn_class_acc_gini,3,3,0.0,0.0,0.0
A,,partition,0.3|wd0.0,50,,operand,iid,end,w_W1_fro,3,3,40.618038177490234,41.094322204589844,-0.7777777777777778
A,,partition,0.3|wd0.0,50,,operand,iid,end,w_W1_spec,3,3,7.4902544021606445,9.30357551574707,-1.0
A,,partition,0.3|wd0.0,50,,operand,iid,end,w_W1_stable_rank,3,3,29.528417587280273,19.135042190551758,1.0
A,,partition,0.3|wd0.0,50,,operand,iid,end,w_W1_eff_rank,3,3,157.84447810515903,164.27231701812653,-1.0
A,,partition,0.3|wd0.0,50,,operand,iid,end,w_W1_sv_gini,3,3,0.3516677236537187,0.319793464224307,1.0
A,,partition,0.3|wd0.0,50,,operand,iid,end,w_W1_entry_gini,3,3,0.44394203347241,0.4090644841337281,1.0
A,,partition,0.3|wd0.0,50,,operand,iid,end,w_W1_row_gini,3,3,0.0852610715364921,0.10234432470962673,-1.0
A,,partition,0.3|wd0.0,50,,operand,iid,end,w_W1_row_pr,3,3,0.9782923783675445,0.9674252868157375,1.0
A,,partition,0.3|wd0.0,50,,operand,iid,end,w_W1_dist_init,3,3,40.36593246459961,40.85980987548828,-1.0
A,,partition,0.3|wd0.0,50,,operand,iid,end,w_W1_rel_dist_init,3,3,2.518556996949652,2.5509217210664414,-0.7777777777777778
A,,partition,0.3|wd0.0,50,,operand,iid,end,w_W1_cos_init,3,3,0.21337634325027466,0.20823641121387482,1.0
A,,partition,0.3|wd0.0,50,,operand,iid,end,w_W2_fro,3,3,21.538301467895508,19.84955406188965,1.0
A,,partition,0.3|wd0.0,50,,operand,iid,end,w_W2_spec,3,3,3.2498092651367188,3.1408867835998535,0.7777777777777777
A,,partition,0.3|wd0.0,50,,operand,iid,end,w_W2_stable_rank,3,3,42.75954818725586,39.93960189819336,0.33333333333333326
A,,partition,0.3|wd0.0,50,,operand,iid,end,w_W2_eff_rank,3,3,93.76846381082817,91.81709251995025,1.0
A,,partition,0.3|wd0.0,50,,operand,iid,end,w_W2_sv_gini,3,3,0.13782499494911882,0.18128693461256074,-1.0
A,,partition,0.3|wd0.0,50,,operand,iid,end,w_W2_entry_gini,3,3,0.3692047698718668,0.4064240675311732,-1.0
A,,partition,0.3|wd0.0,50,,operand,iid,end,w_W2_row_gini,3,3,0.013410564181445706,0.015895653094486262,-1.0
A,,partition,0.3|wd0.0,50,,operand,iid,end,w_W2_row_pr,3,3,0.9994551147682936,0.9991959586544912,1.0
A,,partition,0.3|wd0.0,50,,operand,iid,end,w_W2_dist_init,3,3,21.53769302368164,19.853044509887695,1.0
A,,partition,0.3|wd0.0,50,,operand,iid,end,w_W2_rel_dist_init,3,3,34.83298647438062,32.108398523825876,1.0
A,,partition,0.3|wd0.0,50,,operand,iid,end,w_W2_cos_init,3,3,0.014517038129270077,0.009929722175002098,0.7777777777777777
A,,partition,0.3|wd0.0,50,,operand,iid,end,w_all_norm,3,3,45.975248291988635,45.54390481151759,0.5555555555555556
A,,partition,0.3|wd0.0,50,,operand,iid,end,w_all_rel_norm,3,3,2.866407541606137,2.845503973551635,0.5555555555555556
A,,partition,0.3|wd0.0,50,,operand,iid,end,w_all_dist_init,3,3,45.75238490525889,45.334446718198585,0.33333333333333326
A,,partition,0.3|wd0.0,50,,operand,iid,end,w_all_rel_dist_init,3,3,2.8525127326338633,2.833657196514988,0.33333333333333326
A,,partition,0.3|wd0.0,50,,operand,iid,end,w_all_cos_init,3,3,0.18857636525292246,0.18753796194313785,0.5555555555555556
A,,partition,0.3|wd0.0,50,,operand,iid,end,rep_between_within_tr,3,3,0.21518583840326674,0.3487375996010678,-1.0
A,,partition,0.3|wd0.0,50,,operand,iid,end,rep_nc1_tr,3,3,1.0437976383302123,0.8319945308141345,0.7777777777777777
A,,partition,0.3|wd0.0,50,,operand,iid,end,rep_eff_rank_te,3,3,218.73193017502126,224.6592707611899,-1.0
A,,partition,0.3|wd0.0,50,,operand,iid,end,rep_pr_te,3,3,116.40345776452665,110.74438773980101,0.5555555555555556
A,,partition,0.3|wd0.0,50,,operand,iid,end,rep_unit_gini_te,3,3,0.1886734644436363,0.3002784036427273,-1.0
A,,partition,0.3|wd0.0,50,,operand,iid,end,rep_unit_pr_te,3,3,0.8870162113069078,0.6932723385673798,0.7777777777777777
A,,partition,0.3|wd0.0,50,,operand,iid,end,rep_between_within_te,3,3,0.19262839277416366,0.3185906601524827,-1.0
A,,partition,0.3|wd0.0,50,,operand,iid,end,unit_interaction_share,3,3,0.3258691155240538,0.508742192741134,-1.0
A,,partition,0.3|wd0.0,50,,operand,iid,end,unit_frac_interacting,3,3,0.58984375,0.578125,0.22222222222222232
A,,partition,0.3|wd0.0,50,,operand,iid,end,add_share_a,3,3,0.011741324446091073,0.0015760618978146968,1.0
A,,partition,0.3|wd0.0,50,,operand,iid,end,add_share_b,3,3,0.0004468852407360314,0.001648999221571822,-1.0
A,,partition,0.3|wd0.0,50,,operand,iid,end,add_share_interaction,3,3,0.9877419250222539,0.9965640484923218,-1.0
A,,partition,0.3|wd0.0,50,,operand,iid,end,add_acc_interaction_tr,3,3,100.0,100.0,0.0
A,,partition,0.3|wd0.0,50,,operand,iid,end,add_acc_additive_tr,3,3,1.1693834066390991,1.771793007850647,-1.0
A,,partition,0.3|wd0.0,50,,operand,iid,end,add_acc_no_a_tr,3,3,100.0,100.0,0.0
A,,partition,0.3|wd0.0,50,,operand,iid,end,add_acc_no_b_tr,3,3,100.0,100.0,0.0
A,,partition,0.3|wd0.0,50,,operand,iid,end,add_acc_interaction_te,3,3,100.0,100.0,0.0
A,,partition,0.3|wd0.0,50,,operand,iid,end,add_acc_additive_te,3,3,1.0778807401657104,1.108243465423584,0.0
A,,partition,0.3|wd0.0,50,,operand,iid,end,add_acc_no_a_te,3,3,100.0,100.0,0.0
A,,partition,0.3|wd0.0,50,,operand,iid,end,add_acc_no_b_te,3,3,100.0,100.0,0.0
A,,partition,0.3|wd0.0,50,,operand,iid,end,circ_share_interaction_tr,3,3,1.046291593444316,1.067340838148281,-1.0
A,,partition,0.3|wd0.0,50,,operand,iid,end,circ_share_marginal_tr,3,3,0.07198283456637969,0.07172687791444735,-0.11111111111111116
A,,partition,0.3|wd0.0,50,,operand,iid,end,circ_acc_interaction_tr,3,3,100.0,100.0,0.0
A,,partition,0.3|wd0.0,50,,operand,iid,end,circ_acc_marginal_tr,3,3,1.3819986023008823,1.4528702944517136,-0.11111111111111116
A,,partition,0.3|wd0.0,50,,operand,iid,end,circ_units_tr,3,3,141.31019592285156,74.42505645751953,1.0
A,,partition,0.3|wd0.0,50,,operand,iid,end,circ_share_interaction_te,3,3,1.0410103371448456,1.0572318978131696,-1.0
A,,partition,0.3|wd0.0,50,,operand,iid,end,circ_share_marginal_te,3,3,0.07133828314633761,0.07053442881177129,-0.11111111111111116
A,,partition,0.3|wd0.0,50,,operand,iid,end,circ_acc_interaction_te,3,3,100.0,100.0,0.0
A,,partition,0.3|wd0.0,50,,operand,iid,end,circ_acc_marginal_te,3,3,1.381509006023407,1.3207833282649517,0.33333333333333326
A,,partition,0.3|wd0.0,50,,operand,iid,end,circ_units_te,3,3,141.31019592285156,74.42505645751953,1.0
A,,partition,0.3|wd0.0,50,,operand,iid,end,sharp_lambda_max,3,3,0.027046652510762215,0.031045963987708092,-1.0
A,,partition,0.3|wd0.0,50,,operand,iid,end,sharp_grad_norm,3,3,0.0002415172930341214,2.9247883503558114e-05,1.0
A,,partition,0.3|wd0.0,50,,operand,iid,end,sharp_lr_lambda,3,3,1.3523326255381107,1.5522981993854046,-1.0
A,,partition,0.3|wd0.0,50,,operand,iid,end,unit_fourier_sum_share,3,3,0.15714800279844388,0.23831013650929614,-1.0
A,,partition,0.3|wd0.0,50,,operand,iid,end,unit_fourier_diff_share,3,3,0.1571480040723416,0.23831013855459923,-1.0
A,,partition,0.3|wd0.0,50,,operand,iid,end,unit_fourier_marginal_share,3,3,0.6741308823230912,0.49125780211953723,1.0
A,,partition,0.3|wd0.0,50,,operand,iid,end,unit_fourier_other_share,3,3,0.012002299623241175,0.03212192281656745,-1.0
A,,partition,0.3|wd0.0,50,,operand,iid,end,unit_sum_freq_concentration,3,3,0.15707298519369628,0.23806821522424224,-1.0
A,,partition,0.3|wd0.0,50,,operand,iid,end,unit_n_distinct_sum_freqs,3,3,48.0,48.0,0.0
A,,partition,0.3|wd0.0,50,,operand,iid,end,fU_ipr,3,3,0.49310639728820393,0.37229114802763585,1.0
A,,partition,0.3|wd0.0,50,,operand,iid,end,fU_dc_share,3,3,0.08704805525023272,0.049378725021049695,1.0
A,,partition,0.3|wd0.0,50,,operand,iid,end,fU_top1_share,3,3,0.04694679532297462,0.030723901368125837,1.0
A,,partition,0.3|wd0.0,50,,operand,iid,end,fU_nfreq90,3,3,41.0,42.0,-0.7777777777777778
A,,partition,0.3|wd0.0,50,,operand,iid,end,fU_freq_gini,3,3,0.1598265104292096,0.090987317196362,1.0
A,,partition,0.3|wd0.0,50,,operand,iid,end,fU_freq_eff_n,3,3,45.993304158061406,47.3716772086602,-1.0
A,,partition,0.3|wd0.0,50,,operand,iid,end,fV_ipr,3,3,0.321581969723479,0.370373342936242,-1.0
A,,partition,0.3|wd0.0,50,,operand,iid,end,fV_dc_share,3,3,0.020078495646956924,0.05320143762553008,-1.0
A,,partition,0.3|wd0.0,50,,operand,iid,end,fV_top1_share,3,3,0.02758630517089692,0.031368471005033594,-0.5555555555555556
A,,partition,0.3|wd0.0,50,,operand,iid,end,fV_nfreq90,3,3,43.0,42.0,0.6666666666666667
A,,partition,0.3|wd0.0,50,,operand,iid,end,fV_freq_gini,3,3,0.06913415873929551,0.09091243808765559,-1.0
A,,partition,0.3|wd0.0,50,,operand,iid,end,fV_freq_eff_n,3,3,47.63931408427414,47.31693937719701,1.0
A,,partition,0.3|wd0.0,50,,operand,iid,end,fout_ipr,3,3,0.3234429324556713,0.3130064822414208,1.0
A,,partition,0.3|wd0.0,50,,operand,iid,end,fout_dc_share,3,3,8.790979137177315e-05,0.00010649939117650124,-0.7777777777777778
A,,partition,0.3|wd0.0,50,,operand,iid,end,fout_top1_share,3,3,0.032588600274278276,0.031186507832760765,0.11111111111111116
A,,partition,0.3|wd0.0,50,,operand,iid,end,fout_nfreq90,3,3,42.0,42.0,0.0
A,,partition,0.3|wd0.0,50,,operand,iid,end,fout_freq_gini,3,3,0.10261412514163193,0.08949511315713221,0.7777777777777777
A,,partition,0.3|wd0.0,50,,operand,iid,end,fout_freq_eff_n,3,3,47.202855881752015,47.351493087992836,-0.5555555555555556
A,,partition,0.3|wd0.0,50,,operand,iid,end,fin_uv_agree_strong,3,3,1.0,1.0,0.33333333333333326
A,,partition,0.3|wd0.0,50,,operand,iid,end,fin_uvw_agree_strong,3,3,1.0,1.0,0.33333333333333326
A,,partition,0.3|wd0.0,50,,operand,iid,end,fin_n_unique_freq_strong,3,3,48.0,48.0,-0.33333333333333337
A,,partition,0.3|wd0.0,50,,operand,iid,end,clock_share,3,3,0.9778243071326851,0.974024461057011,0.7777777777777777
A,,partition,0.3|wd0.0,50,,operand,iid,end,clock_nfreq90,3,3,44.0,44.0,0.0
A,,partition,0.3|wd0.0,50,,operand,iid,end,clock_top1_share,3,3,0.021251099548407565,0.021335390180050286,-0.7777777777777778
A,,partition,0.3|wd0.0,50,,operand,iid,end,clock_freq_gini,3,3,0.00534942347743339,0.006838319595482423,-0.5555555555555556
A,,partition,0.3|wd0.0,50,,operand,iid,end,clock_key_jaccard_final,3,3,1.0,1.0,0.0
A,,partition,0.3|wd0.0,50,,operand,iid,end,clock_restricted_loss_tr,3,3,0.0008513625361956656,0.0008518833783455193,-0.7777777777777778
A,,partition,0.3|wd0.0,50,,operand,iid,end,clock_restricted_acc_tr,3,3,100.0,100.0,0.0
A,,partition,0.3|wd0.0,50,,operand,iid,end,clock_excluded_loss_tr,3,3,0.009426920674741268,0.009332810528576374,1.0
A,,partition,0.3|wd0.0,50,,operand,iid,end,clock_excluded_acc_tr,3,3,79.37632751464844,81.89227294921875,-1.0
A,,partition,0.3|wd0.0,50,,operand,iid,end,clock_restricted_loss_te,3,3,0.0008513851207681,0.000852033554110676,-1.0
A,,partition,0.3|wd0.0,50,,operand,iid,end,clock_restricted_acc_te,3,3,100.0,100.0,0.0
A,,partition,0.3|wd0.0,50,,operand,iid,end,clock_excluded_loss_te,3,3,0.009644884616136551,0.009740499779582024,-1.0
A,,partition,0.3|wd0.0,50,,operand,iid,end,clock_excluded_acc_te,3,3,55.00227737426758,43.29740524291992,0.33333333333333326
A,,partition,0.3|wd0.0,50,,dirichlet0.5,iid,memo,fn_loss_tr,3,3,0.007045709993690252,0.007039876189082861,0.33333333333333326
A,,partition,0.3|wd0.0,50,,dirichlet0.5,iid,memo,fn_acc_tr,3,3,99.8582534790039,99.8582534790039,-0.2222222222222222
A,,partition,0.3|wd0.0,50,,dirichlet0.5,iid,memo,fn_margin_tr,3,3,0.18101070821285248,0.1821199655532837,-0.5555555555555556
A,,partition,0.3|wd0.0,50,,dirichlet0.5,iid,memo,fn_entropy_tr,3,3,4.573026657104492,4.573023319244385,0.33333333333333326
A,,partition,0.3|wd0.0,50,,dirichlet0.5,iid,memo,fn_loss_te,3,3,0.013661016710102558,0.013662655837833881,-0.33333333333333337
A,,partition,0.3|wd0.0,50,,dirichlet0.5,iid,memo,fn_acc_te,3,3,0.21253985166549683,0.21253985166549683,0.0
A,,partition,0.3|wd0.0,50,,dirichlet0.5,iid,memo,fn_margin_te,3,3,-0.16431424021720886,-0.16407829523086548,0.11111111111111116
A,,partition,0.3|wd0.0,50,,dirichlet0.5,iid,memo,fn_entropy_te,3,3,4.573048114776611,4.573047637939453,0.22222222222222232
A,,partition,0.3|wd0.0,50,,dirichlet0.5,iid,memo,fn_gap_loss,3,3,0.006633862387388945,0.006640842650085688,-0.33333333333333337
A,,partition,0.3|wd0.0,50,,dirichlet0.5,iid,memo,fn_gap_acc,3,3,99.60520702600479,99.60016936063766,-0.11111111111111116
A,,partition,0.3|wd0.0,50,,dirichlet0.5,iid,memo,fn_class_acc_gini,3,3,0.8797220709836573,0.8699067657829405,0.33333333333333326
A,,partition,0.3|wd0.0,50,,dirichlet0.5,iid,memo,w_W1_fro,3,3,28.889514923095703,28.765588760375977,0.7777777777777777
A,,partition,0.3|wd0.0,50,,dirichlet0.5,iid,memo,w_W1_spec,3,3,3.7234139442443848,3.7077906131744385,0.7777777777777777
A,,partition,0.3|wd0.0,50,,dirichlet0.5,iid,memo,w_W1_stable_rank,3,3,60.20225143432617,60.19077682495117,0.11111111111111116
A,,partition,0.3|wd0.0,50,,dirichlet0.5,iid,memo,w_W1_eff_rank,3,3,170.21719376473638,170.30169940767675,-0.33333333333333337
A,,partition,0.3|wd0.0,50,,dirichlet0.5,iid,memo,w_W1_sv_gini,3,3,0.2853990193595617,0.2848550694553713,0.33333333333333326
A,,partition,0.3|wd0.0,50,,dirichlet0.5,iid,memo,w_W1_entry_gini,3,3,0.40234186538536143,0.4019943872141216,0.33333333333333326
A,,partition,0.3|wd0.0,50,,dirichlet0.5,iid,memo,w_W1_row_gini,3,3,0.016644892160668334,0.016309842142330888,0.5555555555555556
A,,partition,0.3|wd0.0,50,,dirichlet0.5,iid,memo,w_W1_row_pr,3,3,0.9991188145485131,0.999153033323409,-0.5555555555555556
A,,partition,0.3|wd0.0,50,,dirichlet0.5,iid,memo,w_W1_dist_init,3,3,18.560482025146484,18.456979751586914,1.0
A,,partition,0.3|wd0.0,50,,dirichlet0.5,iid,memo,w_W1_rel_dist_init,3,3,1.1555287079244305,1.150445508829253,0.7777777777777777
A,,partition,0.3|wd0.0,50,,dirichlet0.5,iid,memo,w_W1_cos_init,3,3,0.8080748915672302,0.8072580099105835,0.5555555555555556
A,,partition,0.3|wd0.0,50,,dirichlet0.5,iid,memo,w_W2_fro,3,3,14.852104187011719,14.990998268127441,-1.0
A,,partition,0.3|wd0.0,50,,dirichlet0.5,iid,memo,w_W2_spec,3,3,2.365981340408325,2.3813421726226807,-0.33333333333333337
A,,partition,0.3|wd0.0,50,,dirichlet0.5,iid,memo,w_W2_stable_rank,3,3,39.61549377441406,39.7787971496582,-0.11111111111111116
A,,partition,0.3|wd0.0,50,,dirichlet0.5,iid,memo,w_W2_eff_rank,3,3,91.13559501790236,91.16822605895007,-0.33333333333333337
A,,partition,0.3|wd0.0,50,,dirichlet0.5,iid,memo,w_W2_sv_gini,3,3,0.19682480871014407,0.19619149280602666,0.33333333333333326
A,,partition,0.3|wd0.0,50,,dirichlet0.5,iid,memo,w_W2_entry_gini,3,3,0.43701114225811466,0.4377141028231899,-0.5555555555555556
A,,partition,0.3|wd0.0,50,,dirichlet0.5,iid,memo,w_W2_row_gini,3,3,0.09026036534043391,0.0903673112080896,-0.33333333333333337
A,,partition,0.3|wd0.0,50,,dirichlet0.5,iid,memo,w_W2_row_pr,3,3,0.9757972228434513,0.975729105316051,0.33333333333333326
A,,partition,0.3|wd0.0,50,,dirichlet0.5,iid,memo,w_W2_dist_init,3,3,14.836212158203125,14.975285530090332,-1.0
A,,partition,0.3|wd0.0,50,,dirichlet0.5,iid,memo,w_W2_rel_dist_init,3,3,24.064373264027505,24.27066455756013,-1.0
A,,partition,0.3|wd0.0,50,,dirichlet0.5,iid,memo,w_W2_cos_init,3,3,0.04652036726474762,0.0460384301841259,0.11111111111111116
A,,partition,0.3|wd0.0,50,,dirichlet0.5,iid,memo,w_all_norm,3,3,32.474614261954564,32.40881023195219,0.5555555555555556
A,,partition,0.3|wd0.0,50,,dirichlet0.5,iid,memo,w_all_rel_norm,3,3,2.02357041541683,2.020133670870797,0.5555555555555556
A,,partition,0.3|wd0.0,50,,dirichlet0.5,iid,memo,w_all_dist_init,3,3,23.76141166279899,23.76803059275678,-0.33333333333333337
A,,partition,0.3|wd0.0,50,,dirichlet0.5,iid,memo,w_all_rel_dist_init,3,3,1.477216095111535,1.4779371693911176,-0.5555555555555556
A,,partition,0.3|wd0.0,50,,dirichlet0.5,iid,memo,w_all_cos_init,3,3,0.7192107682593678,0.7166020337882357,1.0
A,,partition,0.3|wd0.0,50,,dirichlet0.5,iid,memo,rep_between_within_tr,3,3,0.09979376027003597,0.10023601636588578,-0.33333333333333337
A,,partition,0.3|wd0.0,50,,dirichlet0.5,iid,memo,rep_nc1_tr,3,3,4.399934527010856,4.374570707251386,0.33333333333333326
A,,partition,0.3|wd0.0,50,,dirichlet0.5,iid,memo,rep_eff_rank_te,3,3,246.18563164192307,246.24720865357844,-0.5555555555555556
A,,partition,0.3|wd0.0,50,,dirichlet0.5,iid,memo,rep_pr_te,3,3,187.69504164552768,188.45236418223496,-0.5555555555555556
A,,partition,0.3|wd0.0,50,,dirichlet0.5,iid,memo,rep_unit_gini_te,3,3,0.06894753845811663,0.06704384015677523,0.33333333333333326
A,,partition,0.3|wd0.0,50,,dirichlet0.5,iid,memo,rep_unit_pr_te,3,3,0.9841950823311945,0.9855607120556236,-0.33333333333333337
A,,partition,0.3|wd0.0,50,,dirichlet0.5,iid,memo,rep_between_within_te,3,3,0.014082689852471436,0.014157542615545702,-0.33333333333333337
A,,partition,0.3|wd0.0,50,,dirichlet0.5,iid,memo,unit_interaction_share,3,3,0.5283874149159582,0.5295025903139788,-0.5555555555555556
A,,partition,0.3|wd0.0,50,,dirichlet0.5,iid,memo,unit_frac_interacting,3,3,0.7734375,0.79296875,-0.5555555555555556
A,,partition,0.3|wd0.0,50,,dirichlet0.5,iid,memo,add_share_a,3,3,0.1058122207090537,0.10592879044472514,-0.11111111111111116
A,,partition,0.3|wd0.0,50,,dirichlet0.5,iid,memo,add_share_b,3,3,0.1069822893221087,0.10751661996774042,-0.33333333333333337
A,,partition,0.3|wd0.0,50,,dirichlet0.5,iid,memo,add_share_interaction,3,3,0.7887517090649481,0.7878386432078306,0.5555555555555556
A,,partition,0.3|wd0.0,50,,dirichlet0.5,iid,memo,add_acc_interaction_tr,3,3,99.2912826538086,99.39759063720703,0.11111111111111116
A,,partition,0.3|wd0.0,50,,dirichlet0.5,iid,memo,add_acc_additive_tr,3,3,12.367115020751953,12.367115020751953,-0.2222222222222222
A,,partition,0.3|wd0.0,50,,dirichlet0.5,iid,memo,add_acc_no_a_tr,3,3,99.68107604980469,99.53933715820312,0.22222222222222232
A,,partition,0.3|wd0.0,50,,dirichlet0.5,iid,memo,add_acc_no_b_tr,3,3,99.6102066040039,99.57476806640625,0.33333333333333326
A,,partition,0.3|wd0.0,50,,dirichlet0.5,iid,memo,add_acc_interaction_te,3,3,1.1689691543579102,1.1234248876571655,-0.11111111111111116
A,,partition,0.3|wd0.0,50,,dirichlet0.5,iid,memo,add_acc_additive_te,3,3,0.0,0.0,0.0
A,,partition,0.3|wd0.0,50,,dirichlet0.5,iid,memo,add_acc_no_a_te,3,3,0.42507970333099365,0.39471685886383057,0.4444444444444444
A,,partition,0.3|wd0.0,50,,dirichlet0.5,iid,memo,add_acc_no_b_te,3,3,0.5768938660621643,0.5617124438285828,0.33333333333333326
A,,partition,0.3|wd0.0,50,,dirichlet0.5,iid,memo,circ_share_interaction_tr,3,3,0.8511016108958858,0.850530239771966,0.33333333333333326
A,,partition,0.3|wd0.0,50,,dirichlet0.5,iid,memo,circ_share_marginal_tr,3,3,0.2099001165647866,0.21067758118940216,-0.33333333333333337
A,,partition,0.3|wd0.0,50,,dirichlet0.5,iid,memo,circ_acc_interaction_tr,3,3,99.36215281486511,99.39758777618408,-0.11111111111111116
A,,partition,0.3|wd0.0,50,,dirichlet0.5,iid,memo,circ_acc_marginal_tr,3,3,11.977320909500122,12.08362877368927,-0.5555555555555556
A,,partition,0.3|wd0.0,50,,dirichlet0.5,iid,memo,circ_units_tr,3,3,248.00314331054688,247.95574951171875,0.33333333333333326
A,,partition,0.3|wd0.0,50,,dirichlet0.5,iid,memo,circ_share_interaction_te,3,3,0.7727421876986272,0.7721771420396919,0.33333333333333326
A,,partition,0.3|wd0.0,50,,dirichlet0.5,iid,memo,circ_share_marginal_te,3,3,0.21507526369898816,0.21568025073249752,-0.33333333333333337
A,,partition,0.3|wd0.0,50,,dirichlet0.5,iid,memo,circ_acc_interaction_te,3,3,1.0323364287614822,1.0323364287614822,0.22222222222222232
A,,partition,0.3|wd0.0,50,,dirichlet0.5,iid,memo,circ_acc_marginal_te,3,3,0.0,0.0,0.0
A,,partition,0.3|wd0.0,50,,dirichlet0.5,iid,memo,circ_units_te,3,3,248.00314331054688,247.95574951171875,0.33333333333333326
A,,partition,0.3|wd0.0,50,,dirichlet0.5,iid,memo,sharp_lambda_max,3,3,0.0063641006126999855,0.00624461006373167,0.7777777777777777
A,,partition,0.3|wd0.0,50,,dirichlet0.5,iid,memo,sharp_grad_norm,3,3,0.00010570683662081137,0.00010524438403081149,0.5555555555555556
A,,partition,0.3|wd0.0,50,,dirichlet0.5,iid,memo,sharp_lr_lambda,3,3,0.3182050306349993,0.3122305031865835,0.7777777777777777
A,,partition,0.3|wd0.0,50,,dirichlet0.5,iid,memo,unit_fourier_sum_share,3,3,0.012808948225116322,0.012937415709150999,-0.33333333333333337
A,,partition,0.3|wd0.0,50,,dirichlet0.5,iid,memo,unit_fourier_diff_share,3,3,0.01280894814526497,0.012937415781028753,-0.33333333333333337
A,,partition,0.3|wd0.0,50,,dirichlet0.5,iid,memo,unit_fourier_marginal_share,3,3,0.47161258511143234,0.4704974092069623,0.5555555555555556
A,,partition,0.3|wd0.0,50,,dirichlet0.5,iid,memo,unit_fourier_other_share,3,3,0.5031060949598127,0.5036441689298898,-1.0
A,,partition,0.3|wd0.0,50,,dirichlet0.5,iid,memo,unit_sum_freq_concentration,3,3,0.006560267406702446,0.006676463772032749,-0.33333333333333337
A,,partition,0.3|wd0.0,50,,dirichlet0.5,iid,memo,unit_n_distinct_sum_freqs,3,3,48.0,48.0,0.0
A,,partition,0.3|wd0.0,50,,dirichlet0.5,iid,memo,fU_ipr,3,3,0.028110826490118992,0.028276592707042254,-0.33333333333333337
A,,partition,0.3|wd0.0,50,,dirichlet0.5,iid,memo,fU_dc_share,3,3,0.005551096069934147,0.005525227773116475,0.33333333333333326
A,,partition,0.3|wd0.0,50,,dirichlet0.5,iid,memo,fU_top1_share,3,3,0.02386362092392991,0.023721968400342564,0.33333333333333326
A,,partition,0.3|wd0.0,50,,dirichlet0.5,iid,memo,fU_nfreq90,3,3,43.0,43.0,0.0
A,,partition,0.3|wd0.0,50,,dirichlet0.5,iid,memo,fU_freq_gini,3,3,0.03998024760593588,0.03949420229091927,0.11111111111111116
A,,partition,0.3|wd0.0,50,,dirichlet0.5,iid,memo,fU_freq_eff_n,3,3,47.877927062843895,47.88134685996133,-0.11111111111111116
A,,partition,0.3|wd0.0,50,,dirichlet0.5,iid,memo,fV_ipr,3,3,0.028469230883268103,0.028590865097857403,-0.33333333333333337
A,,partition,0.3|wd0.0,50,,dirichlet0.5,iid,memo,fV_dc_share,3,3,0.005308502505088124,0.005285324135235218,0.33333333333333326
A,,partition,0.3|wd0.0,50,,dirichlet0.5,iid,memo,fV_top1_share,3,3,0.025180200110007118,0.025163605449742124,0.11111111111111116
A,,partition,0.3|wd0.0,50,,dirichlet0.5,iid,memo,fV_nfreq90,3,3,43.0,43.0,0.0
A,,partition,0.3|wd0.0,50,,dirichlet0.5,iid,memo,fV_freq_gini,3,3,0.049031997059703736,0.04914400541614605,0.11111111111111116
A,,partition,0.3|wd0.0,50,,dirichlet0.5,iid,memo,fV_freq_eff_n,3,3,47.809924792607625,47.810072651819574,-0.33333333333333337
A,,partition,0.3|wd0.0,50,,dirichlet0.5,iid,memo,fout_ipr,3,3,0.029216385660461214,0.029364239379214983,-0.33333333333333337
A,,partition,0.3|wd0.0,50,,dirichlet0.5,iid,memo,fout_dc_share,3,3,0.00022218543713407795,0.00022103552020963222,0.11111111111111116
A,,partition,0.3|wd0.0,50,,dirichlet0.5,iid,memo,fout_top1_share,3,3,0.023925345866327608,0.02399330710019338,-0.33333333333333337
A,,partition,0.3|wd0.0,50,,dirichlet0.5,iid,memo,fout_nfreq90,3,3,43.0,43.0,0.0
A,,partition,0.3|wd0.0,50,,dirichlet0.5,iid,memo,fout_freq_gini,3,3,0.0371295916299994,0.03597803857190951,0.33333333333333326
A,,partition,0.3|wd0.0,50,,dirichlet0.5,iid,memo,fout_freq_eff_n,3,3,47.8964461877696,47.90148833028058,-0.11111111111111116
A,,partition,0.3|wd0.0,50,,dirichlet0.5,iid,memo,fin_uv_agree_strong,3,3,0.65625,0.6484375,0.0
A,,partition,0.3|wd0.0,50,,dirichlet0.5,iid,memo,fin_uvw_agree_strong,3,3,0.5546875,0.5625,-0.11111111111111116
A,,partition,0.3|wd0.0,50,,dirichlet0.5,iid,memo,fin_n_unique_freq_strong,3,3,45.0,46.0,-0.11111111111111116
A,,partition,0.3|wd0.0,50,,dirichlet0.5,iid,memo,clock_share,3,3,0.025115217970496557,0.02523197191645007,-0.33333333333333337
A,,partition,0.3|wd0.0,50,,dirichlet0.5,iid,memo,clock_nfreq90,3,3,39.0,39.0,0.0
A,,partition,0.3|wd0.0,50,,dirichlet0.5,iid,memo,clock_top1_share,3,3,0.04897438393535809,0.04898419266163684,-0.33333333333333337
A,,partition,0.3|wd0.0,50,,dirichlet0.5,iid,memo,clock_freq_gini,3,3,0.24873869608697974,0.24978549678022377,-0.11111111111111116
A,,partition,0.3|wd0.0,50,,dirichlet0.5,iid,memo,clock_key_jaccard_final,3,3,0.7872340425531915,0.7872340425531915,-0.11111111111111116
A,,partition,0.3|wd0.0,50,,dirichlet0.5,iid,memo,clock_restricted_loss_tr,3,3,0.008637802675366402,0.008643909357488155,0.11111111111111116
A,,partition,0.3|wd0.0,50,,dirichlet0.5,iid,memo,clock_restricted_acc_tr,3,3,100.0,100.0,0.0
A,,partition,0.3|wd0.0,50,,dirichlet0.5,iid,memo,clock_excluded_loss_tr,3,3,0.008235972374677658,0.00823686271905899,-0.5555555555555556
A,,partition,0.3|wd0.0,50,,dirichlet0.5,iid,memo,clock_excluded_acc_tr,3,3,93.86959838867188,93.7632827758789,0.33333333333333326
A,,partition,0.3|wd0.0,50,,dirichlet0.5,iid,memo,clock_restricted_loss_te,3,3,0.008638006635010242,0.008644107729196548,0.11111111111111116
A,,partition,0.3|wd0.0,50,,dirichlet0.5,iid,memo,clock_restricted_acc_te,3,3,100.0,100.0,0.0
A,,partition,0.3|wd0.0,50,,dirichlet0.5,iid,memo,clock_excluded_loss_te,3,3,0.015401097014546394,0.015395821072161198,-0.11111111111111116
A,,partition,0.3|wd0.0,50,,dirichlet0.5,iid,memo,clock_excluded_acc_te,3,3,0.0,0.0,-0.33333333333333337
A,,partition,0.3|wd0.0,50,,dirichlet0.5,iid,cross,fn_loss_tr,3,3,0.0036930469796061516,0.003578683128580451,0.33333333333333326
A,,partition,0.3|wd0.0,50,,dirichlet0.5,iid,cross,fn_acc_tr,3,3,100.0,100.0,0.0
A,,partition,0.3|wd0.0,50,,dirichlet0.5,iid,cross,fn_margin_tr,3,3,0.5320379734039307,0.542253315448761,-0.5555555555555556
A,,partition,0.3|wd0.0,50,,dirichlet0.5,iid,cross,fn_entropy_tr,3,3,4.570151329040527,4.570014476776123,0.5555555555555556
A,,partition,0.3|wd0.0,50,,dirichlet0.5,iid,cross,fn_loss_te,3,3,0.01023288257420063,0.009933441877365112,0.11111111111111116
A,,partition,0.3|wd0.0,50,,dirichlet0.5,iid,cross,fn_acc_te,3,3,95.53665924072266,97.03961944580078,-0.11111111111111116
A,,partition,0.3|wd0.0,50,,dirichlet0.5,iid,cross,fn_margin_te,3,3,0.1578802764415741,0.17702719569206238,-0.11111111111111116
A,,partition,0.3|wd0.0,50,,dirichlet0.5,iid,cross,fn_entropy_te,3,3,4.570804119110107,4.570748805999756,0.5555555555555556
A,,partition,0.3|wd0.0,50,,dirichlet0.5,iid,cross,fn_gap_loss,3,3,0.006539835594594479,0.006354758748784661,0.11111111111111116
A,,partition,0.3|wd0.0,50,,dirichlet0.5,iid,cross,fn_gap_acc,3,3,4.463340759277344,2.9603805541992188,0.11111111111111116
A,,partition,0.3|wd0.0,50,,dirichlet0.5,iid,cross,fn_class_acc_gini,3,3,0.02466942640828429,0.017873742458104802,0.33333333333333326
A,,partition,0.3|wd0.0,50,,dirichlet0.5,iid,cross,w_W1_fro,3,3,35.70165252685547,35.38384246826172,1.0
A,,partition,0.3|wd0.0,50,,dirichlet0.5,iid,cross,w_W1_spec,3,3,4.7735371589660645,4.708181381225586,0.5555555555555556
A,,partition,0.3|wd0.0,50,,dirichlet0.5,iid,cross,w_W1_stable_rank,3,3,55.83451461791992,56.04391098022461,-0.11111111111111116
A,,partition,0.3|wd0.0,50,,dirichlet0.5,iid,cross,w_W1_eff_rank,3,3,170.66752232965462,170.43079015433952,-0.11111111111111116
A,,partition,0.3|wd0.0,50,,dirichlet0.5,iid,cross,w_W1_sv_gini,3,3,0.2825588543300863,0.2837021635316115,0.11111111111111116
A,,partition,0.3|wd0.0,50,,dirichlet0.5,iid,cross,w_W1_entry_gini,3,3,0.3647121572536125,0.36296592365922176,0.33333333333333326
A,,partition,0.3|wd0.0,50,,dirichlet0.5,iid,cross,w_W1_row_gini,3,3,0.0491269103138543,0.0495215847212902,-0.33333333333333337
A,,partition,0.3|wd0.0,50,,dirichlet0.5,iid,cross,w_W1_row_pr,3,3,0.9908596755471117,0.9904946292442721,0.33333333333333326
A,,partition,0.3|wd0.0,50,,dirichlet0.5,iid,cross,w_W1_dist_init,3,3,31.583099365234375,31.418405532836914,0.5555555555555556
A,,partition,0.3|wd0.0,50,,dirichlet0.5,iid,cross,w_W1_rel_dist_init,3,3,1.9672227898612824,1.9534430097222524,0.7777777777777777
A,,partition,0.3|wd0.0,50,,dirichlet0.5,iid,cross,w_W1_cos_init,3,3,0.4706665277481079,0.4639821946620941,0.33333333333333326
A,,partition,0.3|wd0.0,50,,dirichlet0.5,iid,cross,w_W2_fro,3,3,16.515056610107422,16.914134979248047,-1.0
A,,partition,0.3|wd0.0,50,,dirichlet0.5,iid,cross,w_W2_spec,3,3,2.5466465950012207,2.6178901195526123,-0.33333333333333337
A,,partition,0.3|wd0.0,50,,dirichlet0.5,iid,cross,w_W2_stable_rank,3,3,42.618892669677734,42.27522277832031,-0.11111111111111116
A,,partition,0.3|wd0.0,50,,dirichlet0.5,iid,cross,w_W2_eff_rank,3,3,93.03114930227854,93.11359108491266,-0.33333333333333337
A,,partition,0.3|wd0.0,50,,dirichlet0.5,iid,cross,w_W2_sv_gini,3,3,0.15620066444165914,0.1541696930619092,0.33333333333333326
A,,partition,0.3|wd0.0,50,,dirichlet0.5,iid,cross,w_W2_entry_gini,3,3,0.4117537553634487,0.4085748367835291,0.11111111111111116
A,,partition,0.3|wd0.0,50,,dirichlet0.5,iid,cross,w_W2_row_gini,3,3,0.07533846718433401,0.0750151994458883,-0.11111111111111116
A,,partition,0.3|wd0.0,50,,dirichlet0.5,iid,cross,w_W2_row_pr,3,3,0.9829859750578508,0.9829725192799066,0.33333333333333326
A,,partition,0.3|wd0.0,50,,dirichlet0.5,iid,cross,w_W2_dist_init,3,3,16.514801025390625,16.91455078125,-1.0
A,,partition,0.3|wd0.0,50,,dirichlet0.5,iid,cross,w_W2_rel_dist_init,3,3,26.70944562688285,27.355962309225568,-1.0
A,,partition,0.3|wd0.0,50,,dirichlet0.5,iid,cross,w_W2_cos_init,3,3,0.02524142526090145,0.025105999782681465,0.11111111111111116
A,,partition,0.3|wd0.0,50,,dirichlet0.5,iid,cross,w_all_norm,3,3,39.382803528942,39.26498512411331,0.5555555555555556
A,,partition,0.3|wd0.0,50,,dirichlet0.5,iid,cross,w_all_rel_norm,3,3,2.4526504368113264,2.440710042538841,0.7777777777777777
A,,partition,0.3|wd0.0,50,,dirichlet0.5,iid,cross,w_all_dist_init,3,3,35.64029767584035,35.682183710603844,0.11111111111111116
A,,partition,0.3|wd0.0,50,,dirichlet0.5,iid,cross,w_all_rel_dist_init,3,3,2.21961172059413,2.218994878526385,0.11111111111111116
A,,partition,0.3|wd0.0,50,,dirichlet0.5,iid,cross,w_all_cos_init,3,3,0.4273402367323654,0.41877021702828526,0.33333333333333326
A,,partition,0.3|wd0.0,50,,dirichlet0.5,iid,cross,rep_between_within_tr,3,3,0.2559040659654171,0.26712094887862553,-0.33333333333333337
A,,partition,0.3|wd0.0,50,,dirichlet0.5,iid,cross,rep_nc1_tr,3,3,1.3807826363523295,1.3059200673311366,0.33333333333333326
A,,partition,0.3|wd0.0,50,,dirichlet0.5,iid,cross,rep_eff_rank_te,3,3,244.07512072789714,244.19152676233887,-0.33333333333333337
A,,partition,0.3|wd0.0,50,,dirichlet0.5,iid,cross,rep_pr_te,3,3,165.174578187064,165.75161519859384,-0.11111111111111116
A,,partition,0.3|wd0.0,50,,dirichlet0.5,iid,cross,rep_unit_gini_te,3,3,0.1745715872712228,0.17337875567861794,0.33333333333333326
A,,partition,0.3|wd0.0,50,,dirichlet0.5,iid,cross,rep_unit_pr_te,3,3,0.8624720678397894,0.8654212475761737,-0.11111111111111116
A,,partition,0.3|wd0.0,50,,dirichlet0.5,iid,cross,rep_between_within_te,3,3,0.15070725126629506,0.16102310105084341,-0.33333333333333337
A,,partition,0.3|wd0.0,50,,dirichlet0.5,iid,cross,unit_interaction_share,3,3,0.6297333912268169,0.6367230578710389,-0.33333333333333337
A,,partition,0.3|wd0.0,50,,dirichlet0.5,iid,cross,unit_frac_interacting,3,3,0.9453125,0.93359375,0.33333333333333326
A,,partition,0.3|wd0.0,50,,dirichlet0.5,iid,cross,add_share_a,3,3,0.040184438895551074,0.039416638613677175,0.5555555555555556
A,,partition,0.3|wd0.0,50,,dirichlet0.5,iid,cross,add_share_b,3,3,0.04099221099381258,0.04022630863094018,0.33333333333333326
A,,partition,0.3|wd0.0,50,,dirichlet0.5,iid,cross,add_share_interaction,3,3,0.9185578670620129,0.9201863728947332,-0.5555555555555556
A,,partition,0.3|wd0.0,50,,dirichlet0.5,iid,cross,add_acc_interaction_tr,3,3,100.0,100.0,0.0
A,,partition,0.3|wd0.0,50,,dirichlet0.5,iid,cross,add_acc_additive_tr,3,3,8.433734893798828,8.823529243469238,0.11111111111111116
A,,partition,0.3|wd0.0,50,,dirichlet0.5,iid,cross,add_acc_no_a_tr,3,3,100.0,100.0,0.0
A,,partition,0.3|wd0.0,50,,dirichlet0.5,iid,cross,add_acc_no_b_tr,3,3,100.0,100.0,0.0
A,,partition,0.3|wd0.0,50,,dirichlet0.5,iid,cross,add_acc_interaction_te,3,3,98.11750793457031,98.90693664550781,-0.11111111111111116
A,,partition,0.3|wd0.0,50,,dirichlet0.5,iid,cross,add_acc_additive_te,3,3,0.07590708881616592,0.07590708881616592,0.11111111111111116
A,,partition,0.3|wd0.0,50,,dirichlet0.5,iid,cross,add_acc_no_a_te,3,3,97.11553192138672,98.08714294433594,-0.11111111111111116
A,,partition,0.3|wd0.0,50,,dirichlet0.5,iid,cross,add_acc_no_b_te,3,3,97.11553192138672,98.0416030883789,-0.11111111111111116
A,,partition,0.3|wd0.0,50,,dirichlet0.5,iid,cross,circ_share_interaction_tr,3,3,0.9653982260052323,0.966463100729629,-0.33333333333333337
A,,partition,0.3|wd0.0,50,,dirichlet0.5,iid,cross,circ_share_marginal_tr,3,3,0.08983921689709196,0.08691991038959862,0.5555555555555556
A,,partition,0.3|wd0.0,50,,dirichlet0.5,iid,cross,circ_acc_interaction_tr,3,3,100.0,100.0,0.0
A,,partition,0.3|wd0.0,50,,dirichlet0.5,iid,cross,circ_acc_marginal_tr,3,3,8.327427506446838,8.29199105501175,0.11111111111111116
A,,partition,0.3|wd0.0,50,,dirichlet0.5,iid,cross,circ_units_tr,3,3,123.06338500976562,121.41785430908203,0.11111111111111116
A,,partition,0.3|wd0.0,50,,dirichlet0.5,iid,cross,circ_share_interaction_te,3,3,0.9114397522764811,0.9133894675941594,-0.5555555555555556
A,,partition,0.3|wd0.0,50,,dirichlet0.5,iid,cross,circ_share_marginal_te,3,3,0.08798979550237893,0.08755595701905496,0.5555555555555556
A,,partition,0.3|wd0.0,50,,dirichlet0.5,iid,cross,circ_acc_interaction_te,3,3,98.05678129196167,98.72475862503052,-0.11111111111111116
A,,partition,0.3|wd0.0,50,,dirichlet0.5,iid,cross,circ_acc_marginal_te,3,3,0.10626992443576455,0.045544252498075366,0.22222222222222232
A,,partition,0.3|wd0.0,50,,dirichlet0.5,iid,cross,circ_units_te,3,3,123.06338500976562,121.41785430908203,0.11111111111111116
A,,partition,0.3|wd0.0,50,,dirichlet0.5,iid,cross,sharp_lambda_max,3,3,0.014900710433721542,0.014379789121448994,1.0
A,,partition,0.3|wd0.0,50,,dirichlet0.5,iid,cross,sharp_grad_norm,3,3,0.00011044058192055672,0.00010835452121682465,0.5555555555555556
A,,partition,0.3|wd0.0,50,,dirichlet0.5,iid,cross,sharp_lr_lambda,3,3,0.7450355216860771,0.7189894560724497,1.0
A,,partition,0.3|wd0.0,50,,dirichlet0.5,iid,cross,unit_fourier_sum_share,3,3,0.13428995856298379,0.14229689205957294,-0.33333333333333337
A,,partition,0.3|wd0.0,50,,dirichlet0.5,iid,cross,unit_fourier_diff_share,3,3,0.13428995702432897,0.14229689011270188,-0.33333333333333337
A,,partition,0.3|wd0.0,50,,dirichlet0.5,iid,cross,unit_fourier_marginal_share,3,3,0.3702666068191602,0.36327694070482963,0.33333333333333326
A,,partition,0.3|wd0.0,50,,dirichlet0.5,iid,cross,unit_fourier_other_share,3,3,0.3606646516025278,0.35212927712289555,0.33333333333333326
A,,partition,0.3|wd0.0,50,,dirichlet0.5,iid,cross,unit_sum_freq_concentration,3,3,0.13008089546036739,0.13820850168987253,-0.33333333333333337
A,,partition,0.3|wd0.0,50,,dirichlet0.5,iid,cross,unit_n_distinct_sum_freqs,3,3,48.0,48.0,0.0
A,,partition,0.3|wd0.0,50,,dirichlet0.5,iid,cross,fU_ipr,3,3,0.15209350337162786,0.15794344691492496,-0.11111111111111116
A,,partition,0.3|wd0.0,50,,dirichlet0.5,iid,cross,fU_dc_share,3,3,0.005139590549341296,0.005481806306056259,-0.33333333333333337
A,,partition,0.3|wd0.0,50,,dirichlet0.5,iid,cross,fU_top1_share,3,3,0.028079434723293394,0.027271284172503945,0.5555555555555556
A,,partition,0.3|wd0.0,50,,dirichlet0.5,iid,cross,fU_nfreq90,3,3,42.0,42.0,0.0
A,,partition,0.3|wd0.0,50,,dirichlet0.5,iid,cross,fU_freq_gini,3,3,0.09972741990215162,0.09799363322680033,0.5555555555555556
A,,partition,0.3|wd0.0,50,,dirichlet0.5,iid,cross,fU_freq_eff_n,3,3,47.27105445842367,47.28686005253566,-0.5555555555555556
A,,partition,0.3|wd0.0,50,,dirichlet0.5,iid,cross,fV_ipr,3,3,0.15112223939028938,0.1571173556642737,-0.33333333333333337
A,,partition,0.3|wd0.0,50,,dirichlet0.5,iid,cross,fV_dc_share,3,3,0.004753802996049583,0.004734687119701602,-0.11111111111111116
A,,partition,0.3|wd0.0,50,,dirichlet0.5,iid,cross,fV_top1_share,3,3,0.027532106938672304,0.027744512101874976,0.11111111111111116
A,,partition,0.3|wd0.0,50,,dirichlet0.5,iid,cross,fV_nfreq90,3,3,42.0,42.0,0.0
A,,partition,0.3|wd0.0,50,,dirichlet0.5,iid,cross,fV_freq_gini,3,3,0.09714310435758478,0.09799111649814662,-0.11111111111111116
A,,partition,0.3|wd0.0,50,,dirichlet0.5,iid,cross,fV_freq_eff_n,3,3,47.30606287351579,47.292070406266845,0.11111111111111116
A,,partition,0.3|wd0.0,50,,dirichlet0.5,iid,cross,fout_ipr,3,3,0.15269207988762662,0.15810894993662983,-0.11111111111111116
A,,partition,0.3|wd0.0,50,,dirichlet0.5,iid,cross,fout_dc_share,3,3,7.503052160762667e-05,7.559260824234775e-05,0.11111111111111116
A,,partition,0.3|wd0.0,50,,dirichlet0.5,iid,cross,fout_top1_share,3,3,0.024946024092313626,0.02461908597627094,0.33333333333333326
A,,partition,0.3|wd0.0,50,,dirichlet0.5,iid,cross,fout_nfreq90,3,3,43.0,43.0,0.0
A,,partition,0.3|wd0.0,50,,dirichlet0.5,iid,cross,fout_freq_gini,3,3,0.0336507696758499,0.03258692900028359,0.33333333333333326
A,,partition,0.3|wd0.0,50,,dirichlet0.5,iid,cross,fout_freq_eff_n,3,3,47.908758619500496,47.92007324735744,-0.5555555555555556
A,,partition,0.3|wd0.0,50,,dirichlet0.5,iid,cross,fin_uv_agree_strong,3,3,0.953125,0.9453125,0.22222222222222232
A,,partition,0.3|wd0.0,50,,dirichlet0.5,iid,cross,fin_uvw_agree_strong,3,3,0.9296875,0.921875,0.11111111111111116
A,,partition,0.3|wd0.0,50,,dirichlet0.5,iid,cross,fin_n_unique_freq_strong,3,3,48.0,47.0,0.33333333333333326
A,,partition,0.3|wd0.0,50,,dirichlet0.5,iid,cross,clock_share,3,3,0.351032459093137,0.36316839731299105,-0.33333333333333337
A,,partition,0.3|wd0.0,50,,dirichlet0.5,iid,cross,clock_nfreq90,3,3,30.0,31.0,-0.11111111111111116
A,,partition,0.3|wd0.0,50,,dirichlet0.5,iid,cross,clock_top1_share,3,3,0.06677393745384833,0.06278867926281319,0.11111111111111116
A,,partition,0.3|wd0.0,50,,dirichlet0.5,iid,cross,clock_freq_gini,3,3,0.4809318998323808,0.4639646065235412,0.33333333333333326
A,,partition,0.3|wd0.0,50,,dirichlet0.5,iid,cross,clock_key_jaccard_final,3,3,0.5652173913043478,0.6222222222222222,-0.33333333333333337
A,,partition,0.3|wd0.0,50,,dirichlet0.5,iid,cross,clock_restricted_loss_tr,3,3,0.0041640703566372395,0.0038894128520041704,0.11111111111111116
A,,partition,0.3|wd0.0,50,,dirichlet0.5,iid,cross,clock_restricted_acc_tr,3,3,100.0,100.0,0.0
A,,partition,0.3|wd0.0,50,,dirichlet0.5,iid,cross,clock_excluded_loss_tr,3,3,0.008394819684326649,0.008504797704517841,-0.11111111111111116
A,,partition,0.3|wd0.0,50,,dirichlet0.5,iid,cross,clock_excluded_acc_tr,3,3,88.97944641113281,88.37703704833984,0.33333333333333326
A,,partition,0.3|wd0.0,50,,dirichlet0.5,iid,cross,clock_restricted_loss_te,3,3,0.004164301324635744,0.003889658721163869,0.11111111111111116
A,,partition,0.3|wd0.0,50,,dirichlet0.5,iid,cross,clock_restricted_acc_te,3,3,100.0,100.0,0.0
A,,partition,0.3|wd0.0,50,,dirichlet0.5,iid,cross,clock_excluded_loss_te,3,3,0.01687438413500786,0.01684199832379818,0.33333333333333326
A,,partition,0.3|wd0.0,50,,dirichlet0.5,iid,cross,clock_excluded_acc_te,3,3,0.45544254779815674,0.546531081199646,-0.11111111111111116
A,,partition,0.3|wd0.0,50,,dirichlet0.5,iid,end,fn_loss_tr,3,3,8.319618791574612e-05,7.756567356409505e-05,0.5555555555555556
A,,partition,0.3|wd0.0,50,,dirichlet0.5,iid,end,fn_acc_tr,3,3,100.0,100.0,0.0
A,,partition,0.3|wd0.0,50,,dirichlet0.5,iid,end,fn_margin_tr,3,3,0.9704315066337585,0.971973180770874,-0.7777777777777778
A,,partition,0.3|wd0.0,50,,dirichlet0.5,iid,end,fn_entropy_tr,3,3,4.564911365509033,4.5648980140686035,0.7777777777777777
A,,partition,0.3|wd0.0,50,,dirichlet0.5,iid,end,fn_loss_te,3,3,0.0003682009410113096,0.0003482797765173018,1.0
A,,partition,0.3|wd0.0,50,,dirichlet0.5,iid,end,fn_acc_te,3,3,100.0,100.0,0.0
A,,partition,0.3|wd0.0,50,,dirichlet0.5,iid,end,fn_margin_te,3,3,0.9432464838027954,0.9467601180076599,-0.7777777777777778
A,,partition,0.3|wd0.0,50,,dirichlet0.5,iid,end,fn_entropy_te,3,3,4.565025329589844,4.564980983734131,0.5555555555555556
A,,partition,0.3|wd0.0,50,,dirichlet0.5,iid,end,fn_gap_loss,3,3,0.00027937423874391243,0.00027071410295320675,0.7777777777777777
A,,partition,0.3|wd0.0,50,,dirichlet0.5,iid,end,fn_gap_acc,3,3,0.0,0.0,0.0
A,,partition,0.3|wd0.0,50,,dirichlet0.5,iid,end,fn_class_acc_gini,3,3,0.0,0.0,0.0
A,,partition,0.3|wd0.0,50,,dirichlet0.5,iid,end,w_W1_fro,3,3,41.608970642089844,41.094322204589844,1.0
A,,partition,0.3|wd0.0,50,,dirichlet0.5,iid,end,w_W1_spec,3,3,9.116872787475586,9.30357551574707,-0.33333333333333337
A,,partition,0.3|wd0.0,50,,dirichlet0.5,iid,end,w_W1_stable_rank,3,3,20.52402687072754,19.135042190551758,0.7777777777777777
A,,partition,0.3|wd0.0,50,,dirichlet0.5,iid,end,w_W1_eff_rank,3,3,164.87658700935125,164.27231701812653,0.7777777777777777
A,,partition,0.3|wd0.0,50,,dirichlet0.5,iid,end,w_W1_sv_gini,3,3,0.31661856179468084,0.319793464224307,-0.7777777777777778
A,,partition,0.3|wd0.0,50,,dirichlet0.5,iid,end,w_W1_entry_gini,3,3,0.4059947306908809,0.4090644841337281,-0.11111111111111116
A,,partition,0.3|wd0.0,50,,dirichlet0.5,iid,end,w_W1_row_gini,3,3,0.09638116182083278,0.10234432470962673,-0.7777777777777778
A,,partition,0.3|wd0.0,50,,dirichlet0.5,iid,end,w_W1_row_pr,3,3,0.9708252368091155,0.9674252868157375,0.7777777777777777
A,,partition,0.3|wd0.0,50,,dirichlet0.5,iid,end,w_W1_dist_init,3,3,41.2663688659668,40.85980987548828,1.0
A,,partition,0.3|wd0.0,50,,dirichlet0.5,iid,end,w_W1_rel_dist_init,3,3,2.5747380451878,2.5509217210664414,0.7777777777777777
A,,partition,0.3|wd0.0,50,,dirichlet0.5,iid,end,w_W1_cos_init,3,3,0.2110023945569992,0.20823641121387482,0.5555555555555556
A,,partition,0.3|wd0.0,50,,dirichlet0.5,iid,end,w_W2_fro,3,3,19.364572525024414,19.84955406188965,-0.7777777777777778
A,,partition,0.3|wd0.0,50,,dirichlet0.5,iid,end,w_W2_spec,3,3,3.0553464889526367,3.1408867835998535,-0.7777777777777778
A,,partition,0.3|wd0.0,50,,dirichlet0.5,iid,end,w_W2_stable_rank,3,3,39.56264114379883,39.93960189819336,-0.11111111111111116
A,,partition,0.3|wd0.0,50,,dirichlet0.5,iid,end,w_W2_eff_rank,3,3,91.81519151882046,91.81709251995025,-0.33333333333333337
A,,partition,0.3|wd0.0,50,,dirichlet0.5,iid,end,w_W2_sv_gini,3,3,0.1818532952908105,0.18128693461256074,0.11111111111111116
A,,partition,0.3|wd0.0,50,,dirichlet0.5,iid,end,w_W2_entry_gini,3,3,0.41216186154298873,0.4064240675311732,0.5555555555555556
A,,partition,0.3|wd0.0,50,,dirichlet0.5,iid,end,w_W2_row_gini,3,3,0.016563799918710265,0.015895653094486262,0.33333333333333326
A,,partition,0.3|wd0.0,50,,dirichlet0.5,iid,end,w_W2_row_pr,3,3,0.9991652342888606,0.9991959586544912,-0.11111111111111116
A,,partition,0.3|wd0.0,50,,dirichlet0.5,iid,end,w_W2_dist_init,3,3,19.372711181640625,19.853044509887695,-0.7777777777777778
A,,partition,0.3|wd0.0,50,,dirichlet0.5,iid,end,w_W2_rel_dist_init,3,3,31.331553747199735,32.108398523825876,-1.0
A,,partition,0.3|wd0.0,50,,dirichlet0.5,iid,end,w_W2_cos_init,3,3,0.004831803031265736,0.009929722175002098,-1.0
A,,partition,0.3|wd0.0,50,,dirichlet0.5,iid,end,w_all_norm,3,3,45.89436901158164,45.54390481151759,1.0
A,,partition,0.3|wd0.0,50,,dirichlet0.5,iid,end,w_all_rel_norm,3,3,2.8613649809255306,2.845503973551635,0.5555555555555556
A,,partition,0.3|wd0.0,50,,dirichlet0.5,iid,end,w_all_dist_init,3,3,45.58744495921325,45.334446718198585,1.0
A,,partition,0.3|wd0.0,50,,dirichlet0.5,iid,end,w_all_rel_dist_init,3,3,2.842229262227033,2.833657196514988,0.5555555555555556
A,,partition,0.3|wd0.0,50,,dirichlet0.5,iid,end,w_all_cos_init,3,3,0.19178187909632438,0.18753796194313785,0.5555555555555556
A,,partition,0.3|wd0.0,50,,dirichlet0.5,iid,end,rep_between_within_tr,3,3,0.3108566801786179,0.3487375996010678,-0.5555555555555556
A,,partition,0.3|wd0.0,50,,dirichlet0.5,iid,end,rep_nc1_tr,3,3,0.9829340292942644,0.8319945308141345,0.5555555555555556
A,,partition,0.3|wd0.0,50,,dirichlet0.5,iid,end,rep_eff_rank_te,3,3,222.5619128079431,224.6592707611899,-0.7777777777777778
A,,partition,0.3|wd0.0,50,,dirichlet0.5,iid,end,rep_pr_te,3,3,96.76411385669337,110.74438773980101,-0.11111111111111116
A,,partition,0.3|wd0.0,50,,dirichlet0.5,iid,end,rep_unit_gini_te,3,3,0.31649743787488394,0.3002784036427273,0.33333333333333326
A,,partition,0.3|wd0.0,50,,dirichlet0.5,iid,end,rep_unit_pr_te,3,3,0.6298682167753804,0.6932723385673798,-0.11111111111111116
A,,partition,0.3|wd0.0,50,,dirichlet0.5,iid,end,rep_between_within_te,3,3,0.28701019242581116,0.3185906601524827,-0.5555555555555556
A,,partition,0.3|wd0.0,50,,dirichlet0.5,iid,end,unit_interaction_share,3,3,0.4755330248851392,0.508742192741134,-0.5555555555555556
A,,partition,0.3|wd0.0,50,,dirichlet0.5,iid,end,unit_frac_interacting,3,3,0.58984375,0.578125,0.33333333333333326
A,,partition,0.3|wd0.0,50,,dirichlet0.5,iid,end,add_share_a,3,3,0.0018136709230829337,0.0015760618978146968,1.0
A,,partition,0.3|wd0.0,50,,dirichlet0.5,iid,end,add_share_b,3,3,0.0018899463653300193,0.001648999221571822,0.7777777777777777
A,,partition,0.3|wd0.0,50,,dirichlet0.5,iid,end,add_share_interaction,3,3,0.9961750592789549,0.9965640484923218,-1.0
A,,partition,0.3|wd0.0,50,,dirichlet0.5,iid,end,add_acc_interaction_tr,3,3,100.0,100.0,0.0
A,,partition,0.3|wd0.0,50,,dirichlet0.5,iid,end,add_acc_additive_tr,3,3,2.0552799701690674,1.771793007850647,1.0
A,,partition,0.3|wd0.0,50,,dirichlet0.5,iid,end,add_acc_no_a_tr,3,3,100.0,100.0,0.0
A,,partition,0.3|wd0.0,50,,dirichlet0.5,iid,end,add_acc_no_b_tr,3,3,100.0,100.0,0.0
A,,partition,0.3|wd0.0,50,,dirichlet0.5,iid,end,add_acc_interaction_te,3,3,100.0,100.0,0.0
A,,partition,0.3|wd0.0,50,,dirichlet0.5,iid,end,add_acc_additive_te,3,3,1.1841505765914917,1.108243465423584,1.0
A,,partition,0.3|wd0.0,50,,dirichlet0.5,iid,end,add_acc_no_a_te,3,3,100.0,100.0,0.0
A,,partition,0.3|wd0.0,50,,dirichlet0.5,iid,end,add_acc_no_b_te,3,3,100.0,100.0,0.0
A,,partition,0.3|wd0.0,50,,dirichlet0.5,iid,end,circ_share_interaction_tr,3,3,1.0552682077437736,1.067340838148281,-1.0
A,,partition,0.3|wd0.0,50,,dirichlet0.5,iid,end,circ_share_marginal_tr,3,3,0.06191596407965783,0.07172687791444735,-1.0
A,,partition,0.3|wd0.0,50,,dirichlet0.5,iid,end,circ_acc_interaction_tr,3,3,100.0,100.0,0.0
A,,partition,0.3|wd0.0,50,,dirichlet0.5,iid,end,circ_acc_marginal_tr,3,3,1.4174344018101692,1.4528702944517136,-0.4444444444444444
A,,partition,0.3|wd0.0,50,,dirichlet0.5,iid,end,circ_units_tr,3,3,77.13780975341797,74.42505645751953,0.11111111111111116
A,,partition,0.3|wd0.0,50,,dirichlet0.5,iid,end,circ_share_interaction_te,3,3,1.046655668024146,1.0572318978131696,-0.7777777777777778
A,,partition,0.3|wd0.0,50,,dirichlet0.5,iid,end,circ_share_marginal_te,3,3,0.06120501166015158,0.07053442881177129,-1.0
A,,partition,0.3|wd0.0,50,,dirichlet0.5,iid,end,circ_acc_interaction_te,3,3,100.0,100.0,0.0
A,,partition,0.3|wd0.0,50,,dirichlet0.5,iid,end,circ_acc_marginal_te,3,3,1.2752391397953033,1.3207833282649517,-0.6666666666666667
A,,partition,0.3|wd0.0,50,,dirichlet0.5,iid,end,circ_units_te,3,3,77.13780975341797,74.42505645751953,0.11111111111111116
A,,partition,0.3|wd0.0,50,,dirichlet0.5,iid,end,sharp_lambda_max,3,3,0.03274548426270485,0.031045963987708092,0.5555555555555556
A,,partition,0.3|wd0.0,50,,dirichlet0.5,iid,end,sharp_grad_norm,3,3,3.16019868478179e-05,2.9247883503558114e-05,0.5555555555555556
A,,partition,0.3|wd0.0,50,,dirichlet0.5,iid,end,sharp_lr_lambda,3,3,1.6372742131352425,1.5522981993854046,0.5555555555555556
A,,partition,0.3|wd0.0,50,,dirichlet0.5,iid,end,unit_fourier_sum_share,3,3,0.21839415390608208,0.23831013650929614,-0.5555555555555556
A,,partition,0.3|wd0.0,50,,dirichlet0.5,iid,end,unit_fourier_diff_share,3,3,0.21839415294792927,0.23831013855459923,-0.5555555555555556
A,,partition,0.3|wd0.0,50,,dirichlet0.5,iid,end,unit_fourier_marginal_share,3,3,0.5244669703695028,0.49125780211953723,0.5555555555555556
A,,partition,0.3|wd0.0,50,,dirichlet0.5,iid,end,unit_fourier_other_share,3,3,0.03547121997112368,0.03212192281656745,0.5555555555555556
A,,partition,0.3|wd0.0,50,,dirichlet0.5,iid,end,unit_sum_freq_concentration,3,3,0.21813397787214928,0.23806821522424224,-0.5555555555555556
A,,partition,0.3|wd0.0,50,,dirichlet0.5,iid,end,unit_n_distinct_sum_freqs,3,3,48.0,48.0,0.0
A,,partition,0.3|wd0.0,50,,dirichlet0.5,iid,end,fU_ipr,3,3,0.36840883742409575,0.37229114802763585,0.11111111111111116
A,,partition,0.3|wd0.0,50,,dirichlet0.5,iid,end,fU_dc_share,3,3,0.04732339402498852,0.049378725021049695,-0.5555555555555556
A,,partition,0.3|wd0.0,50,,dirichlet0.5,iid,end,fU_top1_share,3,3,0.029543709838342185,0.030723901368125837,-0.33333333333333337
A,,partition,0.3|wd0.0,50,,dirichlet0.5,iid,end,fU_nfreq90,3,3,42.0,42.0,0.0
A,,partition,0.3|wd0.0,50,,dirichlet0.5,iid,end,fU_freq_gini,3,3,0.08533931835528064,0.090987317196362,-0.11111111111111116
A,,partition,0.3|wd0.0,50,,dirichlet0.5,iid,end,fU_freq_eff_n,3,3,47.43739006850843,47.3716772086602,0.33333333333333326
A,,partition,0.3|wd0.0,50,,dirichlet0.5,iid,end,fV_ipr,3,3,0.36638552536612495,0.370373342936242,-0.5555555555555556
A,,partition,0.3|wd0.0,50,,dirichlet0.5,iid,end,fV_dc_share,3,3,0.046074865609208135,0.05320143762553008,-1.0
A,,partition,0.3|wd0.0,50,,dirichlet0.5,iid,end,fV_top1_share,3,3,0.02937762129360569,0.031368471005033594,-0.5555555555555556
A,,partition,0.3|wd0.0,50,,dirichlet0.5,iid,end,fV_nfreq90,3,3,43.0,42.0,0.33333333333333326
A,,partition,0.3|wd0.0,50,,dirichlet0.5,iid,end,fV_freq_gini,3,3,0.08212091621522943,0.09091243808765559,-0.33333333333333337
A,,partition,0.3|wd0.0,50,,dirichlet0.5,iid,end,fV_freq_eff_n,3,3,47.46720485541133,47.31693937719701,0.5555555555555556
A,,partition,0.3|wd0.0,50,,dirichlet0.5,iid,end,fout_ipr,3,3,0.3087960197923035,0.3130064822414208,0.11111111111111116
A,,partition,0.3|wd0.0,50,,dirichlet0.5,iid,end,fout_dc_share,3,3,0.00010777386173527748,0.00010649939117650124,0.33333333333333326
A,,partition,0.3|wd0.0,50,,dirichlet0.5,iid,end,fout_top1_share,3,3,0.03228069930473008,0.031186507832760765,0.11111111111111116
A,,partition,0.3|wd0.0,50,,dirichlet0.5,iid,end,fout_nfreq90,3,3,42.0,42.0,0.0
A,,partition,0.3|wd0.0,50,,dirichlet0.5,iid,end,fout_freq_gini,3,3,0.09163481660557316,0.08949511315713221,0.11111111111111116
A,,partition,0.3|wd0.0,50,,dirichlet0.5,iid,end,fout_freq_eff_n,3,3,47.34587397364555,47.351493087992836,-0.11111111111111116
A,,partition,0.3|wd0.0,50,,dirichlet0.5,iid,end,fin_uv_agree_strong,3,3,1.0,1.0,0.33333333333333326
A,,partition,0.3|wd0.0,50,,dirichlet0.5,iid,end,fin_uvw_agree_strong,3,3,1.0,1.0,0.33333333333333326
A,,partition,0.3|wd0.0,50,,dirichlet0.5,iid,end,fin_n_unique_freq_strong,3,3,48.0,48.0,0.0
A,,partition,0.3|wd0.0,50,,dirichlet0.5,iid,end,clock_share,3,3,0.9727604459763117,0.974024461057011,-1.0
A,,partition,0.3|wd0.0,50,,dirichlet0.5,iid,end,clock_nfreq90,3,3,44.0,44.0,0.0
A,,partition,0.3|wd0.0,50,,dirichlet0.5,iid,end,clock_top1_share,3,3,0.02136738719863318,0.021335390180050286,1.0
A,,partition,0.3|wd0.0,50,,dirichlet0.5,iid,end,clock_freq_gini,3,3,0.007787877681322497,0.006838319595482423,0.5555555555555556
A,,partition,0.3|wd0.0,50,,dirichlet0.5,iid,end,clock_key_jaccard_final,3,3,1.0,1.0,0.0
A,,partition,0.3|wd0.0,50,,dirichlet0.5,iid,end,clock_restricted_loss_tr,3,3,0.0008522873977199197,0.0008518833783455193,1.0
A,,partition,0.3|wd0.0,50,,dirichlet0.5,iid,end,clock_restricted_acc_tr,3,3,100.0,100.0,0.0
A,,partition,0.3|wd0.0,50,,dirichlet0.5,iid,end,clock_excluded_loss_tr,3,3,0.009329602122306824,0.009332810528576374,-0.5555555555555556
A,,partition,0.3|wd0.0,50,,dirichlet0.5,iid,end,clock_excluded_acc_tr,3,3,95.85400390625,81.89227294921875,0.33333333333333326
A,,partition,0.3|wd0.0,50,,dirichlet0.5,iid,end,clock_restricted_loss_te,3,3,0.0008524523582309484,0.000852033554110676,1.0
A,,partition,0.3|wd0.0,50,,dirichlet0.5,iid,end,clock_restricted_acc_te,3,3,100.0,100.0,0.0
A,,partition,0.3|wd0.0,50,,dirichlet0.5,iid,end,clock_excluded_loss_te,3,3,0.009762318804860115,0.009740499779582024,1.0
A,,partition,0.3|wd0.0,50,,dirichlet0.5,iid,end,clock_excluded_acc_te,3,3,56.3837890625,43.29740524291992,0.33333333333333326
A,,partition,0.3|wd0.0,50,,target,iid,memo,fn_loss_tr,3,3,0.005323381163179874,0.007039876189082861,-1.0
A,,partition,0.3|wd0.0,50,,target,iid,memo,fn_acc_tr,3,3,99.00779724121094,99.8582534790039,-1.0
A,,partition,0.3|wd0.0,50,,target,iid,memo,fn_margin_tr,3,3,0.38479071855545044,0.1821199655532837,1.0
A,,partition,0.3|wd0.0,50,,target,iid,memo,fn_entropy_tr,3,3,4.572176456451416,4.573023319244385,-1.0
A,,partition,0.3|wd0.0,50,,target,iid,memo,fn_loss_te,3,3,0.0077607156708836555,0.013662655837833881,-1.0
A,,partition,0.3|wd0.0,50,,target,iid,memo,fn_acc_te,3,3,97.99604797363281,0.21253985166549683,1.0
A,,partition,0.3|wd0.0,50,,target,iid,memo,fn_margin_te,3,3,0.22748467326164246,-0.16407829523086548,1.0
A,,partition,0.3|wd0.0,50,,target,iid,memo,fn_entropy_te,3,3,4.572259902954102,4.573047637939453,-1.0
A,,partition,0.3|wd0.0,50,,target,iid,memo,fn_gap_loss,3,3,0.002437334507703781,0.006640842650085688,-1.0
A,,partition,0.3|wd0.0,50,,target,iid,memo,fn_gap_acc,3,3,1.3357315063476562,99.60016936063766,-1.0
A,,partition,0.3|wd0.0,50,,target,iid,memo,fn_class_acc_gini,3,3,0.020915068979909135,0.8699067657829405,-1.0
A,,partition,0.3|wd0.0,50,,target,iid,memo,w_W1_fro,3,3,37.01249694824219,28.765588760375977,1.0
A,,partition,0.3|wd0.0,50,,target,iid,memo,w_W1_spec,3,3,5.3050127029418945,3.7077906131744385,1.0
A,,partition,0.3|wd0.0,50,,target,iid,memo,w_W1_stable_rank,3,3,48.67853546142578,60.19077682495117,-1.0
A,,partition,0.3|wd0.0,50,,target,iid,memo,w_W1_eff_rank,3,3,162.410567060459,170.30169940767675,-1.0
A,,partition,0.3|wd0.0,50,,target,iid,memo,w_W1_sv_gini,3,3,0.3334450073768451,0.2848550694553713,1.0
A,,partition,0.3|wd0.0,50,,target,iid,memo,w_W1_entry_gini,3,3,0.3982396595675528,0.4019943872141216,-0.5555555555555556
A,,partition,0.3|wd0.0,50,,target,iid,memo,w_W1_row_gini,3,3,0.10661679061515916,0.016309842142330888,1.0
A,,partition,0.3|wd0.0,50,,target,iid,memo,w_W1_row_pr,3,3,0.9608491053304241,0.999153033323409,-1.0
A,,partition,0.3|wd0.0,50,,target,iid,memo,w_W1_dist_init,3,3,33.262149810791016,18.456979751586914,1.0
A,,partition,0.3|wd0.0,50,,target,iid,memo,w_W1_rel_dist_init,3,3,2.075329740320572,1.150445508829253,1.0
A,,partition,0.3|wd0.0,50,,target,iid,memo,w_W1_cos_init,3,3,0.43677574396133423,0.8072580099105835,-1.0
A,,partition,0.3|wd0.0,50,,target,iid,memo,w_W2_fro,3,3,13.317533493041992,14.990998268127441,-1.0
A,,partition,0.3|wd0.0,50,,target,iid,memo,w_W2_spec,3,3,3.267583131790161,2.3813421726226807,1.0
A,,partition,0.3|wd0.0,50,,target,iid,memo,w_W2_stable_rank,3,3,16.641742706298828,39.7787971496582,-1.0
A,,partition,0.3|wd0.0,50,,target,iid,memo,w_W2_eff_rank,3,3,60.941801584759055,91.16822605895007,-1.0
A,,partition,0.3|wd0.0,50,,target,iid,memo,w_W2_sv_gini,3,3,0.5092035590822201,0.19619149280602666,1.0
A,,partition,0.3|wd0.0,50,,target,iid,memo,w_W2_entry_gini,3,3,0.45153446905005423,0.4377141028231899,1.0
A,,partition,0.3|wd0.0,50,,target,iid,memo,w_W2_row_gini,3,3,0.06479033950797541,0.0903673112080896,-1.0
A,,partition,0.3|wd0.0,50,,target,iid,memo,w_W2_row_pr,3,3,0.9821073704685963,0.975729105316051,1.0
A,,partition,0.3|wd0.0,50,,target,iid,memo,w_W2_dist_init,3,3,13.322957038879395,14.975285530090332,-1.0
A,,partition,0.3|wd0.0,50,,target,iid,memo,w_W2_rel_dist_init,3,3,21.54726515155386,24.27066455756013,-1.0
A,,partition,0.3|wd0.0,50,,target,iid,memo,w_W2_cos_init,3,3,0.01064982358366251,0.0460384301841259,-1.0
A,,partition,0.3|wd0.0,50,,target,iid,memo,w_all_norm,3,3,39.33550086984952,32.40881023195219,1.0
A,,partition,0.3|wd0.0,50,,target,iid,memo,w_all_rel_norm,3,3,2.452440835775515,2.020133670870797,1.0
A,,partition,0.3|wd0.0,50,,target,iid,memo,w_all_dist_init,3,3,35.831156753520126,23.76803059275678,1.0
A,,partition,0.3|wd0.0,50,,target,iid,memo,w_all_rel_dist_init,3,3,2.2339563516975893,1.4779371693911176,1.0
A,,partition,0.3|wd0.0,50,,target,iid,memo,w_all_cos_init,3,3,0.41051064507112933,0.7166020337882357,-1.0
A,,partition,0.3|wd0.0,50,,target,iid,memo,rep_between_within_tr,3,3,0.22671373085403404,0.10023601636588578,1.0
A,,partition,0.3|wd0.0,50,,target,iid,memo,rep_nc1_tr,3,3,11.787985354715905,4.374570707251386,1.0
A,,partition,0.3|wd0.0,50,,target,iid,memo,rep_eff_rank_te,3,3,224.6579422141495,246.24720865357844,-1.0
A,,partition,0.3|wd0.0,50,,target,iid,memo,rep_pr_te,3,3,93.95280698817184,188.45236418223496,-1.0
A,,partition,0.3|wd0.0,50,,target,iid,memo,rep_unit_gini_te,3,3,0.4498606833398917,0.06704384015677523,1.0
A,,partition,0.3|wd0.0,50,,target,iid,memo,rep_unit_pr_te,3,3,0.44885468287790214,0.9855607120556236,-1.0
A,,partition,0.3|wd0.0,50,,target,iid,memo,rep_between_within_te,3,3,0.15571630164249203,0.014157542615545702,1.0
A,,partition,0.3|wd0.0,50,,target,iid,memo,unit_interaction_share,3,3,0.5416310507631122,0.5295025903139788,0.33333333333333326
A,,partition,0.3|wd0.0,50,,target,iid,memo,unit_frac_interacting,3,3,0.578125,0.79296875,-1.0
A,,partition,0.3|wd0.0,50,,target,iid,memo,add_share_a,3,3,0.014534875234488799,0.10592879044472514,-1.0
A,,partition,0.3|wd0.0,50,,target,iid,memo,add_share_b,3,3,0.01456914803944574,0.10751661996774042,-1.0
A,,partition,0.3|wd0.0,50,,target,iid,memo,add_share_interaction,3,3,0.9701821615893453,0.7878386432078306,1.0
A,,partition,0.3|wd0.0,50,,target,iid,memo,add_acc_interaction_tr,3,3,98.93692016601562,99.39759063720703,-1.0
A,,partition,0.3|wd0.0,50,,target,iid,memo,add_acc_additive_tr,3,3,4.996456146240234,12.367115020751953,-1.0
A,,partition,0.3|wd0.0,50,,target,iid,memo,add_acc_no_a_tr,3,3,98.93692016601562,99.53933715820312,-1.0
A,,partition,0.3|wd0.0,50,,target,iid,memo,add_acc_no_b_tr,3,3,99.1495361328125,99.57476806640625,-1.0
A,,partition,0.3|wd0.0,50,,target,iid,memo,add_acc_interaction_te,3,3,98.11750793457031,1.1234248876571655,1.0
A,,partition,0.3|wd0.0,50,,target,iid,memo,add_acc_additive_te,3,3,0.25808411836624146,0.0,1.0
A,,partition,0.3|wd0.0,50,,target,iid,memo,add_acc_no_a_te,3,3,97.96569061279297,0.39471685886383057,1.0
A,,partition,0.3|wd0.0,50,,target,iid,memo,add_acc_no_b_te,3,3,98.05677795410156,0.5617124438285828,1.0
A,,partition,0.3|wd0.0,50,,target,iid,memo,circ_share_interaction_tr,3,3,0.9989455680626628,0.850530239771966,1.0
A,,partition,0.3|wd0.0,50,,target,iid,memo,circ_share_marginal_tr,3,3,0.03587222965634459,0.21067758118940216,-1.0
A,,partition,0.3|wd0.0,50,,target,iid,memo,circ_acc_interaction_tr,3,3,98.86605143547058,99.39758777618408,-1.0
A,,partition,0.3|wd0.0,50,,target,iid,memo,circ_acc_marginal_tr,3,3,4.464918375015259,12.08362877368927,-1.0
A,,partition,0.3|wd0.0,50,,target,iid,memo,circ_units_tr,3,3,85.40938568115234,247.95574951171875,-1.0
A,,partition,0.3|wd0.0,50,,target,iid,memo,circ_share_interaction_te,3,3,0.9700840067885489,0.7721771420396919,1.0
A,,partition,0.3|wd0.0,50,,target,iid,memo,circ_share_marginal_te,3,3,0.03694683024264449,0.21568025073249752,-1.0
A,,partition,0.3|wd0.0,50,,target,iid,memo,circ_acc_interaction_te,3,3,98.0112373828888,1.0323364287614822,1.0
A,,partition,0.3|wd0.0,50,,target,iid,memo,circ_acc_marginal_te,3,3,0.39471685886383057,0.0,1.0
A,,partition,0.3|wd0.0,50,,target,iid,memo,circ_units_te,3,3,85.40938568115234,247.95574951171875,-1.0
A,,partition,0.3|wd0.0,50,,target,iid,memo,sharp_lambda_max,3,3,0.019779125228524208,0.00624461006373167,1.0
A,,partition,0.3|wd0.0,50,,target,iid,memo,sharp_grad_norm,3,3,0.0003602716897148639,0.00010524438403081149,1.0
A,,partition,0.3|wd0.0,50,,target,iid,memo,sharp_lr_lambda,3,3,0.9889562614262104,0.3122305031865835,1.0
A,,partition,0.3|wd0.0,50,,target,iid,memo,unit_fourier_sum_share,3,3,0.1335789468992558,0.012937415709150999,1.0
A,,partition,0.3|wd0.0,50,,target,iid,memo,unit_fourier_diff_share,3,3,0.13357894348409893,0.012937415781028753,1.0
A,,partition,0.3|wd0.0,50,,target,iid,memo,unit_fourier_marginal_share,3,3,0.4583689428567281,0.4704974092069623,-0.33333333333333337
A,,partition,0.3|wd0.0,50,,target,iid,memo,unit_fourier_other_share,3,3,0.27248104079254665,0.5036441689298898,-1.0
A,,partition,0.3|wd0.0,50,,target,iid,memo,unit_sum_freq_concentration,3,3,0.13061543241551177,0.006676463772032749,1.0
A,,partition,0.3|wd0.0,50,,target,iid,memo,unit_n_distinct_sum_freqs,3,3,33.0,48.0,-1.0
A,,partition,0.3|wd0.0,50,,target,iid,memo,fU_ipr,3,3,0.1626644725858315,0.028276592707042254,1.0
A,,partition,0.3|wd0.0,50,,target,iid,memo,fU_dc_share,3,3,0.007191490539490272,0.005525227773116475,1.0
A,,partition,0.3|wd0.0,50,,target,iid,memo,fU_top1_share,3,3,0.043914974756834604,0.023721968400342564,1.0
A,,partition,0.3|wd0.0,50,,target,iid,memo,fU_nfreq90,3,3,36.0,43.0,-1.0
A,,partition,0.3|wd0.0,50,,target,iid,memo,fU_freq_gini,3,3,0.323584318126134,0.03949420229091927,1.0
A,,partition,0.3|wd0.0,50,,target,iid,memo,fU_freq_eff_n,3,3,40.44552301488712,47.88134685996133,-1.0
A,,partition,0.3|wd0.0,50,,target,iid,memo,fV_ipr,3,3,0.1635858735772389,0.028590865097857403,1.0
A,,partition,0.3|wd0.0,50,,target,iid,memo,fV_dc_share,3,3,0.007676338868277632,0.005285324135235218,1.0
A,,partition,0.3|wd0.0,50,,target,iid,memo,fV_top1_share,3,3,0.048569191281969855,0.025163605449742124,1.0
A,,partition,0.3|wd0.0,50,,target,iid,memo,fV_nfreq90,3,3,36.0,43.0,-1.0
A,,partition,0.3|wd0.0,50,,target,iid,memo,fV_freq_gini,3,3,0.32943692262238455,0.04914400541614605,1.0
A,,partition,0.3|wd0.0,50,,target,iid,memo,fV_freq_eff_n,3,3,40.244985681607005,47.810072651819574,-1.0
A,,partition,0.3|wd0.0,50,,target,iid,memo,fout_ipr,3,3,0.1521471342404594,0.029364239379214983,1.0
A,,partition,0.3|wd0.0,50,,target,iid,memo,fout_dc_share,3,3,0.00011041618719853132,0.00022103552020963222,-1.0
A,,partition,0.3|wd0.0,50,,target,iid,memo,fout_top1_share,3,3,0.0488799723815734,0.02399330710019338,1.0
A,,partition,0.3|wd0.0,50,,target,iid,memo,fout_nfreq90,3,3,28.0,43.0,-1.0
A,,partition,0.3|wd0.0,50,,target,iid,memo,fout_freq_gini,3,3,0.4273525660116897,0.03597803857190951,1.0
A,,partition,0.3|wd0.0,50,,target,iid,memo,fout_freq_eff_n,3,3,33.991038850417375,47.90148833028058,-1.0
A,,partition,0.3|wd0.0,50,,target,iid,memo,fin_uv_agree_strong,3,3,0.9296875,0.6484375,1.0
A,,partition,0.3|wd0.0,50,,target,iid,memo,fin_uvw_agree_strong,3,3,0.8671875,0.5625,1.0
A,,partition,0.3|wd0.0,50,,target,iid,memo,fin_n_unique_freq_strong,3,3,29.0,46.0,-1.0
A,,partition,0.3|wd0.0,50,,target,iid,memo,clock_share,3,3,0.6552096143821747,0.02523197191645007,1.0
A,,partition,0.3|wd0.0,50,,target,iid,memo,clock_nfreq90,3,3,18.0,39.0,-1.0
A,,partition,0.3|wd0.0,50,,target,iid,memo,clock_top1_share,3,3,0.06283065277492655,0.04898419266163684,1.0
A,,partition,0.3|wd0.0,50,,target,iid,memo,clock_freq_gini,3,3,0.6149546695188097,0.24978549678022377,1.0
A,,partition,0.3|wd0.0,50,,target,iid,memo,clock_key_jaccard_final,3,3,0.9,0.7872340425531915,1.0
A,,partition,0.3|wd0.0,50,,target,iid,memo,clock_restricted_loss_tr,3,3,0.00630017789080739,0.008643909357488155,-1.0
A,,partition,0.3|wd0.0,50,,target,iid,memo,clock_restricted_acc_tr,3,3,100.0,100.0,0.0
A,,partition,0.3|wd0.0,50,,target,iid,memo,clock_excluded_loss_tr,3,3,0.00885784812271595,0.00823686271905899,1.0
A,,partition,0.3|wd0.0,50,,target,iid,memo,clock_excluded_acc_tr,3,3,68.85187530517578,93.7632827758789,-1.0
A,,partition,0.3|wd0.0,50,,target,iid,memo,clock_restricted_loss_te,3,3,0.006300562992691994,0.008644107729196548,-1.0
A,,partition,0.3|wd0.0,50,,target,iid,memo,clock_restricted_acc_te,3,3,100.0,100.0,0.0
A,,partition,0.3|wd0.0,50,,target,iid,memo,clock_excluded_loss_te,3,3,0.01187236700206995,0.015395821072161198,-1.0
A,,partition,0.3|wd0.0,50,,target,iid,memo,clock_excluded_acc_te,3,3,3.673903226852417,0.0,1.0
A,,partition,0.3|wd0.0,50,,target,iid,cross,fn_loss_tr,3,3,0.005586410406976938,0.003578683128580451,1.0
A,,partition,0.3|wd0.0,50,,target,iid,cross,fn_acc_tr,3,3,97.05882263183594,100.0,-1.0
A,,partition,0.3|wd0.0,50,,target,iid,cross,fn_margin_tr,3,3,0.3593451976776123,0.542253315448761,-1.0
A,,partition,0.3|wd0.0,50,,target,iid,cross,fn_entropy_tr,3,3,4.572422504425049,4.570014476776123,1.0
A,,partition,0.3|wd0.0,50,,target,iid,cross,fn_loss_te,3,3,0.008581220172345638,0.009933441877365112,-1.0
A,,partition,0.3|wd0.0,50,,target,iid,cross,fn_acc_te,3,3,94.79277038574219,97.03961944580078,-0.33333333333333337
A,,partition,0.3|wd0.0,50,,target,iid,cross,fn_margin_te,3,3,0.1547831892967224,0.17702719569206238,-0.33333333333333337
A,,partition,0.3|wd0.0,50,,target,iid,cross,fn_entropy_te,3,3,4.572475433349609,4.570748805999756,1.0
A,,partition,0.3|wd0.0,50,,target,iid,cross,fn_gap_loss,3,3,0.0029948097653687,0.006354758748784661,-1.0
A,,partition,0.3|wd0.0,50,,target,iid,cross,fn_gap_acc,3,3,2.26605224609375,2.9603805541992188,-0.33333333333333337
A,,partition,0.3|wd0.0,50,,target,iid,cross,fn_class_acc_gini,3,3,0.04245462178304216,0.017873742458104802,0.33333333333333326
A,,partition,0.3|wd0.0,50,,target,iid,cross,w_W1_fro,3,3,37.10595703125,35.38384246826172,1.0
A,,partition,0.3|wd0.0,50,,target,iid,cross,w_W1_spec,3,3,5.589833736419678,4.708181381225586,1.0
A,,partition,0.3|wd0.0,50,,target,iid,cross,w_W1_stable_rank,3,3,44.472450256347656,56.04391098022461,-1.0
A,,partition,0.3|wd0.0,50,,target,iid,cross,w_W1_eff_rank,3,3,162.99150529858053,170.43079015433952,-1.0
A,,partition,0.3|wd0.0,50,,target,iid,cross,w_W1_sv_gini,3,3,0.3307987013417433,0.2837021635316115,1.0
A,,partition,0.3|wd0.0,50,,target,iid,cross,w_W1_entry_gini,3,3,0.39872568382684404,0.36296592365922176,1.0
A,,partition,0.3|wd0.0,50,,target,iid,cross,w_W1_row_gini,3,3,0.10649436582605132,0.0495215847212902,1.0
A,,partition,0.3|wd0.0,50,,target,iid,cross,w_W1_row_pr,3,3,0.9586278960850475,0.9904946292442721,-1.0
A,,partition,0.3|wd0.0,50,,target,iid,cross,w_W1_dist_init,3,3,32.53731155395508,31.418405532836914,1.0
A,,partition,0.3|wd0.0,50,,target,iid,cross,w_W1_rel_dist_init,3,3,2.0234358877711798,1.9534430097222524,1.0
A,,partition,0.3|wd0.0,50,,target,iid,cross,w_W1_cos_init,3,3,0.46943598985671997,0.4639821946620941,0.5555555555555556
A,,partition,0.3|wd0.0,50,,target,iid,cross,w_W2_fro,3,3,12.567180633544922,16.914134979248047,-1.0
A,,partition,0.3|wd0.0,50,,target,iid,cross,w_W2_spec,3,3,2.994415760040283,2.6178901195526123,1.0
A,,partition,0.3|wd0.0,50,,target,iid,cross,w_W2_stable_rank,3,3,17.613876342773438,42.27522277832031,-1.0
A,,partition,0.3|wd0.0,50,,target,iid,cross,w_W2_eff_rank,3,3,60.10692680536633,93.11359108491266,-1.0
A,,partition,0.3|wd0.0,50,,target,iid,cross,w_W2_sv_gini,3,3,0.514337584255677,0.1541696930619092,1.0
A,,partition,0.3|wd0.0,50,,target,iid,cross,w_W2_entry_gini,3,3,0.45207665564074095,0.4085748367835291,1.0
A,,partition,0.3|wd0.0,50,,target,iid,cross,w_W2_row_gini,3,3,0.08452632852098785,0.0750151994458883,0.5555555555555556
A,,partition,0.3|wd0.0,50,,target,iid,cross,w_W2_row_pr,3,3,0.9718949049841812,0.9829725192799066,-0.7777777777777778
A,,partition,0.3|wd0.0,50,,target,iid,cross,w_W2_dist_init,3,3,12.575599670410156,16.91455078125,-1.0
A,,partition,0.3|wd0.0,50,,target,iid,cross,w_W2_rel_dist_init,3,3,20.345043348927916,27.355962309225568,-1.0
A,,partition,0.3|wd0.0,50,,target,iid,cross,w_W2_cos_init,3,3,0.011658214963972569,0.025105999782681465,-1.0
A,,partition,0.3|wd0.0,50,,target,iid,cross,w_all_norm,3,3,39.2417886873143,39.26498512411331,-0.5555555555555556
A,,partition,0.3|wd0.0,50,,target,iid,cross,w_all_rel_norm,3,3,2.4480119560853106,2.440710042538841,0.11111111111111116
A,,partition,0.3|wd0.0,50,,target,iid,cross,w_all_dist_init,3,3,34.882980810555146,35.682183710603844,-0.7777777777777778
A,,partition,0.3|wd0.0,50,,target,iid,cross,w_all_rel_dist_init,3,3,2.1632044375435537,2.218994878526385,-1.0
A,,partition,0.3|wd0.0,50,,target,iid,cross,w_all_cos_init,3,3,0.4435059096782217,0.41877021702828526,1.0
A,,partition,0.3|wd0.0,50,,target,iid,cross,rep_between_within_tr,3,3,0.2185115085310731,0.26712094887862553,-0.7777777777777778
A,,partition,0.3|wd0.0,50,,target,iid,cross,rep_nc1_tr,3,3,12.075594137010448,1.3059200673311366,1.0
A,,partition,0.3|wd0.0,50,,target,iid,cross,rep_eff_rank_te,3,3,223.5601421348317,244.19152676233887,-1.0
A,,partition,0.3|wd0.0,50,,target,iid,cross,rep_pr_te,3,3,87.80118937591602,165.75161519859384,-1.0
A,,partition,0.3|wd0.0,50,,target,iid,cross,rep_unit_gini_te,3,3,0.46597024724944425,0.17337875567861794,1.0
A,,partition,0.3|wd0.0,50,,target,iid,cross,rep_unit_pr_te,3,3,0.3982622091352844,0.8654212475761737,-1.0
A,,partition,0.3|wd0.0,50,,target,iid,cross,rep_between_within_te,3,3,0.14235991160951506,0.16102310105084341,-0.11111111111111116
A,,partition,0.3|wd0.0,50,,target,iid,cross,unit_interaction_share,3,3,0.5389203078358449,0.6367230578710389,-1.0
A,,partition,0.3|wd0.0,50,,target,iid,cross,unit_frac_interacting,3,3,0.6484375,0.93359375,-1.0
A,,partition,0.3|wd0.0,50,,target,iid,cross,add_share_a,3,3,0.018418684301420404,0.039416638613677175,-1.0
A,,partition,0.3|wd0.0,50,,target,iid,cross,add_share_b,3,3,0.018149240302920394,0.04022630863094018,-1.0
A,,partition,0.3|wd0.0,50,,target,iid,cross,add_share_interaction,3,3,0.9630148835252043,0.9201863728947332,1.0
A,,partition,0.3|wd0.0,50,,target,iid,cross,add_acc_interaction_tr,3,3,97.05882263183594,100.0,-1.0
A,,partition,0.3|wd0.0,50,,target,iid,cross,add_acc_additive_tr,3,3,5.386250972747803,8.823529243469238,-1.0
A,,partition,0.3|wd0.0,50,,target,iid,cross,add_acc_no_a_tr,3,3,97.02338409423828,100.0,-1.0
A,,partition,0.3|wd0.0,50,,target,iid,cross,add_acc_no_b_tr,3,3,97.02338409423828,100.0,-1.0
A,,partition,0.3|wd0.0,50,,target,iid,cross,add_acc_interaction_te,3,3,95.53665924072266,98.90693664550781,-0.33333333333333337
A,,partition,0.3|wd0.0,50,,target,iid,cross,add_acc_additive_te,3,3,0.1669955998659134,0.07590708881616592,1.0
A,,partition,0.3|wd0.0,50,,target,iid,cross,add_acc_no_a_te,3,3,95.20267486572266,98.08714294433594,-0.33333333333333337
A,,partition,0.3|wd0.0,50,,target,iid,cross,add_acc_no_b_te,3,3,95.21785736083984,98.0416030883789,-0.33333333333333337
A,,partition,0.3|wd0.0,50,,target,iid,cross,circ_share_interaction_tr,3,3,0.9958620033188936,0.966463100729629,1.0
A,,partition,0.3|wd0.0,50,,target,iid,cross,circ_share_marginal_tr,3,3,0.043017580652065124,0.08691991038959862,-1.0
A,,partition,0.3|wd0.0,50,,target,iid,cross,circ_acc_interaction_tr,3,3,97.0588207244873,100.0,-1.0
A,,partition,0.3|wd0.0,50,,target,iid,cross,circ_acc_marginal_tr,3,3,4.500354453921318,8.29199105501175,-1.0
A,,partition,0.3|wd0.0,50,,target,iid,cross,circ_units_tr,3,3,94.8030014038086,121.41785430908203,-1.0
A,,partition,0.3|wd0.0,50,,target,iid,cross,circ_share_interaction_te,3,3,0.9611634264103268,0.9133894675941594,1.0
A,,partition,0.3|wd0.0,50,,target,iid,cross,circ_share_marginal_te,3,3,0.04458170566051194,0.08755595701905496,-1.0
A,,partition,0.3|wd0.0,50,,target,iid,cross,circ_acc_interaction_te,3,3,95.43039202690125,98.72475862503052,-0.33333333333333337
A,,partition,0.3|wd0.0,50,,target,iid,cross,circ_acc_marginal_te,3,3,0.33399120438843966,0.045544252498075366,1.0
A,,partition,0.3|wd0.0,50,,target,iid,cross,circ_units_te,3,3,94.8030014038086,121.41785430908203,-1.0
A,,partition,0.3|wd0.0,50,,target,iid,cross,sharp_lambda_max,3,3,0.02037177048623562,0.014379789121448994,1.0
A,,partition,0.3|wd0.0,50,,target,iid,cross,sharp_grad_norm,3,3,0.00036102812737226486,0.00010835452121682465,1.0
A,,partition,0.3|wd0.0,50,,target,iid,cross,sharp_lr_lambda,3,3,1.018588524311781,0.7189894560724497,1.0
A,,partition,0.3|wd0.0,50,,target,iid,cross,unit_fourier_sum_share,3,3,0.12394762201067729,0.14229689205957294,-0.11111111111111116
A,,partition,0.3|wd0.0,50,,target,iid,cross,unit_fourier_diff_share,3,3,0.12394762591019443,0.14229689011270188,-0.11111111111111116
A,,partition,0.3|wd0.0,50,,target,iid,cross,unit_fourier_marginal_share,3,3,0.461079688901246,0.36327694070482963,1.0
A,,partition,0.3|wd0.0,50,,target,iid,cross,unit_fourier_other_share,3,3,0.29102506317788235,0.35212927712289555,-1.0
A,,partition,0.3|wd0.0,50,,target,iid,cross,unit_sum_freq_concentration,3,3,0.12074294700168896,0.13820850168987253,-0.11111111111111116
A,,partition,0.3|wd0.0,50,,target,iid,cross,unit_n_distinct_sum_freqs,3,3,32.0,48.0,-1.0
A,,partition,0.3|wd0.0,50,,target,iid,cross,fU_ipr,3,3,0.14585677342008208,0.15794344691492496,-0.5555555555555556
A,,partition,0.3|wd0.0,50,,target,iid,cross,fU_dc_share,3,3,0.006287099257632311,0.005481806306056259,1.0
A,,partition,0.3|wd0.0,50,,target,iid,cross,fU_top1_share,3,3,0.04651831111828143,0.027271284172503945,1.0
A,,partition,0.3|wd0.0,50,,target,iid,cross,fU_nfreq90,3,3,37.0,42.0,-1.0
A,,partition,0.3|wd0.0,50,,target,iid,cross,fU_freq_gini,3,3,0.31793050105706677,0.09799363322680033,1.0
A,,partition,0.3|wd0.0,50,,target,iid,cross,fU_freq_eff_n,3,3,40.79330454030354,47.28686005253566,-1.0
A,,partition,0.3|wd0.0,50,,target,iid,cross,fV_ipr,3,3,0.14630230868740463,0.1571173556642737,-0.5555555555555556
A,,partition,0.3|wd0.0,50,,target,iid,cross,fV_dc_share,3,3,0.006753774984056771,0.004734687119701602,1.0
A,,partition,0.3|wd0.0,50,,target,iid,cross,fV_top1_share,3,3,0.04907360868255782,0.027744512101874976,1.0
A,,partition,0.3|wd0.0,50,,target,iid,cross,fV_nfreq90,3,3,37.0,42.0,-1.0
A,,partition,0.3|wd0.0,50,,target,iid,cross,fV_freq_gini,3,3,0.3250134199216015,0.09799111649814662,1.0
A,,partition,0.3|wd0.0,50,,target,iid,cross,fV_freq_eff_n,3,3,40.5197478140395,47.292070406266845,-1.0
A,,partition,0.3|wd0.0,50,,target,iid,cross,fout_ipr,3,3,0.13860654325453955,0.15810894993662983,-0.5555555555555556
A,,partition,0.3|wd0.0,50,,target,iid,cross,fout_dc_share,3,3,0.00011331881730132898,7.559260824234775e-05,1.0
A,,partition,0.3|wd0.0,50,,target,iid,cross,fout_top1_share,3,3,0.04650280307550848,0.02461908597627094,1.0
A,,partition,0.3|wd0.0,50,,target,iid,cross,fout_nfreq90,3,3,28.0,43.0,-1.0
A,,partition,0.3|wd0.0,50,,target,iid,cross,fout_freq_gini,3,3,0.4167887268075381,0.03258692900028359,1.0
A,,partition,0.3|wd0.0,50,,target,iid,cross,fout_freq_eff_n,3,3,34.55710930378524,47.92007324735744,-1.0
A,,partition,0.3|wd0.0,50,,target,iid,cross,fin_uv_agree_strong,3,3,0.9296875,0.9453125,-0.5555555555555556
A,,partition,0.3|wd0.0,50,,target,iid,cross,fin_uvw_agree_strong,3,3,0.8828125,0.921875,-0.5555555555555556
A,,partition,0.3|wd0.0,50,,target,iid,cross,fin_n_unique_freq_strong,3,3,29.0,47.0,-1.0
A,,partition,0.3|wd0.0,50,,target,iid,cross,clock_share,3,3,0.575827480953877,0.36316839731299105,1.0
A,,partition,0.3|wd0.0,50,,target,iid,cross,clock_nfreq90,3,3,16.0,31.0,-1.0
A,,partition,0.3|wd0.0,50,,target,iid,cross,clock_top1_share,3,3,0.07662064137980211,0.06278867926281319,0.7777777777777777
A,,partition,0.3|wd0.0,50,,target,iid,cross,clock_freq_gini,3,3,0.6714656432861821,0.4639646065235412,1.0
A,,partition,0.3|wd0.0,50,,target,iid,cross,clock_key_jaccard_final,3,3,0.8421052631578947,0.6222222222222222,1.0
A,,partition,0.3|wd0.0,50,,target,iid,cross,clock_restricted_loss_tr,3,3,0.00654186774045229,0.0038894128520041704,1.0
A,,partition,0.3|wd0.0,50,,target,iid,cross,clock_restricted_acc_tr,3,3,100.0,100.0,0.0
A,,partition,0.3|wd0.0,50,,target,iid,cross,clock_excluded_loss_tr,3,3,0.008745547384023666,0.008504797704517841,1.0
A,,partition,0.3|wd0.0,50,,target,iid,cross,clock_excluded_acc_tr,3,3,75.69099426269531,88.37703704833984,-1.0
A,,partition,0.3|wd0.0,50,,target,iid,cross,clock_restricted_loss_te,3,3,0.006542272865772247,0.003889658721163869,1.0
A,,partition,0.3|wd0.0,50,,target,iid,cross,clock_restricted_acc_te,3,3,100.0,100.0,0.0
A,,partition,0.3|wd0.0,50,,target,iid,cross,clock_excluded_loss_te,3,3,0.012457756325602531,0.01684199832379818,-1.0
A,,partition,0.3|wd0.0,50,,target,iid,cross,clock_excluded_acc_te,3,3,1.6092302799224854,0.546531081199646,1.0
A,,partition,0.3|wd0.0,50,,target,iid,end,fn_loss_tr,3,3,0.004921603947877884,7.756567356409505e-05,1.0
A,,partition,0.3|wd0.0,50,,target,iid,end,fn_acc_tr,3,3,100.0,100.0,0.0
A,,partition,0.3|wd0.0,50,,target,iid,end,fn_margin_tr,3,3,0.420889675617218,0.971973180770874,-1.0
A,,partition,0.3|wd0.0,50,,target,iid,end,fn_entropy_tr,3,3,4.571816921234131,4.5648980140686035,1.0
A,,partition,0.3|wd0.0,50,,target,iid,end,fn_loss_te,3,3,0.006913236808031797,0.0003482797765173018,1.0
A,,partition,0.3|wd0.0,50,,target,iid,end,fn_acc_te,3,3,100.0,100.0,-0.33333333333333337
A,,partition,0.3|wd0.0,50,,target,iid,end,fn_margin_te,3,3,0.306583046913147,0.9467601180076599,-1.0
A,,partition,0.3|wd0.0,50,,target,iid,end,fn_entropy_te,3,3,4.571887969970703,4.564980983734131,1.0
A,,partition,0.3|wd0.0,50,,target,iid,end,fn_gap_loss,3,3,0.0019916328601539135,0.00027071410295320675,1.0
A,,partition,0.3|wd0.0,50,,target,iid,end,fn_gap_acc,3,3,0.0,0.0,0.33333333333333326
A,,partition,0.3|wd0.0,50,,target,iid,end,fn_class_acc_gini,3,3,0.0,0.0,0.33333333333333326
A,,partition,0.3|wd0.0,50,,target,iid,end,w_W1_fro,3,3,36.93516540527344,41.094322204589844,-1.0
A,,partition,0.3|wd0.0,50,,target,iid,end,w_W1_spec,3,3,5.150125980377197,9.30357551574707,-1.0
A,,partition,0.3|wd0.0,50,,target,iid,end,w_W1_stable_rank,3,3,51.43502426147461,19.135042190551758,1.0
A,,partition,0.3|wd0.0,50,,target,iid,end,w_W1_eff_rank,3,3,162.31593750721413,164.27231701812653,-1.0
A,,partition,0.3|wd0.0,50,,target,iid,end,w_W1_sv_gini,3,3,0.3336529123237737,0.319793464224307,1.0
A,,partition,0.3|wd0.0,50,,target,iid,end,w_W1_entry_gini,3,3,0.4006249363798928,0.4090644841337281,-0.33333333333333337
A,,partition,0.3|wd0.0,50,,target,iid,end,w_W1_row_gini,3,3,0.10726475251402023,0.10234432470962673,1.0
A,,partition,0.3|wd0.0,50,,target,iid,end,w_W1_row_pr,3,3,0.9630050383823101,0.9674252868157375,-1.0
A,,partition,0.3|wd0.0,50,,target,iid,end,w_W1_dist_init,3,3,34.12981414794922,40.85980987548828,-1.0
A,,partition,0.3|wd0.0,50,,target,iid,end,w_W1_rel_dist_init,3,3,2.133359657340447,2.5509217210664414,-1.0
A,,partition,0.3|wd0.0,50,,target,iid,end,w_W1_cos_init,3,3,0.3834494352340698,0.20823641121387482,1.0
A,,partition,0.3|wd0.0,50,,target,iid,end,w_W2_fro,3,3,14.197701454162598,19.84955406188965,-1.0
A,,partition,0.3|wd0.0,50,,target,iid,end,w_W2_spec,3,3,3.6435177326202393,3.1408867835998535,1.0
A,,partition,0.3|wd0.0,50,,target,iid,end,w_W2_stable_rank,3,3,14.960481643676758,39.93960189819336,-1.0
A,,partition,0.3|wd0.0,50,,target,iid,end,w_W2_eff_rank,3,3,63.47046222720856,91.81709251995025,-1.0
A,,partition,0.3|wd0.0,50,,target,iid,end,w_W2_sv_gini,3,3,0.49283833201872684,0.18128693461256074,1.0
A,,partition,0.3|wd0.0,50,,target,iid,end,w_W2_entry_gini,3,3,0.4532612827744138,0.4064240675311732,1.0
A,,partition,0.3|wd0.0,50,,target,iid,end,w_W2_row_gini,3,3,0.04949639988110688,0.015895653094486262,1.0
A,,partition,0.3|wd0.0,50,,target,iid,end,w_W2_row_pr,3,3,0.9911607340136274,0.9991959586544912,-1.0
A,,partition,0.3|wd0.0,50,,target,iid,end,w_W2_dist_init,3,3,14.204174995422363,19.853044509887695,-1.0
A,,partition,0.3|wd0.0,50,,target,iid,end,w_W2_rel_dist_init,3,3,22.97246204369507,32.108398523825876,-1.0
A,,partition,0.3|wd0.0,50,,target,iid,end,w_W2_cos_init,3,3,0.010665505193173885,0.009929722175002098,0.11111111111111116
A,,partition,0.3|wd0.0,50,,target,iid,end,w_all_norm,3,3,39.56995286952511,45.54390481151759,-1.0
A,,partition,0.3|wd0.0,50,,target,iid,end,w_all_rel_norm,3,3,2.4670581571599834,2.845503973551635,-1.0
A,,partition,0.3|wd0.0,50,,target,iid,end,w_all_dist_init,3,3,37.02521319905344,45.334446718198585,-1.0
A,,partition,0.3|wd0.0,50,,target,iid,end,w_all_rel_dist_init,3,3,2.3084018963707327,2.833657196514988,-1.0
A,,partition,0.3|wd0.0,50,,target,iid,end,w_all_cos_init,3,3,0.3582479936450322,0.18753796194313785,1.0
A,,partition,0.3|wd0.0,50,,target,iid,end,rep_between_within_tr,3,3,0.24145762526763426,0.3487375996010678,-1.0
A,,partition,0.3|wd0.0,50,,target,iid,end,rep_nc1_tr,3,3,10.903691872436998,0.8319945308141345,1.0
A,,partition,0.3|wd0.0,50,,target,iid,end,rep_eff_rank_te,3,3,224.83337910493162,224.6592707611899,0.33333333333333326
A,,partition,0.3|wd0.0,50,,target,iid,end,rep_pr_te,3,3,102.86250099083784,110.74438773980101,-0.5555555555555556
A,,partition,0.3|wd0.0,50,,target,iid,end,rep_unit_gini_te,3,3,0.42050040926482013,0.3002784036427273,1.0
A,,partition,0.3|wd0.0,50,,target,iid,end,rep_unit_pr_te,3,3,0.5172782497803489,0.6932723385673798,-0.5555555555555556
A,,partition,0.3|wd0.0,50,,target,iid,end,rep_between_within_te,3,3,0.18043445956509024,0.3185906601524827,-1.0
A,,partition,0.3|wd0.0,50,,target,iid,end,unit_interaction_share,3,3,0.5379313602488295,0.508742192741134,0.5555555555555556
A,,partition,0.3|wd0.0,50,,target,iid,end,unit_frac_interacting,3,3,0.48046875,0.578125,-1.0
A,,partition,0.3|wd0.0,50,,target,iid,end,add_share_a,3,3,0.009599479990129592,0.0015760618978146968,1.0
A,,partition,0.3|wd0.0,50,,target,iid,end,add_share_b,3,3,0.0093525678568007,0.001648999221571822,1.0
A,,partition,0.3|wd0.0,50,,target,iid,end,add_share_interaction,3,3,0.9806984934786275,0.9965640484923218,-1.0
A,,partition,0.3|wd0.0,50,,target,iid,end,add_acc_interaction_tr,3,3,100.0,100.0,0.0
A,,partition,0.3|wd0.0,50,,target,iid,end,add_acc_additive_tr,3,3,4.500354290008545,1.771793007850647,1.0
A,,partition,0.3|wd0.0,50,,target,iid,end,add_acc_no_a_tr,3,3,100.0,100.0,0.0
A,,partition,0.3|wd0.0,50,,target,iid,end,add_acc_no_b_tr,3,3,100.0,100.0,0.0
A,,partition,0.3|wd0.0,50,,target,iid,end,add_acc_interaction_te,3,3,100.0,100.0,-0.33333333333333337
A,,partition,0.3|wd0.0,50,,target,iid,end,add_acc_additive_te,3,3,0.3491726219654083,1.108243465423584,-1.0
A,,partition,0.3|wd0.0,50,,target,iid,end,add_acc_no_a_te,3,3,100.0,100.0,-0.33333333333333337
A,,partition,0.3|wd0.0,50,,target,iid,end,add_acc_no_b_te,3,3,100.0,100.0,-0.33333333333333337
A,,partition,0.3|wd0.0,50,,target,iid,end,circ_share_interaction_tr,3,3,1.00414233281725,1.067340838148281,-1.0
A,,partition,0.3|wd0.0,50,,target,iid,end,circ_share_marginal_tr,3,3,0.026666769942081694,0.07172687791444735,-1.0
A,,partition,0.3|wd0.0,50,,target,iid,end,circ_acc_interaction_tr,3,3,100.0,100.0,0.0
A,,partition,0.3|wd0.0,50,,target,iid,end,circ_acc_marginal_tr,3,3,3.8625087589025497,1.4528702944517136,1.0
A,,partition,0.3|wd0.0,50,,target,iid,end,circ_units_tr,3,3,82.98538208007812,74.42505645751953,1.0
A,,partition,0.3|wd0.0,50,,target,iid,end,circ_share_interaction_te,3,3,0.9831642518347569,1.0572318978131696,-1.0
A,,partition,0.3|wd0.0,50,,target,iid,end,circ_share_marginal_te,3,3,0.027233814876376886,0.07053442881177129,-1.0
A,,partition,0.3|wd0.0,50,,target,iid,end,circ_acc_interaction_te,3,3,100.0,100.0,-0.33333333333333337
A,,partition,0.3|wd0.0,50,,target,iid,end,circ_acc_marginal_te,3,3,0.4402611404657364,1.3207833282649517,-1.0
A,,partition,0.3|wd0.0,50,,target,iid,end,circ_units_te,3,3,82.98538208007812,74.42505645751953,1.0
A,,partition,0.3|wd0.0,50,,target,iid,end,sharp_lambda_max,3,3,0.019400563091039658,0.031045963987708092,-1.0
A,,partition,0.3|wd0.0,50,,target,iid,end,sharp_grad_norm,3,3,0.00035923998802900314,2.9247883503558114e-05,1.0
A,,partition,0.3|wd0.0,50,,target,iid,end,sharp_lr_lambda,3,3,0.9700281545519829,1.5522981993854046,-1.0
A,,partition,0.3|wd0.0,50,,target,iid,end,unit_fourier_sum_share,3,3,0.15076155656624673,0.23831013650929614,-1.0
A,,partition,0.3|wd0.0,50,,target,iid,end,unit_fourier_diff_share,3,3,0.15076155829184207,0.23831013855459923,-1.0
A,,partition,0.3|wd0.0,50,,target,iid,end,unit_fourier_marginal_share,3,3,0.462068636723058,0.49125780211953723,-0.5555555555555556
A,,partition,0.3|wd0.0,50,,target,iid,end,unit_fourier_other_share,3,3,0.23640824841885322,0.03212192281656745,1.0
A,,partition,0.3|wd0.0,50,,target,iid,end,unit_sum_freq_concentration,3,3,0.1482782855695116,0.23806821522424224,-1.0
A,,partition,0.3|wd0.0,50,,target,iid,end,unit_n_distinct_sum_freqs,3,3,37.0,48.0,-1.0
A,,partition,0.3|wd0.0,50,,target,iid,end,fU_ipr,3,3,0.19087331483984665,0.37229114802763585,-1.0
A,,partition,0.3|wd0.0,50,,target,iid,end,fU_dc_share,3,3,0.009468482317879055,0.049378725021049695,-1.0
A,,partition,0.3|wd0.0,50,,target,iid,end,fU_top1_share,3,3,0.044615885355733576,0.030723901368125837,1.0
A,,partition,0.3|wd0.0,50,,target,iid,end,fU_nfreq90,3,3,35.0,42.0,-1.0
A,,partition,0.3|wd0.0,50,,target,iid,end,fU_freq_gini,3,3,0.3295300995747523,0.090987317196362,1.0
A,,partition,0.3|wd0.0,50,,target,iid,end,fU_freq_eff_n,3,3,40.04358728503111,47.3716772086602,-1.0
A,,partition,0.3|wd0.0,50,,target,iid,end,fV_ipr,3,3,0.19249043114293513,0.370373342936242,-1.0
A,,partition,0.3|wd0.0,50,,target,iid,end,fV_dc_share,3,3,0.009232260850534668,0.05320143762553008,-1.0
A,,partition,0.3|wd0.0,50,,target,iid,end,fV_top1_share,3,3,0.04647758931450756,0.031368471005033594,1.0
A,,partition,0.3|wd0.0,50,,target,iid,end,fV_nfreq90,3,3,35.0,42.0,-1.0
A,,partition,0.3|wd0.0,50,,target,iid,end,fV_freq_gini,3,3,0.32454360077497735,0.09091243808765559,1.0
A,,partition,0.3|wd0.0,50,,target,iid,end,fV_freq_eff_n,3,3,40.31202502461669,47.31693937719701,-1.0
A,,partition,0.3|wd0.0,50,,target,iid,end,fout_ipr,3,3,0.17959068941144143,0.3130064822414208,-1.0
A,,partition,0.3|wd0.0,50,,target,iid,end,fout_dc_share,3,3,0.00011057081058419045,0.00010649939117650124,0.11111111111111116
A,,partition,0.3|wd0.0,50,,target,iid,end,fout_top1_share,3,3,0.0615565136657924,0.031186507832760765,1.0
A,,partition,0.3|wd0.0,50,,target,iid,end,fout_nfreq90,3,3,28.0,42.0,-1.0
A,,partition,0.3|wd0.0,50,,target,iid,end,fout_freq_gini,3,3,0.4406488322061519,0.08949511315713221,1.0
A,,partition,0.3|wd0.0,50,,target,iid,end,fout_freq_eff_n,3,3,33.330441239386296,47.351493087992836,-1.0
A,,partition,0.3|wd0.0,50,,target,iid,end,fin_uv_agree_strong,3,3,0.921875,1.0,-1.0
A,,partition,0.3|wd0.0,50,,target,iid,end,fin_uvw_agree_strong,3,3,0.8828125,1.0,-1.0
A,,partition,0.3|wd0.0,50,,target,iid,end,fin_n_unique_freq_strong,3,3,30.0,48.0,-1.0
A,,partition,0.3|wd0.0,50,,target,iid,end,clock_share,3,3,0.7363025755514457,0.974024461057011,-1.0
A,,partition,0.3|wd0.0,50,,target,iid,end,clock_nfreq90,3,3,19.0,44.0,-1.0
A,,partition,0.3|wd0.0,50,,target,iid,end,clock_top1_share,3,3,0.05274032534029102,0.021335390180050286,1.0
A,,partition,0.3|wd0.0,50,,target,iid,end,clock_freq_gini,3,3,0.5697435815146237,0.006838319595482423,1.0
A,,partition,0.3|wd0.0,50,,target,iid,end,clock_key_jaccard_final,3,3,1.0,1.0,0.0
A,,partition,0.3|wd0.0,50,,target,iid,end,clock_restricted_loss_tr,3,3,0.006195086520165205,0.0008518833783455193,1.0
A,,partition,0.3|wd0.0,50,,target,iid,end,clock_restricted_acc_tr,3,3,100.0,100.0,0.0
A,,partition,0.3|wd0.0,50,,target,iid,end,clock_excluded_loss_tr,3,3,0.008792338892817497,0.009332810528576374,-1.0
A,,partition,0.3|wd0.0,50,,target,iid,end,clock_excluded_acc_tr,3,3,75.8327407836914,81.89227294921875,-1.0
A,,partition,0.3|wd0.0,50,,target,iid,end,clock_restricted_loss_te,3,3,0.00619549909606576,0.000852033554110676,1.0
A,,partition,0.3|wd0.0,50,,target,iid,end,clock_restricted_acc_te,3,3,100.0,100.0,0.0
A,,partition,0.3|wd0.0,50,,target,iid,end,clock_excluded_loss_te,3,3,0.011118218302726746,0.009740499779582024,1.0
A,,partition,0.3|wd0.0,50,,target,iid,end,clock_excluded_acc_te,3,3,11.49233341217041,43.29740524291992,-1.0
A',,partition,0.2|wd0.1,10,,operand,iid,cross,fn_loss_tr,2,3,0.004082756815478206,0.0033117816783487797,
A',,partition,0.2|wd0.1,10,,operand,iid,cross,fn_acc_tr,2,3,100.0,100.0,
A',,partition,0.2|wd0.1,10,,operand,iid,cross,fn_margin_tr,2,3,0.48504479229450226,0.5763362646102905,
A',,partition,0.2|wd0.1,10,,operand,iid,cross,fn_entropy_tr,2,3,4.570695161819458,4.569557189941406,
A',,partition,0.2|wd0.1,10,,operand,iid,cross,fn_loss_te,2,3,0.010282022412866354,0.012471993453800678,
A',,partition,0.2|wd0.1,10,,operand,iid,cross,fn_acc_te,2,3,95.8355484008789,85.08235931396484,
A',,partition,0.2|wd0.1,10,,operand,iid,cross,fn_margin_te,2,3,0.20005148649215698,0.12145489454269409,
A',,partition,0.2|wd0.1,10,,operand,iid,cross,fn_entropy_te,2,3,4.570483446121216,4.569608688354492,
A',,partition,0.2|wd0.1,10,,operand,iid,cross,fn_gap_loss,2,3,0.006199265597388148,0.009160211775451899,
A',,partition,0.2|wd0.1,10,,operand,iid,cross,fn_gap_acc,2,3,4.164451599121094,14.917640686035156,
A',,partition,0.2|wd0.1,10,,operand,iid,cross,fn_class_acc_gini,2,3,0.028506561527293917,0.07512215717267656,
A',,partition,0.2|wd0.1,10,,operand,iid,cross,w_W1_fro,2,3,55.54960060119629,63.1179313659668,
A',,partition,0.2|wd0.1,10,,operand,iid,cross,w_W1_spec,2,3,10.63628625869751,9.898859024047852,
A',,partition,0.2|wd0.1,10,,operand,iid,cross,w_W1_stable_rank,2,3,27.341925621032715,40.65839767456055,
A',,partition,0.2|wd0.1,10,,operand,iid,cross,w_W1_eff_rank,2,3,131.6308672643146,169.92150430565874,
A',,partition,0.2|wd0.1,10,,operand,iid,cross,w_W1_sv_gini,2,3,0.47865987775048235,0.2876140957602693,
A',,partition,0.2|wd0.1,10,,operand,iid,cross,w_W1_entry_gini,2,3,0.5472817516112976,0.3687607773578907,
A',,partition,0.2|wd0.1,10,,operand,iid,cross,w_W1_row_gini,2,3,0.10806405363184035,0.07631025829212046,
A',,partition,0.2|wd0.1,10,,operand,iid,cross,w_W1_row_pr,2,3,0.964336589249909,0.9818997069845186,
A',,partition,0.2|wd0.1,10,,operand,iid,cross,w_W1_dist_init,2,3,57.6413459777832,62.543819427490234,
A',,partition,0.2|wd0.1,10,,operand,iid,cross,w_W1_rel_dist_init,2,3,3.601634026239998,3.895926871622625,
A',,partition,0.2|wd0.1,10,,operand,iid,cross,w_W1_cos_init,2,3,0.010911183431744576,0.1639459878206253,
A',,partition,0.2|wd0.1,10,,operand,iid,cross,w_W2_fro,2,3,26.625075340270996,6.764009952545166,
A',,partition,0.2|wd0.1,10,,operand,iid,cross,w_W2_spec,2,3,8.42507791519165,1.3619390726089478,
A',,partition,0.2|wd0.1,10,,operand,iid,cross,w_W2_stable_rank,2,3,10.005959033966064,24.349750518798828,
A',,partition,0.2|wd0.1,10,,operand,iid,cross,w_W2_eff_rank,2,3,87.8889866148698,89.85349715346986,
A',,partition,0.2|wd0.1,10,,operand,iid,cross,w_W2_sv_gini,2,3,0.246344068484749,0.2190402043839983,
A',,partition,0.2|wd0.1,10,,operand,iid,cross,w_W2_entry_gini,2,3,0.42661446109128953,0.4452049247529195,
A',,partition,0.2|wd0.1,10,,operand,iid,cross,w_W2_row_gini,2,3,0.06908906546603055,0.09148273188301381,
A',,partition,0.2|wd0.1,10,,operand,iid,cross,w_W2_row_pr,2,3,0.9848203476041897,0.9742514312189943,
A',,partition,0.2|wd0.1,10,,operand,iid,cross,w_W2_dist_init,2,3,26.629924774169922,6.779959201812744,
A',,partition,0.2|wd0.1,10,,operand,iid,cross,w_W2_rel_dist_init,2,3,43.14001777007567,10.968746420053947,
A',,partition,0.2|wd0.1,10,,operand,iid,cross,w_W2_cos_init,2,3,0.0037466023059096187,0.0337795726954937,
A',,partition,0.2|wd0.1,10,,operand,iid,cross,w_all_norm,2,3,61.60614505895708,63.47932805691176,
A',,partition,0.2|wd0.1,10,,operand,iid,cross,w_all_rel_norm,2,3,3.8465354278650157,3.9533238963554265,
A',,partition,0.2|wd0.1,10,,operand,iid,cross,w_all_dist_init,2,3,63.50030237599328,62.91023124545601,
A',,partition,0.2|wd0.1,10,,operand,iid,cross,w_all_rel_dist_init,2,3,3.9648069525568976,3.9166064061936603,
A',,partition,0.2|wd0.1,10,,operand,iid,cross,w_all_cos_init,2,3,0.009904370268006463,0.16302294512017437,
A',,partition,0.2|wd0.1,10,,operand,iid,cross,rep_between_within_tr,2,3,0.10892883703615912,0.2559608389391634,
A',,partition,0.2|wd0.1,10,,operand,iid,cross,rep_nc1_tr,2,3,11.049003297312316,1.334642085836483,
A',,partition,0.2|wd0.1,10,,operand,iid,cross,rep_eff_rank_te,2,3,163.52753524680088,238.9778126940427,
A',,partition,0.2|wd0.1,10,,operand,iid,cross,rep_pr_te,2,3,60.853908188376764,156.9434090807407,
A',,partition,0.2|wd0.1,10,,operand,iid,cross,rep_unit_gini_te,2,3,0.36974389992243784,0.28663228664302776,
A',,partition,0.2|wd0.1,10,,operand,iid,cross,rep_unit_pr_te,2,3,0.6190003868505722,0.7381286881340192,
A',,partition,0.2|wd0.1,10,,operand,iid,cross,rep_between_within_te,2,3,0.04343358197964736,0.09867024355588727,
A',,partition,0.2|wd0.1,10,,operand,iid,cross,unit_interaction_share,2,3,0.1232422765626772,0.6162961348074323,
A',,partition,0.2|wd0.1,10,,operand,iid,cross,unit_frac_interacting,2,3,0.0078125,0.9375,
A',,partition,0.2|wd0.1,10,,operand,iid,cross,add_share_a,2,3,0.016034594157062803,0.05899782164400473,
A',,partition,0.2|wd0.1,10,,operand,iid,cross,add_share_b,2,3,0.0649942887260207,0.06084749950849954,
A',,partition,0.2|wd0.1,10,,operand,iid,cross,add_share_interaction,2,3,0.9163236408759611,0.8674802450500374,
A',,partition,0.2|wd0.1,10,,operand,iid,cross,add_acc_interaction_tr,2,3,100.0,100.0,
A',,partition,0.2|wd0.1,10,,operand,iid,cross,add_acc_additive_tr,2,3,6.060606241226196,11.217437744140625,
A',,partition,0.2|wd0.1,10,,operand,iid,cross,add_acc_no_a_tr,2,3,100.0,100.0,
A',,partition,0.2|wd0.1,10,,operand,iid,cross,add_acc_no_b_tr,2,3,100.0,100.0,
A',,partition,0.2|wd0.1,10,,operand,iid,cross,add_acc_interaction_te,2,3,97.93437957763672,92.90647888183594,
A',,partition,0.2|wd0.1,10,,operand,iid,cross,add_acc_additive_te,2,3,0.17268863320350647,0.13283739984035492,
A',,partition,0.2|wd0.1,10,,operand,iid,cross,add_acc_no_a_te,2,3,96.1477165222168,88.50956726074219,
A',,partition,0.2|wd0.1,10,,operand,iid,cross,add_acc_no_b_te,2,3,97.38973999023438,89.04090881347656,
A',,partition,0.2|wd0.1,10,,operand,iid,cross,circ_share_interaction_tr,2,3,1.9830399065752693,1.0147090386269655,
A',,partition,0.2|wd0.1,10,,operand,iid,cross,circ_share_marginal_tr,2,3,1.1136927855143308,0.2211502461863487,
A',,partition,0.2|wd0.1,10,,operand,iid,cross,circ_acc_interaction_tr,2,3,99.36203956604004,100.0,
A',,partition,0.2|wd0.1,10,,operand,iid,cross,circ_acc_marginal_tr,2,3,2.286018058657646,8.559276908636093,
A',,partition,0.2|wd0.1,10,,operand,iid,cross,circ_units_tr,2,3,148.20132446289062,174.20138549804688,
A',,partition,0.2|wd0.1,10,,operand,iid,cross,circ_share_interaction_te,2,3,1.6658661820404324,0.8937377054924489,
A',,partition,0.2|wd0.1,10,,operand,iid,cross,circ_share_marginal_te,2,3,0.8717301123806421,0.1764962437865735,
A',,partition,0.2|wd0.1,10,,operand,iid,cross,circ_acc_interaction_te,2,3,83.80047678947449,91.55154228210449,
A',,partition,0.2|wd0.1,10,,operand,iid,cross,circ_acc_marginal_te,2,3,0.7837407058104873,0.22582358215004206,
A',,partition,0.2|wd0.1,10,,operand,iid,cross,circ_units_te,2,3,148.20132446289062,174.20138549804688,
A',,partition,0.2|wd0.1,10,,operand,iid,cross,sharp_lambda_max,2,3,0.08982976153492928,0.13683608174324036,
A',,partition,0.2|wd0.1,10,,operand,iid,cross,sharp_grad_norm,2,3,0.00171690306160599,0.005841423757374287,
A',,partition,0.2|wd0.1,10,,operand,iid,cross,sharp_lr_lambda,2,3,8.982976153492928e-05,0.00013683608174324037,
A',,partition,0.2|wd0.1,10,,operand,iid,cross,unit_fourier_sum_share,2,3,0.041662682161090425,0.09435296660736928,
A',,partition,0.2|wd0.1,10,,operand,iid,cross,unit_fourier_diff_share,2,3,0.04166268188671736,0.09435296355920898,
A',,partition,0.2|wd0.1,10,,operand,iid,cross,unit_fourier_marginal_share,2,3,0.8767577232860597,0.38370386745012863,
A',,partition,0.2|wd0.1,10,,operand,iid,cross,unit_fourier_other_share,2,3,0.039916912666132454,0.42759020238329315,
A',,partition,0.2|wd0.1,10,,operand,iid,cross,unit_sum_freq_concentration,2,3,0.04155135814906889,0.09072738032563574,
A',,partition,0.2|wd0.1,10,,operand,iid,cross,unit_n_distinct_sum_freqs,2,3,48.0,48.0,
A',,partition,0.2|wd0.1,10,,operand,iid,cross,fU_ipr,2,3,0.32582568530816663,0.13373680424503856,
A',,partition,0.2|wd0.1,10,,operand,iid,cross,fU_dc_share,2,3,0.29487289948044404,0.021623484119687026,
A',,partition,0.2|wd0.1,10,,operand,iid,cross,fU_top1_share,2,3,0.049669930475168246,0.027894580521039047,
A',,partition,0.2|wd0.1,10,,operand,iid,cross,fU_nfreq90,2,3,35.0,43.0,
A',,partition,0.2|wd0.1,10,,operand,iid,cross,fU_freq_gini,2,3,0.3175289781504034,0.07018921609745776,
A',,partition,0.2|wd0.1,10,,operand,iid,cross,fU_freq_eff_n,2,3,40.718731651790186,47.640348579582245,
A',,partition,0.2|wd0.1,10,,operand,iid,cross,fV_ipr,2,3,0.11532990055752859,0.13200260976035735,
A',,partition,0.2|wd0.1,10,,operand,iid,cross,fV_dc_share,2,3,0.0180962939775454,0.02235533556222019,
A',,partition,0.2|wd0.1,10,,operand,iid,cross,fV_top1_share,2,3,0.02811069351615338,0.026471200242361857,
A',,partition,0.2|wd0.1,10,,operand,iid,cross,fV_nfreq90,2,3,42.0,43.0,
A',,partition,0.2|wd0.1,10,,operand,iid,cross,fV_freq_gini,2,3,0.08907484505341401,0.06582149625541844,
A',,partition,0.2|wd0.1,10,,operand,iid,cross,fV_freq_eff_n,2,3,47.38406100781288,47.6545395753878,
A',,partition,0.2|wd0.1,10,,operand,iid,cross,fout_ipr,2,3,0.1422455028433957,0.14484002181216815,
A',,partition,0.2|wd0.1,10,,operand,iid,cross,fout_dc_share,2,3,0.0837694538861158,0.00018488037126557864,
A',,partition,0.2|wd0.1,10,,operand,iid,cross,fout_top1_share,2,3,0.0318453967846095,0.045188790916845134,
A',,partition,0.2|wd0.1,10,,operand,iid,cross,fout_nfreq90,2,3,41.0,41.0,
A',,partition,0.2|wd0.1,10,,operand,iid,cross,fout_freq_gini,2,3,0.15117114674136645,0.1503025426688489,
A',,partition,0.2|wd0.1,10,,operand,iid,cross,fout_freq_eff_n,2,3,46.32136122975672,46.107448432095374,
A',,partition,0.2|wd0.1,10,,operand,iid,cross,fin_uv_agree_strong,2,3,0.78515625,0.8359375,
A',,partition,0.2|wd0.1,10,,operand,iid,cross,fin_uvw_agree_strong,2,3,0.74609375,0.8203125,
A',,partition,0.2|wd0.1,10,,operand,iid,cross,fin_n_unique_freq_strong,2,3,46.5,48.0,
A',,partition,0.2|wd0.1,10,,operand,iid,cross,clock_share,2,3,0.32265726714087833,0.252910744671007,
A',,partition,0.2|wd0.1,10,,operand,iid,cross,clock_nfreq90,2,3,30.0,29.0,
A',,partition,0.2|wd0.1,10,,operand,iid,cross,clock_top1_share,2,3,0.0585226669599067,0.06687088318255326,
A',,partition,0.2|wd0.1,10,,operand,iid,cross,clock_freq_gini,2,3,0.4328158394857655,0.4831485708715697,
A',,partition,0.2|wd0.1,10,,operand,iid,cross,clock_key_jaccard_final,2,3,1.0,0.5319148936170213,
A',,partition,0.2|wd0.1,10,,operand,iid,cross,clock_restricted_loss_tr,2,3,0.005086549324914813,0.004586830735206604,
A',,partition,0.2|wd0.1,10,,operand,iid,cross,clock_restricted_acc_tr,2,3,100.0,100.0,
A',,partition,0.2|wd0.1,10,,operand,iid,cross,clock_excluded_loss_tr,2,3,0.008462898898869753,0.007506588473916054,
A',,partition,0.2|wd0.1,10,,operand,iid,cross,clock_excluded_acc_tr,2,3,88.06485748291016,96.06591796875,
A',,partition,0.2|wd0.1,10,,operand,iid,cross,clock_restricted_loss_te,2,3,0.005406053038313985,0.004586971364915371,
A',,partition,0.2|wd0.1,10,,operand,iid,cross,clock_restricted_acc_te,2,3,100.0,100.0,
A',,partition,0.2|wd0.1,10,,operand,iid,cross,clock_excluded_loss_te,2,3,0.015623516868799925,0.01866980455815792,
A',,partition,0.2|wd0.1,10,,operand,iid,cross,clock_excluded_acc_te,2,3,7.990170001983643,1.4877790212631226,
A',,partition,0.2|wd0.1,10,,operand,iid,end,fn_loss_tr,3,3,0.004161089658737183,0.0005594317917712033,1.0
A',,partition,0.2|wd0.1,10,,operand,iid,end,fn_acc_tr,3,3,100.0,100.0,0.0
A',,partition,0.2|wd0.1,10,,operand,iid,end,fn_margin_tr,3,3,0.4761338531970978,0.8947666883468628,-1.0
A',,partition,0.2|wd0.1,10,,operand,iid,end,fn_entropy_tr,3,3,4.570771217346191,4.565828800201416,1.0
A',,partition,0.2|wd0.1,10,,operand,iid,end,fn_loss_te,3,3,0.010383868589997292,0.0015588533133268356,1.0
A',,partition,0.2|wd0.1,10,,operand,iid,end,fn_acc_te,3,3,95.47024536132812,100.0,-1.0
A',,partition,0.2|wd0.1,10,,operand,iid,end,fn_margin_te,3,3,0.1897045075893402,0.8263139128684998,-1.0
A',,partition,0.2|wd0.1,10,,operand,iid,end,fn_entropy_te,3,3,4.570446491241455,4.56618595123291,1.0
A',,partition,0.2|wd0.1,10,,operand,iid,end,fn_gap_loss,3,3,0.006222778931260109,0.0009994215215556324,1.0
A',,partition,0.2|wd0.1,10,,operand,iid,end,fn_gap_acc,3,3,4.529754638671875,0.0,1.0
A',,partition,0.2|wd0.1,10,,operand,iid,end,fn_class_acc_gini,3,3,0.02918054201627407,0.0,1.0
A',,partition,0.2|wd0.1,10,,operand,iid,end,w_W1_fro,3,3,54.664737701416016,56.605533599853516,-0.5555555555555556
A',,partition,0.2|wd0.1,10,,operand,iid,end,w_W1_spec,3,3,10.219565391540527,10.744462966918945,-0.5555555555555556
A',,partition,0.2|wd0.1,10,,operand,iid,end,w_W1_stable_rank,3,3,28.61337661743164,26.588642120361328,0.33333333333333326
A',,partition,0.2|wd0.1,10,,operand,iid,end,w_W1_eff_rank,3,3,131.70793708164393,169.6077411630284,-1.0
A',,partition,0.2|wd0.1,10,,operand,iid,end,w_W1_sv_gini,3,3,0.47809573600167043,0.2863304276227565,1.0
A',,partition,0.2|wd0.1,10,,operand,iid,end,w_W1_entry_gini,3,3,0.5434244698489663,0.42160628622384877,1.0
A',,partition,0.2|wd0.1,10,,operand,iid,end,w_W1_row_gini,3,3,0.11052029782707762,0.13005697251697668,-0.33333333333333337
A',,partition,0.2|wd0.1,10,,operand,iid,end,w_W1_row_pr,3,3,0.9631099415829081,0.9381469106434206,0.33333333333333326
A',,partition,0.2|wd0.1,10,,operand,iid,end,w_W1_dist_init,3,3,56.81072998046875,57.952613830566406,-0.33333333333333337
A',,partition,0.2|wd0.1,10,,operand,iid,end,w_W1_rel_dist_init,3,3,3.5550191463781577,3.596468758966356,-0.33333333333333337
A',,partition,0.2|wd0.1,10,,operand,iid,end,w_W1_cos_init,3,3,0.009242890402674675,0.06581884622573853,-1.0
A',,partition,0.2|wd0.1,10,,operand,iid,end,w_W2_fro,3,3,27.104778289794922,9.982903480529785,1.0
A',,partition,0.2|wd0.1,10,,operand,iid,end,w_W2_spec,3,3,8.743314743041992,1.6111043691635132,1.0
A',,partition,0.2|wd0.1,10,,operand,iid,end,w_W2_stable_rank,3,3,9.610477447509766,37.79695510864258,-1.0
A',,partition,0.2|wd0.1,10,,operand,iid,end,w_W2_eff_rank,3,3,87.73198181364596,93.50547002086842,-1.0
A',,partition,0.2|wd0.1,10,,operand,iid,end,w_W2_sv_gini,3,3,0.2490010328522856,0.14318358623374228,1.0
A',,partition,0.2|wd0.1,10,,operand,iid,end,w_W2_entry_gini,3,3,0.42664553598938193,0.46725674911405823,-1.0
A',,partition,0.2|wd0.1,10,,operand,iid,end,w_W2_row_gini,3,3,0.06187014648808975,0.016247942585625008,1.0
A',,partition,0.2|wd0.1,10,,operand,iid,end,w_W2_row_pr,3,3,0.9879825797553567,0.9991837957664824,-1.0
A',,partition,0.2|wd0.1,10,,operand,iid,end,w_W2_dist_init,3,3,27.107023239135742,9.988590240478516,1.0
A',,partition,0.2|wd0.1,10,,operand,iid,end,w_W2_rel_dist_init,3,3,43.98297781471768,16.207162958158857,1.0
A',,partition,0.2|wd0.1,10,,operand,iid,end,w_W2_cos_init,3,3,0.006868853699415922,0.021639984101057053,-1.0
A',,partition,0.2|wd0.1,10,,operand,iid,end,w_all_norm,3,3,61.01559271287588,57.46558065545127,0.5555555555555556
A',,partition,0.2|wd0.1,10,,operand,iid,end,w_all_rel_norm,3,3,3.815308600428351,3.563623182175837,0.5555555555555556
A',,partition,0.2|wd0.1,10,,operand,iid,end,w_all_dist_init,3,3,62.94640378767302,58.79489534938596,0.5555555555555556
A',,partition,0.2|wd0.1,10,,operand,iid,end,w_all_rel_dist_init,3,3,3.936042330478986,3.646058208598271,0.5555555555555556
A',,partition,0.2|wd0.1,10,,operand,iid,end,w_all_cos_init,3,3,0.00840695662270742,0.06494141613596258,-1.0
A',,partition,0.2|wd0.1,10,,operand,iid,end,rep_between_within_tr,3,3,0.11163284941579302,0.21650827514015997,-1.0
A',,partition,0.2|wd0.1,10,,operand,iid,end,rep_nc1_tr,3,3,10.940752739912488,2.0868945476751395,1.0
A',,partition,0.2|wd0.1,10,,operand,iid,end,rep_eff_rank_te,3,3,163.8295371086495,207.78911825550384,-1.0
A',,partition,0.2|wd0.1,10,,operand,iid,end,rep_pr_te,3,3,59.523438800509616,69.35035791601588,-0.33333333333333337
A',,partition,0.2|wd0.1,10,,operand,iid,end,rep_unit_gini_te,3,3,0.3794644073748761,0.5360772750023735,-1.0
A',,partition,0.2|wd0.1,10,,operand,iid,end,rep_unit_pr_te,3,3,0.6122274390536318,0.3778800946274365,1.0
A',,partition,0.2|wd0.1,10,,operand,iid,end,rep_between_within_te,3,3,0.045085491493835776,0.1786118282423378,-1.0
A',,partition,0.2|wd0.1,10,,operand,iid,end,unit_interaction_share,3,3,0.12535683094209302,0.38796533115830456,-1.0
A',,partition,0.2|wd0.1,10,,operand,iid,end,unit_frac_interacting,3,3,0.01171875,0.5803921818733215,-1.0
A',,partition,0.2|wd0.1,10,,operand,iid,end,add_share_a,3,3,0.01619423394190176,0.00976656126896646,1.0
A',,partition,0.2|wd0.1,10,,operand,iid,end,add_share_b,3,3,0.06588370401131824,0.011076505843232356,1.0
A',,partition,0.2|wd0.1,10,,operand,iid,end,add_share_interaction,3,3,0.9149217914187012,0.9604088075029591,-1.0
A',,partition,0.2|wd0.1,10,,operand,iid,end,add_acc_interaction_tr,3,3,100.0,100.0,0.0
A',,partition,0.2|wd0.1,10,,operand,iid,end,add_acc_additive_tr,3,3,6.751728057861328,3.4024455547332764,1.0
A',,partition,0.2|wd0.1,10,,operand,iid,end,add_acc_no_a_tr,3,3,100.0,100.0,0.0
A',,partition,0.2|wd0.1,10,,operand,iid,end,add_acc_no_b_tr,3,3,100.0,100.0,0.0
A',,partition,0.2|wd0.1,10,,operand,iid,end,add_acc_interaction_te,3,3,97.7948989868164,100.0,-1.0
A',,partition,0.2|wd0.1,10,,operand,iid,end,add_acc_additive_te,3,3,0.17268863320350647,0.8368756771087646,-1.0
A',,partition,0.2|wd0.1,10,,operand,iid,end,add_acc_no_a_te,3,3,95.88204193115234,100.0,-1.0
A',,partition,0.2|wd0.1,10,,operand,iid,end,add_acc_no_b_te,3,3,97.34324645996094,100.0,-1.0
A',,partition,0.2|wd0.1,10,,operand,iid,end,circ_share_interaction_tr,3,3,1.8964255646253523,1.1294930546560815,1.0
A',,partition,0.2|wd0.1,10,,operand,iid,end,circ_share_marginal_tr,3,3,1.0244153438185064,0.18029275643435488,1.0
A',,partition,0.2|wd0.1,10,,operand,iid,end,circ_acc_interaction_tr,3,3,99.41520094871521,100.0,-0.6666666666666667
A',,partition,0.2|wd0.1,10,,operand,iid,end,circ_acc_marginal_tr,3,3,2.604997344315052,2.179691568017006,0.22222222222222232
A',,partition,0.2|wd0.1,10,,operand,iid,end,circ_units_tr,3,3,152.96609497070312,158.6063232421875,-0.33333333333333337
A',,partition,0.2|wd0.1,10,,operand,iid,end,circ_share_interaction_te,3,3,1.6118807267694553,1.0893589627421338,1.0
A',,partition,0.2|wd0.1,10,,operand,iid,end,circ_share_marginal_te,3,3,0.8091981571737522,0.1777858607722467,1.0
A',,partition,0.2|wd0.1,10,,operand,iid,end,circ_acc_interaction_te,3,3,83.32890272140503,100.0,-1.0
A',,partition,0.2|wd0.1,10,,operand,iid,end,circ_acc_marginal_te,3,3,0.757173215970397,1.408076472580433,-1.0
A',,partition,0.2|wd0.1,10,,operand,iid,end,circ_units_te,3,3,152.96609497070312,158.6063232421875,-0.33333333333333337
A',,partition,0.2|wd0.1,10,,operand,iid,end,sharp_lambda_max,3,3,0.08314120769500732,0.11369512230157852,-0.7777777777777778
A',,partition,0.2|wd0.1,10,,operand,iid,end,sharp_grad_norm,3,3,0.001534844283014536,0.006215767934918404,-1.0
A',,partition,0.2|wd0.1,10,,operand,iid,end,sharp_lr_lambda,3,3,8.314120769500732e-05,0.00011369512230157852,-0.7777777777777778
A',,partition,0.2|wd0.1,10,,operand,iid,end,unit_fourier_sum_share,3,3,0.043313885351655916,0.14731973086169817,-1.0
A',,partition,0.2|wd0.1,10,,operand,iid,end,unit_fourier_diff_share,3,3,0.0433138857383435,0.14731973528702574,-1.0
A',,partition,0.2|wd0.1,10,,operand,iid,end,unit_fourier_marginal_share,3,3,0.874643166835916,0.612034668210685,1.0
A',,partition,0.2|wd0.1,10,,operand,iid,end,unit_fourier_other_share,3,3,0.041104763258180355,0.08812246143812241,-0.7777777777777778
A',,partition,0.2|wd0.1,10,,operand,iid,end,unit_sum_freq_concentration,3,3,0.04320682049154209,0.14678842760669983,-1.0
A',,partition,0.2|wd0.1,10,,operand,iid,end,unit_n_distinct_sum_freqs,3,3,48.0,48.0,0.0
A',,partition,0.2|wd0.1,10,,operand,iid,end,fU_ipr,3,3,0.3094964930088038,0.2984385581855717,0.11111111111111116
A',,partition,0.2|wd0.1,10,,operand,iid,end,fU_dc_share,3,3,0.285950322836329,0.06309072453268748,1.0
A',,partition,0.2|wd0.1,10,,operand,iid,end,fU_top1_share,3,3,0.05136117943540843,0.033352264166224735,1.0
A',,partition,0.2|wd0.1,10,,operand,iid,end,fU_nfreq90,3,3,35.0,42.0,-1.0
A',,partition,0.2|wd0.1,10,,operand,iid,end,fU_freq_gini,3,3,0.3117148772501377,0.11564012591856199,1.0
A',,partition,0.2|wd0.1,10,,operand,iid,end,fU_freq_eff_n,3,3,41.043387383650526,46.9808804108667,-1.0
A',,partition,0.2|wd0.1,10,,operand,iid,end,fV_ipr,3,3,0.1122324513855135,0.2927342391014449,-1.0
A',,partition,0.2|wd0.1,10,,operand,iid,end,fV_dc_share,3,3,0.01666977124894283,0.052366847993765134,-1.0
A',,partition,0.2|wd0.1,10,,operand,iid,end,fV_top1_share,3,3,0.028260505747285797,0.03415017820198071,-1.0
A',,partition,0.2|wd0.1,10,,operand,iid,end,fV_nfreq90,3,3,42.0,42.0,-0.33333333333333337
A',,partition,0.2|wd0.1,10,,operand,iid,end,fV_freq_gini,3,3,0.09404918264209616,0.11353043224947701,-0.7777777777777778
A',,partition,0.2|wd0.1,10,,operand,iid,end,fV_freq_eff_n,3,3,47.303564944061996,47.03114632240178,1.0
A',,partition,0.2|wd0.1,10,,operand,iid,end,fout_ipr,3,3,0.14504125146158375,0.3010752936762879,-1.0
A',,partition,0.2|wd0.1,10,,operand,iid,end,fout_dc_share,3,3,0.0914612151322551,0.0001226649917395339,1.0
A',,partition,0.2|wd0.1,10,,operand,iid,end,fout_top1_share,3,3,0.03161155172672587,0.03759517502023054,-1.0
A',,partition,0.2|wd0.1,10,,operand,iid,end,fout_nfreq90,3,3,41.0,41.0,0.33333333333333326
A',,partition,0.2|wd0.1,10,,operand,iid,end,fout_freq_gini,3,3,0.15781142890086453,0.14919841494303876,-0.11111111111111116
A',,partition,0.2|wd0.1,10,,operand,iid,end,fout_freq_eff_n,3,3,46.16594003950515,46.2901486213076,0.11111111111111116
A',,partition,0.2|wd0.1,10,,operand,iid,end,fin_uv_agree_strong,3,3,0.7734375,1.0,-1.0
A',,partition,0.2|wd0.1,10,,operand,iid,end,fin_uvw_agree_strong,3,3,0.7421875,1.0,-1.0
A',,partition,0.2|wd0.1,10,,operand,iid,end,fin_n_unique_freq_strong,3,3,47.0,46.0,0.11111111111111116
A',,partition,0.2|wd0.1,10,,operand,iid,end,clock_share,3,3,0.3176539860299431,0.8706004897803178,-1.0
A',,partition,0.2|wd0.1,10,,operand,iid,end,clock_nfreq90,3,3,30.0,43.0,-1.0
A',,partition,0.2|wd0.1,10,,operand,iid,end,clock_top1_share,3,3,0.059611665581058675,0.022753458499397056,1.0
A',,partition,0.2|wd0.1,10,,operand,iid,end,clock_freq_gini,3,3,0.43355496194665655,0.03068427446950972,1.0
A',,partition,0.2|wd0.1,10,,operand,iid,end,clock_key_jaccard_final,3,3,1.0,1.0,0.0
A',,partition,0.2|wd0.1,10,,operand,iid,end,clock_restricted_loss_tr,3,3,0.005121749825775623,0.0011332143330946565,0.33333333333333326
A',,partition,0.2|wd0.1,10,,operand,iid,end,clock_restricted_acc_tr,3,3,100.0,100.0,0.0
A',,partition,0.2|wd0.1,10,,operand,iid,end,clock_excluded_loss_tr,3,3,0.008419877849519253,0.009149782359600067,-0.33333333333333337
A',,partition,0.2|wd0.1,10,,operand,iid,end,clock_excluded_acc_tr,3,3,88.99520874023438,93.56725311279297,-0.33333333333333337
A',,partition,0.2|wd0.1,10,,operand,iid,end,clock_restricted_loss_te,3,3,0.005485293455421925,0.0011345479870215058,0.5555555555555556
A',,partition,0.2|wd0.1,10,,operand,iid,end,clock_restricted_acc_te,3,3,100.0,100.0,0.0
A',,partition,0.2|wd0.1,10,,operand,iid,end,clock_excluded_loss_te,3,3,0.015692085027694702,0.010361507534980774,1.0
A',,partition,0.2|wd0.1,10,,operand,iid,end,clock_excluded_acc_te,3,3,7.837407112121582,41.697662353515625,-1.0
A',,partition,0.2|wd0.1,10,,dirichlet0.5,iid,cross,fn_loss_tr,3,3,0.002854275284335017,0.0033117816783487797,-0.33333333333333337
A',,partition,0.2|wd0.1,10,,dirichlet0.5,iid,cross,fn_acc_tr,3,3,100.0,100.0,0.0
A',,partition,0.2|wd0.1,10,,dirichlet0.5,iid,cross,fn_margin_tr,3,3,0.6274107098579407,0.5763362646102905,0.33333333333333326
A',,partition,0.2|wd0.1,10,,dirichlet0.5,iid,cross,fn_entropy_tr,3,3,4.569070816040039,4.569557189941406,-0.33333333333333337
A',,partition,0.2|wd0.1,10,,dirichlet0.5,iid,cross,fn_loss_te,3,3,0.010613866150379181,0.012471993453800678,-0.33333333333333337
A',,partition,0.2|wd0.1,10,,dirichlet0.5,iid,cross,fn_acc_te,3,3,97.2635498046875,85.08235931396484,0.33333333333333326
A',,partition,0.2|wd0.1,10,,dirichlet0.5,iid,cross,fn_margin_te,3,3,0.23993170261383057,0.12145489454269409,0.33333333333333326
A',,partition,0.2|wd0.1,10,,dirichlet0.5,iid,cross,fn_entropy_te,3,3,4.569537162780762,4.569608688354492,-0.5555555555555556
A',,partition,0.2|wd0.1,10,,dirichlet0.5,iid,cross,fn_gap_loss,3,3,0.007759590866044164,0.009160211775451899,-0.33333333333333337
A',,partition,0.2|wd0.1,10,,dirichlet0.5,iid,cross,fn_gap_acc,3,3,2.7364501953125,14.917640686035156,-0.33333333333333337
A',,partition,0.2|wd0.1,10,,dirichlet0.5,iid,cross,fn_class_acc_gini,3,3,0.019145656127922184,0.07512215717267656,-0.33333333333333337
A',,partition,0.2|wd0.1,10,,dirichlet0.5,iid,cross,w_W1_fro,3,3,62.22732162475586,63.1179313659668,-0.5555555555555556
A',,partition,0.2|wd0.1,10,,dirichlet0.5,iid,cross,w_W1_spec,3,3,10.225038528442383,9.898859024047852,0.5555555555555556
A',,partition,0.2|wd0.1,10,,dirichlet0.5,iid,cross,w_W1_stable_rank,3,3,38.472469329833984,40.65839767456055,-0.5555555555555556
A',,partition,0.2|wd0.1,10,,dirichlet0.5,iid,cross,w_W1_eff_rank,3,3,169.87847032093887,169.92150430565874,-0.11111111111111116
A',,partition,0.2|wd0.1,10,,dirichlet0.5,iid,cross,w_W1_sv_gini,3,3,0.28668408509480425,0.2876140957602693,-0.33333333333333337
A',,partition,0.2|wd0.1,10,,dirichlet0.5,iid,cross,w_W1_entry_gini,3,3,0.36929014926770165,0.3687607773578907,0.11111111111111116
A',,partition,0.2|wd0.1,10,,dirichlet0.5,iid,cross,w_W1_row_gini,3,3,0.07258326495353074,0.07631025829212046,-0.33333333333333337
A',,partition,0.2|wd0.1,10,,dirichlet0.5,iid,cross,w_W1_row_pr,3,3,0.9827230003461177,0.9818997069845186,0.33333333333333326
A',,partition,0.2|wd0.1,10,,dirichlet0.5,iid,cross,w_W1_dist_init,3,3,62.47331237792969,62.543819427490234,0.11111111111111116
A',,partition,0.2|wd0.1,10,,dirichlet0.5,iid,cross,w_W1_rel_dist_init,3,3,3.9093639831341433,3.895926871622625,0.33333333333333326
A',,partition,0.2|wd0.1,10,,dirichlet0.5,iid,cross,w_W1_cos_init,3,3,0.11298024654388428,0.1639459878206253,-1.0
A',,partition,0.2|wd0.1,10,,dirichlet0.5,iid,cross,w_W2_fro,3,3,7.118966579437256,6.764009952545166,0.33333333333333326
A',,partition,0.2|wd0.1,10,,dirichlet0.5,iid,cross,w_W2_spec,3,3,1.4468616247177124,1.3619390726089478,0.33333333333333326
A',,partition,0.2|wd0.1,10,,dirichlet0.5,iid,cross,w_W2_stable_rank,3,3,24.40388298034668,24.349750518798828,0.33333333333333326
A',,partition,0.2|wd0.1,10,,dirichlet0.5,iid,cross,w_W2_eff_rank,3,3,90.55955491464928,89.85349715346986,0.33333333333333326
A',,partition,0.2|wd0.1,10,,dirichlet0.5,iid,cross,w_W2_sv_gini,3,3,0.2086669350935828,0.2190402043839983,-0.33333333333333337
A',,partition,0.2|wd0.1,10,,dirichlet0.5,iid,cross,w_W2_entry_gini,3,3,0.4419714688041285,0.4452049247529195,-0.11111111111111116
A',,partition,0.2|wd0.1,10,,dirichlet0.5,iid,cross,w_W2_row_gini,3,3,0.0777352456177074,0.09148273188301381,-0.7777777777777778
A',,partition,0.2|wd0.1,10,,dirichlet0.5,iid,cross,w_W2_row_pr,3,3,0.9812649909153227,0.9742514312189943,0.7777777777777777
A',,partition,0.2|wd0.1,10,,dirichlet0.5,iid,cross,w_W2_dist_init,3,3,7.131204128265381,6.779959201812744,0.33333333333333326
A',,partition,0.2|wd0.1,10,,dirichlet0.5,iid,cross,w_W2_rel_dist_init,3,3,11.57086081340297,10.968746420053947,0.33333333333333326
A',,partition,0.2|wd0.1,10,,dirichlet0.5,iid,cross,w_W2_cos_init,3,3,0.02341313660144806,0.0337795726954937,-0.5555555555555556
A',,partition,0.2|wd0.1,10,,dirichlet0.5,iid,cross,w_all_norm,3,3,62.633211970566805,63.47932805691176,-0.5555555555555556
A',,partition,0.2|wd0.1,10,,dirichlet0.5,iid,cross,w_all_rel_norm,3,3,3.916458427737729,3.9533238963554265,-0.5555555555555556
A',,partition,0.2|wd0.1,10,,dirichlet0.5,iid,cross,w_all_dist_init,3,3,62.94957495569903,62.91023124545601,0.33333333333333326
A',,partition,0.2|wd0.1,10,,dirichlet0.5,iid,cross,w_all_rel_dist_init,3,3,3.931017762334674,3.9166064061936603,0.33333333333333326
A',,partition,0.2|wd0.1,10,,dirichlet0.5,iid,cross,w_all_cos_init,3,3,0.11226725338311196,0.16302294512017437,-1.0
A',,partition,0.2|wd0.1,10,,dirichlet0.5,iid,cross,rep_between_within_tr,3,3,0.24528396730463028,0.2559608389391634,-0.33333333333333337
A',,partition,0.2|wd0.1,10,,dirichlet0.5,iid,cross,rep_nc1_tr,3,3,1.3686422658243054,1.334642085836483,0.11111111111111116
A',,partition,0.2|wd0.1,10,,dirichlet0.5,iid,cross,rep_eff_rank_te,3,3,238.47204168550806,238.9778126940427,-0.5555555555555556
A',,partition,0.2|wd0.1,10,,dirichlet0.5,iid,cross,rep_pr_te,3,3,153.2471057001885,156.9434090807407,-0.5555555555555556
A',,partition,0.2|wd0.1,10,,dirichlet0.5,iid,cross,rep_unit_gini_te,3,3,0.28920889260194005,0.28663228664302776,0.5555555555555556
A',,partition,0.2|wd0.1,10,,dirichlet0.5,iid,cross,rep_unit_pr_te,3,3,0.735647630603193,0.7381286881340192,-0.5555555555555556
A',,partition,0.2|wd0.1,10,,dirichlet0.5,iid,cross,rep_between_within_te,3,3,0.10446281009487181,0.09867024355588727,0.11111111111111116
A',,partition,0.2|wd0.1,10,,dirichlet0.5,iid,cross,unit_interaction_share,3,3,0.6015127885739372,0.6162961348074323,-0.5555555555555556
A',,partition,0.2|wd0.1,10,,dirichlet0.5,iid,cross,unit_frac_interacting,3,3,0.85546875,0.9375,-0.6666666666666667
A',,partition,0.2|wd0.1,10,,dirichlet0.5,iid,cross,add_share_a,3,3,0.05112824275997997,0.05899782164400473,-0.33333333333333337
A',,partition,0.2|wd0.1,10,,dirichlet0.5,iid,cross,add_share_b,3,3,0.05221055286412434,0.06084749950849954,-0.33333333333333337
A',,partition,0.2|wd0.1,10,,dirichlet0.5,iid,cross,add_share_interaction,3,3,0.8902594986567549,0.8674802450500374,0.5555555555555556
A',,partition,0.2|wd0.1,10,,dirichlet0.5,iid,cross,add_acc_interaction_tr,3,3,100.0,100.0,0.0
A',,partition,0.2|wd0.1,10,,dirichlet0.5,iid,cross,add_acc_additive_tr,3,3,10.154173851013184,11.217437744140625,-0.33333333333333337
A',,partition,0.2|wd0.1,10,,dirichlet0.5,iid,cross,add_acc_no_a_tr,3,3,100.0,100.0,0.0
A',,partition,0.2|wd0.1,10,,dirichlet0.5,iid,cross,add_acc_no_b_tr,3,3,100.0,100.0,0.0
A',,partition,0.2|wd0.1,10,,dirichlet0.5,iid,cross,add_acc_interaction_te,3,3,99.0967025756836,92.90647888183594,0.33333333333333326
A',,partition,0.2|wd0.1,10,,dirichlet0.5,iid,cross,add_acc_additive_te,3,3,0.21253985166549683,0.13283739984035492,0.33333333333333326
A',,partition,0.2|wd0.1,10,,dirichlet0.5,iid,cross,add_acc_no_a_te,3,3,98.0871353149414,88.50956726074219,0.33333333333333326
A',,partition,0.2|wd0.1,10,,dirichlet0.5,iid,cross,add_acc_no_b_te,3,3,98.16683959960938,89.04090881347656,0.33333333333333326
A',,partition,0.2|wd0.1,10,,dirichlet0.5,iid,cross,circ_share_interaction_tr,3,3,1.039780869093461,1.0147090386269655,0.7777777777777777
A',,partition,0.2|wd0.1,10,,dirichlet0.5,iid,cross,circ_share_marginal_tr,3,3,0.2045500347569698,0.2211502461863487,-0.11111111111111116
A',,partition,0.2|wd0.1,10,,dirichlet0.5,iid,cross,circ_acc_interaction_tr,3,3,100.0,100.0,0.0
A',,partition,0.2|wd0.1,10,,dirichlet0.5,iid,cross,circ_acc_marginal_tr,3,3,6.698564440011978,8.559276908636093,-0.33333333333333337
A',,partition,0.2|wd0.1,10,,dirichlet0.5,iid,cross,circ_units_tr,3,3,163.76055908203125,174.20138549804688,-0.33333333333333337
A',,partition,0.2|wd0.1,10,,dirichlet0.5,iid,cross,circ_share_interaction_te,3,3,0.931041986064518,0.8937377054924489,0.7777777777777777
A',,partition,0.2|wd0.1,10,,dirichlet0.5,iid,cross,circ_share_marginal_te,3,3,0.17091427302195805,0.1764962437865735,-0.33333333333333337
A',,partition,0.2|wd0.1,10,,dirichlet0.5,iid,cross,circ_acc_interaction_te,3,3,98.56535196304321,91.55154228210449,0.33333333333333326
A',,partition,0.2|wd0.1,10,,dirichlet0.5,iid,cross,circ_acc_marginal_te,3,3,0.31880978494882584,0.22582358215004206,0.4444444444444444
A',,partition,0.2|wd0.1,10,,dirichlet0.5,iid,cross,circ_units_te,3,3,163.76055908203125,174.20138549804688,-0.33333333333333337
A',,partition,0.2|wd0.1,10,,dirichlet0.5,iid,cross,sharp_lambda_max,3,3,0.12973259389400482,0.13683608174324036,-0.5555555555555556
A',,partition,0.2|wd0.1,10,,dirichlet0.5,iid,cross,sharp_grad_norm,3,3,0.00434054946526885,0.005841423757374287,-1.0
A',,partition,0.2|wd0.1,10,,dirichlet0.5,iid,cross,sharp_lr_lambda,3,3,0.00012973259389400483,0.00013683608174324037,-0.5555555555555556
A',,partition,0.2|wd0.1,10,,dirichlet0.5,iid,cross,unit_fourier_sum_share,3,3,0.0983404509276541,0.09435296660736928,0.11111111111111116
A',,partition,0.2|wd0.1,10,,dirichlet0.5,iid,cross,unit_fourier_diff_share,3,3,0.09834045120029461,0.09435296355920898,0.11111111111111116
A',,partition,0.2|wd0.1,10,,dirichlet0.5,iid,cross,unit_fourier_marginal_share,3,3,0.3984872136915655,0.38370386745012863,0.5555555555555556
A',,partition,0.2|wd0.1,10,,dirichlet0.5,iid,cross,unit_fourier_other_share,3,3,0.4048318841804859,0.42759020238329315,-0.5555555555555556
A',,partition,0.2|wd0.1,10,,dirichlet0.5,iid,cross,unit_sum_freq_concentration,3,3,0.09486395507230588,0.09072738032563574,0.11111111111111116
A',,partition,0.2|wd0.1,10,,dirichlet0.5,iid,cross,unit_n_distinct_sum_freqs,3,3,48.0,48.0,0.0
A',,partition,0.2|wd0.1,10,,dirichlet0.5,iid,cross,fU_ipr,3,3,0.15798155050791224,0.13373680424503856,0.33333333333333326
A',,partition,0.2|wd0.1,10,,dirichlet0.5,iid,cross,fU_dc_share,3,3,0.02718586111408476,0.021623484119687026,0.5555555555555556
A',,partition,0.2|wd0.1,10,,dirichlet0.5,iid,cross,fU_top1_share,3,3,0.027488852375391726,0.027894580521039047,-0.11111111111111116
A',,partition,0.2|wd0.1,10,,dirichlet0.5,iid,cross,fU_nfreq90,3,3,43.0,43.0,0.0
A',,partition,0.2|wd0.1,10,,dirichlet0.5,iid,cross,fU_freq_gini,3,3,0.05998563599617657,0.07018921609745776,-0.33333333333333337
A',,partition,0.2|wd0.1,10,,dirichlet0.5,iid,cross,fU_freq_eff_n,3,3,47.72229720956776,47.640348579582245,0.33333333333333326
A',,partition,0.2|wd0.1,10,,dirichlet0.5,iid,cross,fV_ipr,3,3,0.15712943513675393,0.13200260976035735,0.33333333333333326
A',,partition,0.2|wd0.1,10,,dirichlet0.5,iid,cross,fV_dc_share,3,3,0.023315270049938417,0.02235533556222019,0.5555555555555556
A',,partition,0.2|wd0.1,10,,dirichlet0.5,iid,cross,fV_top1_share,3,3,0.026852216797400304,0.026471200242361857,0.11111111111111116
A',,partition,0.2|wd0.1,10,,dirichlet0.5,iid,cross,fV_nfreq90,3,3,43.0,43.0,0.33333333333333326
A',,partition,0.2|wd0.1,10,,dirichlet0.5,iid,cross,fV_freq_gini,3,3,0.059660212662912215,0.06582149625541844,0.11111111111111116
A',,partition,0.2|wd0.1,10,,dirichlet0.5,iid,cross,fV_freq_eff_n,3,3,47.73321449275535,47.6545395753878,-0.11111111111111116
A',,partition,0.2|wd0.1,10,,dirichlet0.5,iid,cross,fout_ipr,3,3,0.16860147498315278,0.14484002181216815,0.33333333333333326
A',,partition,0.2|wd0.1,10,,dirichlet0.5,iid,cross,fout_dc_share,3,3,0.0002253174434124103,0.00018488037126557864,0.7777777777777777
A',,partition,0.2|wd0.1,10,,dirichlet0.5,iid,cross,fout_top1_share,3,3,0.06068055891418328,0.045188790916845134,0.33333333333333326
A',,partition,0.2|wd0.1,10,,dirichlet0.5,iid,cross,fout_nfreq90,3,3,42.0,41.0,0.33333333333333326
A',,partition,0.2|wd0.1,10,,dirichlet0.5,iid,cross,fout_freq_gini,3,3,0.15960795437981457,0.1503025426688489,0.11111111111111116
A',,partition,0.2|wd0.1,10,,dirichlet0.5,iid,cross,fout_freq_eff_n,3,3,45.483567472807145,46.107448432095374,-0.11111111111111116
A',,partition,0.2|wd0.1,10,,dirichlet0.5,iid,cross,fin_uv_agree_strong,3,3,0.90625,0.8359375,0.7777777777777777
A',,partition,0.2|wd0.1,10,,dirichlet0.5,iid,cross,fin_uvw_agree_strong,3,3,0.8828125,0.8203125,0.22222222222222232
A',,partition,0.2|wd0.1,10,,dirichlet0.5,iid,cross,fin_n_unique_freq_strong,3,3,48.0,48.0,0.0
A',,partition,0.2|wd0.1,10,,dirichlet0.5,iid,cross,clock_share,3,3,0.35014951270691164,0.252910744671007,0.33333333333333326
A',,partition,0.2|wd0.1,10,,dirichlet0.5,iid,cross,clock_nfreq90,3,3,29.0,29.0,0.11111111111111116
A',,partition,0.2|wd0.1,10,,dirichlet0.5,iid,cross,clock_top1_share,3,3,0.049994081985575194,0.06687088318255326,-0.33333333333333337
A',,partition,0.2|wd0.1,10,,dirichlet0.5,iid,cross,clock_freq_gini,3,3,0.43371966980748655,0.4831485708715697,-0.11111111111111116
A',,partition,0.2|wd0.1,10,,dirichlet0.5,iid,cross,clock_key_jaccard_final,3,3,0.6363636363636364,0.5319148936170213,0.5555555555555556
A',,partition,0.2|wd0.1,10,,dirichlet0.5,iid,cross,clock_restricted_loss_tr,3,3,0.0035135801881551743,0.004586830735206604,-0.5555555555555556
A',,partition,0.2|wd0.1,10,,dirichlet0.5,iid,cross,clock_restricted_acc_tr,3,3,100.0,100.0,0.0
A',,partition,0.2|wd0.1,10,,dirichlet0.5,iid,cross,clock_excluded_loss_tr,3,3,0.007921614684164524,0.007506588473916054,0.5555555555555556
A',,partition,0.2|wd0.1,10,,dirichlet0.5,iid,cross,clock_excluded_acc_tr,3,3,93.72674560546875,96.06591796875,-0.33333333333333337
A',,partition,0.2|wd0.1,10,,dirichlet0.5,iid,cross,clock_restricted_loss_te,3,3,0.0035175823140889406,0.004586971364915371,-0.5555555555555556
A',,partition,0.2|wd0.1,10,,dirichlet0.5,iid,cross,clock_restricted_acc_te,3,3,100.0,100.0,0.0
A',,partition,0.2|wd0.1,10,,dirichlet0.5,iid,cross,clock_excluded_loss_te,3,3,0.01768949255347252,0.01866980455815792,0.11111111111111116
A',,partition,0.2|wd0.1,10,,dirichlet0.5,iid,cross,clock_excluded_acc_te,3,3,2.191817283630371,1.4877790212631226,-0.11111111111111116
A',,partition,0.2|wd0.1,10,,dirichlet0.5,iid,end,fn_loss_tr,3,3,0.0005343763041310012,0.0005594317917712033,-0.33333333333333337
A',,partition,0.2|wd0.1,10,,dirichlet0.5,iid,end,fn_acc_tr,3,3,100.0,100.0,0.0
A',,partition,0.2|wd0.1,10,,dirichlet0.5,iid,end,fn_margin_tr,3,3,0.8989688158035278,0.8947666883468628,0.33333333333333326
A',,partition,0.2|wd0.1,10,,dirichlet0.5,iid,end,fn_entropy_tr,3,3,4.565868377685547,4.565828800201416,0.11111111111111116
A',,partition,0.2|wd0.1,10,,dirichlet0.5,iid,end,fn_loss_te,3,3,0.0014352368889376521,0.0015588533133268356,-0.11111111111111116
A',,partition,0.2|wd0.1,10,,dirichlet0.5,iid,end,fn_acc_te,3,3,100.0,100.0,0.0
A',,partition,0.2|wd0.1,10,,dirichlet0.5,iid,end,fn_margin_te,3,3,0.8326539397239685,0.8263139128684998,0.33333333333333326
A',,partition,0.2|wd0.1,10,,dirichlet0.5,iid,end,fn_entropy_te,3,3,4.56616735458374,4.56618595123291,-0.11111111111111116
A',,partition,0.2|wd0.1,10,,dirichlet0.5,iid,end,fn_gap_loss,3,3,0.0008948749746195972,0.0009994215215556324,-0.33333333333333337
A',,partition,0.2|wd0.1,10,,dirichlet0.5,iid,end,fn_gap_acc,3,3,0.0,0.0,0.0
A',,partition,0.2|wd0.1,10,,dirichlet0.5,iid,end,fn_class_acc_gini,3,3,0.0,0.0,0.0
A',,partition,0.2|wd0.1,10,,dirichlet0.5,iid,end,w_W1_fro,3,3,56.60325622558594,56.605533599853516,-0.11111111111111116
A',,partition,0.2|wd0.1,10,,dirichlet0.5,iid,end,w_W1_spec,3,3,10.660198211669922,10.744462966918945,-0.11111111111111116
A',,partition,0.2|wd0.1,10,,dirichlet0.5,iid,end,w_W1_stable_rank,3,3,27.221803665161133,26.588642120361328,0.33333333333333326
A',,partition,0.2|wd0.1,10,,dirichlet0.5,iid,end,w_W1_eff_rank,3,3,170.48982990738116,169.6077411630284,0.5555555555555556
A',,partition,0.2|wd0.1,10,,dirichlet0.5,iid,end,w_W1_sv_gini,3,3,0.28056306939351416,0.2863304276227565,-0.5555555555555556
A',,partition,0.2|wd0.1,10,,dirichlet0.5,iid,end,w_W1_entry_gini,3,3,0.42395508663854176,0.42160628622384877,0.33333333333333326
A',,partition,0.2|wd0.1,10,,dirichlet0.5,iid,end,w_W1_row_gini,3,3,0.12173069213392318,0.13005697251697668,-0.33333333333333337
A',,partition,0.2|wd0.1,10,,dirichlet0.5,iid,end,w_W1_row_pr,3,3,0.9458473060039433,0.9381469106434206,0.33333333333333326
A',,partition,0.2|wd0.1,10,,dirichlet0.5,iid,end,w_W1_dist_init,3,3,58.030643463134766,57.952613830566406,0.33333333333333326
A',,partition,0.2|wd0.1,10,,dirichlet0.5,iid,end,w_W1_rel_dist_init,3,3,3.6013111830997384,3.596468758966356,0.33333333333333326
A',,partition,0.2|wd0.1,10,,dirichlet0.5,iid,end,w_W1_cos_init,3,3,0.05220014974474907,0.06581884622573853,-1.0
A',,partition,0.2|wd0.1,10,,dirichlet0.5,iid,end,w_W2_fro,3,3,9.681534767150879,9.982903480529785,-0.5555555555555556
A',,partition,0.2|wd0.1,10,,dirichlet0.5,iid,end,w_W2_spec,3,3,1.598544955253601,1.6111043691635132,-0.33333333333333337
A',,partition,0.2|wd0.1,10,,dirichlet0.5,iid,end,w_W2_stable_rank,3,3,38.66695785522461,37.79695510864258,0.33333333333333326
A',,partition,0.2|wd0.1,10,,dirichlet0.5,iid,end,w_W2_eff_rank,3,3,93.419697274574,93.50547002086842,-0.11111111111111116
A',,partition,0.2|wd0.1,10,,dirichlet0.5,iid,end,w_W2_sv_gini,3,3,0.14756571611748082,0.14318358623374228,0.33333333333333326
A',,partition,0.2|wd0.1,10,,dirichlet0.5,iid,end,w_W2_entry_gini,3,3,0.45893779475651564,0.46725674911405823,-0.11111111111111116
A',,partition,0.2|wd0.1,10,,dirichlet0.5,iid,end,w_W2_row_gini,3,3,0.015285042593128573,0.016247942585625008,-0.7777777777777778
A',,partition,0.2|wd0.1,10,,dirichlet0.5,iid,end,w_W2_row_pr,3,3,0.9992670672426154,0.9991837957664824,1.0
A',,partition,0.2|wd0.1,10,,dirichlet0.5,iid,end,w_W2_dist_init,3,3,9.69262981414795,9.988590240478516,-0.5555555555555556
A',,partition,0.2|wd0.1,10,,dirichlet0.5,iid,end,w_W2_rel_dist_init,3,3,15.72694715760802,16.207162958158857,-0.5555555555555556
A',,partition,0.2|wd0.1,10,,dirichlet0.5,iid,end,w_W2_cos_init,3,3,0.013815974816679955,0.021639984101057053,-0.5555555555555556
A',,partition,0.2|wd0.1,10,,dirichlet0.5,iid,end,w_all_norm,3,3,57.4103962296787,57.46558065545127,-0.11111111111111116
A',,partition,0.2|wd0.1,10,,dirichlet0.5,iid,end,w_all_rel_norm,3,3,3.5602010206534938,3.563623182175837,-0.11111111111111116
A',,partition,0.2|wd0.1,10,,dirichlet0.5,iid,end,w_all_dist_init,3,3,58.82026456682372,58.79489534938596,0.11111111111111116
A',,partition,0.2|wd0.1,10,,dirichlet0.5,iid,end,w_all_rel_dist_init,3,3,3.6476314343508633,3.646058208598271,0.11111111111111116
A',,partition,0.2|wd0.1,10,,dirichlet0.5,iid,end,w_all_cos_init,3,3,0.05143200875133957,0.06494141613596258,-1.0
A',,partition,0.2|wd0.1,10,,dirichlet0.5,iid,end,rep_between_within_tr,3,3,0.2155778140182509,0.21650827514015997,-0.11111111111111116
A',,partition,0.2|wd0.1,10,,dirichlet0.5,iid,end,rep_nc1_tr,3,3,1.6892829077370095,2.0868945476751395,-0.33333333333333337
A',,partition,0.2|wd0.1,10,,dirichlet0.5,iid,end,rep_eff_rank_te,3,3,210.33917843694545,207.78911825550384,0.7777777777777777
A',,partition,0.2|wd0.1,10,,dirichlet0.5,iid,end,rep_pr_te,3,3,82.37711448178383,69.35035791601588,0.7777777777777777
A',,partition,0.2|wd0.1,10,,dirichlet0.5,iid,end,rep_unit_gini_te,3,3,0.5211806479102814,0.5360772750023735,-1.0
A',,partition,0.2|wd0.1,10,,dirichlet0.5,iid,end,rep_unit_pr_te,3,3,0.40683964090375974,0.3778800946274365,0.5555555555555556
A',,partition,0.2|wd0.1,10,,dirichlet0.5,iid,end,rep_between_within_te,3,3,0.17758136809245514,0.1786118282423378,-0.11111111111111116
A',,partition,0.2|wd0.1,10,,dirichlet0.5,iid,end,unit_interaction_share,3,3,0.37964913252860133,0.38796533115830456,-0.11111111111111116
A',,partition,0.2|wd0.1,10,,dirichlet0.5,iid,end,unit_frac_interacting,3,3,0.5992063879966736,0.5803921818733215,1.0
A',,partition,0.2|wd0.1,10,,dirichlet0.5,iid,end,add_share_a,3,3,0.007926136649507119,0.00976656126896646,-0.33333333333333337
A',,partition,0.2|wd0.1,10,,dirichlet0.5,iid,end,add_share_b,3,3,0.009415892951496661,0.011076505843232356,-0.33333333333333337
A',,partition,0.2|wd0.1,10,,dirichlet0.5,iid,end,add_share_interaction,3,3,0.9671194626148631,0.9604088075029591,0.33333333333333326
A',,partition,0.2|wd0.1,10,,dirichlet0.5,iid,end,add_acc_interaction_tr,3,3,100.0,100.0,0.0
A',,partition,0.2|wd0.1,10,,dirichlet0.5,iid,end,add_acc_additive_tr,3,3,3.5619351863861084,3.4024455547332764,-0.11111111111111116
A',,partition,0.2|wd0.1,10,,dirichlet0.5,iid,end,add_acc_no_a_tr,3,3,100.0,100.0,0.0
A',,partition,0.2|wd0.1,10,,dirichlet0.5,iid,end,add_acc_no_b_tr,3,3,100.0,100.0,0.0
A',,partition,0.2|wd0.1,10,,dirichlet0.5,iid,end,add_acc_interaction_te,3,3,100.0,100.0,0.0
A',,partition,0.2|wd0.1,10,,dirichlet0.5,iid,end,add_acc_additive_te,3,3,0.8900105953216553,0.8368756771087646,0.33333333333333326
A',,partition,0.2|wd0.1,10,,dirichlet0.5,iid,end,add_acc_no_a_te,3,3,100.0,100.0,0.0
A',,partition,0.2|wd0.1,10,,dirichlet0.5,iid,end,add_acc_no_b_te,3,3,100.0,100.0,0.0
A',,partition,0.2|wd0.1,10,,dirichlet0.5,iid,end,circ_share_interaction_tr,3,3,1.1153348094505442,1.1294930546560815,0.11111111111111116
A',,partition,0.2|wd0.1,10,,dirichlet0.5,iid,end,circ_share_marginal_tr,3,3,0.16584089160987628,0.18029275643435488,0.11111111111111116
A',,partition,0.2|wd0.1,10,,dirichlet0.5,iid,end,circ_acc_interaction_tr,3,3,100.0,100.0,0.0
A',,partition,0.2|wd0.1,10,,dirichlet0.5,iid,end,circ_acc_marginal_tr,3,3,2.0733652636408806,2.179691568017006,-0.4444444444444444
A',,partition,0.2|wd0.1,10,,dirichlet0.5,iid,end,circ_units_tr,3,3,157.21470642089844,158.6063232421875,-0.5555555555555556
A',,partition,0.2|wd0.1,10,,dirichlet0.5,iid,end,circ_share_interaction_te,3,3,1.0907873222158517,1.0893589627421338,0.33333333333333326
A',,partition,0.2|wd0.1,10,,dirichlet0.5,iid,end,circ_share_marginal_te,3,3,0.1626387286417133,0.1777858607722467,0.11111111111111116
A',,partition,0.2|wd0.1,10,,dirichlet0.5,iid,end,circ_acc_interaction_te,3,3,100.0,100.0,0.0
A',,partition,0.2|wd0.1,10,,dirichlet0.5,iid,end,circ_acc_marginal_te,3,3,1.4346439391374588,1.408076472580433,0.33333333333333326
A',,partition,0.2|wd0.1,10,,dirichlet0.5,iid,end,circ_units_te,3,3,157.21470642089844,158.6063232421875,-0.5555555555555556
A',,partition,0.2|wd0.1,10,,dirichlet0.5,iid,end,sharp_lambda_max,3,3,0.107216477394104,0.11369512230157852,-0.11111111111111116
A',,partition,0.2|wd0.1,10,,dirichlet0.5,iid,end,sharp_grad_norm,3,3,0.005959064234048128,0.006215767934918404,-0.11111111111111116
A',,partition,0.2|wd0.1,10,,dirichlet0.5,iid,end,sharp_lr_lambda,3,3,0.00010721647739410401,0.00011369512230157852,-0.11111111111111116
A',,partition,0.2|wd0.1,10,,dirichlet0.5,iid,end,unit_fourier_sum_share,3,3,0.14642220309368417,0.14731973086169817,-0.11111111111111116
A',,partition,0.2|wd0.1,10,,dirichlet0.5,iid,end,unit_fourier_diff_share,3,3,0.1464222027961199,0.14731973528702574,-0.11111111111111116
A',,partition,0.2|wd0.1,10,,dirichlet0.5,iid,end,unit_fourier_marginal_share,3,3,0.6203508814555985,0.612034668210685,0.11111111111111116
A',,partition,0.2|wd0.1,10,,dirichlet0.5,iid,end,unit_fourier_other_share,3,3,0.08055223552304536,0.08812246143812241,-0.33333333333333337
A',,partition,0.2|wd0.1,10,,dirichlet0.5,iid,end,unit_sum_freq_concentration,3,3,0.14589044817454078,0.14678842760669983,-0.11111111111111116
A',,partition,0.2|wd0.1,10,,dirichlet0.5,iid,end,unit_n_distinct_sum_freqs,3,3,48.0,48.0,0.0
A',,partition,0.2|wd0.1,10,,dirichlet0.5,iid,end,fU_ipr,3,3,0.2961206430370146,0.2984385581855717,-0.11111111111111116
A',,partition,0.2|wd0.1,10,,dirichlet0.5,iid,end,fU_dc_share,3,3,0.05610441047813886,0.06309072453268748,-0.5555555555555556
A',,partition,0.2|wd0.1,10,,dirichlet0.5,iid,end,fU_top1_share,3,3,0.03261373584557895,0.033352264166224735,-0.33333333333333337
A',,partition,0.2|wd0.1,10,,dirichlet0.5,iid,end,fU_nfreq90,3,3,42.0,42.0,0.0
A',,partition,0.2|wd0.1,10,,dirichlet0.5,iid,end,fU_freq_gini,3,3,0.11722723716696759,0.11564012591856199,-0.11111111111111116
A',,partition,0.2|wd0.1,10,,dirichlet0.5,iid,end,fU_freq_eff_n,3,3,46.84013792121586,46.9808804108667,0.11111111111111116
A',,partition,0.2|wd0.1,10,,dirichlet0.5,iid,end,fV_ipr,3,3,0.29428499268554603,0.2927342391014449,0.33333333333333326
A',,partition,0.2|wd0.1,10,,dirichlet0.5,iid,end,fV_dc_share,3,3,0.05831126953586115,0.052366847993765134,0.33333333333333326
A',,partition,0.2|wd0.1,10,,dirichlet0.5,iid,end,fV_top1_share,3,3,0.0335799196643943,0.03415017820198071,0.11111111111111116
A',,partition,0.2|wd0.1,10,,dirichlet0.5,iid,end,fV_nfreq90,3,3,42.0,42.0,0.0
A',,partition,0.2|wd0.1,10,,dirichlet0.5,iid,end,fV_freq_gini,3,3,0.11803812082403486,0.11353043224947701,-0.11111111111111116
A',,partition,0.2|wd0.1,10,,dirichlet0.5,iid,end,fV_freq_eff_n,3,3,46.83764221018525,47.03114632240178,0.11111111111111116
A',,partition,0.2|wd0.1,10,,dirichlet0.5,iid,end,fout_ipr,3,3,0.3056575330388137,0.3010752936762879,0.7777777777777777
A',,partition,0.2|wd0.1,10,,dirichlet0.5,iid,end,fout_dc_share,3,3,0.00011051234349552554,0.0001226649917395339,-0.5555555555555556
A',,partition,0.2|wd0.1,10,,dirichlet0.5,iid,end,fout_top1_share,3,3,0.037706043726256334,0.03759517502023054,-0.11111111111111116
A',,partition,0.2|wd0.1,10,,dirichlet0.5,iid,end,fout_nfreq90,3,3,40.0,41.0,-0.33333333333333337
A',,partition,0.2|wd0.1,10,,dirichlet0.5,iid,end,fout_freq_gini,3,3,0.16791507573028897,0.14919841494303876,-0.11111111111111116
A',,partition,0.2|wd0.1,10,,dirichlet0.5,iid,end,fout_freq_eff_n,3,3,45.88635813380789,46.2901486213076,0.11111111111111116
A',,partition,0.2|wd0.1,10,,dirichlet0.5,iid,end,fin_uv_agree_strong,3,3,1.0,1.0,0.0
A',,partition,0.2|wd0.1,10,,dirichlet0.5,iid,end,fin_uvw_agree_strong,3,3,1.0,1.0,0.0
A',,partition,0.2|wd0.1,10,,dirichlet0.5,iid,end,fin_n_unique_freq_strong,3,3,46.0,46.0,-0.2222222222222222
A',,partition,0.2|wd0.1,10,,dirichlet0.5,iid,end,clock_share,3,3,0.8826308658700746,0.8706004897803178,0.33333333333333326
A',,partition,0.2|wd0.1,10,,dirichlet0.5,iid,end,clock_nfreq90,3,3,43.0,43.0,0.0
A',,partition,0.2|wd0.1,10,,dirichlet0.5,iid,end,clock_top1_share,3,3,0.02275455434041346,0.022753458499397056,-0.11111111111111116
A',,partition,0.2|wd0.1,10,,dirichlet0.5,iid,end,clock_freq_gini,3,3,0.028296858460120422,0.03068427446950972,-0.5555555555555556
A',,partition,0.2|wd0.1,10,,dirichlet0.5,iid,end,clock_key_jaccard_final,3,3,1.0,1.0,0.0
A',,partition,0.2|wd0.1,10,,dirichlet0.5,iid,end,clock_restricted_loss_tr,3,3,0.0011460630921646953,0.0011332143330946565,0.11111111111111116
A',,partition,0.2|wd0.1,10,,dirichlet0.5,iid,end,clock_restricted_acc_tr,3,3,100.0,100.0,0.0
A',,partition,0.2|wd0.1,10,,dirichlet0.5,iid,end,clock_excluded_loss_tr,3,3,0.009202762506902218,0.009149782359600067,0.7777777777777777
A',,partition,0.2|wd0.1,10,,dirichlet0.5,iid,end,clock_excluded_acc_tr,3,3,89.04837799072266,93.56725311279297,-0.33333333333333337
A',,partition,0.2|wd0.1,10,,dirichlet0.5,iid,end,clock_restricted_loss_te,3,3,0.0011453483020886779,0.0011345479870215058,0.11111111111111116
A',,partition,0.2|wd0.1,10,,dirichlet0.5,iid,end,clock_restricted_acc_te,3,3,100.0,100.0,0.0
A',,partition,0.2|wd0.1,10,,dirichlet0.5,iid,end,clock_excluded_loss_te,3,3,0.01061927992850542,0.010361507534980774,0.33333333333333326
A',,partition,0.2|wd0.1,10,,dirichlet0.5,iid,end,clock_excluded_acc_te,3,3,34.8432502746582,41.697662353515625,-0.33333333333333337
A',,partition,0.2|wd0.1,10,,target,iid,cross,fn_loss_tr,3,3,0.0037317757960408926,0.0033117816783487797,1.0
A',,partition,0.2|wd0.1,10,,target,iid,cross,fn_acc_tr,3,3,100.0,100.0,0.0
A',,partition,0.2|wd0.1,10,,target,iid,cross,fn_margin_tr,3,3,0.5112795233726501,0.5763362646102905,-1.0
A',,partition,0.2|wd0.1,10,,target,iid,cross,fn_entropy_tr,3,3,4.571162700653076,4.569557189941406,1.0
A',,partition,0.2|wd0.1,10,,target,iid,cross,fn_loss_te,3,3,0.008354544639587402,0.012471993453800678,-1.0
A',,partition,0.2|wd0.1,10,,target,iid,cross,fn_acc_te,3,3,99.13655853271484,85.08235931396484,1.0
A',,partition,0.2|wd0.1,10,,target,iid,cross,fn_margin_te,3,3,0.2324734777212143,0.12145489454269409,1.0
A',,partition,0.2|wd0.1,10,,target,iid,cross,fn_entropy_te,3,3,4.5718536376953125,4.569608688354492,1.0
A',,partition,0.2|wd0.1,10,,target,iid,cross,fn_gap_loss,3,3,0.004650135524570942,0.009160211775451899,-1.0
A',,partition,0.2|wd0.1,10,,target,iid,cross,fn_gap_acc,3,3,0.8634414672851562,14.917640686035156,-1.0
A',,partition,0.2|wd0.1,10,,target,iid,cross,fn_class_acc_gini,3,3,0.005691287058608774,0.07512215717267656,-1.0
A',,partition,0.2|wd0.1,10,,target,iid,cross,w_W1_fro,3,3,81.4981460571289,63.1179313659668,1.0
A',,partition,0.2|wd0.1,10,,target,iid,cross,w_W1_spec,3,3,11.717042922973633,9.898859024047852,1.0
A',,partition,0.2|wd0.1,10,,target,iid,cross,w_W1_stable_rank,3,3,48.3808479309082,40.65839767456055,1.0
A',,partition,0.2|wd0.1,10,,target,iid,cross,w_W1_eff_rank,3,3,169.36346626742073,169.92150430565874,-0.7777777777777778
A',,partition,0.2|wd0.1,10,,target,iid,cross,w_W1_sv_gini,3,3,0.2888776467165066,0.2876140957602693,0.33333333333333326
A',,partition,0.2|wd0.1,10,,target,iid,cross,w_W1_entry_gini,3,3,0.3590283633492244,0.3687607773578907,-1.0
A',,partition,0.2|wd0.1,10,,target,iid,cross,w_W1_row_gini,3,3,0.10890345595775619,0.07631025829212046,1.0
A',,partition,0.2|wd0.1,10,,target,iid,cross,w_W1_row_pr,3,3,0.961204050717326,0.9818997069845186,-1.0
A',,partition,0.2|wd0.1,10,,target,iid,cross,w_W1_dist_init,3,3,80.11981964111328,62.543819427490234,1.0
A',,partition,0.2|wd0.1,10,,target,iid,cross,w_W1_rel_dist_init,3,3,4.99753519399471,3.895926871622625,1.0
A',,partition,0.2|wd0.1,10,,target,iid,cross,w_W1_cos_init,3,3,0.1842222958803177,0.1639459878206253,1.0
A',,partition,0.2|wd0.1,10,,target,iid,cross,w_W2_fro,3,3,2.617982864379883,6.764009952545166,-1.0
A',,partition,0.2|wd0.1,10,,target,iid,cross,w_W2_spec,3,3,0.44368046522140503,1.3619390726089478,-1.0
A',,partition,0.2|wd0.1,10,,target,iid,cross,w_W2_stable_rank,3,3,32.5229606628418,24.349750518798828,1.0
A',,partition,0.2|wd0.1,10,,target,iid,cross,w_W2_eff_rank,3,3,86.03905874053446,89.85349715346986,-1.0
A',,partition,0.2|wd0.1,10,,target,iid,cross,w_W2_sv_gini,3,3,0.22801029743478463,0.2190402043839983,1.0
A',,partition,0.2|wd0.1,10,,target,iid,cross,w_W2_entry_gini,3,3,0.37273211705718046,0.4452049247529195,-1.0
A',,partition,0.2|wd0.1,10,,target,iid,cross,w_W2_row_gini,3,3,0.0587095944849485,0.09148273188301381,-1.0
A',,partition,0.2|wd0.1,10,,target,iid,cross,w_W2_row_pr,3,3,0.9888226333659776,0.9742514312189943,1.0
A',,partition,0.2|wd0.1,10,,target,iid,cross,w_W2_dist_init,3,3,2.628343343734741,6.779959201812744,-1.0
A',,partition,0.2|wd0.1,10,,target,iid,cross,w_W2_rel_dist_init,3,3,4.252183646555711,10.968746420053947,-1.0
A',,partition,0.2|wd0.1,10,,target,iid,cross,w_W2_cos_init,3,3,0.09381186962127686,0.0337795726954937,1.0
A',,partition,0.2|wd0.1,10,,target,iid,cross,w_all_norm,3,3,81.5401842346907,63.47932805691176,1.0
A',,partition,0.2|wd0.1,10,,target,iid,cross,w_all_rel_norm,3,3,5.083014726709608,3.9533238963554265,1.0
A',,partition,0.2|wd0.1,10,,target,iid,cross,w_all_dist_init,3,3,80.1629196577637,62.91023124545601,1.0
A',,partition,0.2|wd0.1,10,,target,iid,cross,w_all_rel_dist_init,3,3,4.996539241510257,3.9166064061936603,1.0
A',,partition,0.2|wd0.1,10,,target,iid,cross,w_all_cos_init,3,3,0.18410633676022894,0.16302294512017437,1.0
A',,partition,0.2|wd0.1,10,,target,iid,cross,rep_between_within_tr,3,3,0.5040300559459127,0.2559608389391634,1.0
A',,partition,0.2|wd0.1,10,,target,iid,cross,rep_nc1_tr,3,3,2.3858325676233645,1.334642085836483,1.0
A',,partition,0.2|wd0.1,10,,target,iid,cross,rep_eff_rank_te,3,3,236.6029869327737,238.9778126940427,-1.0
A',,partition,0.2|wd0.1,10,,target,iid,cross,rep_pr_te,3,3,148.27101700327654,156.9434090807407,-0.7777777777777778
A',,partition,0.2|wd0.1,10,,target,iid,cross,rep_unit_gini_te,3,3,0.3887362668026273,0.28663228664302776,1.0
A',,partition,0.2|wd0.1,10,,target,iid,cross,rep_unit_pr_te,3,3,0.6324207875662596,0.7381286881340192,-1.0
A',,partition,0.2|wd0.1,10,,target,iid,cross,rep_between_within_te,3,3,0.2836608300812738,0.09867024355588727,1.0
A',,partition,0.2|wd0.1,10,,target,iid,cross,unit_interaction_share,3,3,0.7241947728645439,0.6162961348074323,1.0
A',,partition,0.2|wd0.1,10,,target,iid,cross,unit_frac_interacting,3,3,0.94921875,0.9375,0.22222222222222232
A',,partition,0.2|wd0.1,10,,target,iid,cross,add_share_a,3,3,0.054028925314820675,0.05899782164400473,-1.0
A',,partition,0.2|wd0.1,10,,target,iid,cross,add_share_b,3,3,0.05438625999059963,0.06084749950849954,-1.0
A',,partition,0.2|wd0.1,10,,target,iid,cross,add_share_interaction,3,3,0.8896200671249026,0.8674802450500374,1.0
A',,partition,0.2|wd0.1,10,,target,iid,cross,add_acc_interaction_tr,3,3,100.0,100.0,0.0
A',,partition,0.2|wd0.1,10,,target,iid,cross,add_acc_additive_tr,3,3,13.078149795532227,11.217437744140625,1.0
A',,partition,0.2|wd0.1,10,,target,iid,cross,add_acc_no_a_tr,3,3,100.0,100.0,0.0
A',,partition,0.2|wd0.1,10,,target,iid,cross,add_acc_no_b_tr,3,3,100.0,100.0,0.0
A',,partition,0.2|wd0.1,10,,target,iid,cross,add_acc_interaction_te,3,3,99.88044738769531,92.90647888183594,1.0
A',,partition,0.2|wd0.1,10,,target,iid,cross,add_acc_additive_te,3,3,0.09298618882894516,0.13283739984035492,-0.4444444444444444
A',,partition,0.2|wd0.1,10,,target,iid,cross,add_acc_no_a_te,3,3,99.60148620605469,88.50956726074219,1.0
A',,partition,0.2|wd0.1,10,,target,iid,cross,add_acc_no_b_te,3,3,99.60148620605469,89.04090881347656,1.0
A',,partition,0.2|wd0.1,10,,target,iid,cross,circ_share_interaction_tr,3,3,0.975718406027576,1.0147090386269655,-1.0
A',,partition,0.2|wd0.1,10,,target,iid,cross,circ_share_marginal_tr,3,3,0.12866354068398453,0.2211502461863487,-1.0
A',,partition,0.2|wd0.1,10,,target,iid,cross,circ_acc_interaction_tr,3,3,100.0,100.0,0.0
A',,partition,0.2|wd0.1,10,,target,iid,cross,circ_acc_marginal_tr,3,3,10.685805231332779,8.559276908636093,1.0
A',,partition,0.2|wd0.1,10,,target,iid,cross,circ_units_tr,3,3,159.90972900390625,174.20138549804688,-1.0
A',,partition,0.2|wd0.1,10,,target,iid,cross,circ_share_interaction_te,3,3,0.9053753333074273,0.8937377054924489,0.33333333333333326
A',,partition,0.2|wd0.1,10,,target,iid,cross,circ_share_marginal_te,3,3,0.1406239548086466,0.1764962437865735,-1.0
A',,partition,0.2|wd0.1,10,,target,iid,cross,circ_acc_interaction_te,3,3,99.86715912818909,91.55154228210449,1.0
A',,partition,0.2|wd0.1,10,,target,iid,cross,circ_acc_marginal_te,3,3,0.14612114755436778,0.22582358215004206,-0.7777777777777778
A',,partition,0.2|wd0.1,10,,target,iid,cross,circ_units_te,3,3,159.90972900390625,174.20138549804688,-1.0
A',,partition,0.2|wd0.1,10,,target,iid,cross,sharp_lambda_max,3,3,0.4204261898994446,0.13683608174324036,1.0
A',,partition,0.2|wd0.1,10,,target,iid,cross,sharp_grad_norm,3,3,0.022016920149326324,0.005841423757374287,1.0
A',,partition,0.2|wd0.1,10,,target,iid,cross,sharp_lr_lambda,3,3,0.0004204261898994446,0.00013683608174324037,1.0
A',,partition,0.2|wd0.1,10,,target,iid,cross,unit_fourier_sum_share,3,3,0.23001137067619332,0.09435296660736928,1.0
A',,partition,0.2|wd0.1,10,,target,iid,cross,unit_fourier_diff_share,3,3,0.23001136744802705,0.09435296355920898,1.0
A',,partition,0.2|wd0.1,10,,target,iid,cross,unit_fourier_marginal_share,3,3,0.2758052249285021,0.38370386745012863,-1.0
A',,partition,0.2|wd0.1,10,,target,iid,cross,unit_fourier_other_share,3,3,0.26417203694727753,0.42759020238329315,-1.0
A',,partition,0.2|wd0.1,10,,target,iid,cross,unit_sum_freq_concentration,3,3,0.2280811195106968,0.09072738032563574,1.0
A',,partition,0.2|wd0.1,10,,target,iid,cross,unit_n_distinct_sum_freqs,3,3,45.0,48.0,-1.0
A',,partition,0.2|wd0.1,10,,target,iid,cross,fU_ipr,3,3,0.17616403481369614,0.13373680424503856,1.0
A',,partition,0.2|wd0.1,10,,target,iid,cross,fU_dc_share,3,3,0.017249451970916246,0.021623484119687026,-1.0
A',,partition,0.2|wd0.1,10,,target,iid,cross,fU_top1_share,3,3,0.029263353767632942,0.027894580521039047,0.5555555555555556
A',,partition,0.2|wd0.1,10,,target,iid,cross,fU_nfreq90,3,3,40.0,43.0,-1.0
A',,partition,0.2|wd0.1,10,,target,iid,cross,fU_freq_gini,3,3,0.15128221339993342,0.07018921609745776,1.0
A',,partition,0.2|wd0.1,10,,target,iid,cross,fU_freq_eff_n,3,3,46.03595135912078,47.640348579582245,-1.0
A',,partition,0.2|wd0.1,10,,target,iid,cross,fV_ipr,3,3,0.17740483536027796,0.13200260976035735,1.0
A',,partition,0.2|wd0.1,10,,target,iid,cross,fV_dc_share,3,3,0.01655930553814141,0.02235533556222019,-1.0
A',,partition,0.2|wd0.1,10,,target,iid,cross,fV_top1_share,3,3,0.029552665332883254,0.026471200242361857,1.0
A',,partition,0.2|wd0.1,10,,target,iid,cross,fV_nfreq90,3,3,40.0,43.0,-1.0
A',,partition,0.2|wd0.1,10,,target,iid,cross,fV_freq_gini,3,3,0.15189726961421224,0.06582149625541844,1.0
A',,partition,0.2|wd0.1,10,,target,iid,cross,fV_freq_eff_n,3,3,46.04077993269678,47.6545395753878,-1.0
A',,partition,0.2|wd0.1,10,,target,iid,cross,fout_ipr,3,3,0.18895366380347894,0.14484002181216815,1.0
A',,partition,0.2|wd0.1,10,,target,iid,cross,fout_dc_share,3,3,0.0012737133930923242,0.00018488037126557864,1.0
A',,partition,0.2|wd0.1,10,,target,iid,cross,fout_top1_share,3,3,0.03539018143526526,0.045188790916845134,-1.0
A',,partition,0.2|wd0.1,10,,target,iid,cross,fout_nfreq90,3,3,39.0,41.0,-1.0
A',,partition,0.2|wd0.1,10,,target,iid,cross,fout_freq_gini,3,3,0.1837496524935669,0.1503025426688489,0.5555555555555556
A',,partition,0.2|wd0.1,10,,target,iid,cross,fout_freq_eff_n,3,3,44.827624400799536,46.107448432095374,-0.5555555555555556
A',,partition,0.2|wd0.1,10,,target,iid,cross,fin_uv_agree_strong,3,3,0.9765625,0.8359375,1.0
A',,partition,0.2|wd0.1,10,,target,iid,cross,fin_uvw_agree_strong,3,3,0.96875,0.8203125,1.0
A',,partition,0.2|wd0.1,10,,target,iid,cross,fin_n_unique_freq_strong,3,3,44.0,48.0,-1.0
A',,partition,0.2|wd0.1,10,,target,iid,cross,clock_share,3,3,0.42883400070381295,0.252910744671007,1.0
A',,partition,0.2|wd0.1,10,,target,iid,cross,clock_nfreq90,3,3,30.0,29.0,0.5555555555555556
A',,partition,0.2|wd0.1,10,,target,iid,cross,clock_top1_share,3,3,0.053891768953208005,0.06687088318255326,-1.0
A',,partition,0.2|wd0.1,10,,target,iid,cross,clock_freq_gini,3,3,0.4191663746381127,0.4831485708715697,-0.7777777777777778
A',,partition,0.2|wd0.1,10,,target,iid,cross,clock_key_jaccard_final,3,3,0.6904761904761905,0.5319148936170213,1.0
A',,partition,0.2|wd0.1,10,,target,iid,cross,clock_restricted_loss_tr,3,3,0.004985382314771414,0.004586830735206604,0.33333333333333326
A',,partition,0.2|wd0.1,10,,target,iid,cross,clock_restricted_acc_tr,3,3,100.0,100.0,0.0
A',,partition,0.2|wd0.1,10,,target,iid,cross,clock_excluded_loss_tr,3,3,0.008292469196021557,0.007506588473916054,1.0
A',,partition,0.2|wd0.1,10,,target,iid,cross,clock_excluded_acc_tr,3,3,96.43806457519531,96.06591796875,0.11111111111111116
A',,partition,0.2|wd0.1,10,,target,iid,cross,clock_restricted_loss_te,3,3,0.00504869082942605,0.004586971364915371,0.33333333333333326
A',,partition,0.2|wd0.1,10,,target,iid,cross,clock_restricted_acc_te,3,3,100.0,100.0,0.0
A',,partition,0.2|wd0.1,10,,target,iid,cross,clock_excluded_loss_te,3,3,0.014458759687840939,0.01866980455815792,-0.33333333333333337
A',,partition,0.2|wd0.1,10,,target,iid,cross,clock_excluded_acc_te,3,3,2.670031785964966,1.4877790212631226,0.33333333333333326
A',,partition,0.2|wd0.1,10,,target,iid,end,fn_loss_tr,3,3,0.001357517670840025,0.0005594317917712033,1.0
A',,partition,0.2|wd0.1,10,,target,iid,end,fn_acc_tr,3,3,100.0,100.0,0.0
A',,partition,0.2|wd0.1,10,,target,iid,end,fn_margin_tr,3,3,0.8055956363677979,0.8947666883468628,-1.0
A',,partition,0.2|wd0.1,10,,target,iid,end,fn_entropy_tr,3,3,4.567834377288818,4.565828800201416,1.0
A',,partition,0.2|wd0.1,10,,target,iid,end,fn_loss_te,3,3,0.0016711433418095112,0.0015588533133268356,0.5555555555555556
A',,partition,0.2|wd0.1,10,,target,iid,end,fn_acc_te,3,3,100.0,100.0,0.0
A',,partition,0.2|wd0.1,10,,target,iid,end,fn_margin_te,3,3,0.7533218264579773,0.8263139128684998,-1.0
A',,partition,0.2|wd0.1,10,,target,iid,end,fn_entropy_te,3,3,4.568450450897217,4.56618595123291,1.0
A',,partition,0.2|wd0.1,10,,target,iid,end,fn_gap_loss,3,3,0.00031362567096948624,0.0009994215215556324,-1.0
A',,partition,0.2|wd0.1,10,,target,iid,end,fn_gap_acc,3,3,0.0,0.0,0.0
A',,partition,0.2|wd0.1,10,,target,iid,end,fn_class_acc_gini,3,3,0.0,0.0,0.0
A',,partition,0.2|wd0.1,10,,target,iid,end,w_W1_fro,3,3,63.442081451416016,56.605533599853516,1.0
A',,partition,0.2|wd0.1,10,,target,iid,end,w_W1_spec,3,3,11.446881294250488,10.744462966918945,0.7777777777777777
A',,partition,0.2|wd0.1,10,,target,iid,end,w_W1_stable_rank,3,3,32.5669059753418,26.588642120361328,1.0
A',,partition,0.2|wd0.1,10,,target,iid,end,w_W1_eff_rank,3,3,172.09747984613364,169.6077411630284,0.7777777777777777
A',,partition,0.2|wd0.1,10,,target,iid,end,w_W1_sv_gini,3,3,0.26164374824456105,0.2863304276227565,-1.0
A',,partition,0.2|wd0.1,10,,target,iid,end,w_W1_entry_gini,3,3,0.3771229501903921,0.42160628622384877,-0.7777777777777778
A',,partition,0.2|wd0.1,10,,target,iid,end,w_W1_row_gini,3,3,0.1843025501815938,0.13005697251697668,1.0
A',,partition,0.2|wd0.1,10,,target,iid,end,w_W1_row_pr,3,3,0.8949664088085848,0.9381469106434206,-1.0
A',,partition,0.2|wd0.1,10,,target,iid,end,w_W1_dist_init,3,3,64.43802642822266,57.952613830566406,1.0
A',,partition,0.2|wd0.1,10,,target,iid,end,w_W1_rel_dist_init,3,3,4.032308998421765,3.596468758966356,1.0
A',,partition,0.2|wd0.1,10,,target,iid,end,w_W1_cos_init,3,3,0.06720226258039474,0.06581884622573853,0.5555555555555556
A',,partition,0.2|wd0.1,10,,target,iid,end,w_W2_fro,3,3,4.855340957641602,9.982903480529785,-1.0
A',,partition,0.2|wd0.1,10,,target,iid,end,w_W2_spec,3,3,1.3715226650238037,1.6111043691635132,-1.0
A',,partition,0.2|wd0.1,10,,target,iid,end,w_W2_stable_rank,3,3,12.814851760864258,37.79695510864258,-1.0
A',,partition,0.2|wd0.1,10,,target,iid,end,w_W2_eff_rank,3,3,85.10812511661679,93.50547002086842,-1.0
A',,partition,0.2|wd0.1,10,,target,iid,end,w_W2_sv_gini,3,3,0.21604316009272106,0.14318358623374228,1.0
A',,partition,0.2|wd0.1,10,,target,iid,end,w_W2_entry_gini,3,3,0.3416825617430499,0.46725674911405823,-1.0
A',,partition,0.2|wd0.1,10,,target,iid,end,w_W2_row_gini,3,3,0.030782605818900244,0.016247942585625008,1.0
A',,partition,0.2|wd0.1,10,,target,iid,end,w_W2_row_pr,3,3,0.9965978683158412,0.9991837957664824,-1.0
A',,partition,0.2|wd0.1,10,,target,iid,end,w_W2_dist_init,3,3,4.875036239624023,9.988590240478516,-1.0
A',,partition,0.2|wd0.1,10,,target,iid,end,w_W2_rel_dist_init,3,3,7.88692596951207,16.207162958158857,-1.0
A',,partition,0.2|wd0.1,10,,target,iid,end,w_W2_cos_init,3,3,0.03680992126464844,0.021639984101057053,1.0
A',,partition,0.2|wd0.1,10,,target,iid,end,w_all_norm,3,3,63.62972364582127,57.46558065545127,1.0
A',,partition,0.2|wd0.1,10,,target,iid,end,w_all_rel_norm,3,3,3.9787703613924075,3.563623182175837,1.0
A',,partition,0.2|wd0.1,10,,target,iid,end,w_all_dist_init,3,3,64.62576913963625,58.79489534938596,1.0
A',,partition,0.2|wd0.1,10,,target,iid,end,w_all_rel_dist_init,3,3,4.041053144694261,3.646058208598271,1.0
A',,partition,0.2|wd0.1,10,,target,iid,end,w_all_cos_init,3,3,0.06708090852091442,0.06494141613596258,0.5555555555555556
A',,partition,0.2|wd0.1,10,,target,iid,end,rep_between_within_tr,3,3,0.7429068498120039,0.21650827514015997,1.0
A',,partition,0.2|wd0.1,10,,target,iid,end,rep_nc1_tr,3,3,2.8091545025287745,2.0868945476751395,1.0
A',,partition,0.2|wd0.1,10,,target,iid,end,rep_eff_rank_te,3,3,207.36627267747542,207.78911825550384,0.11111111111111116
A',,partition,0.2|wd0.1,10,,target,iid,end,rep_pr_te,3,3,111.97611800862185,69.35035791601588,1.0
A',,partition,0.2|wd0.1,10,,target,iid,end,rep_unit_gini_te,3,3,0.4360390476256488,0.5360772750023735,-1.0
A',,partition,0.2|wd0.1,10,,target,iid,end,rep_unit_pr_te,3,3,0.5692414951295904,0.3778800946274365,1.0
A',,partition,0.2|wd0.1,10,,target,iid,end,rep_between_within_te,3,3,0.6355263318191738,0.1786118282423378,1.0
A',,partition,0.2|wd0.1,10,,target,iid,end,unit_interaction_share,3,3,0.7997776183200822,0.38796533115830456,1.0
A',,partition,0.2|wd0.1,10,,target,iid,end,unit_frac_interacting,3,3,0.9074074029922485,0.5803921818733215,1.0
A',,partition,0.2|wd0.1,10,,target,iid,end,add_share_a,3,3,0.0039807621877887235,0.00976656126896646,-1.0
A',,partition,0.2|wd0.1,10,,target,iid,end,add_share_b,3,3,0.0018701551696802198,0.011076505843232356,-1.0
A',,partition,0.2|wd0.1,10,,target,iid,end,add_share_interaction,3,3,0.9933744055765347,0.9604088075029591,1.0
A',,partition,0.2|wd0.1,10,,target,iid,end,add_acc_interaction_tr,3,3,100.0,100.0,0.0
A',,partition,0.2|wd0.1,10,,target,iid,end,add_acc_additive_tr,3,3,8.187134742736816,3.4024455547332764,1.0
A',,partition,0.2|wd0.1,10,,target,iid,end,add_acc_no_a_tr,3,3,100.0,100.0,0.0
A',,partition,0.2|wd0.1,10,,target,iid,end,add_acc_no_b_tr,3,3,100.0,100.0,0.0
A',,partition,0.2|wd0.1,10,,target,iid,end,add_acc_interaction_te,3,3,100.0,100.0,0.0
A',,partition,0.2|wd0.1,10,,target,iid,end,add_acc_additive_te,3,3,0.29224228858947754,0.8368756771087646,-1.0
A',,partition,0.2|wd0.1,10,,target,iid,end,add_acc_no_a_te,3,3,100.0,100.0,0.0
A',,partition,0.2|wd0.1,10,,target,iid,end,add_acc_no_b_te,3,3,100.0,100.0,0.0
A',,partition,0.2|wd0.1,10,,target,iid,end,circ_share_interaction_tr,3,3,1.0482874602460996,1.1294930546560815,-1.0
A',,partition,0.2|wd0.1,10,,target,iid,end,circ_share_marginal_tr,3,3,0.0630744029345515,0.18029275643435488,-1.0
A',,partition,0.2|wd0.1,10,,target,iid,end,circ_acc_interaction_tr,3,3,100.0,100.0,0.0
A',,partition,0.2|wd0.1,10,,target,iid,end,circ_acc_marginal_tr,3,3,2.126528322696686,2.179691568017006,-0.33333333333333337
A',,partition,0.2|wd0.1,10,,target,iid,end,circ_units_tr,3,3,171.4715576171875,158.6063232421875,0.33333333333333326
A',,partition,0.2|wd0.1,10,,target,iid,end,circ_share_interaction_te,3,3,1.05480900765465,1.0893589627421338,-0.5555555555555556
A',,partition,0.2|wd0.1,10,,target,iid,end,circ_share_marginal_te,3,3,0.0671913115085992,0.1777858607722467,-1.0
A',,partition,0.2|wd0.1,10,,target,iid,end,circ_acc_interaction_te,3,3,100.0,100.0,0.0
A',,partition,0.2|wd0.1,10,,target,iid,end,circ_acc_marginal_te,3,3,0.77045694924891,1.408076472580433,-1.0
A',,partition,0.2|wd0.1,10,,target,iid,end,circ_units_te,3,3,171.4715576171875,158.6063232421875,0.33333333333333326
A',,partition,0.2|wd0.1,10,,target,iid,end,sharp_lambda_max,3,3,0.17289961874485016,0.11369512230157852,1.0
A',,partition,0.2|wd0.1,10,,target,iid,end,sharp_grad_norm,3,3,0.008336648344993591,0.006215767934918404,1.0
A',,partition,0.2|wd0.1,10,,target,iid,end,sharp_lr_lambda,3,3,0.00017289961874485016,0.00011369512230157852,1.0
A',,partition,0.2|wd0.1,10,,target,iid,end,unit_fourier_sum_share,3,3,0.3893617322074485,0.14731973086169817,1.0
A',,partition,0.2|wd0.1,10,,target,iid,end,unit_fourier_diff_share,3,3,0.38936174659978223,0.14731973528702574,1.0
A',,partition,0.2|wd0.1,10,,target,iid,end,unit_fourier_marginal_share,3,3,0.20022238107116835,0.612034668210685,-1.0
A',,partition,0.2|wd0.1,10,,target,iid,end,unit_fourier_other_share,3,3,0.021054140121600895,0.08812246143812241,-1.0
A',,partition,0.2|wd0.1,10,,target,iid,end,unit_sum_freq_concentration,3,3,0.38930426514750704,0.14678842760669983,1.0
A',,partition,0.2|wd0.1,10,,target,iid,end,unit_n_distinct_sum_freqs,3,3,46.0,48.0,-1.0
A',,partition,0.2|wd0.1,10,,target,iid,end,fU_ipr,3,3,0.3528030571726687,0.2984385581855717,0.7777777777777777
A',,partition,0.2|wd0.1,10,,target,iid,end,fU_dc_share,3,3,0.028619367709423582,0.06309072453268748,-1.0
A',,partition,0.2|wd0.1,10,,target,iid,end,fU_top1_share,3,3,0.04014216706224217,0.033352264166224735,0.33333333333333326
A',,partition,0.2|wd0.1,10,,target,iid,end,fU_nfreq90,3,3,40.0,42.0,-1.0
A',,partition,0.2|wd0.1,10,,target,iid,end,fU_freq_gini,3,3,0.12622139676811228,0.11564012591856199,0.33333333333333326
A',,partition,0.2|wd0.1,10,,target,iid,end,fU_freq_eff_n,3,3,44.98890624367193,46.9808804108667,-1.0
A',,partition,0.2|wd0.1,10,,target,iid,end,fV_ipr,3,3,0.3543036881390046,0.2927342391014449,1.0
A',,partition,0.2|wd0.1,10,,target,iid,end,fV_dc_share,3,3,0.02875351226363223,0.052366847993765134,-1.0
A',,partition,0.2|wd0.1,10,,target,iid,end,fV_top1_share,3,3,0.040304728239433964,0.03415017820198071,0.33333333333333326
A',,partition,0.2|wd0.1,10,,target,iid,end,fV_nfreq90,3,3,40.0,42.0,-1.0
A',,partition,0.2|wd0.1,10,,target,iid,end,fV_freq_gini,3,3,0.12677182051345737,0.11353043224947701,0.5555555555555556
A',,partition,0.2|wd0.1,10,,target,iid,end,fV_freq_eff_n,3,3,44.9521871307245,47.03114632240178,-1.0
A',,partition,0.2|wd0.1,10,,target,iid,end,fout_ipr,3,3,0.34653310226340595,0.3010752936762879,0.33333333333333326
A',,partition,0.2|wd0.1,10,,target,iid,end,fout_dc_share,3,3,0.0008768117420509167,0.0001226649917395339,1.0
A',,partition,0.2|wd0.1,10,,target,iid,end,fout_top1_share,3,3,0.044502474641762935,0.03759517502023054,0.11111111111111116
A',,partition,0.2|wd0.1,10,,target,iid,end,fout_nfreq90,3,3,39.0,41.0,-1.0
A',,partition,0.2|wd0.1,10,,target,iid,end,fout_freq_gini,3,3,0.20106248370532054,0.14919841494303876,0.7777777777777777
A',,partition,0.2|wd0.1,10,,target,iid,end,fout_freq_eff_n,3,3,44.23870753391849,46.2901486213076,-1.0
A',,partition,0.2|wd0.1,10,,target,iid,end,fin_uv_agree_strong,3,3,1.0,1.0,0.0
A',,partition,0.2|wd0.1,10,,target,iid,end,fin_uvw_agree_strong,3,3,1.0,1.0,0.0
A',,partition,0.2|wd0.1,10,,target,iid,end,fin_n_unique_freq_strong,3,3,43.0,46.0,-1.0
A',,partition,0.2|wd0.1,10,,target,iid,end,clock_share,3,3,0.9437274871150301,0.8706004897803178,1.0
A',,partition,0.2|wd0.1,10,,target,iid,end,clock_nfreq90,3,3,39.0,43.0,-1.0
A',,partition,0.2|wd0.1,10,,target,iid,end,clock_top1_share,3,3,0.024395885619237438,0.022753458499397056,1.0
A',,partition,0.2|wd0.1,10,,target,iid,end,clock_freq_gini,3,3,0.12638689638798994,0.03068427446950972,1.0
A',,partition,0.2|wd0.1,10,,target,iid,end,clock_key_jaccard_final,3,3,1.0,1.0,0.0
A',,partition,0.2|wd0.1,10,,target,iid,end,clock_restricted_loss_tr,3,3,0.00218299706466496,0.0011332143330946565,0.33333333333333326
A',,partition,0.2|wd0.1,10,,target,iid,end,clock_restricted_acc_tr,3,3,100.0,100.0,0.0
A',,partition,0.2|wd0.1,10,,target,iid,end,clock_excluded_loss_tr,3,3,0.00919690914452076,0.009149782359600067,0.7777777777777777
A',,partition,0.2|wd0.1,10,,target,iid,end,clock_excluded_acc_tr,3,3,94.15204620361328,93.56725311279297,0.22222222222222232
A',,partition,0.2|wd0.1,10,,target,iid,end,clock_restricted_loss_te,3,3,0.0021912455558776855,0.0011345479870215058,0.33333333333333326
A',,partition,0.2|wd0.1,10,,target,iid,end,clock_restricted_acc_te,3,3,100.0,100.0,0.0
A',,partition,0.2|wd0.1,10,,target,iid,end,clock_excluded_loss_te,3,3,0.009986039251089096,0.010361507534980774,-0.33333333333333337
A',,partition,0.2|wd0.1,10,,target,iid,end,clock_excluded_acc_te,3,3,49.800743103027344,41.697662353515625,0.11111111111111116
A',,partition,0.2|wd0.1,20,,dirichlet0.5,iid,cross,fn_loss_tr,3,3,0.003123955335468054,0.0032433555461466312,-0.5555555555555556
A',,partition,0.2|wd0.1,20,,dirichlet0.5,iid,cross,fn_acc_tr,3,3,100.0,100.0,0.0
A',,partition,0.2|wd0.1,20,,dirichlet0.5,iid,cross,fn_margin_tr,3,3,0.5870218873023987,0.5887569785118103,0.11111111111111116
A',,partition,0.2|wd0.1,20,,dirichlet0.5,iid,cross,fn_entropy_tr,3,3,4.569588661193848,4.569551944732666,0.11111111111111116
A',,partition,0.2|wd0.1,20,,dirichlet0.5,iid,cross,fn_loss_te,3,3,0.010258027352392673,0.011243742890655994,-0.5555555555555556
A',,partition,0.2|wd0.1,20,,dirichlet0.5,iid,cross,fn_acc_te,3,3,96.3602523803711,92.37512969970703,0.5555555555555556
A',,partition,0.2|wd0.1,20,,dirichlet0.5,iid,cross,fn_margin_te,3,3,0.20862460136413574,0.16943031549453735,0.5555555555555556
A',,partition,0.2|wd0.1,20,,dirichlet0.5,iid,cross,fn_entropy_te,3,3,4.570010662078857,4.569908142089844,0.7777777777777777
A',,partition,0.2|wd0.1,20,,dirichlet0.5,iid,cross,fn_gap_loss,3,3,0.00713407201692462,0.008000387344509363,-0.7777777777777778
A',,partition,0.2|wd0.1,20,,dirichlet0.5,iid,cross,fn_gap_acc,3,3,3.6397476196289062,7.624870300292969,-0.5555555555555556
A',,partition,0.2|wd0.1,20,,dirichlet0.5,iid,cross,fn_class_acc_gini,3,3,0.0217010986711752,0.044185411150382325,-0.5555555555555556
A',,partition,0.2|wd0.1,20,,dirichlet0.5,iid,cross,w_W1_fro,3,3,62.78498077392578,60.12299728393555,1.0
A',,partition,0.2|wd0.1,20,,dirichlet0.5,iid,cross,w_W1_spec,3,3,8.382088661193848,8.208780288696289,0.33333333333333326
A',,partition,0.2|wd0.1,20,,dirichlet0.5,iid,cross,w_W1_stable_rank,3,3,54.86967849731445,53.84717559814453,0.5555555555555556
A',,partition,0.2|wd0.1,20,,dirichlet0.5,iid,cross,w_W1_eff_rank,3,3,170.5497387749167,170.1846295510114,0.5555555555555556
A',,partition,0.2|wd0.1,20,,dirichlet0.5,iid,cross,w_W1_sv_gini,3,3,0.282554735039767,0.28553557152022724,-0.5555555555555556
A',,partition,0.2|wd0.1,20,,dirichlet0.5,iid,cross,w_W1_entry_gini,3,3,0.3592009108211729,0.36270091582786157,-1.0
A',,partition,0.2|wd0.1,20,,dirichlet0.5,iid,cross,w_W1_row_gini,3,3,0.08036702383512839,0.07062089902393831,1.0
A',,partition,0.2|wd0.1,20,,dirichlet0.5,iid,cross,w_W1_row_pr,3,3,0.9786756890071162,0.9827076319401583,-1.0
A',,partition,0.2|wd0.1,20,,dirichlet0.5,iid,cross,w_W1_dist_init,3,3,62.46675491333008,59.73859405517578,1.0
A',,partition,0.2|wd0.1,20,,dirichlet0.5,iid,cross,w_W1_rel_dist_init,3,3,3.876610866537062,3.7313745997986802,1.0
A',,partition,0.2|wd0.1,20,,dirichlet0.5,iid,cross,w_W1_cos_init,3,3,0.13818511366844177,0.14032921195030212,-0.33333333333333337
A',,partition,0.2|wd0.1,20,,dirichlet0.5,iid,cross,w_W2_fro,3,3,6.200131893157959,7.140892028808594,-1.0
A',,partition,0.2|wd0.1,20,,dirichlet0.5,iid,cross,w_W2_spec,3,3,1.1425068378448486,1.3159226179122925,-0.7777777777777778
A',,partition,0.2|wd0.1,20,,dirichlet0.5,iid,cross,w_W2_stable_rank,3,3,29.45032501220703,29.44767189025879,0.33333333333333326
A',,partition,0.2|wd0.1,20,,dirichlet0.5,iid,cross,w_W2_eff_rank,3,3,91.36043853792913,90.67306788535768,1.0
A',,partition,0.2|wd0.1,20,,dirichlet0.5,iid,cross,w_W2_sv_gini,3,3,0.19162809041638829,0.20578956144543836,-1.0
A',,partition,0.2|wd0.1,20,,dirichlet0.5,iid,cross,w_W2_entry_gini,3,3,0.4209088210370209,0.4271753484500451,-1.0
A',,partition,0.2|wd0.1,20,,dirichlet0.5,iid,cross,w_W2_row_gini,3,3,0.07749798575235078,0.09307066808221287,-1.0
A',,partition,0.2|wd0.1,20,,dirichlet0.5,iid,cross,w_W2_row_pr,3,3,0.9804934899425388,0.9733306135956019,1.0
A',,partition,0.2|wd0.1,20,,dirichlet0.5,iid,cross,w_W2_dist_init,3,3,6.224478721618652,7.1500678062438965,-1.0
A',,partition,0.2|wd0.1,20,,dirichlet0.5,iid,cross,w_W2_rel_dist_init,3,3,10.099637540645874,11.567515130756505,-1.0
A',,partition,0.2|wd0.1,20,,dirichlet0.5,iid,cross,w_W2_cos_init,3,3,0.011706103570759296,0.015485129319131374,-0.33333333333333337
A',,partition,0.2|wd0.1,20,,dirichlet0.5,iid,cross,w_all_norm,3,3,63.072365326238604,60.54557904067995,1.0
A',,partition,0.2|wd0.1,20,,dirichlet0.5,iid,cross,w_all_rel_norm,3,3,3.911317708227589,3.76956856290826,1.0
A',,partition,0.2|wd0.1,20,,dirichlet0.5,iid,cross,w_all_dist_init,3,3,62.75794741046072,60.17781386172355,1.0
A',,partition,0.2|wd0.1,20,,dirichlet0.5,iid,cross,w_all_rel_dist_init,3,3,3.8918196545965724,3.7549036440310166,1.0
A',,partition,0.2|wd0.1,20,,dirichlet0.5,iid,cross,w_all_cos_init,3,3,0.13740941852587613,0.13928150232178516,-0.33333333333333337
A',,partition,0.2|wd0.1,20,,dirichlet0.5,iid,cross,rep_between_within_tr,3,3,0.31977482306073235,0.2661065670263673,1.0
A',,partition,0.2|wd0.1,20,,dirichlet0.5,iid,cross,rep_nc1_tr,3,3,1.1184137558333866,1.3256947426601149,-0.7777777777777778
A',,partition,0.2|wd0.1,20,,dirichlet0.5,iid,cross,rep_eff_rank_te,3,3,238.66788007018218,239.7935380696288,-0.5555555555555556
A',,partition,0.2|wd0.1,20,,dirichlet0.5,iid,cross,rep_pr_te,3,3,145.33161329531345,151.2220379921231,-0.11111111111111116
A',,partition,0.2|wd0.1,20,,dirichlet0.5,iid,cross,rep_unit_gini_te,3,3,0.31082837584336054,0.27971322522012754,1.0
A',,partition,0.2|wd0.1,20,,dirichlet0.5,iid,cross,rep_unit_pr_te,3,3,0.6534869307546268,0.7020546171199137,-0.33333333333333337
A',,partition,0.2|wd0.1,20,,dirichlet0.5,iid,cross,rep_between_within_te,3,3,0.15462206038489573,0.11487122772379314,1.0
A',,partition,0.2|wd0.1,20,,dirichlet0.5,iid,cross,unit_interaction_share,3,3,0.6523432324119922,0.6191204000635508,1.0
A',,partition,0.2|wd0.1,20,,dirichlet0.5,iid,cross,unit_frac_interacting,3,3,0.91015625,0.8828125,0.33333333333333326
A',,partition,0.2|wd0.1,20,,dirichlet0.5,iid,cross,add_share_a,3,3,0.05617751599657767,0.05434497094446011,0.11111111111111116
A',,partition,0.2|wd0.1,20,,dirichlet0.5,iid,cross,add_share_b,3,3,0.05463113243195925,0.05758290315758665,-0.7777777777777778
A',,partition,0.2|wd0.1,20,,dirichlet0.5,iid,cross,add_share_interaction,3,3,0.8848973682718263,0.8863747712104468,-0.11111111111111116
A',,partition,0.2|wd0.1,20,,dirichlet0.5,iid,cross,add_acc_interaction_tr,3,3,100.0,100.0,0.0
A',,partition,0.2|wd0.1,20,,dirichlet0.5,iid,cross,add_acc_additive_tr,3,3,11.908559799194336,10.738968849182129,0.22222222222222232
A',,partition,0.2|wd0.1,20,,dirichlet0.5,iid,cross,add_acc_no_a_tr,3,3,100.0,100.0,0.0
A',,partition,0.2|wd0.1,20,,dirichlet0.5,iid,cross,add_acc_no_b_tr,3,3,100.0,100.0,0.0
A',,partition,0.2|wd0.1,20,,dirichlet0.5,iid,cross,add_acc_interaction_te,3,3,98.89745330810547,96.54622650146484,0.5555555555555556
A',,partition,0.2|wd0.1,20,,dirichlet0.5,iid,cross,add_acc_additive_te,3,3,0.19925612211227417,0.21253985166549683,0.11111111111111116
A',,partition,0.2|wd0.1,20,,dirichlet0.5,iid,cross,add_acc_no_a_te,3,3,97.60892486572266,94.55366516113281,0.5555555555555556
A',,partition,0.2|wd0.1,20,,dirichlet0.5,iid,cross,add_acc_no_b_te,3,3,97.59564208984375,94.52709197998047,0.5555555555555556
A',,partition,0.2|wd0.1,20,,dirichlet0.5,iid,cross,circ_share_interaction_tr,3,3,0.9840402876214326,0.9897886667860645,-1.0
A',,partition,0.2|wd0.1,20,,dirichlet0.5,iid,cross,circ_share_marginal_tr,3,3,0.1398747295886005,0.14509505208211768,-0.33333333333333337
A',,partition,0.2|wd0.1,20,,dirichlet0.5,iid,cross,circ_acc_interaction_tr,3,3,100.0,100.0,0.0
A',,partition,0.2|wd0.1,20,,dirichlet0.5,iid,cross,circ_acc_marginal_tr,3,3,9.888356924057007,8.931419253349304,0.33333333333333326
A',,partition,0.2|wd0.1,20,,dirichlet0.5,iid,cross,circ_units_tr,3,3,170.50189208984375,175.3450927734375,-0.11111111111111116
A',,partition,0.2|wd0.1,20,,dirichlet0.5,iid,cross,circ_share_interaction_te,3,3,0.8945511975658429,0.89260882978891,0.33333333333333326
A',,partition,0.2|wd0.1,20,,dirichlet0.5,iid,cross,circ_share_marginal_te,3,3,0.12919835119040216,0.12747610263505724,0.33333333333333326
A',,partition,0.2|wd0.1,20,,dirichlet0.5,iid,cross,circ_acc_interaction_te,3,3,98.76461029052734,96.10786437988281,0.5555555555555556
A',,partition,0.2|wd0.1,20,,dirichlet0.5,iid,cross,circ_acc_marginal_te,3,3,0.3055260283872485,0.2789585618302226,0.33333333333333326
A',,partition,0.2|wd0.1,20,,dirichlet0.5,iid,cross,circ_units_te,3,3,170.50189208984375,175.3450927734375,-0.11111111111111116
A',,partition,0.2|wd0.1,20,,dirichlet0.5,iid,cross,sharp_lambda_max,3,3,0.14307616651058197,0.1204570084810257,1.0
A',,partition,0.2|wd0.1,20,,dirichlet0.5,iid,cross,sharp_grad_norm,3,3,0.0031198528595268726,0.0016937173204496503,1.0
A',,partition,0.2|wd0.1,20,,dirichlet0.5,iid,cross,sharp_lr_lambda,3,3,0.00014307616651058197,0.0001204570084810257,1.0
A',,partition,0.2|wd0.1,20,,dirichlet0.5,iid,cross,unit_fourier_sum_share,3,3,0.1399479963488966,0.10756905670234351,1.0
A',,partition,0.2|wd0.1,20,,dirichlet0.5,iid,cross,unit_fourier_diff_share,3,3,0.13994799764708762,0.10756905921663078,1.0
A',,partition,0.2|wd0.1,20,,dirichlet0.5,iid,cross,unit_fourier_marginal_share,3,3,0.3476567684198026,0.3808796035339963,-1.0
A',,partition,0.2|wd0.1,20,,dirichlet0.5,iid,cross,unit_fourier_other_share,3,3,0.37244723758421316,0.40398228054702945,-0.5555555555555556
A',,partition,0.2|wd0.1,20,,dirichlet0.5,iid,cross,unit_sum_freq_concentration,3,3,0.1372918769764921,0.10426239262902472,1.0
A',,partition,0.2|wd0.1,20,,dirichlet0.5,iid,cross,unit_n_distinct_sum_freqs,3,3,48.0,48.0,0.0
A',,partition,0.2|wd0.1,20,,dirichlet0.5,iid,cross,fU_ipr,3,3,0.15719479364813058,0.14656088528810857,0.5555555555555556
A',,partition,0.2|wd0.1,20,,dirichlet0.5,iid,cross,fU_dc_share,3,3,0.011134138700665184,0.011378360729025266,-0.33333333333333337
A',,partition,0.2|wd0.1,20,,dirichlet0.5,iid,cross,fU_top1_share,3,3,0.026378905350464246,0.026677717035709064,0.11111111111111116
A',,partition,0.2|wd0.1,20,,dirichlet0.5,iid,cross,fU_nfreq90,3,3,42.0,42.0,0.0
A',,partition,0.2|wd0.1,20,,dirichlet0.5,iid,cross,fU_freq_gini,3,3,0.08344868608609213,0.07753882975145032,0.33333333333333326
A',,partition,0.2|wd0.1,20,,dirichlet0.5,iid,cross,fU_freq_eff_n,3,3,47.49448545160307,47.555778340241694,-0.33333333333333337
A',,partition,0.2|wd0.1,20,,dirichlet0.5,iid,cross,fV_ipr,3,3,0.15681974535170284,0.14520566305488838,0.5555555555555556
A',,partition,0.2|wd0.1,20,,dirichlet0.5,iid,cross,fV_dc_share,3,3,0.01026023190732606,0.010617584241937214,0.11111111111111116
A',,partition,0.2|wd0.1,20,,dirichlet0.5,iid,cross,fV_top1_share,3,3,0.0283323568837032,0.027161420901922043,0.33333333333333326
A',,partition,0.2|wd0.1,20,,dirichlet0.5,iid,cross,fV_nfreq90,3,3,42.0,43.0,-0.33333333333333337
A',,partition,0.2|wd0.1,20,,dirichlet0.5,iid,cross,fV_freq_gini,3,3,0.07856203803329032,0.07437135669703232,0.33333333333333326
A',,partition,0.2|wd0.1,20,,dirichlet0.5,iid,cross,fV_freq_eff_n,3,3,47.54584876441576,47.58974888064501,-0.33333333333333337
A',,partition,0.2|wd0.1,20,,dirichlet0.5,iid,cross,fout_ipr,3,3,0.17130725945758452,0.15602161891312177,0.5555555555555556
A',,partition,0.2|wd0.1,20,,dirichlet0.5,iid,cross,fout_dc_share,3,3,0.00033021892983525167,0.00032243805162689826,-0.11111111111111116
A',,partition,0.2|wd0.1,20,,dirichlet0.5,iid,cross,fout_top1_share,3,3,0.040055024263060804,0.040058883115508835,-0.11111111111111116
A',,partition,0.2|wd0.1,20,,dirichlet0.5,iid,cross,fout_nfreq90,3,3,42.0,42.0,0.33333333333333326
A',,partition,0.2|wd0.1,20,,dirichlet0.5,iid,cross,fout_freq_gini,3,3,0.11976889291492432,0.13379639667684762,-0.5555555555555556
A',,partition,0.2|wd0.1,20,,dirichlet0.5,iid,cross,fout_freq_eff_n,3,3,46.78417876755503,46.66010366594567,0.33333333333333326
A',,partition,0.2|wd0.1,20,,dirichlet0.5,iid,cross,fin_uv_agree_strong,3,3,0.96875,0.9296875,1.0
A',,partition,0.2|wd0.1,20,,dirichlet0.5,iid,cross,fin_uvw_agree_strong,3,3,0.953125,0.90625,0.8888888888888888
A',,partition,0.2|wd0.1,20,,dirichlet0.5,iid,cross,fin_n_unique_freq_strong,3,3,48.0,48.0,0.33333333333333326
A',,partition,0.2|wd0.1,20,,dirichlet0.5,iid,cross,clock_share,3,3,0.3246176071622445,0.2969430975326165,0.5555555555555556
A',,partition,0.2|wd0.1,20,,dirichlet0.5,iid,cross,clock_nfreq90,3,3,31.0,31.0,0.22222222222222232
A',,partition,0.2|wd0.1,20,,dirichlet0.5,iid,cross,clock_top1_share,3,3,0.05306950720568376,0.057937461252624695,-0.5555555555555556
A',,partition,0.2|wd0.1,20,,dirichlet0.5,iid,cross,clock_freq_gini,3,3,0.40797703254964457,0.4305297755615163,-0.5555555555555556
A',,partition,0.2|wd0.1,20,,dirichlet0.5,iid,cross,clock_key_jaccard_final,3,3,0.5869565217391305,0.6,0.11111111111111116
A',,partition,0.2|wd0.1,20,,dirichlet0.5,iid,cross,clock_restricted_loss_tr,3,3,0.00399324856698513,0.004128926433622837,-0.33333333333333337
A',,partition,0.2|wd0.1,20,,dirichlet0.5,iid,cross,clock_restricted_acc_tr,3,3,100.0,100.0,0.0
A',,partition,0.2|wd0.1,20,,dirichlet0.5,iid,cross,clock_excluded_loss_tr,3,3,0.007910411804914474,0.007799484301358461,0.33333333333333326
A',,partition,0.2|wd0.1,20,,dirichlet0.5,iid,cross,clock_excluded_acc_tr,3,3,92.61031341552734,93.0356216430664,-0.11111111111111116
A',,partition,0.2|wd0.1,20,,dirichlet0.5,iid,cross,clock_restricted_loss_te,3,3,0.003994631581008434,0.004130409564822912,-0.33333333333333337
A',,partition,0.2|wd0.1,20,,dirichlet0.5,iid,cross,clock_restricted_acc_te,3,3,100.0,100.0,0.0
A',,partition,0.2|wd0.1,20,,dirichlet0.5,iid,cross,clock_excluded_loss_te,3,3,0.016713568940758705,0.017700249329209328,-1.0
A',,partition,0.2|wd0.1,20,,dirichlet0.5,iid,cross,clock_excluded_acc_te,3,3,3.6131772994995117,2.1253983974456787,0.4444444444444444
A',,partition,0.2|wd0.1,20,,dirichlet0.5,iid,end,fn_loss_tr,3,3,0.0007979673100635409,0.0007962552481330931,0.11111111111111116
A',,partition,0.2|wd0.1,20,,dirichlet0.5,iid,end,fn_acc_tr,3,3,100.0,100.0,0.0
A',,partition,0.2|wd0.1,20,,dirichlet0.5,iid,end,fn_margin_tr,3,3,0.8640413880348206,0.8614190816879272,0.11111111111111116
A',,partition,0.2|wd0.1,20,,dirichlet0.5,iid,end,fn_entropy_tr,3,3,4.566229820251465,4.566261291503906,0.11111111111111116
A',,partition,0.2|wd0.1,20,,dirichlet0.5,iid,end,fn_loss_te,3,3,0.002474456327036023,0.002496287226676941,0.11111111111111116
A',,partition,0.2|wd0.1,20,,dirichlet0.5,iid,end,fn_acc_te,3,3,100.0,100.0,0.0
A',,partition,0.2|wd0.1,20,,dirichlet0.5,iid,end,fn_margin_te,3,3,0.7608353495597839,0.7605840563774109,0.11111111111111116
A',,partition,0.2|wd0.1,20,,dirichlet0.5,iid,end,fn_entropy_te,3,3,4.566607475280762,4.56668758392334,-0.7777777777777778
A',,partition,0.2|wd0.1,20,,dirichlet0.5,iid,end,fn_gap_loss,3,3,0.001669799501542002,0.0017000319785438478,-0.11111111111111116
A',,partition,0.2|wd0.1,20,,dirichlet0.5,iid,end,fn_gap_acc,3,3,0.0,0.0,0.0
A',,partition,0.2|wd0.1,20,,dirichlet0.5,iid,end,fn_class_acc_gini,3,3,0.0,0.0,0.0
A',,partition,0.2|wd0.1,20,,dirichlet0.5,iid,end,w_W1_fro,3,3,53.729339599609375,54.43855667114258,-0.33333333333333337
A',,partition,0.2|wd0.1,20,,dirichlet0.5,iid,end,w_W1_spec,3,3,10.48768138885498,10.201029777526855,0.5555555555555556
A',,partition,0.2|wd0.1,20,,dirichlet0.5,iid,end,w_W1_stable_rank,3,3,26.24690818786621,28.489486694335938,-0.5555555555555556
A',,partition,0.2|wd0.1,20,,dirichlet0.5,iid,end,w_W1_eff_rank,3,3,169.45997549203582,170.0304137538881,-1.0
A',,partition,0.2|wd0.1,20,,dirichlet0.5,iid,end,w_W1_sv_gini,3,3,0.2898270195628516,0.28691682797396556,1.0
A',,partition,0.2|wd0.1,20,,dirichlet0.5,iid,end,w_W1_entry_gini,3,3,0.40948062316730915,0.41124765520192397,-0.33333333333333337
A',,partition,0.2|wd0.1,20,,dirichlet0.5,iid,end,w_W1_row_gini,3,3,0.13005680746369097,0.1305430461026127,-0.33333333333333337
A',,partition,0.2|wd0.1,20,,dirichlet0.5,iid,end,w_W1_row_pr,3,3,0.9442118699249383,0.9433842910771246,0.33333333333333326
A',,partition,0.2|wd0.1,20,,dirichlet0.5,iid,end,w_W1_dist_init,3,3,55.05513381958008,55.679908752441406,-0.33333333333333337
A',,partition,0.2|wd0.1,20,,dirichlet0.5,iid,end,w_W1_rel_dist_init,3,3,3.4350622922164717,3.468578751147213,-0.33333333333333337
A',,partition,0.2|wd0.1,20,,dirichlet0.5,iid,end,w_W1_cos_init,3,3,0.06276848167181015,0.06587701290845871,-0.33333333333333337
A',,partition,0.2|wd0.1,20,,dirichlet0.5,iid,end,w_W2_fro,3,3,12.644282341003418,12.165291786193848,0.33333333333333326
A',,partition,0.2|wd0.1,20,,dirichlet0.5,iid,end,w_W2_spec,3,3,2.117103338241577,2.0790979862213135,0.7777777777777777
A',,partition,0.2|wd0.1,20,,dirichlet0.5,iid,end,w_W2_stable_rank,3,3,32.14836883544922,34.237491607666016,-0.33333333333333337
A',,partition,0.2|wd0.1,20,,dirichlet0.5,iid,end,w_W2_eff_rank,3,3,91.17424000978122,91.18160867469244,-0.33333333333333337
A',,partition,0.2|wd0.1,20,,dirichlet0.5,iid,end,w_W2_sv_gini,3,3,0.19549867446191938,0.1948804031678606,0.33333333333333326
A',,partition,0.2|wd0.1,20,,dirichlet0.5,iid,end,w_W2_entry_gini,3,3,0.4871709295722122,0.48756255635827617,-0.11111111111111116
A',,partition,0.2|wd0.1,20,,dirichlet0.5,iid,end,w_W2_row_gini,3,3,0.02638607080857369,0.022366626547459578,1.0
A',,partition,0.2|wd0.1,20,,dirichlet0.5,iid,end,w_W2_row_pr,3,3,0.9977522673698968,0.9984571378315726,-1.0
A',,partition,0.2|wd0.1,20,,dirichlet0.5,iid,end,w_W2_dist_init,3,3,12.654179573059082,12.179691314697266,0.33333333333333326
A',,partition,0.2|wd0.1,20,,dirichlet0.5,iid,end,w_W2_rel_dist_init,3,3,20.46564901023013,19.698257485632,0.33333333333333326
A',,partition,0.2|wd0.1,20,,dirichlet0.5,iid,end,w_W2_cos_init,3,3,0.008210713043808937,0.0021116272546350956,0.11111111111111116
A',,partition,0.2|wd0.1,20,,dirichlet0.5,iid,end,w_all_norm,3,3,55.21898284346848,55.73441762200377,-0.33333333333333337
A',,partition,0.2|wd0.1,20,,dirichlet0.5,iid,end,w_all_rel_norm,3,3,3.438742192495396,3.4664525475926187,-0.33333333333333337
A',,partition,0.2|wd0.1,20,,dirichlet0.5,iid,end,w_all_dist_init,3,3,56.49067197829298,56.94904067710959,-0.33333333333333337
A',,partition,0.2|wd0.1,20,,dirichlet0.5,iid,end,w_all_rel_dist_init,3,3,3.5220100859617016,3.548209886723169,-0.33333333333333337
A',,partition,0.2|wd0.1,20,,dirichlet0.5,iid,end,w_all_cos_init,3,3,0.061125966280457425,0.06413285823183482,-0.33333333333333337
A',,partition,0.2|wd0.1,20,,dirichlet0.5,iid,end,rep_between_within_tr,3,3,0.24040558645102947,0.23278602002130855,-0.11111111111111116
A',,partition,0.2|wd0.1,20,,dirichlet0.5,iid,end,rep_nc1_tr,3,3,2.0799088679381454,2.0611047993958787,-0.11111111111111116
A',,partition,0.2|wd0.1,20,,dirichlet0.5,iid,end,rep_eff_rank_te,3,3,212.40957229737683,210.87427660651318,0.5555555555555556
A',,partition,0.2|wd0.1,20,,dirichlet0.5,iid,end,rep_pr_te,3,3,87.92864207049584,82.53518893205398,1.0
A',,partition,0.2|wd0.1,20,,dirichlet0.5,iid,end,rep_unit_gini_te,3,3,0.5024100503663498,0.5138965173412098,-0.5555555555555556
A',,partition,0.2|wd0.1,20,,dirichlet0.5,iid,end,rep_unit_pr_te,3,3,0.421204840848891,0.3914704650428316,0.7777777777777777
A',,partition,0.2|wd0.1,20,,dirichlet0.5,iid,end,rep_between_within_te,3,3,0.19305580243407092,0.1945498519714588,-0.11111111111111116
A',,partition,0.2|wd0.1,20,,dirichlet0.5,iid,end,unit_interaction_share,3,3,0.4606142709998671,0.4600663968505507,0.11111111111111116
A',,partition,0.2|wd0.1,20,,dirichlet0.5,iid,end,unit_frac_interacting,3,3,0.5720164179801941,0.591093122959137,-0.5555555555555556
A',,partition,0.2|wd0.1,20,,dirichlet0.5,iid,end,add_share_a,3,3,0.016624922504133232,0.01593941170713883,0.7777777777777777
A',,partition,0.2|wd0.1,20,,dirichlet0.5,iid,end,add_share_b,3,3,0.016962049694020848,0.01700850039644986,-0.11111111111111116
A',,partition,0.2|wd0.1,20,,dirichlet0.5,iid,end,add_share_interaction,3,3,0.9571824486512445,0.9587304690057641,-0.5555555555555556
A',,partition,0.2|wd0.1,20,,dirichlet0.5,iid,end,add_acc_interaction_tr,3,3,100.0,100.0,0.0
A',,partition,0.2|wd0.1,20,,dirichlet0.5,iid,end,add_acc_additive_tr,3,3,3.4024455547332764,3.987240791320801,-1.0
A',,partition,0.2|wd0.1,20,,dirichlet0.5,iid,end,add_acc_no_a_tr,3,3,100.0,100.0,0.0
A',,partition,0.2|wd0.1,20,,dirichlet0.5,iid,end,add_acc_no_b_tr,3,3,100.0,100.0,0.0
A',,partition,0.2|wd0.1,20,,dirichlet0.5,iid,end,add_acc_interaction_te,3,3,100.0,100.0,0.0
A',,partition,0.2|wd0.1,20,,dirichlet0.5,iid,end,add_acc_additive_te,3,3,0.8501594066619873,0.783740758895874,0.5555555555555556
A',,partition,0.2|wd0.1,20,,dirichlet0.5,iid,end,add_acc_no_a_te,3,3,100.0,100.0,0.0
A',,partition,0.2|wd0.1,20,,dirichlet0.5,iid,end,add_acc_no_b_te,3,3,100.0,100.0,0.0
A',,partition,0.2|wd0.1,20,,dirichlet0.5,iid,end,circ_share_interaction_tr,3,3,1.0588048443784426,1.0404655001835585,1.0
A',,partition,0.2|wd0.1,20,,dirichlet0.5,iid,end,circ_share_marginal_tr,3,3,0.10711984426135464,0.08779727002477355,1.0
A',,partition,0.2|wd0.1,20,,dirichlet0.5,iid,end,circ_acc_interaction_tr,3,3,100.0,100.0,0.0
A',,partition,0.2|wd0.1,20,,dirichlet0.5,iid,end,circ_acc_marginal_tr,3,3,2.551834098994732,2.4455076083540916,0.4444444444444444
A',,partition,0.2|wd0.1,20,,dirichlet0.5,iid,end,circ_units_tr,3,3,167.051513671875,167.59107971191406,-0.11111111111111116
A',,partition,0.2|wd0.1,20,,dirichlet0.5,iid,end,circ_share_interaction_te,3,3,1.0126436188535668,1.0016283540038038,1.0
A',,partition,0.2|wd0.1,20,,dirichlet0.5,iid,end,circ_share_marginal_te,3,3,0.10580896566818548,0.08826218187687203,1.0
A',,partition,0.2|wd0.1,20,,dirichlet0.5,iid,end,circ_acc_interaction_te,3,3,100.0,100.0,0.0
A',,partition,0.2|wd0.1,20,,dirichlet0.5,iid,end,circ_acc_marginal_te,3,3,1.0494154877960682,1.10255042091012,0.11111111111111116
A',,partition,0.2|wd0.1,20,,dirichlet0.5,iid,end,circ_units_te,3,3,167.051513671875,167.59107971191406,-0.11111111111111116
A',,partition,0.2|wd0.1,20,,dirichlet0.5,iid,end,sharp_lambda_max,3,3,0.10005127638578415,0.10369202494621277,-0.5555555555555556
A',,partition,0.2|wd0.1,20,,dirichlet0.5,iid,end,sharp_grad_norm,3,3,0.004468702711164951,0.004485068377107382,-0.11111111111111116
A',,partition,0.2|wd0.1,20,,dirichlet0.5,iid,end,sharp_lr_lambda,3,3,0.00010005127638578415,0.00010369202494621278,-0.5555555555555556
A',,partition,0.2|wd0.1,20,,dirichlet0.5,iid,end,unit_fourier_sum_share,3,3,0.15901481919812666,0.15880806184170998,0.11111111111111116
A',,partition,0.2|wd0.1,20,,dirichlet0.5,iid,end,unit_fourier_diff_share,3,3,0.15901481524167602,0.15880805955678715,0.11111111111111116
A',,partition,0.2|wd0.1,20,,dirichlet0.5,iid,end,unit_fourier_marginal_share,3,3,0.5393857303557515,0.5399336112229692,-0.11111111111111116
A',,partition,0.2|wd0.1,20,,dirichlet0.5,iid,end,unit_fourier_other_share,3,3,0.14258463520444575,0.1424502673785336,0.33333333333333326
A',,partition,0.2|wd0.1,20,,dirichlet0.5,iid,end,unit_sum_freq_concentration,3,3,0.15820275319060315,0.15799236459755497,0.11111111111111116
A',,partition,0.2|wd0.1,20,,dirichlet0.5,iid,end,unit_n_distinct_sum_freqs,3,3,48.0,48.0,0.0
A',,partition,0.2|wd0.1,20,,dirichlet0.5,iid,end,fU_ipr,3,3,0.28641015958683713,0.28669103776729565,-0.11111111111111116
A',,partition,0.2|wd0.1,20,,dirichlet0.5,iid,end,fU_dc_share,3,3,0.04172969503819877,0.039213097976487934,0.5555555555555556
A',,partition,0.2|wd0.1,20,,dirichlet0.5,iid,end,fU_top1_share,3,3,0.03019142210695631,0.03174021618012776,-0.5555555555555556
A',,partition,0.2|wd0.1,20,,dirichlet0.5,iid,end,fU_nfreq90,3,3,42.0,42.0,0.0
A',,partition,0.2|wd0.1,20,,dirichlet0.5,iid,end,fU_freq_gini,3,3,0.11298566791856501,0.12016777842181958,-0.7777777777777778
A',,partition,0.2|wd0.1,20,,dirichlet0.5,iid,end,fU_freq_eff_n,3,3,47.07404689821667,46.96114147270658,0.5555555555555556
A',,partition,0.2|wd0.1,20,,dirichlet0.5,iid,end,fV_ipr,3,3,0.28438365136791266,0.28482224323854666,-0.11111111111111116
A',,partition,0.2|wd0.1,20,,dirichlet0.5,iid,end,fV_dc_share,3,3,0.04279535096574774,0.038359927959013725,1.0
A',,partition,0.2|wd0.1,20,,dirichlet0.5,iid,end,fV_top1_share,3,3,0.03060819099795703,0.03251685268811631,-0.7777777777777778
A',,partition,0.2|wd0.1,20,,dirichlet0.5,iid,end,fV_nfreq90,3,3,42.0,42.0,0.0
A',,partition,0.2|wd0.1,20,,dirichlet0.5,iid,end,fV_freq_gini,3,3,0.11262577165352461,0.12327112262457485,-0.5555555555555556
A',,partition,0.2|wd0.1,20,,dirichlet0.5,iid,end,fV_freq_eff_n,3,3,47.05851654574768,46.89525519576155,0.7777777777777777
A',,partition,0.2|wd0.1,20,,dirichlet0.5,iid,end,fout_ipr,3,3,0.28967456895285476,0.29543875690258437,-1.0
A',,partition,0.2|wd0.1,20,,dirichlet0.5,iid,end,fout_dc_share,3,3,8.859316663662778e-05,8.632763216543715e-05,0.11111111111111116
A',,partition,0.2|wd0.1,20,,dirichlet0.5,iid,end,fout_top1_share,3,3,0.04586456471878392,0.04020967299610042,0.11111111111111116
A',,partition,0.2|wd0.1,20,,dirichlet0.5,iid,end,fout_nfreq90,3,3,39.0,38.0,0.7777777777777777
A',,partition,0.2|wd0.1,20,,dirichlet0.5,iid,end,fout_freq_gini,3,3,0.22772756124380322,0.23389909396499675,-0.11111111111111116
A',,partition,0.2|wd0.1,20,,dirichlet0.5,iid,end,fout_freq_eff_n,3,3,44.26901382395424,43.963051025438894,0.11111111111111116
A',,partition,0.2|wd0.1,20,,dirichlet0.5,iid,end,fin_uv_agree_strong,3,3,1.0,1.0,0.0
A',,partition,0.2|wd0.1,20,,dirichlet0.5,iid,end,fin_uvw_agree_strong,3,3,1.0,1.0,0.0
A',,partition,0.2|wd0.1,20,,dirichlet0.5,iid,end,fin_n_unique_freq_strong,3,3,47.0,48.0,-0.33333333333333337
A',,partition,0.2|wd0.1,20,,dirichlet0.5,iid,end,clock_share,3,3,0.7992505658091831,0.7981730825196646,-0.11111111111111116
A',,partition,0.2|wd0.1,20,,dirichlet0.5,iid,end,clock_nfreq90,3,3,43.0,43.0,-0.33333333333333337
A',,partition,0.2|wd0.1,20,,dirichlet0.5,iid,end,clock_top1_share,3,3,0.023761404905292393,0.023532570190612223,0.33333333333333326
A',,partition,0.2|wd0.1,20,,dirichlet0.5,iid,end,clock_freq_gini,3,3,0.0479642571999912,0.04140266478887855,0.33333333333333326
A',,partition,0.2|wd0.1,20,,dirichlet0.5,iid,end,clock_key_jaccard_final,3,3,1.0,1.0,0.0
A',,partition,0.2|wd0.1,20,,dirichlet0.5,iid,end,clock_restricted_loss_tr,3,3,0.001185928238555789,0.0011892198817804456,0.11111111111111116
A',,partition,0.2|wd0.1,20,,dirichlet0.5,iid,end,clock_restricted_acc_tr,3,3,100.0,100.0,0.0
A',,partition,0.2|wd0.1,20,,dirichlet0.5,iid,end,clock_excluded_loss_tr,3,3,0.009189048781991005,0.009159376844763756,0.33333333333333326
A',,partition,0.2|wd0.1,20,,dirichlet0.5,iid,end,clock_excluded_acc_tr,3,3,82.5093002319336,85.53960418701172,-0.5555555555555556
A',,partition,0.2|wd0.1,20,,dirichlet0.5,iid,end,clock_restricted_loss_te,3,3,0.0011861352249979973,0.0011898735538125038,-0.11111111111111116
A',,partition,0.2|wd0.1,20,,dirichlet0.5,iid,end,clock_restricted_acc_te,3,3,100.0,100.0,0.0
A',,partition,0.2|wd0.1,20,,dirichlet0.5,iid,end,clock_excluded_loss_te,3,3,0.011628449894487858,0.011673306114971638,-0.5555555555555556
A',,partition,0.2|wd0.1,20,,dirichlet0.5,iid,end,clock_excluded_acc_te,3,3,25.544633865356445,22.67534637451172,0.33333333333333326
A',,partition,0.2|wd0.1,20,,operand,iid,cross,fn_loss_tr,3,3,0.003586660837754607,0.0032433555461466312,0.5555555555555556
A',,partition,0.2|wd0.1,20,,operand,iid,cross,fn_acc_tr,3,3,100.0,100.0,0.0
A',,partition,0.2|wd0.1,20,,operand,iid,cross,fn_margin_tr,3,3,0.523132860660553,0.5887569785118103,-0.7777777777777778
A',,partition,0.2|wd0.1,20,,operand,iid,cross,fn_entropy_tr,3,3,4.570505619049072,4.569551944732666,1.0
A',,partition,0.2|wd0.1,20,,operand,iid,cross,fn_loss_te,3,3,0.010918578132987022,0.011243742890655994,0.11111111111111116
A',,partition,0.2|wd0.1,20,,operand,iid,cross,fn_acc_te,3,3,91.23272705078125,92.37512969970703,-0.11111111111111116
A',,partition,0.2|wd0.1,20,,operand,iid,cross,fn_margin_te,3,3,0.15748411417007446,0.16943031549453735,-0.11111111111111116
A',,partition,0.2|wd0.1,20,,operand,iid,cross,fn_entropy_te,3,3,4.570562362670898,4.569908142089844,1.0
A',,partition,0.2|wd0.1,20,,operand,iid,cross,fn_gap_loss,3,3,0.007740252884104848,0.008000387344509363,-0.11111111111111116
A',,partition,0.2|wd0.1,20,,operand,iid,cross,fn_gap_acc,3,3,8.76727294921875,7.624870300292969,0.11111111111111116
A',,partition,0.2|wd0.1,20,,operand,iid,cross,fn_class_acc_gini,3,3,0.052069901893659676,0.044185411150382325,0.11111111111111116
A',,partition,0.2|wd0.1,20,,operand,iid,cross,w_W1_fro,3,3,39.25200653076172,60.12299728393555,-1.0
A',,partition,0.2|wd0.1,20,,operand,iid,cross,w_W1_spec,3,3,6.779778957366943,8.208780288696289,-1.0
A',,partition,0.2|wd0.1,20,,operand,iid,cross,w_W1_stable_rank,3,3,33.800994873046875,53.84717559814453,-1.0
A',,partition,0.2|wd0.1,20,,operand,iid,cross,w_W1_eff_rank,3,3,151.18987476707068,170.1846295510114,-1.0
A',,partition,0.2|wd0.1,20,,operand,iid,cross,w_W1_sv_gini,3,3,0.3958531484782535,0.28553557152022724,1.0
A',,partition,0.2|wd0.1,20,,operand,iid,cross,w_W1_entry_gini,3,3,0.4737403530148625,0.36270091582786157,1.0
A',,partition,0.2|wd0.1,20,,operand,iid,cross,w_W1_row_gini,3,3,0.19264466007515613,0.07062089902393831,1.0
A',,partition,0.2|wd0.1,20,,operand,iid,cross,w_W1_row_pr,3,3,0.8905183286284215,0.9827076319401583,-1.0
A',,partition,0.2|wd0.1,20,,operand,iid,cross,w_W1_dist_init,3,3,40.88524627685547,59.73859405517578,-1.0
A',,partition,0.2|wd0.1,20,,operand,iid,cross,w_W1_rel_dist_init,3,3,2.5372886780785793,3.7313745997986802,-1.0
A',,partition,0.2|wd0.1,20,,operand,iid,cross,w_W1_cos_init,3,3,0.08972278237342834,0.14032921195030212,-1.0
A',,partition,0.2|wd0.1,20,,operand,iid,cross,w_W2_fro,3,3,31.77060317993164,7.140892028808594,1.0
A',,partition,0.2|wd0.1,20,,operand,iid,cross,w_W2_spec,3,3,17.360530853271484,1.3159226179122925,1.0
A',,partition,0.2|wd0.1,20,,operand,iid,cross,w_W2_stable_rank,3,3,3.631307601928711,29.44767189025879,-1.0
A',,partition,0.2|wd0.1,20,,operand,iid,cross,w_W2_eff_rank,3,3,84.71220731406704,90.67306788535768,-1.0
A',,partition,0.2|wd0.1,20,,operand,iid,cross,w_W2_sv_gini,3,3,0.26055882826879895,0.20578956144543836,1.0
A',,partition,0.2|wd0.1,20,,operand,iid,cross,w_W2_entry_gini,3,3,0.43423269964150446,0.4271753484500451,0.5555555555555556
A',,partition,0.2|wd0.1,20,,operand,iid,cross,w_W2_row_gini,3,3,0.04602233061026961,0.09307066808221287,-1.0
A',,partition,0.2|wd0.1,20,,operand,iid,cross,w_W2_row_pr,3,3,0.9931607028390876,0.9733306135956019,1.0
A',,partition,0.2|wd0.1,20,,operand,iid,cross,w_W2_dist_init,3,3,31.771923065185547,7.1500678062438965,1.0
A',,partition,0.2|wd0.1,20,,operand,iid,cross,w_W2_rel_dist_init,3,3,51.40121894631846,11.567515130756505,1.0
A',,partition,0.2|wd0.1,20,,operand,iid,cross,w_W2_cos_init,3,3,0.007595035247504711,0.015485129319131374,-0.7777777777777778
A',,partition,0.2|wd0.1,20,,operand,iid,cross,w_all_norm,3,3,50.49842812511735,60.54557904067995,-1.0
A',,partition,0.2|wd0.1,20,,operand,iid,cross,w_all_rel_norm,3,3,3.1347691921305083,3.76956856290826,-1.0
A',,partition,0.2|wd0.1,20,,operand,iid,cross,w_all_dist_init,3,3,51.80396218377788,60.17781386172355,-1.0
A',,partition,0.2|wd0.1,20,,operand,iid,cross,w_all_rel_dist_init,3,3,3.229808938618287,3.7549036440310166,-1.0
A',,partition,0.2|wd0.1,20,,operand,iid,cross,w_all_cos_init,3,3,0.07924909144237949,0.13928150232178516,-1.0
A',,partition,0.2|wd0.1,20,,operand,iid,cross,rep_between_within_tr,3,3,0.27157482463290916,0.2661065670263673,-0.11111111111111116
A',,partition,0.2|wd0.1,20,,operand,iid,cross,rep_nc1_tr,3,3,3.940986402338638,1.3256947426601149,1.0
A',,partition,0.2|wd0.1,20,,operand,iid,cross,rep_eff_rank_te,3,3,191.1782836290598,239.7935380696288,-1.0
A',,partition,0.2|wd0.1,20,,operand,iid,cross,rep_pr_te,3,3,64.16420800638828,151.2220379921231,-1.0
A',,partition,0.2|wd0.1,20,,operand,iid,cross,rep_unit_gini_te,3,3,0.5919385642434518,0.27971322522012754,1.0
A',,partition,0.2|wd0.1,20,,operand,iid,cross,rep_unit_pr_te,3,3,0.37143144320186955,0.7020546171199137,-1.0
A',,partition,0.2|wd0.1,20,,operand,iid,cross,rep_between_within_te,3,3,0.1278746488939699,0.11487122772379314,0.11111111111111116
A',,partition,0.2|wd0.1,20,,operand,iid,cross,unit_interaction_share,3,3,0.4005674647793961,0.6191204000635508,-1.0
A',,partition,0.2|wd0.1,20,,operand,iid,cross,unit_frac_interacting,3,3,0.21311473846435547,0.8828125,-1.0
A',,partition,0.2|wd0.1,20,,operand,iid,cross,add_share_a,3,3,0.034566956766941215,0.05434497094446011,-1.0
A',,partition,0.2|wd0.1,20,,operand,iid,cross,add_share_b,3,3,0.06940483906682447,0.05758290315758665,1.0
A',,partition,0.2|wd0.1,20,,operand,iid,cross,add_share_interaction,3,3,0.9010091383537313,0.8863747712104468,0.7777777777777777
A',,partition,0.2|wd0.1,20,,operand,iid,cross,add_acc_interaction_tr,3,3,100.0,100.0,-0.33333333333333337
A',,partition,0.2|wd0.1,20,,operand,iid,cross,add_acc_additive_tr,3,3,7.868155002593994,10.738968849182129,-1.0
A',,partition,0.2|wd0.1,20,,operand,iid,cross,add_acc_no_a_tr,3,3,100.0,100.0,0.0
A',,partition,0.2|wd0.1,20,,operand,iid,cross,add_acc_no_b_tr,3,3,100.0,100.0,-0.33333333333333337
A',,partition,0.2|wd0.1,20,,operand,iid,cross,add_acc_interaction_te,3,3,95.43038940429688,96.54622650146484,-0.11111111111111116
A',,partition,0.2|wd0.1,20,,operand,iid,cross,add_acc_additive_te,3,3,0.14612114429473877,0.21253985166549683,-0.5555555555555556
A',,partition,0.2|wd0.1,20,,operand,iid,cross,add_acc_no_a_te,3,3,92.49468231201172,94.55366516113281,-0.11111111111111116
A',,partition,0.2|wd0.1,20,,operand,iid,cross,add_acc_no_b_te,3,3,94.42082977294922,94.52709197998047,-0.11111111111111116
A',,partition,0.2|wd0.1,20,,operand,iid,cross,circ_share_interaction_tr,3,3,1.0792155620124393,0.9897886667860645,1.0
A',,partition,0.2|wd0.1,20,,operand,iid,cross,circ_share_marginal_tr,3,3,0.22945915450254042,0.14509505208211768,1.0
A',,partition,0.2|wd0.1,20,,operand,iid,cross,circ_acc_interaction_tr,3,3,100.0,100.0,-0.33333333333333337
A',,partition,0.2|wd0.1,20,,operand,iid,cross,circ_acc_marginal_tr,3,3,5.209994688630104,8.931419253349304,-1.0
A',,partition,0.2|wd0.1,20,,operand,iid,cross,circ_units_tr,3,3,173.1752166748047,175.3450927734375,-0.33333333333333337
A',,partition,0.2|wd0.1,20,,operand,iid,cross,circ_share_interaction_te,3,3,0.9606029715253374,0.89260882978891,1.0
A',,partition,0.2|wd0.1,20,,operand,iid,cross,circ_share_marginal_te,3,3,0.192465706820586,0.12747610263505724,1.0
A',,partition,0.2|wd0.1,20,,operand,iid,cross,circ_acc_interaction_te,3,3,93.23857426643372,96.10786437988281,-0.11111111111111116
A',,partition,0.2|wd0.1,20,,operand,iid,cross,circ_acc_marginal_te,3,3,0.371944741345942,0.2789585618302226,1.0
A',,partition,0.2|wd0.1,20,,operand,iid,cross,circ_units_te,3,3,173.1752166748047,175.3450927734375,-0.33333333333333337
A',,partition,0.2|wd0.1,20,,operand,iid,cross,sharp_lambda_max,3,3,0.04658399149775505,0.1204570084810257,-1.0
A',,partition,0.2|wd0.1,20,,operand,iid,cross,sharp_grad_norm,3,3,0.0006224680109880865,0.0016937173204496503,-1.0
A',,partition,0.2|wd0.1,20,,operand,iid,cross,sharp_lr_lambda,3,3,4.658399149775505e-05,0.0001204570084810257,-1.0
A',,partition,0.2|wd0.1,20,,operand,iid,cross,unit_fourier_sum_share,3,3,0.12077534204701595,0.10756905670234351,0.11111111111111116
A',,partition,0.2|wd0.1,20,,operand,iid,cross,unit_fourier_diff_share,3,3,0.12077534337342595,0.10756905921663078,0.11111111111111116
A',,partition,0.2|wd0.1,20,,operand,iid,cross,unit_fourier_marginal_share,3,3,0.5994325373607562,0.3808796035339963,1.0
A',,partition,0.2|wd0.1,20,,operand,iid,cross,unit_fourier_other_share,3,3,0.14681405671651715,0.40398228054702945,-1.0
A',,partition,0.2|wd0.1,20,,operand,iid,cross,unit_sum_freq_concentration,3,3,0.12023473250549561,0.10426239262902472,0.11111111111111116
A',,partition,0.2|wd0.1,20,,operand,iid,cross,unit_n_distinct_sum_freqs,3,3,48.0,48.0,0.0
A',,partition,0.2|wd0.1,20,,operand,iid,cross,fU_ipr,3,3,0.1862680619636436,0.14656088528810857,1.0
A',,partition,0.2|wd0.1,20,,operand,iid,cross,fU_dc_share,3,3,0.04680495678708747,0.011378360729025266,1.0
A',,partition,0.2|wd0.1,20,,operand,iid,cross,fU_top1_share,3,3,0.03725102368116336,0.026677717035709064,1.0
A',,partition,0.2|wd0.1,20,,operand,iid,cross,fU_nfreq90,3,3,39.0,42.0,-1.0
A',,partition,0.2|wd0.1,20,,operand,iid,cross,fU_freq_gini,3,3,0.19519115873687554,0.07753882975145032,1.0
A',,partition,0.2|wd0.1,20,,operand,iid,cross,fU_freq_eff_n,3,3,45.20077933315775,47.555778340241694,-1.0
A',,partition,0.2|wd0.1,20,,operand,iid,cross,fV_ipr,3,3,0.11156986848259598,0.14520566305488838,-1.0
A',,partition,0.2|wd0.1,20,,operand,iid,cross,fV_dc_share,3,3,0.013142298703568586,0.010617584241937214,1.0
A',,partition,0.2|wd0.1,20,,operand,iid,cross,fV_top1_share,3,3,0.030231317608289617,0.027161420901922043,0.5555555555555556
A',,partition,0.2|wd0.1,20,,operand,iid,cross,fV_nfreq90,3,3,42.0,43.0,-0.6666666666666667
A',,partition,0.2|wd0.1,20,,operand,iid,cross,fV_freq_gini,3,3,0.11700649249312423,0.07437135669703232,1.0
A',,partition,0.2|wd0.1,20,,operand,iid,cross,fV_freq_eff_n,3,3,46.990175176623744,47.58974888064501,-1.0
A',,partition,0.2|wd0.1,20,,operand,iid,cross,fout_ipr,3,3,0.1827948552611764,0.15602161891312177,0.5555555555555556
A',,partition,0.2|wd0.1,20,,operand,iid,cross,fout_dc_share,3,3,0.24499127823865197,0.00032243805162689826,1.0
A',,partition,0.2|wd0.1,20,,operand,iid,cross,fout_top1_share,3,3,0.035271685206150136,0.040058883115508835,-0.33333333333333337
A',,partition,0.2|wd0.1,20,,operand,iid,cross,fout_nfreq90,3,3,40.0,42.0,-0.8888888888888888
A',,partition,0.2|wd0.1,20,,operand,iid,cross,fout_freq_gini,3,3,0.1895678533544234,0.13379639667684762,1.0
A',,partition,0.2|wd0.1,20,,operand,iid,cross,fout_freq_eff_n,3,3,45.358899001569526,46.66010366594567,-0.7777777777777778
A',,partition,0.2|wd0.1,20,,operand,iid,cross,fin_uv_agree_strong,3,3,0.90625,0.9296875,-0.11111111111111116
A',,partition,0.2|wd0.1,20,,operand,iid,cross,fin_uvw_agree_strong,3,3,0.875,0.90625,0.0
A',,partition,0.2|wd0.1,20,,operand,iid,cross,fin_n_unique_freq_strong,3,3,48.0,48.0,0.33333333333333326
A',,partition,0.2|wd0.1,20,,operand,iid,cross,clock_share,3,3,0.2717407827130963,0.2969430975326165,0.11111111111111116
A',,partition,0.2|wd0.1,20,,operand,iid,cross,clock_nfreq90,3,3,32.0,31.0,0.22222222222222232
A',,partition,0.2|wd0.1,20,,operand,iid,cross,clock_top1_share,3,3,0.05477909927584107,0.057937461252624695,-0.33333333333333337
A',,partition,0.2|wd0.1,20,,operand,iid,cross,clock_freq_gini,3,3,0.40362333999005773,0.4305297755615163,-0.33333333333333337
A',,partition,0.2|wd0.1,20,,operand,iid,cross,clock_key_jaccard_final,3,3,0.6744186046511628,0.6,1.0
A',,partition,0.2|wd0.1,20,,operand,iid,cross,clock_restricted_loss_tr,3,3,0.004701316822320223,0.004128926433622837,0.33333333333333326
A',,partition,0.2|wd0.1,20,,operand,iid,cross,clock_restricted_acc_tr,3,3,100.0,100.0,0.0
A',,partition,0.2|wd0.1,20,,operand,iid,cross,clock_excluded_loss_tr,3,3,0.00807147566229105,0.007799484301358461,0.5555555555555556
A',,partition,0.2|wd0.1,20,,operand,iid,cross,clock_excluded_acc_tr,3,3,89.20787048339844,93.0356216430664,-1.0
A',,partition,0.2|wd0.1,20,,operand,iid,cross,clock_restricted_loss_te,3,3,0.00537150539457798,0.004130409564822912,1.0
A',,partition,0.2|wd0.1,20,,operand,iid,cross,clock_restricted_acc_te,3,3,100.0,100.0,0.0
A',,partition,0.2|wd0.1,20,,operand,iid,cross,clock_excluded_loss_te,3,3,0.017398077994585037,0.017700249329209328,-0.11111111111111116
A',,partition,0.2|wd0.1,20,,operand,iid,cross,clock_excluded_acc_te,3,3,4.675876617431641,2.1253983974456787,1.0
A',,partition,0.2|wd0.1,20,,operand,iid,end,fn_loss_tr,3,3,0.0020932622719556093,0.0007962552481330931,1.0
A',,partition,0.2|wd0.1,20,,operand,iid,end,fn_acc_tr,3,3,100.0,100.0,0.0
A',,partition,0.2|wd0.1,20,,operand,iid,end,fn_margin_tr,3,3,0.6858236193656921,0.8614190816879272,-1.0
A',,partition,0.2|wd0.1,20,,operand,iid,end,fn_entropy_tr,3,3,4.56864070892334,4.566261291503906,1.0
A',,partition,0.2|wd0.1,20,,operand,iid,end,fn_loss_te,3,3,0.0059682694263756275,0.002496287226676941,1.0
A',,partition,0.2|wd0.1,20,,operand,iid,end,fn_acc_te,3,3,99.97343444824219,100.0,-0.6666666666666667
A',,partition,0.2|wd0.1,20,,operand,iid,end,fn_margin_te,3,3,0.5105918645858765,0.7605840563774109,-1.0
A',,partition,0.2|wd0.1,20,,operand,iid,end,fn_entropy_te,3,3,4.568755149841309,4.56668758392334,1.0
A',,partition,0.2|wd0.1,20,,operand,iid,end,fn_gap_loss,3,3,0.003929083235561848,0.0017000319785438478,1.0
A',,partition,0.2|wd0.1,20,,operand,iid,end,fn_gap_acc,3,3,0.0265655517578125,0.0,0.6666666666666667
A',,partition,0.2|wd0.1,20,,operand,iid,end,fn_class_acc_gini,3,3,0.00024674861603224407,0.0,0.6666666666666667
A',,partition,0.2|wd0.1,20,,operand,iid,end,w_W1_fro,3,3,48.66822052001953,54.43855667114258,-1.0
A',,partition,0.2|wd0.1,20,,operand,iid,end,w_W1_spec,3,3,8.692537307739258,10.201029777526855,-0.7777777777777778
A',,partition,0.2|wd0.1,20,,operand,iid,end,w_W1_stable_rank,3,3,31.348554611206055,28.489486694335938,0.33333333333333326
A',,partition,0.2|wd0.1,20,,operand,iid,end,w_W1_eff_rank,3,3,148.30860671329324,170.0304137538881,-1.0
A',,partition,0.2|wd0.1,20,,operand,iid,end,w_W1_sv_gini,3,3,0.4053179431576863,0.28691682797396556,1.0
A',,partition,0.2|wd0.1,20,,operand,iid,end,w_W1_entry_gini,3,3,0.49524055003678735,0.41124765520192397,1.0
A',,partition,0.2|wd0.1,20,,operand,iid,end,w_W1_row_gini,3,3,0.1112167084709097,0.1305430461026127,-1.0
A',,partition,0.2|wd0.1,20,,operand,iid,end,w_W1_row_pr,3,3,0.963329165530115,0.9433842910771246,1.0
A',,partition,0.2|wd0.1,20,,operand,iid,end,w_W1_dist_init,3,3,50.4232177734375,55.679908752441406,-1.0
A',,partition,0.2|wd0.1,20,,operand,iid,end,w_W1_rel_dist_init,3,3,3.134222922926354,3.468578751147213,-1.0
A',,partition,0.2|wd0.1,20,,operand,iid,end,w_W1_cos_init,3,3,0.05467023327946663,0.06587701290845871,-1.0
A',,partition,0.2|wd0.1,20,,operand,iid,end,w_W2_fro,3,3,24.400463104248047,12.165291786193848,1.0
A',,partition,0.2|wd0.1,20,,operand,iid,end,w_W2_spec,3,3,4.388017177581787,2.0790979862213135,1.0
A',,partition,0.2|wd0.1,20,,operand,iid,end,w_W2_stable_rank,3,3,30.92182731628418,34.237491607666016,-0.7777777777777778
A',,partition,0.2|wd0.1,20,,operand,iid,end,w_W2_eff_rank,3,3,90.89983685760534,91.18160867469244,-0.7777777777777778
A',,partition,0.2|wd0.1,20,,operand,iid,end,w_W2_sv_gini,3,3,0.20593759886295482,0.1948804031678606,1.0
A',,partition,0.2|wd0.1,20,,operand,iid,end,w_W2_entry_gini,3,3,0.403408414994916,0.48756255635827617,-1.0
A',,partition,0.2|wd0.1,20,,operand,iid,end,w_W2_row_gini,3,3,0.04019189423214131,0.022366626547459578,1.0
A',,partition,0.2|wd0.1,20,,operand,iid,end,w_W2_row_pr,3,3,0.9946514982302992,0.9984571378315726,-1.0
A',,partition,0.2|wd0.1,20,,operand,iid,end,w_W2_dist_init,3,3,24.408458709716797,12.179691314697266,1.0
A',,partition,0.2|wd0.1,20,,operand,iid,end,w_W2_rel_dist_init,3,3,39.4884668361512,19.698257485632,1.0
A',,partition,0.2|wd0.1,20,,operand,iid,end,w_W2_cos_init,3,3,-0.0002683349885046482,0.0021116272546350956,-0.5555555555555556
A',,partition,0.2|wd0.1,20,,operand,iid,end,w_all_norm,3,3,54.44243095497317,55.73441762200377,-0.5555555555555556
A',,partition,0.2|wd0.1,20,,operand,iid,end,w_all_rel_norm,3,3,3.378587167151506,3.4664525475926187,-0.5555555555555556
A',,partition,0.2|wd0.1,20,,operand,iid,end,w_all_dist_init,3,3,56.02029763586992,56.94904067710959,-0.33333333333333337
A',,partition,0.2|wd0.1,20,,operand,iid,end,w_all_rel_dist_init,3,3,3.473996591534285,3.548209886723169,-0.33333333333333337
A',,partition,0.2|wd0.1,20,,operand,iid,end,w_all_cos_init,3,3,0.04883133414782374,0.06413285823183482,-1.0
A',,partition,0.2|wd0.1,20,,operand,iid,end,rep_between_within_tr,3,3,0.14667979838562362,0.23278602002130855,-1.0
A',,partition,0.2|wd0.1,20,,operand,iid,end,rep_nc1_tr,3,3,3.926797886900502,2.0611047993958787,1.0
A',,partition,0.2|wd0.1,20,,operand,iid,end,rep_eff_rank_te,3,3,173.71633657630358,210.87427660651318,-1.0
A',,partition,0.2|wd0.1,20,,operand,iid,end,rep_pr_te,3,3,56.64585056913065,82.53518893205398,-1.0
A',,partition,0.2|wd0.1,20,,operand,iid,end,rep_unit_gini_te,3,3,0.42266285819925,0.5138965173412098,-1.0
A',,partition,0.2|wd0.1,20,,operand,iid,end,rep_unit_pr_te,3,3,0.5530873565146225,0.3914704650428316,1.0
A',,partition,0.2|wd0.1,20,,operand,iid,end,rep_between_within_te,3,3,0.0660642049835187,0.1945498519714588,-1.0
A',,partition,0.2|wd0.1,20,,operand,iid,end,unit_interaction_share,3,3,0.18715527006669613,0.4600663968505507,-1.0
A',,partition,0.2|wd0.1,20,,operand,iid,end,unit_frac_interacting,3,3,0.0625,0.591093122959137,-1.0
A',,partition,0.2|wd0.1,20,,operand,iid,end,add_share_a,3,3,0.020960486643446866,0.01593941170713883,1.0
A',,partition,0.2|wd0.1,20,,operand,iid,end,add_share_b,3,3,0.04900264817308509,0.01700850039644986,1.0
A',,partition,0.2|wd0.1,20,,operand,iid,end,add_share_interaction,3,3,0.9294510157415923,0.9587304690057641,-1.0
A',,partition,0.2|wd0.1,20,,operand,iid,end,add_acc_interaction_tr,3,3,100.0,100.0,0.0
A',,partition,0.2|wd0.1,20,,operand,iid,end,add_acc_additive_tr,3,3,4.306220054626465,3.987240791320801,0.5555555555555556
A',,partition,0.2|wd0.1,20,,operand,iid,end,add_acc_no_a_tr,3,3,100.0,100.0,0.0
A',,partition,0.2|wd0.1,20,,operand,iid,end,add_acc_no_b_tr,3,3,100.0,100.0,0.0
A',,partition,0.2|wd0.1,20,,operand,iid,end,add_acc_interaction_te,3,3,100.0,100.0,-0.33333333333333337
A',,partition,0.2|wd0.1,20,,operand,iid,end,add_acc_additive_te,3,3,0.3852284848690033,0.783740758895874,-1.0
A',,partition,0.2|wd0.1,20,,operand,iid,end,add_acc_no_a_te,3,3,99.9867172241211,100.0,-0.6666666666666667
A',,partition,0.2|wd0.1,20,,operand,iid,end,add_acc_no_b_te,3,3,100.0,100.0,-0.33333333333333337
A',,partition,0.2|wd0.1,20,,operand,iid,end,circ_share_interaction_tr,3,3,1.3173882818853757,1.0404655001835585,1.0
A',,partition,0.2|wd0.1,20,,operand,iid,end,circ_share_marginal_tr,3,3,0.39732064109476034,0.08779727002477355,1.0
A',,partition,0.2|wd0.1,20,,operand,iid,end,circ_acc_interaction_tr,3,3,100.0,100.0,0.0
A',,partition,0.2|wd0.1,20,,operand,iid,end,circ_acc_marginal_tr,3,3,2.551834098994732,2.4455076083540916,0.22222222222222232
A',,partition,0.2|wd0.1,20,,operand,iid,end,circ_units_tr,3,3,177.4703369140625,167.59107971191406,1.0
A',,partition,0.2|wd0.1,20,,operand,iid,end,circ_share_interaction_te,3,3,1.1698677283631842,1.0016283540038038,1.0
A',,partition,0.2|wd0.1,20,,operand,iid,end,circ_share_marginal_te,3,3,0.3436214529606071,0.08826218187687203,1.0
A',,partition,0.2|wd0.1,20,,operand,iid,end,circ_acc_interaction_te,3,3,99.94686245918274,100.0,-1.0
A',,partition,0.2|wd0.1,20,,operand,iid,end,circ_acc_marginal_te,3,3,0.7040382362902164,1.10255042091012,-1.0
A',,partition,0.2|wd0.1,20,,operand,iid,end,circ_units_te,3,3,177.4703369140625,167.59107971191406,1.0
A',,partition,0.2|wd0.1,20,,operand,iid,end,sharp_lambda_max,3,3,0.05477820709347725,0.10369202494621277,-1.0
A',,partition,0.2|wd0.1,20,,operand,iid,end,sharp_grad_norm,3,3,0.0006328246672637761,0.004485068377107382,-1.0
A',,partition,0.2|wd0.1,20,,operand,iid,end,sharp_lr_lambda,3,3,5.477820709347725e-05,0.00010369202494621278,-1.0
A',,partition,0.2|wd0.1,20,,operand,iid,end,unit_fourier_sum_share,3,3,0.06394171087955432,0.15880806184170998,-1.0
A',,partition,0.2|wd0.1,20,,operand,iid,end,unit_fourier_diff_share,3,3,0.06394171067510684,0.15880805955678715,-1.0
A',,partition,0.2|wd0.1,20,,operand,iid,end,unit_fourier_marginal_share,3,3,0.812844725182265,0.5399336112229692,1.0
A',,partition,0.2|wd0.1,20,,operand,iid,end,unit_fourier_other_share,3,3,0.059271853263073826,0.1424502673785336,-1.0
A',,partition,0.2|wd0.1,20,,operand,iid,end,unit_sum_freq_concentration,3,3,0.06387364315474385,0.15799236459755497,-1.0
A',,partition,0.2|wd0.1,20,,operand,iid,end,unit_n_distinct_sum_freqs,3,3,48.0,48.0,0.0
A',,partition,0.2|wd0.1,20,,operand,iid,end,fU_ipr,3,3,0.36409744107090003,0.28669103776729565,1.0
A',,partition,0.2|wd0.1,20,,operand,iid,end,fU_dc_share,3,3,0.13182804954363292,0.039213097976487934,1.0
A',,partition,0.2|wd0.1,20,,operand,iid,end,fU_top1_share,3,3,0.033961496515478064,0.03174021618012776,0.5555555555555556
A',,partition,0.2|wd0.1,20,,operand,iid,end,fU_nfreq90,3,3,42.0,42.0,-0.33333333333333337
A',,partition,0.2|wd0.1,20,,operand,iid,end,fU_freq_gini,3,3,0.11811505489919294,0.12016777842181958,-0.11111111111111116
A',,partition,0.2|wd0.1,20,,operand,iid,end,fU_freq_eff_n,3,3,46.9655102825059,46.96114147270658,0.11111111111111116
A',,partition,0.2|wd0.1,20,,operand,iid,end,fV_ipr,3,3,0.16816592988205503,0.28482224323854666,-1.0
A',,partition,0.2|wd0.1,20,,operand,iid,end,fV_dc_share,3,3,0.01735288318820171,0.038359927959013725,-1.0
A',,partition,0.2|wd0.1,20,,operand,iid,end,fV_top1_share,3,3,0.025382792473560636,0.03251685268811631,-1.0
A',,partition,0.2|wd0.1,20,,operand,iid,end,fV_nfreq90,3,3,43.0,42.0,1.0
A',,partition,0.2|wd0.1,20,,operand,iid,end,fV_freq_gini,3,3,0.0567069843327066,0.12327112262457485,-1.0
A',,partition,0.2|wd0.1,20,,operand,iid,end,fV_freq_eff_n,3,3,47.75229761184585,46.89525519576155,1.0
A',,partition,0.2|wd0.1,20,,operand,iid,end,fout_ipr,3,3,0.25500258225637995,0.29543875690258437,-1.0
A',,partition,0.2|wd0.1,20,,operand,iid,end,fout_dc_share,3,3,0.004023503137854752,8.632763216543715e-05,1.0
A',,partition,0.2|wd0.1,20,,operand,iid,end,fout_top1_share,3,3,0.04340238841937765,0.04020967299610042,0.11111111111111116
A',,partition,0.2|wd0.1,20,,operand,iid,end,fout_nfreq90,3,3,41.0,38.0,1.0
A',,partition,0.2|wd0.1,20,,operand,iid,end,fout_freq_gini,3,3,0.1639982833505642,0.23389909396499675,-1.0
A',,partition,0.2|wd0.1,20,,operand,iid,end,fout_freq_eff_n,3,3,45.960452795172664,43.963051025438894,1.0
A',,partition,0.2|wd0.1,20,,operand,iid,end,fin_uv_agree_strong,3,3,0.9765625,1.0,-1.0
A',,partition,0.2|wd0.1,20,,operand,iid,end,fin_uvw_agree_strong,3,3,0.9765625,1.0,-1.0
A',,partition,0.2|wd0.1,20,,operand,iid,end,fin_n_unique_freq_strong,3,3,47.0,48.0,-0.7777777777777778
A',,partition,0.2|wd0.1,20,,operand,iid,end,clock_share,3,3,0.5486348973467067,0.7981730825196646,-1.0
A',,partition,0.2|wd0.1,20,,operand,iid,end,clock_nfreq90,3,3,40.0,43.0,-1.0
A',,partition,0.2|wd0.1,20,,operand,iid,end,clock_top1_share,3,3,0.0307955843259878,0.023532570190612223,1.0
A',,partition,0.2|wd0.1,20,,operand,iid,end,clock_freq_gini,3,3,0.14559627158281763,0.04140266478887855,1.0
A',,partition,0.2|wd0.1,20,,operand,iid,end,clock_key_jaccard_final,3,3,1.0,1.0,0.0
A',,partition,0.2|wd0.1,20,,operand,iid,end,clock_restricted_loss_tr,3,3,0.002384159015491605,0.0011892198817804456,1.0
A',,partition,0.2|wd0.1,20,,operand,iid,end,clock_restricted_acc_tr,3,3,100.0,100.0,0.0
A',,partition,0.2|wd0.1,20,,operand,iid,end,clock_excluded_loss_tr,3,3,0.008988459594547749,0.009159376844763756,-1.0
A',,partition,0.2|wd0.1,20,,operand,iid,end,clock_excluded_acc_tr,3,3,77.77777862548828,85.53960418701172,-1.0
A',,partition,0.2|wd0.1,20,,operand,iid,end,clock_restricted_loss_te,3,3,0.002387707820162177,0.0011898735538125038,1.0
A',,partition,0.2|wd0.1,20,,operand,iid,end,clock_restricted_acc_te,3,3,100.0,100.0,0.0
A',,partition,0.2|wd0.1,20,,operand,iid,end,clock_excluded_loss_te,3,3,0.014064804650843143,0.011673306114971638,1.0
A',,partition,0.2|wd0.1,20,,operand,iid,end,clock_excluded_acc_te,3,3,13.974494934082031,22.67534637451172,-1.0
A',,partition,0.2|wd0.1,20,,target,iid,cross,fn_loss_tr,3,3,0.0069679985754191875,0.0032433555461466312,1.0
A',,partition,0.2|wd0.1,20,,target,iid,cross,fn_acc_tr,3,3,100.0,100.0,-0.33333333333333337
A',,partition,0.2|wd0.1,20,,target,iid,cross,fn_margin_tr,3,3,0.2443007230758667,0.5887569785118103,-1.0
A',,partition,0.2|wd0.1,20,,target,iid,cross,fn_entropy_tr,3,3,4.573758602142334,4.569551944732666,1.0
A',,partition,0.2|wd0.1,20,,target,iid,cross,fn_loss_te,3,3,0.009676700457930565,0.011243742890655994,-0.7777777777777778
A',,partition,0.2|wd0.1,20,,target,iid,cross,fn_acc_te,3,3,93.21200561523438,92.37512969970703,0.11111111111111116
A',,partition,0.2|wd0.1,20,,target,iid,cross,fn_margin_te,3,3,0.0713178813457489,0.16943031549453735,-0.5555555555555556
A',,partition,0.2|wd0.1,20,,target,iid,cross,fn_entropy_te,3,3,4.5739312171936035,4.569908142089844,1.0
A',,partition,0.2|wd0.1,20,,target,iid,cross,fn_gap_loss,3,3,0.0027087018825113773,0.008000387344509363,-1.0
A',,partition,0.2|wd0.1,20,,target,iid,cross,fn_gap_acc,3,3,6.787994384765625,7.624870300292969,-0.11111111111111116
A',,partition,0.2|wd0.1,20,,target,iid,cross,fn_class_acc_gini,3,3,0.04469411004058088,0.044185411150382325,0.11111111111111116
A',,partition,0.2|wd0.1,20,,target,iid,cross,w_W1_fro,3,3,90.92113494873047,60.12299728393555,1.0
A',,partition,0.2|wd0.1,20,,target,iid,cross,w_W1_spec,3,3,11.733768463134766,8.208780288696289,1.0
A',,partition,0.2|wd0.1,20,,target,iid,cross,w_W1_stable_rank,3,3,60.29899215698242,53.84717559814453,0.7777777777777777
A',,partition,0.2|wd0.1,20,,target,iid,cross,w_W1_eff_rank,3,3,166.77047039094631,170.1846295510114,-1.0
A',,partition,0.2|wd0.1,20,,target,iid,cross,w_W1_sv_gini,3,3,0.3073241702174918,0.28553557152022724,1.0
A',,partition,0.2|wd0.1,20,,target,iid,cross,w_W1_entry_gini,3,3,0.34423430531655375,0.36270091582786157,-1.0
A',,partition,0.2|wd0.1,20,,target,iid,cross,w_W1_row_gini,3,3,0.13872729326924693,0.07062089902393831,1.0
A',,partition,0.2|wd0.1,20,,target,iid,cross,w_W1_row_pr,3,3,0.9356520115166281,0.9827076319401583,-1.0
A',,partition,0.2|wd0.1,20,,target,iid,cross,w_W1_dist_init,3,3,89.45502471923828,59.73859405517578,1.0
A',,partition,0.2|wd0.1,20,,target,iid,cross,w_W1_rel_dist_init,3,3,5.5922946390778305,3.7313745997986802,1.0
A',,partition,0.2|wd0.1,20,,target,iid,cross,w_W1_cos_init,3,3,0.19056043028831482,0.14032921195030212,0.33333333333333326
A',,partition,0.2|wd0.1,20,,target,iid,cross,w_W2_fro,3,3,1.1122934818267822,7.140892028808594,-1.0
A',,partition,0.2|wd0.1,20,,target,iid,cross,w_W2_spec,3,3,0.20775753259658813,1.3159226179122925,-1.0
A',,partition,0.2|wd0.1,20,,target,iid,cross,w_W2_stable_rank,3,3,25.926435470581055,29.44767189025879,-0.33333333333333337
A',,partition,0.2|wd0.1,20,,target,iid,cross,w_W2_eff_rank,3,3,80.8398832628812,90.67306788535768,-1.0
A',,partition,0.2|wd0.1,20,,target,iid,cross,w_W2_sv_gini,3,3,0.3182459164404303,0.20578956144543836,1.0
A',,partition,0.2|wd0.1,20,,target,iid,cross,w_W2_entry_gini,3,3,0.37625781494539123,0.4271753484500451,-1.0
A',,partition,0.2|wd0.1,20,,target,iid,cross,w_W2_row_gini,3,3,0.10650554405176416,0.09307066808221287,1.0
A',,partition,0.2|wd0.1,20,,target,iid,cross,w_W2_row_pr,3,3,0.9643944040528255,0.9733306135956019,-1.0
A',,partition,0.2|wd0.1,20,,target,iid,cross,w_W2_dist_init,3,3,1.236832857131958,7.1500678062438965,-1.0
A',,partition,0.2|wd0.1,20,,target,iid,cross,w_W2_rel_dist_init,3,3,2.0068449285574603,11.567515130756505,-1.0
A',,partition,0.2|wd0.1,20,,target,iid,cross,w_W2_cos_init,3,3,0.06365719437599182,0.015485129319131374,1.0
A',,partition,0.2|wd0.1,20,,target,iid,cross,w_all_norm,3,3,90.92714902641247,60.54557904067995,1.0
A',,partition,0.2|wd0.1,20,,target,iid,cross,w_all_rel_norm,3,3,5.669012683754669,3.76956856290826,1.0
A',,partition,0.2|wd0.1,20,,target,iid,cross,w_all_dist_init,3,3,89.46357472757286,60.17781386172355,1.0
A',,partition,0.2|wd0.1,20,,target,iid,cross,w_all_rel_dist_init,3,3,5.588959557744495,3.7549036440310166,1.0
A',,partition,0.2|wd0.1,20,,target,iid,cross,w_all_cos_init,3,3,0.19043463089091583,0.13928150232178516,0.5555555555555556
A',,partition,0.2|wd0.1,20,,target,iid,cross,rep_between_within_tr,3,3,0.5761820624085328,0.2661065670263673,1.0
A',,partition,0.2|wd0.1,20,,target,iid,cross,rep_nc1_tr,3,3,4.266663276225532,1.3256947426601149,1.0
A',,partition,0.2|wd0.1,20,,target,iid,cross,rep_eff_rank_te,3,3,227.50689464197146,239.7935380696288,-1.0
A',,partition,0.2|wd0.1,20,,target,iid,cross,rep_pr_te,3,3,122.48194858362679,151.2220379921231,-1.0
A',,partition,0.2|wd0.1,20,,target,iid,cross,rep_unit_gini_te,3,3,0.4984174664034646,0.27971322522012754,1.0
A',,partition,0.2|wd0.1,20,,target,iid,cross,rep_unit_pr_te,3,3,0.5040708167940876,0.7020546171199137,-1.0
A',,partition,0.2|wd0.1,20,,target,iid,cross,rep_between_within_te,3,3,0.30580428578816105,0.11487122772379314,1.0
A',,partition,0.2|wd0.1,20,,target,iid,cross,unit_interaction_share,3,3,0.7953920774015684,0.6191204000635508,1.0
A',,partition,0.2|wd0.1,20,,target,iid,cross,unit_frac_interacting,3,3,0.98828125,0.8828125,1.0
A',,partition,0.2|wd0.1,20,,target,iid,cross,add_share_a,3,3,0.06269232291400668,0.05434497094446011,0.33333333333333326
A',,partition,0.2|wd0.1,20,,target,iid,cross,add_share_b,3,3,0.06493504306822055,0.05758290315758665,0.33333333333333326
A',,partition,0.2|wd0.1,20,,target,iid,cross,add_share_interaction,3,3,0.8696526405129629,0.8863747712104468,-0.33333333333333337
A',,partition,0.2|wd0.1,20,,target,iid,cross,add_acc_interaction_tr,3,3,100.0,100.0,-0.33333333333333337
A',,partition,0.2|wd0.1,20,,target,iid,cross,add_acc_additive_tr,3,3,15.41733169555664,10.738968849182129,1.0
A',,partition,0.2|wd0.1,20,,target,iid,cross,add_acc_no_a_tr,3,3,100.0,100.0,-0.33333333333333337
A',,partition,0.2|wd0.1,20,,target,iid,cross,add_acc_no_b_tr,3,3,100.0,100.0,-0.33333333333333337
A',,partition,0.2|wd0.1,20,,target,iid,cross,add_acc_interaction_te,3,3,97.3963851928711,96.54622650146484,0.11111111111111116
A',,partition,0.2|wd0.1,20,,target,iid,cross,add_acc_additive_te,3,3,0.039851222187280655,0.21253985166549683,-1.0
A',,partition,0.2|wd0.1,20,,target,iid,cross,add_acc_no_a_te,3,3,95.61636352539062,94.55366516113281,0.11111111111111116
A',,partition,0.2|wd0.1,20,,target,iid,cross,add_acc_no_b_te,3,3,95.6960678100586,94.52709197998047,0.11111111111111116
A',,partition,0.2|wd0.1,20,,target,iid,cross,circ_share_interaction_tr,3,3,0.9104801957068986,0.9897886667860645,-1.0
A',,partition,0.2|wd0.1,20,,target,iid,cross,circ_share_marginal_tr,3,3,0.11694975569692599,0.14509505208211768,-0.5555555555555556
A',,partition,0.2|wd0.1,20,,target,iid,cross,circ_acc_interaction_tr,3,3,100.0,100.0,-0.33333333333333337
A',,partition,0.2|wd0.1,20,,target,iid,cross,circ_acc_marginal_tr,3,3,14.194576442241669,8.931419253349304,1.0
A',,partition,0.2|wd0.1,20,,target,iid,cross,circ_units_tr,3,3,146.76873779296875,175.3450927734375,-1.0
A',,partition,0.2|wd0.1,20,,target,iid,cross,circ_share_interaction_te,3,3,0.8677826613459259,0.89260882978891,-0.33333333333333337
A',,partition,0.2|wd0.1,20,,target,iid,cross,circ_share_marginal_te,3,3,0.13945379608603992,0.12747610263505724,0.33333333333333326
A',,partition,0.2|wd0.1,20,,target,iid,cross,circ_acc_interaction_te,3,3,97.17056155204773,96.10786437988281,0.11111111111111116
A',,partition,0.2|wd0.1,20,,target,iid,cross,circ_acc_marginal_te,3,3,0.06641870131716132,0.2789585618302226,-0.8888888888888888
A',,partition,0.2|wd0.1,20,,target,iid,cross,circ_units_te,3,3,146.76873779296875,175.3450927734375,-1.0
A',,partition,0.2|wd0.1,20,,target,iid,cross,sharp_lambda_max,3,3,0.748323917388916,0.1204570084810257,1.0
A',,partition,0.2|wd0.1,20,,target,iid,cross,sharp_grad_norm,3,3,0.041028108447790146,0.0016937173204496503,1.0
A',,partition,0.2|wd0.1,20,,target,iid,cross,sharp_lr_lambda,3,3,0.000748323917388916,0.0001204570084810257,1.0
A',,partition,0.2|wd0.1,20,,target,iid,cross,unit_fourier_sum_share,3,3,0.24623696134396397,0.10756905670234351,1.0
A',,partition,0.2|wd0.1,20,,target,iid,cross,unit_fourier_diff_share,3,3,0.24623696033490278,0.10756905921663078,1.0
A',,partition,0.2|wd0.1,20,,target,iid,cross,unit_fourier_marginal_share,3,3,0.20460792100747244,0.3808796035339963,-1.0
A',,partition,0.2|wd0.1,20,,target,iid,cross,unit_fourier_other_share,3,3,0.3029181573136608,0.40398228054702945,-1.0
A',,partition,0.2|wd0.1,20,,target,iid,cross,unit_sum_freq_concentration,3,3,0.24436970310090975,0.10426239262902472,1.0
A',,partition,0.2|wd0.1,20,,target,iid,cross,unit_n_distinct_sum_freqs,3,3,40.0,48.0,-1.0
A',,partition,0.2|wd0.1,20,,target,iid,cross,fU_ipr,3,3,0.14544067983135683,0.14656088528810857,-0.11111111111111116
A',,partition,0.2|wd0.1,20,,target,iid,cross,fU_dc_share,3,3,0.004584387659490359,0.011378360729025266,-1.0
A',,partition,0.2|wd0.1,20,,target,iid,cross,fU_top1_share,3,3,0.03206636885666766,0.026677717035709064,1.0
A',,partition,0.2|wd0.1,20,,target,iid,cross,fU_nfreq90,3,3,38.0,42.0,-1.0
A',,partition,0.2|wd0.1,20,,target,iid,cross,fU_freq_gini,3,3,0.213783100944815,0.07753882975145032,1.0
A',,partition,0.2|wd0.1,20,,target,iid,cross,fU_freq_eff_n,3,3,44.389076655048704,47.555778340241694,-1.0
A',,partition,0.2|wd0.1,20,,target,iid,cross,fV_ipr,3,3,0.14319622537755106,0.14520566305488838,-0.11111111111111116
A',,partition,0.2|wd0.1,20,,target,iid,cross,fV_dc_share,3,3,0.004915015551755559,0.010617584241937214,-1.0
A',,partition,0.2|wd0.1,20,,target,iid,cross,fV_top1_share,3,3,0.03330461117498292,0.027161420901922043,1.0
A',,partition,0.2|wd0.1,20,,target,iid,cross,fV_nfreq90,3,3,38.0,43.0,-1.0
A',,partition,0.2|wd0.1,20,,target,iid,cross,fV_freq_gini,3,3,0.21373888933049945,0.07437135669703232,1.0
A',,partition,0.2|wd0.1,20,,target,iid,cross,fV_freq_eff_n,3,3,44.39371343037927,47.58974888064501,-1.0
A',,partition,0.2|wd0.1,20,,target,iid,cross,fout_ipr,3,3,0.14467907238355515,0.15602161891312177,-0.11111111111111116
A',,partition,0.2|wd0.1,20,,target,iid,cross,fout_dc_share,3,3,0.010931585009123617,0.00032243805162689826,1.0
A',,partition,0.2|wd0.1,20,,target,iid,cross,fout_top1_share,3,3,0.036167072271476,0.040058883115508835,-0.5555555555555556
A',,partition,0.2|wd0.1,20,,target,iid,cross,fout_nfreq90,3,3,37.0,42.0,-1.0
A',,partition,0.2|wd0.1,20,,target,iid,cross,fout_freq_gini,3,3,0.23462606640332795,0.13379639667684762,1.0
A',,partition,0.2|wd0.1,20,,target,iid,cross,fout_freq_eff_n,3,3,42.79888105440346,46.66010366594567,-1.0
A',,partition,0.2|wd0.1,20,,target,iid,cross,fin_uv_agree_strong,3,3,0.9453125,0.9296875,0.8888888888888888
A',,partition,0.2|wd0.1,20,,target,iid,cross,fin_uvw_agree_strong,3,3,0.9140625,0.90625,0.33333333333333326
A',,partition,0.2|wd0.1,20,,target,iid,cross,fin_n_unique_freq_strong,3,3,39.0,48.0,-1.0
A',,partition,0.2|wd0.1,20,,target,iid,cross,clock_share,3,3,0.33691075679873556,0.2969430975326165,0.33333333333333326
A',,partition,0.2|wd0.1,20,,target,iid,cross,clock_nfreq90,3,3,25.0,31.0,-1.0
A',,partition,0.2|wd0.1,20,,target,iid,cross,clock_top1_share,3,3,0.06637441119462026,0.057937461252624695,0.11111111111111116
A',,partition,0.2|wd0.1,20,,target,iid,cross,clock_freq_gini,3,3,0.5221734497754027,0.4305297755615163,0.5555555555555556
A',,partition,0.2|wd0.1,20,,target,iid,cross,clock_key_jaccard_final,3,3,0.7352941176470589,0.6,1.0
A',,partition,0.2|wd0.1,20,,target,iid,cross,clock_restricted_loss_tr,3,3,0.00823103915899992,0.004128926433622837,1.0
A',,partition,0.2|wd0.1,20,,target,iid,cross,clock_restricted_acc_tr,3,3,100.0,100.0,0.0
A',,partition,0.2|wd0.1,20,,target,iid,cross,clock_excluded_loss_tr,3,3,0.009655779227614403,0.007799484301358461,1.0
A',,partition,0.2|wd0.1,20,,target,iid,cross,clock_excluded_acc_tr,3,3,78.14991760253906,93.0356216430664,-1.0
A',,partition,0.2|wd0.1,20,,target,iid,cross,clock_restricted_loss_te,3,3,0.00836432259529829,0.004130409564822912,1.0
A',,partition,0.2|wd0.1,20,,target,iid,cross,clock_restricted_acc_te,3,3,100.0,100.0,0.0
A',,partition,0.2|wd0.1,20,,target,iid,cross,clock_excluded_loss_te,3,3,0.012906290590763092,0.017700249329209328,-1.0
A',,partition,0.2|wd0.1,20,,target,iid,cross,clock_excluded_acc_te,3,3,1.5807651281356812,2.1253983974456787,-0.5555555555555556
A',,partition,0.2|wd0.1,20,,target,iid,end,fn_loss_tr,3,3,0.003335408866405487,0.0007962552481330931,1.0
A',,partition,0.2|wd0.1,20,,target,iid,end,fn_acc_tr,3,3,100.0,100.0,0.0
A',,partition,0.2|wd0.1,20,,target,iid,end,fn_margin_tr,3,3,0.5858690142631531,0.8614190816879272,-1.0
A',,partition,0.2|wd0.1,20,,target,iid,end,fn_entropy_tr,3,3,4.570822715759277,4.566261291503906,1.0
A',,partition,0.2|wd0.1,20,,target,iid,end,fn_loss_te,3,3,0.003981439862400293,0.002496287226676941,1.0
A',,partition,0.2|wd0.1,20,,target,iid,end,fn_acc_te,3,3,100.0,100.0,0.0
A',,partition,0.2|wd0.1,20,,target,iid,end,fn_margin_te,3,3,0.5084794759750366,0.7605840563774109,-1.0
A',,partition,0.2|wd0.1,20,,target,iid,end,fn_entropy_te,3,3,4.571418762207031,4.56668758392334,1.0
A',,partition,0.2|wd0.1,20,,target,iid,end,fn_gap_loss,3,3,0.0006460309959948063,0.0017000319785438478,-1.0
A',,partition,0.2|wd0.1,20,,target,iid,end,fn_gap_acc,3,3,0.0,0.0,0.0
A',,partition,0.2|wd0.1,20,,target,iid,end,fn_class_acc_gini,3,3,0.0,0.0,0.0
A',,partition,0.2|wd0.1,20,,target,iid,end,w_W1_fro,3,3,80.94697570800781,54.43855667114258,1.0
A',,partition,0.2|wd0.1,20,,target,iid,end,w_W1_spec,3,3,9.982877731323242,10.201029777526855,-0.33333333333333337
A',,partition,0.2|wd0.1,20,,target,iid,end,w_W1_stable_rank,3,3,65.65025329589844,28.489486694335938,1.0
A',,partition,0.2|wd0.1,20,,target,iid,end,w_W1_eff_rank,3,3,165.87583078345781,170.0304137538881,-1.0
A',,partition,0.2|wd0.1,20,,target,iid,end,w_W1_sv_gini,3,3,0.30067733478232506,0.28691682797396556,1.0
A',,partition,0.2|wd0.1,20,,target,iid,end,w_W1_entry_gini,3,3,0.32761357858220985,0.41124765520192397,-1.0
A',,partition,0.2|wd0.1,20,,target,iid,end,w_W1_row_gini,3,3,0.16984539156161338,0.1305430461026127,1.0
A',,partition,0.2|wd0.1,20,,target,iid,end,w_W1_row_pr,3,3,0.9098416835559165,0.9433842910771246,-1.0
A',,partition,0.2|wd0.1,20,,target,iid,end,w_W1_dist_init,3,3,81.40300750732422,55.679908752441406,1.0
A',,partition,0.2|wd0.1,20,,target,iid,end,w_W1_rel_dist_init,3,3,5.087679717735559,3.468578751147213,1.0
A',,partition,0.2|wd0.1,20,,target,iid,end,w_W1_cos_init,3,3,0.06664561480283737,0.06587701290845871,0.11111111111111116
A',,partition,0.2|wd0.1,20,,target,iid,end,w_W2_fro,3,3,2.3432509899139404,12.165291786193848,-1.0
A',,partition,0.2|wd0.1,20,,target,iid,end,w_W2_spec,3,3,0.653618574142456,2.0790979862213135,-1.0
A',,partition,0.2|wd0.1,20,,target,iid,end,w_W2_stable_rank,3,3,12.852672576904297,34.237491607666016,-1.0
A',,partition,0.2|wd0.1,20,,target,iid,end,w_W2_eff_rank,3,3,77.78935134319528,91.18160867469244,-1.0
A',,partition,0.2|wd0.1,20,,target,iid,end,w_W2_sv_gini,3,3,0.29853483105381895,0.1948804031678606,1.0
A',,partition,0.2|wd0.1,20,,target,iid,end,w_W2_entry_gini,3,3,0.35106705913207814,0.48756255635827617,-1.0
A',,partition,0.2|wd0.1,20,,target,iid,end,w_W2_row_gini,3,3,0.06789565368609418,0.022366626547459578,1.0
A',,partition,0.2|wd0.1,20,,target,iid,end,w_W2_row_pr,3,3,0.9859318794923907,0.9984571378315726,-1.0
A',,partition,0.2|wd0.1,20,,target,iid,end,w_W2_dist_init,3,3,2.414290189743042,12.179691314697266,-1.0
A',,partition,0.2|wd0.1,20,,target,iid,end,w_W2_rel_dist_init,3,3,3.9046399924114863,19.698257485632,-1.0
A',,partition,0.2|wd0.1,20,,target,iid,end,w_W2_cos_init,3,3,0.015301528386771679,0.0021116272546350956,0.7777777777777777
A',,partition,0.2|wd0.1,20,,target,iid,end,w_all_norm,3,3,80.98135457499025,55.73441762200377,1.0
A',,partition,0.2|wd0.1,20,,target,iid,end,w_all_rel_norm,3,3,5.050083063828183,3.4664525475926187,1.0
A',,partition,0.2|wd0.1,20,,target,iid,end,w_all_dist_init,3,3,81.43880173699618,56.94904067710959,1.0
A',,partition,0.2|wd0.1,20,,target,iid,end,w_all_rel_dist_init,3,3,5.08611898770321,3.548209886723169,1.0
A',,partition,0.2|wd0.1,20,,target,iid,end,w_all_cos_init,3,3,0.06658523341470769,0.06413285823183482,0.33333333333333326
A',,partition,0.2|wd0.1,20,,target,iid,end,rep_between_within_tr,3,3,0.7900725865942906,0.23278602002130855,1.0
A',,partition,0.2|wd0.1,20,,target,iid,end,rep_nc1_tr,3,3,5.487320695294524,2.0611047993958787,1.0
A',,partition,0.2|wd0.1,20,,target,iid,end,rep_eff_rank_te,3,3,212.5741365450949,210.87427660651318,0.5555555555555556
A',,partition,0.2|wd0.1,20,,target,iid,end,rep_pr_te,3,3,136.0467984187455,82.53518893205398,1.0
A',,partition,0.2|wd0.1,20,,target,iid,end,rep_unit_gini_te,3,3,0.4028935148701469,0.5138965173412098,-1.0
A',,partition,0.2|wd0.1,20,,target,iid,end,rep_unit_pr_te,3,3,0.668066504784757,0.3914704650428316,1.0
A',,partition,0.2|wd0.1,20,,target,iid,end,rep_between_within_te,3,3,0.6165244702444524,0.1945498519714588,1.0
A',,partition,0.2|wd0.1,20,,target,iid,end,unit_interaction_share,3,3,0.8396889739020688,0.4600663968505507,1.0
A',,partition,0.2|wd0.1,20,,target,iid,end,unit_frac_interacting,3,3,0.948616623878479,0.591093122959137,1.0
A',,partition,0.2|wd0.1,20,,target,iid,end,add_share_a,3,3,0.0067894902914738,0.01593941170713883,-1.0
A',,partition,0.2|wd0.1,20,,target,iid,end,add_share_b,3,3,0.006319101840427651,0.01700850039644986,-1.0
A',,partition,0.2|wd0.1,20,,target,iid,end,add_share_interaction,3,3,0.9830054534974974,0.9587304690057641,1.0
A',,partition,0.2|wd0.1,20,,target,iid,end,add_acc_interaction_tr,3,3,100.0,100.0,0.0
A',,partition,0.2|wd0.1,20,,target,iid,end,add_acc_additive_tr,3,3,11.164274215698242,3.987240791320801,1.0
A',,partition,0.2|wd0.1,20,,target,iid,end,add_acc_no_a_tr,3,3,100.0,100.0,0.0
A',,partition,0.2|wd0.1,20,,target,iid,end,add_acc_no_b_tr,3,3,100.0,100.0,0.0
A',,partition,0.2|wd0.1,20,,target,iid,end,add_acc_interaction_te,3,3,100.0,100.0,0.0
A',,partition,0.2|wd0.1,20,,target,iid,end,add_acc_additive_te,3,3,0.11955367028713226,0.783740758895874,-1.0
A',,partition,0.2|wd0.1,20,,target,iid,end,add_acc_no_a_te,3,3,100.0,100.0,0.0
A',,partition,0.2|wd0.1,20,,target,iid,end,add_acc_no_b_te,3,3,100.0,100.0,0.0
A',,partition,0.2|wd0.1,20,,target,iid,end,circ_share_interaction_tr,3,3,0.983544488295799,1.0404655001835585,-1.0
A',,partition,0.2|wd0.1,20,,target,iid,end,circ_share_marginal_tr,3,3,0.024977843768272646,0.08779727002477355,-1.0
A',,partition,0.2|wd0.1,20,,target,iid,end,circ_acc_interaction_tr,3,3,100.0,100.0,0.0
A',,partition,0.2|wd0.1,20,,target,iid,end,circ_acc_marginal_tr,3,3,6.858053803443909,2.4455076083540916,1.0
A',,partition,0.2|wd0.1,20,,target,iid,end,circ_units_tr,3,3,169.68202209472656,167.59107971191406,0.5555555555555556
A',,partition,0.2|wd0.1,20,,target,iid,end,circ_share_interaction_te,3,3,0.9995669393607481,1.0016283540038038,0.11111111111111116
A',,partition,0.2|wd0.1,20,,target,iid,end,circ_share_marginal_te,3,3,0.030133480465341853,0.08826218187687203,-1.0
A',,partition,0.2|wd0.1,20,,target,iid,end,circ_acc_interaction_te,3,3,100.0,100.0,0.0
A',,partition,0.2|wd0.1,20,,target,iid,end,circ_acc_marginal_te,3,3,0.46493089757859707,1.10255042091012,-1.0
A',,partition,0.2|wd0.1,20,,target,iid,end,circ_units_te,3,3,169.68202209472656,167.59107971191406,0.5555555555555556
A',,partition,0.2|wd0.1,20,,target,iid,end,sharp_lambda_max,3,3,0.4500177800655365,0.10369202494621277,1.0
A',,partition,0.2|wd0.1,20,,target,iid,end,sharp_grad_norm,3,3,0.024026617407798767,0.004485068377107382,1.0
A',,partition,0.2|wd0.1,20,,target,iid,end,sharp_lr_lambda,3,3,0.0004500177800655365,0.00010369202494621278,1.0
A',,partition,0.2|wd0.1,20,,target,iid,end,unit_fourier_sum_share,3,3,0.38676117055666276,0.15880806184170998,1.0
A',,partition,0.2|wd0.1,20,,target,iid,end,unit_fourier_diff_share,3,3,0.3867611748609821,0.15880805955678715,1.0
A',,partition,0.2|wd0.1,20,,target,iid,end,unit_fourier_marginal_share,3,3,0.16031102772768913,0.5399336112229692,-1.0
A',,partition,0.2|wd0.1,20,,target,iid,end,unit_fourier_other_share,3,3,0.0662607851909407,0.1424502673785336,-1.0
A',,partition,0.2|wd0.1,20,,target,iid,end,unit_sum_freq_concentration,3,3,0.38660529554218104,0.15799236459755497,1.0
A',,partition,0.2|wd0.1,20,,target,iid,end,unit_n_distinct_sum_freqs,3,3,43.0,48.0,-1.0
A',,partition,0.2|wd0.1,20,,target,iid,end,fU_ipr,3,3,0.3559188911115394,0.28669103776729565,1.0
A',,partition,0.2|wd0.1,20,,target,iid,end,fU_dc_share,3,3,0.00818324338004039,0.039213097976487934,-1.0
A',,partition,0.2|wd0.1,20,,target,iid,end,fU_top1_share,3,3,0.03320896533433465,0.03174021618012776,0.33333333333333326
A',,partition,0.2|wd0.1,20,,target,iid,end,fU_nfreq90,3,3,36.0,42.0,-1.0
A',,partition,0.2|wd0.1,20,,target,iid,end,fU_freq_gini,3,3,0.20391599668974125,0.12016777842181958,1.0
A',,partition,0.2|wd0.1,20,,target,iid,end,fU_freq_eff_n,3,3,41.74143641057893,46.96114147270658,-1.0
A',,partition,0.2|wd0.1,20,,target,iid,end,fV_ipr,3,3,0.3543590956232775,0.28482224323854666,1.0
A',,partition,0.2|wd0.1,20,,target,iid,end,fV_dc_share,3,3,0.008307016864245688,0.038359927959013725,-1.0
A',,partition,0.2|wd0.1,20,,target,iid,end,fV_top1_share,3,3,0.03327599742798158,0.03251685268811631,-0.11111111111111116
A',,partition,0.2|wd0.1,20,,target,iid,end,fV_nfreq90,3,3,36.0,42.0,-1.0
A',,partition,0.2|wd0.1,20,,target,iid,end,fV_freq_gini,3,3,0.2040450188986993,0.12327112262457485,1.0
A',,partition,0.2|wd0.1,20,,target,iid,end,fV_freq_eff_n,3,3,41.770128645129624,46.89525519576155,-1.0
A',,partition,0.2|wd0.1,20,,target,iid,end,fout_ipr,3,3,0.3142910288926867,0.29543875690258437,1.0
A',,partition,0.2|wd0.1,20,,target,iid,end,fout_dc_share,3,3,0.001924107386645108,8.632763216543715e-05,1.0
A',,partition,0.2|wd0.1,20,,target,iid,end,fout_top1_share,3,3,0.03608633103935801,0.04020967299610042,-0.7777777777777778
A',,partition,0.2|wd0.1,20,,target,iid,end,fout_nfreq90,3,3,37.0,38.0,-0.7777777777777778
A',,partition,0.2|wd0.1,20,,target,iid,end,fout_freq_gini,3,3,0.1941159171030562,0.23389909396499675,-1.0
A',,partition,0.2|wd0.1,20,,target,iid,end,fout_freq_eff_n,3,3,43.448519844415934,43.963051025438894,-1.0
A',,partition,0.2|wd0.1,20,,target,iid,end,fin_uv_agree_strong,3,3,1.0,1.0,0.0
A',,partition,0.2|wd0.1,20,,target,iid,end,fin_uvw_agree_strong,3,3,1.0,1.0,0.0
A',,partition,0.2|wd0.1,20,,target,iid,end,fin_n_unique_freq_strong,3,3,37.0,48.0,-1.0
A',,partition,0.2|wd0.1,20,,target,iid,end,clock_share,3,3,0.8595779684448576,0.7981730825196646,1.0
A',,partition,0.2|wd0.1,20,,target,iid,end,clock_nfreq90,3,3,34.0,43.0,-1.0
A',,partition,0.2|wd0.1,20,,target,iid,end,clock_top1_share,3,3,0.02860007092908438,0.023532570190612223,1.0
A',,partition,0.2|wd0.1,20,,target,iid,end,clock_freq_gini,3,3,0.23903337653478451,0.04140266478887855,1.0
A',,partition,0.2|wd0.1,20,,target,iid,end,clock_key_jaccard_final,3,3,1.0,1.0,0.0
A',,partition,0.2|wd0.1,20,,target,iid,end,clock_restricted_loss_tr,3,3,0.004082550760358572,0.0011892198817804456,1.0
A',,partition,0.2|wd0.1,20,,target,iid,end,clock_restricted_acc_tr,3,3,100.0,100.0,0.0
A',,partition,0.2|wd0.1,20,,target,iid,end,clock_excluded_loss_tr,3,3,0.009566351771354675,0.009159376844763756,1.0
A',,partition,0.2|wd0.1,20,,target,iid,end,clock_excluded_acc_tr,3,3,77.724609375,85.53960418701172,-0.7777777777777778
A',,partition,0.2|wd0.1,20,,target,iid,end,clock_restricted_loss_te,3,3,0.004111552610993385,0.0011898735538125038,1.0
A',,partition,0.2|wd0.1,20,,target,iid,end,clock_restricted_acc_te,3,3,100.0,100.0,0.0
A',,partition,0.2|wd0.1,20,,target,iid,end,clock_excluded_loss_te,3,3,0.010865004733204842,0.011673306114971638,-1.0
A',,partition,0.2|wd0.1,20,,target,iid,end,clock_excluded_acc_te,3,3,25.74388885498047,22.67534637451172,1.0
B,,partition,0.3|wd1.0,10,,dirichlet0.5,iid,end,fn_loss_tr,3,3,0.007619515061378479,0.0007733646780252457,0.5555555555555556
B,,partition,0.3|wd1.0,10,,dirichlet0.5,iid,end,fn_acc_tr,3,3,99.9477767944336,100.0,-0.6666666666666667
B,,partition,0.3|wd1.0,10,,dirichlet0.5,iid,end,fn_margin_tr,3,3,7.263206481933594,8.473918914794922,-0.5555555555555556
B,,partition,0.3|wd1.0,10,,dirichlet0.5,iid,end,fn_entropy_tr,3,3,0.03709263354539871,0.006302967201918364,0.5555555555555556
B,,partition,0.3|wd1.0,10,,dirichlet0.5,iid,end,fn_loss_te,3,3,0.027819057926535606,0.0023834838066250086,0.5555555555555556
B,,partition,0.3|wd1.0,10,,dirichlet0.5,iid,end,fn_acc_te,3,3,99.31759643554688,100.0,-1.0
B,,partition,0.3|wd1.0,10,,dirichlet0.5,iid,end,fn_margin_te,3,3,6.705810546875,8.004944801330566,-0.5555555555555556
B,,partition,0.3|wd1.0,10,,dirichlet0.5,iid,end,fn_entropy_te,3,3,0.0785079151391983,0.014208976179361343,0.5555555555555556
B,,partition,0.3|wd1.0,10,,dirichlet0.5,iid,end,fn_gap_loss,3,3,0.020199542865157127,0.001610119128599763,0.5555555555555556
B,,partition,0.3|wd1.0,10,,dirichlet0.5,iid,end,fn_gap_acc,3,3,0.6301803588867188,0.0,1.0
B,,partition,0.3|wd1.0,10,,dirichlet0.5,iid,end,fn_class_acc_gini,3,3,0.00617641118829626,0.0,1.0
B,,partition,0.3|wd1.0,10,,dirichlet0.5,iid,end,w_all_norm,3,3,42.44187656153474,39.62406108251997,1.0
B,,partition,0.3|wd1.0,10,,dirichlet0.5,iid,end,w_all_rel_norm,3,3,1.140907406039751,1.062847952262032,1.0
B,,partition,0.3|wd1.0,10,,dirichlet0.5,iid,end,w_all_dist_init,3,3,56.342091434712316,54.375751898831915,1.0
B,,partition,0.3|wd1.0,10,,dirichlet0.5,iid,end,w_all_rel_dist_init,3,3,1.5145680303846496,1.4585369338600442,1.0
B,,partition,0.3|wd1.0,10,,dirichlet0.5,iid,end,w_all_cos_init,3,3,0.0015404544758616501,0.0015523213114132558,-0.11111111111111116
B,,partition,0.3|wd1.0,10,,dirichlet0.5,iid,end,rep_between_within_tr,3,3,16.00702485863415,14.745537668605854,0.11111111111111116
B,,partition,0.3|wd1.0,10,,dirichlet0.5,iid,end,rep_nc1_tr,3,3,308.56614414023534,399.3728276119024,-1.0
B,,partition,0.3|wd1.0,10,,dirichlet0.5,iid,end,rep_eff_rank_te,3,3,16.28305731872263,12.367752505231502,1.0
B,,partition,0.3|wd1.0,10,,dirichlet0.5,iid,end,rep_pr_te,3,3,6.5794023257698,4.574836843958062,1.0
B,,partition,0.3|wd1.0,10,,dirichlet0.5,iid,end,rep_unit_gini_te,3,3,0.3172125442250904,0.3726899084516415,-0.7777777777777778
B,,partition,0.3|wd1.0,10,,dirichlet0.5,iid,end,rep_unit_pr_te,3,3,0.7149032148178578,0.697093620043567,0.5555555555555556
B,,partition,0.3|wd1.0,10,,dirichlet0.5,iid,end,rep_between_within_te,3,3,14.10924131307237,14.046588223011852,0.11111111111111116
B,,partition,0.3|wd1.0,10,,dirichlet0.5,iid,end,unit_interaction_share,3,3,0.9294709950540956,0.4779901070180126,0.7777777777777777
B,,partition,0.3|wd1.0,10,,dirichlet0.5,iid,end,unit_frac_interacting,3,3,0.890625,0.478515625,0.7777777777777777
B,,partition,0.3|wd1.0,10,,dirichlet0.5,iid,end,add_share_a,3,3,0.00473524084574245,0.004198364836969303,0.33333333333333326
B,,partition,0.3|wd1.0,10,,dirichlet0.5,iid,end,add_share_b,3,3,0.005110834805445723,0.0040494493405304095,0.7777777777777777
B,,partition,0.3|wd1.0,10,,dirichlet0.5,iid,end,add_share_interaction,3,3,0.8813405858605453,0.827116416323144,1.0
B,,partition,0.3|wd1.0,10,,dirichlet0.5,iid,end,add_acc_interaction_tr,3,3,95.22193145751953,32.454307556152344,1.0
B,,partition,0.3|wd1.0,10,,dirichlet0.5,iid,end,add_acc_additive_tr,3,3,0.9399477243423462,1.0182766914367676,-0.4444444444444444
B,,partition,0.3|wd1.0,10,,dirichlet0.5,iid,end,add_acc_no_a_tr,3,3,99.9477767944336,100.0,-0.6666666666666667
B,,partition,0.3|wd1.0,10,,dirichlet0.5,iid,end,add_acc_no_b_tr,3,3,99.9477767944336,100.0,-0.6666666666666667
B,,partition,0.3|wd1.0,10,,dirichlet0.5,iid,end,add_acc_interaction_te,3,3,92.67256164550781,31.17798614501953,1.0
B,,partition,0.3|wd1.0,10,,dirichlet0.5,iid,end,add_acc_additive_te,3,3,0.8054592609405518,0.9397024512290955,-0.2222222222222222
B,,partition,0.3|wd1.0,10,,dirichlet0.5,iid,end,add_acc_no_a_te,3,3,99.38471984863281,99.98881530761719,-0.8888888888888888
B,,partition,0.3|wd1.0,10,,dirichlet0.5,iid,end,add_acc_no_b_te,3,3,99.39590454101562,99.97763061523438,-0.5555555555555556
B,,partition,0.3|wd1.0,10,,dirichlet0.5,iid,end,sharp_lambda_max,3,3,38.83986282348633,1.859563946723938,0.5555555555555556
B,,partition,0.3|wd1.0,10,,dirichlet0.5,iid,end,sharp_grad_norm,3,3,0.4046843647956848,0.018472816795110703,0.5555555555555556
B,,partition,0.3|wd1.0,10,,dirichlet0.5,iid,end,sharp_lr_lambda,3,3,0.03883986282348633,0.001859563946723938,0.5555555555555556
B,,partition,0.3|wd1.0,10,,dirichlet0.5,iid,end,w_WE_fro,3,3,13.508842468261719,13.379476547241211,0.33333333333333326
B,,partition,0.3|wd1.0,10,,dirichlet0.5,iid,end,w_WE_spec,3,3,6.532349109649658,6.3599534034729,0.11111111111111116
B,,partition,0.3|wd1.0,10,,dirichlet0.5,iid,end,w_WE_stable_rank,3,3,4.548210144042969,4.425549030303955,0.33333333333333326
B,,partition,0.3|wd1.0,10,,dirichlet0.5,iid,end,w_WE_eff_rank,3,3,52.9569862735029,45.57408337792107,1.0
B,,partition,0.3|wd1.0,10,,dirichlet0.5,iid,end,w_WE_sv_gini,3,3,0.6152960925294135,0.658316463043886,-1.0
B,,partition,0.3|wd1.0,10,,dirichlet0.5,iid,end,w_WE_entry_gini,3,3,0.4407767559516351,0.4499211831483514,-0.33333333333333337
B,,partition,0.3|wd1.0,10,,dirichlet0.5,iid,end,w_WE_row_gini,3,3,0.02826927235655674,0.024640124081307224,0.33333333333333326
B,,partition,0.3|wd1.0,10,,dirichlet0.5,iid,end,w_WE_row_pr,3,3,0.9974876550351751,0.9981376205150732,-0.33333333333333337
B,,partition,0.3|wd1.0,10,,dirichlet0.5,iid,end,w_WE_dist_init,3,3,17.189926147460938,17.06169891357422,0.33333333333333326
B,,partition,0.3|wd1.0,10,,dirichlet0.5,iid,end,w_WE_rel_dist_init,3,3,1.612599229957991,1.6025122119923405,0.33333333333333326
B,,partition,0.3|wd1.0,10,,dirichlet0.5,iid,end,w_WE_cos_init,3,3,0.002173144370317459,0.004437090363353491,-0.11111111111111116
B,,partition,0.3|wd1.0,10,,dirichlet0.5,iid,end,w_WU_fro,3,3,14.646787643432617,12.485601425170898,0.5555555555555556
B,,partition,0.3|wd1.0,10,,dirichlet0.5,iid,end,w_WU_spec,3,3,12.401463508605957,7.298600673675537,1.0
B,,partition,0.3|wd1.0,10,,dirichlet0.5,iid,end,w_WU_stable_rank,3,3,1.3948785066604614,2.8450307846069336,-1.0
B,,partition,0.3|wd1.0,10,,dirichlet0.5,iid,end,w_WU_eff_rank,3,3,52.03862453150809,56.555990748046156,-0.7777777777777778
B,,partition,0.3|wd1.0,10,,dirichlet0.5,iid,end,w_WU_sv_gini,3,3,0.5708700496191215,0.5924682465281037,-1.0
B,,partition,0.3|wd1.0,10,,dirichlet0.5,iid,end,w_WU_entry_gini,3,3,0.4181430882562307,0.4960697423983562,-1.0
B,,partition,0.3|wd1.0,10,,dirichlet0.5,iid,end,w_WU_row_gini,3,3,0.04304990225174965,0.12338926957138363,-1.0
B,,partition,0.3|wd1.0,10,,dirichlet0.5,iid,end,w_WU_row_pr,3,3,0.9942657483243162,0.9550319643828077,1.0
B,,partition,0.3|wd1.0,10,,dirichlet0.5,iid,end,w_WU_dist_init,3,3,18.06795310974121,16.402267456054688,0.5555555555555556
B,,partition,0.3|wd1.0,10,,dirichlet0.5,iid,end,w_WU_rel_dist_init,3,3,1.6930151766745645,1.540505180018693,0.5555555555555556
B,,partition,0.3|wd1.0,10,,dirichlet0.5,iid,end,w_WU_cos_init,3,3,0.004606104921549559,-0.0014157334808260202,0.7777777777777777
B,,partition,0.3|wd1.0,10,,dirichlet0.5,iid,end,w_WQ_fro,3,3,15.733057975769043,15.077432632446289,0.11111111111111116
B,,partition,0.3|wd1.0,10,,dirichlet0.5,iid,end,w_WQ_spec,3,3,14.882369995117188,14.573689460754395,0.11111111111111116
B,,partition,0.3|wd1.0,10,,dirichlet0.5,iid,end,w_WQ_stable_rank,3,3,1.112435221672058,1.0481629371643066,0.7777777777777777
B,,partition,0.3|wd1.0,10,,dirichlet0.5,iid,end,w_WQ_eff_rank,3,3,6.020395756113859,4.231107894196322,0.7777777777777777
B,,partition,0.3|wd1.0,10,,dirichlet0.5,iid,end,w_WQ_sv_gini,3,3,0.9602930857937009,0.9704919716911871,-0.5555555555555556
B,,partition,0.3|wd1.0,10,,dirichlet0.5,iid,end,w_WQ_entry_gini,3,3,0.29122256922513845,0.35978172698949806,-0.11111111111111116
B,,partition,0.3|wd1.0,10,,dirichlet0.5,iid,end,w_WQ_row_gini,3,3,0.0723983881882595,0.09181696602036493,-0.11111111111111116
B,,partition,0.3|wd1.0,10,,dirichlet0.5,iid,end,w_WQ_row_pr,3,3,0.9818709272367815,0.9678842886199762,0.11111111111111116
B,,partition,0.3|wd1.0,10,,dirichlet0.5,iid,end,w_WQ_dist_init,3,3,19.51899528503418,18.903684616088867,0.11111111111111116
B,,partition,0.3|wd1.0,10,,dirichlet0.5,iid,end,w_WQ_rel_dist_init,3,3,1.7043390253304043,1.6713203835328236,0.11111111111111116
B,,partition,0.3|wd1.0,10,,dirichlet0.5,iid,end,w_WQ_cos_init,3,3,0.004460365977138281,0.00584873603656888,-0.5555555555555556
B,,partition,0.3|wd1.0,10,,dirichlet0.5,iid,end,w_WK_fro,3,3,8.044315338134766,7.841063499450684,0.5555555555555556
B,,partition,0.3|wd1.0,10,,dirichlet0.5,iid,end,w_WK_spec,3,3,5.33693790435791,4.694644927978516,0.33333333333333326
B,,partition,0.3|wd1.0,10,,dirichlet0.5,iid,end,w_WK_stable_rank,3,3,2.2318811416625977,2.1079041957855225,0.33333333333333326
B,,partition,0.3|wd1.0,10,,dirichlet0.5,iid,end,w_WK_eff_rank,3,3,5.817043637880977,5.091581713855559,0.33333333333333326
B,,partition,0.3|wd1.0,10,,dirichlet0.5,iid,end,w_WK_sv_gini,3,3,0.964820881860516,0.9693773960873189,-0.33333333333333337
B,,partition,0.3|wd1.0,10,,dirichlet0.5,iid,end,w_WK_entry_gini,3,3,0.44470385593845263,0.4238826170261347,0.7777777777777777
B,,partition,0.3|wd1.0,10,,dirichlet0.5,iid,end,w_WK_row_gini,3,3,0.01878869589622334,0.04472124394255372,-0.33333333333333337
B,,partition,0.3|wd1.0,10,,dirichlet0.5,iid,end,w_WK_row_pr,3,3,0.9988448236133545,0.992111771420194,0.33333333333333326
B,,partition,0.3|wd1.0,10,,dirichlet0.5,iid,end,w_WK_dist_init,3,3,13.918570518493652,13.79121208190918,1.0
B,,partition,0.3|wd1.0,10,,dirichlet0.5,iid,end,w_WK_rel_dist_init,3,3,1.2251829302956392,1.2179325309284303,1.0
B,,partition,0.3|wd1.0,10,,dirichlet0.5,iid,end,w_WK_cos_init,3,3,0.0007238488760776818,-0.00032119269599206746,0.11111111111111116
B,,partition,0.3|wd1.0,10,,dirichlet0.5,iid,end,w_WV_fro,3,3,8.815725326538086,7.1475043296813965,0.33333333333333326
B,,partition,0.3|wd1.0,10,,dirichlet0.5,iid,end,w_WV_spec,3,3,4.483460903167725,3.819960594177246,0.33333333333333326
B,,partition,0.3|wd1.0,10,,dirichlet0.5,iid,end,w_WV_stable_rank,3,3,3.650045156478882,3.9525980949401855,0.11111111111111116
B,,partition,0.3|wd1.0,10,,dirichlet0.5,iid,end,w_WV_eff_rank,3,3,26.724082276825328,19.440687511308894,0.7777777777777777
B,,partition,0.3|wd1.0,10,,dirichlet0.5,iid,end,w_WV_sv_gini,3,3,0.8370044166812136,0.8772413101479071,-0.7777777777777778
B,,partition,0.3|wd1.0,10,,dirichlet0.5,iid,end,w_WV_entry_gini,3,3,0.4291466813321694,0.42936463392287183,-0.11111111111111116
B,,partition,0.3|wd1.0,10,,dirichlet0.5,iid,end,w_WV_row_gini,3,3,0.08702649521540828,0.1017805823126583,-0.11111111111111116
B,,partition,0.3|wd1.0,10,,dirichlet0.5,iid,end,w_WV_row_pr,3,3,0.9765320884855674,0.9688409892548581,0.11111111111111116
B,,partition,0.3|wd1.0,10,,dirichlet0.5,iid,end,w_WV_dist_init,3,3,14.351447105407715,13.472689628601074,0.33333333333333326
B,,partition,0.3|wd1.0,10,,dirichlet0.5,iid,end,w_WV_rel_dist_init,3,3,1.2689005353915348,1.1809021077143989,0.33333333333333326
B,,partition,0.3|wd1.0,10,,dirichlet0.5,iid,end,w_WV_cos_init,3,3,-0.001643205527216196,0.008002393878996372,-0.7777777777777778
B,,partition,0.3|wd1.0,10,,dirichlet0.5,iid,end,w_WO_fro,3,3,10.158754348754883,6.944360256195068,0.33333333333333326
B,,partition,0.3|wd1.0,10,,dirichlet0.5,iid,end,w_WO_spec,3,3,5.15756893157959,3.7071521282196045,1.0
B,,partition,0.3|wd1.0,10,,dirichlet0.5,iid,end,w_WO_stable_rank,3,3,3.8796939849853516,3.53816294670105,-0.11111111111111116
B,,partition,0.3|wd1.0,10,,dirichlet0.5,iid,end,w_WO_eff_rank,3,3,23.126018473294263,15.46201195132399,0.7777777777777777
B,,partition,0.3|wd1.0,10,,dirichlet0.5,iid,end,w_WO_sv_gini,3,3,0.8467846207869199,0.8812025431325794,-0.5555555555555556
B,,partition,0.3|wd1.0,10,,dirichlet0.5,iid,end,w_WO_entry_gini,3,3,0.4134868125775508,0.3717578440216198,0.33333333333333326
B,,partition,0.3|wd1.0,10,,dirichlet0.5,iid,end,w_WO_row_gini,3,3,0.12288014339945752,0.07353031305139779,1.0
B,,partition,0.3|wd1.0,10,,dirichlet0.5,iid,end,w_WO_row_pr,3,3,0.9536033000683863,0.982164925475489,-0.7777777777777778
B,,partition,0.3|wd1.0,10,,dirichlet0.5,iid,end,w_WO_dist_init,3,3,15.267118453979492,13.317811012268066,0.33333333333333326
B,,partition,0.3|wd1.0,10,,dirichlet0.5,iid,end,w_WO_rel_dist_init,3,3,1.3432886735522462,1.1708997467069344,0.33333333333333326
B,,partition,0.3|wd1.0,10,,dirichlet0.5,iid,end,w_WO_cos_init,3,3,-0.003426209557801485,0.0014424985274672508,-0.11111111111111116
B,,partition,0.3|wd1.0,10,,dirichlet0.5,iid,end,w_Win_fro,3,3,25.46455192565918,17.714847564697266,1.0
B,,partition,0.3|wd1.0,10,,dirichlet0.5,iid,end,w_Win_spec,3,3,12.077776908874512,7.620337963104248,0.5555555555555556
B,,partition,0.3|wd1.0,10,,dirichlet0.5,iid,end,w_Win_stable_rank,3,3,4.297138690948486,5.404068470001221,-0.11111111111111116
B,,partition,0.3|wd1.0,10,,dirichlet0.5,iid,end,w_Win_eff_rank,3,3,20.988482140022523,18.98337995466532,0.33333333333333326
B,,partition,0.3|wd1.0,10,,dirichlet0.5,iid,end,w_Win_sv_gini,3,3,0.8732421245405859,0.8778606682318442,-0.33333333333333337
B,,partition,0.3|wd1.0,10,,dirichlet0.5,iid,end,w_Win_entry_gini,3,3,0.4430108644003694,0.41965823753322984,0.33333333333333326
B,,partition,0.3|wd1.0,10,,dirichlet0.5,iid,end,w_Win_row_gini,3,3,0.13908735293735863,0.10418664224110286,0.5555555555555556
B,,partition,0.3|wd1.0,10,,dirichlet0.5,iid,end,w_Win_row_pr,3,3,0.944079106780424,0.9672420406238316,-0.5555555555555556
B,,partition,0.3|wd1.0,10,,dirichlet0.5,iid,end,w_Win_dist_init,3,3,34.025760650634766,28.807235717773438,1.0
B,,partition,0.3|wd1.0,10,,dirichlet0.5,iid,end,w_Win_rel_dist_init,3,3,1.5085215796838118,1.2697077533671457,1.0
B,,partition,0.3|wd1.0,10,,dirichlet0.5,iid,end,w_Win_cos_init,3,3,-0.00047815151629038155,0.0013239523395895958,-0.11111111111111116
B,,partition,0.3|wd1.0,10,,dirichlet0.5,iid,end,w_Wout_fro,3,3,17.04399871826172,21.41145896911621,-0.33333333333333337
B,,partition,0.3|wd1.0,10,,dirichlet0.5,iid,end,w_Wout_spec,3,3,7.274894714355469,11.56263256072998,-0.33333333333333337
B,,partition,0.3|wd1.0,10,,dirichlet0.5,iid,end,w_Wout_stable_rank,3,3,5.488873481750488,3.6189258098602295,0.7777777777777777
B,,partition,0.3|wd1.0,10,,dirichlet0.5,iid,end,w_Wout_eff_rank,3,3,24.079077265667156,16.280604990330794,1.0
B,,partition,0.3|wd1.0,10,,dirichlet0.5,iid,end,w_Wout_sv_gini,3,3,0.8581801842085062,0.8980551276619186,-1.0
B,,partition,0.3|wd1.0,10,,dirichlet0.5,iid,end,w_Wout_entry_gini,3,3,0.45926489522143554,0.4622464594192486,-0.11111111111111116
B,,partition,0.3|wd1.0,10,,dirichlet0.5,iid,end,w_Wout_row_gini,3,3,0.1895275208902758,0.11072107833517375,0.33333333333333326
B,,partition,0.3|wd1.0,10,,dirichlet0.5,iid,end,w_Wout_row_pr,3,3,0.897673592453624,0.9617238966056392,-0.11111111111111116
B,,partition,0.3|wd1.0,10,,dirichlet0.5,iid,end,w_Wout_dist_init,3,3,20.407506942749023,24.267173767089844,-0.33333333333333337
B,,partition,0.3|wd1.0,10,,dirichlet0.5,iid,end,w_Wout_rel_dist_init,3,3,1.8005610655196294,2.143950676449683,-0.33333333333333337
B,,partition,0.3|wd1.0,10,,dirichlet0.5,iid,end,w_Wout_cos_init,3,3,-0.0028619959484785795,-0.003020800184458494,0.33333333333333326
B,,partition,0.3|wd1.0,10,,dirichlet0.5,iid,end,rep_dead_frac_te,3,3,0.0,0.0,0.0
B,,partition,0.3|wd1.0,10,,dirichlet0.5,iid,end,attn_to_a_mean,3,3,0.5030434131622314,0.5175111889839172,-0.7777777777777778
B,,partition,0.3|wd1.0,10,,dirichlet0.5,iid,end,attn_to_a_head_spread,3,3,0.007533597759902477,0.008230884559452534,-0.5555555555555556
B,,partition,0.3|wd1.0,10,,dirichlet0.5,iid,end,attn_entropy_mean,3,3,0.39405134320259094,0.46955999732017517,-0.33333333333333337
B,,partition,0.3|wd1.0,10,,dirichlet0.5,iid,end,unit_fourier_sum_share,3,3,0.9001118495350896,0.3688998799663611,0.7777777777777777
B,,partition,0.3|wd1.0,10,,dirichlet0.5,iid,end,unit_fourier_diff_share,3,3,0.03770826911046812,0.05909189623426378,-0.5555555555555556
B,,partition,0.3|wd1.0,10,,dirichlet0.5,iid,end,unit_fourier_marginal_share,3,3,0.07052900447339258,0.5220099004023314,-0.7777777777777778
B,,partition,0.3|wd1.0,10,,dirichlet0.5,iid,end,unit_fourier_other_share,3,3,0.022459954257561976,0.023270392705206255,-0.11111111111111116
B,,partition,0.3|wd1.0,10,,dirichlet0.5,iid,end,unit_sum_freq_concentration,3,3,0.7054227004671603,0.31992884972607055,0.5555555555555556
B,,partition,0.3|wd1.0,10,,dirichlet0.5,iid,end,unit_n_distinct_sum_freqs,3,3,3.0,2.0,0.4444444444444444
B,,partition,0.3|wd1.0,10,,dirichlet0.5,iid,end,fout_ipr,3,3,0.39032307869578803,0.15961590184663524,1.0
B,,partition,0.3|wd1.0,10,,dirichlet0.5,iid,end,fout_dc_share,3,3,0.7153660931181856,0.33191127912679563,1.0
B,,partition,0.3|wd1.0,10,,dirichlet0.5,iid,end,fout_top1_share,3,3,0.1675015409139563,0.2074802942771438,-0.33333333333333337
B,,partition,0.3|wd1.0,10,,dirichlet0.5,iid,end,fout_nfreq90,3,3,37.0,27.0,1.0
B,,partition,0.3|wd1.0,10,,dirichlet0.5,iid,end,fout_freq_gini,3,3,0.5725886971404115,0.7146639565905148,-1.0
B,,partition,0.3|wd1.0,10,,dirichlet0.5,iid,end,fout_freq_eff_n,3,3,27.088552237874254,17.55339298442926,1.0
B,,partition,0.3|wd1.0,10,,dirichlet0.5,iid,end,clock_share,3,3,0.5639426910271259,0.42950957474418605,0.5555555555555556
B,,partition,0.3|wd1.0,10,,dirichlet0.5,iid,end,clock_nfreq90,3,3,4.0,3.0,0.7777777777777777
B,,partition,0.3|wd1.0,10,,dirichlet0.5,iid,end,clock_top1_share,3,3,0.32451723036820246,0.5598850374997459,-0.7777777777777778
B,,partition,0.3|wd1.0,10,,dirichlet0.5,iid,end,clock_freq_gini,3,3,0.929944909163587,0.9606665113317989,-0.7777777777777778
B,,partition,0.3|wd1.0,10,,dirichlet0.5,iid,end,clock_key_jaccard_final,3,3,1.0,1.0,0.0
B,,partition,0.3|wd1.0,10,,dirichlet0.5,iid,end,clock_restricted_loss_tr,3,3,0.008662661537528038,0.025537997484207153,-0.11111111111111116
B,,partition,0.3|wd1.0,10,,dirichlet0.5,iid,end,clock_restricted_acc_tr,3,3,100.0,100.0,0.0
B,,partition,0.3|wd1.0,10,,dirichlet0.5,iid,end,clock_excluded_loss_tr,3,3,9.77965259552002,32.18680953979492,-1.0
B,,partition,0.3|wd1.0,10,,dirichlet0.5,iid,end,clock_excluded_acc_tr,3,3,1.1749346256256104,0.0,0.7777777777777777
B,,partition,0.3|wd1.0,10,,dirichlet0.5,iid,end,clock_restricted_loss_te,3,3,0.008662663400173187,0.025537999346852303,-0.11111111111111116
B,,partition,0.3|wd1.0,10,,dirichlet0.5,iid,end,clock_restricted_acc_te,3,3,100.0,100.0,0.0
B,,partition,0.3|wd1.0,10,,dirichlet0.5,iid,end,clock_excluded_loss_te,3,3,10.293179512023926,33.0507926940918,-1.0
B,,partition,0.3|wd1.0,10,,dirichlet0.5,iid,end,clock_excluded_acc_te,3,3,1.0515717267990112,0.033560801297426224,0.7777777777777777
B,,partition,0.3|wd1.0,10,,dirichlet0.5,iid,end,fin_ipr,3,3,0.1688311924020653,0.17351578528174955,-0.33333333333333337
B,,partition,0.3|wd1.0,10,,dirichlet0.5,iid,end,fin_dc_share,3,3,0.06445408749334212,0.062086638132528627,0.11111111111111116
B,,partition,0.3|wd1.0,10,,dirichlet0.5,iid,end,fin_top1_share,3,3,0.37939482329756363,0.4294070760689753,-0.33333333333333337
B,,partition,0.3|wd1.0,10,,dirichlet0.5,iid,end,fin_nfreq90,3,3,8.0,5.0,1.0
B,,partition,0.3|wd1.0,10,,dirichlet0.5,iid,end,fin_freq_gini,3,3,0.8521245159773256,0.8918710341611964,-1.0
B,,partition,0.3|wd1.0,10,,dirichlet0.5,iid,end,fin_freq_eff_n,3,3,7.266829639433958,5.316357440470634,1.0
B,,partition,0.3|wd1.0,10,,operand,iid,end,fn_loss_tr,3,3,0.11266520619392395,0.0007733646780252457,1.0
B,,partition,0.3|wd1.0,10,,operand,iid,end,fn_acc_tr,3,3,97.54569244384766,100.0,-1.0
B,,partition,0.3|wd1.0,10,,operand,iid,end,fn_margin_tr,3,3,3.998995780944824,8.473918914794922,-1.0
B,,partition,0.3|wd1.0,10,,operand,iid,end,fn_entropy_tr,3,3,0.27338019013404846,0.006302967201918364,1.0
B,,partition,0.3|wd1.0,10,,operand,iid,end,fn_loss_te,3,3,0.15764391422271729,0.0023834838066250086,1.0
B,,partition,0.3|wd1.0,10,,operand,iid,end,fn_acc_te,3,3,95.73777770996094,100.0,-1.0
B,,partition,0.3|wd1.0,10,,operand,iid,end,fn_margin_te,3,3,3.669644355773926,8.004944801330566,-1.0
B,,partition,0.3|wd1.0,10,,operand,iid,end,fn_entropy_te,3,3,0.32574963569641113,0.014208976179361343,1.0
B,,partition,0.3|wd1.0,10,,operand,iid,end,fn_gap_loss,3,3,0.044978708028793335,0.001610119128599763,1.0
B,,partition,0.3|wd1.0,10,,operand,iid,end,fn_gap_acc,3,3,1.8079147338867188,0.0,1.0
B,,partition,0.3|wd1.0,10,,operand,iid,end,fn_class_acc_gini,3,3,0.026243799626041175,0.0,1.0
B,,partition,0.3|wd1.0,10,,operand,iid,end,w_all_norm,3,3,43.574432351917224,39.62406108251997,1.0
B,,partition,0.3|wd1.0,10,,operand,iid,end,w_all_rel_norm,3,3,1.1748696152654905,1.062847952262032,1.0
B,,partition,0.3|wd1.0,10,,operand,iid,end,w_all_dist_init,3,3,57.238207920187854,54.375751898831915,1.0
B,,partition,0.3|wd1.0,10,,operand,iid,end,w_all_rel_dist_init,3,3,1.5432772772476158,1.4585369338600442,1.0
B,,partition,0.3|wd1.0,10,,operand,iid,end,w_all_cos_init,3,3,0.0011749708963858221,0.0015523213114132558,-0.11111111111111116
B,,partition,0.3|wd1.0,10,,operand,iid,end,rep_between_within_tr,3,3,6.769357175092453,14.745537668605854,-0.7777777777777778
B,,partition,0.3|wd1.0,10,,operand,iid,end,rep_nc1_tr,3,3,439.2326042844311,399.3728276119024,0.11111111111111116
B,,partition,0.3|wd1.0,10,,operand,iid,end,rep_eff_rank_te,3,3,11.642165935908414,12.367752505231502,-0.33333333333333337
B,,partition,0.3|wd1.0,10,,operand,iid,end,rep_pr_te,3,3,5.249870613061217,4.574836843958062,0.11111111111111116
B,,partition,0.3|wd1.0,10,,operand,iid,end,rep_unit_gini_te,3,3,0.41886232430330606,0.3726899084516415,0.11111111111111116
B,,partition,0.3|wd1.0,10,,operand,iid,end,rep_unit_pr_te,3,3,0.4992153556976868,0.697093620043567,-0.33333333333333337
B,,partition,0.3|wd1.0,10,,operand,iid,end,rep_between_within_te,3,3,6.197959601895636,14.046588223011852,-0.7777777777777778
B,,partition,0.3|wd1.0,10,,operand,iid,end,unit_interaction_share,3,3,0.6658101686209228,0.4779901070180126,0.33333333333333326
B,,partition,0.3|wd1.0,10,,operand,iid,end,unit_frac_interacting,3,3,0.865234375,0.478515625,0.5555555555555556
B,,partition,0.3|wd1.0,10,,operand,iid,end,add_share_a,3,3,0.012516641363589267,0.004198364836969303,1.0
B,,partition,0.3|wd1.0,10,,operand,iid,end,add_share_b,3,3,0.009892767428122248,0.0040494493405304095,1.0
B,,partition,0.3|wd1.0,10,,operand,iid,end,add_share_interaction,3,3,0.8542145959143125,0.827116416323144,0.7777777777777777
B,,partition,0.3|wd1.0,10,,operand,iid,end,add_acc_interaction_tr,3,3,32.16709899902344,32.454307556152344,-0.11111111111111116
B,,partition,0.3|wd1.0,10,,operand,iid,end,add_acc_additive_tr,3,3,1.3315926790237427,1.0182766914367676,0.6666666666666667
B,,partition,0.3|wd1.0,10,,operand,iid,end,add_acc_no_a_tr,3,3,98.38119506835938,100.0,-1.0
B,,partition,0.3|wd1.0,10,,operand,iid,end,add_acc_no_b_tr,3,3,97.36292266845703,100.0,-1.0
B,,partition,0.3|wd1.0,10,,operand,iid,end,add_acc_interaction_te,3,3,31.87157440185547,31.17798614501953,0.11111111111111116
B,,partition,0.3|wd1.0,10,,operand,iid,end,add_acc_additive_te,3,3,0.9061416387557983,0.9397024512290955,0.11111111111111116
B,,partition,0.3|wd1.0,10,,operand,iid,end,add_acc_no_a_te,3,3,96.7446060180664,99.98881530761719,-1.0
B,,partition,0.3|wd1.0,10,,operand,iid,end,add_acc_no_b_te,3,3,96.08457946777344,99.97763061523438,-1.0
B,,partition,0.3|wd1.0,10,,operand,iid,end,sharp_lambda_max,3,3,169.11456298828125,1.859563946723938,1.0
B,,partition,0.3|wd1.0,10,,operand,iid,end,sharp_grad_norm,3,3,2.5921061038970947,0.018472816795110703,1.0
B,,partition,0.3|wd1.0,10,,operand,iid,end,sharp_lr_lambda,3,3,0.16911456298828126,0.001859563946723938,1.0
B,,partition,0.3|wd1.0,10,,operand,iid,end,w_WE_fro,3,3,10.519221305847168,13.379476547241211,-1.0
B,,partition,0.3|wd1.0,10,,operand,iid,end,w_WE_spec,3,3,4.897604465484619,6.3599534034729,-0.7777777777777778
B,,partition,0.3|wd1.0,10,,operand,iid,end,w_WE_stable_rank,3,3,4.832747459411621,4.425549030303955,0.33333333333333326
B,,partition,0.3|wd1.0,10,,operand,iid,end,w_WE_eff_rank,3,3,58.21820507490071,45.57408337792107,1.0
B,,partition,0.3|wd1.0,10,,operand,iid,end,w_WE_sv_gini,3,3,0.565197181182477,0.658316463043886,-1.0
B,,partition,0.3|wd1.0,10,,operand,iid,end,w_WE_entry_gini,3,3,0.414113790442324,0.4499211831483514,-0.7777777777777778
B,,partition,0.3|wd1.0,10,,operand,iid,end,w_WE_row_gini,3,3,0.03802813828728091,0.024640124081307224,0.33333333333333326
B,,partition,0.3|wd1.0,10,,operand,iid,end,w_WE_row_pr,3,3,0.9954477609118738,0.9981376205150732,-0.33333333333333337
B,,partition,0.3|wd1.0,10,,operand,iid,end,w_WE_dist_init,3,3,14.96207046508789,17.06169891357422,-1.0
B,,partition,0.3|wd1.0,10,,operand,iid,end,w_WE_rel_dist_init,3,3,1.4120681585806656,1.6025122119923405,-1.0
B,,partition,0.3|wd1.0,10,,operand,iid,end,w_WE_cos_init,3,3,-0.0028564301319420338,0.004437090363353491,-0.33333333333333337
B,,partition,0.3|wd1.0,10,,operand,iid,end,w_WU_fro,3,3,8.32165241241455,12.485601425170898,-1.0
B,,partition,0.3|wd1.0,10,,operand,iid,end,w_WU_spec,3,3,4.586041450500488,7.298600673675537,-1.0
B,,partition,0.3|wd1.0,10,,operand,iid,end,w_WU_stable_rank,3,3,3.539062023162842,2.8450307846069336,1.0
B,,partition,0.3|wd1.0,10,,operand,iid,end,w_WU_eff_rank,3,3,63.05375459528137,56.555990748046156,1.0
B,,partition,0.3|wd1.0,10,,operand,iid,end,w_WU_sv_gini,3,3,0.5397188554614161,0.5924682465281037,-1.0
B,,partition,0.3|wd1.0,10,,operand,iid,end,w_WU_entry_gini,3,3,0.46820729905623804,0.4960697423983562,-0.7777777777777778
B,,partition,0.3|wd1.0,10,,operand,iid,end,w_WU_row_gini,3,3,0.11295212645404717,0.12338926957138363,0.11111111111111116
B,,partition,0.3|wd1.0,10,,operand,iid,end,w_WU_row_pr,3,3,0.9614253245329134,0.9550319643828077,-0.11111111111111116
B,,partition,0.3|wd1.0,10,,operand,iid,end,w_WU_dist_init,3,3,13.529919624328613,16.402267456054688,-1.0
B,,partition,0.3|wd1.0,10,,operand,iid,end,w_WU_rel_dist_init,3,3,1.2707335325653957,1.540505180018693,-1.0
B,,partition,0.3|wd1.0,10,,operand,iid,end,w_WU_cos_init,3,3,-0.002500929171219468,-0.0014157334808260202,-0.11111111111111116
B,,partition,0.3|wd1.0,10,,operand,iid,end,w_WQ_fro,3,3,18.33968162536621,15.077432632446289,0.7777777777777777
B,,partition,0.3|wd1.0,10,,operand,iid,end,w_WQ_spec,3,3,17.65711212158203,14.573689460754395,0.5555555555555556
B,,partition,0.3|wd1.0,10,,operand,iid,end,w_WQ_stable_rank,3,3,1.078804612159729,1.0481629371643066,0.33333333333333326
B,,partition,0.3|wd1.0,10,,operand,iid,end,w_WQ_eff_rank,3,3,4.282554877084459,4.231107894196322,0.11111111111111116
B,,partition,0.3|wd1.0,10,,operand,iid,end,w_WQ_sv_gini,3,3,0.9721047150490807,0.9704919716911871,0.11111111111111116
B,,partition,0.3|wd1.0,10,,operand,iid,end,w_WQ_entry_gini,3,3,0.412616734389361,0.35978172698949806,0.5555555555555556
B,,partition,0.3|wd1.0,10,,operand,iid,end,w_WQ_row_gini,3,3,0.16411946409837186,0.09181696602036493,0.33333333333333326
B,,partition,0.3|wd1.0,10,,operand,iid,end,w_WQ_row_pr,3,3,0.9202580945301655,0.9678842886199762,-0.11111111111111116
B,,partition,0.3|wd1.0,10,,operand,iid,end,w_WQ_dist_init,3,3,21.715192794799805,18.903684616088867,0.5555555555555556
B,,partition,0.3|wd1.0,10,,operand,iid,end,w_WQ_rel_dist_init,3,3,1.8961042811013777,1.6713203835328236,0.5555555555555556
B,,partition,0.3|wd1.0,10,,operand,iid,end,w_WQ_cos_init,3,3,0.0008506517042405903,0.00584873603656888,-0.33333333333333337
B,,partition,0.3|wd1.0,10,,operand,iid,end,w_WK_fro,3,3,9.423863410949707,7.841063499450684,1.0
B,,partition,0.3|wd1.0,10,,operand,iid,end,w_WK_spec,3,3,6.972021102905273,4.694644927978516,1.0
B,,partition,0.3|wd1.0,10,,operand,iid,end,w_WK_stable_rank,3,3,2.02585506439209,2.1079041957855225,-0.5555555555555556
B,,partition,0.3|wd1.0,10,,operand,iid,end,w_WK_eff_rank,3,3,5.073271111248191,5.091581713855559,0.11111111111111116
B,,partition,0.3|wd1.0,10,,operand,iid,end,w_WK_sv_gini,3,3,0.9690488524860599,0.9693773960873189,-0.33333333333333337
B,,partition,0.3|wd1.0,10,,operand,iid,end,w_WK_entry_gini,3,3,0.442155518703953,0.4238826170261347,0.7777777777777777
B,,partition,0.3|wd1.0,10,,operand,iid,end,w_WK_row_gini,3,3,0.07502464914015983,0.04472124394255372,0.33333333333333326
B,,partition,0.3|wd1.0,10,,operand,iid,end,w_WK_row_pr,3,3,0.981102280622117,0.992111771420194,-0.33333333333333337
B,,partition,0.3|wd1.0,10,,operand,iid,end,w_WK_dist_init,3,3,14.81014633178711,13.79121208190918,1.0
B,,partition,0.3|wd1.0,10,,operand,iid,end,w_WK_rel_dist_init,3,3,1.3137383156065328,1.2179325309284303,1.0
B,,partition,0.3|wd1.0,10,,operand,iid,end,w_WK_cos_init,3,3,0.005034259520471096,-0.00032119269599206746,-0.11111111111111116
B,,partition,0.3|wd1.0,10,,operand,iid,end,w_WV_fro,3,3,6.962449073791504,7.1475043296813965,-0.11111111111111116
B,,partition,0.3|wd1.0,10,,operand,iid,end,w_WV_spec,3,3,3.5466127395629883,3.819960594177246,-0.33333333333333337
B,,partition,0.3|wd1.0,10,,operand,iid,end,w_WV_stable_rank,3,3,3.853421688079834,3.9525980949401855,-0.11111111111111116
B,,partition,0.3|wd1.0,10,,operand,iid,end,w_WV_eff_rank,3,3,38.19672815741303,19.440687511308894,1.0
B,,partition,0.3|wd1.0,10,,operand,iid,end,w_WV_sv_gini,3,3,0.7587509371223833,0.8772413101479071,-1.0
B,,partition,0.3|wd1.0,10,,operand,iid,end,w_WV_entry_gini,3,3,0.42670284870330266,0.42936463392287183,0.11111111111111116
B,,partition,0.3|wd1.0,10,,operand,iid,end,w_WV_row_gini,3,3,0.10854098572387239,0.1017805823126583,0.5555555555555556
B,,partition,0.3|wd1.0,10,,operand,iid,end,w_WV_row_pr,3,3,0.9600755084276803,0.9688409892548581,-1.0
B,,partition,0.3|wd1.0,10,,operand,iid,end,w_WV_dist_init,3,3,13.237170219421387,13.472689628601074,-0.11111111111111116
B,,partition,0.3|wd1.0,10,,operand,iid,end,w_WV_rel_dist_init,3,3,1.1703803982361887,1.1809021077143989,-0.11111111111111116
B,,partition,0.3|wd1.0,10,,operand,iid,end,w_WV_cos_init,3,3,0.007443958893418312,0.008002393878996372,-0.33333333333333337
B,,partition,0.3|wd1.0,10,,operand,iid,end,w_WO_fro,3,3,6.721518039703369,6.944360256195068,-0.33333333333333337
B,,partition,0.3|wd1.0,10,,operand,iid,end,w_WO_spec,3,3,2.8880646228790283,3.7071521282196045,-0.7777777777777778
B,,partition,0.3|wd1.0,10,,operand,iid,end,w_WO_stable_rank,3,3,4.027384281158447,3.53816294670105,0.33333333333333326
B,,partition,0.3|wd1.0,10,,operand,iid,end,w_WO_eff_rank,3,3,35.60535643806164,15.46201195132399,1.0
B,,partition,0.3|wd1.0,10,,operand,iid,end,w_WO_sv_gini,3,3,0.7653098019197393,0.8812025431325794,-1.0
B,,partition,0.3|wd1.0,10,,operand,iid,end,w_WO_entry_gini,3,3,0.42762102458594886,0.3717578440216198,0.33333333333333326
B,,partition,0.3|wd1.0,10,,operand,iid,end,w_WO_row_gini,3,3,0.17970971888358345,0.07353031305139779,1.0
B,,partition,0.3|wd1.0,10,,operand,iid,end,w_WO_row_pr,3,3,0.9000078199760133,0.982164925475489,-1.0
B,,partition,0.3|wd1.0,10,,operand,iid,end,w_WO_dist_init,3,3,13.168314933776855,13.317811012268066,-0.33333333333333337
B,,partition,0.3|wd1.0,10,,operand,iid,end,w_WO_rel_dist_init,3,3,1.1581726745148195,1.1708997467069344,-0.33333333333333337
B,,partition,0.3|wd1.0,10,,operand,iid,end,w_WO_cos_init,3,3,0.0028785073664039373,0.0014424985274672508,0.33333333333333326
B,,partition,0.3|wd1.0,10,,operand,iid,end,w_Win_fro,3,3,21.967309951782227,17.714847564697266,0.5555555555555556
B,,partition,0.3|wd1.0,10,,operand,iid,end,w_Win_spec,3,3,11.755156517028809,7.620337963104248,0.5555555555555556
B,,partition,0.3|wd1.0,10,,operand,iid,end,w_Win_stable_rank,3,3,3.5370819568634033,5.404068470001221,-0.7777777777777778
B,,partition,0.3|wd1.0,10,,operand,iid,end,w_Win_eff_rank,3,3,17.86920288543938,18.98337995466532,0.11111111111111116
B,,partition,0.3|wd1.0,10,,operand,iid,end,w_Win_sv_gini,3,3,0.8900774258103186,0.8778606682318442,-0.11111111111111116
B,,partition,0.3|wd1.0,10,,operand,iid,end,w_Win_entry_gini,3,3,0.44886633108904395,0.41965823753322984,0.5555555555555556
B,,partition,0.3|wd1.0,10,,operand,iid,end,w_Win_row_gini,3,3,0.14698058905917888,0.10418664224110286,0.5555555555555556
B,,partition,0.3|wd1.0,10,,operand,iid,end,w_Win_row_pr,3,3,0.9347087381287471,0.9672420406238316,-0.7777777777777778
B,,partition,0.3|wd1.0,10,,operand,iid,end,w_Win_dist_init,3,3,31.4785099029541,28.807235717773438,0.5555555555555556
B,,partition,0.3|wd1.0,10,,operand,iid,end,w_Win_rel_dist_init,3,3,1.387446837308503,1.2697077533671457,0.5555555555555556
B,,partition,0.3|wd1.0,10,,operand,iid,end,w_Win_cos_init,3,3,0.0059290556237101555,0.0013239523395895958,-0.11111111111111116
B,,partition,0.3|wd1.0,10,,operand,iid,end,w_Wout_fro,3,3,25.187286376953125,21.41145896911621,0.5555555555555556
B,,partition,0.3|wd1.0,10,,operand,iid,end,w_Wout_spec,3,3,14.305365562438965,11.56263256072998,0.5555555555555556
B,,partition,0.3|wd1.0,10,,operand,iid,end,w_Wout_stable_rank,3,3,3.100029706954956,3.6189258098602295,-0.7777777777777778
B,,partition,0.3|wd1.0,10,,operand,iid,end,w_Wout_eff_rank,3,3,14.417520750437422,16.280604990330794,0.11111111111111116
B,,partition,0.3|wd1.0,10,,operand,iid,end,w_Wout_sv_gini,3,3,0.9146833133250485,0.8980551276619186,0.11111111111111116
B,,partition,0.3|wd1.0,10,,operand,iid,end,w_Wout_entry_gini,3,3,0.4353134732601207,0.4622464594192486,-0.5555555555555556
B,,partition,0.3|wd1.0,10,,operand,iid,end,w_Wout_row_gini,3,3,0.09153107992627718,0.11072107833517375,-0.33333333333333337
B,,partition,0.3|wd1.0,10,,operand,iid,end,w_Wout_row_pr,3,3,0.9662617766821199,0.9617238966056392,0.33333333333333326
B,,partition,0.3|wd1.0,10,,operand,iid,end,w_Wout_dist_init,3,3,27.662960052490234,24.267173767089844,0.5555555555555556
B,,partition,0.3|wd1.0,10,,operand,iid,end,w_Wout_rel_dist_init,3,3,2.4416306349993717,2.143950676449683,0.5555555555555556
B,,partition,0.3|wd1.0,10,,operand,iid,end,w_Wout_cos_init,3,3,-0.004062000662088394,-0.003020800184458494,0.11111111111111116
B,,partition,0.3|wd1.0,10,,operand,iid,end,rep_dead_frac_te,3,3,0.0,0.0,0.0
B,,partition,0.3|wd1.0,10,,operand,iid,end,attn_to_a_mean,3,3,0.5048186182975769,0.5175111889839172,-0.33333333333333337
B,,partition,0.3|wd1.0,10,,operand,iid,end,attn_to_a_head_spread,3,3,0.022864501923322678,0.008230884559452534,1.0
B,,partition,0.3|wd1.0,10,,operand,iid,end,attn_entropy_mean,3,3,0.4484303295612335,0.46955999732017517,-0.11111111111111116
B,,partition,0.3|wd1.0,10,,operand,iid,end,unit_fourier_sum_share,3,3,0.5642548107496745,0.3688998799663611,0.11111111111111116
B,,partition,0.3|wd1.0,10,,operand,iid,end,unit_fourier_diff_share,3,3,0.059499842307877034,0.05909189623426378,0.33333333333333326
B,,partition,0.3|wd1.0,10,,operand,iid,end,unit_fourier_marginal_share,3,3,0.33418982974252365,0.5220099004023314,-0.33333333333333337
B,,partition,0.3|wd1.0,10,,operand,iid,end,unit_fourier_other_share,3,3,0.04205551719992473,0.023270392705206255,0.33333333333333326
B,,partition,0.3|wd1.0,10,,operand,iid,end,unit_sum_freq_concentration,3,3,0.4890069108333769,0.31992884972607055,-0.11111111111111116
B,,partition,0.3|wd1.0,10,,operand,iid,end,unit_n_distinct_sum_freqs,3,3,2.0,2.0,-0.33333333333333337
B,,partition,0.3|wd1.0,10,,operand,iid,end,fout_ipr,3,3,0.1221526749408342,0.15961590184663524,-1.0
B,,partition,0.3|wd1.0,10,,operand,iid,end,fout_dc_share,3,3,0.18841316075236345,0.33191127912679563,-1.0
B,,partition,0.3|wd1.0,10,,operand,iid,end,fout_top1_share,3,3,0.2302997989885633,0.2074802942771438,0.33333333333333326
B,,partition,0.3|wd1.0,10,,operand,iid,end,fout_nfreq90,3,3,30.0,27.0,0.5555555555555556
B,,partition,0.3|wd1.0,10,,operand,iid,end,fout_freq_gini,3,3,0.7035473509153238,0.7146639565905148,-0.5555555555555556
B,,partition,0.3|wd1.0,10,,operand,iid,end,fout_freq_eff_n,3,3,17.229650301153484,17.55339298442926,0.11111111111111116
B,,partition,0.3|wd1.0,10,,operand,iid,end,clock_share,3,3,0.457322761817942,0.42950957474418605,0.11111111111111116
B,,partition,0.3|wd1.0,10,,operand,iid,end,clock_nfreq90,3,3,2.0,3.0,-0.2222222222222222
B,,partition,0.3|wd1.0,10,,operand,iid,end,clock_top1_share,3,3,0.47586868799558407,0.5598850374997459,0.11111111111111116
B,,partition,0.3|wd1.0,10,,operand,iid,end,clock_freq_gini,3,3,0.9608213939255139,0.9606665113317989,0.33333333333333326
B,,partition,0.3|wd1.0,10,,operand,iid,end,clock_key_jaccard_final,3,3,1.0,1.0,0.0
B,,partition,0.3|wd1.0,10,,operand,iid,end,clock_restricted_loss_tr,3,3,0.43780919909477234,0.025537997484207153,0.5555555555555556
B,,partition,0.3|wd1.0,10,,operand,iid,end,clock_restricted_acc_tr,3,3,100.0,100.0,-0.33333333333333337
B,,partition,0.3|wd1.0,10,,operand,iid,end,clock_excluded_loss_tr,3,3,14.14592456817627,32.18680953979492,-1.0
B,,partition,0.3|wd1.0,10,,operand,iid,end,clock_excluded_acc_tr,3,3,0.052219320088624954,0.0,0.11111111111111116
B,,partition,0.3|wd1.0,10,,operand,iid,end,clock_restricted_loss_te,3,3,0.43780919909477234,0.025537999346852303,0.5555555555555556
B,,partition,0.3|wd1.0,10,,operand,iid,end,clock_restricted_acc_te,3,3,100.0,100.0,-0.33333333333333337
B,,partition,0.3|wd1.0,10,,operand,iid,end,clock_excluded_loss_te,3,3,15.344033241271973,33.0507926940918,-1.0
B,,partition,0.3|wd1.0,10,,operand,iid,end,clock_excluded_acc_te,3,3,0.0894954726099968,0.033560801297426224,0.22222222222222232
B,,partition,0.3|wd1.0,10,,operand,iid,end,fin_ipr,3,3,0.1720436759325466,0.17351578528174955,-0.11111111111111116
B,,partition,0.3|wd1.0,10,,operand,iid,end,fin_dc_share,3,3,0.10875548505357213,0.062086638132528627,0.7777777777777777
B,,partition,0.3|wd1.0,10,,operand,iid,end,fin_top1_share,3,3,0.38218794750837,0.4294070760689753,-0.33333333333333337
B,,partition,0.3|wd1.0,10,,operand,iid,end,fin_nfreq90,3,3,17.0,5.0,1.0
B,,partition,0.3|wd1.0,10,,operand,iid,end,fin_freq_gini,3,3,0.8166087689988095,0.8918710341611964,-1.0
B,,partition,0.3|wd1.0,10,,operand,iid,end,fin_freq_eff_n,3,3,7.057560781969668,5.316357440470634,1.0
B,,partition,0.3|wd1.0,10,,target,iid,end,fn_loss_tr,3,3,4.07609224319458,0.0007733646780252457,1.0
B,,partition,0.3|wd1.0,10,,target,iid,end,fn_acc_tr,3,3,7.5195817947387695,100.0,-1.0
B,,partition,0.3|wd1.0,10,,target,iid,end,fn_margin_tr,3,3,-1.550389289855957,8.473918914794922,-1.0
B,,partition,0.3|wd1.0,10,,target,iid,end,fn_entropy_tr,3,3,3.5901904106140137,0.006302967201918364,1.0
B,,partition,0.3|wd1.0,10,,target,iid,end,fn_loss_te,3,3,4.123711109161377,0.0023834838066250086,1.0
B,,partition,0.3|wd1.0,10,,target,iid,end,fn_acc_te,3,3,7.752545356750488,100.0,-1.0
B,,partition,0.3|wd1.0,10,,target,iid,end,fn_margin_te,3,3,-1.607513427734375,8.004944801330566,-1.0
B,,partition,0.3|wd1.0,10,,target,iid,end,fn_entropy_te,3,3,3.607203245162964,0.014208976179361343,1.0
B,,partition,0.3|wd1.0,10,,target,iid,end,fn_gap_loss,3,3,0.047618865966796875,0.001610119128599763,1.0
B,,partition,0.3|wd1.0,10,,target,iid,end,fn_gap_acc,3,3,0.6432108879089355,0.0,0.33333333333333326
B,,partition,0.3|wd1.0,10,,target,iid,end,fn_class_acc_gini,3,3,0.9165307642841902,0.0,1.0
B,,partition,0.3|wd1.0,10,,target,iid,end,w_all_norm,3,3,39.30568323743569,39.62406108251997,0.11111111111111116
B,,partition,0.3|wd1.0,10,,target,iid,end,w_all_rel_norm,3,3,1.056601374353115,1.062847952262032,0.11111111111111116
B,,partition,0.3|wd1.0,10,,target,iid,end,w_all_dist_init,3,3,54.18286566137564,54.375751898831915,0.11111111111111116
B,,partition,0.3|wd1.0,10,,target,iid,end,w_all_rel_dist_init,3,3,1.4565244923582377,1.4585369338600442,0.11111111111111116
B,,partition,0.3|wd1.0,10,,target,iid,end,w_all_cos_init,3,3,0.003143119697931545,0.0015523213114132558,0.33333333333333326
B,,partition,0.3|wd1.0,10,,target,iid,end,rep_between_within_tr,3,3,21.751786036060487,14.745537668605854,0.11111111111111116
B,,partition,0.3|wd1.0,10,,target,iid,end,rep_nc1_tr,3,3,244.33210686814792,399.3728276119024,-1.0
B,,partition,0.3|wd1.0,10,,target,iid,end,rep_eff_rank_te,3,3,7.704664262252212,12.367752505231502,-0.33333333333333337
B,,partition,0.3|wd1.0,10,,target,iid,end,rep_pr_te,3,3,3.5273950722446408,4.574836843958062,-0.7777777777777778
B,,partition,0.3|wd1.0,10,,target,iid,end,rep_unit_gini_te,3,3,0.5982275299791835,0.3726899084516415,0.33333333333333326
B,,partition,0.3|wd1.0,10,,target,iid,end,rep_unit_pr_te,3,3,0.3690845924300931,0.697093620043567,-0.33333333333333337
B,,partition,0.3|wd1.0,10,,target,iid,end,rep_between_within_te,3,3,19.477729198097038,14.046588223011852,0.11111111111111116
B,,partition,0.3|wd1.0,10,,target,iid,end,unit_interaction_share,3,3,0.975767865854187,0.4779901070180126,1.0
B,,partition,0.3|wd1.0,10,,target,iid,end,unit_frac_interacting,3,3,1.0,0.478515625,1.0
B,,partition,0.3|wd1.0,10,,target,iid,end,add_share_a,3,3,0.00942050451767393,0.004198364836969303,0.5555555555555556
B,,partition,0.3|wd1.0,10,,target,iid,end,add_share_b,3,3,0.00863278653348954,0.0040494493405304095,0.5555555555555556
B,,partition,0.3|wd1.0,10,,target,iid,end,add_share_interaction,3,3,0.7855986016442109,0.827116416323144,-0.5555555555555556
B,,partition,0.3|wd1.0,10,,target,iid,end,add_acc_interaction_tr,3,3,9.686683654785156,32.454307556152344,-1.0
B,,partition,0.3|wd1.0,10,,target,iid,end,add_acc_additive_tr,3,3,0.8877284526824951,1.0182766914367676,-0.33333333333333337
B,,partition,0.3|wd1.0,10,,target,iid,end,add_acc_no_a_tr,3,3,7.624021053314209,100.0,-1.0
B,,partition,0.3|wd1.0,10,,target,iid,end,add_acc_no_b_tr,3,3,7.624021053314209,100.0,-1.0
B,,partition,0.3|wd1.0,10,,target,iid,end,add_acc_interaction_te,3,3,9.497706413269043,31.17798614501953,-1.0
B,,partition,0.3|wd1.0,10,,target,iid,end,add_acc_additive_te,3,3,0.8502069711685181,0.9397024512290955,-0.2222222222222222
B,,partition,0.3|wd1.0,10,,target,iid,end,add_acc_no_a_te,3,3,8.188835144042969,99.98881530761719,-1.0
B,,partition,0.3|wd1.0,10,,target,iid,end,add_acc_no_b_te,3,3,7.998658180236816,99.97763061523438,-1.0
B,,partition,0.3|wd1.0,10,,target,iid,end,sharp_lambda_max,3,3,2211.27392578125,1.859563946723938,1.0
B,,partition,0.3|wd1.0,10,,target,iid,end,sharp_grad_norm,3,3,27.403217315673828,0.018472816795110703,1.0
B,,partition,0.3|wd1.0,10,,target,iid,end,sharp_lr_lambda,3,3,2.21127392578125,0.001859563946723938,1.0
B,,partition,0.3|wd1.0,10,,target,iid,end,w_WE_fro,3,3,11.648564338684082,13.379476547241211,-0.33333333333333337
B,,partition,0.3|wd1.0,10,,target,iid,end,w_WE_spec,3,3,7.497114658355713,6.3599534034729,0.5555555555555556
B,,partition,0.3|wd1.0,10,,target,iid,end,w_WE_stable_rank,3,3,2.652906894683838,4.425549030303955,-1.0
B,,partition,0.3|wd1.0,10,,target,iid,end,w_WE_eff_rank,3,3,23.608824311395438,45.57408337792107,-0.7777777777777778
B,,partition,0.3|wd1.0,10,,target,iid,end,w_WE_sv_gini,3,3,0.8103578848538742,0.658316463043886,0.7777777777777777
B,,partition,0.3|wd1.0,10,,target,iid,end,w_WE_entry_gini,3,3,0.4306458095119434,0.4499211831483514,0.11111111111111116
B,,partition,0.3|wd1.0,10,,target,iid,end,w_WE_row_gini,3,3,0.03366815768466602,0.024640124081307224,0.5555555555555556
B,,partition,0.3|wd1.0,10,,target,iid,end,w_WE_row_pr,3,3,0.9964554931522885,0.9981376205150732,-0.5555555555555556
B,,partition,0.3|wd1.0,10,,target,iid,end,w_WE_dist_init,3,3,15.901300430297852,17.06169891357422,-0.33333333333333337
B,,partition,0.3|wd1.0,10,,target,iid,end,w_WE_rel_dist_init,3,3,1.4917123325172945,1.6025122119923405,-0.33333333333333337
B,,partition,0.3|wd1.0,10,,target,iid,end,w_WE_cos_init,3,3,0.0015835792291909456,0.004437090363353491,-0.33333333333333337
B,,partition,0.3|wd1.0,10,,target,iid,end,w_WU_fro,3,3,6.825060844421387,12.485601425170898,-1.0
B,,partition,0.3|wd1.0,10,,target,iid,end,w_WU_spec,3,3,6.714334487915039,7.298600673675537,-0.7777777777777778
B,,partition,0.3|wd1.0,10,,target,iid,end,w_WU_stable_rank,3,3,1.046790361404419,2.8450307846069336,-1.0
B,,partition,0.3|wd1.0,10,,target,iid,end,w_WU_eff_rank,3,3,24.68309589601997,56.555990748046156,-1.0
B,,partition,0.3|wd1.0,10,,target,iid,end,w_WU_sv_gini,3,3,0.683530277489049,0.5924682465281037,1.0
B,,partition,0.3|wd1.0,10,,target,iid,end,w_WU_entry_gini,3,3,0.42699111576897053,0.4960697423983562,-1.0
B,,partition,0.3|wd1.0,10,,target,iid,end,w_WU_row_gini,3,3,0.015697327149984064,0.12338926957138363,-1.0
B,,partition,0.3|wd1.0,10,,target,iid,end,w_WU_row_pr,3,3,0.9992184772667706,0.9550319643828077,1.0
B,,partition,0.3|wd1.0,10,,target,iid,end,w_WU_dist_init,3,3,12.709527015686035,16.402267456054688,-1.0
B,,partition,0.3|wd1.0,10,,target,iid,end,w_WU_rel_dist_init,3,3,1.1909164250769986,1.540505180018693,-1.0
B,,partition,0.3|wd1.0,10,,target,iid,end,w_WU_cos_init,3,3,0.00563063146546483,-0.0014157334808260202,0.5555555555555556
B,,partition,0.3|wd1.0,10,,target,iid,end,w_WQ_fro,3,3,14.51258373260498,15.077432632446289,0.11111111111111116
B,,partition,0.3|wd1.0,10,,target,iid,end,w_WQ_spec,3,3,14.27666187286377,14.573689460754395,0.11111111111111116
B,,partition,0.3|wd1.0,10,,target,iid,end,w_WQ_stable_rank,3,3,1.035574197769165,1.0481629371643066,0.11111111111111116
B,,partition,0.3|wd1.0,10,,target,iid,end,w_WQ_eff_rank,3,3,2.80195745328207,4.231107894196322,-0.5555555555555556
B,,partition,0.3|wd1.0,10,,target,iid,end,w_WQ_sv_gini,3,3,0.9812938362268002,0.9704919716911871,0.5555555555555556
B,,partition,0.3|wd1.0,10,,target,iid,end,w_WQ_entry_gini,3,3,0.21745372712769218,0.35978172698949806,-1.0
B,,partition,0.3|wd1.0,10,,target,iid,end,w_WQ_row_gini,3,3,0.06929152222117918,0.09181696602036493,-0.5555555555555556
B,,partition,0.3|wd1.0,10,,target,iid,end,w_WQ_row_pr,3,3,0.9846819394362905,0.9678842886199762,0.5555555555555556
B,,partition,0.3|wd1.0,10,,target,iid,end,w_WQ_dist_init,3,3,18.328105926513672,18.903684616088867,0.11111111111111116
B,,partition,0.3|wd1.0,10,,target,iid,end,w_WQ_rel_dist_init,3,3,1.60035420546965,1.6713203835328236,0.11111111111111116
B,,partition,0.3|wd1.0,10,,target,iid,end,w_WQ_cos_init,3,3,0.010693492367863655,0.00584873603656888,0.33333333333333326
B,,partition,0.3|wd1.0,10,,target,iid,end,w_WK_fro,3,3,8.614019393920898,7.841063499450684,1.0
B,,partition,0.3|wd1.0,10,,target,iid,end,w_WK_spec,3,3,7.258557319641113,4.694644927978516,0.7777777777777777
B,,partition,0.3|wd1.0,10,,target,iid,end,w_WK_stable_rank,3,3,1.4083442687988281,2.1079041957855225,-0.5555555555555556
B,,partition,0.3|wd1.0,10,,target,iid,end,w_WK_eff_rank,3,3,3.77640224400512,5.091581713855559,-0.5555555555555556
B,,partition,0.3|wd1.0,10,,target,iid,end,w_WK_sv_gini,3,3,0.9770624022526395,0.9693773960873189,0.7777777777777777
B,,partition,0.3|wd1.0,10,,target,iid,end,w_WK_entry_gini,3,3,0.4411473066597489,0.4238826170261347,0.5555555555555556
B,,partition,0.3|wd1.0,10,,target,iid,end,w_WK_row_gini,3,3,0.06289184431931227,0.04472124394255372,1.0
B,,partition,0.3|wd1.0,10,,target,iid,end,w_WK_row_pr,3,3,0.9865512290221605,0.992111771420194,-1.0
B,,partition,0.3|wd1.0,10,,target,iid,end,w_WK_dist_init,3,3,14.213014602661133,13.79121208190918,1.0
B,,partition,0.3|wd1.0,10,,target,iid,end,w_WK_rel_dist_init,3,3,1.2542914680320096,1.2179325309284303,1.0
B,,partition,0.3|wd1.0,10,,target,iid,end,w_WK_cos_init,3,3,0.003454278688877821,-0.00032119269599206746,0.11111111111111116
B,,partition,0.3|wd1.0,10,,target,iid,end,w_WV_fro,3,3,12.586933135986328,7.1475043296813965,1.0
B,,partition,0.3|wd1.0,10,,target,iid,end,w_WV_spec,3,3,9.872034072875977,3.819960594177246,1.0
B,,partition,0.3|wd1.0,10,,target,iid,end,w_WV_stable_rank,3,3,1.9858131408691406,3.9525980949401855,-1.0
B,,partition,0.3|wd1.0,10,,target,iid,end,w_WV_eff_rank,3,3,4.8157758106697175,19.440687511308894,-0.7777777777777778
B,,partition,0.3|wd1.0,10,,target,iid,end,w_WV_sv_gini,3,3,0.9698280914608484,0.8772413101479071,0.7777777777777777
B,,partition,0.3|wd1.0,10,,target,iid,end,w_WV_entry_gini,3,3,0.4319856490962084,0.42936463392287183,0.33333333333333326
B,,partition,0.3|wd1.0,10,,target,iid,end,w_WV_row_gini,3,3,0.059568131217037745,0.1017805823126583,-0.33333333333333337
B,,partition,0.3|wd1.0,10,,target,iid,end,w_WV_row_pr,3,3,0.9884319981792067,0.9688409892548581,0.33333333333333326
B,,partition,0.3|wd1.0,10,,target,iid,end,w_WV_dist_init,3,3,16.869577407836914,13.472689628601074,1.0
B,,partition,0.3|wd1.0,10,,target,iid,end,w_WV_rel_dist_init,3,3,1.4915440685119032,1.1809021077143989,1.0
B,,partition,0.3|wd1.0,10,,target,iid,end,w_WV_cos_init,3,3,0.0017909897724166512,0.008002393878996372,-0.5555555555555556
B,,partition,0.3|wd1.0,10,,target,iid,end,w_WO_fro,3,3,15.64829158782959,6.944360256195068,1.0
B,,partition,0.3|wd1.0,10,,target,iid,end,w_WO_spec,3,3,10.314873695373535,3.7071521282196045,1.0
B,,partition,0.3|wd1.0,10,,target,iid,end,w_WO_stable_rank,3,3,1.9568681716918945,3.53816294670105,-1.0
B,,partition,0.3|wd1.0,10,,target,iid,end,w_WO_eff_rank,3,3,3.510005051342181,15.46201195132399,-1.0
B,,partition,0.3|wd1.0,10,,target,iid,end,w_WO_sv_gini,3,3,0.9773373875990068,0.8812025431325794,0.7777777777777777
B,,partition,0.3|wd1.0,10,,target,iid,end,w_WO_entry_gini,3,3,0.32850591869493573,0.3717578440216198,-0.5555555555555556
B,,partition,0.3|wd1.0,10,,target,iid,end,w_WO_row_gini,3,3,0.052164416327110885,0.07353031305139779,-0.33333333333333337
B,,partition,0.3|wd1.0,10,,target,iid,end,w_WO_row_pr,3,3,0.9910620545193308,0.982164925475489,0.33333333333333326
B,,partition,0.3|wd1.0,10,,target,iid,end,w_WO_dist_init,3,3,19.24683952331543,13.317811012268066,1.0
B,,partition,0.3|wd1.0,10,,target,iid,end,w_WO_rel_dist_init,3,3,1.6921789550849826,1.1708997467069344,1.0
B,,partition,0.3|wd1.0,10,,target,iid,end,w_WO_cos_init,3,3,0.008698509074747562,0.0014424985274672508,0.5555555555555556
B,,partition,0.3|wd1.0,10,,target,iid,end,w_Win_fro,3,3,20.860666275024414,17.714847564697266,0.5555555555555556
B,,partition,0.3|wd1.0,10,,target,iid,end,w_Win_spec,3,3,14.883655548095703,7.620337963104248,0.7777777777777777
B,,partition,0.3|wd1.0,10,,target,iid,end,w_Win_stable_rank,3,3,1.9643888473510742,5.404068470001221,-1.0
B,,partition,0.3|wd1.0,10,,target,iid,end,w_Win_eff_rank,3,3,17.809641607782424,18.98337995466532,0.11111111111111116
B,,partition,0.3|wd1.0,10,,target,iid,end,w_Win_sv_gini,3,3,0.809551823223488,0.8778606682318442,-0.5555555555555556
B,,partition,0.3|wd1.0,10,,target,iid,end,w_Win_entry_gini,3,3,0.39992580836591185,0.41965823753322984,-0.33333333333333337
B,,partition,0.3|wd1.0,10,,target,iid,end,w_Win_row_gini,3,3,0.13424930437723792,0.10418664224110286,0.7777777777777777
B,,partition,0.3|wd1.0,10,,target,iid,end,w_Win_row_pr,3,3,0.941512124902133,0.9672420406238316,-0.7777777777777778
B,,partition,0.3|wd1.0,10,,target,iid,end,w_Win_dist_init,3,3,30.7315673828125,28.807235717773438,0.5555555555555556
B,,partition,0.3|wd1.0,10,,target,iid,end,w_Win_rel_dist_init,3,3,1.35452459796437,1.2697077533671457,0.5555555555555556
B,,partition,0.3|wd1.0,10,,target,iid,end,w_Win_cos_init,3,3,0.002022587927058339,0.0013239523395895958,-0.11111111111111116
B,,partition,0.3|wd1.0,10,,target,iid,end,w_Wout_fro,3,3,6.999484539031982,21.41145896911621,-1.0
B,,partition,0.3|wd1.0,10,,target,iid,end,w_Wout_spec,3,3,2.3851494789123535,11.56263256072998,-1.0
B,,partition,0.3|wd1.0,10,,target,iid,end,w_Wout_stable_rank,3,3,7.855686187744141,3.6189258098602295,0.7777777777777777
B,,partition,0.3|wd1.0,10,,target,iid,end,w_Wout_eff_rank,3,3,73.61975282872913,16.280604990330794,1.0
B,,partition,0.3|wd1.0,10,,target,iid,end,w_Wout_sv_gini,3,3,0.5576235272148939,0.8980551276619186,-1.0
B,,partition,0.3|wd1.0,10,,target,iid,end,w_Wout_entry_gini,3,3,0.4227654403273493,0.4622464594192486,-1.0
B,,partition,0.3|wd1.0,10,,target,iid,end,w_Wout_row_gini,3,3,0.045628706478163084,0.11072107833517375,-1.0
B,,partition,0.3|wd1.0,10,,target,iid,end,w_Wout_row_pr,3,3,0.9934028025548425,0.9617238966056392,1.0
B,,partition,0.3|wd1.0,10,,target,iid,end,w_Wout_dist_init,3,3,13.299850463867188,24.267173767089844,-1.0
B,,partition,0.3|wd1.0,10,,target,iid,end,w_Wout_rel_dist_init,3,3,1.173450191130823,2.143950676449683,-1.0
B,,partition,0.3|wd1.0,10,,target,iid,end,w_Wout_cos_init,3,3,-0.006093475501984358,-0.003020800184458494,-0.33333333333333337
B,,partition,0.3|wd1.0,10,,target,iid,end,rep_dead_frac_te,3,3,0.0,0.0,0.0
B,,partition,0.3|wd1.0,10,,target,iid,end,attn_to_a_mean,3,3,0.49431681632995605,0.5175111889839172,-1.0
B,,partition,0.3|wd1.0,10,,target,iid,end,attn_to_a_head_spread,3,3,0.007745828945189714,0.008230884559452534,-0.33333333333333337
B,,partition,0.3|wd1.0,10,,target,iid,end,attn_entropy_mean,3,3,0.36101967096328735,0.46955999732017517,-0.5555555555555556
B,,partition,0.3|wd1.0,10,,target,iid,end,unit_fourier_sum_share,3,3,0.925714202312603,0.3688998799663611,1.0
B,,partition,0.3|wd1.0,10,,target,iid,end,unit_fourier_diff_share,3,3,0.026193007547006854,0.05909189623426378,-0.5555555555555556
B,,partition,0.3|wd1.0,10,,target,iid,end,unit_fourier_marginal_share,3,3,0.02423213416167042,0.5220099004023314,-1.0
B,,partition,0.3|wd1.0,10,,target,iid,end,unit_fourier_other_share,3,3,0.017417662773381304,0.023270392705206255,-0.11111111111111116
B,,partition,0.3|wd1.0,10,,target,iid,end,unit_sum_freq_concentration,3,3,0.7676623897045061,0.31992884972607055,0.7777777777777777
B,,partition,0.3|wd1.0,10,,target,iid,end,unit_n_distinct_sum_freqs,3,3,1.0,2.0,-0.7777777777777778
B,,partition,0.3|wd1.0,10,,target,iid,end,fout_ipr,3,3,0.701349796558755,0.15961590184663524,1.0
B,,partition,0.3|wd1.0,10,,target,iid,end,fout_dc_share,3,3,0.9547334727119242,0.33191127912679563,1.0
B,,partition,0.3|wd1.0,10,,target,iid,end,fout_top1_share,3,3,0.10766885595008079,0.2074802942771438,-0.7777777777777778
B,,partition,0.3|wd1.0,10,,target,iid,end,fout_nfreq90,3,3,44.0,27.0,1.0
B,,partition,0.3|wd1.0,10,,target,iid,end,fout_freq_gini,3,3,0.3920865683502357,0.7146639565905148,-1.0
B,,partition,0.3|wd1.0,10,,target,iid,end,fout_freq_eff_n,3,3,39.29673627315284,17.55339298442926,1.0
B,,partition,0.3|wd1.0,10,,target,iid,end,clock_share,3,3,0.16791031910517412,0.42950957474418605,-1.0
B,,partition,0.3|wd1.0,10,,target,iid,end,clock_nfreq90,3,3,3.0,3.0,0.11111111111111116
B,,partition,0.3|wd1.0,10,,target,iid,end,clock_top1_share,3,3,0.508415231747437,0.5598850374997459,-0.11111111111111116
B,,partition,0.3|wd1.0,10,,target,iid,end,clock_freq_gini,3,3,0.9555478880815853,0.9606665113317989,-0.33333333333333337
B,,partition,0.3|wd1.0,10,,target,iid,end,clock_key_jaccard_final,3,3,1.0,1.0,0.0
B,,partition,0.3|wd1.0,10,,target,iid,end,clock_restricted_loss_tr,3,3,3.5850110054016113,0.025537997484207153,1.0
B,,partition,0.3|wd1.0,10,,target,iid,end,clock_restricted_acc_tr,3,3,100.0,100.0,-0.33333333333333337
B,,partition,0.3|wd1.0,10,,target,iid,end,clock_excluded_loss_tr,3,3,5.232635021209717,32.18680953979492,-1.0
B,,partition,0.3|wd1.0,10,,target,iid,end,clock_excluded_acc_tr,3,3,1.2010444402694702,0.0,1.0
B,,partition,0.3|wd1.0,10,,target,iid,end,clock_restricted_loss_te,3,3,3.5850110054016113,0.025537999346852303,1.0
B,,partition,0.3|wd1.0,10,,target,iid,end,clock_restricted_acc_te,3,3,100.0,100.0,-0.33333333333333337
B,,partition,0.3|wd1.0,10,,target,iid,end,clock_excluded_loss_te,3,3,5.29083776473999,33.0507926940918,-1.0
B,,partition,0.3|wd1.0,10,,target,iid,end,clock_excluded_acc_te,3,3,1.1858150959014893,0.033560801297426224,1.0
B,,partition,0.3|wd1.0,10,,target,iid,end,fin_ipr,3,3,0.28382461171574835,0.17351578528174955,1.0
B,,partition,0.3|wd1.0,10,,target,iid,end,fin_dc_share,3,3,0.05493330905204931,0.062086638132528627,-0.5555555555555556
B,,partition,0.3|wd1.0,10,,target,iid,end,fin_top1_share,3,3,0.7285834522033475,0.4294070760689753,0.7777777777777777
B,,partition,0.3|wd1.0,10,,target,iid,end,fin_nfreq90,3,3,2.0,5.0,-0.8888888888888888
B,,partition,0.3|wd1.0,10,,target,iid,end,fin_freq_gini,3,3,0.918591809810257,0.8918710341611964,0.5555555555555556
B,,partition,0.3|wd1.0,10,,target,iid,end,fin_freq_eff_n,3,3,2.822937941988167,5.316357440470634,-0.7777777777777778
B,,partition,0.3|wd1.0,20,,target,iid,end,fn_loss_tr,3,3,4.838303565979004,0.006474378984421492,1.0
B,,partition,0.3|wd1.0,20,,target,iid,end,fn_acc_tr,3,3,2.0626633167266846,100.0,-1.0
B,,partition,0.3|wd1.0,20,,target,iid,end,fn_margin_tr,3,3,-2.1304543018341064,6.674739360809326,-1.0
B,,partition,0.3|wd1.0,20,,target,iid,end,fn_entropy_tr,3,3,3.7645065784454346,0.035840339958667755,1.0
B,,partition,0.3|wd1.0,20,,target,iid,end,fn_loss_te,3,3,4.836082458496094,0.023119211196899414,1.0
B,,partition,0.3|wd1.0,20,,target,iid,end,fn_acc_te,3,3,2.0583958625793457,99.83219909667969,-1.0
B,,partition,0.3|wd1.0,20,,target,iid,end,fn_margin_te,3,3,-2.099276065826416,6.043911933898926,-1.0
B,,partition,0.3|wd1.0,20,,target,iid,end,fn_entropy_te,3,3,3.7697529792785645,0.07624761015176773,1.0
B,,partition,0.3|wd1.0,20,,target,iid,end,fn_gap_loss,3,3,-0.0022211074829101562,0.014471804723143578,-0.33333333333333337
B,,partition,0.3|wd1.0,20,,target,iid,end,fn_gap_acc,3,3,0.0525054931640625,0.1678009033203125,-0.33333333333333337
B,,partition,0.3|wd1.0,20,,target,iid,end,fn_class_acc_gini,3,3,0.9747084043165679,0.0015468917073930832,1.0
B,,partition,0.3|wd1.0,20,,target,iid,end,w_all_norm,3,3,30.29033388008477,39.423628223773065,-1.0
B,,partition,0.3|wd1.0,20,,target,iid,end,w_all_rel_norm,3,3,0.8166989445679524,1.0629541321287244,-1.0
B,,partition,0.3|wd1.0,20,,target,iid,end,w_all_dist_init,3,3,47.768525967141436,54.139597324238395,-1.0
B,,partition,0.3|wd1.0,20,,target,iid,end,w_all_rel_dist_init,3,3,1.287952285219976,1.4597314169293567,-1.0
B,,partition,0.3|wd1.0,20,,target,iid,end,w_all_cos_init,3,3,0.0050055749262316925,0.001510932687159858,0.7777777777777777
B,,partition,0.3|wd1.0,20,,target,iid,end,rep_between_within_tr,3,3,61.65275631208478,26.26434772018131,1.0
B,,partition,0.3|wd1.0,20,,target,iid,end,rep_nc1_tr,3,3,313.14594688472044,327.7579441883015,-0.5555555555555556
B,,partition,0.3|wd1.0,20,,target,iid,end,rep_eff_rank_te,3,3,4.112965539385837,12.120783328623265,-1.0
B,,partition,0.3|wd1.0,20,,target,iid,end,rep_pr_te,3,3,2.0365787703759772,5.210871498608994,-1.0
B,,partition,0.3|wd1.0,20,,target,iid,end,rep_unit_gini_te,3,3,0.3904653426797666,0.2803358462049139,0.5555555555555556
B,,partition,0.3|wd1.0,20,,target,iid,end,rep_unit_pr_te,3,3,0.5868721204990107,0.7836511374394308,-0.7777777777777778
B,,partition,0.3|wd1.0,20,,target,iid,end,rep_between_within_te,3,3,54.4112556334721,23.097054681137863,1.0
B,,partition,0.3|wd1.0,20,,target,iid,end,unit_interaction_share,3,3,0.9916738023722115,0.9167912328564916,1.0
B,,partition,0.3|wd1.0,20,,target,iid,end,unit_frac_interacting,3,3,1.0,0.908203125,1.0
B,,partition,0.3|wd1.0,20,,target,iid,end,add_share_a,3,3,0.0036271642183184436,0.005488228989095894,-1.0
B,,partition,0.3|wd1.0,20,,target,iid,end,add_share_b,3,3,0.0034984982596205525,0.004503544158202592,-0.33333333333333337
B,,partition,0.3|wd1.0,20,,target,iid,end,add_share_interaction,3,3,0.7827440292169611,0.8594900968205715,-1.0
B,,partition,0.3|wd1.0,20,,target,iid,end,add_acc_interaction_tr,3,3,5.77023458480835,80.93994903564453,-1.0
B,,partition,0.3|wd1.0,20,,target,iid,end,add_acc_additive_tr,3,3,0.7571801543235779,0.9399477243423462,-0.33333333333333337
B,,partition,0.3|wd1.0,20,,target,iid,end,add_acc_no_a_tr,3,3,2.010443687438965,99.97388458251953,-1.0
B,,partition,0.3|wd1.0,20,,target,iid,end,add_acc_no_b_tr,3,3,2.088772773742676,100.0,-1.0
B,,partition,0.3|wd1.0,20,,target,iid,end,add_acc_interaction_te,3,3,5.604653835296631,77.33527374267578,-1.0
B,,partition,0.3|wd1.0,20,,target,iid,end,add_acc_additive_te,3,3,0.8166462182998657,0.7718984484672546,0.33333333333333326
B,,partition,0.3|wd1.0,20,,target,iid,end,add_acc_no_a_te,3,3,1.9689003229141235,99.7874526977539,-1.0
B,,partition,0.3|wd1.0,20,,target,iid,end,add_acc_no_b_te,3,3,1.9689003229141235,99.82101440429688,-1.0
B,,partition,0.3|wd1.0,20,,target,iid,end,sharp_lambda_max,3,3,2169.439208984375,19.38092613220215,1.0
B,,partition,0.3|wd1.0,20,,target,iid,end,sharp_grad_norm,3,3,28.28590965270996,0.2293625771999359,1.0
B,,partition,0.3|wd1.0,20,,target,iid,end,sharp_lr_lambda,3,3,2.1694392089843753,0.019380926132202148,1.0
B,,partition,0.3|wd1.0,20,,target,iid,end,w_WE_fro,3,3,8.827589988708496,12.372218132019043,-1.0
B,,partition,0.3|wd1.0,20,,target,iid,end,w_WE_spec,3,3,5.754751682281494,5.87227725982666,-0.11111111111111116
B,,partition,0.3|wd1.0,20,,target,iid,end,w_WE_stable_rank,3,3,2.299229383468628,4.482262134552002,-1.0
B,,partition,0.3|wd1.0,20,,target,iid,end,w_WE_eff_rank,3,3,20.027836368011492,48.6423967704336,-1.0
B,,partition,0.3|wd1.0,20,,target,iid,end,w_WE_sv_gini,3,3,0.8259158224567469,0.637587597070252,1.0
B,,partition,0.3|wd1.0,20,,target,iid,end,w_WE_entry_gini,3,3,0.39185399302480306,0.4505660941535905,-1.0
B,,partition,0.3|wd1.0,20,,target,iid,end,w_WE_row_gini,3,3,0.030263710303951585,0.030025505969912603,0.33333333333333326
B,,partition,0.3|wd1.0,20,,target,iid,end,w_WE_row_pr,3,3,0.9971568341095242,0.9971153151981669,0.11111111111111116
B,,partition,0.3|wd1.0,20,,target,iid,end,w_WE_dist_init,3,3,13.855231285095215,16.305269241333008,-1.0
B,,partition,0.3|wd1.0,20,,target,iid,end,w_WE_rel_dist_init,3,3,1.3013462168576104,1.5296089347489776,-1.0
B,,partition,0.3|wd1.0,20,,target,iid,end,w_WE_cos_init,3,3,-0.0010577517095953226,0.003186638932675123,-0.11111111111111116
B,,partition,0.3|wd1.0,20,,target,iid,end,w_WU_fro,3,3,7.195556163787842,14.652510643005371,-1.0
B,,partition,0.3|wd1.0,20,,target,iid,end,w_WU_spec,3,3,6.990044116973877,9.214673042297363,-1.0
B,,partition,0.3|wd1.0,20,,target,iid,end,w_WU_stable_rank,3,3,1.0498102903366089,2.245058298110962,-1.0
B,,partition,0.3|wd1.0,20,,target,iid,end,w_WU_eff_rank,3,3,18.014176185923024,56.60137280703794,-1.0
B,,partition,0.3|wd1.0,20,,target,iid,end,w_WU_sv_gini,3,3,0.7842165661087488,0.5820768730702564,1.0
B,,partition,0.3|wd1.0,20,,target,iid,end,w_WU_entry_gini,3,3,0.4494486257488035,0.43652085682237995,0.33333333333333326
B,,partition,0.3|wd1.0,20,,target,iid,end,w_WU_row_gini,3,3,0.020277215741651977,0.07338542751828392,-1.0
B,,partition,0.3|wd1.0,20,,target,iid,end,w_WU_row_pr,3,3,0.998743435500487,0.9836312763338108,1.0
B,,partition,0.3|wd1.0,20,,target,iid,end,w_WU_dist_init,3,3,12.87989616394043,18.167388916015625,-1.0
B,,partition,0.3|wd1.0,20,,target,iid,end,w_WU_rel_dist_init,3,3,1.2033586104086236,1.7023325757238619,-1.0
B,,partition,0.3|wd1.0,20,,target,iid,end,w_WU_cos_init,3,3,0.0024238962214440107,-0.00038441436481662095,0.11111111111111116
B,,partition,0.3|wd1.0,20,,target,iid,end,w_WQ_fro,3,3,11.449289321899414,14.523807525634766,-0.7777777777777778
B,,partition,0.3|wd1.0,20,,target,iid,end,w_WQ_spec,3,3,11.28332805633545,14.095117568969727,-0.7777777777777778
B,,partition,0.3|wd1.0,20,,target,iid,end,w_WQ_stable_rank,3,3,1.0352206230163574,1.0618900060653687,-1.0
B,,partition,0.3|wd1.0,20,,target,iid,end,w_WQ_eff_rank,3,3,2.1430851991669986,3.867595173439636,-1.0
B,,partition,0.3|wd1.0,20,,target,iid,end,w_WQ_sv_gini,3,3,0.9862913684975521,0.973784893338431,1.0
B,,partition,0.3|wd1.0,20,,target,iid,end,w_WQ_entry_gini,3,3,0.16872696329581038,0.26803766651340033,-1.0
B,,partition,0.3|wd1.0,20,,target,iid,end,w_WQ_row_gini,3,3,0.09823312947040219,0.10172597853454546,-0.11111111111111116
B,,partition,0.3|wd1.0,20,,target,iid,end,w_WQ_row_pr,3,3,0.9659835134377461,0.9584102068391549,0.11111111111111116
B,,partition,0.3|wd1.0,20,,target,iid,end,w_WQ_dist_init,3,3,15.857951164245605,18.344953536987305,-0.7777777777777778
B,,partition,0.3|wd1.0,20,,target,iid,end,w_WQ_rel_dist_init,3,3,1.4020397377617337,1.6228991867819802,-0.7777777777777778
B,,partition,0.3|wd1.0,20,,target,iid,end,w_WQ_cos_init,3,3,0.029119713231921196,0.0034819196444004774,1.0
B,,partition,0.3|wd1.0,20,,target,iid,end,w_WK_fro,3,3,9.655028343200684,7.872049808502197,1.0
B,,partition,0.3|wd1.0,20,,target,iid,end,w_WK_spec,3,3,8.299407958984375,4.965872287750244,1.0
B,,partition,0.3|wd1.0,20,,target,iid,end,w_WK_stable_rank,3,3,1.3426214456558228,2.5129754543304443,-1.0
B,,partition,0.3|wd1.0,20,,target,iid,end,w_WK_eff_rank,3,3,2.985878194013824,4.8911312503811075,-1.0
B,,partition,0.3|wd1.0,20,,target,iid,end,w_WK_sv_gini,3,3,0.9815031352710395,0.9692312258614613,1.0
B,,partition,0.3|wd1.0,20,,target,iid,end,w_WK_entry_gini,3,3,0.3509567539742051,0.43210598152027213,-1.0
B,,partition,0.3|wd1.0,20,,target,iid,end,w_WK_row_gini,3,3,0.06390560505523069,0.06257600800184582,0.33333333333333326
B,,partition,0.3|wd1.0,20,,target,iid,end,w_WK_row_pr,3,3,0.9867739230063108,0.9835495263624189,-0.11111111111111116
B,,partition,0.3|wd1.0,20,,target,iid,end,w_WK_dist_init,3,3,14.873587608337402,13.83444881439209,1.0
B,,partition,0.3|wd1.0,20,,target,iid,end,w_WK_rel_dist_init,3,3,1.3136754584725991,1.2173574634068236,1.0
B,,partition,0.3|wd1.0,20,,target,iid,end,w_WK_cos_init,3,3,0.005775824189186096,-0.0019941211212426424,0.33333333333333326
B,,partition,0.3|wd1.0,20,,target,iid,end,w_WV_fro,3,3,10.787017822265625,6.788741588592529,1.0
B,,partition,0.3|wd1.0,20,,target,iid,end,w_WV_spec,3,3,7.446486473083496,3.5485808849334717,1.0
B,,partition,0.3|wd1.0,20,,target,iid,end,w_WV_stable_rank,3,3,2.098445177078247,3.6599647998809814,-1.0
B,,partition,0.3|wd1.0,20,,target,iid,end,w_WV_eff_rank,3,3,5.859239263123349,20.261313068651177,-1.0
B,,partition,0.3|wd1.0,20,,target,iid,end,w_WV_sv_gini,3,3,0.9630065738806186,0.8706669564925178,1.0
B,,partition,0.3|wd1.0,20,,target,iid,end,w_WV_entry_gini,3,3,0.3832101093232536,0.41651841617601537,-1.0
B,,partition,0.3|wd1.0,20,,target,iid,end,w_WV_row_gini,3,3,0.0589171651277125,0.06263855710508826,-0.5555555555555556
B,,partition,0.3|wd1.0,20,,target,iid,end,w_WV_row_pr,3,3,0.9884686165884227,0.9877425343301096,0.11111111111111116
B,,partition,0.3|wd1.0,20,,target,iid,end,w_WV_dist_init,3,3,15.638177871704102,13.257672309875488,1.0
B,,partition,0.3|wd1.0,20,,target,iid,end,w_WV_rel_dist_init,3,3,1.3756005945734227,1.1662012071830334,1.0
B,,partition,0.3|wd1.0,20,,target,iid,end,w_WV_cos_init,3,3,0.004258225671947002,0.0021209032274782658,-0.11111111111111116
B,,partition,0.3|wd1.0,20,,target,iid,end,w_WO_fro,3,3,11.917799949645996,7.576381206512451,1.0
B,,partition,0.3|wd1.0,20,,target,iid,end,w_WO_spec,3,3,8.47370433807373,4.242810249328613,1.0
B,,partition,0.3|wd1.0,20,,target,iid,end,w_WO_stable_rank,3,3,1.9780935049057007,3.4142143726348877,-1.0
B,,partition,0.3|wd1.0,20,,target,iid,end,w_WO_eff_rank,3,3,4.422083006363645,15.116383724445965,-1.0
B,,partition,0.3|wd1.0,20,,target,iid,end,w_WO_sv_gini,3,3,0.9728800025842603,0.8918283896622126,1.0
B,,partition,0.3|wd1.0,20,,target,iid,end,w_WO_entry_gini,3,3,0.3408470287235146,0.3755892426920553,-1.0
B,,partition,0.3|wd1.0,20,,target,iid,end,w_WO_row_gini,3,3,0.09107327013672029,0.10476482143210353,0.11111111111111116
B,,partition,0.3|wd1.0,20,,target,iid,end,w_WO_row_pr,3,3,0.9723179801760301,0.964247588224416,-0.11111111111111116
B,,partition,0.3|wd1.0,20,,target,iid,end,w_WO_dist_init,3,3,16.466594696044922,13.633291244506836,1.0
B,,partition,0.3|wd1.0,20,,target,iid,end,w_WO_rel_dist_init,3,3,1.4477402886227906,1.1986367166698766,1.0
B,,partition,0.3|wd1.0,20,,target,iid,end,w_WO_cos_init,3,3,-0.0030101824086159468,0.004985480103641748,-0.33333333333333337
B,,partition,0.3|wd1.0,20,,target,iid,end,w_Win_fro,3,3,15.851526260375977,22.236839294433594,-0.5555555555555556
B,,partition,0.3|wd1.0,20,,target,iid,end,w_Win_spec,3,3,9.848333358764648,12.086063385009766,-0.33333333333333337
B,,partition,0.3|wd1.0,20,,target,iid,end,w_Win_stable_rank,3,3,2.5612692832946777,3.7807836532592773,-1.0
B,,partition,0.3|wd1.0,20,,target,iid,end,w_Win_eff_rank,3,3,37.62440278453691,16.52187814944519,0.7777777777777777
B,,partition,0.3|wd1.0,20,,target,iid,end,w_Win_sv_gini,3,3,0.7112949373566861,0.8912464459939278,-1.0
B,,partition,0.3|wd1.0,20,,target,iid,end,w_Win_entry_gini,3,3,0.3808322621796809,0.39450744658096126,-0.33333333333333337
B,,partition,0.3|wd1.0,20,,target,iid,end,w_Win_row_gini,3,3,0.12408442927566088,0.11298518375977706,-0.11111111111111116
B,,partition,0.3|wd1.0,20,,target,iid,end,w_Win_row_pr,3,3,0.9514708923049884,0.9583887157332173,0.11111111111111116
B,,partition,0.3|wd1.0,20,,target,iid,end,w_Win_dist_init,3,3,27.591798782348633,31.75603485107422,-0.5555555555555556
B,,partition,0.3|wd1.0,20,,target,iid,end,w_Win_rel_dist_init,3,3,1.2232738692555856,1.4078939880258925,-0.5555555555555556
B,,partition,0.3|wd1.0,20,,target,iid,end,w_Win_cos_init,3,3,-0.0017855777405202389,0.0012085670605301857,-0.11111111111111116
B,,partition,0.3|wd1.0,20,,target,iid,end,w_Wout_fro,3,3,6.853990077972412,18.499406814575195,-1.0
B,,partition,0.3|wd1.0,20,,target,iid,end,w_Wout_spec,3,3,3.0678136348724365,9.593364715576172,-1.0
B,,partition,0.3|wd1.0,20,,target,iid,end,w_Wout_stable_rank,3,3,4.839755058288574,4.493380069732666,0.33333333333333326
B,,partition,0.3|wd1.0,20,,target,iid,end,w_Wout_eff_rank,3,3,69.84804347692041,19.4069617977046,1.0
B,,partition,0.3|wd1.0,20,,target,iid,end,w_Wout_sv_gini,3,3,0.5726148777200253,0.8859674947464884,-1.0
B,,partition,0.3|wd1.0,20,,target,iid,end,w_Wout_entry_gini,3,3,0.42246037092008604,0.4762170518168394,-1.0
B,,partition,0.3|wd1.0,20,,target,iid,end,w_Wout_row_gini,3,3,0.07174626567076547,0.14206262055351804,-1.0
B,,partition,0.3|wd1.0,20,,target,iid,end,w_Wout_row_pr,3,3,0.9838352098751068,0.9398336284404545,1.0
B,,partition,0.3|wd1.0,20,,target,iid,end,w_Wout_dist_init,3,3,13.192163467407227,21.70099449157715,-1.0
B,,partition,0.3|wd1.0,20,,target,iid,end,w_Wout_rel_dist_init,3,3,1.1639489319308378,1.9146858983905968,-1.0
B,,partition,0.3|wd1.0,20,,target,iid,end,w_Wout_cos_init,3,3,0.0027077049016952515,-0.000587012036703527,0.33333333333333326
B,,partition,0.3|wd1.0,20,,target,iid,end,rep_dead_frac_te,3,3,0.0,0.0,0.0
B,,partition,0.3|wd1.0,20,,target,iid,end,attn_to_a_mean,3,3,0.49226000905036926,0.51250821352005,-1.0
B,,partition,0.3|wd1.0,20,,target,iid,end,attn_to_a_head_spread,3,3,0.01003724243491888,0.01701756753027439,-0.33333333333333337
B,,partition,0.3|wd1.0,20,,target,iid,end,attn_entropy_mean,3,3,0.38454747200012207,0.44496336579322815,-0.7777777777777778
B,,partition,0.3|wd1.0,20,,target,iid,end,unit_fourier_sum_share,3,3,0.9730917723173887,0.8822574769938939,1.0
B,,partition,0.3|wd1.0,20,,target,iid,end,unit_fourier_diff_share,3,3,0.0058773923625527625,0.015870917110973413,-1.0
B,,partition,0.3|wd1.0,20,,target,iid,end,unit_fourier_marginal_share,3,3,0.008326197638087427,0.08320876609953218,-1.0
B,,partition,0.3|wd1.0,20,,target,iid,end,unit_fourier_other_share,3,3,0.011808709736179757,0.01866283979560046,-1.0
B,,partition,0.3|wd1.0,20,,target,iid,end,unit_sum_freq_concentration,3,3,0.8606503255454467,0.740487046477791,1.0
B,,partition,0.3|wd1.0,20,,target,iid,end,unit_n_distinct_sum_freqs,3,3,1.0,2.0,-1.0
B,,partition,0.3|wd1.0,20,,target,iid,end,fout_ipr,3,3,0.6278337178433602,0.24475337187173524,1.0
B,,partition,0.3|wd1.0,20,,target,iid,end,fout_dc_share,3,3,0.9513153291009385,0.4389622996666684,1.0
B,,partition,0.3|wd1.0,20,,target,iid,end,fout_top1_share,3,3,0.27576006071973713,0.3877126780964495,-0.33333333333333337
B,,partition,0.3|wd1.0,20,,target,iid,end,fout_nfreq90,3,3,42.0,28.0,1.0
B,,partition,0.3|wd1.0,20,,target,iid,end,fout_freq_gini,3,3,0.46537993696113067,0.7367132365161955,-1.0
B,,partition,0.3|wd1.0,20,,target,iid,end,fout_freq_eff_n,3,3,31.152800922626287,12.81095323132086,1.0
B,,partition,0.3|wd1.0,20,,target,iid,end,clock_share,3,3,0.13237224497507646,0.558588644262995,-1.0
B,,partition,0.3|wd1.0,20,,target,iid,end,clock_nfreq90,3,3,2.0,4.0,-1.0
B,,partition,0.3|wd1.0,20,,target,iid,end,clock_top1_share,3,3,0.8263571037277491,0.3890419584425659,1.0
B,,partition,0.3|wd1.0,20,,target,iid,end,clock_freq_gini,3,3,0.9758734160871989,0.9407219542887328,1.0
B,,partition,0.3|wd1.0,20,,target,iid,end,clock_key_jaccard_final,3,3,1.0,1.0,0.0
B,,partition,0.3|wd1.0,20,,target,iid,end,clock_restricted_loss_tr,3,3,4.0593342781066895,0.028125286102294922,1.0
B,,partition,0.3|wd1.0,20,,target,iid,end,clock_restricted_acc_tr,3,3,0.0,100.0,-0.6666666666666667
B,,partition,0.3|wd1.0,20,,target,iid,end,clock_excluded_loss_tr,3,3,5.560497760772705,12.248488426208496,-1.0
B,,partition,0.3|wd1.0,20,,target,iid,end,clock_excluded_acc_tr,3,3,1.0704960823059082,0.3133159279823303,0.33333333333333326
B,,partition,0.3|wd1.0,20,,target,iid,end,clock_restricted_loss_te,3,3,4.059333801269531,0.02812528796494007,1.0
B,,partition,0.3|wd1.0,20,,target,iid,end,clock_restricted_acc_te,3,3,0.0,100.0,-0.6666666666666667
B,,partition,0.3|wd1.0,20,,target,iid,end,clock_excluded_loss_te,3,3,5.561975479125977,12.868581771850586,-1.0
B,,partition,0.3|wd1.0,20,,target,iid,end,clock_excluded_acc_te,3,3,0.9508894085884094,0.15661707520484924,0.33333333333333326
B,,partition,0.3|wd1.0,20,,target,iid,end,fin_ipr,3,3,0.30760490800797935,0.1688389197405996,1.0
B,,partition,0.3|wd1.0,20,,target,iid,end,fin_dc_share,3,3,0.035724041838968226,0.08758681335315617,-1.0
B,,partition,0.3|wd1.0,20,,target,iid,end,fin_top1_share,3,3,0.7601922051190173,0.46956735801810806,1.0
B,,partition,0.3|wd1.0,20,,target,iid,end,fin_nfreq90,3,3,2.0,6.0,-1.0
B,,partition,0.3|wd1.0,20,,target,iid,end,fin_freq_gini,3,3,0.9467101683897117,0.8761091408765909,1.0
B,,partition,0.3|wd1.0,20,,target,iid,end,fin_freq_eff_n,3,3,2.2421351949122204,5.886087672914972,-1.0
B,,partition,0.3|wd1.0,20,,operand,iid,memo,fn_loss_tr,2,2,0.07099820132975765,0.4522371510975063,
B,,partition,0.3|wd1.0,20,,operand,iid,memo,fn_acc_tr,2,2,99.4778060913086,87.62401962280273,
B,,partition,0.3|wd1.0,20,,operand,iid,memo,fn_margin_tr,2,2,9.293071269989014,3.35451602935791,
B,,partition,0.3|wd1.0,20,,operand,iid,memo,fn_entropy_tr,2,2,0.22150334229445434,0.7568014226853848,
B,,partition,0.3|wd1.0,20,,operand,iid,memo,fn_loss_te,2,2,0.11475443209928926,0.7824416877701879,
B,,partition,0.3|wd1.0,20,,operand,iid,memo,fn_acc_te,2,2,97.85770416259766,72.3682746887207,
B,,partition,0.3|wd1.0,20,,operand,iid,memo,fn_margin_te,2,2,8.71324634552002,2.6441030502319336,
B,,partition,0.3|wd1.0,20,,operand,iid,memo,fn_entropy_te,2,2,0.2844544228282757,0.8672923855483532,
B,,partition,0.3|wd1.0,20,,operand,iid,memo,fn_gap_loss,2,2,0.04375623076953161,0.33020453667268157,
B,,partition,0.3|wd1.0,20,,operand,iid,memo,fn_gap_acc,2,2,1.6201019287109375,15.255744934082031,
B,,partition,0.3|wd1.0,20,,operand,iid,memo,fn_class_acc_gini,2,2,0.014654103301695476,0.1411832592655351,
B,,partition,0.3|wd1.0,20,,operand,iid,memo,w_all_norm,2,2,37.9550303172265,43.79878561031548,
B,,partition,0.3|wd1.0,20,,operand,iid,memo,w_all_rel_norm,2,2,1.0191089681530727,1.1761245639126885,
B,,partition,0.3|wd1.0,20,,operand,iid,memo,w_all_dist_init,2,2,53.158573950346565,56.09594764769362,
B,,partition,0.3|wd1.0,20,,operand,iid,memo,w_all_rel_dist_init,2,2,1.4273803408110268,1.5063272095028755,
B,,partition,0.3|wd1.0,20,,operand,iid,memo,w_all_cos_init,2,2,0.0018753757984919725,0.04862672928324743,
B,,partition,0.3|wd1.0,20,,operand,iid,memo,rep_between_within_tr,2,2,3.684371140671259,17.779207661643362,
B,,partition,0.3|wd1.0,20,,operand,iid,memo,rep_nc1_tr,2,2,370.13153088151967,239.50362200273145,
B,,partition,0.3|wd1.0,20,,operand,iid,memo,rep_eff_rank_te,2,2,20.5448755735609,9.331751714883326,
B,,partition,0.3|wd1.0,20,,operand,iid,memo,rep_pr_te,2,2,7.7706224932769015,3.97573659074256,
B,,partition,0.3|wd1.0,20,,operand,iid,memo,rep_unit_gini_te,2,2,0.4677493906014497,0.369058814734072,
B,,partition,0.3|wd1.0,20,,operand,iid,memo,rep_unit_pr_te,2,2,0.536374858724325,0.6754828380441094,
B,,partition,0.3|wd1.0,20,,operand,iid,memo,rep_between_within_te,2,2,3.4771946926046042,16.217772562074025,
B,,partition,0.3|wd1.0,20,,operand,iid,memo,unit_interaction_share,2,2,0.28612954328129403,0.955487990036139,
B,,partition,0.3|wd1.0,20,,operand,iid,memo,unit_frac_interacting,2,2,0.2158528007566929,0.9882602095603943,
B,,partition,0.3|wd1.0,20,,operand,iid,memo,add_share_a,2,2,0.016993422432365193,0.006701559577454404,
B,,partition,0.3|wd1.0,20,,operand,iid,memo,add_share_b,2,2,0.01408561876651018,0.00645505766805299,
B,,partition,0.3|wd1.0,20,,operand,iid,memo,add_share_interaction,2,2,0.9080939028477842,0.8098430628088122,
B,,partition,0.3|wd1.0,20,,operand,iid,memo,add_acc_interaction_tr,2,2,85.74412536621094,38.485639810562134,
B,,partition,0.3|wd1.0,20,,operand,iid,memo,add_acc_additive_tr,2,2,0.848563939332962,1.0052219033241272,
B,,partition,0.3|wd1.0,20,,operand,iid,memo,add_acc_no_a_tr,2,2,99.3080940246582,82.06266021728516,
B,,partition,0.3|wd1.0,20,,operand,iid,memo,add_acc_no_b_tr,2,2,97.8590087890625,79.7258472442627,
B,,partition,0.3|wd1.0,20,,operand,iid,memo,add_acc_interaction_te,2,2,83.88522720336914,36.995190143585205,
B,,partition,0.3|wd1.0,20,,operand,iid,memo,add_acc_additive_te,2,2,0.8278331160545349,0.9061416387557983,
B,,partition,0.3|wd1.0,20,,operand,iid,memo,add_acc_no_a_te,2,2,98.09263229370117,71.38382720947266,
B,,partition,0.3|wd1.0,20,,operand,iid,memo,add_acc_no_b_te,2,2,96.81731796264648,72.49132919311523,
B,,partition,0.3|wd1.0,20,,operand,iid,memo,sharp_lambda_max,2,2,24.744174384046346,268.78758811950684,
B,,partition,0.3|wd1.0,20,,operand,iid,memo,sharp_grad_norm,2,2,0.5427540785967722,2.8895262330770493,
B,,partition,0.3|wd1.0,20,,operand,iid,memo,sharp_lr_lambda,2,2,0.024744174384046348,0.26878758811950687,
B,,partition,0.3|wd1.0,20,,operand,iid,memo,w_WE_fro,2,2,12.625277519226074,9.559223175048828,
B,,partition,0.3|wd1.0,20,,operand,iid,memo,w_WE_spec,2,2,5.897081136703491,4.149473667144775,
B,,partition,0.3|wd1.0,20,,operand,iid,memo,w_WE_stable_rank,2,2,4.615123510360718,5.330709457397461,
B,,partition,0.3|wd1.0,20,,operand,iid,memo,w_WE_eff_rank,2,2,45.862281482187925,59.985809913294716,
B,,partition,0.3|wd1.0,20,,operand,iid,memo,w_WE_sv_gini,2,2,0.6539581848373105,0.5713167326377685,
B,,partition,0.3|wd1.0,20,,operand,iid,memo,w_WE_entry_gini,2,2,0.40223457085593595,0.43592012459524254,
B,,partition,0.3|wd1.0,20,,operand,iid,memo,w_WE_row_gini,2,2,0.03019237810016051,0.034867224324982016,
B,,partition,0.3|wd1.0,20,,operand,iid,memo,w_WE_row_pr,2,2,0.9970991732383554,0.9960175790397049,
B,,partition,0.3|wd1.0,20,,operand,iid,memo,w_WE_dist_init,2,2,16.486083507537842,14.10290002822876,
B,,partition,0.3|wd1.0,20,,operand,iid,memo,w_WE_rel_dist_init,2,2,1.5474403432902268,1.3238600714314717,
B,,partition,0.3|wd1.0,20,,operand,iid,memo,w_WE_cos_init,2,2,0.00801973044872284,0.03557315096259117,
B,,partition,0.3|wd1.0,20,,operand,iid,memo,w_WU_fro,2,2,9.031169891357422,7.811663389205933,
B,,partition,0.3|wd1.0,20,,operand,iid,memo,w_WU_spec,2,2,6.449116230010986,5.083190202713013,
B,,partition,0.3|wd1.0,20,,operand,iid,memo,w_WU_stable_rank,2,2,1.9753050804138184,2.5259732604026794,
B,,partition,0.3|wd1.0,20,,operand,iid,memo,w_WU_eff_rank,2,2,61.76894448449539,62.317099368868256,
B,,partition,0.3|wd1.0,20,,operand,iid,memo,w_WU_sv_gini,2,2,0.5429335644535471,0.5538404516200521,
B,,partition,0.3|wd1.0,20,,operand,iid,memo,w_WU_entry_gini,2,2,0.44172437948033794,0.47220133886653115,
B,,partition,0.3|wd1.0,20,,operand,iid,memo,w_WU_row_gini,2,2,0.0357393651324418,0.07225506005882631,
B,,partition,0.3|wd1.0,20,,operand,iid,memo,w_WU_row_pr,2,2,0.9956800169430128,0.9837044222160904,
B,,partition,0.3|wd1.0,20,,operand,iid,memo,w_WU_dist_init,2,2,14.143406867980957,13.09612226486206,
B,,partition,0.3|wd1.0,20,,operand,iid,memo,w_WU_rel_dist_init,2,2,1.3231723721565969,1.2253463283669763,
B,,partition,0.3|wd1.0,20,,operand,iid,memo,w_WU_cos_init,2,2,-0.011416502762585878,0.022259150398895144,
B,,partition,0.3|wd1.0,20,,operand,iid,memo,w_WQ_fro,2,2,10.495299339294434,23.240312576293945,
B,,partition,0.3|wd1.0,20,,operand,iid,memo,w_WQ_spec,2,2,8.997890949249268,22.905208587646484,
B,,partition,0.3|wd1.0,20,,operand,iid,memo,w_WQ_stable_rank,2,2,1.6032243371009827,1.031407654285431,
B,,partition,0.3|wd1.0,20,,operand,iid,memo,w_WQ_eff_rank,2,2,7.4036753647373645,2.843818316275538,
B,,partition,0.3|wd1.0,20,,operand,iid,memo,w_WQ_sv_gini,2,2,0.9533921689984214,0.9788585126759439,
B,,partition,0.3|wd1.0,20,,operand,iid,memo,w_WQ_entry_gini,2,2,0.39514142004208663,0.30971414261874564,
B,,partition,0.3|wd1.0,20,,operand,iid,memo,w_WQ_row_gini,2,2,0.11307017896626148,0.1590790028436292,
B,,partition,0.3|wd1.0,20,,operand,iid,memo,w_WQ_row_pr,2,2,0.9544726139402612,0.8862524959745121,
B,,partition,0.3|wd1.0,20,,operand,iid,memo,w_WQ_dist_init,2,2,15.571534633636475,25.697551727294922,
B,,partition,0.3|wd1.0,20,,operand,iid,memo,w_WQ_rel_dist_init,2,2,1.3677656130768667,2.261534966835164,
B,,partition,0.3|wd1.0,20,,operand,iid,memo,w_WQ_cos_init,2,2,-0.002789502701489255,0.031096069142222404,
B,,partition,0.3|wd1.0,20,,operand,iid,memo,w_WK_fro,2,2,8.306504249572754,7.74446702003479,
B,,partition,0.3|wd1.0,20,,operand,iid,memo,w_WK_spec,2,2,5.601454973220825,5.108964920043945,
B,,partition,0.3|wd1.0,20,,operand,iid,memo,w_WK_stable_rank,2,2,2.1993494033813477,2.302313804626465,
B,,partition,0.3|wd1.0,20,,operand,iid,memo,w_WK_eff_rank,2,2,7.757646492835862,4.1425022637436,
B,,partition,0.3|wd1.0,20,,operand,iid,memo,w_WK_sv_gini,2,2,0.9508204611160663,0.9721915432396546,
B,,partition,0.3|wd1.0,20,,operand,iid,memo,w_WK_entry_gini,2,2,0.4109324852214191,0.4380420441320073,
B,,partition,0.3|wd1.0,20,,operand,iid,memo,w_WK_row_gini,2,2,0.059213287390767255,0.046697212815122846,
B,,partition,0.3|wd1.0,20,,operand,iid,memo,w_WK_row_pr,2,2,0.9872247352943214,0.9923270919175196,
B,,partition,0.3|wd1.0,20,,operand,iid,memo,w_WK_dist_init,2,2,14.061224460601807,13.683708667755127,
B,,partition,0.3|wd1.0,20,,operand,iid,memo,w_WK_rel_dist_init,2,2,1.2390901881785161,1.2058142883009841,
B,,partition,0.3|wd1.0,20,,operand,iid,memo,w_WK_cos_init,2,2,0.00037356997199822217,0.008870335528627038,
B,,partition,0.3|wd1.0,20,,operand,iid,memo,w_WV_fro,2,2,14.06463623046875,8.280420780181885,
B,,partition,0.3|wd1.0,20,,operand,iid,memo,w_WV_spec,2,2,6.619083881378174,4.401039242744446,
B,,partition,0.3|wd1.0,20,,operand,iid,memo,w_WV_stable_rank,2,2,4.609614849090576,3.563371419906616,
B,,partition,0.3|wd1.0,20,,operand,iid,memo,w_WV_eff_rank,2,2,26.02524954205066,39.00068999666213,
B,,partition,0.3|wd1.0,20,,operand,iid,memo,w_WV_sv_gini,2,2,0.8227248914942663,0.753021009602698,
B,,partition,0.3|wd1.0,20,,operand,iid,memo,w_WV_entry_gini,2,2,0.4177068115167487,0.4406628131617031,
B,,partition,0.3|wd1.0,20,,operand,iid,memo,w_WV_row_gini,2,2,0.09751902023385628,0.062284574401734294,
B,,partition,0.3|wd1.0,20,,operand,iid,memo,w_WV_row_pr,2,2,0.9684717024914574,0.9875013681293938,
B,,partition,0.3|wd1.0,20,,operand,iid,memo,w_WV_dist_init,2,2,18.155930042266846,13.835497379302979,
B,,partition,0.3|wd1.0,20,,operand,iid,memo,w_WV_rel_dist_init,2,2,1.5994189238169414,1.2178130546447932,
B,,partition,0.3|wd1.0,20,,operand,iid,memo,w_WV_cos_init,2,2,0.00959977984894067,0.0347127728164196,
B,,partition,0.3|wd1.0,20,,operand,iid,memo,w_WO_fro,2,2,12.053494930267334,10.25358772277832,
B,,partition,0.3|wd1.0,20,,operand,iid,memo,w_WO_spec,2,2,4.92742133140564,4.977801084518433,
B,,partition,0.3|wd1.0,20,,operand,iid,memo,w_WO_stable_rank,2,2,5.9802563190460205,4.310415506362915,
B,,partition,0.3|wd1.0,20,,operand,iid,memo,w_WO_eff_rank,2,2,28.223370460944825,31.22525168965236,
B,,partition,0.3|wd1.0,20,,operand,iid,memo,w_WO_sv_gini,2,2,0.8094425844335696,0.7868089656271696,
B,,partition,0.3|wd1.0,20,,operand,iid,memo,w_WO_entry_gini,2,2,0.40025988061977824,0.4018830389842989,
B,,partition,0.3|wd1.0,20,,operand,iid,memo,w_WO_row_gini,2,2,0.08279124824514505,0.1308404003477911,
B,,partition,0.3|wd1.0,20,,operand,iid,memo,w_WO_row_pr,2,2,0.9763895508149966,0.9463568235177553,
B,,partition,0.3|wd1.0,20,,operand,iid,memo,w_WO_dist_init,2,2,16.53588104248047,14.710617065429688,
B,,partition,0.3|wd1.0,20,,operand,iid,memo,w_WO_rel_dist_init,2,2,1.4541058270272,1.293580100533831,
B,,partition,0.3|wd1.0,20,,operand,iid,memo,w_WO_cos_init,2,2,0.006276320316828787,0.0788540318608284,
B,,partition,0.3|wd1.0,20,,operand,iid,memo,w_Win_fro,2,2,19.288548469543457,25.573248863220215,
B,,partition,0.3|wd1.0,20,,operand,iid,memo,w_Win_spec,2,2,7.836485147476196,12.872290134429932,
B,,partition,0.3|wd1.0,20,,operand,iid,memo,w_Win_stable_rank,2,2,5.963925123214722,3.9475080966949463,
B,,partition,0.3|wd1.0,20,,operand,iid,memo,w_Win_eff_rank,2,2,42.05792051502309,37.90141812416282,
B,,partition,0.3|wd1.0,20,,operand,iid,memo,w_Win_sv_gini,2,2,0.7252021013069221,0.7249147907485606,
B,,partition,0.3|wd1.0,20,,operand,iid,memo,w_Win_entry_gini,2,2,0.45094544267960757,0.43899353108807027,
B,,partition,0.3|wd1.0,20,,operand,iid,memo,w_Win_row_gini,2,2,0.14168593376298033,0.14293465411154715,
B,,partition,0.3|wd1.0,20,,operand,iid,memo,w_Win_row_pr,2,2,0.9371365015728934,0.9340555555536456,
B,,partition,0.3|wd1.0,20,,operand,iid,memo,w_Win_dist_init,2,2,29.977909088134766,32.8167667388916,
B,,partition,0.3|wd1.0,20,,operand,iid,memo,w_Win_rel_dist_init,2,2,1.3218304140847668,1.4470223968046287,
B,,partition,0.3|wd1.0,20,,operand,iid,memo,w_Win_cos_init,2,2,1.5291618183255196e-05,0.08304953202605247,
B,,partition,0.3|wd1.0,20,,operand,iid,memo,w_Wout_fro,2,2,15.804168701171875,17.119461059570312,
B,,partition,0.3|wd1.0,20,,operand,iid,memo,w_Wout_spec,2,2,6.340092420578003,8.587929248809814,
B,,partition,0.3|wd1.0,20,,operand,iid,memo,w_Wout_stable_rank,2,2,6.260033845901489,4.024574637413025,
B,,partition,0.3|wd1.0,20,,operand,iid,memo,w_Wout_eff_rank,2,2,47.17184111639959,42.000318790896245,
B,,partition,0.3|wd1.0,20,,operand,iid,memo,w_Wout_sv_gini,2,2,0.7105897621782918,0.7236356011132845,
B,,partition,0.3|wd1.0,20,,operand,iid,memo,w_Wout_entry_gini,2,2,0.42657796193271313,0.5049503498551473,
B,,partition,0.3|wd1.0,20,,operand,iid,memo,w_Wout_row_gini,2,2,0.10223432976618507,0.18279382697387858,
B,,partition,0.3|wd1.0,20,,operand,iid,memo,w_Wout_row_pr,2,2,0.9590684238968463,0.8889036377036597,
B,,partition,0.3|wd1.0,20,,operand,iid,memo,w_Wout_dist_init,2,2,19.56941318511963,20.268264770507812,
B,,partition,0.3|wd1.0,20,,operand,iid,memo,w_Wout_rel_dist_init,2,2,1.7282268936566836,1.7898119376450259,
B,,partition,0.3|wd1.0,20,,operand,iid,memo,w_Wout_cos_init,2,2,0.002186299010645598,0.0270774457603693,
B,,partition,0.3|wd1.0,20,,operand,iid,memo,rep_dead_frac_te,2,2,0.0,0.0,
B,,partition,0.3|wd1.0,20,,operand,iid,memo,attn_to_a_mean,2,2,0.5131095349788666,0.507996678352356,
B,,partition,0.3|wd1.0,20,,operand,iid,memo,attn_to_a_head_spread,2,2,0.023251386359333992,0.013348991516977549,
B,,partition,0.3|wd1.0,20,,operand,iid,memo,attn_entropy_mean,2,2,0.5149792432785034,0.4404976963996887,
B,,partition,0.3|wd1.0,20,,operand,iid,memo,unit_fourier_sum_share,2,2,0.17730914908200265,0.8956955129912378,
B,,partition,0.3|wd1.0,20,,operand,iid,memo,unit_fourier_diff_share,2,2,0.07861292488229404,0.04129452397531092,
B,,partition,0.3|wd1.0,20,,operand,iid,memo,unit_fourier_marginal_share,2,2,0.7138704548467891,0.044512009373944596,
B,,partition,0.3|wd1.0,20,,operand,iid,memo,unit_fourier_other_share,2,2,0.030207471188914203,0.01849795365950674,
B,,partition,0.3|wd1.0,20,,operand,iid,memo,unit_sum_freq_concentration,2,2,0.1639737485827761,0.7985026589557311,
B,,partition,0.3|wd1.0,20,,operand,iid,memo,unit_n_distinct_sum_freqs,2,2,3.0,2.0,
B,,partition,0.3|wd1.0,20,,operand,iid,memo,fout_ipr,2,2,0.23851671750969192,0.19213627414712753,
B,,partition,0.3|wd1.0,20,,operand,iid,memo,fout_dc_share,2,2,0.503533216763731,0.42016278625116477,
B,,partition,0.3|wd1.0,20,,operand,iid,memo,fout_top1_share,2,2,0.194910803226195,0.17342130284283894,
B,,partition,0.3|wd1.0,20,,operand,iid,memo,fout_nfreq90,2,2,33.0,39.5,
B,,partition,0.3|wd1.0,20,,operand,iid,memo,fout_freq_gini,2,2,0.6773087022344388,0.5400356740899149,
B,,partition,0.3|wd1.0,20,,operand,iid,memo,fout_freq_eff_n,2,2,17.705636535342194,27.068192117483008,
B,,partition,0.3|wd1.0,20,,operand,iid,memo,clock_share,2,2,0.7592180596005931,0.5825310603895768,
B,,partition,0.3|wd1.0,20,,operand,iid,memo,clock_nfreq90,2,2,3.0,2.5,
B,,partition,0.3|wd1.0,20,,operand,iid,memo,clock_top1_share,2,2,0.5349004650806795,0.7046404220667413,
B,,partition,0.3|wd1.0,20,,operand,iid,memo,clock_freq_gini,2,2,0.9551388209741152,0.9647100886683248,
B,,partition,0.3|wd1.0,20,,operand,iid,memo,clock_key_jaccard_final,2,2,0.875,0.475,
B,,partition,0.3|wd1.0,20,,operand,iid,memo,clock_restricted_loss_tr,2,2,0.10588136105798185,0.4036112353205681,
B,,partition,0.3|wd1.0,20,,operand,iid,memo,clock_restricted_acc_tr,2,2,100.0,100.0,
B,,partition,0.3|wd1.0,20,,operand,iid,memo,clock_excluded_loss_tr,2,2,8.255074501037598,19.802473068237305,
B,,partition,0.3|wd1.0,20,,operand,iid,memo,clock_excluded_acc_tr,2,2,1.984334260225296,0.20887728035449982,
B,,partition,0.3|wd1.0,20,,operand,iid,memo,clock_restricted_loss_te,2,2,0.10588136773731094,0.4036112129688263,
B,,partition,0.3|wd1.0,20,,operand,iid,memo,clock_restricted_acc_te,2,2,100.0,100.0,
B,,partition,0.3|wd1.0,20,,operand,iid,memo,clock_excluded_loss_te,2,2,8.923914909362793,20.550415992736816,
B,,partition,0.3|wd1.0,20,,operand,iid,memo,clock_excluded_acc_te,2,2,1.45989491045475,0.14543014764785767,
B,,partition,0.3|wd1.0,20,,operand,iid,memo,fin_ipr,2,2,0.17940735318929452,0.13838790893047276,
B,,partition,0.3|wd1.0,20,,operand,iid,memo,fin_dc_share,2,2,0.08475065243496537,0.08449132689474922,
B,,partition,0.3|wd1.0,20,,operand,iid,memo,fin_top1_share,2,2,0.3865444239086897,0.36380041699422916,
B,,partition,0.3|wd1.0,20,,operand,iid,memo,fin_nfreq90,2,2,5.0,23.5,
B,,partition,0.3|wd1.0,20,,operand,iid,memo,fin_freq_gini,2,2,0.8801235372475199,0.7269354884727764,
B,,partition,0.3|wd1.0,20,,operand,iid,memo,fin_freq_eff_n,2,2,6.174545915358754,11.753669759625787,
B,,partition,0.3|wd1.0,20,,operand,iid,cross,fn_loss_tr,2,2,0.07099820132975765,0.4522371510975063,
B,,partition,0.3|wd1.0,20,,operand,iid,cross,fn_acc_tr,2,2,99.4778060913086,87.62401962280273,
B,,partition,0.3|wd1.0,20,,operand,iid,cross,fn_margin_tr,2,2,9.293071269989014,3.35451602935791,
B,,partition,0.3|wd1.0,20,,operand,iid,cross,fn_entropy_tr,2,2,0.22150334229445434,0.7568014226853848,
B,,partition,0.3|wd1.0,20,,operand,iid,cross,fn_loss_te,2,2,0.11475443209928926,0.7824416877701879,
B,,partition,0.3|wd1.0,20,,operand,iid,cross,fn_acc_te,2,2,97.85770416259766,72.3682746887207,
B,,partition,0.3|wd1.0,20,,operand,iid,cross,fn_margin_te,2,2,8.71324634552002,2.6441030502319336,
B,,partition,0.3|wd1.0,20,,operand,iid,cross,fn_entropy_te,2,2,0.2844544228282757,0.8672923855483532,
B,,partition,0.3|wd1.0,20,,operand,iid,cross,fn_gap_loss,2,2,0.04375623076953161,0.33020453667268157,
B,,partition,0.3|wd1.0,20,,operand,iid,cross,fn_gap_acc,2,2,1.6201019287109375,15.255744934082031,
B,,partition,0.3|wd1.0,20,,operand,iid,cross,fn_class_acc_gini,2,2,0.014654103301695476,0.1411832592655351,
B,,partition,0.3|wd1.0,20,,operand,iid,cross,w_all_norm,2,2,37.9550303172265,43.79878561031548,
B,,partition,0.3|wd1.0,20,,operand,iid,cross,w_all_rel_norm,2,2,1.0191089681530727,1.1761245639126885,
B,,partition,0.3|wd1.0,20,,operand,iid,cross,w_all_dist_init,2,2,53.158573950346565,56.09594764769362,
B,,partition,0.3|wd1.0,20,,operand,iid,cross,w_all_rel_dist_init,2,2,1.4273803408110268,1.5063272095028755,
B,,partition,0.3|wd1.0,20,,operand,iid,cross,w_all_cos_init,2,2,0.0018753757984919725,0.04862672928324743,
B,,partition,0.3|wd1.0,20,,operand,iid,cross,rep_between_within_tr,2,2,3.684371140671259,17.779207661643362,
B,,partition,0.3|wd1.0,20,,operand,iid,cross,rep_nc1_tr,2,2,370.13153088151967,239.50362200273145,
B,,partition,0.3|wd1.0,20,,operand,iid,cross,rep_eff_rank_te,2,2,20.5448755735609,9.331751714883326,
B,,partition,0.3|wd1.0,20,,operand,iid,cross,rep_pr_te,2,2,7.7706224932769015,3.97573659074256,
B,,partition,0.3|wd1.0,20,,operand,iid,cross,rep_unit_gini_te,2,2,0.4677493906014497,0.369058814734072,
B,,partition,0.3|wd1.0,20,,operand,iid,cross,rep_unit_pr_te,2,2,0.536374858724325,0.6754828380441094,
B,,partition,0.3|wd1.0,20,,operand,iid,cross,rep_between_within_te,2,2,3.4771946926046042,16.217772562074025,
B,,partition,0.3|wd1.0,20,,operand,iid,cross,unit_interaction_share,2,2,0.28612954328129403,0.955487990036139,
B,,partition,0.3|wd1.0,20,,operand,iid,cross,unit_frac_interacting,2,2,0.2158528007566929,0.9882602095603943,
B,,partition,0.3|wd1.0,20,,operand,iid,cross,add_share_a,2,2,0.016993422432365193,0.006701559577454404,
B,,partition,0.3|wd1.0,20,,operand,iid,cross,add_share_b,2,2,0.01408561876651018,0.00645505766805299,
B,,partition,0.3|wd1.0,20,,operand,iid,cross,add_share_interaction,2,2,0.9080939028477842,0.8098430628088122,
B,,partition,0.3|wd1.0,20,,operand,iid,cross,add_acc_interaction_tr,2,2,85.74412536621094,38.485639810562134,
B,,partition,0.3|wd1.0,20,,operand,iid,cross,add_acc_additive_tr,2,2,0.848563939332962,1.0052219033241272,
B,,partition,0.3|wd1.0,20,,operand,iid,cross,add_acc_no_a_tr,2,2,99.3080940246582,82.06266021728516,
B,,partition,0.3|wd1.0,20,,operand,iid,cross,add_acc_no_b_tr,2,2,97.8590087890625,79.7258472442627,
B,,partition,0.3|wd1.0,20,,operand,iid,cross,add_acc_interaction_te,2,2,83.88522720336914,36.995190143585205,
B,,partition,0.3|wd1.0,20,,operand,iid,cross,add_acc_additive_te,2,2,0.8278331160545349,0.9061416387557983,
B,,partition,0.3|wd1.0,20,,operand,iid,cross,add_acc_no_a_te,2,2,98.09263229370117,71.38382720947266,
B,,partition,0.3|wd1.0,20,,operand,iid,cross,add_acc_no_b_te,2,2,96.81731796264648,72.49132919311523,
B,,partition,0.3|wd1.0,20,,operand,iid,cross,sharp_lambda_max,2,2,24.744174384046346,268.78758811950684,
B,,partition,0.3|wd1.0,20,,operand,iid,cross,sharp_grad_norm,2,2,0.5427540785967722,2.8895262330770493,
B,,partition,0.3|wd1.0,20,,operand,iid,cross,sharp_lr_lambda,2,2,0.024744174384046348,0.26878758811950687,
B,,partition,0.3|wd1.0,20,,operand,iid,cross,w_WE_fro,2,2,12.625277519226074,9.559223175048828,
B,,partition,0.3|wd1.0,20,,operand,iid,cross,w_WE_spec,2,2,5.897081136703491,4.149473667144775,
B,,partition,0.3|wd1.0,20,,operand,iid,cross,w_WE_stable_rank,2,2,4.615123510360718,5.330709457397461,
B,,partition,0.3|wd1.0,20,,operand,iid,cross,w_WE_eff_rank,2,2,45.862281482187925,59.985809913294716,
B,,partition,0.3|wd1.0,20,,operand,iid,cross,w_WE_sv_gini,2,2,0.6539581848373105,0.5713167326377685,
B,,partition,0.3|wd1.0,20,,operand,iid,cross,w_WE_entry_gini,2,2,0.40223457085593595,0.43592012459524254,
B,,partition,0.3|wd1.0,20,,operand,iid,cross,w_WE_row_gini,2,2,0.03019237810016051,0.034867224324982016,
B,,partition,0.3|wd1.0,20,,operand,iid,cross,w_WE_row_pr,2,2,0.9970991732383554,0.9960175790397049,
B,,partition,0.3|wd1.0,20,,operand,iid,cross,w_WE_dist_init,2,2,16.486083507537842,14.10290002822876,
B,,partition,0.3|wd1.0,20,,operand,iid,cross,w_WE_rel_dist_init,2,2,1.5474403432902268,1.3238600714314717,
B,,partition,0.3|wd1.0,20,,operand,iid,cross,w_WE_cos_init,2,2,0.00801973044872284,0.03557315096259117,
B,,partition,0.3|wd1.0,20,,operand,iid,cross,w_WU_fro,2,2,9.031169891357422,7.811663389205933,
B,,partition,0.3|wd1.0,20,,operand,iid,cross,w_WU_spec,2,2,6.449116230010986,5.083190202713013,
B,,partition,0.3|wd1.0,20,,operand,iid,cross,w_WU_stable_rank,2,2,1.9753050804138184,2.5259732604026794,
B,,partition,0.3|wd1.0,20,,operand,iid,cross,w_WU_eff_rank,2,2,61.76894448449539,62.317099368868256,
B,,partition,0.3|wd1.0,20,,operand,iid,cross,w_WU_sv_gini,2,2,0.5429335644535471,0.5538404516200521,
B,,partition,0.3|wd1.0,20,,operand,iid,cross,w_WU_entry_gini,2,2,0.44172437948033794,0.47220133886653115,
B,,partition,0.3|wd1.0,20,,operand,iid,cross,w_WU_row_gini,2,2,0.0357393651324418,0.07225506005882631,
B,,partition,0.3|wd1.0,20,,operand,iid,cross,w_WU_row_pr,2,2,0.9956800169430128,0.9837044222160904,
B,,partition,0.3|wd1.0,20,,operand,iid,cross,w_WU_dist_init,2,2,14.143406867980957,13.09612226486206,
B,,partition,0.3|wd1.0,20,,operand,iid,cross,w_WU_rel_dist_init,2,2,1.3231723721565969,1.2253463283669763,
B,,partition,0.3|wd1.0,20,,operand,iid,cross,w_WU_cos_init,2,2,-0.011416502762585878,0.022259150398895144,
B,,partition,0.3|wd1.0,20,,operand,iid,cross,w_WQ_fro,2,2,10.495299339294434,23.240312576293945,
B,,partition,0.3|wd1.0,20,,operand,iid,cross,w_WQ_spec,2,2,8.997890949249268,22.905208587646484,
B,,partition,0.3|wd1.0,20,,operand,iid,cross,w_WQ_stable_rank,2,2,1.6032243371009827,1.031407654285431,
B,,partition,0.3|wd1.0,20,,operand,iid,cross,w_WQ_eff_rank,2,2,7.4036753647373645,2.843818316275538,
B,,partition,0.3|wd1.0,20,,operand,iid,cross,w_WQ_sv_gini,2,2,0.9533921689984214,0.9788585126759439,
B,,partition,0.3|wd1.0,20,,operand,iid,cross,w_WQ_entry_gini,2,2,0.39514142004208663,0.30971414261874564,
B,,partition,0.3|wd1.0,20,,operand,iid,cross,w_WQ_row_gini,2,2,0.11307017896626148,0.1590790028436292,
B,,partition,0.3|wd1.0,20,,operand,iid,cross,w_WQ_row_pr,2,2,0.9544726139402612,0.8862524959745121,
B,,partition,0.3|wd1.0,20,,operand,iid,cross,w_WQ_dist_init,2,2,15.571534633636475,25.697551727294922,
B,,partition,0.3|wd1.0,20,,operand,iid,cross,w_WQ_rel_dist_init,2,2,1.3677656130768667,2.261534966835164,
B,,partition,0.3|wd1.0,20,,operand,iid,cross,w_WQ_cos_init,2,2,-0.002789502701489255,0.031096069142222404,
B,,partition,0.3|wd1.0,20,,operand,iid,cross,w_WK_fro,2,2,8.306504249572754,7.74446702003479,
B,,partition,0.3|wd1.0,20,,operand,iid,cross,w_WK_spec,2,2,5.601454973220825,5.108964920043945,
B,,partition,0.3|wd1.0,20,,operand,iid,cross,w_WK_stable_rank,2,2,2.1993494033813477,2.302313804626465,
B,,partition,0.3|wd1.0,20,,operand,iid,cross,w_WK_eff_rank,2,2,7.757646492835862,4.1425022637436,
B,,partition,0.3|wd1.0,20,,operand,iid,cross,w_WK_sv_gini,2,2,0.9508204611160663,0.9721915432396546,
B,,partition,0.3|wd1.0,20,,operand,iid,cross,w_WK_entry_gini,2,2,0.4109324852214191,0.4380420441320073,
B,,partition,0.3|wd1.0,20,,operand,iid,cross,w_WK_row_gini,2,2,0.059213287390767255,0.046697212815122846,
B,,partition,0.3|wd1.0,20,,operand,iid,cross,w_WK_row_pr,2,2,0.9872247352943214,0.9923270919175196,
B,,partition,0.3|wd1.0,20,,operand,iid,cross,w_WK_dist_init,2,2,14.061224460601807,13.683708667755127,
B,,partition,0.3|wd1.0,20,,operand,iid,cross,w_WK_rel_dist_init,2,2,1.2390901881785161,1.2058142883009841,
B,,partition,0.3|wd1.0,20,,operand,iid,cross,w_WK_cos_init,2,2,0.00037356997199822217,0.008870335528627038,
B,,partition,0.3|wd1.0,20,,operand,iid,cross,w_WV_fro,2,2,14.06463623046875,8.280420780181885,
B,,partition,0.3|wd1.0,20,,operand,iid,cross,w_WV_spec,2,2,6.619083881378174,4.401039242744446,
B,,partition,0.3|wd1.0,20,,operand,iid,cross,w_WV_stable_rank,2,2,4.609614849090576,3.563371419906616,
B,,partition,0.3|wd1.0,20,,operand,iid,cross,w_WV_eff_rank,2,2,26.02524954205066,39.00068999666213,
B,,partition,0.3|wd1.0,20,,operand,iid,cross,w_WV_sv_gini,2,2,0.8227248914942663,0.753021009602698,
B,,partition,0.3|wd1.0,20,,operand,iid,cross,w_WV_entry_gini,2,2,0.4177068115167487,0.4406628131617031,
B,,partition,0.3|wd1.0,20,,operand,iid,cross,w_WV_row_gini,2,2,0.09751902023385628,0.062284574401734294,
B,,partition,0.3|wd1.0,20,,operand,iid,cross,w_WV_row_pr,2,2,0.9684717024914574,0.9875013681293938,
B,,partition,0.3|wd1.0,20,,operand,iid,cross,w_WV_dist_init,2,2,18.155930042266846,13.835497379302979,
B,,partition,0.3|wd1.0,20,,operand,iid,cross,w_WV_rel_dist_init,2,2,1.5994189238169414,1.2178130546447932,
B,,partition,0.3|wd1.0,20,,operand,iid,cross,w_WV_cos_init,2,2,0.00959977984894067,0.0347127728164196,
B,,partition,0.3|wd1.0,20,,operand,iid,cross,w_WO_fro,2,2,12.053494930267334,10.25358772277832,
B,,partition,0.3|wd1.0,20,,operand,iid,cross,w_WO_spec,2,2,4.92742133140564,4.977801084518433,
B,,partition,0.3|wd1.0,20,,operand,iid,cross,w_WO_stable_rank,2,2,5.9802563190460205,4.310415506362915,
B,,partition,0.3|wd1.0,20,,operand,iid,cross,w_WO_eff_rank,2,2,28.223370460944825,31.22525168965236,
B,,partition,0.3|wd1.0,20,,operand,iid,cross,w_WO_sv_gini,2,2,0.8094425844335696,0.7868089656271696,
B,,partition,0.3|wd1.0,20,,operand,iid,cross,w_WO_entry_gini,2,2,0.40025988061977824,0.4018830389842989,
B,,partition,0.3|wd1.0,20,,operand,iid,cross,w_WO_row_gini,2,2,0.08279124824514505,0.1308404003477911,
B,,partition,0.3|wd1.0,20,,operand,iid,cross,w_WO_row_pr,2,2,0.9763895508149966,0.9463568235177553,
B,,partition,0.3|wd1.0,20,,operand,iid,cross,w_WO_dist_init,2,2,16.53588104248047,14.710617065429688,
B,,partition,0.3|wd1.0,20,,operand,iid,cross,w_WO_rel_dist_init,2,2,1.4541058270272,1.293580100533831,
B,,partition,0.3|wd1.0,20,,operand,iid,cross,w_WO_cos_init,2,2,0.006276320316828787,0.0788540318608284,
B,,partition,0.3|wd1.0,20,,operand,iid,cross,w_Win_fro,2,2,19.288548469543457,25.573248863220215,
B,,partition,0.3|wd1.0,20,,operand,iid,cross,w_Win_spec,2,2,7.836485147476196,12.872290134429932,
B,,partition,0.3|wd1.0,20,,operand,iid,cross,w_Win_stable_rank,2,2,5.963925123214722,3.9475080966949463,
B,,partition,0.3|wd1.0,20,,operand,iid,cross,w_Win_eff_rank,2,2,42.05792051502309,37.90141812416282,
B,,partition,0.3|wd1.0,20,,operand,iid,cross,w_Win_sv_gini,2,2,0.7252021013069221,0.7249147907485606,
B,,partition,0.3|wd1.0,20,,operand,iid,cross,w_Win_entry_gini,2,2,0.45094544267960757,0.43899353108807027,
B,,partition,0.3|wd1.0,20,,operand,iid,cross,w_Win_row_gini,2,2,0.14168593376298033,0.14293465411154715,
B,,partition,0.3|wd1.0,20,,operand,iid,cross,w_Win_row_pr,2,2,0.9371365015728934,0.9340555555536456,
B,,partition,0.3|wd1.0,20,,operand,iid,cross,w_Win_dist_init,2,2,29.977909088134766,32.8167667388916,
B,,partition,0.3|wd1.0,20,,operand,iid,cross,w_Win_rel_dist_init,2,2,1.3218304140847668,1.4470223968046287,
B,,partition,0.3|wd1.0,20,,operand,iid,cross,w_Win_cos_init,2,2,1.5291618183255196e-05,0.08304953202605247,
B,,partition,0.3|wd1.0,20,,operand,iid,cross,w_Wout_fro,2,2,15.804168701171875,17.119461059570312,
B,,partition,0.3|wd1.0,20,,operand,iid,cross,w_Wout_spec,2,2,6.340092420578003,8.587929248809814,
B,,partition,0.3|wd1.0,20,,operand,iid,cross,w_Wout_stable_rank,2,2,6.260033845901489,4.024574637413025,
B,,partition,0.3|wd1.0,20,,operand,iid,cross,w_Wout_eff_rank,2,2,47.17184111639959,42.000318790896245,
B,,partition,0.3|wd1.0,20,,operand,iid,cross,w_Wout_sv_gini,2,2,0.7105897621782918,0.7236356011132845,
B,,partition,0.3|wd1.0,20,,operand,iid,cross,w_Wout_entry_gini,2,2,0.42657796193271313,0.5049503498551473,
B,,partition,0.3|wd1.0,20,,operand,iid,cross,w_Wout_row_gini,2,2,0.10223432976618507,0.18279382697387858,
B,,partition,0.3|wd1.0,20,,operand,iid,cross,w_Wout_row_pr,2,2,0.9590684238968463,0.8889036377036597,
B,,partition,0.3|wd1.0,20,,operand,iid,cross,w_Wout_dist_init,2,2,19.56941318511963,20.268264770507812,
B,,partition,0.3|wd1.0,20,,operand,iid,cross,w_Wout_rel_dist_init,2,2,1.7282268936566836,1.7898119376450259,
B,,partition,0.3|wd1.0,20,,operand,iid,cross,w_Wout_cos_init,2,2,0.002186299010645598,0.0270774457603693,
B,,partition,0.3|wd1.0,20,,operand,iid,cross,rep_dead_frac_te,2,2,0.0,0.0,
B,,partition,0.3|wd1.0,20,,operand,iid,cross,attn_to_a_mean,2,2,0.5131095349788666,0.507996678352356,
B,,partition,0.3|wd1.0,20,,operand,iid,cross,attn_to_a_head_spread,2,2,0.023251386359333992,0.013348991516977549,
B,,partition,0.3|wd1.0,20,,operand,iid,cross,attn_entropy_mean,2,2,0.5149792432785034,0.4404976963996887,
B,,partition,0.3|wd1.0,20,,operand,iid,cross,unit_fourier_sum_share,2,2,0.17730914908200265,0.8956955129912378,
B,,partition,0.3|wd1.0,20,,operand,iid,cross,unit_fourier_diff_share,2,2,0.07861292488229404,0.04129452397531092,
B,,partition,0.3|wd1.0,20,,operand,iid,cross,unit_fourier_marginal_share,2,2,0.7138704548467891,0.044512009373944596,
B,,partition,0.3|wd1.0,20,,operand,iid,cross,unit_fourier_other_share,2,2,0.030207471188914203,0.01849795365950674,
B,,partition,0.3|wd1.0,20,,operand,iid,cross,unit_sum_freq_concentration,2,2,0.1639737485827761,0.7985026589557311,
B,,partition,0.3|wd1.0,20,,operand,iid,cross,unit_n_distinct_sum_freqs,2,2,3.0,2.0,
B,,partition,0.3|wd1.0,20,,operand,iid,cross,fout_ipr,2,2,0.23851671750969192,0.19213627414712753,
B,,partition,0.3|wd1.0,20,,operand,iid,cross,fout_dc_share,2,2,0.503533216763731,0.42016278625116477,
B,,partition,0.3|wd1.0,20,,operand,iid,cross,fout_top1_share,2,2,0.194910803226195,0.17342130284283894,
B,,partition,0.3|wd1.0,20,,operand,iid,cross,fout_nfreq90,2,2,33.0,39.5,
B,,partition,0.3|wd1.0,20,,operand,iid,cross,fout_freq_gini,2,2,0.6773087022344388,0.5400356740899149,
B,,partition,0.3|wd1.0,20,,operand,iid,cross,fout_freq_eff_n,2,2,17.705636535342194,27.068192117483008,
B,,partition,0.3|wd1.0,20,,operand,iid,cross,clock_share,2,2,0.7592180596005931,0.5825310603895768,
B,,partition,0.3|wd1.0,20,,operand,iid,cross,clock_nfreq90,2,2,3.0,2.5,
B,,partition,0.3|wd1.0,20,,operand,iid,cross,clock_top1_share,2,2,0.5349004650806795,0.7046404220667413,
B,,partition,0.3|wd1.0,20,,operand,iid,cross,clock_freq_gini,2,2,0.9551388209741152,0.9647100886683248,
B,,partition,0.3|wd1.0,20,,operand,iid,cross,clock_key_jaccard_final,2,2,0.875,0.475,
B,,partition,0.3|wd1.0,20,,operand,iid,cross,clock_restricted_loss_tr,2,2,0.10588136105798185,0.4036112353205681,
B,,partition,0.3|wd1.0,20,,operand,iid,cross,clock_restricted_acc_tr,2,2,100.0,100.0,
B,,partition,0.3|wd1.0,20,,operand,iid,cross,clock_excluded_loss_tr,2,2,8.255074501037598,19.802473068237305,
B,,partition,0.3|wd1.0,20,,operand,iid,cross,clock_excluded_acc_tr,2,2,1.984334260225296,0.20887728035449982,
B,,partition,0.3|wd1.0,20,,operand,iid,cross,clock_restricted_loss_te,2,2,0.10588136773731094,0.4036112129688263,
B,,partition,0.3|wd1.0,20,,operand,iid,cross,clock_restricted_acc_te,2,2,100.0,100.0,
B,,partition,0.3|wd1.0,20,,operand,iid,cross,clock_excluded_loss_te,2,2,8.923914909362793,20.550415992736816,
B,,partition,0.3|wd1.0,20,,operand,iid,cross,clock_excluded_acc_te,2,2,1.45989491045475,0.14543014764785767,
B,,partition,0.3|wd1.0,20,,operand,iid,cross,fin_ipr,2,2,0.17940735318929452,0.13838790893047276,
B,,partition,0.3|wd1.0,20,,operand,iid,cross,fin_dc_share,2,2,0.08475065243496537,0.08449132689474922,
B,,partition,0.3|wd1.0,20,,operand,iid,cross,fin_top1_share,2,2,0.3865444239086897,0.36380041699422916,
B,,partition,0.3|wd1.0,20,,operand,iid,cross,fin_nfreq90,2,2,5.0,23.5,
B,,partition,0.3|wd1.0,20,,operand,iid,cross,fin_freq_gini,2,2,0.8801235372475199,0.7269354884727764,
B,,partition,0.3|wd1.0,20,,operand,iid,cross,fin_freq_eff_n,2,2,6.174545915358754,11.753669759625787,
B,,partition,0.3|wd1.0,20,,operand,iid,end,fn_loss_tr,3,3,0.01884741708636284,0.006474378984421492,0.33333333333333326
B,,partition,0.3|wd1.0,20,,operand,iid,end,fn_acc_tr,3,3,99.86945343017578,100.0,-0.6666666666666667
B,,partition,0.3|wd1.0,20,,operand,iid,end,fn_margin_tr,3,3,6.516984939575195,6.674739360809326,-0.11111111111111116
B,,partition,0.3|wd1.0,20,,operand,iid,end,fn_entropy_tr,3,3,0.0703730583190918,0.035840339958667755,0.33333333333333326
B,,partition,0.3|wd1.0,20,,operand,iid,end,fn_loss_te,3,3,0.04361141473054886,0.023119211196899414,0.33333333333333326
B,,partition,0.3|wd1.0,20,,operand,iid,end,fn_acc_te,3,3,98.93724060058594,99.83219909667969,-0.33333333333333337
B,,partition,0.3|wd1.0,20,,operand,iid,end,fn_margin_te,3,3,6.005398750305176,6.043911933898926,-0.11111111111111116
B,,partition,0.3|wd1.0,20,,operand,iid,end,fn_entropy_te,3,3,0.10582111775875092,0.07624761015176773,0.33333333333333326
B,,partition,0.3|wd1.0,20,,operand,iid,end,fn_gap_loss,3,3,0.02476399764418602,0.014471804723143578,0.33333333333333326
B,,partition,0.3|wd1.0,20,,operand,iid,end,fn_gap_acc,3,3,0.9322128295898438,0.1678009033203125,0.33333333333333326
B,,partition,0.3|wd1.0,20,,operand,iid,end,fn_class_acc_gini,3,3,0.008122658390562032,0.0015468917073930832,0.33333333333333326
B,,partition,0.3|wd1.0,20,,operand,iid,end,w_all_norm,3,3,41.167172593930246,39.423628223773065,0.11111111111111116
B,,partition,0.3|wd1.0,20,,operand,iid,end,w_all_rel_norm,3,3,1.1042392903835527,1.0629541321287244,0.11111111111111116
B,,partition,0.3|wd1.0,20,,operand,iid,end,w_all_dist_init,3,3,55.559254980882166,54.139597324238395,0.11111111111111116
B,,partition,0.3|wd1.0,20,,operand,iid,end,w_all_rel_dist_init,3,3,1.4902823883361336,1.4597314169293567,0.11111111111111116
B,,partition,0.3|wd1.0,20,,operand,iid,end,w_all_cos_init,3,3,0.0023102908923177947,0.001510932687159858,0.33333333333333326
B,,partition,0.3|wd1.0,20,,operand,iid,end,rep_between_within_tr,3,3,6.412026696204876,26.26434772018131,-1.0
B,,partition,0.3|wd1.0,20,,operand,iid,end,rep_nc1_tr,3,3,358.93523416501046,327.7579441883015,0.5555555555555556
B,,partition,0.3|wd1.0,20,,operand,iid,end,rep_eff_rank_te,3,3,16.231330728608814,12.120783328623265,0.7777777777777777
B,,partition,0.3|wd1.0,20,,operand,iid,end,rep_pr_te,3,3,6.770024320876467,5.210871498608994,0.7777777777777777
B,,partition,0.3|wd1.0,20,,operand,iid,end,rep_unit_gini_te,3,3,0.37283409907664766,0.2803358462049139,0.5555555555555556
B,,partition,0.3|wd1.0,20,,operand,iid,end,rep_unit_pr_te,3,3,0.6584916987694329,0.7836511374394308,-0.5555555555555556
B,,partition,0.3|wd1.0,20,,operand,iid,end,rep_between_within_te,3,3,6.191366758355734,23.097054681137863,-1.0
B,,partition,0.3|wd1.0,20,,operand,iid,end,unit_interaction_share,3,3,0.44348722161615217,0.9167912328564916,-1.0
B,,partition,0.3|wd1.0,20,,operand,iid,end,unit_frac_interacting,3,3,0.55078125,0.908203125,-1.0
B,,partition,0.3|wd1.0,20,,operand,iid,end,add_share_a,3,3,0.009574530558009213,0.005488228989095894,1.0
B,,partition,0.3|wd1.0,20,,operand,iid,end,add_share_b,3,3,0.0075375386750621476,0.004503544158202592,1.0
B,,partition,0.3|wd1.0,20,,operand,iid,end,add_share_interaction,3,3,0.8502946550883487,0.8594900968205715,-0.33333333333333337
B,,partition,0.3|wd1.0,20,,operand,iid,end,add_acc_interaction_tr,3,3,76.16188049316406,80.93994903564453,-0.11111111111111116
B,,partition,0.3|wd1.0,20,,operand,iid,end,add_acc_additive_tr,3,3,1.096605658531189,0.9399477243423462,0.33333333333333326
B,,partition,0.3|wd1.0,20,,operand,iid,end,add_acc_no_a_tr,3,3,99.97388458251953,99.97388458251953,-0.11111111111111116
B,,partition,0.3|wd1.0,20,,operand,iid,end,add_acc_no_b_tr,3,3,99.92166900634766,100.0,-0.5555555555555556
B,,partition,0.3|wd1.0,20,,operand,iid,end,add_acc_interaction_te,3,3,73.41984558105469,77.33527374267578,-0.11111111111111116
B,,partition,0.3|wd1.0,20,,operand,iid,end,add_acc_additive_te,3,3,1.0291979312896729,0.7718984484672546,0.7777777777777777
B,,partition,0.3|wd1.0,20,,operand,iid,end,add_acc_no_a_te,3,3,99.60845947265625,99.7874526977539,-0.33333333333333337
B,,partition,0.3|wd1.0,20,,operand,iid,end,add_acc_no_b_te,3,3,99.22810363769531,99.82101440429688,-0.33333333333333337
B,,partition,0.3|wd1.0,20,,operand,iid,end,sharp_lambda_max,3,3,37.61498260498047,19.38092613220215,0.33333333333333326
B,,partition,0.3|wd1.0,20,,operand,iid,end,sharp_grad_norm,3,3,0.6088575720787048,0.2293625771999359,0.33333333333333326
B,,partition,0.3|wd1.0,20,,operand,iid,end,sharp_lr_lambda,3,3,0.03761498260498047,0.019380926132202148,0.33333333333333326
B,,partition,0.3|wd1.0,20,,operand,iid,end,w_WE_fro,3,3,11.946821212768555,12.372218132019043,-0.33333333333333337
B,,partition,0.3|wd1.0,20,,operand,iid,end,w_WE_spec,3,3,5.417979717254639,5.87227725982666,-0.33333333333333337
B,,partition,0.3|wd1.0,20,,operand,iid,end,w_WE_stable_rank,3,3,4.862185478210449,4.482262134552002,-0.11111111111111116
B,,partition,0.3|wd1.0,20,,operand,iid,end,w_WE_eff_rank,3,3,53.935966952239234,48.6423967704336,1.0
B,,partition,0.3|wd1.0,20,,operand,iid,end,w_WE_sv_gini,3,3,0.5972140035435236,0.637587597070252,-1.0
B,,partition,0.3|wd1.0,20,,operand,iid,end,w_WE_entry_gini,3,3,0.40619875824890306,0.4505660941535905,-1.0
B,,partition,0.3|wd1.0,20,,operand,iid,end,w_WE_row_gini,3,3,0.026650025913291353,0.030025505969912603,-0.7777777777777778
B,,partition,0.3|wd1.0,20,,operand,iid,end,w_WE_row_pr,3,3,0.9977755549077807,0.9971153151981669,0.7777777777777777
B,,partition,0.3|wd1.0,20,,operand,iid,end,w_WE_dist_init,3,3,16.060121536254883,16.305269241333008,-0.33333333333333337
B,,partition,0.3|wd1.0,20,,operand,iid,end,w_WE_rel_dist_init,3,3,1.5066114537217923,1.5296089347489776,-0.33333333333333337
B,,partition,0.3|wd1.0,20,,operand,iid,end,w_WE_cos_init,3,3,-0.006165701895952225,0.003186638932675123,-0.7777777777777778
B,,partition,0.3|wd1.0,20,,operand,iid,end,w_WU_fro,3,3,12.997868537902832,14.652510643005371,-0.5555555555555556
B,,partition,0.3|wd1.0,20,,operand,iid,end,w_WU_spec,3,3,9.62844467163086,9.214673042297363,-0.11111111111111116
B,,partition,0.3|wd1.0,20,,operand,iid,end,w_WU_stable_rank,3,3,1.9518678188323975,2.245058298110962,-0.33333333333333337
B,,partition,0.3|wd1.0,20,,operand,iid,end,w_WU_eff_rank,3,3,57.93210502274292,56.60137280703794,0.33333333333333326
B,,partition,0.3|wd1.0,20,,operand,iid,end,w_WU_sv_gini,3,3,0.5620637981551273,0.5820768730702564,-0.5555555555555556
B,,partition,0.3|wd1.0,20,,operand,iid,end,w_WU_entry_gini,3,3,0.4525724620859657,0.43652085682237995,0.5555555555555556
B,,partition,0.3|wd1.0,20,,operand,iid,end,w_WU_row_gini,3,3,0.08200945691681283,0.07338542751828392,0.33333333333333326
B,,partition,0.3|wd1.0,20,,operand,iid,end,w_WU_row_pr,3,3,0.9796136656993237,0.9836312763338108,-0.33333333333333337
B,,partition,0.3|wd1.0,20,,operand,iid,end,w_WU_dist_init,3,3,16.949880599975586,18.167388916015625,-0.5555555555555556
B,,partition,0.3|wd1.0,20,,operand,iid,end,w_WU_rel_dist_init,3,3,1.583614068449026,1.7023325757238619,-0.5555555555555556
B,,partition,0.3|wd1.0,20,,operand,iid,end,w_WU_cos_init,3,3,-0.006239067297428846,-0.00038441436481662095,-0.5555555555555556
B,,partition,0.3|wd1.0,20,,operand,iid,end,w_WQ_fro,3,3,16.98131561279297,14.523807525634766,0.7777777777777777
B,,partition,0.3|wd1.0,20,,operand,iid,end,w_WQ_spec,3,3,16.68283462524414,14.095117568969727,0.7777777777777777
B,,partition,0.3|wd1.0,20,,operand,iid,end,w_WQ_stable_rank,3,3,1.0489768981933594,1.0618900060653687,-0.33333333333333337
B,,partition,0.3|wd1.0,20,,operand,iid,end,w_WQ_eff_rank,3,3,2.950831729025398,3.867595173439636,-0.33333333333333337
B,,partition,0.3|wd1.0,20,,operand,iid,end,w_WQ_sv_gini,3,3,0.9810310411887608,0.973784893338431,0.33333333333333326
B,,partition,0.3|wd1.0,20,,operand,iid,end,w_WQ_entry_gini,3,3,0.4352855227532899,0.26803766651340033,1.0
B,,partition,0.3|wd1.0,20,,operand,iid,end,w_WQ_row_gini,3,3,0.1690541347142165,0.10172597853454546,0.5555555555555556
B,,partition,0.3|wd1.0,20,,operand,iid,end,w_WQ_row_pr,3,3,0.9057861742901294,0.9584102068391549,-0.5555555555555556
B,,partition,0.3|wd1.0,20,,operand,iid,end,w_WQ_dist_init,3,3,20.430919647216797,18.344953536987305,0.7777777777777777
B,,partition,0.3|wd1.0,20,,operand,iid,end,w_WQ_rel_dist_init,3,3,1.783965474126621,1.6228991867819802,0.7777777777777777
B,,partition,0.3|wd1.0,20,,operand,iid,end,w_WQ_cos_init,3,3,0.00540670333430171,0.0034819196444004774,0.33333333333333326
B,,partition,0.3|wd1.0,20,,operand,iid,end,w_WK_fro,3,3,8.655465126037598,7.872049808502197,0.7777777777777777
B,,partition,0.3|wd1.0,20,,operand,iid,end,w_WK_spec,3,3,5.834928035736084,4.965872287750244,1.0
B,,partition,0.3|wd1.0,20,,operand,iid,end,w_WK_stable_rank,3,3,1.984337329864502,2.5129754543304443,-0.7777777777777778
B,,partition,0.3|wd1.0,20,,operand,iid,end,w_WK_eff_rank,3,3,4.001350141227182,4.8911312503811075,-0.33333333333333337
B,,partition,0.3|wd1.0,20,,operand,iid,end,w_WK_sv_gini,3,3,0.9745942583531302,0.9692312258614613,0.33333333333333326
B,,partition,0.3|wd1.0,20,,operand,iid,end,w_WK_entry_gini,3,3,0.441569744913731,0.43210598152027213,0.5555555555555556
B,,partition,0.3|wd1.0,20,,operand,iid,end,w_WK_row_gini,3,3,0.08455444823655367,0.06257600800184582,0.5555555555555556
B,,partition,0.3|wd1.0,20,,operand,iid,end,w_WK_row_pr,3,3,0.9754342148888698,0.9835495263624189,-0.5555555555555556
B,,partition,0.3|wd1.0,20,,operand,iid,end,w_WK_dist_init,3,3,14.193497657775879,13.83444881439209,0.7777777777777777
B,,partition,0.3|wd1.0,20,,operand,iid,end,w_WK_rel_dist_init,3,3,1.254364146906929,1.2173574634068236,0.7777777777777777
B,,partition,0.3|wd1.0,20,,operand,iid,end,w_WK_cos_init,3,3,0.0072244275361299515,-0.0019941211212426424,1.0
B,,partition,0.3|wd1.0,20,,operand,iid,end,w_WV_fro,3,3,7.989941596984863,6.788741588592529,1.0
B,,partition,0.3|wd1.0,20,,operand,iid,end,w_WV_spec,3,3,4.299003601074219,3.5485808849334717,1.0
B,,partition,0.3|wd1.0,20,,operand,iid,end,w_WV_stable_rank,3,3,4.219430923461914,3.6599647998809814,0.33333333333333326
B,,partition,0.3|wd1.0,20,,operand,iid,end,w_WV_eff_rank,3,3,29.386091637466166,20.261313068651177,0.33333333333333326
B,,partition,0.3|wd1.0,20,,operand,iid,end,w_WV_sv_gini,3,3,0.8106963252071282,0.8706669564925178,-0.33333333333333337
B,,partition,0.3|wd1.0,20,,operand,iid,end,w_WV_entry_gini,3,3,0.4300875497366883,0.41651841617601537,1.0
B,,partition,0.3|wd1.0,20,,operand,iid,end,w_WV_row_gini,3,3,0.16301575018119996,0.06263855710508826,1.0
B,,partition,0.3|wd1.0,20,,operand,iid,end,w_WV_row_pr,3,3,0.9171861106568568,0.9877425343301096,-1.0
B,,partition,0.3|wd1.0,20,,operand,iid,end,w_WV_dist_init,3,3,13.893391609191895,13.257672309875488,1.0
B,,partition,0.3|wd1.0,20,,operand,iid,end,w_WV_rel_dist_init,3,3,1.222121778831203,1.1662012071830334,1.0
B,,partition,0.3|wd1.0,20,,operand,iid,end,w_WV_cos_init,3,3,0.00359202828258276,0.0021209032274782658,0.11111111111111116
B,,partition,0.3|wd1.0,20,,operand,iid,end,w_WO_fro,3,3,7.89910888671875,7.576381206512451,0.11111111111111116
B,,partition,0.3|wd1.0,20,,operand,iid,end,w_WO_spec,3,3,4.031303882598877,4.242810249328613,0.11111111111111116
B,,partition,0.3|wd1.0,20,,operand,iid,end,w_WO_stable_rank,3,3,4.202041149139404,3.4142143726348877,0.5555555555555556
B,,partition,0.3|wd1.0,20,,operand,iid,end,w_WO_eff_rank,3,3,26.816786964319917,15.116383724445965,0.33333333333333326
B,,partition,0.3|wd1.0,20,,operand,iid,end,w_WO_sv_gini,3,3,0.8208439655385351,0.8918283896622126,-0.33333333333333337
B,,partition,0.3|wd1.0,20,,operand,iid,end,w_WO_entry_gini,3,3,0.4309103660990463,0.3755892426920553,1.0
B,,partition,0.3|wd1.0,20,,operand,iid,end,w_WO_row_gini,3,3,0.15174688093434363,0.10476482143210353,0.5555555555555556
B,,partition,0.3|wd1.0,20,,operand,iid,end,w_WO_row_pr,3,3,0.9275911735157264,0.964247588224416,-0.5555555555555556
B,,partition,0.3|wd1.0,20,,operand,iid,end,w_WO_dist_init,3,3,13.80344295501709,13.633291244506836,0.11111111111111116
B,,partition,0.3|wd1.0,20,,operand,iid,end,w_WO_rel_dist_init,3,3,1.2140331185213884,1.1986367166698766,0.11111111111111116
B,,partition,0.3|wd1.0,20,,operand,iid,end,w_WO_cos_init,3,3,0.006322578992694616,0.004985480103641748,-0.11111111111111116
B,,partition,0.3|wd1.0,20,,operand,iid,end,w_Win_fro,3,3,23.042930603027344,22.236839294433594,-0.11111111111111116
B,,partition,0.3|wd1.0,20,,operand,iid,end,w_Win_spec,3,3,9.451408386230469,12.086063385009766,-0.7777777777777778
B,,partition,0.3|wd1.0,20,,operand,iid,end,w_Win_stable_rank,3,3,6.033838272094727,3.7807836532592773,0.7777777777777777
B,,partition,0.3|wd1.0,20,,operand,iid,end,w_Win_eff_rank,3,3,28.623581385472484,16.52187814944519,1.0
B,,partition,0.3|wd1.0,20,,operand,iid,end,w_Win_sv_gini,3,3,0.8091523134823044,0.8912464459939278,-1.0
B,,partition,0.3|wd1.0,20,,operand,iid,end,w_Win_entry_gini,3,3,0.41981454222691084,0.39450744658096126,1.0
B,,partition,0.3|wd1.0,20,,operand,iid,end,w_Win_row_gini,3,3,0.10926672115019032,0.11298518375977706,-0.5555555555555556
B,,partition,0.3|wd1.0,20,,operand,iid,end,w_Win_row_pr,3,3,0.9629790125250322,0.9583887157332173,0.5555555555555556
B,,partition,0.3|wd1.0,20,,operand,iid,end,w_Win_dist_init,3,3,32.14509963989258,31.75603485107422,-0.11111111111111116
B,,partition,0.3|wd1.0,20,,operand,iid,end,w_Win_rel_dist_init,3,3,1.4251430551622262,1.4078939880258925,-0.11111111111111116
B,,partition,0.3|wd1.0,20,,operand,iid,end,w_Win_cos_init,3,3,0.0028507132083177567,0.0012085670605301857,0.11111111111111116
B,,partition,0.3|wd1.0,20,,operand,iid,end,w_Wout_fro,3,3,18.428401947021484,18.499406814575195,-0.33333333333333337
B,,partition,0.3|wd1.0,20,,operand,iid,end,w_Wout_spec,3,3,8.698929786682129,9.593364715576172,-0.33333333333333337
B,,partition,0.3|wd1.0,20,,operand,iid,end,w_Wout_stable_rank,3,3,5.175354480743408,4.493380069732666,0.5555555555555556
B,,partition,0.3|wd1.0,20,,operand,iid,end,w_Wout_eff_rank,3,3,29.381561259331797,19.4069617977046,1.0
B,,partition,0.3|wd1.0,20,,operand,iid,end,w_Wout_sv_gini,3,3,0.8190547858515005,0.8859674947464884,-1.0
B,,partition,0.3|wd1.0,20,,operand,iid,end,w_Wout_entry_gini,3,3,0.45257617300743314,0.4762170518168394,-1.0
B,,partition,0.3|wd1.0,20,,operand,iid,end,w_Wout_row_gini,3,3,0.09587120588318432,0.14206262055351804,-0.7777777777777778
B,,partition,0.3|wd1.0,20,,operand,iid,end,w_Wout_row_pr,3,3,0.9673186203346633,0.9398336284404545,0.7777777777777777
B,,partition,0.3|wd1.0,20,,operand,iid,end,w_Wout_dist_init,3,3,21.665695190429688,21.70099449157715,-0.33333333333333337
B,,partition,0.3|wd1.0,20,,operand,iid,end,w_Wout_rel_dist_init,3,3,1.9115714294128585,1.9146858983905968,-0.33333333333333337
B,,partition,0.3|wd1.0,20,,operand,iid,end,w_Wout_cos_init,3,3,-0.003201630897819996,-0.000587012036703527,-0.7777777777777778
B,,partition,0.3|wd1.0,20,,operand,iid,end,rep_dead_frac_te,3,3,0.0,0.0,0.0
B,,partition,0.3|wd1.0,20,,operand,iid,end,attn_to_a_mean,3,3,0.5075154304504395,0.51250821352005,-0.33333333333333337
B,,partition,0.3|wd1.0,20,,operand,iid,end,attn_to_a_head_spread,3,3,0.01197285670787096,0.01701756753027439,-0.33333333333333337
B,,partition,0.3|wd1.0,20,,operand,iid,end,attn_entropy_mean,3,3,0.4113166928291321,0.44496336579322815,-0.33333333333333337
B,,partition,0.3|wd1.0,20,,operand,iid,end,unit_fourier_sum_share,3,3,0.2330616443790899,0.8822574769938939,-1.0
B,,partition,0.3|wd1.0,20,,operand,iid,end,unit_fourier_diff_share,3,3,0.0735633400659042,0.015870917110973413,1.0
B,,partition,0.3|wd1.0,20,,operand,iid,end,unit_fourier_marginal_share,3,3,0.5565127823243468,0.08320876609953218,1.0
B,,partition,0.3|wd1.0,20,,operand,iid,end,unit_fourier_other_share,3,3,0.02348424000266247,0.01866283979560046,0.5555555555555556
B,,partition,0.3|wd1.0,20,,operand,iid,end,unit_sum_freq_concentration,3,3,0.2016029819467625,0.740487046477791,-1.0
B,,partition,0.3|wd1.0,20,,operand,iid,end,unit_n_distinct_sum_freqs,3,3,3.0,2.0,0.33333333333333326
B,,partition,0.3|wd1.0,20,,operand,iid,end,fout_ipr,3,3,0.2619956967646445,0.24475337187173524,-0.11111111111111116
B,,partition,0.3|wd1.0,20,,operand,iid,end,fout_dc_share,3,3,0.5036675460923855,0.4389622996666684,0.33333333333333326
B,,partition,0.3|wd1.0,20,,operand,iid,end,fout_top1_share,3,3,0.22771841618084213,0.3877126780964495,-0.33333333333333337
B,,partition,0.3|wd1.0,20,,operand,iid,end,fout_nfreq90,3,3,29.0,28.0,0.11111111111111116
B,,partition,0.3|wd1.0,20,,operand,iid,end,fout_freq_gini,3,3,0.69903496643297,0.7367132365161955,-0.33333333333333337
B,,partition,0.3|wd1.0,20,,operand,iid,end,fout_freq_eff_n,3,3,17.201266316244972,12.81095323132086,0.33333333333333326
B,,partition,0.3|wd1.0,20,,operand,iid,end,clock_share,3,3,0.5685886775372606,0.558588644262995,0.33333333333333326
B,,partition,0.3|wd1.0,20,,operand,iid,end,clock_nfreq90,3,3,3.0,4.0,-0.4444444444444444
B,,partition,0.3|wd1.0,20,,operand,iid,end,clock_top1_share,3,3,0.4094754002498317,0.3890419584425659,0.5555555555555556
B,,partition,0.3|wd1.0,20,,operand,iid,end,clock_freq_gini,3,3,0.951222378451102,0.9407219542887328,0.7777777777777777
B,,partition,0.3|wd1.0,20,,operand,iid,end,clock_key_jaccard_final,3,3,1.0,1.0,0.0
B,,partition,0.3|wd1.0,20,,operand,iid,end,clock_restricted_loss_tr,3,3,0.05773177370429039,0.028125286102294922,0.11111111111111116
B,,partition,0.3|wd1.0,20,,operand,iid,end,clock_restricted_acc_tr,3,3,100.0,100.0,0.0
B,,partition,0.3|wd1.0,20,,operand,iid,end,clock_excluded_loss_tr,3,3,14.334882736206055,12.248488426208496,1.0
B,,partition,0.3|wd1.0,20,,operand,iid,end,clock_excluded_acc_tr,3,3,0.10443864017724991,0.3133159279823303,-0.5555555555555556
B,,partition,0.3|wd1.0,20,,operand,iid,end,clock_restricted_loss_te,3,3,0.05773176625370979,0.02812528796494007,0.11111111111111116
B,,partition,0.3|wd1.0,20,,operand,iid,end,clock_restricted_acc_te,3,3,100.0,100.0,0.0
B,,partition,0.3|wd1.0,20,,operand,iid,end,clock_excluded_loss_te,3,3,14.81938362121582,12.868581771850586,1.0
B,,partition,0.3|wd1.0,20,,operand,iid,end,clock_excluded_acc_te,3,3,0.0447477363049984,0.15661707520484924,-1.0
B,,partition,0.3|wd1.0,20,,operand,iid,end,fin_ipr,3,3,0.18776339992590563,0.1688389197405996,0.33333333333333326
B,,partition,0.3|wd1.0,20,,operand,iid,end,fin_dc_share,3,3,0.09594640542943299,0.08758681335315617,1.0
B,,partition,0.3|wd1.0,20,,operand,iid,end,fin_top1_share,3,3,0.40072898873069934,0.46956735801810806,-0.11111111111111116
B,,partition,0.3|wd1.0,20,,operand,iid,end,fin_nfreq90,3,3,10.0,6.0,0.7777777777777777
B,,partition,0.3|wd1.0,20,,operand,iid,end,fin_freq_gini,3,3,0.8431058062101537,0.8761091408765909,-0.7777777777777778
B,,partition,0.3|wd1.0,20,,operand,iid,end,fin_freq_eff_n,3,3,6.761675634664764,5.886087672914972,1.0
B,,partition,0.3|wd1.0,20,,dirichlet0.5,iid,memo,fn_loss_tr,3,2,0.07448378205299377,0.4522371510975063,
B,,partition,0.3|wd1.0,20,,dirichlet0.5,iid,memo,fn_acc_tr,3,2,99.55613708496094,87.62401962280273,
B,,partition,0.3|wd1.0,20,,dirichlet0.5,iid,memo,fn_margin_tr,3,2,4.1203155517578125,3.35451602935791,
B,,partition,0.3|wd1.0,20,,dirichlet0.5,iid,memo,fn_entropy_tr,3,2,0.2849859297275543,0.7568014226853848,
B,,partition,0.3|wd1.0,20,,dirichlet0.5,iid,memo,fn_loss_te,3,2,0.16313162446022034,0.7824416877701879,
B,,partition,0.3|wd1.0,20,,dirichlet0.5,iid,memo,fn_acc_te,3,2,96.58798217773438,72.3682746887207,
B,,partition,0.3|wd1.0,20,,dirichlet0.5,iid,memo,fn_margin_te,3,2,3.6159915924072266,2.6441030502319336,
B,,partition,0.3|wd1.0,20,,dirichlet0.5,iid,memo,fn_entropy_te,3,2,0.4076484739780426,0.8672923855483532,
B,,partition,0.3|wd1.0,20,,dirichlet0.5,iid,memo,fn_gap_loss,3,2,0.08864784240722656,0.33020453667268157,
B,,partition,0.3|wd1.0,20,,dirichlet0.5,iid,memo,fn_gap_acc,3,2,2.9681549072265625,15.255744934082031,
B,,partition,0.3|wd1.0,20,,dirichlet0.5,iid,memo,fn_class_acc_gini,3,2,0.026331415516220202,0.1411832592655351,
B,,partition,0.3|wd1.0,20,,dirichlet0.5,iid,memo,w_all_norm,3,2,45.65496972119617,43.79878561031548,
B,,partition,0.3|wd1.0,20,,dirichlet0.5,iid,memo,w_all_rel_norm,3,2,1.230965816791399,1.1761245639126885,
B,,partition,0.3|wd1.0,20,,dirichlet0.5,iid,memo,w_all_dist_init,3,2,57.711827833611686,56.09594764769362,
B,,partition,0.3|wd1.0,20,,dirichlet0.5,iid,memo,w_all_rel_dist_init,3,2,1.556047188762983,1.5063272095028755,
B,,partition,0.3|wd1.0,20,,dirichlet0.5,iid,memo,w_all_cos_init,3,2,0.036935853463385786,0.04862672928324743,
B,,partition,0.3|wd1.0,20,,dirichlet0.5,iid,memo,rep_between_within_tr,3,2,12.543171384357057,17.779207661643362,
B,,partition,0.3|wd1.0,20,,dirichlet0.5,iid,memo,rep_nc1_tr,3,2,206.26268773756885,239.50362200273145,
B,,partition,0.3|wd1.0,20,,dirichlet0.5,iid,memo,rep_eff_rank_te,3,2,15.552508171896857,9.331751714883326,
B,,partition,0.3|wd1.0,20,,dirichlet0.5,iid,memo,rep_pr_te,3,2,5.719563145005678,3.97573659074256,
B,,partition,0.3|wd1.0,20,,dirichlet0.5,iid,memo,rep_unit_gini_te,3,2,0.3768448656578569,0.369058814734072,
B,,partition,0.3|wd1.0,20,,dirichlet0.5,iid,memo,rep_unit_pr_te,3,2,0.6572510850607853,0.6754828380441094,
B,,partition,0.3|wd1.0,20,,dirichlet0.5,iid,memo,rep_between_within_te,3,2,10.858192319310454,16.217772562074025,
B,,partition,0.3|wd1.0,20,,dirichlet0.5,iid,memo,unit_interaction_share,3,2,0.9720234440284065,0.955487990036139,
B,,partition,0.3|wd1.0,20,,dirichlet0.5,iid,memo,unit_frac_interacting,3,2,0.984375,0.9882602095603943,
B,,partition,0.3|wd1.0,20,,dirichlet0.5,iid,memo,add_share_a,3,2,0.006369728372341007,0.006701559577454404,
B,,partition,0.3|wd1.0,20,,dirichlet0.5,iid,memo,add_share_b,3,2,0.006229830972866811,0.00645505766805299,
B,,partition,0.3|wd1.0,20,,dirichlet0.5,iid,memo,add_share_interaction,3,2,0.8236708961816199,0.8098430628088122,
B,,partition,0.3|wd1.0,20,,dirichlet0.5,iid,memo,add_acc_interaction_tr,3,2,89.89556121826172,38.485639810562134,
B,,partition,0.3|wd1.0,20,,dirichlet0.5,iid,memo,add_acc_additive_tr,3,2,0.9399477243423462,1.0052219033241272,
B,,partition,0.3|wd1.0,20,,dirichlet0.5,iid,memo,add_acc_no_a_tr,3,2,99.55613708496094,82.06266021728516,
B,,partition,0.3|wd1.0,20,,dirichlet0.5,iid,memo,add_acc_no_b_tr,3,2,99.55613708496094,79.7258472442627,
B,,partition,0.3|wd1.0,20,,dirichlet0.5,iid,memo,add_acc_interaction_te,3,2,85.92684173583984,36.995190143585205,
B,,partition,0.3|wd1.0,20,,dirichlet0.5,iid,memo,add_acc_additive_te,3,2,0.8390200138092041,0.9061416387557983,
B,,partition,0.3|wd1.0,20,,dirichlet0.5,iid,memo,add_acc_no_a_te,3,2,97.03546905517578,71.38382720947266,
B,,partition,0.3|wd1.0,20,,dirichlet0.5,iid,memo,add_acc_no_b_te,3,2,96.80054473876953,72.49132919311523,
B,,partition,0.3|wd1.0,20,,dirichlet0.5,iid,memo,sharp_lambda_max,3,2,112.33191680908203,268.78758811950684,
B,,partition,0.3|wd1.0,20,,dirichlet0.5,iid,memo,sharp_grad_norm,3,2,1.117964506149292,2.8895262330770493,
B,,partition,0.3|wd1.0,20,,dirichlet0.5,iid,memo,sharp_lr_lambda,3,2,0.11233191680908203,0.26878758811950687,
B,,partition,0.3|wd1.0,20,,dirichlet0.5,iid,memo,w_WE_fro,3,2,11.814908027648926,9.559223175048828,
B,,partition,0.3|wd1.0,20,,dirichlet0.5,iid,memo,w_WE_spec,3,2,6.198025703430176,4.149473667144775,
B,,partition,0.3|wd1.0,20,,dirichlet0.5,iid,memo,w_WE_stable_rank,3,2,3.892598867416382,5.330709457397461,
B,,partition,0.3|wd1.0,20,,dirichlet0.5,iid,memo,w_WE_eff_rank,3,2,49.012738257486546,59.985809913294716,
B,,partition,0.3|wd1.0,20,,dirichlet0.5,iid,memo,w_WE_sv_gini,3,2,0.635563108978171,0.5713167326377685,
B,,partition,0.3|wd1.0,20,,dirichlet0.5,iid,memo,w_WE_entry_gini,3,2,0.4383855646903352,0.43592012459524254,
B,,partition,0.3|wd1.0,20,,dirichlet0.5,iid,memo,w_WE_row_gini,3,2,0.032745713050778,0.034867224324982016,
B,,partition,0.3|wd1.0,20,,dirichlet0.5,iid,memo,w_WE_row_pr,3,2,0.9966682578592114,0.9960175790397049,
B,,partition,0.3|wd1.0,20,,dirichlet0.5,iid,memo,w_WE_dist_init,3,2,15.808666229248047,14.10290002822876,
B,,partition,0.3|wd1.0,20,,dirichlet0.5,iid,memo,w_WE_rel_dist_init,3,2,1.4848216942525931,1.3238600714314717,
B,,partition,0.3|wd1.0,20,,dirichlet0.5,iid,memo,w_WE_cos_init,3,2,0.028745032846927643,0.03557315096259117,
B,,partition,0.3|wd1.0,20,,dirichlet0.5,iid,memo,w_WU_fro,3,2,9.812586784362793,7.811663389205933,
B,,partition,0.3|wd1.0,20,,dirichlet0.5,iid,memo,w_WU_spec,3,2,8.5980863571167,5.083190202713013,
B,,partition,0.3|wd1.0,20,,dirichlet0.5,iid,memo,w_WU_stable_rank,3,2,1.3024523258209229,2.5259732604026794,
B,,partition,0.3|wd1.0,20,,dirichlet0.5,iid,memo,w_WU_eff_rank,3,2,54.22670470135279,62.317099368868256,
B,,partition,0.3|wd1.0,20,,dirichlet0.5,iid,memo,w_WU_sv_gini,3,2,0.5700120155253607,0.5538404516200521,
B,,partition,0.3|wd1.0,20,,dirichlet0.5,iid,memo,w_WU_entry_gini,3,2,0.4288076546679862,0.47220133886653115,
B,,partition,0.3|wd1.0,20,,dirichlet0.5,iid,memo,w_WU_row_gini,3,2,0.040140342267566576,0.07225506005882631,
B,,partition,0.3|wd1.0,20,,dirichlet0.5,iid,memo,w_WU_row_pr,3,2,0.9950121464226614,0.9837044222160904,
B,,partition,0.3|wd1.0,20,,dirichlet0.5,iid,memo,w_WU_dist_init,3,2,14.539693832397461,13.09612226486206,
B,,partition,0.3|wd1.0,20,,dirichlet0.5,iid,memo,w_WU_rel_dist_init,3,2,1.365571786017062,1.2253463283669763,
B,,partition,0.3|wd1.0,20,,dirichlet0.5,iid,memo,w_WU_cos_init,3,2,-0.008375893346965313,0.022259150398895144,
B,,partition,0.3|wd1.0,20,,dirichlet0.5,iid,memo,w_WQ_fro,3,2,26.78665542602539,23.240312576293945,
B,,partition,0.3|wd1.0,20,,dirichlet0.5,iid,memo,w_WQ_spec,3,2,26.560962677001953,22.905208587646484,
B,,partition,0.3|wd1.0,20,,dirichlet0.5,iid,memo,w_WQ_stable_rank,3,2,1.0476363897323608,1.031407654285431,
B,,partition,0.3|wd1.0,20,,dirichlet0.5,iid,memo,w_WQ_eff_rank,3,2,3.596085962725313,2.843818316275538,
B,,partition,0.3|wd1.0,20,,dirichlet0.5,iid,memo,w_WQ_sv_gini,3,2,0.9744239270307107,0.9788585126759439,
B,,partition,0.3|wd1.0,20,,dirichlet0.5,iid,memo,w_WQ_entry_gini,3,2,0.38165583353251864,0.30971414261874564,
B,,partition,0.3|wd1.0,20,,dirichlet0.5,iid,memo,w_WQ_row_gini,3,2,0.21417456581830674,0.1590790028436292,
B,,partition,0.3|wd1.0,20,,dirichlet0.5,iid,memo,w_WQ_row_pr,3,2,0.8557118079397915,0.8862524959745121,
B,,partition,0.3|wd1.0,20,,dirichlet0.5,iid,memo,w_WQ_dist_init,3,2,28.794626235961914,25.697551727294922,
B,,partition,0.3|wd1.0,20,,dirichlet0.5,iid,memo,w_WQ_rel_dist_init,3,2,2.545802405284158,2.261534966835164,
B,,partition,0.3|wd1.0,20,,dirichlet0.5,iid,memo,w_WQ_cos_init,3,2,0.02694082446396351,0.031096069142222404,
B,,partition,0.3|wd1.0,20,,dirichlet0.5,iid,memo,w_WK_fro,3,2,7.555322170257568,7.74446702003479,
B,,partition,0.3|wd1.0,20,,dirichlet0.5,iid,memo,w_WK_spec,3,2,5.009965896606445,5.108964920043945,
B,,partition,0.3|wd1.0,20,,dirichlet0.5,iid,memo,w_WK_stable_rank,3,2,2.092094659805298,2.302313804626465,
B,,partition,0.3|wd1.0,20,,dirichlet0.5,iid,memo,w_WK_eff_rank,3,2,4.6664630641149225,4.1425022637436,
B,,partition,0.3|wd1.0,20,,dirichlet0.5,iid,memo,w_WK_sv_gini,3,2,0.9689604700381296,0.9721915432396546,
B,,partition,0.3|wd1.0,20,,dirichlet0.5,iid,memo,w_WK_entry_gini,3,2,0.46386130021951755,0.4380420441320073,
B,,partition,0.3|wd1.0,20,,dirichlet0.5,iid,memo,w_WK_row_gini,3,2,0.028329517450241593,0.046697212815122846,
B,,partition,0.3|wd1.0,20,,dirichlet0.5,iid,memo,w_WK_row_pr,3,2,0.9973761701397698,0.9923270919175196,
B,,partition,0.3|wd1.0,20,,dirichlet0.5,iid,memo,w_WK_dist_init,3,2,13.601774215698242,13.683708667755127,
B,,partition,0.3|wd1.0,20,,dirichlet0.5,iid,memo,w_WK_rel_dist_init,3,2,1.2003498079607822,1.2058142883009841,
B,,partition,0.3|wd1.0,20,,dirichlet0.5,iid,memo,w_WK_cos_init,3,2,0.0029241559095680714,0.008870335528627038,
B,,partition,0.3|wd1.0,20,,dirichlet0.5,iid,memo,w_WV_fro,3,2,11.442087173461914,8.280420780181885,
B,,partition,0.3|wd1.0,20,,dirichlet0.5,iid,memo,w_WV_spec,3,2,6.925846576690674,4.401039242744446,
B,,partition,0.3|wd1.0,20,,dirichlet0.5,iid,memo,w_WV_stable_rank,3,2,2.763657808303833,3.563371419906616,
B,,partition,0.3|wd1.0,20,,dirichlet0.5,iid,memo,w_WV_eff_rank,3,2,27.04992971696725,39.00068999666213,
B,,partition,0.3|wd1.0,20,,dirichlet0.5,iid,memo,w_WV_sv_gini,3,2,0.8096791081669259,0.753021009602698,
B,,partition,0.3|wd1.0,20,,dirichlet0.5,iid,memo,w_WV_entry_gini,3,2,0.4437879262231237,0.4406628131617031,
B,,partition,0.3|wd1.0,20,,dirichlet0.5,iid,memo,w_WV_row_gini,3,2,0.08310487135214117,0.062284574401734294,
B,,partition,0.3|wd1.0,20,,dirichlet0.5,iid,memo,w_WV_row_pr,3,2,0.9779323552677881,0.9875013681293938,
B,,partition,0.3|wd1.0,20,,dirichlet0.5,iid,memo,w_WV_dist_init,3,2,15.837620735168457,13.835497379302979,
B,,partition,0.3|wd1.0,20,,dirichlet0.5,iid,memo,w_WV_rel_dist_init,3,2,1.3881919811793122,1.2178130546447932,
B,,partition,0.3|wd1.0,20,,dirichlet0.5,iid,memo,w_WV_cos_init,3,2,0.03502418100833893,0.0347127728164196,
B,,partition,0.3|wd1.0,20,,dirichlet0.5,iid,memo,w_WO_fro,3,2,12.897733688354492,10.25358772277832,
B,,partition,0.3|wd1.0,20,,dirichlet0.5,iid,memo,w_WO_spec,3,2,7.1884050369262695,4.977801084518433,
B,,partition,0.3|wd1.0,20,,dirichlet0.5,iid,memo,w_WO_stable_rank,3,2,3.2593021392822266,4.310415506362915,
B,,partition,0.3|wd1.0,20,,dirichlet0.5,iid,memo,w_WO_eff_rank,3,2,22.723258316488657,31.22525168965236,
B,,partition,0.3|wd1.0,20,,dirichlet0.5,iid,memo,w_WO_sv_gini,3,2,0.8237935739252773,0.7868089656271696,
B,,partition,0.3|wd1.0,20,,dirichlet0.5,iid,memo,w_WO_entry_gini,3,2,0.38215365643700294,0.4018830389842989,
B,,partition,0.3|wd1.0,20,,dirichlet0.5,iid,memo,w_WO_row_gini,3,2,0.09923544781076221,0.1308404003477911,
B,,partition,0.3|wd1.0,20,,dirichlet0.5,iid,memo,w_WO_row_pr,3,2,0.9643221257210446,0.9463568235177553,
B,,partition,0.3|wd1.0,20,,dirichlet0.5,iid,memo,w_WO_dist_init,3,2,16.535398483276367,14.710617065429688,
B,,partition,0.3|wd1.0,20,,dirichlet0.5,iid,memo,w_WO_rel_dist_init,3,2,1.4543126270789872,1.293580100533831,
B,,partition,0.3|wd1.0,20,,dirichlet0.5,iid,memo,w_WO_cos_init,3,2,0.07571619004011154,0.0788540318608284,
B,,partition,0.3|wd1.0,20,,dirichlet0.5,iid,memo,w_Win_fro,3,2,23.587223052978516,25.573248863220215,
B,,partition,0.3|wd1.0,20,,dirichlet0.5,iid,memo,w_Win_spec,3,2,12.135458946228027,12.872290134429932,
B,,partition,0.3|wd1.0,20,,dirichlet0.5,iid,memo,w_Win_stable_rank,3,2,3.8612654209136963,3.9475080966949463,
B,,partition,0.3|wd1.0,20,,dirichlet0.5,iid,memo,w_Win_eff_rank,3,2,29.720230265251512,37.90141812416282,
B,,partition,0.3|wd1.0,20,,dirichlet0.5,iid,memo,w_Win_sv_gini,3,2,0.7787378203046786,0.7249147907485606,
B,,partition,0.3|wd1.0,20,,dirichlet0.5,iid,memo,w_Win_entry_gini,3,2,0.46211425205464285,0.43899353108807027,
B,,partition,0.3|wd1.0,20,,dirichlet0.5,iid,memo,w_Win_row_gini,3,2,0.12996005103143937,0.14293465411154715,
B,,partition,0.3|wd1.0,20,,dirichlet0.5,iid,memo,w_Win_row_pr,3,2,0.944185333994781,0.9340555555536456,
B,,partition,0.3|wd1.0,20,,dirichlet0.5,iid,memo,w_Win_dist_init,3,2,31.95785140991211,32.8167667388916,
B,,partition,0.3|wd1.0,20,,dirichlet0.5,iid,memo,w_Win_rel_dist_init,3,2,1.4085742940994983,1.4470223968046287,
B,,partition,0.3|wd1.0,20,,dirichlet0.5,iid,memo,w_Win_cos_init,3,2,0.057091329246759415,0.08304953202605247,
B,,partition,0.3|wd1.0,20,,dirichlet0.5,iid,memo,w_Wout_fro,3,2,13.08991813659668,17.119461059570312,
B,,partition,0.3|wd1.0,20,,dirichlet0.5,iid,memo,w_Wout_spec,3,2,5.439257621765137,8.587929248809814,
B,,partition,0.3|wd1.0,20,,dirichlet0.5,iid,memo,w_Wout_stable_rank,3,2,5.507470607757568,4.024574637413025,
B,,partition,0.3|wd1.0,20,,dirichlet0.5,iid,memo,w_Wout_eff_rank,3,2,43.19223826236129,42.000318790896245,
B,,partition,0.3|wd1.0,20,,dirichlet0.5,iid,memo,w_Wout_sv_gini,3,2,0.7377834955049805,0.7236356011132845,
B,,partition,0.3|wd1.0,20,,dirichlet0.5,iid,memo,w_Wout_entry_gini,3,2,0.4631119455794792,0.5049503498551473,
B,,partition,0.3|wd1.0,20,,dirichlet0.5,iid,memo,w_Wout_row_gini,3,2,0.16490703914400218,0.18279382697387858,
B,,partition,0.3|wd1.0,20,,dirichlet0.5,iid,memo,w_Wout_row_pr,3,2,0.9044930766079072,0.8889036377036597,
B,,partition,0.3|wd1.0,20,,dirichlet0.5,iid,memo,w_Wout_dist_init,3,2,17.237045288085938,20.268264770507812,
B,,partition,0.3|wd1.0,20,,dirichlet0.5,iid,memo,w_Wout_rel_dist_init,3,2,1.5208301884887327,1.7898119376450259,
B,,partition,0.3|wd1.0,20,,dirichlet0.5,iid,memo,w_Wout_cos_init,3,2,0.009062706492841244,0.0270774457603693,
B,,partition,0.3|wd1.0,20,,dirichlet0.5,iid,memo,rep_dead_frac_te,3,2,0.0,0.0,
B,,partition,0.3|wd1.0,20,,dirichlet0.5,iid,memo,attn_to_a_mean,3,2,0.4980742633342743,0.507996678352356,
B,,partition,0.3|wd1.0,20,,dirichlet0.5,iid,memo,attn_to_a_head_spread,3,2,0.0038715419359505177,0.013348991516977549,
B,,partition,0.3|wd1.0,20,,dirichlet0.5,iid,memo,attn_entropy_mean,3,2,0.3504500687122345,0.4404976963996887,
B,,partition,0.3|wd1.0,20,,dirichlet0.5,iid,memo,unit_fourier_sum_share,3,2,0.9245425121962371,0.8956955129912378,
B,,partition,0.3|wd1.0,20,,dirichlet0.5,iid,memo,unit_fourier_diff_share,3,2,0.013322632895499852,0.04129452397531092,
B,,partition,0.3|wd1.0,20,,dirichlet0.5,iid,memo,unit_fourier_marginal_share,3,2,0.027976556019144866,0.044512009373944596,
B,,partition,0.3|wd1.0,20,,dirichlet0.5,iid,memo,unit_fourier_other_share,3,2,0.017306988127006484,0.01849795365950674,
B,,partition,0.3|wd1.0,20,,dirichlet0.5,iid,memo,unit_sum_freq_concentration,3,2,0.7207089411370705,0.7985026589557311,
B,,partition,0.3|wd1.0,20,,dirichlet0.5,iid,memo,unit_n_distinct_sum_freqs,3,2,2.0,2.0,
B,,partition,0.3|wd1.0,20,,dirichlet0.5,iid,memo,fout_ipr,3,2,0.39791108579126355,0.19213627414712753,
B,,partition,0.3|wd1.0,20,,dirichlet0.5,iid,memo,fout_dc_share,3,2,0.7661218480108974,0.42016278625116477,
B,,partition,0.3|wd1.0,20,,dirichlet0.5,iid,memo,fout_top1_share,3,2,0.11156056826109355,0.17342130284283894,
B,,partition,0.3|wd1.0,20,,dirichlet0.5,iid,memo,fout_nfreq90,3,2,40.0,39.5,
B,,partition,0.3|wd1.0,20,,dirichlet0.5,iid,memo,fout_freq_gini,3,2,0.5075821695960399,0.5400356740899149,
B,,partition,0.3|wd1.0,20,,dirichlet0.5,iid,memo,fout_freq_eff_n,3,2,32.73976889367026,27.068192117483008,
B,,partition,0.3|wd1.0,20,,dirichlet0.5,iid,memo,clock_share,3,2,0.44711829566738615,0.5825310603895768,
B,,partition,0.3|wd1.0,20,,dirichlet0.5,iid,memo,clock_nfreq90,3,2,5.0,2.5,
B,,partition,0.3|wd1.0,20,,dirichlet0.5,iid,memo,clock_top1_share,3,2,0.2907787172257242,0.7046404220667413,
B,,partition,0.3|wd1.0,20,,dirichlet0.5,iid,memo,clock_freq_gini,3,2,0.9135498473102099,0.9647100886683248,
B,,partition,0.3|wd1.0,20,,dirichlet0.5,iid,memo,clock_key_jaccard_final,3,2,0.8,0.475,
B,,partition,0.3|wd1.0,20,,dirichlet0.5,iid,memo,clock_restricted_loss_tr,3,2,0.42632627487182617,0.4036112353205681,
B,,partition,0.3|wd1.0,20,,dirichlet0.5,iid,memo,clock_restricted_acc_tr,3,2,100.0,100.0,
B,,partition,0.3|wd1.0,20,,dirichlet0.5,iid,memo,clock_excluded_loss_tr,3,2,4.252631664276123,19.802473068237305,
B,,partition,0.3|wd1.0,20,,dirichlet0.5,iid,memo,clock_excluded_acc_tr,3,2,11.12271499633789,0.20887728035449982,
B,,partition,0.3|wd1.0,20,,dirichlet0.5,iid,memo,clock_restricted_loss_te,3,2,0.4263262450695038,0.4036112129688263,
B,,partition,0.3|wd1.0,20,,dirichlet0.5,iid,memo,clock_restricted_acc_te,3,2,100.0,100.0,
B,,partition,0.3|wd1.0,20,,dirichlet0.5,iid,memo,clock_excluded_loss_te,3,2,4.722570896148682,20.550415992736816,
B,,partition,0.3|wd1.0,20,,dirichlet0.5,iid,memo,clock_excluded_acc_te,3,2,10.057053565979004,0.14543014764785767,
B,,partition,0.3|wd1.0,20,,dirichlet0.5,iid,memo,fin_ipr,3,2,0.18801773836903274,0.13838790893047276,
B,,partition,0.3|wd1.0,20,,dirichlet0.5,iid,memo,fin_dc_share,3,2,0.07677632899791725,0.08449132689474922,
B,,partition,0.3|wd1.0,20,,dirichlet0.5,iid,memo,fin_top1_share,3,2,0.4424209532467577,0.36380041699422916,
B,,partition,0.3|wd1.0,20,,dirichlet0.5,iid,memo,fin_nfreq90,3,2,9.0,23.5,
B,,partition,0.3|wd1.0,20,,dirichlet0.5,iid,memo,fin_freq_gini,3,2,0.8580529295953856,0.7269354884727764,
B,,partition,0.3|wd1.0,20,,dirichlet0.5,iid,memo,fin_freq_eff_n,3,2,5.911882537854365,11.753669759625787,
B,,partition,0.3|wd1.0,20,,dirichlet0.5,iid,cross,fn_loss_tr,3,2,0.07448378205299377,0.4522371510975063,
B,,partition,0.3|wd1.0,20,,dirichlet0.5,iid,cross,fn_acc_tr,3,2,99.55613708496094,87.62401962280273,
B,,partition,0.3|wd1.0,20,,dirichlet0.5,iid,cross,fn_margin_tr,3,2,4.1203155517578125,3.35451602935791,
B,,partition,0.3|wd1.0,20,,dirichlet0.5,iid,cross,fn_entropy_tr,3,2,0.2849859297275543,0.7568014226853848,
B,,partition,0.3|wd1.0,20,,dirichlet0.5,iid,cross,fn_loss_te,3,2,0.16313162446022034,0.7824416877701879,
B,,partition,0.3|wd1.0,20,,dirichlet0.5,iid,cross,fn_acc_te,3,2,96.58798217773438,72.3682746887207,
B,,partition,0.3|wd1.0,20,,dirichlet0.5,iid,cross,fn_margin_te,3,2,3.6159915924072266,2.6441030502319336,
B,,partition,0.3|wd1.0,20,,dirichlet0.5,iid,cross,fn_entropy_te,3,2,0.4076484739780426,0.8672923855483532,
B,,partition,0.3|wd1.0,20,,dirichlet0.5,iid,cross,fn_gap_loss,3,2,0.08864784240722656,0.33020453667268157,
B,,partition,0.3|wd1.0,20,,dirichlet0.5,iid,cross,fn_gap_acc,3,2,2.9681549072265625,15.255744934082031,
B,,partition,0.3|wd1.0,20,,dirichlet0.5,iid,cross,fn_class_acc_gini,3,2,0.026331415516220202,0.1411832592655351,
B,,partition,0.3|wd1.0,20,,dirichlet0.5,iid,cross,w_all_norm,3,2,45.65496972119617,43.79878561031548,
B,,partition,0.3|wd1.0,20,,dirichlet0.5,iid,cross,w_all_rel_norm,3,2,1.230965816791399,1.1761245639126885,
B,,partition,0.3|wd1.0,20,,dirichlet0.5,iid,cross,w_all_dist_init,3,2,57.711827833611686,56.09594764769362,
B,,partition,0.3|wd1.0,20,,dirichlet0.5,iid,cross,w_all_rel_dist_init,3,2,1.556047188762983,1.5063272095028755,
B,,partition,0.3|wd1.0,20,,dirichlet0.5,iid,cross,w_all_cos_init,3,2,0.03817896219137091,0.04862672928324743,
B,,partition,0.3|wd1.0,20,,dirichlet0.5,iid,cross,rep_between_within_tr,3,2,15.879714809091759,17.779207661643362,
B,,partition,0.3|wd1.0,20,,dirichlet0.5,iid,cross,rep_nc1_tr,3,2,206.26268773756885,239.50362200273145,
B,,partition,0.3|wd1.0,20,,dirichlet0.5,iid,cross,rep_eff_rank_te,3,2,15.552508171896857,9.331751714883326,
B,,partition,0.3|wd1.0,20,,dirichlet0.5,iid,cross,rep_pr_te,3,2,5.719563145005678,3.97573659074256,
B,,partition,0.3|wd1.0,20,,dirichlet0.5,iid,cross,rep_unit_gini_te,3,2,0.4241274291943782,0.369058814734072,
B,,partition,0.3|wd1.0,20,,dirichlet0.5,iid,cross,rep_unit_pr_te,3,2,0.631628858237592,0.6754828380441094,
B,,partition,0.3|wd1.0,20,,dirichlet0.5,iid,cross,rep_between_within_te,3,2,14.501146150741427,16.217772562074025,
B,,partition,0.3|wd1.0,20,,dirichlet0.5,iid,cross,unit_interaction_share,3,2,0.9720234440284065,0.955487990036139,
B,,partition,0.3|wd1.0,20,,dirichlet0.5,iid,cross,unit_frac_interacting,3,2,0.984375,0.9882602095603943,
B,,partition,0.3|wd1.0,20,,dirichlet0.5,iid,cross,add_share_a,3,2,0.006369728372341007,0.006701559577454404,
B,,partition,0.3|wd1.0,20,,dirichlet0.5,iid,cross,add_share_b,3,2,0.005743285884781049,0.00645505766805299,
B,,partition,0.3|wd1.0,20,,dirichlet0.5,iid,cross,add_share_interaction,3,2,0.8132752599989109,0.8098430628088122,
B,,partition,0.3|wd1.0,20,,dirichlet0.5,iid,cross,add_acc_interaction_tr,3,2,89.89556121826172,38.485639810562134,
B,,partition,0.3|wd1.0,20,,dirichlet0.5,iid,cross,add_acc_additive_tr,3,2,0.9138380885124207,1.0052219033241272,
B,,partition,0.3|wd1.0,20,,dirichlet0.5,iid,cross,add_acc_no_a_tr,3,2,99.55613708496094,82.06266021728516,
B,,partition,0.3|wd1.0,20,,dirichlet0.5,iid,cross,add_acc_no_b_tr,3,2,99.55613708496094,79.7258472442627,
B,,partition,0.3|wd1.0,20,,dirichlet0.5,iid,cross,add_acc_interaction_te,3,2,85.92684173583984,36.995190143585205,
B,,partition,0.3|wd1.0,20,,dirichlet0.5,iid,cross,add_acc_additive_te,3,2,1.0739456415176392,0.9061416387557983,
B,,partition,0.3|wd1.0,20,,dirichlet0.5,iid,cross,add_acc_no_a_te,3,2,97.03546905517578,71.38382720947266,
B,,partition,0.3|wd1.0,20,,dirichlet0.5,iid,cross,add_acc_no_b_te,3,2,96.80054473876953,72.49132919311523,
B,,partition,0.3|wd1.0,20,,dirichlet0.5,iid,cross,sharp_lambda_max,3,2,112.33191680908203,268.78758811950684,
B,,partition,0.3|wd1.0,20,,dirichlet0.5,iid,cross,sharp_grad_norm,3,2,1.117964506149292,2.8895262330770493,
B,,partition,0.3|wd1.0,20,,dirichlet0.5,iid,cross,sharp_lr_lambda,3,2,0.11233191680908203,0.26878758811950687,
B,,partition,0.3|wd1.0,20,,dirichlet0.5,iid,cross,w_WE_fro,3,2,11.814908027648926,9.559223175048828,
B,,partition,0.3|wd1.0,20,,dirichlet0.5,iid,cross,w_WE_spec,3,2,6.087604999542236,4.149473667144775,
B,,partition,0.3|wd1.0,20,,dirichlet0.5,iid,cross,w_WE_stable_rank,3,2,3.892598867416382,5.330709457397461,
B,,partition,0.3|wd1.0,20,,dirichlet0.5,iid,cross,w_WE_eff_rank,3,2,49.12004837978629,59.985809913294716,
B,,partition,0.3|wd1.0,20,,dirichlet0.5,iid,cross,w_WE_sv_gini,3,2,0.6323446807372075,0.5713167326377685,
B,,partition,0.3|wd1.0,20,,dirichlet0.5,iid,cross,w_WE_entry_gini,3,2,0.4383855646903352,0.43592012459524254,
B,,partition,0.3|wd1.0,20,,dirichlet0.5,iid,cross,w_WE_row_gini,3,2,0.031737094167396895,0.034867224324982016,
B,,partition,0.3|wd1.0,20,,dirichlet0.5,iid,cross,w_WE_row_pr,3,2,0.9968397900304119,0.9960175790397049,
B,,partition,0.3|wd1.0,20,,dirichlet0.5,iid,cross,w_WE_dist_init,3,2,15.683815956115723,14.10290002822876,
B,,partition,0.3|wd1.0,20,,dirichlet0.5,iid,cross,w_WE_rel_dist_init,3,2,1.471309958906997,1.3238600714314717,
B,,partition,0.3|wd1.0,20,,dirichlet0.5,iid,cross,w_WE_cos_init,3,2,0.030742892995476723,0.03557315096259117,
B,,partition,0.3|wd1.0,20,,dirichlet0.5,iid,cross,w_WU_fro,3,2,10.14946174621582,7.811663389205933,
B,,partition,0.3|wd1.0,20,,dirichlet0.5,iid,cross,w_WU_spec,3,2,8.885942459106445,5.083190202713013,
B,,partition,0.3|wd1.0,20,,dirichlet0.5,iid,cross,w_WU_stable_rank,3,2,1.3024523258209229,2.5259732604026794,
B,,partition,0.3|wd1.0,20,,dirichlet0.5,iid,cross,w_WU_eff_rank,3,2,53.33703068881216,62.317099368868256,
B,,partition,0.3|wd1.0,20,,dirichlet0.5,iid,cross,w_WU_sv_gini,3,2,0.571166980624072,0.5538404516200521,
B,,partition,0.3|wd1.0,20,,dirichlet0.5,iid,cross,w_WU_entry_gini,3,2,0.4196993933703539,0.47220133886653115,
B,,partition,0.3|wd1.0,20,,dirichlet0.5,iid,cross,w_WU_row_gini,3,2,0.03752437484815174,0.07225506005882631,
B,,partition,0.3|wd1.0,20,,dirichlet0.5,iid,cross,w_WU_row_pr,3,2,0.9955264977416554,0.9837044222160904,
B,,partition,0.3|wd1.0,20,,dirichlet0.5,iid,cross,w_WU_dist_init,3,2,14.764556884765625,13.09612226486206,
B,,partition,0.3|wd1.0,20,,dirichlet0.5,iid,cross,w_WU_rel_dist_init,3,2,1.3794409853933984,1.2253463283669763,
B,,partition,0.3|wd1.0,20,,dirichlet0.5,iid,cross,w_WU_cos_init,3,2,-0.008375893346965313,0.022259150398895144,
B,,partition,0.3|wd1.0,20,,dirichlet0.5,iid,cross,w_WQ_fro,3,2,26.78665542602539,23.240312576293945,
B,,partition,0.3|wd1.0,20,,dirichlet0.5,iid,cross,w_WQ_spec,3,2,26.560962677001953,22.905208587646484,
B,,partition,0.3|wd1.0,20,,dirichlet0.5,iid,cross,w_WQ_stable_rank,3,2,1.0170994997024536,1.031407654285431,
B,,partition,0.3|wd1.0,20,,dirichlet0.5,iid,cross,w_WQ_eff_rank,3,2,2.8881264046425454,2.843818316275538,
B,,partition,0.3|wd1.0,20,,dirichlet0.5,iid,cross,w_WQ_sv_gini,3,2,0.9756452272934706,0.9788585126759439,
B,,partition,0.3|wd1.0,20,,dirichlet0.5,iid,cross,w_WQ_entry_gini,3,2,0.39132383272999505,0.30971414261874564,
B,,partition,0.3|wd1.0,20,,dirichlet0.5,iid,cross,w_WQ_row_gini,3,2,0.26525707424859335,0.1590790028436292,
B,,partition,0.3|wd1.0,20,,dirichlet0.5,iid,cross,w_WQ_row_pr,3,2,0.7449072149114098,0.8862524959745121,
B,,partition,0.3|wd1.0,20,,dirichlet0.5,iid,cross,w_WQ_dist_init,3,2,28.794626235961914,25.697551727294922,
B,,partition,0.3|wd1.0,20,,dirichlet0.5,iid,cross,w_WQ_rel_dist_init,3,2,2.545802405284158,2.261534966835164,
B,,partition,0.3|wd1.0,20,,dirichlet0.5,iid,cross,w_WQ_cos_init,3,2,0.03733393922448158,0.031096069142222404,
B,,partition,0.3|wd1.0,20,,dirichlet0.5,iid,cross,w_WK_fro,3,2,7.204472064971924,7.74446702003479,
B,,partition,0.3|wd1.0,20,,dirichlet0.5,iid,cross,w_WK_spec,3,2,5.009965896606445,5.108964920043945,
B,,partition,0.3|wd1.0,20,,dirichlet0.5,iid,cross,w_WK_stable_rank,3,2,1.93091881275177,2.302313804626465,
B,,partition,0.3|wd1.0,20,,dirichlet0.5,iid,cross,w_WK_eff_rank,3,2,4.597857495029469,4.1425022637436,
B,,partition,0.3|wd1.0,20,,dirichlet0.5,iid,cross,w_WK_sv_gini,3,2,0.9691543646928189,0.9721915432396546,
B,,partition,0.3|wd1.0,20,,dirichlet0.5,iid,cross,w_WK_entry_gini,3,2,0.4525429008346029,0.4380420441320073,
B,,partition,0.3|wd1.0,20,,dirichlet0.5,iid,cross,w_WK_row_gini,3,2,0.028329517450241593,0.046697212815122846,
B,,partition,0.3|wd1.0,20,,dirichlet0.5,iid,cross,w_WK_row_pr,3,2,0.9973761701397698,0.9923270919175196,
B,,partition,0.3|wd1.0,20,,dirichlet0.5,iid,cross,w_WK_dist_init,3,2,13.316069602966309,13.683708667755127,
B,,partition,0.3|wd1.0,20,,dirichlet0.5,iid,cross,w_WK_rel_dist_init,3,2,1.1751365180187625,1.2058142883009841,
B,,partition,0.3|wd1.0,20,,dirichlet0.5,iid,cross,w_WK_cos_init,3,2,0.005749709438532591,0.008870335528627038,
B,,partition,0.3|wd1.0,20,,dirichlet0.5,iid,cross,w_WV_fro,3,2,11.771852493286133,8.280420780181885,
B,,partition,0.3|wd1.0,20,,dirichlet0.5,iid,cross,w_WV_spec,3,2,6.915491580963135,4.401039242744446,
B,,partition,0.3|wd1.0,20,,dirichlet0.5,iid,cross,w_WV_stable_rank,3,2,2.897707462310791,3.563371419906616,
B,,partition,0.3|wd1.0,20,,dirichlet0.5,iid,cross,w_WV_eff_rank,3,2,27.04992971696725,39.00068999666213,
B,,partition,0.3|wd1.0,20,,dirichlet0.5,iid,cross,w_WV_sv_gini,3,2,0.8096791081669259,0.753021009602698,
B,,partition,0.3|wd1.0,20,,dirichlet0.5,iid,cross,w_WV_entry_gini,3,2,0.4484109363311253,0.4406628131617031,
B,,partition,0.3|wd1.0,20,,dirichlet0.5,iid,cross,w_WV_row_gini,3,2,0.07664866650896962,0.062284574401734294,
B,,partition,0.3|wd1.0,20,,dirichlet0.5,iid,cross,w_WV_row_pr,3,2,0.9818202289175907,0.9875013681293938,
B,,partition,0.3|wd1.0,20,,dirichlet0.5,iid,cross,w_WV_dist_init,3,2,15.955219268798828,13.835497379302979,
B,,partition,0.3|wd1.0,20,,dirichlet0.5,iid,cross,w_WV_rel_dist_init,3,2,1.3984996747473002,1.2178130546447932,
B,,partition,0.3|wd1.0,20,,dirichlet0.5,iid,cross,w_WV_cos_init,3,2,0.03502418100833893,0.0347127728164196,
B,,partition,0.3|wd1.0,20,,dirichlet0.5,iid,cross,w_WO_fro,3,2,13.256298065185547,10.25358772277832,
B,,partition,0.3|wd1.0,20,,dirichlet0.5,iid,cross,w_WO_spec,3,2,7.370463848114014,4.977801084518433,
B,,partition,0.3|wd1.0,20,,dirichlet0.5,iid,cross,w_WO_stable_rank,3,2,3.2593021392822266,4.310415506362915,
B,,partition,0.3|wd1.0,20,,dirichlet0.5,iid,cross,w_WO_eff_rank,3,2,22.95229153497892,31.22525168965236,
B,,partition,0.3|wd1.0,20,,dirichlet0.5,iid,cross,w_WO_sv_gini,3,2,0.8237935739252773,0.7868089656271696,
B,,partition,0.3|wd1.0,20,,dirichlet0.5,iid,cross,w_WO_entry_gini,3,2,0.4045868687642109,0.4018830389842989,
B,,partition,0.3|wd1.0,20,,dirichlet0.5,iid,cross,w_WO_row_gini,3,2,0.10828746176938386,0.1308404003477911,
B,,partition,0.3|wd1.0,20,,dirichlet0.5,iid,cross,w_WO_row_pr,3,2,0.965479327708662,0.9463568235177553,
B,,partition,0.3|wd1.0,20,,dirichlet0.5,iid,cross,w_WO_dist_init,3,2,16.654638290405273,14.710617065429688,
B,,partition,0.3|wd1.0,20,,dirichlet0.5,iid,cross,w_WO_rel_dist_init,3,2,1.4642730504110133,1.293580100533831,
B,,partition,0.3|wd1.0,20,,dirichlet0.5,iid,cross,w_WO_cos_init,3,2,0.09192468971014023,0.0788540318608284,
B,,partition,0.3|wd1.0,20,,dirichlet0.5,iid,cross,w_Win_fro,3,2,22.61858367919922,25.573248863220215,
B,,partition,0.3|wd1.0,20,,dirichlet0.5,iid,cross,w_Win_spec,3,2,12.135458946228027,12.872290134429932,
B,,partition,0.3|wd1.0,20,,dirichlet0.5,iid,cross,w_Win_stable_rank,3,2,3.671680212020874,3.9475080966949463,
B,,partition,0.3|wd1.0,20,,dirichlet0.5,iid,cross,w_Win_eff_rank,3,2,29.720230265251512,37.90141812416282,
B,,partition,0.3|wd1.0,20,,dirichlet0.5,iid,cross,w_Win_sv_gini,3,2,0.7787378203046786,0.7249147907485606,
B,,partition,0.3|wd1.0,20,,dirichlet0.5,iid,cross,w_Win_entry_gini,3,2,0.44519871028275904,0.43899353108807027,
B,,partition,0.3|wd1.0,20,,dirichlet0.5,iid,cross,w_Win_row_gini,3,2,0.13654874406215534,0.14293465411154715,
B,,partition,0.3|wd1.0,20,,dirichlet0.5,iid,cross,w_Win_row_pr,3,2,0.943669939333514,0.9340555555536456,
B,,partition,0.3|wd1.0,20,,dirichlet0.5,iid,cross,w_Win_dist_init,3,2,31.017841339111328,32.8167667388916,
B,,partition,0.3|wd1.0,20,,dirichlet0.5,iid,cross,w_Win_rel_dist_init,3,2,1.3751664068789937,1.4470223968046287,
B,,partition,0.3|wd1.0,20,,dirichlet0.5,iid,cross,w_Win_cos_init,3,2,0.05846509337425232,0.08304953202605247,
B,,partition,0.3|wd1.0,20,,dirichlet0.5,iid,cross,w_Wout_fro,3,2,13.08991813659668,17.119461059570312,
B,,partition,0.3|wd1.0,20,,dirichlet0.5,iid,cross,w_Wout_spec,3,2,5.817428112030029,8.587929248809814,
B,,partition,0.3|wd1.0,20,,dirichlet0.5,iid,cross,w_Wout_stable_rank,3,2,4.588008403778076,4.024574637413025,
B,,partition,0.3|wd1.0,20,,dirichlet0.5,iid,cross,w_Wout_eff_rank,3,2,43.19223826236129,42.000318790896245,
B,,partition,0.3|wd1.0,20,,dirichlet0.5,iid,cross,w_Wout_sv_gini,3,2,0.7377834955049805,0.7236356011132845,
B,,partition,0.3|wd1.0,20,,dirichlet0.5,iid,cross,w_Wout_entry_gini,3,2,0.4673259850642788,0.5049503498551473,
B,,partition,0.3|wd1.0,20,,dirichlet0.5,iid,cross,w_Wout_row_gini,3,2,0.16490703914400218,0.18279382697387858,
B,,partition,0.3|wd1.0,20,,dirichlet0.5,iid,cross,w_Wout_row_pr,3,2,0.9044930766079072,0.8889036377036597,
B,,partition,0.3|wd1.0,20,,dirichlet0.5,iid,cross,w_Wout_dist_init,3,2,17.237045288085938,20.268264770507812,
B,,partition,0.3|wd1.0,20,,dirichlet0.5,iid,cross,w_Wout_rel_dist_init,3,2,1.5208301884887327,1.7898119376450259,
B,,partition,0.3|wd1.0,20,,dirichlet0.5,iid,cross,w_Wout_cos_init,3,2,0.009462825953960419,0.0270774457603693,
B,,partition,0.3|wd1.0,20,,dirichlet0.5,iid,cross,rep_dead_frac_te,3,2,0.0,0.0,
B,,partition,0.3|wd1.0,20,,dirichlet0.5,iid,cross,attn_to_a_mean,3,2,0.49904218316078186,0.507996678352356,
B,,partition,0.3|wd1.0,20,,dirichlet0.5,iid,cross,attn_to_a_head_spread,3,2,0.003933898638933897,0.013348991516977549,
B,,partition,0.3|wd1.0,20,,dirichlet0.5,iid,cross,attn_entropy_mean,3,2,0.3504500687122345,0.4404976963996887,
B,,partition,0.3|wd1.0,20,,dirichlet0.5,iid,cross,unit_fourier_sum_share,3,2,0.9351146228721959,0.8956955129912378,
B,,partition,0.3|wd1.0,20,,dirichlet0.5,iid,cross,unit_fourier_diff_share,3,2,0.013514793906411166,0.04129452397531092,
B,,partition,0.3|wd1.0,20,,dirichlet0.5,iid,cross,unit_fourier_marginal_share,3,2,0.027976556019144866,0.044512009373944596,
B,,partition,0.3|wd1.0,20,,dirichlet0.5,iid,cross,unit_fourier_other_share,3,2,0.014426151257859288,0.01849795365950674,
B,,partition,0.3|wd1.0,20,,dirichlet0.5,iid,cross,unit_sum_freq_concentration,3,2,0.7822365282940932,0.7985026589557311,
B,,partition,0.3|wd1.0,20,,dirichlet0.5,iid,cross,unit_n_distinct_sum_freqs,3,2,2.0,2.0,
B,,partition,0.3|wd1.0,20,,dirichlet0.5,iid,cross,fout_ipr,3,2,0.39976945014252085,0.19213627414712753,
B,,partition,0.3|wd1.0,20,,dirichlet0.5,iid,cross,fout_dc_share,3,2,0.7661218480108974,0.42016278625116477,
B,,partition,0.3|wd1.0,20,,dirichlet0.5,iid,cross,fout_top1_share,3,2,0.11156056826109355,0.17342130284283894,
B,,partition,0.3|wd1.0,20,,dirichlet0.5,iid,cross,fout_nfreq90,3,2,37.0,39.5,
B,,partition,0.3|wd1.0,20,,dirichlet0.5,iid,cross,fout_freq_gini,3,2,0.5347891283543067,0.5400356740899149,
B,,partition,0.3|wd1.0,20,,dirichlet0.5,iid,cross,fout_freq_eff_n,3,2,32.73976889367026,27.068192117483008,
B,,partition,0.3|wd1.0,20,,dirichlet0.5,iid,cross,clock_share,3,2,0.44711829566738615,0.5825310603895768,
B,,partition,0.3|wd1.0,20,,dirichlet0.5,iid,cross,clock_nfreq90,3,2,5.0,2.5,
B,,partition,0.3|wd1.0,20,,dirichlet0.5,iid,cross,clock_top1_share,3,2,0.2907787172257242,0.7046404220667413,
B,,partition,0.3|wd1.0,20,,dirichlet0.5,iid,cross,clock_freq_gini,3,2,0.9135498473102099,0.9647100886683248,
B,,partition,0.3|wd1.0,20,,dirichlet0.5,iid,cross,clock_key_jaccard_final,3,2,0.8,0.475,
B,,partition,0.3|wd1.0,20,,dirichlet0.5,iid,cross,clock_restricted_loss_tr,3,2,0.42632627487182617,0.4036112353205681,
B,,partition,0.3|wd1.0,20,,dirichlet0.5,iid,cross,clock_restricted_acc_tr,3,2,100.0,100.0,
B,,partition,0.3|wd1.0,20,,dirichlet0.5,iid,cross,clock_excluded_loss_tr,3,2,4.252631664276123,19.802473068237305,
B,,partition,0.3|wd1.0,20,,dirichlet0.5,iid,cross,clock_excluded_acc_tr,3,2,11.12271499633789,0.20887728035449982,
B,,partition,0.3|wd1.0,20,,dirichlet0.5,iid,cross,clock_restricted_loss_te,3,2,0.4263262450695038,0.4036112129688263,
B,,partition,0.3|wd1.0,20,,dirichlet0.5,iid,cross,clock_restricted_acc_te,3,2,100.0,100.0,
B,,partition,0.3|wd1.0,20,,dirichlet0.5,iid,cross,clock_excluded_loss_te,3,2,4.722570896148682,20.550415992736816,
B,,partition,0.3|wd1.0,20,,dirichlet0.5,iid,cross,clock_excluded_acc_te,3,2,10.057053565979004,0.14543014764785767,
B,,partition,0.3|wd1.0,20,,dirichlet0.5,iid,cross,fin_ipr,3,2,0.1871635531375119,0.13838790893047276,
B,,partition,0.3|wd1.0,20,,dirichlet0.5,iid,cross,fin_dc_share,3,2,0.08814782401495201,0.08449132689474922,
B,,partition,0.3|wd1.0,20,,dirichlet0.5,iid,cross,fin_top1_share,3,2,0.4424209532467577,0.36380041699422916,
B,,partition,0.3|wd1.0,20,,dirichlet0.5,iid,cross,fin_nfreq90,3,2,8.0,23.5,
B,,partition,0.3|wd1.0,20,,dirichlet0.5,iid,cross,fin_freq_gini,3,2,0.8593306858862899,0.7269354884727764,
B,,partition,0.3|wd1.0,20,,dirichlet0.5,iid,cross,fin_freq_eff_n,3,2,5.689807328580815,11.753669759625787,
B,,partition,0.3|wd1.0,20,,dirichlet0.5,iid,end,fn_loss_tr,3,3,0.02772270143032074,0.006474378984421492,1.0
B,,partition,0.3|wd1.0,20,,dirichlet0.5,iid,end,fn_acc_tr,3,3,99.9477767944336,100.0,-0.6666666666666667
B,,partition,0.3|wd1.0,20,,dirichlet0.5,iid,end,fn_margin_tr,3,3,5.139408111572266,6.674739360809326,-1.0
B,,partition,0.3|wd1.0,20,,dirichlet0.5,iid,end,fn_entropy_tr,3,3,0.13788552582263947,0.035840339958667755,1.0
B,,partition,0.3|wd1.0,20,,dirichlet0.5,iid,end,fn_loss_te,3,3,0.07161813229322433,0.023119211196899414,1.0
B,,partition,0.3|wd1.0,20,,dirichlet0.5,iid,end,fn_acc_te,3,3,98.94843292236328,99.83219909667969,-0.7777777777777778
B,,partition,0.3|wd1.0,20,,dirichlet0.5,iid,end,fn_margin_te,3,3,4.5901336669921875,6.043911933898926,-1.0
B,,partition,0.3|wd1.0,20,,dirichlet0.5,iid,end,fn_entropy_te,3,3,0.23058800399303436,0.07624761015176773,1.0
B,,partition,0.3|wd1.0,20,,dirichlet0.5,iid,end,fn_gap_loss,3,3,0.043895430862903595,0.014471804723143578,0.5555555555555556
B,,partition,0.3|wd1.0,20,,dirichlet0.5,iid,end,fn_gap_acc,3,3,0.9993438720703125,0.1678009033203125,0.7777777777777777
B,,partition,0.3|wd1.0,20,,dirichlet0.5,iid,end,fn_class_acc_gini,3,3,0.008803451063809753,0.0015468917073930832,0.7777777777777777
B,,partition,0.3|wd1.0,20,,dirichlet0.5,iid,end,w_all_norm,3,3,42.47761624134505,39.423628223773065,0.33333333333333326
B,,partition,0.3|wd1.0,20,,dirichlet0.5,iid,end,w_all_rel_norm,3,3,1.1452968623392386,1.0629541321287244,0.33333333333333326
B,,partition,0.3|wd1.0,20,,dirichlet0.5,iid,end,w_all_dist_init,3,3,56.38530282643197,54.139597324238395,0.33333333333333326
B,,partition,0.3|wd1.0,20,,dirichlet0.5,iid,end,w_all_rel_dist_init,3,3,1.5202809414315541,1.4597314169293567,0.33333333333333326
B,,partition,0.3|wd1.0,20,,dirichlet0.5,iid,end,w_all_cos_init,3,3,0.0001967704837544596,0.001510932687159858,-0.5555555555555556
B,,partition,0.3|wd1.0,20,,dirichlet0.5,iid,end,rep_between_within_tr,3,3,23.87415929822813,26.26434772018131,-0.33333333333333337
B,,partition,0.3|wd1.0,20,,dirichlet0.5,iid,end,rep_nc1_tr,3,3,292.41255851163845,327.7579441883015,-0.33333333333333337
B,,partition,0.3|wd1.0,20,,dirichlet0.5,iid,end,rep_eff_rank_te,3,3,14.575853392069,12.120783328623265,1.0
B,,partition,0.3|wd1.0,20,,dirichlet0.5,iid,end,rep_pr_te,3,3,3.6995250386577205,5.210871498608994,-0.7777777777777778
B,,partition,0.3|wd1.0,20,,dirichlet0.5,iid,end,rep_unit_gini_te,3,3,0.31258821962320704,0.2803358462049139,0.11111111111111116
B,,partition,0.3|wd1.0,20,,dirichlet0.5,iid,end,rep_unit_pr_te,3,3,0.7639198331615927,0.7836511374394308,-0.33333333333333337
B,,partition,0.3|wd1.0,20,,dirichlet0.5,iid,end,rep_between_within_te,3,3,19.755463710943268,23.097054681137863,-0.33333333333333337
B,,partition,0.3|wd1.0,20,,dirichlet0.5,iid,end,unit_interaction_share,3,3,0.9841912916649046,0.9167912328564916,0.5555555555555556
B,,partition,0.3|wd1.0,20,,dirichlet0.5,iid,end,unit_frac_interacting,3,3,0.953125,0.908203125,0.33333333333333326
B,,partition,0.3|wd1.0,20,,dirichlet0.5,iid,end,add_share_a,3,3,0.005024244720056407,0.005488228989095894,-1.0
B,,partition,0.3|wd1.0,20,,dirichlet0.5,iid,end,add_share_b,3,3,0.005294207557021279,0.004503544158202592,0.7777777777777777
B,,partition,0.3|wd1.0,20,,dirichlet0.5,iid,end,add_share_interaction,3,3,0.866038261577295,0.8594900968205715,-0.11111111111111116
B,,partition,0.3|wd1.0,20,,dirichlet0.5,iid,end,add_acc_interaction_tr,3,3,92.58485412597656,80.93994903564453,0.33333333333333326
B,,partition,0.3|wd1.0,20,,dirichlet0.5,iid,end,add_acc_additive_tr,3,3,0.8616187572479248,0.9399477243423462,-0.6666666666666667
B,,partition,0.3|wd1.0,20,,dirichlet0.5,iid,end,add_acc_no_a_tr,3,3,99.92166900634766,99.97388458251953,-0.4444444444444444
B,,partition,0.3|wd1.0,20,,dirichlet0.5,iid,end,add_acc_no_b_tr,3,3,99.9477767944336,100.0,-0.5555555555555556
B,,partition,0.3|wd1.0,20,,dirichlet0.5,iid,end,add_acc_interaction_te,3,3,90.09956359863281,77.33527374267578,0.33333333333333326
B,,partition,0.3|wd1.0,20,,dirichlet0.5,iid,end,add_acc_additive_te,3,3,0.9173285961151123,0.7718984484672546,0.11111111111111116
B,,partition,0.3|wd1.0,20,,dirichlet0.5,iid,end,add_acc_no_a_te,3,3,99.09385681152344,99.7874526977539,-0.5555555555555556
B,,partition,0.3|wd1.0,20,,dirichlet0.5,iid,end,add_acc_no_b_te,3,3,99.12742614746094,99.82101440429688,-0.5555555555555556
B,,partition,0.3|wd1.0,20,,dirichlet0.5,iid,end,sharp_lambda_max,3,3,46.604862213134766,19.38092613220215,1.0
B,,partition,0.3|wd1.0,20,,dirichlet0.5,iid,end,sharp_grad_norm,3,3,0.5067864060401917,0.2293625771999359,1.0
B,,partition,0.3|wd1.0,20,,dirichlet0.5,iid,end,sharp_lr_lambda,3,3,0.046604862213134764,0.019380926132202148,1.0
B,,partition,0.3|wd1.0,20,,dirichlet0.5,iid,end,w_WE_fro,3,3,12.647663116455078,12.372218132019043,0.11111111111111116
B,,partition,0.3|wd1.0,20,,dirichlet0.5,iid,end,w_WE_spec,3,3,6.136749267578125,5.87227725982666,0.33333333333333326
B,,partition,0.3|wd1.0,20,,dirichlet0.5,iid,end,w_WE_stable_rank,3,3,3.739572048187256,4.482262134552002,-1.0
B,,partition,0.3|wd1.0,20,,dirichlet0.5,iid,end,w_WE_eff_rank,3,3,52.821318264657194,48.6423967704336,0.5555555555555556
B,,partition,0.3|wd1.0,20,,dirichlet0.5,iid,end,w_WE_sv_gini,3,3,0.6111001028601168,0.637587597070252,-0.5555555555555556
B,,partition,0.3|wd1.0,20,,dirichlet0.5,iid,end,w_WE_entry_gini,3,3,0.44459440002274375,0.4505660941535905,-0.33333333333333337
B,,partition,0.3|wd1.0,20,,dirichlet0.5,iid,end,w_WE_row_gini,3,3,0.032602897563758004,0.030025505969912603,0.5555555555555556
B,,partition,0.3|wd1.0,20,,dirichlet0.5,iid,end,w_WE_row_pr,3,3,0.9966939889596078,0.9971153151981669,-0.5555555555555556
B,,partition,0.3|wd1.0,20,,dirichlet0.5,iid,end,w_WE_dist_init,3,3,16.470304489135742,16.305269241333008,0.11111111111111116
B,,partition,0.3|wd1.0,20,,dirichlet0.5,iid,end,w_WE_rel_dist_init,3,3,1.5450910090312995,1.5296089347489776,0.11111111111111116
B,,partition,0.3|wd1.0,20,,dirichlet0.5,iid,end,w_WE_cos_init,3,3,0.001524684950709343,0.003186638932675123,0.11111111111111116
B,,partition,0.3|wd1.0,20,,dirichlet0.5,iid,end,w_WU_fro,3,3,15.327557563781738,14.652510643005371,0.33333333333333326
B,,partition,0.3|wd1.0,20,,dirichlet0.5,iid,end,w_WU_spec,3,3,13.538294792175293,9.214673042297363,0.33333333333333326
B,,partition,0.3|wd1.0,20,,dirichlet0.5,iid,end,w_WU_stable_rank,3,3,1.2886874675750732,2.245058298110962,-1.0
B,,partition,0.3|wd1.0,20,,dirichlet0.5,iid,end,w_WU_eff_rank,3,3,48.78398971936991,56.60137280703794,-0.7777777777777778
B,,partition,0.3|wd1.0,20,,dirichlet0.5,iid,end,w_WU_sv_gini,3,3,0.5993862219161132,0.5820768730702564,0.33333333333333326
B,,partition,0.3|wd1.0,20,,dirichlet0.5,iid,end,w_WU_entry_gini,3,3,0.40036426802512404,0.43652085682237995,-1.0
B,,partition,0.3|wd1.0,20,,dirichlet0.5,iid,end,w_WU_row_gini,3,3,0.03498878569360486,0.07338542751828392,-1.0
B,,partition,0.3|wd1.0,20,,dirichlet0.5,iid,end,w_WU_row_pr,3,3,0.9962398204428722,0.9836312763338108,1.0
B,,partition,0.3|wd1.0,20,,dirichlet0.5,iid,end,w_WU_dist_init,3,3,18.624671936035156,18.167388916015625,0.33333333333333326
B,,partition,0.3|wd1.0,20,,dirichlet0.5,iid,end,w_WU_rel_dist_init,3,3,1.749233980636005,1.7023325757238619,0.33333333333333326
B,,partition,0.3|wd1.0,20,,dirichlet0.5,iid,end,w_WU_cos_init,3,3,0.004354412667453289,-0.00038441436481662095,0.33333333333333326
B,,partition,0.3|wd1.0,20,,dirichlet0.5,iid,end,w_WQ_fro,3,3,18.205547332763672,14.523807525634766,0.7777777777777777
B,,partition,0.3|wd1.0,20,,dirichlet0.5,iid,end,w_WQ_spec,3,3,17.819480895996094,14.095117568969727,0.7777777777777777
B,,partition,0.3|wd1.0,20,,dirichlet0.5,iid,end,w_WQ_stable_rank,3,3,1.0766332149505615,1.0618900060653687,0.11111111111111116
B,,partition,0.3|wd1.0,20,,dirichlet0.5,iid,end,w_WQ_eff_rank,3,3,4.651357113307884,3.867595173439636,0.7777777777777777
B,,partition,0.3|wd1.0,20,,dirichlet0.5,iid,end,w_WQ_sv_gini,3,3,0.9657684237063271,0.973784893338431,-0.7777777777777778
B,,partition,0.3|wd1.0,20,,dirichlet0.5,iid,end,w_WQ_entry_gini,3,3,0.38425451404266986,0.26803766651340033,0.7777777777777777
B,,partition,0.3|wd1.0,20,,dirichlet0.5,iid,end,w_WQ_row_gini,3,3,0.19948717888544953,0.10172597853454546,0.5555555555555556
B,,partition,0.3|wd1.0,20,,dirichlet0.5,iid,end,w_WQ_row_pr,3,3,0.867837224154304,0.9584102068391549,-0.5555555555555556
B,,partition,0.3|wd1.0,20,,dirichlet0.5,iid,end,w_WQ_dist_init,3,3,21.449129104614258,18.344953536987305,0.7777777777777777
B,,partition,0.3|wd1.0,20,,dirichlet0.5,iid,end,w_WQ_rel_dist_init,3,3,1.8963692745412457,1.6228991867819802,0.7777777777777777
B,,partition,0.3|wd1.0,20,,dirichlet0.5,iid,end,w_WQ_cos_init,3,3,-0.005024823360145092,0.0034819196444004774,-0.33333333333333337
B,,partition,0.3|wd1.0,20,,dirichlet0.5,iid,end,w_WK_fro,3,3,7.697983264923096,7.872049808502197,-0.33333333333333337
B,,partition,0.3|wd1.0,20,,dirichlet0.5,iid,end,w_WK_spec,3,3,5.0063557624816895,4.965872287750244,0.33333333333333326
B,,partition,0.3|wd1.0,20,,dirichlet0.5,iid,end,w_WK_stable_rank,3,3,2.3495900630950928,2.5129754543304443,-0.5555555555555556
B,,partition,0.3|wd1.0,20,,dirichlet0.5,iid,end,w_WK_eff_rank,3,3,5.1570954963613165,4.8911312503811075,0.5555555555555556
B,,partition,0.3|wd1.0,20,,dirichlet0.5,iid,end,w_WK_sv_gini,3,3,0.9676030663458446,0.9692312258614613,-0.5555555555555556
B,,partition,0.3|wd1.0,20,,dirichlet0.5,iid,end,w_WK_entry_gini,3,3,0.4311658313051272,0.43210598152027213,-0.11111111111111116
B,,partition,0.3|wd1.0,20,,dirichlet0.5,iid,end,w_WK_row_gini,3,3,0.06361335934016643,0.06257600800184582,0.33333333333333326
B,,partition,0.3|wd1.0,20,,dirichlet0.5,iid,end,w_WK_row_pr,3,3,0.9845996462100187,0.9835495263624189,-0.11111111111111116
B,,partition,0.3|wd1.0,20,,dirichlet0.5,iid,end,w_WK_dist_init,3,3,13.656110763549805,13.83444881439209,-0.33333333333333337
B,,partition,0.3|wd1.0,20,,dirichlet0.5,iid,end,w_WK_rel_dist_init,3,3,1.2113692566113432,1.2173574634068236,-0.33333333333333337
B,,partition,0.3|wd1.0,20,,dirichlet0.5,iid,end,w_WK_cos_init,3,3,-0.0008264876087196171,-0.0019941211212426424,0.33333333333333326
B,,partition,0.3|wd1.0,20,,dirichlet0.5,iid,end,w_WV_fro,3,3,9.24142074584961,6.788741588592529,1.0
B,,partition,0.3|wd1.0,20,,dirichlet0.5,iid,end,w_WV_spec,3,3,5.115522861480713,3.5485808849334717,1.0
B,,partition,0.3|wd1.0,20,,dirichlet0.5,iid,end,w_WV_stable_rank,3,3,3.2636771202087402,3.6599647998809814,-0.5555555555555556
B,,partition,0.3|wd1.0,20,,dirichlet0.5,iid,end,w_WV_eff_rank,3,3,24.15810969881583,20.261313068651177,0.33333333333333326
B,,partition,0.3|wd1.0,20,,dirichlet0.5,iid,end,w_WV_sv_gini,3,3,0.8475476076576918,0.8706669564925178,-0.33333333333333337
B,,partition,0.3|wd1.0,20,,dirichlet0.5,iid,end,w_WV_entry_gini,3,3,0.4304644422282873,0.41651841617601537,1.0
B,,partition,0.3|wd1.0,20,,dirichlet0.5,iid,end,w_WV_row_gini,3,3,0.08894191954449515,0.06263855710508826,1.0
B,,partition,0.3|wd1.0,20,,dirichlet0.5,iid,end,w_WV_row_pr,3,3,0.9754792159374938,0.9877425343301096,-1.0
B,,partition,0.3|wd1.0,20,,dirichlet0.5,iid,end,w_WV_dist_init,3,3,14.663989067077637,13.257672309875488,1.0
B,,partition,0.3|wd1.0,20,,dirichlet0.5,iid,end,w_WV_rel_dist_init,3,3,1.2899068065972852,1.1662012071830334,1.0
B,,partition,0.3|wd1.0,20,,dirichlet0.5,iid,end,w_WV_cos_init,3,3,-0.0018632163992151618,0.0021209032274782658,-0.11111111111111116
B,,partition,0.3|wd1.0,20,,dirichlet0.5,iid,end,w_WO_fro,3,3,10.243027687072754,7.576381206512451,1.0
B,,partition,0.3|wd1.0,20,,dirichlet0.5,iid,end,w_WO_spec,3,3,5.461554527282715,4.242810249328613,1.0
B,,partition,0.3|wd1.0,20,,dirichlet0.5,iid,end,w_WO_stable_rank,3,3,3.517489433288574,3.4142143726348877,-0.11111111111111116
B,,partition,0.3|wd1.0,20,,dirichlet0.5,iid,end,w_WO_eff_rank,3,3,17.456711321191253,15.116383724445965,0.5555555555555556
B,,partition,0.3|wd1.0,20,,dirichlet0.5,iid,end,w_WO_sv_gini,3,3,0.8787825604419899,0.8918283896622126,-0.33333333333333337
B,,partition,0.3|wd1.0,20,,dirichlet0.5,iid,end,w_WO_entry_gini,3,3,0.40297143288363313,0.3755892426920553,1.0
B,,partition,0.3|wd1.0,20,,dirichlet0.5,iid,end,w_WO_row_gini,3,3,0.12391019253544266,0.10476482143210353,0.5555555555555556
B,,partition,0.3|wd1.0,20,,dirichlet0.5,iid,end,w_WO_row_pr,3,3,0.9487680058331358,0.964247588224416,-0.7777777777777778
B,,partition,0.3|wd1.0,20,,dirichlet0.5,iid,end,w_WO_dist_init,3,3,15.176441192626953,13.633291244506836,1.0
B,,partition,0.3|wd1.0,20,,dirichlet0.5,iid,end,w_WO_rel_dist_init,3,3,1.3389971723436598,1.1986367166698766,1.0
B,,partition,0.3|wd1.0,20,,dirichlet0.5,iid,end,w_WO_cos_init,3,3,-0.0050340574234724045,0.004985480103641748,-0.33333333333333337
B,,partition,0.3|wd1.0,20,,dirichlet0.5,iid,end,w_Win_fro,3,3,24.602811813354492,22.236839294433594,0.33333333333333326
B,,partition,0.3|wd1.0,20,,dirichlet0.5,iid,end,w_Win_spec,3,3,13.468927383422852,12.086063385009766,0.11111111111111116
B,,partition,0.3|wd1.0,20,,dirichlet0.5,iid,end,w_Win_stable_rank,3,3,3.6741130352020264,3.7807836532592773,-0.5555555555555556
B,,partition,0.3|wd1.0,20,,dirichlet0.5,iid,end,w_Win_eff_rank,3,3,21.439047146377845,16.52187814944519,1.0
B,,partition,0.3|wd1.0,20,,dirichlet0.5,iid,end,w_Win_sv_gini,3,3,0.865564747570885,0.8912464459939278,-1.0
B,,partition,0.3|wd1.0,20,,dirichlet0.5,iid,end,w_Win_entry_gini,3,3,0.42395516902793906,0.39450744658096126,1.0
B,,partition,0.3|wd1.0,20,,dirichlet0.5,iid,end,w_Win_row_gini,3,3,0.13362184032825142,0.11298518375977706,0.33333333333333326
B,,partition,0.3|wd1.0,20,,dirichlet0.5,iid,end,w_Win_row_pr,3,3,0.9368628525122196,0.9583887157332173,-0.33333333333333337
B,,partition,0.3|wd1.0,20,,dirichlet0.5,iid,end,w_Win_dist_init,3,3,33.458580017089844,31.75603485107422,0.33333333333333326
B,,partition,0.3|wd1.0,20,,dirichlet0.5,iid,end,w_Win_rel_dist_init,3,3,1.4747204098497784,1.4078939880258925,0.33333333333333326
B,,partition,0.3|wd1.0,20,,dirichlet0.5,iid,end,w_Win_cos_init,3,3,-0.0007888036780059338,0.0012085670605301857,-0.33333333333333337
B,,partition,0.3|wd1.0,20,,dirichlet0.5,iid,end,w_Wout_fro,3,3,16.657318115234375,18.499406814575195,-0.7777777777777778
B,,partition,0.3|wd1.0,20,,dirichlet0.5,iid,end,w_Wout_spec,3,3,6.574704647064209,9.593364715576172,-1.0
B,,partition,0.3|wd1.0,20,,dirichlet0.5,iid,end,w_Wout_stable_rank,3,3,6.413327693939209,4.493380069732666,1.0
B,,partition,0.3|wd1.0,20,,dirichlet0.5,iid,end,w_Wout_eff_rank,3,3,26.916525649815107,19.4069617977046,1.0
B,,partition,0.3|wd1.0,20,,dirichlet0.5,iid,end,w_Wout_sv_gini,3,3,0.8417379719256497,0.8859674947464884,-1.0
B,,partition,0.3|wd1.0,20,,dirichlet0.5,iid,end,w_Wout_entry_gini,3,3,0.46395229146204753,0.4762170518168394,-1.0
B,,partition,0.3|wd1.0,20,,dirichlet0.5,iid,end,w_Wout_row_gini,3,3,0.13667629314293328,0.14206262055351804,-0.33333333333333337
B,,partition,0.3|wd1.0,20,,dirichlet0.5,iid,end,w_Wout_row_pr,3,3,0.9271439925074763,0.9398336284404545,0.11111111111111116
B,,partition,0.3|wd1.0,20,,dirichlet0.5,iid,end,w_Wout_dist_init,3,3,20.16048240661621,21.70099449157715,-1.0
B,,partition,0.3|wd1.0,20,,dirichlet0.5,iid,end,w_Wout_rel_dist_init,3,3,1.7787660092574127,1.9146858983905968,-1.0
B,,partition,0.3|wd1.0,20,,dirichlet0.5,iid,end,w_Wout_cos_init,3,3,-0.0013769440120086074,-0.000587012036703527,-0.33333333333333337
B,,partition,0.3|wd1.0,20,,dirichlet0.5,iid,end,rep_dead_frac_te,3,3,0.0,0.0,0.0
B,,partition,0.3|wd1.0,20,,dirichlet0.5,iid,end,attn_to_a_mean,3,3,0.5022481679916382,0.51250821352005,-1.0
B,,partition,0.3|wd1.0,20,,dirichlet0.5,iid,end,attn_to_a_head_spread,3,3,0.011031880974769592,0.01701756753027439,-0.33333333333333337
B,,partition,0.3|wd1.0,20,,dirichlet0.5,iid,end,attn_entropy_mean,3,3,0.40843653678894043,0.44496336579322815,-1.0
B,,partition,0.3|wd1.0,20,,dirichlet0.5,iid,end,unit_fourier_sum_share,3,3,0.9554615572055983,0.8822574769938939,0.7777777777777777
B,,partition,0.3|wd1.0,20,,dirichlet0.5,iid,end,unit_fourier_diff_share,3,3,0.012393743779384956,0.015870917110973413,-1.0
B,,partition,0.3|wd1.0,20,,dirichlet0.5,iid,end,unit_fourier_marginal_share,3,3,0.01580870803796036,0.08320876609953218,-0.5555555555555556
B,,partition,0.3|wd1.0,20,,dirichlet0.5,iid,end,unit_fourier_other_share,3,3,0.01777550555922569,0.01866283979560046,-0.5555555555555556
B,,partition,0.3|wd1.0,20,,dirichlet0.5,iid,end,unit_sum_freq_concentration,3,3,0.7556951752544662,0.740487046477791,0.5555555555555556
B,,partition,0.3|wd1.0,20,,dirichlet0.5,iid,end,unit_n_distinct_sum_freqs,3,3,2.0,2.0,0.0
B,,partition,0.3|wd1.0,20,,dirichlet0.5,iid,end,fout_ipr,3,3,0.4452311250724703,0.24475337187173524,1.0
B,,partition,0.3|wd1.0,20,,dirichlet0.5,iid,end,fout_dc_share,3,3,0.7739451807165397,0.4389622996666684,1.0
B,,partition,0.3|wd1.0,20,,dirichlet0.5,iid,end,fout_top1_share,3,3,0.1723380625388034,0.3877126780964495,-0.5555555555555556
B,,partition,0.3|wd1.0,20,,dirichlet0.5,iid,end,fout_nfreq90,3,3,37.0,28.0,0.6666666666666667
B,,partition,0.3|wd1.0,20,,dirichlet0.5,iid,end,fout_freq_gini,3,3,0.5678023776851879,0.7367132365161955,-0.7777777777777778
B,,partition,0.3|wd1.0,20,,dirichlet0.5,iid,end,fout_freq_eff_n,3,3,28.21572705309732,12.81095323132086,0.7777777777777777
B,,partition,0.3|wd1.0,20,,dirichlet0.5,iid,end,clock_share,3,3,0.548554450858505,0.558588644262995,-0.11111111111111116
B,,partition,0.3|wd1.0,20,,dirichlet0.5,iid,end,clock_nfreq90,3,3,4.0,4.0,0.22222222222222232
B,,partition,0.3|wd1.0,20,,dirichlet0.5,iid,end,clock_top1_share,3,3,0.2838404134875504,0.3890419584425659,0.11111111111111116
B,,partition,0.3|wd1.0,20,,dirichlet0.5,iid,end,clock_freq_gini,3,3,0.9249705424112891,0.9407219542887328,-0.11111111111111116
B,,partition,0.3|wd1.0,20,,dirichlet0.5,iid,end,clock_key_jaccard_final,3,3,1.0,1.0,0.0
B,,partition,0.3|wd1.0,20,,dirichlet0.5,iid,end,clock_restricted_loss_tr,3,3,0.06698435544967651,0.028125286102294922,0.5555555555555556
B,,partition,0.3|wd1.0,20,,dirichlet0.5,iid,end,clock_restricted_acc_tr,3,3,100.0,100.0,0.0
B,,partition,0.3|wd1.0,20,,dirichlet0.5,iid,end,clock_excluded_loss_tr,3,3,5.8243536949157715,12.248488426208496,-1.0
B,,partition,0.3|wd1.0,20,,dirichlet0.5,iid,end,clock_excluded_acc_tr,3,3,3.2114882469177246,0.3133159279823303,1.0
B,,partition,0.3|wd1.0,20,,dirichlet0.5,iid,end,clock_restricted_loss_te,3,3,0.06698436290025711,0.02812528796494007,0.5555555555555556
B,,partition,0.3|wd1.0,20,,dirichlet0.5,iid,end,clock_restricted_acc_te,3,3,100.0,100.0,0.0
B,,partition,0.3|wd1.0,20,,dirichlet0.5,iid,end,clock_excluded_loss_te,3,3,6.206305503845215,12.868581771850586,-1.0
B,,partition,0.3|wd1.0,20,,dirichlet0.5,iid,end,clock_excluded_acc_te,3,3,2.774359703063965,0.15661707520484924,1.0
B,,partition,0.3|wd1.0,20,,dirichlet0.5,iid,end,fin_ipr,3,3,0.17379982508134437,0.1688389197405996,0.33333333333333326
B,,partition,0.3|wd1.0,20,,dirichlet0.5,iid,end,fin_dc_share,3,3,0.07771888012579017,0.08758681335315617,-0.11111111111111116
B,,partition,0.3|wd1.0,20,,dirichlet0.5,iid,end,fin_top1_share,3,3,0.4920390012630328,0.46956735801810806,0.5555555555555556
B,,partition,0.3|wd1.0,20,,dirichlet0.5,iid,end,fin_nfreq90,3,3,10.0,6.0,0.5555555555555556
B,,partition,0.3|wd1.0,20,,dirichlet0.5,iid,end,fin_freq_gini,3,3,0.845279934808701,0.8761091408765909,-0.5555555555555556
B,,partition,0.3|wd1.0,20,,dirichlet0.5,iid,end,fin_freq_eff_n,3,3,6.794944139644777,5.886087672914972,0.5555555555555556
C,,partition,0.4|wd1.0,10,,operand,iid,end,fn_loss_tr,3,3,2.14059141967482e-07,2.6906906214207993e-07,-0.11111111111111116
C,,partition,0.4|wd1.0,10,,operand,iid,end,fn_acc_tr,3,3,100.0,100.0,0.0
C,,partition,0.4|wd1.0,10,,operand,iid,end,fn_margin_tr,3,3,17.04869842529297,18.248077392578125,-0.33333333333333337
C,,partition,0.4|wd1.0,10,,operand,iid,end,fn_entropy_tr,3,3,3.91887533623958e-06,4.530515980150085e-06,-0.11111111111111116
C,,partition,0.4|wd1.0,10,,operand,iid,end,fn_loss_te,3,3,4.3353983869565127e-07,1.6928100876612007e-06,0.11111111111111116
C,,partition,0.4|wd1.0,10,,operand,iid,end,fn_acc_te,3,3,100.0,100.0,0.0
C,,partition,0.4|wd1.0,10,,operand,iid,end,fn_margin_te,3,3,16.566055297851562,17.442520141601562,-0.33333333333333337
C,,partition,0.4|wd1.0,10,,operand,iid,end,fn_entropy_te,3,3,7.026980256341631e-06,2.1635401935782284e-05,0.11111111111111116
C,,partition,0.4|wd1.0,10,,operand,iid,end,fn_gap_loss,3,3,2.1948069672816928e-07,8.973081548901973e-07,-0.11111111111111116
C,,partition,0.4|wd1.0,10,,operand,iid,end,fn_gap_acc,3,3,0.0,0.0,0.0
C,,partition,0.4|wd1.0,10,,operand,iid,end,fn_class_acc_gini,3,3,0.0,0.0,0.0
C,,partition,0.4|wd1.0,10,,operand,iid,end,w_all_norm,3,3,38.19463424978978,40.38817133002498,-1.0
C,,partition,0.4|wd1.0,10,,operand,iid,end,w_all_rel_norm,3,3,0.8467736005738745,0.8954042349000375,-1.0
C,,partition,0.4|wd1.0,10,,operand,iid,end,w_all_dist_init,3,3,59.07924415532742,60.291081439709906,-0.7777777777777778
C,,partition,0.4|wd1.0,10,,operand,iid,end,w_all_rel_dist_init,3,3,1.3097846143889957,1.3356349632851856,-0.7777777777777778
C,,partition,0.4|wd1.0,10,,operand,iid,end,w_all_cos_init,3,3,0.0035113340956968537,0.0042355833426585,-0.5555555555555556
C,,partition,0.4|wd1.0,10,,operand,iid,end,rep_between_within_tr,3,3,0.7148099014910468,1.0014861824977328,-0.5555555555555556
C,,partition,0.4|wd1.0,10,,operand,iid,end,rep_nc1_tr,3,3,267.49275248753054,252.8327275997463,0.11111111111111116
C,,partition,0.4|wd1.0,10,,operand,iid,end,rep_eff_rank_te,3,3,40.29501560686151,40.380929278500304,-0.33333333333333337
C,,partition,0.4|wd1.0,10,,operand,iid,end,rep_pr_te,3,3,28.431113825836448,28.673943299616845,-0.33333333333333337
C,,partition,0.4|wd1.0,10,,operand,iid,end,rep_unit_gini_te,3,3,0.13235249386927705,0.13327154131941588,-0.11111111111111116
C,,partition,0.4|wd1.0,10,,operand,iid,end,rep_unit_pr_te,3,3,0.9440197276165847,0.939106840558753,0.11111111111111116
C,,partition,0.4|wd1.0,10,,operand,iid,end,rep_between_within_te,3,3,0.6995827448263261,0.9651843040375094,-0.5555555555555556
C,,partition,0.4|wd1.0,10,,operand,iid,end,unit_interaction_share,3,3,0.19581349982719842,0.21011746834259284,-0.7777777777777778
C,,partition,0.4|wd1.0,10,,operand,iid,end,unit_frac_interacting,3,3,0.0,0.0,0.0
C,,partition,0.4|wd1.0,10,,operand,iid,end,add_share_a,3,3,0.0017660807124243207,0.002078957037600937,-0.5555555555555556
C,,partition,0.4|wd1.0,10,,operand,iid,end,add_share_b,3,3,0.001699839672020267,0.0023000979796894624,-0.33333333333333337
C,,partition,0.4|wd1.0,10,,operand,iid,end,add_share_interaction,3,3,0.9811461193833225,0.9483276072900996,0.33333333333333326
C,,partition,0.4|wd1.0,10,,operand,iid,end,add_acc_interaction_tr,3,3,100.0,100.0,0.0
C,,partition,0.4|wd1.0,10,,operand,iid,end,add_acc_additive_tr,3,3,1.1111111640930176,1.1979167461395264,-0.4444444444444444
C,,partition,0.4|wd1.0,10,,operand,iid,end,add_acc_no_a_tr,3,3,100.0,100.0,0.0
C,,partition,0.4|wd1.0,10,,operand,iid,end,add_acc_no_b_tr,3,3,100.0,100.0,0.0
C,,partition,0.4|wd1.0,10,,operand,iid,end,add_acc_interaction_te,3,3,100.0,100.0,0.0
C,,partition,0.4|wd1.0,10,,operand,iid,end,add_acc_additive_te,3,3,0.8217592835426331,0.8564814925193787,-0.11111111111111116
C,,partition,0.4|wd1.0,10,,operand,iid,end,add_acc_no_a_te,3,3,100.0,100.0,0.0
C,,partition,0.4|wd1.0,10,,operand,iid,end,add_acc_no_b_te,3,3,100.0,100.0,0.0
C,,partition,0.4|wd1.0,10,,operand,iid,end,irr_out_structure,3,3,0.7401047970715643,0.7671744319121726,-0.33333333333333337
C,,partition,0.4|wd1.0,10,,operand,iid,end,irr_out_dominant_share,3,3,0.5894554714960897,0.6278839793556987,-0.33333333333333337
C,,partition,0.4|wd1.0,10,,operand,iid,end,irr_out_dominant_over_random,3,3,2.9414084851597266,75.34607752268384,-0.7777777777777778
C,,partition,0.4|wd1.0,10,,operand,iid,end,coset_s_nm1_acc_te,3,3,100.0,100.0,0.0
C,,partition,0.4|wd1.0,10,,operand,iid,end,coset_s_nm1_purity_te,3,3,1.0,1.0,0.0
C,,partition,0.4|wd1.0,10,,operand,iid,end,coset_a_n_acc_te,3,3,100.0,100.0,0.0
C,,partition,0.4|wd1.0,10,,operand,iid,end,coset_a_n_purity_te,3,3,1.0,1.0,0.0
C,,partition,0.4|wd1.0,10,,operand,iid,end,sharp_lambda_max,3,3,0.001939881476573646,0.0036801709793508053,-0.11111111111111116
C,,partition,0.4|wd1.0,10,,operand,iid,end,sharp_grad_norm,3,3,1.643486029934138e-05,2.5771467335289344e-05,-0.11111111111111116
C,,partition,0.4|wd1.0,10,,operand,iid,end,sharp_lr_lambda,3,3,1.9398814765736463e-06,3.6801709793508053e-06,-0.11111111111111116
C,,partition,0.4|wd1.0,10,,operand,iid,end,w_WE_fro,3,3,12.241485595703125,17.731035232543945,-1.0
C,,partition,0.4|wd1.0,10,,operand,iid,end,w_WE_spec,3,3,5.311891078948975,6.535337448120117,-1.0
C,,partition,0.4|wd1.0,10,,operand,iid,end,w_WE_stable_rank,3,3,5.340235233306885,7.271437168121338,-0.7777777777777778
C,,partition,0.4|wd1.0,10,,operand,iid,end,w_WE_eff_rank,3,3,33.42622221011814,24.19222581063083,0.7777777777777777
C,,partition,0.4|wd1.0,10,,operand,iid,end,w_WE_sv_gini,3,3,0.7401808264975216,0.8039864256370965,-0.5555555555555556
C,,partition,0.4|wd1.0,10,,operand,iid,end,w_WE_entry_gini,3,3,0.40066016691546724,0.3919604922919393,1.0
C,,partition,0.4|wd1.0,10,,operand,iid,end,w_WE_row_gini,3,3,0.013202528745662745,0.009819520091920442,0.11111111111111116
C,,partition,0.4|wd1.0,10,,operand,iid,end,w_WE_row_pr,3,3,0.9994529533347378,0.9996954115428321,-0.11111111111111116
C,,partition,0.4|wd1.0,10,,operand,iid,end,w_WE_dist_init,3,3,16.506004333496094,20.690410614013672,-1.0
C,,partition,0.4|wd1.0,10,,operand,iid,end,w_WE_rel_dist_init,3,3,1.5025805391346971,1.8834969207074017,-1.0
C,,partition,0.4|wd1.0,10,,operand,iid,end,w_WE_cos_init,3,3,0.0020900487434118986,0.004596014507114887,-0.11111111111111116
C,,partition,0.4|wd1.0,10,,operand,iid,end,w_WU_fro,3,3,9.513049125671387,7.501992702484131,0.5555555555555556
C,,partition,0.4|wd1.0,10,,operand,iid,end,w_WU_spec,3,3,5.512668609619141,6.27762508392334,-0.33333333333333337
C,,partition,0.4|wd1.0,10,,operand,iid,end,w_WU_stable_rank,3,3,2.8230223655700684,1.5880630016326904,0.7777777777777777
C,,partition,0.4|wd1.0,10,,operand,iid,end,w_WU_eff_rank,3,3,68.85025528091637,60.640520390049616,0.11111111111111116
C,,partition,0.4|wd1.0,10,,operand,iid,end,w_WU_sv_gini,3,3,0.5455521133226169,0.5673021762454582,-0.11111111111111116
C,,partition,0.4|wd1.0,10,,operand,iid,end,w_WU_entry_gini,3,3,0.5724302738430362,0.34151377539051286,1.0
C,,partition,0.4|wd1.0,10,,operand,iid,end,w_WU_row_gini,3,3,0.027906001688668525,0.029774837317983804,-0.11111111111111116
C,,partition,0.4|wd1.0,10,,operand,iid,end,w_WU_row_pr,3,3,0.9974845346974713,0.9969947314716453,0.11111111111111116
C,,partition,0.4|wd1.0,10,,operand,iid,end,w_WU_dist_init,3,3,14.551956176757812,13.337489128112793,0.5555555555555556
C,,partition,0.4|wd1.0,10,,operand,iid,end,w_WU_rel_dist_init,3,3,1.3241269096634212,1.2081636175562551,0.5555555555555556
C,,partition,0.4|wd1.0,10,,operand,iid,end,w_WU_cos_init,3,3,0.005914903711527586,0.0015771512407809496,0.33333333333333326
C,,partition,0.4|wd1.0,10,,operand,iid,end,w_WQ_fro,3,3,8.924007415771484,9.089659690856934,-0.11111111111111116
C,,partition,0.4|wd1.0,10,,operand,iid,end,w_WQ_spec,3,3,8.874939918518066,9.076354026794434,-0.11111111111111116
C,,partition,0.4|wd1.0,10,,operand,iid,end,w_WQ_stable_rank,3,3,1.0075225830078125,1.002795696258545,0.7777777777777777
C,,partition,0.4|wd1.0,10,,operand,iid,end,w_WQ_eff_rank,3,3,1.588284440695783,1.373625144474993,0.7777777777777777
C,,partition,0.4|wd1.0,10,,operand,iid,end,w_WQ_sv_gini,3,3,0.9946911657652067,0.9952666432093205,-0.7777777777777778
C,,partition,0.4|wd1.0,10,,operand,iid,end,w_WQ_entry_gini,3,3,0.5425647980155619,0.5359281749535498,-0.11111111111111116
C,,partition,0.4|wd1.0,10,,operand,iid,end,w_WQ_row_gini,3,3,0.017477889282949244,0.01007457849330673,0.33333333333333326
C,,partition,0.4|wd1.0,10,,operand,iid,end,w_WQ_row_pr,3,3,0.9988024312730132,0.9996427461939981,-0.33333333333333337
C,,partition,0.4|wd1.0,10,,operand,iid,end,w_WQ_dist_init,3,3,18.313852310180664,18.445423126220703,-0.33333333333333337
C,,partition,0.4|wd1.0,10,,operand,iid,end,w_WQ_rel_dist_init,3,3,1.1423191770409589,1.1478535062495832,-0.33333333333333337
C,,partition,0.4|wd1.0,10,,operand,iid,end,w_WQ_cos_init,3,3,0.004442073870450258,0.0021116025745868683,0.5555555555555556
C,,partition,0.4|wd1.0,10,,operand,iid,end,w_WK_fro,3,3,8.878660202026367,8.974140167236328,-0.11111111111111116
C,,partition,0.4|wd1.0,10,,operand,iid,end,w_WK_spec,3,3,8.763030052185059,8.95850658416748,-0.11111111111111116
C,,partition,0.4|wd1.0,10,,operand,iid,end,w_WK_stable_rank,3,3,1.026403546333313,1.006083369255066,1.0
C,,partition,0.4|wd1.0,10,,operand,iid,end,w_WK_eff_rank,3,3,1.837178926010015,1.4782244704569854,1.0
C,,partition,0.4|wd1.0,10,,operand,iid,end,w_WK_sv_gini,3,3,0.9941742328980816,0.9950588212152582,-1.0
C,,partition,0.4|wd1.0,10,,operand,iid,end,w_WK_entry_gini,3,3,0.49971762368630523,0.5207641923585578,-0.5555555555555556
C,,partition,0.4|wd1.0,10,,operand,iid,end,w_WK_row_gini,3,3,0.022368205259867047,0.010218540339945736,0.11111111111111116
C,,partition,0.4|wd1.0,10,,operand,iid,end,w_WK_row_pr,3,3,0.9981405875540468,0.999634501962337,-0.11111111111111116
C,,partition,0.4|wd1.0,10,,operand,iid,end,w_WK_dist_init,3,3,18.32988739013672,18.40749168395996,-0.11111111111111116
C,,partition,0.4|wd1.0,10,,operand,iid,end,w_WK_rel_dist_init,3,3,1.1430912972886174,1.1489959290931437,-0.11111111111111116
C,,partition,0.4|wd1.0,10,,operand,iid,end,w_WK_cos_init,3,3,-7.454067235812545e-05,0.0025731378700584173,-0.11111111111111116
C,,partition,0.4|wd1.0,10,,operand,iid,end,w_WV_fro,3,3,15.83297348022461,19.306177139282227,-1.0
C,,partition,0.4|wd1.0,10,,operand,iid,end,w_WV_spec,3,3,6.376242637634277,7.444467067718506,-1.0
C,,partition,0.4|wd1.0,10,,operand,iid,end,w_WV_stable_rank,3,3,5.925652027130127,8.1150541305542,-0.7777777777777778
C,,partition,0.4|wd1.0,10,,operand,iid,end,w_WV_eff_rank,3,3,22.09273910761145,18.109191129218257,0.33333333333333326
C,,partition,0.4|wd1.0,10,,operand,iid,end,w_WV_sv_gini,3,3,0.914507729572678,0.9160993328244864,-0.11111111111111116
C,,partition,0.4|wd1.0,10,,operand,iid,end,w_WV_entry_gini,3,3,0.41334969648518394,0.3981404361849128,0.5555555555555556
C,,partition,0.4|wd1.0,10,,operand,iid,end,w_WV_row_gini,3,3,0.03919776101064154,0.03902705613056656,0.33333333333333326
C,,partition,0.4|wd1.0,10,,operand,iid,end,w_WV_row_pr,3,3,0.9949095491260201,0.9949644574059914,-0.11111111111111116
C,,partition,0.4|wd1.0,10,,operand,iid,end,w_WV_dist_init,3,3,22.49062156677246,24.852161407470703,-1.0
C,,partition,0.4|wd1.0,10,,operand,iid,end,w_WV_rel_dist_init,3,3,1.4078916733350575,1.5519927560831106,-1.0
C,,partition,0.4|wd1.0,10,,operand,iid,end,w_WV_cos_init,3,3,0.0014686512295156717,0.002562993671745062,-0.33333333333333337
C,,partition,0.4|wd1.0,10,,operand,iid,end,w_WO_fro,3,3,16.999526977539062,18.667062759399414,-1.0
C,,partition,0.4|wd1.0,10,,operand,iid,end,w_WO_spec,3,3,6.39704704284668,5.598916053771973,0.7777777777777777
C,,partition,0.4|wd1.0,10,,operand,iid,end,w_WO_stable_rank,3,3,6.84063196182251,12.444005012512207,-1.0
C,,partition,0.4|wd1.0,10,,operand,iid,end,w_WO_eff_rank,3,3,21.719376335504077,22.456970942073728,-0.11111111111111116
C,,partition,0.4|wd1.0,10,,operand,iid,end,w_WO_sv_gini,3,3,0.9069423895019153,0.9111908711685441,0.11111111111111116
C,,partition,0.4|wd1.0,10,,operand,iid,end,w_WO_entry_gini,3,3,0.39612524368470714,0.38972362155816365,0.33333333333333326
C,,partition,0.4|wd1.0,10,,operand,iid,end,w_WO_row_gini,3,3,0.11539521582575119,0.04110110393785393,0.5555555555555556
C,,partition,0.4|wd1.0,10,,operand,iid,end,w_WO_row_pr,3,3,0.9493497929556088,0.9944896117352121,-0.5555555555555556
C,,partition,0.4|wd1.0,10,,operand,iid,end,w_WO_dist_init,3,3,23.32546043395996,24.282882690429688,-0.7777777777777778
C,,partition,0.4|wd1.0,10,,operand,iid,end,w_WO_rel_dist_init,3,3,1.458033946827657,1.5134598193057538,-0.5555555555555556
C,,partition,0.4|wd1.0,10,,operand,iid,end,w_WO_cos_init,3,3,0.002253394341096282,0.013745969161391258,-1.0
C,,partition,0.4|wd1.0,10,,operand,iid,end,w_Win_fro,3,3,17.018932342529297,15.629244804382324,0.33333333333333326
C,,partition,0.4|wd1.0,10,,operand,iid,end,w_Win_spec,3,3,6.588482856750488,4.37559700012207,0.7777777777777777
C,,partition,0.4|wd1.0,10,,operand,iid,end,w_Win_stable_rank,3,3,6.672255992889404,13.561572074890137,-0.7777777777777778
C,,partition,0.4|wd1.0,10,,operand,iid,end,w_Win_eff_rank,3,3,30.163496046169723,30.763717893134547,-0.33333333333333337
C,,partition,0.4|wd1.0,10,,operand,iid,end,w_Win_sv_gini,3,3,0.8970538314118892,0.8826385194708868,0.5555555555555556
C,,partition,0.4|wd1.0,10,,operand,iid,end,w_Win_entry_gini,3,3,0.42571425511812366,0.39584446258067296,0.7777777777777777
C,,partition,0.4|wd1.0,10,,operand,iid,end,w_Win_row_gini,3,3,0.061660911306997246,0.05905041362875951,-0.11111111111111116
C,,partition,0.4|wd1.0,10,,operand,iid,end,w_Win_row_pr,3,3,0.9876855589385886,0.9890815712540377,-0.33333333333333337
C,,partition,0.4|wd1.0,10,,operand,iid,end,w_Win_dist_init,3,3,28.280170440673828,27.45343780517578,0.33333333333333326
C,,partition,0.4|wd1.0,10,,operand,iid,end,w_Win_rel_dist_init,3,3,1.2507546982953004,1.2141905718430768,0.33333333333333326
C,,partition,0.4|wd1.0,10,,operand,iid,end,w_Win_cos_init,3,3,-0.0003712040779646486,0.005384701769798994,-1.0
C,,partition,0.4|wd1.0,10,,operand,iid,end,w_Wout_fro,3,3,16.277128219604492,14.964510917663574,1.0
C,,partition,0.4|wd1.0,10,,operand,iid,end,w_Wout_spec,3,3,4.79815149307251,4.980772495269775,-0.33333333333333337
C,,partition,0.4|wd1.0,10,,operand,iid,end,w_Wout_stable_rank,3,3,11.507960319519043,9.026399612426758,0.33333333333333326
C,,partition,0.4|wd1.0,10,,operand,iid,end,w_Wout_eff_rank,3,3,38.43916147569683,38.25829095825281,0.11111111111111116
C,,partition,0.4|wd1.0,10,,operand,iid,end,w_Wout_sv_gini,3,3,0.8790568897675406,0.878704008792834,0.11111111111111116
C,,partition,0.4|wd1.0,10,,operand,iid,end,w_Wout_entry_gini,3,3,0.5736297750081947,0.5161598036034067,0.5555555555555556
C,,partition,0.4|wd1.0,10,,operand,iid,end,w_Wout_row_gini,3,3,0.055335332847613605,0.06085274283040998,-0.33333333333333337
C,,partition,0.4|wd1.0,10,,operand,iid,end,w_Wout_row_pr,3,3,0.9894823880363124,0.988377456512484,0.33333333333333326
C,,partition,0.4|wd1.0,10,,operand,iid,end,w_Wout_dist_init,3,3,22.759950637817383,21.941287994384766,1.0
C,,partition,0.4|wd1.0,10,,operand,iid,end,w_Wout_rel_dist_init,3,3,1.4222292065719155,1.3720197309429876,1.0
C,,partition,0.4|wd1.0,10,,operand,iid,end,w_Wout_cos_init,3,3,0.005808318965137005,-0.0019010615069419146,0.33333333333333326
C,,partition,0.4|wd1.0,10,,operand,iid,end,rep_dead_frac_te,3,3,0.0,0.0,0.0
C,,partition,0.4|wd1.0,10,,operand,iid,end,attn_to_a_mean,3,3,0.4994538724422455,0.5002286434173584,-0.33333333333333337
C,,partition,0.4|wd1.0,10,,operand,iid,end,attn_to_a_head_spread,3,3,0.569355845451355,0.5714554786682129,-0.5555555555555556
C,,partition,0.4|wd1.0,10,,operand,iid,end,attn_entropy_mean,3,3,0.03390226513147354,0.025967860594391823,1.0
C,,partition,0.4|wd1.0,10,,operand,iid,end,irr_E_structure,3,3,0.7619647812038253,0.7801395284668563,-0.11111111111111116
C,,partition,0.4|wd1.0,10,,operand,iid,end,irr_E_dominant_share,3,3,0.9646923727333631,0.9884728618001897,-0.33333333333333337
C,,partition,0.4|wd1.0,10,,operand,iid,end,irr_E_dominant_over_random,3,3,4.6305233891201425,5.452289632226308,-0.5555555555555556
C,,partition,0.4|wd1.0,10,,operand,iid,end,irr_E_5,3,3,0.013939075137128812,0.0011556786619710757,1.0
C,,partition,0.4|wd1.0,10,,operand,iid,end,irr_E_41,3,3,0.0031949080209005645,0.2682462887913832,-0.11111111111111116
C,,partition,0.4|wd1.0,10,,operand,iid,end,irr_E_32,3,3,0.004436131068183958,0.0008840017739331988,0.7777777777777777
C,,partition,0.4|wd1.0,10,,operand,iid,end,irr_E_311,3,3,0.009646080326923486,0.001879595731111525,0.7777777777777777
C,,partition,0.4|wd1.0,10,,operand,iid,end,irr_E_221,3,3,0.9390194138176572,0.0010148909333946648,0.11111111111111116
C,,partition,0.4|wd1.0,10,,operand,iid,end,irr_E_2111,3,3,0.004567327520009831,0.0018182834672589407,0.11111111111111116
C,,partition,0.4|wd1.0,10,,operand,iid,end,irr_E_11111,3,3,0.00011574072618369256,4.6119574922570316e-05,0.5555555555555556
C,,partition,0.4|wd1.0,10,,dirichlet0.5,iid,end,fn_loss_tr,3,3,4.1185063537341193e-07,2.6906906214207993e-07,0.5555555555555556
C,,partition,0.4|wd1.0,10,,dirichlet0.5,iid,end,fn_acc_tr,3,3,100.0,100.0,0.0
C,,partition,0.4|wd1.0,10,,dirichlet0.5,iid,end,fn_margin_tr,3,3,16.580581665039062,18.248077392578125,-0.5555555555555556
C,,partition,0.4|wd1.0,10,,dirichlet0.5,iid,end,fn_entropy_tr,3,3,6.760183623555349e-06,4.530515980150085e-06,0.5555555555555556
C,,partition,0.4|wd1.0,10,,dirichlet0.5,iid,end,fn_loss_te,3,3,1.1760818097172887e-06,1.6928100876612007e-06,0.11111111111111116
C,,partition,0.4|wd1.0,10,,dirichlet0.5,iid,end,fn_acc_te,3,3,100.0,100.0,-0.33333333333333337
C,,partition,0.4|wd1.0,10,,dirichlet0.5,iid,end,fn_margin_te,3,3,15.9710693359375,17.442520141601562,-0.5555555555555556
C,,partition,0.4|wd1.0,10,,dirichlet0.5,iid,end,fn_entropy_te,3,3,1.6368467186111957e-05,2.1635401935782284e-05,0.11111111111111116
C,,partition,0.4|wd1.0,10,,dirichlet0.5,iid,end,fn_gap_loss,3,3,7.642311743438768e-07,8.973081548901973e-07,0.11111111111111116
C,,partition,0.4|wd1.0,10,,dirichlet0.5,iid,end,fn_gap_acc,3,3,0.0,0.0,0.33333333333333326
C,,partition,0.4|wd1.0,10,,dirichlet0.5,iid,end,fn_class_acc_gini,3,3,0.0,0.0,0.33333333333333326
C,,partition,0.4|wd1.0,10,,dirichlet0.5,iid,end,w_all_norm,3,3,42.58869379485548,40.38817133002498,0.5555555555555556
C,,partition,0.4|wd1.0,10,,dirichlet0.5,iid,end,w_all_rel_norm,3,3,0.9434720213127681,0.8954042349000375,0.5555555555555556
C,,partition,0.4|wd1.0,10,,dirichlet0.5,iid,end,w_all_dist_init,3,3,62.084849331362946,60.291081439709906,0.5555555555555556
C,,partition,0.4|wd1.0,10,,dirichlet0.5,iid,end,w_all_rel_dist_init,3,3,1.3753725008263877,1.3356349632851856,0.5555555555555556
C,,partition,0.4|wd1.0,10,,dirichlet0.5,iid,end,w_all_cos_init,3,3,-0.0006168265283624365,0.0042355833426585,-1.0
C,,partition,0.4|wd1.0,10,,dirichlet0.5,iid,end,rep_between_within_tr,3,3,0.7035135790440109,1.0014861824977328,-0.5555555555555556
C,,partition,0.4|wd1.0,10,,dirichlet0.5,iid,end,rep_nc1_tr,3,3,259.3890304034776,252.8327275997463,0.11111111111111116
C,,partition,0.4|wd1.0,10,,dirichlet0.5,iid,end,rep_eff_rank_te,3,3,37.904238427878475,40.380929278500304,-0.33333333333333337
C,,partition,0.4|wd1.0,10,,dirichlet0.5,iid,end,rep_pr_te,3,3,24.225942851651972,28.673943299616845,-0.5555555555555556
C,,partition,0.4|wd1.0,10,,dirichlet0.5,iid,end,rep_unit_gini_te,3,3,0.35799502485576173,0.13327154131941588,0.7777777777777777
C,,partition,0.4|wd1.0,10,,dirichlet0.5,iid,end,rep_unit_pr_te,3,3,0.6938632072156476,0.939106840558753,-0.7777777777777778
C,,partition,0.4|wd1.0,10,,dirichlet0.5,iid,end,rep_between_within_te,3,3,0.6901920698989115,0.9651843040375094,-0.5555555555555556
C,,partition,0.4|wd1.0,10,,dirichlet0.5,iid,end,unit_interaction_share,3,3,0.20837858258103328,0.21011746834259284,-0.11111111111111116
C,,partition,0.4|wd1.0,10,,dirichlet0.5,iid,end,unit_frac_interacting,3,3,0.0,0.0,0.0
C,,partition,0.4|wd1.0,10,,dirichlet0.5,iid,end,add_share_a,3,3,0.00298062385775587,0.002078957037600937,0.11111111111111116
C,,partition,0.4|wd1.0,10,,dirichlet0.5,iid,end,add_share_b,3,3,0.002874316801319666,0.0023000979796894624,0.11111111111111116
C,,partition,0.4|wd1.0,10,,dirichlet0.5,iid,end,add_share_interaction,3,3,0.9748343192008165,0.9483276072900996,-0.11111111111111116
C,,partition,0.4|wd1.0,10,,dirichlet0.5,iid,end,add_acc_interaction_tr,3,3,100.0,100.0,-0.33333333333333337
C,,partition,0.4|wd1.0,10,,dirichlet0.5,iid,end,add_acc_additive_tr,3,3,0.8854166865348816,1.1979167461395264,-0.7777777777777778
C,,partition,0.4|wd1.0,10,,dirichlet0.5,iid,end,add_acc_no_a_tr,3,3,100.0,100.0,0.0
C,,partition,0.4|wd1.0,10,,dirichlet0.5,iid,end,add_acc_no_b_tr,3,3,100.0,100.0,0.0
C,,partition,0.4|wd1.0,10,,dirichlet0.5,iid,end,add_acc_interaction_te,3,3,100.0,100.0,-0.33333333333333337
C,,partition,0.4|wd1.0,10,,dirichlet0.5,iid,end,add_acc_additive_te,3,3,0.7870370745658875,0.8564814925193787,-0.11111111111111116
C,,partition,0.4|wd1.0,10,,dirichlet0.5,iid,end,add_acc_no_a_te,3,3,100.0,100.0,-0.33333333333333337
C,,partition,0.4|wd1.0,10,,dirichlet0.5,iid,end,add_acc_no_b_te,3,3,100.0,100.0,-0.33333333333333337
C,,partition,0.4|wd1.0,10,,dirichlet0.5,iid,end,irr_out_structure,3,3,0.9070500484343458,0.7671744319121726,1.0
C,,partition,0.4|wd1.0,10,,dirichlet0.5,iid,end,irr_out_dominant_share,3,3,0.9153833817676792,0.6278839793556987,1.0
C,,partition,0.4|wd1.0,10,,dirichlet0.5,iid,end,irr_out_dominant_over_random,3,3,109.8460058121215,75.34607752268384,1.0
C,,partition,0.4|wd1.0,10,,dirichlet0.5,iid,end,coset_s_nm1_acc_te,3,3,100.0,100.0,-0.33333333333333337
C,,partition,0.4|wd1.0,10,,dirichlet0.5,iid,end,coset_s_nm1_purity_te,3,3,1.0,1.0,-0.33333333333333337
C,,partition,0.4|wd1.0,10,,dirichlet0.5,iid,end,coset_a_n_acc_te,3,3,100.0,100.0,-0.33333333333333337
C,,partition,0.4|wd1.0,10,,dirichlet0.5,iid,end,coset_a_n_purity_te,3,3,1.0,1.0,0.0
C,,partition,0.4|wd1.0,10,,dirichlet0.5,iid,end,sharp_lambda_max,3,3,0.05374603718519211,0.0036801709793508053,0.5555555555555556
C,,partition,0.4|wd1.0,10,,dirichlet0.5,iid,end,sharp_grad_norm,3,3,0.00010943884262815118,2.5771467335289344e-05,0.5555555555555556
C,,partition,0.4|wd1.0,10,,dirichlet0.5,iid,end,sharp_lr_lambda,3,3,5.374603718519211e-05,3.6801709793508053e-06,0.5555555555555556
C,,partition,0.4|wd1.0,10,,dirichlet0.5,iid,end,w_WE_fro,3,3,19.656095504760742,17.731035232543945,0.33333333333333326
C,,partition,0.4|wd1.0,10,,dirichlet0.5,iid,end,w_WE_spec,3,3,8.605264663696289,6.535337448120117,1.0
C,,partition,0.4|wd1.0,10,,dirichlet0.5,iid,end,w_WE_stable_rank,3,3,5.217544078826904,7.271437168121338,-0.7777777777777778
C,,partition,0.4|wd1.0,10,,dirichlet0.5,iid,end,w_WE_eff_rank,3,3,27.74630350678253,24.19222581063083,0.11111111111111116
C,,partition,0.4|wd1.0,10,,dirichlet0.5,iid,end,w_WE_sv_gini,3,3,0.7815675619140685,0.8039864256370965,-0.33333333333333337
C,,partition,0.4|wd1.0,10,,dirichlet0.5,iid,end,w_WE_entry_gini,3,3,0.40845365379561205,0.3919604922919393,0.33333333333333326
C,,partition,0.4|wd1.0,10,,dirichlet0.5,iid,end,w_WE_row_gini,3,3,0.013402936790726905,0.009819520091920442,0.33333333333333326
C,,partition,0.4|wd1.0,10,,dirichlet0.5,iid,end,w_WE_row_pr,3,3,0.9994478299810919,0.9996954115428321,-0.33333333333333337
C,,partition,0.4|wd1.0,10,,dirichlet0.5,iid,end,w_WE_dist_init,3,3,22.547080993652344,20.690410614013672,0.33333333333333326
C,,partition,0.4|wd1.0,10,,dirichlet0.5,iid,end,w_WE_rel_dist_init,3,3,2.050166199730348,1.8834969207074017,0.33333333333333326
C,,partition,0.4|wd1.0,10,,dirichlet0.5,iid,end,w_WE_cos_init,3,3,-0.0015072755049914122,0.004596014507114887,-0.33333333333333337
C,,partition,0.4|wd1.0,10,,dirichlet0.5,iid,end,w_WU_fro,3,3,15.874943733215332,7.501992702484131,1.0
C,,partition,0.4|wd1.0,10,,dirichlet0.5,iid,end,w_WU_spec,3,3,14.812918663024902,6.27762508392334,1.0
C,,partition,0.4|wd1.0,10,,dirichlet0.5,iid,end,w_WU_stable_rank,3,3,1.0908725261688232,1.5880630016326904,-1.0
C,,partition,0.4|wd1.0,10,,dirichlet0.5,iid,end,w_WU_eff_rank,3,3,42.99967812863032,60.640520390049616,-0.5555555555555556
C,,partition,0.4|wd1.0,10,,dirichlet0.5,iid,end,w_WU_sv_gini,3,3,0.5927546759629694,0.5673021762454582,-0.11111111111111116
C,,partition,0.4|wd1.0,10,,dirichlet0.5,iid,end,w_WU_entry_gini,3,3,0.25197799794620246,0.34151377539051286,-0.33333333333333337
C,,partition,0.4|wd1.0,10,,dirichlet0.5,iid,end,w_WU_row_gini,3,3,0.019033327063875838,0.029774837317983804,-1.0
C,,partition,0.4|wd1.0,10,,dirichlet0.5,iid,end,w_WU_row_pr,3,3,0.99882905019913,0.9969947314716453,1.0
C,,partition,0.4|wd1.0,10,,dirichlet0.5,iid,end,w_WU_dist_init,3,3,19.29924201965332,13.337489128112793,1.0
C,,partition,0.4|wd1.0,10,,dirichlet0.5,iid,end,w_WU_rel_dist_init,3,3,1.75609693871574,1.2081636175562551,1.0
C,,partition,0.4|wd1.0,10,,dirichlet0.5,iid,end,w_WU_cos_init,3,3,0.000945479900110513,0.0015771512407809496,-0.33333333333333337
C,,partition,0.4|wd1.0,10,,dirichlet0.5,iid,end,w_WQ_fro,3,3,7.4172539710998535,9.089659690856934,0.11111111111111116
C,,partition,0.4|wd1.0,10,,dirichlet0.5,iid,end,w_WQ_spec,3,3,7.365235328674316,9.076354026794434,-0.33333333333333337
C,,partition,0.4|wd1.0,10,,dirichlet0.5,iid,end,w_WQ_stable_rank,3,3,1.015468955039978,1.002795696258545,1.0
C,,partition,0.4|wd1.0,10,,dirichlet0.5,iid,end,w_WQ_eff_rank,3,3,1.8165217656770751,1.373625144474993,1.0
C,,partition,0.4|wd1.0,10,,dirichlet0.5,iid,end,w_WQ_sv_gini,3,3,0.9940299217478494,0.9952666432093205,-1.0
C,,partition,0.4|wd1.0,10,,dirichlet0.5,iid,end,w_WQ_entry_gini,3,3,0.5999813670386904,0.5359281749535498,-0.11111111111111116
C,,partition,0.4|wd1.0,10,,dirichlet0.5,iid,end,w_WQ_row_gini,3,3,0.026372982066071193,0.01007457849330673,0.33333333333333326
C,,partition,0.4|wd1.0,10,,dirichlet0.5,iid,end,w_WQ_row_pr,3,3,0.9972808646078599,0.9996427461939981,-0.33333333333333337
C,,partition,0.4|wd1.0,10,,dirichlet0.5,iid,end,w_WQ_dist_init,3,3,17.678192138671875,18.445423126220703,0.11111111111111116
C,,partition,0.4|wd1.0,10,,dirichlet0.5,iid,end,w_WQ_rel_dist_init,3,3,1.1001089371423904,1.1478535062495832,0.11111111111111116
C,,partition,0.4|wd1.0,10,,dirichlet0.5,iid,end,w_WQ_cos_init,3,3,0.0030446196906268597,0.0021116025745868683,0.11111111111111116
C,,partition,0.4|wd1.0,10,,dirichlet0.5,iid,end,w_WK_fro,3,3,7.435532569885254,8.974140167236328,0.11111111111111116
C,,partition,0.4|wd1.0,10,,dirichlet0.5,iid,end,w_WK_spec,3,3,7.367367267608643,8.95850658416748,-0.33333333333333337
C,,partition,0.4|wd1.0,10,,dirichlet0.5,iid,end,w_WK_stable_rank,3,3,1.0184270143508911,1.006083369255066,1.0
C,,partition,0.4|wd1.0,10,,dirichlet0.5,iid,end,w_WK_eff_rank,3,3,1.8367984510495068,1.4782244704569854,1.0
C,,partition,0.4|wd1.0,10,,dirichlet0.5,iid,end,w_WK_sv_gini,3,3,0.9940880252431081,0.9950588212152582,-1.0
C,,partition,0.4|wd1.0,10,,dirichlet0.5,iid,end,w_WK_entry_gini,3,3,0.5791726016803116,0.5207641923585578,-0.11111111111111116
C,,partition,0.4|wd1.0,10,,dirichlet0.5,iid,end,w_WK_row_gini,3,3,0.0236282531512102,0.010218540339945736,0.33333333333333326
C,,partition,0.4|wd1.0,10,,dirichlet0.5,iid,end,w_WK_row_pr,3,3,0.9975719721886668,0.999634501962337,-0.33333333333333337
C,,partition,0.4|wd1.0,10,,dirichlet0.5,iid,end,w_WK_dist_init,3,3,17.62310028076172,18.40749168395996,0.11111111111111116
C,,partition,0.4|wd1.0,10,,dirichlet0.5,iid,end,w_WK_rel_dist_init,3,3,1.1000342049992637,1.1489959290931437,0.11111111111111116
C,,partition,0.4|wd1.0,10,,dirichlet0.5,iid,end,w_WK_cos_init,3,3,0.005750431679189205,0.0025731378700584173,0.33333333333333326
C,,partition,0.4|wd1.0,10,,dirichlet0.5,iid,end,w_WV_fro,3,3,19.577404022216797,19.306177139282227,0.11111111111111116
C,,partition,0.4|wd1.0,10,,dirichlet0.5,iid,end,w_WV_spec,3,3,8.572842597961426,7.444467067718506,1.0
C,,partition,0.4|wd1.0,10,,dirichlet0.5,iid,end,w_WV_stable_rank,3,3,6.059420585632324,8.1150541305542,-0.33333333333333337
C,,partition,0.4|wd1.0,10,,dirichlet0.5,iid,end,w_WV_eff_rank,3,3,18.221344200881312,18.109191129218257,0.11111111111111116
C,,partition,0.4|wd1.0,10,,dirichlet0.5,iid,end,w_WV_sv_gini,3,3,0.9108392690500058,0.9160993328244864,-0.11111111111111116
C,,partition,0.4|wd1.0,10,,dirichlet0.5,iid,end,w_WV_entry_gini,3,3,0.3964617414741445,0.3981404361849128,-0.11111111111111116
C,,partition,0.4|wd1.0,10,,dirichlet0.5,iid,end,w_WV_row_gini,3,3,0.030473647729935438,0.03902705613056656,0.11111111111111116
C,,partition,0.4|wd1.0,10,,dirichlet0.5,iid,end,w_WV_row_pr,3,3,0.9971283330829072,0.9949644574059914,0.11111111111111116
C,,partition,0.4|wd1.0,10,,dirichlet0.5,iid,end,w_WV_dist_init,3,3,25.245712280273438,24.852161407470703,0.11111111111111116
C,,partition,0.4|wd1.0,10,,dirichlet0.5,iid,end,w_WV_rel_dist_init,3,3,1.57652811642751,1.5519927560831106,0.11111111111111116
C,,partition,0.4|wd1.0,10,,dirichlet0.5,iid,end,w_WV_cos_init,3,3,-0.004086390137672424,0.002562993671745062,-0.5555555555555556
C,,partition,0.4|wd1.0,10,,dirichlet0.5,iid,end,w_WO_fro,3,3,18.905437469482422,18.667062759399414,-0.11111111111111116
C,,partition,0.4|wd1.0,10,,dirichlet0.5,iid,end,w_WO_spec,3,3,6.172357082366943,5.598916053771973,0.7777777777777777
C,,partition,0.4|wd1.0,10,,dirichlet0.5,iid,end,w_WO_stable_rank,3,3,8.255367279052734,12.444005012512207,-0.7777777777777778
C,,partition,0.4|wd1.0,10,,dirichlet0.5,iid,end,w_WO_eff_rank,3,3,21.279135922533047,22.456970942073728,-0.11111111111111116
C,,partition,0.4|wd1.0,10,,dirichlet0.5,iid,end,w_WO_sv_gini,3,3,0.8992775859905364,0.9111908711685441,-0.11111111111111116
C,,partition,0.4|wd1.0,10,,dirichlet0.5,iid,end,w_WO_entry_gini,3,3,0.397491469739198,0.38972362155816365,0.11111111111111116
C,,partition,0.4|wd1.0,10,,dirichlet0.5,iid,end,w_WO_row_gini,3,3,0.05430129299705788,0.04110110393785393,0.11111111111111116
C,,partition,0.4|wd1.0,10,,dirichlet0.5,iid,end,w_WO_row_pr,3,3,0.9909442738628808,0.9944896117352121,-0.11111111111111116
C,,partition,0.4|wd1.0,10,,dirichlet0.5,iid,end,w_WO_dist_init,3,3,24.774118423461914,24.282882690429688,-0.11111111111111116
C,,partition,0.4|wd1.0,10,,dirichlet0.5,iid,end,w_WO_rel_dist_init,3,3,1.5503022121643977,1.5134598193057538,-0.11111111111111116
C,,partition,0.4|wd1.0,10,,dirichlet0.5,iid,end,w_WO_cos_init,3,3,0.001777562079951167,0.013745969161391258,-1.0
C,,partition,0.4|wd1.0,10,,dirichlet0.5,iid,end,w_Win_fro,3,3,12.816811561584473,15.629244804382324,-0.5555555555555556
C,,partition,0.4|wd1.0,10,,dirichlet0.5,iid,end,w_Win_spec,3,3,4.602331161499023,4.37559700012207,0.11111111111111116
C,,partition,0.4|wd1.0,10,,dirichlet0.5,iid,end,w_Win_stable_rank,3,3,8.913036346435547,13.561572074890137,-0.5555555555555556
C,,partition,0.4|wd1.0,10,,dirichlet0.5,iid,end,w_Win_eff_rank,3,3,40.90570785709134,30.763717893134547,0.11111111111111116
C,,partition,0.4|wd1.0,10,,dirichlet0.5,iid,end,w_Win_sv_gini,3,3,0.8599558940142975,0.8826385194708868,-0.11111111111111116
C,,partition,0.4|wd1.0,10,,dirichlet0.5,iid,end,w_Win_entry_gini,3,3,0.43707129184044846,0.39584446258067296,0.7777777777777777
C,,partition,0.4|wd1.0,10,,dirichlet0.5,iid,end,w_Win_row_gini,3,3,0.14125346603989986,0.05905041362875951,1.0
C,,partition,0.4|wd1.0,10,,dirichlet0.5,iid,end,w_Win_row_pr,3,3,0.9416155216652825,0.9890815712540377,-1.0
C,,partition,0.4|wd1.0,10,,dirichlet0.5,iid,end,w_Win_dist_init,3,3,25.971410751342773,27.45343780517578,-0.5555555555555556
C,,partition,0.4|wd1.0,10,,dirichlet0.5,iid,end,w_Win_rel_dist_init,3,3,1.1483557886741826,1.2141905718430768,-0.5555555555555556
C,,partition,0.4|wd1.0,10,,dirichlet0.5,iid,end,w_Win_cos_init,3,3,0.0006987803499214351,0.005384701769798994,-0.7777777777777778
C,,partition,0.4|wd1.0,10,,dirichlet0.5,iid,end,w_Wout_fro,3,3,11.953944206237793,14.964510917663574,-1.0
C,,partition,0.4|wd1.0,10,,dirichlet0.5,iid,end,w_Wout_spec,3,3,3.4497053623199463,4.980772495269775,-0.33333333333333337
C,,partition,0.4|wd1.0,10,,dirichlet0.5,iid,end,w_Wout_stable_rank,3,3,12.007250785827637,9.026399612426758,0.33333333333333326
C,,partition,0.4|wd1.0,10,,dirichlet0.5,iid,end,w_Wout_eff_rank,3,3,44.67451280205868,38.25829095825281,0.11111111111111116
C,,partition,0.4|wd1.0,10,,dirichlet0.5,iid,end,w_Wout_sv_gini,3,3,0.8637651172041583,0.878704008792834,-0.11111111111111116
C,,partition,0.4|wd1.0,10,,dirichlet0.5,iid,end,w_Wout_entry_gini,3,3,0.4315526986593361,0.5161598036034067,-1.0
C,,partition,0.4|wd1.0,10,,dirichlet0.5,iid,end,w_Wout_row_gini,3,3,0.0933629361218773,0.06085274283040998,0.33333333333333326
C,,partition,0.4|wd1.0,10,,dirichlet0.5,iid,end,w_Wout_row_pr,3,3,0.9723389676692616,0.988377456512484,-0.33333333333333337
C,,partition,0.4|wd1.0,10,,dirichlet0.5,iid,end,w_Wout_dist_init,3,3,19.97740364074707,21.941287994384766,-1.0
C,,partition,0.4|wd1.0,10,,dirichlet0.5,iid,end,w_Wout_rel_dist_init,3,3,1.2483527482760515,1.3720197309429876,-1.0
C,,partition,0.4|wd1.0,10,,dirichlet0.5,iid,end,w_Wout_cos_init,3,3,-0.0002706027589738369,-0.0019010615069419146,0.33333333333333326
C,,partition,0.4|wd1.0,10,,dirichlet0.5,iid,end,rep_dead_frac_te,3,3,0.0,0.0,0.0
C,,partition,0.4|wd1.0,10,,dirichlet0.5,iid,end,attn_to_a_mean,3,3,0.49961885809898376,0.5002286434173584,-0.33333333333333337
C,,partition,0.4|wd1.0,10,,dirichlet0.5,iid,end,attn_to_a_head_spread,3,3,0.5633341670036316,0.5714554786682129,-0.5555555555555556
C,,partition,0.4|wd1.0,10,,dirichlet0.5,iid,end,attn_entropy_mean,3,3,0.039040010422468185,0.025967860594391823,1.0
C,,partition,0.4|wd1.0,10,,dirichlet0.5,iid,end,irr_E_structure,3,3,0.7711731509828718,0.7801395284668563,-0.33333333333333337
C,,partition,0.4|wd1.0,10,,dirichlet0.5,iid,end,irr_E_dominant_share,3,3,0.895866106332454,0.9884728618001897,-0.5555555555555556
C,,partition,0.4|wd1.0,10,,dirichlet0.5,iid,end,irr_E_dominant_over_random,3,3,5.289605597055407,5.452289632226308,-0.33333333333333337
C,,partition,0.4|wd1.0,10,,dirichlet0.5,iid,end,irr_E_5,3,3,0.0035085003255590566,0.0011556786619710757,1.0
C,,partition,0.4|wd1.0,10,,dirichlet0.5,iid,end,irr_E_41,3,3,0.7052807462740542,0.2682462887913832,0.11111111111111116
C,,partition,0.4|wd1.0,10,,dirichlet0.5,iid,end,irr_E_32,3,3,0.0017409585118253708,0.0008840017739331988,0.33333333333333326
C,,partition,0.4|wd1.0,10,,dirichlet0.5,iid,end,irr_E_311,3,3,0.006857255632798931,0.001879595731111525,1.0
C,,partition,0.4|wd1.0,10,,dirichlet0.5,iid,end,irr_E_221,3,3,0.27031873049526123,0.0010148909333946648,0.11111111111111116
C,,partition,0.4|wd1.0,10,,dirichlet0.5,iid,end,irr_E_2111,3,3,0.003143130757671482,0.0018182834672589407,0.11111111111111116
C,,partition,0.4|wd1.0,10,,dirichlet0.5,iid,end,irr_E_11111,3,3,0.00019396503606810897,4.6119574922570316e-05,1.0
C,,partition,0.4|wd1.0,10,,target,iid,end,fn_loss_tr,3,3,3.3164191246032715,2.6906906214207993e-07,1.0
C,,partition,0.4|wd1.0,10,,target,iid,end,fn_acc_tr,3,3,12.34375,100.0,-1.0
C,,partition,0.4|wd1.0,10,,target,iid,end,fn_margin_tr,3,3,-1.3262939453125,18.248077392578125,-1.0
C,,partition,0.4|wd1.0,10,,target,iid,end,fn_entropy_tr,3,3,2.9015862941741943,4.530515980150085e-06,1.0
C,,partition,0.4|wd1.0,10,,target,iid,end,fn_loss_te,3,3,3.56453537940979,1.6928100876612007e-06,1.0
C,,partition,0.4|wd1.0,10,,target,iid,end,fn_acc_te,3,3,12.060184478759766,100.0,-1.0
C,,partition,0.4|wd1.0,10,,target,iid,end,fn_margin_te,3,3,-1.508270263671875,17.442520141601562,-1.0
C,,partition,0.4|wd1.0,10,,target,iid,end,fn_entropy_te,3,3,2.914381742477417,2.1635401935782284e-05,1.0
C,,partition,0.4|wd1.0,10,,target,iid,end,fn_gap_loss,3,3,0.1568455696105957,8.973081548901973e-07,1.0
C,,partition,0.4|wd1.0,10,,target,iid,end,fn_gap_acc,3,3,0.37036991119384766,0.0,1.0
C,,partition,0.4|wd1.0,10,,target,iid,end,fn_class_acc_gini,3,3,0.8591989908753839,0.0,1.0
C,,partition,0.4|wd1.0,10,,target,iid,end,w_all_norm,3,3,50.452684309349614,40.38817133002498,1.0
C,,partition,0.4|wd1.0,10,,target,iid,end,w_all_rel_norm,3,3,1.1185341080070728,0.8954042349000375,1.0
C,,partition,0.4|wd1.0,10,,target,iid,end,w_all_dist_init,3,3,67.62737521661282,60.291081439709906,1.0
C,,partition,0.4|wd1.0,10,,target,iid,end,w_all_rel_dist_init,3,3,1.4992963575727087,1.3356349632851856,1.0
C,,partition,0.4|wd1.0,10,,target,iid,end,w_all_cos_init,3,3,0.001443391509953476,0.0042355833426585,-0.7777777777777778
C,,partition,0.4|wd1.0,10,,target,iid,end,rep_between_within_tr,3,3,8.346826364468548,1.0014861824977328,0.33333333333333326
C,,partition,0.4|wd1.0,10,,target,iid,end,rep_nc1_tr,3,3,96.43401622048607,252.8327275997463,-0.5555555555555556
C,,partition,0.4|wd1.0,10,,target,iid,end,rep_eff_rank_te,3,3,17.645359766102015,40.380929278500304,-0.7777777777777778
C,,partition,0.4|wd1.0,10,,target,iid,end,rep_pr_te,3,3,4.471580631343835,28.673943299616845,-0.7777777777777778
C,,partition,0.4|wd1.0,10,,target,iid,end,rep_unit_gini_te,3,3,0.322443315121935,0.13327154131941588,1.0
C,,partition,0.4|wd1.0,10,,target,iid,end,rep_unit_pr_te,3,3,0.7278972189354028,0.939106840558753,-1.0
C,,partition,0.4|wd1.0,10,,target,iid,end,rep_between_within_te,3,3,7.715333180314398,0.9651843040375094,0.33333333333333326
C,,partition,0.4|wd1.0,10,,target,iid,end,unit_interaction_share,3,3,0.7613878107707662,0.21011746834259284,0.33333333333333326
C,,partition,0.4|wd1.0,10,,target,iid,end,unit_frac_interacting,3,3,0.8333333730697632,0.0,0.6666666666666667
C,,partition,0.4|wd1.0,10,,target,iid,end,add_share_a,3,3,0.004134547631678378,0.002078957037600937,0.5555555555555556
C,,partition,0.4|wd1.0,10,,target,iid,end,add_share_b,3,3,0.004037893380906017,0.0023000979796894624,0.33333333333333326
C,,partition,0.4|wd1.0,10,,target,iid,end,add_share_interaction,3,3,0.5008960156789157,0.9483276072900996,-1.0
C,,partition,0.4|wd1.0,10,,target,iid,end,add_acc_interaction_tr,3,3,20.34722328186035,100.0,-1.0
C,,partition,0.4|wd1.0,10,,target,iid,end,add_acc_additive_tr,3,3,1.0416667461395264,1.1979167461395264,-0.33333333333333337
C,,partition,0.4|wd1.0,10,,target,iid,end,add_acc_no_a_tr,3,3,12.17013931274414,100.0,-1.0
C,,partition,0.4|wd1.0,10,,target,iid,end,add_acc_no_b_tr,3,3,12.465277671813965,100.0,-1.0
C,,partition,0.4|wd1.0,10,,target,iid,end,add_acc_interaction_te,3,3,19.675926208496094,100.0,-1.0
C,,partition,0.4|wd1.0,10,,target,iid,end,add_acc_additive_te,3,3,0.7407407164573669,0.8564814925193787,-0.11111111111111116
C,,partition,0.4|wd1.0,10,,target,iid,end,add_acc_no_a_te,3,3,12.326388359069824,100.0,-1.0
C,,partition,0.4|wd1.0,10,,target,iid,end,add_acc_no_b_te,3,3,12.349536895751953,100.0,-1.0
C,,partition,0.4|wd1.0,10,,target,iid,end,irr_out_structure,3,3,0.9218427421707668,0.7671744319121726,1.0
C,,partition,0.4|wd1.0,10,,target,iid,end,irr_out_dominant_share,3,3,0.9301760755041,0.6278839793556987,1.0
C,,partition,0.4|wd1.0,10,,target,iid,end,irr_out_dominant_over_random,3,3,111.621129060492,75.34607752268384,1.0
C,,partition,0.4|wd1.0,10,,target,iid,end,coset_s_nm1_acc_te,3,3,25.53240656852722,100.0,-1.0
C,,partition,0.4|wd1.0,10,,target,iid,end,coset_s_nm1_purity_te,3,3,0.5085170340681363,1.0,-1.0
C,,partition,0.4|wd1.0,10,,target,iid,end,coset_a_n_acc_te,3,3,90.86805582046509,100.0,-1.0
C,,partition,0.4|wd1.0,10,,target,iid,end,coset_a_n_purity_te,3,3,0.12928289389886638,1.0,-1.0
C,,partition,0.4|wd1.0,10,,target,iid,end,sharp_lambda_max,3,3,1153.5797119140625,0.0036801709793508053,1.0
C,,partition,0.4|wd1.0,10,,target,iid,end,sharp_grad_norm,3,3,21.440858840942383,2.5771467335289344e-05,1.0
C,,partition,0.4|wd1.0,10,,target,iid,end,sharp_lr_lambda,3,3,1.1535797119140625,3.6801709793508053e-06,1.0
C,,partition,0.4|wd1.0,10,,target,iid,end,w_WE_fro,3,3,12.061311721801758,17.731035232543945,-0.5555555555555556
C,,partition,0.4|wd1.0,10,,target,iid,end,w_WE_spec,3,3,3.7359683513641357,6.535337448120117,-0.33333333333333337
C,,partition,0.4|wd1.0,10,,target,iid,end,w_WE_stable_rank,3,3,8.323630332946777,7.271437168121338,0.33333333333333326
C,,partition,0.4|wd1.0,10,,target,iid,end,w_WE_eff_rank,3,3,63.98986013158553,24.19222581063083,1.0
C,,partition,0.4|wd1.0,10,,target,iid,end,w_WE_sv_gini,3,3,0.5708465004577958,0.8039864256370965,-1.0
C,,partition,0.4|wd1.0,10,,target,iid,end,w_WE_entry_gini,3,3,0.44861318179734067,0.3919604922919393,1.0
C,,partition,0.4|wd1.0,10,,target,iid,end,w_WE_row_gini,3,3,0.01989452481075782,0.009819520091920442,0.7777777777777777
C,,partition,0.4|wd1.0,10,,target,iid,end,w_WE_row_pr,3,3,0.9987059811344667,0.9996954115428321,-0.7777777777777778
C,,partition,0.4|wd1.0,10,,target,iid,end,w_WE_dist_init,3,3,16.30533790588379,20.690410614013672,-0.5555555555555556
C,,partition,0.4|wd1.0,10,,target,iid,end,w_WE_rel_dist_init,3,3,1.4909592632942175,1.8834969207074017,-0.5555555555555556
C,,partition,0.4|wd1.0,10,,target,iid,end,w_WE_cos_init,3,3,-0.002993483329191804,0.004596014507114887,-0.33333333333333337
C,,partition,0.4|wd1.0,10,,target,iid,end,w_WU_fro,3,3,21.23836326599121,7.501992702484131,1.0
C,,partition,0.4|wd1.0,10,,target,iid,end,w_WU_spec,3,3,19.855815887451172,6.27762508392334,1.0
C,,partition,0.4|wd1.0,10,,target,iid,end,w_WU_stable_rank,3,3,1.0745320320129395,1.5880630016326904,-1.0
C,,partition,0.4|wd1.0,10,,target,iid,end,w_WU_eff_rank,3,3,20.671151320898403,60.640520390049616,-1.0
C,,partition,0.4|wd1.0,10,,target,iid,end,w_WU_sv_gini,3,3,0.7575323244152448,0.5673021762454582,1.0
C,,partition,0.4|wd1.0,10,,target,iid,end,w_WU_entry_gini,3,3,0.396571608935677,0.34151377539051286,1.0
C,,partition,0.4|wd1.0,10,,target,iid,end,w_WU_row_gini,3,3,0.011855766062987438,0.029774837317983804,-1.0
C,,partition,0.4|wd1.0,10,,target,iid,end,w_WU_row_pr,3,3,0.9995483253520789,0.9969947314716453,1.0
C,,partition,0.4|wd1.0,10,,target,iid,end,w_WU_dist_init,3,3,23.896203994750977,13.337489128112793,1.0
C,,partition,0.4|wd1.0,10,,target,iid,end,w_WU_rel_dist_init,3,3,2.183296833211434,1.2081636175562551,1.0
C,,partition,0.4|wd1.0,10,,target,iid,end,w_WU_cos_init,3,3,0.006888571195304394,0.0015771512407809496,0.33333333333333326
C,,partition,0.4|wd1.0,10,,target,iid,end,w_WQ_fro,3,3,19.363304138183594,9.089659690856934,1.0
C,,partition,0.4|wd1.0,10,,target,iid,end,w_WQ_spec,3,3,12.082995414733887,9.076354026794434,0.5555555555555556
C,,partition,0.4|wd1.0,10,,target,iid,end,w_WQ_stable_rank,3,3,2.520721673965454,1.002795696258545,1.0
C,,partition,0.4|wd1.0,10,,target,iid,end,w_WQ_eff_rank,3,3,31.144711272251126,1.373625144474993,1.0
C,,partition,0.4|wd1.0,10,,target,iid,end,w_WQ_sv_gini,3,3,0.9067277818172299,0.9952666432093205,-1.0
C,,partition,0.4|wd1.0,10,,target,iid,end,w_WQ_entry_gini,3,3,0.4002816573329624,0.5359281749535498,-1.0
C,,partition,0.4|wd1.0,10,,target,iid,end,w_WQ_row_gini,3,3,0.1411176464491084,0.01007457849330673,0.7777777777777777
C,,partition,0.4|wd1.0,10,,target,iid,end,w_WQ_row_pr,3,3,0.9370134235915129,0.9996427461939981,-0.7777777777777778
C,,partition,0.4|wd1.0,10,,target,iid,end,w_WQ_dist_init,3,3,25.06996726989746,18.445423126220703,1.0
C,,partition,0.4|wd1.0,10,,target,iid,end,w_WQ_rel_dist_init,3,3,1.5637291321975575,1.1478535062495832,1.0
C,,partition,0.4|wd1.0,10,,target,iid,end,w_WQ_cos_init,3,3,0.005007426254451275,0.0021116025745868683,0.11111111111111116
C,,partition,0.4|wd1.0,10,,target,iid,end,w_WK_fro,3,3,20.969242095947266,8.974140167236328,1.0
C,,partition,0.4|wd1.0,10,,target,iid,end,w_WK_spec,3,3,12.159303665161133,8.95850658416748,1.0
C,,partition,0.4|wd1.0,10,,target,iid,end,w_WK_stable_rank,3,3,2.566561698913574,1.006083369255066,1.0
C,,partition,0.4|wd1.0,10,,target,iid,end,w_WK_eff_rank,3,3,31.501935273082722,1.4782244704569854,1.0
C,,partition,0.4|wd1.0,10,,target,iid,end,w_WK_sv_gini,3,3,0.9035934933217766,0.9950588212152582,-1.0
C,,partition,0.4|wd1.0,10,,target,iid,end,w_WK_entry_gini,3,3,0.38372783419504164,0.5207641923585578,-1.0
C,,partition,0.4|wd1.0,10,,target,iid,end,w_WK_row_gini,3,3,0.10583574854112454,0.010218540339945736,0.7777777777777777
C,,partition,0.4|wd1.0,10,,target,iid,end,w_WK_row_pr,3,3,0.9620530589473898,0.999634501962337,-0.7777777777777778
C,,partition,0.4|wd1.0,10,,target,iid,end,w_WK_dist_init,3,3,26.3708438873291,18.40749168395996,1.0
C,,partition,0.4|wd1.0,10,,target,iid,end,w_WK_rel_dist_init,3,3,1.6445426809323016,1.1489959290931437,1.0
C,,partition,0.4|wd1.0,10,,target,iid,end,w_WK_cos_init,3,3,0.00211256742477417,0.0025731378700584173,-0.11111111111111116
C,,partition,0.4|wd1.0,10,,target,iid,end,w_WV_fro,3,3,23.093473434448242,19.306177139282227,0.33333333333333326
C,,partition,0.4|wd1.0,10,,target,iid,end,w_WV_spec,3,3,21.2307071685791,7.444467067718506,1.0
C,,partition,0.4|wd1.0,10,,target,iid,end,w_WV_stable_rank,3,3,1.2822647094726562,8.1150541305542,-0.7777777777777778
C,,partition,0.4|wd1.0,10,,target,iid,end,w_WV_eff_rank,3,3,4.68263468230075,18.109191129218257,-1.0
C,,partition,0.4|wd1.0,10,,target,iid,end,w_WV_sv_gini,3,3,0.9846649232261415,0.9160993328244864,1.0
C,,partition,0.4|wd1.0,10,,target,iid,end,w_WV_entry_gini,3,3,0.26039169599043754,0.3981404361849128,-1.0
C,,partition,0.4|wd1.0,10,,target,iid,end,w_WV_row_gini,3,3,0.07572223469878625,0.03902705613056656,0.5555555555555556
C,,partition,0.4|wd1.0,10,,target,iid,end,w_WV_row_pr,3,3,0.9761380239412419,0.9949644574059914,-0.5555555555555556
C,,partition,0.4|wd1.0,10,,target,iid,end,w_WV_dist_init,3,3,28.00657844543457,24.852161407470703,0.33333333333333326
C,,partition,0.4|wd1.0,10,,target,iid,end,w_WV_rel_dist_init,3,3,1.7489829619777741,1.5519927560831106,0.33333333333333326
C,,partition,0.4|wd1.0,10,,target,iid,end,w_WV_cos_init,3,3,0.007244991138577461,0.002562993671745062,-0.11111111111111116
C,,partition,0.4|wd1.0,10,,target,iid,end,w_WO_fro,3,3,19.035585403442383,18.667062759399414,-0.11111111111111116
C,,partition,0.4|wd1.0,10,,target,iid,end,w_WO_spec,3,3,10.644038200378418,5.598916053771973,1.0
C,,partition,0.4|wd1.0,10,,target,iid,end,w_WO_stable_rank,3,3,2.634711980819702,12.444005012512207,-1.0
C,,partition,0.4|wd1.0,10,,target,iid,end,w_WO_eff_rank,3,3,7.199863986333298,22.456970942073728,-1.0
C,,partition,0.4|wd1.0,10,,target,iid,end,w_WO_sv_gini,3,3,0.9778761002098542,0.9111908711685441,1.0
C,,partition,0.4|wd1.0,10,,target,iid,end,w_WO_entry_gini,3,3,0.35327818050983795,0.38972362155816365,-0.33333333333333337
C,,partition,0.4|wd1.0,10,,target,iid,end,w_WO_row_gini,3,3,0.08726232463619343,0.04110110393785393,0.5555555555555556
C,,partition,0.4|wd1.0,10,,target,iid,end,w_WO_row_pr,3,3,0.9740598511706217,0.9944896117352121,-0.5555555555555556
C,,partition,0.4|wd1.0,10,,target,iid,end,w_WO_dist_init,3,3,24.847204208374023,24.282882690429688,-0.11111111111111116
C,,partition,0.4|wd1.0,10,,target,iid,end,w_WO_rel_dist_init,3,3,1.5486318354731337,1.5134598193057538,-0.11111111111111116
C,,partition,0.4|wd1.0,10,,target,iid,end,w_WO_cos_init,3,3,0.0017777137691155076,0.013745969161391258,-1.0
C,,partition,0.4|wd1.0,10,,target,iid,end,w_Win_fro,3,3,18.040157318115234,15.629244804382324,0.11111111111111116
C,,partition,0.4|wd1.0,10,,target,iid,end,w_Win_spec,3,3,8.16958236694336,4.37559700012207,1.0
C,,partition,0.4|wd1.0,10,,target,iid,end,w_Win_stable_rank,3,3,4.25352668762207,13.561572074890137,-0.7777777777777778
C,,partition,0.4|wd1.0,10,,target,iid,end,w_Win_eff_rank,3,3,101.22896337824052,30.763717893134547,0.7777777777777777
C,,partition,0.4|wd1.0,10,,target,iid,end,w_Win_sv_gini,3,3,0.6325460025674832,0.8826385194708868,-0.7777777777777778
C,,partition,0.4|wd1.0,10,,target,iid,end,w_Win_entry_gini,3,3,0.44805440034547916,0.39584446258067296,0.5555555555555556
C,,partition,0.4|wd1.0,10,,target,iid,end,w_Win_row_gini,3,3,0.11866156359300173,0.05905041362875951,1.0
C,,partition,0.4|wd1.0,10,,target,iid,end,w_Win_row_pr,3,3,0.9555280540859782,0.9890815712540377,-1.0
C,,partition,0.4|wd1.0,10,,target,iid,end,w_Win_dist_init,3,3,28.969501495361328,27.45343780517578,0.11111111111111116
C,,partition,0.4|wd1.0,10,,target,iid,end,w_Win_rel_dist_init,3,3,1.281721016289064,1.2141905718430768,0.11111111111111116
C,,partition,0.4|wd1.0,10,,target,iid,end,w_Win_cos_init,3,3,-0.0034319963306188583,0.005384701769798994,-1.0
C,,partition,0.4|wd1.0,10,,target,iid,end,w_Wout_fro,3,3,9.396120071411133,14.964510917663574,-1.0
C,,partition,0.4|wd1.0,10,,target,iid,end,w_Wout_spec,3,3,3.3373653888702393,4.980772495269775,-1.0
C,,partition,0.4|wd1.0,10,,target,iid,end,w_Wout_stable_rank,3,3,9.748183250427246,9.026399612426758,0.33333333333333326
C,,partition,0.4|wd1.0,10,,target,iid,end,w_Wout_eff_rank,3,3,124.86786030824966,38.25829095825281,0.7777777777777777
C,,partition,0.4|wd1.0,10,,target,iid,end,w_Wout_sv_gini,3,3,0.6153315149064995,0.878704008792834,-0.7777777777777778
C,,partition,0.4|wd1.0,10,,target,iid,end,w_Wout_entry_gini,3,3,0.474419992580813,0.5161598036034067,-0.33333333333333337
C,,partition,0.4|wd1.0,10,,target,iid,end,w_Wout_row_gini,3,3,0.04097691457200203,0.06085274283040998,-0.33333333333333337
C,,partition,0.4|wd1.0,10,,target,iid,end,w_Wout_row_pr,3,3,0.9948457701896067,0.988377456512484,0.33333333333333326
C,,partition,0.4|wd1.0,10,,target,iid,end,w_Wout_dist_init,3,3,18.547130584716797,21.941287994384766,-1.0
C,,partition,0.4|wd1.0,10,,target,iid,end,w_Wout_rel_dist_init,3,3,1.1589775055073266,1.3720197309429876,-1.0
C,,partition,0.4|wd1.0,10,,target,iid,end,w_Wout_cos_init,3,3,-0.0061348676681518555,-0.0019010615069419146,-0.5555555555555556
C,,partition,0.4|wd1.0,10,,target,iid,end,rep_dead_frac_te,3,3,0.0,0.0,0.33333333333333326
C,,partition,0.4|wd1.0,10,,target,iid,end,attn_to_a_mean,3,3,0.5043233633041382,0.5002286434173584,0.11111111111111116
C,,partition,0.4|wd1.0,10,,target,iid,end,attn_to_a_head_spread,3,3,0.4038885831832886,0.5714554786682129,-0.33333333333333337
C,,partition,0.4|wd1.0,10,,target,iid,end,attn_entropy_mean,3,3,0.35204386711120605,0.025967860594391823,0.33333333333333326
C,,partition,0.4|wd1.0,10,,target,iid,end,irr_E_structure,3,3,0.6872103075023794,0.7801395284668563,-1.0
C,,partition,0.4|wd1.0,10,,target,iid,end,irr_E_dominant_share,3,3,0.7595117291683994,0.9884728618001897,-0.5555555555555556
C,,partition,0.4|wd1.0,10,,target,iid,end,irr_E_dominant_over_random,3,3,4.465042741433162,5.452289632226308,-0.5555555555555556
C,,partition,0.4|wd1.0,10,,target,iid,end,irr_E_5,3,3,0.006776134435301776,0.0011556786619710757,1.0
C,,partition,0.4|wd1.0,10,,target,iid,end,irr_E_41,3,3,0.04375609147396139,0.2682462887913832,-0.11111111111111116
C,,partition,0.4|wd1.0,10,,target,iid,end,irr_E_32,3,3,0.05742194168388073,0.0008840017739331988,1.0
C,,partition,0.4|wd1.0,10,,target,iid,end,irr_E_311,3,3,0.07141266561188969,0.001879595731111525,1.0
C,,partition,0.4|wd1.0,10,,target,iid,end,irr_E_221,3,3,0.07142255867569008,0.0010148909333946648,0.33333333333333326
C,,partition,0.4|wd1.0,10,,target,iid,end,irr_E_2111,3,3,0.01578359606210602,0.0018182834672589407,0.33333333333333326
C,,partition,0.4|wd1.0,10,,target,iid,end,irr_E_11111,3,3,0.05481591234242744,4.6119574922570316e-05,1.0
C,,partition,0.4|wd1.0,5,,coset,iid,end,fn_loss_tr,3,3,1.616567146811576e-07,7.015960701295398e-09,1.0
C,,partition,0.4|wd1.0,5,,coset,iid,end,fn_acc_tr,3,3,100.0,100.0,0.0
C,,partition,0.4|wd1.0,5,,coset,iid,end,fn_margin_tr,3,3,18.211200714111328,20.13592529296875,-1.0
C,,partition,0.4|wd1.0,5,,coset,iid,end,fn_entropy_tr,3,3,2.8115391614846885e-06,2.685370361632522e-07,1.0
C,,partition,0.4|wd1.0,5,,coset,iid,end,fn_loss_te,3,3,4.258248793576058e-07,2.1841218611484692e-08,1.0
C,,partition,0.4|wd1.0,5,,coset,iid,end,fn_acc_te,3,3,100.0,100.0,0.0
C,,partition,0.4|wd1.0,5,,coset,iid,end,fn_margin_te,3,3,17.618377685546875,19.540435791015625,-1.0
C,,partition,0.4|wd1.0,5,,coset,iid,end,fn_entropy_te,3,3,6.180787750054151e-06,5.578021955443546e-07,1.0
C,,partition,0.4|wd1.0,5,,coset,iid,end,fn_gap_loss,3,3,2.8656138795213337e-07,1.4825257910189293e-08,1.0
C,,partition,0.4|wd1.0,5,,coset,iid,end,fn_gap_acc,3,3,0.0,0.0,0.0
C,,partition,0.4|wd1.0,5,,coset,iid,end,fn_class_acc_gini,3,3,0.0,0.0,0.0
C,,partition,0.4|wd1.0,5,,coset,iid,end,w_all_norm,3,3,41.37165282675895,46.92567910068113,-0.7777777777777778
C,,partition,0.4|wd1.0,5,,coset,iid,end,w_all_rel_norm,3,3,0.9165107787886033,1.039549734158363,-0.7777777777777778
C,,partition,0.4|wd1.0,5,,coset,iid,end,w_all_dist_init,3,3,61.09616835876025,64.96484447966293,-0.5555555555555556
C,,partition,0.4|wd1.0,5,,coset,iid,end,w_all_rel_dist_init,3,3,1.3534701424176494,1.4391733503435378,-0.5555555555555556
C,,partition,0.4|wd1.0,5,,coset,iid,end,w_all_cos_init,3,3,0.0026461942497524693,0.03400188937308723,-1.0
C,,partition,0.4|wd1.0,5,,coset,iid,end,rep_between_within_tr,3,3,2.2889255122632948,2.0765116608553162,0.33333333333333326
C,,partition,0.4|wd1.0,5,,coset,iid,end,rep_nc1_tr,3,3,343.7322363011374,309.46225656409234,0.5555555555555556
C,,partition,0.4|wd1.0,5,,coset,iid,end,rep_eff_rank_te,3,3,40.470717368079015,49.910451394187824,-0.5555555555555556
C,,partition,0.4|wd1.0,5,,coset,iid,end,rep_pr_te,3,3,18.559469864629303,25.49796306855117,-0.7777777777777778
C,,partition,0.4|wd1.0,5,,coset,iid,end,rep_unit_gini_te,3,3,0.373973209513641,0.20979942778447414,0.5555555555555556
C,,partition,0.4|wd1.0,5,,coset,iid,end,rep_unit_pr_te,3,3,0.6639435490173868,0.8065853177221717,-0.33333333333333337
C,,partition,0.4|wd1.0,5,,coset,iid,end,rep_between_within_te,3,3,2.2394045107239258,2.036750375447885,0.33333333333333326
C,,partition,0.4|wd1.0,5,,coset,iid,end,unit_interaction_share,3,3,0.19591749508314124,0.23135486950943376,-0.7777777777777778
C,,partition,0.4|wd1.0,5,,coset,iid,end,unit_frac_interacting,3,3,0.0,0.0,0.0
C,,partition,0.4|wd1.0,5,,coset,iid,end,add_share_a,3,3,0.0027913202817747102,0.0026613031106702037,-0.11111111111111116
C,,partition,0.4|wd1.0,5,,coset,iid,end,add_share_b,3,3,0.004277285567597574,0.002594870184059573,0.33333333333333326
C,,partition,0.4|wd1.0,5,,coset,iid,end,add_share_interaction,3,3,0.9513618011473779,0.968376666006849,-0.11111111111111116
C,,partition,0.4|wd1.0,5,,coset,iid,end,add_acc_interaction_tr,3,3,100.0,100.0,0.0
C,,partition,0.4|wd1.0,5,,coset,iid,end,add_acc_additive_tr,3,3,0.9375000596046448,1.2152777910232544,-0.5555555555555556
C,,partition,0.4|wd1.0,5,,coset,iid,end,add_acc_no_a_tr,3,3,100.0,100.0,0.0
C,,partition,0.4|wd1.0,5,,coset,iid,end,add_acc_no_b_tr,3,3,100.0,100.0,0.0
C,,partition,0.4|wd1.0,5,,coset,iid,end,add_acc_interaction_te,3,3,100.0,100.0,0.0
C,,partition,0.4|wd1.0,5,,coset,iid,end,add_acc_additive_te,3,3,0.8333332538604736,0.8333332538604736,0.0
C,,partition,0.4|wd1.0,5,,coset,iid,end,add_acc_no_a_te,3,3,100.0,100.0,0.0
C,,partition,0.4|wd1.0,5,,coset,iid,end,add_acc_no_b_te,3,3,100.0,100.0,0.0
C,,partition,0.4|wd1.0,5,,coset,iid,end,irr_out_structure,3,3,0.7019936608173794,0.7788512787038596,-0.7777777777777778
C,,partition,0.4|wd1.0,5,,coset,iid,end,irr_out_dominant_share,3,3,0.5616558130294919,0.7589831470329568,-1.0
C,,partition,0.4|wd1.0,5,,coset,iid,end,irr_out_dominant_over_random,3,3,4.63489107259225,91.07797764395481,-1.0
C,,partition,0.4|wd1.0,5,,coset,iid,end,coset_s_nm1_acc_te,3,3,100.0,100.0,0.0
C,,partition,0.4|wd1.0,5,,coset,iid,end,coset_s_nm1_purity_te,3,3,1.0,1.0,0.0
C,,partition,0.4|wd1.0,5,,coset,iid,end,coset_a_n_acc_te,3,3,100.0,100.0,0.0
C,,partition,0.4|wd1.0,5,,coset,iid,end,coset_a_n_purity_te,3,3,1.0,1.0,0.0
C,,partition,0.4|wd1.0,5,,coset,iid,end,sharp_lambda_max,3,3,0.0054006497375667095,0.00032342548365704715,1.0
C,,partition,0.4|wd1.0,5,,coset,iid,end,sharp_grad_norm,3,3,1.8878659830079414e-05,2.8092918000766076e-06,1.0
C,,partition,0.4|wd1.0,5,,coset,iid,end,sharp_lr_lambda,3,3,5.40064973756671e-06,3.2342548365704717e-07,1.0
C,,partition,0.4|wd1.0,5,,coset,iid,end,w_WE_fro,3,3,16.228607177734375,19.133684158325195,-0.7777777777777778
C,,partition,0.4|wd1.0,5,,coset,iid,end,w_WE_spec,3,3,5.645599842071533,6.466856002807617,-1.0
C,,partition,0.4|wd1.0,5,,coset,iid,end,w_WE_stable_rank,3,3,8.26319408416748,8.687309265136719,-0.33333333333333337
C,,partition,0.4|wd1.0,5,,coset,iid,end,w_WE_eff_rank,3,3,28.044376829706867,29.351907057275408,-0.33333333333333337
C,,partition,0.4|wd1.0,5,,coset,iid,end,w_WE_sv_gini,3,3,0.7882178110346045,0.7795764806323031,0.33333333333333326
C,,partition,0.4|wd1.0,5,,coset,iid,end,w_WE_entry_gini,3,3,0.40414279494085137,0.3814437898743537,1.0
C,,partition,0.4|wd1.0,5,,coset,iid,end,w_WE_row_gini,3,3,0.016864306928661366,0.01219670526911476,0.33333333333333326
C,,partition,0.4|wd1.0,5,,coset,iid,end,w_WE_row_pr,3,3,0.9991183322678502,0.9995317920000547,-0.33333333333333337
C,,partition,0.4|wd1.0,5,,coset,iid,end,w_WE_dist_init,3,3,19.588497161865234,21.40279197692871,-0.7777777777777778
C,,partition,0.4|wd1.0,5,,coset,iid,end,w_WE_rel_dist_init,3,3,1.7811474042283375,1.9483466778461525,-0.7777777777777778
C,,partition,0.4|wd1.0,5,,coset,iid,end,w_WE_cos_init,3,3,0.006124336272478104,0.06825128197669983,-0.7777777777777778
C,,partition,0.4|wd1.0,5,,coset,iid,end,w_WU_fro,3,3,8.918346405029297,8.78857707977295,0.11111111111111116
C,,partition,0.4|wd1.0,5,,coset,iid,end,w_WU_spec,3,3,4.594921588897705,7.68186616897583,-0.7777777777777778
C,,partition,0.4|wd1.0,5,,coset,iid,end,w_WU_stable_rank,3,3,3.4983127117156982,1.3150137662887573,1.0
C,,partition,0.4|wd1.0,5,,coset,iid,end,w_WU_eff_rank,3,3,73.33316824080441,63.69156984345662,1.0
C,,partition,0.4|wd1.0,5,,coset,iid,end,w_WU_sv_gini,3,3,0.5161990295216441,0.5301535995532534,-0.11111111111111116
C,,partition,0.4|wd1.0,5,,coset,iid,end,w_WU_entry_gini,3,3,0.5898341957325626,0.25005370003356076,1.0
C,,partition,0.4|wd1.0,5,,coset,iid,end,w_WU_row_gini,3,3,0.05222304953411849,0.017093381496135596,1.0
C,,partition,0.4|wd1.0,5,,coset,iid,end,w_WU_row_pr,3,3,0.9911006513053436,0.9990921781834289,-1.0
C,,partition,0.4|wd1.0,5,,coset,iid,end,w_WU_dist_init,3,3,14.051177978515625,13.985614776611328,0.11111111111111116
C,,partition,0.4|wd1.0,5,,coset,iid,end,w_WU_rel_dist_init,3,3,1.2837977274600638,1.277807490218856,0.11111111111111116
C,,partition,0.4|wd1.0,5,,coset,iid,end,w_WU_cos_init,3,3,0.02441798336803913,0.0179141853004694,0.5555555555555556
C,,partition,0.4|wd1.0,5,,coset,iid,end,w_WQ_fro,3,3,5.7318830490112305,9.373075485229492,-0.7777777777777778
C,,partition,0.4|wd1.0,5,,coset,iid,end,w_WQ_spec,3,3,4.667831897735596,9.36236572265625,-0.7777777777777778
C,,partition,0.4|wd1.0,5,,coset,iid,end,w_WQ_stable_rank,3,3,1.3267570734024048,1.002170205116272,1.0
C,,partition,0.4|wd1.0,5,,coset,iid,end,w_WQ_eff_rank,3,3,2.3658188883071554,1.3983408770200036,0.7777777777777777
C,,partition,0.4|wd1.0,5,,coset,iid,end,w_WQ_sv_gini,3,3,0.992408829034302,0.9950940255811991,-0.7777777777777778
C,,partition,0.4|wd1.0,5,,coset,iid,end,w_WQ_entry_gini,3,3,0.5645916154104365,0.5198922778137376,0.33333333333333326
C,,partition,0.4|wd1.0,5,,coset,iid,end,w_WQ_row_gini,3,3,0.047798848865486354,0.006843843575204289,0.7777777777777777
C,,partition,0.4|wd1.0,5,,coset,iid,end,w_WQ_row_pr,3,3,0.9879412504770699,0.9998414873733847,-0.7777777777777778
C,,partition,0.4|wd1.0,5,,coset,iid,end,w_WQ_dist_init,3,3,16.938405990600586,18.487573623657227,-0.7777777777777778
C,,partition,0.4|wd1.0,5,,coset,iid,end,w_WQ_rel_dist_init,3,3,1.060879096068145,1.1578453852218185,-0.7777777777777778
C,,partition,0.4|wd1.0,5,,coset,iid,end,w_WQ_cos_init,3,3,0.002565937815234065,-0.0003144253569189459,0.5555555555555556
C,,partition,0.4|wd1.0,5,,coset,iid,end,w_WK_fro,3,3,5.316528797149658,9.266719818115234,-0.7777777777777778
C,,partition,0.4|wd1.0,5,,coset,iid,end,w_WK_spec,3,3,5.12072229385376,9.244463920593262,-0.7777777777777778
C,,partition,0.4|wd1.0,5,,coset,iid,end,w_WK_stable_rank,3,3,1.0778319835662842,1.0046988725662231,0.7777777777777777
C,,partition,0.4|wd1.0,5,,coset,iid,end,w_WK_eff_rank,3,3,2.11887631876069,1.535760324879263,0.7777777777777777
C,,partition,0.4|wd1.0,5,,coset,iid,end,w_WK_sv_gini,3,3,0.99344873478373,0.9947512152582538,-0.7777777777777778
C,,partition,0.4|wd1.0,5,,coset,iid,end,w_WK_entry_gini,3,3,0.5119740329955975,0.4883833909080424,0.11111111111111116
C,,partition,0.4|wd1.0,5,,coset,iid,end,w_WK_row_gini,3,3,0.011227073603767401,0.007764770606494276,0.33333333333333326
C,,partition,0.4|wd1.0,5,,coset,iid,end,w_WK_row_pr,3,3,0.9992091951905705,0.9997973784026366,-0.33333333333333337
C,,partition,0.4|wd1.0,5,,coset,iid,end,w_WK_dist_init,3,3,16.89589500427246,18.523221969604492,-0.7777777777777778
C,,partition,0.4|wd1.0,5,,coset,iid,end,w_WK_rel_dist_init,3,3,1.0539258173494197,1.1562198153977739,-0.7777777777777778
C,,partition,0.4|wd1.0,5,,coset,iid,end,w_WK_cos_init,3,3,-0.0011750601697713137,-0.0019574330653995275,0.11111111111111116
C,,partition,0.4|wd1.0,5,,coset,iid,end,w_WV_fro,3,3,19.22713279724121,21.729158401489258,-1.0
C,,partition,0.4|wd1.0,5,,coset,iid,end,w_WV_spec,3,3,6.583158016204834,7.214094638824463,-0.7777777777777778
C,,partition,0.4|wd1.0,5,,coset,iid,end,w_WV_stable_rank,3,3,8.530728340148926,9.521732330322266,-0.5555555555555556
C,,partition,0.4|wd1.0,5,,coset,iid,end,w_WV_eff_rank,3,3,25.578778036692476,29.87452894616609,-0.33333333333333337
C,,partition,0.4|wd1.0,5,,coset,iid,end,w_WV_sv_gini,3,3,0.9066894896807658,0.8843555288102349,0.5555555555555556
C,,partition,0.4|wd1.0,5,,coset,iid,end,w_WV_entry_gini,3,3,0.43051511750581906,0.3949412709613307,1.0
C,,partition,0.4|wd1.0,5,,coset,iid,end,w_WV_row_gini,3,3,0.06357818372198465,0.018391156479583115,0.7777777777777777
C,,partition,0.4|wd1.0,5,,coset,iid,end,w_WV_row_pr,3,3,0.9876034255715095,0.9989182820505947,-1.0
C,,partition,0.4|wd1.0,5,,coset,iid,end,w_WV_dist_init,3,3,24.9611759185791,26.923507690429688,-0.7777777777777778
C,,partition,0.4|wd1.0,5,,coset,iid,end,w_WV_rel_dist_init,3,3,1.5625460429398994,1.6853861589281096,-0.7777777777777778
C,,partition,0.4|wd1.0,5,,coset,iid,end,w_WV_cos_init,3,3,-0.0017235182458534837,0.044506702572107315,-1.0
C,,partition,0.4|wd1.0,5,,coset,iid,end,w_WO_fro,3,3,19.29583740234375,22.405305862426758,-0.7777777777777778
C,,partition,0.4|wd1.0,5,,coset,iid,end,w_WO_spec,3,3,5.715672016143799,6.027021884918213,-0.33333333333333337
C,,partition,0.4|wd1.0,5,,coset,iid,end,w_WO_stable_rank,3,3,12.354913711547852,13.820508003234863,-0.33333333333333337
C,,partition,0.4|wd1.0,5,,coset,iid,end,w_WO_eff_rank,3,3,29.838598161489166,30.019885450103175,-0.33333333333333337
C,,partition,0.4|wd1.0,5,,coset,iid,end,w_WO_sv_gini,3,3,0.8896270519956044,0.8808035193381798,0.5555555555555556
C,,partition,0.4|wd1.0,5,,coset,iid,end,w_WO_entry_gini,3,3,0.3972441983979198,0.3655453881278301,0.33333333333333326
C,,partition,0.4|wd1.0,5,,coset,iid,end,w_WO_row_gini,3,3,0.06413315035261569,0.015396329171234235,1.0
C,,partition,0.4|wd1.0,5,,coset,iid,end,w_WO_row_pr,3,3,0.9873041122199744,0.9991556311638747,-1.0
C,,partition,0.4|wd1.0,5,,coset,iid,end,w_WO_dist_init,3,3,24.980241775512695,27.61788558959961,-0.5555555555555556
C,,partition,0.4|wd1.0,5,,coset,iid,end,w_WO_rel_dist_init,3,3,1.5569235615786972,1.7213178792201618,-0.5555555555555556
C,,partition,0.4|wd1.0,5,,coset,iid,end,w_WO_cos_init,3,3,0.003225489053875208,0.043933168053627014,-0.33333333333333337
C,,partition,0.4|wd1.0,5,,coset,iid,end,w_Win_fro,3,3,17.60030174255371,19.943769454956055,-0.33333333333333337
C,,partition,0.4|wd1.0,5,,coset,iid,end,w_Win_spec,3,3,4.715713977813721,4.1191911697387695,0.33333333333333326
C,,partition,0.4|wd1.0,5,,coset,iid,end,w_Win_stable_rank,3,3,14.004624366760254,14.173752784729004,-0.33333333333333337
C,,partition,0.4|wd1.0,5,,coset,iid,end,w_Win_eff_rank,3,3,53.36127128616818,44.872397142171934,0.33333333333333326
C,,partition,0.4|wd1.0,5,,coset,iid,end,w_Win_sv_gini,3,3,0.8082965124517207,0.8110552868973322,-0.11111111111111116
C,,partition,0.4|wd1.0,5,,coset,iid,end,w_Win_entry_gini,3,3,0.41466638446552295,0.3563354601721298,1.0
C,,partition,0.4|wd1.0,5,,coset,iid,end,w_Win_row_gini,3,3,0.10403266790314869,0.07734874880596232,0.7777777777777777
C,,partition,0.4|wd1.0,5,,coset,iid,end,w_Win_row_pr,3,3,0.9667875109108612,0.9785060754965005,-0.7777777777777778
C,,partition,0.4|wd1.0,5,,coset,iid,end,w_Win_dist_init,3,3,28.649866104125977,29.688983917236328,-0.33333333333333337
C,,partition,0.4|wd1.0,5,,coset,iid,end,w_Win_rel_dist_init,3,3,1.2675791299137762,1.312732560723539,-0.33333333333333337
C,,partition,0.4|wd1.0,5,,coset,iid,end,w_Win_cos_init,3,3,-0.0002417271607555449,0.0292173121124506,-1.0
C,,partition,0.4|wd1.0,5,,coset,iid,end,w_Wout_fro,3,3,16.050710678100586,13.4855318069458,0.33333333333333326
C,,partition,0.4|wd1.0,5,,coset,iid,end,w_Wout_spec,3,3,5.555686950683594,5.346517086029053,0.11111111111111116
C,,partition,0.4|wd1.0,5,,coset,iid,end,w_Wout_stable_rank,3,3,8.346454620361328,7.863778591156006,0.33333333333333326
C,,partition,0.4|wd1.0,5,,coset,iid,end,w_Wout_eff_rank,3,3,41.88116298384958,51.85149146166507,-1.0
C,,partition,0.4|wd1.0,5,,coset,iid,end,w_Wout_sv_gini,3,3,0.8530533650805654,0.8387975878199523,1.0
C,,partition,0.4|wd1.0,5,,coset,iid,end,w_Wout_entry_gini,3,3,0.5256781691160863,0.4423088675341389,0.5555555555555556
C,,partition,0.4|wd1.0,5,,coset,iid,end,w_Wout_row_gini,3,3,0.11224343968339112,0.12314541161610171,0.11111111111111116
C,,partition,0.4|wd1.0,5,,coset,iid,end,w_Wout_row_pr,3,3,0.9617371320198472,0.9354492925385965,-0.11111111111111116
C,,partition,0.4|wd1.0,5,,coset,iid,end,w_Wout_dist_init,3,3,22.634119033813477,20.7866153717041,0.33333333333333326
C,,partition,0.4|wd1.0,5,,coset,iid,end,w_Wout_rel_dist_init,3,3,1.4153434344807747,1.29981642084091,0.33333333333333326
C,,partition,0.4|wd1.0,5,,coset,iid,end,w_Wout_cos_init,3,3,0.0036663059145212173,0.010173548012971878,-0.7777777777777778
C,,partition,0.4|wd1.0,5,,coset,iid,end,rep_dead_frac_te,3,3,0.0,0.0,0.0
C,,partition,0.4|wd1.0,5,,coset,iid,end,attn_to_a_mean,3,3,0.47451651096343994,0.49950867891311646,-0.7777777777777778
C,,partition,0.4|wd1.0,5,,coset,iid,end,attn_to_a_head_spread,3,3,0.5441786646842957,0.5739367604255676,-0.5555555555555556
C,,partition,0.4|wd1.0,5,,coset,iid,end,attn_entropy_mean,3,3,0.09820649772882462,0.019592881202697754,0.5555555555555556
C,,partition,0.4|wd1.0,5,,coset,iid,end,irr_E_structure,3,3,0.8528193648017871,0.8484918514736873,0.33333333333333326
C,,partition,0.4|wd1.0,5,,coset,iid,end,irr_E_dominant_share,3,3,0.9861526981351204,0.9416084298670009,0.5555555555555556
C,,partition,0.4|wd1.0,5,,coset,iid,end,irr_E_dominant_over_random,3,3,7.396145236013403,6.605996136411198,0.5555555555555556
C,,partition,0.4|wd1.0,5,,coset,iid,end,irr_E_5,3,3,0.004177379336827057,0.006095238083116605,-0.33333333333333337
C,,partition,0.4|wd1.0,5,,coset,iid,end,irr_E_41,3,3,0.9861526981351204,0.0008192069710541761,1.0
C,,partition,0.4|wd1.0,5,,coset,iid,end,irr_E_32,3,3,0.001846155788693299,0.0007709356631476045,0.7777777777777777
C,,partition,0.4|wd1.0,5,,coset,iid,end,irr_E_311,3,3,0.006733734830655207,0.0011048543798512802,0.7777777777777777
C,,partition,0.4|wd1.0,5,,coset,iid,end,irr_E_221,3,3,0.0013145545184653604,0.0012851259518259698,0.11111111111111116
C,,partition,0.4|wd1.0,5,,coset,iid,end,irr_E_2111,3,3,0.00047494960034924114,0.0008573893261878809,-0.33333333333333337
C,,partition,0.4|wd1.0,5,,coset,iid,end,irr_E_11111,3,3,1.8403160972507455e-05,0.05159076521430247,-1.0
C,,partition,0.4|wd1.0,50,,operand,iid,end,fn_loss_tr,3,3,3.7823243141174316,0.021306443959474564,1.0
C,,partition,0.4|wd1.0,50,,operand,iid,end,fn_acc_tr,3,3,12.986111640930176,100.0,-1.0
C,,partition,0.4|wd1.0,50,,operand,iid,end,fn_margin_tr,3,3,-1.4562230110168457,5.525726318359375,-1.0
C,,partition,0.4|wd1.0,50,,operand,iid,end,fn_entropy_tr,3,3,3.8432347774505615,0.13700290024280548,1.0
C,,partition,0.4|wd1.0,50,,operand,iid,end,fn_loss_te,3,3,5.984273433685303,0.04654015973210335,1.0
C,,partition,0.4|wd1.0,50,,operand,iid,end,fn_acc_te,3,3,0.12731480598449707,99.9884262084961,-1.0
C,,partition,0.4|wd1.0,50,,operand,iid,end,fn_margin_te,3,3,-3.601958751678467,4.8535003662109375,-1.0
C,,partition,0.4|wd1.0,50,,operand,iid,end,fn_entropy_te,3,3,3.852632522583008,0.24261169135570526,1.0
C,,partition,0.4|wd1.0,50,,operand,iid,end,fn_gap_loss,3,3,2.164724111557007,0.025233715772628784,1.0
C,,partition,0.4|wd1.0,50,,operand,iid,end,fn_gap_acc,3,3,12.916667200624943,0.01157379150390625,0.33333333333333326
C,,partition,0.4|wd1.0,50,,operand,iid,end,fn_class_acc_gini,3,3,0.9353009341251473,0.00010461731134769892,1.0
C,,partition,0.4|wd1.0,50,,operand,iid,end,w_all_norm,3,3,73.34598626774435,55.76066641535397,0.5555555555555556
C,,partition,0.4|wd1.0,50,,operand,iid,end,w_all_rel_norm,3,3,1.6248417068749434,1.2372186129369107,0.5555555555555556
C,,partition,0.4|wd1.0,50,,operand,iid,end,w_all_dist_init,3,3,86.06230158853928,71.72029128343321,0.5555555555555556
C,,partition,0.4|wd1.0,50,,operand,iid,end,w_all_rel_dist_init,3,3,1.9065476398427714,1.591331040417537,0.5555555555555556
C,,partition,0.4|wd1.0,50,,operand,iid,end,w_all_cos_init,3,3,0.0013360217347911786,9.904649602248518e-05,1.0
C,,partition,0.4|wd1.0,50,,operand,iid,end,rep_between_within_tr,3,3,0.022978266043205426,1.1964977532574301,-1.0
C,,partition,0.4|wd1.0,50,,operand,iid,end,rep_nc1_tr,3,3,104.91555733947534,317.0059349073398,-0.33333333333333337
C,,partition,0.4|wd1.0,50,,operand,iid,end,rep_eff_rank_te,3,3,74.13424740658712,55.9831278325175,1.0
C,,partition,0.4|wd1.0,50,,operand,iid,end,rep_pr_te,3,3,15.192351039591614,10.63811983074,0.33333333333333326
C,,partition,0.4|wd1.0,50,,operand,iid,end,rep_unit_gini_te,3,3,0.15026128255245452,0.2924656801526675,-1.0
C,,partition,0.4|wd1.0,50,,operand,iid,end,rep_unit_pr_te,3,3,0.9309279602307894,0.77986444138798,1.0
C,,partition,0.4|wd1.0,50,,operand,iid,end,rep_between_within_te,3,3,0.008982293542351569,1.166659208807961,-1.0
C,,partition,0.4|wd1.0,50,,operand,iid,end,unit_interaction_share,3,3,0.22010360302505222,0.23267833675288108,-0.5555555555555556
C,,partition,0.4|wd1.0,50,,operand,iid,end,unit_frac_interacting,3,3,0.0,0.0625,-0.6666666666666667
C,,partition,0.4|wd1.0,50,,operand,iid,end,add_share_a,3,3,0.04158279597234339,0.022046880213470732,0.33333333333333326
C,,partition,0.4|wd1.0,50,,operand,iid,end,add_share_b,3,3,0.4240817521193495,0.02278615036824537,1.0
C,,partition,0.4|wd1.0,50,,operand,iid,end,add_share_interaction,3,3,0.3353957658637136,0.8814692810638861,-1.0
C,,partition,0.4|wd1.0,50,,operand,iid,end,add_acc_interaction_tr,3,3,16.92708396911621,99.58333587646484,-1.0
C,,partition,0.4|wd1.0,50,,operand,iid,end,add_acc_additive_tr,3,3,2.0833334922790527,0.9027777910232544,1.0
C,,partition,0.4|wd1.0,50,,operand,iid,end,add_acc_no_a_tr,3,3,13.52430534362793,100.0,-1.0
C,,partition,0.4|wd1.0,50,,operand,iid,end,add_acc_no_b_tr,3,3,11.979166984558105,100.0,-1.0
C,,partition,0.4|wd1.0,50,,operand,iid,end,add_acc_interaction_te,3,3,0.555555522441864,98.95832824707031,-1.0
C,,partition,0.4|wd1.0,50,,operand,iid,end,add_acc_additive_te,3,3,0.09259258955717087,0.6481481194496155,-1.0
C,,partition,0.4|wd1.0,50,,operand,iid,end,add_acc_no_a_te,3,3,0.11574073880910873,100.0,-1.0
C,,partition,0.4|wd1.0,50,,operand,iid,end,add_acc_no_b_te,3,3,0.5902777910232544,100.0,-1.0
C,,partition,0.4|wd1.0,50,,operand,iid,end,irr_out_structure,3,3,0.5278612643568921,0.8746671673506938,-1.0
C,,partition,0.4|wd1.0,50,,operand,iid,end,irr_out_dominant_share,3,3,0.5361945976902254,0.8830005006840271,-1.0
C,,partition,0.4|wd1.0,50,,operand,iid,end,irr_out_dominant_over_random,3,3,64.34335172282705,105.96006008208326,-1.0
C,,partition,0.4|wd1.0,50,,operand,iid,end,coset_s_nm1_acc_te,3,3,20.000000298023224,99.98842477798462,-1.0
C,,partition,0.4|wd1.0,50,,operand,iid,end,coset_s_nm1_purity_te,3,3,0.00636574074074074,1.0,-1.0
C,,partition,0.4|wd1.0,50,,operand,iid,end,coset_a_n_acc_te,3,3,48.66898059844971,99.98842477798462,-1.0
C,,partition,0.4|wd1.0,50,,operand,iid,end,coset_a_n_purity_te,3,3,0.0026442307692307694,1.0,-1.0
C,,partition,0.4|wd1.0,50,,operand,iid,end,sharp_lambda_max,3,3,223.29200744628906,15.415218353271484,0.33333333333333326
C,,partition,0.4|wd1.0,50,,operand,iid,end,sharp_grad_norm,3,3,6.700760364532471,0.40242740511894226,0.33333333333333326
C,,partition,0.4|wd1.0,50,,operand,iid,end,sharp_lr_lambda,3,3,0.22329200744628908,0.015415218353271485,0.33333333333333326
C,,partition,0.4|wd1.0,50,,operand,iid,end,w_WE_fro,3,3,14.595660209655762,16.860010147094727,-0.7777777777777778
C,,partition,0.4|wd1.0,50,,operand,iid,end,w_WE_spec,3,3,7.3660149574279785,7.981517791748047,-0.5555555555555556
C,,partition,0.4|wd1.0,50,,operand,iid,end,w_WE_stable_rank,3,3,3.926262855529785,4.462133407592773,0.11111111111111116
C,,partition,0.4|wd1.0,50,,operand,iid,end,w_WE_eff_rank,3,3,42.89477244169396,32.763690251083354,0.5555555555555556
C,,partition,0.4|wd1.0,50,,operand,iid,end,w_WE_sv_gini,3,3,0.6704964519927572,0.7491273170970676,-0.5555555555555556
C,,partition,0.4|wd1.0,50,,operand,iid,end,w_WE_entry_gini,3,3,0.39614507987325975,0.4174494097331889,-0.7777777777777778
C,,partition,0.4|wd1.0,50,,operand,iid,end,w_WE_row_gini,3,3,0.07517793646939652,0.02749196662569986,1.0
C,,partition,0.4|wd1.0,50,,operand,iid,end,w_WE_row_pr,3,3,0.9814669838248528,0.9976974017588128,-1.0
C,,partition,0.4|wd1.0,50,,operand,iid,end,w_WE_dist_init,3,3,18.257707595825195,20.08209991455078,-0.7777777777777778
C,,partition,0.4|wd1.0,50,,operand,iid,end,w_WE_rel_dist_init,3,3,1.6601410625197495,1.8363061879996403,-0.7777777777777778
C,,partition,0.4|wd1.0,50,,operand,iid,end,w_WE_cos_init,3,3,0.0015917903510853648,0.0015412719221785665,-0.11111111111111116
C,,partition,0.4|wd1.0,50,,operand,iid,end,w_WU_fro,3,3,3.9377880096435547,10.299044609069824,-1.0
C,,partition,0.4|wd1.0,50,,operand,iid,end,w_WU_spec,3,3,2.888634443283081,9.841898918151855,-1.0
C,,partition,0.4|wd1.0,50,,operand,iid,end,w_WU_stable_rank,3,3,1.8583201169967651,1.1319327354431152,1.0
C,,partition,0.4|wd1.0,50,,operand,iid,end,w_WU_eff_rank,3,3,97.82518179844077,61.81347799072292,1.0
C,,partition,0.4|wd1.0,50,,operand,iid,end,w_WU_sv_gini,3,3,0.26603806183240253,0.48304995551074104,-1.0
C,,partition,0.4|wd1.0,50,,operand,iid,end,w_WU_entry_gini,3,3,0.4153290158577778,0.43684667848869463,-0.33333333333333337
C,,partition,0.4|wd1.0,50,,operand,iid,end,w_WU_row_gini,3,3,0.019897557564980684,0.01646244506059147,0.5555555555555556
C,,partition,0.4|wd1.0,50,,operand,iid,end,w_WU_row_pr,3,3,0.9987475659333482,0.9991466448114555,-0.5555555555555556
C,,partition,0.4|wd1.0,50,,operand,iid,end,w_WU_dist_init,3,3,11.661028861999512,15.059877395629883,-1.0
C,,partition,0.4|wd1.0,50,,operand,iid,end,w_WU_rel_dist_init,3,3,1.0593543233059055,1.3759584004912921,-1.0
C,,partition,0.4|wd1.0,50,,operand,iid,end,w_WU_cos_init,3,3,-0.0027430758345872164,-0.000988741754554212,-0.11111111111111116
C,,partition,0.4|wd1.0,50,,operand,iid,end,w_WQ_fro,3,3,11.220600128173828,20.617265701293945,-1.0
C,,partition,0.4|wd1.0,50,,operand,iid,end,w_WQ_spec,3,3,6.1400933265686035,18.138206481933594,-1.0
C,,partition,0.4|wd1.0,50,,operand,iid,end,w_WQ_stable_rank,3,3,3.1596198081970215,1.2920359373092651,1.0
C,,partition,0.4|wd1.0,50,,operand,iid,end,w_WQ_eff_rank,3,3,6.353248830902443,9.010372938390521,-1.0
C,,partition,0.4|wd1.0,50,,operand,iid,end,w_WQ_sv_gini,3,3,0.9793621284509795,0.9709725924103974,1.0
C,,partition,0.4|wd1.0,50,,operand,iid,end,w_WQ_entry_gini,3,3,0.4833783567762375,0.45700503326058683,1.0
C,,partition,0.4|wd1.0,50,,operand,iid,end,w_WQ_row_gini,3,3,0.057257213528606465,0.22695160756065968,-1.0
C,,partition,0.4|wd1.0,50,,operand,iid,end,w_WQ_row_pr,3,3,0.9890044710918091,0.8403401992753959,1.0
C,,partition,0.4|wd1.0,50,,operand,iid,end,w_WQ_dist_init,3,3,19.486900329589844,26.1856689453125,-1.0
C,,partition,0.4|wd1.0,50,,operand,iid,end,w_WQ_rel_dist_init,3,3,1.2204953180539686,1.62952683203241,-1.0
C,,partition,0.4|wd1.0,50,,operand,iid,end,w_WQ_cos_init,3,3,-0.0018398378742858768,-0.001969503704458475,0.11111111111111116
C,,partition,0.4|wd1.0,50,,operand,iid,end,w_WK_fro,3,3,32.72098922729492,17.73961639404297,0.7777777777777777
C,,partition,0.4|wd1.0,50,,operand,iid,end,w_WK_spec,3,3,31.594356536865234,15.214198112487793,0.7777777777777777
C,,partition,0.4|wd1.0,50,,operand,iid,end,w_WK_stable_rank,3,3,1.0725675821304321,1.3595620393753052,-0.7777777777777778
C,,partition,0.4|wd1.0,50,,operand,iid,end,w_WK_eff_rank,3,3,4.201920278504728,11.125060598453693,-1.0
C,,partition,0.4|wd1.0,50,,operand,iid,end,w_WK_sv_gini,3,3,0.9860627742830321,0.9671321479064685,1.0
C,,partition,0.4|wd1.0,50,,operand,iid,end,w_WK_entry_gini,3,3,0.3685493777618576,0.44867998991388736,-0.5555555555555556
C,,partition,0.4|wd1.0,50,,operand,iid,end,w_WK_row_gini,3,3,0.17282355119414494,0.10930508520235183,0.33333333333333326
C,,partition,0.4|wd1.0,50,,operand,iid,end,w_WK_row_pr,3,3,0.8891981068722694,0.9530162135333493,-0.33333333333333337
C,,partition,0.4|wd1.0,50,,operand,iid,end,w_WK_dist_init,3,3,36.44755554199219,23.889862060546875,0.7777777777777777
C,,partition,0.4|wd1.0,50,,operand,iid,end,w_WK_rel_dist_init,3,3,2.2750570073399667,1.4912055768078438,0.7777777777777777
C,,partition,0.4|wd1.0,50,,operand,iid,end,w_WK_cos_init,3,3,-0.0010539584327489138,-0.0011731917038559914,0.33333333333333326
C,,partition,0.4|wd1.0,50,,operand,iid,end,w_WV_fro,3,3,59.32685852050781,34.948326110839844,0.33333333333333326
C,,partition,0.4|wd1.0,50,,operand,iid,end,w_WV_spec,3,3,32.54817581176758,16.90924835205078,0.33333333333333326
C,,partition,0.4|wd1.0,50,,operand,iid,end,w_WV_stable_rank,3,3,3.4293742179870605,4.271594524383545,-1.0
C,,partition,0.4|wd1.0,50,,operand,iid,end,w_WV_eff_rank,3,3,9.355856941309154,12.967656538676309,-1.0
C,,partition,0.4|wd1.0,50,,operand,iid,end,w_WV_sv_gini,3,3,0.9713502472204336,0.9562082550413062,1.0
C,,partition,0.4|wd1.0,50,,operand,iid,end,w_WV_entry_gini,3,3,0.3129365028205766,0.3885743308605665,-1.0
C,,partition,0.4|wd1.0,50,,operand,iid,end,w_WV_row_gini,3,3,0.03560572196851752,0.1592498781822056,-0.7777777777777778
C,,partition,0.4|wd1.0,50,,operand,iid,end,w_WV_row_pr,3,3,0.9961228602012479,0.9205090128414777,0.7777777777777777
C,,partition,0.4|wd1.0,50,,operand,iid,end,w_WV_dist_init,3,3,61.38765335083008,38.45602035522461,0.33333333333333326
C,,partition,0.4|wd1.0,50,,operand,iid,end,w_WV_rel_dist_init,3,3,3.8428091345372017,2.4014769978699757,0.33333333333333326
C,,partition,0.4|wd1.0,50,,operand,iid,end,w_WV_cos_init,3,3,0.0033883778378367424,-0.0005296090967021883,0.33333333333333326
C,,partition,0.4|wd1.0,50,,operand,iid,end,w_WO_fro,3,3,12.707993507385254,15.707229614257812,-1.0
C,,partition,0.4|wd1.0,50,,operand,iid,end,w_WO_spec,3,3,5.042166709899902,6.3836259841918945,-0.7777777777777778
C,,partition,0.4|wd1.0,50,,operand,iid,end,w_WO_stable_rank,3,3,6.469536781311035,6.054473876953125,0.11111111111111116
C,,partition,0.4|wd1.0,50,,operand,iid,end,w_WO_eff_rank,3,3,16.522440455621215,18.047992890823316,-0.11111111111111116
C,,partition,0.4|wd1.0,50,,operand,iid,end,w_WO_sv_gini,3,3,0.9483795820250505,0.9311370977605531,0.33333333333333326
C,,partition,0.4|wd1.0,50,,operand,iid,end,w_WO_entry_gini,3,3,0.42339867663472597,0.4044403546496451,0.7777777777777777
C,,partition,0.4|wd1.0,50,,operand,iid,end,w_WO_row_gini,3,3,0.13573329709714654,0.11163402366695285,1.0
C,,partition,0.4|wd1.0,50,,operand,iid,end,w_WO_row_pr,3,3,0.944386544797596,0.9628693039776953,-1.0
C,,partition,0.4|wd1.0,50,,operand,iid,end,w_WO_dist_init,3,3,20.469135284423828,22.422794342041016,-1.0
C,,partition,0.4|wd1.0,50,,operand,iid,end,w_WO_rel_dist_init,3,3,1.276729553019496,1.3975275796481217,-1.0
C,,partition,0.4|wd1.0,50,,operand,iid,end,w_WO_cos_init,3,3,-0.0035178058315068483,0.002708262065425515,0.11111111111111116
C,,partition,0.4|wd1.0,50,,operand,iid,end,w_Win_fro,3,3,14.532705307006836,13.424589157104492,0.33333333333333326
C,,partition,0.4|wd1.0,50,,operand,iid,end,w_Win_spec,3,3,4.617320537567139,5.039581298828125,-0.5555555555555556
C,,partition,0.4|wd1.0,50,,operand,iid,end,w_Win_stable_rank,3,3,9.90664291381836,7.5644145011901855,0.5555555555555556
C,,partition,0.4|wd1.0,50,,operand,iid,end,w_Win_eff_rank,3,3,145.70718817403824,68.59682881766582,1.0
C,,partition,0.4|wd1.0,50,,operand,iid,end,w_Win_sv_gini,3,3,0.4994015722584695,0.7423964501501723,-1.0
C,,partition,0.4|wd1.0,50,,operand,iid,end,w_Win_entry_gini,3,3,0.42454815860991,0.4586788188567401,-1.0
C,,partition,0.4|wd1.0,50,,operand,iid,end,w_Win_row_gini,3,3,0.10355825892498349,0.15089355395938786,-1.0
C,,partition,0.4|wd1.0,50,,operand,iid,end,w_Win_row_pr,3,3,0.9674922174037662,0.9329901987297664,1.0
C,,partition,0.4|wd1.0,50,,operand,iid,end,w_Win_dist_init,3,3,26.808452606201172,26.2620792388916,0.33333333333333326
C,,partition,0.4|wd1.0,50,,operand,iid,end,w_Win_rel_dist_init,3,3,1.1856646381100833,1.1615000363577896,0.33333333333333326
C,,partition,0.4|wd1.0,50,,operand,iid,end,w_Win_cos_init,3,3,0.004021595697849989,0.0027853217907249928,0.5555555555555556
C,,partition,0.4|wd1.0,50,,operand,iid,end,w_Wout_fro,3,3,7.797506809234619,8.688765525817871,-1.0
C,,partition,0.4|wd1.0,50,,operand,iid,end,w_Wout_spec,3,3,1.1840107440948486,2.514763355255127,-1.0
C,,partition,0.4|wd1.0,50,,operand,iid,end,w_Wout_stable_rank,3,3,43.90153884887695,14.286351203918457,1.0
C,,partition,0.4|wd1.0,50,,operand,iid,end,w_Wout_eff_rank,3,3,206.1611292480331,106.32513766783617,1.0
C,,partition,0.4|wd1.0,50,,operand,iid,end,w_Wout_sv_gini,3,3,0.3704497855300579,0.6869545012003204,-1.0
C,,partition,0.4|wd1.0,50,,operand,iid,end,w_Wout_entry_gini,3,3,0.4160439049798772,0.46587882542438663,-1.0
C,,partition,0.4|wd1.0,50,,operand,iid,end,w_Wout_row_gini,3,3,0.055336088285509843,0.10220894458561025,-1.0
C,,partition,0.4|wd1.0,50,,operand,iid,end,w_Wout_row_pr,3,3,0.9903729408062175,0.9579491580767053,1.0
C,,partition,0.4|wd1.0,50,,operand,iid,end,w_Wout_dist_init,3,3,17.816301345825195,18.20182991027832,-1.0
C,,partition,0.4|wd1.0,50,,operand,iid,end,w_Wout_rel_dist_init,3,3,1.1133092742748165,1.1381861348595974,-1.0
C,,partition,0.4|wd1.0,50,,operand,iid,end,w_Wout_cos_init,3,3,-0.0020961735863238573,0.0024883560836315155,-0.7777777777777778
C,,partition,0.4|wd1.0,50,,operand,iid,end,rep_dead_frac_te,3,3,0.0,0.0,0.0
C,,partition,0.4|wd1.0,50,,operand,iid,end,attn_to_a_mean,3,3,0.41667741537094116,0.5188868045806885,-1.0
C,,partition,0.4|wd1.0,50,,operand,iid,end,attn_to_a_head_spread,3,3,0.03635672852396965,0.4123668074607849,-1.0
C,,partition,0.4|wd1.0,50,,operand,iid,end,attn_entropy_mean,3,3,0.11391352862119675,0.2343636155128479,-0.33333333333333337
C,,partition,0.4|wd1.0,50,,operand,iid,end,irr_E_structure,3,3,0.16748543629484203,0.8187040708865438,-1.0
C,,partition,0.4|wd1.0,50,,operand,iid,end,irr_E_dominant_share,3,3,0.28248031345993585,0.9029839343432993,-1.0
C,,partition,0.4|wd1.0,50,,operand,iid,end,irr_E_dominant_over_random,3,3,0.9416010448664529,6.772379507574745,-1.0
C,,partition,0.4|wd1.0,50,,operand,iid,end,irr_E_5,3,3,0.03685189938132463,0.0075059669376745745,0.7777777777777777
C,,partition,0.4|wd1.0,50,,operand,iid,end,irr_E_41,3,3,0.24281013927026335,0.9029839343432993,-1.0
C,,partition,0.4|wd1.0,50,,operand,iid,end,irr_E_32,3,3,0.16193974594815563,0.014376068448156289,1.0
C,,partition,0.4|wd1.0,50,,operand,iid,end,irr_E_311,3,3,0.2547353471326639,0.01901491154332403,1.0
C,,partition,0.4|wd1.0,50,,operand,iid,end,irr_E_221,3,3,0.1823127431891584,0.004315659482272292,1.0
C,,partition,0.4|wd1.0,50,,operand,iid,end,irr_E_2111,3,3,0.0990850159649813,0.0029347542895051446,1.0
C,,partition,0.4|wd1.0,50,,operand,iid,end,irr_E_11111,3,3,0.0026123520829104403,0.08174486608335718,-0.33333333333333337
C,,partition,0.4|wd1.0,50,,target,iid,end,fn_loss_tr,3,3,5.372883319854736,0.021306443959474564,1.0
C,,partition,0.4|wd1.0,50,,target,iid,end,fn_acc_tr,3,3,0.9201388955116272,100.0,-1.0
C,,partition,0.4|wd1.0,50,,target,iid,end,fn_margin_tr,3,3,-3.2450733184814453,5.525726318359375,-1.0
C,,partition,0.4|wd1.0,50,,target,iid,end,fn_entropy_tr,3,3,4.030923366546631,0.13700290024280548,1.0
C,,partition,0.4|wd1.0,50,,target,iid,end,fn_loss_te,3,3,5.405493259429932,0.04654015973210335,1.0
C,,partition,0.4|wd1.0,50,,target,iid,end,fn_acc_te,3,3,0.7754629254341125,99.9884262084961,-1.0
C,,partition,0.4|wd1.0,50,,target,iid,end,fn_margin_te,3,3,-3.3505496978759766,4.8535003662109375,-0.7777777777777778
C,,partition,0.4|wd1.0,50,,target,iid,end,fn_entropy_te,3,3,4.0329365730285645,0.24261169135570526,1.0
C,,partition,0.4|wd1.0,50,,target,iid,end,fn_gap_loss,3,3,0.03260993957519531,0.025233715772628784,0.11111111111111116
C,,partition,0.4|wd1.0,50,,target,iid,end,fn_gap_acc,3,3,0.14467597007751465,0.01157379150390625,0.33333333333333326
C,,partition,0.4|wd1.0,50,,target,iid,end,fn_class_acc_gini,3,3,0.9916666666666667,0.00010461731134769892,1.0
C,,partition,0.4|wd1.0,50,,target,iid,end,w_all_norm,3,3,44.469635453448454,55.76066641535397,-1.0
C,,partition,0.4|wd1.0,50,,target,iid,end,w_all_rel_norm,3,3,0.9858901405589826,1.2372186129369107,-1.0
C,,partition,0.4|wd1.0,50,,target,iid,end,w_all_dist_init,3,3,63.35175854766614,71.72029128343321,-1.0
C,,partition,0.4|wd1.0,50,,target,iid,end,w_all_rel_dist_init,3,3,1.4045060973031636,1.591331040417537,-1.0
C,,partition,0.4|wd1.0,50,,target,iid,end,w_all_cos_init,3,3,-0.00033373003965304194,9.904649602248518e-05,-0.11111111111111116
C,,partition,0.4|wd1.0,50,,target,iid,end,rep_between_within_tr,3,3,0.022853166097145147,1.1964977532574301,-1.0
C,,partition,0.4|wd1.0,50,,target,iid,end,rep_nc1_tr,3,3,6999.888517823753,317.0059349073398,1.0
C,,partition,0.4|wd1.0,50,,target,iid,end,rep_eff_rank_te,3,3,2.9516915321183896,55.9831278325175,-1.0
C,,partition,0.4|wd1.0,50,,target,iid,end,rep_pr_te,3,3,1.0042148498329815,10.63811983074,-1.0
C,,partition,0.4|wd1.0,50,,target,iid,end,rep_unit_gini_te,3,3,0.9791280932598685,0.2924656801526675,1.0
C,,partition,0.4|wd1.0,50,,target,iid,end,rep_unit_pr_te,3,3,0.022661618661272778,0.77986444138798,-1.0
C,,partition,0.4|wd1.0,50,,target,iid,end,rep_between_within_te,3,3,0.010187786529846945,1.166659208807961,-1.0
C,,partition,0.4|wd1.0,50,,target,iid,end,unit_interaction_share,3,3,4.94036004385312e-05,0.23267833675288108,-1.0
C,,partition,0.4|wd1.0,50,,target,iid,end,unit_frac_interacting,3,3,0.0,0.0625,-0.6666666666666667
C,,partition,0.4|wd1.0,50,,target,iid,end,add_share_a,3,3,0.0008927726269234654,0.022046880213470732,-1.0
C,,partition,0.4|wd1.0,50,,target,iid,end,add_share_b,3,3,0.0009067470707030533,0.02278615036824537,-1.0
C,,partition,0.4|wd1.0,50,,target,iid,end,add_share_interaction,3,3,5.967209444157574e-08,0.8814692810638861,-1.0
C,,partition,0.4|wd1.0,50,,target,iid,end,add_acc_interaction_tr,3,3,1.0069444179534912,99.58333587646484,-1.0
C,,partition,0.4|wd1.0,50,,target,iid,end,add_acc_additive_tr,3,3,0.9201388955116272,0.9027777910232544,0.0
C,,partition,0.4|wd1.0,50,,target,iid,end,add_acc_no_a_tr,3,3,0.9201388955116272,100.0,-1.0
C,,partition,0.4|wd1.0,50,,target,iid,end,add_acc_no_b_tr,3,3,0.9201388955116272,100.0,-1.0
C,,partition,0.4|wd1.0,50,,target,iid,end,add_acc_interaction_te,3,3,0.7870370745658875,98.95832824707031,-1.0
C,,partition,0.4|wd1.0,50,,target,iid,end,add_acc_additive_te,3,3,0.7754629254341125,0.6481481194496155,0.7777777777777777
C,,partition,0.4|wd1.0,50,,target,iid,end,add_acc_no_a_te,3,3,0.7754629254341125,100.0,-1.0
C,,partition,0.4|wd1.0,50,,target,iid,end,add_acc_no_b_te,3,3,0.7754629254341125,100.0,-1.0
C,,partition,0.4|wd1.0,50,,target,iid,end,irr_out_structure,3,3,0.9914546201199619,0.8746671673506938,1.0
C,,partition,0.4|wd1.0,50,,target,iid,end,irr_out_dominant_share,3,3,0.9997879534532951,0.8830005006840271,1.0
C,,partition,0.4|wd1.0,50,,target,iid,end,irr_out_dominant_over_random,3,3,119.97455441439541,105.96006008208326,1.0
C,,partition,0.4|wd1.0,50,,target,iid,end,coset_s_nm1_acc_te,3,3,19.675925374031067,99.98842477798462,-1.0
C,,partition,0.4|wd1.0,50,,target,iid,end,coset_s_nm1_purity_te,3,3,0.039411764705882354,1.0,-1.0
C,,partition,0.4|wd1.0,50,,target,iid,end,coset_a_n_acc_te,3,3,50.06944537162781,99.98842477798462,-1.0
C,,partition,0.4|wd1.0,50,,target,iid,end,coset_a_n_purity_te,3,3,0.015592273679311148,1.0,-1.0
C,,partition,0.4|wd1.0,50,,target,iid,end,sharp_lambda_max,3,3,1100.37744140625,15.415218353271484,0.33333333333333326
C,,partition,0.4|wd1.0,50,,target,iid,end,sharp_grad_norm,3,3,16.12164306640625,0.40242740511894226,0.33333333333333326
C,,partition,0.4|wd1.0,50,,target,iid,end,sharp_lr_lambda,3,3,1.10037744140625,0.015415218353271485,0.33333333333333326
C,,partition,0.4|wd1.0,50,,target,iid,end,w_WE_fro,3,3,3.502216100692749,16.860010147094727,-1.0
C,,partition,0.4|wd1.0,50,,target,iid,end,w_WE_spec,3,3,2.7469799518585205,7.981517791748047,-1.0
C,,partition,0.4|wd1.0,50,,target,iid,end,w_WE_stable_rank,3,3,1.625193476676941,4.462133407592773,-1.0
C,,partition,0.4|wd1.0,50,,target,iid,end,w_WE_eff_rank,3,3,27.485207304195132,32.763690251083354,-0.11111111111111116
C,,partition,0.4|wd1.0,50,,target,iid,end,w_WE_sv_gini,3,3,0.7864953263474852,0.7491273170970676,0.11111111111111116
C,,partition,0.4|wd1.0,50,,target,iid,end,w_WE_entry_gini,3,3,0.34025412049757375,0.4174494097331889,-1.0
C,,partition,0.4|wd1.0,50,,target,iid,end,w_WE_row_gini,3,3,0.0742388785873147,0.02749196662569986,1.0
C,,partition,0.4|wd1.0,50,,target,iid,end,w_WE_row_pr,3,3,0.9825669202419051,0.9976974017588128,-1.0
C,,partition,0.4|wd1.0,50,,target,iid,end,w_WE_dist_init,3,3,11.514930725097656,20.08209991455078,-1.0
C,,partition,0.4|wd1.0,50,,target,iid,end,w_WE_rel_dist_init,3,3,1.0529246759480135,1.8363061879996403,-1.0
C,,partition,0.4|wd1.0,50,,target,iid,end,w_WE_cos_init,3,3,0.0005555350799113512,0.0015412719221785665,-0.11111111111111116
C,,partition,0.4|wd1.0,50,,target,iid,end,w_WU_fro,3,3,42.6564826965332,10.299044609069824,1.0
C,,partition,0.4|wd1.0,50,,target,iid,end,w_WU_spec,3,3,42.65456008911133,9.841898918151855,1.0
C,,partition,0.4|wd1.0,50,,target,iid,end,w_WU_stable_rank,3,3,1.000049352645874,1.1319327354431152,-1.0
C,,partition,0.4|wd1.0,50,,target,iid,end,w_WU_eff_rank,3,3,1.1821023052941422,61.81347799072292,-1.0
C,,partition,0.4|wd1.0,50,,target,iid,end,w_WU_sv_gini,3,3,0.9887218717079622,0.48304995551074104,1.0
C,,partition,0.4|wd1.0,50,,target,iid,end,w_WU_entry_gini,3,3,0.4521760818332947,0.43684667848869463,0.33333333333333326
C,,partition,0.4|wd1.0,50,,target,iid,end,w_WU_row_gini,3,3,0.007415384452522877,0.01646244506059147,-1.0
C,,partition,0.4|wd1.0,50,,target,iid,end,w_WU_row_pr,3,3,0.9998276094659466,0.9991466448114555,1.0
C,,partition,0.4|wd1.0,50,,target,iid,end,w_WU_dist_init,3,3,44.08535385131836,15.059877395629883,1.0
C,,partition,0.4|wd1.0,50,,target,iid,end,w_WU_rel_dist_init,3,3,4.011460909276219,1.3759584004912921,1.0
C,,partition,0.4|wd1.0,50,,target,iid,end,w_WU_cos_init,3,3,-0.001333017135038972,-0.000988741754554212,-0.11111111111111116
C,,partition,0.4|wd1.0,50,,target,iid,end,w_WQ_fro,3,3,3.0104949474334717,20.617265701293945,-1.0
C,,partition,0.4|wd1.0,50,,target,iid,end,w_WQ_spec,3,3,2.957643985748291,18.138206481933594,-1.0
C,,partition,0.4|wd1.0,50,,target,iid,end,w_WQ_stable_rank,3,3,1.1563565731048584,1.2920359373092651,-0.33333333333333337
C,,partition,0.4|wd1.0,50,,target,iid,end,w_WQ_eff_rank,3,3,16.67013143945591,9.010372938390521,0.7777777777777777
C,,partition,0.4|wd1.0,50,,target,iid,end,w_WQ_sv_gini,3,3,0.907480474982622,0.9709725924103974,-1.0
C,,partition,0.4|wd1.0,50,,target,iid,end,w_WQ_entry_gini,3,3,0.4469163094722024,0.45700503326058683,-0.11111111111111116
C,,partition,0.4|wd1.0,50,,target,iid,end,w_WQ_row_gini,3,3,0.1415151440446436,0.22695160756065968,0.11111111111111116
C,,partition,0.4|wd1.0,50,,target,iid,end,w_WQ_row_pr,3,3,0.9323307357612376,0.8403401992753959,-0.11111111111111116
C,,partition,0.4|wd1.0,50,,target,iid,end,w_WQ_dist_init,3,3,16.345834732055664,26.1856689453125,-1.0
C,,partition,0.4|wd1.0,50,,target,iid,end,w_WQ_rel_dist_init,3,3,1.017196709523822,1.62952683203241,-1.0
C,,partition,0.4|wd1.0,50,,target,iid,end,w_WQ_cos_init,3,3,0.001088385353796184,-0.001969503704458475,-0.11111111111111116
C,,partition,0.4|wd1.0,50,,target,iid,end,w_WK_fro,3,3,2.6407103538513184,17.73961639404297,-1.0
C,,partition,0.4|wd1.0,50,,target,iid,end,w_WK_spec,3,3,2.2267966270446777,15.214198112487793,-1.0
C,,partition,0.4|wd1.0,50,,target,iid,end,w_WK_stable_rank,3,3,1.1897754669189453,1.3595620393753052,-0.33333333333333337
C,,partition,0.4|wd1.0,50,,target,iid,end,w_WK_eff_rank,3,3,14.42966149301436,11.125060598453693,0.7777777777777777
C,,partition,0.4|wd1.0,50,,target,iid,end,w_WK_sv_gini,3,3,0.9123162053766063,0.9671321479064685,-1.0
C,,partition,0.4|wd1.0,50,,target,iid,end,w_WK_entry_gini,3,3,0.479215059516378,0.44867998991388736,0.33333333333333326
C,,partition,0.4|wd1.0,50,,target,iid,end,w_WK_row_gini,3,3,0.23321429128408422,0.10930508520235183,0.5555555555555556
C,,partition,0.4|wd1.0,50,,target,iid,end,w_WK_row_pr,3,3,0.8438866760806143,0.9530162135333493,-0.33333333333333337
C,,partition,0.4|wd1.0,50,,target,iid,end,w_WK_dist_init,3,3,16.256790161132812,23.889862060546875,-1.0
C,,partition,0.4|wd1.0,50,,target,iid,end,w_WK_rel_dist_init,3,3,1.013808484444788,1.4912055768078438,-1.0
C,,partition,0.4|wd1.0,50,,target,iid,end,w_WK_cos_init,3,3,-0.0005062042619101703,-0.0011731917038559914,0.33333333333333326
C,,partition,0.4|wd1.0,50,,target,iid,end,w_WV_fro,3,3,4.343963623046875,34.948326110839844,-1.0
C,,partition,0.4|wd1.0,50,,target,iid,end,w_WV_spec,3,3,3.745673418045044,16.90924835205078,-1.0
C,,partition,0.4|wd1.0,50,,target,iid,end,w_WV_stable_rank,3,3,1.0135656595230103,4.271594524383545,-1.0
C,,partition,0.4|wd1.0,50,,target,iid,end,w_WV_eff_rank,3,3,1.6771747961958112,12.967656538676309,-1.0
C,,partition,0.4|wd1.0,50,,target,iid,end,w_WV_sv_gini,3,3,0.994520974575992,0.9562082550413062,1.0
C,,partition,0.4|wd1.0,50,,target,iid,end,w_WV_entry_gini,3,3,0.4632783602142583,0.3885743308605665,1.0
C,,partition,0.4|wd1.0,50,,target,iid,end,w_WV_row_gini,3,3,0.003304546632838967,0.1592498781822056,-0.7777777777777778
C,,partition,0.4|wd1.0,50,,target,iid,end,w_WV_row_pr,3,3,0.999947905484499,0.9205090128414777,0.7777777777777777
C,,partition,0.4|wd1.0,50,,target,iid,end,w_WV_dist_init,3,3,16.599817276000977,38.45602035522461,-1.0
C,,partition,0.4|wd1.0,50,,target,iid,end,w_WV_rel_dist_init,3,3,1.0366147872018452,2.4014769978699757,-1.0
C,,partition,0.4|wd1.0,50,,target,iid,end,w_WV_cos_init,3,3,-0.0018127434886991978,-0.0005296090967021883,-0.33333333333333337
C,,partition,0.4|wd1.0,50,,target,iid,end,w_WO_fro,3,3,10.137625694274902,15.707229614257812,-1.0
C,,partition,0.4|wd1.0,50,,target,iid,end,w_WO_spec,3,3,10.137616157531738,6.3836259841918945,0.5555555555555556
C,,partition,0.4|wd1.0,50,,target,iid,end,w_WO_stable_rank,3,3,1.000000238418579,6.054473876953125,-1.0
C,,partition,0.4|wd1.0,50,,target,iid,end,w_WO_eff_rank,3,3,1.0077497225565986,18.047992890823316,-1.0
C,,partition,0.4|wd1.0,50,,target,iid,end,w_WO_sv_gini,3,3,0.9960798846529861,0.9311370977605531,1.0
C,,partition,0.4|wd1.0,50,,target,iid,end,w_WO_entry_gini,3,3,0.26896906714215163,0.4044403546496451,-1.0
C,,partition,0.4|wd1.0,50,,target,iid,end,w_WO_row_gini,3,3,0.0002992521250422264,0.11163402366695285,-1.0
C,,partition,0.4|wd1.0,50,,target,iid,end,w_WO_row_pr,3,3,0.9999996223799799,0.9628693039776953,1.0
C,,partition,0.4|wd1.0,50,,target,iid,end,w_WO_dist_init,3,3,18.9296932220459,22.422794342041016,-1.0
C,,partition,0.4|wd1.0,50,,target,iid,end,w_WO_rel_dist_init,3,3,1.1832621867816504,1.3975275796481217,-1.0
C,,partition,0.4|wd1.0,50,,target,iid,end,w_WO_cos_init,3,3,0.0011423238320276141,0.002708262065425515,0.11111111111111116
C,,partition,0.4|wd1.0,50,,target,iid,end,w_Win_fro,3,3,3.087247371673584,13.424589157104492,-1.0
C,,partition,0.4|wd1.0,50,,target,iid,end,w_Win_spec,3,3,3.0264358520507812,5.039581298828125,-1.0
C,,partition,0.4|wd1.0,50,,target,iid,end,w_Win_stable_rank,3,3,1.0403964519500732,7.5644145011901855,-1.0
C,,partition,0.4|wd1.0,50,,target,iid,end,w_Win_eff_rank,3,3,4.381559334217608,68.59682881766582,-1.0
C,,partition,0.4|wd1.0,50,,target,iid,end,w_Win_sv_gini,3,3,0.9846108413940511,0.7423964501501723,1.0
C,,partition,0.4|wd1.0,50,,target,iid,end,w_Win_entry_gini,3,3,0.962828774725982,0.4586788188567401,1.0
C,,partition,0.4|wd1.0,50,,target,iid,end,w_Win_row_gini,3,3,0.9555204604545453,0.15089355395938786,1.0
C,,partition,0.4|wd1.0,50,,target,iid,end,w_Win_row_pr,3,3,0.04059288206320868,0.9329901987297664,-1.0
C,,partition,0.4|wd1.0,50,,target,iid,end,w_Win_dist_init,3,3,22.807680130004883,26.2620792388916,-1.0
C,,partition,0.4|wd1.0,50,,target,iid,end,w_Win_rel_dist_init,3,3,1.00909858459617,1.1615000363577896,-1.0
C,,partition,0.4|wd1.0,50,,target,iid,end,w_Win_cos_init,3,3,0.002011937787756324,0.0027853217907249928,-0.11111111111111116
C,,partition,0.4|wd1.0,50,,target,iid,end,w_Wout_fro,3,3,2.4039382934570312,8.688765525817871,-1.0
C,,partition,0.4|wd1.0,50,,target,iid,end,w_Wout_spec,3,3,2.0606400966644287,2.514763355255127,-0.33333333333333337
C,,partition,0.4|wd1.0,50,,target,iid,end,w_Wout_stable_rank,3,3,1.360796332359314,14.286351203918457,-1.0
C,,partition,0.4|wd1.0,50,,target,iid,end,w_Wout_eff_rank,3,3,6.636059021394039,106.32513766783617,-1.0
C,,partition,0.4|wd1.0,50,,target,iid,end,w_Wout_sv_gini,3,3,0.977635723193083,0.6869545012003204,1.0
C,,partition,0.4|wd1.0,50,,target,iid,end,w_Wout_entry_gini,3,3,0.9353862707176617,0.46587882542438663,1.0
C,,partition,0.4|wd1.0,50,,target,iid,end,w_Wout_row_gini,3,3,0.909674885947489,0.10220894458561025,1.0
C,,partition,0.4|wd1.0,50,,target,iid,end,w_Wout_row_pr,3,3,0.08922619702741767,0.9579491580767053,-1.0
C,,partition,0.4|wd1.0,50,,target,iid,end,w_Wout_dist_init,3,3,16.175643920898438,18.20182991027832,-1.0
C,,partition,0.4|wd1.0,50,,target,iid,end,w_Wout_rel_dist_init,3,3,1.011485862901958,1.1381861348595974,-1.0
C,,partition,0.4|wd1.0,50,,target,iid,end,w_Wout_cos_init,3,3,-0.0016865802463144064,0.0024883560836315155,-0.7777777777777778
C,,partition,0.4|wd1.0,50,,target,iid,end,rep_dead_frac_te,3,3,0.962890625,0.0,1.0
C,,partition,0.4|wd1.0,50,,target,iid,end,attn_to_a_mean,3,3,0.49984604120254517,0.5188868045806885,-0.11111111111111116
C,,partition,0.4|wd1.0,50,,target,iid,end,attn_to_a_head_spread,3,3,0.001132362987846136,0.4123668074607849,-1.0
C,,partition,0.4|wd1.0,50,,target,iid,end,attn_entropy_mean,3,3,0.6928893327713013,0.2343636155128479,1.0
C,,partition,0.4|wd1.0,50,,target,iid,end,irr_E_structure,3,3,0.5974133348441683,0.8187040708865438,-1.0
C,,partition,0.4|wd1.0,50,,target,iid,end,irr_E_dominant_share,3,3,0.6057466681775016,0.9029839343432993,-0.7777777777777778
C,,partition,0.4|wd1.0,50,,target,iid,end,irr_E_dominant_over_random,3,3,72.6896001813002,6.772379507574745,1.0
C,,partition,0.4|wd1.0,50,,target,iid,end,irr_E_5,3,3,0.6057466681775016,0.0075059669376745745,1.0
C,,partition,0.4|wd1.0,50,,target,iid,end,irr_E_41,3,3,0.05031481308990312,0.9029839343432993,-1.0
C,,partition,0.4|wd1.0,50,,target,iid,end,irr_E_32,3,3,0.08503572372980671,0.014376068448156289,1.0
C,,partition,0.4|wd1.0,50,,target,iid,end,irr_E_311,3,3,0.12101244112899416,0.01901491154332403,1.0
C,,partition,0.4|wd1.0,50,,target,iid,end,irr_E_221,3,3,0.0865935843660505,0.004315659482272292,1.0
C,,partition,0.4|wd1.0,50,,target,iid,end,irr_E_2111,3,3,0.05721862185084251,0.0029347542895051446,1.0
C,,partition,0.4|wd1.0,50,,target,iid,end,irr_E_11111,3,3,0.002632285787471873,0.08174486608335718,-0.33333333333333337
C,,partition,0.4|wd1.0,50,,dirichlet0.5,iid,end,fn_loss_tr,3,3,2.0670156478881836,0.021306443959474564,0.33333333333333326
C,,partition,0.4|wd1.0,50,,dirichlet0.5,iid,end,fn_acc_tr,3,3,47.048614501953125,100.0,-0.33333333333333337
C,,partition,0.4|wd1.0,50,,dirichlet0.5,iid,end,fn_margin_tr,3,3,-0.08852481842041016,5.525726318359375,-0.33333333333333337
C,,partition,0.4|wd1.0,50,,dirichlet0.5,iid,end,fn_entropy_tr,3,3,3.1303634643554688,0.13700290024280548,0.33333333333333326
C,,partition,0.4|wd1.0,50,,dirichlet0.5,iid,end,fn_loss_te,3,3,2.8249127864837646,0.04654015973210335,0.33333333333333326
C,,partition,0.4|wd1.0,50,,dirichlet0.5,iid,end,fn_acc_te,3,3,23.66897964477539,99.9884262084961,-0.33333333333333337
C,,partition,0.4|wd1.0,50,,dirichlet0.5,iid,end,fn_margin_te,3,3,-0.9767159223556519,4.8535003662109375,-0.33333333333333337
C,,partition,0.4|wd1.0,50,,dirichlet0.5,iid,end,fn_entropy_te,3,3,3.248929977416992,0.24261169135570526,0.33333333333333326
C,,partition,0.4|wd1.0,50,,dirichlet0.5,iid,end,fn_gap_loss,3,3,0.757897138595581,0.025233715772628784,0.33333333333333326
C,,partition,0.4|wd1.0,50,,dirichlet0.5,iid,end,fn_gap_acc,3,3,23.379634857177734,0.01157379150390625,0.7777777777777777
C,,partition,0.4|wd1.0,50,,dirichlet0.5,iid,end,fn_class_acc_gini,3,3,0.29343369013817555,0.00010461731134769892,0.33333333333333326
C,,partition,0.4|wd1.0,50,,dirichlet0.5,iid,end,w_all_norm,3,3,63.230268824906005,55.76066641535397,0.33333333333333326
C,,partition,0.4|wd1.0,50,,dirichlet0.5,iid,end,w_all_rel_norm,3,3,1.4029542779933002,1.2372186129369107,0.33333333333333326
C,,partition,0.4|wd1.0,50,,dirichlet0.5,iid,end,w_all_dist_init,3,3,77.60216347139121,71.72029128343321,0.33333333333333326
C,,partition,0.4|wd1.0,50,,dirichlet0.5,iid,end,w_all_rel_dist_init,3,3,1.7218381203661688,1.591331040417537,0.33333333333333326
C,,partition,0.4|wd1.0,50,,dirichlet0.5,iid,end,w_all_cos_init,3,3,0.0009837609459647653,9.904649602248518e-05,0.7777777777777777
C,,partition,0.4|wd1.0,50,,dirichlet0.5,iid,end,rep_between_within_tr,3,3,0.5669721969416113,1.1964977532574301,-0.5555555555555556
C,,partition,0.4|wd1.0,50,,dirichlet0.5,iid,end,rep_nc1_tr,3,3,186.93807471640207,317.0059349073398,-0.33333333333333337
C,,partition,0.4|wd1.0,50,,dirichlet0.5,iid,end,rep_eff_rank_te,3,3,35.05334233594707,55.9831278325175,-0.5555555555555556
C,,partition,0.4|wd1.0,50,,dirichlet0.5,iid,end,rep_pr_te,3,3,10.708765691418082,10.63811983074,0.11111111111111116
C,,partition,0.4|wd1.0,50,,dirichlet0.5,iid,end,rep_unit_gini_te,3,3,0.31505056049271696,0.2924656801526675,-0.11111111111111116
C,,partition,0.4|wd1.0,50,,dirichlet0.5,iid,end,rep_unit_pr_te,3,3,0.7213114379908214,0.77986444138798,0.11111111111111116
C,,partition,0.4|wd1.0,50,,dirichlet0.5,iid,end,rep_between_within_te,3,3,0.4362320986403395,1.166659208807961,-0.7777777777777778
C,,partition,0.4|wd1.0,50,,dirichlet0.5,iid,end,unit_interaction_share,3,3,0.6774789843193341,0.23267833675288108,0.33333333333333326
C,,partition,0.4|wd1.0,50,,dirichlet0.5,iid,end,unit_frac_interacting,3,3,0.849609375,0.0625,0.4444444444444444
C,,partition,0.4|wd1.0,50,,dirichlet0.5,iid,end,add_share_a,3,3,0.04347681462276428,0.022046880213470732,-0.11111111111111116
C,,partition,0.4|wd1.0,50,,dirichlet0.5,iid,end,add_share_b,3,3,0.03708393923373112,0.02278615036824537,0.11111111111111116
C,,partition,0.4|wd1.0,50,,dirichlet0.5,iid,end,add_share_interaction,3,3,0.8525075542965806,0.8814692810638861,-0.33333333333333337
C,,partition,0.4|wd1.0,50,,dirichlet0.5,iid,end,add_acc_interaction_tr,3,3,49.93055725097656,99.58333587646484,-0.33333333333333337
C,,partition,0.4|wd1.0,50,,dirichlet0.5,iid,end,add_acc_additive_tr,3,3,1.4930555820465088,0.9027777910232544,0.33333333333333326
C,,partition,0.4|wd1.0,50,,dirichlet0.5,iid,end,add_acc_no_a_tr,3,3,47.829864501953125,100.0,-0.33333333333333337
C,,partition,0.4|wd1.0,50,,dirichlet0.5,iid,end,add_acc_no_b_tr,3,3,49.07986068725586,100.0,-0.33333333333333337
C,,partition,0.4|wd1.0,50,,dirichlet0.5,iid,end,add_acc_interaction_te,3,3,28.622684478759766,98.95832824707031,-0.33333333333333337
C,,partition,0.4|wd1.0,50,,dirichlet0.5,iid,end,add_acc_additive_te,3,3,0.555555522441864,0.6481481194496155,-0.5555555555555556
C,,partition,0.4|wd1.0,50,,dirichlet0.5,iid,end,add_acc_no_a_te,3,3,25.810184478759766,100.0,-0.33333333333333337
C,,partition,0.4|wd1.0,50,,dirichlet0.5,iid,end,add_acc_no_b_te,3,3,26.28472137451172,100.0,-0.33333333333333337
C,,partition,0.4|wd1.0,50,,dirichlet0.5,iid,end,irr_out_structure,3,3,0.7355035294661317,0.8746671673506938,-1.0
C,,partition,0.4|wd1.0,50,,dirichlet0.5,iid,end,irr_out_dominant_share,3,3,0.743836862799465,0.8830005006840271,-1.0
C,,partition,0.4|wd1.0,50,,dirichlet0.5,iid,end,irr_out_dominant_over_random,3,3,89.2604235359358,105.96006008208326,-1.0
C,,partition,0.4|wd1.0,50,,dirichlet0.5,iid,end,coset_s_nm1_acc_te,3,3,42.581018805503845,99.98842477798462,-0.33333333333333337
C,,partition,0.4|wd1.0,50,,dirichlet0.5,iid,end,coset_s_nm1_purity_te,3,3,0.6170790585395293,1.0,-0.33333333333333337
C,,partition,0.4|wd1.0,50,,dirichlet0.5,iid,end,coset_a_n_acc_te,3,3,58.92360806465149,99.98842477798462,-1.0
C,,partition,0.4|wd1.0,50,,dirichlet0.5,iid,end,coset_a_n_purity_te,3,3,0.40168925554900803,1.0,-0.33333333333333337
C,,partition,0.4|wd1.0,50,,dirichlet0.5,iid,end,sharp_lambda_max,3,3,203.7624969482422,15.415218353271484,0.33333333333333326
C,,partition,0.4|wd1.0,50,,dirichlet0.5,iid,end,sharp_grad_norm,3,3,5.967383861541748,0.40242740511894226,0.33333333333333326
C,,partition,0.4|wd1.0,50,,dirichlet0.5,iid,end,sharp_lr_lambda,3,3,0.2037624969482422,0.015415218353271485,0.33333333333333326
C,,partition,0.4|wd1.0,50,,dirichlet0.5,iid,end,w_WE_fro,3,3,12.646570205688477,16.860010147094727,-0.7777777777777778
C,,partition,0.4|wd1.0,50,,dirichlet0.5,iid,end,w_WE_spec,3,3,4.056137561798096,7.981517791748047,-1.0
C,,partition,0.4|wd1.0,50,,dirichlet0.5,iid,end,w_WE_stable_rank,3,3,9.721306800842285,4.462133407592773,0.5555555555555556
C,,partition,0.4|wd1.0,50,,dirichlet0.5,iid,end,w_WE_eff_rank,3,3,78.57108826637958,32.763690251083354,0.7777777777777777
C,,partition,0.4|wd1.0,50,,dirichlet0.5,iid,end,w_WE_sv_gini,3,3,0.47806535958992113,0.7491273170970676,-0.5555555555555556
C,,partition,0.4|wd1.0,50,,dirichlet0.5,iid,end,w_WE_entry_gini,3,3,0.41981169355255155,0.4174494097331889,1.0
C,,partition,0.4|wd1.0,50,,dirichlet0.5,iid,end,w_WE_row_gini,3,3,0.026162579817843756,0.02749196662569986,-0.33333333333333337
C,,partition,0.4|wd1.0,50,,dirichlet0.5,iid,end,w_WE_row_pr,3,3,0.9978041451915577,0.9976974017588128,0.33333333333333326
C,,partition,0.4|wd1.0,50,,dirichlet0.5,iid,end,w_WE_dist_init,3,3,16.735837936401367,20.08209991455078,-0.7777777777777778
C,,partition,0.4|wd1.0,50,,dirichlet0.5,iid,end,w_WE_rel_dist_init,3,3,1.5303241640434997,1.8363061879996403,-0.7777777777777778
C,,partition,0.4|wd1.0,50,,dirichlet0.5,iid,end,w_WE_cos_init,3,3,-0.0020006063859909773,0.0015412719221785665,-1.0
C,,partition,0.4|wd1.0,50,,dirichlet0.5,iid,end,w_WU_fro,3,3,4.702892780303955,10.299044609069824,-1.0
C,,partition,0.4|wd1.0,50,,dirichlet0.5,iid,end,w_WU_spec,3,3,4.1763176918029785,9.841898918151855,-1.0
C,,partition,0.4|wd1.0,50,,dirichlet0.5,iid,end,w_WU_stable_rank,3,3,1.342226505279541,1.1319327354431152,1.0
C,,partition,0.4|wd1.0,50,,dirichlet0.5,iid,end,w_WU_eff_rank,3,3,81.14493954678836,61.81347799072292,1.0
C,,partition,0.4|wd1.0,50,,dirichlet0.5,iid,end,w_WU_sv_gini,3,3,0.35949170777104156,0.48304995551074104,-1.0
C,,partition,0.4|wd1.0,50,,dirichlet0.5,iid,end,w_WU_entry_gini,3,3,0.4185489267837703,0.43684667848869463,-0.33333333333333337
C,,partition,0.4|wd1.0,50,,dirichlet0.5,iid,end,w_WU_row_gini,3,3,0.021144096187200256,0.01646244506059147,0.5555555555555556
C,,partition,0.4|wd1.0,50,,dirichlet0.5,iid,end,w_WU_row_pr,3,3,0.9986061446358427,0.9991466448114555,-0.5555555555555556
C,,partition,0.4|wd1.0,50,,dirichlet0.5,iid,end,w_WU_dist_init,3,3,11.962198257446289,15.059877395629883,-1.0
C,,partition,0.4|wd1.0,50,,dirichlet0.5,iid,end,w_WU_rel_dist_init,3,3,1.0865325616114914,1.3759584004912921,-1.0
C,,partition,0.4|wd1.0,50,,dirichlet0.5,iid,end,w_WU_cos_init,3,3,2.431594293739181e-05,-0.000988741754554212,0.11111111111111116
C,,partition,0.4|wd1.0,50,,dirichlet0.5,iid,end,w_WQ_fro,3,3,17.201499938964844,20.617265701293945,-0.33333333333333337
C,,partition,0.4|wd1.0,50,,dirichlet0.5,iid,end,w_WQ_spec,3,3,13.529141426086426,18.138206481933594,-0.33333333333333337
C,,partition,0.4|wd1.0,50,,dirichlet0.5,iid,end,w_WQ_stable_rank,3,3,1.6165668964385986,1.2920359373092651,0.7777777777777777
C,,partition,0.4|wd1.0,50,,dirichlet0.5,iid,end,w_WQ_eff_rank,3,3,10.130014411146895,9.010372938390521,0.11111111111111116
C,,partition,0.4|wd1.0,50,,dirichlet0.5,iid,end,w_WQ_sv_gini,3,3,0.9679415177642712,0.9709725924103974,-0.11111111111111116
C,,partition,0.4|wd1.0,50,,dirichlet0.5,iid,end,w_WQ_entry_gini,3,3,0.41370542978840974,0.45700503326058683,-0.33333333333333337
C,,partition,0.4|wd1.0,50,,dirichlet0.5,iid,end,w_WQ_row_gini,3,3,0.16198726201253688,0.22695160756065968,-0.33333333333333337
C,,partition,0.4|wd1.0,50,,dirichlet0.5,iid,end,w_WQ_row_pr,3,3,0.8965898317041113,0.8403401992753959,0.33333333333333326
C,,partition,0.4|wd1.0,50,,dirichlet0.5,iid,end,w_WQ_dist_init,3,3,23.36139488220215,26.1856689453125,-0.33333333333333337
C,,partition,0.4|wd1.0,50,,dirichlet0.5,iid,end,w_WQ_rel_dist_init,3,3,1.463161025852991,1.62952683203241,-0.33333333333333337
C,,partition,0.4|wd1.0,50,,dirichlet0.5,iid,end,w_WQ_cos_init,3,3,-0.002201984403654933,-0.001969503704458475,-0.11111111111111116
C,,partition,0.4|wd1.0,50,,dirichlet0.5,iid,end,w_WK_fro,3,3,25.251317977905273,17.73961639404297,0.5555555555555556
C,,partition,0.4|wd1.0,50,,dirichlet0.5,iid,end,w_WK_spec,3,3,21.7368221282959,15.214198112487793,0.5555555555555556
C,,partition,0.4|wd1.0,50,,dirichlet0.5,iid,end,w_WK_stable_rank,3,3,1.3495763540267944,1.3595620393753052,-0.33333333333333337
C,,partition,0.4|wd1.0,50,,dirichlet0.5,iid,end,w_WK_eff_rank,3,3,8.775266567328181,11.125060598453693,0.11111111111111116
C,,partition,0.4|wd1.0,50,,dirichlet0.5,iid,end,w_WK_sv_gini,3,3,0.9666784541819944,0.9671321479064685,-0.11111111111111116
C,,partition,0.4|wd1.0,50,,dirichlet0.5,iid,end,w_WK_entry_gini,3,3,0.4268690368477135,0.44867998991388736,-0.11111111111111116
C,,partition,0.4|wd1.0,50,,dirichlet0.5,iid,end,w_WK_row_gini,3,3,0.2053502131832785,0.10930508520235183,1.0
C,,partition,0.4|wd1.0,50,,dirichlet0.5,iid,end,w_WK_row_pr,3,3,0.8736012803339452,0.9530162135333493,-1.0
C,,partition,0.4|wd1.0,50,,dirichlet0.5,iid,end,w_WK_dist_init,3,3,29.850727081298828,23.889862060546875,0.5555555555555556
C,,partition,0.4|wd1.0,50,,dirichlet0.5,iid,end,w_WK_rel_dist_init,3,3,1.8632828679623927,1.4912055768078438,0.5555555555555556
C,,partition,0.4|wd1.0,50,,dirichlet0.5,iid,end,w_WK_cos_init,3,3,0.003912849351763725,-0.0011731917038559914,0.5555555555555556
C,,partition,0.4|wd1.0,50,,dirichlet0.5,iid,end,w_WV_fro,3,3,20.6752872467041,34.948326110839844,-1.0
C,,partition,0.4|wd1.0,50,,dirichlet0.5,iid,end,w_WV_spec,3,3,5.941483974456787,16.90924835205078,-1.0
C,,partition,0.4|wd1.0,50,,dirichlet0.5,iid,end,w_WV_stable_rank,3,3,11.72604751586914,4.271594524383545,0.7777777777777777
C,,partition,0.4|wd1.0,50,,dirichlet0.5,iid,end,w_WV_eff_rank,3,3,65.15770149413399,12.967656538676309,1.0
C,,partition,0.4|wd1.0,50,,dirichlet0.5,iid,end,w_WV_sv_gini,3,3,0.7924626196239186,0.9562082550413062,-0.7777777777777778
C,,partition,0.4|wd1.0,50,,dirichlet0.5,iid,end,w_WV_entry_gini,3,3,0.41635489967922834,0.3885743308605665,1.0
C,,partition,0.4|wd1.0,50,,dirichlet0.5,iid,end,w_WV_row_gini,3,3,0.0633877496740074,0.1592498781822056,-0.33333333333333337
C,,partition,0.4|wd1.0,50,,dirichlet0.5,iid,end,w_WV_row_pr,3,3,0.9845019386727759,0.9205090128414777,0.33333333333333326
C,,partition,0.4|wd1.0,50,,dirichlet0.5,iid,end,w_WV_dist_init,3,3,26.131925582885742,38.45602035522461,-1.0
C,,partition,0.4|wd1.0,50,,dirichlet0.5,iid,end,w_WV_rel_dist_init,3,3,1.6319127556828943,2.4014769978699757,-1.0
C,,partition,0.4|wd1.0,50,,dirichlet0.5,iid,end,w_WV_cos_init,3,3,0.001522802864201367,-0.0005296090967021883,1.0
C,,partition,0.4|wd1.0,50,,dirichlet0.5,iid,end,w_WO_fro,3,3,29.75871467590332,15.707229614257812,1.0
C,,partition,0.4|wd1.0,50,,dirichlet0.5,iid,end,w_WO_spec,3,3,12.135685920715332,6.3836259841918945,1.0
C,,partition,0.4|wd1.0,50,,dirichlet0.5,iid,end,w_WO_stable_rank,3,3,5.643963813781738,6.054473876953125,-0.11111111111111116
C,,partition,0.4|wd1.0,50,,dirichlet0.5,iid,end,w_WO_eff_rank,3,3,43.67244391481563,18.047992890823316,0.5555555555555556
C,,partition,0.4|wd1.0,50,,dirichlet0.5,iid,end,w_WO_sv_gini,3,3,0.8336011599630531,0.9311370977605531,-0.33333333333333337
C,,partition,0.4|wd1.0,50,,dirichlet0.5,iid,end,w_WO_entry_gini,3,3,0.39938710486083573,0.4044403546496451,-0.33333333333333337
C,,partition,0.4|wd1.0,50,,dirichlet0.5,iid,end,w_WO_row_gini,3,3,0.09212389786713326,0.11163402366695285,0.11111111111111116
C,,partition,0.4|wd1.0,50,,dirichlet0.5,iid,end,w_WO_row_pr,3,3,0.9741097451706933,0.9628693039776953,-0.11111111111111116
C,,partition,0.4|wd1.0,50,,dirichlet0.5,iid,end,w_WO_dist_init,3,3,33.72884750366211,22.422794342041016,1.0
C,,partition,0.4|wd1.0,50,,dirichlet0.5,iid,end,w_WO_rel_dist_init,3,3,2.110666704860937,1.3975275796481217,1.0
C,,partition,0.4|wd1.0,50,,dirichlet0.5,iid,end,w_WO_cos_init,3,3,0.002180432202294469,0.002708262065425515,-0.11111111111111116
C,,partition,0.4|wd1.0,50,,dirichlet0.5,iid,end,w_Win_fro,3,3,43.1929931640625,13.424589157104492,1.0
C,,partition,0.4|wd1.0,50,,dirichlet0.5,iid,end,w_Win_spec,3,3,17.32101058959961,5.039581298828125,1.0
C,,partition,0.4|wd1.0,50,,dirichlet0.5,iid,end,w_Win_stable_rank,3,3,6.243598461151123,7.5644145011901855,-1.0
C,,partition,0.4|wd1.0,50,,dirichlet0.5,iid,end,w_Win_eff_rank,3,3,41.06909072689767,68.59682881766582,-1.0
C,,partition,0.4|wd1.0,50,,dirichlet0.5,iid,end,w_Win_sv_gini,3,3,0.8425163919598315,0.7423964501501723,1.0
C,,partition,0.4|wd1.0,50,,dirichlet0.5,iid,end,w_Win_entry_gini,3,3,0.42148139235116844,0.4586788188567401,-0.7777777777777778
C,,partition,0.4|wd1.0,50,,dirichlet0.5,iid,end,w_Win_row_gini,3,3,0.09884177501687419,0.15089355395938786,-0.5555555555555556
C,,partition,0.4|wd1.0,50,,dirichlet0.5,iid,end,w_Win_row_pr,3,3,0.9563653050950162,0.9329901987297664,0.5555555555555556
C,,partition,0.4|wd1.0,50,,dirichlet0.5,iid,end,w_Win_dist_init,3,3,48.751869201660156,26.2620792388916,1.0
C,,partition,0.4|wd1.0,50,,dirichlet0.5,iid,end,w_Win_rel_dist_init,3,3,2.1556199523554387,1.1615000363577896,1.0
C,,partition,0.4|wd1.0,50,,dirichlet0.5,iid,end,w_Win_cos_init,3,3,0.00019518917542882264,0.0027853217907249928,-0.33333333333333337
C,,partition,0.4|wd1.0,50,,dirichlet0.5,iid,end,w_Wout_fro,3,3,11.444146156311035,8.688765525817871,0.7777777777777777
C,,partition,0.4|wd1.0,50,,dirichlet0.5,iid,end,w_Wout_spec,3,3,2.4818661212921143,2.514763355255127,-0.33333333333333337
C,,partition,0.4|wd1.0,50,,dirichlet0.5,iid,end,w_Wout_stable_rank,3,3,24.726863861083984,14.286351203918457,0.7777777777777777
C,,partition,0.4|wd1.0,50,,dirichlet0.5,iid,end,w_Wout_eff_rank,3,3,77.70834190399482,106.32513766783617,-0.5555555555555556
C,,partition,0.4|wd1.0,50,,dirichlet0.5,iid,end,w_Wout_sv_gini,3,3,0.7676147069459165,0.6869545012003204,0.5555555555555556
C,,partition,0.4|wd1.0,50,,dirichlet0.5,iid,end,w_Wout_entry_gini,3,3,0.42322503621444807,0.46587882542438663,-1.0
C,,partition,0.4|wd1.0,50,,dirichlet0.5,iid,end,w_Wout_row_gini,3,3,0.06640142773336932,0.10220894458561025,-1.0
C,,partition,0.4|wd1.0,50,,dirichlet0.5,iid,end,w_Wout_row_pr,3,3,0.9860596178388674,0.9579491580767053,1.0
C,,partition,0.4|wd1.0,50,,dirichlet0.5,iid,end,w_Wout_dist_init,3,3,19.66847038269043,18.20182991027832,0.7777777777777777
C,,partition,0.4|wd1.0,50,,dirichlet0.5,iid,end,w_Wout_rel_dist_init,3,3,1.2298972352682853,1.1381861348595974,0.7777777777777777
C,,partition,0.4|wd1.0,50,,dirichlet0.5,iid,end,w_Wout_cos_init,3,3,-0.00037527381209656596,0.0024883560836315155,-0.7777777777777778
C,,partition,0.4|wd1.0,50,,dirichlet0.5,iid,end,rep_dead_frac_te,3,3,0.0,0.0,0.0
C,,partition,0.4|wd1.0,50,,dirichlet0.5,iid,end,attn_to_a_mean,3,3,0.5741304159164429,0.5188868045806885,0.33333333333333326
C,,partition,0.4|wd1.0,50,,dirichlet0.5,iid,end,attn_to_a_head_spread,3,3,0.08230528980493546,0.4123668074607849,-0.5555555555555556
C,,partition,0.4|wd1.0,50,,dirichlet0.5,iid,end,attn_entropy_mean,3,3,0.3031333088874817,0.2343636155128479,0.5555555555555556
C,,partition,0.4|wd1.0,50,,dirichlet0.5,iid,end,irr_E_structure,3,3,0.5898964177893808,0.8187040708865438,-0.7777777777777778
C,,partition,0.4|wd1.0,50,,dirichlet0.5,iid,end,irr_E_dominant_share,3,3,0.7900298022099077,0.9029839343432993,0.11111111111111116
C,,partition,0.4|wd1.0,50,,dirichlet0.5,iid,end,irr_E_dominant_over_random,3,3,3.7921430506075566,6.772379507574745,-0.33333333333333337
C,,partition,0.4|wd1.0,50,,dirichlet0.5,iid,end,irr_E_5,3,3,0.006289178692788125,0.0075059669376745745,-0.33333333333333337
C,,partition,0.4|wd1.0,50,,dirichlet0.5,iid,end,irr_E_41,3,3,0.03754225081231164,0.9029839343432993,-1.0
C,,partition,0.4|wd1.0,50,,dirichlet0.5,iid,end,irr_E_32,3,3,0.050531439134567584,0.014376068448156289,0.5555555555555556
C,,partition,0.4|wd1.0,50,,dirichlet0.5,iid,end,irr_E_311,3,3,0.06824004564565718,0.01901491154332403,0.5555555555555556
C,,partition,0.4|wd1.0,50,,dirichlet0.5,iid,end,irr_E_221,3,3,0.0607827996686328,0.004315659482272292,0.7777777777777777
C,,partition,0.4|wd1.0,50,,dirichlet0.5,iid,end,irr_E_2111,3,3,0.03729704734765663,0.0029347542895051446,1.0
C,,partition,0.4|wd1.0,50,,dirichlet0.5,iid,end,irr_E_11111,3,3,0.0013392868670940633,0.08174486608335718,-0.33333333333333337
D,,partition,0.3|wd1.0,10,,dirichlet0.5,iid,end,fn_loss_tr,3,6,0.20395471155643463,0.0012029900681227446,1.0
D,,partition,0.3|wd1.0,10,,dirichlet0.5,iid,end,fn_acc_tr,3,6,100.0,100.0,0.0
D,,partition,0.3|wd1.0,10,,dirichlet0.5,iid,end,fn_margin_tr,3,6,4.314445495605469,8.963418960571289,-1.0
D,,partition,0.3|wd1.0,10,,dirichlet0.5,iid,end,fn_entropy_tr,3,6,1.0892689228057861,0.013153072446584702,1.0
D,,partition,0.3|wd1.0,10,,dirichlet0.5,iid,end,fn_loss_te,3,6,1.904653787612915,0.7514263987541199,1.0
D,,partition,0.3|wd1.0,10,,dirichlet0.5,iid,end,fn_acc_te,3,6,69.94047546386719,86.26984405517578,-1.0
D,,partition,0.3|wd1.0,10,,dirichlet0.5,iid,end,fn_margin_te,3,6,0.6447372436523438,2.261693000793457,-1.0
D,,partition,0.3|wd1.0,10,,dirichlet0.5,iid,end,fn_entropy_te,3,6,3.512087821960449,1.6838933825492859,1.0
D,,partition,0.3|wd1.0,10,,dirichlet0.5,iid,end,fn_gap_loss,3,6,1.6712727695703506,0.750201805960387,1.0
D,,partition,0.3|wd1.0,10,,dirichlet0.5,iid,end,fn_gap_acc,3,6,30.059524536132812,13.730155944824219,1.0
D,,partition,0.3|wd1.0,10,,dirichlet0.5,iid,end,fn_class_acc_gini,3,6,0.1299450111008591,0.04535320688751565,1.0
D,,partition,0.3|wd1.0,10,,dirichlet0.5,iid,end,w_W1_fro,3,6,92.46107482910156,95.91820907592773,-1.0
D,,partition,0.3|wd1.0,10,,dirichlet0.5,iid,end,w_W1_spec,3,6,14.228303909301758,13.89758825302124,0.11111111111111116
D,,partition,0.3|wd1.0,10,,dirichlet0.5,iid,end,w_W1_stable_rank,3,6,43.840789794921875,46.76709747314453,-0.2222222222222222
D,,partition,0.3|wd1.0,10,,dirichlet0.5,iid,end,w_W1_eff_rank,3,6,195.28942462714224,199.77109042109979,-1.0
D,,partition,0.3|wd1.0,10,,dirichlet0.5,iid,end,w_W1_sv_gini,3,6,0.35376017121848924,0.33132213429356616,1.0
D,,partition,0.3|wd1.0,10,,dirichlet0.5,iid,end,w_W1_entry_gini,3,6,0.33855609513692886,0.30763844777230176,1.0
D,,partition,0.3|wd1.0,10,,dirichlet0.5,iid,end,w_W1_row_gini,3,6,0.10740584589225821,0.07015965437036165,1.0
D,,partition,0.3|wd1.0,10,,dirichlet0.5,iid,end,w_W1_row_pr,3,6,0.9561027974537635,0.9766585543109718,-1.0
D,,partition,0.3|wd1.0,10,,dirichlet0.5,iid,end,w_W1_dist_init,3,6,93.64401245117188,96.30152893066406,-0.8888888888888888
D,,partition,0.3|wd1.0,10,,dirichlet0.5,iid,end,w_W1_rel_dist_init,3,6,5.838852837728153,6.006537719492291,-0.8888888888888888
D,,partition,0.3|wd1.0,10,,dirichlet0.5,iid,end,w_W1_cos_init,3,6,0.012498977594077587,0.055949121713638306,-1.0
D,,partition,0.3|wd1.0,10,,dirichlet0.5,iid,end,w_W2_fro,3,6,99.40705108642578,85.23017501831055,1.0
D,,partition,0.3|wd1.0,10,,dirichlet0.5,iid,end,w_W2_spec,3,6,91.9500732421875,59.77680969238281,1.0
D,,partition,0.3|wd1.0,10,,dirichlet0.5,iid,end,w_W2_stable_rank,3,6,1.1687759160995483,2.0417068004608154,-1.0
D,,partition,0.3|wd1.0,10,,dirichlet0.5,iid,end,w_W2_eff_rank,3,6,72.54758337479826,101.33337300400132,-1.0
D,,partition,0.3|wd1.0,10,,dirichlet0.5,iid,end,w_W2_sv_gini,3,6,0.3634702133333072,0.23513472039065364,1.0
D,,partition,0.3|wd1.0,10,,dirichlet0.5,iid,end,w_W2_entry_gini,3,6,0.23260876907271144,0.4270075027008584,-1.0
D,,partition,0.3|wd1.0,10,,dirichlet0.5,iid,end,w_W2_row_gini,3,6,0.020777138327702005,0.026027498066631738,-0.8888888888888888
D,,partition,0.3|wd1.0,10,,dirichlet0.5,iid,end,w_W2_row_pr,3,6,0.9986395055239243,0.9978679217019306,0.8888888888888888
D,,partition,0.3|wd1.0,10,,dirichlet0.5,iid,end,w_W2_dist_init,3,6,99.40835571289062,85.22698593139648,1.0
D,,partition,0.3|wd1.0,10,,dirichlet0.5,iid,end,w_W2_rel_dist_init,3,6,144.37840251624542,123.85818944016671,1.0
D,,partition,0.3|wd1.0,10,,dirichlet0.5,iid,end,w_W2_cos_init,3,6,0.0015804731519892812,0.008938592858612537,-0.33333333333333337
D,,partition,0.3|wd1.0,10,,dirichlet0.5,iid,end,w_all_norm,3,6,136.65453603770334,128.39085699075895,1.0
D,,partition,0.3|wd1.0,10,,dirichlet0.5,iid,end,w_all_rel_norm,3,6,8.503665228180397,7.992606438703159,1.0
D,,partition,0.3|wd1.0,10,,dirichlet0.5,iid,end,w_all_dist_init,3,6,137.46814475280092,128.72257425817986,1.0
D,,partition,0.3|wd1.0,10,,dirichlet0.5,iid,end,w_all_rel_dist_init,3,6,8.551895516670912,8.021045304180086,1.0
D,,partition,0.3|wd1.0,10,,dirichlet0.5,iid,end,w_all_cos_init,3,6,0.008905166480202738,0.04182692009408488,-1.0
D,,partition,0.3|wd1.0,10,,dirichlet0.5,iid,end,rep_between_within_tr,3,6,0.3408074289022519,0.3185747414883255,-0.11111111111111116
D,,partition,0.3|wd1.0,10,,dirichlet0.5,iid,end,rep_nc1_tr,3,6,5.450170370129784,3.490477277716934,1.0
D,,partition,0.3|wd1.0,10,,dirichlet0.5,iid,end,rep_eff_rank_te,3,6,233.5580818421239,242.11381895755937,-1.0
D,,partition,0.3|wd1.0,10,,dirichlet0.5,iid,end,rep_pr_te,3,6,62.92351945292607,100.3426976615414,-0.7777777777777778
D,,partition,0.3|wd1.0,10,,dirichlet0.5,iid,end,rep_unit_gini_te,3,6,0.4523311622279371,0.33165577678178504,1.0
D,,partition,0.3|wd1.0,10,,dirichlet0.5,iid,end,rep_unit_pr_te,3,6,0.3207894069842889,0.3633361044728307,-0.33333333333333337
D,,partition,0.3|wd1.0,10,,dirichlet0.5,iid,end,rep_between_within_te,3,6,0.23021339340731495,0.1900076647745042,0.5555555555555556
D,,partition,0.3|wd1.0,10,,dirichlet0.5,iid,end,unit_interaction_share,3,6,0.7562766347030382,0.7674833923813318,-0.8888888888888888
D,,partition,0.3|wd1.0,10,,dirichlet0.5,iid,end,unit_frac_interacting,3,6,0.99609375,1.0,-1.0
D,,partition,0.3|wd1.0,10,,dirichlet0.5,iid,end,add_share_a,3,6,0.08702809870708986,0.10006699180088599,-0.6666666666666667
D,,partition,0.3|wd1.0,10,,dirichlet0.5,iid,end,add_share_b,3,6,0.08835752472873708,0.09889976487969163,-0.7777777777777778
D,,partition,0.3|wd1.0,10,,dirichlet0.5,iid,end,add_share_interaction,3,6,0.7548183576716809,0.7793499518089704,-0.5555555555555556
D,,partition,0.3|wd1.0,10,,dirichlet0.5,iid,end,add_acc_interaction_tr,3,6,99.93055725097656,100.0,-1.0
D,,partition,0.3|wd1.0,10,,dirichlet0.5,iid,end,add_acc_additive_tr,3,6,5.902777671813965,6.469907283782959,-0.8888888888888888
D,,partition,0.3|wd1.0,10,,dirichlet0.5,iid,end,add_acc_no_a_tr,3,6,100.0,100.0,-0.33333333333333337
D,,partition,0.3|wd1.0,10,,dirichlet0.5,iid,end,add_acc_no_b_tr,3,6,100.0,100.0,-0.33333333333333337
D,,partition,0.3|wd1.0,10,,dirichlet0.5,iid,end,add_acc_interaction_te,3,6,86.43849182128906,96.18551635742188,-1.0
D,,partition,0.3|wd1.0,10,,dirichlet0.5,iid,end,add_acc_additive_te,3,6,0.0694444477558136,0.01984127052128315,1.0
D,,partition,0.3|wd1.0,10,,dirichlet0.5,iid,end,add_acc_no_a_te,3,6,79.53372955322266,92.26190567016602,-1.0
D,,partition,0.3|wd1.0,10,,dirichlet0.5,iid,end,add_acc_no_b_te,3,6,80.08928680419922,92.50992202758789,-1.0
D,,partition,0.3|wd1.0,10,,dirichlet0.5,iid,end,irr_U_structure,3,6,0.16311704216629935,0.09679733162979193,1.0
D,,partition,0.3|wd1.0,10,,dirichlet0.5,iid,end,irr_U_dominant_share,3,6,0.26321903516838174,0.23362216594254992,0.33333333333333326
D,,partition,0.3|wd1.0,10,,dirichlet0.5,iid,end,irr_U_dominant_over_random,3,6,1.974142763762863,0.778740553141833,1.0
D,,partition,0.3|wd1.0,10,,dirichlet0.5,iid,end,irr_U_5,3,6,0.0019436902717463484,0.001877947506190971,0.22222222222222232
D,,partition,0.3|wd1.0,10,,dirichlet0.5,iid,end,irr_U_41,3,6,0.26321903516838174,0.20218968268298065,1.0
D,,partition,0.3|wd1.0,10,,dirichlet0.5,iid,end,irr_U_32,3,6,0.17301322405249395,0.2023003923801393,-0.5555555555555556
D,,partition,0.3|wd1.0,10,,dirichlet0.5,iid,end,irr_U_311,3,6,0.18637979556934062,0.23362216594254992,-1.0
D,,partition,0.3|wd1.0,10,,dirichlet0.5,iid,end,irr_U_221,3,6,0.18818167066381225,0.1889154675233647,0.11111111111111116
D,,partition,0.3|wd1.0,10,,dirichlet0.5,iid,end,irr_U_2111,3,6,0.13079249063642914,0.14390529256898432,-0.2222222222222222
D,,partition,0.3|wd1.0,10,,dirichlet0.5,iid,end,irr_U_11111,3,6,0.03773605751563808,0.02212819926869192,0.7777777777777777
D,,partition,0.3|wd1.0,10,,dirichlet0.5,iid,end,irr_V_structure,3,6,0.16122401260899932,0.09305853047146129,1.0
D,,partition,0.3|wd1.0,10,,dirichlet0.5,iid,end,irr_V_dominant_share,3,6,0.26033270017176197,0.23498773900932232,0.33333333333333326
D,,partition,0.3|wd1.0,10,,dirichlet0.5,iid,end,irr_V_dominant_over_random,3,6,1.9524952512882148,0.7954786983773126,1.0
D,,partition,0.3|wd1.0,10,,dirichlet0.5,iid,end,irr_out_structure,3,6,0.8467156226419522,0.4808630273885165,1.0
D,,partition,0.3|wd1.0,10,,dirichlet0.5,iid,end,irr_out_dominant_share,3,6,0.8550489559752855,0.4891963607218499,1.0
D,,partition,0.3|wd1.0,10,,dirichlet0.5,iid,end,irr_out_dominant_over_random,3,6,102.60587471703427,58.703563286621986,1.0
D,,partition,0.3|wd1.0,10,,dirichlet0.5,iid,end,coset_s_nm1_acc_te,3,6,80.5059552192688,89.93551731109619,-1.0
D,,partition,0.3|wd1.0,10,,dirichlet0.5,iid,end,coset_s_nm1_purity_te,3,6,0.9036144578313253,0.9650823596546826,-1.0
D,,partition,0.3|wd1.0,10,,dirichlet0.5,iid,end,coset_a_n_acc_te,3,6,99.2559552192688,98.82440567016602,0.0
D,,partition,0.3|wd1.0,10,,dirichlet0.5,iid,end,coset_a_n_purity_te,3,6,0.704647676161919,0.8755024987920973,-1.0
D,,partition,0.3|wd1.0,10,,dirichlet0.5,iid,end,circ_share_interaction_tr,3,6,0.7445272341058792,0.767673923856868,-0.5555555555555556
D,,partition,0.3|wd1.0,10,,dirichlet0.5,iid,end,circ_share_marginal_tr,3,6,0.22631066609152603,0.19784885915447697,0.7777777777777777
D,,partition,0.3|wd1.0,10,,dirichlet0.5,iid,end,circ_acc_interaction_tr,3,6,99.93055462837219,100.0,-1.0
D,,partition,0.3|wd1.0,10,,dirichlet0.5,iid,end,circ_acc_marginal_tr,3,6,5.949074029922485,6.412036716938019,-1.0
D,,partition,0.3|wd1.0,10,,dirichlet0.5,iid,end,circ_units_tr,3,6,36.46506118774414,31.631723403930664,1.0
D,,partition,0.3|wd1.0,10,,dirichlet0.5,iid,end,circ_share_interaction_te,3,6,0.7623288706188849,0.7883444935557158,-0.5555555555555556
D,,partition,0.3|wd1.0,10,,dirichlet0.5,iid,end,circ_share_marginal_te,3,6,0.252442506695906,0.2299035810970489,0.5555555555555556
D,,partition,0.3|wd1.0,10,,dirichlet0.5,iid,end,circ_acc_interaction_te,3,6,86.09126806259155,96.08134925365448,-1.0
D,,partition,0.3|wd1.0,10,,dirichlet0.5,iid,end,circ_acc_marginal_te,3,6,0.06944444612599909,0.019841270113829523,0.8888888888888888
D,,partition,0.3|wd1.0,10,,dirichlet0.5,iid,end,circ_units_te,3,6,36.46506118774414,31.631723403930664,1.0
D,,partition,0.3|wd1.0,10,,dirichlet0.5,iid,end,sharp_lambda_max,3,6,0.13839811086654663,0.0013010569382458925,1.0
D,,partition,0.3|wd1.0,10,,dirichlet0.5,iid,end,sharp_grad_norm,3,6,0.05420069023966789,0.0004187880549579859,1.0
D,,partition,0.3|wd1.0,10,,dirichlet0.5,iid,end,sharp_lr_lambda,3,6,0.00013839811086654663,1.3010569382458926e-06,1.0
D,,partition,0.3|wd1.0,10,,operand,iid,end,fn_loss_tr,3,6,2.1990087032318115,0.0012029900681227446,1.0
D,,partition,0.3|wd1.0,10,,operand,iid,end,fn_acc_tr,3,6,97.43054962158203,100.0,-1.0
D,,partition,0.3|wd1.0,10,,operand,iid,end,fn_margin_tr,3,6,1.1594090461730957,8.963418960571289,-1.0
D,,partition,0.3|wd1.0,10,,operand,iid,end,fn_entropy_tr,3,6,4.289684295654297,0.013153072446584702,1.0
D,,partition,0.3|wd1.0,10,,operand,iid,end,fn_loss_te,3,6,3.9968223571777344,0.7514263987541199,1.0
D,,partition,0.3|wd1.0,10,,operand,iid,end,fn_acc_te,3,6,11.031745910644531,86.26984405517578,-1.0
D,,partition,0.3|wd1.0,10,,operand,iid,end,fn_margin_te,3,6,-0.7655423879623413,2.261693000793457,-1.0
D,,partition,0.3|wd1.0,10,,operand,iid,end,fn_entropy_te,3,6,4.490273475646973,1.6838933825492859,1.0
D,,partition,0.3|wd1.0,10,,operand,iid,end,fn_gap_loss,3,6,1.7978136539459229,0.750201805960387,1.0
D,,partition,0.3|wd1.0,10,,operand,iid,end,fn_gap_acc,3,6,86.3988037109375,13.730155944824219,1.0
D,,partition,0.3|wd1.0,10,,operand,iid,end,fn_class_acc_gini,3,6,0.44431143170297105,0.04535320688751565,1.0
D,,partition,0.3|wd1.0,10,,operand,iid,end,w_W1_fro,3,6,51.13528060913086,95.91820907592773,-1.0
D,,partition,0.3|wd1.0,10,,operand,iid,end,w_W1_spec,3,6,11.030830383300781,13.89758825302124,-1.0
D,,partition,0.3|wd1.0,10,,operand,iid,end,w_W1_stable_rank,3,6,21.512826919555664,46.76709747314453,-1.0
D,,partition,0.3|wd1.0,10,,operand,iid,end,w_W1_eff_rank,3,6,176.21909768485165,199.77109042109979,-1.0
D,,partition,0.3|wd1.0,10,,operand,iid,end,w_W1_sv_gini,3,6,0.4339609759867138,0.33132213429356616,1.0
D,,partition,0.3|wd1.0,10,,operand,iid,end,w_W1_entry_gini,3,6,0.349010930141018,0.30763844777230176,1.0
D,,partition,0.3|wd1.0,10,,operand,iid,end,w_W1_row_gini,3,6,0.04284041009959383,0.07015965437036165,-1.0
D,,partition,0.3|wd1.0,10,,operand,iid,end,w_W1_row_pr,3,6,0.992074744828266,0.9766585543109718,1.0
D,,partition,0.3|wd1.0,10,,operand,iid,end,w_W1_dist_init,3,6,52.69688415527344,96.30152893066406,-1.0
D,,partition,0.3|wd1.0,10,,operand,iid,end,w_W1_rel_dist_init,3,6,3.2860595285170198,6.006537719492291,-1.0
D,,partition,0.3|wd1.0,10,,operand,iid,end,w_W1_cos_init,3,6,0.058603521436452866,0.055949121713638306,0.0
D,,partition,0.3|wd1.0,10,,operand,iid,end,w_W2_fro,3,6,74.88938903808594,85.23017501831055,-1.0
D,,partition,0.3|wd1.0,10,,operand,iid,end,w_W2_spec,3,6,33.17243194580078,59.77680969238281,-1.0
D,,partition,0.3|wd1.0,10,,operand,iid,end,w_W2_stable_rank,3,6,5.09674072265625,2.0417068004608154,1.0
D,,partition,0.3|wd1.0,10,,operand,iid,end,w_W2_eff_rank,3,6,106.55526602655928,101.33337300400132,1.0
D,,partition,0.3|wd1.0,10,,operand,iid,end,w_W2_sv_gini,3,6,0.2501612234419768,0.23513472039065364,1.0
D,,partition,0.3|wd1.0,10,,operand,iid,end,w_W2_entry_gini,3,6,0.410481118115233,0.4270075027008584,-1.0
D,,partition,0.3|wd1.0,10,,operand,iid,end,w_W2_row_gini,3,6,0.0347311020798291,0.026027498066631738,1.0
D,,partition,0.3|wd1.0,10,,operand,iid,end,w_W2_row_pr,3,6,0.9961350464069895,0.9978679217019306,-1.0
D,,partition,0.3|wd1.0,10,,operand,iid,end,w_W2_dist_init,3,6,74.88225555419922,85.22698593139648,-1.0
D,,partition,0.3|wd1.0,10,,operand,iid,end,w_W2_rel_dist_init,3,6,109.10316776457425,123.85818944016671,-1.0
D,,partition,0.3|wd1.0,10,,operand,iid,end,w_W2_cos_init,3,6,0.010117504745721817,0.008938592858612537,-0.11111111111111116
D,,partition,0.3|wd1.0,10,,operand,iid,end,w_all_norm,3,6,90.68206831271738,128.39085699075895,-1.0
D,,partition,0.3|wd1.0,10,,operand,iid,end,w_all_rel_norm,3,6,5.649000555218005,7.992606438703159,-1.0
D,,partition,0.3|wd1.0,10,,operand,iid,end,w_all_dist_init,3,6,91.56889984980633,128.72257425817986,-1.0
D,,partition,0.3|wd1.0,10,,operand,iid,end,w_all_rel_dist_init,3,6,5.70424534549037,8.021045304180086,-1.0
D,,partition,0.3|wd1.0,10,,operand,iid,end,w_all_cos_init,3,6,0.0329960209921992,0.04182692009408488,-0.2222222222222222
D,,partition,0.3|wd1.0,10,,operand,iid,end,rep_between_within_tr,3,6,0.12677400222829074,0.3185747414883255,-1.0
D,,partition,0.3|wd1.0,10,,operand,iid,end,rep_nc1_tr,3,6,9.498502540956494,3.490477277716934,1.0
D,,partition,0.3|wd1.0,10,,operand,iid,end,rep_eff_rank_te,3,6,225.05075139340585,242.11381895755937,-1.0
D,,partition,0.3|wd1.0,10,,operand,iid,end,rep_pr_te,3,6,117.36212265130975,100.3426976615414,1.0
D,,partition,0.3|wd1.0,10,,operand,iid,end,rep_unit_gini_te,3,6,0.13811512610903898,0.33165577678178504,-1.0
D,,partition,0.3|wd1.0,10,,operand,iid,end,rep_unit_pr_te,3,6,0.9143210955026261,0.3633361044728307,1.0
D,,partition,0.3|wd1.0,10,,operand,iid,end,rep_between_within_te,3,6,0.045841255220934116,0.1900076647745042,-1.0
D,,partition,0.3|wd1.0,10,,operand,iid,end,unit_interaction_share,3,6,0.3064191139913419,0.7674833923813318,-1.0
D,,partition,0.3|wd1.0,10,,operand,iid,end,unit_frac_interacting,3,6,0.015625,1.0,-1.0
D,,partition,0.3|wd1.0,10,,operand,iid,end,add_share_a,3,6,0.0008189498072627054,0.10006699180088599,-1.0
D,,partition,0.3|wd1.0,10,,operand,iid,end,add_share_b,3,6,0.6582094997137778,0.09889976487969163,1.0
D,,partition,0.3|wd1.0,10,,operand,iid,end,add_share_interaction,3,6,0.31025708776221833,0.7793499518089704,-1.0
D,,partition,0.3|wd1.0,10,,operand,iid,end,add_acc_interaction_tr,3,6,99.62963104248047,100.0,-1.0
D,,partition,0.3|wd1.0,10,,operand,iid,end,add_acc_additive_tr,3,6,2.9629628658294678,6.469907283782959,-1.0
D,,partition,0.3|wd1.0,10,,operand,iid,end,add_acc_no_a_tr,3,6,97.3842544555664,100.0,-1.0
D,,partition,0.3|wd1.0,10,,operand,iid,end,add_acc_no_b_tr,3,6,98.86573791503906,100.0,-1.0
D,,partition,0.3|wd1.0,10,,operand,iid,end,add_acc_interaction_te,3,6,83.19444274902344,96.18551635742188,-1.0
D,,partition,0.3|wd1.0,10,,operand,iid,end,add_acc_additive_te,3,6,0.0,0.01984127052128315,-1.0
D,,partition,0.3|wd1.0,10,,operand,iid,end,add_acc_no_a_te,3,6,11.130952835083008,92.26190567016602,-1.0
D,,partition,0.3|wd1.0,10,,operand,iid,end,add_acc_no_b_te,3,6,75.82341766357422,92.50992202758789,-1.0
D,,partition,0.3|wd1.0,10,,operand,iid,end,irr_U_structure,3,6,0.09650890036094195,0.09679733162979193,-0.11111111111111116
D,,partition,0.3|wd1.0,10,,operand,iid,end,irr_U_dominant_share,3,6,0.23664307761831307,0.23362216594254992,0.0
D,,partition,0.3|wd1.0,10,,operand,iid,end,irr_U_dominant_over_random,3,6,0.8169544537480893,0.778740553141833,0.6666666666666667
D,,partition,0.3|wd1.0,10,,operand,iid,end,irr_U_5,3,6,0.004857998658962342,0.001877947506190971,1.0
D,,partition,0.3|wd1.0,10,,operand,iid,end,irr_U_41,3,6,0.15798364304863613,0.20218968268298065,-1.0
D,,partition,0.3|wd1.0,10,,operand,iid,end,irr_U_32,3,6,0.2160058670523244,0.2023003923801393,0.4444444444444444
D,,partition,0.3|wd1.0,10,,operand,iid,end,irr_U_311,3,6,0.23664307761831307,0.23362216594254992,0.0
D,,partition,0.3|wd1.0,10,,operand,iid,end,irr_U_221,3,6,0.1916550618006015,0.1889154675233647,0.22222222222222232
D,,partition,0.3|wd1.0,10,,operand,iid,end,irr_U_2111,3,6,0.17654791652932098,0.14390529256898432,1.0
D,,partition,0.3|wd1.0,10,,operand,iid,end,irr_U_11111,3,6,0.029799727734851296,0.02212819926869192,0.33333333333333326
D,,partition,0.3|wd1.0,10,,operand,iid,end,irr_V_structure,3,6,0.11075027262409559,0.09305853047146129,0.22222222222222232
D,,partition,0.3|wd1.0,10,,operand,iid,end,irr_V_dominant_share,3,6,0.2311316240924615,0.23498773900932232,-0.33333333333333337
D,,partition,0.3|wd1.0,10,,operand,iid,end,irr_V_dominant_over_random,3,6,0.7704387469748717,0.7954786983773126,-0.5555555555555556
D,,partition,0.3|wd1.0,10,,operand,iid,end,irr_out_structure,3,6,0.22161206511159368,0.4808630273885165,-1.0
D,,partition,0.3|wd1.0,10,,operand,iid,end,irr_out_dominant_share,3,6,0.19575318323556745,0.4891963607218499,-1.0
D,,partition,0.3|wd1.0,10,,operand,iid,end,irr_out_dominant_over_random,3,6,23.490381988268094,58.703563286621986,-1.0
D,,partition,0.3|wd1.0,10,,operand,iid,end,coset_s_nm1_acc_te,3,6,31.54762089252472,89.93551731109619,-1.0
D,,partition,0.3|wd1.0,10,,operand,iid,end,coset_s_nm1_purity_te,3,6,0.34968553459119495,0.9650823596546826,-1.0
D,,partition,0.3|wd1.0,10,,operand,iid,end,coset_a_n_acc_te,3,6,93.10516119003296,98.82440567016602,-1.0
D,,partition,0.3|wd1.0,10,,operand,iid,end,coset_a_n_purity_te,3,6,0.1173738653156006,0.8755024987920973,-1.0
D,,partition,0.3|wd1.0,10,,operand,iid,end,circ_share_interaction_tr,3,6,0.308273599316622,0.767673923856868,-1.0
D,,partition,0.3|wd1.0,10,,operand,iid,end,circ_share_marginal_tr,3,6,0.6282097504477092,0.19784885915447697,1.0
D,,partition,0.3|wd1.0,10,,operand,iid,end,circ_acc_interaction_tr,3,6,99.62962865829468,100.0,-1.0
D,,partition,0.3|wd1.0,10,,operand,iid,end,circ_acc_marginal_tr,3,6,2.8935184702277184,6.412036716938019,-1.0
D,,partition,0.3|wd1.0,10,,operand,iid,end,circ_units_tr,3,6,202.2216339111328,31.631723403930664,1.0
D,,partition,0.3|wd1.0,10,,operand,iid,end,circ_share_interaction_te,3,6,0.31403445915509665,0.7883444935557158,-1.0
D,,partition,0.3|wd1.0,10,,operand,iid,end,circ_share_marginal_te,3,6,0.7138387000763586,0.2299035810970489,1.0
D,,partition,0.3|wd1.0,10,,operand,iid,end,circ_acc_interaction_te,3,6,82.6884925365448,96.08134925365448,-1.0
D,,partition,0.3|wd1.0,10,,operand,iid,end,circ_acc_marginal_te,3,6,0.0,0.019841270113829523,-1.0
D,,partition,0.3|wd1.0,10,,operand,iid,end,circ_units_te,3,6,202.2216339111328,31.631723403930664,1.0
D,,partition,0.3|wd1.0,10,,operand,iid,end,sharp_lambda_max,3,6,0.026718679815530777,0.0013010569382458925,1.0
D,,partition,0.3|wd1.0,10,,operand,iid,end,sharp_grad_norm,3,6,0.13902626931667328,0.0004187880549579859,1.0
D,,partition,0.3|wd1.0,10,,operand,iid,end,sharp_lr_lambda,3,6,2.6718679815530777e-05,1.3010569382458926e-06,1.0
D,,partition,0.3|wd1.0,10,,target,iid,end,fn_loss_tr,3,6,4.782469749450684,0.0012029900681227446,1.0
D,,partition,0.3|wd1.0,10,,target,iid,end,fn_acc_tr,3,6,1.0416666269302368,100.0,-1.0
D,,partition,0.3|wd1.0,10,,target,iid,end,fn_margin_tr,3,6,-0.19855880737304688,8.963418960571289,-1.0
D,,partition,0.3|wd1.0,10,,target,iid,end,fn_entropy_tr,3,6,4.776919841766357,0.013153072446584702,1.0
D,,partition,0.3|wd1.0,10,,target,iid,end,fn_loss_te,3,6,4.800196170806885,0.7514263987541199,1.0
D,,partition,0.3|wd1.0,10,,target,iid,end,fn_acc_te,3,6,0.7539682388305664,86.26984405517578,-1.0
D,,partition,0.3|wd1.0,10,,target,iid,end,fn_margin_te,3,6,-0.18555450439453125,2.261693000793457,-1.0
D,,partition,0.3|wd1.0,10,,target,iid,end,fn_entropy_te,3,6,4.777902603149414,1.6838933825492859,1.0
D,,partition,0.3|wd1.0,10,,target,iid,end,fn_gap_loss,3,6,0.024951934814453125,0.750201805960387,-1.0
D,,partition,0.3|wd1.0,10,,target,iid,end,fn_gap_acc,3,6,0.2876983880996704,13.730155944824219,-1.0
D,,partition,0.3|wd1.0,10,,target,iid,end,fn_class_acc_gini,3,6,0.9907769869486751,0.04535320688751565,1.0
D,,partition,0.3|wd1.0,10,,target,iid,end,w_W1_fro,3,6,42.800262451171875,95.91820907592773,-1.0
D,,partition,0.3|wd1.0,10,,target,iid,end,w_W1_spec,3,6,8.073997497558594,13.89758825302124,-0.5555555555555556
D,,partition,0.3|wd1.0,10,,target,iid,end,w_W1_stable_rank,3,6,21.574562072753906,46.76709747314453,-1.0
D,,partition,0.3|wd1.0,10,,target,iid,end,w_W1_eff_rank,3,6,176.83445272245484,199.77109042109979,-1.0
D,,partition,0.3|wd1.0,10,,target,iid,end,w_W1_sv_gini,3,6,0.4336899958043019,0.33132213429356616,1.0
D,,partition,0.3|wd1.0,10,,target,iid,end,w_W1_entry_gini,3,6,0.15698358794531808,0.30763844777230176,-1.0
D,,partition,0.3|wd1.0,10,,target,iid,end,w_W1_row_gini,3,6,0.009922187765599721,0.07015965437036165,-1.0
D,,partition,0.3|wd1.0,10,,target,iid,end,w_W1_row_pr,3,6,0.9996891606249924,0.9766585543109718,1.0
D,,partition,0.3|wd1.0,10,,target,iid,end,w_W1_dist_init,3,6,37.42781066894531,96.30152893066406,-1.0
D,,partition,0.3|wd1.0,10,,target,iid,end,w_W1_rel_dist_init,3,6,2.333683412468819,6.006537719492291,-1.0
D,,partition,0.3|wd1.0,10,,target,iid,end,w_W1_cos_init,3,6,0.5013165473937988,0.055949121713638306,1.0
D,,partition,0.3|wd1.0,10,,target,iid,end,w_W2_fro,3,6,140.14804077148438,85.23017501831055,1.0
D,,partition,0.3|wd1.0,10,,target,iid,end,w_W2_spec,3,6,140.14649963378906,59.77680969238281,1.0
D,,partition,0.3|wd1.0,10,,target,iid,end,w_W2_stable_rank,3,6,1.0,2.0417068004608154,-1.0
D,,partition,0.3|wd1.0,10,,target,iid,end,w_W2_eff_rank,3,6,1.0032165921137224,101.33337300400132,-1.0
D,,partition,0.3|wd1.0,10,,target,iid,end,w_W2_sv_gini,3,6,0.9915371108868565,0.23513472039065364,1.0
D,,partition,0.3|wd1.0,10,,target,iid,end,w_W2_entry_gini,3,6,0.006346990326087543,0.4270075027008584,-1.0
D,,partition,0.3|wd1.0,10,,target,iid,end,w_W2_row_gini,3,6,0.00634663490887899,0.026027498066631738,-1.0
D,,partition,0.3|wd1.0,10,,target,iid,end,w_W2_row_pr,3,6,0.9998737589094636,0.9978679217019306,1.0
D,,partition,0.3|wd1.0,10,,target,iid,end,w_W2_dist_init,3,6,140.15354919433594,85.22698593139648,1.0
D,,partition,0.3|wd1.0,10,,target,iid,end,w_W2_rel_dist_init,3,6,204.08544454587732,123.85818944016671,1.0
D,,partition,0.3|wd1.0,10,,target,iid,end,w_W2_cos_init,3,6,0.0009178477921523154,0.008938592858612537,-0.5555555555555556
D,,partition,0.3|wd1.0,10,,target,iid,end,w_all_norm,3,6,146.55357699201002,128.39085699075895,1.0
D,,partition,0.3|wd1.0,10,,target,iid,end,w_all_rel_norm,3,6,9.129492227086159,7.992606438703159,1.0
D,,partition,0.3|wd1.0,10,,target,iid,end,w_all_dist_init,3,6,145.06809537975337,128.72257425817986,1.0
D,,partition,0.3|wd1.0,10,,target,iid,end,w_all_rel_dist_init,3,6,9.036954787121006,8.021045304180086,1.0
D,,partition,0.3|wd1.0,10,,target,iid,end,w_all_cos_init,3,6,0.14683722218747183,0.04182692009408488,1.0
D,,partition,0.3|wd1.0,10,,target,iid,end,rep_between_within_tr,3,6,0.04861102303858887,0.3185747414883255,-1.0
D,,partition,0.3|wd1.0,10,,target,iid,end,rep_nc1_tr,3,6,29.166926548254203,3.490477277716934,1.0
D,,partition,0.3|wd1.0,10,,target,iid,end,rep_eff_rank_te,3,6,253.16907733644172,242.11381895755937,0.7777777777777777
D,,partition,0.3|wd1.0,10,,target,iid,end,rep_pr_te,3,6,228.83662444383128,100.3426976615414,0.33333333333333326
D,,partition,0.3|wd1.0,10,,target,iid,end,rep_unit_gini_te,3,6,0.06332899923665725,0.33165577678178504,-1.0
D,,partition,0.3|wd1.0,10,,target,iid,end,rep_unit_pr_te,3,6,0.9856530881885115,0.3633361044728307,1.0
D,,partition,0.3|wd1.0,10,,target,iid,end,rep_between_within_te,3,6,0.010740816201049315,0.1900076647745042,-1.0
D,,partition,0.3|wd1.0,10,,target,iid,end,unit_interaction_share,3,6,0.8115433542972565,0.7674833923813318,0.33333333333333326
D,,partition,0.3|wd1.0,10,,target,iid,end,unit_frac_interacting,3,6,0.9921875,1.0,-1.0
D,,partition,0.3|wd1.0,10,,target,iid,end,add_share_a,3,6,0.0069883315955752544,0.10006699180088599,-1.0
D,,partition,0.3|wd1.0,10,,target,iid,end,add_share_b,3,6,0.006815485717979394,0.09889976487969163,-1.0
D,,partition,0.3|wd1.0,10,,target,iid,end,add_share_interaction,3,6,0.008780192158163983,0.7793499518089704,-1.0
D,,partition,0.3|wd1.0,10,,target,iid,end,add_acc_interaction_tr,3,6,6.736110687255859,100.0,-1.0
D,,partition,0.3|wd1.0,10,,target,iid,end,add_acc_additive_tr,3,6,1.0416666269302368,6.469907283782959,-1.0
D,,partition,0.3|wd1.0,10,,target,iid,end,add_acc_no_a_tr,3,6,1.064814805984497,100.0,-1.0
D,,partition,0.3|wd1.0,10,,target,iid,end,add_acc_no_b_tr,3,6,1.111111044883728,100.0,-1.0
D,,partition,0.3|wd1.0,10,,target,iid,end,add_acc_interaction_te,3,6,0.9523810148239136,96.18551635742188,-1.0
D,,partition,0.3|wd1.0,10,,target,iid,end,add_acc_additive_te,3,6,0.7539682388305664,0.01984127052128315,1.0
D,,partition,0.3|wd1.0,10,,target,iid,end,add_acc_no_a_te,3,6,0.7539682388305664,92.26190567016602,-1.0
D,,partition,0.3|wd1.0,10,,target,iid,end,add_acc_no_b_te,3,6,0.7539682388305664,92.50992202758789,-1.0
D,,partition,0.3|wd1.0,10,,target,iid,end,irr_U_structure,3,6,0.05288992091654571,0.09679733162979193,-1.0
D,,partition,0.3|wd1.0,10,,target,iid,end,irr_U_dominant_share,3,6,0.2894355560300246,0.23362216594254992,1.0
D,,partition,0.3|wd1.0,10,,target,iid,end,irr_U_dominant_over_random,3,6,0.9647851867667486,0.778740553141833,1.0
D,,partition,0.3|wd1.0,10,,target,iid,end,irr_U_5,3,6,0.030967291524786514,0.001877947506190971,1.0
D,,partition,0.3|wd1.0,10,,target,iid,end,irr_U_41,3,6,0.13316637780659002,0.20218968268298065,-1.0
D,,partition,0.3|wd1.0,10,,target,iid,end,irr_U_32,3,6,0.1925097383300005,0.2023003923801393,-1.0
D,,partition,0.3|wd1.0,10,,target,iid,end,irr_U_311,3,6,0.2894355560300246,0.23362216594254992,1.0
D,,partition,0.3|wd1.0,10,,target,iid,end,irr_U_221,3,6,0.1995628704737072,0.1889154675233647,0.7777777777777777
D,,partition,0.3|wd1.0,10,,target,iid,end,irr_U_2111,3,6,0.1277331398431052,0.14390529256898432,-0.5555555555555556
D,,partition,0.3|wd1.0,10,,target,iid,end,irr_U_11111,3,6,0.005830893369680247,0.02212819926869192,-1.0
D,,partition,0.3|wd1.0,10,,target,iid,end,irr_V_structure,3,6,0.045781251660159984,0.09305853047146129,-1.0
D,,partition,0.3|wd1.0,10,,target,iid,end,irr_V_dominant_share,3,6,0.2943716269213885,0.23498773900932232,1.0
D,,partition,0.3|wd1.0,10,,target,iid,end,irr_V_dominant_over_random,3,6,0.9812387564046284,0.7954786983773126,0.7777777777777777
D,,partition,0.3|wd1.0,10,,target,iid,end,irr_out_structure,3,6,0.9915404254190749,0.4808630273885165,1.0
D,,partition,0.3|wd1.0,10,,target,iid,end,irr_out_dominant_share,3,6,0.9998737587524082,0.4891963607218499,1.0
D,,partition,0.3|wd1.0,10,,target,iid,end,irr_out_dominant_over_random,3,6,119.984851050289,58.703563286621986,1.0
D,,partition,0.3|wd1.0,10,,target,iid,end,coset_s_nm1_acc_te,3,6,19.94047611951828,89.93551731109619,-1.0
D,,partition,0.3|wd1.0,10,,target,iid,end,coset_s_nm1_purity_te,3,6,0.03721841332027424,0.9650823596546826,-1.0
D,,partition,0.3|wd1.0,10,,target,iid,end,coset_a_n_acc_te,3,6,49.97023940086365,98.82440567016602,-1.0
D,,partition,0.3|wd1.0,10,,target,iid,end,coset_a_n_purity_te,3,6,0.015193922431027589,0.8755024987920973,-1.0
D,,partition,0.3|wd1.0,10,,target,iid,end,circ_share_interaction_tr,3,6,0.021696521830443558,0.767673923856868,-1.0
D,,partition,0.3|wd1.0,10,,target,iid,end,circ_share_marginal_tr,3,6,0.8722062178159896,0.19784885915447697,1.0
D,,partition,0.3|wd1.0,10,,target,iid,end,circ_acc_interaction_tr,3,6,6.458333134651184,100.0,-1.0
D,,partition,0.3|wd1.0,10,,target,iid,end,circ_acc_marginal_tr,3,6,1.041666604578495,6.412036716938019,-1.0
D,,partition,0.3|wd1.0,10,,target,iid,end,circ_units_tr,3,6,254.72584533691406,31.631723403930664,1.0
D,,partition,0.3|wd1.0,10,,target,iid,end,circ_share_interaction_te,3,6,0.00439638949488988,0.7883444935557158,-1.0
D,,partition,0.3|wd1.0,10,,target,iid,end,circ_share_marginal_te,3,6,0.9671086603968959,0.2299035810970489,1.0
D,,partition,0.3|wd1.0,10,,target,iid,end,circ_acc_interaction_te,3,6,0.7738095242530107,96.08134925365448,-1.0
D,,partition,0.3|wd1.0,10,,target,iid,end,circ_acc_marginal_te,3,6,0.7539682555943727,0.019841270113829523,1.0
D,,partition,0.3|wd1.0,10,,target,iid,end,circ_units_te,3,6,254.72584533691406,31.631723403930664,1.0
D,,partition,0.3|wd1.0,10,,target,iid,end,sharp_lambda_max,3,6,0.010779953561723232,0.0013010569382458925,0.6666666666666667
D,,partition,0.3|wd1.0,10,,target,iid,end,sharp_grad_norm,3,6,0.02124864049255848,0.0004187880549579859,1.0
D,,partition,0.3|wd1.0,10,,target,iid,end,sharp_lr_lambda,3,6,1.0779953561723233e-05,1.3010569382458926e-06,0.6666666666666667
D,,partition,0.3|wd1.0,20,,dirichlet0.5,iid,memo,fn_loss_tr,3,3,1.1798216104507446,1.0983644723892212,-0.11111111111111116
D,,partition,0.3|wd1.0,20,,dirichlet0.5,iid,memo,fn_acc_tr,3,3,99.46759033203125,99.58333587646484,-0.2222222222222222
D,,partition,0.3|wd1.0,20,,dirichlet0.5,iid,memo,fn_margin_tr,3,3,2.345064163208008,2.195847988128662,0.5555555555555556
D,,partition,0.3|wd1.0,20,,dirichlet0.5,iid,memo,fn_entropy_tr,3,3,3.440783739089966,3.2936630249023438,-0.11111111111111116
D,,partition,0.3|wd1.0,20,,dirichlet0.5,iid,memo,fn_loss_te,3,3,2.9918923377990723,3.549182415008545,-1.0
D,,partition,0.3|wd1.0,20,,dirichlet0.5,iid,memo,fn_acc_te,3,3,53.36309814453125,16.686508178710938,1.0
D,,partition,0.3|wd1.0,20,,dirichlet0.5,iid,memo,fn_margin_te,3,3,0.06126117706298828,-0.7520632743835449,1.0
D,,partition,0.3|wd1.0,20,,dirichlet0.5,iid,memo,fn_entropy_te,3,3,4.350006580352783,4.24454402923584,0.5555555555555556
D,,partition,0.3|wd1.0,20,,dirichlet0.5,iid,memo,fn_gap_loss,3,3,1.802634835243225,2.436578154563904,-1.0
D,,partition,0.3|wd1.0,20,,dirichlet0.5,iid,memo,fn_gap_acc,3,3,46.1044921875,82.8968276977539,-1.0
D,,partition,0.3|wd1.0,20,,dirichlet0.5,iid,memo,fn_class_acc_gini,3,3,0.1706515648411846,0.3060140659442725,-1.0
D,,partition,0.3|wd1.0,20,,dirichlet0.5,iid,memo,w_W1_fro,3,3,67.31886291503906,61.71350860595703,1.0
D,,partition,0.3|wd1.0,20,,dirichlet0.5,iid,memo,w_W1_spec,3,3,10.885505676269531,14.293285369873047,-0.33333333333333337
D,,partition,0.3|wd1.0,20,,dirichlet0.5,iid,memo,w_W1_stable_rank,3,3,37.60606384277344,18.642871856689453,0.7777777777777777
D,,partition,0.3|wd1.0,20,,dirichlet0.5,iid,memo,w_W1_eff_rank,3,3,194.3601385522571,194.74794447437233,-0.33333333333333337
D,,partition,0.3|wd1.0,20,,dirichlet0.5,iid,memo,w_W1_sv_gini,3,3,0.35733152439353066,0.35273703222374464,0.33333333333333326
D,,partition,0.3|wd1.0,20,,dirichlet0.5,iid,memo,w_W1_entry_gini,3,3,0.332325365077645,0.3458457791654499,-1.0
D,,partition,0.3|wd1.0,20,,dirichlet0.5,iid,memo,w_W1_row_gini,3,3,0.10241380075455409,0.08264487526798314,1.0
D,,partition,0.3|wd1.0,20,,dirichlet0.5,iid,memo,w_W1_row_pr,3,3,0.956046353372681,0.9625041996366952,-0.5555555555555556
D,,partition,0.3|wd1.0,20,,dirichlet0.5,iid,memo,w_W1_dist_init,3,3,67.89649200439453,60.26478576660156,1.0
D,,partition,0.3|wd1.0,20,,dirichlet0.5,iid,memo,w_W1_rel_dist_init,3,3,4.219617794711259,3.7529438498404546,1.0
D,,partition,0.3|wd1.0,20,,dirichlet0.5,iid,memo,w_W1_cos_init,3,3,0.083458311855793,0.2190544605255127,-1.0
D,,partition,0.3|wd1.0,20,,dirichlet0.5,iid,memo,w_W2_fro,3,3,87.7564697265625,74.45870208740234,1.0
D,,partition,0.3|wd1.0,20,,dirichlet0.5,iid,memo,w_W2_spec,3,3,77.9412612915039,54.128177642822266,1.0
D,,partition,0.3|wd1.0,20,,dirichlet0.5,iid,memo,w_W2_stable_rank,3,3,1.2653192281723022,1.9055171012878418,-1.0
D,,partition,0.3|wd1.0,20,,dirichlet0.5,iid,memo,w_W2_eff_rank,3,3,80.8436075012159,97.11325727983248,-1.0
D,,partition,0.3|wd1.0,20,,dirichlet0.5,iid,memo,w_W2_sv_gini,3,3,0.33297959286275636,0.28073928023932915,1.0
D,,partition,0.3|wd1.0,20,,dirichlet0.5,iid,memo,w_W2_entry_gini,3,3,0.2923967547158317,0.4211686114235702,-1.0
D,,partition,0.3|wd1.0,20,,dirichlet0.5,iid,memo,w_W2_row_gini,3,3,0.019576877019960248,0.027482622447458693,-1.0
D,,partition,0.3|wd1.0,20,,dirichlet0.5,iid,memo,w_W2_row_pr,3,3,0.998816258722152,0.9976644443985149,1.0
D,,partition,0.3|wd1.0,20,,dirichlet0.5,iid,memo,w_W2_dist_init,3,3,87.75202178955078,74.44593811035156,1.0
D,,partition,0.3|wd1.0,20,,dirichlet0.5,iid,memo,w_W2_rel_dist_init,3,3,127.26845578290217,108.33131620773472,1.0
D,,partition,0.3|wd1.0,20,,dirichlet0.5,iid,memo,w_W2_cos_init,3,3,0.010379534214735031,0.03907744586467743,-1.0
D,,partition,0.3|wd1.0,20,,dirichlet0.5,iid,memo,w_all_norm,3,3,110.60301660914544,96.70912811621282,1.0
D,,partition,0.3|wd1.0,20,,dirichlet0.5,iid,memo,w_all_rel_norm,3,3,6.867432303228642,6.019584092802472,1.0
D,,partition,0.3|wd1.0,20,,dirichlet0.5,iid,memo,w_all_dist_init,3,3,110.95202095796455,95.78121999966736,1.0
D,,partition,0.3|wd1.0,20,,dirichlet0.5,iid,memo,w_all_rel_dist_init,3,3,6.889102270400672,5.963936070727255,1.0
D,,partition,0.3|wd1.0,20,,dirichlet0.5,iid,memo,w_all_cos_init,3,3,0.051103157151497554,0.14042441569746758,-1.0
D,,partition,0.3|wd1.0,20,,dirichlet0.5,iid,memo,rep_between_within_tr,3,3,0.4504091543503785,0.4631820451031065,-0.11111111111111116
D,,partition,0.3|wd1.0,20,,dirichlet0.5,iid,memo,rep_nc1_tr,3,3,5.735461230049675,6.686916723516007,-1.0
D,,partition,0.3|wd1.0,20,,dirichlet0.5,iid,memo,rep_eff_rank_te,3,3,232.54807262536897,234.90883999381487,-0.5555555555555556
D,,partition,0.3|wd1.0,20,,dirichlet0.5,iid,memo,rep_pr_te,3,3,26.112880334022567,19.112070546926994,1.0
D,,partition,0.3|wd1.0,20,,dirichlet0.5,iid,memo,rep_unit_gini_te,3,3,0.4646102818134761,0.42892024771667536,0.5555555555555556
D,,partition,0.3|wd1.0,20,,dirichlet0.5,iid,memo,rep_unit_pr_te,3,3,0.19612829825590214,0.13413034129728707,0.7777777777777777
D,,partition,0.3|wd1.0,20,,dirichlet0.5,iid,memo,rep_between_within_te,3,3,0.3220269647985055,0.3456568538621302,-0.33333333333333337
D,,partition,0.3|wd1.0,20,,dirichlet0.5,iid,memo,unit_interaction_share,3,3,0.7672446634581287,0.7502837404681639,1.0
D,,partition,0.3|wd1.0,20,,dirichlet0.5,iid,memo,unit_frac_interacting,3,3,0.9960474967956543,1.0,-0.33333333333333337
D,,partition,0.3|wd1.0,20,,dirichlet0.5,iid,memo,add_share_a,3,3,0.07952639214332456,0.081555661619528,-0.11111111111111116
D,,partition,0.3|wd1.0,20,,dirichlet0.5,iid,memo,add_share_b,3,3,0.076788772291238,0.07981492975487753,-0.11111111111111116
D,,partition,0.3|wd1.0,20,,dirichlet0.5,iid,memo,add_share_interaction,3,3,0.7877996084706809,0.8040392911960529,-0.5555555555555556
D,,partition,0.3|wd1.0,20,,dirichlet0.5,iid,memo,add_acc_interaction_tr,3,3,99.46759033203125,99.51388549804688,-0.11111111111111116
D,,partition,0.3|wd1.0,20,,dirichlet0.5,iid,memo,add_acc_additive_tr,3,3,7.384259223937988,7.245369911193848,-0.11111111111111116
D,,partition,0.3|wd1.0,20,,dirichlet0.5,iid,memo,add_acc_no_a_tr,3,3,99.35184478759766,99.44444274902344,-0.11111111111111116
D,,partition,0.3|wd1.0,20,,dirichlet0.5,iid,memo,add_acc_no_b_tr,3,3,99.53703308105469,99.62963104248047,-0.33333333333333337
D,,partition,0.3|wd1.0,20,,dirichlet0.5,iid,memo,add_acc_interaction_te,3,3,77.9861068725586,44.890872955322266,1.0
D,,partition,0.3|wd1.0,20,,dirichlet0.5,iid,memo,add_acc_additive_te,3,3,0.009920635260641575,0.0,1.0
D,,partition,0.3|wd1.0,20,,dirichlet0.5,iid,memo,add_acc_no_a_te,3,3,64.85118865966797,27.113094329833984,1.0
D,,partition,0.3|wd1.0,20,,dirichlet0.5,iid,memo,add_acc_no_b_te,3,3,65.51587677001953,26.974206924438477,1.0
D,,partition,0.3|wd1.0,20,,dirichlet0.5,iid,memo,irr_U_structure,3,3,0.143476224395322,0.09758500810373069,1.0
D,,partition,0.3|wd1.0,20,,dirichlet0.5,iid,memo,irr_U_dominant_share,3,3,0.21779227377876173,0.24324755339735582,-1.0
D,,partition,0.3|wd1.0,20,,dirichlet0.5,iid,memo,irr_U_dominant_over_random,3,3,0.7259742459292058,0.8108251779911861,-0.33333333333333337
D,,partition,0.3|wd1.0,20,,dirichlet0.5,iid,memo,irr_U_5,3,3,0.0022679268772101404,0.0030221855406713702,-1.0
D,,partition,0.3|wd1.0,20,,dirichlet0.5,iid,memo,irr_U_41,3,3,0.20325707880971874,0.14019198673271793,0.7777777777777777
D,,partition,0.3|wd1.0,20,,dirichlet0.5,iid,memo,irr_U_32,3,3,0.17984528448342893,0.2029404008349242,-1.0
D,,partition,0.3|wd1.0,20,,dirichlet0.5,iid,memo,irr_U_311,3,3,0.21619476362076856,0.24324755339735582,-1.0
D,,partition,0.3|wd1.0,20,,dirichlet0.5,iid,memo,irr_U_221,3,3,0.18338026209106745,0.19021235579201384,-0.11111111111111116
D,,partition,0.3|wd1.0,20,,dirichlet0.5,iid,memo,irr_U_2111,3,3,0.1572592500580489,0.13551453577055977,0.33333333333333326
D,,partition,0.3|wd1.0,20,,dirichlet0.5,iid,memo,irr_U_11111,3,3,0.05215533016902761,0.061957071097518614,-0.5555555555555556
D,,partition,0.3|wd1.0,20,,dirichlet0.5,iid,memo,irr_V_structure,3,3,0.14347845865244208,0.09674968652768287,1.0
D,,partition,0.3|wd1.0,20,,dirichlet0.5,iid,memo,irr_V_dominant_share,3,3,0.21961654188981486,0.24273805702299425,-0.7777777777777778
D,,partition,0.3|wd1.0,20,,dirichlet0.5,iid,memo,irr_V_dominant_over_random,3,3,0.7320551396327162,0.8091268567433142,-0.33333333333333337
D,,partition,0.3|wd1.0,20,,dirichlet0.5,iid,memo,irr_out_structure,3,3,0.7814689445827107,0.5242599940501963,1.0
D,,partition,0.3|wd1.0,20,,dirichlet0.5,iid,memo,irr_out_dominant_share,3,3,0.789802277916044,0.5225132612421395,1.0
D,,partition,0.3|wd1.0,20,,dirichlet0.5,iid,memo,irr_out_dominant_over_random,3,3,94.77627334992528,62.70159134905674,1.0
D,,partition,0.3|wd1.0,20,,dirichlet0.5,iid,memo,coset_s_nm1_acc_te,3,3,65.86309671401978,37.460318207740784,1.0
D,,partition,0.3|wd1.0,20,,dirichlet0.5,iid,memo,coset_s_nm1_purity_te,3,3,0.8102123813827383,0.4454449152542373,1.0
D,,partition,0.3|wd1.0,20,,dirichlet0.5,iid,memo,coset_a_n_acc_te,3,3,99.85119104385376,99.97023940086365,-0.4444444444444444
D,,partition,0.3|wd1.0,20,,dirichlet0.5,iid,memo,coset_a_n_purity_te,3,3,0.5337898183983328,0.1668981940861282,1.0
D,,partition,0.3|wd1.0,20,,dirichlet0.5,iid,memo,circ_share_interaction_tr,3,3,0.7684472095229221,0.7895004715175789,-0.5555555555555556
D,,partition,0.3|wd1.0,20,,dirichlet0.5,iid,memo,circ_share_marginal_tr,3,3,0.19630870678949644,0.18136067121419316,0.5555555555555556
D,,partition,0.3|wd1.0,20,,dirichlet0.5,iid,memo,circ_acc_interaction_tr,3,3,99.46759343147278,99.58333373069763,-0.33333333333333337
D,,partition,0.3|wd1.0,20,,dirichlet0.5,iid,memo,circ_acc_marginal_tr,3,3,7.222221791744232,7.222221791744232,-0.33333333333333337
D,,partition,0.3|wd1.0,20,,dirichlet0.5,iid,memo,circ_units_tr,3,3,17.27985954284668,8.23501968383789,1.0
D,,partition,0.3|wd1.0,20,,dirichlet0.5,iid,memo,circ_share_interaction_te,3,3,0.799502697104678,0.8130138663019555,-0.5555555555555556
D,,partition,0.3|wd1.0,20,,dirichlet0.5,iid,memo,circ_share_marginal_te,3,3,0.21556488866439588,0.19349374206264833,0.5555555555555556
D,,partition,0.3|wd1.0,20,,dirichlet0.5,iid,memo,circ_acc_interaction_te,3,3,77.49007940292358,44.46428716182709,1.0
D,,partition,0.3|wd1.0,20,,dirichlet0.5,iid,memo,circ_acc_marginal_te,3,3,0.009920635056914762,0.0,0.6666666666666667
D,,partition,0.3|wd1.0,20,,dirichlet0.5,iid,memo,circ_units_te,3,3,17.27985954284668,8.23501968383789,1.0
D,,partition,0.3|wd1.0,20,,dirichlet0.5,iid,memo,sharp_lambda_max,3,3,0.09067673981189728,0.08344408124685287,0.5555555555555556
D,,partition,0.3|wd1.0,20,,dirichlet0.5,iid,memo,sharp_grad_norm,3,3,0.10927766561508179,0.09416083991527557,1.0
D,,partition,0.3|wd1.0,20,,dirichlet0.5,iid,memo,sharp_lr_lambda,3,3,9.067673981189727e-05,8.344408124685288e-05,0.5555555555555556
D,,partition,0.3|wd1.0,20,,dirichlet0.5,iid,cross,fn_loss_tr,2,4,0.6837613582611084,0.2470831573009491,
D,,partition,0.3|wd1.0,20,,dirichlet0.5,iid,cross,fn_acc_tr,2,4,99.95369720458984,100.0,
D,,partition,0.3|wd1.0,20,,dirichlet0.5,iid,cross,fn_margin_tr,2,4,3.149837017059326,4.098668575286865,
D,,partition,0.3|wd1.0,20,,dirichlet0.5,iid,cross,fn_entropy_tr,2,4,2.5908931493759155,1.3283721804618835,
D,,partition,0.3|wd1.0,20,,dirichlet0.5,iid,cross,fn_loss_te,2,4,2.1536271572113037,1.7393682599067688,
D,,partition,0.3|wd1.0,20,,dirichlet0.5,iid,cross,fn_acc_te,2,4,84.8115119934082,85.24802017211914,
D,,partition,0.3|wd1.0,20,,dirichlet0.5,iid,cross,fn_margin_te,2,4,0.8590803146362305,1.0621094703674316,
D,,partition,0.3|wd1.0,20,,dirichlet0.5,iid,cross,fn_entropy_te,2,4,4.086380243301392,3.638837218284607,
D,,partition,0.3|wd1.0,20,,dirichlet0.5,iid,cross,fn_gap_loss,2,4,1.4698657989501953,1.4865803495049477,
D,,partition,0.3|wd1.0,20,,dirichlet0.5,iid,cross,fn_gap_acc,2,4,15.14218521118164,14.75197982788086,
D,,partition,0.3|wd1.0,20,,dirichlet0.5,iid,cross,fn_class_acc_gini,2,4,0.07054886090766566,0.04853744855500519,
D,,partition,0.3|wd1.0,20,,dirichlet0.5,iid,cross,w_W1_fro,2,4,74.41213989257812,71.82466125488281,
D,,partition,0.3|wd1.0,20,,dirichlet0.5,iid,cross,w_W1_spec,2,4,10.884156227111816,14.764588832855225,
D,,partition,0.3|wd1.0,20,,dirichlet0.5,iid,cross,w_W1_stable_rank,2,4,46.75131416320801,23.874202728271484,
D,,partition,0.3|wd1.0,20,,dirichlet0.5,iid,cross,w_W1_eff_rank,2,4,194.5762278429111,195.66724376176063,
D,,partition,0.3|wd1.0,20,,dirichlet0.5,iid,cross,w_W1_sv_gini,2,4,0.356768543388454,0.34970487574641007,
D,,partition,0.3|wd1.0,20,,dirichlet0.5,iid,cross,w_W1_entry_gini,2,4,0.3212066575723358,0.31341743937638755,
D,,partition,0.3|wd1.0,20,,dirichlet0.5,iid,cross,w_W1_row_gini,2,4,0.10558486657670196,0.09082717375745397,
D,,partition,0.3|wd1.0,20,,dirichlet0.5,iid,cross,w_W1_row_pr,2,4,0.955627186282652,0.9609124771153732,
D,,partition,0.3|wd1.0,20,,dirichlet0.5,iid,cross,w_W1_dist_init,2,4,75.51174545288086,72.19967269897461,
D,,partition,0.3|wd1.0,20,,dirichlet0.5,iid,cross,w_W1_rel_dist_init,2,4,4.7097988338399475,4.50309193120127,
D,,partition,0.3|wd1.0,20,,dirichlet0.5,iid,cross,w_W1_cos_init,2,4,0.03866032138466835,0.08571941405534744,
D,,partition,0.3|wd1.0,20,,dirichlet0.5,iid,cross,w_W2_fro,2,4,93.11716079711914,82.7864761352539,
D,,partition,0.3|wd1.0,20,,dirichlet0.5,iid,cross,w_W2_spec,2,4,83.93081283569336,63.43292045593262,
D,,partition,0.3|wd1.0,20,,dirichlet0.5,iid,cross,w_W2_stable_rank,2,4,1.231103003025055,1.7083733677864075,
D,,partition,0.3|wd1.0,20,,dirichlet0.5,iid,cross,w_W2_eff_rank,2,4,78.67244908003852,96.2284087885022,
D,,partition,0.3|wd1.0,20,,dirichlet0.5,iid,cross,w_W2_sv_gini,2,4,0.3375654353268208,0.26543798983977973,
D,,partition,0.3|wd1.0,20,,dirichlet0.5,iid,cross,w_W2_entry_gini,2,4,0.27336436693539234,0.4183101684227001,
D,,partition,0.3|wd1.0,20,,dirichlet0.5,iid,cross,w_W2_row_gini,2,4,0.016747066992757298,0.023080677573720565,
D,,partition,0.3|wd1.0,20,,dirichlet0.5,iid,cross,w_W2_row_pr,2,4,0.9991303486902658,0.9983150945826067,
D,,partition,0.3|wd1.0,20,,dirichlet0.5,iid,cross,w_W2_dist_init,2,4,93.11761093139648,82.78731155395508,
D,,partition,0.3|wd1.0,20,,dirichlet0.5,iid,cross,w_W2_rel_dist_init,2,4,135.3238405787327,120.481917816767,
D,,partition,0.3|wd1.0,20,,dirichlet0.5,iid,cross,w_W2_cos_init,2,4,0.0030327620916068554,0.007529821712523699,
D,,partition,0.3|wd1.0,20,,dirichlet0.5,iid,cross,w_all_norm,2,4,119.19719878929351,109.69361587150127,
D,,partition,0.3|wd1.0,20,,dirichlet0.5,iid,cross,w_all_rel_norm,2,4,7.427715855119535,6.835297317916752,
D,,partition,0.3|wd1.0,20,,dirichlet0.5,iid,cross,w_all_dist_init,2,4,119.88709137179208,109.93760367412234,
D,,partition,0.3|wd1.0,20,,dirichlet0.5,iid,cross,w_all_rel_dist_init,2,4,7.470699526779226,6.850477669524856,
D,,partition,0.3|wd1.0,20,,dirichlet0.5,iid,cross,w_all_cos_init,2,4,0.024214104250530517,0.05662775078103614,
D,,partition,0.3|wd1.0,20,,dirichlet0.5,iid,cross,rep_between_within_tr,2,4,0.351940388231376,0.4141797210664937,
D,,partition,0.3|wd1.0,20,,dirichlet0.5,iid,cross,rep_nc1_tr,2,4,5.351322100608346,4.2394219288896835,
D,,partition,0.3|wd1.0,20,,dirichlet0.5,iid,cross,rep_eff_rank_te,2,4,231.15478567416045,232.39757491326117,
D,,partition,0.3|wd1.0,20,,dirichlet0.5,iid,cross,rep_pr_te,2,4,67.13788299959955,41.122334698820126,
D,,partition,0.3|wd1.0,20,,dirichlet0.5,iid,cross,rep_unit_gini_te,2,4,0.4714062405520557,0.4469552753246029,
D,,partition,0.3|wd1.0,20,,dirichlet0.5,iid,cross,rep_unit_pr_te,2,4,0.2925855919640197,0.23550412649232588,
D,,partition,0.3|wd1.0,20,,dirichlet0.5,iid,cross,rep_between_within_te,2,4,0.2446595911129907,0.290349112671676,
D,,partition,0.3|wd1.0,20,,dirichlet0.5,iid,cross,unit_interaction_share,2,4,0.7750702285209834,0.786451402950658,
D,,partition,0.3|wd1.0,20,,dirichlet0.5,iid,cross,unit_frac_interacting,2,4,1.0,1.0,
D,,partition,0.3|wd1.0,20,,dirichlet0.5,iid,cross,add_share_a,2,4,0.08324837828075848,0.07661701977846362,
D,,partition,0.3|wd1.0,20,,dirichlet0.5,iid,cross,add_share_b,2,4,0.0823958611730902,0.07676423890211567,
D,,partition,0.3|wd1.0,20,,dirichlet0.5,iid,cross,add_share_interaction,2,4,0.7888431838131358,0.8240625074923293,
D,,partition,0.3|wd1.0,20,,dirichlet0.5,iid,cross,add_acc_interaction_tr,2,4,99.9421272277832,100.0,
D,,partition,0.3|wd1.0,20,,dirichlet0.5,iid,cross,add_acc_additive_tr,2,4,6.898148059844971,6.574073791503906,
D,,partition,0.3|wd1.0,20,,dirichlet0.5,iid,cross,add_acc_no_a_tr,2,4,99.90740966796875,100.0,
D,,partition,0.3|wd1.0,20,,dirichlet0.5,iid,cross,add_acc_no_b_tr,2,4,99.96527481079102,100.0,
D,,partition,0.3|wd1.0,20,,dirichlet0.5,iid,cross,add_acc_interaction_te,2,4,94.99007797241211,95.44643020629883,
D,,partition,0.3|wd1.0,20,,dirichlet0.5,iid,cross,add_acc_additive_te,2,4,0.0644841305911541,0.04464286006987095,
D,,partition,0.3|wd1.0,20,,dirichlet0.5,iid,cross,add_acc_no_a_te,2,4,90.60515975952148,91.64186477661133,
D,,partition,0.3|wd1.0,20,,dirichlet0.5,iid,cross,add_acc_no_b_te,2,4,90.30754089355469,91.29960250854492,
D,,partition,0.3|wd1.0,20,,dirichlet0.5,iid,cross,irr_U_structure,2,4,0.1703008783963934,0.13633301924972388,
D,,partition,0.3|wd1.0,20,,dirichlet0.5,iid,cross,irr_U_dominant_share,2,4,0.2768845958124332,0.23277798744447314,
D,,partition,0.3|wd1.0,20,,dirichlet0.5,iid,cross,irr_U_dominant_over_random,2,4,2.076634468593249,1.7458349058335487,
D,,partition,0.3|wd1.0,20,,dirichlet0.5,iid,cross,irr_U_5,2,4,0.0018096365345149283,0.0019704677424260387,
D,,partition,0.3|wd1.0,20,,dirichlet0.5,iid,cross,irr_U_41,2,4,0.2768845958124332,0.23277798744447314,
D,,partition,0.3|wd1.0,20,,dirichlet0.5,iid,cross,irr_U_32,2,4,0.1780822242350354,0.200639998075761,
D,,partition,0.3|wd1.0,20,,dirichlet0.5,iid,cross,irr_U_311,2,4,0.18062791324131253,0.2022568343833656,
D,,partition,0.3|wd1.0,20,,dirichlet0.5,iid,cross,irr_U_221,2,4,0.19658264671026154,0.19440375698812803,
D,,partition,0.3|wd1.0,20,,dirichlet0.5,iid,cross,irr_U_2111,2,4,0.13452357090362727,0.1342376475146065,
D,,partition,0.3|wd1.0,20,,dirichlet0.5,iid,cross,irr_U_11111,2,4,0.0314894125628151,0.04292332115863958,
D,,partition,0.3|wd1.0,20,,dirichlet0.5,iid,cross,irr_V_structure,2,4,0.1709912645717671,0.13783785446245217,
D,,partition,0.3|wd1.0,20,,dirichlet0.5,iid,cross,irr_V_dominant_share,2,4,0.27722119097113856,0.23398307837184384,
D,,partition,0.3|wd1.0,20,,dirichlet0.5,iid,cross,irr_V_dominant_over_random,2,4,2.0791589322835393,1.754873087788829,
D,,partition,0.3|wd1.0,20,,dirichlet0.5,iid,cross,irr_out_structure,2,4,0.80377238896857,0.5773029810279773,
D,,partition,0.3|wd1.0,20,,dirichlet0.5,iid,cross,irr_out_dominant_share,2,4,0.8121057223019035,0.5843620986049106,
D,,partition,0.3|wd1.0,20,,dirichlet0.5,iid,cross,irr_out_dominant_over_random,2,4,97.45268667622841,70.12345183258927,
D,,partition,0.3|wd1.0,20,,dirichlet0.5,iid,cross,coset_s_nm1_acc_te,2,4,89.86111283302307,88.913694024086,
D,,partition,0.3|wd1.0,20,,dirichlet0.5,iid,cross,coset_s_nm1_purity_te,2,4,0.9439158367771754,0.9582662420363286,
D,,partition,0.3|wd1.0,20,,dirichlet0.5,iid,cross,coset_a_n_acc_te,2,4,99.36012029647827,99.92063641548157,
D,,partition,0.3|wd1.0,20,,dirichlet0.5,iid,cross,coset_a_n_purity_te,2,4,0.853653847821798,0.853157542236382,
D,,partition,0.3|wd1.0,20,,dirichlet0.5,iid,cross,circ_share_interaction_tr,2,4,0.7704894565239351,0.8046855256844181,
D,,partition,0.3|wd1.0,20,,dirichlet0.5,iid,cross,circ_share_marginal_tr,2,4,0.19299394102984882,0.16131236127031104,
D,,partition,0.3|wd1.0,20,,dirichlet0.5,iid,cross,circ_acc_interaction_tr,2,4,99.95370209217072,100.0,
D,,partition,0.3|wd1.0,20,,dirichlet0.5,iid,cross,circ_acc_marginal_tr,2,4,6.7824069410562515,6.493055447936058,
D,,partition,0.3|wd1.0,20,,dirichlet0.5,iid,cross,circ_units_tr,2,4,32.32036781311035,19.29106330871582,
D,,partition,0.3|wd1.0,20,,dirichlet0.5,iid,cross,circ_share_interaction_te,2,4,0.80036670922738,0.8362177131360337,
D,,partition,0.3|wd1.0,20,,dirichlet0.5,iid,cross,circ_share_marginal_te,2,4,0.21879557976050099,0.18027736591983795,
D,,partition,0.3|wd1.0,20,,dirichlet0.5,iid,cross,circ_acc_interaction_te,2,4,94.98511850833893,95.43154835700989,
D,,partition,0.3|wd1.0,20,,dirichlet0.5,iid,cross,circ_acc_marginal_te,2,4,0.05952381034148857,0.04464285884751007,
D,,partition,0.3|wd1.0,20,,dirichlet0.5,iid,cross,circ_units_te,2,4,32.32036781311035,19.29106330871582,
D,,partition,0.3|wd1.0,20,,dirichlet0.5,iid,cross,sharp_lambda_max,2,4,0.09902779385447502,0.05131125636398792,
D,,partition,0.3|wd1.0,20,,dirichlet0.5,iid,cross,sharp_grad_norm,2,4,0.09108427539467812,0.041940510272979736,
D,,partition,0.3|wd1.0,20,,dirichlet0.5,iid,cross,sharp_lr_lambda,2,4,9.902779385447503e-05,5.1311256363987924e-05,
D,,partition,0.3|wd1.0,20,,dirichlet0.5,iid,end,fn_loss_tr,3,6,0.6347327828407288,0.2213408425450325,1.0
D,,partition,0.3|wd1.0,20,,dirichlet0.5,iid,end,fn_acc_tr,3,6,99.97685241699219,100.0,-0.6666666666666667
D,,partition,0.3|wd1.0,20,,dirichlet0.5,iid,end,fn_margin_tr,3,6,3.213703155517578,4.23294734954834,-1.0
D,,partition,0.3|wd1.0,20,,dirichlet0.5,iid,end,fn_entropy_tr,3,6,2.4669952392578125,1.2283551096916199,1.0
D,,partition,0.3|wd1.0,20,,dirichlet0.5,iid,end,fn_loss_te,3,6,1.9868146181106567,1.6453030109405518,1.0
D,,partition,0.3|wd1.0,20,,dirichlet0.5,iid,end,fn_acc_te,3,6,85.98214721679688,86.93452453613281,-0.11111111111111116
D,,partition,0.3|wd1.0,20,,dirichlet0.5,iid,end,fn_margin_te,3,6,0.8984203338623047,1.1712279319763184,-1.0
D,,partition,0.3|wd1.0,20,,dirichlet0.5,iid,end,fn_entropy_te,3,6,3.9754929542541504,3.5763871669769287,1.0
D,,partition,0.3|wd1.0,20,,dirichlet0.5,iid,end,fn_gap_loss,3,6,1.410374402999878,1.4239621683955193,-0.11111111111111116
D,,partition,0.3|wd1.0,20,,dirichlet0.5,iid,end,fn_gap_acc,3,6,13.994705200195312,13.065475463867188,0.11111111111111116
D,,partition,0.3|wd1.0,20,,dirichlet0.5,iid,end,fn_class_acc_gini,3,6,0.06247862864013776,0.04258767854300938,0.8888888888888888
D,,partition,0.3|wd1.0,20,,dirichlet0.5,iid,end,w_W1_fro,3,6,75.97700500488281,72.56349563598633,0.8888888888888888
D,,partition,0.3|wd1.0,20,,dirichlet0.5,iid,end,w_W1_spec,3,6,11.706708908081055,14.82252025604248,-0.33333333333333337
D,,partition,0.3|wd1.0,20,,dirichlet0.5,iid,end,w_W1_stable_rank,3,6,42.16974639892578,24.58125877380371,0.33333333333333326
D,,partition,0.3|wd1.0,20,,dirichlet0.5,iid,end,w_W1_eff_rank,3,6,193.10184491227756,196.14085127013726,-1.0
D,,partition,0.3|wd1.0,20,,dirichlet0.5,iid,end,w_W1_sv_gini,3,6,0.36268282901898297,0.3467769190681652,1.0
D,,partition,0.3|wd1.0,20,,dirichlet0.5,iid,end,w_W1_entry_gini,3,6,0.32834070854675046,0.3122778746024548,1.0
D,,partition,0.3|wd1.0,20,,dirichlet0.5,iid,end,w_W1_row_gini,3,6,0.12063916650016515,0.09197042700225688,0.8888888888888888
D,,partition,0.3|wd1.0,20,,dirichlet0.5,iid,end,w_W1_row_pr,3,6,0.9436581809916116,0.959823096873631,-0.6666666666666667
D,,partition,0.3|wd1.0,20,,dirichlet0.5,iid,end,w_W1_dist_init,3,6,77.16029357910156,73.15501022338867,0.8888888888888888
D,,partition,0.3|wd1.0,20,,dirichlet0.5,iid,end,w_W1_rel_dist_init,3,6,4.811066797881924,4.570122396306604,0.8888888888888888
D,,partition,0.3|wd1.0,20,,dirichlet0.5,iid,end,w_W1_cos_init,3,6,0.031191326677799225,0.07320158928632736,-1.0
D,,partition,0.3|wd1.0,20,,dirichlet0.5,iid,end,w_W2_fro,3,6,93.59957885742188,83.32857894897461,1.0
D,,partition,0.3|wd1.0,20,,dirichlet0.5,iid,end,w_W2_spec,3,6,84.4813232421875,63.72635269165039,1.0
D,,partition,0.3|wd1.0,20,,dirichlet0.5,iid,end,w_W2_stable_rank,3,6,1.2274843454360962,1.698657751083374,-1.0
D,,partition,0.3|wd1.0,20,,dirichlet0.5,iid,end,w_W2_eff_rank,3,6,78.5572658388507,95.9056566538346,-1.0
D,,partition,0.3|wd1.0,20,,dirichlet0.5,iid,end,w_W2_sv_gini,3,6,0.33706504161334383,0.2669606880642119,1.0
D,,partition,0.3|wd1.0,20,,dirichlet0.5,iid,end,w_W2_entry_gini,3,6,0.2720822859908383,0.4178376353893264,-1.0
D,,partition,0.3|wd1.0,20,,dirichlet0.5,iid,end,w_W2_row_gini,3,6,0.01755939306075427,0.022905994491536186,-1.0
D,,partition,0.3|wd1.0,20,,dirichlet0.5,iid,end,w_W2_row_pr,3,6,0.9990456491078289,0.9983688602382605,1.0
D,,partition,0.3|wd1.0,20,,dirichlet0.5,iid,end,w_W2_dist_init,3,6,93.59151458740234,83.3183822631836,1.0
D,,partition,0.3|wd1.0,20,,dirichlet0.5,iid,end,w_W2_rel_dist_init,3,6,136.36248857353416,121.21897870416666,1.0
D,,partition,0.3|wd1.0,20,,dirichlet0.5,iid,end,w_W2_cos_init,3,6,-0.0009865510510280728,0.01162619749084115,-0.5555555555555556
D,,partition,0.3|wd1.0,20,,dirichlet0.5,iid,end,w_all_norm,3,6,120.55449577597147,110.41888538642345,1.0
D,,partition,0.3|wd1.0,20,,dirichlet0.5,iid,end,w_all_rel_norm,3,6,7.509890612816816,6.891749276142864,1.0
D,,partition,0.3|wd1.0,20,,dirichlet0.5,iid,end,w_all_dist_init,3,6,121.29749588502266,110.80399296414498,1.0
D,,partition,0.3|wd1.0,20,,dirichlet0.5,iid,end,w_all_rel_dist_init,3,6,7.556175485963767,6.915771638842343,1.0
D,,partition,0.3|wd1.0,20,,dirichlet0.5,iid,end,w_all_cos_init,3,6,0.020087867701358047,0.048482396016113885,-1.0
D,,partition,0.3|wd1.0,20,,dirichlet0.5,iid,end,rep_between_within_tr,3,6,0.37584320714433067,0.41013541849161095,-0.5555555555555556
D,,partition,0.3|wd1.0,20,,dirichlet0.5,iid,end,rep_nc1_tr,3,6,5.611020406554539,4.224562532541355,1.0
D,,partition,0.3|wd1.0,20,,dirichlet0.5,iid,end,rep_eff_rank_te,3,6,225.294420086566,232.04774278675592,-0.5555555555555556
D,,partition,0.3|wd1.0,20,,dirichlet0.5,iid,end,rep_pr_te,3,6,52.83377065987974,42.62886748006163,0.5555555555555556
D,,partition,0.3|wd1.0,20,,dirichlet0.5,iid,end,rep_unit_gini_te,3,6,0.5259512131509527,0.45406252846424,0.6666666666666667
D,,partition,0.3|wd1.0,20,,dirichlet0.5,iid,end,rep_unit_pr_te,3,6,0.27944249376616087,0.24658196840986607,1.0
D,,partition,0.3|wd1.0,20,,dirichlet0.5,iid,end,rep_between_within_te,3,6,0.275706024509507,0.28681282509865313,-0.4444444444444444
D,,partition,0.3|wd1.0,20,,dirichlet0.5,iid,end,unit_interaction_share,3,6,0.7821755034488167,0.7861244602723135,-0.4444444444444444
D,,partition,0.3|wd1.0,20,,dirichlet0.5,iid,end,unit_frac_interacting,3,6,1.0,1.0,0.16666666666666674
D,,partition,0.3|wd1.0,20,,dirichlet0.5,iid,end,add_share_a,3,6,0.06998451538914573,0.07446862855704356,-0.11111111111111116
D,,partition,0.3|wd1.0,20,,dirichlet0.5,iid,end,add_share_b,3,6,0.0673362648390443,0.07454812001834135,-0.11111111111111116
D,,partition,0.3|wd1.0,20,,dirichlet0.5,iid,end,add_share_interaction,3,6,0.8162009196630524,0.8284158355915894,-0.2222222222222222
D,,partition,0.3|wd1.0,20,,dirichlet0.5,iid,end,add_acc_interaction_tr,3,6,99.95369720458984,100.0,-0.9444444444444444
D,,partition,0.3|wd1.0,20,,dirichlet0.5,iid,end,add_acc_additive_tr,3,6,6.620370388031006,6.58564829826355,-0.11111111111111116
D,,partition,0.3|wd1.0,20,,dirichlet0.5,iid,end,add_acc_no_a_tr,3,6,99.93055725097656,100.0,-1.0
D,,partition,0.3|wd1.0,20,,dirichlet0.5,iid,end,add_acc_no_b_tr,3,6,99.93055725097656,100.0,-1.0
D,,partition,0.3|wd1.0,20,,dirichlet0.5,iid,end,add_acc_interaction_te,3,6,96.0218276977539,96.09127044677734,-0.11111111111111116
D,,partition,0.3|wd1.0,20,,dirichlet0.5,iid,end,add_acc_additive_te,3,6,0.0396825410425663,0.0297619067132473,0.6111111111111112
D,,partition,0.3|wd1.0,20,,dirichlet0.5,iid,end,add_acc_no_a_te,3,6,91.60713958740234,92.33631134033203,-0.2222222222222222
D,,partition,0.3|wd1.0,20,,dirichlet0.5,iid,end,add_acc_no_b_te,3,6,91.35912322998047,92.15277862548828,-0.11111111111111116
D,,partition,0.3|wd1.0,20,,dirichlet0.5,iid,end,irr_U_structure,3,6,0.19089168804241993,0.1404463075875959,0.8888888888888888
D,,partition,0.3|wd1.0,20,,dirichlet0.5,iid,end,irr_U_dominant_share,3,6,0.2876075723462223,0.22794244927435547,1.0
D,,partition,0.3|wd1.0,20,,dirichlet0.5,iid,end,irr_U_dominant_over_random,3,6,2.1570567925966673,1.7095683695576662,1.0
D,,partition,0.3|wd1.0,20,,dirichlet0.5,iid,end,irr_U_5,3,6,0.0016802210869370988,0.001985625737072073,-0.8888888888888888
D,,partition,0.3|wd1.0,20,,dirichlet0.5,iid,end,irr_U_41,3,6,0.2876075723462223,0.22794244927435547,1.0
D,,partition,0.3|wd1.0,20,,dirichlet0.5,iid,end,irr_U_32,3,6,0.17586786188981784,0.20228651521059193,-1.0
D,,partition,0.3|wd1.0,20,,dirichlet0.5,iid,end,irr_U_311,3,6,0.1790218356970289,0.20195655725108397,-0.7777777777777778
D,,partition,0.3|wd1.0,20,,dirichlet0.5,iid,end,irr_U_221,3,6,0.18416703627446404,0.19422983474055966,-0.2222222222222222
D,,partition,0.3|wd1.0,20,,dirichlet0.5,iid,end,irr_U_2111,3,6,0.12631639601378575,0.12762732281969763,0.22222222222222232
D,,partition,0.3|wd1.0,20,,dirichlet0.5,iid,end,irr_U_11111,3,6,0.03958300119381416,0.04248766217187219,-0.5555555555555556
D,,partition,0.3|wd1.0,20,,dirichlet0.5,iid,end,irr_V_structure,3,6,0.19150078802247456,0.14096692714632908,0.8888888888888888
D,,partition,0.3|wd1.0,20,,dirichlet0.5,iid,end,irr_V_dominant_share,3,6,0.2882092248236517,0.22695579122800077,1.0
D,,partition,0.3|wd1.0,20,,dirichlet0.5,iid,end,irr_V_dominant_over_random,3,6,2.161569186177388,1.7021684342100059,1.0
D,,partition,0.3|wd1.0,20,,dirichlet0.5,iid,end,irr_out_structure,3,6,0.8060209143161292,0.5804753412496807,1.0
D,,partition,0.3|wd1.0,20,,dirichlet0.5,iid,end,irr_out_dominant_share,3,6,0.8143542476494625,0.5876836229380572,1.0
D,,partition,0.3|wd1.0,20,,dirichlet0.5,iid,end,irr_out_dominant_over_random,3,6,97.72250971793551,70.52203475256687,1.0
D,,partition,0.3|wd1.0,20,,dirichlet0.5,iid,end,coset_s_nm1_acc_te,3,6,91.33928418159485,90.66468477249146,0.0
D,,partition,0.3|wd1.0,20,,dirichlet0.5,iid,end,coset_s_nm1_purity_te,3,6,0.9395121951219512,0.9609810295127006,-0.4444444444444444
D,,partition,0.3|wd1.0,20,,dirichlet0.5,iid,end,coset_a_n_acc_te,3,6,99.86111521720886,99.9404788017273,-0.5
D,,partition,0.3|wd1.0,20,,dirichlet0.5,iid,end,coset_a_n_purity_te,3,6,0.8709677419354839,0.8699027200642804,-0.11111111111111116
D,,partition,0.3|wd1.0,20,,dirichlet0.5,iid,end,circ_share_interaction_tr,3,6,0.7974523084939388,0.8094041663681881,-0.5555555555555556
D,,partition,0.3|wd1.0,20,,dirichlet0.5,iid,end,circ_share_marginal_tr,3,6,0.17163407539010722,0.15710015111503742,0.5555555555555556
D,,partition,0.3|wd1.0,20,,dirichlet0.5,iid,end,circ_acc_interaction_tr,3,6,99.95369911193848,100.0,-0.9444444444444444
D,,partition,0.3|wd1.0,20,,dirichlet0.5,iid,end,circ_acc_marginal_tr,3,6,6.458333134651184,6.481481343507767,-0.11111111111111116
D,,partition,0.3|wd1.0,20,,dirichlet0.5,iid,end,circ_units_tr,3,6,32.28400421142578,20.25657844543457,1.0
D,,partition,0.3|wd1.0,20,,dirichlet0.5,iid,end,circ_share_interaction_te,3,6,0.8269813842039787,0.8402196058818867,-0.33333333333333337
D,,partition,0.3|wd1.0,20,,dirichlet0.5,iid,end,circ_share_marginal_te,3,6,0.1892784533893831,0.1752747869215328,0.33333333333333326
D,,partition,0.3|wd1.0,20,,dirichlet0.5,iid,end,circ_acc_interaction_te,3,6,95.86309790611267,95.89285552501678,-0.11111111111111116
D,,partition,0.3|wd1.0,20,,dirichlet0.5,iid,end,circ_acc_marginal_te,3,6,0.04960317746736109,0.024801588006084785,0.5
D,,partition,0.3|wd1.0,20,,dirichlet0.5,iid,end,circ_units_te,3,6,32.28400421142578,20.25657844543457,1.0
D,,partition,0.3|wd1.0,20,,dirichlet0.5,iid,end,sharp_lambda_max,3,6,0.10790223628282547,0.049540089443325996,1.0
D,,partition,0.3|wd1.0,20,,dirichlet0.5,iid,end,sharp_grad_norm,3,6,0.08930764347314835,0.039048925042152405,1.0
D,,partition,0.3|wd1.0,20,,dirichlet0.5,iid,end,sharp_lr_lambda,3,6,0.00010790223628282547,4.9540089443326e-05,1.0
D,,partition,0.3|wd1.0,20,,operand,iid,end,fn_loss_tr,3,6,4.191128253936768,0.2213408425450325,1.0
D,,partition,0.3|wd1.0,20,,operand,iid,end,fn_acc_tr,3,6,13.124999046325684,100.0,-1.0
D,,partition,0.3|wd1.0,20,,operand,iid,end,fn_margin_tr,3,6,-0.297351598739624,4.23294734954834,-1.0
D,,partition,0.3|wd1.0,20,,operand,iid,end,fn_entropy_tr,3,6,4.694759368896484,1.2283551096916199,1.0
D,,partition,0.3|wd1.0,20,,operand,iid,end,fn_loss_te,3,6,4.983973026275635,1.6453030109405518,1.0
D,,partition,0.3|wd1.0,20,,operand,iid,end,fn_acc_te,3,6,0.0,86.93452453613281,-1.0
D,,partition,0.3|wd1.0,20,,operand,iid,end,fn_margin_te,3,6,-1.0834026336669922,1.1712279319763184,-1.0
D,,partition,0.3|wd1.0,20,,operand,iid,end,fn_entropy_te,3,6,4.700340270996094,3.5763871669769287,1.0
D,,partition,0.3|wd1.0,20,,operand,iid,end,fn_gap_loss,3,6,0.795219898223877,1.4239621683955193,-1.0
D,,partition,0.3|wd1.0,20,,operand,iid,end,fn_gap_acc,3,6,13.124999046325684,13.065475463867188,0.0
D,,partition,0.3|wd1.0,20,,operand,iid,end,w_W1_fro,3,6,30.18321418762207,72.56349563598633,-1.0
D,,partition,0.3|wd1.0,20,,operand,iid,end,w_W1_spec,3,6,7.0905632972717285,14.82252025604248,-1.0
D,,partition,0.3|wd1.0,20,,operand,iid,end,w_W1_stable_rank,3,6,17.69017219543457,24.58125877380371,-0.6666666666666667
D,,partition,0.3|wd1.0,20,,operand,iid,end,w_W1_eff_rank,3,6,167.05260851956035,196.14085127013726,-1.0
D,,partition,0.3|wd1.0,20,,operand,iid,end,w_W1_sv_gini,3,6,0.46797684192424516,0.3467769190681652,1.0
D,,partition,0.3|wd1.0,20,,operand,iid,end,w_W1_entry_gini,3,6,0.4296377136661742,0.3122778746024548,1.0
D,,partition,0.3|wd1.0,20,,operand,iid,end,w_W1_row_gini,3,6,0.05704363397192358,0.09197042700225688,-1.0
D,,partition,0.3|wd1.0,20,,operand,iid,end,w_W1_row_pr,3,6,0.988510228916968,0.959823096873631,1.0
D,,partition,0.3|wd1.0,20,,operand,iid,end,w_W1_dist_init,3,6,34.072566986083984,73.15501022338867,-1.0
D,,partition,0.3|wd1.0,20,,operand,iid,end,w_W1_rel_dist_init,3,6,2.1175351733439447,4.570122396306604,-1.0
D,,partition,0.3|wd1.0,20,,operand,iid,end,w_W1_cos_init,3,6,0.0014400780200958252,0.07320158928632736,-1.0
D,,partition,0.3|wd1.0,20,,operand,iid,end,w_W2_fro,3,6,82.65322875976562,83.32857894897461,-0.5555555555555556
D,,partition,0.3|wd1.0,20,,operand,iid,end,w_W2_spec,3,6,72.4623031616211,63.72635269165039,1.0
D,,partition,0.3|wd1.0,20,,operand,iid,end,w_W2_stable_rank,3,6,1.2966704368591309,1.698657751083374,-1.0
D,,partition,0.3|wd1.0,20,,operand,iid,end,w_W2_eff_rank,3,6,68.32013731185936,95.9056566538346,-1.0
D,,partition,0.3|wd1.0,20,,operand,iid,end,w_W2_sv_gini,3,6,0.46889796201271716,0.2669606880642119,1.0
D,,partition,0.3|wd1.0,20,,operand,iid,end,w_W2_entry_gini,3,6,0.2935803529405079,0.4178376353893264,-1.0
D,,partition,0.3|wd1.0,20,,operand,iid,end,w_W2_row_gini,3,6,0.02991697599509968,0.022905994491536186,1.0
D,,partition,0.3|wd1.0,20,,operand,iid,end,w_W2_row_pr,3,6,0.9971647270977383,0.9983688602382605,-1.0
D,,partition,0.3|wd1.0,20,,operand,iid,end,w_W2_dist_init,3,6,82.64849090576172,83.3183822631836,-0.5555555555555556
D,,partition,0.3|wd1.0,20,,operand,iid,end,w_W2_rel_dist_init,3,6,120.41854377975592,121.21897870416666,-0.5555555555555556
D,,partition,0.3|wd1.0,20,,operand,iid,end,w_W2_cos_init,3,6,-0.0016977794002741575,0.01162619749084115,-0.6666666666666667
D,,partition,0.3|wd1.0,20,,operand,iid,end,w_all_norm,3,6,88.02580159248667,110.41888538642345,-1.0
D,,partition,0.3|wd1.0,20,,operand,iid,end,w_all_rel_norm,3,6,5.483529559059815,6.891749276142864,-1.0
D,,partition,0.3|wd1.0,20,,operand,iid,end,w_all_dist_init,3,6,89.48156256100141,110.80399296414498,-1.0
D,,partition,0.3|wd1.0,20,,operand,iid,end,w_all_rel_dist_init,3,6,5.5742155642691955,6.915771638842343,-1.0
D,,partition,0.3|wd1.0,20,,operand,iid,end,w_all_cos_init,3,6,0.00036765043385685107,0.048482396016113885,-1.0
D,,partition,0.3|wd1.0,20,,operand,iid,end,rep_between_within_tr,3,6,0.060652000586176626,0.41013541849161095,-1.0
D,,partition,0.3|wd1.0,20,,operand,iid,end,rep_nc1_tr,3,6,43.26043893137798,4.224562532541355,1.0
D,,partition,0.3|wd1.0,20,,operand,iid,end,rep_eff_rank_te,3,6,184.41820633057483,232.04774278675592,-1.0
D,,partition,0.3|wd1.0,20,,operand,iid,end,rep_pr_te,3,6,69.0336025201215,42.62886748006163,1.0
D,,partition,0.3|wd1.0,20,,operand,iid,end,rep_unit_gini_te,3,6,0.17870119381910987,0.45406252846424,-1.0
D,,partition,0.3|wd1.0,20,,operand,iid,end,rep_unit_pr_te,3,6,0.9031450341796541,0.24658196840986607,1.0
D,,partition,0.3|wd1.0,20,,operand,iid,end,rep_between_within_te,3,6,0.011084224870999379,0.28681282509865313,-1.0
D,,partition,0.3|wd1.0,20,,operand,iid,end,unit_interaction_share,3,6,0.08814759000851605,0.7861244602723135,-1.0
D,,partition,0.3|wd1.0,20,,operand,iid,end,unit_frac_interacting,3,6,0.0,1.0,-1.0
D,,partition,0.3|wd1.0,20,,operand,iid,end,add_share_a,3,6,0.00015335843830700438,0.07446862855704356,-1.0
D,,partition,0.3|wd1.0,20,,operand,iid,end,add_share_b,3,6,0.7253581004755375,0.07454812001834135,1.0
D,,partition,0.3|wd1.0,20,,operand,iid,end,add_share_interaction,3,6,0.04546410124037037,0.8284158355915894,-1.0
D,,partition,0.3|wd1.0,20,,operand,iid,end,add_acc_interaction_tr,3,6,75.18518829345703,100.0,-1.0
D,,partition,0.3|wd1.0,20,,operand,iid,end,add_acc_additive_tr,3,6,2.754629611968994,6.58564829826355,-1.0
D,,partition,0.3|wd1.0,20,,operand,iid,end,add_acc_no_a_tr,3,6,13.148148536682129,100.0,-1.0
D,,partition,0.3|wd1.0,20,,operand,iid,end,add_acc_no_b_tr,3,6,14.745369911193848,100.0,-1.0
D,,partition,0.3|wd1.0,20,,operand,iid,end,add_acc_interaction_te,3,6,3.6210317611694336,96.09127044677734,-1.0
D,,partition,0.3|wd1.0,20,,operand,iid,end,add_acc_additive_te,3,6,0.0,0.0297619067132473,-1.0
D,,partition,0.3|wd1.0,20,,operand,iid,end,add_acc_no_a_te,3,6,0.0,92.33631134033203,-1.0
D,,partition,0.3|wd1.0,20,,operand,iid,end,add_acc_no_b_te,3,6,1.865079402923584,92.15277862548828,-1.0
D,,partition,0.3|wd1.0,20,,operand,iid,end,irr_U_structure,3,6,0.06266248690920603,0.1404463075875959,-1.0
D,,partition,0.3|wd1.0,20,,operand,iid,end,irr_U_dominant_share,3,6,0.27092096668390253,0.22794244927435547,0.6666666666666667
D,,partition,0.3|wd1.0,20,,operand,iid,end,irr_U_dominant_over_random,3,6,0.9030698889463418,1.7095683695576662,-1.0
D,,partition,0.3|wd1.0,20,,operand,iid,end,irr_U_5,3,6,0.009999467933989857,0.001985625737072073,1.0
D,,partition,0.3|wd1.0,20,,operand,iid,end,irr_U_41,3,6,0.1466348905550848,0.22794244927435547,-1.0
D,,partition,0.3|wd1.0,20,,operand,iid,end,irr_U_32,3,6,0.19992169555723385,0.20228651521059193,-0.2222222222222222
D,,partition,0.3|wd1.0,20,,operand,iid,end,irr_U_311,3,6,0.27092096668390253,0.20195655725108397,1.0
D,,partition,0.3|wd1.0,20,,operand,iid,end,irr_U_221,3,6,0.18707581724994543,0.19422983474055966,-0.2222222222222222
D,,partition,0.3|wd1.0,20,,operand,iid,end,irr_U_2111,3,6,0.14405373721864564,0.12762732281969763,1.0
D,,partition,0.3|wd1.0,20,,operand,iid,end,irr_U_11111,3,6,0.04029916588707919,0.04248766217187219,-0.5555555555555556
D,,partition,0.3|wd1.0,20,,operand,iid,end,irr_V_structure,3,6,0.057971387477901024,0.14096692714632908,-1.0
D,,partition,0.3|wd1.0,20,,operand,iid,end,irr_V_dominant_share,3,6,0.2667210253169042,0.22695579122800077,0.6666666666666667
D,,partition,0.3|wd1.0,20,,operand,iid,end,irr_V_dominant_over_random,3,6,0.8890700843896808,1.7021684342100059,-1.0
D,,partition,0.3|wd1.0,20,,operand,iid,end,irr_out_structure,3,6,0.7803087450583437,0.5804753412496807,1.0
D,,partition,0.3|wd1.0,20,,operand,iid,end,irr_out_dominant_share,3,6,0.7673117198878535,0.5876836229380572,1.0
D,,partition,0.3|wd1.0,20,,operand,iid,end,irr_out_dominant_over_random,3,6,92.07740638654242,70.52203475256687,1.0
D,,partition,0.3|wd1.0,20,,operand,iid,end,coset_s_nm1_acc_te,3,6,19.275793433189392,90.66468477249146,-1.0
D,,partition,0.3|wd1.0,20,,operand,iid,end,coset_s_nm1_purity_te,3,6,0.0,0.9609810295127006,-1.0
D,,partition,0.3|wd1.0,20,,operand,iid,end,coset_a_n_acc_te,3,6,74.55357313156128,99.9404788017273,-1.0
D,,partition,0.3|wd1.0,20,,operand,iid,end,coset_a_n_purity_te,3,6,0.0,0.8699027200642804,-1.0
D,,partition,0.3|wd1.0,20,,operand,iid,end,circ_share_interaction_tr,3,6,0.04684183856426326,0.8094041663681881,-1.0
D,,partition,0.3|wd1.0,20,,operand,iid,end,circ_share_marginal_tr,3,6,0.9033094634745351,0.15710015111503742,1.0
D,,partition,0.3|wd1.0,20,,operand,iid,end,circ_acc_interaction_tr,3,6,75.83333253860474,100.0,-1.0
D,,partition,0.3|wd1.0,20,,operand,iid,end,circ_acc_marginal_tr,3,6,2.777777798473835,6.481481343507767,-1.0
D,,partition,0.3|wd1.0,20,,operand,iid,end,circ_units_tr,3,6,236.55357360839844,20.25657844543457,1.0
D,,partition,0.3|wd1.0,20,,operand,iid,end,circ_share_interaction_te,3,6,0.04527093527168869,0.8402196058818867,-1.0
D,,partition,0.3|wd1.0,20,,operand,iid,end,circ_share_marginal_te,3,6,0.9624521261313346,0.1752747869215328,1.0
D,,partition,0.3|wd1.0,20,,operand,iid,end,circ_acc_interaction_te,3,6,3.392857313156128,95.89285552501678,-1.0
D,,partition,0.3|wd1.0,20,,operand,iid,end,circ_acc_marginal_te,3,6,0.0,0.024801588006084785,-1.0
D,,partition,0.3|wd1.0,20,,operand,iid,end,circ_units_te,3,6,236.55357360839844,20.25657844543457,1.0
D,,partition,0.3|wd1.0,20,,operand,iid,end,sharp_lambda_max,3,6,0.005535768810659647,0.049540089443325996,-1.0
D,,partition,0.3|wd1.0,20,,operand,iid,end,sharp_grad_norm,3,6,0.05699986591935158,0.039048925042152405,1.0
D,,partition,0.3|wd1.0,20,,operand,iid,end,sharp_lr_lambda,3,6,5.535768810659647e-06,4.9540089443326e-05,-1.0
D,,partition,0.3|wd1.0,20,,target,iid,end,fn_loss_tr,3,6,4.77342414855957,0.2213408425450325,1.0
D,,partition,0.3|wd1.0,20,,target,iid,end,fn_acc_tr,3,6,1.111111044883728,100.0,-1.0
D,,partition,0.3|wd1.0,20,,target,iid,end,fn_margin_tr,3,6,-0.2228832244873047,4.23294734954834,-1.0
D,,partition,0.3|wd1.0,20,,target,iid,end,fn_entropy_tr,3,6,4.778736114501953,1.2283551096916199,1.0
D,,partition,0.3|wd1.0,20,,target,iid,end,fn_loss_te,3,6,4.79845666885376,1.6453030109405518,1.0
D,,partition,0.3|wd1.0,20,,target,iid,end,fn_acc_te,3,6,0.7142857313156128,86.93452453613281,-1.0
D,,partition,0.3|wd1.0,20,,target,iid,end,fn_margin_te,3,6,-0.22279644012451172,1.1712279319763184,-1.0
D,,partition,0.3|wd1.0,20,,target,iid,end,fn_entropy_te,3,6,4.779761791229248,3.5763871669769287,1.0
D,,partition,0.3|wd1.0,20,,target,iid,end,fn_gap_loss,3,6,0.0293121337890625,1.4239621683955193,-1.0
D,,partition,0.3|wd1.0,20,,target,iid,end,fn_gap_acc,3,6,0.39682531356811523,13.065475463867188,-1.0
D,,partition,0.3|wd1.0,20,,target,iid,end,fn_class_acc_gini,3,6,0.9916666666666667,0.04258767854300938,1.0
D,,partition,0.3|wd1.0,20,,target,iid,end,w_W1_fro,3,6,51.44962692260742,72.56349563598633,-0.8888888888888888
D,,partition,0.3|wd1.0,20,,target,iid,end,w_W1_spec,3,6,13.919556617736816,14.82252025604248,0.11111111111111116
D,,partition,0.3|wd1.0,20,,target,iid,end,w_W1_stable_rank,3,6,13.66240119934082,24.58125877380371,-1.0
D,,partition,0.3|wd1.0,20,,target,iid,end,w_W1_eff_rank,3,6,158.92128308336194,196.14085127013726,-1.0
D,,partition,0.3|wd1.0,20,,target,iid,end,w_W1_sv_gini,3,6,0.4990890284318934,0.3467769190681652,1.0
D,,partition,0.3|wd1.0,20,,target,iid,end,w_W1_entry_gini,3,6,0.23139597902203946,0.3122778746024548,-1.0
D,,partition,0.3|wd1.0,20,,target,iid,end,w_W1_row_gini,3,6,0.013593123356914205,0.09197042700225688,-1.0
D,,partition,0.3|wd1.0,20,,target,iid,end,w_W1_row_pr,3,6,0.9994174468952951,0.959823096873631,1.0
D,,partition,0.3|wd1.0,20,,target,iid,end,w_W1_dist_init,3,6,47.18733596801758,73.15501022338867,-1.0
D,,partition,0.3|wd1.0,20,,target,iid,end,w_W1_rel_dist_init,3,6,2.9422053082716157,4.570122396306604,-1.0
D,,partition,0.3|wd1.0,20,,target,iid,end,w_W1_cos_init,3,6,0.4106142222881317,0.07320158928632736,1.0
D,,partition,0.3|wd1.0,20,,target,iid,end,w_W2_fro,3,6,157.68130493164062,83.32857894897461,1.0
D,,partition,0.3|wd1.0,20,,target,iid,end,w_W2_spec,3,6,157.68157958984375,63.72635269165039,1.0
D,,partition,0.3|wd1.0,20,,target,iid,end,w_W2_stable_rank,3,6,1.0,1.698657751083374,-1.0
D,,partition,0.3|wd1.0,20,,target,iid,end,w_W2_eff_rank,3,6,1.0009816919589554,95.9056566538346,-1.0
D,,partition,0.3|wd1.0,20,,target,iid,end,w_W2_sv_gini,3,6,0.9916230846428933,0.2669606880642119,1.0
D,,partition,0.3|wd1.0,20,,target,iid,end,w_W2_entry_gini,3,6,0.003361480943541162,0.4178376353893264,-1.0
D,,partition,0.3|wd1.0,20,,target,iid,end,w_W2_row_gini,3,6,0.003361267762167053,0.022905994491536186,-1.0
D,,partition,0.3|wd1.0,20,,target,iid,end,w_W2_row_pr,3,6,0.9999656974841452,0.9983688602382605,1.0
D,,partition,0.3|wd1.0,20,,target,iid,end,w_W2_dist_init,3,6,157.6767578125,83.3183822631836,1.0
D,,partition,0.3|wd1.0,20,,target,iid,end,w_W2_rel_dist_init,3,6,229.6163251249091,121.21897870416666,1.0
D,,partition,0.3|wd1.0,20,,target,iid,end,w_W2_cos_init,3,6,0.0008856932399794459,0.01162619749084115,-0.6666666666666667
D,,partition,0.3|wd1.0,20,,target,iid,end,w_all_norm,3,6,165.86600355254492,110.41888538642345,1.0
D,,partition,0.3|wd1.0,20,,target,iid,end,w_all_rel_norm,3,6,10.332551557259915,6.891749276142864,1.0
D,,partition,0.3|wd1.0,20,,target,iid,end,w_all_dist_init,3,6,164.58616172090638,110.80399296414498,1.0
D,,partition,0.3|wd1.0,20,,target,iid,end,w_all_rel_dist_init,3,6,10.252824359236758,6.915771638842343,1.0
D,,partition,0.3|wd1.0,20,,target,iid,end,w_all_cos_init,3,6,0.1278104010798259,0.048482396016113885,1.0
D,,partition,0.3|wd1.0,20,,target,iid,end,rep_between_within_tr,3,6,0.05845658828230645,0.41013541849161095,-1.0
D,,partition,0.3|wd1.0,20,,target,iid,end,rep_nc1_tr,3,6,33.89155142316513,4.224562532541355,1.0
D,,partition,0.3|wd1.0,20,,target,iid,end,rep_eff_rank_te,3,6,248.558576240411,232.04774278675592,1.0
D,,partition,0.3|wd1.0,20,,target,iid,end,rep_pr_te,3,6,144.06676747574045,42.62886748006163,1.0
D,,partition,0.3|wd1.0,20,,target,iid,end,rep_unit_gini_te,3,6,0.0654569671363241,0.45406252846424,-1.0
D,,partition,0.3|wd1.0,20,,target,iid,end,rep_unit_pr_te,3,6,0.9858151504564352,0.24658196840986607,1.0
D,,partition,0.3|wd1.0,20,,target,iid,end,rep_between_within_te,3,6,0.010375757430147643,0.28681282509865313,-1.0
D,,partition,0.3|wd1.0,20,,target,iid,end,unit_interaction_share,3,6,0.7372500098096925,0.7861244602723135,-1.0
D,,partition,0.3|wd1.0,20,,target,iid,end,unit_frac_interacting,3,6,0.9296875,1.0,-1.0
D,,partition,0.3|wd1.0,20,,target,iid,end,add_share_a,3,6,0.025055556825503617,0.07446862855704356,-1.0
D,,partition,0.3|wd1.0,20,,target,iid,end,add_share_b,3,6,0.023314541714275293,0.07454812001834135,-1.0
D,,partition,0.3|wd1.0,20,,target,iid,end,add_share_interaction,3,6,0.01134891201683373,0.8284158355915894,-1.0
D,,partition,0.3|wd1.0,20,,target,iid,end,add_acc_interaction_tr,3,6,3.032407283782959,100.0,-1.0
D,,partition,0.3|wd1.0,20,,target,iid,end,add_acc_additive_tr,3,6,1.111111044883728,6.58564829826355,-1.0
D,,partition,0.3|wd1.0,20,,target,iid,end,add_acc_no_a_tr,3,6,1.111111044883728,100.0,-1.0
D,,partition,0.3|wd1.0,20,,target,iid,end,add_acc_no_b_tr,3,6,1.111111044883728,100.0,-1.0
D,,partition,0.3|wd1.0,20,,target,iid,end,add_acc_interaction_te,3,6,0.8234127163887024,96.09127044677734,-1.0
D,,partition,0.3|wd1.0,20,,target,iid,end,add_acc_additive_te,3,6,0.7142857313156128,0.0297619067132473,1.0
D,,partition,0.3|wd1.0,20,,target,iid,end,add_acc_no_a_te,3,6,0.7142857313156128,92.33631134033203,-1.0
D,,partition,0.3|wd1.0,20,,target,iid,end,add_acc_no_b_te,3,6,0.7142857313156128,92.15277862548828,-1.0
D,,partition,0.3|wd1.0,20,,target,iid,end,irr_U_structure,3,6,0.11246876016678214,0.1404463075875959,-0.4444444444444444
D,,partition,0.3|wd1.0,20,,target,iid,end,irr_U_dominant_share,3,6,0.2512211797292006,0.22794244927435547,0.5555555555555556
D,,partition,0.3|wd1.0,20,,target,iid,end,irr_U_dominant_over_random,3,6,0.8374039324306687,1.7095683695576662,-1.0
D,,partition,0.3|wd1.0,20,,target,iid,end,irr_U_5,3,6,0.0613920144013503,0.001985625737072073,1.0
D,,partition,0.3|wd1.0,20,,target,iid,end,irr_U_41,3,6,0.12400314808536105,0.22794244927435547,-1.0
D,,partition,0.3|wd1.0,20,,target,iid,end,irr_U_32,3,6,0.17350848703991104,0.20228651521059193,-0.8888888888888888
D,,partition,0.3|wd1.0,20,,target,iid,end,irr_U_311,3,6,0.2512211797292006,0.20195655725108397,1.0
D,,partition,0.3|wd1.0,20,,target,iid,end,irr_U_221,3,6,0.2120617336396545,0.19422983474055966,0.4444444444444444
D,,partition,0.3|wd1.0,20,,target,iid,end,irr_U_2111,3,6,0.12903482136097627,0.12762732281969763,0.33333333333333326
D,,partition,0.3|wd1.0,20,,target,iid,end,irr_U_11111,3,6,0.007262172295800978,0.04248766217187219,-1.0
D,,partition,0.3|wd1.0,20,,target,iid,end,irr_V_structure,3,6,0.10729956741953056,0.14096692714632908,-0.4444444444444444
D,,partition,0.3|wd1.0,20,,target,iid,end,irr_V_dominant_share,3,6,0.25742153633923237,0.22695579122800077,0.4444444444444444
D,,partition,0.3|wd1.0,20,,target,iid,end,irr_V_dominant_over_random,3,6,0.8580717877974413,1.7021684342100059,-1.0
D,,partition,0.3|wd1.0,20,,target,iid,end,irr_out_structure,3,6,0.9916323640939217,0.5804753412496807,1.0
D,,partition,0.3|wd1.0,20,,target,iid,end,irr_out_dominant_share,3,6,0.9999656974272549,0.5876836229380572,1.0
D,,partition,0.3|wd1.0,20,,target,iid,end,irr_out_dominant_over_random,3,6,119.99588369127059,70.52203475256687,1.0
D,,partition,0.3|wd1.0,20,,target,iid,end,coset_s_nm1_acc_te,3,6,20.28769850730896,90.66468477249146,-1.0
D,,partition,0.3|wd1.0,20,,target,iid,end,coset_s_nm1_purity_te,3,6,0.03614457831325301,0.9609810295127006,-1.0
D,,partition,0.3|wd1.0,20,,target,iid,end,coset_a_n_acc_te,3,6,49.960318207740784,99.9404788017273,-1.0
D,,partition,0.3|wd1.0,20,,target,iid,end,coset_a_n_purity_te,3,6,0.014297061159650517,0.8699027200642804,-1.0
D,,partition,0.3|wd1.0,20,,target,iid,end,circ_share_interaction_tr,3,6,0.03472620382559181,0.8094041663681881,-1.0
D,,partition,0.3|wd1.0,20,,target,iid,end,circ_share_marginal_tr,3,6,0.8008160883937263,0.15710015111503742,1.0
D,,partition,0.3|wd1.0,20,,target,iid,end,circ_acc_interaction_tr,3,6,2.916666679084301,100.0,-1.0
D,,partition,0.3|wd1.0,20,,target,iid,end,circ_acc_marginal_tr,3,6,1.111111044883728,6.481481343507767,-1.0
D,,partition,0.3|wd1.0,20,,target,iid,end,circ_units_tr,3,6,253.5760955810547,20.25657844543457,1.0
D,,partition,0.3|wd1.0,20,,target,iid,end,circ_share_interaction_te,3,6,0.007527653938637288,0.8402196058818867,-1.0
D,,partition,0.3|wd1.0,20,,target,iid,end,circ_share_marginal_te,3,6,0.9089885334783818,0.1752747869215328,1.0
D,,partition,0.3|wd1.0,20,,target,iid,end,circ_acc_interaction_te,3,6,0.6746031809598207,95.89285552501678,-1.0
D,,partition,0.3|wd1.0,20,,target,iid,end,circ_acc_marginal_te,3,6,0.7142857182770967,0.024801588006084785,1.0
D,,partition,0.3|wd1.0,20,,target,iid,end,circ_units_te,3,6,253.5760955810547,20.25657844543457,1.0
D,,partition,0.3|wd1.0,20,,target,iid,end,sharp_lambda_max,3,6,0.02558891475200653,0.049540089443325996,-0.33333333333333337
D,,partition,0.3|wd1.0,20,,target,iid,end,sharp_grad_norm,3,6,0.032773472368717194,0.039048925042152405,-0.33333333333333337
D,,partition,0.3|wd1.0,20,,target,iid,end,sharp_lr_lambda,3,6,2.558891475200653e-05,4.9540089443326e-05,-0.33333333333333337
D,,partition,0.3|wd1.0,5,,coset,iid,end,fn_loss_tr,3,6,0.046665508300065994,1.675624298513867e-05,1.0
D,,partition,0.3|wd1.0,5,,coset,iid,end,fn_acc_tr,3,6,100.0,100.0,0.0
D,,partition,0.3|wd1.0,5,,coset,iid,end,fn_margin_tr,3,6,5.441940784454346,12.981940269470215,-1.0
D,,partition,0.3|wd1.0,5,,coset,iid,end,fn_entropy_tr,3,6,0.3511689603328705,0.00025661206746008247,1.0
D,,partition,0.3|wd1.0,5,,coset,iid,end,fn_loss_te,3,6,1.6521852016448975,0.2721117436885834,1.0
D,,partition,0.3|wd1.0,5,,coset,iid,end,fn_acc_te,3,6,70.75396728515625,95.12400817871094,-1.0
D,,partition,0.3|wd1.0,5,,coset,iid,end,fn_margin_te,3,6,0.8248052597045898,4.247385263442993,-1.0
D,,partition,0.3|wd1.0,5,,coset,iid,end,fn_entropy_te,3,6,3.0908355712890625,0.7087364494800568,1.0
D,,partition,0.3|wd1.0,5,,coset,iid,end,fn_gap_loss,3,6,1.6055196933448315,0.2720950994789746,1.0
D,,partition,0.3|wd1.0,5,,coset,iid,end,fn_gap_acc,3,6,29.24603271484375,4.8759918212890625,1.0
D,,partition,0.3|wd1.0,5,,coset,iid,end,fn_class_acc_gini,3,6,0.08595449492898743,0.019185085563015902,1.0
D,,partition,0.3|wd1.0,5,,coset,iid,end,w_W1_fro,3,6,77.71757507324219,100.98334503173828,-1.0
D,,partition,0.3|wd1.0,5,,coset,iid,end,w_W1_spec,3,6,14.588991165161133,13.271753311157227,0.11111111111111116
D,,partition,0.3|wd1.0,5,,coset,iid,end,w_W1_stable_rank,3,6,28.83694076538086,58.43471336364746,-1.0
D,,partition,0.3|wd1.0,5,,coset,iid,end,w_W1_eff_rank,3,6,188.0066406662511,201.97824980934524,-1.0
D,,partition,0.3|wd1.0,5,,coset,iid,end,w_W1_sv_gini,3,6,0.38581912118154404,0.3194337102417306,1.0
D,,partition,0.3|wd1.0,5,,coset,iid,end,w_W1_entry_gini,3,6,0.2713460354968522,0.28372377709142427,-1.0
D,,partition,0.3|wd1.0,5,,coset,iid,end,w_W1_row_gini,3,6,0.03458516524443245,0.04645064422536627,-1.0
D,,partition,0.3|wd1.0,5,,coset,iid,end,w_W1_row_pr,3,6,0.9942991163743321,0.9897454065274,1.0
D,,partition,0.3|wd1.0,5,,coset,iid,end,w_W1_dist_init,3,6,78.43637084960938,100.90839767456055,-1.0
D,,partition,0.3|wd1.0,5,,coset,iid,end,w_W1_rel_dist_init,3,6,4.89544486156818,6.2810586662819325,-1.0
D,,partition,0.3|wd1.0,5,,coset,iid,end,w_W1_cos_init,3,6,0.06420135498046875,0.0875421054661274,-1.0
D,,partition,0.3|wd1.0,5,,coset,iid,end,w_W2_fro,3,6,89.89281463623047,72.09405899047852,1.0
D,,partition,0.3|wd1.0,5,,coset,iid,end,w_W2_spec,3,6,39.23746109008789,24.18632984161377,1.0
D,,partition,0.3|wd1.0,5,,coset,iid,end,w_W2_stable_rank,3,6,5.389831066131592,8.944052696228027,-1.0
D,,partition,0.3|wd1.0,5,,coset,iid,end,w_W2_eff_rank,3,6,109.27130618237021,113.67887082535412,-1.0
D,,partition,0.3|wd1.0,5,,coset,iid,end,w_W2_sv_gini,3,6,0.2173114400673264,0.16618403830473272,1.0
D,,partition,0.3|wd1.0,5,,coset,iid,end,w_W2_entry_gini,3,6,0.38244472081145653,0.3758058166396897,1.0
D,,partition,0.3|wd1.0,5,,coset,iid,end,w_W2_row_gini,3,6,0.03868447473122605,0.023572378386193638,1.0
D,,partition,0.3|wd1.0,5,,coset,iid,end,w_W2_row_pr,3,6,0.9954033990274115,0.9982471246468789,-1.0
D,,partition,0.3|wd1.0,5,,coset,iid,end,w_W2_dist_init,3,6,89.89312744140625,72.08285903930664,1.0
D,,partition,0.3|wd1.0,5,,coset,iid,end,w_W2_rel_dist_init,3,6,130.93748066641112,104.92491797140256,1.0
D,,partition,0.3|wd1.0,5,,coset,iid,end,w_W2_cos_init,3,6,0.0033843412529677153,0.01633522054180503,-0.7777777777777778
D,,partition,0.3|wd1.0,5,,coset,iid,end,w_all_norm,3,6,119.23929980574492,124.21656467131737,-1.0
D,,partition,0.3|wd1.0,5,,coset,iid,end,w_all_rel_norm,3,6,7.403666232667904,7.731021102478826,-1.0
D,,partition,0.3|wd1.0,5,,coset,iid,end,w_all_dist_init,3,6,119.64579918604447,124.09229414004935,-1.0
D,,partition,0.3|wd1.0,5,,coset,iid,end,w_all_rel_dist_init,3,6,7.4307106820342925,7.721804532239291,-1.0
D,,partition,0.3|wd1.0,5,,coset,iid,end,w_all_cos_init,3,6,0.04225119679911511,0.07150948705717772,-1.0
D,,partition,0.3|wd1.0,5,,coset,iid,end,rep_between_within_tr,3,6,0.18389671934138446,0.3395987924692604,-1.0
D,,partition,0.3|wd1.0,5,,coset,iid,end,rep_nc1_tr,3,6,5.020390986531592,2.4767560115552447,1.0
D,,partition,0.3|wd1.0,5,,coset,iid,end,rep_eff_rank_te,3,6,241.9902094100255,248.0203738640188,-1.0
D,,partition,0.3|wd1.0,5,,coset,iid,end,rep_pr_te,3,6,163.14546455779208,130.52007095759882,1.0
D,,partition,0.3|wd1.0,5,,coset,iid,end,rep_unit_gini_te,3,6,0.11498440294808865,0.2042462972368958,-1.0
D,,partition,0.3|wd1.0,5,,coset,iid,end,rep_unit_pr_te,3,6,0.9201625669695562,0.6428533783129515,1.0
D,,partition,0.3|wd1.0,5,,coset,iid,end,rep_between_within_te,3,6,0.08588887697999331,0.18303321285555124,-1.0
D,,partition,0.3|wd1.0,5,,coset,iid,end,unit_interaction_share,3,6,0.5445459211259451,0.7776960951945504,-1.0
D,,partition,0.3|wd1.0,5,,coset,iid,end,unit_frac_interacting,3,6,0.81640625,1.0,-1.0
D,,partition,0.3|wd1.0,5,,coset,iid,end,add_share_a,3,6,0.0019988584031856624,0.09039257876536508,-1.0
D,,partition,0.3|wd1.0,5,,coset,iid,end,add_share_b,3,6,0.37155263197252747,0.09050200443397677,1.0
D,,partition,0.3|wd1.0,5,,coset,iid,end,add_share_interaction,3,6,0.597463310375784,0.8127191778006299,-1.0
D,,partition,0.3|wd1.0,5,,coset,iid,end,add_acc_interaction_tr,3,6,100.0,100.0,0.0
D,,partition,0.3|wd1.0,5,,coset,iid,end,add_acc_additive_tr,3,6,3.2870371341705322,8.240740299224854,-1.0
D,,partition,0.3|wd1.0,5,,coset,iid,end,add_acc_no_a_tr,3,6,100.0,100.0,0.0
D,,partition,0.3|wd1.0,5,,coset,iid,end,add_acc_no_b_tr,3,6,100.0,100.0,0.0
D,,partition,0.3|wd1.0,5,,coset,iid,end,add_acc_interaction_te,3,6,94.57341766357422,99.19147109985352,-1.0
D,,partition,0.3|wd1.0,5,,coset,iid,end,add_acc_additive_te,3,6,0.0,0.0,0.0
D,,partition,0.3|wd1.0,5,,coset,iid,end,add_acc_no_a_te,3,6,71.1309585571289,97.72321319580078,-1.0
D,,partition,0.3|wd1.0,5,,coset,iid,end,add_acc_no_b_te,3,6,95.3373031616211,97.8373031616211,-1.0
D,,partition,0.3|wd1.0,5,,coset,iid,end,irr_U_structure,3,6,0.05751880015000394,0.07334714031753911,-0.33333333333333337
D,,partition,0.3|wd1.0,5,,coset,iid,end,irr_U_dominant_share,3,6,0.25199643185802645,0.25541262442190593,0.0
D,,partition,0.3|wd1.0,5,,coset,iid,end,irr_U_dominant_over_random,3,6,0.8399881061934216,0.8513754147396864,0.0
D,,partition,0.3|wd1.0,5,,coset,iid,end,irr_U_5,3,6,0.0027424172970379455,0.001316816950798655,1.0
D,,partition,0.3|wd1.0,5,,coset,iid,end,irr_U_41,3,6,0.10583185734368737,0.17510310229425918,-1.0
D,,partition,0.3|wd1.0,5,,coset,iid,end,irr_U_32,3,6,0.22339771880668022,0.198049558866987,0.8888888888888888
D,,partition,0.3|wd1.0,5,,coset,iid,end,irr_U_311,3,6,0.25199643185802645,0.25541262442190593,0.0
D,,partition,0.3|wd1.0,5,,coset,iid,end,irr_U_221,3,6,0.2143292440433326,0.19948588017786573,0.7777777777777777
D,,partition,0.3|wd1.0,5,,coset,iid,end,irr_U_2111,3,6,0.17253685268741814,0.1492974845009933,0.8888888888888888
D,,partition,0.3|wd1.0,5,,coset,iid,end,irr_U_11111,3,6,0.021442089657161184,0.02634962677348691,-0.5555555555555556
D,,partition,0.3|wd1.0,5,,coset,iid,end,irr_V_structure,3,6,0.08095058053852858,0.07349505467986805,0.33333333333333326
D,,partition,0.3|wd1.0,5,,coset,iid,end,irr_V_dominant_share,3,6,0.2451933320365145,0.2566546391322089,-0.11111111111111116
D,,partition,0.3|wd1.0,5,,coset,iid,end,irr_V_dominant_over_random,3,6,0.8173111067883817,0.8555154637740296,-0.11111111111111116
D,,partition,0.3|wd1.0,5,,coset,iid,end,irr_out_structure,3,6,0.20116454219006477,0.1157077837494821,1.0
D,,partition,0.3|wd1.0,5,,coset,iid,end,irr_out_dominant_share,3,6,0.20825785049065887,0.24450761128570458,-1.0
D,,partition,0.3|wd1.0,5,,coset,iid,end,irr_out_dominant_over_random,3,6,0.694192834968863,0.8150253709523487,-1.0
D,,partition,0.3|wd1.0,5,,coset,iid,end,coset_s_nm1_acc_te,3,6,77.02381014823914,96.21031880378723,-1.0
D,,partition,0.3|wd1.0,5,,coset,iid,end,coset_s_nm1_purity_te,3,6,0.9185986604842864,0.9876144306992181,-1.0
D,,partition,0.3|wd1.0,5,,coset,iid,end,coset_a_n_acc_te,3,6,96.57738208770752,99.45436418056488,-1.0
D,,partition,0.3|wd1.0,5,,coset,iid,end,coset_a_n_purity_te,3,6,0.7287207060971899,0.9540839214418533,-1.0
D,,partition,0.3|wd1.0,5,,coset,iid,end,circ_share_interaction_tr,3,6,0.593872370139898,0.7920757696961774,-1.0
D,,partition,0.3|wd1.0,5,,coset,iid,end,circ_share_marginal_tr,3,6,0.36340115717123567,0.16438082617978134,1.0
D,,partition,0.3|wd1.0,5,,coset,iid,end,circ_acc_interaction_tr,3,6,100.0,100.0,0.0
D,,partition,0.3|wd1.0,5,,coset,iid,end,circ_acc_marginal_tr,3,6,2.9398147016763687,8.194443956017494,-1.0
D,,partition,0.3|wd1.0,5,,coset,iid,end,circ_units_tr,3,6,221.4459686279297,62.64471244812012,1.0
D,,partition,0.3|wd1.0,5,,coset,iid,end,circ_share_interaction_te,3,6,0.6031147791453314,0.8258751581193219,-1.0
D,,partition,0.3|wd1.0,5,,coset,iid,end,circ_share_marginal_te,3,6,0.4179120953840596,0.1962301093688299,1.0
D,,partition,0.3|wd1.0,5,,coset,iid,end,circ_acc_interaction_te,3,6,94.37500238418579,99.19642806053162,-1.0
D,,partition,0.3|wd1.0,5,,coset,iid,end,circ_acc_marginal_te,3,6,0.0,0.0,-0.16666666666666663
D,,partition,0.3|wd1.0,5,,coset,iid,end,circ_units_te,3,6,221.4459686279297,62.64471244812012,1.0
D,,partition,0.3|wd1.0,5,,coset,iid,end,sharp_lambda_max,3,6,0.017362046986818314,1.7045644199242815e-05,1.0
D,,partition,0.3|wd1.0,5,,coset,iid,end,sharp_grad_norm,3,6,0.012444780208170414,6.3651218624727335e-06,1.0
D,,partition,0.3|wd1.0,5,,coset,iid,end,sharp_lr_lambda,3,6,1.7362046986818313e-05,1.7045644199242814e-08,1.0
E,,partition,n2000|wd0.1,10,,dirichlet0.5,iid,cross,fn_loss_tr,3,6,0.0011939050164073706,0.00039892249333206564,1.0
E,,partition,n2000|wd0.1,10,,dirichlet0.5,iid,cross,fn_acc_tr,3,6,100.0,100.0,-0.33333333333333337
E,,partition,n2000|wd0.1,10,,dirichlet0.5,iid,cross,fn_margin_tr,3,6,0.9141717553138733,0.9588780403137207,-1.0
E,,partition,n2000|wd0.1,10,,dirichlet0.5,iid,cross,fn_entropy_tr,3,6,2.23874831199646,2.232273578643799,1.0
E,,partition,n2000|wd0.1,10,,dirichlet0.5,iid,cross,fn_loss_te,3,6,0.024619847536087036,0.024754047393798828,0.0
E,,partition,n2000|wd0.1,10,,dirichlet0.5,iid,cross,fn_acc_te,3,6,90.45999908447266,89.15999984741211,0.22222222222222232
E,,partition,n2000|wd0.1,10,,dirichlet0.5,iid,cross,fn_margin_te,3,6,0.5999870300292969,0.6290125548839569,0.0
E,,partition,n2000|wd0.1,10,,dirichlet0.5,iid,cross,fn_entropy_te,3,6,2.2588603496551514,2.2538901567459106,1.0
E,,partition,n2000|wd0.1,10,,dirichlet0.5,iid,cross,fn_gap_loss,3,6,0.02299736242275685,0.024355124900466762,0.0
E,,partition,n2000|wd0.1,10,,dirichlet0.5,iid,cross,fn_gap_acc,3,6,9.540000915527344,10.84000015258789,-0.2222222222222222
E,,partition,n2000|wd0.1,10,,dirichlet0.5,iid,cross,fn_class_acc_gini,3,6,0.030776957207464317,0.03565364141396554,-0.33333333333333337
E,,partition,n2000|wd0.1,10,,dirichlet0.5,iid,cross,w_all_norm,3,6,43.55222974877035,44.94308128838023,0.0
E,,partition,n2000|wd0.1,10,,dirichlet0.5,iid,cross,w_all_rel_norm,3,6,0.41414775523807046,0.4272485311458847,0.0
E,,partition,n2000|wd0.1,10,,dirichlet0.5,iid,cross,w_all_dist_init,3,6,77.38641028781183,73.45892422277188,0.0
E,,partition,n2000|wd0.1,10,,dirichlet0.5,iid,cross,w_all_rel_dist_init,3,6,0.7354962148494071,0.6985371069301785,0.0
E,,partition,n2000|wd0.1,10,,dirichlet0.5,iid,cross,w_all_cos_init,3,6,0.7664263952009654,0.8070277536701365,0.0
E,,partition,n2000|wd0.1,10,,dirichlet0.5,iid,cross,rep_between_within_tr,3,6,0.5839437463272125,0.6178547778350586,0.0
E,,partition,n2000|wd0.1,10,,dirichlet0.5,iid,cross,rep_nc1_tr,3,6,0.21042077101102008,0.191811029189952,0.11111111111111116
E,,partition,n2000|wd0.1,10,,dirichlet0.5,iid,cross,rep_eff_rank_te,3,6,141.9549564268504,143.10966101378781,-0.2222222222222222
E,,partition,n2000|wd0.1,10,,dirichlet0.5,iid,cross,rep_pr_te,3,6,23.25147018131018,27.571586250130533,-0.2222222222222222
E,,partition,n2000|wd0.1,10,,dirichlet0.5,iid,cross,rep_unit_gini_te,3,6,0.759138083367694,0.6817868998686152,0.7777777777777777
E,,partition,n2000|wd0.1,10,,dirichlet0.5,iid,cross,rep_unit_pr_te,3,6,0.11664133118643305,0.28871212198449114,-0.8888888888888888
E,,partition,n2000|wd0.1,10,,dirichlet0.5,iid,cross,rep_between_within_te,3,6,0.4711859630954271,0.4823595252653078,0.0
E,,partition,n2000|wd0.1,10,,dirichlet0.5,iid,cross,sharp_lambda_max,3,6,1.7197335958480835,1.0920649766921997,0.6666666666666667
E,,partition,n2000|wd0.1,10,,dirichlet0.5,iid,cross,sharp_grad_norm,3,6,0.011835245415568352,0.0038824774092063308,1.0
E,,partition,n2000|wd0.1,10,,dirichlet0.5,iid,cross,sharp_lr_lambda,3,6,0.0017197335958480835,0.0010920649766921998,0.6666666666666667
E,,partition,n2000|wd0.1,10,,dirichlet0.5,iid,cross,rep_dead_frac_te,3,6,0.0,0.0,0.0
E,,partition,n2000|wd0.1,10,,dirichlet0.5,iid,cross,w_L0_fro,3,6,33.027610778808594,33.79914093017578,0.0
E,,partition,n2000|wd0.1,10,,dirichlet0.5,iid,cross,w_L0_spec,3,6,5.500568866729736,5.315827131271362,0.22222222222222232
E,,partition,n2000|wd0.1,10,,dirichlet0.5,iid,cross,w_L0_stable_rank,3,6,36.99380874633789,40.1846866607666,0.0
E,,partition,n2000|wd0.1,10,,dirichlet0.5,iid,cross,w_L0_eff_rank,3,6,190.16493074276246,191.05605032589926,-0.11111111111111116
E,,partition,n2000|wd0.1,10,,dirichlet0.5,iid,cross,w_L0_sv_gini,3,6,0.1800192038534021,0.17094518573645912,0.22222222222222232
E,,partition,n2000|wd0.1,10,,dirichlet0.5,iid,cross,w_L0_entry_gini,3,6,0.3902695456014278,0.3802153030897677,0.22222222222222232
E,,partition,n2000|wd0.1,10,,dirichlet0.5,iid,cross,w_L0_row_gini,3,6,0.03770491412288912,0.026503914412302154,0.4444444444444444
E,,partition,n2000|wd0.1,10,,dirichlet0.5,iid,cross,w_L0_row_pr,3,6,0.9954345956910028,0.9975353859145137,-0.2222222222222222
E,,partition,n2000|wd0.1,10,,dirichlet0.5,iid,cross,w_L0_dist_init,3,6,51.69887161254883,48.54050636291504,0.0
E,,partition,n2000|wd0.1,10,,dirichlet0.5,iid,cross,w_L0_rel_dist_init,3,6,0.7020975869895895,0.6608772978728523,0.0
E,,partition,n2000|wd0.1,10,,dirichlet0.5,iid,cross,w_L0_cos_init,3,6,0.7950674891471863,0.8366903066635132,-0.2222222222222222
E,,partition,n2000|wd0.1,10,,dirichlet0.5,iid,cross,w_L1_fro,3,6,27.857309341430664,29.321319580078125,0.0
E,,partition,n2000|wd0.1,10,,dirichlet0.5,iid,cross,w_L1_spec,3,6,5.466124534606934,6.242713689804077,-0.6666666666666667
E,,partition,n2000|wd0.1,10,,dirichlet0.5,iid,cross,w_L1_stable_rank,3,6,25.767086029052734,22.36244487762451,0.6666666666666667
E,,partition,n2000|wd0.1,10,,dirichlet0.5,iid,cross,w_L1_eff_rank,3,6,158.15756398607255,157.95178548266253,0.22222222222222232
E,,partition,n2000|wd0.1,10,,dirichlet0.5,iid,cross,w_L1_sv_gini,3,6,0.3734149944941283,0.37356426537074305,0.11111111111111116
E,,partition,n2000|wd0.1,10,,dirichlet0.5,iid,cross,w_L1_entry_gini,3,6,0.39721574750948685,0.3904282264040617,0.11111111111111116
E,,partition,n2000|wd0.1,10,,dirichlet0.5,iid,cross,w_L1_row_gini,3,6,0.04581526616048426,0.042364777637311835,0.4444444444444444
E,,partition,n2000|wd0.1,10,,dirichlet0.5,iid,cross,w_L1_row_pr,3,6,0.9930067999147039,0.9942318395721335,-0.4444444444444444
E,,partition,n2000|wd0.1,10,,dirichlet0.5,iid,cross,w_L1_dist_init,3,6,55.538089752197266,53.287099838256836,0.0
E,,partition,n2000|wd0.1,10,,dirichlet0.5,iid,cross,w_L1_rel_dist_init,3,6,0.7574355902996899,0.7257622154488081,0.0
E,,partition,n2000|wd0.1,10,,dirichlet0.5,iid,cross,w_L1_cos_init,3,6,0.7524755597114563,0.7832103967666626,0.0
E,,partition,n2000|wd0.1,10,,dirichlet0.5,iid,cross,w_L2_fro,3,6,3.4185805320739746,3.8944469690322876,-0.7777777777777778
E,,partition,n2000|wd0.1,10,,dirichlet0.5,iid,cross,w_L2_spec,3,6,1.492954134941101,1.6746509075164795,-0.7777777777777778
E,,partition,n2000|wd0.1,10,,dirichlet0.5,iid,cross,w_L2_stable_rank,3,6,5.243224620819092,5.439322471618652,-0.5555555555555556
E,,partition,n2000|wd0.1,10,,dirichlet0.5,iid,cross,w_L2_eff_rank,3,6,9.53673014729607,9.387903257457278,0.22222222222222232
E,,partition,n2000|wd0.1,10,,dirichlet0.5,iid,cross,w_L2_sv_gini,3,6,0.15312843513774976,0.1661734666644915,-0.33333333333333337
E,,partition,n2000|wd0.1,10,,dirichlet0.5,iid,cross,w_L2_entry_gini,3,6,0.40821169103150035,0.4192440509191595,-0.2222222222222222
E,,partition,n2000|wd0.1,10,,dirichlet0.5,iid,cross,w_L2_row_gini,3,6,0.07689382320424709,0.08261892660490944,-0.2222222222222222
E,,partition,n2000|wd0.1,10,,dirichlet0.5,iid,cross,w_L2_row_pr,3,6,0.980739299675388,0.9789023699532666,0.0
E,,partition,n2000|wd0.1,10,,dirichlet0.5,iid,cross,w_L2_dist_init,3,6,14.430922508239746,13.635444641113281,0.5555555555555556
E,,partition,n2000|wd0.1,10,,dirichlet0.5,iid,cross,w_L2_rel_dist_init,3,6,0.8630269343182342,0.8361235218804384,0.6666666666666667
E,,partition,n2000|wd0.1,10,,dirichlet0.5,iid,cross,w_L2_cos_init,3,6,0.7263137698173523,0.7494227588176727,-0.33333333333333337
E,,partition,n2000|wd0.1,10,,dirichlet0.5,iid,end,fn_loss_tr,3,6,0.0002477844536770135,3.133750578854233e-05,0.7777777777777777
E,,partition,n2000|wd0.1,10,,dirichlet0.5,iid,end,fn_acc_tr,3,6,99.95000457763672,100.0,-0.11111111111111116
E,,partition,n2000|wd0.1,10,,dirichlet0.5,iid,end,fn_margin_tr,3,6,0.9803749322891235,0.9957229197025299,-1.0
E,,partition,n2000|wd0.1,10,,dirichlet0.5,iid,end,fn_entropy_tr,3,6,2.232957124710083,2.229387879371643,1.0
E,,partition,n2000|wd0.1,10,,dirichlet0.5,iid,end,fn_loss_te,3,6,0.019943976774811745,0.012805316597223282,0.33333333333333326
E,,partition,n2000|wd0.1,10,,dirichlet0.5,iid,end,fn_acc_te,3,6,86.95999908447266,93.15999603271484,0.11111111111111116
E,,partition,n2000|wd0.1,10,,dirichlet0.5,iid,end,fn_margin_te,3,6,0.8488025069236755,0.900574117898941,-0.7777777777777778
E,,partition,n2000|wd0.1,10,,dirichlet0.5,iid,end,fn_entropy_te,3,6,2.250670909881592,2.2468974590301514,0.6666666666666667
E,,partition,n2000|wd0.1,10,,dirichlet0.5,iid,end,fn_gap_loss,3,6,0.01969619232113473,0.012781330069628893,0.33333333333333326
E,,partition,n2000|wd0.1,10,,dirichlet0.5,iid,end,fn_gap_acc,3,6,12.990005493164062,6.840003967285156,-0.11111111111111116
E,,partition,n2000|wd0.1,10,,dirichlet0.5,iid,end,fn_class_acc_gini,3,6,0.04996220924320305,0.02243530603914934,-0.11111111111111116
E,,partition,n2000|wd0.1,10,,dirichlet0.5,iid,end,w_all_norm,3,6,27.86415916101488,28.6178088105535,0.0
E,,partition,n2000|wd0.1,10,,dirichlet0.5,iid,end,w_all_rel_norm,3,6,0.2648266474264362,0.27206032961687865,0.0
E,,partition,n2000|wd0.1,10,,dirichlet0.5,iid,end,w_all_dist_init,3,6,107.91740164421537,106.25370591209831,0.5555555555555556
E,,partition,n2000|wd0.1,10,,dirichlet0.5,iid,end,w_all_rel_dist_init,3,6,1.025668978965479,1.0101268086669102,0.5555555555555556
E,,partition,n2000|wd0.1,10,,dirichlet0.5,iid,end,w_all_cos_init,3,6,0.03653251819449447,0.09694328704689308,-1.0
E,,partition,n2000|wd0.1,10,,dirichlet0.5,iid,end,rep_between_within_tr,3,6,4.947987291073599,6.31204839622392,-0.5555555555555556
E,,partition,n2000|wd0.1,10,,dirichlet0.5,iid,end,rep_nc1_tr,3,6,0.0444551527492706,0.015319724268789525,0.33333333333333326
E,,partition,n2000|wd0.1,10,,dirichlet0.5,iid,end,rep_eff_rank_te,3,6,77.46922125323714,63.548336041696786,0.6666666666666667
E,,partition,n2000|wd0.1,10,,dirichlet0.5,iid,end,rep_pr_te,3,6,7.516240871342478,7.737325037342591,0.0
E,,partition,n2000|wd0.1,10,,dirichlet0.5,iid,end,rep_unit_gini_te,3,6,0.7304921134193931,0.7783971104771003,-0.33333333333333337
E,,partition,n2000|wd0.1,10,,dirichlet0.5,iid,end,rep_unit_pr_te,3,6,0.1390657110294914,0.14303893284291624,-0.2222222222222222
E,,partition,n2000|wd0.1,10,,dirichlet0.5,iid,end,rep_between_within_te,3,6,2.0808351597619437,2.9391407737384645,-0.4444444444444444
E,,partition,n2000|wd0.1,10,,dirichlet0.5,iid,end,sharp_lambda_max,3,6,0.5715399384498596,0.4255932718515396,0.4444444444444444
E,,partition,n2000|wd0.1,10,,dirichlet0.5,iid,end,sharp_grad_norm,3,6,0.005533246789127588,0.002150398097001016,0.7777777777777777
E,,partition,n2000|wd0.1,10,,dirichlet0.5,iid,end,sharp_lr_lambda,3,6,0.0005715399384498596,0.0004255932718515396,0.4444444444444444
E,,partition,n2000|wd0.1,10,,dirichlet0.5,iid,end,rep_dead_frac_te,3,6,0.0,0.0,0.0
E,,partition,n2000|wd0.1,10,,dirichlet0.5,iid,end,w_L0_fro,3,6,23.360471725463867,24.32849407196045,-0.33333333333333337
E,,partition,n2000|wd0.1,10,,dirichlet0.5,iid,end,w_L0_spec,3,6,8.680320739746094,9.025765895843506,-0.33333333333333337
E,,partition,n2000|wd0.1,10,,dirichlet0.5,iid,end,w_L0_stable_rank,3,6,7.242783069610596,7.709023952484131,0.22222222222222232
E,,partition,n2000|wd0.1,10,,dirichlet0.5,iid,end,w_L0_eff_rank,3,6,160.47449671554938,162.0838649942726,0.22222222222222232
E,,partition,n2000|wd0.1,10,,dirichlet0.5,iid,end,w_L0_sv_gini,3,6,0.3591213114482865,0.35425362262516036,-0.2222222222222222
E,,partition,n2000|wd0.1,10,,dirichlet0.5,iid,end,w_L0_entry_gini,3,6,0.6635299005604165,0.632844990731584,0.11111111111111116
E,,partition,n2000|wd0.1,10,,dirichlet0.5,iid,end,w_L0_row_gini,3,6,0.12829605581062742,0.10989875673098537,-0.11111111111111116
E,,partition,n2000|wd0.1,10,,dirichlet0.5,iid,end,w_L0_row_pr,3,6,0.9172904680714845,0.9604308123737724,0.11111111111111116
E,,partition,n2000|wd0.1,10,,dirichlet0.5,iid,end,w_L0_dist_init,3,6,76.53282928466797,75.46349334716797,0.33333333333333326
E,,partition,n2000|wd0.1,10,,dirichlet0.5,iid,end,w_L0_rel_dist_init,3,6,1.0393556588420563,1.0248335201960406,0.33333333333333326
E,,partition,n2000|wd0.1,10,,dirichlet0.5,iid,end,w_L0_cos_init,3,6,0.03930341452360153,0.09587950818240643,-0.5555555555555556
E,,partition,n2000|wd0.1,10,,dirichlet0.5,iid,end,w_L1_fro,3,6,14.240493774414062,13.050924301147461,0.6666666666666667
E,,partition,n2000|wd0.1,10,,dirichlet0.5,iid,end,w_L1_spec,3,6,5.325462818145752,6.4942405223846436,-0.6666666666666667
E,,partition,n2000|wd0.1,10,,dirichlet0.5,iid,end,w_L1_stable_rank,3,6,5.905656814575195,4.129808664321899,0.8888888888888888
E,,partition,n2000|wd0.1,10,,dirichlet0.5,iid,end,w_L1_eff_rank,3,6,116.89030088444419,119.06799426416752,0.33333333333333326
E,,partition,n2000|wd0.1,10,,dirichlet0.5,iid,end,w_L1_sv_gini,3,6,0.5321658539350023,0.528253557021442,-0.33333333333333337
E,,partition,n2000|wd0.1,10,,dirichlet0.5,iid,end,w_L1_entry_gini,3,6,0.4697004676988339,0.4887316978299088,-0.33333333333333337
E,,partition,n2000|wd0.1,10,,dirichlet0.5,iid,end,w_L1_row_gini,3,6,0.12501161676150585,0.15422600069523063,-0.4444444444444444
E,,partition,n2000|wd0.1,10,,dirichlet0.5,iid,end,w_L1_row_pr,3,6,0.9507490776124203,0.9252644840084897,0.4444444444444444
E,,partition,n2000|wd0.1,10,,dirichlet0.5,iid,end,w_L1_dist_init,3,6,74.38200378417969,73.16156387329102,0.8888888888888888
E,,partition,n2000|wd0.1,10,,dirichlet0.5,iid,end,w_L1_rel_dist_init,3,6,1.0138212894025294,0.997256371302435,0.8888888888888888
E,,partition,n2000|wd0.1,10,,dirichlet0.5,iid,end,w_L1_cos_init,3,6,0.025568723678588867,0.10053467936813831,-1.0
E,,partition,n2000|wd0.1,10,,dirichlet0.5,iid,end,w_L2_fro,3,6,5.282808303833008,3.5262880325317383,-0.11111111111111116
E,,partition,n2000|wd0.1,10,,dirichlet0.5,iid,end,w_L2_spec,3,6,2.4647254943847656,1.664911925792694,0.0
E,,partition,n2000|wd0.1,10,,dirichlet0.5,iid,end,w_L2_stable_rank,3,6,4.376514911651611,4.813078165054321,-0.7777777777777778
E,,partition,n2000|wd0.1,10,,dirichlet0.5,iid,end,w_L2_eff_rank,3,6,9.151984747727623,9.190764020537575,-0.2222222222222222
E,,partition,n2000|wd0.1,10,,dirichlet0.5,iid,end,w_L2_sv_gini,3,6,0.21632539005395568,0.2029608556294562,0.33333333333333326
E,,partition,n2000|wd0.1,10,,dirichlet0.5,iid,end,w_L2_entry_gini,3,6,0.44071064396618875,0.5216634108889339,-0.5555555555555556
E,,partition,n2000|wd0.1,10,,dirichlet0.5,iid,end,w_L2_row_gini,3,6,0.12579881633098844,0.12454448790655315,0.0
E,,partition,n2000|wd0.1,10,,dirichlet0.5,iid,end,w_L2_row_pr,3,6,0.9527215889701097,0.9425406669729071,0.11111111111111116
E,,partition,n2000|wd0.1,10,,dirichlet0.5,iid,end,w_L2_dist_init,3,6,16.098976135253906,15.895094871520996,0.5555555555555556
E,,partition,n2000|wd0.1,10,,dirichlet0.5,iid,end,w_L2_rel_dist_init,3,6,0.9838111432362041,0.9647884821011383,0.5555555555555556
E,,partition,n2000|wd0.1,10,,dirichlet0.5,iid,end,w_L2_cos_init,3,6,0.20879343152046204,0.3133173882961273,-0.7777777777777778
E,,partition,n2000|wd0.1,10,,label_block,iid,end,fn_loss_tr,3,6,0.04363040253520012,3.133750578854233e-05,1.0
E,,partition,n2000|wd0.1,10,,label_block,iid,end,fn_acc_tr,3,6,90.45000457763672,100.0,-1.0
E,,partition,n2000|wd0.1,10,,label_block,iid,end,fn_margin_tr,3,6,0.28380176424980164,0.9957229197025299,-1.0
E,,partition,n2000|wd0.1,10,,label_block,iid,end,fn_entropy_tr,3,6,2.2884273529052734,2.229387879371643,1.0
E,,partition,n2000|wd0.1,10,,label_block,iid,end,fn_loss_te,3,6,0.057955965399742126,0.012805316597223282,1.0
E,,partition,n2000|wd0.1,10,,label_block,iid,end,fn_acc_te,3,6,71.36000061035156,93.15999603271484,-1.0
E,,partition,n2000|wd0.1,10,,label_block,iid,end,fn_margin_te,3,6,0.12494304776191711,0.900574117898941,-1.0
E,,partition,n2000|wd0.1,10,,label_block,iid,end,fn_entropy_te,3,6,2.2903945446014404,2.2468974590301514,1.0
E,,partition,n2000|wd0.1,10,,label_block,iid,end,fn_gap_loss,3,6,0.014313533902168274,0.012781330069628893,-0.11111111111111116
E,,partition,n2000|wd0.1,10,,label_block,iid,end,fn_gap_acc,3,6,19.090003967285156,6.840003967285156,0.5555555555555556
E,,partition,n2000|wd0.1,10,,label_block,iid,end,fn_class_acc_gini,3,6,0.18685711783487013,0.02243530603914934,1.0
E,,partition,n2000|wd0.1,10,,label_block,iid,end,w_all_norm,3,6,51.79799103600286,28.6178088105535,1.0
E,,partition,n2000|wd0.1,10,,label_block,iid,end,w_all_rel_norm,3,6,0.4927597278844578,0.27206032961687865,1.0
E,,partition,n2000|wd0.1,10,,label_block,iid,end,w_all_dist_init,3,6,117.01356572166328,106.25370591209831,1.0
E,,partition,n2000|wd0.1,10,,label_block,iid,end,w_all_rel_dist_init,3,6,1.1126341803720885,1.0101268086669102,1.0
E,,partition,n2000|wd0.1,10,,label_block,iid,end,w_all_cos_init,3,6,0.004540472077257425,0.09694328704689308,-1.0
E,,partition,n2000|wd0.1,10,,label_block,iid,end,rep_between_within_tr,3,6,0.47740244044779934,6.31204839622392,-1.0
E,,partition,n2000|wd0.1,10,,label_block,iid,end,rep_nc1_tr,3,6,1.7118815136574943,0.015319724268789525,1.0
E,,partition,n2000|wd0.1,10,,label_block,iid,end,rep_eff_rank_te,3,6,105.7084012704451,63.548336041696786,1.0
E,,partition,n2000|wd0.1,10,,label_block,iid,end,rep_pr_te,3,6,11.470082757399211,7.737325037342591,1.0
E,,partition,n2000|wd0.1,10,,label_block,iid,end,rep_unit_gini_te,3,6,0.9134319700727529,0.7783971104771003,1.0
E,,partition,n2000|wd0.1,10,,label_block,iid,end,rep_unit_pr_te,3,6,0.03471415531439397,0.14303893284291624,-1.0
E,,partition,n2000|wd0.1,10,,label_block,iid,end,rep_between_within_te,3,6,0.4294832207281506,2.9391407737384645,-1.0
E,,partition,n2000|wd0.1,10,,label_block,iid,end,sharp_lambda_max,3,6,74.92605590820312,0.4255932718515396,1.0
E,,partition,n2000|wd0.1,10,,label_block,iid,end,sharp_grad_norm,3,6,0.4786635935306549,0.002150398097001016,1.0
E,,partition,n2000|wd0.1,10,,label_block,iid,end,sharp_lr_lambda,3,6,0.07492605590820313,0.0004255932718515396,1.0
E,,partition,n2000|wd0.1,10,,label_block,iid,end,rep_dead_frac_te,3,6,0.0,0.0,0.33333333333333326
E,,partition,n2000|wd0.1,10,,label_block,iid,end,w_L0_fro,3,6,48.18017578125,24.32849407196045,1.0
E,,partition,n2000|wd0.1,10,,label_block,iid,end,w_L0_spec,3,6,10.812192916870117,9.025765895843506,0.6666666666666667
E,,partition,n2000|wd0.1,10,,label_block,iid,end,w_L0_stable_rank,3,6,19.54597282409668,7.709023952484131,1.0
E,,partition,n2000|wd0.1,10,,label_block,iid,end,w_L0_eff_rank,3,6,161.60040128529783,162.0838649942726,-0.11111111111111116
E,,partition,n2000|wd0.1,10,,label_block,iid,end,w_L0_sv_gini,3,6,0.3633018012536886,0.35425362262516036,0.11111111111111116
E,,partition,n2000|wd0.1,10,,label_block,iid,end,w_L0_entry_gini,3,6,0.5563364835107967,0.632844990731584,-1.0
E,,partition,n2000|wd0.1,10,,label_block,iid,end,w_L0_row_gini,3,6,0.05468918160853331,0.10989875673098537,-1.0
E,,partition,n2000|wd0.1,10,,label_block,iid,end,w_L0_row_pr,3,6,0.9873272806062983,0.9604308123737724,1.0
E,,partition,n2000|wd0.1,10,,label_block,iid,end,w_L0_dist_init,3,6,87.62396240234375,75.46349334716797,1.0
E,,partition,n2000|wd0.1,10,,label_block,iid,end,w_L0_rel_dist_init,3,6,1.193096919072348,1.0248335201960406,1.0
E,,partition,n2000|wd0.1,10,,label_block,iid,end,w_L0_cos_init,3,6,0.0060018375515937805,0.09587950818240643,-1.0
E,,partition,n2000|wd0.1,10,,label_block,iid,end,w_L1_fro,3,6,18.95455551147461,13.050924301147461,1.0
E,,partition,n2000|wd0.1,10,,label_block,iid,end,w_L1_spec,3,6,4.221621036529541,6.4942405223846436,-1.0
E,,partition,n2000|wd0.1,10,,label_block,iid,end,w_L1_stable_rank,3,6,17.980636596679688,4.129808664321899,1.0
E,,partition,n2000|wd0.1,10,,label_block,iid,end,w_L1_eff_rank,3,6,151.38499065179832,119.06799426416752,1.0
E,,partition,n2000|wd0.1,10,,label_block,iid,end,w_L1_sv_gini,3,6,0.4088021145088434,0.528253557021442,-1.0
E,,partition,n2000|wd0.1,10,,label_block,iid,end,w_L1_entry_gini,3,6,0.4318912037830325,0.4887316978299088,-0.7777777777777778
E,,partition,n2000|wd0.1,10,,label_block,iid,end,w_L1_row_gini,3,6,0.07782417284206322,0.15422600069523063,-0.7777777777777778
E,,partition,n2000|wd0.1,10,,label_block,iid,end,w_L1_row_pr,3,6,0.9802765443755191,0.9252644840084897,0.7777777777777777
E,,partition,n2000|wd0.1,10,,label_block,iid,end,w_L1_dist_init,3,6,75.71507263183594,73.16156387329102,1.0
E,,partition,n2000|wd0.1,10,,label_block,iid,end,w_L1_rel_dist_init,3,6,1.031762708688689,0.997256371302435,1.0
E,,partition,n2000|wd0.1,10,,label_block,iid,end,w_L1_cos_init,3,6,0.0023763140197843313,0.10053467936813831,-1.0
E,,partition,n2000|wd0.1,10,,label_block,iid,end,w_L2_fro,3,6,1.4497196674346924,3.5262880325317383,-1.0
E,,partition,n2000|wd0.1,10,,label_block,iid,end,w_L2_spec,3,6,0.6718770265579224,1.664911925792694,-1.0
E,,partition,n2000|wd0.1,10,,label_block,iid,end,w_L2_stable_rank,3,6,4.655736446380615,4.813078165054321,-0.33333333333333337
E,,partition,n2000|wd0.1,10,,label_block,iid,end,w_L2_eff_rank,3,6,9.203466262455555,9.190764020537575,-0.33333333333333337
E,,partition,n2000|wd0.1,10,,label_block,iid,end,w_L2_sv_gini,3,6,0.2206853752132869,0.2029608556294562,0.5555555555555556
E,,partition,n2000|wd0.1,10,,label_block,iid,end,w_L2_entry_gini,3,6,0.4955217417102098,0.5216634108889339,-0.33333333333333337
E,,partition,n2000|wd0.1,10,,label_block,iid,end,w_L2_row_gini,3,6,0.12183648246637246,0.12454448790655315,0.0
E,,partition,n2000|wd0.1,10,,label_block,iid,end,w_L2_row_pr,3,6,0.9532966496560402,0.9425406669729071,0.11111111111111116
E,,partition,n2000|wd0.1,10,,label_block,iid,end,w_L2_dist_init,3,6,16.49365234375,15.895094871520996,0.7777777777777777
E,,partition,n2000|wd0.1,10,,label_block,iid,end,w_L2_rel_dist_init,3,6,1.0027999209745464,0.9647884821011383,0.6666666666666667
E,,partition,n2000|wd0.1,10,,label_block,iid,end,w_L2_cos_init,3,6,0.005354915279895067,0.3133173882961273,-1.0
E,,partition,n2000|wd0.1,20,,dirichlet0.5,iid,cross,fn_loss_tr,3,6,0.002647249260917306,0.00045969459461048245,1.0
E,,partition,n2000|wd0.1,20,,dirichlet0.5,iid,cross,fn_acc_tr,3,6,100.0,100.0,0.0
E,,partition,n2000|wd0.1,20,,dirichlet0.5,iid,cross,fn_margin_tr,3,6,0.8605992794036865,0.9510243535041809,-1.0
E,,partition,n2000|wd0.1,20,,dirichlet0.5,iid,cross,fn_entropy_tr,3,6,2.2434511184692383,2.2330187559127808,1.0
E,,partition,n2000|wd0.1,20,,dirichlet0.5,iid,cross,fn_loss_te,3,6,0.03670826181769371,0.023747403174638748,0.33333333333333326
E,,partition,n2000|wd0.1,20,,dirichlet0.5,iid,cross,fn_acc_te,3,6,85.99999237060547,90.41999816894531,-0.33333333333333337
E,,partition,n2000|wd0.1,20,,dirichlet0.5,iid,cross,fn_margin_te,3,6,0.4633992314338684,0.6368452310562134,-1.0
E,,partition,n2000|wd0.1,20,,dirichlet0.5,iid,cross,fn_entropy_te,3,6,2.260772705078125,2.2543115615844727,1.0
E,,partition,n2000|wd0.1,20,,dirichlet0.5,iid,cross,fn_gap_loss,3,6,0.03358117421157658,0.02332029760873411,0.33333333333333326
E,,partition,n2000|wd0.1,20,,dirichlet0.5,iid,cross,fn_gap_acc,3,6,14.000007629394531,9.580001831054688,0.33333333333333326
E,,partition,n2000|wd0.1,20,,dirichlet0.5,iid,cross,fn_class_acc_gini,3,6,0.045195423315806504,0.03134833923716818,0.5555555555555556
E,,partition,n2000|wd0.1,20,,dirichlet0.5,iid,cross,w_all_norm,3,6,53.8651896321141,40.13777534031751,0.33333333333333326
E,,partition,n2000|wd0.1,20,,dirichlet0.5,iid,cross,w_all_rel_norm,3,6,0.5119457400753105,0.38182729489373674,0.33333333333333326
E,,partition,n2000|wd0.1,20,,dirichlet0.5,iid,cross,w_all_dist_init,3,6,62.2434526824645,80.28962790471034,-0.33333333333333337
E,,partition,n2000|wd0.1,20,,dirichlet0.5,iid,cross,w_all_rel_dist_init,3,6,0.5915744596092348,0.7634183572471651,-0.33333333333333337
E,,partition,n2000|wd0.1,20,,dirichlet0.5,iid,cross,w_all_cos_init,3,6,0.8888458181767067,0.7366540259445418,0.33333333333333326
E,,partition,n2000|wd0.1,20,,dirichlet0.5,iid,cross,rep_between_within_tr,3,6,0.38186252639913265,0.6071209691614211,-0.33333333333333337
E,,partition,n2000|wd0.1,20,,dirichlet0.5,iid,cross,rep_nc1_tr,3,6,0.4948089808642706,0.16142642382704353,1.0
E,,partition,n2000|wd0.1,20,,dirichlet0.5,iid,cross,rep_eff_rank_te,3,6,139.60431194166875,146.61538737859206,-1.0
E,,partition,n2000|wd0.1,20,,dirichlet0.5,iid,cross,rep_pr_te,3,6,25.772038351642696,30.192727155644242,-0.6666666666666667
E,,partition,n2000|wd0.1,20,,dirichlet0.5,iid,cross,rep_unit_gini_te,3,6,0.823849703807165,0.667395034696143,1.0
E,,partition,n2000|wd0.1,20,,dirichlet0.5,iid,cross,rep_unit_pr_te,3,6,0.08022598622733602,0.29090378186761556,-1.0
E,,partition,n2000|wd0.1,20,,dirichlet0.5,iid,cross,rep_between_within_te,3,6,0.30080850552178073,0.4528754245447353,-0.33333333333333337
E,,partition,n2000|wd0.1,20,,dirichlet0.5,iid,cross,sharp_lambda_max,3,6,4.058852672576904,1.0672755241394043,1.0
E,,partition,n2000|wd0.1,20,,dirichlet0.5,iid,cross,sharp_grad_norm,3,6,0.016370194032788277,0.004923660075291991,1.0
E,,partition,n2000|wd0.1,20,,dirichlet0.5,iid,cross,sharp_lr_lambda,3,6,0.004058852672576905,0.0010672755241394043,1.0
E,,partition,n2000|wd0.1,20,,dirichlet0.5,iid,cross,rep_dead_frac_te,3,6,0.0,0.0,0.0
E,,partition,n2000|wd0.1,20,,dirichlet0.5,iid,cross,w_L0_fro,3,6,39.345001220703125,30.128281593322754,0.33333333333333326
E,,partition,n2000|wd0.1,20,,dirichlet0.5,iid,cross,w_L0_spec,3,6,4.928553581237793,5.553724765777588,-0.4444444444444444
E,,partition,n2000|wd0.1,20,,dirichlet0.5,iid,cross,w_L0_stable_rank,3,6,63.73202133178711,29.991058349609375,0.33333333333333326
E,,partition,n2000|wd0.1,20,,dirichlet0.5,iid,cross,w_L0_eff_rank,3,6,192.57294099247076,189.93845909921103,0.33333333333333326
E,,partition,n2000|wd0.1,20,,dirichlet0.5,iid,cross,w_L0_sv_gini,3,6,0.1573566186609363,0.18131630112536146,-0.33333333333333337
E,,partition,n2000|wd0.1,20,,dirichlet0.5,iid,cross,w_L0_entry_gini,3,6,0.3617401442356576,0.3964034225657339,-0.33333333333333337
E,,partition,n2000|wd0.1,20,,dirichlet0.5,iid,cross,w_L0_row_gini,3,6,0.01948552140255777,0.03315066312682735,-0.33333333333333337
E,,partition,n2000|wd0.1,20,,dirichlet0.5,iid,cross,w_L0_row_pr,3,6,0.9987862721543805,0.9962266042498258,0.33333333333333326
E,,partition,n2000|wd0.1,20,,dirichlet0.5,iid,cross,w_L0_dist_init,3,6,40.728389739990234,54.05560302734375,-0.33333333333333337
E,,partition,n2000|wd0.1,20,,dirichlet0.5,iid,cross,w_L0_rel_dist_init,3,6,0.5531127327637414,0.734103226337208,-0.33333333333333337
E,,partition,n2000|wd0.1,20,,dirichlet0.5,iid,cross,w_L0_cos_init,3,6,0.9088380336761475,0.768991082906723,0.33333333333333326
E,,partition,n2000|wd0.1,20,,dirichlet0.5,iid,cross,w_L1_fro,3,6,36.486976623535156,26.26565170288086,0.33333333333333326
E,,partition,n2000|wd0.1,20,,dirichlet0.5,iid,cross,w_L1_spec,3,6,6.64571475982666,6.302089214324951,0.33333333333333326
E,,partition,n2000|wd0.1,20,,dirichlet0.5,iid,cross,w_L1_stable_rank,3,6,29.8308162689209,17.544180870056152,1.0
E,,partition,n2000|wd0.1,20,,dirichlet0.5,iid,cross,w_L1_eff_rank,3,6,158.5266261760096,157.67409704144714,0.33333333333333326
E,,partition,n2000|wd0.1,20,,dirichlet0.5,iid,cross,w_L1_sv_gini,3,6,0.370234123510653,0.3749982224959181,-0.33333333333333337
E,,partition,n2000|wd0.1,20,,dirichlet0.5,iid,cross,w_L1_entry_gini,3,6,0.3751574656450656,0.40167743859783134,-0.33333333333333337
E,,partition,n2000|wd0.1,20,,dirichlet0.5,iid,cross,w_L1_row_gini,3,6,0.036088788216464884,0.04608446643872299,-0.33333333333333337
E,,partition,n2000|wd0.1,20,,dirichlet0.5,iid,cross,w_L1_row_pr,3,6,0.9957082551211367,0.9932129088915913,0.33333333333333326
E,,partition,n2000|wd0.1,20,,dirichlet0.5,iid,cross,w_L1_dist_init,3,6,45.19082260131836,57.70833969116211,-0.33333333333333337
E,,partition,n2000|wd0.1,20,,dirichlet0.5,iid,cross,w_L1_rel_dist_init,3,6,0.6167514685621086,0.787586974612118,-0.33333333333333337
E,,partition,n2000|wd0.1,20,,dirichlet0.5,iid,cross,w_L1_cos_init,3,6,0.8711331486701965,0.7090974152088165,0.33333333333333326
E,,partition,n2000|wd0.1,20,,dirichlet0.5,iid,cross,w_L2_fro,3,6,3.8257620334625244,4.114081859588623,-0.11111111111111116
E,,partition,n2000|wd0.1,20,,dirichlet0.5,iid,cross,w_L2_spec,3,6,1.5498124361038208,1.7059269547462463,-0.2222222222222222
E,,partition,n2000|wd0.1,20,,dirichlet0.5,iid,cross,w_L2_stable_rank,3,6,5.99603271484375,5.411106109619141,0.5555555555555556
E,,partition,n2000|wd0.1,20,,dirichlet0.5,iid,cross,w_L2_eff_rank,3,6,9.745209812142852,9.406657302647588,1.0
E,,partition,n2000|wd0.1,20,,dirichlet0.5,iid,cross,w_L2_sv_gini,3,6,0.12190046068798832,0.16151110099462385,-1.0
E,,partition,n2000|wd0.1,20,,dirichlet0.5,iid,cross,w_L2_entry_gini,3,6,0.40517453432109085,0.41697921978088326,-0.7777777777777778
E,,partition,n2000|wd0.1,20,,dirichlet0.5,iid,cross,w_L2_row_gini,3,6,0.0671495920001064,0.07848557788457033,-1.0
E,,partition,n2000|wd0.1,20,,dirichlet0.5,iid,cross,w_L2_row_pr,3,6,0.9854041786594943,0.9806397244971699,1.0
E,,partition,n2000|wd0.1,20,,dirichlet0.5,iid,cross,w_L2_dist_init,3,6,13.609829902648926,13.978174686431885,-0.11111111111111116
E,,partition,n2000|wd0.1,20,,dirichlet0.5,iid,cross,w_L2_rel_dist_init,3,6,0.8260791923272665,0.8359508021824684,-0.33333333333333337
E,,partition,n2000|wd0.1,20,,dirichlet0.5,iid,cross,w_L2_cos_init,3,6,0.7999463081359863,0.7284983396530151,0.33333333333333326
E,,partition,n2000|wd0.1,20,,dirichlet0.5,iid,end,fn_loss_tr,3,6,0.0004443381621968001,0.0001276273796975147,1.0
E,,partition,n2000|wd0.1,20,,dirichlet0.5,iid,end,fn_acc_tr,3,6,100.0,100.0,0.0
E,,partition,n2000|wd0.1,20,,dirichlet0.5,iid,end,fn_margin_tr,3,6,0.9478915929794312,0.98019939661026,-1.0
E,,partition,n2000|wd0.1,20,,dirichlet0.5,iid,end,fn_entropy_tr,3,6,2.2363338470458984,2.2307766675949097,1.0
E,,partition,n2000|wd0.1,20,,dirichlet0.5,iid,end,fn_loss_te,3,6,0.01585143245756626,0.014395237900316715,0.22222222222222232
E,,partition,n2000|wd0.1,20,,dirichlet0.5,iid,end,fn_acc_te,3,6,93.73999786376953,93.37999725341797,0.22222222222222232
E,,partition,n2000|wd0.1,20,,dirichlet0.5,iid,end,fn_margin_te,3,6,0.752062201499939,0.81923708319664,-0.6666666666666667
E,,partition,n2000|wd0.1,20,,dirichlet0.5,iid,end,fn_entropy_te,3,6,2.2537851333618164,2.249098777770996,1.0
E,,partition,n2000|wd0.1,20,,dirichlet0.5,iid,end,fn_gap_loss,3,6,0.015310211689211428,0.0142676105206192,0.11111111111111116
E,,partition,n2000|wd0.1,20,,dirichlet0.5,iid,end,fn_gap_acc,3,6,6.260002136230469,6.620002746582031,-0.2222222222222222
E,,partition,n2000|wd0.1,20,,dirichlet0.5,iid,end,fn_class_acc_gini,3,6,0.01895758717439655,0.021068680699129483,-0.11111111111111116
E,,partition,n2000|wd0.1,20,,dirichlet0.5,iid,end,w_all_norm,3,6,34.81023232972798,30.27453950915161,0.8888888888888888
E,,partition,n2000|wd0.1,20,,dirichlet0.5,iid,end,w_all_rel_norm,3,6,0.33084354244269376,0.28780881512379836,0.8888888888888888
E,,partition,n2000|wd0.1,20,,dirichlet0.5,iid,end,w_all_dist_init,3,6,109.66867777349768,100.06535629641321,1.0
E,,partition,n2000|wd0.1,20,,dirichlet0.5,iid,end,w_all_rel_dist_init,3,6,1.0423134642110508,0.9514961286699951,1.0
E,,partition,n2000|wd0.1,20,,dirichlet0.5,iid,end,w_all_cos_init,3,6,0.04606804055384316,0.2978875231175844,-1.0
E,,partition,n2000|wd0.1,20,,dirichlet0.5,iid,end,rep_between_within_tr,3,6,2.019179406281535,2.9317867288088015,0.0
E,,partition,n2000|wd0.1,20,,dirichlet0.5,iid,end,rep_nc1_tr,3,6,0.047063733183181244,0.035824753413080765,0.33333333333333326
E,,partition,n2000|wd0.1,20,,dirichlet0.5,iid,end,rep_eff_rank_te,3,6,119.81325782858514,112.64752072792207,0.0
E,,partition,n2000|wd0.1,20,,dirichlet0.5,iid,end,rep_pr_te,3,6,12.304000303853135,13.271022856565256,-0.11111111111111116
E,,partition,n2000|wd0.1,20,,dirichlet0.5,iid,end,rep_unit_gini_te,3,6,0.7959555549448998,0.766230123443828,-0.11111111111111116
E,,partition,n2000|wd0.1,20,,dirichlet0.5,iid,end,rep_unit_pr_te,3,6,0.11591596549804235,0.18220210498897818,-0.4444444444444444
E,,partition,n2000|wd0.1,20,,dirichlet0.5,iid,end,rep_between_within_te,3,6,1.579327575775402,1.7980877781471234,0.0
E,,partition,n2000|wd0.1,20,,dirichlet0.5,iid,end,sharp_lambda_max,3,6,0.6617025136947632,0.4631989598274231,1.0
E,,partition,n2000|wd0.1,20,,dirichlet0.5,iid,end,sharp_grad_norm,3,6,0.009078385308384895,0.0024387341691181064,1.0
E,,partition,n2000|wd0.1,20,,dirichlet0.5,iid,end,sharp_lr_lambda,3,6,0.0006617025136947632,0.0004631989598274231,1.0
E,,partition,n2000|wd0.1,20,,dirichlet0.5,iid,end,rep_dead_frac_te,3,6,0.0,0.0,0.0
E,,partition,n2000|wd0.1,20,,dirichlet0.5,iid,end,w_L0_fro,3,6,30.23289680480957,24.908214569091797,1.0
E,,partition,n2000|wd0.1,20,,dirichlet0.5,iid,end,w_L0_spec,3,6,6.533409118652344,6.612802743911743,-0.4444444444444444
E,,partition,n2000|wd0.1,20,,dirichlet0.5,iid,end,w_L0_stable_rank,3,6,23.730112075805664,14.191789627075195,1.0
E,,partition,n2000|wd0.1,20,,dirichlet0.5,iid,end,w_L0_eff_rank,3,6,170.26814962817102,176.16203408307322,-0.4444444444444444
E,,partition,n2000|wd0.1,20,,dirichlet0.5,iid,end,w_L0_sv_gini,3,6,0.3177003048820777,0.2794569860730335,0.6666666666666667
E,,partition,n2000|wd0.1,20,,dirichlet0.5,iid,end,w_L0_entry_gini,3,6,0.5943215469976695,0.5288910269582177,0.4444444444444444
E,,partition,n2000|wd0.1,20,,dirichlet0.5,iid,end,w_L0_row_gini,3,6,0.05521849030303727,0.060254713087830813,-0.5555555555555556
E,,partition,n2000|wd0.1,20,,dirichlet0.5,iid,end,w_L0_row_pr,3,6,0.9898538177892843,0.987624846896286,0.33333333333333326
E,,partition,n2000|wd0.1,20,,dirichlet0.5,iid,end,w_L0_dist_init,3,6,78.4292984008789,69.945556640625,1.0
E,,partition,n2000|wd0.1,20,,dirichlet0.5,iid,end,w_L0_rel_dist_init,3,6,1.0651106965974408,0.9522548859852128,1.0
E,,partition,n2000|wd0.1,20,,dirichlet0.5,iid,end,w_L0_cos_init,3,6,0.046929389238357544,0.2963399812579155,-1.0
E,,partition,n2000|wd0.1,20,,dirichlet0.5,iid,end,w_L1_fro,3,6,17.17041778564453,16.891849040985107,0.0
E,,partition,n2000|wd0.1,20,,dirichlet0.5,iid,end,w_L1_spec,3,6,3.9680192470550537,5.960756540298462,-1.0
E,,partition,n2000|wd0.1,20,,dirichlet0.5,iid,end,w_L1_stable_rank,3,6,18.725521087646484,8.154893398284912,1.0
E,,partition,n2000|wd0.1,20,,dirichlet0.5,iid,end,w_L1_eff_rank,3,6,150.16337606189043,147.7944481227505,0.0
E,,partition,n2000|wd0.1,20,,dirichlet0.5,iid,end,w_L1_sv_gini,3,6,0.41502193234241713,0.4200261520103433,0.0
E,,partition,n2000|wd0.1,20,,dirichlet0.5,iid,end,w_L1_entry_gini,3,6,0.4330459352083451,0.4301562758656724,0.33333333333333326
E,,partition,n2000|wd0.1,20,,dirichlet0.5,iid,end,w_L1_row_gini,3,6,0.07245029045053442,0.07974917041200347,0.0
E,,partition,n2000|wd0.1,20,,dirichlet0.5,iid,end,w_L1_row_pr,3,6,0.9812868048362019,0.9760205333185024,0.0
E,,partition,n2000|wd0.1,20,,dirichlet0.5,iid,end,w_L1_dist_init,3,6,74.6452865600586,69.9433822631836,1.0
E,,partition,n2000|wd0.1,20,,dirichlet0.5,iid,end,w_L1_rel_dist_init,3,6,1.0175038183991327,0.9525587203213208,1.0
E,,partition,n2000|wd0.1,20,,dirichlet0.5,iid,end,w_L1_cos_init,3,6,0.04450886324048042,0.2977657690644264,-1.0
E,,partition,n2000|wd0.1,20,,dirichlet0.5,iid,end,w_L2_fro,3,6,1.7032259702682495,3.0547988414764404,-1.0
E,,partition,n2000|wd0.1,20,,dirichlet0.5,iid,end,w_L2_spec,3,6,0.7005770206451416,1.3411851525306702,-0.8888888888888888
E,,partition,n2000|wd0.1,20,,dirichlet0.5,iid,end,w_L2_stable_rank,3,6,5.390646934509277,5.507511377334595,0.0
E,,partition,n2000|wd0.1,20,,dirichlet0.5,iid,end,w_L2_eff_rank,3,6,9.16375475139,9.202203292614492,-0.4444444444444444
E,,partition,n2000|wd0.1,20,,dirichlet0.5,iid,end,w_L2_sv_gini,3,6,0.19522442295792586,0.1805988209530085,0.22222222222222232
E,,partition,n2000|wd0.1,20,,dirichlet0.5,iid,end,w_L2_entry_gini,3,6,0.45905430232927436,0.4854138414457895,0.0
E,,partition,n2000|wd0.1,20,,dirichlet0.5,iid,end,w_L2_row_gini,3,6,0.08199981522277278,0.09359108960553908,-0.4444444444444444
E,,partition,n2000|wd0.1,20,,dirichlet0.5,iid,end,w_L2_row_pr,3,6,0.9784049461114611,0.9701731203033898,0.4444444444444444
E,,partition,n2000|wd0.1,20,,dirichlet0.5,iid,end,w_L2_dist_init,3,6,16.164016723632812,15.142400741577148,0.7777777777777777
E,,partition,n2000|wd0.1,20,,dirichlet0.5,iid,end,w_L2_rel_dist_init,3,6,0.9811112978880163,0.9277879612649196,1.0
E,,partition,n2000|wd0.1,20,,dirichlet0.5,iid,end,w_L2_cos_init,3,6,0.2453330159187317,0.4659225791692734,-1.0
E,,partition,n2000|wd0.1,20,,label_block,iid,end,fn_loss_tr,3,6,0.03733344003558159,0.0001276273796975147,1.0
E,,partition,n2000|wd0.1,20,,label_block,iid,end,fn_acc_tr,3,6,96.1500015258789,100.0,-1.0
E,,partition,n2000|wd0.1,20,,label_block,iid,end,fn_margin_tr,3,6,0.3486361801624298,0.98019939661026,-1.0
E,,partition,n2000|wd0.1,20,,label_block,iid,end,fn_entropy_tr,3,6,2.2836740016937256,2.2307766675949097,1.0
E,,partition,n2000|wd0.1,20,,label_block,iid,end,fn_loss_te,3,6,0.06093504652380943,0.014395237900316715,1.0
E,,partition,n2000|wd0.1,20,,label_block,iid,end,fn_acc_te,3,6,67.41999816894531,93.37999725341797,-1.0
E,,partition,n2000|wd0.1,20,,label_block,iid,end,fn_margin_te,3,6,0.13439950346946716,0.81923708319664,-1.0
E,,partition,n2000|wd0.1,20,,label_block,iid,end,fn_entropy_te,3,6,2.2845351696014404,2.249098777770996,1.0
E,,partition,n2000|wd0.1,20,,label_block,iid,end,fn_gap_loss,3,6,0.023601606488227844,0.0142676105206192,1.0
E,,partition,n2000|wd0.1,20,,label_block,iid,end,fn_gap_acc,3,6,26.83000946044922,6.620002746582031,1.0
E,,partition,n2000|wd0.1,20,,label_block,iid,end,fn_class_acc_gini,3,6,0.1890482351499978,0.021068680699129483,1.0
E,,partition,n2000|wd0.1,20,,label_block,iid,end,w_all_norm,3,6,52.19577623335071,30.27453950915161,1.0
E,,partition,n2000|wd0.1,20,,label_block,iid,end,w_all_rel_norm,3,6,0.49607929490434566,0.28780881512379836,1.0
E,,partition,n2000|wd0.1,20,,label_block,iid,end,w_all_dist_init,3,6,115.8734389671482,100.06535629641321,1.0
E,,partition,n2000|wd0.1,20,,label_block,iid,end,w_all_rel_dist_init,3,6,1.101284779135749,0.9514961286699951,1.0
E,,partition,n2000|wd0.1,20,,label_block,iid,end,w_all_cos_init,3,6,0.03352953690884771,0.2978875231175844,-1.0
E,,partition,n2000|wd0.1,20,,label_block,iid,end,rep_between_within_tr,3,6,0.40082587676697307,2.9317867288088015,-1.0
E,,partition,n2000|wd0.1,20,,label_block,iid,end,rep_nc1_tr,3,6,1.8661376089988266,0.035824753413080765,1.0
E,,partition,n2000|wd0.1,20,,label_block,iid,end,rep_eff_rank_te,3,6,114.91004216339806,112.64752072792207,0.0
E,,partition,n2000|wd0.1,20,,label_block,iid,end,rep_pr_te,3,6,8.16795250866966,13.271022856565256,-0.6666666666666667
E,,partition,n2000|wd0.1,20,,label_block,iid,end,rep_unit_gini_te,3,6,0.96516085663283,0.766230123443828,1.0
E,,partition,n2000|wd0.1,20,,label_block,iid,end,rep_unit_pr_te,3,6,0.025729055912146723,0.18220210498897818,-1.0
E,,partition,n2000|wd0.1,20,,label_block,iid,end,rep_between_within_te,3,6,0.3581927929241062,1.7980877781471234,-1.0
E,,partition,n2000|wd0.1,20,,label_block,iid,end,sharp_lambda_max,3,6,217.76589965820312,0.4631989598274231,1.0
E,,partition,n2000|wd0.1,20,,label_block,iid,end,sharp_grad_norm,3,6,0.8609113097190857,0.0024387341691181064,1.0
E,,partition,n2000|wd0.1,20,,label_block,iid,end,sharp_lr_lambda,3,6,0.21776589965820312,0.0004631989598274231,1.0
E,,partition,n2000|wd0.1,20,,label_block,iid,end,rep_dead_frac_te,3,6,0.0,0.0,0.33333333333333326
E,,partition,n2000|wd0.1,20,,label_block,iid,end,w_L0_fro,3,6,48.5919303894043,24.908214569091797,1.0
E,,partition,n2000|wd0.1,20,,label_block,iid,end,w_L0_spec,3,6,10.15982723236084,6.612802743911743,1.0
E,,partition,n2000|wd0.1,20,,label_block,iid,end,w_L0_stable_rank,3,6,21.423307418823242,14.191789627075195,1.0
E,,partition,n2000|wd0.1,20,,label_block,iid,end,w_L0_eff_rank,3,6,166.37013207364825,176.16203408307322,-0.7777777777777778
E,,partition,n2000|wd0.1,20,,label_block,iid,end,w_L0_sv_gini,3,6,0.34003007146749886,0.2794569860730335,0.8888888888888888
E,,partition,n2000|wd0.1,20,,label_block,iid,end,w_L0_entry_gini,3,6,0.5529356766441826,0.5288910269582177,0.0
E,,partition,n2000|wd0.1,20,,label_block,iid,end,w_L0_row_gini,3,6,0.04806034785758073,0.060254713087830813,-0.7777777777777778
E,,partition,n2000|wd0.1,20,,label_block,iid,end,w_L0_row_pr,3,6,0.9926554220169628,0.987624846896286,0.6666666666666667
E,,partition,n2000|wd0.1,20,,label_block,iid,end,w_L0_dist_init,3,6,86.76734161376953,69.945556640625,1.0
E,,partition,n2000|wd0.1,20,,label_block,iid,end,w_L0_rel_dist_init,3,6,1.178345663578122,0.9522548859852128,1.0
E,,partition,n2000|wd0.1,20,,label_block,iid,end,w_L0_cos_init,3,6,0.03559190034866333,0.2963399812579155,-1.0
E,,partition,n2000|wd0.1,20,,label_block,iid,end,w_L1_fro,3,6,18.961519241333008,16.891849040985107,0.5555555555555556
E,,partition,n2000|wd0.1,20,,label_block,iid,end,w_L1_spec,3,6,5.072910308837891,5.960756540298462,-0.33333333333333337
E,,partition,n2000|wd0.1,20,,label_block,iid,end,w_L1_stable_rank,3,6,12.690569877624512,8.154893398284912,0.8888888888888888
E,,partition,n2000|wd0.1,20,,label_block,iid,end,w_L1_eff_rank,3,6,154.18192514051475,147.7944481227505,0.8888888888888888
E,,partition,n2000|wd0.1,20,,label_block,iid,end,w_L1_sv_gini,3,6,0.3923075072975555,0.4200261520103433,-0.8888888888888888
E,,partition,n2000|wd0.1,20,,label_block,iid,end,w_L1_entry_gini,3,6,0.42974156184527423,0.4301562758656724,0.0
E,,partition,n2000|wd0.1,20,,label_block,iid,end,w_L1_row_gini,3,6,0.0807143030688906,0.07974917041200347,0.0
E,,partition,n2000|wd0.1,20,,label_block,iid,end,w_L1_row_pr,3,6,0.9717496102351214,0.9760205333185024,-0.2222222222222222
E,,partition,n2000|wd0.1,20,,label_block,iid,end,w_L1_dist_init,3,6,74.93924713134766,69.9433822631836,1.0
E,,partition,n2000|wd0.1,20,,label_block,iid,end,w_L1_rel_dist_init,3,6,1.0227494889603779,0.9525587203213208,1.0
E,,partition,n2000|wd0.1,20,,label_block,iid,end,w_L1_cos_init,3,6,0.041343044489622116,0.2977657690644264,-1.0
E,,partition,n2000|wd0.1,20,,label_block,iid,end,w_L2_fro,3,6,1.9194128513336182,3.0547988414764404,-0.8888888888888888
E,,partition,n2000|wd0.1,20,,label_block,iid,end,w_L2_spec,3,6,0.8879836201667786,1.3411851525306702,-0.8888888888888888
E,,partition,n2000|wd0.1,20,,label_block,iid,end,w_L2_stable_rank,3,6,4.672255516052246,5.507511377334595,-0.7777777777777778
E,,partition,n2000|wd0.1,20,,label_block,iid,end,w_L2_eff_rank,3,6,9.02313097211946,9.202203292614492,-0.33333333333333337
E,,partition,n2000|wd0.1,20,,label_block,iid,end,w_L2_sv_gini,3,6,0.2500696555575874,0.1805988209530085,0.7777777777777777
E,,partition,n2000|wd0.1,20,,label_block,iid,end,w_L2_entry_gini,3,6,0.4782478873804794,0.4854138414457895,0.0
E,,partition,n2000|wd0.1,20,,label_block,iid,end,w_L2_row_gini,3,6,0.11618406443166851,0.09359108960553908,0.5555555555555556
E,,partition,n2000|wd0.1,20,,label_block,iid,end,w_L2_row_pr,3,6,0.9597891221081939,0.9701731203033898,-0.5555555555555556
E,,partition,n2000|wd0.1,20,,label_block,iid,end,w_L2_dist_init,3,6,16.50071907043457,15.142400741577148,1.0
E,,partition,n2000|wd0.1,20,,label_block,iid,end,w_L2_rel_dist_init,3,6,1.0042044897044768,0.9277879612649196,1.0
E,,partition,n2000|wd0.1,20,,label_block,iid,end,w_L2_cos_init,3,6,0.03264046087861061,0.4659225791692734,-1.0
