setup,axis,family,cell,phase,metric,n,median,q25,q75
A,K,0.25|wd0.0,boundary K20 E5 f1 iid fedavg,delay_or_stalled,cli_n,27,20.0,20.0,20.0
A,K,0.25|wd0.0,boundary K20 E5 f1 iid fedavg,delay_or_stalled,cli_agg_gap,27,8.875077802005062e-06,7.974338276090496e-06,9.493457272865173e-06
A,K,0.25|wd0.0,boundary K20 E5 f1 iid fedavg,delay_or_stalled,cli_rel_spread,27,0.009244160106173311,0.008339304779294777,0.009896233899204979
A,K,0.25|wd0.0,boundary K20 E5 f1 iid fedavg,delay_or_stalled,cli_cos_global_mean,27,0.9999572758564665,0.9999510362211734,0.999965215807882
A,K,0.25|wd0.0,boundary K20 E5 f1 iid fedavg,delay_or_stalled,cli_cos_global_min,27,0.9999549266091456,0.9999486004990694,0.9999632661913425
A,K,0.25|wd0.0,boundary K20 E5 f1 iid fedavg,delay_or_stalled,cli_dev_pair_cos,27,-0.05262540491910232,-0.052626606141239096,-0.052624037382107205
A,K,0.25|wd0.0,boundary K20 E5 f1 iid fedavg,delay_or_stalled,cli_dev_eff_rank_frac,27,0.9997399557161719,0.9997197435990488,0.9997739450642685
A,K,0.25|wd0.0,boundary K20 E5 f1 iid fedavg,delay_or_stalled,cli_coherence,27,9.251886250686533e-07,9.078619331546654e-07,9.290607966382889e-07
A,K,0.25|wd0.0,boundary K20 E5 f1 iid fedavg,delay_or_stalled,cli_key_n,27,43.0,42.0,43.0
A,K,0.25|wd0.0,boundary K20 E5 f1 iid fedavg,delay_or_stalled,cli_dev_key_share,27,0.895086470385778,0.8750856236408118,0.8957984634131526
A,K,0.25|wd0.0,boundary K20 E5 f1 iid fedavg,delay_or_stalled,cli_dev_key_share_uniform,27,0.8958333333333334,0.875,0.8958333333333334
A,K,0.25|wd0.0,boundary K20 E5 f1 iid fedavg,delay_or_stalled,cli_dev_key_over_uniform,27,0.9998656668862923,0.999377841875302,1.000497626556002
A,K,0.25|wd0.0,boundary K20 E5 f1 iid fedavg,delay_or_stalled,cli_key_agreement,27,2.507289028443973e-29,2.195391593730356e-29,3.062660673200251e-29
A,K,0.25|wd0.0,boundary K20 E5 f1 iid fedavg,delay_or_stalled,cli_neuron_freq_agree,27,0.996484375,0.994921875,0.9984375
A,K,0.25|wd0.0,boundary K20 E5 f1 iid fedavg,post_cross,cli_n,73,20.0,20.0,20.0
A,K,0.25|wd0.0,boundary K20 E5 f1 iid fedavg,post_cross,cli_agg_gap,73,1.6858744492624711e-06,1.0033872718219736e-06,3.4694826410507373e-06
A,K,0.25|wd0.0,boundary K20 E5 f1 iid fedavg,post_cross,cli_rel_spread,73,0.0017593116876998814,0.0010567642680901182,0.003671471800132488
A,K,0.25|wd0.0,boundary K20 E5 f1 iid fedavg,post_cross,cli_cos_global_mean,73,0.9999984524332213,0.999993260256403,0.999999441627569
A,K,0.25|wd0.0,boundary K20 E5 f1 iid fedavg,post_cross,cli_cos_global_min,73,0.9999983129579899,0.999992942689719,0.9999993701462917
A,K,0.25|wd0.0,boundary K20 E5 f1 iid fedavg,post_cross,cli_dev_pair_cos,73,-0.05260789193486223,-0.05262248966158402,-0.0525867660871435
A,K,0.25|wd0.0,boundary K20 E5 f1 iid fedavg,post_cross,cli_dev_eff_rank_frac,73,0.9993312843349375,0.9990246768621716,0.9995611549323272
A,K,0.25|wd0.0,boundary K20 E5 f1 iid fedavg,post_cross,cli_coherence,73,9.141042683923008e-07,8.995952243919e-07,9.252230233832231e-07
A,K,0.25|wd0.0,boundary K20 E5 f1 iid fedavg,post_cross,cli_key_n,73,42.0,42.0,42.0
A,K,0.25|wd0.0,boundary K20 E5 f1 iid fedavg,post_cross,cli_dev_key_share,73,0.8752027897449914,0.8742724693367886,0.8763223839202433
A,K,0.25|wd0.0,boundary K20 E5 f1 iid fedavg,post_cross,cli_dev_key_share_uniform,73,0.875,0.875,0.875
A,K,0.25|wd0.0,boundary K20 E5 f1 iid fedavg,post_cross,cli_dev_key_over_uniform,73,1.0001142424880023,0.9991420278645958,1.000922270694101
A,K,0.25|wd0.0,boundary K20 E5 f1 iid fedavg,post_cross,cli_key_agreement,73,7.128198265542304e-28,1.5859208276591116e-28,1.918660873466066e-27
A,K,0.25|wd0.0,boundary K20 E5 f1 iid fedavg,post_cross,cli_neuron_freq_agree,73,1.0,1.0,1.0
A,K,0.25|wd0.0,boundary K50 E5 f1 iid fedavg,delay_or_stalled,cli_n,44,50.0,50.0,50.0
A,K,0.25|wd0.0,boundary K50 E5 f1 iid fedavg,delay_or_stalled,cli_agg_gap,44,5.350732320319963e-06,4.71710887473202e-06,7.338637006782626e-06
A,K,0.25|wd0.0,boundary K50 E5 f1 iid fedavg,delay_or_stalled,cli_rel_spread,44,0.009003225728127411,0.00803289397907897,0.012253431316267563
A,K,0.25|wd0.0,boundary K50 E5 f1 iid fedavg,delay_or_stalled,cli_cos_global_mean,44,0.999959472391905,0.9999249317305576,0.9999677383969443
A,K,0.25|wd0.0,boundary K50 E5 f1 iid fedavg,delay_or_stalled,cli_cos_global_min,44,0.9999569452940049,0.9999198758250604,0.9999651056938127
A,K,0.25|wd0.0,boundary K50 E5 f1 iid fedavg,delay_or_stalled,cli_dev_pair_cos,44,-0.020402360859793425,-0.02040373574192754,-0.020401320296325683
A,K,0.25|wd0.0,boundary K50 E5 f1 iid fedavg,delay_or_stalled,cli_dev_eff_rank_frac,44,0.9992984234597111,0.9992138384530225,0.9993704423298657
A,K,0.25|wd0.0,boundary K50 E5 f1 iid fedavg,delay_or_stalled,cli_coherence,44,3.4940170021501245e-07,3.4475132689988506e-07,3.5501628448792473e-07
A,K,0.25|wd0.0,boundary K50 E5 f1 iid fedavg,delay_or_stalled,cli_key_n,44,42.5,42.0,43.0
A,K,0.25|wd0.0,boundary K50 E5 f1 iid fedavg,delay_or_stalled,cli_dev_key_share,44,0.8851679773981828,0.8747912783817047,0.8955632968866888
A,K,0.25|wd0.0,boundary K50 E5 f1 iid fedavg,delay_or_stalled,cli_dev_key_share_uniform,44,0.8854166666666667,0.875,0.8958333333333334
A,K,0.25|wd0.0,boundary K50 E5 f1 iid fedavg,delay_or_stalled,cli_dev_key_over_uniform,44,0.999730498437065,0.999397221192382,1.0000908963399326
A,K,0.25|wd0.0,boundary K50 E5 f1 iid fedavg,delay_or_stalled,cli_key_agreement,44,2.7218925115051653e-29,1.4913980936330314e-29,3.4265999506573486e-29
A,K,0.25|wd0.0,boundary K50 E5 f1 iid fedavg,delay_or_stalled,cli_neuron_freq_agree,44,0.9959375,0.9923046875,0.9983203125
A,K,0.25|wd0.0,boundary K50 E5 f1 iid fedavg,post_cross,cli_n,56,50.0,50.0,50.0
A,K,0.25|wd0.0,boundary K50 E5 f1 iid fedavg,post_cross,cli_agg_gap,56,2.7089638654859347e-06,1.9496975120209603e-06,3.728551554814091e-06
A,K,0.25|wd0.0,boundary K50 E5 f1 iid fedavg,post_cross,cli_rel_spread,56,0.004491616867770124,0.0032112112805943475,0.006140515831481201
A,K,0.25|wd0.0,boundary K50 E5 f1 iid fedavg,post_cross,cli_cos_global_mean,56,0.9999899116465278,0.9999811448562529,0.9999948441795639
A,K,0.25|wd0.0,boundary K50 E5 f1 iid fedavg,post_cross,cli_cos_global_min,56,0.9999889163226638,0.9999791595511998,0.9999940087114405
A,K,0.25|wd0.0,boundary K50 E5 f1 iid fedavg,post_cross,cli_dev_pair_cos,56,-0.020395475233820237,-0.020399540972929082,-0.02039001924390673
A,K,0.25|wd0.0,boundary K50 E5 f1 iid fedavg,post_cross,cli_dev_eff_rank_frac,56,0.998851024647391,0.9983898688149071,0.9991023963046218
A,K,0.25|wd0.0,boundary K50 E5 f1 iid fedavg,post_cross,cli_coherence,56,3.6012336639087453e-07,3.5149367098352585e-07,3.6639214845233714e-07
A,K,0.25|wd0.0,boundary K50 E5 f1 iid fedavg,post_cross,cli_key_n,56,42.0,42.0,43.0
A,K,0.25|wd0.0,boundary K50 E5 f1 iid fedavg,post_cross,cli_dev_key_share,56,0.875254795896123,0.8746181627131869,0.8956347549127817
A,K,0.25|wd0.0,boundary K50 E5 f1 iid fedavg,post_cross,cli_dev_key_share_uniform,56,0.875,0.875,0.8958333333333334
A,K,0.25|wd0.0,boundary K50 E5 f1 iid fedavg,post_cross,cli_dev_key_over_uniform,56,0.999773386647864,0.9994855090133743,1.0002697465519172
A,K,0.25|wd0.0,boundary K50 E5 f1 iid fedavg,post_cross,cli_key_agreement,56,1.0679875095395918e-28,5.925465826570324e-29,2.0758893538269373e-28
A,K,0.25|wd0.0,boundary K50 E5 f1 iid fedavg,post_cross,cli_neuron_freq_agree,56,0.99984375,0.9979296875,1.0
A,K,0.25|wd0.0,boundary K97 E5 f1 iid fedavg,delay_or_stalled,cli_n,86,97.0,97.0,97.0
A,K,0.25|wd0.0,boundary K97 E5 f1 iid fedavg,delay_or_stalled,cli_agg_gap,86,1.4793743567545346e-05,1.2755586945307464e-05,1.619451229005416e-05
A,K,0.25|wd0.0,boundary K97 E5 f1 iid fedavg,delay_or_stalled,cli_rel_spread,86,0.008154784448901603,0.0069471026708951234,0.008901682854198747
A,K,0.25|wd0.0,boundary K97 E5 f1 iid fedavg,delay_or_stalled,cli_cos_global_mean,86,0.9999667525799789,0.9999603850687713,0.999975871400619
A,K,0.25|wd0.0,boundary K97 E5 f1 iid fedavg,delay_or_stalled,cli_cos_global_min,86,0.9999590340492693,0.9999526460844592,0.9999715576683847
A,K,0.25|wd0.0,boundary K97 E5 f1 iid fedavg,delay_or_stalled,cli_dev_pair_cos,86,-0.010398253404031468,-0.010399680155474714,-0.010396182875738728
A,K,0.25|wd0.0,boundary K97 E5 f1 iid fedavg,delay_or_stalled,cli_dev_eff_rank_frac,86,0.9978665603979402,0.9977684392236545,0.9979464227830979
A,K,0.25|wd0.0,boundary K97 E5 f1 iid fedavg,delay_or_stalled,cli_coherence,86,3.3146438220210872e-06,3.2684571756978454e-06,3.3530418931350913e-06
A,K,0.25|wd0.0,boundary K97 E5 f1 iid fedavg,delay_or_stalled,cli_key_n,86,43.0,43.0,43.0
A,K,0.25|wd0.0,boundary K97 E5 f1 iid fedavg,delay_or_stalled,cli_dev_key_share,86,0.8958058962675892,0.8955164033771282,0.8960573155071064
A,K,0.25|wd0.0,boundary K97 E5 f1 iid fedavg,delay_or_stalled,cli_dev_key_share_uniform,86,0.8958333333333334,0.8958333333333334,0.8958333333333334
A,K,0.25|wd0.0,boundary K97 E5 f1 iid fedavg,delay_or_stalled,cli_dev_key_over_uniform,86,1.0000112727073516,0.9997284136108693,1.0002762016325961
A,K,0.25|wd0.0,boundary K97 E5 f1 iid fedavg,delay_or_stalled,cli_key_agreement,86,3.233487468267349e-29,2.8167721999936116e-29,4.3790139515224976e-29
A,K,0.25|wd0.0,boundary K97 E5 f1 iid fedavg,delay_or_stalled,cli_neuron_freq_agree,86,0.9975434922680413,0.9945836018041238,0.9993355347938144
A,K,0.25|wd0.0,boundary K97 E5 f1 iid fedavg,post_cross,cli_n,2,97.0,97.0,97.0
A,K,0.25|wd0.0,boundary K97 E5 f1 iid fedavg,post_cross,cli_agg_gap,2,1.0272893196093711e-05,1.0240438250089342e-05,1.030534814209808e-05
A,K,0.25|wd0.0,boundary K97 E5 f1 iid fedavg,post_cross,cli_rel_spread,2,0.005656269822758289,0.005602714175005131,0.0057098254705114475
A,K,0.25|wd0.0,boundary K97 E5 f1 iid fedavg,post_cross,cli_cos_global_mean,2,0.9999839984566106,0.9999836955513279,0.9999843013618931
A,K,0.25|wd0.0,boundary K97 E5 f1 iid fedavg,post_cross,cli_cos_global_min,2,0.9999792210674423,0.9999779542082434,0.9999804879266412
A,K,0.25|wd0.0,boundary K97 E5 f1 iid fedavg,post_cross,cli_dev_pair_cos,2,-0.010397312793801409,-0.0103982439819432,-0.01039638160565962
A,K,0.25|wd0.0,boundary K97 E5 f1 iid fedavg,post_cross,cli_dev_eff_rank_frac,2,0.9972768438939239,0.9972330434102108,0.997320644377637
A,K,0.25|wd0.0,boundary K97 E5 f1 iid fedavg,post_cross,cli_coherence,2,3.3006593169102735e-06,3.259013100190029e-06,3.342305533630518e-06
A,K,0.25|wd0.0,boundary K97 E5 f1 iid fedavg,post_cross,cli_key_n,2,42.5,42.25,42.75
A,K,0.25|wd0.0,boundary K97 E5 f1 iid fedavg,post_cross,cli_dev_key_share,2,0.8851178776182844,0.8799548740034258,0.8902808812331432
A,K,0.25|wd0.0,boundary K97 E5 f1 iid fedavg,post_cross,cli_dev_key_share_uniform,2,0.8854166666666667,0.8802083333333334,0.890625
A,K,0.25|wd0.0,boundary K97 E5 f1 iid fedavg,post_cross,cli_dev_key_over_uniform,2,0.9996637021970027,0.9996144845020374,0.9997129198919682
A,K,0.25|wd0.0,boundary K97 E5 f1 iid fedavg,post_cross,cli_key_agreement,2,6.295096648042641e-29,6.202583913967485e-29,6.387609382117798e-29
A,K,0.25|wd0.0,boundary K97 E5 f1 iid fedavg,post_cross,cli_neuron_freq_agree,2,0.9980670103092784,0.9973421391752577,0.9987918814432989
A,K,0.25|wd0.0,boundary K97 E5 f1 iid fedavg,pre_memo,cli_n,12,97.0,97.0,97.0
A,K,0.25|wd0.0,boundary K97 E5 f1 iid fedavg,pre_memo,cli_agg_gap,12,1.503120574976963e-05,1.4993988602096424e-05,1.551888444194518e-05
A,K,0.25|wd0.0,boundary K97 E5 f1 iid fedavg,pre_memo,cli_rel_spread,12,0.008295073573269147,0.008248147005980328,0.008515563163037695
A,K,0.25|wd0.0,boundary K97 E5 f1 iid fedavg,pre_memo,cli_cos_global_mean,12,0.9999655994849428,0.9999637404409791,0.9999659878654369
A,K,0.25|wd0.0,boundary K97 E5 f1 iid fedavg,pre_memo,cli_cos_global_min,12,0.9999563299824268,0.9999548779636976,0.9999579291163094
A,K,0.25|wd0.0,boundary K97 E5 f1 iid fedavg,pre_memo,cli_dev_pair_cos,12,-0.010395540105093599,-0.010396140943376108,-0.0103953188831068
A,K,0.25|wd0.0,boundary K97 E5 f1 iid fedavg,pre_memo,cli_dev_eff_rank_frac,12,0.9978676549708179,0.9978319750639757,0.9978845398266152
A,K,0.25|wd0.0,boundary K97 E5 f1 iid fedavg,pre_memo,cli_coherence,12,3.302136636163113e-06,3.2767090564605108e-06,3.3174311325974425e-06
A,K,0.25|wd0.0,boundary K97 E5 f1 iid fedavg,pre_memo,cli_key_n,12,43.0,43.0,43.0
A,K,0.25|wd0.0,boundary K97 E5 f1 iid fedavg,pre_memo,cli_dev_key_share,12,0.8962164775001245,0.8960195154629156,0.8964344919016839
A,K,0.25|wd0.0,boundary K97 E5 f1 iid fedavg,pre_memo,cli_dev_key_share_uniform,12,0.8958333333333334,0.8958333333333334,0.8958333333333334
A,K,0.25|wd0.0,boundary K97 E5 f1 iid fedavg,pre_memo,cli_dev_key_over_uniform,12,1.0004276958140923,1.0002078312144174,1.000671060727461
A,K,0.25|wd0.0,boundary K97 E5 f1 iid fedavg,pre_memo,cli_key_agreement,12,3.134980235150849e-29,3.0053489558051625e-29,3.228136903102835e-29
A,K,0.25|wd0.0,boundary K97 E5 f1 iid fedavg,pre_memo,cli_neuron_freq_agree,12,0.9950869845360825,0.9924492590206185,0.9964159149484536
A,K,0.25|wd0.0,boundary K97 E5 f1 operand fedavg,delay_or_stalled,cli_n,63,97.0,97.0,97.0
A,K,0.25|wd0.0,boundary K97 E5 f1 operand fedavg,delay_or_stalled,cli_agg_gap,63,0.00014972716849855053,0.00013406655103655025,0.00016300259079758214
A,K,0.25|wd0.0,boundary K97 E5 f1 operand fedavg,delay_or_stalled,cli_rel_spread,63,0.008197420999662173,0.007435588047391932,0.008948039764568809
A,K,0.25|wd0.0,boundary K97 E5 f1 operand fedavg,delay_or_stalled,cli_cos_global_mean,63,0.9999663913611592,0.9999599553367591,0.999972349094319
A,K,0.25|wd0.0,boundary K97 E5 f1 operand fedavg,delay_or_stalled,cli_cos_global_min,63,0.9999161688308899,0.9998829066197716,0.9999305281605438
A,K,0.25|wd0.0,boundary K97 E5 f1 operand fedavg,delay_or_stalled,cli_dev_pair_cos,63,-0.009925808529560619,-0.009998310263590389,-0.009826370815934696
A,K,0.25|wd0.0,boundary K97 E5 f1 operand fedavg,delay_or_stalled,cli_dev_eff_rank_frac,63,0.9796562611719116,0.976396909603523,0.9825785364053436
A,K,0.25|wd0.0,boundary K97 E5 f1 operand fedavg,delay_or_stalled,cli_coherence,63,0.00035478886482367755,0.0002988704961229017,0.00037583162864190587
A,K,0.25|wd0.0,boundary K97 E5 f1 operand fedavg,delay_or_stalled,cli_key_n,63,42.0,42.0,43.0
A,K,0.25|wd0.0,boundary K97 E5 f1 operand fedavg,delay_or_stalled,cli_dev_key_share,63,0.8746868753523696,0.8745456169908645,0.8956962234903733
A,K,0.25|wd0.0,boundary K97 E5 f1 operand fedavg,delay_or_stalled,cli_dev_key_share_uniform,63,0.875,0.875,0.8958333333333334
A,K,0.25|wd0.0,boundary K97 E5 f1 operand fedavg,delay_or_stalled,cli_dev_key_over_uniform,63,0.9996140100115128,0.9994844060453687,0.9998469471520445
A,K,0.25|wd0.0,boundary K97 E5 f1 operand fedavg,delay_or_stalled,cli_key_agreement,63,3.3367726277737975e-29,2.831924632077568e-29,4.054345129183661e-29
A,K,0.25|wd0.0,boundary K97 E5 f1 operand fedavg,delay_or_stalled,cli_neuron_freq_agree,63,0.9987113402061856,0.997704574742268,0.9997583762886598
A,K,0.25|wd0.0,boundary K97 E5 f1 operand fedavg,post_cross,cli_n,30,97.0,97.0,97.0
A,K,0.25|wd0.0,boundary K97 E5 f1 operand fedavg,post_cross,cli_agg_gap,30,0.00018065187269300715,0.00016139762650300586,0.0001952998574588459
A,K,0.25|wd0.0,boundary K97 E5 f1 operand fedavg,post_cross,cli_rel_spread,30,0.00921982543643581,0.008403303806516734,0.009664200639685004
A,K,0.25|wd0.0,boundary K97 E5 f1 operand fedavg,post_cross,cli_cos_global_mean,30,0.9999574861029256,0.999953286375493,0.9999646747409872
A,K,0.25|wd0.0,boundary K97 E5 f1 operand fedavg,post_cross,cli_cos_global_min,30,0.9998423844244585,0.9997841746727579,0.9998728129573092
A,K,0.25|wd0.0,boundary K97 E5 f1 operand fedavg,post_cross,cli_dev_pair_cos,30,-0.00959134767600545,-0.009712306863687646,-0.009380404024932298
A,K,0.25|wd0.0,boundary K97 E5 f1 operand fedavg,post_cross,cli_dev_eff_rank_frac,30,0.9689665155095855,0.9623098891076352,0.9727086629638789
A,K,0.25|wd0.0,boundary K97 E5 f1 operand fedavg,post_cross,cli_coherence,30,0.00039204119001551475,0.0003093583310532135,0.000428443305406841
A,K,0.25|wd0.0,boundary K97 E5 f1 operand fedavg,post_cross,cli_key_n,30,41.0,41.0,42.0
A,K,0.25|wd0.0,boundary K97 E5 f1 operand fedavg,post_cross,cli_dev_key_share,30,0.8537694798714213,0.8536586425476252,0.8744906358430914
A,K,0.25|wd0.0,boundary K97 E5 f1 operand fedavg,post_cross,cli_dev_key_share_uniform,30,0.8541666666666666,0.8541666666666666,0.875
A,K,0.25|wd0.0,boundary K97 E5 f1 operand fedavg,post_cross,cli_dev_key_over_uniform,30,0.9994499473417655,0.9993973136596179,0.9995548263196842
A,K,0.25|wd0.0,boundary K97 E5 f1 operand fedavg,post_cross,cli_key_agreement,30,2.668648872793029e-29,2.3949136612879322e-29,3.2309658638163757e-29
A,K,0.25|wd0.0,boundary K97 E5 f1 operand fedavg,post_cross,cli_neuron_freq_agree,30,0.9997986469072164,0.9990335051546392,0.9999798646907216
A,K,0.25|wd0.0,boundary K97 E5 f1 operand fedavg,pre_memo,cli_n,7,97.0,97.0,97.0
A,K,0.25|wd0.0,boundary K97 E5 f1 operand fedavg,pre_memo,cli_agg_gap,7,0.00010788323178805951,9.656604489130714e-05,0.00011332131996854316
A,K,0.25|wd0.0,boundary K97 E5 f1 operand fedavg,pre_memo,cli_rel_spread,7,0.006764141319442683,0.006008120912218852,0.006982892354407825
A,K,0.25|wd0.0,boundary K97 E5 f1 operand fedavg,pre_memo,cli_cos_global_mean,7,0.9999771177730683,0.9999756162846496,0.9999819445381488
A,K,0.25|wd0.0,boundary K97 E5 f1 operand fedavg,pre_memo,cli_cos_global_min,7,0.9999534168488668,0.9999357549453842,0.9999615140649107
A,K,0.25|wd0.0,boundary K97 E5 f1 operand fedavg,pre_memo,cli_dev_pair_cos,7,-0.010065889130227068,-0.010100005014726073,-0.009969382485721547
A,K,0.25|wd0.0,boundary K97 E5 f1 operand fedavg,pre_memo,cli_dev_eff_rank_frac,7,0.985050507708589,0.9813905084039398,0.9860991723792721
A,K,0.25|wd0.0,boundary K97 E5 f1 operand fedavg,pre_memo,cli_coherence,7,0.0002890128069722254,0.00024305970353773198,0.00029542573413526385
A,K,0.25|wd0.0,boundary K97 E5 f1 operand fedavg,pre_memo,cli_key_n,7,43.0,43.0,43.0
A,K,0.25|wd0.0,boundary K97 E5 f1 operand fedavg,pre_memo,cli_dev_key_share,7,0.8957561686312353,0.8957343290396045,0.8957941775572142
A,K,0.25|wd0.0,boundary K97 E5 f1 operand fedavg,pre_memo,cli_dev_key_share_uniform,7,0.8958333333333334,0.8958333333333334,0.8958333333333334
A,K,0.25|wd0.0,boundary K97 E5 f1 operand fedavg,pre_memo,cli_dev_key_over_uniform,7,0.9999138626581231,0.9998894835790932,0.9999562912266577
A,K,0.25|wd0.0,boundary K97 E5 f1 operand fedavg,pre_memo,cli_key_agreement,7,4.8284354917780563e-29,4.624636850328327e-29,6.119267223268405e-29
A,K,0.25|wd0.0,boundary K97 E5 f1 operand fedavg,pre_memo,cli_neuron_freq_agree,7,0.9961340206185567,0.9954896907216495,0.9976643041237113
A,dirichlet,0.25|wd0.0,dirichlet_band K20 E5 f1 dirichlet0.01 fedavg,delay_or_stalled,cli_n,22,20.0,20.0,20.0
A,dirichlet,0.25|wd0.0,dirichlet_band K20 E5 f1 dirichlet0.01 fedavg,delay_or_stalled,cli_agg_gap,22,0.0005140617663423545,0.00044982384221783054,0.0005673292569754013
A,dirichlet,0.25|wd0.0,dirichlet_band K20 E5 f1 dirichlet0.01 fedavg,delay_or_stalled,cli_rel_spread,22,0.005589935414440301,0.00547367551719292,0.005921944520644949
A,dirichlet,0.25|wd0.0,dirichlet_band K20 E5 f1 dirichlet0.01 fedavg,delay_or_stalled,cli_cos_global_mean,22,0.9999842793286372,0.9999823368371401,0.9999849299154621
A,dirichlet,0.25|wd0.0,dirichlet_band K20 E5 f1 dirichlet0.01 fedavg,delay_or_stalled,cli_cos_global_min,22,0.9999615197182743,0.9999540434143424,0.9999698790575131
A,dirichlet,0.25|wd0.0,dirichlet_band K20 E5 f1 dirichlet0.01 fedavg,delay_or_stalled,cli_dev_pair_cos,22,-0.05123705015229081,-0.05128372701308349,-0.049771517187311376
A,dirichlet,0.25|wd0.0,dirichlet_band K20 E5 f1 dirichlet0.01 fedavg,delay_or_stalled,cli_dev_eff_rank_frac,22,0.9874467774904697,0.9773920978440099,0.9876734506200137
A,dirichlet,0.25|wd0.0,dirichlet_band K20 E5 f1 dirichlet0.01 fedavg,delay_or_stalled,cli_coherence,22,0.006664722504934479,0.0065998813013683115,0.01038141482801843
A,dirichlet,0.25|wd0.0,dirichlet_band K20 E5 f1 dirichlet0.01 fedavg,delay_or_stalled,cli_key_n,22,42.0,42.0,43.0
A,dirichlet,0.25|wd0.0,dirichlet_band K20 E5 f1 dirichlet0.01 fedavg,delay_or_stalled,cli_dev_key_share,22,0.8768871241037426,0.8759275818685425,0.8966386577062795
A,dirichlet,0.25|wd0.0,dirichlet_band K20 E5 f1 dirichlet0.01 fedavg,delay_or_stalled,cli_dev_key_share_uniform,22,0.875,0.875,0.8958333333333334
A,dirichlet,0.25|wd0.0,dirichlet_band K20 E5 f1 dirichlet0.01 fedavg,delay_or_stalled,cli_dev_key_over_uniform,22,1.001313546990494,1.0008845081830775,1.0017587641402868
A,dirichlet,0.25|wd0.0,dirichlet_band K20 E5 f1 dirichlet0.01 fedavg,delay_or_stalled,cli_key_agreement,22,6.834926464111039e-29,6.151632487196397e-29,7.174257949209768e-29
A,dirichlet,0.25|wd0.0,dirichlet_band K20 E5 f1 dirichlet0.01 fedavg,delay_or_stalled,cli_neuron_freq_agree,22,0.996875,0.9951171875,0.998046875
A,dirichlet,0.25|wd0.0,dirichlet_band K20 E5 f1 dirichlet0.01 fedavg,post_cross,cli_n,18,20.0,20.0,20.0
A,dirichlet,0.25|wd0.0,dirichlet_band K20 E5 f1 dirichlet0.01 fedavg,post_cross,cli_agg_gap,18,0.00043395097803740183,0.00036407870955804735,0.00045929427785157347
A,dirichlet,0.25|wd0.0,dirichlet_band K20 E5 f1 dirichlet0.01 fedavg,post_cross,cli_rel_spread,18,0.00487432630675283,0.003624151784257063,0.005293096708942083
A,dirichlet,0.25|wd0.0,dirichlet_band K20 E5 f1 dirichlet0.01 fedavg,post_cross,cli_cos_global_mean,18,0.9999879952706755,0.9999858969656015,0.9999933578202549
A,dirichlet,0.25|wd0.0,dirichlet_band K20 E5 f1 dirichlet0.01 fedavg,post_cross,cli_cos_global_min,18,0.9999743720315813,0.9999694331871731,0.9999823452277667
A,dirichlet,0.25|wd0.0,dirichlet_band K20 E5 f1 dirichlet0.01 fedavg,post_cross,cli_dev_pair_cos,18,-0.050559558035233855,-0.0512405826176758,-0.05022082306875719
A,dirichlet,0.25|wd0.0,dirichlet_band K20 E5 f1 dirichlet0.01 fedavg,post_cross,cli_dev_eff_rank_frac,18,0.9822348346512426,0.9803317190891326,0.987605864913748
A,dirichlet,0.25|wd0.0,dirichlet_band K20 E5 f1 dirichlet0.01 fedavg,post_cross,cli_coherence,18,0.009532897956597359,0.00675034715724024,0.009992544767740174
A,dirichlet,0.25|wd0.0,dirichlet_band K20 E5 f1 dirichlet0.01 fedavg,post_cross,cli_key_n,18,41.0,41.0,42.0
A,dirichlet,0.25|wd0.0,dirichlet_band K20 E5 f1 dirichlet0.01 fedavg,post_cross,cli_dev_key_share,18,0.8560314963645953,0.855623144805287,0.873110691020895
A,dirichlet,0.25|wd0.0,dirichlet_band K20 E5 f1 dirichlet0.01 fedavg,post_cross,cli_dev_key_share_uniform,18,0.8541666666666666,0.8541666666666666,0.875
A,dirichlet,0.25|wd0.0,dirichlet_band K20 E5 f1 dirichlet0.01 fedavg,post_cross,cli_dev_key_over_uniform,18,1.0014883901049225,0.9994069225783294,1.001825998423084
A,dirichlet,0.25|wd0.0,dirichlet_band K20 E5 f1 dirichlet0.01 fedavg,post_cross,cli_key_agreement,18,9.204324889769791e-29,7.751979014487602e-29,1.6861476439912224e-28
A,dirichlet,0.25|wd0.0,dirichlet_band K20 E5 f1 dirichlet0.01 fedavg,post_cross,cli_neuron_freq_agree,18,1.0,0.9970703125,1.0
A,dirichlet,0.25|wd0.0,dirichlet_band K20 E5 f1 dirichlet0.1 fedavg,delay_or_stalled,cli_n,19,20.0,20.0,20.0
A,dirichlet,0.25|wd0.0,dirichlet_band K20 E5 f1 dirichlet0.1 fedavg,delay_or_stalled,cli_agg_gap,19,0.00041477606156971276,0.00035444332071217814,0.0004905046771408599
A,dirichlet,0.25|wd0.0,dirichlet_band K20 E5 f1 dirichlet0.1 fedavg,delay_or_stalled,cli_rel_spread,19,0.007233033398002963,0.006142096697721635,0.008616566819674844
A,dirichlet,0.25|wd0.0,dirichlet_band K20 E5 f1 dirichlet0.1 fedavg,delay_or_stalled,cli_cos_global_mean,19,0.9999737372398707,0.9999627698696418,0.9999810825454005
A,dirichlet,0.25|wd0.0,dirichlet_band K20 E5 f1 dirichlet0.1 fedavg,delay_or_stalled,cli_cos_global_min,19,0.9999596635651042,0.9999463963702718,0.9999724731764803
A,dirichlet,0.25|wd0.0,dirichlet_band K20 E5 f1 dirichlet0.1 fedavg,delay_or_stalled,cli_dev_pair_cos,19,-0.05193706981256886,-0.0520939601803127,-0.051753867033372716
A,dirichlet,0.25|wd0.0,dirichlet_band K20 E5 f1 dirichlet0.1 fedavg,delay_or_stalled,cli_dev_eff_rank_frac,19,0.9933356160740632,0.9919266856454798,0.9947822948107357
A,dirichlet,0.25|wd0.0,dirichlet_band K20 E5 f1 dirichlet0.1 fedavg,delay_or_stalled,cli_coherence,19,0.003117714499863166,0.0027827290192864035,0.00399914296839024
A,dirichlet,0.25|wd0.0,dirichlet_band K20 E5 f1 dirichlet0.1 fedavg,delay_or_stalled,cli_key_n,19,43.0,42.0,43.0
A,dirichlet,0.25|wd0.0,dirichlet_band K20 E5 f1 dirichlet0.1 fedavg,delay_or_stalled,cli_dev_key_share,19,0.8954791857997306,0.8746872118879759,0.8962302388632113
A,dirichlet,0.25|wd0.0,dirichlet_band K20 E5 f1 dirichlet0.1 fedavg,delay_or_stalled,cli_dev_key_share_uniform,19,0.8958333333333334,0.875,0.8958333333333334
A,dirichlet,0.25|wd0.0,dirichlet_band K20 E5 f1 dirichlet0.1 fedavg,delay_or_stalled,cli_dev_key_over_uniform,19,0.9997240603737919,0.9993033583638347,1.0004430573356777
A,dirichlet,0.25|wd0.0,dirichlet_band K20 E5 f1 dirichlet0.1 fedavg,delay_or_stalled,cli_key_agreement,19,4.1352435359641656e-29,2.918725293116131e-29,5.762445449316498e-29
A,dirichlet,0.25|wd0.0,dirichlet_band K20 E5 f1 dirichlet0.1 fedavg,delay_or_stalled,cli_neuron_freq_agree,19,0.9984375,0.9955078125000001,0.9994140625
A,dirichlet,0.25|wd0.0,dirichlet_band K20 E5 f1 dirichlet0.1 fedavg,post_cross,cli_n,41,20.0,20.0,20.0
A,dirichlet,0.25|wd0.0,dirichlet_band K20 E5 f1 dirichlet0.1 fedavg,post_cross,cli_agg_gap,41,0.00011883899627599585,7.684104111937985e-05,0.00019236403450706113
A,dirichlet,0.25|wd0.0,dirichlet_band K20 E5 f1 dirichlet0.1 fedavg,post_cross,cli_rel_spread,41,0.0021291752047364145,0.0013341795843068288,0.0033188232730300207
A,dirichlet,0.25|wd0.0,dirichlet_band K20 E5 f1 dirichlet0.1 fedavg,post_cross,cli_cos_global_mean,41,0.9999977263521653,0.9999944782434833,0.9999991065103995
A,dirichlet,0.25|wd0.0,dirichlet_band K20 E5 f1 dirichlet0.1 fedavg,post_cross,cli_cos_global_min,41,0.99999683611983,0.9999916433932212,0.999998490383849
A,dirichlet,0.25|wd0.0,dirichlet_band K20 E5 f1 dirichlet0.1 fedavg,post_cross,cli_dev_pair_cos,41,-0.05198751530036127,-0.052040148747295754,-0.05182813690214899
A,dirichlet,0.25|wd0.0,dirichlet_band K20 E5 f1 dirichlet0.1 fedavg,post_cross,cli_dev_eff_rank_frac,41,0.9935757233174421,0.9924786573324957,0.9941510224647798
A,dirichlet,0.25|wd0.0,dirichlet_band K20 E5 f1 dirichlet0.1 fedavg,post_cross,cli_coherence,41,0.0031358031339353792,0.0027657990466623157,0.003943566204587123
A,dirichlet,0.25|wd0.0,dirichlet_band K20 E5 f1 dirichlet0.1 fedavg,post_cross,cli_key_n,41,43.0,42.0,43.0
A,dirichlet,0.25|wd0.0,dirichlet_band K20 E5 f1 dirichlet0.1 fedavg,post_cross,cli_dev_key_share,41,0.894375827970914,0.8765893600052966,0.8964229031248715
A,dirichlet,0.25|wd0.0,dirichlet_band K20 E5 f1 dirichlet0.1 fedavg,post_cross,cli_dev_key_share_uniform,41,0.8958333333333334,0.875,0.8958333333333334
A,dirichlet,0.25|wd0.0,dirichlet_band K20 E5 f1 dirichlet0.1 fedavg,post_cross,cli_dev_key_over_uniform,41,1.0002068410759357,0.9989560741295971,1.0013955792486584
A,dirichlet,0.25|wd0.0,dirichlet_band K20 E5 f1 dirichlet0.1 fedavg,post_cross,cli_key_agreement,41,5.007563014354469e-28,2.0193893327195877e-28,1.2772902454172728e-27
A,dirichlet,0.25|wd0.0,dirichlet_band K20 E5 f1 dirichlet0.1 fedavg,post_cross,cli_neuron_freq_agree,41,1.0,1.0,1.0
A,dirichlet,0.25|wd0.0,dirichlet_band K20 E5 f1 dirichlet1 fedavg,delay_or_stalled,cli_n,16,20.0,20.0,20.0
A,dirichlet,0.25|wd0.0,dirichlet_band K20 E5 f1 dirichlet1 fedavg,delay_or_stalled,cli_agg_gap,16,0.0004028220589161155,0.00036326550387390553,0.00046651609108761666
A,dirichlet,0.25|wd0.0,dirichlet_band K20 E5 f1 dirichlet1 fedavg,delay_or_stalled,cli_rel_spread,16,0.009383418954557212,0.008562967401462205,0.010005319120262233
A,dirichlet,0.25|wd0.0,dirichlet_band K20 E5 f1 dirichlet1 fedavg,delay_or_stalled,cli_cos_global_mean,16,0.9999558746352691,0.9999498529155273,0.9999632390357357
A,dirichlet,0.25|wd0.0,dirichlet_band K20 E5 f1 dirichlet1 fedavg,delay_or_stalled,cli_cos_global_min,16,0.9999218995961349,0.999908415590071,0.9999350381661151
A,dirichlet,0.25|wd0.0,dirichlet_band K20 E5 f1 dirichlet1 fedavg,delay_or_stalled,cli_dev_pair_cos,16,-0.052126735178090404,-0.052313649980979274,-0.05194297435775369
A,dirichlet,0.25|wd0.0,dirichlet_band K20 E5 f1 dirichlet1 fedavg,delay_or_stalled,cli_dev_eff_rank_frac,16,0.9952837587613212,0.9940754862751918,0.9969213953418692
A,dirichlet,0.25|wd0.0,dirichlet_band K20 E5 f1 dirichlet1 fedavg,delay_or_stalled,cli_coherence,16,0.002098204321406258,0.001442925498797104,0.0025877242462175793
A,dirichlet,0.25|wd0.0,dirichlet_band K20 E5 f1 dirichlet1 fedavg,delay_or_stalled,cli_key_n,16,43.0,42.75,43.0
A,dirichlet,0.25|wd0.0,dirichlet_band K20 E5 f1 dirichlet1 fedavg,delay_or_stalled,cli_dev_key_share,16,0.8956675153457607,0.8904878118722288,0.8960848313247809
A,dirichlet,0.25|wd0.0,dirichlet_band K20 E5 f1 dirichlet1 fedavg,delay_or_stalled,cli_dev_key_share_uniform,16,0.8958333333333334,0.890625,0.8958333333333334
A,dirichlet,0.25|wd0.0,dirichlet_band K20 E5 f1 dirichlet1 fedavg,delay_or_stalled,cli_dev_key_over_uniform,16,1.0001314060588586,0.9998289958189659,1.000516639157157
A,dirichlet,0.25|wd0.0,dirichlet_band K20 E5 f1 dirichlet1 fedavg,delay_or_stalled,cli_key_agreement,16,2.4836470322538922e-29,2.1541514222089722e-29,2.9474863393166837e-29
A,dirichlet,0.25|wd0.0,dirichlet_band K20 E5 f1 dirichlet1 fedavg,delay_or_stalled,cli_neuron_freq_agree,16,0.9962890625,0.99365234375,0.99892578125
A,dirichlet,0.25|wd0.0,dirichlet_band K20 E5 f1 dirichlet1 fedavg,post_cross,cli_n,44,20.0,20.0,20.0
A,dirichlet,0.25|wd0.0,dirichlet_band K20 E5 f1 dirichlet1 fedavg,post_cross,cli_agg_gap,44,7.801603824154047e-05,4.886801660025025e-05,0.00014471407000173116
A,dirichlet,0.25|wd0.0,dirichlet_band K20 E5 f1 dirichlet1 fedavg,post_cross,cli_rel_spread,44,0.0017451981033975812,0.0011126348383105038,0.0034271556608821857
A,dirichlet,0.25|wd0.0,dirichlet_band K20 E5 f1 dirichlet1 fedavg,post_cross,cli_cos_global_mean,44,0.999998470530673,0.9999941101755166,0.9999993796904554
A,dirichlet,0.25|wd0.0,dirichlet_band K20 E5 f1 dirichlet1 fedavg,post_cross,cli_cos_global_min,44,0.9999974034665742,0.9999897559779842,0.9999989305083421
A,dirichlet,0.25|wd0.0,dirichlet_band K20 E5 f1 dirichlet1 fedavg,post_cross,cli_dev_pair_cos,44,-0.05215701137775002,-0.05225172943013143,-0.05202588272050031
A,dirichlet,0.25|wd0.0,dirichlet_band K20 E5 f1 dirichlet1 fedavg,post_cross,cli_dev_eff_rank_frac,44,0.9948105298032612,0.994328442613089,0.9959971835399151
A,dirichlet,0.25|wd0.0,dirichlet_band K20 E5 f1 dirichlet1 fedavg,post_cross,cli_coherence,44,0.0020356432348041954,0.0014288551457885,0.0022518256804746712
A,dirichlet,0.25|wd0.0,dirichlet_band K20 E5 f1 dirichlet1 fedavg,post_cross,cli_key_n,44,42.0,42.0,42.0
A,dirichlet,0.25|wd0.0,dirichlet_band K20 E5 f1 dirichlet1 fedavg,post_cross,cli_dev_key_share,44,0.8748416704245203,0.87415911777412,0.8755919477481546
A,dirichlet,0.25|wd0.0,dirichlet_band K20 E5 f1 dirichlet1 fedavg,post_cross,cli_dev_key_share_uniform,44,0.875,0.875,0.875
A,dirichlet,0.25|wd0.0,dirichlet_band K20 E5 f1 dirichlet1 fedavg,post_cross,cli_dev_key_over_uniform,44,0.9995207247243911,0.9990389917418515,1.0004678394793844
A,dirichlet,0.25|wd0.0,dirichlet_band K20 E5 f1 dirichlet1 fedavg,post_cross,cli_key_agreement,44,7.203521169306818e-28,1.7949286767225844e-28,1.7568342801561338e-27
A,dirichlet,0.25|wd0.0,dirichlet_band K20 E5 f1 dirichlet1 fedavg,post_cross,cli_neuron_freq_agree,44,1.0,0.99990234375,1.0
A,dirichlet,0.25|wd0.0,dirichlet_band K20 E5 f1 dirichlet10 fedavg,delay_or_stalled,cli_n,16,20.0,20.0,20.0
A,dirichlet,0.25|wd0.0,dirichlet_band K20 E5 f1 dirichlet10 fedavg,delay_or_stalled,cli_agg_gap,16,0.00035206070877372977,0.0003152148991641212,0.00040574094311478356
A,dirichlet,0.25|wd0.0,dirichlet_band K20 E5 f1 dirichlet10 fedavg,delay_or_stalled,cli_rel_spread,16,0.009542665413073668,0.00871868907700796,0.010179046081023378
A,dirichlet,0.25|wd0.0,dirichlet_band K20 E5 f1 dirichlet10 fedavg,delay_or_stalled,cli_cos_global_mean,16,0.9999544103972775,0.9999481105686444,0.9999619317742068
A,dirichlet,0.25|wd0.0,dirichlet_band K20 E5 f1 dirichlet10 fedavg,delay_or_stalled,cli_cos_global_min,16,0.9999211400823257,0.9999089955174517,0.9999352661279375
A,dirichlet,0.25|wd0.0,dirichlet_band K20 E5 f1 dirichlet10 fedavg,delay_or_stalled,cli_dev_pair_cos,16,-0.052224171851474786,-0.052374970936650014,-0.05219167637569948
A,dirichlet,0.25|wd0.0,dirichlet_band K20 E5 f1 dirichlet10 fedavg,delay_or_stalled,cli_dev_eff_rank_frac,16,0.9962507916840894,0.9960200052082071,0.9975259982849112
A,dirichlet,0.25|wd0.0,dirichlet_band K20 E5 f1 dirichlet10 fedavg,delay_or_stalled,cli_coherence,16,0.0016439980314623894,0.0010004747866146592,0.0017017896204069394
A,dirichlet,0.25|wd0.0,dirichlet_band K20 E5 f1 dirichlet10 fedavg,delay_or_stalled,cli_key_n,16,43.0,42.75,43.0
A,dirichlet,0.25|wd0.0,dirichlet_band K20 E5 f1 dirichlet10 fedavg,delay_or_stalled,cli_dev_key_share,16,0.896009266825579,0.8907579582602934,0.8964452460723589
A,dirichlet,0.25|wd0.0,dirichlet_band K20 E5 f1 dirichlet10 fedavg,delay_or_stalled,cli_dev_key_share_uniform,16,0.8958333333333334,0.890625,0.8958333333333334
A,dirichlet,0.25|wd0.0,dirichlet_band K20 E5 f1 dirichlet10 fedavg,delay_or_stalled,cli_dev_key_over_uniform,16,1.0003851434055393,0.9999070885170035,1.0008175947797755
A,dirichlet,0.25|wd0.0,dirichlet_band K20 E5 f1 dirichlet10 fedavg,delay_or_stalled,cli_key_agreement,16,2.360562991580009e-29,2.0997981434529347e-29,2.807379478648332e-29
A,dirichlet,0.25|wd0.0,dirichlet_band K20 E5 f1 dirichlet10 fedavg,delay_or_stalled,cli_neuron_freq_agree,16,0.9966796874999999,0.9953125,0.9984375
A,dirichlet,0.25|wd0.0,dirichlet_band K20 E5 f1 dirichlet10 fedavg,post_cross,cli_n,44,20.0,20.0,20.0
A,dirichlet,0.25|wd0.0,dirichlet_band K20 E5 f1 dirichlet10 fedavg,post_cross,cli_agg_gap,44,6.126750047692461e-05,4.0399046841264277e-05,0.00012525760171388248
A,dirichlet,0.25|wd0.0,dirichlet_band K20 E5 f1 dirichlet10 fedavg,post_cross,cli_rel_spread,44,0.0016746262374472231,0.0010695350230198984,0.003268084857658031
A,dirichlet,0.25|wd0.0,dirichlet_band K20 E5 f1 dirichlet10 fedavg,post_cross,cli_cos_global_mean,44,0.9999985955707863,0.9999946321396223,0.9999994273983823
A,dirichlet,0.25|wd0.0,dirichlet_band K20 E5 f1 dirichlet10 fedavg,post_cross,cli_cos_global_min,44,0.9999978124435833,0.9999908041627978,0.9999990131430196
A,dirichlet,0.25|wd0.0,dirichlet_band K20 E5 f1 dirichlet10 fedavg,post_cross,cli_dev_pair_cos,44,-0.052331503468667266,-0.05236875577068921,-0.0523007838850572
A,dirichlet,0.25|wd0.0,dirichlet_band K20 E5 f1 dirichlet10 fedavg,post_cross,cli_dev_eff_rank_frac,44,0.99684679016483,0.9964483146175493,0.9972268534581519
A,dirichlet,0.25|wd0.0,dirichlet_band K20 E5 f1 dirichlet10 fedavg,post_cross,cli_coherence,44,0.0015065262591208036,0.0009791728776021816,0.0016222212406598112
A,dirichlet,0.25|wd0.0,dirichlet_band K20 E5 f1 dirichlet10 fedavg,post_cross,cli_key_n,44,42.0,42.0,42.0
A,dirichlet,0.25|wd0.0,dirichlet_band K20 E5 f1 dirichlet10 fedavg,post_cross,cli_dev_key_share,44,0.8745552812253181,0.8738394897857599,0.8758742184418924
A,dirichlet,0.25|wd0.0,dirichlet_band K20 E5 f1 dirichlet10 fedavg,post_cross,cli_dev_key_share_uniform,44,0.875,0.875,0.875
A,dirichlet,0.25|wd0.0,dirichlet_band K20 E5 f1 dirichlet10 fedavg,post_cross,cli_dev_key_over_uniform,44,0.9993945260549063,0.998673702612297,1.0001808147351907
A,dirichlet,0.25|wd0.0,dirichlet_band K20 E5 f1 dirichlet10 fedavg,post_cross,cli_key_agreement,44,7.661815535564929e-28,1.9894623738379052e-28,1.9315373770030022e-27
A,dirichlet,0.25|wd0.0,dirichlet_band K20 E5 f1 dirichlet10 fedavg,post_cross,cli_neuron_freq_agree,44,1.0,1.0,1.0
A,dirichlet,0.25|wd0.0,dirichlet_band K20 E5 f1 dirichlet1000 fedavg,delay_or_stalled,cli_n,16,20.0,20.0,20.0
A,dirichlet,0.25|wd0.0,dirichlet_band K20 E5 f1 dirichlet1000 fedavg,delay_or_stalled,cli_agg_gap,16,0.00028559229588178694,0.00026162324917013743,0.00030389064794452065
A,dirichlet,0.25|wd0.0,dirichlet_band K20 E5 f1 dirichlet1000 fedavg,delay_or_stalled,cli_rel_spread,16,0.00953997552057312,0.008746008304849555,0.010153770439479766
A,dirichlet,0.25|wd0.0,dirichlet_band K20 E5 f1 dirichlet1000 fedavg,delay_or_stalled,cli_cos_global_mean,16,0.9999544564602183,0.9999484086327355,0.9999617029787528
A,dirichlet,0.25|wd0.0,dirichlet_band K20 E5 f1 dirichlet1000 fedavg,delay_or_stalled,cli_cos_global_min,16,0.9999343679019352,0.9999258534225466,0.9999449777836916
A,dirichlet,0.25|wd0.0,dirichlet_band K20 E5 f1 dirichlet1000 fedavg,delay_or_stalled,cli_dev_pair_cos,16,-0.052438374790085826,-0.05245286847901991,-0.052430471056450045
A,dirichlet,0.25|wd0.0,dirichlet_band K20 E5 f1 dirichlet1000 fedavg,delay_or_stalled,cli_dev_eff_rank_frac,16,0.9979830062525169,0.9979079586074378,0.9980958525304731
A,dirichlet,0.25|wd0.0,dirichlet_band K20 E5 f1 dirichlet1000 fedavg,delay_or_stalled,cli_coherence,16,0.0008950091483394067,0.0008817286586270039,0.0008999993433382079
A,dirichlet,0.25|wd0.0,dirichlet_band K20 E5 f1 dirichlet1000 fedavg,delay_or_stalled,cli_key_n,16,43.0,42.75,43.0
A,dirichlet,0.25|wd0.0,dirichlet_band K20 E5 f1 dirichlet1000 fedavg,delay_or_stalled,cli_dev_key_share,16,0.8954883716096287,0.8902281140808479,0.8962702712274884
A,dirichlet,0.25|wd0.0,dirichlet_band K20 E5 f1 dirichlet1000 fedavg,delay_or_stalled,cli_dev_key_share_uniform,16,0.8958333333333334,0.890625,0.8958333333333334
A,dirichlet,0.25|wd0.0,dirichlet_band K20 E5 f1 dirichlet1000 fedavg,delay_or_stalled,cli_dev_key_over_uniform,16,1.000138128126996,0.9995846830506177,1.000795438919992
A,dirichlet,0.25|wd0.0,dirichlet_band K20 E5 f1 dirichlet1000 fedavg,delay_or_stalled,cli_key_agreement,16,2.3537807750078755e-29,2.0878774015878087e-29,2.786166822034193e-29
A,dirichlet,0.25|wd0.0,dirichlet_band K20 E5 f1 dirichlet1000 fedavg,delay_or_stalled,cli_neuron_freq_agree,16,0.9962890625,0.994921875,0.99853515625
A,dirichlet,0.25|wd0.0,dirichlet_band K20 E5 f1 dirichlet1000 fedavg,post_cross,cli_n,44,20.0,20.0,20.0
A,dirichlet,0.25|wd0.0,dirichlet_band K20 E5 f1 dirichlet1000 fedavg,post_cross,cli_agg_gap,44,4.6283215984251226e-05,2.8503623217019882e-05,9.60394778680919e-05
A,dirichlet,0.25|wd0.0,dirichlet_band K20 E5 f1 dirichlet1000 fedavg,post_cross,cli_rel_spread,44,0.0015450970399356694,0.000951822540664096,0.003260464993322268
A,dirichlet,0.25|wd0.0,dirichlet_band K20 E5 f1 dirichlet1000 fedavg,post_cross,cli_cos_global_mean,44,0.9999988035680863,0.9999946717262564,0.9999995462944067
A,dirichlet,0.25|wd0.0,dirichlet_band K20 E5 f1 dirichlet1000 fedavg,post_cross,cli_cos_global_min,44,0.999998341632266,0.9999926295429712,0.9999993511739806
A,dirichlet,0.25|wd0.0,dirichlet_band K20 E5 f1 dirichlet1000 fedavg,post_cross,cli_dev_pair_cos,44,-0.052464558100594,-0.05248362748574903,-0.05243357629911239
A,dirichlet,0.25|wd0.0,dirichlet_band K20 E5 f1 dirichlet1000 fedavg,post_cross,cli_dev_eff_rank_frac,44,0.9980852014192586,0.9975404350005806,0.9982288082852099
A,dirichlet,0.25|wd0.0,dirichlet_band K20 E5 f1 dirichlet1000 fedavg,post_cross,cli_coherence,44,0.0008903181368346304,0.0008778908611494815,0.000896222469066608
A,dirichlet,0.25|wd0.0,dirichlet_band K20 E5 f1 dirichlet1000 fedavg,post_cross,cli_key_n,44,42.0,42.0,42.0
A,dirichlet,0.25|wd0.0,dirichlet_band K20 E5 f1 dirichlet1000 fedavg,post_cross,cli_dev_key_share,44,0.874857680058462,0.8740119632719946,0.8759154118268949
A,dirichlet,0.25|wd0.0,dirichlet_band K20 E5 f1 dirichlet1000 fedavg,post_cross,cli_dev_key_share_uniform,44,0.875,0.875,0.875
A,dirichlet,0.25|wd0.0,dirichlet_band K20 E5 f1 dirichlet1000 fedavg,post_cross,cli_dev_key_over_uniform,44,0.9996430342589092,0.998796256791324,1.0002558687057022
A,dirichlet,0.25|wd0.0,dirichlet_band K20 E5 f1 dirichlet1000 fedavg,post_cross,cli_key_agreement,44,9.228911377299667e-28,1.9863206053137587e-28,2.3632425063459765e-27
A,dirichlet,0.25|wd0.0,dirichlet_band K20 E5 f1 dirichlet1000 fedavg,post_cross,cli_neuron_freq_agree,44,1.0,1.0,1.0
A,dirichlet,0.25|wd0.0,dirichlet_band K50 E5 f1 dirichlet0.01 fedavg,delay_or_stalled,cli_n,20,50.0,50.0,50.0
A,dirichlet,0.25|wd0.0,dirichlet_band K50 E5 f1 dirichlet0.01 fedavg,delay_or_stalled,cli_agg_gap,20,0.0007534107435327067,0.000700110563848852,0.0008017379035487164
A,dirichlet,0.25|wd0.0,dirichlet_band K50 E5 f1 dirichlet0.01 fedavg,delay_or_stalled,cli_rel_spread,20,0.009228215477825452,0.008514455974558254,0.009801237189384181
A,dirichlet,0.25|wd0.0,dirichlet_band K50 E5 f1 dirichlet0.01 fedavg,delay_or_stalled,cli_cos_global_mean,20,0.9999571974283525,0.9999516986232478,0.9999635570803967
A,dirichlet,0.25|wd0.0,dirichlet_band K50 E5 f1 dirichlet0.01 fedavg,delay_or_stalled,cli_cos_global_min,20,0.9998969487171896,0.9998858666262898,0.999922626855887
A,dirichlet,0.25|wd0.0,dirichlet_band K50 E5 f1 dirichlet0.01 fedavg,delay_or_stalled,cli_dev_pair_cos,20,-0.019538113312491435,-0.019556891272786897,-0.01951637101321006
A,dirichlet,0.25|wd0.0,dirichlet_band K50 E5 f1 dirichlet0.01 fedavg,delay_or_stalled,cli_dev_eff_rank_frac,20,0.980346840093202,0.9800853831036495,0.9808361550052596
A,dirichlet,0.25|wd0.0,dirichlet_band K50 E5 f1 dirichlet0.01 fedavg,delay_or_stalled,cli_coherence,20,0.006670837218095528,0.006651722792035101,0.006717733124669554
A,dirichlet,0.25|wd0.0,dirichlet_band K50 E5 f1 dirichlet0.01 fedavg,delay_or_stalled,cli_key_n,20,43.0,43.0,43.0
A,dirichlet,0.25|wd0.0,dirichlet_band K50 E5 f1 dirichlet0.01 fedavg,delay_or_stalled,cli_dev_key_share,20,0.8960820312875724,0.8957793786101793,0.8963333829428805
A,dirichlet,0.25|wd0.0,dirichlet_band K50 E5 f1 dirichlet0.01 fedavg,delay_or_stalled,cli_dev_key_share_uniform,20,0.8958333333333334,0.8958333333333334,0.8958333333333334
A,dirichlet,0.25|wd0.0,dirichlet_band K50 E5 f1 dirichlet0.01 fedavg,delay_or_stalled,cli_dev_key_over_uniform,20,1.0003274551257682,1.0001863322477103,1.0006534929532644
A,dirichlet,0.25|wd0.0,dirichlet_band K50 E5 f1 dirichlet0.01 fedavg,delay_or_stalled,cli_key_agreement,20,2.6972383365623634e-29,2.394272630372752e-29,3.0861402438399935e-29
A,dirichlet,0.25|wd0.0,dirichlet_band K50 E5 f1 dirichlet0.01 fedavg,delay_or_stalled,cli_neuron_freq_agree,20,0.995625,0.9921875,0.9967578125
A,dirichlet,0.25|wd0.0,dirichlet_band K50 E5 f1 dirichlet0.1 fedavg,delay_or_stalled,cli_n,30,50.0,50.0,50.0
A,dirichlet,0.25|wd0.0,dirichlet_band K50 E5 f1 dirichlet0.1 fedavg,delay_or_stalled,cli_agg_gap,30,0.0004108461389620346,0.00037932850127294114,0.0004500645382924756
A,dirichlet,0.25|wd0.0,dirichlet_band K50 E5 f1 dirichlet0.1 fedavg,delay_or_stalled,cli_rel_spread,30,0.007994814737260995,0.007811574418570218,0.008641928892597059
A,dirichlet,0.25|wd0.0,dirichlet_band K50 E5 f1 dirichlet0.1 fedavg,delay_or_stalled,cli_cos_global_mean,30,0.9999679684637623,0.999962570033161,0.9999694205955949
A,dirichlet,0.25|wd0.0,dirichlet_band K50 E5 f1 dirichlet0.1 fedavg,delay_or_stalled,cli_cos_global_min,30,0.9999462350791075,0.9999373727587884,0.9999521303104691
A,dirichlet,0.25|wd0.0,dirichlet_band K50 E5 f1 dirichlet0.1 fedavg,delay_or_stalled,cli_dev_pair_cos,30,-0.02003703323774507,-0.020088331729424133,-0.020008020576686453
A,dirichlet,0.25|wd0.0,dirichlet_band K50 E5 f1 dirichlet0.1 fedavg,delay_or_stalled,cli_dev_eff_rank_frac,30,0.9906821351277179,0.9901027054591379,0.991864493858661
A,dirichlet,0.25|wd0.0,dirichlet_band K50 E5 f1 dirichlet0.1 fedavg,delay_or_stalled,cli_coherence,30,0.0026515533209915836,0.002280212148260607,0.0027242943969012596
A,dirichlet,0.25|wd0.0,dirichlet_band K50 E5 f1 dirichlet0.1 fedavg,delay_or_stalled,cli_key_n,30,43.0,43.0,43.0
A,dirichlet,0.25|wd0.0,dirichlet_band K50 E5 f1 dirichlet0.1 fedavg,delay_or_stalled,cli_dev_key_share,30,0.8955864012055974,0.8946671739050497,0.8961155975544077
A,dirichlet,0.25|wd0.0,dirichlet_band K50 E5 f1 dirichlet0.1 fedavg,delay_or_stalled,cli_dev_key_share_uniform,30,0.8958333333333334,0.8958333333333334,0.8958333333333334
A,dirichlet,0.25|wd0.0,dirichlet_band K50 E5 f1 dirichlet0.1 fedavg,delay_or_stalled,cli_dev_key_over_uniform,30,1.0000803908895142,0.9995796818304881,1.000426142823902
A,dirichlet,0.25|wd0.0,dirichlet_band K50 E5 f1 dirichlet0.1 fedavg,delay_or_stalled,cli_key_agreement,30,3.4749365245551594e-29,2.928680921008323e-29,3.649281715207205e-29
A,dirichlet,0.25|wd0.0,dirichlet_band K50 E5 f1 dirichlet0.1 fedavg,delay_or_stalled,cli_neuron_freq_agree,30,0.9960156250000001,0.9939453125,0.99765625
A,dirichlet,0.25|wd0.0,dirichlet_band K50 E5 f1 dirichlet0.1 fedavg,post_cross,cli_n,30,50.0,50.0,50.0
A,dirichlet,0.25|wd0.0,dirichlet_band K50 E5 f1 dirichlet0.1 fedavg,post_cross,cli_agg_gap,30,0.00027763736957938637,0.00021525949471783943,0.0003322321223672357
A,dirichlet,0.25|wd0.0,dirichlet_band K50 E5 f1 dirichlet0.1 fedavg,post_cross,cli_rel_spread,30,0.005502492484881565,0.004335396925942298,0.006566430336554603
A,dirichlet,0.25|wd0.0,dirichlet_band K50 E5 f1 dirichlet0.1 fedavg,post_cross,cli_cos_global_mean,30,0.9999848230231598,0.9999783837169712,0.9999905752572896
A,dirichlet,0.25|wd0.0,dirichlet_band K50 E5 f1 dirichlet0.1 fedavg,post_cross,cli_cos_global_min,30,0.9999762318449411,0.9999660280543665,0.9999835150657571
A,dirichlet,0.25|wd0.0,dirichlet_band K50 E5 f1 dirichlet0.1 fedavg,post_cross,cli_dev_pair_cos,30,-0.020123081995167588,-0.02016369663236831,-0.020067017590732844
A,dirichlet,0.25|wd0.0,dirichlet_band K50 E5 f1 dirichlet0.1 fedavg,post_cross,cli_dev_eff_rank_frac,30,0.9922912484259283,0.9913990721137753,0.9935315877486999
A,dirichlet,0.25|wd0.0,dirichlet_band K50 E5 f1 dirichlet0.1 fedavg,post_cross,cli_coherence,30,0.002701480020986789,0.002232160854765389,0.0027501394095167824
A,dirichlet,0.25|wd0.0,dirichlet_band K50 E5 f1 dirichlet0.1 fedavg,post_cross,cli_key_n,30,43.0,42.0,43.0
A,dirichlet,0.25|wd0.0,dirichlet_band K50 E5 f1 dirichlet0.1 fedavg,post_cross,cli_dev_key_share,30,0.894304755082754,0.875183749984919,0.8958419540721378
A,dirichlet,0.25|wd0.0,dirichlet_band K50 E5 f1 dirichlet0.1 fedavg,post_cross,cli_dev_key_share_uniform,30,0.8958333333333334,0.875,0.8958333333333334
A,dirichlet,0.25|wd0.0,dirichlet_band K50 E5 f1 dirichlet0.1 fedavg,post_cross,cli_dev_key_over_uniform,30,1.0001001065152972,0.9993058980175282,1.0004297200259484
A,dirichlet,0.25|wd0.0,dirichlet_band K50 E5 f1 dirichlet0.1 fedavg,post_cross,cli_key_agreement,30,7.095341421477388e-29,5.099394042023918e-29,1.1603492224198809e-28
A,dirichlet,0.25|wd0.0,dirichlet_band K50 E5 f1 dirichlet0.1 fedavg,post_cross,cli_neuron_freq_agree,30,0.999765625,0.999296875,1.0
A,dirichlet,0.25|wd0.0,dirichlet_band K50 E5 f1 dirichlet1 fedavg,delay_or_stalled,cli_n,24,50.0,50.0,50.0
A,dirichlet,0.25|wd0.0,dirichlet_band K50 E5 f1 dirichlet1 fedavg,delay_or_stalled,cli_agg_gap,24,0.0003614239018445034,0.00030683363139537745,0.00047413502925287815
A,dirichlet,0.25|wd0.0,dirichlet_band K50 E5 f1 dirichlet1 fedavg,delay_or_stalled,cli_rel_spread,24,0.010293347887719947,0.008495414912890884,0.013273454578546173
A,dirichlet,0.25|wd0.0,dirichlet_band K50 E5 f1 dirichlet1 fedavg,delay_or_stalled,cli_cos_global_mean,24,0.9999468413570695,0.9999116995469981,0.9999638638975343
A,dirichlet,0.25|wd0.0,dirichlet_band K50 E5 f1 dirichlet1 fedavg,delay_or_stalled,cli_cos_global_min,24,0.9998919004376468,0.9998091502215105,0.999926009675061
A,dirichlet,0.25|wd0.0,dirichlet_band K50 E5 f1 dirichlet1 fedavg,delay_or_stalled,cli_dev_pair_cos,24,-0.02019059096621044,-0.020210935709332106,-0.02016231493784024
A,dirichlet,0.25|wd0.0,dirichlet_band K50 E5 f1 dirichlet1 fedavg,delay_or_stalled,cli_dev_eff_rank_frac,24,0.9944151163647214,0.9937646025137041,0.9948111396993254
A,dirichlet,0.25|wd0.0,dirichlet_band K50 E5 f1 dirichlet1 fedavg,delay_or_stalled,cli_coherence,24,0.0012739288602047778,0.0011175618837448863,0.0013654839228335724
A,dirichlet,0.25|wd0.0,dirichlet_band K50 E5 f1 dirichlet1 fedavg,delay_or_stalled,cli_key_n,24,43.0,42.75,43.0
A,dirichlet,0.25|wd0.0,dirichlet_band K50 E5 f1 dirichlet1 fedavg,delay_or_stalled,cli_dev_key_share,24,0.8951971373437793,0.8899080435044673,0.8956022303838298
A,dirichlet,0.25|wd0.0,dirichlet_band K50 E5 f1 dirichlet1 fedavg,delay_or_stalled,cli_dev_key_share_uniform,24,0.8958333333333334,0.890625,0.8958333333333334
A,dirichlet,0.25|wd0.0,dirichlet_band K50 E5 f1 dirichlet1 fedavg,delay_or_stalled,cli_dev_key_over_uniform,24,0.999472321002248,0.9991049486600527,1.0000137536754747
A,dirichlet,0.25|wd0.0,dirichlet_band K50 E5 f1 dirichlet1 fedavg,delay_or_stalled,cli_key_agreement,24,2.1018899192401598e-29,1.2966424085524525e-29,3.0925802644217116e-29
A,dirichlet,0.25|wd0.0,dirichlet_band K50 E5 f1 dirichlet1 fedavg,delay_or_stalled,cli_neuron_freq_agree,24,0.996640625,0.993671875,0.998515625
A,dirichlet,0.25|wd0.0,dirichlet_band K50 E5 f1 dirichlet1 fedavg,post_cross,cli_n,36,50.0,50.0,50.0
A,dirichlet,0.25|wd0.0,dirichlet_band K50 E5 f1 dirichlet1 fedavg,post_cross,cli_agg_gap,36,0.0001777955813385846,0.00011997521775869064,0.00022913787268093465
A,dirichlet,0.25|wd0.0,dirichlet_band K50 E5 f1 dirichlet1 fedavg,post_cross,cli_rel_spread,36,0.004562849487617541,0.0032206100673312296,0.006242513228877247
A,dirichlet,0.25|wd0.0,dirichlet_band K50 E5 f1 dirichlet1 fedavg,post_cross,cli_cos_global_mean,36,0.9999895741643647,0.9999804788878011,0.9999948014823274
A,dirichlet,0.25|wd0.0,dirichlet_band K50 E5 f1 dirichlet1 fedavg,post_cross,cli_cos_global_min,36,0.9999691521871983,0.9999522946428163,0.999987092544051
A,dirichlet,0.25|wd0.0,dirichlet_band K50 E5 f1 dirichlet1 fedavg,post_cross,cli_dev_pair_cos,36,-0.020199180688474205,-0.02025811387212635,-0.02003030591527107
A,dirichlet,0.25|wd0.0,dirichlet_band K50 E5 f1 dirichlet1 fedavg,post_cross,cli_dev_eff_rank_frac,36,0.9946329217508876,0.991468719084869,0.9954700454152532
A,dirichlet,0.25|wd0.0,dirichlet_band K50 E5 f1 dirichlet1 fedavg,post_cross,cli_coherence,36,0.0013434108598371843,0.0012113448936401745,0.001577580416411161
A,dirichlet,0.25|wd0.0,dirichlet_band K50 E5 f1 dirichlet1 fedavg,post_cross,cli_key_n,36,43.0,42.0,43.0
A,dirichlet,0.25|wd0.0,dirichlet_band K50 E5 f1 dirichlet1 fedavg,post_cross,cli_dev_key_share,36,0.8955094172396323,0.8768000908590028,0.8962358928292897
A,dirichlet,0.25|wd0.0,dirichlet_band K50 E5 f1 dirichlet1 fedavg,post_cross,cli_dev_key_share_uniform,36,0.8958333333333334,0.875,0.8958333333333334
A,dirichlet,0.25|wd0.0,dirichlet_band K50 E5 f1 dirichlet1 fedavg,post_cross,cli_dev_key_over_uniform,36,1.0000734799792996,0.9993019231694764,1.000531640341551
A,dirichlet,0.25|wd0.0,dirichlet_band K50 E5 f1 dirichlet1 fedavg,post_cross,cli_key_agreement,36,1.065908819964679e-28,5.591407863540937e-29,2.2635203593999013e-28
A,dirichlet,0.25|wd0.0,dirichlet_band K50 E5 f1 dirichlet1 fedavg,post_cross,cli_neuron_freq_agree,36,1.0,0.9988671875,1.0
A,dirichlet,0.25|wd0.0,size_control K20 E5 f1 dirichlet_sizes0.01 fedavg,delay_or_stalled,cli_n,11,20.0,20.0,20.0
A,dirichlet,0.25|wd0.0,size_control K20 E5 f1 dirichlet_sizes0.01 fedavg,delay_or_stalled,cli_agg_gap,11,0.0008878920135820433,0.0007840240881018942,0.001059827620957873
A,dirichlet,0.25|wd0.0,size_control K20 E5 f1 dirichlet_sizes0.01 fedavg,delay_or_stalled,cli_rel_spread,11,0.009986484348362036,0.009010704860900456,0.010755837021793942
A,dirichlet,0.25|wd0.0,size_control K20 E5 f1 dirichlet_sizes0.01 fedavg,delay_or_stalled,cli_cos_global_mean,11,0.9999498126605915,0.9999417664100709,0.9999590021599533
A,dirichlet,0.25|wd0.0,size_control K20 E5 f1 dirichlet_sizes0.01 fedavg,delay_or_stalled,cli_cos_global_min,11,0.9998839631340579,0.999824968527237,0.999913009565836
A,dirichlet,0.25|wd0.0,size_control K20 E5 f1 dirichlet_sizes0.01 fedavg,delay_or_stalled,cli_dev_pair_cos,11,-0.05097024328676358,-0.05108337185248195,-0.04873776702470285
A,dirichlet,0.25|wd0.0,size_control K20 E5 f1 dirichlet_sizes0.01 fedavg,delay_or_stalled,cli_dev_eff_rank_frac,11,0.985076569576551,0.9714072005886732,0.9860210556737521
A,dirichlet,0.25|wd0.0,size_control K20 E5 f1 dirichlet_sizes0.01 fedavg,delay_or_stalled,cli_coherence,11,0.00655515953442709,0.006535622754797316,0.011160615557458292
A,dirichlet,0.25|wd0.0,size_control K20 E5 f1 dirichlet_sizes0.01 fedavg,delay_or_stalled,cli_key_n,11,43.0,42.5,43.0
A,dirichlet,0.25|wd0.0,size_control K20 E5 f1 dirichlet_sizes0.01 fedavg,delay_or_stalled,cli_dev_key_share,11,0.8953153682302722,0.8853725938850803,0.8960323638203717
A,dirichlet,0.25|wd0.0,size_control K20 E5 f1 dirichlet_sizes0.01 fedavg,delay_or_stalled,cli_dev_key_share_uniform,11,0.8958333333333334,0.8854166666666667,0.8958333333333334
A,dirichlet,0.25|wd0.0,size_control K20 E5 f1 dirichlet_sizes0.01 fedavg,delay_or_stalled,cli_dev_key_over_uniform,11,1.0002149695969162,0.9994374511513189,1.0003289542396394
A,dirichlet,0.25|wd0.0,size_control K20 E5 f1 dirichlet_sizes0.01 fedavg,delay_or_stalled,cli_key_agreement,11,2.141076028468771e-29,1.8583203939288797e-29,2.654004846973161e-29
A,dirichlet,0.25|wd0.0,size_control K20 E5 f1 dirichlet_sizes0.01 fedavg,delay_or_stalled,cli_neuron_freq_agree,11,0.99609375,0.994140625,0.99921875
A,dirichlet,0.25|wd0.0,size_control K20 E5 f1 dirichlet_sizes0.01 fedavg,post_cross,cli_n,29,20.0,20.0,20.0
A,dirichlet,0.25|wd0.0,size_control K20 E5 f1 dirichlet_sizes0.01 fedavg,post_cross,cli_agg_gap,29,0.00017958763575208803,0.0001194554434962415,0.00034265474576894846
A,dirichlet,0.25|wd0.0,size_control K20 E5 f1 dirichlet_sizes0.01 fedavg,post_cross,cli_rel_spread,29,0.0020719029760592326,0.001209514379432438,0.003918173893518195
A,dirichlet,0.25|wd0.0,size_control K20 E5 f1 dirichlet_sizes0.01 fedavg,post_cross,cli_cos_global_mean,29,0.9999978303236267,0.9999922421400147,0.9999992635111375
A,dirichlet,0.25|wd0.0,size_control K20 E5 f1 dirichlet_sizes0.01 fedavg,post_cross,cli_cos_global_min,29,0.9999942150229002,0.9999841105294479,0.9999978287322927
A,dirichlet,0.25|wd0.0,size_control K20 E5 f1 dirichlet_sizes0.01 fedavg,post_cross,cli_dev_pair_cos,29,-0.050603396638481055,-0.05122744818470456,-0.049666962570588724
A,dirichlet,0.25|wd0.0,size_control K20 E5 f1 dirichlet_sizes0.01 fedavg,post_cross,cli_dev_eff_rank_frac,29,0.9828814952350146,0.9772816218167938,0.9873305185029224
A,dirichlet,0.25|wd0.0,size_control K20 E5 f1 dirichlet_sizes0.01 fedavg,post_cross,cli_coherence,29,0.009620341724324945,0.006566055545112582,0.010744217138949743
A,dirichlet,0.25|wd0.0,size_control K20 E5 f1 dirichlet_sizes0.01 fedavg,post_cross,cli_key_n,29,42.0,42.0,42.0
A,dirichlet,0.25|wd0.0,size_control K20 E5 f1 dirichlet_sizes0.01 fedavg,post_cross,cli_dev_key_share,29,0.8754425921224577,0.8742533078068006,0.8786057805699682
A,dirichlet,0.25|wd0.0,size_control K20 E5 f1 dirichlet_sizes0.01 fedavg,post_cross,cli_dev_key_share_uniform,29,0.875,0.875,0.875
A,dirichlet,0.25|wd0.0,size_control K20 E5 f1 dirichlet_sizes0.01 fedavg,post_cross,cli_dev_key_over_uniform,29,1.0011038068809162,0.9994710743422675,1.0021419054620666
A,dirichlet,0.25|wd0.0,size_control K20 E5 f1 dirichlet_sizes0.01 fedavg,post_cross,cli_key_agreement,29,5.007917187717409e-28,1.3585787316750347e-28,1.4885614706230311e-27
A,dirichlet,0.25|wd0.0,size_control K20 E5 f1 dirichlet_sizes0.01 fedavg,post_cross,cli_neuron_freq_agree,29,1.0,0.999609375,1.0
A,dirichlet,0.25|wd0.0,size_control K20 E5 f1 dirichlet_sizes0.1 fedavg,delay_or_stalled,cli_n,16,20.0,20.0,20.0
A,dirichlet,0.25|wd0.0,size_control K20 E5 f1 dirichlet_sizes0.1 fedavg,delay_or_stalled,cli_agg_gap,16,0.0005389619663976586,0.000496594426946215,0.0005834115128033922
A,dirichlet,0.25|wd0.0,size_control K20 E5 f1 dirichlet_sizes0.1 fedavg,delay_or_stalled,cli_rel_spread,16,0.00950435585086214,0.008701260794354449,0.010163468658039491
A,dirichlet,0.25|wd0.0,size_control K20 E5 f1 dirichlet_sizes0.1 fedavg,delay_or_stalled,cli_cos_global_mean,16,0.9999547036214973,0.9999481944730314,0.9999620095739181
A,dirichlet,0.25|wd0.0,size_control K20 E5 f1 dirichlet_sizes0.1 fedavg,delay_or_stalled,cli_cos_global_min,16,0.9999348646558432,0.9999257287147805,0.9999453303791468
A,dirichlet,0.25|wd0.0,size_control K20 E5 f1 dirichlet_sizes0.1 fedavg,delay_or_stalled,cli_dev_pair_cos,16,-0.05191262431130428,-0.052028929295119236,-0.05173415914810228
A,dirichlet,0.25|wd0.0,size_control K20 E5 f1 dirichlet_sizes0.1 fedavg,delay_or_stalled,cli_dev_eff_rank_frac,16,0.9932028006294262,0.9917740807143214,0.9941280904716074
A,dirichlet,0.25|wd0.0,size_control K20 E5 f1 dirichlet_sizes0.1 fedavg,delay_or_stalled,cli_coherence,16,0.0031803065738259606,0.0027652234670469855,0.0040169721445987554
A,dirichlet,0.25|wd0.0,size_control K20 E5 f1 dirichlet_sizes0.1 fedavg,delay_or_stalled,cli_key_n,16,43.0,42.75,43.0
A,dirichlet,0.25|wd0.0,size_control K20 E5 f1 dirichlet_sizes0.1 fedavg,delay_or_stalled,cli_dev_key_share,16,0.8956843768215954,0.8903171439497719,0.8959029849817159
A,dirichlet,0.25|wd0.0,size_control K20 E5 f1 dirichlet_sizes0.1 fedavg,delay_or_stalled,cli_dev_key_share_uniform,16,0.8958333333333334,0.890625,0.8958333333333334
A,dirichlet,0.25|wd0.0,size_control K20 E5 f1 dirichlet_sizes0.1 fedavg,delay_or_stalled,cli_dev_key_over_uniform,16,0.9999788354230732,0.9997049505553737,1.0004376610253176
A,dirichlet,0.25|wd0.0,size_control K20 E5 f1 dirichlet_sizes0.1 fedavg,delay_or_stalled,cli_key_agreement,16,2.3710397536034968e-29,2.0673569038096612e-29,2.83651896790043e-29
A,dirichlet,0.25|wd0.0,size_control K20 E5 f1 dirichlet_sizes0.1 fedavg,delay_or_stalled,cli_neuron_freq_agree,16,0.994921875,0.9929687500000001,0.99814453125
A,dirichlet,0.25|wd0.0,size_control K20 E5 f1 dirichlet_sizes0.1 fedavg,post_cross,cli_n,44,20.0,20.0,20.0
A,dirichlet,0.25|wd0.0,size_control K20 E5 f1 dirichlet_sizes0.1 fedavg,post_cross,cli_agg_gap,44,9.109293415051104e-05,5.488612969133312e-05,0.0001870794849597302
A,dirichlet,0.25|wd0.0,size_control K20 E5 f1 dirichlet_sizes0.1 fedavg,post_cross,cli_rel_spread,44,0.001572281525819803,0.0009598640631109577,0.003319797443011068
A,dirichlet,0.25|wd0.0,size_control K20 E5 f1 dirichlet_sizes0.1 fedavg,post_cross,cli_cos_global_mean,44,0.9999987548481959,0.9999944649399632,0.9999995376201172
A,dirichlet,0.25|wd0.0,size_control K20 E5 f1 dirichlet_sizes0.1 fedavg,post_cross,cli_cos_global_min,44,0.9999982307562629,0.9999921693513419,0.9999992762256313
A,dirichlet,0.25|wd0.0,size_control K20 E5 f1 dirichlet_sizes0.1 fedavg,post_cross,cli_dev_pair_cos,44,-0.052029519817494554,-0.05207674210303164,-0.05199040828278574
A,dirichlet,0.25|wd0.0,size_control K20 E5 f1 dirichlet_sizes0.1 fedavg,post_cross,cli_dev_eff_rank_frac,44,0.9938358416949404,0.9924690111966208,0.9940979432447827
A,dirichlet,0.25|wd0.0,size_control K20 E5 f1 dirichlet_sizes0.1 fedavg,post_cross,cli_coherence,44,0.003091293193750966,0.0027057419879977715,0.003930521487885766
A,dirichlet,0.25|wd0.0,size_control K20 E5 f1 dirichlet_sizes0.1 fedavg,post_cross,cli_key_n,44,42.0,42.0,43.0
A,dirichlet,0.25|wd0.0,size_control K20 E5 f1 dirichlet_sizes0.1 fedavg,post_cross,cli_dev_key_share,44,0.8757805480065132,0.8745392374387929,0.8953039157240895
A,dirichlet,0.25|wd0.0,size_control K20 E5 f1 dirichlet_sizes0.1 fedavg,post_cross,cli_dev_key_share_uniform,44,0.875,0.875,0.8958333333333334
A,dirichlet,0.25|wd0.0,size_control K20 E5 f1 dirichlet_sizes0.1 fedavg,post_cross,cli_dev_key_over_uniform,44,0.9999131392714666,0.9994139487305387,1.0008272295928016
A,dirichlet,0.25|wd0.0,size_control K20 E5 f1 dirichlet_sizes0.1 fedavg,post_cross,cli_key_agreement,44,8.92586099597612e-28,1.928606475375293e-28,2.377280620461621e-27
A,dirichlet,0.25|wd0.0,size_control K20 E5 f1 dirichlet_sizes0.1 fedavg,post_cross,cli_neuron_freq_agree,44,1.0,1.0,1.0
A,dirichlet,0.25|wd0.0,size_control K50 E5 f1 dirichlet_sizes0.01 fedavg,delay_or_stalled,cli_n,9,50.0,50.0,50.0
A,dirichlet,0.25|wd0.0,size_control K50 E5 f1 dirichlet_sizes0.01 fedavg,delay_or_stalled,cli_agg_gap,9,0.0008544152790981164,0.0007863161838089843,0.0011430415974020107
A,dirichlet,0.25|wd0.0,size_control K50 E5 f1 dirichlet_sizes0.01 fedavg,delay_or_stalled,cli_rel_spread,9,0.010409502899669798,0.009259194278234309,0.014070033901218387
A,dirichlet,0.25|wd0.0,size_control K50 E5 f1 dirichlet_sizes0.01 fedavg,delay_or_stalled,cli_cos_global_mean,9,0.9999454777849174,0.9999003819339884,0.9999568474610203
A,dirichlet,0.25|wd0.0,size_control K50 E5 f1 dirichlet_sizes0.01 fedavg,delay_or_stalled,cli_cos_global_min,9,0.9998751079525656,0.9997672780581576,0.9998769394035405
A,dirichlet,0.25|wd0.0,size_control K50 E5 f1 dirichlet_sizes0.01 fedavg,delay_or_stalled,cli_dev_pair_cos,9,-0.01893948367843616,-0.019024436748890303,-0.018898816368827287
A,dirichlet,0.25|wd0.0,size_control K50 E5 f1 dirichlet_sizes0.01 fedavg,delay_or_stalled,cli_dev_eff_rank_frac,9,0.9707298442561988,0.969057963978115,0.971008652397939
A,dirichlet,0.25|wd0.0,size_control K50 E5 f1 dirichlet_sizes0.01 fedavg,delay_or_stalled,cli_coherence,9,0.00675421059200223,0.006582444771854039,0.007146639243334836
A,dirichlet,0.25|wd0.0,size_control K50 E5 f1 dirichlet_sizes0.01 fedavg,delay_or_stalled,cli_key_n,9,43.0,43.0,43.0
A,dirichlet,0.25|wd0.0,size_control K50 E5 f1 dirichlet_sizes0.01 fedavg,delay_or_stalled,cli_dev_key_share,9,0.8954252822685187,0.8953588217371247,0.89573301155169
A,dirichlet,0.25|wd0.0,size_control K50 E5 f1 dirichlet_sizes0.01 fedavg,delay_or_stalled,cli_dev_key_share_uniform,9,0.8958333333333334,0.8958333333333334,0.8958333333333334
A,dirichlet,0.25|wd0.0,size_control K50 E5 f1 dirichlet_sizes0.01 fedavg,delay_or_stalled,cli_dev_key_over_uniform,9,0.9998729221187537,0.9995038029898975,1.0000825432544256
A,dirichlet,0.25|wd0.0,size_control K50 E5 f1 dirichlet_sizes0.01 fedavg,delay_or_stalled,cli_key_agreement,9,2.067122489301935e-29,1.1566602304388164e-29,2.656676341392261e-29
A,dirichlet,0.25|wd0.0,size_control K50 E5 f1 dirichlet_sizes0.01 fedavg,delay_or_stalled,cli_neuron_freq_agree,9,0.99390625,0.9925,0.99875
A,dirichlet,0.25|wd0.0,size_control K50 E5 f1 dirichlet_sizes0.01 fedavg,post_cross,cli_n,11,50.0,50.0,50.0
A,dirichlet,0.25|wd0.0,size_control K50 E5 f1 dirichlet_sizes0.01 fedavg,post_cross,cli_agg_gap,11,0.0005947324292447659,0.0005423367512107724,0.000675549198554988
A,dirichlet,0.25|wd0.0,size_control K50 E5 f1 dirichlet_sizes0.01 fedavg,post_cross,cli_rel_spread,11,0.005962494690182117,0.0055665708886493,0.007287171657502553
A,dirichlet,0.25|wd0.0,size_control K50 E5 f1 dirichlet_sizes0.01 fedavg,post_cross,cli_cos_global_mean,11,0.9999819960964527,0.9999732093238409,0.9999843356714676
A,dirichlet,0.25|wd0.0,size_control K50 E5 f1 dirichlet_sizes0.01 fedavg,post_cross,cli_cos_global_min,11,0.9998943473480499,0.999856092036328,0.9999127312770699
A,dirichlet,0.25|wd0.0,size_control K50 E5 f1 dirichlet_sizes0.01 fedavg,post_cross,cli_dev_pair_cos,11,-0.017754994434887345,-0.018323363913160327,-0.011475219903571046
A,dirichlet,0.25|wd0.0,size_control K50 E5 f1 dirichlet_sizes0.01 fedavg,post_cross,cli_dev_eff_rank_frac,11,0.955447319775947,0.9014425891254703,0.9630330294049841
A,dirichlet,0.25|wd0.0,size_control K50 E5 f1 dirichlet_sizes0.01 fedavg,post_cross,cli_coherence,11,0.007824538165262067,0.007654325950794164,0.010201809658026837
A,dirichlet,0.25|wd0.0,size_control K50 E5 f1 dirichlet_sizes0.01 fedavg,post_cross,cli_key_n,11,42.0,42.0,43.0
A,dirichlet,0.25|wd0.0,size_control K50 E5 f1 dirichlet_sizes0.01 fedavg,post_cross,cli_dev_key_share,11,0.876405271462622,0.8757667401024569,0.8982886823474765
A,dirichlet,0.25|wd0.0,size_control K50 E5 f1 dirichlet_sizes0.01 fedavg,post_cross,cli_dev_key_share_uniform,11,0.875,0.875,0.8958333333333334
A,dirichlet,0.25|wd0.0,size_control K50 E5 f1 dirichlet_sizes0.01 fedavg,post_cross,cli_dev_key_over_uniform,11,1.0016060245287108,1.000876274402808,1.0028934099085047
A,dirichlet,0.25|wd0.0,size_control K50 E5 f1 dirichlet_sizes0.01 fedavg,post_cross,cli_key_agreement,11,6.35610250667826e-29,4.21631165435057e-29,7.136920153469571e-29
A,dirichlet,0.25|wd0.0,size_control K50 E5 f1 dirichlet_sizes0.01 fedavg,post_cross,cli_neuron_freq_agree,11,0.9996875,0.9996093749999999,1.0
A,dirichlet,0.25|wd0.0,size_control K50 E5 f1 dirichlet_sizes0.1 fedavg,delay_or_stalled,cli_n,26,50.0,50.0,50.0
A,dirichlet,0.25|wd0.0,size_control K50 E5 f1 dirichlet_sizes0.1 fedavg,delay_or_stalled,cli_agg_gap,26,0.0004920530102281228,0.00042858017818325924,0.0006699975684642331
A,dirichlet,0.25|wd0.0,size_control K50 E5 f1 dirichlet_sizes0.1 fedavg,delay_or_stalled,cli_rel_spread,26,0.00952078701315291,0.008472597647453535,0.012877247648760227
A,dirichlet,0.25|wd0.0,size_control K50 E5 f1 dirichlet_sizes0.1 fedavg,delay_or_stalled,cli_cos_global_mean,26,0.9999545345455844,0.9999168810781733,0.999964015951899
A,dirichlet,0.25|wd0.0,size_control K50 E5 f1 dirichlet_sizes0.1 fedavg,delay_or_stalled,cli_cos_global_min,26,0.9999203261867233,0.9998454744753034,0.9999434591859032
A,dirichlet,0.25|wd0.0,size_control K50 E5 f1 dirichlet_sizes0.1 fedavg,delay_or_stalled,cli_dev_pair_cos,26,-0.019998796575231178,-0.020048179774345087,-0.019927762324747012
A,dirichlet,0.25|wd0.0,size_control K50 E5 f1 dirichlet_sizes0.1 fedavg,delay_or_stalled,cli_dev_eff_rank_frac,26,0.9898252926792541,0.9885619993848856,0.990763862190406
A,dirichlet,0.25|wd0.0,size_control K50 E5 f1 dirichlet_sizes0.1 fedavg,delay_or_stalled,cli_coherence,26,0.002656220265483651,0.0022428446184205334,0.0027348506231168355
A,dirichlet,0.25|wd0.0,size_control K50 E5 f1 dirichlet_sizes0.1 fedavg,delay_or_stalled,cli_key_n,26,43.0,43.0,43.0
A,dirichlet,0.25|wd0.0,size_control K50 E5 f1 dirichlet_sizes0.1 fedavg,delay_or_stalled,cli_dev_key_share,26,0.8959235978690927,0.8949119452872245,0.8961507583060078
A,dirichlet,0.25|wd0.0,size_control K50 E5 f1 dirichlet_sizes0.1 fedavg,delay_or_stalled,cli_dev_key_share_uniform,26,0.8958333333333334,0.8958333333333334,0.8958333333333334
A,dirichlet,0.25|wd0.0,size_control K50 E5 f1 dirichlet_sizes0.1 fedavg,delay_or_stalled,cli_dev_key_over_uniform,26,1.0001883086698244,0.999952611279258,1.0003802514046198
A,dirichlet,0.25|wd0.0,size_control K50 E5 f1 dirichlet_sizes0.1 fedavg,delay_or_stalled,cli_key_agreement,26,2.4438721660192215e-29,1.343316779982752e-29,3.1235675287982937e-29
A,dirichlet,0.25|wd0.0,size_control K50 E5 f1 dirichlet_sizes0.1 fedavg,delay_or_stalled,cli_neuron_freq_agree,26,0.99640625,0.994609375,0.9984765625
A,dirichlet,0.25|wd0.0,size_control K50 E5 f1 dirichlet_sizes0.1 fedavg,post_cross,cli_n,34,50.0,50.0,50.0
A,dirichlet,0.25|wd0.0,size_control K50 E5 f1 dirichlet_sizes0.1 fedavg,post_cross,cli_agg_gap,34,0.00021602786299712286,0.00016207308389588676,0.00031906323070985716
A,dirichlet,0.25|wd0.0,size_control K50 E5 f1 dirichlet_sizes0.1 fedavg,post_cross,cli_rel_spread,34,0.004287655306569068,0.00310814327191113,0.00609888392829413
A,dirichlet,0.25|wd0.0,size_control K50 E5 f1 dirichlet_sizes0.1 fedavg,post_cross,cli_cos_global_mean,34,0.9999907854447905,0.9999813451632883,0.9999951564320798
A,dirichlet,0.25|wd0.0,size_control K50 E5 f1 dirichlet_sizes0.1 fedavg,post_cross,cli_cos_global_min,34,0.9999844251604466,0.9999666284984852,0.9999894881674692
A,dirichlet,0.25|wd0.0,size_control K50 E5 f1 dirichlet_sizes0.1 fedavg,post_cross,cli_dev_pair_cos,34,-0.020084896441971242,-0.020127783987247558,-0.02001634689964498
A,dirichlet,0.25|wd0.0,size_control K50 E5 f1 dirichlet_sizes0.1 fedavg,post_cross,cli_dev_eff_rank_frac,34,0.9917046933289864,0.9902787202749326,0.9927057627765727
A,dirichlet,0.25|wd0.0,size_control K50 E5 f1 dirichlet_sizes0.1 fedavg,post_cross,cli_coherence,34,0.0027501541240606492,0.002281677937475691,0.0028223681718284903
A,dirichlet,0.25|wd0.0,size_control K50 E5 f1 dirichlet_sizes0.1 fedavg,post_cross,cli_key_n,34,42.0,42.0,43.0
A,dirichlet,0.25|wd0.0,size_control K50 E5 f1 dirichlet_sizes0.1 fedavg,post_cross,cli_dev_key_share,34,0.8755053745089973,0.8751395639958984,0.8951248355813402
A,dirichlet,0.25|wd0.0,size_control K50 E5 f1 dirichlet_sizes0.1 fedavg,post_cross,cli_dev_key_share_uniform,34,0.875,0.875,0.8958333333333334
A,dirichlet,0.25|wd0.0,size_control K50 E5 f1 dirichlet_sizes0.1 fedavg,post_cross,cli_dev_key_over_uniform,34,0.9998477221196905,0.9995356896665859,1.000227533813117
A,dirichlet,0.25|wd0.0,size_control K50 E5 f1 dirichlet_sizes0.1 fedavg,post_cross,cli_key_agreement,34,1.1834207939534815e-28,5.992465754809407e-29,2.3376195641927838e-28
A,dirichlet,0.25|wd0.0,size_control K50 E5 f1 dirichlet_sizes0.1 fedavg,post_cross,cli_neuron_freq_agree,34,1.0,0.9998828125,1.0
A,f,0.25|wd0.0,participation K50 E5 f0.2 iid fedavg,delay_or_stalled,cli_n,3,10.0,10.0,10.0
A,f,0.25|wd0.0,participation K50 E5 f0.2 iid fedavg,delay_or_stalled,cli_agg_gap,3,6.365886946889997e-08,6.317144365996151e-08,1.0638972836916292e-05
A,f,0.25|wd0.0,participation K50 E5 f0.2 iid fedavg,delay_or_stalled,cli_rel_spread,3,0.009588233412544516,0.009544587270800507,0.009649942134297939
A,f,0.25|wd0.0,participation K50 E5 f0.2 iid fedavg,delay_or_stalled,cli_cos_global_mean,3,0.9999540378817773,0.9999534433352815,0.9999544546073489
A,f,0.25|wd0.0,participation K50 E5 f0.2 iid fedavg,delay_or_stalled,cli_cos_global_min,3,0.9999443566032943,0.999942370070529,0.9999453243041947
A,f,0.25|wd0.0,participation K50 E5 f0.2 iid fedavg,delay_or_stalled,cli_dev_pair_cos,3,-0.110740026878934,-0.11075346686278092,-0.11065188982245454
A,f,0.25|wd0.0,participation K50 E5 f0.2 iid fedavg,delay_or_stalled,cli_dev_eff_rank_frac,3,0.9983066308687398,0.997866288380475,0.9983179813734526
A,f,0.25|wd0.0,participation K50 E5 f0.2 iid fedavg,delay_or_stalled,cli_coherence,3,4.4079904888075944e-11,4.380453797922774e-11,2.385847151069677e-06
A,f,0.25|wd0.0,participation K50 E5 f0.2 iid fedavg,delay_or_stalled,cli_key_n,3,43.0,43.0,43.0
A,f,0.25|wd0.0,participation K50 E5 f0.2 iid fedavg,delay_or_stalled,cli_dev_key_share,3,0.8967216038081025,0.8955319826469375,0.8969067190898279
A,f,0.25|wd0.0,participation K50 E5 f0.2 iid fedavg,delay_or_stalled,cli_dev_key_share_uniform,3,0.8958333333333334,0.8958333333333334,0.8958333333333334
A,f,0.25|wd0.0,participation K50 E5 f0.2 iid fedavg,delay_or_stalled,cli_dev_key_over_uniform,3,1.0009915577392772,0.9996636085361161,1.0011981980537612
A,f,0.25|wd0.0,participation K50 E5 f0.2 iid fedavg,delay_or_stalled,cli_key_agreement,3,2.3238703441289273e-29,2.290271624093339e-29,2.324467326700524e-29
A,f,0.25|wd0.0,participation K50 E5 f0.2 iid fedavg,delay_or_stalled,cli_neuron_freq_agree,3,0.99765625,0.99765625,0.998828125
A,f,0.25|wd0.0,participation K50 E5 f0.2 iid fedavg,post_cross,cli_n,57,10.0,10.0,10.0
A,f,0.25|wd0.0,participation K50 E5 f0.2 iid fedavg,post_cross,cli_agg_gap,57,6.376932777670129e-08,6.286094436480173e-08,1.3002308902526876e-06
A,f,0.25|wd0.0,participation K50 E5 f0.2 iid fedavg,post_cross,cli_rel_spread,57,0.0006059253672649242,0.0004562720483210187,0.0011335751380393466
A,f,0.25|wd0.0,participation K50 E5 f0.2 iid fedavg,post_cross,cli_cos_global_mean,57,0.9999998164292194,0.999999357508708,0.999999895909862
A,f,0.25|wd0.0,participation K50 E5 f0.2 iid fedavg,post_cross,cli_cos_global_min,57,0.9999997646420561,0.9999991836348732,0.9999998664600583
A,f,0.25|wd0.0,participation K50 E5 f0.2 iid fedavg,post_cross,cli_dev_pair_cos,57,-0.11061248982595354,-0.11075372663890966,-0.11024361749823722
A,f,0.25|wd0.0,participation K50 E5 f0.2 iid fedavg,post_cross,cli_dev_eff_rank_frac,57,0.9973269234628164,0.9958630448689768,0.9981134351858998
A,f,0.25|wd0.0,participation K50 E5 f0.2 iid fedavg,post_cross,cli_coherence,57,2.720220370348016e-08,1.079323045059713e-08,4.480723320843334e-06
A,f,0.25|wd0.0,participation K50 E5 f0.2 iid fedavg,post_cross,cli_key_n,57,42.0,42.0,42.0
A,f,0.25|wd0.0,participation K50 E5 f0.2 iid fedavg,post_cross,cli_dev_key_share,57,0.8751566837065157,0.8735963817081085,0.876228682524111
A,f,0.25|wd0.0,participation K50 E5 f0.2 iid fedavg,post_cross,cli_dev_key_share_uniform,57,0.875,0.875,0.875
A,f,0.25|wd0.0,participation K50 E5 f0.2 iid fedavg,post_cross,cli_dev_key_over_uniform,57,1.0000873446777336,0.9983703945545165,1.0011275449436985
A,f,0.25|wd0.0,participation K50 E5 f0.2 iid fedavg,post_cross,cli_key_agreement,57,5.851315274198414e-27,1.7068954614356224e-27,1.0698750605679249e-26
A,f,0.25|wd0.0,participation K50 E5 f0.2 iid fedavg,post_cross,cli_neuron_freq_agree,57,1.0,1.0,1.0
A,f,0.25|wd0.0,participation K50 E5 f0.4 iid fedavg,delay_or_stalled,cli_n,9,20.0,20.0,20.0
A,f,0.25|wd0.0,participation K50 E5 f0.4 iid fedavg,delay_or_stalled,cli_agg_gap,9,1.019978633287937e-07,1.0044631387220201e-07,1.0017827531272119e-05
A,f,0.25|wd0.0,participation K50 E5 f0.4 iid fedavg,delay_or_stalled,cli_rel_spread,9,0.00911773044095388,0.008047592718015206,0.012923336170399879
A,f,0.25|wd0.0,participation K50 E5 f0.4 iid fedavg,delay_or_stalled,cli_cos_global_mean,9,0.9999584365176496,0.9999165058612682,0.9999676218292237
A,f,0.25|wd0.0,participation K50 E5 f0.4 iid fedavg,delay_or_stalled,cli_cos_global_min,9,0.9999517836731079,0.9999078395051123,0.9999620701462719
A,f,0.25|wd0.0,participation K50 E5 f0.4 iid fedavg,delay_or_stalled,cli_dev_pair_cos,9,-0.052570900035061756,-0.052578269013075385,-0.05256535265291593
A,f,0.25|wd0.0,participation K50 E5 f0.4 iid fedavg,delay_or_stalled,cli_dev_eff_rank_frac,9,0.9992274666749914,0.9991759945427556,0.9992928967260973
A,f,0.25|wd0.0,participation K50 E5 f0.4 iid fedavg,delay_or_stalled,cli_coherence,9,1.6885375647933582e-10,6.136004994546027e-11,1.1405838517409075e-06
A,f,0.25|wd0.0,participation K50 E5 f0.4 iid fedavg,delay_or_stalled,cli_key_n,9,43.0,42.0,43.0
A,f,0.25|wd0.0,participation K50 E5 f0.4 iid fedavg,delay_or_stalled,cli_dev_key_share,9,0.8951548535639021,0.874818707920648,0.8959314383885146
A,f,0.25|wd0.0,participation K50 E5 f0.4 iid fedavg,delay_or_stalled,cli_dev_key_share_uniform,9,0.8958333333333334,0.875,0.8958333333333334
A,f,0.25|wd0.0,participation K50 E5 f0.4 iid fedavg,delay_or_stalled,cli_dev_key_over_uniform,9,0.9995487707761623,0.9991147438470465,1.0001095126197372
A,f,0.25|wd0.0,participation K50 E5 f0.4 iid fedavg,delay_or_stalled,cli_key_agreement,9,2.57430478854296e-29,1.304718894734246e-29,3.323903103839447e-29
A,f,0.25|wd0.0,participation K50 E5 f0.4 iid fedavg,delay_or_stalled,cli_neuron_freq_agree,9,0.99453125,0.993359375,0.997265625
A,f,0.25|wd0.0,participation K50 E5 f0.4 iid fedavg,post_cross,cli_n,51,20.0,20.0,20.0
A,f,0.25|wd0.0,participation K50 E5 f0.4 iid fedavg,post_cross,cli_agg_gap,51,1.3019051391715596e-06,1.0454451212328234e-07,2.241323947870514e-06
A,f,0.25|wd0.0,participation K50 E5 f0.4 iid fedavg,post_cross,cli_rel_spread,51,0.0014744037529551544,0.000990228486798859,0.002650198857994188
A,f,0.25|wd0.0,participation K50 E5 f0.4 iid fedavg,post_cross,cli_cos_global_mean,51,0.9999989130825211,0.9999964674510632,0.9999995093188854
A,f,0.25|wd0.0,participation K50 E5 f0.4 iid fedavg,post_cross,cli_cos_global_min,51,0.9999985769838141,0.9999955419776925,0.9999994265293777
A,f,0.25|wd0.0,participation K50 E5 f0.4 iid fedavg,post_cross,cli_dev_pair_cos,51,-0.05248294526148992,-0.052541795403616046,-0.052430817256134174
A,f,0.25|wd0.0,participation K50 E5 f0.4 iid fedavg,post_cross,cli_dev_eff_rank_frac,51,0.9981361538010871,0.9975553401252639,0.9987866576283138
A,f,0.25|wd0.0,participation K50 E5 f0.4 iid fedavg,post_cross,cli_coherence,51,1.0882899915983342e-06,2.007831047171979e-08,1.2256469940400996e-06
A,f,0.25|wd0.0,participation K50 E5 f0.4 iid fedavg,post_cross,cli_key_n,51,42.0,42.0,42.0
A,f,0.25|wd0.0,participation K50 E5 f0.4 iid fedavg,post_cross,cli_dev_key_share,51,0.8747819759985329,0.8743141102566085,0.8758008685451512
A,f,0.25|wd0.0,participation K50 E5 f0.4 iid fedavg,post_cross,cli_dev_key_share_uniform,51,0.875,0.875,0.875
A,f,0.25|wd0.0,participation K50 E5 f0.4 iid fedavg,post_cross,cli_dev_key_over_uniform,51,0.999570535926061,0.9990846750525576,1.0001343462354448
A,f,0.25|wd0.0,participation K50 E5 f0.4 iid fedavg,post_cross,cli_key_agreement,51,9.678762562986679e-28,3.1882199463495003e-28,2.253758196464515e-27
A,f,0.25|wd0.0,participation K50 E5 f0.4 iid fedavg,post_cross,cli_neuron_freq_agree,51,1.0,0.99765625,1.0
A,f,0.25|wd0.0,participation K50 E5 f0.6 iid fedavg,delay_or_stalled,cli_n,15,30.0,30.0,30.0
A,f,0.25|wd0.0,participation K50 E5 f0.6 iid fedavg,delay_or_stalled,cli_agg_gap,15,8.30043596605462e-06,6.172367061532565e-06,9.77568814361269e-06
A,f,0.25|wd0.0,participation K50 E5 f0.6 iid fedavg,delay_or_stalled,cli_rel_spread,15,0.009080792981529313,0.008272812316560789,0.011812576510154122
A,f,0.25|wd0.0,participation K50 E5 f0.6 iid fedavg,delay_or_stalled,cli_cos_global_mean,15,0.9999587730629061,0.9999302250276891,0.9999657823090257
A,f,0.25|wd0.0,participation K50 E5 f0.6 iid fedavg,delay_or_stalled,cli_cos_global_min,15,0.9999509600302633,0.9999206933013148,0.9999615355117628
A,f,0.25|wd0.0,participation K50 E5 f0.6 iid fedavg,delay_or_stalled,cli_dev_pair_cos,15,-0.03445754872319342,-0.034460940413609566,-0.03444243734896715
A,f,0.25|wd0.0,participation K50 E5 f0.6 iid fedavg,delay_or_stalled,cli_dev_eff_rank_frac,15,0.9993104963552061,0.9990817955618922,0.9993942801170816
A,f,0.25|wd0.0,participation K50 E5 f0.6 iid fedavg,delay_or_stalled,cli_coherence,15,5.396638999392294e-07,5.23703520512268e-07,9.586272694621845e-07
A,f,0.25|wd0.0,participation K50 E5 f0.6 iid fedavg,delay_or_stalled,cli_key_n,15,43.0,42.0,43.0
A,f,0.25|wd0.0,participation K50 E5 f0.6 iid fedavg,delay_or_stalled,cli_dev_key_share,15,0.8955800762896534,0.8752966704776908,0.8958514521371439
A,f,0.25|wd0.0,participation K50 E5 f0.6 iid fedavg,delay_or_stalled,cli_dev_key_share_uniform,15,0.8958333333333334,0.875,0.8958333333333334
A,f,0.25|wd0.0,participation K50 E5 f0.6 iid fedavg,delay_or_stalled,cli_dev_key_over_uniform,15,0.9999628035710251,0.9997301994487384,1.0000858584246517
A,f,0.25|wd0.0,participation K50 E5 f0.6 iid fedavg,delay_or_stalled,cli_key_agreement,15,2.7235316170738224e-29,1.6092067163506488e-29,3.233586369706943e-29
A,f,0.25|wd0.0,participation K50 E5 f0.6 iid fedavg,delay_or_stalled,cli_neuron_freq_agree,15,0.9955729166666667,0.9944010416666667,0.9985677083333333
A,f,0.25|wd0.0,participation K50 E5 f0.6 iid fedavg,post_cross,cli_n,45,30.0,30.0,30.0
A,f,0.25|wd0.0,participation K50 E5 f0.6 iid fedavg,post_cross,cli_agg_gap,45,1.765874451210674e-06,1.2374958971110732e-06,3.385562525094671e-06
A,f,0.25|wd0.0,participation K50 E5 f0.6 iid fedavg,post_cross,cli_rel_spread,45,0.002398892078104402,0.0016952779370480223,0.0044981189449171755
A,f,0.25|wd0.0,participation K50 E5 f0.6 iid fedavg,post_cross,cli_cos_global_mean,45,0.999997122697594,0.9999898837317898,0.9999985630563363
A,f,0.25|wd0.0,participation K50 E5 f0.6 iid fedavg,post_cross,cli_cos_global_min,45,0.999996533877639,0.999988626570647,0.9999983047254588
A,f,0.25|wd0.0,participation K50 E5 f0.6 iid fedavg,post_cross,cli_dev_pair_cos,45,-0.03442295854680802,-0.034443569746513567,-0.03438187159570373
A,f,0.25|wd0.0,participation K50 E5 f0.6 iid fedavg,post_cross,cli_dev_eff_rank_frac,45,0.9986308664351449,0.9978464734371884,0.9988069883216882
A,f,0.25|wd0.0,participation K50 E5 f0.6 iid fedavg,post_cross,cli_coherence,45,5.340611049036016e-07,4.79711441433673e-07,9.571880629487614e-07
A,f,0.25|wd0.0,participation K50 E5 f0.6 iid fedavg,post_cross,cli_key_n,45,42.0,42.0,43.0
A,f,0.25|wd0.0,participation K50 E5 f0.6 iid fedavg,post_cross,cli_dev_key_share,45,0.8752803751285133,0.8746781438145155,0.8951122065749199
A,f,0.25|wd0.0,participation K50 E5 f0.6 iid fedavg,post_cross,cli_dev_key_share_uniform,45,0.875,0.875,0.8958333333333334
A,f,0.25|wd0.0,participation K50 E5 f0.6 iid fedavg,post_cross,cli_dev_key_over_uniform,45,0.9998961941680722,0.9996028767368079,1.0004758058306416
A,f,0.25|wd0.0,participation K50 E5 f0.6 iid fedavg,post_cross,cli_key_agreement,45,3.7752770529249966e-28,1.050540535234178e-28,7.909467652099547e-28
A,f,0.25|wd0.0,participation K50 E5 f0.6 iid fedavg,post_cross,cli_neuron_freq_agree,45,1.0,0.9994791666666667,1.0
A,K,0.3|wd0.0,aggregation K10 E5 f1 iid fedavg,delay_or_stalled,cli_n,6,10.0,10.0,10.0
A,K,0.3|wd0.0,aggregation K10 E5 f1 iid fedavg,delay_or_stalled,cli_agg_gap,6,3.049025572638912e-06,2.956180022849145e-06,3.0980075596993644e-06
A,K,0.3|wd0.0,aggregation K10 E5 f1 iid fedavg,delay_or_stalled,cli_rel_spread,6,0.006396607926937559,0.006205523502878056,0.006525644154708749
A,K,0.3|wd0.0,aggregation K10 E5 f1 iid fedavg,delay_or_stalled,cli_cos_global_mean,6,0.9999795380311358,0.9999787089460447,0.9999807449154982
A,K,0.3|wd0.0,aggregation K10 E5 f1 iid fedavg,delay_or_stalled,cli_cos_global_min,6,0.9999789416836284,0.9999782354642027,0.9999801168810539
A,K,0.3|wd0.0,aggregation K10 E5 f1 iid fedavg,delay_or_stalled,cli_dev_pair_cos,6,-0.11110201887472496,-0.11110418601718584,-0.11110003928403636
A,K,0.3|wd0.0,aggregation K10 E5 f1 iid fedavg,delay_or_stalled,cli_dev_eff_rank_frac,6,0.9998808293447404,0.9998772235378292,0.9998954967148209
A,K,0.3|wd0.0,aggregation K10 E5 f1 iid fedavg,delay_or_stalled,cli_coherence,6,2.2724958889016594e-07,2.2460245120921027e-07,2.2791798332989089e-07
A,K,0.3|wd0.0,aggregation K10 E5 f1 iid fedavg,delay_or_stalled,cli_key_n,6,42.5,42.0,43.0
A,K,0.3|wd0.0,aggregation K10 E5 f1 iid fedavg,delay_or_stalled,cli_dev_key_share,6,0.8846504287132265,0.8740457831886259,0.8957142047179136
A,K,0.3|wd0.0,aggregation K10 E5 f1 iid fedavg,delay_or_stalled,cli_dev_key_share_uniform,6,0.8854166666666667,0.875,0.8958333333333334
A,K,0.3|wd0.0,aggregation K10 E5 f1 iid fedavg,delay_or_stalled,cli_dev_key_over_uniform,6,0.9991332125119496,0.9989094665012868,0.9998670192199967
A,K,0.3|wd0.0,aggregation K10 E5 f1 iid fedavg,delay_or_stalled,cli_key_agreement,6,5.191055220208954e-29,5.008384551345133e-29,5.380193518685858e-29
A,K,0.3|wd0.0,aggregation K10 E5 f1 iid fedavg,delay_or_stalled,cli_neuron_freq_agree,6,0.998828125,0.9978515625,0.99921875
A,K,0.3|wd0.0,aggregation K10 E5 f1 iid fedavg,post_cross,cli_n,24,10.0,10.0,10.0
A,K,0.3|wd0.0,aggregation K10 E5 f1 iid fedavg,post_cross,cli_agg_gap,24,6.808270679959811e-07,4.848232567702475e-07,1.0847899255145557e-06
A,K,0.3|wd0.0,aggregation K10 E5 f1 iid fedavg,post_cross,cli_rel_spread,24,0.0014382098307888123,0.0010132766011443396,0.002290621742023164
A,K,0.3|wd0.0,aggregation K10 E5 f1 iid fedavg,post_cross,cli_cos_global_mean,24,0.9999989630901573,0.9999973492866364,0.9999994863631152
A,K,0.3|wd0.0,aggregation K10 E5 f1 iid fedavg,post_cross,cli_cos_global_min,24,0.9999989144158381,0.9999972183695048,0.999999458596988
A,K,0.3|wd0.0,aggregation K10 E5 f1 iid fedavg,post_cross,cli_dev_pair_cos,24,-0.11108322793022421,-0.11109807407549933,-0.11107389008667015
A,K,0.3|wd0.0,aggregation K10 E5 f1 iid fedavg,post_cross,cli_dev_eff_rank_frac,24,0.9996924567706312,0.9995936212694332,0.999836209977708
A,K,0.3|wd0.0,aggregation K10 E5 f1 iid fedavg,post_cross,cli_coherence,24,2.255740658143494e-07,2.2212415438896858e-07,2.2752589351044043e-07
A,K,0.3|wd0.0,aggregation K10 E5 f1 iid fedavg,post_cross,cli_key_n,24,43.0,42.0,43.0
A,K,0.3|wd0.0,aggregation K10 E5 f1 iid fedavg,post_cross,cli_dev_key_share,24,0.8947435985808118,0.875822435714552,0.8965435615924674
A,K,0.3|wd0.0,aggregation K10 E5 f1 iid fedavg,post_cross,cli_dev_key_share_uniform,24,0.8958333333333334,0.875,0.8958333333333334
A,K,0.3|wd0.0,aggregation K10 E5 f1 iid fedavg,post_cross,cli_dev_key_over_uniform,24,1.000139334577471,0.9985955769287477,1.0009766977022385
A,K,0.3|wd0.0,aggregation K10 E5 f1 iid fedavg,post_cross,cli_key_agreement,24,1.0072463250117443e-27,4.050911083755413e-28,2.0772013398698802e-27
A,K,0.3|wd0.0,aggregation K10 E5 f1 iid fedavg,post_cross,cli_neuron_freq_agree,24,1.0,1.0,1.0
A,K,0.3|wd0.0,aggregation K2 E5 f1 iid fedavg,delay_or_stalled,cli_n,6,2.0,2.0,2.0
A,K,0.3|wd0.0,aggregation K2 E5 f1 iid fedavg,delay_or_stalled,cli_agg_gap,6,3.080838004667474e-08,3.0646335888813337e-08,3.098038448957529e-08
A,K,0.3|wd0.0,aggregation K2 E5 f1 iid fedavg,delay_or_stalled,cli_rel_spread,6,0.0021630852734322798,0.002106065815644182,0.002206185004991968
A,K,0.3|wd0.0,aggregation K2 E5 f1 iid fedavg,delay_or_stalled,cli_cos_global_mean,6,0.9999976602535363,0.9999975664031906,0.9999977821221253
A,K,0.3|wd0.0,aggregation K2 E5 f1 iid fedavg,delay_or_stalled,cli_cos_global_min,6,0.9999976602335333,0.9999975663432263,0.9999977820847015
A,K,0.3|wd0.0,aggregation K2 E5 f1 iid fedavg,delay_or_stalled,cli_dev_pair_cos,6,-1.0,-1.0,-1.0
A,K,0.3|wd0.0,aggregation K2 E5 f1 iid fedavg,delay_or_stalled,cli_dev_eff_rank_frac,6,1.0,1.0,1.0
A,K,0.3|wd0.0,aggregation K2 E5 f1 iid fedavg,delay_or_stalled,cli_coherence,6,2.032304093715911e-10,1.9688363330807405e-10,2.0792539124123894e-10
A,K,0.3|wd0.0,aggregation K2 E5 f1 iid fedavg,delay_or_stalled,cli_key_n,6,42.5,42.0,43.0
A,K,0.3|wd0.0,aggregation K2 E5 f1 iid fedavg,delay_or_stalled,cli_dev_key_share,6,0.8858436168836177,0.8742727078036919,0.8956432014752036
A,K,0.3|wd0.0,aggregation K2 E5 f1 iid fedavg,delay_or_stalled,cli_dev_key_share_uniform,6,0.8854166666666667,0.875,0.8958333333333334
A,K,0.3|wd0.0,aggregation K2 E5 f1 iid fedavg,delay_or_stalled,cli_dev_key_over_uniform,6,0.9996916370716209,0.9986715533754662,1.0010872809860842
A,K,0.3|wd0.0,aggregation K2 E5 f1 iid fedavg,delay_or_stalled,cli_key_agreement,6,0.0,0.0,0.0
A,K,0.3|wd0.0,aggregation K2 E5 f1 iid fedavg,delay_or_stalled,cli_neuron_freq_agree,6,1.0,1.0,1.0
A,K,0.3|wd0.0,aggregation K2 E5 f1 iid fedavg,post_cross,cli_n,24,2.0,2.0,2.0
A,K,0.3|wd0.0,aggregation K2 E5 f1 iid fedavg,post_cross,cli_agg_gap,24,3.072191692387542e-08,3.022954894532607e-08,3.099621106297422e-08
A,K,0.3|wd0.0,aggregation K2 E5 f1 iid fedavg,post_cross,cli_rel_spread,24,0.000496759354069427,0.00034474508171740854,0.000768071492312881
A,K,0.3|wd0.0,aggregation K2 E5 f1 iid fedavg,post_cross,cli_cos_global_mean,24,0.9999998761092951,0.9999997028102998,0.9999999404800436
A,K,0.3|wd0.0,aggregation K2 E5 f1 iid fedavg,post_cross,cli_cos_global_min,24,0.9999998761086601,0.9999997028083923,0.9999999404798466
A,K,0.3|wd0.0,aggregation K2 E5 f1 iid fedavg,post_cross,cli_dev_pair_cos,24,-1.0,-1.0,-1.0
A,K,0.3|wd0.0,aggregation K2 E5 f1 iid fedavg,post_cross,cli_dev_eff_rank_frac,24,1.0,1.0,1.0
A,K,0.3|wd0.0,aggregation K2 E5 f1 iid fedavg,post_cross,cli_coherence,24,3.896981113962066e-09,1.589593899044919e-09,8.110624587248847e-09
A,K,0.3|wd0.0,aggregation K2 E5 f1 iid fedavg,post_cross,cli_key_n,24,43.0,42.0,43.0
A,K,0.3|wd0.0,aggregation K2 E5 f1 iid fedavg,post_cross,cli_dev_key_share,24,0.8931776092163051,0.8793829106756083,0.8966412083241326
A,K,0.3|wd0.0,aggregation K2 E5 f1 iid fedavg,post_cross,cli_dev_key_share_uniform,24,0.8958333333333334,0.875,0.8958333333333334
A,K,0.3|wd0.0,aggregation K2 E5 f1 iid fedavg,post_cross,cli_dev_key_over_uniform,24,0.9992002026892544,0.9973175871692146,1.0035780411568584
A,K,0.3|wd0.0,aggregation K2 E5 f1 iid fedavg,post_cross,cli_key_agreement,24,0.0,0.0,0.0
A,K,0.3|wd0.0,aggregation K2 E5 f1 iid fedavg,post_cross,cli_neuron_freq_agree,24,1.0,1.0,1.0
A,K,0.3|wd0.0,aggregation K20 E5 f1 iid fedavg,delay_or_stalled,cli_n,6,20.0,20.0,20.0
A,K,0.3|wd0.0,aggregation K20 E5 f1 iid fedavg,delay_or_stalled,cli_agg_gap,6,4.4351625913832424e-06,4.2814708316394855e-06,4.551482393896319e-06
A,K,0.3|wd0.0,aggregation K20 E5 f1 iid fedavg,delay_or_stalled,cli_rel_spread,6,0.009141756418330772,0.008822847190771477,0.00934306962809661
A,K,0.3|wd0.0,aggregation K20 E5 f1 iid fedavg,delay_or_stalled,cli_cos_global_mean,6,0.9999582042212749,0.9999563569126269,0.9999610772865426
A,K,0.3|wd0.0,aggregation K20 E5 f1 iid fedavg,delay_or_stalled,cli_cos_global_min,6,0.9999564472789839,0.9999548462510194,0.9999593343964794
A,K,0.3|wd0.0,aggregation K20 E5 f1 iid fedavg,delay_or_stalled,cli_dev_pair_cos,6,-0.052625058230542074,-0.05262609700337546,-0.05262392824625074
A,K,0.3|wd0.0,aggregation K20 E5 f1 iid fedavg,delay_or_stalled,cli_dev_eff_rank_frac,6,0.9997653921368177,0.9997587329586329,0.999785980880449
A,K,0.3|wd0.0,aggregation K20 E5 f1 iid fedavg,delay_or_stalled,cli_coherence,6,2.355129609014436e-07,2.3525922401395603e-07,2.3668811310378353e-07
A,K,0.3|wd0.0,aggregation K20 E5 f1 iid fedavg,delay_or_stalled,cli_key_n,6,42.5,42.0,43.0
A,K,0.3|wd0.0,aggregation K20 E5 f1 iid fedavg,delay_or_stalled,cli_dev_key_share,6,0.8856489113844027,0.8751182735893059,0.8956561312319328
A,K,0.3|wd0.0,aggregation K20 E5 f1 iid fedavg,delay_or_stalled,cli_dev_key_share_uniform,6,0.8854166666666667,0.875,0.8958333333333334
A,K,0.3|wd0.0,aggregation K20 E5 f1 iid fedavg,delay_or_stalled,cli_dev_key_over_uniform,6,0.9998677749503322,0.9995813454082262,0.9999061192263123
A,K,0.3|wd0.0,aggregation K20 E5 f1 iid fedavg,delay_or_stalled,cli_key_agreement,6,2.555498562820641e-29,2.4705143616120176e-29,2.6702389495650806e-29
A,K,0.3|wd0.0,aggregation K20 E5 f1 iid fedavg,delay_or_stalled,cli_neuron_freq_agree,6,0.99765625,0.997265625,0.998046875
A,K,0.3|wd0.0,aggregation K20 E5 f1 iid fedavg,post_cross,cli_n,24,20.0,20.0,20.0
A,K,0.3|wd0.0,aggregation K20 E5 f1 iid fedavg,post_cross,cli_agg_gap,24,9.963987732821422e-07,7.092669833886092e-07,1.5819490642194622e-06
A,K,0.3|wd0.0,aggregation K20 E5 f1 iid fedavg,post_cross,cli_rel_spread,24,0.002045066786813919,0.0014483762798330906,0.003275884951165134
A,K,0.3|wd0.0,aggregation K20 E5 f1 iid fedavg,post_cross,cli_cos_global_mean,24,0.999997896940972,0.999994553847589,0.9999989491817061
A,K,0.3|wd0.0,aggregation K20 E5 f1 iid fedavg,post_cross,cli_cos_global_min,24,0.9999976572457556,0.9999942295263047,0.9999988171872869
A,K,0.3|wd0.0,aggregation K20 E5 f1 iid fedavg,post_cross,cli_dev_pair_cos,24,-0.05260345641327517,-0.052620160152775666,-0.0525943565562619
A,K,0.3|wd0.0,aggregation K20 E5 f1 iid fedavg,post_cross,cli_dev_eff_rank_frac,24,0.9993286514021702,0.9991292797332612,0.9995814240967009
A,K,0.3|wd0.0,aggregation K20 E5 f1 iid fedavg,post_cross,cli_coherence,24,2.3964579057058985e-07,2.3626888493776078e-07,2.427397077550139e-07
A,K,0.3|wd0.0,aggregation K20 E5 f1 iid fedavg,post_cross,cli_key_n,24,43.0,42.0,43.0
A,K,0.3|wd0.0,aggregation K20 E5 f1 iid fedavg,post_cross,cli_dev_key_share,24,0.8949211075139218,0.8741114897256443,0.8960744560494699
A,K,0.3|wd0.0,aggregation K20 E5 f1 iid fedavg,post_cross,cli_dev_key_share_uniform,24,0.8958333333333334,0.875,0.8958333333333334
A,K,0.3|wd0.0,aggregation K20 E5 f1 iid fedavg,post_cross,cli_dev_key_over_uniform,24,0.9994812375256439,0.9988394927202303,1.0004659258997048
A,K,0.3|wd0.0,aggregation K20 E5 f1 iid fedavg,post_cross,cli_key_agreement,24,5.226503402211329e-28,2.038921280487081e-28,1.0463379694741652e-27
A,K,0.3|wd0.0,aggregation K20 E5 f1 iid fedavg,post_cross,cli_neuron_freq_agree,24,1.0,1.0,1.0
A,K,0.3|wd0.0,aggregation K5 E5 f1 iid fedavg,delay_or_stalled,cli_n,6,5.0,5.0,5.0
A,K,0.3|wd0.0,aggregation K5 E5 f1 iid fedavg,delay_or_stalled,cli_agg_gap,6,1.8590617187036806e-06,1.8160009308038866e-06,1.898116205733467e-06
A,K,0.3|wd0.0,aggregation K5 E5 f1 iid fedavg,delay_or_stalled,cli_rel_spread,6,0.004307025969313637,0.0041845734614520385,0.004374435158433934
A,K,0.3|wd0.0,aggregation K5 E5 f1 iid fedavg,delay_or_stalled,cli_cos_global_mean,6,0.999990722783209,0.9999904324226584,0.9999912443822897
A,K,0.3|wd0.0,aggregation K5 E5 f1 iid fedavg,delay_or_stalled,cli_cos_global_min,6,0.9999905857959703,0.9999902537430794,0.9999911274908151
A,K,0.3|wd0.0,aggregation K5 E5 f1 iid fedavg,delay_or_stalled,cli_dev_pair_cos,6,-0.24998294481359884,-0.24999195989964515,-0.2499734069150706
A,K,0.3|wd0.0,aggregation K5 E5 f1 iid fedavg,delay_or_stalled,cli_dev_eff_rank_frac,6,0.9999321482429503,0.9999023121946367,0.9999663257708217
A,K,0.3|wd0.0,aggregation K5 E5 f1 iid fedavg,delay_or_stalled,cli_coherence,6,1.8893291878600524e-07,1.8710096976503872e-07,1.9049459279174672e-07
A,K,0.3|wd0.0,aggregation K5 E5 f1 iid fedavg,delay_or_stalled,cli_key_n,6,42.5,42.0,43.0
A,K,0.3|wd0.0,aggregation K5 E5 f1 iid fedavg,delay_or_stalled,cli_dev_key_share,6,0.8850381509332148,0.8738281376046055,0.8961402601208232
A,K,0.3|wd0.0,aggregation K5 E5 f1 iid fedavg,delay_or_stalled,cli_dev_key_share_uniform,6,0.8854166666666667,0.875,0.8958333333333334
A,K,0.3|wd0.0,aggregation K5 E5 f1 iid fedavg,delay_or_stalled,cli_dev_key_over_uniform,6,0.9995798990723288,0.9983462629113178,1.0006570817284857
A,K,0.3|wd0.0,aggregation K5 E5 f1 iid fedavg,delay_or_stalled,cli_key_agreement,6,1.1424576615967009e-28,1.114650460478801e-28,1.1994996347964613e-28
A,K,0.3|wd0.0,aggregation K5 E5 f1 iid fedavg,delay_or_stalled,cli_neuron_freq_agree,6,0.99921875,0.9984375,1.0
A,K,0.3|wd0.0,aggregation K5 E5 f1 iid fedavg,post_cross,cli_n,24,5.0,5.0,5.0
A,K,0.3|wd0.0,aggregation K5 E5 f1 iid fedavg,post_cross,cli_agg_gap,24,4.1761919763939426e-07,2.918998947280508e-07,6.53190765570176e-07
A,K,0.3|wd0.0,aggregation K5 E5 f1 iid fedavg,post_cross,cli_rel_spread,24,0.0009537820516144181,0.0006606235947269081,0.0015212643663574208
A,K,0.3|wd0.0,aggregation K5 E5 f1 iid fedavg,post_cross,cli_cos_global_mean,24,0.999999543870228,0.9999988327813145,0.9999997815464476
A,K,0.3|wd0.0,aggregation K5 E5 f1 iid fedavg,post_cross,cli_cos_global_min,24,0.9999995342955221,0.9999987996841283,0.9999997772622475
A,K,0.3|wd0.0,aggregation K5 E5 f1 iid fedavg,post_cross,cli_dev_pair_cos,24,-0.24997689235688214,-0.24998435828088816,-0.24996570391017434
A,K,0.3|wd0.0,aggregation K5 E5 f1 iid fedavg,post_cross,cli_dev_eff_rank_frac,24,0.9998969554346883,0.999873170726986,0.9999143714064636
A,K,0.3|wd0.0,aggregation K5 E5 f1 iid fedavg,post_cross,cli_coherence,24,1.907145092885171e-07,1.887265020921282e-07,1.945290698308291e-07
A,K,0.3|wd0.0,aggregation K5 E5 f1 iid fedavg,post_cross,cli_key_n,24,43.0,42.0,43.0
A,K,0.3|wd0.0,aggregation K5 E5 f1 iid fedavg,post_cross,cli_dev_key_share,24,0.8935815677394898,0.8738972113419661,0.8954956655877295
A,K,0.3|wd0.0,aggregation K5 E5 f1 iid fedavg,post_cross,cli_dev_key_share_uniform,24,0.8958333333333334,0.875,0.8958333333333334
A,K,0.3|wd0.0,aggregation K5 E5 f1 iid fedavg,post_cross,cli_dev_key_over_uniform,24,0.9989011928691478,0.9950481924176507,1.0004826324475713
A,K,0.3|wd0.0,aggregation K5 E5 f1 iid fedavg,post_cross,cli_key_agreement,24,2.3474497370022075e-27,9.039692067041885e-28,4.8815791550645775e-27
A,K,0.3|wd0.0,aggregation K5 E5 f1 iid fedavg,post_cross,cli_neuron_freq_agree,24,1.0,1.0,1.0
A,K,0.3|wd0.0,aggregation K50 E5 f1 iid fedavg,delay_or_stalled,cli_n,7,50.0,50.0,50.0
A,K,0.3|wd0.0,aggregation K50 E5 f1 iid fedavg,delay_or_stalled,cli_agg_gap,7,1.6356652573384992e-05,1.6094454885259592e-05,1.7842302586765217e-05
A,K,0.3|wd0.0,aggregation K50 E5 f1 iid fedavg,delay_or_stalled,cli_rel_spread,7,0.013086403116618265,0.012777075696530903,0.0141837889414962
A,K,0.3|wd0.0,aggregation K50 E5 f1 iid fedavg,delay_or_stalled,cli_cos_global_mean,7,0.9999143844619981,0.9998994262866221,0.9999183839343571
A,K,0.3|wd0.0,aggregation K50 E5 f1 iid fedavg,delay_or_stalled,cli_cos_global_min,7,0.9999060426935024,0.9998930146797468,0.9999130167360193
A,K,0.3|wd0.0,aggregation K50 E5 f1 iid fedavg,delay_or_stalled,cli_dev_pair_cos,7,-0.020403984966287037,-0.02040408985095602,-0.02040315746697826
A,K,0.3|wd0.0,aggregation K50 E5 f1 iid fedavg,delay_or_stalled,cli_dev_eff_rank_frac,7,0.999424962944184,0.9994090652954863,0.9994403934370721
A,K,0.3|wd0.0,aggregation K50 E5 f1 iid fedavg,delay_or_stalled,cli_coherence,7,1.587072609214133e-06,1.5742624574096044e-06,1.5899264971193009e-06
A,K,0.3|wd0.0,aggregation K50 E5 f1 iid fedavg,delay_or_stalled,cli_key_n,7,43.0,42.5,43.0
A,K,0.3|wd0.0,aggregation K50 E5 f1 iid fedavg,delay_or_stalled,cli_dev_key_share,7,0.8955987643967573,0.8851217043788769,0.8958011236313217
A,K,0.3|wd0.0,aggregation K50 E5 f1 iid fedavg,delay_or_stalled,cli_dev_key_share_uniform,7,0.8958333333333334,0.8854166666666667,0.8958333333333334
A,K,0.3|wd0.0,aggregation K50 E5 f1 iid fedavg,delay_or_stalled,cli_dev_key_over_uniform,7,0.9999032584637695,0.9995566607867439,0.9999951715109229
A,K,0.3|wd0.0,aggregation K50 E5 f1 iid fedavg,delay_or_stalled,cli_key_agreement,7,1.333708354535769e-29,1.1161492424280826e-29,1.370980042353501e-29
A,K,0.3|wd0.0,aggregation K50 E5 f1 iid fedavg,delay_or_stalled,cli_neuron_freq_agree,7,0.99546875,0.992578125,0.998984375
A,K,0.3|wd0.0,aggregation K50 E5 f1 iid fedavg,post_cross,cli_n,23,50.0,50.0,50.0
A,K,0.3|wd0.0,aggregation K50 E5 f1 iid fedavg,post_cross,cli_agg_gap,23,3.6198447410985824e-06,2.6924265345936318e-06,5.897168600577779e-06
A,K,0.3|wd0.0,aggregation K50 E5 f1 iid fedavg,post_cross,cli_rel_spread,23,0.0028412311499275405,0.0021342464727100705,0.004663924696713227
A,K,0.3|wd0.0,aggregation K50 E5 f1 iid fedavg,post_cross,cli_cos_global_mean,23,0.9999959638078595,0.9999891071072962,0.9999977202657613
A,K,0.3|wd0.0,aggregation K50 E5 f1 iid fedavg,post_cross,cli_cos_global_min,23,0.9999954756908059,0.9999880800920508,0.9999972320508708
A,K,0.3|wd0.0,aggregation K50 E5 f1 iid fedavg,post_cross,cli_dev_pair_cos,23,-0.020393288550927702,-0.02040030415212412,-0.02038265354811132
A,K,0.3|wd0.0,aggregation K50 E5 f1 iid fedavg,post_cross,cli_dev_eff_rank_frac,23,0.9985320389558092,0.9980899707642035,0.9990615228340435
A,K,0.3|wd0.0,aggregation K50 E5 f1 iid fedavg,post_cross,cli_coherence,23,1.5933424039581967e-06,1.5842254179920253e-06,1.604825383065026e-06
A,K,0.3|wd0.0,aggregation K50 E5 f1 iid fedavg,post_cross,cli_key_n,23,43.0,42.0,43.0
A,K,0.3|wd0.0,aggregation K50 E5 f1 iid fedavg,post_cross,cli_dev_key_share,23,0.8947999190365726,0.8747113787581158,0.8954171992778774
A,K,0.3|wd0.0,aggregation K50 E5 f1 iid fedavg,post_cross,cli_dev_key_share_uniform,23,0.8958333333333334,0.875,0.8958333333333334
A,K,0.3|wd0.0,aggregation K50 E5 f1 iid fedavg,post_cross,cli_dev_key_over_uniform,23,0.9996152196911077,0.9992895880455979,0.9998874981088632
A,K,0.3|wd0.0,aggregation K50 E5 f1 iid fedavg,post_cross,cli_key_agreement,23,2.8638036131145804e-28,1.0415088262031907e-28,5.152315076223095e-28
A,K,0.3|wd0.0,aggregation K50 E5 f1 iid fedavg,post_cross,cli_neuron_freq_agree,23,1.0,1.0,1.0
A,dirichlet,0.3|wd0.0,dirichlet_setups K10 E5 f1 dirichlet0.01 fedavg,delay_or_stalled,cli_n,7,10.0,10.0,10.0
A,dirichlet,0.3|wd0.0,dirichlet_setups K10 E5 f1 dirichlet0.01 fedavg,delay_or_stalled,cli_agg_gap,7,0.0005212766752142166,0.0004710500248600888,0.0006092304837802005
A,dirichlet,0.3|wd0.0,dirichlet_setups K10 E5 f1 dirichlet0.01 fedavg,delay_or_stalled,cli_rel_spread,7,0.0051718384349524185,0.0050787704945380215,0.0058537780258221955
A,dirichlet,0.3|wd0.0,dirichlet_setups K10 E5 f1 dirichlet0.01 fedavg,delay_or_stalled,cli_cos_global_mean,7,0.9999865302854793,0.9999827185168869,0.9999869375852644
A,dirichlet,0.3|wd0.0,dirichlet_setups K10 E5 f1 dirichlet0.01 fedavg,delay_or_stalled,cli_cos_global_min,7,0.9999738070318537,0.9999712400026491,0.9999791761930181
A,dirichlet,0.3|wd0.0,dirichlet_setups K10 E5 f1 dirichlet0.01 fedavg,delay_or_stalled,cli_dev_pair_cos,7,-0.10888636657799924,-0.10959949201236682,-0.10809815185667954
A,dirichlet,0.3|wd0.0,dirichlet_setups K10 E5 f1 dirichlet0.01 fedavg,delay_or_stalled,cli_dev_eff_rank_frac,7,0.9907104142047984,0.9875577241815648,0.9932715779119399
A,dirichlet,0.3|wd0.0,dirichlet_setups K10 E5 f1 dirichlet0.01 fedavg,delay_or_stalled,cli_coherence,7,0.010174339928919184,0.007239472984678001,0.012489279374423318
A,dirichlet,0.3|wd0.0,dirichlet_setups K10 E5 f1 dirichlet0.01 fedavg,delay_or_stalled,cli_key_n,7,43.0,42.0,43.0
A,dirichlet,0.3|wd0.0,dirichlet_setups K10 E5 f1 dirichlet0.01 fedavg,delay_or_stalled,cli_dev_key_share,7,0.8967339414465734,0.8760882796891207,0.8984908618190528
A,dirichlet,0.3|wd0.0,dirichlet_setups K10 E5 f1 dirichlet0.01 fedavg,delay_or_stalled,cli_dev_key_share_uniform,7,0.8958333333333334,0.875,0.8958333333333334
A,dirichlet,0.3|wd0.0,dirichlet_setups K10 E5 f1 dirichlet0.01 fedavg,delay_or_stalled,cli_dev_key_over_uniform,7,1.0022230566292443,1.0006348848949522,1.0029665434259194
A,dirichlet,0.3|wd0.0,dirichlet_setups K10 E5 f1 dirichlet0.01 fedavg,delay_or_stalled,cli_key_agreement,7,8.045093628137453e-29,6.169690935928155e-29,8.396000581701279e-29
A,dirichlet,0.3|wd0.0,dirichlet_setups K10 E5 f1 dirichlet0.01 fedavg,delay_or_stalled,cli_neuron_freq_agree,7,1.0,0.995703125,1.0
A,dirichlet,0.3|wd0.0,dirichlet_setups K10 E5 f1 dirichlet0.01 fedavg,post_cross,cli_n,23,10.0,10.0,10.0
A,dirichlet,0.3|wd0.0,dirichlet_setups K10 E5 f1 dirichlet0.01 fedavg,post_cross,cli_agg_gap,23,0.00014966514019284247,0.00011766380037418251,0.00022902191914801133
A,dirichlet,0.3|wd0.0,dirichlet_setups K10 E5 f1 dirichlet0.01 fedavg,post_cross,cli_rel_spread,23,0.0014518761809109344,0.0011299253961960048,0.002144250380568198
A,dirichlet,0.3|wd0.0,dirichlet_setups K10 E5 f1 dirichlet0.01 fedavg,post_cross,cli_cos_global_mean,23,0.999998938835511,0.9999976788320617,0.9999993545061328
A,dirichlet,0.3|wd0.0,dirichlet_setups K10 E5 f1 dirichlet0.01 fedavg,post_cross,cli_cos_global_min,23,0.9999979867192201,0.9999959826140741,0.9999988310036072
A,dirichlet,0.3|wd0.0,dirichlet_setups K10 E5 f1 dirichlet0.01 fedavg,post_cross,cli_dev_pair_cos,23,-0.1084744252649241,-0.10955825495619817,-0.10685551936238359
A,dirichlet,0.3|wd0.0,dirichlet_setups K10 E5 f1 dirichlet0.01 fedavg,post_cross,cli_dev_eff_rank_frac,23,0.9888071511137448,0.9832932061277385,0.992799082605551
A,dirichlet,0.3|wd0.0,dirichlet_setups K10 E5 f1 dirichlet0.01 fedavg,post_cross,cli_coherence,23,0.01029154951328966,0.006949732389013558,0.015106747580644432
A,dirichlet,0.3|wd0.0,dirichlet_setups K10 E5 f1 dirichlet0.01 fedavg,post_cross,cli_key_n,23,43.0,43.0,43.0
A,dirichlet,0.3|wd0.0,dirichlet_setups K10 E5 f1 dirichlet0.01 fedavg,post_cross,cli_dev_key_share,23,0.8945333149139266,0.8929651895031243,0.8957240280351139
A,dirichlet,0.3|wd0.0,dirichlet_setups K10 E5 f1 dirichlet0.01 fedavg,post_cross,cli_dev_key_share_uniform,23,0.8958333333333334,0.8958333333333334,0.8958333333333334
A,dirichlet,0.3|wd0.0,dirichlet_setups K10 E5 f1 dirichlet0.01 fedavg,post_cross,cli_dev_key_over_uniform,23,0.9992814965213601,0.9977843459460278,1.0000206045663675
A,dirichlet,0.3|wd0.0,dirichlet_setups K10 E5 f1 dirichlet0.01 fedavg,post_cross,cli_key_agreement,23,1.0944933823440264e-27,4.908711426353012e-28,1.7916230021581116e-27
A,dirichlet,0.3|wd0.0,dirichlet_setups K10 E5 f1 dirichlet0.01 fedavg,post_cross,cli_neuron_freq_agree,23,1.0,1.0,1.0
A,dirichlet,0.3|wd0.0,dirichlet_setups K10 E5 f1 dirichlet0.1 fedavg,delay_or_stalled,cli_n,6,10.0,10.0,10.0
A,dirichlet,0.3|wd0.0,dirichlet_setups K10 E5 f1 dirichlet0.1 fedavg,delay_or_stalled,cli_agg_gap,6,0.0005554650670292263,0.0005302340644671679,0.0005726796985365855
A,dirichlet,0.3|wd0.0,dirichlet_setups K10 E5 f1 dirichlet0.1 fedavg,delay_or_stalled,cli_rel_spread,6,0.006070229152985242,0.00573523795717153,0.00629098126781963
A,dirichlet,0.3|wd0.0,dirichlet_setups K10 E5 f1 dirichlet0.1 fedavg,delay_or_stalled,cli_cos_global_mean,6,0.9999814168176445,0.9999800232060982,0.9999833986445797
A,dirichlet,0.3|wd0.0,dirichlet_setups K10 E5 f1 dirichlet0.1 fedavg,delay_or_stalled,cli_cos_global_min,6,0.9999685293943844,0.9999658103158486,0.9999710581632042
A,dirichlet,0.3|wd0.0,dirichlet_setups K10 E5 f1 dirichlet0.1 fedavg,delay_or_stalled,cli_dev_pair_cos,6,-0.10908241655363252,-0.10911332846056668,-0.10881266191716375
A,dirichlet,0.3|wd0.0,dirichlet_setups K10 E5 f1 dirichlet0.1 fedavg,delay_or_stalled,cli_dev_eff_rank_frac,6,0.9912547665240574,0.9903626535561961,0.9913692622656258
A,dirichlet,0.3|wd0.0,dirichlet_setups K10 E5 f1 dirichlet0.1 fedavg,delay_or_stalled,cli_coherence,6,0.007936868762629227,0.00777097610113145,0.009557507673802665
A,dirichlet,0.3|wd0.0,dirichlet_setups K10 E5 f1 dirichlet0.1 fedavg,delay_or_stalled,cli_key_n,6,43.0,42.25,43.0
A,dirichlet,0.3|wd0.0,dirichlet_setups K10 E5 f1 dirichlet0.1 fedavg,delay_or_stalled,cli_dev_key_share,6,0.8949884629366762,0.8790968149025122,0.8954165747834456
A,dirichlet,0.3|wd0.0,dirichlet_setups K10 E5 f1 dirichlet0.1 fedavg,delay_or_stalled,cli_dev_key_share_uniform,6,0.8958333333333334,0.8802083333333334,0.8958333333333334
A,dirichlet,0.3|wd0.0,dirichlet_setups K10 E5 f1 dirichlet0.1 fedavg,delay_or_stalled,cli_dev_key_over_uniform,6,0.9990568888595455,0.9987370920781674,0.9995347811536137
A,dirichlet,0.3|wd0.0,dirichlet_setups K10 E5 f1 dirichlet0.1 fedavg,delay_or_stalled,cli_key_agreement,6,5.869687963935283e-29,5.489841302111442e-29,6.509737687152161e-29
A,dirichlet,0.3|wd0.0,dirichlet_setups K10 E5 f1 dirichlet0.1 fedavg,delay_or_stalled,cli_neuron_freq_agree,6,0.994921875,0.9931640625,0.997265625
A,dirichlet,0.3|wd0.0,dirichlet_setups K10 E5 f1 dirichlet0.1 fedavg,post_cross,cli_n,24,10.0,10.0,10.0
A,dirichlet,0.3|wd0.0,dirichlet_setups K10 E5 f1 dirichlet0.1 fedavg,post_cross,cli_agg_gap,24,0.000134577278002984,9.453546974785206e-05,0.00022360873320115566
A,dirichlet,0.3|wd0.0,dirichlet_setups K10 E5 f1 dirichlet0.1 fedavg,post_cross,cli_rel_spread,24,0.0014624383665166804,0.0010494054967835845,0.0023334620227025713
A,dirichlet,0.3|wd0.0,dirichlet_setups K10 E5 f1 dirichlet0.1 fedavg,post_cross,cli_cos_global_mean,24,0.9999989201500625,0.9999972267227175,0.9999994441558034
A,dirichlet,0.3|wd0.0,dirichlet_setups K10 E5 f1 dirichlet0.1 fedavg,post_cross,cli_cos_global_min,24,0.9999980753977469,0.9999949790278038,0.9999990220339192
A,dirichlet,0.3|wd0.0,dirichlet_setups K10 E5 f1 dirichlet0.1 fedavg,post_cross,cli_dev_pair_cos,24,-0.1090453276001487,-0.10922916339849632,-0.10877891881009291
A,dirichlet,0.3|wd0.0,dirichlet_setups K10 E5 f1 dirichlet0.1 fedavg,post_cross,cli_dev_eff_rank_frac,24,0.9909583693716482,0.9901473103101783,0.9918077158004119
A,dirichlet,0.3|wd0.0,dirichlet_setups K10 E5 f1 dirichlet0.1 fedavg,post_cross,cli_coherence,24,0.007881480534565725,0.007829135444275284,0.009309723434340274
A,dirichlet,0.3|wd0.0,dirichlet_setups K10 E5 f1 dirichlet0.1 fedavg,post_cross,cli_key_n,24,43.0,42.0,43.0
A,dirichlet,0.3|wd0.0,dirichlet_setups K10 E5 f1 dirichlet0.1 fedavg,post_cross,cli_dev_key_share,24,0.894671821618009,0.8742844566344118,0.895305534317281
A,dirichlet,0.3|wd0.0,dirichlet_setups K10 E5 f1 dirichlet0.1 fedavg,post_cross,cli_dev_key_share_uniform,24,0.8958333333333334,0.875,0.8958333333333334
A,dirichlet,0.3|wd0.0,dirichlet_setups K10 E5 f1 dirichlet0.1 fedavg,post_cross,cli_dev_key_over_uniform,24,0.9990380779583308,0.9982523903425957,0.9995955909444438
A,dirichlet,0.3|wd0.0,dirichlet_setups K10 E5 f1 dirichlet0.1 fedavg,post_cross,cli_key_agreement,24,1.040957352521396e-27,4.133259707452079e-28,2.0322610159609288e-27
A,dirichlet,0.3|wd0.0,dirichlet_setups K10 E5 f1 dirichlet0.1 fedavg,post_cross,cli_neuron_freq_agree,24,1.0,1.0,1.0
A,dirichlet,0.3|wd0.0,dirichlet_setups K10 E5 f1 dirichlet1 fedavg,delay_or_stalled,cli_n,6,10.0,10.0,10.0
A,dirichlet,0.3|wd0.0,dirichlet_setups K10 E5 f1 dirichlet1 fedavg,delay_or_stalled,cli_agg_gap,6,0.00022533434980156333,0.00020374861835087776,0.00026945332638244636
A,dirichlet,0.3|wd0.0,dirichlet_setups K10 E5 f1 dirichlet1 fedavg,delay_or_stalled,cli_rel_spread,6,0.006384147020364068,0.006164307742690132,0.006517412526737132
A,dirichlet,0.3|wd0.0,dirichlet_setups K10 E5 f1 dirichlet1 fedavg,delay_or_stalled,cli_cos_global_mean,6,0.9999795903855895,0.9999787283714112,0.9999809660349328
A,dirichlet,0.3|wd0.0,dirichlet_setups K10 E5 f1 dirichlet1 fedavg,delay_or_stalled,cli_cos_global_min,6,0.9999753885015605,0.9999737792012502,0.999976428261265
A,dirichlet,0.3|wd0.0,dirichlet_setups K10 E5 f1 dirichlet1 fedavg,delay_or_stalled,cli_dev_pair_cos,6,-0.11084027666066301,-0.1108658406039595,-0.11069213075858303
A,dirichlet,0.3|wd0.0,dirichlet_setups K10 E5 f1 dirichlet1 fedavg,delay_or_stalled,cli_dev_eff_rank_frac,6,0.9987193850625752,0.9979549207948668,0.9988324283840171
A,dirichlet,0.3|wd0.0,dirichlet_setups K10 E5 f1 dirichlet1 fedavg,delay_or_stalled,cli_coherence,6,0.0012649856077121748,0.001013715436560416,0.0018947180465866036
A,dirichlet,0.3|wd0.0,dirichlet_setups K10 E5 f1 dirichlet1 fedavg,delay_or_stalled,cli_key_n,6,42.5,42.0,43.0
A,dirichlet,0.3|wd0.0,dirichlet_setups K10 E5 f1 dirichlet1 fedavg,delay_or_stalled,cli_dev_key_share,6,0.8856777982151947,0.8762642548278128,0.8952678695344907
A,dirichlet,0.3|wd0.0,dirichlet_setups K10 E5 f1 dirichlet1 fedavg,delay_or_stalled,cli_dev_key_share_uniform,6,0.8854166666666667,0.875,0.8958333333333334
A,dirichlet,0.3|wd0.0,dirichlet_setups K10 E5 f1 dirichlet1 fedavg,delay_or_stalled,cli_dev_key_over_uniform,6,1.000986917112224,0.9998121733692809,1.001339513201212
A,dirichlet,0.3|wd0.0,dirichlet_setups K10 E5 f1 dirichlet1 fedavg,delay_or_stalled,cli_key_agreement,6,5.233793455309666e-29,5.038349343056912e-29,5.501906516972982e-29
A,dirichlet,0.3|wd0.0,dirichlet_setups K10 E5 f1 dirichlet1 fedavg,delay_or_stalled,cli_neuron_freq_agree,6,0.998828125,0.9958984375000001,1.0
A,dirichlet,0.3|wd0.0,dirichlet_setups K10 E5 f1 dirichlet1 fedavg,post_cross,cli_n,24,10.0,10.0,10.0
A,dirichlet,0.3|wd0.0,dirichlet_setups K10 E5 f1 dirichlet1 fedavg,post_cross,cli_agg_gap,24,5.396773973573898e-05,3.745076899818153e-05,8.968759367726903e-05
A,dirichlet,0.3|wd0.0,dirichlet_setups K10 E5 f1 dirichlet1 fedavg,post_cross,cli_rel_spread,24,0.0014361945849692892,0.0010136174223346055,0.0022557572922909663
A,dirichlet,0.3|wd0.0,dirichlet_setups K10 E5 f1 dirichlet1 fedavg,post_cross,cli_cos_global_mean,24,0.9999989644809165,0.9999974264057564,0.9999994840254406
A,dirichlet,0.3|wd0.0,dirichlet_setups K10 E5 f1 dirichlet1 fedavg,post_cross,cli_cos_global_min,24,0.9999987429717023,0.9999968185269196,0.9999993959840643
A,dirichlet,0.3|wd0.0,dirichlet_setups K10 E5 f1 dirichlet1 fedavg,post_cross,cli_dev_pair_cos,24,-0.1107956219236862,-0.11082663983036724,-0.11072765053350792
A,dirichlet,0.3|wd0.0,dirichlet_setups K10 E5 f1 dirichlet1 fedavg,post_cross,cli_dev_eff_rank_frac,24,0.998312821423315,0.9981170302027342,0.9985608408270148
A,dirichlet,0.3|wd0.0,dirichlet_setups K10 E5 f1 dirichlet1 fedavg,post_cross,cli_coherence,24,0.0012396341562620722,0.0009589066367484426,0.00212841435509643
A,dirichlet,0.3|wd0.0,dirichlet_setups K10 E5 f1 dirichlet1 fedavg,post_cross,cli_key_n,24,43.0,42.0,43.0
A,dirichlet,0.3|wd0.0,dirichlet_setups K10 E5 f1 dirichlet1 fedavg,post_cross,cli_dev_key_share,24,0.895221688937438,0.8761935225186728,0.8965876831752094
A,dirichlet,0.3|wd0.0,dirichlet_setups K10 E5 f1 dirichlet1 fedavg,post_cross,cli_dev_key_share_uniform,24,0.8958333333333334,0.875,0.8958333333333334
A,dirichlet,0.3|wd0.0,dirichlet_setups K10 E5 f1 dirichlet1 fedavg,post_cross,cli_dev_key_over_uniform,24,1.0008195906211073,0.9994566438577587,1.0013405114595502
A,dirichlet,0.3|wd0.0,dirichlet_setups K10 E5 f1 dirichlet1 fedavg,post_cross,cli_key_agreement,24,1.0422188986051356e-27,4.133061443772639e-28,2.1261342775853143e-27
A,dirichlet,0.3|wd0.0,dirichlet_setups K10 E5 f1 dirichlet1 fedavg,post_cross,cli_neuron_freq_agree,24,1.0,1.0,1.0
A,dirichlet,0.3|wd0.0,dirichlet_setups K10 E5 f1 dirichlet10 fedavg,delay_or_stalled,cli_n,6,10.0,10.0,10.0
A,dirichlet,0.3|wd0.0,dirichlet_setups K10 E5 f1 dirichlet10 fedavg,delay_or_stalled,cli_agg_gap,6,0.00016869296270774443,0.00016424093857404266,0.00018953472756784518
A,dirichlet,0.3|wd0.0,dirichlet_setups K10 E5 f1 dirichlet10 fedavg,delay_or_stalled,cli_rel_spread,6,0.006469626731921196,0.006264475898301993,0.006571581708239145
A,dirichlet,0.3|wd0.0,dirichlet_setups K10 E5 f1 dirichlet10 fedavg,delay_or_stalled,cli_cos_global_mean,6,0.9999790564852474,0.9999783884557603,0.9999803584297877
A,dirichlet,0.3|wd0.0,dirichlet_setups K10 E5 f1 dirichlet10 fedavg,delay_or_stalled,cli_cos_global_min,6,0.9999745810879508,0.9999732533171433,0.9999756476306776
A,dirichlet,0.3|wd0.0,dirichlet_setups K10 E5 f1 dirichlet10 fedavg,delay_or_stalled,cli_dev_pair_cos,6,-0.11094707716602356,-0.11095245993612529,-0.1108914700912059
A,dirichlet,0.3|wd0.0,dirichlet_setups K10 E5 f1 dirichlet10 fedavg,delay_or_stalled,cli_dev_eff_rank_frac,6,0.9991763281992683,0.9989370360688237,0.9992158730750625
A,dirichlet,0.3|wd0.0,dirichlet_setups K10 E5 f1 dirichlet10 fedavg,delay_or_stalled,cli_coherence,6,0.0006864261284946196,0.0006448842003799722,0.0009098930024468297
A,dirichlet,0.3|wd0.0,dirichlet_setups K10 E5 f1 dirichlet10 fedavg,delay_or_stalled,cli_key_n,6,42.5,42.0,43.0
A,dirichlet,0.3|wd0.0,dirichlet_setups K10 E5 f1 dirichlet10 fedavg,delay_or_stalled,cli_dev_key_share,6,0.8858906053234833,0.8749159648207709,0.8965899144180982
A,dirichlet,0.3|wd0.0,dirichlet_setups K10 E5 f1 dirichlet10 fedavg,delay_or_stalled,cli_dev_key_share_uniform,6,0.8854166666666667,0.875,0.8958333333333334
A,dirichlet,0.3|wd0.0,dirichlet_setups K10 E5 f1 dirichlet10 fedavg,delay_or_stalled,cli_dev_key_over_uniform,6,1.0005408451313933,0.9996670972381481,1.0010814181865233
A,dirichlet,0.3|wd0.0,dirichlet_setups K10 E5 f1 dirichlet10 fedavg,delay_or_stalled,cli_key_agreement,6,4.987528760437265e-29,4.9010564204736917e-29,5.291706604037127e-29
A,dirichlet,0.3|wd0.0,dirichlet_setups K10 E5 f1 dirichlet10 fedavg,delay_or_stalled,cli_neuron_freq_agree,6,0.99765625,0.996484375,0.9994140625
A,dirichlet,0.3|wd0.0,dirichlet_setups K10 E5 f1 dirichlet10 fedavg,post_cross,cli_n,24,10.0,10.0,10.0
A,dirichlet,0.3|wd0.0,dirichlet_setups K10 E5 f1 dirichlet10 fedavg,post_cross,cli_agg_gap,24,4.0845637255898766e-05,2.856991040650414e-05,6.544739518834735e-05
A,dirichlet,0.3|wd0.0,dirichlet_setups K10 E5 f1 dirichlet10 fedavg,post_cross,cli_rel_spread,24,0.0014540245793654783,0.0010138388967528467,0.0023193276328191824
A,dirichlet,0.3|wd0.0,dirichlet_setups K10 E5 f1 dirichlet10 fedavg,post_cross,cli_cos_global_mean,24,0.9999989404103782,0.9999972858391889,0.9999994849878566
A,dirichlet,0.3|wd0.0,dirichlet_setups K10 E5 f1 dirichlet10 fedavg,post_cross,cli_cos_global_min,24,0.9999986704892587,0.9999966591928364,0.9999993541440861
A,dirichlet,0.3|wd0.0,dirichlet_setups K10 E5 f1 dirichlet10 fedavg,post_cross,cli_dev_pair_cos,24,-0.11087706448487354,-0.11093356875977027,-0.1108552881218895
A,dirichlet,0.3|wd0.0,dirichlet_setups K10 E5 f1 dirichlet10 fedavg,post_cross,cli_dev_eff_rank_frac,24,0.9987687980683788,0.9985629488344312,0.9990425445415627
A,dirichlet,0.3|wd0.0,dirichlet_setups K10 E5 f1 dirichlet10 fedavg,post_cross,cli_coherence,24,0.0007060567565341934,0.0006505073471011996,0.0009840209954633822
A,dirichlet,0.3|wd0.0,dirichlet_setups K10 E5 f1 dirichlet10 fedavg,post_cross,cli_key_n,24,43.0,42.0,43.0
A,dirichlet,0.3|wd0.0,dirichlet_setups K10 E5 f1 dirichlet10 fedavg,post_cross,cli_dev_key_share,24,0.8938388674545792,0.8770938253579441,0.8950735196212324
A,dirichlet,0.3|wd0.0,dirichlet_setups K10 E5 f1 dirichlet10 fedavg,post_cross,cli_dev_key_share_uniform,24,0.8958333333333334,0.875,0.8958333333333334
A,dirichlet,0.3|wd0.0,dirichlet_setups K10 E5 f1 dirichlet10 fedavg,post_cross,cli_dev_key_over_uniform,24,0.9998589209665195,0.9989760002054371,1.0012091516458512
A,dirichlet,0.3|wd0.0,dirichlet_setups K10 E5 f1 dirichlet10 fedavg,post_cross,cli_key_agreement,24,1.0217283492181555e-27,3.927467836673603e-28,2.0757547986276226e-27
A,dirichlet,0.3|wd0.0,dirichlet_setups K10 E5 f1 dirichlet10 fedavg,post_cross,cli_neuron_freq_agree,24,1.0,1.0,1.0
A,dirichlet,0.3|wd0.0,dirichlet_setups K10 E5 f1 dirichlet1000 fedavg,delay_or_stalled,cli_n,6,10.0,10.0,10.0
A,dirichlet,0.3|wd0.0,dirichlet_setups K10 E5 f1 dirichlet1000 fedavg,delay_or_stalled,cli_agg_gap,6,0.00016710327423905254,0.00016256170702464025,0.00016759574171389672
A,dirichlet,0.3|wd0.0,dirichlet_setups K10 E5 f1 dirichlet1000 fedavg,delay_or_stalled,cli_rel_spread,6,0.0064533219044811945,0.006285306599353,0.006584057361477439
A,dirichlet,0.3|wd0.0,dirichlet_setups K10 E5 f1 dirichlet1000 fedavg,delay_or_stalled,cli_cos_global_mean,6,0.999979161472481,0.9999783120554611,0.9999802332942321
A,dirichlet,0.3|wd0.0,dirichlet_setups K10 E5 f1 dirichlet1000 fedavg,delay_or_stalled,cli_cos_global_min,6,0.9999752273968641,0.9999739004603753,0.9999757966093071
A,dirichlet,0.3|wd0.0,dirichlet_setups K10 E5 f1 dirichlet1000 fedavg,delay_or_stalled,cli_dev_pair_cos,6,-0.11097343567496751,-0.11097860919714204,-0.11094187364100525
A,dirichlet,0.3|wd0.0,dirichlet_setups K10 E5 f1 dirichlet1000 fedavg,delay_or_stalled,cli_dev_eff_rank_frac,6,0.9993040608661841,0.9991608905172761,0.9993433447602555
A,dirichlet,0.3|wd0.0,dirichlet_setups K10 E5 f1 dirichlet1000 fedavg,delay_or_stalled,cli_coherence,6,0.0006574877417709522,0.0006440670472756364,0.0007023255496211433
A,dirichlet,0.3|wd0.0,dirichlet_setups K10 E5 f1 dirichlet1000 fedavg,delay_or_stalled,cli_key_n,6,42.5,42.0,43.0
A,dirichlet,0.3|wd0.0,dirichlet_setups K10 E5 f1 dirichlet1000 fedavg,delay_or_stalled,cli_dev_key_share,6,0.8859225535099061,0.8750618583060105,0.8958511985877429
A,dirichlet,0.3|wd0.0,dirichlet_setups K10 E5 f1 dirichlet1000 fedavg,delay_or_stalled,cli_dev_key_share_uniform,6,0.8854166666666667,0.875,0.8958333333333334
A,dirichlet,0.3|wd0.0,dirichlet_setups K10 E5 f1 dirichlet1000 fedavg,delay_or_stalled,cli_dev_key_over_uniform,6,0.999920679997097,0.9996410405561624,1.0004073397747466
A,dirichlet,0.3|wd0.0,dirichlet_setups K10 E5 f1 dirichlet1000 fedavg,delay_or_stalled,cli_key_agreement,6,5.0073553519288317e-29,4.861175571184181e-29,5.298572863061227e-29
A,dirichlet,0.3|wd0.0,dirichlet_setups K10 E5 f1 dirichlet1000 fedavg,delay_or_stalled,cli_neuron_freq_agree,6,0.9984375000000001,0.99765625,0.9998046875
A,dirichlet,0.3|wd0.0,dirichlet_setups K10 E5 f1 dirichlet1000 fedavg,post_cross,cli_n,24,10.0,10.0,10.0
A,dirichlet,0.3|wd0.0,dirichlet_setups K10 E5 f1 dirichlet1000 fedavg,post_cross,cli_agg_gap,24,3.808524228918135e-05,2.6878365819576955e-05,5.939627487000046e-05
A,dirichlet,0.3|wd0.0,dirichlet_setups K10 E5 f1 dirichlet1000 fedavg,post_cross,cli_rel_spread,24,0.0014602597952654696,0.001036846788187138,0.0023167192687376056
A,dirichlet,0.3|wd0.0,dirichlet_setups K10 E5 f1 dirichlet1000 fedavg,post_cross,cli_cos_global_mean,24,0.9999989261251832,0.9999972863848932,0.9999994595913911
A,dirichlet,0.3|wd0.0,dirichlet_setups K10 E5 f1 dirichlet1000 fedavg,post_cross,cli_cos_global_min,24,0.9999986978398483,0.9999967172760953,0.9999993572222153
A,dirichlet,0.3|wd0.0,dirichlet_setups K10 E5 f1 dirichlet1000 fedavg,post_cross,cli_dev_pair_cos,24,-0.11096946468765478,-0.11098055958529802,-0.11094831573793018
A,dirichlet,0.3|wd0.0,dirichlet_setups K10 E5 f1 dirichlet1000 fedavg,post_cross,cli_dev_eff_rank_frac,24,0.9991690633096457,0.9990333684447653,0.9992418737218975
A,dirichlet,0.3|wd0.0,dirichlet_setups K10 E5 f1 dirichlet1000 fedavg,post_cross,cli_coherence,24,0.0006747321791955174,0.0006553203519835339,0.0007049975027803217
A,dirichlet,0.3|wd0.0,dirichlet_setups K10 E5 f1 dirichlet1000 fedavg,post_cross,cli_key_n,24,43.0,42.0,43.0
A,dirichlet,0.3|wd0.0,dirichlet_setups K10 E5 f1 dirichlet1000 fedavg,post_cross,cli_dev_key_share,24,0.8953090390966578,0.8767117017366378,0.895994515133215
A,dirichlet,0.3|wd0.0,dirichlet_setups K10 E5 f1 dirichlet1000 fedavg,post_cross,cli_dev_key_share_uniform,24,0.8958333333333334,0.875,0.8958333333333334
A,dirichlet,0.3|wd0.0,dirichlet_setups K10 E5 f1 dirichlet1000 fedavg,post_cross,cli_dev_key_over_uniform,24,1.0002130049544649,0.9997239784065455,1.0013126502478502
A,dirichlet,0.3|wd0.0,dirichlet_setups K10 E5 f1 dirichlet1000 fedavg,post_cross,cli_key_agreement,24,1.0108349512905923e-27,3.943513311468463e-28,2.0213293427401e-27
A,dirichlet,0.3|wd0.0,dirichlet_setups K10 E5 f1 dirichlet1000 fedavg,post_cross,cli_neuron_freq_agree,24,1.0,1.0,1.0
A,f,0.3|wd0.0,participation_setups K20 E5 f0.25 iid fedavg,post_cross,cli_n,30,5.0,5.0,5.0
A,f,0.3|wd0.0,participation_setups K20 E5 f0.25 iid fedavg,post_cross,cli_agg_gap,30,4.2721905863518356e-08,4.2282509922452365e-08,4.2553362922037e-07
A,f,0.3|wd0.0,participation_setups K20 E5 f0.25 iid fedavg,post_cross,cli_rel_spread,30,0.00038749292244801513,0.00026651381623382436,0.0007806229784533716
A,f,0.3|wd0.0,participation_setups K20 E5 f0.25 iid fedavg,post_cross,cli_cos_global_mean,30,0.9999999249236309,0.9999996946257085,0.9999999644855126
A,f,0.3|wd0.0,participation_setups K20 E5 f0.25 iid fedavg,post_cross,cli_cos_global_min,30,0.9999999138410919,0.9999996593761991,0.999999960053724
A,f,0.3|wd0.0,participation_setups K20 E5 f0.25 iid fedavg,post_cross,cli_dev_pair_cos,30,-0.24950053702353647,-0.249706395603836,-0.24917377119671388
A,f,0.3|wd0.0,participation_setups K20 E5 f0.25 iid fedavg,post_cross,cli_dev_eff_rank_frac,30,0.9988964997419914,0.9981219613443297,0.9992655739043796
A,f,0.3|wd0.0,participation_setups K20 E5 f0.25 iid fedavg,post_cross,cli_coherence,30,2.575548354571477e-08,9.659974008135728e-09,1.9282697210936513e-06
A,f,0.3|wd0.0,participation_setups K20 E5 f0.25 iid fedavg,post_cross,cli_key_n,30,42.0,42.0,43.0
A,f,0.3|wd0.0,participation_setups K20 E5 f0.25 iid fedavg,post_cross,cli_dev_key_share,30,0.8778606368290561,0.8733788722211261,0.8947522872464057
A,f,0.3|wd0.0,participation_setups K20 E5 f0.25 iid fedavg,post_cross,cli_dev_key_share_uniform,30,0.875,0.875,0.8958333333333334
A,f,0.3|wd0.0,participation_setups K20 E5 f0.25 iid fedavg,post_cross,cli_dev_key_over_uniform,30,0.9989152021289341,0.9966506637628901,1.0005759019638067
A,f,0.3|wd0.0,participation_setups K20 E5 f0.25 iid fedavg,post_cross,cli_key_agreement,30,1.4828094856447548e-26,3.634614217458787e-27,3.0325902785938026e-26
A,f,0.3|wd0.0,participation_setups K20 E5 f0.25 iid fedavg,post_cross,cli_neuron_freq_agree,30,1.0,1.0,1.0
A,f,0.3|wd0.0,participation_setups K20 E5 f0.5 iid fedavg,delay_or_stalled,cli_n,3,10.0,10.0,10.0
A,f,0.3|wd0.0,participation_setups K20 E5 f0.5 iid fedavg,delay_or_stalled,cli_agg_gap,3,8.072380159466083e-06,7.132988559710664e-06,8.119108941686443e-06
A,f,0.3|wd0.0,participation_setups K20 E5 f0.5 iid fedavg,delay_or_stalled,cli_rel_spread,3,0.008569700835611743,0.008540300635880002,0.0086136262555174
A,f,0.3|wd0.0,participation_setups K20 E5 f0.5 iid fedavg,delay_or_stalled,cli_cos_global_mean,3,0.9999632854107766,0.9999629062898798,0.9999635364015433
A,f,0.3|wd0.0,participation_setups K20 E5 f0.5 iid fedavg,delay_or_stalled,cli_cos_global_min,3,0.9999609411605265,0.9999608568899192,0.999961405377793
A,f,0.3|wd0.0,participation_setups K20 E5 f0.5 iid fedavg,delay_or_stalled,cli_dev_pair_cos,3,-0.11104465332059876,-0.11106591515689618,-0.1110417131693749
A,f,0.3|wd0.0,participation_setups K20 E5 f0.5 iid fedavg,delay_or_stalled,cli_dev_eff_rank_frac,3,0.9996086034041441,0.9995970106781262,0.9997132765716298
A,f,0.3|wd0.0,participation_setups K20 E5 f0.5 iid fedavg,delay_or_stalled,cli_coherence,3,8.896331104815593e-07,7.059871334543095e-07,8.946188961436926e-07
A,f,0.3|wd0.0,participation_setups K20 E5 f0.5 iid fedavg,delay_or_stalled,cli_key_n,3,42.0,42.0,42.0
A,f,0.3|wd0.0,participation_setups K20 E5 f0.5 iid fedavg,delay_or_stalled,cli_dev_key_share,3,0.8749888607157428,0.8743349832174196,0.8752151581394798
A,f,0.3|wd0.0,participation_setups K20 E5 f0.5 iid fedavg,delay_or_stalled,cli_dev_key_share_uniform,3,0.875,0.875,0.875
A,f,0.3|wd0.0,participation_setups K20 E5 f0.5 iid fedavg,delay_or_stalled,cli_dev_key_over_uniform,3,0.9999872693894203,0.9992399808199082,1.0002458950165483
A,f,0.3|wd0.0,participation_setups K20 E5 f0.5 iid fedavg,delay_or_stalled,cli_key_agreement,3,2.846328177578027e-29,2.8156183406708206e-29,2.8928211020063584e-29
A,f,0.3|wd0.0,participation_setups K20 E5 f0.5 iid fedavg,delay_or_stalled,cli_neuron_freq_agree,3,0.9984375,0.9976562499999999,0.99921875
A,f,0.3|wd0.0,participation_setups K20 E5 f0.5 iid fedavg,post_cross,cli_n,27,10.0,10.0,10.0
A,f,0.3|wd0.0,participation_setups K20 E5 f0.5 iid fedavg,post_cross,cli_agg_gap,27,4.941487494467011e-07,3.380423360268132e-07,1.0386757462292059e-06
A,f,0.3|wd0.0,participation_setups K20 E5 f0.5 iid fedavg,post_cross,cli_rel_spread,27,0.0008846934158154113,0.0005851246020327735,0.0015613149683296448
A,f,0.3|wd0.0,participation_setups K20 E5 f0.5 iid fedavg,post_cross,cli_cos_global_mean,27,0.9999996086623991,0.9999987811293554,0.9999998284531507
A,f,0.3|wd0.0,participation_setups K20 E5 f0.5 iid fedavg,post_cross,cli_cos_global_min,27,0.9999995727695302,0.9999986499280171,0.9999997967085772
A,f,0.3|wd0.0,participation_setups K20 E5 f0.5 iid fedavg,post_cross,cli_dev_pair_cos,27,-0.11095337503830636,-0.11101864109673026,-0.11089329420235478
A,f,0.3|wd0.0,participation_setups K20 E5 f0.5 iid fedavg,post_cross,cli_dev_eff_rank_frac,27,0.9990352551300526,0.9986242976095483,0.9993149683350977
A,f,0.3|wd0.0,participation_setups K20 E5 f0.5 iid fedavg,post_cross,cli_coherence,27,4.867494317645703e-07,4.3842946579761774e-07,5.581432149720332e-07
A,f,0.3|wd0.0,participation_setups K20 E5 f0.5 iid fedavg,post_cross,cli_key_n,27,42.0,42.0,43.0
A,f,0.3|wd0.0,participation_setups K20 E5 f0.5 iid fedavg,post_cross,cli_dev_key_share,27,0.8757895437037477,0.8746380201367565,0.8937786079298646
A,f,0.3|wd0.0,participation_setups K20 E5 f0.5 iid fedavg,post_cross,cli_dev_key_share_uniform,27,0.875,0.875,0.8958333333333334
A,f,0.3|wd0.0,participation_setups K20 E5 f0.5 iid fedavg,post_cross,cli_dev_key_over_uniform,27,0.9999807340759045,0.9983984393296786,1.0007703676585487
A,f,0.3|wd0.0,participation_setups K20 E5 f0.5 iid fedavg,post_cross,cli_key_agreement,27,2.87158807633546e-27,9.01981013147783e-28,6.529014651664409e-27
A,f,0.3|wd0.0,participation_setups K20 E5 f0.5 iid fedavg,post_cross,cli_neuron_freq_agree,27,1.0,1.0,1.0
A,partition,0.3|wd0.0,partitions K10 E5 f1 dirichlet0.5 fedavg,delay_or_stalled,cli_n,6,10.0,10.0,10.0
A,partition,0.3|wd0.0,partitions K10 E5 f1 dirichlet0.5 fedavg,delay_or_stalled,cli_agg_gap,6,0.0002768031765531028,0.000266916841533,0.00032652744997786553
A,partition,0.3|wd0.0,partitions K10 E5 f1 dirichlet0.5 fedavg,delay_or_stalled,cli_rel_spread,6,0.0063262028889647035,0.006074580919053465,0.006437589010837492
A,partition,0.3|wd0.0,partitions K10 E5 f1 dirichlet0.5 fedavg,delay_or_stalled,cli_cos_global_mean,6,0.9999799392208126,0.9999792404614947,0.9999815091962705
A,partition,0.3|wd0.0,partitions K10 E5 f1 dirichlet0.5 fedavg,delay_or_stalled,cli_cos_global_min,6,0.9999736532742605,0.9999725147844368,0.9999759795002501
A,partition,0.3|wd0.0,partitions K10 E5 f1 dirichlet0.5 fedavg,delay_or_stalled,cli_dev_pair_cos,6,-0.11066084416016737,-0.11073166586991788,-0.11047123418279448
A,partition,0.3|wd0.0,partitions K10 E5 f1 dirichlet0.5 fedavg,delay_or_stalled,cli_dev_eff_rank_frac,6,0.9978674014059663,0.9970913991623015,0.9982076560297212
A,partition,0.3|wd0.0,partitions K10 E5 f1 dirichlet0.5 fedavg,delay_or_stalled,cli_coherence,6,0.001969378829104691,0.001782702869718528,0.0026867295976578157
A,partition,0.3|wd0.0,partitions K10 E5 f1 dirichlet0.5 fedavg,delay_or_stalled,cli_key_n,6,42.5,42.0,43.0
A,partition,0.3|wd0.0,partitions K10 E5 f1 dirichlet0.5 fedavg,delay_or_stalled,cli_dev_key_share,6,0.8853202238176928,0.8737384337828944,0.8964496295719017
A,partition,0.3|wd0.0,partitions K10 E5 f1 dirichlet0.5 fedavg,delay_or_stalled,cli_dev_key_share_uniform,6,0.8854166666666667,0.875,0.8958333333333334
A,partition,0.3|wd0.0,partitions K10 E5 f1 dirichlet0.5 fedavg,delay_or_stalled,cli_dev_key_over_uniform,6,0.9998861671807164,0.9985582100375936,1.0006879585918902
A,partition,0.3|wd0.0,partitions K10 E5 f1 dirichlet0.5 fedavg,delay_or_stalled,cli_key_agreement,6,5.305735109720887e-29,5.11429239055582e-29,5.698265064923529e-29
A,partition,0.3|wd0.0,partitions K10 E5 f1 dirichlet0.5 fedavg,delay_or_stalled,cli_neuron_freq_agree,6,0.99921875,0.9972656249999999,1.0
A,partition,0.3|wd0.0,partitions K10 E5 f1 dirichlet0.5 fedavg,post_cross,cli_n,24,10.0,10.0,10.0
A,partition,0.3|wd0.0,partitions K10 E5 f1 dirichlet0.5 fedavg,post_cross,cli_agg_gap,24,6.877089978738946e-05,4.758113408499874e-05,0.00011907419954818927
A,partition,0.3|wd0.0,partitions K10 E5 f1 dirichlet0.5 fedavg,post_cross,cli_rel_spread,24,0.0015155671448579499,0.0010712631828026836,0.0023391074606408276
A,partition,0.3|wd0.0,partitions K10 E5 f1 dirichlet0.5 fedavg,post_cross,cli_cos_global_mean,24,0.999998847146411,0.999997232266607,0.9999994246213035
A,partition,0.3|wd0.0,partitions K10 E5 f1 dirichlet0.5 fedavg,post_cross,cli_cos_global_min,24,0.9999985661454649,0.9999964393657292,0.9999993018608261
A,partition,0.3|wd0.0,partitions K10 E5 f1 dirichlet0.5 fedavg,post_cross,cli_dev_pair_cos,24,-0.11072275183347863,-0.110807584470576,-0.11060158528013271
A,partition,0.3|wd0.0,partitions K10 E5 f1 dirichlet0.5 fedavg,post_cross,cli_dev_eff_rank_frac,24,0.9981502656164719,0.9975248768355874,0.9984944708145396
A,partition,0.3|wd0.0,partitions K10 E5 f1 dirichlet0.5 fedavg,post_cross,cli_coherence,24,0.001894878977173855,0.0017914902836326523,0.002925857710833636
A,partition,0.3|wd0.0,partitions K10 E5 f1 dirichlet0.5 fedavg,post_cross,cli_key_n,24,43.0,42.0,43.0
A,partition,0.3|wd0.0,partitions K10 E5 f1 dirichlet0.5 fedavg,post_cross,cli_dev_key_share,24,0.8943394246841067,0.8756157310326479,0.8949331788240454
A,partition,0.3|wd0.0,partitions K10 E5 f1 dirichlet0.5 fedavg,post_cross,cli_dev_key_share_uniform,24,0.8958333333333334,0.875,0.8958333333333334
A,partition,0.3|wd0.0,partitions K10 E5 f1 dirichlet0.5 fedavg,post_cross,cli_dev_key_over_uniform,24,0.9994946006443987,0.9987356894883604,1.0008413706158863
A,partition,0.3|wd0.0,partitions K10 E5 f1 dirichlet0.5 fedavg,post_cross,cli_key_agreement,24,9.451096603327456e-28,3.9048537047954403e-28,1.889901876093156e-27
A,partition,0.3|wd0.0,partitions K10 E5 f1 dirichlet0.5 fedavg,post_cross,cli_neuron_freq_agree,24,1.0,1.0,1.0
A,partition,0.3|wd0.0,partitions K10 E5 f1 operand fedavg,delay_or_stalled,cli_n,6,10.0,10.0,10.0
A,partition,0.3|wd0.0,partitions K10 E5 f1 operand fedavg,delay_or_stalled,cli_agg_gap,6,4.87795304995517e-05,4.0354291855555863e-05,5.915897234943226e-05
A,partition,0.3|wd0.0,partitions K10 E5 f1 operand fedavg,delay_or_stalled,cli_rel_spread,6,0.0021755622245240957,0.0018728587098692012,0.002458085055593083
A,partition,0.3|wd0.0,partitions K10 E5 f1 operand fedavg,delay_or_stalled,cli_cos_global_mean,6,0.9999975935723024,0.999996978046359,0.9999982449075835
A,partition,0.3|wd0.0,partitions K10 E5 f1 operand fedavg,delay_or_stalled,cli_cos_global_min,6,0.9999972832757225,0.9999965425001155,0.9999979311114492
A,partition,0.3|wd0.0,partitions K10 E5 f1 operand fedavg,delay_or_stalled,cli_dev_pair_cos,6,-0.11073316997388877,-0.1109306573121109,-0.11064750034487468
A,partition,0.3|wd0.0,partitions K10 E5 f1 operand fedavg,delay_or_stalled,cli_dev_eff_rank_frac,6,0.9982942863817272,0.9979121023654707,0.9991715838465681
A,partition,0.3|wd0.0,partitions K10 E5 f1 operand fedavg,delay_or_stalled,cli_coherence,6,0.0006052879432856998,0.00035233222700894757,0.0008068219858148228
A,partition,0.3|wd0.0,partitions K10 E5 f1 operand fedavg,delay_or_stalled,cli_key_n,6,42.5,42.0,43.0
A,partition,0.3|wd0.0,partitions K10 E5 f1 operand fedavg,delay_or_stalled,cli_dev_key_share,6,0.8848823522796676,0.873561522881363,0.8954211191739501
A,partition,0.3|wd0.0,partitions K10 E5 f1 operand fedavg,delay_or_stalled,cli_dev_key_share_uniform,6,0.8854166666666667,0.875,0.8958333333333334
A,partition,0.3|wd0.0,partitions K10 E5 f1 operand fedavg,delay_or_stalled,cli_dev_key_over_uniform,6,0.9993958236543761,0.9983560261501292,0.9995398539616186
A,partition,0.3|wd0.0,partitions K10 E5 f1 operand fedavg,delay_or_stalled,cli_key_agreement,6,4.61090537279295e-28,3.5076290556257277e-28,5.949756785211347e-28
A,partition,0.3|wd0.0,partitions K10 E5 f1 operand fedavg,delay_or_stalled,cli_neuron_freq_agree,6,1.0,1.0,1.0
A,partition,0.3|wd0.0,partitions K10 E5 f1 operand fedavg,post_cross,cli_n,24,10.0,10.0,10.0
A,partition,0.3|wd0.0,partitions K10 E5 f1 operand fedavg,post_cross,cli_agg_gap,24,7.300188517942274e-06,4.047603246243683e-06,1.7020777781115405e-05
A,partition,0.3|wd0.0,partitions K10 E5 f1 operand fedavg,post_cross,cli_rel_spread,24,0.00032438460712699087,0.00018585348118473137,0.0007289094423363549
A,partition,0.3|wd0.0,partitions K10 E5 f1 operand fedavg,post_cross,cli_cos_global_mean,24,0.9999999467105711,0.9999997213725846,0.9999999825229584
A,partition,0.3|wd0.0,partitions K10 E5 f1 operand fedavg,post_cross,cli_cos_global_min,24,0.9999999391455914,0.9999996409164857,0.9999999789847015
A,partition,0.3|wd0.0,partitions K10 E5 f1 operand fedavg,post_cross,cli_dev_pair_cos,24,-0.11053252545382192,-0.11091306105092093,-0.11029429929242039
A,partition,0.3|wd0.0,partitions K10 E5 f1 operand fedavg,post_cross,cli_dev_eff_rank_frac,24,0.9973109316403712,0.9961651320053139,0.999100328704289
A,partition,0.3|wd0.0,partitions K10 E5 f1 operand fedavg,post_cross,cli_coherence,24,0.0005787493956060396,0.0002631342575663679,0.0008716328460515233
A,partition,0.3|wd0.0,partitions K10 E5 f1 operand fedavg,post_cross,cli_key_n,24,42.5,42.0,43.0
A,partition,0.3|wd0.0,partitions K10 E5 f1 operand fedavg,post_cross,cli_dev_key_share,24,0.8953068536242675,0.8863845116552256,0.9020750604547155
A,partition,0.3|wd0.0,partitions K10 E5 f1 operand fedavg,post_cross,cli_dev_key_share_uniform,24,0.8854166666666667,0.875,0.8958333333333334
A,partition,0.3|wd0.0,partitions K10 E5 f1 operand fedavg,post_cross,cli_dev_key_over_uniform,24,1.0070589748867982,1.0019638574033463,1.0136428044375392
A,partition,0.3|wd0.0,partitions K10 E5 f1 operand fedavg,post_cross,cli_key_agreement,24,2.0085691954167707e-26,4.21988211766898e-27,5.98318967792657e-26
A,partition,0.3|wd0.0,partitions K10 E5 f1 operand fedavg,post_cross,cli_neuron_freq_agree,24,1.0,1.0,1.0
A,partition,0.3|wd0.0,partitions K10 E5 f1 target fedavg,delay_or_stalled,cli_n,5,10.0,10.0,10.0
A,partition,0.3|wd0.0,partitions K10 E5 f1 target fedavg,delay_or_stalled,cli_agg_gap,5,0.00011146694671223319,0.00010791073608428727,0.00012778568235137798
A,partition,0.3|wd0.0,partitions K10 E5 f1 target fedavg,delay_or_stalled,cli_rel_spread,5,0.004610914565360033,0.0045698504653254365,0.005452886389680799
A,partition,0.3|wd0.0,partitions K10 E5 f1 target fedavg,delay_or_stalled,cli_cos_global_mean,5,0.999989363848427,0.9999851287387941,0.9999895528003566
A,partition,0.3|wd0.0,partitions K10 E5 f1 target fedavg,delay_or_stalled,cli_cos_global_min,5,0.9999876289217401,0.9999835058573759,0.9999879524562572
A,partition,0.3|wd0.0,partitions K10 E5 f1 target fedavg,delay_or_stalled,cli_dev_pair_cos,5,-0.11101826108087107,-0.11103232235903668,-0.11099710150435041
A,partition,0.3|wd0.0,partitions K10 E5 f1 target fedavg,delay_or_stalled,cli_dev_eff_rank_frac,5,0.9993997215308146,0.9993063930812903,0.9994861830439246
A,partition,0.3|wd0.0,partitions K10 E5 f1 target fedavg,delay_or_stalled,cli_coherence,5,0.000557293213047213,0.0005488773993122259,0.0005703352750178488
A,partition,0.3|wd0.0,partitions K10 E5 f1 target fedavg,delay_or_stalled,cli_key_n,5,41.0,41.0,43.0
A,partition,0.3|wd0.0,partitions K10 E5 f1 target fedavg,delay_or_stalled,cli_dev_key_share,5,0.8657030028711803,0.8656117740451007,0.908090660520734
A,partition,0.3|wd0.0,partitions K10 E5 f1 target fedavg,delay_or_stalled,cli_dev_key_share_uniform,5,0.8541666666666666,0.8541666666666666,0.8958333333333334
A,partition,0.3|wd0.0,partitions K10 E5 f1 target fedavg,delay_or_stalled,cli_dev_key_over_uniform,5,1.0136825977905868,1.013505954580894,1.0140726886166194
A,partition,0.3|wd0.0,partitions K10 E5 f1 target fedavg,delay_or_stalled,cli_key_agreement,5,7.132010833243075e-29,6.982214993901212e-29,9.879784552082831e-29
A,partition,0.3|wd0.0,partitions K10 E5 f1 target fedavg,delay_or_stalled,cli_neuron_freq_agree,5,0.99609375,0.9953125,0.99921875
A,partition,0.3|wd0.0,partitions K10 E5 f1 target fedavg,post_cross,cli_n,22,10.0,8.5,10.0
A,partition,0.3|wd0.0,partitions K10 E5 f1 target fedavg,post_cross,cli_agg_gap,22,3.2676822787481786e-05,2.6943721212555856e-05,4.999651586117096e-05
A,partition,0.3|wd0.0,partitions K10 E5 f1 target fedavg,post_cross,cli_rel_spread,22,0.001387360448506768,0.001108218959731891,0.0018492816737905478
A,partition,0.3|wd0.0,partitions K10 E5 f1 target fedavg,post_cross,cli_cos_global_mean,22,0.9999990366735991,0.9999982899703446,0.9999993853437821
A,partition,0.3|wd0.0,partitions K10 E5 f1 target fedavg,post_cross,cli_cos_global_min,22,0.9999986754255343,0.9999972986122352,0.9999992258970267
A,partition,0.3|wd0.0,partitions K10 E5 f1 target fedavg,post_cross,cli_dev_pair_cos,22,-0.11095659030746167,-0.12450804490046212,-0.1109094803883163
A,partition,0.3|wd0.0,partitions K10 E5 f1 target fedavg,post_cross,cli_dev_eff_rank_frac,22,0.9985017808674395,0.9974671278933349,0.9990018006870469
A,partition,0.3|wd0.0,partitions K10 E5 f1 target fedavg,post_cross,cli_coherence,22,0.0005780187982987923,0.000562653831187134,0.0006026355899344035
A,partition,0.3|wd0.0,partitions K10 E5 f1 target fedavg,post_cross,cli_key_n,22,40.0,40.0,40.0
A,partition,0.3|wd0.0,partitions K10 E5 f1 target fedavg,post_cross,cli_dev_key_share,22,0.8436863296112729,0.8384509719511641,0.8486560526206929
A,partition,0.3|wd0.0,partitions K10 E5 f1 target fedavg,post_cross,cli_dev_key_share_uniform,22,0.8333333333333334,0.8333333333333334,0.8333333333333334
A,partition,0.3|wd0.0,partitions K10 E5 f1 target fedavg,post_cross,cli_dev_key_over_uniform,22,1.0124235955335275,1.0061411663413968,1.0183872631448314
A,partition,0.3|wd0.0,partitions K10 E5 f1 target fedavg,post_cross,cli_key_agreement,22,6.839414472139492e-28,4.8767098290532316e-29,1.4857181086190341e-27
A,partition,0.3|wd0.0,partitions K10 E5 f1 target fedavg,post_cross,cli_neuron_freq_agree,22,1.0,1.0,1.0
A,partition,0.3|wd0.0,partitions K10 E5 f1 target fedavg,pre_memo,cli_n,3,8.0,8.0,8.0
A,partition,0.3|wd0.0,partitions K10 E5 f1 target fedavg,pre_memo,cli_agg_gap,3,0.00013073739260782775,0.00010861573831183095,0.0001441021926912749
A,partition,0.3|wd0.0,partitions K10 E5 f1 target fedavg,pre_memo,cli_rel_spread,3,0.0052781664347817114,0.00455958565953436,0.00551855953082229
A,partition,0.3|wd0.0,partitions K10 E5 f1 target fedavg,pre_memo,cli_cos_global_mean,3,0.9999866758602625,0.9999850459656876,0.9999896484710498
A,partition,0.3|wd0.0,partitions K10 E5 f1 target fedavg,pre_memo,cli_cos_global_min,3,0.9999812537287777,0.9999788624471224,0.9999860298927701
A,partition,0.3|wd0.0,partitions K10 E5 f1 target fedavg,pre_memo,cli_dev_pair_cos,3,-0.14237996640917688,-0.14257173924918243,-0.1401809875230567
A,partition,0.3|wd0.0,partitions K10 E5 f1 target fedavg,pre_memo,cli_dev_eff_rank_frac,3,0.9982814300278103,0.9919370603274351,0.9989495699410453
A,partition,0.3|wd0.0,partitions K10 E5 f1 target fedavg,pre_memo,cli_coherence,3,0.0005151014902455218,0.0005109650437220396,0.0007022212568648646
A,partition,0.3|wd0.0,partitions K10 E5 f1 target fedavg,pre_memo,cli_key_n,3,42.0,41.5,42.5
A,partition,0.3|wd0.0,partitions K10 E5 f1 target fedavg,pre_memo,cli_dev_key_share,3,0.8837342079850052,0.8750413751051743,0.894532702604123
A,partition,0.3|wd0.0,partitions K10 E5 f1 target fedavg,pre_memo,cli_dev_key_share_uniform,3,0.875,0.8645833333333333,0.8854166666666667
A,partition,0.3|wd0.0,partitions K10 E5 f1 target fedavg,pre_memo,cli_dev_key_over_uniform,3,1.0106022666678036,1.0102921093253334,1.0124319873194687
A,partition,0.3|wd0.0,partitions K10 E5 f1 target fedavg,pre_memo,cli_key_agreement,3,4.7320758587636076e-33,4.728055094973685e-33,4.744430775000314e-33
A,partition,0.3|wd0.0,partitions K10 E5 f1 target fedavg,pre_memo,cli_neuron_freq_agree,3,1.0,0.99658203125,1.0
A,partition,0.3|wd0.0,partitions K50 E5 f1 dirichlet0.5 fedavg,delay_or_stalled,cli_n,7,50.0,50.0,50.0
A,partition,0.3|wd0.0,partitions K50 E5 f1 dirichlet0.5 fedavg,delay_or_stalled,cli_agg_gap,7,0.00044704210615734104,0.0004145652774853751,0.0004947655966108741
A,partition,0.3|wd0.0,partitions K50 E5 f1 dirichlet0.5 fedavg,delay_or_stalled,cli_rel_spread,7,0.013171576571693882,0.01283562314850457,0.014346878765412588
A,partition,0.3|wd0.0,partitions K50 E5 f1 dirichlet0.5 fedavg,delay_or_stalled,cli_cos_global_mean,7,0.9999131386224092,0.9998969965796247,0.999917549581661
A,partition,0.3|wd0.0,partitions K50 E5 f1 dirichlet0.5 fedavg,delay_or_stalled,cli_cos_global_min,7,0.9998103186568529,0.9997835423661893,0.99985082362453
A,partition,0.3|wd0.0,partitions K50 E5 f1 dirichlet0.5 fedavg,delay_or_stalled,cli_dev_pair_cos,7,-0.020190720728284418,-0.02020606538625566,-0.02007656528306504
A,partition,0.3|wd0.0,partitions K50 E5 f1 dirichlet0.5 fedavg,delay_or_stalled,cli_dev_eff_rank_frac,7,0.9942596529820968,0.9922577052855458,0.9946289962617207
A,partition,0.3|wd0.0,partitions K50 E5 f1 dirichlet0.5 fedavg,delay_or_stalled,cli_coherence,7,0.0011204170321724232,0.0010433137190157447,0.0014708300745991426
A,partition,0.3|wd0.0,partitions K50 E5 f1 dirichlet0.5 fedavg,delay_or_stalled,cli_key_n,7,43.0,43.0,43.0
A,partition,0.3|wd0.0,partitions K50 E5 f1 dirichlet0.5 fedavg,delay_or_stalled,cli_dev_key_share,7,0.8954613778322816,0.8951526489298967,0.89587843669852
A,partition,0.3|wd0.0,partitions K50 E5 f1 dirichlet0.5 fedavg,delay_or_stalled,cli_dev_key_share_uniform,7,0.8958333333333334,0.8958333333333334,0.8958333333333334
A,partition,0.3|wd0.0,partitions K50 E5 f1 dirichlet0.5 fedavg,delay_or_stalled,cli_dev_key_over_uniform,7,0.9999023689915256,0.9995418982089403,1.0001907927130227
A,partition,0.3|wd0.0,partitions K50 E5 f1 dirichlet0.5 fedavg,delay_or_stalled,cli_key_agreement,7,1.298900285003711e-29,1.0756641147046839e-29,1.360350762161901e-29
A,partition,0.3|wd0.0,partitions K50 E5 f1 dirichlet0.5 fedavg,delay_or_stalled,cli_neuron_freq_agree,7,0.9946875,0.989765625,0.9990625
A,partition,0.3|wd0.0,partitions K50 E5 f1 dirichlet0.5 fedavg,post_cross,cli_n,23,50.0,50.0,50.0
A,partition,0.3|wd0.0,partitions K50 E5 f1 dirichlet0.5 fedavg,post_cross,cli_agg_gap,23,0.00011441438807144159,8.363167294108716e-05,0.00016991457560468977
A,partition,0.3|wd0.0,partitions K50 E5 f1 dirichlet0.5 fedavg,post_cross,cli_rel_spread,23,0.002963912628183242,0.0022829295230051413,0.004746533311014572
A,partition,0.3|wd0.0,partitions K50 E5 f1 dirichlet0.5 fedavg,post_cross,cli_cos_global_mean,23,0.9999956011327754,0.9999887058279423,0.9999973862997198
A,partition,0.3|wd0.0,partitions K50 E5 f1 dirichlet0.5 fedavg,post_cross,cli_cos_global_min,23,0.9999916645341279,0.9999714295140665,0.9999954270215229
A,partition,0.3|wd0.0,partitions K50 E5 f1 dirichlet0.5 fedavg,post_cross,cli_dev_pair_cos,23,-0.0202721334120179,-0.02029497862038953,-0.020191710919345678
A,partition,0.3|wd0.0,partitions K50 E5 f1 dirichlet0.5 fedavg,post_cross,cli_dev_eff_rank_frac,23,0.9957097616446575,0.9942625747896252,0.9959864192163026
A,partition,0.3|wd0.0,partitions K50 E5 f1 dirichlet0.5 fedavg,post_cross,cli_coherence,23,0.001137484761917484,0.0009784712862642496,0.0014076129205461182
A,partition,0.3|wd0.0,partitions K50 E5 f1 dirichlet0.5 fedavg,post_cross,cli_key_n,23,42.0,42.0,43.0
A,partition,0.3|wd0.0,partitions K50 E5 f1 dirichlet0.5 fedavg,post_cross,cli_dev_key_share,23,0.8753285770768846,0.8748744357357832,0.8953643870053261
A,partition,0.3|wd0.0,partitions K50 E5 f1 dirichlet0.5 fedavg,post_cross,cli_dev_key_share_uniform,23,0.875,0.875,0.8958333333333334
A,partition,0.3|wd0.0,partitions K50 E5 f1 dirichlet0.5 fedavg,post_cross,cli_dev_key_over_uniform,23,0.9998909129083369,0.9993012407311306,1.0003583925771298
A,partition,0.3|wd0.0,partitions K50 E5 f1 dirichlet0.5 fedavg,post_cross,cli_key_agreement,23,2.659278161379306e-28,1.0317072762450937e-28,4.567939273010356e-28
A,partition,0.3|wd0.0,partitions K50 E5 f1 dirichlet0.5 fedavg,post_cross,cli_neuron_freq_agree,23,1.0,1.0,1.0
A,partition,0.3|wd0.0,partitions K50 E5 f1 operand fedavg,delay_or_stalled,cli_n,6,50.0,50.0,50.0
A,partition,0.3|wd0.0,partitions K50 E5 f1 operand fedavg,delay_or_stalled,cli_agg_gap,6,0.00013767594654316814,0.00011304902946998236,0.00015564704920555534
A,partition,0.3|wd0.0,partitions K50 E5 f1 operand fedavg,delay_or_stalled,cli_rel_spread,6,0.00498355426206142,0.004170008639222979,0.005693934161947578
A,partition,0.3|wd0.0,partitions K50 E5 f1 operand fedavg,delay_or_stalled,cli_cos_global_mean,6,0.99998734696434,0.9999837785829004,0.9999912962678258
A,partition,0.3|wd0.0,partitions K50 E5 f1 operand fedavg,delay_or_stalled,cli_cos_global_min,6,0.9999731183438514,0.9999672540461827,0.9999812142203335
A,partition,0.3|wd0.0,partitions K50 E5 f1 operand fedavg,delay_or_stalled,cli_dev_pair_cos,6,-0.019943977217746454,-0.019971716950774945,-0.019865516713100738
A,partition,0.3|wd0.0,partitions K50 E5 f1 operand fedavg,delay_or_stalled,cli_dev_eff_rank_frac,6,0.9897345901539198,0.9882214098181988,0.9902321046343486
A,partition,0.3|wd0.0,partitions K50 E5 f1 operand fedavg,delay_or_stalled,cli_coherence,6,0.0007623380150832582,0.0007349849157579041,0.0007856844898979619
A,partition,0.3|wd0.0,partitions K50 E5 f1 operand fedavg,delay_or_stalled,cli_key_n,6,42.5,42.0,43.0
A,partition,0.3|wd0.0,partitions K50 E5 f1 operand fedavg,delay_or_stalled,cli_dev_key_share,6,0.8852255448787167,0.8746544763211782,0.8958020763819379
A,partition,0.3|wd0.0,partitions K50 E5 f1 operand fedavg,delay_or_stalled,cli_dev_key_share_uniform,6,0.8854166666666667,0.875,0.8958333333333334
A,partition,0.3|wd0.0,partitions K50 E5 f1 operand fedavg,delay_or_stalled,cli_dev_key_over_uniform,6,0.9997825257245092,0.9996051157956323,0.9999651085193725
A,partition,0.3|wd0.0,partitions K50 E5 f1 operand fedavg,delay_or_stalled,cli_key_agreement,6,9.28211350487078e-29,6.832094897920159e-29,1.25159467662589e-28
A,partition,0.3|wd0.0,partitions K50 E5 f1 operand fedavg,delay_or_stalled,cli_neuron_freq_agree,6,0.998671875,0.997890625,0.9995703125000001
A,partition,0.3|wd0.0,partitions K50 E5 f1 operand fedavg,post_cross,cli_n,24,50.0,50.0,50.0
A,partition,0.3|wd0.0,partitions K50 E5 f1 operand fedavg,post_cross,cli_agg_gap,24,0.00013180337379955527,0.00010433717825978524,0.00017233715762253704
A,partition,0.3|wd0.0,partitions K50 E5 f1 operand fedavg,post_cross,cli_rel_spread,24,0.0021004299527920683,0.00171204648212257,0.0029638098116566776
A,partition,0.3|wd0.0,partitions K50 E5 f1 operand fedavg,post_cross,cli_cos_global_mean,24,0.9999977799317405,0.9999955664498813,0.9999985279894692
A,partition,0.3|wd0.0,partitions K50 E5 f1 operand fedavg,post_cross,cli_cos_global_min,24,0.9999559890121943,0.9999290602709814,0.9999693068692914
A,partition,0.3|wd0.0,partitions K50 E5 f1 operand fedavg,post_cross,cli_dev_pair_cos,24,0.029922918695836083,-0.009739824765933297,0.09455343336517028
A,partition,0.3|wd0.0,partitions K50 E5 f1 operand fedavg,post_cross,cli_dev_eff_rank_frac,24,0.7219750836928092,0.5688707467801122,0.8816967392304297
A,partition,0.3|wd0.0,partitions K50 E5 f1 operand fedavg,post_cross,cli_coherence,24,0.00395093742096374,0.0024469333473290554,0.004341144019726934
A,partition,0.3|wd0.0,partitions K50 E5 f1 operand fedavg,post_cross,cli_key_n,24,42.0,42.0,43.0
A,partition,0.3|wd0.0,partitions K50 E5 f1 operand fedavg,post_cross,cli_dev_key_share,24,0.8756262003473005,0.8753409740541791,0.8951182998860898
A,partition,0.3|wd0.0,partitions K50 E5 f1 operand fedavg,post_cross,cli_dev_key_share_uniform,24,0.875,0.875,0.8958333333333334
A,partition,0.3|wd0.0,partitions K50 E5 f1 operand fedavg,post_cross,cli_dev_key_over_uniform,24,1.0003518867251224,1.0002830485136427,1.000610913394533
A,partition,0.3|wd0.0,partitions K50 E5 f1 operand fedavg,post_cross,cli_key_agreement,24,4.846319873007244e-28,2.3025470293392034e-28,6.870533550256216e-28
A,partition,0.3|wd0.0,partitions K50 E5 f1 operand fedavg,post_cross,cli_neuron_freq_agree,24,1.0,1.0,1.0
A,partition,0.3|wd0.0,partitions K50 E5 f1 target fedavg,post_cross,cli_n,11,50.0,50.0,50.0
A,partition,0.3|wd0.0,partitions K50 E5 f1 target fedavg,post_cross,cli_agg_gap,11,7.668229718441051e-05,7.089212371396656e-05,8.308547828553284e-05
A,partition,0.3|wd0.0,partitions K50 E5 f1 target fedavg,post_cross,cli_rel_spread,11,0.0028054452305162868,0.0026483213051201743,0.003034453647573621
A,partition,0.3|wd0.0,partitions K50 E5 f1 target fedavg,post_cross,cli_cos_global_mean,11,0.9999960642676115,0.9999953982387779,0.999996493230811
A,partition,0.3|wd0.0,partitions K50 E5 f1 target fedavg,post_cross,cli_cos_global_min,11,0.9999924863525014,0.9999914123435706,0.9999930729545261
A,partition,0.3|wd0.0,partitions K50 E5 f1 target fedavg,post_cross,cli_dev_pair_cos,11,-0.020139674364050123,-0.020166276916035245,-0.020112666954242662
A,partition,0.3|wd0.0,partitions K50 E5 f1 target fedavg,post_cross,cli_dev_eff_rank_frac,11,0.9932757302435459,0.9926949606712774,0.9937288898380596
A,partition,0.3|wd0.0,partitions K50 E5 f1 target fedavg,post_cross,cli_coherence,11,0.0007729402110566824,0.0006143235547458404,0.0008082100908242355
A,partition,0.3|wd0.0,partitions K50 E5 f1 target fedavg,post_cross,cli_key_n,11,36.0,35.0,36.0
A,partition,0.3|wd0.0,partitions K50 E5 f1 target fedavg,post_cross,cli_dev_key_share,11,0.7570230606939479,0.7396234442321479,0.7583677041206108
A,partition,0.3|wd0.0,partitions K50 E5 f1 target fedavg,post_cross,cli_dev_key_share_uniform,11,0.75,0.7291666666666666,0.75
A,partition,0.3|wd0.0,partitions K50 E5 f1 target fedavg,post_cross,cli_dev_key_over_uniform,11,1.0118634427499085,1.011156938827481,1.0131995619933445
A,partition,0.3|wd0.0,partitions K50 E5 f1 target fedavg,post_cross,cli_key_agreement,11,2.8323811511283706e-28,2.3670490013712657e-28,3.111103306367709e-28
A,partition,0.3|wd0.0,partitions K50 E5 f1 target fedavg,post_cross,cli_neuron_freq_agree,11,1.0,0.99953125,1.0
A,partition,0.3|wd0.0,partitions K50 E5 f1 target fedavg,pre_memo,cli_n,19,50.0,50.0,50.0
A,partition,0.3|wd0.0,partitions K50 E5 f1 target fedavg,pre_memo,cli_agg_gap,19,0.00010797233175034672,9.68358625861511e-05,0.00011804232042170109
A,partition,0.3|wd0.0,partitions K50 E5 f1 target fedavg,pre_memo,cli_rel_spread,19,0.004368911400823211,0.003906372742127029,0.004877604994038582
A,partition,0.3|wd0.0,partitions K50 E5 f1 target fedavg,pre_memo,cli_cos_global_mean,19,0.9999904641480596,0.9999881069448054,0.9999923725138975
A,partition,0.3|wd0.0,partitions K50 E5 f1 target fedavg,pre_memo,cli_cos_global_min,19,0.9999861232300495,0.9999841230754503,0.9999875486244605
A,partition,0.3|wd0.0,partitions K50 E5 f1 target fedavg,pre_memo,cli_dev_pair_cos,19,-0.020287747508143116,-0.020345986916973844,-0.02022059222086016
A,partition,0.3|wd0.0,partitions K50 E5 f1 target fedavg,pre_memo,cli_dev_eff_rank_frac,19,0.9964021519910692,0.9948943083534506,0.9979226266928213
A,partition,0.3|wd0.0,partitions K50 E5 f1 target fedavg,pre_memo,cli_coherence,19,0.0005918372668396055,0.000516503350573591,0.0006738688685706972
A,partition,0.3|wd0.0,partitions K50 E5 f1 target fedavg,pre_memo,cli_key_n,19,39.0,37.0,41.0
A,partition,0.3|wd0.0,partitions K50 E5 f1 target fedavg,pre_memo,cli_dev_key_share,19,0.821110551404859,0.7812798286084943,0.8657915167315136
A,partition,0.3|wd0.0,partitions K50 E5 f1 target fedavg,pre_memo,cli_dev_key_share_uniform,19,0.8125,0.7708333333333334,0.8541666666666666
A,partition,0.3|wd0.0,partitions K50 E5 f1 target fedavg,pre_memo,cli_dev_key_over_uniform,19,1.0132372526001043,1.0120145146771327,1.0150514387644565
A,partition,0.3|wd0.0,partitions K50 E5 f1 target fedavg,pre_memo,cli_key_agreement,19,1.1688818624299005e-28,9.252439051031802e-29,1.436376705046699e-28
A,partition,0.3|wd0.0,partitions K50 E5 f1 target fedavg,pre_memo,cli_neuron_freq_agree,19,0.99984375,0.998984375,1.0
A',K,0.2|wd0.1,aggregation K10 E5 f1 iid fedavg,delay_or_stalled,cli_n,9,10.0,10.0,10.0
A',K,0.2|wd0.1,aggregation K10 E5 f1 iid fedavg,delay_or_stalled,cli_agg_gap,9,7.192702134341063e-06,7.045669783889419e-06,7.27065315233651e-06
A',K,0.2|wd0.1,aggregation K10 E5 f1 iid fedavg,delay_or_stalled,cli_rel_spread,9,0.013450828515144026,0.01326457780502567,0.013725899737555594
A',K,0.2|wd0.1,aggregation K10 E5 f1 iid fedavg,delay_or_stalled,cli_cos_global_mean,9,0.9999095517039643,0.9999058161458088,0.9999120398524182
A',K,0.2|wd0.1,aggregation K10 E5 f1 iid fedavg,delay_or_stalled,cli_cos_global_min,9,0.9999054029166019,0.9999028916917405,0.9999074743228406
A',K,0.2|wd0.1,aggregation K10 E5 f1 iid fedavg,delay_or_stalled,cli_dev_pair_cos,9,-0.11108716203185637,-0.11109266272212545,-0.11106903670021462
A',K,0.2|wd0.1,aggregation K10 E5 f1 iid fedavg,delay_or_stalled,cli_dev_eff_rank_frac,9,0.9998393974595243,0.9997606836135804,0.9998707573301497
A',K,0.2|wd0.1,aggregation K10 E5 f1 iid fedavg,delay_or_stalled,cli_coherence,9,2.7506152243423307e-07,2.7441587029997126e-07,2.914033863919448e-07
A',K,0.2|wd0.1,aggregation K10 E5 f1 iid fedavg,delay_or_stalled,cli_key_n,9,43.0,43.0,43.0
A',K,0.2|wd0.1,aggregation K10 E5 f1 iid fedavg,delay_or_stalled,cli_dev_key_share,9,0.8957516038937307,0.8950580304136989,0.896927651796225
A',K,0.2|wd0.1,aggregation K10 E5 f1 iid fedavg,delay_or_stalled,cli_dev_key_share_uniform,9,0.8958333333333334,0.8958333333333334,0.8958333333333334
A',K,0.2|wd0.1,aggregation K10 E5 f1 iid fedavg,delay_or_stalled,cli_dev_key_over_uniform,9,0.9999087671371877,0.9992370243715021,1.001221564795786
A',K,0.2|wd0.1,aggregation K10 E5 f1 iid fedavg,delay_or_stalled,cli_key_agreement,9,1.1708423606389552e-29,1.1286448439437762e-29,1.20000509386607e-29
A',K,0.2|wd0.1,aggregation K10 E5 f1 iid fedavg,delay_or_stalled,cli_neuron_freq_agree,9,0.98984375,0.984375,0.99609375
A',K,0.2|wd0.1,aggregation K10 E5 f1 iid fedavg,post_cross,cli_n,21,10.0,10.0,10.0
A',K,0.2|wd0.1,aggregation K10 E5 f1 iid fedavg,post_cross,cli_agg_gap,21,6.170337868250775e-06,6.017943580851187e-06,6.373329245817559e-06
A',K,0.2|wd0.1,aggregation K10 E5 f1 iid fedavg,post_cross,cli_rel_spread,21,0.011572514589392058,0.011382311538852417,0.011713126159273748
A',K,0.2|wd0.1,aggregation K10 E5 f1 iid fedavg,post_cross,cli_cos_global_mean,21,0.9999330470902814,0.9999314102947757,0.999935232798086
A',K,0.2|wd0.1,aggregation K10 E5 f1 iid fedavg,post_cross,cli_cos_global_min,21,0.9999298733802481,0.9999274756806101,0.999931654090271
A',K,0.2|wd0.1,aggregation K10 E5 f1 iid fedavg,post_cross,cli_dev_pair_cos,21,-0.11108524065542559,-0.1110906640039176,-0.11106672808949705
A',K,0.2|wd0.1,aggregation K10 E5 f1 iid fedavg,post_cross,cli_dev_eff_rank_frac,21,0.999805875887203,0.999739343794902,0.9998401384170974
A',K,0.2|wd0.1,aggregation K10 E5 f1 iid fedavg,post_cross,cli_coherence,21,2.795163176289703e-07,2.7335557738271506e-07,2.973323910523313e-07
A',K,0.2|wd0.1,aggregation K10 E5 f1 iid fedavg,post_cross,cli_key_n,21,42.0,42.0,42.0
A',K,0.2|wd0.1,aggregation K10 E5 f1 iid fedavg,post_cross,cli_dev_key_share,21,0.875247935444141,0.8743642168160876,0.8765112775750546
A',K,0.2|wd0.1,aggregation K10 E5 f1 iid fedavg,post_cross,cli_dev_key_share_uniform,21,0.875,0.875,0.875
A',K,0.2|wd0.1,aggregation K10 E5 f1 iid fedavg,post_cross,cli_dev_key_over_uniform,21,1.000283354793304,0.9992733906469572,1.0011204097526707
A',K,0.2|wd0.1,aggregation K10 E5 f1 iid fedavg,post_cross,cli_key_agreement,21,1.607476266839866e-29,1.552922423427649e-29,1.675205599268469e-29
A',K,0.2|wd0.1,aggregation K10 E5 f1 iid fedavg,post_cross,cli_neuron_freq_agree,21,0.9953125,0.99140625,0.99921875
A',K,0.2|wd0.1,aggregation K2 E5 f1 iid fedavg,delay_or_stalled,cli_n,15,2.0,2.0,2.0
A',K,0.2|wd0.1,aggregation K2 E5 f1 iid fedavg,delay_or_stalled,cli_agg_gap,15,2.200128996126453e-05,2.0940973622836934e-05,2.260285527445301e-05
A',K,0.2|wd0.1,aggregation K2 E5 f1 iid fedavg,delay_or_stalled,cli_rel_spread,15,0.04138502348577706,0.039389478562858196,0.0425160480931356
A',K,0.2|wd0.1,aggregation K2 E5 f1 iid fedavg,delay_or_stalled,cli_cos_global_mean,15,0.9991447557042239,0.9990974773830827,0.9992251618855277
A',K,0.2|wd0.1,aggregation K2 E5 f1 iid fedavg,delay_or_stalled,cli_cos_global_min,15,0.999143522950563,0.9990966154656425,0.9992244472487852
A',K,0.2|wd0.1,aggregation K2 E5 f1 iid fedavg,delay_or_stalled,cli_dev_pair_cos,15,-1.0,-1.0,-1.0
A',K,0.2|wd0.1,aggregation K2 E5 f1 iid fedavg,delay_or_stalled,cli_dev_eff_rank_frac,15,1.0,1.0,1.0
A',K,0.2|wd0.1,aggregation K2 E5 f1 iid fedavg,delay_or_stalled,cli_coherence,15,2.8263211674117573e-07,2.826300232692808e-07,2.826359232773902e-07
A',K,0.2|wd0.1,aggregation K2 E5 f1 iid fedavg,delay_or_stalled,cli_key_n,15,43.0,42.0,43.0
A',K,0.2|wd0.1,aggregation K2 E5 f1 iid fedavg,delay_or_stalled,cli_dev_key_share,15,0.8944726679459442,0.8773613236130918,0.8962873211715112
A',K,0.2|wd0.1,aggregation K2 E5 f1 iid fedavg,delay_or_stalled,cli_dev_key_share_uniform,15,0.8958333333333334,0.875,0.8958333333333334
A',K,0.2|wd0.1,aggregation K2 E5 f1 iid fedavg,delay_or_stalled,cli_dev_key_over_uniform,15,1.0004939476159265,0.998279599817391,1.0026986555578192
A',K,0.2|wd0.1,aggregation K2 E5 f1 iid fedavg,delay_or_stalled,cli_key_agreement,15,0.0,0.0,0.0
A',K,0.2|wd0.1,aggregation K2 E5 f1 iid fedavg,delay_or_stalled,cli_neuron_freq_agree,15,0.984375,0.9765625,0.98828125
A',K,0.2|wd0.1,aggregation K2 E5 f1 iid fedavg,post_cross,cli_n,15,2.0,2.0,2.0
A',K,0.2|wd0.1,aggregation K2 E5 f1 iid fedavg,post_cross,cli_agg_gap,15,4.696025444592098e-06,4.336095386408797e-06,1.0295774920261862e-05
A',K,0.2|wd0.1,aggregation K2 E5 f1 iid fedavg,post_cross,cli_rel_spread,15,0.008833556470750124,0.008156251367972567,0.019366591226779573
A',K,0.2|wd0.1,aggregation K2 E5 f1 iid fedavg,post_cross,cli_cos_global_mean,15,0.9999609869778787,0.9998029300635879,0.99996674004878
A',K,0.2|wd0.1,aggregation K2 E5 f1 iid fedavg,post_cross,cli_cos_global_min,15,0.9999609481201752,0.9998027546306261,0.9999667053077977
A',K,0.2|wd0.1,aggregation K2 E5 f1 iid fedavg,post_cross,cli_dev_pair_cos,15,-1.0,-1.0,-1.0
A',K,0.2|wd0.1,aggregation K2 E5 f1 iid fedavg,post_cross,cli_dev_eff_rank_frac,15,1.0,1.0,1.0
A',K,0.2|wd0.1,aggregation K2 E5 f1 iid fedavg,post_cross,cli_coherence,15,2.8264657564711117e-07,2.826231921838374e-07,2.826629597669616e-07
A',K,0.2|wd0.1,aggregation K2 E5 f1 iid fedavg,post_cross,cli_key_n,15,43.0,42.0,43.0
A',K,0.2|wd0.1,aggregation K2 E5 f1 iid fedavg,post_cross,cli_dev_key_share,15,0.8923325933120082,0.8724704127542926,0.8958798752261927
A',K,0.2|wd0.1,aggregation K2 E5 f1 iid fedavg,post_cross,cli_dev_key_share_uniform,15,0.8958333333333334,0.875,0.8958333333333334
A',K,0.2|wd0.1,aggregation K2 E5 f1 iid fedavg,post_cross,cli_dev_key_over_uniform,15,0.9983785480379412,0.995965867721541,1.001792292613925
A',K,0.2|wd0.1,aggregation K2 E5 f1 iid fedavg,post_cross,cli_key_agreement,15,0.0,0.0,0.0
A',K,0.2|wd0.1,aggregation K2 E5 f1 iid fedavg,post_cross,cli_neuron_freq_agree,15,0.99609375,0.99609375,1.0
A',K,0.2|wd0.1,aggregation K20 E5 f1 iid fedavg,delay_or_stalled,cli_n,16,20.0,20.0,20.0
A',K,0.2|wd0.1,aggregation K20 E5 f1 iid fedavg,delay_or_stalled,cli_agg_gap,16,6.5685832937464626e-06,6.502888970306684e-06,6.783435365008432e-06
A',K,0.2|wd0.1,aggregation K20 E5 f1 iid fedavg,delay_or_stalled,cli_rel_spread,16,0.012210180927664648,0.012133767195575412,0.01226385638520576
A',K,0.2|wd0.1,aggregation K20 E5 f1 iid fedavg,delay_or_stalled,cli_cos_global_mean,16,0.9999254666769299,0.9999248092473715,0.9999263957775624
A',K,0.2|wd0.1,aggregation K20 E5 f1 iid fedavg,delay_or_stalled,cli_cos_global_min,16,0.9999184911180539,0.9999168460206661,0.999920020221315
A',K,0.2|wd0.1,aggregation K20 E5 f1 iid fedavg,delay_or_stalled,cli_dev_pair_cos,16,-0.05259401297127496,-0.05261025428331384,-0.052588826495432985
A',K,0.2|wd0.1,aggregation K20 E5 f1 iid fedavg,delay_or_stalled,cli_dev_eff_rank_frac,16,0.9995209394454461,0.9994778209562722,0.9996667909030886
A',K,0.2|wd0.1,aggregation K20 E5 f1 iid fedavg,delay_or_stalled,cli_coherence,16,2.886539161860342e-07,2.860838296652465e-07,3.0534663878584546e-07
A',K,0.2|wd0.1,aggregation K20 E5 f1 iid fedavg,delay_or_stalled,cli_key_n,16,43.0,43.0,43.0
A',K,0.2|wd0.1,aggregation K20 E5 f1 iid fedavg,delay_or_stalled,cli_dev_key_share,16,0.8958579348693892,0.8955436072462433,0.8962385292881004
A',K,0.2|wd0.1,aggregation K20 E5 f1 iid fedavg,delay_or_stalled,cli_dev_key_share_uniform,16,0.8958333333333334,0.8958333333333334,0.8958333333333334
A',K,0.2|wd0.1,aggregation K20 E5 f1 iid fedavg,delay_or_stalled,cli_dev_key_over_uniform,16,1.0001688528247277,0.999806128247569,1.000452311763461
A',K,0.2|wd0.1,aggregation K20 E5 f1 iid fedavg,delay_or_stalled,cli_key_agreement,16,1.425580352735228e-29,1.399873966359952e-29,1.4392771817643314e-29
A',K,0.2|wd0.1,aggregation K20 E5 f1 iid fedavg,delay_or_stalled,cli_neuron_freq_agree,16,0.9939453125,0.9912109375,0.996484375
A',K,0.2|wd0.1,aggregation K20 E5 f1 iid fedavg,post_cross,cli_n,14,20.0,20.0,20.0
A',K,0.2|wd0.1,aggregation K20 E5 f1 iid fedavg,post_cross,cli_agg_gap,14,6.516501145581509e-06,6.264389018176445e-06,6.601338277213021e-06
A',K,0.2|wd0.1,aggregation K20 E5 f1 iid fedavg,post_cross,cli_rel_spread,14,0.011871403877478363,0.011778179115349625,0.012236203579383695
A',K,0.2|wd0.1,aggregation K20 E5 f1 iid fedavg,post_cross,cli_cos_global_mean,14,0.9999295438433132,0.9999251486990289,0.9999306469085528
A',K,0.2|wd0.1,aggregation K20 E5 f1 iid fedavg,post_cross,cli_cos_global_min,14,0.9999214771185877,0.9999179786482607,0.9999228674207151
A',K,0.2|wd0.1,aggregation K20 E5 f1 iid fedavg,post_cross,cli_dev_pair_cos,14,-0.05259145805144426,-0.052603155859252765,-0.05258725408990115
A',K,0.2|wd0.1,aggregation K20 E5 f1 iid fedavg,post_cross,cli_dev_eff_rank_frac,14,0.999477106888742,0.9994331948796736,0.9995753284203561
A',K,0.2|wd0.1,aggregation K20 E5 f1 iid fedavg,post_cross,cli_coherence,14,2.880344691025051e-07,2.825213244399887e-07,3.0860063854322466e-07
A',K,0.2|wd0.1,aggregation K20 E5 f1 iid fedavg,post_cross,cli_key_n,14,42.0,42.0,42.0
A',K,0.2|wd0.1,aggregation K20 E5 f1 iid fedavg,post_cross,cli_dev_key_share,14,0.8747807469360557,0.8744263848591096,0.8752872843039717
A',K,0.2|wd0.1,aggregation K20 E5 f1 iid fedavg,post_cross,cli_dev_key_share_uniform,14,0.875,0.875,0.875
A',K,0.2|wd0.1,aggregation K20 E5 f1 iid fedavg,post_cross,cli_dev_key_over_uniform,14,0.9997042194103867,0.9992594199399674,1.000115311612445
A',K,0.2|wd0.1,aggregation K20 E5 f1 iid fedavg,post_cross,cli_key_agreement,14,1.502231093289444e-29,1.421917150929338e-29,1.550083219309936e-29
A',K,0.2|wd0.1,aggregation K20 E5 f1 iid fedavg,post_cross,cli_neuron_freq_agree,14,0.9974609375000001,0.99580078125,0.9987304687499999
A',K,0.2|wd0.1,aggregation K5 E5 f1 iid fedavg,delay_or_stalled,cli_n,6,5.0,5.0,5.0
A',K,0.2|wd0.1,aggregation K5 E5 f1 iid fedavg,delay_or_stalled,cli_agg_gap,6,6.8672240681642614e-06,6.527313633383089e-06,7.0193164785626015e-06
A',K,0.2|wd0.1,aggregation K5 E5 f1 iid fedavg,delay_or_stalled,cli_rel_spread,6,0.012887848693919677,0.012293667804050213,0.013208458124911832
A',K,0.2|wd0.1,aggregation K5 E5 f1 iid fedavg,delay_or_stalled,cli_cos_global_mean,6,0.9999169258359843,0.9999127809387552,0.999924425565595
A',K,0.2|wd0.1,aggregation K5 E5 f1 iid fedavg,delay_or_stalled,cli_cos_global_min,6,0.9999160880204769,0.9999118067372013,0.9999233323673975
A',K,0.2|wd0.1,aggregation K5 E5 f1 iid fedavg,delay_or_stalled,cli_dev_pair_cos,6,-0.24999148145555333,-0.24999421724240464,-0.24998925224562835
A',K,0.2|wd0.1,aggregation K5 E5 f1 iid fedavg,delay_or_stalled,cli_dev_eff_rank_frac,6,0.9999701744354383,0.9999686638990246,0.9999721972614469
A',K,0.2|wd0.1,aggregation K5 E5 f1 iid fedavg,delay_or_stalled,cli_coherence,6,2.811475339834858e-07,2.810761485070273e-07,2.8329781983169237e-07
A',K,0.2|wd0.1,aggregation K5 E5 f1 iid fedavg,delay_or_stalled,cli_key_n,6,43.0,43.0,43.0
A',K,0.2|wd0.1,aggregation K5 E5 f1 iid fedavg,delay_or_stalled,cli_dev_key_share,6,0.8965675171548082,0.8944155440806307,0.8970919724561395
A',K,0.2|wd0.1,aggregation K5 E5 f1 iid fedavg,delay_or_stalled,cli_dev_key_share_uniform,6,0.8958333333333334,0.8958333333333334,0.8958333333333334
A',K,0.2|wd0.1,aggregation K5 E5 f1 iid fedavg,delay_or_stalled,cli_dev_key_over_uniform,6,1.0008195540332743,0.9984173515318668,1.0014049925091788
A',K,0.2|wd0.1,aggregation K5 E5 f1 iid fedavg,delay_or_stalled,cli_key_agreement,6,1.2856696888705482e-29,1.2287547432266329e-29,1.394577957520535e-29
A',K,0.2|wd0.1,aggregation K5 E5 f1 iid fedavg,delay_or_stalled,cli_neuron_freq_agree,6,0.99296875,0.991015625,0.99375
A',K,0.2|wd0.1,aggregation K5 E5 f1 iid fedavg,post_cross,cli_n,24,5.0,5.0,5.0
A',K,0.2|wd0.1,aggregation K5 E5 f1 iid fedavg,post_cross,cli_agg_gap,24,5.794435305879803e-06,5.716157499565243e-06,5.897517044401043e-06
A',K,0.2|wd0.1,aggregation K5 E5 f1 iid fedavg,post_cross,cli_rel_spread,24,0.010911402081223206,0.01072252997004927,0.011086255666658513
A',K,0.2|wd0.1,aggregation K5 E5 f1 iid fedavg,post_cross,cli_cos_global_mean,24,0.9999404780077068,0.9999385547849368,0.9999425218231776
A',K,0.2|wd0.1,aggregation K5 E5 f1 iid fedavg,post_cross,cli_cos_global_min,24,0.999939925929778,0.9999376914755431,0.9999417688547281
A',K,0.2|wd0.1,aggregation K5 E5 f1 iid fedavg,post_cross,cli_dev_pair_cos,24,-0.2499912854919082,-0.24999371818117178,-0.24998657747403494
A',K,0.2|wd0.1,aggregation K5 E5 f1 iid fedavg,post_cross,cli_dev_eff_rank_frac,24,0.9999535954033534,0.9999414560958957,0.9999659377165753
A',K,0.2|wd0.1,aggregation K5 E5 f1 iid fedavg,post_cross,cli_coherence,24,2.830515801802776e-07,2.814311946950278e-07,2.851628029540867e-07
A',K,0.2|wd0.1,aggregation K5 E5 f1 iid fedavg,post_cross,cli_key_n,24,42.0,42.0,42.0
A',K,0.2|wd0.1,aggregation K5 E5 f1 iid fedavg,post_cross,cli_dev_key_share,24,0.8756453217402843,0.8740836534851008,0.8770890529962303
A',K,0.2|wd0.1,aggregation K5 E5 f1 iid fedavg,post_cross,cli_dev_key_share_uniform,24,0.875,0.875,0.875
A',K,0.2|wd0.1,aggregation K5 E5 f1 iid fedavg,post_cross,cli_dev_key_over_uniform,24,1.0000240025093146,0.9978488363584683,1.001230702304325
A',K,0.2|wd0.1,aggregation K5 E5 f1 iid fedavg,post_cross,cli_key_agreement,24,1.8018647033709497e-29,1.7368079845422105e-29,1.8625085029925343e-29
A',K,0.2|wd0.1,aggregation K5 E5 f1 iid fedavg,post_cross,cli_neuron_freq_agree,24,0.9984375,0.996875,1.0
A',K,0.2|wd0.1,aggregation K50 E5 f1 iid fedavg,delay_or_stalled,cli_n,25,50.0,50.0,50.0
A',K,0.2|wd0.1,aggregation K50 E5 f1 iid fedavg,delay_or_stalled,cli_agg_gap,25,1.831897142045742e-05,1.8072263616513586e-05,1.876257297956838e-05
A',K,0.2|wd0.1,aggregation K50 E5 f1 iid fedavg,delay_or_stalled,cli_rel_spread,25,0.009953834733986802,0.009821130003845512,0.01014556220313012
A',K,0.2|wd0.1,aggregation K50 E5 f1 iid fedavg,delay_or_stalled,cli_cos_global_mean,25,0.9999504655384807,0.9999485397713836,0.9999517782921266
A',K,0.2|wd0.1,aggregation K50 E5 f1 iid fedavg,delay_or_stalled,cli_cos_global_min,25,0.9999432355644651,0.9999404808394361,0.999944293202601
A',K,0.2|wd0.1,aggregation K50 E5 f1 iid fedavg,delay_or_stalled,cli_dev_pair_cos,25,-0.020383276595106924,-0.020386068742843537,-0.020381987433412217
A',K,0.2|wd0.1,aggregation K50 E5 f1 iid fedavg,delay_or_stalled,cli_dev_eff_rank_frac,25,0.9990579405850813,0.9990051856398299,0.9991024641749926
A',K,0.2|wd0.1,aggregation K50 E5 f1 iid fedavg,delay_or_stalled,cli_coherence,25,3.386108591233485e-06,3.370843447881642e-06,3.3972010474796573e-06
A',K,0.2|wd0.1,aggregation K50 E5 f1 iid fedavg,delay_or_stalled,cli_key_n,25,43.0,42.0,43.0
A',K,0.2|wd0.1,aggregation K50 E5 f1 iid fedavg,delay_or_stalled,cli_dev_key_share,25,0.8952632063858518,0.8749126518310613,0.8958541228170958
A',K,0.2|wd0.1,aggregation K50 E5 f1 iid fedavg,delay_or_stalled,cli_dev_key_share_uniform,25,0.8958333333333334,0.875,0.8958333333333334
A',K,0.2|wd0.1,aggregation K50 E5 f1 iid fedavg,delay_or_stalled,cli_dev_key_over_uniform,25,1.0000021406783437,0.9995861280795882,1.000324348572393
A',K,0.2|wd0.1,aggregation K50 E5 f1 iid fedavg,delay_or_stalled,cli_key_agreement,25,2.198799684631186e-29,2.0888285151093292e-29,2.244897322882492e-29
A',K,0.2|wd0.1,aggregation K50 E5 f1 iid fedavg,delay_or_stalled,cli_neuron_freq_agree,25,0.99546875,0.9915625,0.9971875
A',K,0.2|wd0.1,aggregation K50 E5 f1 iid fedavg,post_cross,cli_n,4,50.0,50.0,50.0
A',K,0.2|wd0.1,aggregation K50 E5 f1 iid fedavg,post_cross,cli_agg_gap,4,1.9929021079380725e-05,1.9788270426397778e-05,2.0192295948903566e-05
A',K,0.2|wd0.1,aggregation K50 E5 f1 iid fedavg,post_cross,cli_rel_spread,4,0.010799893292878284,0.010756478478328965,0.010924718999523159
A',K,0.2|wd0.1,aggregation K50 E5 f1 iid fedavg,post_cross,cli_cos_global_mean,4,0.9999416879119647,0.9999403170696783,0.9999421553365109
A',K,0.2|wd0.1,aggregation K50 E5 f1 iid fedavg,post_cross,cli_cos_global_min,4,0.9999325411356472,0.9999305745169952,0.9999327972310222
A',K,0.2|wd0.1,aggregation K50 E5 f1 iid fedavg,post_cross,cli_dev_pair_cos,4,-0.02038443729149126,-0.02038562811515965,-0.020382891477822483
A',K,0.2|wd0.1,aggregation K50 E5 f1 iid fedavg,post_cross,cli_dev_eff_rank_frac,4,0.9990590529206653,0.9990190367014431,0.9990914777491471
A',K,0.2|wd0.1,aggregation K50 E5 f1 iid fedavg,post_cross,cli_coherence,4,3.405101107540133e-06,3.3843021640281433e-06,3.4161586408266977e-06
A',K,0.2|wd0.1,aggregation K50 E5 f1 iid fedavg,post_cross,cli_key_n,4,42.0,42.0,42.0
A',K,0.2|wd0.1,aggregation K50 E5 f1 iid fedavg,post_cross,cli_dev_key_share,4,0.8752182233075602,0.875122993538922,0.8752995063617197
A',K,0.2|wd0.1,aggregation K50 E5 f1 iid fedavg,post_cross,cli_dev_key_share_uniform,4,0.875,0.875,0.875
A',K,0.2|wd0.1,aggregation K50 E5 f1 iid fedavg,post_cross,cli_dev_key_over_uniform,4,1.000249398065783,1.0001405640444823,1.0003422929848225
A',K,0.2|wd0.1,aggregation K50 E5 f1 iid fedavg,post_cross,cli_key_agreement,4,1.9137598323236592e-29,1.8867954828677612e-29,1.9253950112285225e-29
A',K,0.2|wd0.1,aggregation K50 E5 f1 iid fedavg,post_cross,cli_neuron_freq_agree,4,1.0,0.999296875,1.0
A',K,0.2|wd0.1,aggregation K50 E5 f1 iid fedavg,pre_memo,cli_n,1,50.0,50.0,50.0
A',K,0.2|wd0.1,aggregation K50 E5 f1 iid fedavg,pre_memo,cli_agg_gap,1,1.964489579227073e-05,1.964489579227073e-05,1.964489579227073e-05
A',K,0.2|wd0.1,aggregation K50 E5 f1 iid fedavg,pre_memo,cli_rel_spread,1,0.010667670051957429,0.010667670051957429,0.010667670051957429
A',K,0.2|wd0.1,aggregation K50 E5 f1 iid fedavg,pre_memo,cli_cos_global_mean,1,0.9999431078545448,0.9999431078545448,0.9999431078545448
A',K,0.2|wd0.1,aggregation K50 E5 f1 iid fedavg,pre_memo,cli_cos_global_min,1,0.9999346574164034,0.9999346574164034,0.9999346574164034
A',K,0.2|wd0.1,aggregation K50 E5 f1 iid fedavg,pre_memo,cli_dev_pair_cos,1,-0.02038633431452969,-0.02038633431452969,-0.02038633431452969
A',K,0.2|wd0.1,aggregation K50 E5 f1 iid fedavg,pre_memo,cli_dev_eff_rank_frac,1,0.9991367343098504,0.9991367343098504,0.9991367343098504
A',K,0.2|wd0.1,aggregation K50 E5 f1 iid fedavg,pre_memo,cli_coherence,1,3.39124217752082e-06,3.39124217752082e-06,3.39124217752082e-06
A',K,0.2|wd0.1,aggregation K50 E5 f1 iid fedavg,pre_memo,cli_key_n,1,43.0,43.0,43.0
A',K,0.2|wd0.1,aggregation K50 E5 f1 iid fedavg,pre_memo,cli_dev_key_share,1,0.8958485579455707,0.8958485579455707,0.8958485579455707
A',K,0.2|wd0.1,aggregation K50 E5 f1 iid fedavg,pre_memo,cli_dev_key_share_uniform,1,0.8958333333333334,0.8958333333333334,0.8958333333333334
A',K,0.2|wd0.1,aggregation K50 E5 f1 iid fedavg,pre_memo,cli_dev_key_over_uniform,1,1.0000169949159858,1.0000169949159858,1.0000169949159858
A',K,0.2|wd0.1,aggregation K50 E5 f1 iid fedavg,pre_memo,cli_key_agreement,1,1.8831000451284273e-29,1.8831000451284273e-29,1.8831000451284273e-29
A',K,0.2|wd0.1,aggregation K50 E5 f1 iid fedavg,pre_memo,cli_neuron_freq_agree,1,0.99015625,0.99015625,0.99015625
A',partition,0.2|wd0.1,partitions K10 E5 f1 dirichlet0.5 fedavg,delay_or_stalled,cli_n,9,10.0,10.0,10.0
A',partition,0.2|wd0.1,partitions K10 E5 f1 dirichlet0.5 fedavg,delay_or_stalled,cli_agg_gap,9,0.0008809738493905852,0.0007119507656799624,0.0009045299520076781
A',partition,0.2|wd0.1,partitions K10 E5 f1 dirichlet0.5 fedavg,delay_or_stalled,cli_rel_spread,9,0.013319876390381557,0.013232454717488911,0.013367907412005874
A',partition,0.2|wd0.1,partitions K10 E5 f1 dirichlet0.5 fedavg,delay_or_stalled,cli_cos_global_mean,9,0.9999110500571868,0.9999103034489167,0.9999122379378831
A',partition,0.2|wd0.1,partitions K10 E5 f1 dirichlet0.5 fedavg,delay_or_stalled,cli_cos_global_min,9,0.9999062820223072,0.9999059566856785,0.9999069749163605
A',partition,0.2|wd0.1,partitions K10 E5 f1 dirichlet0.5 fedavg,delay_or_stalled,cli_dev_pair_cos,9,-0.11099558649288827,-0.1110180931414906,-0.11099050070578365
A',partition,0.2|wd0.1,partitions K10 E5 f1 dirichlet0.5 fedavg,delay_or_stalled,cli_dev_eff_rank_frac,9,0.999379388066603,0.9993449894919871,0.9994880763430305
A',partition,0.2|wd0.1,partitions K10 E5 f1 dirichlet0.5 fedavg,delay_or_stalled,cli_coherence,9,0.004380229485741499,0.0028480049911185534,0.004579880928699532
A',partition,0.2|wd0.1,partitions K10 E5 f1 dirichlet0.5 fedavg,delay_or_stalled,cli_key_n,9,43.0,43.0,43.0
A',partition,0.2|wd0.1,partitions K10 E5 f1 dirichlet0.5 fedavg,delay_or_stalled,cli_dev_key_share,9,0.895957890666644,0.8952826116425143,0.896579888030542
A',partition,0.2|wd0.1,partitions K10 E5 f1 dirichlet0.5 fedavg,delay_or_stalled,cli_dev_key_share_uniform,9,0.8958333333333334,0.8958333333333334,0.8958333333333334
A',partition,0.2|wd0.1,partitions K10 E5 f1 dirichlet0.5 fedavg,delay_or_stalled,cli_dev_key_over_uniform,9,1.0001390407441606,0.9993852409032717,1.0008333633829305
A',partition,0.2|wd0.1,partitions K10 E5 f1 dirichlet0.5 fedavg,delay_or_stalled,cli_key_agreement,9,1.2136551865585287e-29,1.2050380907226691e-29,1.2172304815957848e-29
A',partition,0.2|wd0.1,partitions K10 E5 f1 dirichlet0.5 fedavg,delay_or_stalled,cli_neuron_freq_agree,9,0.990625,0.984375,0.9921875
A',partition,0.2|wd0.1,partitions K10 E5 f1 dirichlet0.5 fedavg,post_cross,cli_n,21,10.0,10.0,10.0
A',partition,0.2|wd0.1,partitions K10 E5 f1 dirichlet0.5 fedavg,post_cross,cli_agg_gap,21,0.0007575158017564147,0.0006954760273574764,0.0007784783168297105
A',partition,0.2|wd0.1,partitions K10 E5 f1 dirichlet0.5 fedavg,post_cross,cli_rel_spread,21,0.011692538713522752,0.011500731271469717,0.012058010964789439
A',partition,0.2|wd0.1,partitions K10 E5 f1 dirichlet0.5 fedavg,post_cross,cli_cos_global_mean,21,0.9999314638366983,0.9999271184774081,0.9999335939909487
A',partition,0.2|wd0.1,partitions K10 E5 f1 dirichlet0.5 fedavg,post_cross,cli_cos_global_min,21,0.9999259129692571,0.9999216958805477,0.9999297913820169
A',partition,0.2|wd0.1,partitions K10 E5 f1 dirichlet0.5 fedavg,post_cross,cli_dev_pair_cos,21,-0.11105358656927074,-0.11106551737549293,-0.11104573317293222
A',partition,0.2|wd0.1,partitions K10 E5 f1 dirichlet0.5 fedavg,post_cross,cli_dev_eff_rank_frac,21,0.9996343018011166,0.9996014171141054,0.9996755380090045
A',partition,0.2|wd0.1,partitions K10 E5 f1 dirichlet0.5 fedavg,post_cross,cli_coherence,21,0.004303594935090827,0.002779502570066952,0.004514039416064402
A',partition,0.2|wd0.1,partitions K10 E5 f1 dirichlet0.5 fedavg,post_cross,cli_key_n,21,42.0,42.0,42.0
A',partition,0.2|wd0.1,partitions K10 E5 f1 dirichlet0.5 fedavg,post_cross,cli_dev_key_share,21,0.8753730729002097,0.8746701808337477,0.8758860754509014
A',partition,0.2|wd0.1,partitions K10 E5 f1 dirichlet0.5 fedavg,post_cross,cli_dev_key_share_uniform,21,0.875,0.875,0.875
A',partition,0.2|wd0.1,partitions K10 E5 f1 dirichlet0.5 fedavg,post_cross,cli_dev_key_over_uniform,21,1.0000267660620212,0.999449368861251,1.000456697647458
A',partition,0.2|wd0.1,partitions K10 E5 f1 dirichlet0.5 fedavg,post_cross,cli_key_agreement,21,1.589024597889997e-29,1.4704450577741148e-29,1.6452048324994307e-29
A',partition,0.2|wd0.1,partitions K10 E5 f1 dirichlet0.5 fedavg,post_cross,cli_neuron_freq_agree,21,0.996875,0.99375,0.9984375
A',partition,0.2|wd0.1,partitions K10 E5 f1 operand fedavg,delay_or_stalled,cli_n,28,10.0,10.0,10.0
A',partition,0.2|wd0.1,partitions K10 E5 f1 operand fedavg,delay_or_stalled,cli_agg_gap,28,0.00011548697780505517,9.800861229427759e-05,0.0001342082667896305
A',partition,0.2|wd0.1,partitions K10 E5 f1 operand fedavg,delay_or_stalled,cli_rel_spread,28,0.004299591820046108,0.00386183700056253,0.004569369545160658
A',partition,0.2|wd0.1,partitions K10 E5 f1 operand fedavg,delay_or_stalled,cli_cos_global_mean,28,0.9999907500112757,0.9999895501376989,0.9999925402071258
A',partition,0.2|wd0.1,partitions K10 E5 f1 operand fedavg,delay_or_stalled,cli_cos_global_min,28,0.9999881636572305,0.999985544214606,0.9999902572617968
A',partition,0.2|wd0.1,partitions K10 E5 f1 operand fedavg,delay_or_stalled,cli_dev_pair_cos,28,-0.11048974982242628,-0.110683751369609,-0.10991620378337827
A',partition,0.2|wd0.1,partitions K10 E5 f1 operand fedavg,delay_or_stalled,cli_dev_eff_rank_frac,28,0.9971639998529755,0.9948332445567687,0.9980625407384165
A',partition,0.2|wd0.1,partitions K10 E5 f1 operand fedavg,delay_or_stalled,cli_coherence,28,0.0007285434551705577,0.00042177814152361795,0.000978684078304305
A',partition,0.2|wd0.1,partitions K10 E5 f1 operand fedavg,delay_or_stalled,cli_key_n,28,42.0,41.0,43.0
A',partition,0.2|wd0.1,partitions K10 E5 f1 operand fedavg,delay_or_stalled,cli_dev_key_share,28,0.7814045406578051,0.751753566429852,0.8023957628946723
A',partition,0.2|wd0.1,partitions K10 E5 f1 operand fedavg,delay_or_stalled,cli_dev_key_share_uniform,28,0.875,0.8541666666666666,0.8958333333333334
A',partition,0.2|wd0.1,partitions K10 E5 f1 operand fedavg,delay_or_stalled,cli_dev_key_over_uniform,28,0.8995321954590738,0.8749259135979841,0.919627733816524
A',partition,0.2|wd0.1,partitions K10 E5 f1 operand fedavg,delay_or_stalled,cli_key_agreement,28,1.3074568361494773e-28,1.1469223224679488e-28,1.5722286116927037e-28
A',partition,0.2|wd0.1,partitions K10 E5 f1 operand fedavg,delay_or_stalled,cli_neuron_freq_agree,28,0.9953125,0.992578125,0.9978515625
A',partition,0.2|wd0.1,partitions K10 E5 f1 operand fedavg,post_cross,cli_n,2,10.0,10.0,10.0
A',partition,0.2|wd0.1,partitions K10 E5 f1 operand fedavg,post_cross,cli_agg_gap,2,8.336297112562007e-05,7.630142648061321e-05,9.042451577062693e-05
A',partition,0.2|wd0.1,partitions K10 E5 f1 operand fedavg,post_cross,cli_rel_spread,2,0.0034977797564336426,0.0034406817227025975,0.003554877790164688
A',partition,0.2|wd0.1,partitions K10 E5 f1 operand fedavg,post_cross,cli_cos_global_mean,2,0.9999938735368817,0.9999936734093816,0.9999940736643819
A',partition,0.2|wd0.1,partitions K10 E5 f1 operand fedavg,post_cross,cli_cos_global_min,2,0.9999928829517036,0.9999926688164551,0.9999930970869522
A',partition,0.2|wd0.1,partitions K10 E5 f1 operand fedavg,post_cross,cli_dev_pair_cos,2,-0.11068187128538995,-0.11074479353091628,-0.1106189490398636
A',partition,0.2|wd0.1,partitions K10 E5 f1 operand fedavg,post_cross,cli_dev_eff_rank_frac,2,0.9980413002642465,0.9977425333108811,0.998340067217612
A',partition,0.2|wd0.1,partitions K10 E5 f1 operand fedavg,post_cross,cli_coherence,2,0.0005732435838281065,0.000495910778513736,0.0006505763891424769
A',partition,0.2|wd0.1,partitions K10 E5 f1 operand fedavg,post_cross,cli_key_n,2,35.0,35.0,35.0
A',partition,0.2|wd0.1,partitions K10 E5 f1 operand fedavg,post_cross,cli_dev_key_share,2,0.5685146500972773,0.5657067513228036,0.5713225488717512
A',partition,0.2|wd0.1,partitions K10 E5 f1 operand fedavg,post_cross,cli_dev_key_share_uniform,2,0.7291666666666666,0.7291666666666666,0.7291666666666666
A',partition,0.2|wd0.1,partitions K10 E5 f1 operand fedavg,post_cross,cli_dev_key_over_uniform,2,0.7796772344191233,0.7758264018141305,0.783528067024116
A',partition,0.2|wd0.1,partitions K10 E5 f1 operand fedavg,post_cross,cli_key_agreement,2,2.183774568650291e-28,2.128617454733755e-28,2.2389316825668267e-28
A',partition,0.2|wd0.1,partitions K10 E5 f1 operand fedavg,post_cross,cli_neuron_freq_agree,2,0.99296875,0.99140625,0.99453125
A',partition,0.2|wd0.1,partitions K10 E5 f1 target fedavg,delay_or_stalled,cli_n,3,10.0,10.0,10.0
A',partition,0.2|wd0.1,partitions K10 E5 f1 target fedavg,delay_or_stalled,cli_agg_gap,3,0.00022907831221178268,0.00021902261756028755,0.0002337096433320212
A',partition,0.2|wd0.1,partitions K10 E5 f1 target fedavg,delay_or_stalled,cli_rel_spread,3,0.010775823677503751,0.010742958041226294,0.010787824094751928
A',partition,0.2|wd0.1,partitions K10 E5 f1 target fedavg,delay_or_stalled,cli_cos_global_mean,3,0.9999419334439669,0.999941806566287,0.9999422852400173
A',partition,0.2|wd0.1,partitions K10 E5 f1 target fedavg,delay_or_stalled,cli_cos_global_min,3,0.9999399648572188,0.9999388164104177,0.9999403998420049
A',partition,0.2|wd0.1,partitions K10 E5 f1 target fedavg,delay_or_stalled,cli_dev_pair_cos,3,-0.11108576990030818,-0.11108832660522375,-0.11105554460221101
A',partition,0.2|wd0.1,partitions K10 E5 f1 target fedavg,delay_or_stalled,cli_dev_eff_rank_frac,3,0.9998450081144615,0.9997057690048887,0.9998567175542683
A',partition,0.2|wd0.1,partitions K10 E5 f1 target fedavg,delay_or_stalled,cli_coherence,3,0.00045728859903023143,0.00041577167787772173,0.0004731350185083153
A',partition,0.2|wd0.1,partitions K10 E5 f1 target fedavg,delay_or_stalled,cli_key_n,3,42.0,42.0,42.0
A',partition,0.2|wd0.1,partitions K10 E5 f1 target fedavg,delay_or_stalled,cli_dev_key_share,3,0.8792745190323616,0.8787861852444762,0.8795292007057703
A',partition,0.2|wd0.1,partitions K10 E5 f1 target fedavg,delay_or_stalled,cli_dev_key_share_uniform,3,0.875,0.875,0.875
A',partition,0.2|wd0.1,partitions K10 E5 f1 target fedavg,delay_or_stalled,cli_dev_key_over_uniform,3,1.0048851646084134,1.00432706885083,1.0051762293780233
A',partition,0.2|wd0.1,partitions K10 E5 f1 target fedavg,delay_or_stalled,cli_key_agreement,3,1.8616115568970548e-29,1.8611835508169044e-29,1.884121836746971e-29
A',partition,0.2|wd0.1,partitions K10 E5 f1 target fedavg,delay_or_stalled,cli_neuron_freq_agree,3,0.99609375,0.9953125,0.998046875
A',partition,0.2|wd0.1,partitions K10 E5 f1 target fedavg,post_cross,cli_n,27,10.0,10.0,10.0
A',partition,0.2|wd0.1,partitions K10 E5 f1 target fedavg,post_cross,cli_agg_gap,27,0.00021873579360864024,0.00019990423070448973,0.0002241078074548903
A',partition,0.2|wd0.1,partitions K10 E5 f1 target fedavg,post_cross,cli_rel_spread,27,0.010262771435367114,0.01002615044712383,0.010440723760799301
A',partition,0.2|wd0.1,partitions K10 E5 f1 target fedavg,post_cross,cli_cos_global_mean,27,0.9999473371845917,0.9999454837518671,0.9999497343199684
A',partition,0.2|wd0.1,partitions K10 E5 f1 target fedavg,post_cross,cli_cos_global_min,27,0.9999439664477877,0.9999422558498143,0.9999451598153211
A',partition,0.2|wd0.1,partitions K10 E5 f1 target fedavg,post_cross,cli_dev_pair_cos,27,-0.11107498716064546,-0.11108936214893068,-0.11101116772440606
A',partition,0.2|wd0.1,partitions K10 E5 f1 target fedavg,post_cross,cli_dev_eff_rank_frac,27,0.9997192032752069,0.9994666731671269,0.9998064234224286
A',partition,0.2|wd0.1,partitions K10 E5 f1 target fedavg,post_cross,cli_coherence,27,0.0004535711665077802,0.00037628210722187913,0.0004839240810228007
A',partition,0.2|wd0.1,partitions K10 E5 f1 target fedavg,post_cross,cli_key_n,27,40.0,40.0,40.0
A',partition,0.2|wd0.1,partitions K10 E5 f1 target fedavg,post_cross,cli_dev_key_share,27,0.8364476862782604,0.8356255145562002,0.8385160612786764
A',partition,0.2|wd0.1,partitions K10 E5 f1 target fedavg,post_cross,cli_dev_key_share_uniform,27,0.8333333333333334,0.8333333333333334,0.8333333333333334
A',partition,0.2|wd0.1,partitions K10 E5 f1 target fedavg,post_cross,cli_dev_key_over_uniform,27,1.0037372235339124,1.00275061746744,1.0062192735344118
A',partition,0.2|wd0.1,partitions K10 E5 f1 target fedavg,post_cross,cli_key_agreement,27,1.9832609970925165e-29,1.9391882810985605e-29,2.0522251166881244e-29
A',partition,0.2|wd0.1,partitions K10 E5 f1 target fedavg,post_cross,cli_neuron_freq_agree,27,1.0,1.0,1.0
A',partition,0.2|wd0.1,partitions K20 E5 f1 dirichlet0.5 fedavg,delay_or_stalled,cli_n,13,20.0,20.0,20.0
A',partition,0.2|wd0.1,partitions K20 E5 f1 dirichlet0.5 fedavg,delay_or_stalled,cli_agg_gap,13,0.0006086253604673242,0.0005614043264010463,0.0006558376798072347
A',partition,0.2|wd0.1,partitions K20 E5 f1 dirichlet0.5 fedavg,delay_or_stalled,cli_rel_spread,13,0.011480934723942066,0.011424173786758654,0.01155103431265508
A',partition,0.2|wd0.1,partitions K20 E5 f1 dirichlet0.5 fedavg,delay_or_stalled,cli_cos_global_mean,13,0.999933979664478,0.9999331823460992,0.9999345837213889
A',partition,0.2|wd0.1,partitions K20 E5 f1 dirichlet0.5 fedavg,delay_or_stalled,cli_cos_global_min,13,0.9999217943348764,0.9999196059153973,0.9999227811742691
A',partition,0.2|wd0.1,partitions K20 E5 f1 dirichlet0.5 fedavg,delay_or_stalled,cli_dev_pair_cos,13,-0.052412659539894296,-0.052425477292230294,-0.05240384118444773
A',partition,0.2|wd0.1,partitions K20 E5 f1 dirichlet0.5 fedavg,delay_or_stalled,cli_dev_eff_rank_frac,13,0.9975934713651569,0.9974882287994347,0.9977765436004059
A',partition,0.2|wd0.1,partitions K20 E5 f1 dirichlet0.5 fedavg,delay_or_stalled,cli_coherence,13,0.002799215065351545,0.0022260218551496346,0.003337410451508059
A',partition,0.2|wd0.1,partitions K20 E5 f1 dirichlet0.5 fedavg,delay_or_stalled,cli_key_n,13,43.0,43.0,43.0
A',partition,0.2|wd0.1,partitions K20 E5 f1 dirichlet0.5 fedavg,delay_or_stalled,cli_dev_key_share,13,0.8958580644120319,0.8952501258526485,0.896302414517822
A',partition,0.2|wd0.1,partitions K20 E5 f1 dirichlet0.5 fedavg,delay_or_stalled,cli_dev_key_share_uniform,13,0.8958333333333334,0.8958333333333334,0.8958333333333334
A',partition,0.2|wd0.1,partitions K20 E5 f1 dirichlet0.5 fedavg,delay_or_stalled,cli_dev_key_over_uniform,13,1.0000276067855238,0.9998636020041344,1.0005236255082663
A',partition,0.2|wd0.1,partitions K20 E5 f1 dirichlet0.5 fedavg,delay_or_stalled,cli_key_agreement,13,1.611404431156175e-29,1.5593841486793563e-29,1.6333808141283134e-29
A',partition,0.2|wd0.1,partitions K20 E5 f1 dirichlet0.5 fedavg,delay_or_stalled,cli_neuron_freq_agree,13,0.99296875,0.988671875,0.994140625
A',partition,0.2|wd0.1,partitions K20 E5 f1 dirichlet0.5 fedavg,post_cross,cli_n,17,20.0,20.0,20.0
A',partition,0.2|wd0.1,partitions K20 E5 f1 dirichlet0.5 fedavg,post_cross,cli_agg_gap,17,0.0006086186617725658,0.0005430733861704806,0.0006553140330144348
A',partition,0.2|wd0.1,partitions K20 E5 f1 dirichlet0.5 fedavg,post_cross,cli_rel_spread,17,0.011631759949598421,0.011549735120824968,0.01167682909035063
A',partition,0.2|wd0.1,partitions K20 E5 f1 dirichlet0.5 fedavg,post_cross,cli_cos_global_mean,17,0.9999322210536723,0.9999316206160319,0.9999331218390554
A',partition,0.2|wd0.1,partitions K20 E5 f1 dirichlet0.5 fedavg,post_cross,cli_cos_global_min,17,0.9999208887976018,0.9999196244112588,0.9999219067759356
A',partition,0.2|wd0.1,partitions K20 E5 f1 dirichlet0.5 fedavg,post_cross,cli_dev_pair_cos,17,-0.05243849925571752,-0.05245735505707462,-0.052433951749399285
A',partition,0.2|wd0.1,partitions K20 E5 f1 dirichlet0.5 fedavg,post_cross,cli_dev_eff_rank_frac,17,0.9978426348966767,0.9978120475673173,0.9980235341294342
A',partition,0.2|wd0.1,partitions K20 E5 f1 dirichlet0.5 fedavg,post_cross,cli_coherence,17,0.0027599811173552604,0.002184150323500281,0.003241125809824833
A',partition,0.2|wd0.1,partitions K20 E5 f1 dirichlet0.5 fedavg,post_cross,cli_key_n,17,42.0,42.0,42.0
A',partition,0.2|wd0.1,partitions K20 E5 f1 dirichlet0.5 fedavg,post_cross,cli_dev_key_share,17,0.8752376765710996,0.8746866158717634,0.8757734545934909
A',partition,0.2|wd0.1,partitions K20 E5 f1 dirichlet0.5 fedavg,post_cross,cli_dev_key_share_uniform,17,0.875,0.875,0.875
A',partition,0.2|wd0.1,partitions K20 E5 f1 dirichlet0.5 fedavg,post_cross,cli_dev_key_over_uniform,17,0.9999463951976549,0.9996086218133258,1.0004448082351234
A',partition,0.2|wd0.1,partitions K20 E5 f1 dirichlet0.5 fedavg,post_cross,cli_key_agreement,17,1.574701226102039e-29,1.556842381299055e-29,1.591736250319563e-29
A',partition,0.2|wd0.1,partitions K20 E5 f1 dirichlet0.5 fedavg,post_cross,cli_neuron_freq_agree,17,0.996875,0.994140625,0.9984375
A',partition,0.2|wd0.1,partitions K20 E5 f1 operand fedavg,delay_or_stalled,cli_n,14,20.0,20.0,20.0
A',partition,0.2|wd0.1,partitions K20 E5 f1 operand fedavg,delay_or_stalled,cli_agg_gap,14,0.00012562724027069265,0.00011267678996581527,0.0001319194924916522
A',partition,0.2|wd0.1,partitions K20 E5 f1 operand fedavg,delay_or_stalled,cli_rel_spread,14,0.005241755389557774,0.004470831772817255,0.005264066510054406
A',partition,0.2|wd0.1,partitions K20 E5 f1 operand fedavg,delay_or_stalled,cli_cos_global_mean,14,0.9999862532799493,0.999986136331307,0.9999899925235949
A',partition,0.2|wd0.1,partitions K20 E5 f1 operand fedavg,delay_or_stalled,cli_cos_global_min,14,0.9999829070695909,0.9999818025622332,0.9999857277792717
A',partition,0.2|wd0.1,partitions K20 E5 f1 operand fedavg,delay_or_stalled,cli_dev_pair_cos,14,-0.052302181801428364,-0.052412946451951055,-0.052183630978336774
A',partition,0.2|wd0.1,partitions K20 E5 f1 operand fedavg,delay_or_stalled,cli_dev_eff_rank_frac,14,0.9968668642132725,0.9959012733105873,0.9979209930191338
A',partition,0.2|wd0.1,partitions K20 E5 f1 operand fedavg,delay_or_stalled,cli_coherence,14,0.0006144031168751638,0.0005361971212502834,0.0009361629418341451
A',partition,0.2|wd0.1,partitions K20 E5 f1 operand fedavg,delay_or_stalled,cli_key_n,14,41.5,40.0,42.0
A',partition,0.2|wd0.1,partitions K20 E5 f1 operand fedavg,delay_or_stalled,cli_dev_key_share,14,0.8591060293455457,0.8287152871633853,0.8728909013552244
A',partition,0.2|wd0.1,partitions K20 E5 f1 operand fedavg,delay_or_stalled,cli_dev_key_share_uniform,14,0.8645833333333333,0.8333333333333334,0.875
A',partition,0.2|wd0.1,partitions K20 E5 f1 operand fedavg,delay_or_stalled,cli_dev_key_over_uniform,14,0.9944704138178961,0.9931975515663354,0.9967309016391198
A',partition,0.2|wd0.1,partitions K20 E5 f1 operand fedavg,delay_or_stalled,cli_key_agreement,14,7.78824928739355e-29,7.634908592283886e-29,1.0496499993584702e-28
A',partition,0.2|wd0.1,partitions K20 E5 f1 operand fedavg,delay_or_stalled,cli_neuron_freq_agree,14,0.9986328124999999,0.997265625,0.99990234375
A',partition,0.2|wd0.1,partitions K20 E5 f1 operand fedavg,post_cross,cli_n,15,20.0,20.0,20.0
A',partition,0.2|wd0.1,partitions K20 E5 f1 operand fedavg,post_cross,cli_agg_gap,15,8.58426272417856e-05,7.992517963223409e-05,9.788527058380115e-05
A',partition,0.2|wd0.1,partitions K20 E5 f1 operand fedavg,post_cross,cli_rel_spread,15,0.0033107510502774357,0.003231364992708705,0.0034468152154859275
A',partition,0.2|wd0.1,partitions K20 E5 f1 operand fedavg,post_cross,cli_cos_global_mean,15,0.9999945169269926,0.9999940570889683,0.9999947762764531
A',partition,0.2|wd0.1,partitions K20 E5 f1 operand fedavg,post_cross,cli_cos_global_min,15,0.9999920841608608,0.9999916294713066,0.9999925059632926
A',partition,0.2|wd0.1,partitions K20 E5 f1 operand fedavg,post_cross,cli_dev_pair_cos,15,-0.05220181154854869,-0.05223904548782972,-0.05173766618639938
A',partition,0.2|wd0.1,partitions K20 E5 f1 operand fedavg,post_cross,cli_dev_eff_rank_frac,15,0.9959929664442604,0.9919409192636417,0.9963686392314401
A',partition,0.2|wd0.1,partitions K20 E5 f1 operand fedavg,post_cross,cli_coherence,15,0.0006440092284671414,0.0005440585092055766,0.0009938710652154618
A',partition,0.2|wd0.1,partitions K20 E5 f1 operand fedavg,post_cross,cli_key_n,15,41.0,40.0,42.0
A',partition,0.2|wd0.1,partitions K20 E5 f1 operand fedavg,post_cross,cli_dev_key_share,15,0.8182117793883407,0.7974965708076716,0.8291819937008623
A',partition,0.2|wd0.1,partitions K20 E5 f1 operand fedavg,post_cross,cli_dev_key_share_uniform,15,0.8541666666666666,0.8333333333333334,0.875
A',partition,0.2|wd0.1,partitions K20 E5 f1 operand fedavg,post_cross,cli_dev_key_over_uniform,15,0.9579064734302525,0.9420400751180562,0.9713394012944163
A',partition,0.2|wd0.1,partitions K20 E5 f1 operand fedavg,post_cross,cli_key_agreement,15,1.9834740811957988e-28,1.8616189161738373e-28,2.1336560212764166e-28
A',partition,0.2|wd0.1,partitions K20 E5 f1 operand fedavg,post_cross,cli_neuron_freq_agree,15,1.0,1.0,1.0
A',partition,0.2|wd0.1,partitions K20 E5 f1 operand fedavg,pre_memo,cli_n,1,20.0,20.0,20.0
A',partition,0.2|wd0.1,partitions K20 E5 f1 operand fedavg,pre_memo,cli_agg_gap,1,0.000121699356066272,0.000121699356066272,0.000121699356066272
A',partition,0.2|wd0.1,partitions K20 E5 f1 operand fedavg,pre_memo,cli_rel_spread,1,0.005384552440948296,0.005384552440948296,0.005384552440948296
A',partition,0.2|wd0.1,partitions K20 E5 f1 operand fedavg,pre_memo,cli_cos_global_mean,1,0.9999854977183256,0.9999854977183256,0.9999854977183256
A',partition,0.2|wd0.1,partitions K20 E5 f1 operand fedavg,pre_memo,cli_cos_global_min,1,0.9999820869559778,0.9999820869559778,0.9999820869559778
A',partition,0.2|wd0.1,partitions K20 E5 f1 operand fedavg,pre_memo,cli_dev_pair_cos,1,-0.0524914393867961,-0.0524914393867961,-0.0524914393867961
A',partition,0.2|wd0.1,partitions K20 E5 f1 operand fedavg,pre_memo,cli_dev_eff_rank_frac,1,0.9986774661224942,0.9986774661224942,0.9986774661224942
A',partition,0.2|wd0.1,partitions K20 E5 f1 operand fedavg,pre_memo,cli_coherence,1,0.0005105730968571629,0.0005105730968571629,0.0005105730968571629
A',partition,0.2|wd0.1,partitions K20 E5 f1 operand fedavg,pre_memo,cli_key_n,1,43.0,43.0,43.0
A',partition,0.2|wd0.1,partitions K20 E5 f1 operand fedavg,pre_memo,cli_dev_key_share,1,0.8912236417808761,0.8912236417808761,0.8912236417808761
A',partition,0.2|wd0.1,partitions K20 E5 f1 operand fedavg,pre_memo,cli_dev_key_share_uniform,1,0.8958333333333334,0.8958333333333334,0.8958333333333334
A',partition,0.2|wd0.1,partitions K20 E5 f1 operand fedavg,pre_memo,cli_dev_key_over_uniform,1,0.9948542978019081,0.9948542978019081,0.9948542978019081
A',partition,0.2|wd0.1,partitions K20 E5 f1 operand fedavg,pre_memo,cli_key_agreement,1,7.187157198618217e-29,7.187157198618217e-29,7.187157198618217e-29
A',partition,0.2|wd0.1,partitions K20 E5 f1 operand fedavg,pre_memo,cli_neuron_freq_agree,1,0.998046875,0.998046875,0.998046875
A',partition,0.2|wd0.1,partitions K20 E5 f1 target fedavg,delay_or_stalled,cli_n,3,20.0,20.0,20.0
A',partition,0.2|wd0.1,partitions K20 E5 f1 target fedavg,delay_or_stalled,cli_agg_gap,3,0.00016535862961740107,0.0001632932757930554,0.00017680634267406924
A',partition,0.2|wd0.1,partitions K20 E5 f1 target fedavg,delay_or_stalled,cli_rel_spread,3,0.007898047681111565,0.007888333657168225,0.008010884004698349
A',partition,0.2|wd0.1,partitions K20 E5 f1 target fedavg,delay_or_stalled,cli_cos_global_mean,3,0.9999688499007032,0.9999679700211239,0.9999689151375506
A',partition,0.2|wd0.1,partitions K20 E5 f1 target fedavg,delay_or_stalled,cli_cos_global_min,3,0.9999629795633708,0.9999625175201542,0.99996384858745
A',partition,0.2|wd0.1,partitions K20 E5 f1 target fedavg,delay_or_stalled,cli_dev_pair_cos,3,-0.052449330350169444,-0.0524721776934169,-0.05242026605669605
A',partition,0.2|wd0.1,partitions K20 E5 f1 target fedavg,delay_or_stalled,cli_dev_eff_rank_frac,3,0.9980995583011628,0.9978291608497394,0.9983226556279295
A',partition,0.2|wd0.1,partitions K20 E5 f1 target fedavg,delay_or_stalled,cli_coherence,3,0.0004186159855158137,0.00041640208020106396,0.000493231294600898
A',partition,0.2|wd0.1,partitions K20 E5 f1 target fedavg,delay_or_stalled,cli_key_n,3,39.0,38.5,39.5
A',partition,0.2|wd0.1,partitions K20 E5 f1 target fedavg,delay_or_stalled,cli_dev_key_share,3,0.8247521888761165,0.8127423257472219,0.8339952135281034
A',partition,0.2|wd0.1,partitions K20 E5 f1 target fedavg,delay_or_stalled,cli_dev_key_share_uniform,3,0.8125,0.8020833333333333,0.8229166666666667
A',partition,0.2|wd0.1,partitions K20 E5 f1 target fedavg,delay_or_stalled,cli_dev_key_over_uniform,3,1.0118858858161082,1.011668708772261,1.0134827514472027
A',partition,0.2|wd0.1,partitions K20 E5 f1 target fedavg,delay_or_stalled,cli_key_agreement,3,3.4934605507626444e-29,3.411034389308228e-29,3.5111983685442515e-29
A',partition,0.2|wd0.1,partitions K20 E5 f1 target fedavg,delay_or_stalled,cli_neuron_freq_agree,3,0.9984375,0.997265625,0.998828125
A',partition,0.2|wd0.1,partitions K20 E5 f1 target fedavg,post_cross,cli_n,21,20.0,20.0,20.0
A',partition,0.2|wd0.1,partitions K20 E5 f1 target fedavg,post_cross,cli_agg_gap,21,0.0001895141864135487,0.0001662017767962169,0.0001960382514654063
A',partition,0.2|wd0.1,partitions K20 E5 f1 target fedavg,post_cross,cli_rel_spread,21,0.007927812760348124,0.00784817917770125,0.008045149514972474
A',partition,0.2|wd0.1,partitions K20 E5 f1 target fedavg,post_cross,cli_cos_global_mean,21,0.999968571334206,0.9999676298322244,0.9999692038512149
A',partition,0.2|wd0.1,partitions K20 E5 f1 target fedavg,post_cross,cli_cos_global_min,21,0.9999646534960998,0.9999635426794093,0.9999651251306856
A',partition,0.2|wd0.1,partitions K20 E5 f1 target fedavg,post_cross,cli_dev_pair_cos,21,-0.05253831949307076,-0.0525509108586428,-0.05251602001551152
A',partition,0.2|wd0.1,partitions K20 E5 f1 target fedavg,post_cross,cli_dev_eff_rank_frac,21,0.9989097241396167,0.998727679949973,0.9990633874946537
A',partition,0.2|wd0.1,partitions K20 E5 f1 target fedavg,post_cross,cli_coherence,21,0.0005654449884021225,0.0004349704416945016,0.000601754509711022
A',partition,0.2|wd0.1,partitions K20 E5 f1 target fedavg,post_cross,cli_key_n,21,36.0,36.0,36.0
A',partition,0.2|wd0.1,partitions K20 E5 f1 target fedavg,post_cross,cli_dev_key_share,21,0.7587638917556553,0.756025547291659,0.7601067144813188
A',partition,0.2|wd0.1,partitions K20 E5 f1 target fedavg,post_cross,cli_dev_key_share_uniform,21,0.75,0.75,0.75
A',partition,0.2|wd0.1,partitions K20 E5 f1 target fedavg,post_cross,cli_dev_key_over_uniform,21,1.0125877865257744,1.0108231722650356,1.0135269853824518
A',partition,0.2|wd0.1,partitions K20 E5 f1 target fedavg,post_cross,cli_key_agreement,21,3.657009336243016e-29,3.571537935407445e-29,3.711408472669555e-29
A',partition,0.2|wd0.1,partitions K20 E5 f1 target fedavg,post_cross,cli_neuron_freq_agree,21,1.0,1.0,1.0
A',partition,0.2|wd0.1,partitions K20 E5 f1 target fedavg,pre_memo,cli_n,6,20.0,20.0,20.0
A',partition,0.2|wd0.1,partitions K20 E5 f1 target fedavg,pre_memo,cli_agg_gap,6,0.00020410114369559973,0.0001984659643698027,0.0002150861747859989
A',partition,0.2|wd0.1,partitions K20 E5 f1 target fedavg,pre_memo,cli_rel_spread,6,0.008616232201975514,0.008312907678377071,0.008859653046680101
A',partition,0.2|wd0.1,partitions K20 E5 f1 target fedavg,pre_memo,cli_cos_global_mean,6,0.999963007822783,0.9999609918786725,0.9999655966842742
A',partition,0.2|wd0.1,partitions K20 E5 f1 target fedavg,pre_memo,cli_cos_global_min,6,0.9999550545754607,0.9999536849227043,0.9999594757482284
A',partition,0.2|wd0.1,partitions K20 E5 f1 target fedavg,pre_memo,cli_dev_pair_cos,6,-0.05228768237643358,-0.05233318023137861,-0.05222026188776806
A',partition,0.2|wd0.1,partitions K20 E5 f1 target fedavg,pre_memo,cli_dev_eff_rank_frac,6,0.9966670938154486,0.9959609171415006,0.9970557922677242
A',partition,0.2|wd0.1,partitions K20 E5 f1 target fedavg,pre_memo,cli_coherence,6,0.0006029244238558967,0.0005913100840186973,0.0006083565179339913
A',partition,0.2|wd0.1,partitions K20 E5 f1 target fedavg,pre_memo,cli_key_n,6,41.5,41.0,42.0
A',partition,0.2|wd0.1,partitions K20 E5 f1 target fedavg,pre_memo,cli_dev_key_share,6,0.8724778638404822,0.8627919141746829,0.8824434004658681
A',partition,0.2|wd0.1,partitions K20 E5 f1 target fedavg,pre_memo,cli_dev_key_share_uniform,6,0.8645833333333333,0.8541666666666666,0.875
A',partition,0.2|wd0.1,partitions K20 E5 f1 target fedavg,pre_memo,cli_dev_key_over_uniform,6,1.009933550905376,1.0090687847646602,1.010453239964959
A',partition,0.2|wd0.1,partitions K20 E5 f1 target fedavg,pre_memo,cli_key_agreement,6,2.9284725889317963e-29,2.743659706379322e-29,3.106334668910972e-29
A',partition,0.2|wd0.1,partitions K20 E5 f1 target fedavg,pre_memo,cli_neuron_freq_agree,6,0.9990234375,0.994140625,0.99951171875
B,E,0.3|wd0.1,local_epochs K10 E10 f1 iid fedavg,delay_or_stalled,cli_n,8,10.0,10.0,10.0
B,E,0.3|wd0.1,local_epochs K10 E10 f1 iid fedavg,delay_or_stalled,cli_agg_gap,8,5.1617338189004166e-08,5.108072672715975e-08,5.209486173653255e-08
B,E,0.3|wd0.1,local_epochs K10 E10 f1 iid fedavg,delay_or_stalled,cli_rel_spread,8,0.005547488682265112,0.0053709267346371105,0.00636598083602531
B,E,0.3|wd0.1,local_epochs K10 E10 f1 iid fedavg,delay_or_stalled,cli_cos_global_mean,8,0.9999846146138293,0.999979739698016,0.9999855702798703
B,E,0.3|wd0.1,local_epochs K10 E10 f1 iid fedavg,delay_or_stalled,cli_cos_global_min,8,0.9999787536991567,0.9999714456008868,0.9999800386084895
B,E,0.3|wd0.1,local_epochs K10 E10 f1 iid fedavg,delay_or_stalled,cli_dev_pair_cos,8,-0.10914634102053444,-0.1097069789923874,-0.10867391343555467
B,E,0.3|wd0.1,local_epochs K10 E10 f1 iid fedavg,delay_or_stalled,cli_dev_eff_rank_frac,8,0.9912516316129927,0.9890088279508634,0.993267779974808
B,E,0.3|wd0.1,local_epochs K10 E10 f1 iid fedavg,delay_or_stalled,cli_coherence,8,8.374127904596755e-11,6.50031507253482e-11,9.429218090471606e-11
B,E,0.3|wd0.1,local_epochs K10 E10 f1 iid fedavg,delay_or_stalled,cli_key_n,8,46.0,44.75,48.0
B,E,0.3|wd0.1,local_epochs K10 E10 f1 iid fedavg,delay_or_stalled,cli_dev_key_share,8,0.825488346368096,0.7995016507570987,0.8576569087643703
B,E,0.3|wd0.1,local_epochs K10 E10 f1 iid fedavg,delay_or_stalled,cli_dev_key_share_uniform,8,0.8214285714285714,0.7991071428571429,0.8571428571428571
B,E,0.3|wd0.1,local_epochs K10 E10 f1 iid fedavg,delay_or_stalled,cli_dev_key_over_uniform,8,1.0014794121544428,0.9995654884067809,1.0034099549599358
B,E,0.3|wd0.1,local_epochs K10 E10 f1 iid fedavg,delay_or_stalled,cli_key_agreement,8,6.902341020173668e-29,5.372231797412642e-29,7.400377028955192e-29
B,E,0.3|wd0.1,local_epochs K10 E10 f1 iid fedavg,post_cross,cli_n,22,10.0,10.0,10.0
B,E,0.3|wd0.1,local_epochs K10 E10 f1 iid fedavg,post_cross,cli_agg_gap,22,5.159994592552165e-08,5.091329961353451e-08,5.191137595028667e-08
B,E,0.3|wd0.1,local_epochs K10 E10 f1 iid fedavg,post_cross,cli_rel_spread,22,0.012131988571925533,0.009066954857102044,0.01389111917000409
B,E,0.3|wd0.1,local_epochs K10 E10 f1 iid fedavg,post_cross,cli_cos_global_mean,22,0.9999264628387471,0.9999036398556141,0.9999593442740322
B,E,0.3|wd0.1,local_epochs K10 E10 f1 iid fedavg,post_cross,cli_cos_global_min,22,0.9999022816651757,0.9998564629966459,0.9999326431370477
B,E,0.3|wd0.1,local_epochs K10 E10 f1 iid fedavg,post_cross,cli_dev_pair_cos,22,-0.10695071743712202,-0.11001085072563482,-0.09551918396577566
B,E,0.3|wd0.1,local_epochs K10 E10 f1 iid fedavg,post_cross,cli_dev_eff_rank_frac,22,0.9807866968905513,0.936483144910999,0.9940399511046181
B,E,0.3|wd0.1,local_epochs K10 E10 f1 iid fedavg,post_cross,cli_coherence,22,1.787195250047303e-11,1.3434837272880323e-11,3.3328124929889166e-11
B,E,0.3|wd0.1,local_epochs K10 E10 f1 iid fedavg,post_cross,cli_key_n,22,19.5,14.5,27.5
B,E,0.3|wd0.1,local_epochs K10 E10 f1 iid fedavg,post_cross,cli_dev_key_share,22,0.3722147950343242,0.28313164223439896,0.5177548322311601
B,E,0.3|wd0.1,local_epochs K10 E10 f1 iid fedavg,post_cross,cli_dev_key_share_uniform,22,0.3482142857142857,0.2589285714285714,0.4910714285714286
B,E,0.3|wd0.1,local_epochs K10 E10 f1 iid fedavg,post_cross,cli_dev_key_over_uniform,22,1.0524142944018804,1.025831346835563,1.0668325619708932
B,E,0.3|wd0.1,local_epochs K10 E10 f1 iid fedavg,post_cross,cli_key_agreement,22,1.3889957261282017e-29,1.0805501402468716e-29,2.319255935914406e-29
B,E,0.3|wd0.1,local_epochs K10 E25 f1 iid fedavg,delay_or_stalled,cli_n,8,10.0,10.0,10.0
B,E,0.3|wd0.1,local_epochs K10 E25 f1 iid fedavg,delay_or_stalled,cli_agg_gap,8,5.118997212647883e-08,5.1083072044679484e-08,5.1331729972190697e-08
B,E,0.3|wd0.1,local_epochs K10 E25 f1 iid fedavg,delay_or_stalled,cli_rel_spread,8,0.014187679876282795,0.01316894667133247,0.01596122869138186
B,E,0.3|wd0.1,local_epochs K10 E25 f1 iid fedavg,delay_or_stalled,cli_cos_global_mean,8,0.9998989741853743,0.9998726997896712,0.9999133834152507
B,E,0.3|wd0.1,local_epochs K10 E25 f1 iid fedavg,delay_or_stalled,cli_cos_global_min,8,0.9998042023747191,0.9997805233040198,0.9998491571890246
B,E,0.3|wd0.1,local_epochs K10 E25 f1 iid fedavg,delay_or_stalled,cli_dev_pair_cos,8,-0.10415159243545041,-0.1053305905408845,-0.10263295318675222
B,E,0.3|wd0.1,local_epochs K10 E25 f1 iid fedavg,delay_or_stalled,cli_dev_eff_rank_frac,8,0.9707617708978362,0.96676559742691,0.9755788661712257
B,E,0.3|wd0.1,local_epochs K10 E25 f1 iid fedavg,delay_or_stalled,cli_coherence,8,1.3087529727956452e-11,1.0334567558983849e-11,1.5131555032386538e-11
B,E,0.3|wd0.1,local_epochs K10 E25 f1 iid fedavg,delay_or_stalled,cli_key_n,8,47.5,45.75,48.0
B,E,0.3|wd0.1,local_epochs K10 E25 f1 iid fedavg,delay_or_stalled,cli_dev_key_share,8,0.8470060805088401,0.8170217428833222,0.8595589088681524
B,E,0.3|wd0.1,local_epochs K10 E25 f1 iid fedavg,delay_or_stalled,cli_dev_key_share_uniform,8,0.8482142857142857,0.8169642857142857,0.8571428571428571
B,E,0.3|wd0.1,local_epochs K10 E25 f1 iid fedavg,delay_or_stalled,cli_dev_key_over_uniform,8,1.0003094326546211,0.9997145713264715,1.0011366215059536
B,E,0.3|wd0.1,local_epochs K10 E25 f1 iid fedavg,delay_or_stalled,cli_key_agreement,8,1.0805036095587843e-29,8.22971585674106e-30,1.2380534448492957e-29
B,E,0.3|wd0.1,local_epochs K10 E25 f1 iid fedavg,post_cross,cli_n,22,10.0,10.0,10.0
B,E,0.3|wd0.1,local_epochs K10 E25 f1 iid fedavg,post_cross,cli_agg_gap,22,5.1248270387551154e-08,5.08808949450543e-08,5.147637486331222e-08
B,E,0.3|wd0.1,local_epochs K10 E25 f1 iid fedavg,post_cross,cli_rel_spread,22,0.03568558122022987,0.023058594871220146,0.04093641743676775
B,E,0.3|wd0.1,local_epochs K10 E25 f1 iid fedavg,post_cross,cli_cos_global_mean,22,0.9993697971018132,0.9991729200856849,0.9997367621697381
B,E,0.3|wd0.1,local_epochs K10 E25 f1 iid fedavg,post_cross,cli_cos_global_min,22,0.9989026773274171,0.9986200603348666,0.9993625063333584
B,E,0.3|wd0.1,local_epochs K10 E25 f1 iid fedavg,post_cross,cli_dev_pair_cos,22,-0.102265892927012,-0.1062160328647743,-0.09081491490017649
B,E,0.3|wd0.1,local_epochs K10 E25 f1 iid fedavg,post_cross,cli_dev_eff_rank_frac,22,0.9616421785995193,0.9341745702198709,0.9774921603167588
B,E,0.3|wd0.1,local_epochs K10 E25 f1 iid fedavg,post_cross,cli_coherence,22,2.0497470075904417e-12,1.5701496724315066e-12,5.041261788607074e-12
B,E,0.3|wd0.1,local_epochs K10 E25 f1 iid fedavg,post_cross,cli_key_n,22,28.0,17.25,29.75
B,E,0.3|wd0.1,local_epochs K10 E25 f1 iid fedavg,post_cross,cli_dev_key_share,22,0.5233970549633122,0.31881600760586815,0.5636876114582599
B,E,0.3|wd0.1,local_epochs K10 E25 f1 iid fedavg,post_cross,cli_dev_key_share_uniform,22,0.5,0.3080357142857143,0.53125
B,E,0.3|wd0.1,local_epochs K10 E25 f1 iid fedavg,post_cross,cli_dev_key_over_uniform,22,1.0603757770959503,1.0508019822314953,1.072772984009848
B,E,0.3|wd0.1,local_epochs K10 E25 f1 iid fedavg,post_cross,cli_key_agreement,22,1.7220070935112446e-30,1.3597661925508548e-30,3.923272093793801e-30
B,E,0.3|wd0.1,local_epochs K10 E50 f1 iid fedavg,delay_or_stalled,cli_n,7,10.0,10.0,10.0
B,E,0.3|wd0.1,local_epochs K10 E50 f1 iid fedavg,delay_or_stalled,cli_agg_gap,7,5.1182119598160224e-08,5.100478456136792e-08,5.147546249635274e-08
B,E,0.3|wd0.1,local_epochs K10 E50 f1 iid fedavg,delay_or_stalled,cli_rel_spread,7,0.026714419268208937,0.01806426692613586,0.03357906558872109
B,E,0.3|wd0.1,local_epochs K10 E50 f1 iid fedavg,delay_or_stalled,cli_cos_global_mean,7,0.9996440338749156,0.9994371624973359,0.9998333145559033
B,E,0.3|wd0.1,local_epochs K10 E50 f1 iid fedavg,delay_or_stalled,cli_cos_global_min,7,0.9994368897098826,0.9991720476805033,0.9996729580661272
B,E,0.3|wd0.1,local_epochs K10 E50 f1 iid fedavg,delay_or_stalled,cli_dev_pair_cos,7,-0.10828033842651355,-0.10920892015712569,-0.10555707586343459
B,E,0.3|wd0.1,local_epochs K10 E50 f1 iid fedavg,delay_or_stalled,cli_dev_eff_rank_frac,7,0.9877316292174435,0.9780920623316716,0.991857878288956
B,E,0.3|wd0.1,local_epochs K10 E50 f1 iid fedavg,delay_or_stalled,cli_coherence,7,3.5844521349716843e-12,2.329310842771748e-12,8.760128176052088e-12
B,E,0.3|wd0.1,local_epochs K10 E50 f1 iid fedavg,delay_or_stalled,cli_key_n,7,47.0,45.5,48.0
B,E,0.3|wd0.1,local_epochs K10 E50 f1 iid fedavg,delay_or_stalled,cli_dev_key_share,7,0.8457766774642751,0.8104137639362169,0.8584571506148735
B,E,0.3|wd0.1,local_epochs K10 E50 f1 iid fedavg,delay_or_stalled,cli_dev_key_share_uniform,7,0.8392857142857143,0.8125,0.8571428571428571
B,E,0.3|wd0.1,local_epochs K10 E50 f1 iid fedavg,delay_or_stalled,cli_dev_key_over_uniform,7,1.0014307000195233,0.999196631311215,1.0052540554672225
B,E,0.3|wd0.1,local_epochs K10 E50 f1 iid fedavg,delay_or_stalled,cli_key_agreement,7,2.9494793793287524e-30,1.8956585767345932e-30,7.218803344673293e-30
B,E,0.3|wd0.1,local_epochs K10 E50 f1 iid fedavg,post_cross,cli_n,23,10.0,10.0,10.0
B,E,0.3|wd0.1,local_epochs K10 E50 f1 iid fedavg,post_cross,cli_agg_gap,23,5.138599854675689e-08,5.0913164485030415e-08,5.172007870039701e-08
B,E,0.3|wd0.1,local_epochs K10 E50 f1 iid fedavg,post_cross,cli_rel_spread,23,0.052512967746244255,0.02814955285435976,0.061258937773975536
B,E,0.3|wd0.1,local_epochs K10 E50 f1 iid fedavg,post_cross,cli_cos_global_mean,23,0.9986362907388445,0.9981492709928281,0.9996041886089307
B,E,0.3|wd0.1,local_epochs K10 E50 f1 iid fedavg,post_cross,cli_cos_global_min,23,0.9976703138148949,0.9961543269116033,0.9993679059632816
B,E,0.3|wd0.1,local_epochs K10 E50 f1 iid fedavg,post_cross,cli_dev_pair_cos,23,-0.10472912259600661,-0.10797206597942419,-0.08911075106501617
B,E,0.3|wd0.1,local_epochs K10 E50 f1 iid fedavg,post_cross,cli_dev_eff_rank_frac,23,0.9711688881569669,0.9234273867766769,0.9837921871938411
B,E,0.3|wd0.1,local_epochs K10 E50 f1 iid fedavg,post_cross,cli_coherence,23,9.750788118633218e-13,7.087173369460518e-13,3.350703186376773e-12
B,E,0.3|wd0.1,local_epochs K10 E50 f1 iid fedavg,post_cross,cli_key_n,23,19.0,6.0,25.5
B,E,0.3|wd0.1,local_epochs K10 E50 f1 iid fedavg,post_cross,cli_dev_key_share,23,0.35291398425602466,0.13847339362453004,0.49018429191911594
B,E,0.3|wd0.1,local_epochs K10 E50 f1 iid fedavg,post_cross,cli_dev_key_share_uniform,23,0.3392857142857143,0.10714285714285714,0.45535714285714285
B,E,0.3|wd0.1,local_epochs K10 E50 f1 iid fedavg,post_cross,cli_dev_key_over_uniform,23,1.106022647081048,1.0434506400531705,1.2470066918835694
B,E,0.3|wd0.1,local_epochs K10 E50 f1 iid fedavg,post_cross,cli_key_agreement,23,7.936210999986506e-31,5.837945877814208e-31,1.942850594300711e-30
B,K,0.3|wd0.1,k_collapse_budget K20 E5 f1 iid fedavg,delay_or_stalled,cli_n,24,20.0,20.0,20.0
B,K,0.3|wd0.1,k_collapse_budget K20 E5 f1 iid fedavg,delay_or_stalled,cli_agg_gap,24,2.0381296793579796e-06,1.911358658059928e-06,2.202601594963235e-06
B,K,0.3|wd0.1,k_collapse_budget K20 E5 f1 iid fedavg,delay_or_stalled,cli_rel_spread,24,0.003370713831981893,0.003184092860564816,0.0037155772538979134
B,K,0.3|wd0.1,k_collapse_budget K20 E5 f1 iid fedavg,delay_or_stalled,cli_cos_global_mean,24,0.9999943237558508,0.9999931007325531,0.9999949347999382
B,K,0.3|wd0.1,k_collapse_budget K20 E5 f1 iid fedavg,delay_or_stalled,cli_cos_global_min,24,0.9999937129134633,0.9999925745919974,0.9999940467490529
B,K,0.3|wd0.1,k_collapse_budget K20 E5 f1 iid fedavg,delay_or_stalled,cli_dev_pair_cos,24,-0.05253571552357125,-0.052602124776153024,-0.052329485782518025
B,K,0.3|wd0.1,k_collapse_budget K20 E5 f1 iid fedavg,delay_or_stalled,cli_dev_eff_rank_frac,24,0.9983944573501883,0.9962456730058996,0.9991261583211878
B,K,0.3|wd0.1,k_collapse_budget K20 E5 f1 iid fedavg,delay_or_stalled,cli_coherence,24,3.5900572662368983e-07,3.5430442208656284e-07,3.6562430587315546e-07
B,K,0.3|wd0.1,k_collapse_budget K20 E5 f1 iid fedavg,delay_or_stalled,cli_key_n,24,47.0,44.0,48.0
B,K,0.3|wd0.1,k_collapse_budget K20 E5 f1 iid fedavg,delay_or_stalled,cli_dev_key_share,24,0.837424486720115,0.7872446252559411,0.855435472112793
B,K,0.3|wd0.1,k_collapse_budget K20 E5 f1 iid fedavg,delay_or_stalled,cli_dev_key_share_uniform,24,0.8392857142857143,0.7857142857142857,0.8571428571428571
B,K,0.3|wd0.1,k_collapse_budget K20 E5 f1 iid fedavg,delay_or_stalled,cli_dev_key_over_uniform,24,0.9990494565134818,0.9977123301828192,1.0014146168758653
B,K,0.3|wd0.1,k_collapse_budget K20 E5 f1 iid fedavg,delay_or_stalled,cli_key_agreement,24,1.899815822320913e-28,1.540590727870944e-28,2.0827309604306934e-28
B,K,0.3|wd0.1,k_collapse_budget K20 E5 f1 iid fedavg,post_cross,cli_n,36,20.0,20.0,20.0
B,K,0.3|wd0.1,k_collapse_budget K20 E5 f1 iid fedavg,post_cross,cli_agg_gap,36,1.916587564536923e-06,1.8058610608793821e-06,2.238107807653142e-06
B,K,0.3|wd0.1,k_collapse_budget K20 E5 f1 iid fedavg,post_cross,cli_rel_spread,36,0.0032707306952077446,0.003015884421473167,0.003696628884910705
B,K,0.3|wd0.1,k_collapse_budget K20 E5 f1 iid fedavg,post_cross,cli_cos_global_mean,36,0.9999946557716402,0.9999931795731493,0.9999954682308344
B,K,0.3|wd0.1,k_collapse_budget K20 E5 f1 iid fedavg,post_cross,cli_cos_global_min,36,0.9999903730727824,0.9999891080220034,0.9999920527659024
B,K,0.3|wd0.1,k_collapse_budget K20 E5 f1 iid fedavg,post_cross,cli_dev_pair_cos,36,-0.05039715629863705,-0.051438834458926073,-0.04728560928499728
B,K,0.3|wd0.1,k_collapse_budget K20 E5 f1 iid fedavg,post_cross,cli_dev_eff_rank_frac,36,0.9769653821833129,0.9566833096771195,0.9859810416482022
B,K,0.3|wd0.1,k_collapse_budget K20 E5 f1 iid fedavg,post_cross,cli_coherence,36,3.5998341475002366e-07,3.465130962947686e-07,3.7170336485370307e-07
B,K,0.3|wd0.1,k_collapse_budget K20 E5 f1 iid fedavg,post_cross,cli_key_n,36,5.0,3.75,5.0
B,K,0.3|wd0.1,k_collapse_budget K20 E5 f1 iid fedavg,post_cross,cli_dev_key_share,36,0.08965633409290139,0.06452246543875803,0.09341976504665578
B,K,0.3|wd0.1,k_collapse_budget K20 E5 f1 iid fedavg,post_cross,cli_dev_key_share_uniform,36,0.08928571428571429,0.06696428571428571,0.08928571428571429
B,K,0.3|wd0.1,k_collapse_budget K20 E5 f1 iid fedavg,post_cross,cli_dev_key_over_uniform,36,1.0055323172931463,0.9840313974830823,1.0372024093067553
B,K,0.3|wd0.1,k_collapse_budget K20 E5 f1 iid fedavg,post_cross,cli_key_agreement,36,2.009957404279399e-28,1.5382437798681896e-28,2.421771503928586e-28
B,K,0.3|wd0.1,k_collapse_budget K30 E5 f1 iid fedavg,delay_or_stalled,cli_n,29,30.0,30.0,30.0
B,K,0.3|wd0.1,k_collapse_budget K30 E5 f1 iid fedavg,delay_or_stalled,cli_agg_gap,29,2.5329261009367428e-06,2.386977144835265e-06,2.7450798014192314e-06
B,K,0.3|wd0.1,k_collapse_budget K30 E5 f1 iid fedavg,delay_or_stalled,cli_rel_spread,29,0.0036706231004569097,0.003444983620878213,0.004006626711964668
B,K,0.3|wd0.1,k_collapse_budget K30 E5 f1 iid fedavg,delay_or_stalled,cli_cos_global_mean,29,0.9999932767776115,0.9999919805461703,0.9999940715385963
B,K,0.3|wd0.1,k_collapse_budget K30 E5 f1 iid fedavg,delay_or_stalled,cli_cos_global_min,29,0.9999923740749092,0.9999909963303554,0.9999933052979117
B,K,0.3|wd0.1,k_collapse_budget K30 E5 f1 iid fedavg,delay_or_stalled,cli_dev_pair_cos,29,-0.03445502841155748,-0.034460107953316624,-0.0344380876070524
B,K,0.3|wd0.1,k_collapse_budget K30 E5 f1 iid fedavg,delay_or_stalled,cli_dev_eff_rank_frac,29,0.9986592340597911,0.998525001304473,0.9988219263066014
B,K,0.3|wd0.1,k_collapse_budget K30 E5 f1 iid fedavg,delay_or_stalled,cli_coherence,29,4.7371580584901856e-07,4.654624725701117e-07,4.820393748960402e-07
B,K,0.3|wd0.1,k_collapse_budget K30 E5 f1 iid fedavg,delay_or_stalled,cli_key_n,29,47.0,45.0,48.0
B,K,0.3|wd0.1,k_collapse_budget K30 E5 f1 iid fedavg,delay_or_stalled,cli_dev_key_share,29,0.8377254403264776,0.8017907122888008,0.8557179426897938
B,K,0.3|wd0.1,k_collapse_budget K30 E5 f1 iid fedavg,delay_or_stalled,cli_dev_key_share_uniform,29,0.8392857142857143,0.8035714285714286,0.8571428571428571
B,K,0.3|wd0.1,k_collapse_budget K30 E5 f1 iid fedavg,delay_or_stalled,cli_dev_key_over_uniform,29,0.9993412284976543,0.9981771959116391,1.0006553850847844
B,K,0.3|wd0.1,k_collapse_budget K30 E5 f1 iid fedavg,delay_or_stalled,cli_key_agreement,29,1.6037469974224605e-28,1.3636012985912766e-28,1.8448830522429393e-28
B,K,0.3|wd0.1,k_collapse_budget K30 E5 f1 iid fedavg,post_cross,cli_n,1,30.0,30.0,30.0
B,K,0.3|wd0.1,k_collapse_budget K30 E5 f1 iid fedavg,post_cross,cli_agg_gap,1,1.230101974910325e-06,1.230101974910325e-06,1.230101974910325e-06
B,K,0.3|wd0.1,k_collapse_budget K30 E5 f1 iid fedavg,post_cross,cli_rel_spread,1,0.0019141284359440818,0.0019141284359440818,0.0019141284359440818
B,K,0.3|wd0.1,k_collapse_budget K30 E5 f1 iid fedavg,post_cross,cli_cos_global_mean,1,0.9999981789576213,0.9999981789576213,0.9999981789576213
B,K,0.3|wd0.1,k_collapse_budget K30 E5 f1 iid fedavg,post_cross,cli_cos_global_min,1,0.9999952045123415,0.9999952045123415,0.9999952045123415
B,K,0.3|wd0.1,k_collapse_budget K30 E5 f1 iid fedavg,post_cross,cli_dev_pair_cos,1,-0.019752802506743685,-0.019752802506743685,-0.019752802506743685
B,K,0.3|wd0.1,k_collapse_budget K30 E5 f1 iid fedavg,post_cross,cli_dev_eff_rank_frac,1,0.890494354001833,0.890494354001833,0.890494354001833
B,K,0.3|wd0.1,k_collapse_budget K30 E5 f1 iid fedavg,post_cross,cli_coherence,1,4.1299032401750304e-07,4.1299032401750304e-07,4.1299032401750304e-07
B,K,0.3|wd0.1,k_collapse_budget K30 E5 f1 iid fedavg,post_cross,cli_key_n,1,8.0,8.0,8.0
B,K,0.3|wd0.1,k_collapse_budget K30 E5 f1 iid fedavg,post_cross,cli_dev_key_share,1,0.1484027752161218,0.1484027752161218,0.1484027752161218
B,K,0.3|wd0.1,k_collapse_budget K30 E5 f1 iid fedavg,post_cross,cli_dev_key_share_uniform,1,0.14285714285714285,0.14285714285714285,0.14285714285714285
B,K,0.3|wd0.1,k_collapse_budget K30 E5 f1 iid fedavg,post_cross,cli_dev_key_over_uniform,1,1.0388194265128528,1.0388194265128528,1.0388194265128528
B,K,0.3|wd0.1,k_collapse_budget K30 E5 f1 iid fedavg,post_cross,cli_key_agreement,1,5.797033551447987e-28,5.797033551447987e-28,5.797033551447987e-28
B,K,0.3|wd0.1,k_collapse_budget K50 E5 f1 iid fedavg,delay_or_stalled,cli_n,16,50.0,50.0,50.0
B,K,0.3|wd0.1,k_collapse_budget K50 E5 f1 iid fedavg,delay_or_stalled,cli_agg_gap,16,3.4872075059039843e-06,3.4067164634371914e-06,3.6789186140378874e-06
B,K,0.3|wd0.1,k_collapse_budget K50 E5 f1 iid fedavg,delay_or_stalled,cli_rel_spread,16,0.003835744550934848,0.00370218747350325,0.00404131531599061
B,K,0.3|wd0.1,k_collapse_budget K50 E5 f1 iid fedavg,delay_or_stalled,cli_cos_global_mean,16,0.9999926472664098,0.9999918405783568,0.9999931483211213
B,K,0.3|wd0.1,k_collapse_budget K50 E5 f1 iid fedavg,delay_or_stalled,cli_cos_global_min,16,0.9999916246512324,0.9999909982666321,0.999992511127671
B,K,0.3|wd0.1,k_collapse_budget K50 E5 f1 iid fedavg,delay_or_stalled,cli_dev_pair_cos,16,-0.020395810357737326,-0.02039849810596908,-0.020394386192700727
B,K,0.3|wd0.1,k_collapse_budget K50 E5 f1 iid fedavg,delay_or_stalled,cli_dev_eff_rank_frac,16,0.998116586740184,0.997954645894791,0.9982252481474504
B,K,0.3|wd0.1,k_collapse_budget K50 E5 f1 iid fedavg,delay_or_stalled,cli_coherence,16,8.398002458031511e-07,8.300199727816481e-07,8.483522329773573e-07
B,K,0.3|wd0.1,k_collapse_budget K50 E5 f1 iid fedavg,delay_or_stalled,cli_key_n,16,43.0,42.0,44.0
B,K,0.3|wd0.1,k_collapse_budget K50 E5 f1 iid fedavg,delay_or_stalled,cli_dev_key_share,16,0.7686858706419097,0.7492417751301537,0.7862234052363527
B,K,0.3|wd0.1,k_collapse_budget K50 E5 f1 iid fedavg,delay_or_stalled,cli_dev_key_share_uniform,16,0.7678571428571429,0.75,0.7857142857142857
B,K,0.3|wd0.1,k_collapse_budget K50 E5 f1 iid fedavg,delay_or_stalled,cli_dev_key_over_uniform,16,0.9997428873695589,0.9985632860327657,1.0014950200389627
B,K,0.3|wd0.1,k_collapse_budget K50 E5 f1 iid fedavg,delay_or_stalled,cli_key_agreement,16,1.4835423228313134e-28,1.3296191658471026e-28,1.5993238249529693e-28
B,K,0.3|wd0.1,k_collapse_budget K50 E5 f1 iid fedavg,pre_memo,cli_n,14,50.0,50.0,50.0
B,K,0.3|wd0.1,k_collapse_budget K50 E5 f1 iid fedavg,pre_memo,cli_agg_gap,14,5.344742186792318e-06,4.479837183296765e-06,6.671007370351356e-06
B,K,0.3|wd0.1,k_collapse_budget K50 E5 f1 iid fedavg,pre_memo,cli_rel_spread,14,0.005885702568776918,0.004896121853142618,0.007274494991031394
B,K,0.3|wd0.1,k_collapse_budget K50 E5 f1 iid fedavg,pre_memo,cli_cos_global_mean,14,0.9999826755517148,0.9999735424031024,0.9999880144194611
B,K,0.3|wd0.1,k_collapse_budget K50 E5 f1 iid fedavg,pre_memo,cli_cos_global_min,14,0.9999805910213609,0.9999707401190823,0.9999866925886844
B,K,0.3|wd0.1,k_collapse_budget K50 E5 f1 iid fedavg,pre_memo,cli_dev_pair_cos,14,-0.020397570851879626,-0.020399061405354385,-0.02039594003752744
B,K,0.3|wd0.1,k_collapse_budget K50 E5 f1 iid fedavg,pre_memo,cli_dev_eff_rank_frac,14,0.9983200608816174,0.9982332706673394,0.9984826445143278
B,K,0.3|wd0.1,k_collapse_budget K50 E5 f1 iid fedavg,pre_memo,cli_coherence,14,8.322003134590692e-07,8.14617523004842e-07,8.471655836754625e-07
B,K,0.3|wd0.1,k_collapse_budget K50 E5 f1 iid fedavg,pre_memo,cli_key_n,14,46.0,44.25,47.75
B,K,0.3|wd0.1,k_collapse_budget K50 E5 f1 iid fedavg,pre_memo,cli_dev_key_share,14,0.8211810361955838,0.7913919117696926,0.8523406697736009
B,K,0.3|wd0.1,k_collapse_budget K50 E5 f1 iid fedavg,pre_memo,cli_dev_key_share_uniform,14,0.8214285714285714,0.7901785714285714,0.8526785714285714
B,K,0.3|wd0.1,k_collapse_budget K50 E5 f1 iid fedavg,pre_memo,cli_dev_key_over_uniform,14,0.9999190285275392,0.9994947110000545,1.0007170380607884
B,K,0.3|wd0.1,k_collapse_budget K50 E5 f1 iid fedavg,pre_memo,cli_key_agreement,14,6.516970494555096e-29,4.1006655129689634e-29,9.408304933653248e-29
B,K,0.3|wd0.1,setup_k_ladder K10 E5 f1 iid fedavg,delay_or_stalled,cli_n,17,10.0,10.0,10.0
B,K,0.3|wd0.1,setup_k_ladder K10 E5 f1 iid fedavg,delay_or_stalled,cli_agg_gap,17,5.105090642211189e-08,5.092185764400056e-08,5.172725656120877e-08
B,K,0.3|wd0.1,setup_k_ladder K10 E5 f1 iid fedavg,delay_or_stalled,cli_rel_spread,17,0.0036174936479854546,0.0032812955964083876,0.003819351889803029
B,K,0.3|wd0.1,setup_k_ladder K10 E5 f1 iid fedavg,delay_or_stalled,cli_cos_global_mean,17,0.9999934582709834,0.9999927073065059,0.9999946198099796
B,K,0.3|wd0.1,setup_k_ladder K10 E5 f1 iid fedavg,delay_or_stalled,cli_cos_global_min,17,0.9999927637316561,0.9999918809331817,0.9999932983607077
B,K,0.3|wd0.1,setup_k_ladder K10 E5 f1 iid fedavg,delay_or_stalled,cli_dev_pair_cos,17,-0.1107911913571099,-0.11093382652081588,-0.11008345196886327
B,K,0.3|wd0.1,setup_k_ladder K10 E5 f1 iid fedavg,delay_or_stalled,cli_dev_eff_rank_frac,17,0.9982683946674294,0.9949869144209289,0.998934434635572
B,K,0.3|wd0.1,setup_k_ladder K10 E5 f1 iid fedavg,delay_or_stalled,cli_coherence,17,2.057926406945677e-10,1.811668214036347e-10,2.4083398182442613e-10
B,K,0.3|wd0.1,setup_k_ladder K10 E5 f1 iid fedavg,delay_or_stalled,cli_key_n,17,47.0,46.0,48.0
B,K,0.3|wd0.1,setup_k_ladder K10 E5 f1 iid fedavg,delay_or_stalled,cli_dev_key_share,17,0.8390796056474155,0.8196490629896682,0.8588264051208865
B,K,0.3|wd0.1,setup_k_ladder K10 E5 f1 iid fedavg,delay_or_stalled,cli_dev_key_share_uniform,17,0.8392857142857143,0.8214285714285714,0.8571428571428571
B,K,0.3|wd0.1,setup_k_ladder K10 E5 f1 iid fedavg,delay_or_stalled,cli_dev_key_over_uniform,17,0.9994227693342068,0.9972224546247344,1.0010124297547822
B,K,0.3|wd0.1,setup_k_ladder K10 E5 f1 iid fedavg,delay_or_stalled,cli_key_agreement,17,1.5990081215023638e-28,1.50926118444393e-28,1.9884448796552276e-28
B,K,0.3|wd0.1,setup_k_ladder K10 E5 f1 iid fedavg,post_cross,cli_n,13,10.0,10.0,10.0
B,K,0.3|wd0.1,setup_k_ladder K10 E5 f1 iid fedavg,post_cross,cli_agg_gap,13,5.175489780369981e-08,5.123343568779177e-08,5.222571472579758e-08
B,K,0.3|wd0.1,setup_k_ladder K10 E5 f1 iid fedavg,post_cross,cli_rel_spread,13,0.0040062237060655296,0.0026857033904355335,0.006350866675809219
B,K,0.3|wd0.1,setup_k_ladder K10 E5 f1 iid fedavg,post_cross,cli_cos_global_mean,13,0.9999919922176922,0.9999798877893389,0.9999964054437018
B,K,0.3|wd0.1,setup_k_ladder K10 E5 f1 iid fedavg,post_cross,cli_cos_global_min,13,0.9999809144734606,0.9999701684798643,0.9999906979127032
B,K,0.3|wd0.1,setup_k_ladder K10 E5 f1 iid fedavg,post_cross,cli_dev_pair_cos,13,-0.10004355043708398,-0.10629430758619116,-0.09187914981060047
B,K,0.3|wd0.1,setup_k_ladder K10 E5 f1 iid fedavg,post_cross,cli_dev_eff_rank_frac,13,0.9491946073241113,0.9326421385326876,0.9796455270366339
B,K,0.3|wd0.1,setup_k_ladder K10 E5 f1 iid fedavg,post_cross,cli_coherence,13,1.6183402593417688e-10,6.762430171701324e-11,3.616771377330412e-10
B,K,0.3|wd0.1,setup_k_ladder K10 E5 f1 iid fedavg,post_cross,cli_key_n,13,13.0,10.0,25.0
B,K,0.3|wd0.1,setup_k_ladder K10 E5 f1 iid fedavg,post_cross,cli_dev_key_share,13,0.24292944748526674,0.19788754282762402,0.4653068782790363
B,K,0.3|wd0.1,setup_k_ladder K10 E5 f1 iid fedavg,post_cross,cli_dev_key_share_uniform,13,0.23214285714285715,0.17857142857142858,0.44642857142857145
B,K,0.3|wd0.1,setup_k_ladder K10 E5 f1 iid fedavg,post_cross,cli_dev_key_over_uniform,13,1.0509484361132864,1.0070968119896493,1.063055622833547
B,K,0.3|wd0.1,setup_k_ladder K10 E5 f1 iid fedavg,post_cross,cli_key_agreement,13,1.2681158601582751e-28,4.8571692282630363e-29,2.6208455543742404e-28
B,K,0.3|wd0.1,setup_k_ladder K5 E5 f1 iid fedavg,delay_or_stalled,cli_n,15,5.0,5.0,5.0
B,K,0.3|wd0.1,setup_k_ladder K5 E5 f1 iid fedavg,delay_or_stalled,cli_agg_gap,15,4.3030670743223816e-08,4.27209226959195e-08,4.3218848706176175e-08
B,K,0.3|wd0.1,setup_k_ladder K5 E5 f1 iid fedavg,delay_or_stalled,cli_rel_spread,15,0.003137874490135443,0.0027739985674970326,0.0034293021389512806
B,K,0.3|wd0.1,setup_k_ladder K5 E5 f1 iid fedavg,delay_or_stalled,cli_cos_global_mean,15,0.9999950769323285,0.9999941194484219,0.9999961518849194
B,K,0.3|wd0.1,setup_k_ladder K5 E5 f1 iid fedavg,delay_or_stalled,cli_cos_global_min,15,0.9999940324626121,0.9999935481598407,0.9999953182914698
B,K,0.3|wd0.1,setup_k_ladder K5 E5 f1 iid fedavg,delay_or_stalled,cli_dev_pair_cos,15,-0.24936679092073238,-0.2494982487317136,-0.24684188075498328
B,K,0.3|wd0.1,setup_k_ladder K5 E5 f1 iid fedavg,delay_or_stalled,cli_dev_eff_rank_frac,15,0.998444155656542,0.9931181388286994,0.9988640983989692
B,K,0.3|wd0.1,setup_k_ladder K5 E5 f1 iid fedavg,delay_or_stalled,cli_coherence,15,1.8994371973137875e-10,1.591021569025163e-10,2.359406790341664e-10
B,K,0.3|wd0.1,setup_k_ladder K5 E5 f1 iid fedavg,delay_or_stalled,cli_key_n,15,47.0,45.0,48.0
B,K,0.3|wd0.1,setup_k_ladder K5 E5 f1 iid fedavg,delay_or_stalled,cli_dev_key_share,15,0.8424025774209047,0.8033797607250783,0.8578192214851732
B,K,0.3|wd0.1,setup_k_ladder K5 E5 f1 iid fedavg,delay_or_stalled,cli_dev_key_share_uniform,15,0.8392857142857143,0.8035714285714286,0.8571428571428571
B,K,0.3|wd0.1,setup_k_ladder K5 E5 f1 iid fedavg,delay_or_stalled,cli_dev_key_over_uniform,15,1.0002984808909747,0.9984576346745102,1.003911988523904
B,K,0.3|wd0.1,setup_k_ladder K5 E5 f1 iid fedavg,delay_or_stalled,cli_key_agreement,15,2.144867223109366e-28,1.7769944270083062e-28,2.7528531251687983e-28
B,K,0.3|wd0.1,setup_k_ladder K5 E5 f1 iid fedavg,post_cross,cli_n,15,5.0,5.0,5.0
B,K,0.3|wd0.1,setup_k_ladder K5 E5 f1 iid fedavg,post_cross,cli_agg_gap,15,4.307118217404489e-08,4.2659928408040013e-08,4.334147583896912e-08
B,K,0.3|wd0.1,setup_k_ladder K5 E5 f1 iid fedavg,post_cross,cli_rel_spread,15,0.0005691640670073219,7.296103636413065e-05,0.004800254899825935
B,K,0.3|wd0.1,setup_k_ladder K5 E5 f1 iid fedavg,post_cross,cli_cos_global_mean,15,0.9999998383019083,0.9999886325742768,0.9999999971086491
B,K,0.3|wd0.1,setup_k_ladder K5 E5 f1 iid fedavg,post_cross,cli_cos_global_min,15,0.9999997079188252,0.9999819629999582,0.9999999956103006
B,K,0.3|wd0.1,setup_k_ladder K5 E5 f1 iid fedavg,post_cross,cli_dev_pair_cos,15,-0.2361474396342877,-0.24445578769575516,-0.2265929483107375
B,K,0.3|wd0.1,setup_k_ladder K5 E5 f1 iid fedavg,post_cross,cli_dev_eff_rank_frac,15,0.9708260440118541,0.9523706323355704,0.9862342867945646
B,K,0.3|wd0.1,setup_k_ladder K5 E5 f1 iid fedavg,post_cross,cli_coherence,15,5.713317518170695e-09,8.140529142449897e-11,4.4231581580231307e-07
B,K,0.3|wd0.1,setup_k_ladder K5 E5 f1 iid fedavg,post_cross,cli_key_n,15,8.0,6.0,21.5
B,K,0.3|wd0.1,setup_k_ladder K5 E5 f1 iid fedavg,post_cross,cli_dev_key_share,15,0.17252600306130245,0.11424352961849478,0.4028768480196766
B,K,0.3|wd0.1,setup_k_ladder K5 E5 f1 iid fedavg,post_cross,cli_dev_key_share_uniform,15,0.14285714285714285,0.10714285714285715,0.3839285714285714
B,K,0.3|wd0.1,setup_k_ladder K5 E5 f1 iid fedavg,post_cross,cli_dev_key_over_uniform,15,1.045893677818622,0.9706722853695162,1.13649176996497
B,K,0.3|wd0.1,setup_k_ladder K5 E5 f1 iid fedavg,post_cross,cli_key_agreement,15,6.802376226544036e-27,8.166787490962149e-29,5.288065832780321e-25
B,f,0.3|wd0.1,participation_setups K20 E5 f0.25 iid fedavg,delay_or_stalled,cli_n,3,5.0,5.0,5.0
B,f,0.3|wd0.1,participation_setups K20 E5 f0.25 iid fedavg,delay_or_stalled,cli_agg_gap,3,2.4883218150708873e-06,2.448349785374259e-06,2.741543052087979e-06
B,f,0.3|wd0.1,participation_setups K20 E5 f0.25 iid fedavg,delay_or_stalled,cli_rel_spread,3,0.002244586447531003,0.002113983470197967,0.0022938741548895634
B,f,0.3|wd0.1,participation_setups K20 E5 f0.25 iid fedavg,delay_or_stalled,cli_cos_global_mean,3,0.9999974826717241,0.9999973693422861,0.999997760348222
B,f,0.3|wd0.1,participation_setups K20 E5 f0.25 iid fedavg,delay_or_stalled,cli_cos_global_min,3,0.9999973312353844,0.999997051084859,0.9999973681251495
B,f,0.3|wd0.1,participation_setups K20 E5 f0.25 iid fedavg,delay_or_stalled,cli_dev_pair_cos,3,-0.24919658644182321,-0.2493961292483053,-0.24813833632445242
B,f,0.3|wd0.1,participation_setups K20 E5 f0.25 iid fedavg,delay_or_stalled,cli_dev_eff_rank_frac,3,0.998288531693342,0.9961058135483135,0.9986236571819096
B,f,0.3|wd0.1,participation_setups K20 E5 f0.25 iid fedavg,delay_or_stalled,cli_coherence,3,1.5739842422528725e-06,1.36262571165294e-06,1.6037437699993863e-06
B,f,0.3|wd0.1,participation_setups K20 E5 f0.25 iid fedavg,delay_or_stalled,cli_key_n,3,43.0,39.5,45.0
B,f,0.3|wd0.1,participation_setups K20 E5 f0.25 iid fedavg,delay_or_stalled,cli_dev_key_share,3,0.7638984854450479,0.7019616394441097,0.8009661576635758
B,f,0.3|wd0.1,participation_setups K20 E5 f0.25 iid fedavg,delay_or_stalled,cli_dev_key_share_uniform,3,0.7678571428571429,0.7053571428571429,0.8035714285714286
B,f,0.3|wd0.1,participation_setups K20 E5 f0.25 iid fedavg,delay_or_stalled,cli_dev_key_over_uniform,3,0.9955941231338225,0.9952193311590354,0.9970512580924198
B,f,0.3|wd0.1,participation_setups K20 E5 f0.25 iid fedavg,delay_or_stalled,cli_key_agreement,3,4.327106394711003e-28,4.17146801666262e-28,4.846894765305125e-28
B,f,0.3|wd0.1,participation_setups K20 E5 f0.25 iid fedavg,post_cross,cli_n,57,5.0,5.0,5.0
B,f,0.3|wd0.1,participation_setups K20 E5 f0.25 iid fedavg,post_cross,cli_agg_gap,57,3.9536564341170795e-06,3.165661243924082e-06,4.239613498676753e-06
B,f,0.3|wd0.1,participation_setups K20 E5 f0.25 iid fedavg,post_cross,cli_rel_spread,57,0.0032328383791473962,0.002764084814947533,0.0036534139191448023
B,f,0.3|wd0.1,participation_setups K20 E5 f0.25 iid fedavg,post_cross,cli_cos_global_mean,57,0.9999947824981377,0.9999933286804099,0.9999961838637234
B,f,0.3|wd0.1,participation_setups K20 E5 f0.25 iid fedavg,post_cross,cli_cos_global_min,57,0.9999932701144545,0.9999923497625348,0.9999950547941253
B,f,0.3|wd0.1,participation_setups K20 E5 f0.25 iid fedavg,post_cross,cli_dev_pair_cos,57,-0.24689555152477455,-0.24932577904934172,-0.2444525008965491
B,f,0.3|wd0.1,participation_setups K20 E5 f0.25 iid fedavg,post_cross,cli_dev_eff_rank_frac,57,0.9933142922714839,0.9885648763546835,0.9982733930403628
B,f,0.3|wd0.1,participation_setups K20 E5 f0.25 iid fedavg,post_cross,cli_coherence,57,1.5434119425779099e-06,1.1552175547951752e-06,1.6513627741239195e-06
B,f,0.3|wd0.1,participation_setups K20 E5 f0.25 iid fedavg,post_cross,cli_key_n,57,5.0,4.0,6.0
B,f,0.3|wd0.1,participation_setups K20 E5 f0.25 iid fedavg,post_cross,cli_dev_key_share,57,0.09406754763165998,0.08619708738539969,0.10184004222507016
B,f,0.3|wd0.1,participation_setups K20 E5 f0.25 iid fedavg,post_cross,cli_dev_key_share_uniform,57,0.08928571428571429,0.07142857142857142,0.10714285714285714
B,f,0.3|wd0.1,participation_setups K20 E5 f0.25 iid fedavg,post_cross,cli_dev_key_over_uniform,57,0.9832222365158421,0.9407288825259715,1.0707090570471864
B,f,0.3|wd0.1,participation_setups K20 E5 f0.25 iid fedavg,post_cross,cli_key_agreement,57,2.200359160202183e-28,1.5810294320134046e-28,2.7277538134069107e-28
B,f,0.3|wd0.1,participation_setups K20 E5 f0.5 iid fedavg,delay_or_stalled,cli_n,11,10.0,10.0,10.0
B,f,0.3|wd0.1,participation_setups K20 E5 f0.5 iid fedavg,delay_or_stalled,cli_agg_gap,11,2.196449253567457e-06,2.112464063559641e-06,2.5692928672687692e-06
B,f,0.3|wd0.1,participation_setups K20 E5 f0.5 iid fedavg,delay_or_stalled,cli_rel_spread,11,0.0025777212445215673,0.002418657119989454,0.0029667831803230405
B,f,0.3|wd0.1,participation_setups K20 E5 f0.5 iid fedavg,delay_or_stalled,cli_cos_global_mean,11,0.9999966798690512,0.9999955709353123,0.9999970784616052
B,f,0.3|wd0.1,participation_setups K20 E5 f0.5 iid fedavg,delay_or_stalled,cli_cos_global_min,11,0.9999961939543908,0.9999950623836176,0.999996419574522
B,f,0.3|wd0.1,participation_setups K20 E5 f0.5 iid fedavg,delay_or_stalled,cli_dev_pair_cos,11,-0.11064877435839764,-0.11081996873152178,-0.11049705076699172
B,f,0.3|wd0.1,participation_setups K20 E5 f0.5 iid fedavg,delay_or_stalled,cli_dev_eff_rank_frac,11,0.9975893820415893,0.996922645260172,0.9983245395753841
B,f,0.3|wd0.1,participation_setups K20 E5 f0.5 iid fedavg,delay_or_stalled,cli_coherence,11,7.583676471266421e-07,7.345043984115987e-07,7.628115067234506e-07
B,f,0.3|wd0.1,participation_setups K20 E5 f0.5 iid fedavg,delay_or_stalled,cli_key_n,11,46.0,43.0,47.0
B,f,0.3|wd0.1,participation_setups K20 E5 f0.5 iid fedavg,delay_or_stalled,cli_dev_key_share,11,0.8194806612613851,0.7728338824707506,0.8356157146456438
B,f,0.3|wd0.1,participation_setups K20 E5 f0.5 iid fedavg,delay_or_stalled,cli_dev_key_share_uniform,11,0.8214285714285714,0.7678571428571428,0.8392857142857143
B,f,0.3|wd0.1,participation_setups K20 E5 f0.5 iid fedavg,delay_or_stalled,cli_dev_key_over_uniform,11,0.9987512694491092,0.9967712854257288,1.0019594029803647
B,f,0.3|wd0.1,participation_setups K20 E5 f0.5 iid fedavg,delay_or_stalled,cli_key_agreement,11,3.273870358830152e-28,2.4761521136446436e-28,3.703752755668175e-28
B,f,0.3|wd0.1,participation_setups K20 E5 f0.5 iid fedavg,post_cross,cli_n,49,10.0,10.0,10.0
B,f,0.3|wd0.1,participation_setups K20 E5 f0.5 iid fedavg,post_cross,cli_agg_gap,49,2.372394541455477e-06,1.633462685809287e-06,2.9770586550816107e-06
B,f,0.3|wd0.1,participation_setups K20 E5 f0.5 iid fedavg,post_cross,cli_rel_spread,49,0.00280865247410976,0.0019884144940351496,0.003596313108932602
B,f,0.3|wd0.1,participation_setups K20 E5 f0.5 iid fedavg,post_cross,cli_cos_global_mean,49,0.9999960621626265,0.9999935481833395,0.9999980365841423
B,f,0.3|wd0.1,participation_setups K20 E5 f0.5 iid fedavg,post_cross,cli_cos_global_min,49,0.9999938901104568,0.9999914815169549,0.9999955927903343
B,f,0.3|wd0.1,participation_setups K20 E5 f0.5 iid fedavg,post_cross,cli_dev_pair_cos,49,-0.1074388871674159,-0.109527602292146,-0.09504611772351915
B,f,0.3|wd0.1,participation_setups K20 E5 f0.5 iid fedavg,post_cross,cli_dev_eff_rank_frac,49,0.9827919346857663,0.9398266940664782,0.9921851606688276
B,f,0.3|wd0.1,participation_setups K20 E5 f0.5 iid fedavg,post_cross,cli_coherence,49,7.262459680720442e-07,6.770532363609966e-07,7.663677236921422e-07
B,f,0.3|wd0.1,participation_setups K20 E5 f0.5 iid fedavg,post_cross,cli_key_n,49,5.0,5.0,6.0
B,f,0.3|wd0.1,participation_setups K20 E5 f0.5 iid fedavg,post_cross,cli_dev_key_share,49,0.09348141291091722,0.08701310785921615,0.10904931741524879
B,f,0.3|wd0.1,participation_setups K20 E5 f0.5 iid fedavg,post_cross,cli_dev_key_share_uniform,49,0.08928571428571429,0.08928571428571429,0.10714285714285714
B,f,0.3|wd0.1,participation_setups K20 E5 f0.5 iid fedavg,post_cross,cli_dev_key_over_uniform,49,1.03620134264118,1.0031923460990713,1.0680495511182226
B,f,0.3|wd0.1,participation_setups K20 E5 f0.5 iid fedavg,post_cross,cli_key_agreement,49,2.6537879984756413e-28,1.7362438041768535e-28,4.552667110250757e-28
B,K,0.3|wd1.0,aggregation K10 E5 f1 iid fedavg,post_cross,cli_n,30,10.0,10.0,10.0
B,K,0.3|wd1.0,aggregation K10 E5 f1 iid fedavg,post_cross,cli_agg_gap,30,5.1438995123341136e-08,5.105659959173162e-08,5.1828409763872146e-08
B,K,0.3|wd1.0,aggregation K10 E5 f1 iid fedavg,post_cross,cli_rel_spread,30,0.017598914718322645,0.01271657522736506,0.01947367833349826
B,K,0.3|wd1.0,aggregation K10 E5 f1 iid fedavg,post_cross,cli_cos_global_mean,30,0.9998452330004801,0.9998104882578651,0.99991910344995
B,K,0.3|wd1.0,aggregation K10 E5 f1 iid fedavg,post_cross,cli_cos_global_min,30,0.9998317678809261,0.9997935276258801,0.9999095012954257
B,K,0.3|wd1.0,aggregation K10 E5 f1 iid fedavg,post_cross,cli_dev_pair_cos,30,-0.11099991402887396,-0.11102913518292723,-0.11090792397683598
B,K,0.3|wd1.0,aggregation K10 E5 f1 iid fedavg,post_cross,cli_dev_eff_rank_frac,30,0.9984965980547099,0.9980121937893106,0.9987532251450348
B,K,0.3|wd1.0,aggregation K10 E5 f1 iid fedavg,post_cross,cli_coherence,30,8.681115489706326e-12,7.015853985688906e-12,1.6307897786057833e-11
B,K,0.3|wd1.0,aggregation K10 E5 f1 iid fedavg,post_cross,cli_key_n,30,5.0,4.0,5.0
B,K,0.3|wd1.0,aggregation K10 E5 f1 iid fedavg,post_cross,cli_dev_key_share,30,0.08858357575482345,0.07096399393271564,0.09400703779362538
B,K,0.3|wd1.0,aggregation K10 E5 f1 iid fedavg,post_cross,cli_dev_key_share_uniform,30,0.08928571428571429,0.07142857142857142,0.08928571428571429
B,K,0.3|wd1.0,aggregation K10 E5 f1 iid fedavg,post_cross,cli_dev_key_over_uniform,30,0.9803662997649165,0.9450709034441716,1.0178469416392921
B,K,0.3|wd1.0,aggregation K10 E5 f1 iid fedavg,post_cross,cli_key_agreement,30,7.023321985164361e-30,5.763315460557492e-30,1.3302737074725144e-29
B,K,0.3|wd1.0,aggregation K2 E5 f1 iid fedavg,post_cross,cli_n,30,2.0,2.0,2.0
B,K,0.3|wd1.0,aggregation K2 E5 f1 iid fedavg,post_cross,cli_agg_gap,30,3.1267200840126964e-08,3.1143149839825035e-08,3.139280623079314e-08
B,K,0.3|wd1.0,aggregation K2 E5 f1 iid fedavg,post_cross,cli_rel_spread,30,0.0044425299397687565,0.0035497726936651566,0.006040094706532144
B,K,0.3|wd1.0,aggregation K2 E5 f1 iid fedavg,post_cross,cli_cos_global_mean,30,0.999990133441879,0.9999817733529277,0.9999937216438349
B,K,0.3|wd1.0,aggregation K2 E5 f1 iid fedavg,post_cross,cli_cos_global_min,30,0.9999901324072831,0.9999817674180017,0.9999937192428987
B,K,0.3|wd1.0,aggregation K2 E5 f1 iid fedavg,post_cross,cli_dev_pair_cos,30,-1.0,-1.0,-1.0
B,K,0.3|wd1.0,aggregation K2 E5 f1 iid fedavg,post_cross,cli_dev_eff_rank_frac,30,1.0,1.0,1.0
B,K,0.3|wd1.0,aggregation K2 E5 f1 iid fedavg,post_cross,cli_coherence,30,4.847986472399359e-11,2.700688997671293e-11,7.876624049120131e-11
B,K,0.3|wd1.0,aggregation K2 E5 f1 iid fedavg,post_cross,cli_key_n,30,4.0,4.0,4.0
B,K,0.3|wd1.0,aggregation K2 E5 f1 iid fedavg,post_cross,cli_dev_key_share,30,0.0683714601070809,0.061142476589587325,0.08045737743668989
B,K,0.3|wd1.0,aggregation K2 E5 f1 iid fedavg,post_cross,cli_dev_key_share_uniform,30,0.07142857142857142,0.07142857142857142,0.07142857142857142
B,K,0.3|wd1.0,aggregation K2 E5 f1 iid fedavg,post_cross,cli_dev_key_over_uniform,30,0.9384068485654827,0.8559946722542225,1.1046836036187673
B,K,0.3|wd1.0,aggregation K2 E5 f1 iid fedavg,post_cross,cli_key_agreement,30,0.0,0.0,0.0
B,K,0.3|wd1.0,aggregation K20 E5 f1 iid fedavg,post_cross,cli_n,29,20.0,20.0,20.0
B,K,0.3|wd1.0,aggregation K20 E5 f1 iid fedavg,post_cross,cli_agg_gap,29,1.3486223155603411e-05,1.2498644323753576e-05,1.3949947643719805e-05
B,K,0.3|wd1.0,aggregation K20 E5 f1 iid fedavg,post_cross,cli_rel_spread,29,0.022570914897088068,0.020950952615692346,0.023618239737428014
B,K,0.3|wd1.0,aggregation K20 E5 f1 iid fedavg,post_cross,cli_cos_global_mean,29,0.9997454806678464,0.9997213133181884,0.9997807057002255
B,K,0.3|wd1.0,aggregation K20 E5 f1 iid fedavg,post_cross,cli_cos_global_min,29,0.9997231329622897,0.9996830135934738,0.9997446716864546
B,K,0.3|wd1.0,aggregation K20 E5 f1 iid fedavg,post_cross,cli_dev_pair_cos,29,-0.052582291060183944,-0.052591500179854846,-0.05256527477520066
B,K,0.3|wd1.0,aggregation K20 E5 f1 iid fedavg,post_cross,cli_dev_eff_rank_frac,29,0.9974899006019777,0.9973246739726596,0.9976420961952299
B,K,0.3|wd1.0,aggregation K20 E5 f1 iid fedavg,post_cross,cli_coherence,29,3.5869297552986796e-07,3.501549682092503e-07,3.707003180219491e-07
B,K,0.3|wd1.0,aggregation K20 E5 f1 iid fedavg,post_cross,cli_key_n,29,6.0,4.0,6.0
B,K,0.3|wd1.0,aggregation K20 E5 f1 iid fedavg,post_cross,cli_dev_key_share,29,0.09931131513752525,0.07368118527680703,0.10466244567002617
B,K,0.3|wd1.0,aggregation K20 E5 f1 iid fedavg,post_cross,cli_dev_key_share_uniform,29,0.10714285714285714,0.07142857142857142,0.10714285714285714
B,K,0.3|wd1.0,aggregation K20 E5 f1 iid fedavg,post_cross,cli_dev_key_over_uniform,29,0.9475097738767392,0.933103638877585,0.9718497736001513
B,K,0.3|wd1.0,aggregation K20 E5 f1 iid fedavg,post_cross,cli_key_agreement,29,4.573524889565293e-30,4.077989078737608e-30,5.000649097122779e-30
B,K,0.3|wd1.0,aggregation K20 E5 f1 iid fedavg,pre_memo,cli_n,1,20.0,20.0,20.0
B,K,0.3|wd1.0,aggregation K20 E5 f1 iid fedavg,pre_memo,cli_agg_gap,1,2.520843279036324e-05,2.520843279036324e-05,2.520843279036324e-05
B,K,0.3|wd1.0,aggregation K20 E5 f1 iid fedavg,pre_memo,cli_rel_spread,1,0.04098006319250032,0.04098006319250032,0.04098006319250032
B,K,0.3|wd1.0,aggregation K20 E5 f1 iid fedavg,pre_memo,cli_cos_global_mean,1,0.9991615425159679,0.9991615425159679,0.9991615425159679
B,K,0.3|wd1.0,aggregation K20 E5 f1 iid fedavg,pre_memo,cli_cos_global_min,1,0.9990496581452459,0.9990496581452459,0.9990496581452459
B,K,0.3|wd1.0,aggregation K20 E5 f1 iid fedavg,pre_memo,cli_dev_pair_cos,1,-0.05259937409335785,-0.05259937409335785,-0.05259937409335785
B,K,0.3|wd1.0,aggregation K20 E5 f1 iid fedavg,pre_memo,cli_dev_eff_rank_frac,1,0.9969775569826055,0.9969775569826055,0.9969775569826055
B,K,0.3|wd1.0,aggregation K20 E5 f1 iid fedavg,pre_memo,cli_coherence,1,3.783958169326246e-07,3.783958169326246e-07,3.783958169326246e-07
B,K,0.3|wd1.0,aggregation K20 E5 f1 iid fedavg,pre_memo,cli_key_n,1,41.0,41.0,41.0
B,K,0.3|wd1.0,aggregation K20 E5 f1 iid fedavg,pre_memo,cli_dev_key_share,1,0.7290349336417341,0.7290349336417341,0.7290349336417341
B,K,0.3|wd1.0,aggregation K20 E5 f1 iid fedavg,pre_memo,cli_dev_key_share_uniform,1,0.7321428571428571,0.7321428571428571,0.7321428571428571
B,K,0.3|wd1.0,aggregation K20 E5 f1 iid fedavg,pre_memo,cli_dev_key_over_uniform,1,0.9957550313155393,0.9957550313155393,0.9957550313155393
B,K,0.3|wd1.0,aggregation K20 E5 f1 iid fedavg,pre_memo,cli_key_agreement,1,1.2346793192188567e-30,1.2346793192188567e-30,1.2346793192188567e-30
B,K,0.3|wd1.0,aggregation K5 E5 f1 iid fedavg,post_cross,cli_n,30,5.0,5.0,5.0
B,K,0.3|wd1.0,aggregation K5 E5 f1 iid fedavg,post_cross,cli_agg_gap,30,4.295657425919019e-08,4.258108490711736e-08,4.313512858851197e-08
B,K,0.3|wd1.0,aggregation K5 E5 f1 iid fedavg,post_cross,cli_rel_spread,30,0.008230888371159794,0.007145859061521249,0.008664752260607502
B,K,0.3|wd1.0,aggregation K5 E5 f1 iid fedavg,post_cross,cli_cos_global_mean,30,0.9999661542578788,0.9999625163628092,0.9999744720722996
B,K,0.3|wd1.0,aggregation K5 E5 f1 iid fedavg,post_cross,cli_cos_global_min,30,0.9999598318659266,0.9999569786469518,0.9999708128117861
B,K,0.3|wd1.0,aggregation K5 E5 f1 iid fedavg,post_cross,cli_dev_pair_cos,30,-0.24909473843675384,-0.24953859070218734,-0.24859443601195566
B,K,0.3|wd1.0,aggregation K5 E5 f1 iid fedavg,post_cross,cli_dev_eff_rank_frac,30,0.9976693873578817,0.9965126544228803,0.9986612581264177
B,K,0.3|wd1.0,aggregation K5 E5 f1 iid fedavg,post_cross,cli_coherence,30,2.722157381361781e-11,2.466562523348562e-11,3.5413644897318976e-11
B,K,0.3|wd1.0,aggregation K5 E5 f1 iid fedavg,post_cross,cli_key_n,30,4.0,3.0,4.0
B,K,0.3|wd1.0,aggregation K5 E5 f1 iid fedavg,post_cross,cli_dev_key_share,30,0.06197116373300006,0.054050749659426967,0.06665134144765217
B,K,0.3|wd1.0,aggregation K5 E5 f1 iid fedavg,post_cross,cli_dev_key_share_uniform,30,0.07142857142857142,0.05357142857142857,0.07142857142857142
B,K,0.3|wd1.0,aggregation K5 E5 f1 iid fedavg,post_cross,cli_dev_key_over_uniform,30,0.9233536260543314,0.8630374888324652,0.9756060153510312
B,K,0.3|wd1.0,aggregation K5 E5 f1 iid fedavg,post_cross,cli_key_agreement,30,3.4569492642287235e-29,3.078557387290157e-29,4.994773675316566e-29
B,K,0.3|wd1.0,aggregation K50 E5 f1 iid fedavg,delay_or_stalled,cli_n,30,50.0,50.0,50.0
B,K,0.3|wd1.0,aggregation K50 E5 f1 iid fedavg,delay_or_stalled,cli_agg_gap,30,2.578964470596731e-05,2.412951655419359e-05,6.914468612914016e-05
B,K,0.3|wd1.0,aggregation K50 E5 f1 iid fedavg,delay_or_stalled,cli_rel_spread,30,0.027946429374444044,0.025608320258520438,0.07395101092252078
B,K,0.3|wd1.0,aggregation K50 E5 f1 iid fedavg,delay_or_stalled,cli_cos_global_mean,30,0.9996100151642977,0.9972795629089077,0.9996725856041534
B,K,0.3|wd1.0,aggregation K50 E5 f1 iid fedavg,delay_or_stalled,cli_cos_global_min,30,0.9995355342262918,0.9968454268400645,0.999608498620737
B,K,0.3|wd1.0,aggregation K50 E5 f1 iid fedavg,delay_or_stalled,cli_dev_pair_cos,30,-0.020370953423780876,-0.020378546503484703,-0.02036438803122622
B,K,0.3|wd1.0,aggregation K50 E5 f1 iid fedavg,delay_or_stalled,cli_dev_eff_rank_frac,30,0.9882259638424069,0.9864965837483199,0.9907304127306147
B,K,0.3|wd1.0,aggregation K50 E5 f1 iid fedavg,delay_or_stalled,cli_coherence,30,8.47309047005557e-07,8.208627880717104e-07,8.833349405904804e-07
B,K,0.3|wd1.0,aggregation K50 E5 f1 iid fedavg,delay_or_stalled,cli_key_n,30,17.5,2.0,24.25
B,K,0.3|wd1.0,aggregation K50 E5 f1 iid fedavg,delay_or_stalled,cli_dev_key_share,30,0.30117133226071824,0.02765948732962094,0.42994290034581395
B,K,0.3|wd1.0,aggregation K50 E5 f1 iid fedavg,delay_or_stalled,cli_dev_key_share_uniform,30,0.3125,0.03571428571428571,0.4330357142857143
B,K,0.3|wd1.0,aggregation K50 E5 f1 iid fedavg,delay_or_stalled,cli_dev_key_over_uniform,30,0.9666798337564337,0.7744656452293864,0.9932306687674151
B,K,0.3|wd1.0,aggregation K50 E5 f1 iid fedavg,delay_or_stalled,cli_key_agreement,30,2.9719369410100488e-30,4.226758871495988e-31,4.084175360877879e-30
B,K,0.3|wd1.0,k_collapse_budget K30 E5 f1 iid fedavg,post_cross,cli_n,9,30.0,30.0,30.0
B,K,0.3|wd1.0,k_collapse_budget K30 E5 f1 iid fedavg,post_cross,cli_agg_gap,9,1.677594747544286e-05,1.6555470038909528e-05,1.6905508785741644e-05
B,K,0.3|wd1.0,k_collapse_budget K30 E5 f1 iid fedavg,post_cross,cli_rel_spread,9,0.024534732666262462,0.02430981762093886,0.02461698848784539
B,K,0.3|wd1.0,k_collapse_budget K30 E5 f1 iid fedavg,post_cross,cli_cos_global_mean,9,0.9996992753418078,0.9996972228517349,0.9997047328083113
B,K,0.3|wd1.0,k_collapse_budget K30 E5 f1 iid fedavg,post_cross,cli_cos_global_min,9,0.9996432744010079,0.9996345589503313,0.999653679378683
B,K,0.3|wd1.0,k_collapse_budget K30 E5 f1 iid fedavg,post_cross,cli_dev_pair_cos,9,-0.03443795461178838,-0.034443850014466613,-0.03443197450963259
B,K,0.3|wd1.0,k_collapse_budget K30 E5 f1 iid fedavg,post_cross,cli_dev_eff_rank_frac,9,0.9959923056327666,0.9959565654418061,0.9961342886723701
B,K,0.3|wd1.0,k_collapse_budget K30 E5 f1 iid fedavg,post_cross,cli_coherence,9,4.6441303770128634e-07,4.6270145063430835e-07,4.7484852091515666e-07
B,K,0.3|wd1.0,k_collapse_budget K30 E5 f1 iid fedavg,post_cross,cli_key_n,9,7.0,7.0,7.0
B,K,0.3|wd1.0,k_collapse_budget K30 E5 f1 iid fedavg,post_cross,cli_dev_key_share,9,0.11801442566601289,0.11535256968955432,0.1213768751518472
B,K,0.3|wd1.0,k_collapse_budget K30 E5 f1 iid fedavg,post_cross,cli_dev_key_share_uniform,9,0.125,0.125,0.125
B,K,0.3|wd1.0,k_collapse_budget K30 E5 f1 iid fedavg,post_cross,cli_dev_key_over_uniform,9,0.9441154053281031,0.9307443495009218,0.9514902272717822
B,K,0.3|wd1.0,k_collapse_budget K30 E5 f1 iid fedavg,post_cross,cli_key_agreement,9,3.859430168971149e-30,3.817065607582428e-30,4.035536884910736e-30
B,K,0.3|wd1.0,k_collapse_budget K30 E5 f1 iid fedavg,pre_memo,cli_n,1,30.0,30.0,30.0
B,K,0.3|wd1.0,k_collapse_budget K30 E5 f1 iid fedavg,pre_memo,cli_agg_gap,1,2.7944672576606874e-05,2.7944672576606874e-05,2.7944672576606874e-05
B,K,0.3|wd1.0,k_collapse_budget K30 E5 f1 iid fedavg,pre_memo,cli_rel_spread,1,0.04050071267680734,0.04050071267680734,0.04050071267680734
B,K,0.3|wd1.0,k_collapse_budget K30 E5 f1 iid fedavg,pre_memo,cli_cos_global_mean,1,0.9991810249843992,0.9991810249843992,0.9991810249843992
B,K,0.3|wd1.0,k_collapse_budget K30 E5 f1 iid fedavg,pre_memo,cli_cos_global_min,1,0.9990800412709373,0.9990800412709373,0.9990800412709373
B,K,0.3|wd1.0,k_collapse_budget K30 E5 f1 iid fedavg,pre_memo,cli_dev_pair_cos,1,-0.034448954757034085,-0.034448954757034085,-0.034448954757034085
B,K,0.3|wd1.0,k_collapse_budget K30 E5 f1 iid fedavg,pre_memo,cli_dev_eff_rank_frac,1,0.9959245476653763,0.9959245476653763,0.9959245476653763
B,K,0.3|wd1.0,k_collapse_budget K30 E5 f1 iid fedavg,pre_memo,cli_coherence,1,4.760719806916772e-07,4.760719806916772e-07,4.760719806916772e-07
B,K,0.3|wd1.0,k_collapse_budget K30 E5 f1 iid fedavg,pre_memo,cli_key_n,1,28.0,28.0,28.0
B,K,0.3|wd1.0,k_collapse_budget K30 E5 f1 iid fedavg,pre_memo,cli_dev_key_share,1,0.49066637649200856,0.49066637649200856,0.49066637649200856
B,K,0.3|wd1.0,k_collapse_budget K30 E5 f1 iid fedavg,pre_memo,cli_dev_key_share_uniform,1,0.5,0.5,0.5
B,K,0.3|wd1.0,k_collapse_budget K30 E5 f1 iid fedavg,pre_memo,cli_dev_key_over_uniform,1,0.9813327529840171,0.9813327529840171,0.9813327529840171
B,K,0.3|wd1.0,k_collapse_budget K30 E5 f1 iid fedavg,pre_memo,cli_key_agreement,1,1.3772895236465514e-30,1.3772895236465514e-30,1.3772895236465514e-30
B,K,0.3|wd1.0,k_collapse_budget K50 E5 f1 iid fedavg,delay_or_stalled,cli_n,10,50.0,50.0,50.0
B,K,0.3|wd1.0,k_collapse_budget K50 E5 f1 iid fedavg,delay_or_stalled,cli_agg_gap,10,2.5863261182650817e-05,2.4651259840674878e-05,2.668947802208689e-05
B,K,0.3|wd1.0,k_collapse_budget K50 E5 f1 iid fedavg,delay_or_stalled,cli_rel_spread,10,0.02806804697403904,0.027552536712265402,0.028637721255726837
B,K,0.3|wd1.0,k_collapse_budget K50 E5 f1 iid fedavg,delay_or_stalled,cli_cos_global_mean,10,0.9996066444510026,0.9995905467616585,0.9996209679168968
B,K,0.3|wd1.0,k_collapse_budget K50 E5 f1 iid fedavg,delay_or_stalled,cli_cos_global_min,10,0.9995067816464658,0.9994965234872277,0.9995218968490909
B,K,0.3|wd1.0,k_collapse_budget K50 E5 f1 iid fedavg,delay_or_stalled,cli_dev_pair_cos,10,-0.020366255059303118,-0.02037375349086088,-0.0203547795531039
B,K,0.3|wd1.0,k_collapse_budget K50 E5 f1 iid fedavg,delay_or_stalled,cli_dev_eff_rank_frac,10,0.9894333029320223,0.9892901768254705,0.9896417217259876
B,K,0.3|wd1.0,k_collapse_budget K50 E5 f1 iid fedavg,delay_or_stalled,cli_coherence,10,8.633139533727089e-07,8.008812389607077e-07,8.6884669207979e-07
B,K,0.3|wd1.0,k_collapse_budget K50 E5 f1 iid fedavg,delay_or_stalled,cli_key_n,10,2.0,2.0,2.0
B,K,0.3|wd1.0,k_collapse_budget K50 E5 f1 iid fedavg,delay_or_stalled,cli_dev_key_share,10,0.02672135582651558,0.02598223990991009,0.027455974868438076
B,K,0.3|wd1.0,k_collapse_budget K50 E5 f1 iid fedavg,delay_or_stalled,cli_dev_key_share_uniform,10,0.03571428571428571,0.03571428571428571,0.03571428571428571
B,K,0.3|wd1.0,k_collapse_budget K50 E5 f1 iid fedavg,delay_or_stalled,cli_dev_key_over_uniform,10,0.7481979631424363,0.7275027174774825,0.7687672963162662
B,K,0.3|wd1.0,k_collapse_budget K50 E5 f1 iid fedavg,delay_or_stalled,cli_key_agreement,10,3.8666529373058886e-30,3.693845330595053e-30,4.000962949728781e-30
B,dirichlet,0.3|wd1.0,dirichlet_setups K10 E5 f1 dirichlet0.01 fedavg,delay_or_stalled,cli_n,30,10.0,10.0,10.0
B,dirichlet,0.3|wd1.0,dirichlet_setups K10 E5 f1 dirichlet0.01 fedavg,delay_or_stalled,cli_agg_gap,30,0.001976105353966112,0.0012894771205299227,0.002127169458650739
B,dirichlet,0.3|wd1.0,dirichlet_setups K10 E5 f1 dirichlet0.01 fedavg,delay_or_stalled,cli_rel_spread,30,0.020869541504964,0.0187235853180819,0.02154947048731646
B,dirichlet,0.3|wd1.0,dirichlet_setups K10 E5 f1 dirichlet0.01 fedavg,delay_or_stalled,cli_cos_global_mean,30,0.999786684346109,0.9997707294587884,0.9998257844411756
B,dirichlet,0.3|wd1.0,dirichlet_setups K10 E5 f1 dirichlet0.01 fedavg,delay_or_stalled,cli_cos_global_min,30,0.99970995235219,0.9996868479990816,0.9997956982680998
B,dirichlet,0.3|wd1.0,dirichlet_setups K10 E5 f1 dirichlet0.01 fedavg,delay_or_stalled,cli_dev_pair_cos,30,-0.11049314051442949,-0.11083964819826825,-0.11004664759350534
B,dirichlet,0.3|wd1.0,dirichlet_setups K10 E5 f1 dirichlet0.01 fedavg,delay_or_stalled,cli_dev_eff_rank_frac,30,0.9939203968489305,0.9904457250044876,0.996309030875147
B,dirichlet,0.3|wd1.0,dirichlet_setups K10 E5 f1 dirichlet0.01 fedavg,delay_or_stalled,cli_coherence,30,0.008777293227557749,0.004969027835813985,0.009563163929454716
B,dirichlet,0.3|wd1.0,dirichlet_setups K10 E5 f1 dirichlet0.01 fedavg,delay_or_stalled,cli_key_n,30,3.0,2.0,19.75
B,dirichlet,0.3|wd1.0,dirichlet_setups K10 E5 f1 dirichlet0.01 fedavg,delay_or_stalled,cli_dev_key_share,30,0.12946454856554263,0.12079755370584426,0.4106411056374736
B,dirichlet,0.3|wd1.0,dirichlet_setups K10 E5 f1 dirichlet0.01 fedavg,delay_or_stalled,cli_dev_key_share_uniform,30,0.05357142857142857,0.03571428571428571,0.35267857142857145
B,dirichlet,0.3|wd1.0,dirichlet_setups K10 E5 f1 dirichlet0.01 fedavg,delay_or_stalled,cli_dev_key_over_uniform,30,2.4030115973681845,1.1907430488457904,3.2021943495713576
B,dirichlet,0.3|wd1.0,dirichlet_setups K10 E5 f1 dirichlet0.01 fedavg,delay_or_stalled,cli_key_agreement,30,1.906185143493739e-30,1.5305217021753468e-30,5.132945089036581e-30
B,dirichlet,0.3|wd1.0,dirichlet_setups K10 E5 f1 dirichlet0.1 fedavg,delay_or_stalled,cli_n,30,10.0,10.0,10.0
B,dirichlet,0.3|wd1.0,dirichlet_setups K10 E5 f1 dirichlet0.1 fedavg,delay_or_stalled,cli_agg_gap,30,0.0010986066824436019,0.001044936932474024,0.001162600057325381
B,dirichlet,0.3|wd1.0,dirichlet_setups K10 E5 f1 dirichlet0.1 fedavg,delay_or_stalled,cli_rel_spread,30,0.01982804458234677,0.01889482083324143,0.023000560374814245
B,dirichlet,0.3|wd1.0,dirichlet_setups K10 E5 f1 dirichlet0.1 fedavg,delay_or_stalled,cli_cos_global_mean,30,0.9998040687781725,0.9997361505306106,0.9998217229809816
B,dirichlet,0.3|wd1.0,dirichlet_setups K10 E5 f1 dirichlet0.1 fedavg,delay_or_stalled,cli_cos_global_min,30,0.9997607158713757,0.9996880253022586,0.9997840082870126
B,dirichlet,0.3|wd1.0,dirichlet_setups K10 E5 f1 dirichlet0.1 fedavg,delay_or_stalled,cli_dev_pair_cos,30,-0.11071634330453259,-0.11081710327856503,-0.11064290445257507
B,dirichlet,0.3|wd1.0,dirichlet_setups K10 E5 f1 dirichlet0.1 fedavg,delay_or_stalled,cli_dev_eff_rank_frac,30,0.9965390732654549,0.9959703854757065,0.9968997660670573
B,dirichlet,0.3|wd1.0,dirichlet_setups K10 E5 f1 dirichlet0.1 fedavg,delay_or_stalled,cli_coherence,30,0.002946530646531758,0.002387567086065837,0.003139848130583744
B,dirichlet,0.3|wd1.0,dirichlet_setups K10 E5 f1 dirichlet0.1 fedavg,delay_or_stalled,cli_key_n,30,3.0,3.0,8.75
B,dirichlet,0.3|wd1.0,dirichlet_setups K10 E5 f1 dirichlet0.1 fedavg,delay_or_stalled,cli_dev_key_share,30,0.07882103732928344,0.07141278191359053,0.17517622156440543
B,dirichlet,0.3|wd1.0,dirichlet_setups K10 E5 f1 dirichlet0.1 fedavg,delay_or_stalled,cli_dev_key_share_uniform,30,0.05357142857142857,0.05357142857142857,0.15625
B,dirichlet,0.3|wd1.0,dirichlet_setups K10 E5 f1 dirichlet0.1 fedavg,delay_or_stalled,cli_dev_key_over_uniform,30,1.298850808412809,1.1250469573356585,1.376096216433992
B,dirichlet,0.3|wd1.0,dirichlet_setups K10 E5 f1 dirichlet0.1 fedavg,delay_or_stalled,cli_key_agreement,30,3.7766647662505144e-30,3.381935146474631e-30,4.4229142761019276e-30
B,dirichlet,0.3|wd1.0,dirichlet_setups K10 E5 f1 dirichlet1 fedavg,post_cross,cli_n,30,10.0,10.0,10.0
B,dirichlet,0.3|wd1.0,dirichlet_setups K10 E5 f1 dirichlet1 fedavg,post_cross,cli_agg_gap,30,0.0006933958663795656,0.0005482797160680201,0.000886086593560578
B,dirichlet,0.3|wd1.0,dirichlet_setups K10 E5 f1 dirichlet1 fedavg,post_cross,cli_rel_spread,30,0.019519115115770532,0.019129823401009327,0.02047118564183756
B,dirichlet,0.3|wd1.0,dirichlet_setups K10 E5 f1 dirichlet1 fedavg,post_cross,cli_cos_global_mean,30,0.9998094107349303,0.9997901791633327,0.999816989192066
B,dirichlet,0.3|wd1.0,dirichlet_setups K10 E5 f1 dirichlet1 fedavg,post_cross,cli_cos_global_min,30,0.9997798720821436,0.9997579074153895,0.9997864167295815
B,dirichlet,0.3|wd1.0,dirichlet_setups K10 E5 f1 dirichlet1 fedavg,post_cross,cli_dev_pair_cos,30,-0.11095969679823682,-0.11099738435920434,-0.11091092096035929
B,dirichlet,0.3|wd1.0,dirichlet_setups K10 E5 f1 dirichlet1 fedavg,post_cross,cli_dev_eff_rank_frac,30,0.9984492470819581,0.9981438888801063,0.9986443824569743
B,dirichlet,0.3|wd1.0,dirichlet_setups K10 E5 f1 dirichlet1 fedavg,post_cross,cli_coherence,30,0.0013150101147168852,0.0007871151811288338,0.001872325007594898
B,dirichlet,0.3|wd1.0,dirichlet_setups K10 E5 f1 dirichlet1 fedavg,post_cross,cli_key_n,30,6.0,5.0,10.75
B,dirichlet,0.3|wd1.0,dirichlet_setups K10 E5 f1 dirichlet1 fedavg,post_cross,cli_dev_key_share,30,0.1107723898102063,0.09830315361150382,0.1939606218209459
B,dirichlet,0.3|wd1.0,dirichlet_setups K10 E5 f1 dirichlet1 fedavg,post_cross,cli_dev_key_share_uniform,30,0.10714285714285714,0.08928571428571429,0.1919642857142857
B,dirichlet,0.3|wd1.0,dirichlet_setups K10 E5 f1 dirichlet1 fedavg,post_cross,cli_dev_key_over_uniform,30,1.0161259067276351,0.9886972893162201,1.0466023346984727
B,dirichlet,0.3|wd1.0,dirichlet_setups K10 E5 f1 dirichlet1 fedavg,post_cross,cli_key_agreement,30,5.398133903797357e-30,5.033529615343121e-30,5.7343610046412036e-30
B,dirichlet,0.3|wd1.0,dirichlet_setups K10 E5 f1 dirichlet10 fedavg,post_cross,cli_n,30,10.0,10.0,10.0
B,dirichlet,0.3|wd1.0,dirichlet_setups K10 E5 f1 dirichlet10 fedavg,post_cross,cli_agg_gap,30,0.0002437755102144832,0.00020467766621087814,0.00028907413664203813
B,dirichlet,0.3|wd1.0,dirichlet_setups K10 E5 f1 dirichlet10 fedavg,post_cross,cli_rel_spread,30,0.009314913007233288,0.008689632681512285,0.011628070932021223
B,dirichlet,0.3|wd1.0,dirichlet_setups K10 E5 f1 dirichlet10 fedavg,post_cross,cli_cos_global_mean,30,0.9999566081576845,0.999932345611553,0.999962248399884
B,dirichlet,0.3|wd1.0,dirichlet_setups K10 E5 f1 dirichlet10 fedavg,post_cross,cli_cos_global_min,30,0.9999415251181692,0.9999219913887302,0.9999516638431439
B,dirichlet,0.3|wd1.0,dirichlet_setups K10 E5 f1 dirichlet10 fedavg,post_cross,cli_dev_pair_cos,30,-0.11067581142602825,-0.11093627605004076,-0.11053101745303064
B,dirichlet,0.3|wd1.0,dirichlet_setups K10 E5 f1 dirichlet10 fedavg,post_cross,cli_dev_eff_rank_frac,30,0.9968934182525984,0.99626350769439,0.9978064294783923
B,dirichlet,0.3|wd1.0,dirichlet_setups K10 E5 f1 dirichlet10 fedavg,post_cross,cli_coherence,30,0.0006169716646127414,0.0004948537037638852,0.0006781889545270097
B,dirichlet,0.3|wd1.0,dirichlet_setups K10 E5 f1 dirichlet10 fedavg,post_cross,cli_key_n,30,4.0,3.0,4.0
B,dirichlet,0.3|wd1.0,dirichlet_setups K10 E5 f1 dirichlet10 fedavg,post_cross,cli_dev_key_share,30,0.06255034051429192,0.058594113631476194,0.0664031574031963
B,dirichlet,0.3|wd1.0,dirichlet_setups K10 E5 f1 dirichlet10 fedavg,post_cross,cli_dev_key_share_uniform,30,0.07142857142857142,0.05357142857142857,0.07142857142857142
B,dirichlet,0.3|wd1.0,dirichlet_setups K10 E5 f1 dirichlet10 fedavg,post_cross,cli_dev_key_over_uniform,30,0.9059841783180786,0.8590670988100564,0.9729430622345199
B,dirichlet,0.3|wd1.0,dirichlet_setups K10 E5 f1 dirichlet10 fedavg,post_cross,cli_key_agreement,30,2.8218731789993304e-29,1.7892386690895918e-29,3.182930764654238e-29
B,dirichlet,0.3|wd1.0,dirichlet_setups K10 E5 f1 dirichlet1000 fedavg,delay_or_stalled,cli_n,1,10.0,10.0,10.0
B,dirichlet,0.3|wd1.0,dirichlet_setups K10 E5 f1 dirichlet1000 fedavg,delay_or_stalled,cli_agg_gap,1,0.000394771763149153,0.000394771763149153,0.000394771763149153
B,dirichlet,0.3|wd1.0,dirichlet_setups K10 E5 f1 dirichlet1000 fedavg,delay_or_stalled,cli_rel_spread,1,0.017959272596447355,0.017959272596447355,0.017959272596447355
B,dirichlet,0.3|wd1.0,dirichlet_setups K10 E5 f1 dirichlet1000 fedavg,delay_or_stalled,cli_cos_global_mean,1,0.9998387191776631,0.9998387191776631,0.9998387191776631
B,dirichlet,0.3|wd1.0,dirichlet_setups K10 E5 f1 dirichlet1000 fedavg,delay_or_stalled,cli_cos_global_min,1,0.999830257356737,0.999830257356737,0.999830257356737
B,dirichlet,0.3|wd1.0,dirichlet_setups K10 E5 f1 dirichlet1000 fedavg,delay_or_stalled,cli_dev_pair_cos,1,-0.11109158050046379,-0.11109158050046379,-0.11109158050046379
B,dirichlet,0.3|wd1.0,dirichlet_setups K10 E5 f1 dirichlet1000 fedavg,delay_or_stalled,cli_dev_eff_rank_frac,1,0.9995384236940212,0.9995384236940212,0.9995384236940212
B,dirichlet,0.3|wd1.0,dirichlet_setups K10 E5 f1 dirichlet1000 fedavg,delay_or_stalled,cli_coherence,1,0.00048296578474394617,0.00048296578474394617,0.00048296578474394617
B,dirichlet,0.3|wd1.0,dirichlet_setups K10 E5 f1 dirichlet1000 fedavg,delay_or_stalled,cli_key_n,1,46.0,46.0,46.0
B,dirichlet,0.3|wd1.0,dirichlet_setups K10 E5 f1 dirichlet1000 fedavg,delay_or_stalled,cli_dev_key_share,1,0.8221721305494645,0.8221721305494645,0.8221721305494645
B,dirichlet,0.3|wd1.0,dirichlet_setups K10 E5 f1 dirichlet1000 fedavg,delay_or_stalled,cli_dev_key_share_uniform,1,0.8214285714285714,0.8214285714285714,0.8214285714285714
B,dirichlet,0.3|wd1.0,dirichlet_setups K10 E5 f1 dirichlet1000 fedavg,delay_or_stalled,cli_dev_key_over_uniform,1,1.0009052024080438,1.0009052024080438,1.0009052024080438
B,dirichlet,0.3|wd1.0,dirichlet_setups K10 E5 f1 dirichlet1000 fedavg,delay_or_stalled,cli_key_agreement,1,6.652405341100634e-30,6.652405341100634e-30,6.652405341100634e-30
B,dirichlet,0.3|wd1.0,dirichlet_setups K10 E5 f1 dirichlet1000 fedavg,post_cross,cli_n,29,10.0,10.0,10.0
B,dirichlet,0.3|wd1.0,dirichlet_setups K10 E5 f1 dirichlet1000 fedavg,post_cross,cli_agg_gap,29,0.00023071486800771567,0.00019347072543052682,0.0002613106030696727
B,dirichlet,0.3|wd1.0,dirichlet_setups K10 E5 f1 dirichlet1000 fedavg,post_cross,cli_rel_spread,29,0.01058663304005512,0.009205086032455833,0.011707262643971601
B,dirichlet,0.3|wd1.0,dirichlet_setups K10 E5 f1 dirichlet1000 fedavg,post_cross,cli_cos_global_mean,29,0.9999439691295059,0.9999314508212052,0.9999576255981879
B,dirichlet,0.3|wd1.0,dirichlet_setups K10 E5 f1 dirichlet1000 fedavg,post_cross,cli_cos_global_min,29,0.9999336657710846,0.9999192059345734,0.999948204819228
B,dirichlet,0.3|wd1.0,dirichlet_setups K10 E5 f1 dirichlet1000 fedavg,post_cross,cli_dev_pair_cos,29,-0.11061634967372486,-0.1108266850081606,-0.11026767347537002
B,dirichlet,0.3|wd1.0,dirichlet_setups K10 E5 f1 dirichlet1000 fedavg,post_cross,cli_dev_eff_rank_frac,29,0.9960125194103758,0.9950118213379204,0.9970657126462709
B,dirichlet,0.3|wd1.0,dirichlet_setups K10 E5 f1 dirichlet1000 fedavg,post_cross,cli_coherence,29,0.00048144775514156817,0.00046111124282578416,0.0005035050278942276
B,dirichlet,0.3|wd1.0,dirichlet_setups K10 E5 f1 dirichlet1000 fedavg,post_cross,cli_key_n,29,3.0,3.0,4.0
B,dirichlet,0.3|wd1.0,dirichlet_setups K10 E5 f1 dirichlet1000 fedavg,post_cross,cli_dev_key_share,29,0.04551271794148137,0.03934454788832034,0.05922648604093635
B,dirichlet,0.3|wd1.0,dirichlet_setups K10 E5 f1 dirichlet1000 fedavg,post_cross,cli_dev_key_share_uniform,29,0.05357142857142857,0.05357142857142857,0.07142857142857142
B,dirichlet,0.3|wd1.0,dirichlet_setups K10 E5 f1 dirichlet1000 fedavg,post_cross,cli_dev_key_over_uniform,29,0.8149226892784608,0.7344315605819798,0.8627065638683634
B,dirichlet,0.3|wd1.0,dirichlet_setups K10 E5 f1 dirichlet1000 fedavg,post_cross,cli_key_agreement,29,2.4677472179051216e-29,1.9174729788017637e-29,3.087902681014119e-29
B,partition,0.3|wd1.0,partitions K10 E5 f1 dirichlet0.5 fedavg,post_cross,cli_n,30,10.0,10.0,10.0
B,partition,0.3|wd1.0,partitions K10 E5 f1 dirichlet0.5 fedavg,post_cross,cli_agg_gap,30,0.0009494309975384765,0.0008573914667387636,0.0010193871241520674
B,partition,0.3|wd1.0,partitions K10 E5 f1 dirichlet0.5 fedavg,post_cross,cli_rel_spread,30,0.018857113515953212,0.018138296173429474,0.01936873144394445
B,partition,0.3|wd1.0,partitions K10 E5 f1 dirichlet0.5 fedavg,post_cross,cli_cos_global_mean,30,0.9998219152910532,0.9998120975601286,0.9998353655041421
B,partition,0.3|wd1.0,partitions K10 E5 f1 dirichlet0.5 fedavg,post_cross,cli_cos_global_min,30,0.9997912958350619,0.9997768195754514,0.9998083370285137
B,partition,0.3|wd1.0,partitions K10 E5 f1 dirichlet0.5 fedavg,post_cross,cli_dev_pair_cos,30,-0.11093148550422294,-0.1110025080996685,-0.1108880344847728
B,partition,0.3|wd1.0,partitions K10 E5 f1 dirichlet0.5 fedavg,post_cross,cli_dev_eff_rank_frac,30,0.9982691676027442,0.9979412261416384,0.9986352140687068
B,partition,0.3|wd1.0,partitions K10 E5 f1 dirichlet0.5 fedavg,post_cross,cli_coherence,30,0.002392184187309902,0.0022192029562123983,0.002912712243642669
B,partition,0.3|wd1.0,partitions K10 E5 f1 dirichlet0.5 fedavg,post_cross,cli_key_n,30,8.0,8.0,9.75
B,partition,0.3|wd1.0,partitions K10 E5 f1 dirichlet0.5 fedavg,post_cross,cli_dev_key_share,30,0.1498005587989722,0.13388378825991679,0.1664158616360547
B,partition,0.3|wd1.0,partitions K10 E5 f1 dirichlet0.5 fedavg,post_cross,cli_dev_key_share_uniform,30,0.14285714285714285,0.14285714285714285,0.17410714285714285
B,partition,0.3|wd1.0,partitions K10 E5 f1 dirichlet0.5 fedavg,post_cross,cli_dev_key_over_uniform,30,1.002153183612681,0.9558520211693028,1.0260624585907534
B,partition,0.3|wd1.0,partitions K10 E5 f1 dirichlet0.5 fedavg,post_cross,cli_key_agreement,30,6.0128029625434744e-30,5.739042302782206e-30,6.24183015685234e-30
B,partition,0.3|wd1.0,partitions K10 E5 f1 operand fedavg,delay_or_stalled,cli_n,10,10.0,10.0,10.0
B,partition,0.3|wd1.0,partitions K10 E5 f1 operand fedavg,delay_or_stalled,cli_agg_gap,10,0.00039738860822604834,0.000389083747607074,0.0004139981083013663
B,partition,0.3|wd1.0,partitions K10 E5 f1 operand fedavg,delay_or_stalled,cli_rel_spread,10,0.0233731461600995,0.02272117869944483,0.02355663899632307
B,partition,0.3|wd1.0,partitions K10 E5 f1 operand fedavg,delay_or_stalled,cli_cos_global_mean,10,0.999727083919756,0.9997227240126176,0.999742019982579
B,partition,0.3|wd1.0,partitions K10 E5 f1 operand fedavg,delay_or_stalled,cli_cos_global_min,10,0.9996852317867149,0.9996677205843827,0.9996976237384814
B,partition,0.3|wd1.0,partitions K10 E5 f1 operand fedavg,delay_or_stalled,cli_dev_pair_cos,10,-0.1107901580405247,-0.11091295870063612,-0.11062827836025406
B,partition,0.3|wd1.0,partitions K10 E5 f1 operand fedavg,delay_or_stalled,cli_dev_eff_rank_frac,10,0.9971900588388338,0.9966026644202369,0.9978182874439951
B,partition,0.3|wd1.0,partitions K10 E5 f1 operand fedavg,delay_or_stalled,cli_coherence,10,0.00030245439744589864,0.0002990460481571881,0.0003049846785612702
B,partition,0.3|wd1.0,partitions K10 E5 f1 operand fedavg,delay_or_stalled,cli_key_n,10,42.0,42.0,42.0
B,partition,0.3|wd1.0,partitions K10 E5 f1 operand fedavg,delay_or_stalled,cli_dev_key_share,10,0.7832815428035855,0.7768043201452914,0.7893035608697062
B,partition,0.3|wd1.0,partitions K10 E5 f1 operand fedavg,delay_or_stalled,cli_dev_key_share_uniform,10,0.75,0.75,0.75
B,partition,0.3|wd1.0,partitions K10 E5 f1 operand fedavg,delay_or_stalled,cli_dev_key_over_uniform,10,1.043735063693747,1.0391667502260957,1.0456837026919394
B,partition,0.3|wd1.0,partitions K10 E5 f1 operand fedavg,delay_or_stalled,cli_key_agreement,10,3.815108241275096e-30,3.758575557359668e-30,3.991971646496219e-30
B,partition,0.3|wd1.0,partitions K10 E5 f1 operand fedavg,post_cross,cli_n,14,10.0,10.0,10.0
B,partition,0.3|wd1.0,partitions K10 E5 f1 operand fedavg,post_cross,cli_agg_gap,14,0.00041638334868967,0.0002915475476257751,0.00042145077392550856
B,partition,0.3|wd1.0,partitions K10 E5 f1 operand fedavg,post_cross,cli_rel_spread,14,0.02192950507106367,0.020757996945250157,0.022449346983259427
B,partition,0.3|wd1.0,partitions K10 E5 f1 operand fedavg,post_cross,cli_cos_global_mean,14,0.9997599725561808,0.9997481626599651,0.9997847628388603
B,partition,0.3|wd1.0,partitions K10 E5 f1 operand fedavg,post_cross,cli_cos_global_min,14,0.9997250124636958,0.999713812655117,0.9997485767952525
B,partition,0.3|wd1.0,partitions K10 E5 f1 operand fedavg,post_cross,cli_dev_pair_cos,14,-0.11084783322334887,-0.11092436122989831,-0.11062352122902541
B,partition,0.3|wd1.0,partitions K10 E5 f1 operand fedavg,post_cross,cli_dev_eff_rank_frac,14,0.9888667159470865,0.9872765243829298,0.9912097952119099
B,partition,0.3|wd1.0,partitions K10 E5 f1 operand fedavg,post_cross,cli_coherence,14,0.0003359152559527192,0.00019626210912532114,0.00035477607660800093
B,partition,0.3|wd1.0,partitions K10 E5 f1 operand fedavg,post_cross,cli_key_n,14,17.0,15.25,18.0
B,partition,0.3|wd1.0,partitions K10 E5 f1 operand fedavg,post_cross,cli_dev_key_share,14,0.5440986522060689,0.47973620040129444,0.5660869051212251
B,partition,0.3|wd1.0,partitions K10 E5 f1 operand fedavg,post_cross,cli_dev_key_share_uniform,14,0.30357142857142855,0.27232142857142855,0.32142857142857145
B,partition,0.3|wd1.0,partitions K10 E5 f1 operand fedavg,post_cross,cli_dev_key_over_uniform,14,1.803771405134528,1.6946642759595145,1.892901629523738
B,partition,0.3|wd1.0,partitions K10 E5 f1 operand fedavg,post_cross,cli_key_agreement,14,2.5887046978309336e-30,2.3504967267650842e-30,3.1286208554529035e-30
B,partition,0.3|wd1.0,partitions K10 E5 f1 operand fedavg,pre_memo,cli_n,6,10.0,10.0,10.0
B,partition,0.3|wd1.0,partitions K10 E5 f1 operand fedavg,pre_memo,cli_agg_gap,6,0.00033651200712346834,0.0003347859142168105,0.0003401021678604377
B,partition,0.3|wd1.0,partitions K10 E5 f1 operand fedavg,pre_memo,cli_rel_spread,6,0.024616104978610963,0.024372252066482802,0.02485296432715348
B,partition,0.3|wd1.0,partitions K10 E5 f1 operand fedavg,pre_memo,cli_cos_global_mean,6,0.9996972362141183,0.9996915404632262,0.9997032122198396
B,partition,0.3|wd1.0,partitions K10 E5 f1 operand fedavg,pre_memo,cli_cos_global_min,6,0.9996379938660791,0.9996141593377879,0.9996444334379433
B,partition,0.3|wd1.0,partitions K10 E5 f1 operand fedavg,pre_memo,cli_dev_pair_cos,6,-0.11073437743485356,-0.1107853826820607,-0.11067369357980916
B,partition,0.3|wd1.0,partitions K10 E5 f1 operand fedavg,pre_memo,cli_dev_eff_rank_frac,6,0.9964490087720617,0.9953587675405358,0.9970458734757975
B,partition,0.3|wd1.0,partitions K10 E5 f1 operand fedavg,pre_memo,cli_coherence,6,0.00019216002140751235,0.00018558552901962272,0.0001977422517567682
B,partition,0.3|wd1.0,partitions K10 E5 f1 operand fedavg,pre_memo,cli_key_n,6,44.5,44.0,45.0
B,partition,0.3|wd1.0,partitions K10 E5 f1 operand fedavg,pre_memo,cli_dev_key_share,6,0.8246894221786512,0.8145553139188568,0.8314124714467156
B,partition,0.3|wd1.0,partitions K10 E5 f1 operand fedavg,pre_memo,cli_dev_key_share_uniform,6,0.7946428571428572,0.7857142857142857,0.8035714285714286
B,partition,0.3|wd1.0,partitions K10 E5 f1 operand fedavg,pre_memo,cli_dev_key_over_uniform,6,1.0349428410940233,1.0188134957018116,1.0441648080569448
B,partition,0.3|wd1.0,partitions K10 E5 f1 operand fedavg,pre_memo,cli_key_agreement,6,3.399789136403997e-30,3.2523925908582904e-30,3.5852423569363584e-30
B,partition,0.3|wd1.0,partitions K10 E5 f1 target fedavg,delay_or_stalled,cli_n,30,10.0,10.0,10.0
B,partition,0.3|wd1.0,partitions K10 E5 f1 target fedavg,delay_or_stalled,cli_agg_gap,30,0.0004975716070419588,0.00040030444726595293,0.0005464395334669396
B,partition,0.3|wd1.0,partitions K10 E5 f1 target fedavg,delay_or_stalled,cli_rel_spread,30,0.021712083813325102,0.020643760924945583,0.027592417845214566
B,partition,0.3|wd1.0,partitions K10 E5 f1 target fedavg,delay_or_stalled,cli_cos_global_mean,30,0.9997669246773948,0.9996280943896261,0.9997953016102534
B,partition,0.3|wd1.0,partitions K10 E5 f1 target fedavg,delay_or_stalled,cli_cos_global_min,30,0.9996980266533427,0.999469657625262,0.9997576187561965
B,partition,0.3|wd1.0,partitions K10 E5 f1 target fedavg,delay_or_stalled,cli_dev_pair_cos,30,-0.11024980717553981,-0.11050605989292006,-0.10973207906636406
B,partition,0.3|wd1.0,partitions K10 E5 f1 target fedavg,delay_or_stalled,cli_dev_eff_rank_frac,30,0.9836610974410809,0.973907650886709,0.9892944134358219
B,partition,0.3|wd1.0,partitions K10 E5 f1 target fedavg,delay_or_stalled,cli_coherence,30,0.0003770969775905675,0.00034849649004130127,0.0005031899650491553
B,partition,0.3|wd1.0,partitions K10 E5 f1 target fedavg,delay_or_stalled,cli_key_n,30,2.0,2.0,4.0
B,partition,0.3|wd1.0,partitions K10 E5 f1 target fedavg,delay_or_stalled,cli_dev_key_share,30,0.2327366042167577,0.17909410183856148,0.2761423631215358
B,partition,0.3|wd1.0,partitions K10 E5 f1 target fedavg,delay_or_stalled,cli_dev_key_share_uniform,30,0.03571428571428571,0.03571428571428571,0.07142857142857142
B,partition,0.3|wd1.0,partitions K10 E5 f1 target fedavg,delay_or_stalled,cli_dev_key_over_uniform,30,4.444261721386585,3.2401784245518304,6.862776888904663
B,partition,0.3|wd1.0,partitions K10 E5 f1 target fedavg,delay_or_stalled,cli_key_agreement,30,8.397729677583157e-31,6.190299696770908e-31,1.3357888842419275e-30
B,partition,0.3|wd1.0,partitions K20 E5 f1 dirichlet0.5 fedavg,post_cross,cli_n,29,20.0,20.0,20.0
B,partition,0.3|wd1.0,partitions K20 E5 f1 dirichlet0.5 fedavg,post_cross,cli_agg_gap,29,0.0007803033004607645,0.0007479962907670068,0.0008266674294634914
B,partition,0.3|wd1.0,partitions K20 E5 f1 dirichlet0.5 fedavg,post_cross,cli_rel_spread,29,0.023256222413869387,0.0204896492429526,0.024113066146445056
B,partition,0.3|wd1.0,partitions K20 E5 f1 dirichlet0.5 fedavg,post_cross,cli_cos_global_mean,29,0.9997295409136354,0.9997091776330155,0.9997900299542983
B,partition,0.3|wd1.0,partitions K20 E5 f1 dirichlet0.5 fedavg,post_cross,cli_cos_global_min,29,0.9996927527036114,0.9996529046387789,0.9997528380719025
B,partition,0.3|wd1.0,partitions K20 E5 f1 dirichlet0.5 fedavg,post_cross,cli_dev_pair_cos,29,-0.05256182899856578,-0.05256864306848607,-0.05254748554480508
B,partition,0.3|wd1.0,partitions K20 E5 f1 dirichlet0.5 fedavg,post_cross,cli_dev_eff_rank_frac,29,0.9970788739217585,0.996910275325938,0.9973229470625041
B,partition,0.3|wd1.0,partitions K20 E5 f1 dirichlet0.5 fedavg,post_cross,cli_coherence,29,0.001257421840504102,0.0010791306906731972,0.0013022099355700452
B,partition,0.3|wd1.0,partitions K20 E5 f1 dirichlet0.5 fedavg,post_cross,cli_key_n,29,9.0,5.0,13.0
B,partition,0.3|wd1.0,partitions K20 E5 f1 dirichlet0.5 fedavg,post_cross,cli_dev_key_share,29,0.15155070497770176,0.08749846968829104,0.22607909556702915
B,partition,0.3|wd1.0,partitions K20 E5 f1 dirichlet0.5 fedavg,post_cross,cli_dev_key_share_uniform,29,0.16071428571428573,0.08928571428571429,0.23214285714285715
B,partition,0.3|wd1.0,partitions K20 E5 f1 dirichlet0.5 fedavg,post_cross,cli_dev_key_over_uniform,29,0.9682804947411527,0.9504401802533956,0.9752074181397976
B,partition,0.3|wd1.0,partitions K20 E5 f1 dirichlet0.5 fedavg,post_cross,cli_key_agreement,29,4.119999539894915e-30,3.7568971250471984e-30,5.15292371602095e-30
B,partition,0.3|wd1.0,partitions K20 E5 f1 dirichlet0.5 fedavg,pre_memo,cli_n,1,20.0,20.0,20.0
B,partition,0.3|wd1.0,partitions K20 E5 f1 dirichlet0.5 fedavg,pre_memo,cli_agg_gap,1,0.0008241550422993202,0.0008241550422993202,0.0008241550422993202
B,partition,0.3|wd1.0,partitions K20 E5 f1 dirichlet0.5 fedavg,pre_memo,cli_rel_spread,1,0.024992008769308086,0.024992008769308086,0.024992008769308086
B,partition,0.3|wd1.0,partitions K20 E5 f1 dirichlet0.5 fedavg,pre_memo,cli_cos_global_mean,1,0.9996877206437682,0.9996877206437682,0.9996877206437682
B,partition,0.3|wd1.0,partitions K20 E5 f1 dirichlet0.5 fedavg,pre_memo,cli_cos_global_min,1,0.9996098285636572,0.9996098285636572,0.9996098285636572
B,partition,0.3|wd1.0,partitions K20 E5 f1 dirichlet0.5 fedavg,pre_memo,cli_dev_pair_cos,1,-0.05255161259338692,-0.05255161259338692,-0.05255161259338692
B,partition,0.3|wd1.0,partitions K20 E5 f1 dirichlet0.5 fedavg,pre_memo,cli_dev_eff_rank_frac,1,0.9966494806419391,0.9966494806419391,0.9966494806419391
B,partition,0.3|wd1.0,partitions K20 E5 f1 dirichlet0.5 fedavg,pre_memo,cli_coherence,1,0.0010863572643642788,0.0010863572643642788,0.0010863572643642788
B,partition,0.3|wd1.0,partitions K20 E5 f1 dirichlet0.5 fedavg,pre_memo,cli_key_n,1,8.0,8.0,8.0
B,partition,0.3|wd1.0,partitions K20 E5 f1 dirichlet0.5 fedavg,pre_memo,cli_dev_key_share,1,0.1361331517594179,0.1361331517594179,0.1361331517594179
B,partition,0.3|wd1.0,partitions K20 E5 f1 dirichlet0.5 fedavg,pre_memo,cli_dev_key_share_uniform,1,0.14285714285714285,0.14285714285714285,0.14285714285714285
B,partition,0.3|wd1.0,partitions K20 E5 f1 dirichlet0.5 fedavg,pre_memo,cli_dev_key_over_uniform,1,0.9529320623159253,0.9529320623159253,0.9529320623159253
B,partition,0.3|wd1.0,partitions K20 E5 f1 dirichlet0.5 fedavg,pre_memo,cli_key_agreement,1,3.643801572349828e-30,3.643801572349828e-30,3.643801572349828e-30
B,partition,0.3|wd1.0,partitions K20 E5 f1 operand fedavg,delay_or_stalled,cli_n,10,20.0,20.0,20.0
B,partition,0.3|wd1.0,partitions K20 E5 f1 operand fedavg,delay_or_stalled,cli_agg_gap,10,0.0005492105843076201,0.0005313979047526692,0.0005521858986623897
B,partition,0.3|wd1.0,partitions K20 E5 f1 operand fedavg,delay_or_stalled,cli_rel_spread,10,0.02490151987430758,0.02411287255863659,0.02576136194646679
B,partition,0.3|wd1.0,partitions K20 E5 f1 operand fedavg,delay_or_stalled,cli_cos_global_mean,10,0.9996902459003485,0.9996684578530562,0.9997095373674063
B,partition,0.3|wd1.0,partitions K20 E5 f1 operand fedavg,delay_or_stalled,cli_cos_global_min,10,0.9996327877796196,0.9995962128815381,0.9996528592247833
B,partition,0.3|wd1.0,partitions K20 E5 f1 operand fedavg,delay_or_stalled,cli_dev_pair_cos,10,-0.0524798042424221,-0.05250416143466881,-0.05246640371912127
B,partition,0.3|wd1.0,partitions K20 E5 f1 operand fedavg,delay_or_stalled,cli_dev_eff_rank_frac,10,0.9935067960508276,0.9932426076326354,0.9935783574585383
B,partition,0.3|wd1.0,partitions K20 E5 f1 operand fedavg,delay_or_stalled,cli_coherence,10,0.0004687908218851324,0.00045727727233537313,0.00048430457582864444
B,partition,0.3|wd1.0,partitions K20 E5 f1 operand fedavg,delay_or_stalled,cli_key_n,10,22.5,20.0,23.75
B,partition,0.3|wd1.0,partitions K20 E5 f1 operand fedavg,delay_or_stalled,cli_dev_key_share,10,0.46588269087926726,0.4329044463917255,0.5059014347075019
B,partition,0.3|wd1.0,partitions K20 E5 f1 operand fedavg,delay_or_stalled,cli_dev_key_share_uniform,10,0.4017857142857143,0.35714285714285715,0.42410714285714285
B,partition,0.3|wd1.0,partitions K20 E5 f1 operand fedavg,delay_or_stalled,cli_dev_key_over_uniform,10,1.1436707402271433,1.1272166540346282,1.1739970515676683
B,partition,0.3|wd1.0,partitions K20 E5 f1 operand fedavg,delay_or_stalled,cli_key_agreement,10,3.034890047313616e-30,2.8833658390114646e-30,3.170432812200972e-30
B,partition,0.3|wd1.0,partitions K20 E5 f1 operand fedavg,post_cross,cli_n,17,20.0,20.0,20.0
B,partition,0.3|wd1.0,partitions K20 E5 f1 operand fedavg,post_cross,cli_agg_gap,17,0.0004432392979377641,0.00043642600763261856,0.0004532149336595023
B,partition,0.3|wd1.0,partitions K20 E5 f1 operand fedavg,post_cross,cli_rel_spread,17,0.0226898130904798,0.020504362940736667,0.02476545210815309
B,partition,0.3|wd1.0,partitions K20 E5 f1 operand fedavg,post_cross,cli_cos_global_mean,17,0.9997429685961643,0.9996939614361233,0.9997904327851581
B,partition,0.3|wd1.0,partitions K20 E5 f1 operand fedavg,post_cross,cli_cos_global_min,17,0.9996949889706573,0.99963998216565,0.9997225649693474
B,partition,0.3|wd1.0,partitions K20 E5 f1 operand fedavg,post_cross,cli_dev_pair_cos,17,-0.05248291892192831,-0.05252577549626237,-0.05235824058278412
B,partition,0.3|wd1.0,partitions K20 E5 f1 operand fedavg,post_cross,cli_dev_eff_rank_frac,17,0.9826768687711865,0.9803627693505209,0.986439679786285
B,partition,0.3|wd1.0,partitions K20 E5 f1 operand fedavg,post_cross,cli_coherence,17,0.0003897904072419809,0.000322310914682112,0.0004639528101158758
B,partition,0.3|wd1.0,partitions K20 E5 f1 operand fedavg,post_cross,cli_key_n,17,6.0,5.0,10.0
B,partition,0.3|wd1.0,partitions K20 E5 f1 operand fedavg,post_cross,cli_dev_key_share,17,0.2836938247247446,0.22117861839693057,0.40772022123632573
B,partition,0.3|wd1.0,partitions K20 E5 f1 operand fedavg,post_cross,cli_dev_key_share_uniform,17,0.10714285714285714,0.08928571428571429,0.17857142857142858
B,partition,0.3|wd1.0,partitions K20 E5 f1 operand fedavg,post_cross,cli_dev_key_over_uniform,17,2.345122465279606,2.1895101985054155,2.512136703334754
B,partition,0.3|wd1.0,partitions K20 E5 f1 operand fedavg,post_cross,cli_key_agreement,17,1.8672288770268156e-30,1.6640836804731727e-30,2.074649189907576e-30
B,partition,0.3|wd1.0,partitions K20 E5 f1 operand fedavg,pre_memo,cli_n,3,20.0,20.0,20.0
B,partition,0.3|wd1.0,partitions K20 E5 f1 operand fedavg,pre_memo,cli_agg_gap,3,0.0007711533792583423,0.0007676536981846647,0.0008101454995144096
B,partition,0.3|wd1.0,partitions K20 E5 f1 operand fedavg,pre_memo,cli_rel_spread,3,0.033971545866250806,0.03276461544808405,0.037598696068773724
B,partition,0.3|wd1.0,partitions K20 E5 f1 operand fedavg,pre_memo,cli_cos_global_mean,3,0.9994242982697485,0.9992886039056856,0.9994634566256801
B,partition,0.3|wd1.0,partitions K20 E5 f1 operand fedavg,pre_memo,cli_cos_global_min,3,0.9993241731533439,0.9991923642687793,0.9993827366811462
B,partition,0.3|wd1.0,partitions K20 E5 f1 operand fedavg,pre_memo,cli_dev_pair_cos,3,-0.05253233055849525,-0.05254767070062592,-0.052525551434629364
B,partition,0.3|wd1.0,partitions K20 E5 f1 operand fedavg,pre_memo,cli_dev_eff_rank_frac,3,0.9944869664754032,0.9938735430576917,0.9956701307058486
B,partition,0.3|wd1.0,partitions K20 E5 f1 operand fedavg,pre_memo,cli_coherence,3,0.0005968373264184245,0.00047017615033975247,0.0006106536546801498
B,partition,0.3|wd1.0,partitions K20 E5 f1 operand fedavg,pre_memo,cli_key_n,3,41.0,41.0,41.5
B,partition,0.3|wd1.0,partitions K20 E5 f1 operand fedavg,pre_memo,cli_dev_key_share,3,0.7561725411194923,0.7537881748762356,0.7564874856380015
B,partition,0.3|wd1.0,partitions K20 E5 f1 operand fedavg,pre_memo,cli_dev_key_share_uniform,3,0.7321428571428571,0.7321428571428571,0.7410714285714286
B,partition,0.3|wd1.0,partitions K20 E5 f1 operand fedavg,pre_memo,cli_dev_key_over_uniform,3,1.0263076410596788,1.0172688479428342,1.0299945045391639
B,partition,0.3|wd1.0,partitions K20 E5 f1 operand fedavg,pre_memo,cli_key_agreement,3,1.8314624167569003e-30,1.5267710158990521e-30,1.9996961146695172e-30
B,partition,0.3|wd1.0,partitions K20 E5 f1 target fedavg,delay_or_stalled,cli_n,30,20.0,20.0,20.0
B,partition,0.3|wd1.0,partitions K20 E5 f1 target fedavg,delay_or_stalled,cli_agg_gap,30,0.0008285961704551184,0.0007547706002188472,0.0009032143378647933
B,partition,0.3|wd1.0,partitions K20 E5 f1 target fedavg,delay_or_stalled,cli_rel_spread,30,0.03233285312965695,0.031047610546820037,0.03490569739991318
B,partition,0.3|wd1.0,partitions K20 E5 f1 target fedavg,delay_or_stalled,cli_cos_global_mean,30,0.9994898848590068,0.9994121509513179,0.9995268264277725
B,partition,0.3|wd1.0,partitions K20 E5 f1 target fedavg,delay_or_stalled,cli_cos_global_min,30,0.9992220890009533,0.9991450892953128,0.999327685552726
B,partition,0.3|wd1.0,partitions K20 E5 f1 target fedavg,delay_or_stalled,cli_dev_pair_cos,30,-0.051757555731798084,-0.05211034909131603,-0.05136438646746938
B,partition,0.3|wd1.0,partitions K20 E5 f1 target fedavg,delay_or_stalled,cli_dev_eff_rank_frac,30,0.9673637853631902,0.9650159766211243,0.9734851674654322
B,partition,0.3|wd1.0,partitions K20 E5 f1 target fedavg,delay_or_stalled,cli_coherence,30,0.0006603055566049207,0.0005306470443020893,0.0008297536951828479
B,partition,0.3|wd1.0,partitions K20 E5 f1 target fedavg,delay_or_stalled,cli_key_n,30,2.0,2.0,2.0
B,partition,0.3|wd1.0,partitions K20 E5 f1 target fedavg,delay_or_stalled,cli_dev_key_share,30,0.2156180681604647,0.18529769076040561,0.24999612654922826
B,partition,0.3|wd1.0,partitions K20 E5 f1 target fedavg,delay_or_stalled,cli_dev_key_share_uniform,30,0.03571428571428571,0.03571428571428571,0.03571428571428571
B,partition,0.3|wd1.0,partitions K20 E5 f1 target fedavg,delay_or_stalled,cli_dev_key_over_uniform,30,6.037305908493012,5.188335341291357,6.999891543378391
B,partition,0.3|wd1.0,partitions K20 E5 f1 target fedavg,delay_or_stalled,cli_key_agreement,30,3.363646151409787e-31,2.867205599630921e-31,3.786858622437823e-31
B,other,0.4|wd0.1,b_k20_wd_control K20 E5 f1 iid fedavg,delay_or_stalled,cli_n,20,20.0,20.0,20.0
B,other,0.4|wd0.1,b_k20_wd_control K20 E5 f1 iid fedavg,delay_or_stalled,cli_agg_gap,20,2.690035208246387e-06,2.468288939627636e-06,3.922173863530124e-06
B,other,0.4|wd0.1,b_k20_wd_control K20 E5 f1 iid fedavg,delay_or_stalled,cli_rel_spread,20,0.00634061879742011,0.005760872252895361,0.009040039715823223
B,other,0.4|wd0.1,b_k20_wd_control K20 E5 f1 iid fedavg,delay_or_stalled,cli_cos_global_mean,20,0.9999799027773397,0.9999591023981275,0.9999834106328226
B,other,0.4|wd0.1,b_k20_wd_control K20 E5 f1 iid fedavg,delay_or_stalled,cli_cos_global_min,20,0.9999754292920602,0.9999526116169666,0.9999797967971638
B,other,0.4|wd0.1,b_k20_wd_control K20 E5 f1 iid fedavg,delay_or_stalled,cli_dev_pair_cos,20,-0.05237674342269148,-0.05255104154494264,-0.05229752418103298
B,other,0.4|wd0.1,b_k20_wd_control K20 E5 f1 iid fedavg,delay_or_stalled,cli_dev_eff_rank_frac,20,0.9971232274398951,0.9963031078881801,0.998681091848281
B,other,0.4|wd0.1,b_k20_wd_control K20 E5 f1 iid fedavg,delay_or_stalled,cli_coherence,20,1.806475416431538e-07,1.7926115640184955e-07,1.8428466429849582e-07
B,other,0.4|wd0.1,b_k20_wd_control K20 E5 f1 iid fedavg,delay_or_stalled,cli_key_n,20,48.0,47.0,49.0
B,other,0.4|wd0.1,b_k20_wd_control K20 E5 f1 iid fedavg,delay_or_stalled,cli_dev_key_share,20,0.8568819833253277,0.8405897582968751,0.8740938119182962
B,other,0.4|wd0.1,b_k20_wd_control K20 E5 f1 iid fedavg,delay_or_stalled,cli_dev_key_share_uniform,20,0.8571428571428571,0.8392857142857143,0.875
B,other,0.4|wd0.1,b_k20_wd_control K20 E5 f1 iid fedavg,delay_or_stalled,cli_dev_key_over_uniform,20,0.9997797410581384,0.9987459412046436,1.0011044845817594
B,other,0.4|wd0.1,b_k20_wd_control K20 E5 f1 iid fedavg,delay_or_stalled,cli_key_agreement,20,5.322078712787412e-29,2.653059916532734e-29,6.39730256037245e-29
B,other,0.4|wd0.1,b_k20_wd_control K20 E5 f1 iid fedavg,pre_memo,cli_n,10,20.0,20.0,20.0
B,other,0.4|wd0.1,b_k20_wd_control K20 E5 f1 iid fedavg,pre_memo,cli_agg_gap,10,7.314517376809926e-06,6.1705032436068225e-06,1.085969425336841e-05
B,other,0.4|wd0.1,b_k20_wd_control K20 E5 f1 iid fedavg,pre_memo,cli_rel_spread,10,0.017068228936670267,0.014443878600831052,0.025551867285534706
B,other,0.4|wd0.1,b_k20_wd_control K20 E5 f1 iid fedavg,pre_memo,cli_cos_global_mean,10,0.9998543707065133,0.9996626149549801,0.9998957095966541
B,other,0.4|wd0.1,b_k20_wd_control K20 E5 f1 iid fedavg,pre_memo,cli_cos_global_min,10,0.9998489824111563,0.9996507477763374,0.99989263587355
B,other,0.4|wd0.1,b_k20_wd_control K20 E5 f1 iid fedavg,pre_memo,cli_dev_pair_cos,10,-0.05262624891002615,-0.052627856295144874,-0.05262514866066329
B,other,0.4|wd0.1,b_k20_wd_control K20 E5 f1 iid fedavg,pre_memo,cli_dev_eff_rank_frac,10,0.9995388863907435,0.999485921089815,0.9995645003517993
B,other,0.4|wd0.1,b_k20_wd_control K20 E5 f1 iid fedavg,pre_memo,cli_coherence,10,1.8218026302074628e-07,1.8073847262391047e-07,1.8549907444291587e-07
B,other,0.4|wd0.1,b_k20_wd_control K20 E5 f1 iid fedavg,pre_memo,cli_key_n,10,49.0,49.0,50.0
B,other,0.4|wd0.1,b_k20_wd_control K20 E5 f1 iid fedavg,pre_memo,cli_dev_key_share,10,0.8746289449728467,0.8742429233296477,0.891987626913436
B,other,0.4|wd0.1,b_k20_wd_control K20 E5 f1 iid fedavg,pre_memo,cli_dev_key_share_uniform,10,0.875,0.875,0.8928571428571429
B,other,0.4|wd0.1,b_k20_wd_control K20 E5 f1 iid fedavg,pre_memo,cli_dev_key_over_uniform,10,0.9991956190750986,0.9987038910018773,0.9995928882737103
B,other,0.4|wd0.1,b_k20_wd_control K20 E5 f1 iid fedavg,pre_memo,cli_key_agreement,10,7.265744839115524e-30,3.73908345474923e-30,1.0193141779225831e-29
B,K,0.4|wd1.0,aggregation_alpha2 K10 E5 f1 iid fedavg,post_cross,cli_n,30,10.0,10.0,10.0
B,K,0.4|wd1.0,aggregation_alpha2 K10 E5 f1 iid fedavg,post_cross,cli_agg_gap,30,4.5841526490643946e-06,3.3229180512674463e-06,5.2794473017397285e-06
B,K,0.4|wd1.0,aggregation_alpha2 K10 E5 f1 iid fedavg,post_cross,cli_rel_spread,30,0.015618459866675188,0.011462968995911151,0.01791281033652269
B,K,0.4|wd1.0,aggregation_alpha2 K10 E5 f1 iid fedavg,post_cross,cli_cos_global_mean,30,0.9998781037863057,0.9998397007702666,0.9999343423250969
B,K,0.4|wd1.0,aggregation_alpha2 K10 E5 f1 iid fedavg,post_cross,cli_cos_global_min,30,0.999863076346373,0.9998256243441697,0.9999251796227633
B,K,0.4|wd1.0,aggregation_alpha2 K10 E5 f1 iid fedavg,post_cross,cli_dev_pair_cos,30,-0.11095161019302227,-0.11099211048778704,-0.11087454123204721
B,K,0.4|wd1.0,aggregation_alpha2 K10 E5 f1 iid fedavg,post_cross,cli_dev_eff_rank_frac,30,0.9981146423758592,0.997313597490191,0.9983653046966936
B,K,0.4|wd1.0,aggregation_alpha2 K10 E5 f1 iid fedavg,post_cross,cli_coherence,30,8.719737374076357e-08,8.508177949534837e-08,9.075894297119484e-08
B,K,0.4|wd1.0,aggregation_alpha2 K10 E5 f1 iid fedavg,post_cross,cli_key_n,30,4.0,3.0,4.0
B,K,0.4|wd1.0,aggregation_alpha2 K10 E5 f1 iid fedavg,post_cross,cli_dev_key_share,30,0.0733656072504475,0.06609388514734937,0.07595417961739144
B,K,0.4|wd1.0,aggregation_alpha2 K10 E5 f1 iid fedavg,post_cross,cli_dev_key_share_uniform,30,0.07142857142857142,0.05357142857142857,0.07142857142857142
B,K,0.4|wd1.0,aggregation_alpha2 K10 E5 f1 iid fedavg,post_cross,cli_dev_key_over_uniform,30,1.0619217877223817,1.02143360182292,1.134619243694864
B,K,0.4|wd1.0,aggregation_alpha2 K10 E5 f1 iid fedavg,post_cross,cli_key_agreement,30,7.224562514188618e-30,6.320490987916381e-30,1.4635185031525425e-29
B,K,0.4|wd1.0,aggregation_alpha2 K2 E5 f1 iid fedavg,post_cross,cli_n,30,2.0,2.0,2.0
B,K,0.4|wd1.0,aggregation_alpha2 K2 E5 f1 iid fedavg,post_cross,cli_agg_gap,30,7.999084623450653e-07,4.829388985826352e-07,1.217631052748399e-06
B,K,0.4|wd1.0,aggregation_alpha2 K2 E5 f1 iid fedavg,post_cross,cli_rel_spread,30,0.004080410394382399,0.0024593094861332463,0.006216234431091607
B,K,0.4|wd1.0,aggregation_alpha2 K2 E5 f1 iid fedavg,post_cross,cli_cos_global_mean,30,0.9999916664486027,0.9999806619296621,0.9999969981069017
B,K,0.4|wd1.0,aggregation_alpha2 K2 E5 f1 iid fedavg,post_cross,cli_cos_global_min,30,0.9999916622594658,0.9999806528704804,0.9999969975367218
B,K,0.4|wd1.0,aggregation_alpha2 K2 E5 f1 iid fedavg,post_cross,cli_dev_pair_cos,30,-1.0,-1.0,-1.0
B,K,0.4|wd1.0,aggregation_alpha2 K2 E5 f1 iid fedavg,post_cross,cli_dev_eff_rank_frac,30,1.0,1.0,1.0
B,K,0.4|wd1.0,aggregation_alpha2 K2 E5 f1 iid fedavg,post_cross,cli_coherence,30,3.842764954256616e-08,3.838123442284426e-08,3.854778973805227e-08
B,K,0.4|wd1.0,aggregation_alpha2 K2 E5 f1 iid fedavg,post_cross,cli_key_n,30,4.0,4.0,5.0
B,K,0.4|wd1.0,aggregation_alpha2 K2 E5 f1 iid fedavg,post_cross,cli_dev_key_share,30,0.07681153736302829,0.06086850675279922,0.08789858074514995
B,K,0.4|wd1.0,aggregation_alpha2 K2 E5 f1 iid fedavg,post_cross,cli_dev_key_share_uniform,30,0.07142857142857142,0.07142857142857142,0.08928571428571429
B,K,0.4|wd1.0,aggregation_alpha2 K2 E5 f1 iid fedavg,post_cross,cli_dev_key_over_uniform,30,0.956576257565556,0.8411266876991309,1.1055807487630371
B,K,0.4|wd1.0,aggregation_alpha2 K2 E5 f1 iid fedavg,post_cross,cli_key_agreement,30,0.0,0.0,0.0
B,K,0.4|wd1.0,aggregation_alpha2 K20 E5 f1 iid fedavg,delay_or_stalled,cli_n,50,20.0,20.0,20.0
B,K,0.4|wd1.0,aggregation_alpha2 K20 E5 f1 iid fedavg,delay_or_stalled,cli_agg_gap,50,1.4729960220103343e-05,8.686717400834885e-06,1.741430295535736e-05
B,K,0.4|wd1.0,aggregation_alpha2 K20 E5 f1 iid fedavg,delay_or_stalled,cli_rel_spread,50,0.03377244869169205,0.020097464593278897,0.04072606533010328
B,K,0.4|wd1.0,aggregation_alpha2 K20 E5 f1 iid fedavg,delay_or_stalled,cli_cos_global_mean,50,0.9994302400452888,0.9991720374067053,0.9997983084890822
B,K,0.4|wd1.0,aggregation_alpha2 K20 E5 f1 iid fedavg,delay_or_stalled,cli_cos_global_min,50,0.9993729967815722,0.9990408640628439,0.9997653507278359
B,K,0.4|wd1.0,aggregation_alpha2 K20 E5 f1 iid fedavg,delay_or_stalled,cli_dev_pair_cos,50,-0.05257035875502399,-0.05258903803253938,-0.05255714863189751
B,K,0.4|wd1.0,aggregation_alpha2 K20 E5 f1 iid fedavg,delay_or_stalled,cli_dev_eff_rank_frac,50,0.9962176180518161,0.9957426254415203,0.9969521645258274
B,K,0.4|wd1.0,aggregation_alpha2 K20 E5 f1 iid fedavg,delay_or_stalled,cli_coherence,50,1.8615836071990707e-07,1.7934987854900958e-07,1.9287036991546328e-07
B,K,0.4|wd1.0,aggregation_alpha2 K20 E5 f1 iid fedavg,delay_or_stalled,cli_key_n,50,32.0,3.0,40.75
B,K,0.4|wd1.0,aggregation_alpha2 K20 E5 f1 iid fedavg,delay_or_stalled,cli_dev_key_share,50,0.5667080564776181,0.0471577920499721,0.7267477546806749
B,K,0.4|wd1.0,aggregation_alpha2 K20 E5 f1 iid fedavg,delay_or_stalled,cli_dev_key_share_uniform,50,0.5714285714285714,0.05357142857142857,0.7276785714285714
B,K,0.4|wd1.0,aggregation_alpha2 K20 E5 f1 iid fedavg,delay_or_stalled,cli_dev_key_over_uniform,50,0.9863220065803444,0.8781282409812412,0.992000188158694
B,K,0.4|wd1.0,aggregation_alpha2 K20 E5 f1 iid fedavg,delay_or_stalled,cli_key_agreement,50,1.919039914972881e-30,1.2601634120244184e-30,6.0512128903677025e-30
B,K,0.4|wd1.0,aggregation_alpha2 K20 E5 f1 iid fedavg,post_cross,cli_n,10,20.0,20.0,20.0
B,K,0.4|wd1.0,aggregation_alpha2 K20 E5 f1 iid fedavg,post_cross,cli_agg_gap,10,8.843289926117466e-06,8.694769958920294e-06,9.030495522141945e-06
B,K,0.4|wd1.0,aggregation_alpha2 K20 E5 f1 iid fedavg,post_cross,cli_rel_spread,10,0.02085478860916857,0.0203690912022653,0.021048583402218657
B,K,0.4|wd1.0,aggregation_alpha2 K20 E5 f1 iid fedavg,post_cross,cli_cos_global_mean,10,0.9997826762161479,0.9997786466967544,0.9997926753309067
B,K,0.4|wd1.0,aggregation_alpha2 K20 E5 f1 iid fedavg,post_cross,cli_cos_global_min,10,0.9997562951493368,0.999749736744232,0.999763534305223
B,K,0.4|wd1.0,aggregation_alpha2 K20 E5 f1 iid fedavg,post_cross,cli_dev_pair_cos,10,-0.05258272354798561,-0.05259029649160673,-0.052573222030947324
B,K,0.4|wd1.0,aggregation_alpha2 K20 E5 f1 iid fedavg,post_cross,cli_dev_eff_rank_frac,10,0.9974375502704187,0.9972723058332043,0.9975687529177868
B,K,0.4|wd1.0,aggregation_alpha2 K20 E5 f1 iid fedavg,post_cross,cli_coherence,10,1.832575847897913e-07,1.7684438230052343e-07,1.8921091678718435e-07
B,K,0.4|wd1.0,aggregation_alpha2 K20 E5 f1 iid fedavg,post_cross,cli_key_n,10,4.0,4.0,5.0
B,K,0.4|wd1.0,aggregation_alpha2 K20 E5 f1 iid fedavg,post_cross,cli_dev_key_share,10,0.06623991031302084,0.06315094620843104,0.07966194773098163
B,K,0.4|wd1.0,aggregation_alpha2 K20 E5 f1 iid fedavg,post_cross,cli_dev_key_share_uniform,10,0.07142857142857142,0.07142857142857142,0.08928571428571429
B,K,0.4|wd1.0,aggregation_alpha2 K20 E5 f1 iid fedavg,post_cross,cli_dev_key_over_uniform,10,0.8984575625939906,0.8761735025666388,0.9312414805153731
B,K,0.4|wd1.0,aggregation_alpha2 K20 E5 f1 iid fedavg,post_cross,cli_key_agreement,10,5.484988195952232e-30,5.1183339819978434e-30,5.781778814825155e-30
B,K,0.4|wd1.0,aggregation_alpha2 K5 E5 f1 iid fedavg,post_cross,cli_n,30,5.0,5.0,5.0
B,K,0.4|wd1.0,aggregation_alpha2 K5 E5 f1 iid fedavg,post_cross,cli_agg_gap,30,1.6844404802669994e-06,1.3429408357222973e-06,1.8632462976464277e-06
B,K,0.4|wd1.0,aggregation_alpha2 K5 E5 f1 iid fedavg,post_cross,cli_rel_spread,30,0.006972095916207807,0.00555907175437095,0.008133625686094086
B,K,0.4|wd1.0,aggregation_alpha2 K5 E5 f1 iid fedavg,post_cross,cli_cos_global_mean,30,0.9999757065641994,0.999966930256029,0.9999845499848308
B,K,0.4|wd1.0,aggregation_alpha2 K5 E5 f1 iid fedavg,post_cross,cli_cos_global_min,30,0.9999718124644497,0.9999618929358302,0.9999821184152284
B,K,0.4|wd1.0,aggregation_alpha2 K5 E5 f1 iid fedavg,post_cross,cli_dev_pair_cos,30,-0.2494466187683817,-0.24963851783430654,-0.24867734291314705
B,K,0.4|wd1.0,aggregation_alpha2 K5 E5 f1 iid fedavg,post_cross,cli_dev_eff_rank_frac,30,0.9984817116334217,0.9965990454254023,0.9989518721914724
B,K,0.4|wd1.0,aggregation_alpha2 K5 E5 f1 iid fedavg,post_cross,cli_coherence,30,5.7996121259739306e-08,5.539260931017712e-08,5.897311961387829e-08
B,K,0.4|wd1.0,aggregation_alpha2 K5 E5 f1 iid fedavg,post_cross,cli_key_n,30,4.0,4.0,6.0
B,K,0.4|wd1.0,aggregation_alpha2 K5 E5 f1 iid fedavg,post_cross,cli_dev_key_share,30,0.0688717065992045,0.06157173886325236,0.09883939338381012
B,K,0.4|wd1.0,aggregation_alpha2 K5 E5 f1 iid fedavg,post_cross,cli_dev_key_share_uniform,30,0.07142857142857142,0.07142857142857142,0.10714285714285714
B,K,0.4|wd1.0,aggregation_alpha2 K5 E5 f1 iid fedavg,post_cross,cli_dev_key_over_uniform,30,0.9351876580420844,0.8787482306503958,0.9848417086029437
B,K,0.4|wd1.0,aggregation_alpha2 K5 E5 f1 iid fedavg,post_cross,cli_key_agreement,30,5.06803327627677e-29,3.751864106839459e-29,7.750142208441104e-29
C,K,0.4|wd1.0,aggregation K10 E5 f1 iid fedavg,post_cross,cli_n,30,10.0,10.0,10.0
C,K,0.4|wd1.0,aggregation K10 E5 f1 iid fedavg,post_cross,cli_agg_gap,30,5.1437350916668557e-08,5.1250660472546464e-08,5.166332882374191e-08
C,K,0.4|wd1.0,aggregation K10 E5 f1 iid fedavg,post_cross,cli_rel_spread,30,0.00811620869208943,0.004778196041786179,0.011829280540156622
C,K,0.4|wd1.0,aggregation K10 E5 f1 iid fedavg,post_cross,cli_cos_global_mean,30,0.9999670729519865,0.9999300621588321,0.9999886275959463
C,K,0.4|wd1.0,aggregation K10 E5 f1 iid fedavg,post_cross,cli_cos_global_min,30,0.9999608395332779,0.9999214461054513,0.999982900978703
C,K,0.4|wd1.0,aggregation K10 E5 f1 iid fedavg,post_cross,cli_dev_pair_cos,30,-0.11074387364719647,-0.110953648290067,-0.10889593920219348
C,K,0.4|wd1.0,aggregation K10 E5 f1 iid fedavg,post_cross,cli_dev_eff_rank_frac,30,0.9970037516202752,0.988946511015163,0.9985386948657947
C,K,0.4|wd1.0,aggregation K10 E5 f1 iid fedavg,post_cross,cli_coherence,30,4.084950147780925e-11,1.9037225868233344e-11,1.1495037425234962e-10
C,K,0.4|wd1.0,aggregation K10 E5 f1 iid fedavg,post_cross,cli_global_dominant_irrep_share,30,0.9878747400577337,0.7278783167217685,0.9955846272130161
C,K,0.4|wd1.0,aggregation K10 E5 f1 iid fedavg,post_cross,cli_dev_dominant_irrep_share,30,0.12968840291915873,0.12296712345497506,0.19611121300299478
C,K,0.4|wd1.0,aggregation K10 E5 f1 iid fedavg,post_cross,cli_dev_irrep_structure,30,0.016454987958753144,0.01177146512035484,0.02312719364205676
C,K,0.4|wd1.0,aggregation K2 E5 f1 iid fedavg,post_cross,cli_n,30,2.0,2.0,2.0
C,K,0.4|wd1.0,aggregation K2 E5 f1 iid fedavg,post_cross,cli_agg_gap,30,3.0852772369835984e-08,3.07229499004325e-08,3.0970965334521394e-08
C,K,0.4|wd1.0,aggregation K2 E5 f1 iid fedavg,post_cross,cli_rel_spread,30,0.007674016559817182,0.004747504109359397,0.00981379045797361
C,K,0.4|wd1.0,aggregation K2 E5 f1 iid fedavg,post_cross,cli_cos_global_mean,30,0.9999705542055365,0.9999516176435008,0.9999886116987866
C,K,0.4|wd1.0,aggregation K2 E5 f1 iid fedavg,post_cross,cli_cos_global_min,30,0.9999705491664308,0.999951609627899,0.9999886084791327
C,K,0.4|wd1.0,aggregation K2 E5 f1 iid fedavg,post_cross,cli_dev_pair_cos,30,-1.0,-1.0,-1.0
C,K,0.4|wd1.0,aggregation K2 E5 f1 iid fedavg,post_cross,cli_dev_eff_rank_frac,30,1.0,1.0,1.0
C,K,0.4|wd1.0,aggregation K2 E5 f1 iid fedavg,post_cross,cli_coherence,30,1.6262414224892002e-11,1.0038613198626102e-11,4.315684304198229e-11
C,K,0.4|wd1.0,aggregation K2 E5 f1 iid fedavg,post_cross,cli_global_dominant_irrep_share,30,0.9030209876545261,0.8913589454629418,0.938420582037221
C,K,0.4|wd1.0,aggregation K2 E5 f1 iid fedavg,post_cross,cli_dev_dominant_irrep_share,30,0.1341993183275556,0.12331005376416597,0.1963688881065951
C,K,0.4|wd1.0,aggregation K2 E5 f1 iid fedavg,post_cross,cli_dev_irrep_structure,30,0.035688617784468794,0.02813813767806253,0.04277328877107858
C,K,0.4|wd1.0,aggregation K20 E5 f1 iid fedavg,delay_or_stalled,cli_n,2,20.0,20.0,20.0
C,K,0.4|wd1.0,aggregation K20 E5 f1 iid fedavg,delay_or_stalled,cli_agg_gap,2,6.849842962134948e-08,6.842708231885377e-08,6.856977692384518e-08
C,K,0.4|wd1.0,aggregation K20 E5 f1 iid fedavg,delay_or_stalled,cli_rel_spread,2,0.020469034754515156,0.02011558403375883,0.020822485475271477
C,K,0.4|wd1.0,aggregation K20 E5 f1 iid fedavg,delay_or_stalled,cli_cos_global_mean,2,0.9997904270787549,0.999783225518564,0.9997976286389457
C,K,0.4|wd1.0,aggregation K20 E5 f1 iid fedavg,delay_or_stalled,cli_cos_global_min,2,0.9997804572119005,0.9997734341802229,0.9997874802435779
C,K,0.4|wd1.0,aggregation K20 E5 f1 iid fedavg,delay_or_stalled,cli_dev_pair_cos,2,-0.052622154578408284,-0.05262350518630673,-0.05262080397050983
C,K,0.4|wd1.0,aggregation K20 E5 f1 iid fedavg,delay_or_stalled,cli_dev_eff_rank_frac,2,0.9993349390106692,0.9993264506924445,0.9993434273288937
C,K,0.4|wd1.0,aggregation K20 E5 f1 iid fedavg,delay_or_stalled,cli_coherence,2,1.1235638858367182e-11,1.0871377537846047e-11,1.1599900178888316e-11
C,K,0.4|wd1.0,aggregation K20 E5 f1 iid fedavg,delay_or_stalled,cli_global_dominant_irrep_share,2,0.5828625582099961,0.4592909703576554,0.7064341460623369
C,K,0.4|wd1.0,aggregation K20 E5 f1 iid fedavg,delay_or_stalled,cli_dev_dominant_irrep_share,2,0.16676648290388096,0.14872237367600302,0.18481059213175888
C,K,0.4|wd1.0,aggregation K20 E5 f1 iid fedavg,delay_or_stalled,cli_dev_irrep_structure,2,0.005872961935331596,0.0050341102774211135,0.006711813593242079
C,K,0.4|wd1.0,aggregation K20 E5 f1 iid fedavg,post_cross,cli_n,28,20.0,20.0,20.0
C,K,0.4|wd1.0,aggregation K20 E5 f1 iid fedavg,post_cross,cli_agg_gap,28,6.830638802089665e-08,6.804756476469343e-08,6.860377978151913e-08
C,K,0.4|wd1.0,aggregation K20 E5 f1 iid fedavg,post_cross,cli_rel_spread,28,0.012505663846224533,0.011460638232230255,0.013313978777137029
C,K,0.4|wd1.0,aggregation K20 E5 f1 iid fedavg,post_cross,cli_cos_global_mean,28,0.9999218344970562,0.9999114144706248,0.9999343378027845
C,K,0.4|wd1.0,aggregation K20 E5 f1 iid fedavg,post_cross,cli_cos_global_min,28,0.9999035082544634,0.9998868450279292,0.9999176775311538
C,K,0.4|wd1.0,aggregation K20 E5 f1 iid fedavg,post_cross,cli_dev_pair_cos,28,-0.05231788188530712,-0.05242791158048307,-0.052245743956353674
C,K,0.4|wd1.0,aggregation K20 E5 f1 iid fedavg,post_cross,cli_dev_eff_rank_frac,28,0.9954965641854797,0.994870063262634,0.9965663742425526
C,K,0.4|wd1.0,aggregation K20 E5 f1 iid fedavg,post_cross,cli_coherence,28,3.025553766464199e-11,2.642401798298356e-11,3.521070365341828e-11
C,K,0.4|wd1.0,aggregation K20 E5 f1 iid fedavg,post_cross,cli_global_dominant_irrep_share,28,0.9882048281976703,0.5222421426250101,0.9941526963430111
C,K,0.4|wd1.0,aggregation K20 E5 f1 iid fedavg,post_cross,cli_dev_dominant_irrep_share,28,0.12570169728478564,0.12021271622245008,0.1912030328642129
C,K,0.4|wd1.0,aggregation K20 E5 f1 iid fedavg,post_cross,cli_dev_irrep_structure,28,0.016492678106288336,0.014679133523171104,0.01909790793051101
C,K,0.4|wd1.0,aggregation K5 E5 f1 iid fedavg,post_cross,cli_n,30,5.0,5.0,5.0
C,K,0.4|wd1.0,aggregation K5 E5 f1 iid fedavg,post_cross,cli_agg_gap,30,4.2910326606964775e-08,4.272788393971499e-08,4.317154572059194e-08
C,K,0.4|wd1.0,aggregation K5 E5 f1 iid fedavg,post_cross,cli_rel_spread,30,0.008593331914478482,0.0037395062820657155,0.010062658126534353
C,K,0.4|wd1.0,aggregation K5 E5 f1 iid fedavg,post_cross,cli_cos_global_mean,30,0.999962821085433,0.9999494080172748,0.9999930071804615
C,K,0.4|wd1.0,aggregation K5 E5 f1 iid fedavg,post_cross,cli_cos_global_min,30,0.9999592322101143,0.9999446514423009,0.9999912426282538
C,K,0.4|wd1.0,aggregation K5 E5 f1 iid fedavg,post_cross,cli_dev_pair_cos,30,-0.24975827452932223,-0.24992014487870912,-0.2485668838156088
C,K,0.4|wd1.0,aggregation K5 E5 f1 iid fedavg,post_cross,cli_dev_eff_rank_frac,30,0.9992265782155247,0.9967062087699494,0.9996891711898552
C,K,0.4|wd1.0,aggregation K5 E5 f1 iid fedavg,post_cross,cli_coherence,30,2.548589887436006e-11,1.8326197848032354e-11,1.3403962769306331e-10
C,K,0.4|wd1.0,aggregation K5 E5 f1 iid fedavg,post_cross,cli_global_dominant_irrep_share,30,0.941440891749307,0.8817143612601819,0.9883688309717503
C,K,0.4|wd1.0,aggregation K5 E5 f1 iid fedavg,post_cross,cli_dev_dominant_irrep_share,30,0.13392569055317685,0.1292508087303258,0.1959280664426808
C,K,0.4|wd1.0,aggregation K5 E5 f1 iid fedavg,post_cross,cli_dev_irrep_structure,30,0.018458942759746362,0.014469655613160557,0.025187771551550775
C,K,0.4|wd1.0,aggregation K50 E5 f1 iid fedavg,delay_or_stalled,cli_n,10,50.0,50.0,50.0
C,K,0.4|wd1.0,aggregation K50 E5 f1 iid fedavg,delay_or_stalled,cli_agg_gap,10,1.6864406079228413e-05,1.6518860934801972e-05,1.711078224725818e-05
C,K,0.4|wd1.0,aggregation K50 E5 f1 iid fedavg,delay_or_stalled,cli_rel_spread,10,0.0339117912746589,0.03339934325586574,0.03472652026178785
C,K,0.4|wd1.0,aggregation K50 E5 f1 iid fedavg,delay_or_stalled,cli_cos_global_mean,10,0.9994257153311779,0.9993977950199012,0.9994428971704667
C,K,0.4|wd1.0,aggregation K50 E5 f1 iid fedavg,delay_or_stalled,cli_cos_global_min,10,0.9993570645006113,0.9993279087301496,0.999381985990142
C,K,0.4|wd1.0,aggregation K50 E5 f1 iid fedavg,delay_or_stalled,cli_dev_pair_cos,10,-0.020395832525001795,-0.0203972518750258,-0.02039440287801956
C,K,0.4|wd1.0,aggregation K50 E5 f1 iid fedavg,delay_or_stalled,cli_dev_eff_rank_frac,10,0.9954915130857712,0.9952191703399309,0.9956186079934941
C,K,0.4|wd1.0,aggregation K50 E5 f1 iid fedavg,delay_or_stalled,cli_coherence,10,2.4594610634981837e-07,2.408416355168585e-07,2.49276993317031e-07
C,K,0.4|wd1.0,aggregation K50 E5 f1 iid fedavg,delay_or_stalled,cli_global_dominant_irrep_share,10,0.38694549359715935,0.31228025434349715,0.4779165771795068
C,K,0.4|wd1.0,aggregation K50 E5 f1 iid fedavg,delay_or_stalled,cli_dev_dominant_irrep_share,10,0.13178844209132912,0.13078764742909021,0.13322690164378503
C,K,0.4|wd1.0,aggregation K50 E5 f1 iid fedavg,delay_or_stalled,cli_dev_irrep_structure,10,0.006625827682348798,0.0059890046880274736,0.0071969574606542824
C,K,0.4|wd1.0,aggregation K50 E5 f1 iid fedavg,post_cross,cli_n,18,50.0,50.0,50.0
C,K,0.4|wd1.0,aggregation K50 E5 f1 iid fedavg,post_cross,cli_agg_gap,18,8.498591056551168e-06,7.4247529922407e-06,9.742737581165999e-06
C,K,0.4|wd1.0,aggregation K50 E5 f1 iid fedavg,post_cross,cli_rel_spread,18,0.01694135942766416,0.014833592039301732,0.020136160825804248
C,K,0.4|wd1.0,aggregation K50 E5 f1 iid fedavg,post_cross,cli_cos_global_mean,18,0.9998546530811624,0.9997974830715595,0.9998900940413397
C,K,0.4|wd1.0,aggregation K50 E5 f1 iid fedavg,post_cross,cli_cos_global_min,18,0.9998351660985356,0.9997731421520981,0.9998761539963147
C,K,0.4|wd1.0,aggregation K50 E5 f1 iid fedavg,post_cross,cli_dev_pair_cos,18,-0.020392135268849726,-0.02039345625875207,-0.020391091812743508
C,K,0.4|wd1.0,aggregation K50 E5 f1 iid fedavg,post_cross,cli_dev_eff_rank_frac,18,0.9951336202137271,0.9941782343619227,0.9957538919824457
C,K,0.4|wd1.0,aggregation K50 E5 f1 iid fedavg,post_cross,cli_coherence,18,2.4465974048773357e-07,2.345822101684342e-07,2.4794222095718147e-07
C,K,0.4|wd1.0,aggregation K50 E5 f1 iid fedavg,post_cross,cli_global_dominant_irrep_share,18,0.8941832865689714,0.86145964667102,0.902361859410525
C,K,0.4|wd1.0,aggregation K50 E5 f1 iid fedavg,post_cross,cli_dev_dominant_irrep_share,18,0.12474496020356972,0.12373277564725252,0.12632065527737668
C,K,0.4|wd1.0,aggregation K50 E5 f1 iid fedavg,post_cross,cli_dev_irrep_structure,18,0.010521160307618425,0.0093872542515498,0.011593919363250963
C,K,0.4|wd1.0,aggregation K50 E5 f1 iid fedavg,pre_memo,cli_n,2,50.0,50.0,50.0
C,K,0.4|wd1.0,aggregation K50 E5 f1 iid fedavg,pre_memo,cli_agg_gap,2,1.927453051532235e-05,1.814224468131099e-05,2.040681634933371e-05
C,K,0.4|wd1.0,aggregation K50 E5 f1 iid fedavg,pre_memo,cli_rel_spread,2,0.03890746226170388,0.03650203211268005,0.041312892410727706
C,K,0.4|wd1.0,aggregation K50 E5 f1 iid fedavg,pre_memo,cli_cos_global_mean,2,0.999232731173231,0.9991393236932908,0.9993261386531711
C,K,0.4|wd1.0,aggregation K50 E5 f1 iid fedavg,pre_memo,cli_cos_global_min,2,0.999149906882594,0.999043419844656,0.9992563939205319
C,K,0.4|wd1.0,aggregation K50 E5 f1 iid fedavg,pre_memo,cli_dev_pair_cos,2,-0.0203977964110617,-0.020398073242640005,-0.0203975195794834
C,K,0.4|wd1.0,aggregation K50 E5 f1 iid fedavg,pre_memo,cli_dev_eff_rank_frac,2,0.9958179829176227,0.9957034762735241,0.9959324895617213
C,K,0.4|wd1.0,aggregation K50 E5 f1 iid fedavg,pre_memo,cli_coherence,2,2.458045225649744e-07,2.4426856969368695e-07,2.4734047543626185e-07
C,K,0.4|wd1.0,aggregation K50 E5 f1 iid fedavg,pre_memo,cli_global_dominant_irrep_share,2,0.7470962054264043,0.7057651888331763,0.7884272220196322
C,K,0.4|wd1.0,aggregation K50 E5 f1 iid fedavg,pre_memo,cli_dev_dominant_irrep_share,2,0.12563157937974606,0.125431830698004,0.12583132806148808
C,K,0.4|wd1.0,aggregation K50 E5 f1 iid fedavg,pre_memo,cli_dev_irrep_structure,2,0.011570670557345977,0.010942883460743014,0.012198457653948941
C,dirichlet,0.4|wd1.0,dirichlet_setups K10 E5 f1 dirichlet0.01 fedavg,delay_or_stalled,cli_n,30,10.0,10.0,10.0
C,dirichlet,0.4|wd1.0,dirichlet_setups K10 E5 f1 dirichlet0.01 fedavg,delay_or_stalled,cli_agg_gap,30,0.0014416510713978936,0.0012364790782293962,0.0018763340695853651
C,dirichlet,0.4|wd1.0,dirichlet_setups K10 E5 f1 dirichlet0.01 fedavg,delay_or_stalled,cli_rel_spread,30,0.016729081335665637,0.015324440760571472,0.01768990134385525
C,dirichlet,0.4|wd1.0,dirichlet_setups K10 E5 f1 dirichlet0.01 fedavg,delay_or_stalled,cli_cos_global_mean,30,0.9998606673269874,0.9998450117396408,0.9998838041137146
C,dirichlet,0.4|wd1.0,dirichlet_setups K10 E5 f1 dirichlet0.01 fedavg,delay_or_stalled,cli_cos_global_min,30,0.9998086753520347,0.9997903486911784,0.9998219776141734
C,dirichlet,0.4|wd1.0,dirichlet_setups K10 E5 f1 dirichlet0.01 fedavg,delay_or_stalled,cli_dev_pair_cos,30,-0.11046788794232625,-0.11065155460336584,-0.11001790901018066
C,dirichlet,0.4|wd1.0,dirichlet_setups K10 E5 f1 dirichlet0.01 fedavg,delay_or_stalled,cli_dev_eff_rank_frac,30,0.9948064600373232,0.9928491949646288,0.9961201933086592
C,dirichlet,0.4|wd1.0,dirichlet_setups K10 E5 f1 dirichlet0.01 fedavg,delay_or_stalled,cli_coherence,30,0.0070720467668564865,0.006396024705425264,0.010685777148834704
C,dirichlet,0.4|wd1.0,dirichlet_setups K10 E5 f1 dirichlet0.01 fedavg,delay_or_stalled,cli_global_dominant_irrep_share,30,0.8560083335082729,0.8304360527590957,0.8868914478978818
C,dirichlet,0.4|wd1.0,dirichlet_setups K10 E5 f1 dirichlet0.01 fedavg,delay_or_stalled,cli_dev_dominant_irrep_share,30,0.1757719514058097,0.16331488142274647,0.2302360631479838
C,dirichlet,0.4|wd1.0,dirichlet_setups K10 E5 f1 dirichlet0.01 fedavg,delay_or_stalled,cli_dev_irrep_structure,30,0.07759503727045142,0.05984325754108638,0.09863985549895385
C,dirichlet,0.4|wd1.0,dirichlet_setups K10 E5 f1 dirichlet0.1 fedavg,delay_or_stalled,cli_n,12,10.0,10.0,10.0
C,dirichlet,0.4|wd1.0,dirichlet_setups K10 E5 f1 dirichlet0.1 fedavg,delay_or_stalled,cli_agg_gap,12,0.0009797302253423442,0.0009662486085533128,0.0009933419689274676
C,dirichlet,0.4|wd1.0,dirichlet_setups K10 E5 f1 dirichlet0.1 fedavg,delay_or_stalled,cli_rel_spread,12,0.013147308271110672,0.012975119061926532,0.013458598118448963
C,dirichlet,0.4|wd1.0,dirichlet_setups K10 E5 f1 dirichlet0.1 fedavg,delay_or_stalled,cli_cos_global_mean,12,0.9999134868132002,0.9999091712719659,0.9999158691289896
C,dirichlet,0.4|wd1.0,dirichlet_setups K10 E5 f1 dirichlet0.1 fedavg,delay_or_stalled,cli_cos_global_min,12,0.99989788618739,0.9998918463734869,0.9999012203402227
C,dirichlet,0.4|wd1.0,dirichlet_setups K10 E5 f1 dirichlet0.1 fedavg,delay_or_stalled,cli_dev_pair_cos,12,-0.1109434650329105,-0.1109749002677704,-0.11089491635065268
C,dirichlet,0.4|wd1.0,dirichlet_setups K10 E5 f1 dirichlet0.1 fedavg,delay_or_stalled,cli_dev_eff_rank_frac,12,0.9987931976553166,0.9987272261060471,0.9990420233589943
C,dirichlet,0.4|wd1.0,dirichlet_setups K10 E5 f1 dirichlet0.1 fedavg,delay_or_stalled,cli_coherence,12,0.005493053970644,0.005368082101475503,0.005555199770347387
C,dirichlet,0.4|wd1.0,dirichlet_setups K10 E5 f1 dirichlet0.1 fedavg,delay_or_stalled,cli_global_dominant_irrep_share,12,0.5448790596021638,0.5403069727351657,0.5486363825706907
C,dirichlet,0.4|wd1.0,dirichlet_setups K10 E5 f1 dirichlet0.1 fedavg,delay_or_stalled,cli_dev_dominant_irrep_share,12,0.2061365721477446,0.20347091203811848,0.20856377361991008
C,dirichlet,0.4|wd1.0,dirichlet_setups K10 E5 f1 dirichlet0.1 fedavg,delay_or_stalled,cli_dev_irrep_structure,12,0.017392516926643193,0.015188050026533548,0.02282155036143037
C,dirichlet,0.4|wd1.0,dirichlet_setups K10 E5 f1 dirichlet0.1 fedavg,post_cross,cli_n,18,10.0,10.0,10.0
C,dirichlet,0.4|wd1.0,dirichlet_setups K10 E5 f1 dirichlet0.1 fedavg,post_cross,cli_agg_gap,18,0.0009735883465426896,0.0009306843583716727,0.001016409292900316
C,dirichlet,0.4|wd1.0,dirichlet_setups K10 E5 f1 dirichlet0.1 fedavg,post_cross,cli_rel_spread,18,0.012798324203738984,0.012698809022973002,0.012999706175271911
C,dirichlet,0.4|wd1.0,dirichlet_setups K10 E5 f1 dirichlet0.1 fedavg,post_cross,cli_cos_global_mean,18,0.9999185438007758,0.999915910878174,0.9999195009798728
C,dirichlet,0.4|wd1.0,dirichlet_setups K10 E5 f1 dirichlet0.1 fedavg,post_cross,cli_cos_global_min,18,0.9999033310092789,0.9999019193111428,0.9999075147229057
C,dirichlet,0.4|wd1.0,dirichlet_setups K10 E5 f1 dirichlet0.1 fedavg,post_cross,cli_dev_pair_cos,18,-0.11099389459149568,-0.11101337547809213,-0.11093140574332588
C,dirichlet,0.4|wd1.0,dirichlet_setups K10 E5 f1 dirichlet0.1 fedavg,post_cross,cli_dev_eff_rank_frac,18,0.9989316199789808,0.9987554285214298,0.9990514467845384
C,dirichlet,0.4|wd1.0,dirichlet_setups K10 E5 f1 dirichlet0.1 fedavg,post_cross,cli_coherence,18,0.00576164393281199,0.005111367238078321,0.006232907422646097
C,dirichlet,0.4|wd1.0,dirichlet_setups K10 E5 f1 dirichlet0.1 fedavg,post_cross,cli_global_dominant_irrep_share,18,0.6280946747082863,0.606883871766361,0.6539176572074407
C,dirichlet,0.4|wd1.0,dirichlet_setups K10 E5 f1 dirichlet0.1 fedavg,post_cross,cli_dev_dominant_irrep_share,18,0.20885318748373335,0.20542551007856366,0.21400257787954158
C,dirichlet,0.4|wd1.0,dirichlet_setups K10 E5 f1 dirichlet0.1 fedavg,post_cross,cli_dev_irrep_structure,18,0.015068412026007826,0.011518670313234515,0.017207004444388926
C,dirichlet,0.4|wd1.0,dirichlet_setups K10 E5 f1 dirichlet1 fedavg,post_cross,cli_n,30,10.0,10.0,10.0
C,dirichlet,0.4|wd1.0,dirichlet_setups K10 E5 f1 dirichlet1 fedavg,post_cross,cli_agg_gap,30,0.00023713820293744215,0.00021179945180648354,0.000267375921556893
C,dirichlet,0.4|wd1.0,dirichlet_setups K10 E5 f1 dirichlet1 fedavg,post_cross,cli_rel_spread,30,0.00864661540777213,0.006612479882120325,0.009627747804948647
C,dirichlet,0.4|wd1.0,dirichlet_setups K10 E5 f1 dirichlet1 fedavg,post_cross,cli_cos_global_mean,30,0.9999626241046431,0.9999536643469931,0.9999781725289373
C,dirichlet,0.4|wd1.0,dirichlet_setups K10 E5 f1 dirichlet1 fedavg,post_cross,cli_cos_global_min,30,0.999950468442409,0.9999382247647552,0.9999634985310951
C,dirichlet,0.4|wd1.0,dirichlet_setups K10 E5 f1 dirichlet1 fedavg,post_cross,cli_dev_pair_cos,30,-0.10965094041345258,-0.1107441572313359,-0.10608461916508959
C,dirichlet,0.4|wd1.0,dirichlet_setups K10 E5 f1 dirichlet1 fedavg,post_cross,cli_dev_eff_rank_frac,30,0.9933258231755733,0.9778378500239358,0.9978767177229627
C,dirichlet,0.4|wd1.0,dirichlet_setups K10 E5 f1 dirichlet1 fedavg,post_cross,cli_coherence,30,0.0009404646754636817,0.0006215841830331215,0.001184140681473174
C,dirichlet,0.4|wd1.0,dirichlet_setups K10 E5 f1 dirichlet1 fedavg,post_cross,cli_global_dominant_irrep_share,30,0.9073664898975773,0.49875481532652766,0.9300160792077576
C,dirichlet,0.4|wd1.0,dirichlet_setups K10 E5 f1 dirichlet1 fedavg,post_cross,cli_dev_dominant_irrep_share,30,0.12957511191067833,0.1263746838872394,0.13118704792639133
C,dirichlet,0.4|wd1.0,dirichlet_setups K10 E5 f1 dirichlet1 fedavg,post_cross,cli_dev_irrep_structure,30,0.01854226884260089,0.013119946949257553,0.020869355275212904
C,dirichlet,0.4|wd1.0,dirichlet_setups K10 E5 f1 dirichlet10 fedavg,delay_or_stalled,cli_n,1,10.0,10.0,10.0
C,dirichlet,0.4|wd1.0,dirichlet_setups K10 E5 f1 dirichlet10 fedavg,delay_or_stalled,cli_agg_gap,1,0.0003248335439998869,0.0003248335439998869,0.0003248335439998869
C,dirichlet,0.4|wd1.0,dirichlet_setups K10 E5 f1 dirichlet10 fedavg,delay_or_stalled,cli_rel_spread,1,0.014890321727003344,0.014890321727003344,0.014890321727003344
C,dirichlet,0.4|wd1.0,dirichlet_setups K10 E5 f1 dirichlet10 fedavg,delay_or_stalled,cli_cos_global_mean,1,0.9998892822483423,0.9998892822483423,0.9998892822483423
C,dirichlet,0.4|wd1.0,dirichlet_setups K10 E5 f1 dirichlet10 fedavg,delay_or_stalled,cli_cos_global_min,1,0.9998733914143189,0.9998733914143189,0.9998733914143189
C,dirichlet,0.4|wd1.0,dirichlet_setups K10 E5 f1 dirichlet10 fedavg,delay_or_stalled,cli_dev_pair_cos,1,-0.11089926192154446,-0.11089926192154446,-0.11089926192154446
C,dirichlet,0.4|wd1.0,dirichlet_setups K10 E5 f1 dirichlet10 fedavg,delay_or_stalled,cli_dev_eff_rank_frac,1,0.9988265941408618,0.9988265941408618,0.9988265941408618
C,dirichlet,0.4|wd1.0,dirichlet_setups K10 E5 f1 dirichlet10 fedavg,delay_or_stalled,cli_coherence,1,0.00047565958463107914,0.00047565958463107914,0.00047565958463107914
C,dirichlet,0.4|wd1.0,dirichlet_setups K10 E5 f1 dirichlet10 fedavg,delay_or_stalled,cli_global_dominant_irrep_share,1,0.4570046573273769,0.4570046573273769,0.4570046573273769
C,dirichlet,0.4|wd1.0,dirichlet_setups K10 E5 f1 dirichlet10 fedavg,delay_or_stalled,cli_dev_dominant_irrep_share,1,0.2121563582750988,0.2121563582750988,0.2121563582750988
C,dirichlet,0.4|wd1.0,dirichlet_setups K10 E5 f1 dirichlet10 fedavg,delay_or_stalled,cli_dev_irrep_structure,1,0.01641802992577355,0.01641802992577355,0.01641802992577355
C,dirichlet,0.4|wd1.0,dirichlet_setups K10 E5 f1 dirichlet10 fedavg,post_cross,cli_n,29,10.0,10.0,10.0
C,dirichlet,0.4|wd1.0,dirichlet_setups K10 E5 f1 dirichlet10 fedavg,post_cross,cli_agg_gap,29,0.00015071374358112136,5.8480217946216896e-05,0.0002159662460306866
C,dirichlet,0.4|wd1.0,dirichlet_setups K10 E5 f1 dirichlet10 fedavg,post_cross,cli_rel_spread,29,0.008588152017388698,0.0033297866563983852,0.010192494206618856
C,dirichlet,0.4|wd1.0,dirichlet_setups K10 E5 f1 dirichlet10 fedavg,post_cross,cli_cos_global_mean,29,0.9999631380808802,0.9999480561467914,0.9999944659430511
C,dirichlet,0.4|wd1.0,dirichlet_setups K10 E5 f1 dirichlet10 fedavg,post_cross,cli_cos_global_min,29,0.9999504298488149,0.9999388685532455,0.9999927679341821
C,dirichlet,0.4|wd1.0,dirichlet_setups K10 E5 f1 dirichlet10 fedavg,post_cross,cli_dev_pair_cos,29,-0.11059654370508254,-0.11073241343154334,-0.11021340431805006
C,dirichlet,0.4|wd1.0,dirichlet_setups K10 E5 f1 dirichlet10 fedavg,post_cross,cli_dev_eff_rank_frac,29,0.9952090072888536,0.9936311602139214,0.9972365483514971
C,dirichlet,0.4|wd1.0,dirichlet_setups K10 E5 f1 dirichlet10 fedavg,post_cross,cli_coherence,29,0.00028809377978361947,0.0002589692472834641,0.0004268302447061677
C,dirichlet,0.4|wd1.0,dirichlet_setups K10 E5 f1 dirichlet10 fedavg,post_cross,cli_global_dominant_irrep_share,29,0.9026214596679204,0.5695528264847368,0.9139658775139429
C,dirichlet,0.4|wd1.0,dirichlet_setups K10 E5 f1 dirichlet10 fedavg,post_cross,cli_dev_dominant_irrep_share,29,0.13165181061475706,0.12455579114103209,0.19403881517651275
C,dirichlet,0.4|wd1.0,dirichlet_setups K10 E5 f1 dirichlet10 fedavg,post_cross,cli_dev_irrep_structure,29,0.018068065051489484,0.012316357305032943,0.024483384440543488
C,dirichlet,0.4|wd1.0,dirichlet_setups K10 E5 f1 dirichlet1000 fedavg,delay_or_stalled,cli_n,1,10.0,10.0,10.0
C,dirichlet,0.4|wd1.0,dirichlet_setups K10 E5 f1 dirichlet1000 fedavg,delay_or_stalled,cli_agg_gap,1,0.0002735382176249442,0.0002735382176249442,0.0002735382176249442
C,dirichlet,0.4|wd1.0,dirichlet_setups K10 E5 f1 dirichlet1000 fedavg,delay_or_stalled,cli_rel_spread,1,0.0171172612394382,0.0171172612394382,0.0171172612394382
C,dirichlet,0.4|wd1.0,dirichlet_setups K10 E5 f1 dirichlet1000 fedavg,delay_or_stalled,cli_cos_global_mean,1,0.9998535359751267,0.9998535359751267,0.9998535359751267
C,dirichlet,0.4|wd1.0,dirichlet_setups K10 E5 f1 dirichlet1000 fedavg,delay_or_stalled,cli_cos_global_min,1,0.9998420839893871,0.9998420839893871,0.9998420839893871
C,dirichlet,0.4|wd1.0,dirichlet_setups K10 E5 f1 dirichlet1000 fedavg,delay_or_stalled,cli_dev_pair_cos,1,-0.11107617643450013,-0.11107617643450013,-0.11107617643450013
C,dirichlet,0.4|wd1.0,dirichlet_setups K10 E5 f1 dirichlet1000 fedavg,delay_or_stalled,cli_dev_eff_rank_frac,1,0.9996749830740589,0.9996749830740589,0.9996749830740589
C,dirichlet,0.4|wd1.0,dirichlet_setups K10 E5 f1 dirichlet1000 fedavg,delay_or_stalled,cli_coherence,1,0.0002553051658977417,0.0002553051658977417,0.0002553051658977417
C,dirichlet,0.4|wd1.0,dirichlet_setups K10 E5 f1 dirichlet1000 fedavg,delay_or_stalled,cli_global_dominant_irrep_share,1,0.2964627876202402,0.2964627876202402,0.2964627876202402
C,dirichlet,0.4|wd1.0,dirichlet_setups K10 E5 f1 dirichlet1000 fedavg,delay_or_stalled,cli_dev_dominant_irrep_share,1,0.20948238698100952,0.20948238698100952,0.20948238698100952
C,dirichlet,0.4|wd1.0,dirichlet_setups K10 E5 f1 dirichlet1000 fedavg,delay_or_stalled,cli_dev_irrep_structure,1,0.008099757901359297,0.008099757901359297,0.008099757901359297
C,dirichlet,0.4|wd1.0,dirichlet_setups K10 E5 f1 dirichlet1000 fedavg,post_cross,cli_n,29,10.0,10.0,10.0
C,dirichlet,0.4|wd1.0,dirichlet_setups K10 E5 f1 dirichlet1000 fedavg,post_cross,cli_agg_gap,29,0.0001234033801914253,9.767828777423816e-05,0.00015361999017834524
C,dirichlet,0.4|wd1.0,dirichlet_setups K10 E5 f1 dirichlet1000 fedavg,post_cross,cli_rel_spread,29,0.007804399957950946,0.0064544620095912456,0.009918617798461517
C,dirichlet,0.4|wd1.0,dirichlet_setups K10 E5 f1 dirichlet1000 fedavg,post_cross,cli_cos_global_mean,29,0.999969558138248,0.9999508088471695,0.9999791924941036
C,dirichlet,0.4|wd1.0,dirichlet_setups K10 E5 f1 dirichlet1000 fedavg,post_cross,cli_cos_global_min,29,0.9999630589196485,0.9999458381279308,0.9999721440930525
C,dirichlet,0.4|wd1.0,dirichlet_setups K10 E5 f1 dirichlet1000 fedavg,post_cross,cli_dev_pair_cos,29,-0.1107688203119319,-0.11106721392564568,-0.11007635802988476
C,dirichlet,0.4|wd1.0,dirichlet_setups K10 E5 f1 dirichlet1000 fedavg,post_cross,cli_dev_eff_rank_frac,29,0.9975564012683292,0.993633744630662,0.9992513563005543
C,dirichlet,0.4|wd1.0,dirichlet_setups K10 E5 f1 dirichlet1000 fedavg,post_cross,cli_coherence,29,0.00023228646068630495,0.0002243086159764754,0.0002590686252198848
C,dirichlet,0.4|wd1.0,dirichlet_setups K10 E5 f1 dirichlet1000 fedavg,post_cross,cli_global_dominant_irrep_share,29,0.9217077355300505,0.9033698784611176,0.9892523420508907
C,dirichlet,0.4|wd1.0,dirichlet_setups K10 E5 f1 dirichlet1000 fedavg,post_cross,cli_dev_dominant_irrep_share,29,0.12683987851957082,0.12030111642636948,0.1879781190065484
C,dirichlet,0.4|wd1.0,dirichlet_setups K10 E5 f1 dirichlet1000 fedavg,post_cross,cli_dev_irrep_structure,29,0.018597315457244745,0.016000521338787054,0.021066651067189267
C,partition,0.4|wd1.0,partitions K10 E5 f1 dirichlet0.5 fedavg,post_cross,cli_n,30,10.0,10.0,10.0
C,partition,0.4|wd1.0,partitions K10 E5 f1 dirichlet0.5 fedavg,post_cross,cli_agg_gap,30,0.0005512183256880893,0.0005088558372734024,0.0005620184700918032
C,partition,0.4|wd1.0,partitions K10 E5 f1 dirichlet0.5 fedavg,post_cross,cli_rel_spread,30,0.013749917988767043,0.013132353305168239,0.015004061998722475
C,partition,0.4|wd1.0,partitions K10 E5 f1 dirichlet0.5 fedavg,post_cross,cli_cos_global_mean,30,0.9999054086467343,0.9998873570036917,0.9999136631097016
C,partition,0.4|wd1.0,partitions K10 E5 f1 dirichlet0.5 fedavg,post_cross,cli_cos_global_min,30,0.9998835356004658,0.999872738093973,0.999899758777368
C,partition,0.4|wd1.0,partitions K10 E5 f1 dirichlet0.5 fedavg,post_cross,cli_dev_pair_cos,30,-0.11088080797499786,-0.1109997045514521,-0.11045444375407851
C,partition,0.4|wd1.0,partitions K10 E5 f1 dirichlet0.5 fedavg,post_cross,cli_dev_eff_rank_frac,30,0.9979909962558107,0.9963001606139423,0.9987572742564133
C,partition,0.4|wd1.0,partitions K10 E5 f1 dirichlet0.5 fedavg,post_cross,cli_coherence,30,0.0014090594516091488,0.0013421397933022275,0.0017624080881478382
C,partition,0.4|wd1.0,partitions K10 E5 f1 dirichlet0.5 fedavg,post_cross,cli_global_dominant_irrep_share,30,0.8929265688975254,0.7053141532520929,0.9781961262817687
C,partition,0.4|wd1.0,partitions K10 E5 f1 dirichlet0.5 fedavg,post_cross,cli_dev_dominant_irrep_share,30,0.13867595439849933,0.1271253935147078,0.19412071134680442
C,partition,0.4|wd1.0,partitions K10 E5 f1 dirichlet0.5 fedavg,post_cross,cli_dev_irrep_structure,30,0.019365720408358267,0.014468565946509979,0.022740839299528377
C,partition,0.4|wd1.0,partitions K10 E5 f1 operand fedavg,post_cross,cli_n,30,10.0,10.0,10.0
C,partition,0.4|wd1.0,partitions K10 E5 f1 operand fedavg,post_cross,cli_agg_gap,30,9.319311374518092e-05,6.780210942849872e-05,0.00020333072793388154
C,partition,0.4|wd1.0,partitions K10 E5 f1 operand fedavg,post_cross,cli_rel_spread,30,0.01628674765769162,0.01170492930083115,0.01749741824385798
C,partition,0.4|wd1.0,partitions K10 E5 f1 operand fedavg,post_cross,cli_cos_global_mean,30,0.9998684609712063,0.9998483511248211,0.9999314863016714
C,partition,0.4|wd1.0,partitions K10 E5 f1 operand fedavg,post_cross,cli_cos_global_min,30,0.9997944789786862,0.9997541992651698,0.9999101949530893
C,partition,0.4|wd1.0,partitions K10 E5 f1 operand fedavg,post_cross,cli_dev_pair_cos,30,-0.1053681988405629,-0.11072381387973619,-0.10411371783265418
C,partition,0.4|wd1.0,partitions K10 E5 f1 operand fedavg,post_cross,cli_dev_eff_rank_frac,30,0.9756002295920512,0.9718531698216583,0.9962041209771582
C,partition,0.4|wd1.0,partitions K10 E5 f1 operand fedavg,post_cross,cli_coherence,30,4.014589969809801e-05,2.884509136385625e-05,0.00017012869023721327
C,partition,0.4|wd1.0,partitions K10 E5 f1 operand fedavg,post_cross,cli_global_dominant_irrep_share,30,0.9632451925045888,0.9510002690919175,0.983781935483198
C,partition,0.4|wd1.0,partitions K10 E5 f1 operand fedavg,post_cross,cli_dev_dominant_irrep_share,30,0.23735924295749639,0.1402006930316629,0.24969563069851347
C,partition,0.4|wd1.0,partitions K10 E5 f1 operand fedavg,post_cross,cli_dev_irrep_structure,30,0.04979393129288754,0.03200348509486077,0.059700466097695706
C,partition,0.4|wd1.0,partitions K10 E5 f1 target fedavg,delay_or_stalled,cli_n,30,10.0,10.0,10.0
C,partition,0.4|wd1.0,partitions K10 E5 f1 target fedavg,delay_or_stalled,cli_agg_gap,30,0.0002330951566211099,0.00019800021177878083,0.00026182639329346057
C,partition,0.4|wd1.0,partitions K10 E5 f1 target fedavg,delay_or_stalled,cli_rel_spread,30,0.028138182487660507,0.017943613483520117,0.02936989553742602
C,partition,0.4|wd1.0,partitions K10 E5 f1 target fedavg,delay_or_stalled,cli_cos_global_mean,30,0.9996055515050734,0.9995703616258625,0.9998414733882279
C,partition,0.4|wd1.0,partitions K10 E5 f1 target fedavg,delay_or_stalled,cli_cos_global_min,30,0.9995167445516253,0.999440445537774,0.9998200088886482
C,partition,0.4|wd1.0,partitions K10 E5 f1 target fedavg,delay_or_stalled,cli_dev_pair_cos,30,-0.11068216546115281,-0.11092317693354502,-0.11015959794693364
C,partition,0.4|wd1.0,partitions K10 E5 f1 target fedavg,delay_or_stalled,cli_dev_eff_rank_frac,30,0.9902333364322273,0.9782256638877844,0.9967810590966422
C,partition,0.4|wd1.0,partitions K10 E5 f1 target fedavg,delay_or_stalled,cli_coherence,30,7.590598509089593e-05,6.98793612546899e-05,0.00011655832815866615
C,partition,0.4|wd1.0,partitions K10 E5 f1 target fedavg,delay_or_stalled,cli_global_dominant_irrep_share,30,0.6997790895453138,0.6754861551758561,0.9263024020761303
C,partition,0.4|wd1.0,partitions K10 E5 f1 target fedavg,delay_or_stalled,cli_dev_dominant_irrep_share,30,0.2431269518419641,0.22609098628832483,0.322025456788274
C,partition,0.4|wd1.0,partitions K10 E5 f1 target fedavg,delay_or_stalled,cli_dev_irrep_structure,30,0.1409043612921819,0.05750728606455486,0.20198771569808094
C,partition,0.4|wd1.0,partitions K5 E5 f1 coset fedavg,post_cross,cli_n,30,5.0,5.0,5.0
C,partition,0.4|wd1.0,partitions K5 E5 f1 coset fedavg,post_cross,cli_agg_gap,30,7.119767283057178e-05,4.677362463528552e-05,0.00010320087674255565
C,partition,0.4|wd1.0,partitions K5 E5 f1 coset fedavg,post_cross,cli_rel_spread,30,0.009025691511460402,0.0073177506327992805,0.01068319641492112
C,partition,0.4|wd1.0,partitions K5 E5 f1 coset fedavg,post_cross,cli_cos_global_mean,30,0.9999594074245246,0.999943170313627,0.999973310618466
C,partition,0.4|wd1.0,partitions K5 E5 f1 coset fedavg,post_cross,cli_cos_global_min,30,0.9999527675000306,0.999931841685793,0.9999675669802834
C,partition,0.4|wd1.0,partitions K5 E5 f1 coset fedavg,post_cross,cli_dev_pair_cos,30,-0.24848605073588226,-0.24952770169199295,-0.2473264059630157
C,partition,0.4|wd1.0,partitions K5 E5 f1 coset fedavg,post_cross,cli_dev_eff_rank_frac,30,0.9958846501925087,0.9923912326931468,0.9984829645906045
C,partition,0.4|wd1.0,partitions K5 E5 f1 coset fedavg,post_cross,cli_coherence,30,0.00012851644876789222,2.1644822172331997e-05,0.00014212068820057148
C,partition,0.4|wd1.0,partitions K5 E5 f1 coset fedavg,post_cross,cli_global_dominant_irrep_share,30,0.9859215167298393,0.977654047285297,0.9912405525600254
C,partition,0.4|wd1.0,partitions K5 E5 f1 coset fedavg,post_cross,cli_dev_dominant_irrep_share,30,0.23223334177109228,0.21492772327415932,0.2575671393534748
C,partition,0.4|wd1.0,partitions K5 E5 f1 coset fedavg,post_cross,cli_dev_irrep_structure,30,0.18763421674403263,0.15889778524041676,0.23818401315210577
C,partition,0.4|wd1.0,partitions K50 E5 f1 dirichlet0.5 fedavg,delay_or_stalled,cli_n,22,50.0,50.0,50.0
C,partition,0.4|wd1.0,partitions K50 E5 f1 dirichlet0.5 fedavg,delay_or_stalled,cli_agg_gap,22,0.0010731366500508707,0.0009217843200638523,0.001228401610173277
C,partition,0.4|wd1.0,partitions K50 E5 f1 dirichlet0.5 fedavg,delay_or_stalled,cli_rel_spread,22,0.04109734735925377,0.03973863239458192,0.042366176428107694
C,partition,0.4|wd1.0,partitions K50 E5 f1 dirichlet0.5 fedavg,delay_or_stalled,cli_cos_global_mean,22,0.9991560629087929,0.999103430950359,0.9992113397590731
C,partition,0.4|wd1.0,partitions K50 E5 f1 dirichlet0.5 fedavg,delay_or_stalled,cli_cos_global_min,22,0.999061822497977,0.9989840906538605,0.999124052097546
C,partition,0.4|wd1.0,partitions K50 E5 f1 dirichlet0.5 fedavg,delay_or_stalled,cli_dev_pair_cos,22,-0.020384157395259714,-0.020386308911568913,-0.020382410741078397
C,partition,0.4|wd1.0,partitions K50 E5 f1 dirichlet0.5 fedavg,delay_or_stalled,cli_dev_eff_rank_frac,22,0.9967647952686249,0.9965796986555505,0.9970903060263294
C,partition,0.4|wd1.0,partitions K50 E5 f1 dirichlet0.5 fedavg,delay_or_stalled,cli_coherence,22,0.0005992464943371725,0.0005390339979265694,0.0008283751372382512
C,partition,0.4|wd1.0,partitions K50 E5 f1 dirichlet0.5 fedavg,delay_or_stalled,cli_global_dominant_irrep_share,22,0.7789103947849371,0.7747718668054786,0.7852877419928883
C,partition,0.4|wd1.0,partitions K50 E5 f1 dirichlet0.5 fedavg,delay_or_stalled,cli_dev_dominant_irrep_share,22,0.2000289479740917,0.198374663286713,0.2950172299702057
C,partition,0.4|wd1.0,partitions K50 E5 f1 dirichlet0.5 fedavg,delay_or_stalled,cli_dev_irrep_structure,22,0.012682442433877797,0.00898157541102583,0.01417485564675447
C,partition,0.4|wd1.0,partitions K50 E5 f1 dirichlet0.5 fedavg,post_cross,cli_n,8,50.0,50.0,50.0
C,partition,0.4|wd1.0,partitions K50 E5 f1 dirichlet0.5 fedavg,post_cross,cli_agg_gap,8,0.0005768486047502777,0.0005602771756591118,0.0005870450967911171
C,partition,0.4|wd1.0,partitions K50 E5 f1 dirichlet0.5 fedavg,post_cross,cli_rel_spread,8,0.02343749477239882,0.023014425057218513,0.023880635495783523
C,partition,0.4|wd1.0,partitions K50 E5 f1 dirichlet0.5 fedavg,post_cross,cli_cos_global_mean,8,0.9997255048380218,0.9997151292209289,0.9997353979329933
C,partition,0.4|wd1.0,partitions K50 E5 f1 dirichlet0.5 fedavg,post_cross,cli_cos_global_min,8,0.9996996095810365,0.9996882451184566,0.9997129615450071
C,partition,0.4|wd1.0,partitions K50 E5 f1 dirichlet0.5 fedavg,post_cross,cli_dev_pair_cos,8,-0.020398003744803994,-0.0203993962673018,-0.020397064228274385
C,partition,0.4|wd1.0,partitions K50 E5 f1 dirichlet0.5 fedavg,post_cross,cli_dev_eff_rank_frac,8,0.9931935508282437,0.9929575176783014,0.9936419180869969
C,partition,0.4|wd1.0,partitions K50 E5 f1 dirichlet0.5 fedavg,post_cross,cli_coherence,8,0.0006033586079793435,0.0005928265990231439,0.0006187866096587955
C,partition,0.4|wd1.0,partitions K50 E5 f1 dirichlet0.5 fedavg,post_cross,cli_global_dominant_irrep_share,8,0.934267543637875,0.9307583395342133,0.942685431336924
C,partition,0.4|wd1.0,partitions K50 E5 f1 dirichlet0.5 fedavg,post_cross,cli_dev_dominant_irrep_share,8,0.12672425002870957,0.12585450436662637,0.12863456934361514
C,partition,0.4|wd1.0,partitions K50 E5 f1 dirichlet0.5 fedavg,post_cross,cli_dev_irrep_structure,8,0.008415850388051614,0.00612846796071145,0.009336946526869977
C,partition,0.4|wd1.0,partitions K50 E5 f1 operand fedavg,delay_or_stalled,cli_n,30,50.0,50.0,50.0
C,partition,0.4|wd1.0,partitions K50 E5 f1 operand fedavg,delay_or_stalled,cli_agg_gap,30,0.001027269251006829,0.0009783085237003203,0.0011504692868390463
C,partition,0.4|wd1.0,partitions K50 E5 f1 operand fedavg,delay_or_stalled,cli_rel_spread,30,0.03248608644711182,0.03055161743037054,0.036417431346992074
C,partition,0.4|wd1.0,partitions K50 E5 f1 operand fedavg,delay_or_stalled,cli_cos_global_mean,30,0.9994734047228885,0.9993383598353551,0.9995346170098852
C,partition,0.4|wd1.0,partitions K50 E5 f1 operand fedavg,delay_or_stalled,cli_cos_global_min,30,0.9993401545945964,0.9991917123564339,0.9994294485312489
C,partition,0.4|wd1.0,partitions K50 E5 f1 operand fedavg,delay_or_stalled,cli_dev_pair_cos,30,-0.020332577980075615,-0.02033862180601041,-0.020323242683271375
C,partition,0.4|wd1.0,partitions K50 E5 f1 operand fedavg,delay_or_stalled,cli_dev_eff_rank_frac,30,0.9907688512778734,0.9904548922863096,0.991164379350415
C,partition,0.4|wd1.0,partitions K50 E5 f1 operand fedavg,delay_or_stalled,cli_coherence,30,0.001032465864505767,0.0009581732459480769,0.001071423927417779
C,partition,0.4|wd1.0,partitions K50 E5 f1 operand fedavg,delay_or_stalled,cli_global_dominant_irrep_share,30,0.25863561841193783,0.25116914793446526,0.372717700217087
C,partition,0.4|wd1.0,partitions K50 E5 f1 operand fedavg,delay_or_stalled,cli_dev_dominant_irrep_share,30,0.13847685210286936,0.13429483536568565,0.29973434234632623
C,partition,0.4|wd1.0,partitions K50 E5 f1 operand fedavg,delay_or_stalled,cli_dev_irrep_structure,30,0.005485706208730732,0.004293958374952554,0.006463297286622509
C,partition,0.4|wd1.0,partitions K50 E5 f1 target fedavg,delay_or_stalled,cli_n,30,50.0,50.0,50.0
C,partition,0.4|wd1.0,partitions K50 E5 f1 target fedavg,delay_or_stalled,cli_agg_gap,30,0.006049075959098736,0.0052177304541456485,0.006935585299193555
C,partition,0.4|wd1.0,partitions K50 E5 f1 target fedavg,delay_or_stalled,cli_rel_spread,30,0.09211475720722204,0.08713552131982913,0.10723143087382285
C,partition,0.4|wd1.0,partitions K50 E5 f1 target fedavg,delay_or_stalled,cli_cos_global_mean,30,0.9961654377605165,0.9946286209251238,0.9965767299308692
C,partition,0.4|wd1.0,partitions K50 E5 f1 target fedavg,delay_or_stalled,cli_cos_global_min,30,0.9862277837410951,0.9790161319005266,0.9896993128556656
C,partition,0.4|wd1.0,partitions K50 E5 f1 target fedavg,delay_or_stalled,cli_dev_pair_cos,30,-0.010101693876390976,-0.012712280968191499,-0.005390038243719611
C,partition,0.4|wd1.0,partitions K50 E5 f1 target fedavg,delay_or_stalled,cli_dev_eff_rank_frac,30,0.875662798393591,0.8546720060785336,0.8870073434947612
C,partition,0.4|wd1.0,partitions K50 E5 f1 target fedavg,delay_or_stalled,cli_coherence,30,0.004176200758206168,0.002992407137185572,0.005548027859696452
C,partition,0.4|wd1.0,partitions K50 E5 f1 target fedavg,delay_or_stalled,cli_global_dominant_irrep_share,30,0.6491863760961414,0.5770909934096509,0.7351498633234695
C,partition,0.4|wd1.0,partitions K50 E5 f1 target fedavg,delay_or_stalled,cli_dev_dominant_irrep_share,30,0.5133065978350757,0.43623747781746613,0.5966815243382614
C,partition,0.4|wd1.0,partitions K50 E5 f1 target fedavg,delay_or_stalled,cli_dev_irrep_structure,30,0.5049732645017424,0.4279041444841328,0.5883481910049281
C,E,0.5|wd1.0,e50_long K10 E50 f1 iid fedavg,delay_or_stalled,cli_n,10,10.0,10.0,10.0
C,E,0.5|wd1.0,e50_long K10 E50 f1 iid fedavg,delay_or_stalled,cli_agg_gap,10,5.1324810389350517e-08,5.128102537046989e-08,5.176154560626464e-08
C,E,0.5|wd1.0,e50_long K10 E50 f1 iid fedavg,delay_or_stalled,cli_rel_spread,10,0.14770656610625893,0.14740709059706386,0.15168950619481306
C,E,0.5|wd1.0,e50_long K10 E50 f1 iid fedavg,delay_or_stalled,cli_cos_global_mean,10,0.9892674019764669,0.9886900406516017,0.9893100622224816
C,E,0.5|wd1.0,e50_long K10 E50 f1 iid fedavg,delay_or_stalled,cli_cos_global_min,10,0.9886741881946622,0.988183494399487,0.9887787628381778
C,E,0.5|wd1.0,e50_long K10 E50 f1 iid fedavg,delay_or_stalled,cli_dev_pair_cos,10,-0.11107432758134834,-0.11108367183628659,-0.11106844691179929
C,E,0.5|wd1.0,e50_long K10 E50 f1 iid fedavg,delay_or_stalled,cli_dev_eff_rank_frac,10,0.9994446673973715,0.9994102221658263,0.999500582422958
C,E,0.5|wd1.0,e50_long K10 E50 f1 iid fedavg,delay_or_stalled,cli_coherence,10,1.1969726357371087e-13,1.133022721471907e-13,1.2321414802858297e-13
C,E,0.5|wd1.0,e50_long K10 E50 f1 iid fedavg,delay_or_stalled,cli_global_dominant_irrep_share,10,0.6707117435552755,0.6621307371011451,0.6711477336323544
C,E,0.5|wd1.0,e50_long K10 E50 f1 iid fedavg,delay_or_stalled,cli_dev_dominant_irrep_share,10,0.16836579393178513,0.16795969166318797,0.1687662417099134
C,E,0.5|wd1.0,e50_long K10 E50 f1 iid fedavg,delay_or_stalled,cli_dev_irrep_structure,10,0.04941191426231341,0.0490296165051782,0.049646821192412545
C,E,0.5|wd1.0,e50_long K10 E50 f1 iid fedavg,post_cross,cli_n,20,10.0,10.0,10.0
C,E,0.5|wd1.0,e50_long K10 E50 f1 iid fedavg,post_cross,cli_agg_gap,20,5.167433712043965e-08,5.147337958663253e-08,5.177925409380777e-08
C,E,0.5|wd1.0,e50_long K10 E50 f1 iid fedavg,post_cross,cli_rel_spread,20,0.07110805483959434,0.05004745899051855,0.08265832245123012
C,E,0.5|wd1.0,e50_long K10 E50 f1 iid fedavg,post_cross,cli_cos_global_mean,20,0.9974480572296968,0.9966029432239278,0.9987559973807751
C,E,0.5|wd1.0,e50_long K10 E50 f1 iid fedavg,post_cross,cli_cos_global_min,20,0.9964216830560977,0.9963302379032661,0.9979555607269608
C,E,0.5|wd1.0,e50_long K10 E50 f1 iid fedavg,post_cross,cli_dev_pair_cos,20,-0.11041097925839229,-0.11106006904015134,-0.10816092032963216
C,E,0.5|wd1.0,e50_long K10 E50 f1 iid fedavg,post_cross,cli_dev_eff_rank_frac,20,0.996159810706454,0.9870628522115454,0.9993068907066593
C,E,0.5|wd1.0,e50_long K10 E50 f1 iid fedavg,post_cross,cli_coherence,20,5.680159615746036e-13,3.9145150006171096e-13,1.0667410224264914e-12
C,E,0.5|wd1.0,e50_long K10 E50 f1 iid fedavg,post_cross,cli_global_dominant_irrep_share,20,0.933240982151109,0.8783643922020429,0.9862047788889279
C,E,0.5|wd1.0,e50_long K10 E50 f1 iid fedavg,post_cross,cli_dev_dominant_irrep_share,20,0.19288869283949261,0.18316164188996328,0.19777544647503104
C,E,0.5|wd1.0,e50_long K10 E50 f1 iid fedavg,post_cross,cli_dev_irrep_structure,20,0.019577560531402367,0.017481548615700837,0.05443133309997675
C,E,0.5|wd1.0,local_epochs K10 E10 f1 iid fedavg,post_cross,cli_n,30,10.0,10.0,10.0
C,E,0.5|wd1.0,local_epochs K10 E10 f1 iid fedavg,post_cross,cli_agg_gap,30,5.14692201649348e-08,5.110393400017763e-08,5.166841215379242e-08
C,E,0.5|wd1.0,local_epochs K10 E10 f1 iid fedavg,post_cross,cli_rel_spread,30,0.023095966266314574,0.019732664360497018,0.029425428458171185
C,E,0.5|wd1.0,local_epochs K10 E10 f1 iid fedavg,post_cross,cli_cos_global_mean,30,0.9997335125311455,0.999567512102982,0.9998055822649942
C,E,0.5|wd1.0,local_epochs K10 E10 f1 iid fedavg,post_cross,cli_cos_global_min,30,0.9996432398753083,0.9994886167174137,0.9997572566827203
C,E,0.5|wd1.0,local_epochs K10 E10 f1 iid fedavg,post_cross,cli_dev_pair_cos,30,-0.1104868554154042,-0.11092413300084981,-0.10930131597845161
C,E,0.5|wd1.0,local_epochs K10 E10 f1 iid fedavg,post_cross,cli_dev_eff_rank_frac,30,0.99539108017102,0.9909993611307638,0.997466868199206
C,E,0.5|wd1.0,local_epochs K10 E10 f1 iid fedavg,post_cross,cli_coherence,30,4.949981497439629e-12,3.105771003494748e-12,6.702273797292129e-12
C,E,0.5|wd1.0,local_epochs K10 E10 f1 iid fedavg,post_cross,cli_global_dominant_irrep_share,30,0.8883511882856123,0.8559722148310892,0.9143912146098936
C,E,0.5|wd1.0,local_epochs K10 E10 f1 iid fedavg,post_cross,cli_dev_dominant_irrep_share,30,0.20908976959705539,0.12826802807515303,0.22470499764195562
C,E,0.5|wd1.0,local_epochs K10 E10 f1 iid fedavg,post_cross,cli_dev_irrep_structure,30,0.03727846600508864,0.02296032100845755,0.04691532075139014
C,E,0.5|wd1.0,local_epochs K10 E25 f1 iid fedavg,post_cross,cli_n,28,10.0,10.0,10.0
C,E,0.5|wd1.0,local_epochs K10 E25 f1 iid fedavg,post_cross,cli_agg_gap,28,5.144840577009819e-08,5.1079748117107656e-08,5.1653465719185816e-08
C,E,0.5|wd1.0,local_epochs K10 E25 f1 iid fedavg,post_cross,cli_rel_spread,28,0.036098821055916726,0.03251690780193403,0.056957775241399264
C,E,0.5|wd1.0,local_epochs K10 E25 f1 iid fedavg,post_cross,cli_cos_global_mean,28,0.9993528834749993,0.9983827937194234,0.9994771866712933
C,E,0.5|wd1.0,local_epochs K10 E25 f1 iid fedavg,post_cross,cli_cos_global_min,28,0.9986349610357907,0.9979135024356262,0.9988890295877877
C,E,0.5|wd1.0,local_epochs K10 E25 f1 iid fedavg,post_cross,cli_dev_pair_cos,28,-0.10461125300279756,-0.11006856366019405,-0.10184261005195949
C,E,0.5|wd1.0,local_epochs K10 E25 f1 iid fedavg,post_cross,cli_dev_eff_rank_frac,28,0.9754697154716483,0.966517310943981,0.9938927933341926
C,E,0.5|wd1.0,local_epochs K10 E25 f1 iid fedavg,post_cross,cli_coherence,28,2.0325888243595676e-12,8.21706006370652e-13,2.523656512782095e-12
C,E,0.5|wd1.0,local_epochs K10 E25 f1 iid fedavg,post_cross,cli_global_dominant_irrep_share,28,0.9594134977186564,0.9390688792857006,0.988056998562892
C,E,0.5|wd1.0,local_epochs K10 E25 f1 iid fedavg,post_cross,cli_dev_dominant_irrep_share,28,0.22378471692457785,0.2083345411995796,0.2882557648394326
C,E,0.5|wd1.0,local_epochs K10 E25 f1 iid fedavg,post_cross,cli_dev_irrep_structure,28,0.04500148126455282,0.031647345801935435,0.09424893611487667
C,E,0.5|wd1.0,local_epochs K10 E25 f1 iid fedavg,pre_memo,cli_n,2,10.0,10.0,10.0
C,E,0.5|wd1.0,local_epochs K10 E25 f1 iid fedavg,pre_memo,cli_agg_gap,2,5.1150176971125055e-08,5.102132684151043e-08,5.1279027100739684e-08
C,E,0.5|wd1.0,local_epochs K10 E25 f1 iid fedavg,pre_memo,cli_rel_spread,2,0.1200986062047073,0.11158976224462057,0.12860745016479405
C,E,0.5|wd1.0,local_epochs K10 E25 f1 iid fedavg,pre_memo,cli_cos_global_mean,2,0.9927299803867546,0.9917302412891369,0.9937297194843724
C,E,0.5|wd1.0,local_epochs K10 E25 f1 iid fedavg,pre_memo,cli_cos_global_min,2,0.9925186722294916,0.9915364302395513,0.9935009142194321
C,E,0.5|wd1.0,local_epochs K10 E25 f1 iid fedavg,pre_memo,cli_dev_pair_cos,2,-0.1110969387403568,-0.11110208625734902,-0.11109179122336457
C,E,0.5|wd1.0,local_epochs K10 E25 f1 iid fedavg,pre_memo,cli_dev_eff_rank_frac,2,0.9996352114554186,0.9995373233334837,0.9997330995773535
C,E,0.5|wd1.0,local_epochs K10 E25 f1 iid fedavg,pre_memo,cli_coherence,2,1.9323866733567446e-13,1.6550027024271533e-13,2.2097706442863363e-13
C,E,0.5|wd1.0,local_epochs K10 E25 f1 iid fedavg,pre_memo,cli_global_dominant_irrep_share,2,0.47415776884769567,0.3876916568303236,0.5606238808650678
C,E,0.5|wd1.0,local_epochs K10 E25 f1 iid fedavg,pre_memo,cli_dev_dominant_irrep_share,2,0.18109214546375468,0.17438161644375397,0.18780267448375537
C,E,0.5|wd1.0,local_epochs K10 E25 f1 iid fedavg,pre_memo,cli_dev_irrep_structure,2,0.03810729970680159,0.032612494494218894,0.04360210491938427
C,E,0.5|wd1.0,local_epochs K10 E50 f1 iid fedavg,delay_or_stalled,cli_n,20,10.0,10.0,10.0
C,E,0.5|wd1.0,local_epochs K10 E50 f1 iid fedavg,delay_or_stalled,cli_agg_gap,20,5.17798592790644e-08,5.1672095406852604e-08,5.19891329504809e-08
C,E,0.5|wd1.0,local_epochs K10 E50 f1 iid fedavg,delay_or_stalled,cli_rel_spread,20,0.14896035797397308,0.13778233751305785,0.23601643338193898
C,E,0.5|wd1.0,local_epochs K10 E50 f1 iid fedavg,delay_or_stalled,cli_cos_global_mean,20,0.9890835589016748,0.9732506128245229,0.9906415972912906
C,E,0.5|wd1.0,local_epochs K10 E50 f1 iid fedavg,delay_or_stalled,cli_cos_global_min,20,0.9886720031843543,0.9724503788422703,0.9902405966545744
C,E,0.5|wd1.0,local_epochs K10 E50 f1 iid fedavg,delay_or_stalled,cli_dev_pair_cos,20,-0.111098340909181,-0.11110057699766271,-0.11108897048279795
C,E,0.5|wd1.0,local_epochs K10 E50 f1 iid fedavg,delay_or_stalled,cli_dev_eff_rank_frac,20,0.9996938099409878,0.9995929794927214,0.9997937981097882
C,E,0.5|wd1.0,local_epochs K10 E50 f1 iid fedavg,delay_or_stalled,cli_coherence,20,1.2072158238304836e-13,4.7237891879026334e-14,1.410040107003251e-13
C,E,0.5|wd1.0,local_epochs K10 E50 f1 iid fedavg,delay_or_stalled,cli_global_dominant_irrep_share,20,0.4908615112920441,0.3817378999497636,0.5221167273763636
C,E,0.5|wd1.0,local_epochs K10 E50 f1 iid fedavg,delay_or_stalled,cli_dev_dominant_irrep_share,20,0.17517651133328263,0.16092808478225248,0.180847966639766
C,E,0.5|wd1.0,local_epochs K10 E50 f1 iid fedavg,delay_or_stalled,cli_dev_irrep_structure,20,0.05438865234676242,0.04367695835610495,0.0587139243251147
C,E,0.5|wd1.0,local_epochs K10 E50 f1 iid fedavg,post_cross,cli_n,9,10.0,10.0,10.0
C,E,0.5|wd1.0,local_epochs K10 E50 f1 iid fedavg,post_cross,cli_agg_gap,9,5.167272126240953e-08,5.1621939657875e-08,5.175743653476956e-08
C,E,0.5|wd1.0,local_epochs K10 E50 f1 iid fedavg,post_cross,cli_rel_spread,9,0.04249592950261479,0.03305873851543199,0.06273947102880528
C,E,0.5|wd1.0,local_epochs K10 E50 f1 iid fedavg,post_cross,cli_cos_global_mean,9,0.9990992171468263,0.9980797715210288,0.999457938089327
C,E,0.5|wd1.0,local_epochs K10 E50 f1 iid fedavg,post_cross,cli_cos_global_min,9,0.9989152372513779,0.9963615331881427,0.9993218848384958
C,E,0.5|wd1.0,local_epochs K10 E50 f1 iid fedavg,post_cross,cli_dev_pair_cos,9,-0.11034764119232944,-0.11081566922648049,-0.10809341871556835
C,E,0.5|wd1.0,local_epochs K10 E50 f1 iid fedavg,post_cross,cli_dev_eff_rank_frac,9,0.9953472689048274,0.987196515592458,0.9968513940375802
C,E,0.5|wd1.0,local_epochs K10 E50 f1 iid fedavg,post_cross,cli_coherence,9,1.472776415148369e-12,6.600219366113122e-13,2.438350217900965e-12
C,E,0.5|wd1.0,local_epochs K10 E50 f1 iid fedavg,post_cross,cli_global_dominant_irrep_share,9,0.9949328531793389,0.9926751111992453,0.9954743307348273
C,E,0.5|wd1.0,local_epochs K10 E50 f1 iid fedavg,post_cross,cli_dev_dominant_irrep_share,9,0.15408087474733004,0.12368811826630853,0.16303577964613028
C,E,0.5|wd1.0,local_epochs K10 E50 f1 iid fedavg,post_cross,cli_dev_irrep_structure,9,0.032534915847572884,0.02565256103125164,0.06602498133757735
C,E,0.5|wd1.0,local_epochs K10 E50 f1 iid fedavg,pre_memo,cli_n,1,10.0,10.0,10.0
C,E,0.5|wd1.0,local_epochs K10 E50 f1 iid fedavg,pre_memo,cli_agg_gap,1,5.1389063362025754e-08,5.1389063362025754e-08,5.1389063362025754e-08
C,E,0.5|wd1.0,local_epochs K10 E50 f1 iid fedavg,pre_memo,cli_rel_spread,1,0.2605778875861593,0.2605778875861593,0.2605778875861593
C,E,0.5|wd1.0,local_epochs K10 E50 f1 iid fedavg,pre_memo,cli_cos_global_mean,1,0.9676876096201535,0.9676876096201535,0.9676876096201535
C,E,0.5|wd1.0,local_epochs K10 E50 f1 iid fedavg,pre_memo,cli_cos_global_min,1,0.9672204949004249,0.9672204949004249,0.9672204949004249
C,E,0.5|wd1.0,local_epochs K10 E50 f1 iid fedavg,pre_memo,cli_dev_pair_cos,1,-0.11110603084621992,-0.11110603084621992,-0.11110603084621992
C,E,0.5|wd1.0,local_epochs K10 E50 f1 iid fedavg,pre_memo,cli_dev_eff_rank_frac,1,0.9997835547129683,0.9997835547129683,0.9997835547129683
C,E,0.5|wd1.0,local_epochs K10 E50 f1 iid fedavg,pre_memo,cli_coherence,1,3.889253806814329e-14,3.889253806814329e-14,3.889253806814329e-14
C,E,0.5|wd1.0,local_epochs K10 E50 f1 iid fedavg,pre_memo,cli_global_dominant_irrep_share,1,0.42291393263377,0.42291393263377,0.42291393263377
C,E,0.5|wd1.0,local_epochs K10 E50 f1 iid fedavg,pre_memo,cli_dev_dominant_irrep_share,1,0.09031435925989503,0.09031435925989503,0.09031435925989503
C,E,0.5|wd1.0,local_epochs K10 E50 f1 iid fedavg,pre_memo,cli_dev_irrep_structure,1,0.04981353482012764,0.04981353482012764,0.04981353482012764
C,K,0.5|wd1.0,setup_k_ladder K10 E5 f1 iid fedavg,post_cross,cli_n,30,10.0,10.0,10.0
C,K,0.5|wd1.0,setup_k_ladder K10 E5 f1 iid fedavg,post_cross,cli_agg_gap,30,5.129465595044163e-08,5.1084827854207275e-08,5.1664637188971925e-08
C,K,0.5|wd1.0,setup_k_ladder K10 E5 f1 iid fedavg,post_cross,cli_rel_spread,30,0.009130509028887849,0.007578947695230525,0.012249977538378996
C,K,0.5|wd1.0,setup_k_ladder K10 E5 f1 iid fedavg,post_cross,cli_cos_global_mean,30,0.9999583274110992,0.9999249955190952,0.9999712869726427
C,K,0.5|wd1.0,setup_k_ladder K10 E5 f1 iid fedavg,post_cross,cli_cos_global_min,30,0.9999467065482113,0.9999111841088946,0.9999603615219805
C,K,0.5|wd1.0,setup_k_ladder K10 E5 f1 iid fedavg,post_cross,cli_dev_pair_cos,30,-0.11066596695636233,-0.11106301438010494,-0.1094593727815621
C,K,0.5|wd1.0,setup_k_ladder K10 E5 f1 iid fedavg,post_cross,cli_dev_eff_rank_frac,30,0.9974090725332632,0.9910727721837438,0.9992136239783806
C,K,0.5|wd1.0,setup_k_ladder K10 E5 f1 iid fedavg,post_cross,cli_coherence,30,3.1211259785264926e-11,1.7931923169014598e-11,4.5954134381910894e-11
C,K,0.5|wd1.0,setup_k_ladder K10 E5 f1 iid fedavg,post_cross,cli_global_dominant_irrep_share,30,0.9543285752119275,0.922827450574178,0.9872921624226443
C,K,0.5|wd1.0,setup_k_ladder K10 E5 f1 iid fedavg,post_cross,cli_dev_dominant_irrep_share,30,0.1924432803347088,0.1280251305688908,0.1979975809675032
C,K,0.5|wd1.0,setup_k_ladder K10 E5 f1 iid fedavg,post_cross,cli_dev_irrep_structure,30,0.018467861360574614,0.014010876103925854,0.022723601338229846
C,K,0.5|wd1.0,setup_k_ladder K20 E5 f1 iid fedavg,post_cross,cli_n,30,20.0,20.0,20.0
C,K,0.5|wd1.0,setup_k_ladder K20 E5 f1 iid fedavg,post_cross,cli_agg_gap,30,6.818888216345739e-08,6.790973097217933e-08,6.853386381575141e-08
C,K,0.5|wd1.0,setup_k_ladder K20 E5 f1 iid fedavg,post_cross,cli_rel_spread,30,0.01180199135178852,0.01016396388121683,0.013242284885582298
C,K,0.5|wd1.0,setup_k_ladder K20 E5 f1 iid fedavg,post_cross,cli_cos_global_mean,30,0.99993038263733,0.9999123507767247,0.9999483731704228
C,K,0.5|wd1.0,setup_k_ladder K20 E5 f1 iid fedavg,post_cross,cli_cos_global_min,30,0.9999109328118256,0.9998900943597382,0.999930140551325
C,K,0.5|wd1.0,setup_k_ladder K20 E5 f1 iid fedavg,post_cross,cli_dev_pair_cos,30,-0.05222205989580489,-0.05250944248390204,-0.05190691507189603
C,K,0.5|wd1.0,setup_k_ladder K20 E5 f1 iid fedavg,post_cross,cli_dev_eff_rank_frac,30,0.9936424473578755,0.9911777028165367,0.9971092756393839
C,K,0.5|wd1.0,setup_k_ladder K20 E5 f1 iid fedavg,post_cross,cli_coherence,30,3.379363070115795e-11,2.6891679222039507e-11,4.463907806402693e-11
C,K,0.5|wd1.0,setup_k_ladder K20 E5 f1 iid fedavg,post_cross,cli_global_dominant_irrep_share,30,0.9570867582570484,0.8139680731194032,0.9854561655748497
C,K,0.5|wd1.0,setup_k_ladder K20 E5 f1 iid fedavg,post_cross,cli_dev_dominant_irrep_share,30,0.19613993129068213,0.12789222135329936,0.19906611217042114
C,K,0.5|wd1.0,setup_k_ladder K20 E5 f1 iid fedavg,post_cross,cli_dev_irrep_structure,30,0.014938892857485835,0.01230950493510866,0.016590177237838857
C,K,0.5|wd1.0,setup_k_ladder K5 E5 f1 iid fedavg,post_cross,cli_n,30,5.0,5.0,5.0
C,K,0.5|wd1.0,setup_k_ladder K5 E5 f1 iid fedavg,post_cross,cli_agg_gap,30,4.297544465736858e-08,4.2807456990942105e-08,4.3194167560768217e-08
C,K,0.5|wd1.0,setup_k_ladder K5 E5 f1 iid fedavg,post_cross,cli_rel_spread,30,0.010625073721856641,0.008226858522605922,0.012746966671795189
C,K,0.5|wd1.0,setup_k_ladder K5 E5 f1 iid fedavg,post_cross,cli_cos_global_mean,30,0.9999435818230897,0.9999187646109651,0.9999661564154589
C,K,0.5|wd1.0,setup_k_ladder K5 E5 f1 iid fedavg,post_cross,cli_cos_global_min,30,0.9999412260859589,0.9999150981829964,0.9999621729052817
C,K,0.5|wd1.0,setup_k_ladder K5 E5 f1 iid fedavg,post_cross,cli_dev_pair_cos,30,-0.249827044842681,-0.2499344866579609,-0.24944084014889994
C,K,0.5|wd1.0,setup_k_ladder K5 E5 f1 iid fedavg,post_cross,cli_dev_eff_rank_frac,30,0.9994504827738495,0.9983571954055334,0.9996569625308848
C,K,0.5|wd1.0,setup_k_ladder K5 E5 f1 iid fedavg,post_cross,cli_coherence,30,1.6092022075645774e-11,1.1255115317581563e-11,2.7261281657236066e-11
C,K,0.5|wd1.0,setup_k_ladder K5 E5 f1 iid fedavg,post_cross,cli_global_dominant_irrep_share,30,0.9051508260293288,0.8936554877501368,0.9812800852454822
C,K,0.5|wd1.0,setup_k_ladder K5 E5 f1 iid fedavg,post_cross,cli_dev_dominant_irrep_share,30,0.13837173460274532,0.12584105891148795,0.2056193118693738
C,K,0.5|wd1.0,setup_k_ladder K5 E5 f1 iid fedavg,post_cross,cli_dev_irrep_structure,30,0.022495688205956543,0.01895327524391816,0.02590370789927668
C,K,0.5|wd1.0,setup_k_ladder K50 E5 f1 iid fedavg,delay_or_stalled,cli_n,1,50.0,50.0,50.0
C,K,0.5|wd1.0,setup_k_ladder K50 E5 f1 iid fedavg,delay_or_stalled,cli_agg_gap,1,1.0749166608692733e-07,1.0749166608692733e-07,1.0749166608692733e-07
C,K,0.5|wd1.0,setup_k_ladder K50 E5 f1 iid fedavg,delay_or_stalled,cli_rel_spread,1,0.062095585103482454,0.062095585103482454,0.062095585103482454
C,K,0.5|wd1.0,setup_k_ladder K50 E5 f1 iid fedavg,delay_or_stalled,cli_cos_global_mean,1,0.9980777242430571,0.9980777242430571,0.9980777242430571
C,K,0.5|wd1.0,setup_k_ladder K50 E5 f1 iid fedavg,delay_or_stalled,cli_cos_global_min,1,0.9979776351242133,0.9979776351242133,0.9979776351242133
C,K,0.5|wd1.0,setup_k_ladder K50 E5 f1 iid fedavg,delay_or_stalled,cli_dev_pair_cos,1,-0.020403137339931703,-0.020403137339931703,-0.020403137339931703
C,K,0.5|wd1.0,setup_k_ladder K50 E5 f1 iid fedavg,delay_or_stalled,cli_dev_eff_rank_frac,1,0.9973017256927085,0.9973017256927085,0.9973017256927085
C,K,0.5|wd1.0,setup_k_ladder K50 E5 f1 iid fedavg,delay_or_stalled,cli_coherence,1,2.996595643671043e-12,2.996595643671043e-12,2.996595643671043e-12
C,K,0.5|wd1.0,setup_k_ladder K50 E5 f1 iid fedavg,delay_or_stalled,cli_global_dominant_irrep_share,1,0.6108964552311609,0.6108964552311609,0.6108964552311609
C,K,0.5|wd1.0,setup_k_ladder K50 E5 f1 iid fedavg,delay_or_stalled,cli_dev_dominant_irrep_share,1,0.18928223551786413,0.18928223551786413,0.18928223551786413
C,K,0.5|wd1.0,setup_k_ladder K50 E5 f1 iid fedavg,delay_or_stalled,cli_dev_irrep_structure,1,0.023994926459268987,0.023994926459268987,0.023994926459268987
C,K,0.5|wd1.0,setup_k_ladder K50 E5 f1 iid fedavg,post_cross,cli_n,26,50.0,50.0,50.0
C,K,0.5|wd1.0,setup_k_ladder K50 E5 f1 iid fedavg,post_cross,cli_agg_gap,26,1.08463572309126e-07,1.0775705296784133e-07,1.0904235213576111e-07
C,K,0.5|wd1.0,setup_k_ladder K50 E5 f1 iid fedavg,post_cross,cli_rel_spread,26,0.01778322244863199,0.01748236134613875,0.044480424155191864
C,K,0.5|wd1.0,setup_k_ladder K50 E5 f1 iid fedavg,post_cross,cli_cos_global_mean,26,0.9998419931774485,0.9990122703235848,0.9998472762207519
C,K,0.5|wd1.0,setup_k_ladder K50 E5 f1 iid fedavg,post_cross,cli_cos_global_min,26,0.9998231179956092,0.9989341460801386,0.9998312881632209
C,K,0.5|wd1.0,setup_k_ladder K50 E5 f1 iid fedavg,post_cross,cli_dev_pair_cos,26,-0.020397770597046106,-0.020399482299077305,-0.020392400163456004
C,K,0.5|wd1.0,setup_k_ladder K50 E5 f1 iid fedavg,post_cross,cli_dev_eff_rank_frac,26,0.9958684742419088,0.9942960780454365,0.9972495670884174
C,K,0.5|wd1.0,setup_k_ladder K50 E5 f1 iid fedavg,post_cross,cli_coherence,26,3.7562740413653317e-11,5.935670959545651e-12,3.931314713841392e-11
C,K,0.5|wd1.0,setup_k_ladder K50 E5 f1 iid fedavg,post_cross,cli_global_dominant_irrep_share,26,0.9000994344212856,0.7450696520364396,0.9819287093774818
C,K,0.5|wd1.0,setup_k_ladder K50 E5 f1 iid fedavg,post_cross,cli_dev_dominant_irrep_share,26,0.19400978471164473,0.12638574581265785,0.19578414640841452
C,K,0.5|wd1.0,setup_k_ladder K50 E5 f1 iid fedavg,post_cross,cli_dev_irrep_structure,26,0.013148092133254824,0.010442689942139174,0.017194793416362077
C,K,0.5|wd1.0,setup_k_ladder K50 E5 f1 iid fedavg,pre_memo,cli_n,3,50.0,50.0,50.0
C,K,0.5|wd1.0,setup_k_ladder K50 E5 f1 iid fedavg,pre_memo,cli_agg_gap,3,1.099238013990196e-07,1.0930211568047038e-07,1.1010892148927003e-07
C,K,0.5|wd1.0,setup_k_ladder K50 E5 f1 iid fedavg,pre_memo,cli_rel_spread,3,0.034583637700597164,0.03368379728321659,0.03650052005389047
C,K,0.5|wd1.0,setup_k_ladder K50 E5 f1 iid fedavg,pre_memo,cli_cos_global_mean,3,0.9994027291731592,0.9993328647438824,0.9994329412785863
C,K,0.5|wd1.0,setup_k_ladder K50 E5 f1 iid fedavg,pre_memo,cli_cos_global_min,3,0.9993632176171717,0.9992870042466229,0.9993894906932463
C,K,0.5|wd1.0,setup_k_ladder K50 E5 f1 iid fedavg,pre_memo,cli_dev_pair_cos,3,-0.020401581871789674,-0.02040188682403201,-0.02040148943434259
C,K,0.5|wd1.0,setup_k_ladder K50 E5 f1 iid fedavg,pre_memo,cli_dev_eff_rank_frac,3,0.9968469436655448,0.9966268359386548,0.9968738849221834
C,K,0.5|wd1.0,setup_k_ladder K50 E5 f1 iid fedavg,pre_memo,cli_coherence,3,1.0170978943241678e-11,9.0869331304852e-12,1.0706711557384488e-11
C,K,0.5|wd1.0,setup_k_ladder K50 E5 f1 iid fedavg,pre_memo,cli_global_dominant_irrep_share,3,0.4291179211598813,0.4285137464798373,0.6141320189646265
C,K,0.5|wd1.0,setup_k_ladder K50 E5 f1 iid fedavg,pre_memo,cli_dev_dominant_irrep_share,3,0.13442980513384725,0.13195464896263473,0.16894957591587917
C,K,0.5|wd1.0,setup_k_ladder K50 E5 f1 iid fedavg,pre_memo,cli_dev_irrep_structure,3,0.008343191411916176,0.00755673750035357,0.009229389301182972
C,f,0.5|wd1.0,participation_setups K20 E5 f0.25 iid fedavg,post_cross,cli_n,30,5.0,5.0,5.0
C,f,0.5|wd1.0,participation_setups K20 E5 f0.25 iid fedavg,post_cross,cli_agg_gap,30,4.310458397319513e-08,4.281290960347355e-08,4.3307594876374694e-08
C,f,0.5|wd1.0,participation_setups K20 E5 f0.25 iid fedavg,post_cross,cli_rel_spread,30,0.010475627116407763,0.009775463286835675,0.011224600680586741
C,f,0.5|wd1.0,participation_setups K20 E5 f0.25 iid fedavg,post_cross,cli_cos_global_mean,30,0.9999451561235942,0.9999370693275216,0.9999522623674971
C,f,0.5|wd1.0,participation_setups K20 E5 f0.25 iid fedavg,post_cross,cli_cos_global_min,30,0.9999371822447564,0.9999282783784355,0.9999427946138842
C,f,0.5|wd1.0,participation_setups K20 E5 f0.25 iid fedavg,post_cross,cli_dev_pair_cos,30,-0.2486516750937826,-0.24932312731587436,-0.2476442592024346
C,f,0.5|wd1.0,participation_setups K20 E5 f0.25 iid fedavg,post_cross,cli_dev_eff_rank_frac,30,0.9968731617300215,0.9945425205814288,0.998210736084036
C,f,0.5|wd1.0,participation_setups K20 E5 f0.25 iid fedavg,post_cross,cli_coherence,30,1.6802599107997777e-11,1.4881555349751916e-11,1.9457936009314765e-11
C,f,0.5|wd1.0,participation_setups K20 E5 f0.25 iid fedavg,post_cross,cli_global_dominant_irrep_share,30,0.9190291755041404,0.7005485523644877,0.9867894480576602
C,f,0.5|wd1.0,participation_setups K20 E5 f0.25 iid fedavg,post_cross,cli_dev_dominant_irrep_share,30,0.1955920794264963,0.12699517713224884,0.20215328969452515
C,f,0.5|wd1.0,participation_setups K20 E5 f0.25 iid fedavg,post_cross,cli_dev_irrep_structure,30,0.020579153594858738,0.01541383786860111,0.024280450325488073
C,f,0.5|wd1.0,participation_setups K20 E5 f0.5 iid fedavg,post_cross,cli_n,30,10.0,10.0,10.0
C,f,0.5|wd1.0,participation_setups K20 E5 f0.5 iid fedavg,post_cross,cli_agg_gap,30,5.145476152642338e-08,5.120788672532044e-08,5.174269875994307e-08
C,f,0.5|wd1.0,participation_setups K20 E5 f0.5 iid fedavg,post_cross,cli_rel_spread,30,0.016767457790706243,0.013443446485646788,0.02446719403194448
C,f,0.5|wd1.0,participation_setups K20 E5 f0.5 iid fedavg,post_cross,cli_cos_global_mean,30,0.9998595192880892,0.9997008610886312,0.9999093832983799
C,f,0.5|wd1.0,participation_setups K20 E5 f0.5 iid fedavg,post_cross,cli_cos_global_min,30,0.9998450487454309,0.9996866663856261,0.9998948593027429
C,f,0.5|wd1.0,participation_setups K20 E5 f0.5 iid fedavg,post_cross,cli_dev_pair_cos,30,-0.11105624756800034,-0.11107384487770189,-0.11080618060314605
C,f,0.5|wd1.0,participation_setups K20 E5 f0.5 iid fedavg,post_cross,cli_dev_eff_rank_frac,30,0.9989934807421259,0.9979477288295245,0.9995133975466468
C,f,0.5|wd1.0,participation_setups K20 E5 f0.5 iid fedavg,post_cross,cli_coherence,30,9.529237222078572e-12,4.488525011302472e-12,1.483067609918205e-11
C,f,0.5|wd1.0,participation_setups K20 E5 f0.5 iid fedavg,post_cross,cli_global_dominant_irrep_share,30,0.9869036903651112,0.8050524098038835,0.9874288398986271
C,f,0.5|wd1.0,participation_setups K20 E5 f0.5 iid fedavg,post_cross,cli_dev_dominant_irrep_share,30,0.20373461615112481,0.1979155809785129,0.28399167873196135
C,f,0.5|wd1.0,participation_setups K20 E5 f0.5 iid fedavg,post_cross,cli_dev_irrep_structure,30,0.01783183148581205,0.01415930199296394,0.02134055489937608
D,E,0.3|wd1.0,e50_long K10 E50 f1 iid fedavg,delay_or_stalled,cli_n,30,10.0,10.0,10.0
D,E,0.3|wd1.0,e50_long K10 E50 f1 iid fedavg,delay_or_stalled,cli_agg_gap,30,5.117620715324641e-08,5.100122836033684e-08,5.1321479882025874e-08
D,E,0.3|wd1.0,e50_long K10 E50 f1 iid fedavg,delay_or_stalled,cli_rel_spread,30,0.0882935536082487,0.08792163683453466,0.08868890098276518
D,E,0.3|wd1.0,e50_long K10 E50 f1 iid fedavg,delay_or_stalled,cli_cos_global_mean,30,0.9961249122704039,0.9960904693410487,0.9961573371035919
D,E,0.3|wd1.0,e50_long K10 E50 f1 iid fedavg,delay_or_stalled,cli_cos_global_min,30,0.9960309130068261,0.99598388418864,0.9960518915437173
D,E,0.3|wd1.0,e50_long K10 E50 f1 iid fedavg,delay_or_stalled,cli_dev_pair_cos,30,-0.11110159564536572,-0.1111056783462945,-0.11110009008385845
D,E,0.3|wd1.0,e50_long K10 E50 f1 iid fedavg,delay_or_stalled,cli_dev_eff_rank_frac,30,0.9999219487748043,0.9999055570865454,0.9999387551623271
D,E,0.3|wd1.0,e50_long K10 E50 f1 iid fedavg,delay_or_stalled,cli_coherence,30,3.3534527154180674e-13,3.315660365771329e-13,3.3950379402977373e-13
D,E,0.3|wd1.0,e50_long K10 E50 f1 iid fedavg,delay_or_stalled,cli_global_dominant_irrep_share,30,0.25157171243719056,0.23672393386947693,0.25476396642801524
D,E,0.3|wd1.0,e50_long K10 E50 f1 iid fedavg,delay_or_stalled,cli_dev_dominant_irrep_share,30,0.2997917877343822,0.29904432958275384,0.3007325961815938
D,E,0.3|wd1.0,e50_long K10 E50 f1 iid fedavg,delay_or_stalled,cli_dev_irrep_structure,30,0.002032312985054717,0.0019357189841526568,0.002440795202409852
D,E,0.3|wd1.0,local_epochs K10 E10 f1 iid fedavg,delay_or_stalled,cli_n,8,10.0,10.0,10.0
D,E,0.3|wd1.0,local_epochs K10 E10 f1 iid fedavg,delay_or_stalled,cli_agg_gap,8,5.131124371666028e-08,5.12121047559898e-08,5.1750901670514434e-08
D,E,0.3|wd1.0,local_epochs K10 E10 f1 iid fedavg,delay_or_stalled,cli_rel_spread,8,0.021831341114054416,0.021424102751479487,0.023229934519846673
D,E,0.3|wd1.0,local_epochs K10 E10 f1 iid fedavg,delay_or_stalled,cli_cos_global_mean,8,0.9997618011470621,0.9997302823674207,0.9997705888486257
D,E,0.3|wd1.0,local_epochs K10 E10 f1 iid fedavg,delay_or_stalled,cli_cos_global_min,8,0.9997570431848166,0.9997239157176315,0.9997649442257734
D,E,0.3|wd1.0,local_epochs K10 E10 f1 iid fedavg,delay_or_stalled,cli_dev_pair_cos,8,-0.11110571179818433,-0.11110596598748443,-0.11110531612101897
D,E,0.3|wd1.0,local_epochs K10 E10 f1 iid fedavg,delay_or_stalled,cli_dev_eff_rank_frac,8,0.9999406144660768,0.9999334041696388,0.9999435267171003
D,E,0.3|wd1.0,local_epochs K10 E10 f1 iid fedavg,delay_or_stalled,cli_coherence,8,5.554718179237194e-12,4.9736455029052095e-12,5.728976134421908e-12
D,E,0.3|wd1.0,local_epochs K10 E10 f1 iid fedavg,delay_or_stalled,cli_global_dominant_irrep_share,8,0.23709269195584048,0.23558153639238685,0.24048481731388732
D,E,0.3|wd1.0,local_epochs K10 E10 f1 iid fedavg,delay_or_stalled,cli_dev_dominant_irrep_share,8,0.2999902436453553,0.2987661132671642,0.30045046422615385
D,E,0.3|wd1.0,local_epochs K10 E10 f1 iid fedavg,delay_or_stalled,cli_dev_irrep_structure,8,0.002023297420021105,0.0016221825488652063,0.002544981199885281
D,E,0.3|wd1.0,local_epochs K10 E10 f1 iid fedavg,post_cross,cli_n,22,10.0,10.0,10.0
D,E,0.3|wd1.0,local_epochs K10 E10 f1 iid fedavg,post_cross,cli_agg_gap,22,5.16500017950507e-08,5.135130569022484e-08,5.190254000674811e-08
D,E,0.3|wd1.0,local_epochs K10 E10 f1 iid fedavg,post_cross,cli_rel_spread,22,0.02037976124081168,0.02002119234636053,0.0206106664099909
D,E,0.3|wd1.0,local_epochs K10 E10 f1 iid fedavg,post_cross,cli_cos_global_mean,22,0.9997924108295972,0.9997876873618233,0.9997996391660218
D,E,0.3|wd1.0,local_epochs K10 E10 f1 iid fedavg,post_cross,cli_cos_global_min,22,0.9997875206228883,0.999783362821325,0.9997934792972115
D,E,0.3|wd1.0,local_epochs K10 E10 f1 iid fedavg,post_cross,cli_dev_pair_cos,22,-0.11110524757204887,-0.11110691344117082,-0.11110272506780708
D,E,0.3|wd1.0,local_epochs K10 E10 f1 iid fedavg,post_cross,cli_dev_eff_rank_frac,22,0.999940073558381,0.9999280661244598,0.9999460020917628
D,E,0.3|wd1.0,local_epochs K10 E10 f1 iid fedavg,post_cross,cli_coherence,22,6.383728201607059e-12,6.230918000000883e-12,6.675997864146535e-12
D,E,0.3|wd1.0,local_epochs K10 E10 f1 iid fedavg,post_cross,cli_global_dominant_irrep_share,22,0.23441032851161414,0.23178948190048954,0.23603000367457377
D,E,0.3|wd1.0,local_epochs K10 E10 f1 iid fedavg,post_cross,cli_dev_dominant_irrep_share,22,0.2997700252042104,0.2982949680442679,0.30080703442383117
D,E,0.3|wd1.0,local_epochs K10 E10 f1 iid fedavg,post_cross,cli_dev_irrep_structure,22,0.002302687068497812,0.0021113089530422745,0.0029335675875378528
D,E,0.3|wd1.0,local_epochs K10 E25 f1 iid fedavg,delay_or_stalled,cli_n,12,10.0,10.0,10.0
D,E,0.3|wd1.0,local_epochs K10 E25 f1 iid fedavg,delay_or_stalled,cli_agg_gap,12,5.1343947056377937e-08,5.125762450170658e-08,5.144454201238628e-08
D,E,0.3|wd1.0,local_epochs K10 E25 f1 iid fedavg,delay_or_stalled,cli_rel_spread,12,0.04973770272249353,0.04886754892150047,0.051598142757783585
D,E,0.3|wd1.0,local_epochs K10 E25 f1 iid fedavg,delay_or_stalled,cli_cos_global_mean,12,0.9987654403038764,0.9986704794463596,0.9988081599770745
D,E,0.3|wd1.0,local_epochs K10 E25 f1 iid fedavg,delay_or_stalled,cli_cos_global_min,12,0.9987353017685623,0.9986293686430641,0.9987801503009655
D,E,0.3|wd1.0,local_epochs K10 E25 f1 iid fedavg,delay_or_stalled,cli_dev_pair_cos,12,-0.11110342444891036,-0.11110528338658149,-0.11110214206695881
D,E,0.3|wd1.0,local_epochs K10 E25 f1 iid fedavg,delay_or_stalled,cli_dev_eff_rank_frac,12,0.9999344698241657,0.9999273950393309,0.9999397202909298
D,E,0.3|wd1.0,local_epochs K10 E25 f1 iid fedavg,delay_or_stalled,cli_coherence,12,1.0665201558453743e-12,9.922714493958946e-13,1.1083497427899978e-12
D,E,0.3|wd1.0,local_epochs K10 E25 f1 iid fedavg,delay_or_stalled,cli_global_dominant_irrep_share,12,0.2344265251349428,0.2312939736081029,0.2390703922348689
D,E,0.3|wd1.0,local_epochs K10 E25 f1 iid fedavg,delay_or_stalled,cli_dev_dominant_irrep_share,12,0.3000331657544629,0.2984942948236078,0.3004019589378746
D,E,0.3|wd1.0,local_epochs K10 E25 f1 iid fedavg,delay_or_stalled,cli_dev_irrep_structure,12,0.002415417185130469,0.00203826311752123,0.0030168681441301933
D,E,0.3|wd1.0,local_epochs K10 E25 f1 iid fedavg,post_cross,cli_n,18,10.0,10.0,10.0
D,E,0.3|wd1.0,local_epochs K10 E25 f1 iid fedavg,post_cross,cli_agg_gap,18,5.1132145959466864e-08,5.101832132291512e-08,5.127045102406915e-08
D,E,0.3|wd1.0,local_epochs K10 E25 f1 iid fedavg,post_cross,cli_rel_spread,18,0.048071145977686185,0.047887015022960173,0.04823862108386439
D,E,0.3|wd1.0,local_epochs K10 E25 f1 iid fedavg,post_cross,cli_cos_global_mean,18,0.9988466868227317,0.9988386150324331,0.9988554727444403
D,E,0.3|wd1.0,local_epochs K10 E25 f1 iid fedavg,post_cross,cli_cos_global_min,18,0.9988209584052316,0.9988091767389458,0.9988351255277657
D,E,0.3|wd1.0,local_epochs K10 E25 f1 iid fedavg,post_cross,cli_dev_pair_cos,18,-0.1111050933345123,-0.11110675611291146,-0.11110412893430983
D,E,0.3|wd1.0,local_epochs K10 E25 f1 iid fedavg,post_cross,cli_dev_eff_rank_frac,18,0.9999355297988362,0.9999255546586606,0.9999390805955024
D,E,0.3|wd1.0,local_epochs K10 E25 f1 iid fedavg,post_cross,cli_coherence,18,1.131856312450622e-12,1.120939370594642e-12,1.1444398379757858e-12
D,E,0.3|wd1.0,local_epochs K10 E25 f1 iid fedavg,post_cross,cli_global_dominant_irrep_share,18,0.2328381619686046,0.2306635750483758,0.23587736465987563
D,E,0.3|wd1.0,local_epochs K10 E25 f1 iid fedavg,post_cross,cli_dev_dominant_irrep_share,18,0.30006985813767983,0.29928078490462406,0.3004791652964151
D,E,0.3|wd1.0,local_epochs K10 E25 f1 iid fedavg,post_cross,cli_dev_irrep_structure,18,0.0017494324158240492,0.001478664471399733,0.0021863680249117495
D,E,0.3|wd1.0,local_epochs K10 E50 f1 iid fedavg,delay_or_stalled,cli_n,30,10.0,10.0,10.0
D,E,0.3|wd1.0,local_epochs K10 E50 f1 iid fedavg,delay_or_stalled,cli_agg_gap,30,5.12509215195884e-08,5.112962234115011e-08,5.1437734846079084e-08
D,E,0.3|wd1.0,local_epochs K10 E50 f1 iid fedavg,delay_or_stalled,cli_rel_spread,30,0.08949630928503834,0.08866216285755278,0.09117278243467539
D,E,0.3|wd1.0,local_epochs K10 E50 f1 iid fedavg,delay_or_stalled,cli_cos_global_mean,30,0.9960193024855191,0.9958698189050489,0.996092949753124
D,E,0.3|wd1.0,local_epochs K10 E50 f1 iid fedavg,delay_or_stalled,cli_cos_global_min,30,0.9959266454345232,0.9957771599688687,0.9959804666544648
D,E,0.3|wd1.0,local_epochs K10 E50 f1 iid fedavg,delay_or_stalled,cli_dev_pair_cos,30,-0.11110279585894864,-0.11110789396895576,-0.11110008692182327
D,E,0.3|wd1.0,local_epochs K10 E50 f1 iid fedavg,delay_or_stalled,cli_dev_eff_rank_frac,30,0.9999271586551877,0.9999023666822154,0.9999482847131151
D,E,0.3|wd1.0,local_epochs K10 E50 f1 iid fedavg,delay_or_stalled,cli_coherence,30,3.274452674652952e-13,3.1554848440613907e-13,3.3345748256347126e-13
D,E,0.3|wd1.0,local_epochs K10 E50 f1 iid fedavg,delay_or_stalled,cli_global_dominant_irrep_share,30,0.24085521234552743,0.23792650761225909,0.25005618588647327
D,E,0.3|wd1.0,local_epochs K10 E50 f1 iid fedavg,delay_or_stalled,cli_dev_dominant_irrep_share,30,0.3000544755999226,0.29937239945458094,0.3005586652982529
D,E,0.3|wd1.0,local_epochs K10 E50 f1 iid fedavg,delay_or_stalled,cli_dev_irrep_structure,30,0.0017437103294193246,0.0013639014099141495,0.002275442099526857
D,K,0.3|wd1.0,aggregation K10 E5 f1 iid fedavg,delay_or_stalled,cli_n,9,10.0,10.0,10.0
D,K,0.3|wd1.0,aggregation K10 E5 f1 iid fedavg,delay_or_stalled,cli_agg_gap,9,5.1129879760201634e-08,5.103868104728234e-08,5.1458592312732664e-08
D,K,0.3|wd1.0,aggregation K10 E5 f1 iid fedavg,delay_or_stalled,cli_rel_spread,9,0.01123801001769841,0.011184057346174002,0.012237715004814027
D,K,0.3|wd1.0,aggregation K10 E5 f1 iid fedavg,delay_or_stalled,cli_cos_global_mean,9,0.999936862307089,0.9999251305501529,0.999937467452073
D,K,0.3|wd1.0,aggregation K10 E5 f1 iid fedavg,delay_or_stalled,cli_cos_global_min,9,0.9999353482419407,0.9999237401757636,0.9999359445105637
D,K,0.3|wd1.0,aggregation K10 E5 f1 iid fedavg,delay_or_stalled,cli_dev_pair_cos,9,-0.1111058733065343,-0.11110677502710903,-0.11110561404612039
D,K,0.3|wd1.0,aggregation K10 E5 f1 iid fedavg,delay_or_stalled,cli_dev_eff_rank_frac,9,0.9999372324461202,0.999932628951576,0.999945145002079
D,K,0.3|wd1.0,aggregation K10 E5 f1 iid fedavg,delay_or_stalled,cli_coherence,9,2.0476967362933036e-11,1.7881958642592755e-11,2.070030884990217e-11
D,K,0.3|wd1.0,aggregation K10 E5 f1 iid fedavg,delay_or_stalled,cli_global_dominant_irrep_share,9,0.23862182623873301,0.23027489168648457,0.24209924562479315
D,K,0.3|wd1.0,aggregation K10 E5 f1 iid fedavg,delay_or_stalled,cli_dev_dominant_irrep_share,9,0.3000394065585785,0.29782633673364356,0.300608747557353
D,K,0.3|wd1.0,aggregation K10 E5 f1 iid fedavg,delay_or_stalled,cli_dev_irrep_structure,9,0.002040037384119271,0.0015937667542895214,0.003034904845501731
D,K,0.3|wd1.0,aggregation K10 E5 f1 iid fedavg,post_cross,cli_n,21,10.0,10.0,10.0
D,K,0.3|wd1.0,aggregation K10 E5 f1 iid fedavg,post_cross,cli_agg_gap,21,5.141834550985544e-08,5.116331791569025e-08,5.1522227672669355e-08
D,K,0.3|wd1.0,aggregation K10 E5 f1 iid fedavg,post_cross,cli_rel_spread,21,0.010520652665859748,0.010391254448580994,0.010761555890073772
D,K,0.3|wd1.0,aggregation K10 E5 f1 iid fedavg,post_cross,cli_cos_global_mean,21,0.9999446667855454,0.9999421009379115,0.9999460200231635
D,K,0.3|wd1.0,aggregation K10 E5 f1 iid fedavg,post_cross,cli_cos_global_min,21,0.9999437727370912,0.9999406816883644,0.9999448449744427
D,K,0.3|wd1.0,aggregation K10 E5 f1 iid fedavg,post_cross,cli_dev_pair_cos,21,-0.11110692683908703,-0.11110838544394325,-0.11110502753365635
D,K,0.3|wd1.0,aggregation K10 E5 f1 iid fedavg,post_cross,cli_dev_eff_rank_frac,21,0.999945618094896,0.9999362268455455,0.9999527955198501
D,K,0.3|wd1.0,aggregation K10 E5 f1 iid fedavg,post_cross,cli_coherence,21,2.3667148462286644e-11,2.286826761575084e-11,2.4640624832605027e-11
D,K,0.3|wd1.0,aggregation K10 E5 f1 iid fedavg,post_cross,cli_global_dominant_irrep_share,21,0.23616114326355214,0.23249277280727532,0.23907266208588004
D,K,0.3|wd1.0,aggregation K10 E5 f1 iid fedavg,post_cross,cli_dev_dominant_irrep_share,21,0.29951917537647144,0.29842828439353564,0.3003039125514204
D,K,0.3|wd1.0,aggregation K10 E5 f1 iid fedavg,post_cross,cli_dev_irrep_structure,21,0.002451094406006012,0.0020268977401899204,0.0027978592327395305
D,K,0.3|wd1.0,aggregation K2 E5 f1 iid fedavg,post_cross,cli_n,30,2.0,2.0,2.0
D,K,0.3|wd1.0,aggregation K2 E5 f1 iid fedavg,post_cross,cli_agg_gap,30,3.2412687928622936e-08,3.22220524877812e-08,3.248282687209467e-08
D,K,0.3|wd1.0,aggregation K2 E5 f1 iid fedavg,post_cross,cli_rel_spread,30,0.0022125406415832876,0.002175714167252845,0.002226080979335919
D,K,0.3|wd1.0,aggregation K2 E5 f1 iid fedavg,post_cross,cli_cos_global_mean,30,0.9999975523698115,0.9999975224552548,0.9999976331179707
D,K,0.3|wd1.0,aggregation K2 E5 f1 iid fedavg,post_cross,cli_cos_global_min,30,0.9999975523307247,0.9999975223651608,0.999997633115781
D,K,0.3|wd1.0,aggregation K2 E5 f1 iid fedavg,post_cross,cli_dev_pair_cos,30,-1.0,-1.0,-1.0
D,K,0.3|wd1.0,aggregation K2 E5 f1 iid fedavg,post_cross,cli_dev_eff_rank_frac,30,1.0,1.0,1.0
D,K,0.3|wd1.0,aggregation K2 E5 f1 iid fedavg,post_cross,cli_coherence,30,2.1467112355140925e-10,2.0987331241389512e-10,2.2311851403314488e-10
D,K,0.3|wd1.0,aggregation K2 E5 f1 iid fedavg,post_cross,cli_global_dominant_irrep_share,30,0.2421060685808871,0.23279880734926187,0.27264314545660034
D,K,0.3|wd1.0,aggregation K2 E5 f1 iid fedavg,post_cross,cli_dev_dominant_irrep_share,30,0.2994497119628413,0.2968473105005493,0.3051972269457158
D,K,0.3|wd1.0,aggregation K2 E5 f1 iid fedavg,post_cross,cli_dev_irrep_structure,30,0.007769434289581947,0.006248494667906369,0.009501526577905664
D,K,0.3|wd1.0,aggregation K20 E5 f1 iid fedavg,delay_or_stalled,cli_n,10,20.0,20.0,20.0
D,K,0.3|wd1.0,aggregation K20 E5 f1 iid fedavg,delay_or_stalled,cli_agg_gap,10,7.065585759555022e-08,7.053513858779424e-08,7.078694374085822e-08
D,K,0.3|wd1.0,aggregation K20 E5 f1 iid fedavg,delay_or_stalled,cli_rel_spread,10,0.015197416672520534,0.014859160734020074,0.01628507672830549
D,K,0.3|wd1.0,aggregation K20 E5 f1 iid fedavg,delay_or_stalled,cli_cos_global_mean,10,0.9998845339433857,0.9998673053888665,0.999889629937809
D,K,0.3|wd1.0,aggregation K20 E5 f1 iid fedavg,delay_or_stalled,cli_cos_global_min,10,0.9998787771308506,0.9998602006744408,0.9998849478337756
D,K,0.3|wd1.0,aggregation K20 E5 f1 iid fedavg,delay_or_stalled,cli_dev_pair_cos,10,-0.05262057623046639,-0.05262350912947454,-0.052614049126788326
D,K,0.3|wd1.0,aggregation K20 E5 f1 iid fedavg,delay_or_stalled,cli_dev_eff_rank_frac,10,0.9998087621205786,0.9997563499781883,0.9998329962683846
D,K,0.3|wd1.0,aggregation K20 E5 f1 iid fedavg,delay_or_stalled,cli_coherence,10,2.167615102270957e-11,1.8915083121212568e-11,2.2548291286722925e-11
D,K,0.3|wd1.0,aggregation K20 E5 f1 iid fedavg,delay_or_stalled,cli_global_dominant_irrep_share,10,0.2172647926308788,0.2126755049650758,0.220208152596656
D,K,0.3|wd1.0,aggregation K20 E5 f1 iid fedavg,delay_or_stalled,cli_dev_dominant_irrep_share,10,0.3002413021700392,0.23098792449577785,0.3009770404786768
D,K,0.3|wd1.0,aggregation K20 E5 f1 iid fedavg,delay_or_stalled,cli_dev_irrep_structure,10,0.0015866610512095124,0.0008836618025924886,0.0017517729168937308
D,K,0.3|wd1.0,aggregation K20 E5 f1 iid fedavg,post_cross,cli_n,20,20.0,20.0,20.0
D,K,0.3|wd1.0,aggregation K20 E5 f1 iid fedavg,post_cross,cli_agg_gap,20,7.063762453345424e-08,7.042986190643023e-08,7.112031342683853e-08
D,K,0.3|wd1.0,aggregation K20 E5 f1 iid fedavg,post_cross,cli_rel_spread,20,0.014315715651996071,0.014135267642684581,0.014447932343411622
D,K,0.3|wd1.0,aggregation K20 E5 f1 iid fedavg,post_cross,cli_cos_global_mean,20,0.9998975575003981,0.9998956585430429,0.9999001209228583
D,K,0.3|wd1.0,aggregation K20 E5 f1 iid fedavg,post_cross,cli_cos_global_min,20,0.9998925423944369,0.9998903804096575,0.9998945311140479
D,K,0.3|wd1.0,aggregation K20 E5 f1 iid fedavg,post_cross,cli_dev_pair_cos,20,-0.052617349056473514,-0.05261957379895932,-0.05261331040160497
D,K,0.3|wd1.0,aggregation K20 E5 f1 iid fedavg,post_cross,cli_dev_eff_rank_frac,20,0.999773964229913,0.9997413825437494,0.9997967656472555
D,K,0.3|wd1.0,aggregation K20 E5 f1 iid fedavg,post_cross,cli_coherence,20,2.449403681734548e-11,2.387625119709e-11,2.520632110487999e-11
D,K,0.3|wd1.0,aggregation K20 E5 f1 iid fedavg,post_cross,cli_global_dominant_irrep_share,20,0.23598763452843682,0.22017741866244275,0.261442884282711
D,K,0.3|wd1.0,aggregation K20 E5 f1 iid fedavg,post_cross,cli_dev_dominant_irrep_share,20,0.13334315063109797,0.1329098960406291,0.13361033761337757
D,K,0.3|wd1.0,aggregation K20 E5 f1 iid fedavg,post_cross,cli_dev_irrep_structure,20,0.0011830079854820716,0.0009875560951536798,0.0014799832395577669
D,K,0.3|wd1.0,aggregation K5 E5 f1 iid fedavg,delay_or_stalled,cli_n,3,5.0,5.0,5.0
D,K,0.3|wd1.0,aggregation K5 E5 f1 iid fedavg,delay_or_stalled,cli_agg_gap,3,4.3224996056118504e-08,4.3054104782288677e-08,4.3357711231226846e-08
D,K,0.3|wd1.0,aggregation K5 E5 f1 iid fedavg,delay_or_stalled,cli_rel_spread,3,0.005938944075329784,0.005922853213763084,0.005959833692713522
D,K,0.3|wd1.0,aggregation K5 E5 f1 iid fedavg,delay_or_stalled,cli_cos_global_mean,3,0.9999823655611294,0.9999822418397408,0.9999824616821305
D,K,0.3|wd1.0,aggregation K5 E5 f1 iid fedavg,delay_or_stalled,cli_cos_global_min,3,0.9999818567578604,0.999981835757761,0.9999819629735742
D,K,0.3|wd1.0,aggregation K5 E5 f1 iid fedavg,delay_or_stalled,cli_dev_pair_cos,3,-0.24998132033814652,-0.2499825933234711,-0.24997780648296725
D,K,0.3|wd1.0,aggregation K5 E5 f1 iid fedavg,delay_or_stalled,cli_dev_eff_rank_frac,3,0.9999577837793178,0.9999438188199654,0.9999605715021073
D,K,0.3|wd1.0,aggregation K5 E5 f1 iid fedavg,delay_or_stalled,cli_coherence,3,5.2707892125594984e-11,5.247150044927136e-11,5.3166542041214077e-11
D,K,0.3|wd1.0,aggregation K5 E5 f1 iid fedavg,delay_or_stalled,cli_global_dominant_irrep_share,3,0.24526083774213125,0.2377885980148295,0.25287964278776404
D,K,0.3|wd1.0,aggregation K5 E5 f1 iid fedavg,delay_or_stalled,cli_dev_dominant_irrep_share,3,0.2983072058101788,0.29762070965162635,0.299518321981494
D,K,0.3|wd1.0,aggregation K5 E5 f1 iid fedavg,delay_or_stalled,cli_dev_irrep_structure,3,0.003028269272945948,0.0029961294685573415,0.003654583845988954
D,K,0.3|wd1.0,aggregation K5 E5 f1 iid fedavg,post_cross,cli_n,27,5.0,5.0,5.0
D,K,0.3|wd1.0,aggregation K5 E5 f1 iid fedavg,post_cross,cli_agg_gap,27,4.3166493800389635e-08,4.297984518812068e-08,4.3298258938725876e-08
D,K,0.3|wd1.0,aggregation K5 E5 f1 iid fedavg,post_cross,cli_rel_spread,27,0.005160271880067849,0.0051451641637066765,0.00525530867387085
D,K,0.3|wd1.0,aggregation K5 E5 f1 iid fedavg,post_cross,cli_cos_global_mean,27,0.9999866874859233,0.9999861925871387,0.9999867654225678
D,K,0.3|wd1.0,aggregation K5 E5 f1 iid fedavg,post_cross,cli_cos_global_min,27,0.9999863212772544,0.9999859742054882,0.9999864751326236
D,K,0.3|wd1.0,aggregation K5 E5 f1 iid fedavg,post_cross,cli_dev_pair_cos,27,-0.24998235058573504,-0.24999151737199266,-0.24997226708928227
D,K,0.3|wd1.0,aggregation K5 E5 f1 iid fedavg,post_cross,cli_dev_eff_rank_frac,27,0.9999497744614467,0.9999160889747095,0.9999743155053926
D,K,0.3|wd1.0,aggregation K5 E5 f1 iid fedavg,post_cross,cli_coherence,27,6.941560804348785e-11,6.734353938146006e-11,7.06181651020625e-11
D,K,0.3|wd1.0,aggregation K5 E5 f1 iid fedavg,post_cross,cli_global_dominant_irrep_share,27,0.24579590318997632,0.23633130719387796,0.26116498669202065
D,K,0.3|wd1.0,aggregation K5 E5 f1 iid fedavg,post_cross,cli_dev_dominant_irrep_share,27,0.29892304740471826,0.29815049119380377,0.2998512986861172
D,K,0.3|wd1.0,aggregation K5 E5 f1 iid fedavg,post_cross,cli_dev_irrep_structure,27,0.003900265201109499,0.0029653945618217086,0.004426394446899454
D,K,0.3|wd1.0,aggregation K50 E5 f1 iid fedavg,delay_or_stalled,cli_n,30,50.0,50.0,50.0
D,K,0.3|wd1.0,aggregation K50 E5 f1 iid fedavg,delay_or_stalled,cli_agg_gap,30,1.9762329085325486e-05,1.913005991486358e-05,2.070920736404425e-05
D,K,0.3|wd1.0,aggregation K50 E5 f1 iid fedavg,delay_or_stalled,cli_rel_spread,30,0.024259740924530412,0.023682582182460575,0.025590956115440953
D,K,0.3|wd1.0,aggregation K50 E5 f1 iid fedavg,delay_or_stalled,cli_cos_global_mean,30,0.9997058992909514,0.9996727499396517,0.9997197140367458
D,K,0.3|wd1.0,aggregation K50 E5 f1 iid fedavg,delay_or_stalled,cli_cos_global_min,30,0.999670705207468,0.9996326331913616,0.9996930936997153
D,K,0.3|wd1.0,aggregation K50 E5 f1 iid fedavg,delay_or_stalled,cli_dev_pair_cos,30,-0.020396224409596077,-0.0203963483458321,-0.020395648109471275
D,K,0.3|wd1.0,aggregation K50 E5 f1 iid fedavg,delay_or_stalled,cli_dev_eff_rank_frac,30,0.9994330397198505,0.9994202829520958,0.9994463198983287
D,K,0.3|wd1.0,aggregation K50 E5 f1 iid fedavg,delay_or_stalled,cli_coherence,30,6.543768284437805e-07,6.524488105903317e-07,6.584255129308451e-07
D,K,0.3|wd1.0,aggregation K50 E5 f1 iid fedavg,delay_or_stalled,cli_global_dominant_irrep_share,30,0.20732988355280213,0.20372345355435253,0.220264797021409
D,K,0.3|wd1.0,aggregation K50 E5 f1 iid fedavg,delay_or_stalled,cli_dev_dominant_irrep_share,30,0.2075772650456598,0.1336534059540941,0.20823657345803154
D,K,0.3|wd1.0,aggregation K50 E5 f1 iid fedavg,delay_or_stalled,cli_dev_irrep_structure,30,0.000943407637975738,0.0007842210588884916,0.001286560205873733
D,K,0.3|wd1.0,setup_k_ladder K10 E5 f1 iid fedavg,delay_or_stalled,cli_n,24,10.0,10.0,10.0
D,K,0.3|wd1.0,setup_k_ladder K10 E5 f1 iid fedavg,delay_or_stalled,cli_agg_gap,24,5.127665091873386e-08,5.112208916835425e-08,5.142233630263534e-08
D,K,0.3|wd1.0,setup_k_ladder K10 E5 f1 iid fedavg,delay_or_stalled,cli_rel_spread,24,0.011452594417287142,0.011128230747796376,0.012095446043335786
D,K,0.3|wd1.0,setup_k_ladder K10 E5 f1 iid fedavg,delay_or_stalled,cli_cos_global_mean,24,0.9999344271863113,0.9999268274975806,0.9999380910832074
D,K,0.3|wd1.0,setup_k_ladder K10 E5 f1 iid fedavg,delay_or_stalled,cli_cos_global_min,24,0.9999333147773067,0.9999254871598235,0.9999368594350402
D,K,0.3|wd1.0,setup_k_ladder K10 E5 f1 iid fedavg,delay_or_stalled,cli_dev_pair_cos,24,-0.11110656608010712,-0.11110786248519189,-0.11110573217562009
D,K,0.3|wd1.0,setup_k_ladder K10 E5 f1 iid fedavg,delay_or_stalled,cli_dev_eff_rank_frac,24,0.9999442764666913,0.9999412192990903,0.9999498355096625
D,K,0.3|wd1.0,setup_k_ladder K10 E5 f1 iid fedavg,delay_or_stalled,cli_coherence,24,2.0086305419415414e-11,1.783947172680419e-11,2.1181231209028897e-11
D,K,0.3|wd1.0,setup_k_ladder K10 E5 f1 iid fedavg,delay_or_stalled,cli_global_dominant_irrep_share,24,0.24728837984320645,0.232389112847514,0.25486117348809506
D,K,0.3|wd1.0,setup_k_ladder K10 E5 f1 iid fedavg,delay_or_stalled,cli_dev_dominant_irrep_share,24,0.3003964270933357,0.2994240809353136,0.3007131068862922
D,K,0.3|wd1.0,setup_k_ladder K10 E5 f1 iid fedavg,delay_or_stalled,cli_dev_irrep_structure,24,0.002202725255035783,0.0017144054382472276,0.0024987830694716603
D,K,0.3|wd1.0,setup_k_ladder K10 E5 f1 iid fedavg,post_cross,cli_n,6,10.0,10.0,10.0
D,K,0.3|wd1.0,setup_k_ladder K10 E5 f1 iid fedavg,post_cross,cli_agg_gap,6,5.143237572583961e-08,5.130290500446547e-08,5.143820091598413e-08
D,K,0.3|wd1.0,setup_k_ladder K10 E5 f1 iid fedavg,post_cross,cli_rel_spread,6,0.010767742505265313,0.010709092596056097,0.010804628614987075
D,K,0.3|wd1.0,setup_k_ladder K10 E5 f1 iid fedavg,post_cross,cli_cos_global_mean,6,0.999942036419798,0.9999416389113233,0.999942667863119
D,K,0.3|wd1.0,setup_k_ladder K10 E5 f1 iid fedavg,post_cross,cli_cos_global_min,6,0.9999404747215066,0.9999400649947338,0.9999413735219954
D,K,0.3|wd1.0,setup_k_ladder K10 E5 f1 iid fedavg,post_cross,cli_dev_pair_cos,6,-0.11110487569785876,-0.11110557956259427,-0.11110415507550193
D,K,0.3|wd1.0,setup_k_ladder K10 E5 f1 iid fedavg,post_cross,cli_dev_eff_rank_frac,6,0.9999288083208868,0.9999271841736552,0.9999389907023655
D,K,0.3|wd1.0,setup_k_ladder K10 E5 f1 iid fedavg,post_cross,cli_coherence,6,2.286031952234156e-11,2.2463924181591292e-11,2.3108162457551602e-11
D,K,0.3|wd1.0,setup_k_ladder K10 E5 f1 iid fedavg,post_cross,cli_global_dominant_irrep_share,6,0.2451745545698641,0.24195297686137818,0.2504963677210182
D,K,0.3|wd1.0,setup_k_ladder K10 E5 f1 iid fedavg,post_cross,cli_dev_dominant_irrep_share,6,0.30045267634731443,0.29979763225248185,0.3010368525264262
D,K,0.3|wd1.0,setup_k_ladder K10 E5 f1 iid fedavg,post_cross,cli_dev_irrep_structure,6,0.0021964407069202502,0.0018481013124340003,0.003073819550822951
D,K,0.3|wd1.0,setup_k_ladder K20 E5 f1 iid fedavg,delay_or_stalled,cli_n,26,20.0,20.0,20.0
D,K,0.3|wd1.0,setup_k_ladder K20 E5 f1 iid fedavg,delay_or_stalled,cli_agg_gap,26,7.062529645629178e-08,7.03312464906354e-08,7.102411601068327e-08
D,K,0.3|wd1.0,setup_k_ladder K20 E5 f1 iid fedavg,delay_or_stalled,cli_rel_spread,26,0.015157150971083035,0.014780231375107615,0.015789816406208815
D,K,0.3|wd1.0,setup_k_ladder K20 E5 f1 iid fedavg,delay_or_stalled,cli_cos_global_mean,26,0.9998851615515963,0.9998753767274792,0.9998908026680778
D,K,0.3|wd1.0,setup_k_ladder K20 E5 f1 iid fedavg,delay_or_stalled,cli_cos_global_min,26,0.9998798967542499,0.999869476154867,0.9998853184583782
D,K,0.3|wd1.0,setup_k_ladder K20 E5 f1 iid fedavg,delay_or_stalled,cli_dev_pair_cos,26,-0.05261748867322011,-0.05262293409111858,-0.05261411711605776
D,K,0.3|wd1.0,setup_k_ladder K20 E5 f1 iid fedavg,delay_or_stalled,cli_dev_eff_rank_frac,26,0.9997831087508298,0.9997480460085806,0.9998293579528709
D,K,0.3|wd1.0,setup_k_ladder K20 E5 f1 iid fedavg,delay_or_stalled,cli_coherence,26,2.1883698052529137e-11,2.027627460227412e-11,2.274049473758796e-11
D,K,0.3|wd1.0,setup_k_ladder K20 E5 f1 iid fedavg,delay_or_stalled,cli_global_dominant_irrep_share,26,0.21619159967089402,0.21392703404486768,0.22717644549189894
D,K,0.3|wd1.0,setup_k_ladder K20 E5 f1 iid fedavg,delay_or_stalled,cli_dev_dominant_irrep_share,26,0.20821671484478826,0.1338703578717289,0.29946592228949953
D,K,0.3|wd1.0,setup_k_ladder K20 E5 f1 iid fedavg,delay_or_stalled,cli_dev_irrep_structure,26,0.0013964680179779946,0.0011750693230740703,0.0019515942738173905
D,K,0.3|wd1.0,setup_k_ladder K20 E5 f1 iid fedavg,post_cross,cli_n,1,20.0,20.0,20.0
D,K,0.3|wd1.0,setup_k_ladder K20 E5 f1 iid fedavg,post_cross,cli_agg_gap,1,7.03780975175477e-08,7.03780975175477e-08,7.03780975175477e-08
D,K,0.3|wd1.0,setup_k_ladder K20 E5 f1 iid fedavg,post_cross,cli_rel_spread,1,0.014432110463927285,0.014432110463927285,0.014432110463927285
D,K,0.3|wd1.0,setup_k_ladder K20 E5 f1 iid fedavg,post_cross,cli_cos_global_mean,1,0.9998958861518842,0.9998958861518842,0.9998958861518842
D,K,0.3|wd1.0,setup_k_ladder K20 E5 f1 iid fedavg,post_cross,cli_cos_global_min,1,0.9998885206996349,0.9998885206996349,0.9998885206996349
D,K,0.3|wd1.0,setup_k_ladder K20 E5 f1 iid fedavg,post_cross,cli_dev_pair_cos,1,-0.05261752100248068,-0.05261752100248068,-0.05261752100248068
D,K,0.3|wd1.0,setup_k_ladder K20 E5 f1 iid fedavg,post_cross,cli_dev_eff_rank_frac,1,0.9997690997350643,0.9997690997350643,0.9997690997350643
D,K,0.3|wd1.0,setup_k_ladder K20 E5 f1 iid fedavg,post_cross,cli_coherence,1,2.3780191997276216e-11,2.3780191997276216e-11,2.3780191997276216e-11
D,K,0.3|wd1.0,setup_k_ladder K20 E5 f1 iid fedavg,post_cross,cli_global_dominant_irrep_share,1,0.243990495284427,0.243990495284427,0.243990495284427
D,K,0.3|wd1.0,setup_k_ladder K20 E5 f1 iid fedavg,post_cross,cli_dev_dominant_irrep_share,1,0.13380085954228024,0.13380085954228024,0.13380085954228024
D,K,0.3|wd1.0,setup_k_ladder K20 E5 f1 iid fedavg,post_cross,cli_dev_irrep_structure,1,0.0017324673872164322,0.0017324673872164322,0.0017324673872164322
D,K,0.3|wd1.0,setup_k_ladder K20 E5 f1 iid fedavg,pre_memo,cli_n,3,20.0,20.0,20.0
D,K,0.3|wd1.0,setup_k_ladder K20 E5 f1 iid fedavg,pre_memo,cli_agg_gap,3,7.060543307792387e-08,7.043954178326501e-08,7.071971335538254e-08
D,K,0.3|wd1.0,setup_k_ladder K20 E5 f1 iid fedavg,pre_memo,cli_rel_spread,3,0.01916783102053748,0.019163251429821313,0.019227847762408726
D,K,0.3|wd1.0,setup_k_ladder K20 E5 f1 iid fedavg,pre_memo,cli_cos_global_mean,3,0.9998163560353198,0.9998152052756109,0.9998164457282219
D,K,0.3|wd1.0,setup_k_ladder K20 E5 f1 iid fedavg,pre_memo,cli_cos_global_min,3,0.9998074669836938,0.999805123137354,0.9998081229718973
D,K,0.3|wd1.0,setup_k_ladder K20 E5 f1 iid fedavg,pre_memo,cli_dev_pair_cos,3,-0.05261816978363936,-0.05262064619172271,-0.05261516358396787
D,K,0.3|wd1.0,setup_k_ladder K20 E5 f1 iid fedavg,pre_memo,cli_dev_eff_rank_frac,3,0.9997940565235052,0.9997678780277826,0.9998247735434949
D,K,0.3|wd1.0,setup_k_ladder K20 E5 f1 iid fedavg,pre_memo,cli_coherence,3,1.3486993968486538e-11,1.3470540473395345e-11,1.3527722907886193e-11
D,K,0.3|wd1.0,setup_k_ladder K20 E5 f1 iid fedavg,pre_memo,cli_global_dominant_irrep_share,3,0.2638256841785245,0.25536988871773036,0.26425739374123863
D,K,0.3|wd1.0,setup_k_ladder K20 E5 f1 iid fedavg,pre_memo,cli_dev_dominant_irrep_share,3,0.30077841282305195,0.3005132572993632,0.30160968421703926
D,K,0.3|wd1.0,setup_k_ladder K20 E5 f1 iid fedavg,pre_memo,cli_dev_irrep_structure,3,0.001098351336814434,0.0010628287043010533,0.002419877017520141
D,K,0.3|wd1.0,setup_k_ladder K5 E5 f1 iid fedavg,delay_or_stalled,cli_n,6,5.0,5.0,5.0
D,K,0.3|wd1.0,setup_k_ladder K5 E5 f1 iid fedavg,delay_or_stalled,cli_agg_gap,6,4.284120752732701e-08,4.273441266768754e-08,4.28752903758363e-08
D,K,0.3|wd1.0,setup_k_ladder K5 E5 f1 iid fedavg,delay_or_stalled,cli_rel_spread,6,0.0072443144594723195,0.006312775736654931,0.008323253702635465
D,K,0.3|wd1.0,setup_k_ladder K5 E5 f1 iid fedavg,delay_or_stalled,cli_cos_global_mean,6,0.9999733359736427,0.9999653603271557,0.9999800765216028
D,K,0.3|wd1.0,setup_k_ladder K5 E5 f1 iid fedavg,delay_or_stalled,cli_cos_global_min,6,0.9999724584894778,0.9999647720072434,0.9999795846383558
D,K,0.3|wd1.0,setup_k_ladder K5 E5 f1 iid fedavg,delay_or_stalled,cli_dev_pair_cos,6,-0.2499799448376116,-0.249985379872027,-0.24997547687787236
D,K,0.3|wd1.0,setup_k_ladder K5 E5 f1 iid fedavg,delay_or_stalled,cli_dev_eff_rank_frac,6,0.9999450941121311,0.9999415797364806,0.9999621591000953
D,K,0.3|wd1.0,setup_k_ladder K5 E5 f1 iid fedavg,delay_or_stalled,cli_coherence,6,3.6625605740533194e-11,2.649705418297198e-11,4.606511104255331e-11
D,K,0.3|wd1.0,setup_k_ladder K5 E5 f1 iid fedavg,delay_or_stalled,cli_global_dominant_irrep_share,6,0.2517785603702118,0.2483618177904482,0.25827832339867507
D,K,0.3|wd1.0,setup_k_ladder K5 E5 f1 iid fedavg,delay_or_stalled,cli_dev_dominant_irrep_share,6,0.2989379684798351,0.29683280837616444,0.29936087579355064
D,K,0.3|wd1.0,setup_k_ladder K5 E5 f1 iid fedavg,delay_or_stalled,cli_dev_irrep_structure,6,0.0036883679050376,0.0031230695567444457,0.004433722203332479
D,K,0.3|wd1.0,setup_k_ladder K5 E5 f1 iid fedavg,post_cross,cli_n,24,5.0,5.0,5.0
D,K,0.3|wd1.0,setup_k_ladder K5 E5 f1 iid fedavg,post_cross,cli_agg_gap,24,4.3144802406081243e-08,4.298640532448331e-08,4.332255261189917e-08
D,K,0.3|wd1.0,setup_k_ladder K5 E5 f1 iid fedavg,post_cross,cli_rel_spread,24,0.005323543595417926,0.005257892846237868,0.00547411990180441
D,K,0.3|wd1.0,setup_k_ladder K5 E5 f1 iid fedavg,post_cross,cli_cos_global_mean,24,0.999985831104582,0.9999850182870242,0.999986178340954
D,K,0.3|wd1.0,setup_k_ladder K5 E5 f1 iid fedavg,post_cross,cli_cos_global_min,24,0.9999856063653481,0.9999848794058178,0.9999860008652279
D,K,0.3|wd1.0,setup_k_ladder K5 E5 f1 iid fedavg,post_cross,cli_dev_pair_cos,24,-0.24999220151466622,-0.24999675821745257,-0.24998981686550076
D,K,0.3|wd1.0,setup_k_ladder K5 E5 f1 iid fedavg,post_cross,cli_dev_eff_rank_frac,24,0.9999739754687519,0.9999652116465712,0.9999833159794868
D,K,0.3|wd1.0,setup_k_ladder K5 E5 f1 iid fedavg,post_cross,cli_coherence,24,6.593810997630082e-11,6.228247929183949e-11,6.725937839220239e-11
D,K,0.3|wd1.0,setup_k_ladder K5 E5 f1 iid fedavg,post_cross,cli_global_dominant_irrep_share,24,0.2582604499161756,0.2564341482293134,0.2593007096849824
D,K,0.3|wd1.0,setup_k_ladder K5 E5 f1 iid fedavg,post_cross,cli_dev_dominant_irrep_share,24,0.2979871214734986,0.29687267587952415,0.2995683446851819
D,K,0.3|wd1.0,setup_k_ladder K5 E5 f1 iid fedavg,post_cross,cli_dev_irrep_structure,24,0.004339067133721106,0.0038084919200585053,0.004956847686167321
D,K,0.3|wd1.0,setup_k_ladder K50 E5 f1 iid fedavg,delay_or_stalled,cli_n,30,50.0,50.0,50.0
D,K,0.3|wd1.0,setup_k_ladder K50 E5 f1 iid fedavg,delay_or_stalled,cli_agg_gap,30,2.1727828288089674e-05,2.06407954149034e-05,2.4168348337725062e-05
D,K,0.3|wd1.0,setup_k_ladder K50 E5 f1 iid fedavg,delay_or_stalled,cli_rel_spread,30,0.026862439749017326,0.025419371380262,0.029750522650151268
D,K,0.3|wd1.0,setup_k_ladder K50 E5 f1 iid fedavg,delay_or_stalled,cli_cos_global_mean,30,0.9996394331434746,0.9995578048490538,0.9996771106219192
D,K,0.3|wd1.0,setup_k_ladder K50 E5 f1 iid fedavg,delay_or_stalled,cli_cos_global_min,30,0.9996015338915094,0.9995052149460664,0.9996388402246498
D,K,0.3|wd1.0,setup_k_ladder K50 E5 f1 iid fedavg,delay_or_stalled,cli_dev_pair_cos,30,-0.020396110742845912,-0.02039623498605598,-0.020395366715441083
D,K,0.3|wd1.0,setup_k_ladder K50 E5 f1 iid fedavg,delay_or_stalled,cli_dev_eff_rank_frac,30,0.9994479036369445,0.9994304535904384,0.9994579996998492
D,K,0.3|wd1.0,setup_k_ladder K50 E5 f1 iid fedavg,delay_or_stalled,cli_coherence,30,6.556911568986054e-07,6.524227082686919e-07,6.585281749867229e-07
D,K,0.3|wd1.0,setup_k_ladder K50 E5 f1 iid fedavg,delay_or_stalled,cli_global_dominant_irrep_share,30,0.22056635996001125,0.20142396690972836,0.2302875001132144
D,K,0.3|wd1.0,setup_k_ladder K50 E5 f1 iid fedavg,delay_or_stalled,cli_dev_dominant_irrep_share,30,0.29966463298418866,0.2083298117230188,0.30004408990157366
D,K,0.3|wd1.0,setup_k_ladder K50 E5 f1 iid fedavg,delay_or_stalled,cli_dev_irrep_structure,30,0.0010264572793601003,0.000742236711501952,0.0012561144081937676
D,dirichlet,0.3|wd1.0,dirichlet_setups K10 E5 f1 dirichlet0.01 fedavg,delay_or_stalled,cli_n,30,10.0,10.0,10.0
D,dirichlet,0.3|wd1.0,dirichlet_setups K10 E5 f1 dirichlet0.01 fedavg,delay_or_stalled,cli_agg_gap,30,0.004049736341055774,0.003533777879456751,0.004863542204816001
D,dirichlet,0.3|wd1.0,dirichlet_setups K10 E5 f1 dirichlet0.01 fedavg,delay_or_stalled,cli_rel_spread,30,0.0496565346517552,0.04893124362746765,0.05251098197165833
D,dirichlet,0.3|wd1.0,dirichlet_setups K10 E5 f1 dirichlet0.01 fedavg,delay_or_stalled,cli_cos_global_mean,30,0.9988414927379587,0.9987112775593113,0.998864239719823
D,dirichlet,0.3|wd1.0,dirichlet_setups K10 E5 f1 dirichlet0.01 fedavg,delay_or_stalled,cli_cos_global_min,30,0.9987445066709617,0.9986156069702553,0.9987860035137676
D,dirichlet,0.3|wd1.0,dirichlet_setups K10 E5 f1 dirichlet0.01 fedavg,delay_or_stalled,cli_dev_pair_cos,30,-0.11094264303201978,-0.11101853046980112,-0.1107540056654592
D,dirichlet,0.3|wd1.0,dirichlet_setups K10 E5 f1 dirichlet0.01 fedavg,delay_or_stalled,cli_dev_eff_rank_frac,30,0.9936013033163535,0.9894599812086886,0.9948894790572305
D,dirichlet,0.3|wd1.0,dirichlet_setups K10 E5 f1 dirichlet0.01 fedavg,delay_or_stalled,cli_coherence,30,0.005865372643065447,0.005125224160664531,0.012396725200272716
D,dirichlet,0.3|wd1.0,dirichlet_setups K10 E5 f1 dirichlet0.01 fedavg,delay_or_stalled,cli_global_dominant_irrep_share,30,0.2774805471920154,0.2688764662596037,0.30226254041688977
D,dirichlet,0.3|wd1.0,dirichlet_setups K10 E5 f1 dirichlet0.01 fedavg,delay_or_stalled,cli_dev_dominant_irrep_share,30,0.15048226131310494,0.009208947205299623,0.3033394552085459
D,dirichlet,0.3|wd1.0,dirichlet_setups K10 E5 f1 dirichlet0.01 fedavg,delay_or_stalled,cli_dev_irrep_structure,30,0.010590331866503476,0.005808266015141125,0.012002172800532772
D,dirichlet,0.3|wd1.0,dirichlet_setups K10 E5 f1 dirichlet0.1 fedavg,delay_or_stalled,cli_n,30,10.0,10.0,10.0
D,dirichlet,0.3|wd1.0,dirichlet_setups K10 E5 f1 dirichlet0.1 fedavg,delay_or_stalled,cli_agg_gap,30,0.0014022529530595667,0.0013373747434394629,0.0014837233199374862
D,dirichlet,0.3|wd1.0,dirichlet_setups K10 E5 f1 dirichlet0.1 fedavg,delay_or_stalled,cli_rel_spread,30,0.017631756317860917,0.01713804501765384,0.018242591044106256
D,dirichlet,0.3|wd1.0,dirichlet_setups K10 E5 f1 dirichlet0.1 fedavg,delay_or_stalled,cli_cos_global_mean,30,0.9998456167560451,0.9998346208332541,0.9998541286264361
D,dirichlet,0.3|wd1.0,dirichlet_setups K10 E5 f1 dirichlet0.1 fedavg,delay_or_stalled,cli_cos_global_min,30,0.9998371777953536,0.9998239469733279,0.9998454525603295
D,dirichlet,0.3|wd1.0,dirichlet_setups K10 E5 f1 dirichlet0.1 fedavg,delay_or_stalled,cli_dev_pair_cos,30,-0.11109862714653237,-0.11110138199040481,-0.1110936859178777
D,dirichlet,0.3|wd1.0,dirichlet_setups K10 E5 f1 dirichlet0.1 fedavg,delay_or_stalled,cli_dev_eff_rank_frac,30,0.9998243845073199,0.9998137679808962,0.9998370199139688
D,dirichlet,0.3|wd1.0,dirichlet_setups K10 E5 f1 dirichlet0.1 fedavg,delay_or_stalled,cli_coherence,30,0.006822283293589349,0.005074567516984775,0.007056575306192985
D,dirichlet,0.3|wd1.0,dirichlet_setups K10 E5 f1 dirichlet0.1 fedavg,delay_or_stalled,cli_global_dominant_irrep_share,30,0.23202058686687232,0.22037435917191903,0.24943450020097643
D,dirichlet,0.3|wd1.0,dirichlet_setups K10 E5 f1 dirichlet0.1 fedavg,delay_or_stalled,cli_dev_dominant_irrep_share,30,0.2164780724863294,0.1354279720943964,0.29773441535726375
D,dirichlet,0.3|wd1.0,dirichlet_setups K10 E5 f1 dirichlet0.1 fedavg,delay_or_stalled,cli_dev_irrep_structure,30,0.004693243312879085,0.003741508339848351,0.005731646597551368
D,dirichlet,0.3|wd1.0,dirichlet_setups K10 E5 f1 dirichlet1 fedavg,delay_or_stalled,cli_n,30,10.0,10.0,10.0
D,dirichlet,0.3|wd1.0,dirichlet_setups K10 E5 f1 dirichlet1 fedavg,delay_or_stalled,cli_agg_gap,30,0.0003992646397932571,0.0003369321366544284,0.00048448267310226636
D,dirichlet,0.3|wd1.0,dirichlet_setups K10 E5 f1 dirichlet1 fedavg,delay_or_stalled,cli_rel_spread,30,0.011439689168652071,0.011309823270506524,0.01164659946156888
D,dirichlet,0.3|wd1.0,dirichlet_setups K10 E5 f1 dirichlet1 fedavg,delay_or_stalled,cli_cos_global_mean,30,0.9999346156326501,0.999932229392412,0.9999360842675099
D,dirichlet,0.3|wd1.0,dirichlet_setups K10 E5 f1 dirichlet1 fedavg,delay_or_stalled,cli_cos_global_min,30,0.9999318971930773,0.9999289950710122,0.9999333466936026
D,dirichlet,0.3|wd1.0,dirichlet_setups K10 E5 f1 dirichlet1 fedavg,delay_or_stalled,cli_dev_pair_cos,30,-0.11110276409938691,-0.11110443181463701,-0.11110128313477041
D,dirichlet,0.3|wd1.0,dirichlet_setups K10 E5 f1 dirichlet1 fedavg,delay_or_stalled,cli_dev_eff_rank_frac,30,0.9999263554151538,0.9999186882841522,0.9999320130756529
D,dirichlet,0.3|wd1.0,dirichlet_setups K10 E5 f1 dirichlet1 fedavg,delay_or_stalled,cli_coherence,30,0.0012901490315578637,0.0008166826297164803,0.0017985148935284426
D,dirichlet,0.3|wd1.0,dirichlet_setups K10 E5 f1 dirichlet1 fedavg,delay_or_stalled,cli_global_dominant_irrep_share,30,0.2273684210388289,0.21873134919158796,0.23370034282090674
D,dirichlet,0.3|wd1.0,dirichlet_setups K10 E5 f1 dirichlet1 fedavg,delay_or_stalled,cli_dev_dominant_irrep_share,30,0.21633874448624785,0.1333617341316445,0.29980582478316714
D,dirichlet,0.3|wd1.0,dirichlet_setups K10 E5 f1 dirichlet1 fedavg,delay_or_stalled,cli_dev_irrep_structure,30,0.002189113472269516,0.0016337385011535848,0.002776150166562767
D,dirichlet,0.3|wd1.0,dirichlet_setups K10 E5 f1 dirichlet10 fedavg,delay_or_stalled,cli_n,6,10.0,10.0,10.0
D,dirichlet,0.3|wd1.0,dirichlet_setups K10 E5 f1 dirichlet10 fedavg,delay_or_stalled,cli_agg_gap,6,0.0002813845725168744,0.00023885840184875804,0.000299105356018894
D,dirichlet,0.3|wd1.0,dirichlet_setups K10 E5 f1 dirichlet10 fedavg,delay_or_stalled,cli_rel_spread,6,0.011510457531349605,0.01095852835372111,0.012087816917390571
D,dirichlet,0.3|wd1.0,dirichlet_setups K10 E5 f1 dirichlet10 fedavg,delay_or_stalled,cli_cos_global_mean,6,0.9999336428605434,0.9999269862539322,0.9999399863027757
D,dirichlet,0.3|wd1.0,dirichlet_setups K10 E5 f1 dirichlet10 fedavg,delay_or_stalled,cli_cos_global_min,6,0.999930543607461,0.9999242058167972,0.9999357913703548
D,dirichlet,0.3|wd1.0,dirichlet_setups K10 E5 f1 dirichlet10 fedavg,delay_or_stalled,cli_dev_pair_cos,6,-0.11109710357140012,-0.11110365263010155,-0.11109311055008625
D,dirichlet,0.3|wd1.0,dirichlet_setups K10 E5 f1 dirichlet10 fedavg,delay_or_stalled,cli_dev_eff_rank_frac,6,0.9999090156162285,0.9998861002287935,0.999933360342895
D,dirichlet,0.3|wd1.0,dirichlet_setups K10 E5 f1 dirichlet10 fedavg,delay_or_stalled,cli_coherence,6,0.0006153424391983379,0.0004189237101903542,0.0006803831914621882
D,dirichlet,0.3|wd1.0,dirichlet_setups K10 E5 f1 dirichlet10 fedavg,delay_or_stalled,cli_global_dominant_irrep_share,6,0.23634261408003143,0.23431387202171666,0.23949443196277231
D,dirichlet,0.3|wd1.0,dirichlet_setups K10 E5 f1 dirichlet10 fedavg,delay_or_stalled,cli_dev_dominant_irrep_share,6,0.299069461458879,0.2983219561352777,0.2997910090923395
D,dirichlet,0.3|wd1.0,dirichlet_setups K10 E5 f1 dirichlet10 fedavg,delay_or_stalled,cli_dev_irrep_structure,6,0.002413777587717427,0.0013313788362913925,0.0024456468648187315
D,dirichlet,0.3|wd1.0,dirichlet_setups K10 E5 f1 dirichlet10 fedavg,post_cross,cli_n,24,10.0,10.0,10.0
D,dirichlet,0.3|wd1.0,dirichlet_setups K10 E5 f1 dirichlet10 fedavg,post_cross,cli_agg_gap,24,0.0002541657432478989,0.00019114431592946022,0.00026363625113142374
D,dirichlet,0.3|wd1.0,dirichlet_setups K10 E5 f1 dirichlet10 fedavg,post_cross,cli_rel_spread,24,0.010140424446338926,0.010041423141151393,0.01031388340127824
D,dirichlet,0.3|wd1.0,dirichlet_setups K10 E5 f1 dirichlet10 fedavg,post_cross,cli_cos_global_mean,24,0.9999485947326406,0.9999468198518322,0.9999495955774689
D,dirichlet,0.3|wd1.0,dirichlet_setups K10 E5 f1 dirichlet10 fedavg,post_cross,cli_cos_global_min,24,0.9999441428259803,0.999942603865923,0.9999450249995341
D,dirichlet,0.3|wd1.0,dirichlet_setups K10 E5 f1 dirichlet10 fedavg,post_cross,cli_dev_pair_cos,24,-0.11107371783872844,-0.11108581672616763,-0.11105649573110261
D,dirichlet,0.3|wd1.0,dirichlet_setups K10 E5 f1 dirichlet10 fedavg,post_cross,cli_dev_eff_rank_frac,24,0.9997854048787291,0.9997170429428243,0.9998449186925378
D,dirichlet,0.3|wd1.0,dirichlet_setups K10 E5 f1 dirichlet10 fedavg,post_cross,cli_coherence,24,0.0006250199214165067,0.0003435412481390293,0.0006938668563629881
D,dirichlet,0.3|wd1.0,dirichlet_setups K10 E5 f1 dirichlet10 fedavg,post_cross,cli_global_dominant_irrep_share,24,0.24228225286292215,0.2161750250904309,0.24862066427798746
D,dirichlet,0.3|wd1.0,dirichlet_setups K10 E5 f1 dirichlet10 fedavg,post_cross,cli_dev_dominant_irrep_share,24,0.2993441694225088,0.21046132187148098,0.30020516506459866
D,dirichlet,0.3|wd1.0,dirichlet_setups K10 E5 f1 dirichlet10 fedavg,post_cross,cli_dev_irrep_structure,24,0.002025498925140343,0.0015626030618045037,0.002888055532947679
D,dirichlet,0.3|wd1.0,dirichlet_setups K10 E5 f1 dirichlet1000 fedavg,delay_or_stalled,cli_n,4,10.0,10.0,10.0
D,dirichlet,0.3|wd1.0,dirichlet_setups K10 E5 f1 dirichlet1000 fedavg,delay_or_stalled,cli_agg_gap,4,0.00025299530151134866,0.0002441364719140723,0.00026405671673829787
D,dirichlet,0.3|wd1.0,dirichlet_setups K10 E5 f1 dirichlet1000 fedavg,delay_or_stalled,cli_rel_spread,4,0.011966051955311812,0.011694070932276882,0.012028183034904999
D,dirichlet,0.3|wd1.0,dirichlet_setups K10 E5 f1 dirichlet1000 fedavg,delay_or_stalled,cli_cos_global_mean,4,0.9999284279080869,0.9999276790283103,0.9999315458451479
D,dirichlet,0.3|wd1.0,dirichlet_setups K10 E5 f1 dirichlet1000 fedavg,delay_or_stalled,cli_cos_global_min,4,0.9999239700883301,0.9999233584862336,0.9999269312120357
D,dirichlet,0.3|wd1.0,dirichlet_setups K10 E5 f1 dirichlet1000 fedavg,delay_or_stalled,cli_dev_pair_cos,4,-0.11109882232958936,-0.11110259105134616,-0.11109197669302918
D,dirichlet,0.3|wd1.0,dirichlet_setups K10 E5 f1 dirichlet1000 fedavg,delay_or_stalled,cli_dev_eff_rank_frac,4,0.9999095028750328,0.999879536590977,0.9999267740820501
D,dirichlet,0.3|wd1.0,dirichlet_setups K10 E5 f1 dirichlet1000 fedavg,delay_or_stalled,cli_coherence,4,0.0004890262837635437,0.000454328052390685,0.0005073295272922002
D,dirichlet,0.3|wd1.0,dirichlet_setups K10 E5 f1 dirichlet1000 fedavg,delay_or_stalled,cli_global_dominant_irrep_share,4,0.24244893480293273,0.23747542723408033,0.2465218585949166
D,dirichlet,0.3|wd1.0,dirichlet_setups K10 E5 f1 dirichlet1000 fedavg,delay_or_stalled,cli_dev_dominant_irrep_share,4,0.3007599522704013,0.3004014710991281,0.3010698655330788
D,dirichlet,0.3|wd1.0,dirichlet_setups K10 E5 f1 dirichlet1000 fedavg,delay_or_stalled,cli_dev_irrep_structure,4,0.0019447638990035226,0.001430967815510977,0.0026474278129953992
D,dirichlet,0.3|wd1.0,dirichlet_setups K10 E5 f1 dirichlet1000 fedavg,post_cross,cli_n,26,10.0,10.0,10.0
D,dirichlet,0.3|wd1.0,dirichlet_setups K10 E5 f1 dirichlet1000 fedavg,post_cross,cli_agg_gap,26,0.00021072763010605052,0.0002004943609382113,0.00022214250407514723
D,dirichlet,0.3|wd1.0,dirichlet_setups K10 E5 f1 dirichlet1000 fedavg,post_cross,cli_rel_spread,26,0.009896794591175546,0.009778980675828854,0.010004817358996516
D,dirichlet,0.3|wd1.0,dirichlet_setups K10 E5 f1 dirichlet1000 fedavg,post_cross,cli_cos_global_mean,26,0.9999510247132809,0.9999499570194297,0.9999521845976196
D,dirichlet,0.3|wd1.0,dirichlet_setups K10 E5 f1 dirichlet1000 fedavg,post_cross,cli_cos_global_min,26,0.9999462923099034,0.9999454028183178,0.9999468377304978
D,dirichlet,0.3|wd1.0,dirichlet_setups K10 E5 f1 dirichlet1000 fedavg,post_cross,cli_dev_pair_cos,26,-0.11106797736721127,-0.11108099765239675,-0.11105975647253881
D,dirichlet,0.3|wd1.0,dirichlet_setups K10 E5 f1 dirichlet1000 fedavg,post_cross,cli_dev_eff_rank_frac,26,0.9997719093669271,0.9997335970520999,0.9998165867822235
D,dirichlet,0.3|wd1.0,dirichlet_setups K10 E5 f1 dirichlet1000 fedavg,post_cross,cli_coherence,26,0.00047256069409377694,0.00040384176408536496,0.0004971970888437168
D,dirichlet,0.3|wd1.0,dirichlet_setups K10 E5 f1 dirichlet1000 fedavg,post_cross,cli_global_dominant_irrep_share,26,0.23307688864523327,0.22981329643972484,0.2510264199971177
D,dirichlet,0.3|wd1.0,dirichlet_setups K10 E5 f1 dirichlet1000 fedavg,post_cross,cli_dev_dominant_irrep_share,26,0.2998997597711044,0.299094542424144,0.30016104487004003
D,dirichlet,0.3|wd1.0,dirichlet_setups K10 E5 f1 dirichlet1000 fedavg,post_cross,cli_dev_irrep_structure,26,0.0025590868915787743,0.001991260315661325,0.0028490156452915995
D,f,0.3|wd1.0,participation_setups K20 E5 f0.25 iid fedavg,delay_or_stalled,cli_n,1,5.0,5.0,5.0
D,f,0.3|wd1.0,participation_setups K20 E5 f0.25 iid fedavg,delay_or_stalled,cli_agg_gap,1,4.332089044320217e-08,4.332089044320217e-08,4.332089044320217e-08
D,f,0.3|wd1.0,participation_setups K20 E5 f0.25 iid fedavg,delay_or_stalled,cli_rel_spread,1,0.013176815521152234,0.013176815521152234,0.013176815521152234
D,f,0.3|wd1.0,participation_setups K20 E5 f0.25 iid fedavg,delay_or_stalled,cli_cos_global_mean,1,0.9999132116363854,0.9999132116363854,0.9999132116363854
D,f,0.3|wd1.0,participation_setups K20 E5 f0.25 iid fedavg,delay_or_stalled,cli_cos_global_min,1,0.999908572315662,0.999908572315662,0.999908572315662
D,f,0.3|wd1.0,participation_setups K20 E5 f0.25 iid fedavg,delay_or_stalled,cli_dev_pair_cos,1,-0.24993863827674473,-0.24993863827674473,-0.24993863827674473
D,f,0.3|wd1.0,participation_setups K20 E5 f0.25 iid fedavg,delay_or_stalled,cli_dev_eff_rank_frac,1,0.9998523421464973,0.9998523421464973,0.9998523421464973
D,f,0.3|wd1.0,participation_setups K20 E5 f0.25 iid fedavg,delay_or_stalled,cli_coherence,1,1.0808708846732608e-11,1.0808708846732608e-11,1.0808708846732608e-11
D,f,0.3|wd1.0,participation_setups K20 E5 f0.25 iid fedavg,delay_or_stalled,cli_global_dominant_irrep_share,1,0.2439006042215277,0.2439006042215277,0.2439006042215277
D,f,0.3|wd1.0,participation_setups K20 E5 f0.25 iid fedavg,delay_or_stalled,cli_dev_dominant_irrep_share,1,0.20587079277989243,0.20587079277989243,0.20587079277989243
D,f,0.3|wd1.0,participation_setups K20 E5 f0.25 iid fedavg,delay_or_stalled,cli_dev_irrep_structure,1,0.0029993729721642546,0.0029993729721642546,0.0029993729721642546
D,f,0.3|wd1.0,participation_setups K20 E5 f0.25 iid fedavg,post_cross,cli_n,29,5.0,5.0,5.0
D,f,0.3|wd1.0,participation_setups K20 E5 f0.25 iid fedavg,post_cross,cli_agg_gap,29,4.3051943234372474e-08,4.296732718398033e-08,4.320927474289254e-08
D,f,0.3|wd1.0,participation_setups K20 E5 f0.25 iid fedavg,post_cross,cli_rel_spread,29,0.012794202016114956,0.012676243507815984,0.01293294279694035
D,f,0.3|wd1.0,participation_setups K20 E5 f0.25 iid fedavg,post_cross,cli_cos_global_mean,29,0.9999181902383041,0.9999164051770313,0.9999196709520362
D,f,0.3|wd1.0,participation_setups K20 E5 f0.25 iid fedavg,post_cross,cli_cos_global_min,29,0.999915788282753,0.9999129882673825,0.9999174363510283
D,f,0.3|wd1.0,participation_setups K20 E5 f0.25 iid fedavg,post_cross,cli_dev_pair_cos,29,-0.24997132906715347,-0.24998355129927835,-0.24996251116421758
D,f,0.3|wd1.0,participation_setups K20 E5 f0.25 iid fedavg,post_cross,cli_dev_eff_rank_frac,29,0.9999298661457368,0.9999081416815221,0.9999542645933133
D,f,0.3|wd1.0,participation_setups K20 E5 f0.25 iid fedavg,post_cross,cli_coherence,29,1.1292684744430167e-11,1.106232944475651e-11,1.1552739738233013e-11
D,f,0.3|wd1.0,participation_setups K20 E5 f0.25 iid fedavg,post_cross,cli_global_dominant_irrep_share,29,0.262340687224407,0.2584610523626606,0.2775420831435719
D,f,0.3|wd1.0,participation_setups K20 E5 f0.25 iid fedavg,post_cross,cli_dev_dominant_irrep_share,29,0.13346938162186303,0.13201386247099225,0.20644966987597851
D,f,0.3|wd1.0,participation_setups K20 E5 f0.25 iid fedavg,post_cross,cli_dev_irrep_structure,29,0.0030090236909855383,0.002513924140014458,0.0034800316667069515
D,f,0.3|wd1.0,participation_setups K20 E5 f0.5 iid fedavg,delay_or_stalled,cli_n,6,10.0,10.0,10.0
D,f,0.3|wd1.0,participation_setups K20 E5 f0.5 iid fedavg,delay_or_stalled,cli_agg_gap,6,5.220536531024976e-08,5.2190089353395074e-08,5.2295967652622494e-08
D,f,0.3|wd1.0,participation_setups K20 E5 f0.5 iid fedavg,delay_or_stalled,cli_rel_spread,6,0.014524096766528601,0.014234366367579134,0.014829945996110604
D,f,0.3|wd1.0,participation_setups K20 E5 f0.5 iid fedavg,delay_or_stalled,cli_cos_global_mean,6,0.9998945362611408,0.9998900667007413,0.9998987209083325
D,f,0.3|wd1.0,participation_setups K20 E5 f0.5 iid fedavg,delay_or_stalled,cli_cos_global_min,6,0.9998894814261965,0.9998858042298511,0.9998943597737995
D,f,0.3|wd1.0,participation_setups K20 E5 f0.5 iid fedavg,delay_or_stalled,cli_dev_pair_cos,6,-0.11109287740627108,-0.11109567867628703,-0.11108860673677709
D,f,0.3|wd1.0,participation_setups K20 E5 f0.5 iid fedavg,delay_or_stalled,cli_dev_eff_rank_frac,6,0.9998666812270043,0.9998500300047287,0.9998871868827909
D,f,0.3|wd1.0,participation_setups K20 E5 f0.5 iid fedavg,delay_or_stalled,cli_coherence,6,1.2852219142892385e-11,1.2589120433198304e-11,1.340695771436458e-11
D,f,0.3|wd1.0,participation_setups K20 E5 f0.5 iid fedavg,delay_or_stalled,cli_global_dominant_irrep_share,6,0.21802974948756898,0.2157530448625143,0.22058076128961224
D,f,0.3|wd1.0,participation_setups K20 E5 f0.5 iid fedavg,delay_or_stalled,cli_dev_dominant_irrep_share,6,0.20767268847797785,0.20744868295765664,0.20973399333909443
D,f,0.3|wd1.0,participation_setups K20 E5 f0.5 iid fedavg,delay_or_stalled,cli_dev_irrep_structure,6,0.0018130688218216317,0.0012711282922643805,0.002396715193411529
D,f,0.3|wd1.0,participation_setups K20 E5 f0.5 iid fedavg,post_cross,cli_n,24,10.0,10.0,10.0
D,f,0.3|wd1.0,participation_setups K20 E5 f0.5 iid fedavg,post_cross,cli_agg_gap,24,5.2425823121693305e-08,5.214200166530511e-08,5.260445846653466e-08
D,f,0.3|wd1.0,participation_setups K20 E5 f0.5 iid fedavg,post_cross,cli_rel_spread,24,0.01377605855544816,0.013691555015124066,0.01394939408196562
D,f,0.3|wd1.0,participation_setups K20 E5 f0.5 iid fedavg,post_cross,cli_cos_global_mean,24,0.9999051299067689,0.9999027395295247,0.9999062956842897
D,f,0.3|wd1.0,participation_setups K20 E5 f0.5 iid fedavg,post_cross,cli_cos_global_min,24,0.9999007087233845,0.9998982641482173,0.9999016407735958
D,f,0.3|wd1.0,participation_setups K20 E5 f0.5 iid fedavg,post_cross,cli_dev_pair_cos,24,-0.11108860581028339,-0.11109611830736449,-0.11108245122127053
D,f,0.3|wd1.0,participation_setups K20 E5 f0.5 iid fedavg,post_cross,cli_dev_eff_rank_frac,24,0.9998658351761283,0.9998217964726818,0.9998846116787363
D,f,0.3|wd1.0,participation_setups K20 E5 f0.5 iid fedavg,post_cross,cli_coherence,24,1.4455015946357873e-11,1.4126446647874609e-11,1.47340940868644e-11
D,f,0.3|wd1.0,participation_setups K20 E5 f0.5 iid fedavg,post_cross,cli_global_dominant_irrep_share,24,0.22435093798989775,0.21493821384660575,0.2699863432941889
D,f,0.3|wd1.0,participation_setups K20 E5 f0.5 iid fedavg,post_cross,cli_dev_dominant_irrep_share,24,0.1337784123739285,0.13293830266035594,0.20782671277162174
D,f,0.3|wd1.0,participation_setups K20 E5 f0.5 iid fedavg,post_cross,cli_dev_irrep_structure,24,0.002395977203630481,0.0016180903263999578,0.002783219138232244
D,partition,0.3|wd1.0,partitions K10 E5 f1 dirichlet0.5 fedavg,delay_or_stalled,cli_n,30,10.0,10.0,10.0
D,partition,0.3|wd1.0,partitions K10 E5 f1 dirichlet0.5 fedavg,delay_or_stalled,cli_agg_gap,30,0.0004864671430211708,0.0004330913472354131,0.0005604517427243436
D,partition,0.3|wd1.0,partitions K10 E5 f1 dirichlet0.5 fedavg,delay_or_stalled,cli_rel_spread,30,0.011862588638121115,0.011734345708889178,0.012197003338216196
D,partition,0.3|wd1.0,partitions K10 E5 f1 dirichlet0.5 fedavg,delay_or_stalled,cli_cos_global_mean,30,0.9999296924398078,0.9999256577435749,0.9999311936777552
D,partition,0.3|wd1.0,partitions K10 E5 f1 dirichlet0.5 fedavg,delay_or_stalled,cli_cos_global_min,30,0.9999255973453702,0.9999208003141962,0.9999276875938877
D,partition,0.3|wd1.0,partitions K10 E5 f1 dirichlet0.5 fedavg,delay_or_stalled,cli_dev_pair_cos,30,-0.1111021081221994,-0.11110498961775755,-0.11109883845126746
D,partition,0.3|wd1.0,partitions K10 E5 f1 dirichlet0.5 fedavg,delay_or_stalled,cli_dev_eff_rank_frac,30,0.999922853985026,0.9999102711684971,0.9999422243700984
D,partition,0.3|wd1.0,partitions K10 E5 f1 dirichlet0.5 fedavg,delay_or_stalled,cli_coherence,30,0.0017681592465850807,0.001245689929227224,0.0022354160282628583
D,partition,0.3|wd1.0,partitions K10 E5 f1 dirichlet0.5 fedavg,delay_or_stalled,cli_global_dominant_irrep_share,30,0.23260581093596372,0.22609268895447515,0.2560148714215247
D,partition,0.3|wd1.0,partitions K10 E5 f1 dirichlet0.5 fedavg,delay_or_stalled,cli_dev_dominant_irrep_share,30,0.135015122286045,0.13335667010025615,0.20957747771294982
D,partition,0.3|wd1.0,partitions K10 E5 f1 dirichlet0.5 fedavg,delay_or_stalled,cli_dev_irrep_structure,30,0.0025884252803552252,0.0020660419269141785,0.003397293117997237
D,partition,0.3|wd1.0,partitions K10 E5 f1 operand fedavg,delay_or_stalled,cli_n,30,10.0,10.0,10.0
D,partition,0.3|wd1.0,partitions K10 E5 f1 operand fedavg,delay_or_stalled,cli_agg_gap,30,0.00012900499933975507,0.0001201334335155447,0.00022873529403382063
D,partition,0.3|wd1.0,partitions K10 E5 f1 operand fedavg,delay_or_stalled,cli_rel_spread,30,0.015054195989481831,0.015044199524982177,0.015115694590097936
D,partition,0.3|wd1.0,partitions K10 E5 f1 operand fedavg,delay_or_stalled,cli_cos_global_mean,30,0.9998867050657818,0.999885778744743,0.9998868554158441
D,partition,0.3|wd1.0,partitions K10 E5 f1 operand fedavg,delay_or_stalled,cli_cos_global_min,30,0.9998849797843548,0.9998843105451987,0.9998855207661465
D,partition,0.3|wd1.0,partitions K10 E5 f1 operand fedavg,delay_or_stalled,cli_dev_pair_cos,30,-0.1111110597383844,-0.11111107660411851,-0.1111110442025142
D,partition,0.3|wd1.0,partitions K10 E5 f1 operand fedavg,delay_or_stalled,cli_dev_eff_rank_frac,30,0.9999997659494327,0.9999996951681022,0.9999998427722717
D,partition,0.3|wd1.0,partitions K10 E5 f1 operand fedavg,delay_or_stalled,cli_coherence,30,7.33605634881804e-05,6.301912836491866e-05,0.00023119335648748036
D,partition,0.3|wd1.0,partitions K10 E5 f1 operand fedavg,delay_or_stalled,cli_global_dominant_irrep_share,30,0.24509622416500065,0.23560772209386516,0.24885097355048988
D,partition,0.3|wd1.0,partitions K10 E5 f1 operand fedavg,delay_or_stalled,cli_dev_dominant_irrep_share,30,0.3050151043443001,0.30350681785663214,0.3055836797125542
D,partition,0.3|wd1.0,partitions K10 E5 f1 operand fedavg,delay_or_stalled,cli_dev_irrep_structure,30,0.007811029847482406,0.006758379279057985,0.008897595287706905
D,partition,0.3|wd1.0,partitions K10 E5 f1 target fedavg,delay_or_stalled,cli_n,30,10.0,10.0,10.0
D,partition,0.3|wd1.0,partitions K10 E5 f1 target fedavg,delay_or_stalled,cli_agg_gap,30,0.0008994729717953277,0.000737919892473591,0.0011946884841358414
D,partition,0.3|wd1.0,partitions K10 E5 f1 target fedavg,delay_or_stalled,cli_rel_spread,30,0.024680549687249635,0.0147793586312305,0.046100594537608355
D,partition,0.3|wd1.0,partitions K10 E5 f1 target fedavg,delay_or_stalled,cli_cos_global_mean,30,0.9999374195824602,0.9997194713306005,0.9999736149357764
D,partition,0.3|wd1.0,partitions K10 E5 f1 target fedavg,delay_or_stalled,cli_cos_global_min,30,0.9999146485870938,0.9996524704412255,0.9999609411861086
D,partition,0.3|wd1.0,partitions K10 E5 f1 target fedavg,delay_or_stalled,cli_dev_pair_cos,30,-0.094086976095936,-0.11012011521308028,-0.09215870676447235
D,partition,0.3|wd1.0,partitions K10 E5 f1 target fedavg,delay_or_stalled,cli_dev_eff_rank_frac,30,0.714359200702176,0.6858167526585479,0.7214558463297749
D,partition,0.3|wd1.0,partitions K10 E5 f1 target fedavg,delay_or_stalled,cli_coherence,30,0.0013287746610988927,0.000672891935011243,0.002490239388265774
D,partition,0.3|wd1.0,partitions K10 E5 f1 target fedavg,delay_or_stalled,cli_global_dominant_irrep_share,30,0.2894314551404613,0.2710542758929655,0.3372527755175976
D,partition,0.3|wd1.0,partitions K10 E5 f1 target fedavg,delay_or_stalled,cli_dev_dominant_irrep_share,30,0.2864622993592217,0.26763254610426584,0.3235459526363873
D,partition,0.3|wd1.0,partitions K10 E5 f1 target fedavg,delay_or_stalled,cli_dev_irrep_structure,30,0.050925801303090316,0.04073158950445679,0.06754319739857036
D,partition,0.3|wd1.0,partitions K20 E5 f1 dirichlet0.5 fedavg,delay_or_stalled,cli_n,20,20.0,20.0,20.0
D,partition,0.3|wd1.0,partitions K20 E5 f1 dirichlet0.5 fedavg,delay_or_stalled,cli_agg_gap,20,0.0006182005462954786,0.0004963241983515508,0.0006319659221693243
D,partition,0.3|wd1.0,partitions K20 E5 f1 dirichlet0.5 fedavg,delay_or_stalled,cli_rel_spread,20,0.01432187037777975,0.013962837717443636,0.014676175092233543
D,partition,0.3|wd1.0,partitions K20 E5 f1 dirichlet0.5 fedavg,delay_or_stalled,cli_cos_global_mean,20,0.9998976632893655,0.9998925889346427,0.9999027596457245
D,partition,0.3|wd1.0,partitions K20 E5 f1 dirichlet0.5 fedavg,delay_or_stalled,cli_cos_global_min,20,0.9998908170912502,0.9998846764673105,0.999894979460803
D,partition,0.3|wd1.0,partitions K20 E5 f1 dirichlet0.5 fedavg,delay_or_stalled,cli_dev_pair_cos,20,-0.052591401395567505,-0.05259215337879509,-0.052589855893003294
D,partition,0.3|wd1.0,partitions K20 E5 f1 dirichlet0.5 fedavg,delay_or_stalled,cli_dev_eff_rank_frac,20,0.9995196229667518,0.9995112027087866,0.9995326612005622
D,partition,0.3|wd1.0,partitions K20 E5 f1 dirichlet0.5 fedavg,delay_or_stalled,cli_coherence,20,0.0017568003906095516,0.0010307835393595938,0.002053292703534869
D,partition,0.3|wd1.0,partitions K20 E5 f1 dirichlet0.5 fedavg,delay_or_stalled,cli_global_dominant_irrep_share,20,0.26127718731132976,0.23870876581975906,0.2749154113029129
D,partition,0.3|wd1.0,partitions K20 E5 f1 dirichlet0.5 fedavg,delay_or_stalled,cli_dev_dominant_irrep_share,20,0.1334460357033449,0.13289245225303575,0.13378900719526263
D,partition,0.3|wd1.0,partitions K20 E5 f1 dirichlet0.5 fedavg,delay_or_stalled,cli_dev_irrep_structure,20,0.0016028642084371463,0.001312808353948399,0.0018834712571041995
D,partition,0.3|wd1.0,partitions K20 E5 f1 dirichlet0.5 fedavg,post_cross,cli_n,6,20.0,20.0,20.0
D,partition,0.3|wd1.0,partitions K20 E5 f1 dirichlet0.5 fedavg,post_cross,cli_agg_gap,6,0.0005142634551583311,0.00045093230229018775,0.0005778931602148275
D,partition,0.3|wd1.0,partitions K20 E5 f1 dirichlet0.5 fedavg,post_cross,cli_rel_spread,6,0.013952027138636785,0.013782749328653005,0.014075101934153289
D,partition,0.3|wd1.0,partitions K20 E5 f1 dirichlet0.5 fedavg,post_cross,cli_cos_global_mean,6,0.9999028536816656,0.9999010902617742,0.9999052475239197
D,partition,0.3|wd1.0,partitions K20 E5 f1 dirichlet0.5 fedavg,post_cross,cli_cos_global_min,6,0.9998962033657968,0.9998956579376649,0.9998973343086321
D,partition,0.3|wd1.0,partitions K20 E5 f1 dirichlet0.5 fedavg,post_cross,cli_dev_pair_cos,6,-0.05259158666774322,-0.05259219270261194,-0.05259129491971738
D,partition,0.3|wd1.0,partitions K20 E5 f1 dirichlet0.5 fedavg,post_cross,cli_dev_eff_rank_frac,6,0.9995240491140758,0.9995187347280579,0.999543209295362
D,partition,0.3|wd1.0,partitions K20 E5 f1 dirichlet0.5 fedavg,post_cross,cli_coherence,6,0.001392757166461883,0.00102867730474625,0.0017594121189971625
D,partition,0.3|wd1.0,partitions K20 E5 f1 dirichlet0.5 fedavg,post_cross,cli_global_dominant_irrep_share,6,0.2873178815118067,0.28630721434488,0.29163339640677427
D,partition,0.3|wd1.0,partitions K20 E5 f1 dirichlet0.5 fedavg,post_cross,cli_dev_dominant_irrep_share,6,0.1335274071365901,0.13289069662857858,0.13388834430520177
D,partition,0.3|wd1.0,partitions K20 E5 f1 dirichlet0.5 fedavg,post_cross,cli_dev_irrep_structure,6,0.0012713443082130078,0.0010149882335539298,0.0018010626456583174
D,partition,0.3|wd1.0,partitions K20 E5 f1 dirichlet0.5 fedavg,pre_memo,cli_n,4,20.0,20.0,20.0
D,partition,0.3|wd1.0,partitions K20 E5 f1 dirichlet0.5 fedavg,pre_memo,cli_agg_gap,4,0.0007163346335298151,0.0006444020469131682,0.0007630873341188604
D,partition,0.3|wd1.0,partitions K20 E5 f1 dirichlet0.5 fedavg,pre_memo,cli_rel_spread,4,0.017318235681234983,0.016800168614455914,0.017741649941256616
D,partition,0.3|wd1.0,partitions K20 E5 f1 dirichlet0.5 fedavg,pre_memo,cli_cos_global_mean,4,0.9998503416944984,0.9998428881491799,0.9998591871542576
D,partition,0.3|wd1.0,partitions K20 E5 f1 dirichlet0.5 fedavg,pre_memo,cli_cos_global_min,4,0.999840494044573,0.9998323888933968,0.9998485237428489
D,partition,0.3|wd1.0,partitions K20 E5 f1 dirichlet0.5 fedavg,pre_memo,cli_dev_pair_cos,4,-0.05258582735745937,-0.052586826296151634,-0.05258414457367479
D,partition,0.3|wd1.0,partitions K20 E5 f1 dirichlet0.5 fedavg,pre_memo,cli_dev_eff_rank_frac,4,0.9994813404036615,0.9994710345721181,0.9994909249297963
D,partition,0.3|wd1.0,partitions K20 E5 f1 dirichlet0.5 fedavg,pre_memo,cli_coherence,4,0.0017463650464877923,0.0015629417134955569,0.0018208108568776547
D,partition,0.3|wd1.0,partitions K20 E5 f1 dirichlet0.5 fedavg,pre_memo,cli_global_dominant_irrep_share,4,0.23140267554200517,0.22558350980126107,0.23777389647088687
D,partition,0.3|wd1.0,partitions K20 E5 f1 dirichlet0.5 fedavg,pre_memo,cli_dev_dominant_irrep_share,4,0.29902669365592305,0.2984570791823511,0.2996513983720525
D,partition,0.3|wd1.0,partitions K20 E5 f1 dirichlet0.5 fedavg,pre_memo,cli_dev_irrep_structure,4,0.0017454621524488714,0.0014981042077015943,0.0018483073226123598
D,partition,0.3|wd1.0,partitions K20 E5 f1 operand fedavg,delay_or_stalled,cli_n,30,20.0,20.0,20.0
D,partition,0.3|wd1.0,partitions K20 E5 f1 operand fedavg,delay_or_stalled,cli_agg_gap,30,0.0002662826283682763,0.00023323932802676086,0.00032982918362521656
D,partition,0.3|wd1.0,partitions K20 E5 f1 operand fedavg,delay_or_stalled,cli_rel_spread,30,0.022409005838533926,0.022379861816430615,0.02243263749239955
D,partition,0.3|wd1.0,partitions K20 E5 f1 operand fedavg,delay_or_stalled,cli_cos_global_mean,30,0.999749020204727,0.9997484943978742,0.9997496710211214
D,partition,0.3|wd1.0,partitions K20 E5 f1 operand fedavg,delay_or_stalled,cli_cos_global_min,30,0.999746230943362,0.9997457743134253,0.9997467284739339
D,partition,0.3|wd1.0,partitions K20 E5 f1 operand fedavg,delay_or_stalled,cli_dev_pair_cos,30,-0.052631444780458995,-0.05263146456247493,-0.05263140893278037
D,partition,0.3|wd1.0,partitions K20 E5 f1 operand fedavg,delay_or_stalled,cli_dev_eff_rank_frac,30,0.9999987214252178,0.9999983800261573,0.9999989105839386
D,partition,0.3|wd1.0,partitions K20 E5 f1 operand fedavg,delay_or_stalled,cli_coherence,30,0.00014095209160469086,0.00010811484494712941,0.00021735498952633073
D,partition,0.3|wd1.0,partitions K20 E5 f1 operand fedavg,delay_or_stalled,cli_global_dominant_irrep_share,30,0.2751651376622696,0.2695931979647508,0.2802165132571238
D,partition,0.3|wd1.0,partitions K20 E5 f1 operand fedavg,delay_or_stalled,cli_dev_dominant_irrep_share,30,0.3021204328240211,0.3014898137380261,0.30291053239834587
D,partition,0.3|wd1.0,partitions K20 E5 f1 operand fedavg,delay_or_stalled,cli_dev_irrep_structure,30,0.0038407911407710854,0.003262799386800248,0.004255101661097889
D,partition,0.3|wd1.0,partitions K20 E5 f1 target fedavg,delay_or_stalled,cli_n,30,20.0,20.0,20.0
D,partition,0.3|wd1.0,partitions K20 E5 f1 target fedavg,delay_or_stalled,cli_agg_gap,30,0.0006626146532933239,0.0006554540916536752,0.0006631452895211642
D,partition,0.3|wd1.0,partitions K20 E5 f1 target fedavg,delay_or_stalled,cli_rel_spread,30,0.01806559772887259,0.013180868672217924,0.018994044136931648
D,partition,0.3|wd1.0,partitions K20 E5 f1 target fedavg,delay_or_stalled,cli_cos_global_mean,30,0.9999201436522771,0.9999183191543165,0.9999603441187828
D,partition,0.3|wd1.0,partitions K20 E5 f1 target fedavg,delay_or_stalled,cli_cos_global_min,30,0.9998680717099516,0.9998286903595885,0.999937547438427
D,partition,0.3|wd1.0,partitions K20 E5 f1 target fedavg,delay_or_stalled,cli_dev_pair_cos,30,-0.04647582576180838,-0.04918195589130196,-0.03189548538959022
D,partition,0.3|wd1.0,partitions K20 E5 f1 target fedavg,delay_or_stalled,cli_dev_eff_rank_frac,30,0.8085318422640861,0.7790588593813342,0.8193393750873523
D,partition,0.3|wd1.0,partitions K20 E5 f1 target fedavg,delay_or_stalled,cli_coherence,30,0.0013475976549673302,0.0011907455213474765,0.0025238030090966364
D,partition,0.3|wd1.0,partitions K20 E5 f1 target fedavg,delay_or_stalled,cli_global_dominant_irrep_share,30,0.2511830786653346,0.23201727035750608,0.2828105571016025
D,partition,0.3|wd1.0,partitions K20 E5 f1 target fedavg,delay_or_stalled,cli_dev_dominant_irrep_share,30,0.2614166681942973,0.242923565602371,0.2782080029965962
D,partition,0.3|wd1.0,partitions K20 E5 f1 target fedavg,delay_or_stalled,cli_dev_irrep_structure,30,0.08885663513391584,0.05967427283492057,0.14919028210277924
D,partition,0.3|wd1.0,partitions K5 E5 f1 coset fedavg,delay_or_stalled,cli_n,30,5.0,5.0,5.0
D,partition,0.3|wd1.0,partitions K5 E5 f1 coset fedavg,delay_or_stalled,cli_agg_gap,30,0.00011492142558018652,6.204167332753075e-05,0.00014917319430823723
D,partition,0.3|wd1.0,partitions K5 E5 f1 coset fedavg,delay_or_stalled,cli_rel_spread,30,0.01004154963301507,0.01003581288821771,0.010053634202787824
D,partition,0.3|wd1.0,partitions K5 E5 f1 coset fedavg,delay_or_stalled,cli_cos_global_mean,30,0.9999495876889911,0.9999494665481428,0.9999496461653106
D,partition,0.3|wd1.0,partitions K5 E5 f1 coset fedavg,delay_or_stalled,cli_cos_global_min,30,0.9999488344797614,0.9999486277272438,0.999949074866975
D,partition,0.3|wd1.0,partitions K5 E5 f1 coset fedavg,delay_or_stalled,cli_dev_pair_cos,30,-0.24999983661119388,-0.24999989750933813,-0.24999980296015156
D,partition,0.3|wd1.0,partitions K5 E5 f1 coset fedavg,delay_or_stalled,cli_dev_eff_rank_frac,30,0.9999996514305444,0.9999995794661202,0.9999997813245343
D,partition,0.3|wd1.0,partitions K5 E5 f1 coset fedavg,delay_or_stalled,cli_coherence,30,0.00013099137370032503,3.8054433937543706e-05,0.00022096874628858702
D,partition,0.3|wd1.0,partitions K5 E5 f1 coset fedavg,delay_or_stalled,cli_global_dominant_irrep_share,30,0.25611364010230053,0.24884884181263583,0.27711117718749234
D,partition,0.3|wd1.0,partitions K5 E5 f1 coset fedavg,delay_or_stalled,cli_dev_dominant_irrep_share,30,0.3112813133334986,0.31010617444826527,0.3125264117957886
D,partition,0.3|wd1.0,partitions K5 E5 f1 coset fedavg,delay_or_stalled,cli_dev_irrep_structure,30,0.0327275475799812,0.030418639489599907,0.038322153342496494
E,E,n2000|wd0.1,local_epochs K10 E10 f1 iid fedavg,delay_or_stalled,cli_n,6,10.0,10.0,10.0
E,E,n2000|wd0.1,local_epochs K10 E10 f1 iid fedavg,delay_or_stalled,cli_agg_gap,6,6.711491770614235e-08,6.561177031280344e-08,6.944089311918288e-08
E,E,n2000|wd0.1,local_epochs K10 E10 f1 iid fedavg,delay_or_stalled,cli_rel_spread,6,0.015399042726523616,0.012768516252681997,0.017353919889316203
E,E,n2000|wd0.1,local_epochs K10 E10 f1 iid fedavg,delay_or_stalled,cli_cos_global_mean,6,0.9998795557350042,0.9998494557238218,0.9999184160383403
E,E,n2000|wd0.1,local_epochs K10 E10 f1 iid fedavg,delay_or_stalled,cli_cos_global_min,6,0.9998713521978222,0.9998387425739783,0.9999129342487951
E,E,n2000|wd0.1,local_epochs K10 E10 f1 iid fedavg,delay_or_stalled,cli_dev_pair_cos,6,-0.11106571686201364,-0.11107643697082883,-0.11104771725585028
E,E,n2000|wd0.1,local_epochs K10 E10 f1 iid fedavg,delay_or_stalled,cli_dev_eff_rank_frac,6,0.9996808079532875,0.9996135717444474,0.9996987896343748
E,E,n2000|wd0.1,local_epochs K10 E10 f1 iid fedavg,delay_or_stalled,cli_coherence,6,2.0152968166676144e-11,1.429868180430907e-11,2.968388076119077e-11
E,E,n2000|wd0.1,local_epochs K10 E10 f1 iid fedavg,post_cross,cli_n,24,10.0,10.0,10.0
E,E,n2000|wd0.1,local_epochs K10 E10 f1 iid fedavg,post_cross,cli_agg_gap,24,5.927271329366739e-08,5.815243655605902e-08,6.167604120114792e-08
E,E,n2000|wd0.1,local_epochs K10 E10 f1 iid fedavg,post_cross,cli_rel_spread,24,0.025437167605228104,0.02424787672285337,0.026343785894541994
E,E,n2000|wd0.1,local_epochs K10 E10 f1 iid fedavg,post_cross,cli_cos_global_mean,24,0.9996766815150575,0.9996531972017526,0.9997061603081652
E,E,n2000|wd0.1,local_epochs K10 E10 f1 iid fedavg,post_cross,cli_cos_global_min,24,0.9996509350803888,0.999631718983305,0.9996756825438412
E,E,n2000|wd0.1,local_epochs K10 E10 f1 iid fedavg,post_cross,cli_dev_pair_cos,24,-0.1110375056284635,-0.11106075016932086,-0.11100338090876019
E,E,n2000|wd0.1,local_epochs K10 E10 f1 iid fedavg,post_cross,cli_dev_eff_rank_frac,24,0.9995043390727361,0.9992856847326007,0.999614757502907
E,E,n2000|wd0.1,local_epochs K10 E10 f1 iid fedavg,post_cross,cli_coherence,24,5.3585791036014784e-12,4.959628300313682e-12,6.209968937900451e-12
E,E,n2000|wd0.1,local_epochs K10 E25 f1 iid fedavg,delay_or_stalled,cli_n,6,10.0,10.0,10.0
E,E,n2000|wd0.1,local_epochs K10 E25 f1 iid fedavg,delay_or_stalled,cli_agg_gap,6,6.801744788771762e-08,6.614107423667275e-08,7.023286409343916e-08
E,E,n2000|wd0.1,local_epochs K10 E25 f1 iid fedavg,delay_or_stalled,cli_rel_spread,6,0.021810014105252518,0.017510723283923037,0.025313446080475394
E,E,n2000|wd0.1,local_epochs K10 E25 f1 iid fedavg,delay_or_stalled,cli_cos_global_mean,6,0.9997565522293141,0.9996797705147967,0.9998465828206777
E,E,n2000|wd0.1,local_epochs K10 E25 f1 iid fedavg,delay_or_stalled,cli_cos_global_min,6,0.9997446621727708,0.9996581610084622,0.999835412394116
E,E,n2000|wd0.1,local_epochs K10 E25 f1 iid fedavg,delay_or_stalled,cli_dev_pair_cos,6,-0.11106875320047803,-0.11108392849154715,-0.11105762575335795
E,E,n2000|wd0.1,local_epochs K10 E25 f1 iid fedavg,delay_or_stalled,cli_dev_eff_rank_frac,6,0.9997136758318633,0.9996699526080368,0.9997601548463741
E,E,n2000|wd0.1,local_epochs K10 E25 f1 iid fedavg,delay_or_stalled,cli_coherence,6,1.0621562971181382e-11,6.836737896982926e-12,1.6135744383507603e-11
E,E,n2000|wd0.1,local_epochs K10 E25 f1 iid fedavg,post_cross,cli_n,24,10.0,10.0,10.0
E,E,n2000|wd0.1,local_epochs K10 E25 f1 iid fedavg,post_cross,cli_agg_gap,24,5.977779323136694e-08,5.8527643988709374e-08,6.222937668462146e-08
E,E,n2000|wd0.1,local_epochs K10 E25 f1 iid fedavg,post_cross,cli_rel_spread,24,0.04093881422602526,0.03988868447151553,0.04316361734703623
E,E,n2000|wd0.1,local_epochs K10 E25 f1 iid fedavg,post_cross,cli_cos_global_mean,24,0.9991631797350962,0.999069908106624,0.9992053350563412
E,E,n2000|wd0.1,local_epochs K10 E25 f1 iid fedavg,post_cross,cli_cos_global_min,24,0.9990758965523427,0.9989639171663677,0.9991148868749768
E,E,n2000|wd0.1,local_epochs K10 E25 f1 iid fedavg,post_cross,cli_dev_pair_cos,24,-0.11097929823476005,-0.11101050449268784,-0.11094766381109315
E,E,n2000|wd0.1,local_epochs K10 E25 f1 iid fedavg,post_cross,cli_dev_eff_rank_frac,24,0.9993182474199328,0.9991417138362807,0.9993773242095796
E,E,n2000|wd0.1,local_epochs K10 E25 f1 iid fedavg,post_cross,cli_coherence,24,1.9971178690091007e-12,1.8836956809955304e-12,2.334290362331901e-12
E,E,n2000|wd0.1,local_epochs K10 E50 f1 iid fedavg,delay_or_stalled,cli_n,5,10.0,10.0,10.0
E,E,n2000|wd0.1,local_epochs K10 E50 f1 iid fedavg,delay_or_stalled,cli_agg_gap,5,6.616016011874052e-08,6.586013436565981e-08,6.948409331651998e-08
E,E,n2000|wd0.1,local_epochs K10 E50 f1 iid fedavg,delay_or_stalled,cli_rel_spread,5,0.030558058620666555,0.021313804788668424,0.030754733460399433
E,E,n2000|wd0.1,local_epochs K10 E50 f1 iid fedavg,delay_or_stalled,cli_cos_global_mean,5,0.9995334326962041,0.999527412779526,0.9997729393367212
E,E,n2000|wd0.1,local_epochs K10 E50 f1 iid fedavg,delay_or_stalled,cli_cos_global_min,5,0.9995031531254079,0.9994903733350224,0.9997635959144144
E,E,n2000|wd0.1,local_epochs K10 E50 f1 iid fedavg,delay_or_stalled,cli_dev_pair_cos,5,-0.11106512352237327,-0.11109842510712316,-0.11105987669982668
E,E,n2000|wd0.1,local_epochs K10 E50 f1 iid fedavg,delay_or_stalled,cli_dev_eff_rank_frac,5,0.9997125322730389,0.9996978732926145,0.9998124354777913
E,E,n2000|wd0.1,local_epochs K10 E50 f1 iid fedavg,delay_or_stalled,cli_coherence,5,4.687503185395175e-12,4.585865253069123e-12,1.0627933345707295e-11
E,E,n2000|wd0.1,local_epochs K10 E50 f1 iid fedavg,post_cross,cli_n,24,10.0,10.0,10.0
E,E,n2000|wd0.1,local_epochs K10 E50 f1 iid fedavg,post_cross,cli_agg_gap,24,5.797583830929535e-08,5.662613468319621e-08,6.132046013162991e-08
E,E,n2000|wd0.1,local_epochs K10 E50 f1 iid fedavg,post_cross,cli_rel_spread,24,0.0623918392273392,0.05808789998712716,0.06317193776811865
E,E,n2000|wd0.1,local_epochs K10 E50 f1 iid fedavg,post_cross,cli_cos_global_mean,24,0.9980595865802809,0.9980108323435758,0.9983150238244155
E,E,n2000|wd0.1,local_epochs K10 E50 f1 iid fedavg,post_cross,cli_cos_global_min,24,0.9978727277989621,0.9977701783543093,0.9981893948214424
E,E,n2000|wd0.1,local_epochs K10 E50 f1 iid fedavg,post_cross,cli_dev_pair_cos,24,-0.11101086652872548,-0.11102591425428349,-0.11099084240352379
E,E,n2000|wd0.1,local_epochs K10 E50 f1 iid fedavg,post_cross,cli_dev_eff_rank_frac,24,0.999417577251323,0.999338434902563,0.9994930480413522
E,E,n2000|wd0.1,local_epochs K10 E50 f1 iid fedavg,post_cross,cli_coherence,24,8.45349100171875e-13,7.948673154704764e-13,1.1215632712815148e-12
E,E,n2000|wd0.1,local_epochs K10 E50 f1 iid fedavg,pre_memo,cli_n,1,10.0,10.0,10.0
E,E,n2000|wd0.1,local_epochs K10 E50 f1 iid fedavg,pre_memo,cli_agg_gap,1,6.970260205560743e-08,6.970260205560743e-08,6.970260205560743e-08
E,E,n2000|wd0.1,local_epochs K10 E50 f1 iid fedavg,pre_memo,cli_rel_spread,1,0.020398462950535084,0.020398462950535084,0.020398462950535084
E,E,n2000|wd0.1,local_epochs K10 E50 f1 iid fedavg,pre_memo,cli_cos_global_mean,1,0.9997920179872329,0.9997920179872329,0.9997920179872329
E,E,n2000|wd0.1,local_epochs K10 E50 f1 iid fedavg,pre_memo,cli_cos_global_min,1,0.9997798626866001,0.9997798626866001,0.9997798626866001
E,E,n2000|wd0.1,local_epochs K10 E50 f1 iid fedavg,pre_memo,cli_dev_pair_cos,1,-0.11106644138558595,-0.11106644138558595,-0.11106644138558595
E,E,n2000|wd0.1,local_epochs K10 E50 f1 iid fedavg,pre_memo,cli_dev_eff_rank_frac,1,0.9997032935048319,0.9997032935048319,0.9997032935048319
E,E,n2000|wd0.1,local_epochs K10 E50 f1 iid fedavg,pre_memo,cli_coherence,1,1.167624217519764e-11,1.167624217519764e-11,1.167624217519764e-11
E,K,n2000|wd0.1,aggregation K10 E5 f1 iid fedavg,delay_or_stalled,cli_n,3,10.0,10.0,10.0
E,K,n2000|wd0.1,aggregation K10 E5 f1 iid fedavg,delay_or_stalled,cli_agg_gap,3,6.581700960923752e-08,6.519222837147996e-08,6.602407029997388e-08
E,K,n2000|wd0.1,aggregation K10 E5 f1 iid fedavg,delay_or_stalled,cli_rel_spread,3,0.012880902111067287,0.012858275742648315,0.013139867119336908
E,K,n2000|wd0.1,aggregation K10 E5 f1 iid fedavg,delay_or_stalled,cli_cos_global_mean,3,0.9999170523762949,0.9999136501866503,0.9999173433766806
E,K,n2000|wd0.1,aggregation K10 E5 f1 iid fedavg,delay_or_stalled,cli_cos_global_min,3,0.9999126237366927,0.999908138586965,0.9999136417672836
E,K,n2000|wd0.1,aggregation K10 E5 f1 iid fedavg,delay_or_stalled,cli_dev_pair_cos,3,-0.11107127327257459,-0.1110808521658968,-0.11106650338555206
E,K,n2000|wd0.1,aggregation K10 E5 f1 iid fedavg,delay_or_stalled,cli_dev_eff_rank_frac,3,0.9996819908396889,0.9996611891061467,0.9997174919857152
E,K,n2000|wd0.1,aggregation K10 E5 f1 iid fedavg,delay_or_stalled,cli_coherence,3,2.6108608877274847e-11,2.4665136478083602e-11,2.6366774861165057e-11
E,K,n2000|wd0.1,aggregation K10 E5 f1 iid fedavg,post_cross,cli_n,27,10.0,10.0,10.0
E,K,n2000|wd0.1,aggregation K10 E5 f1 iid fedavg,post_cross,cli_agg_gap,27,5.821811354203952e-08,5.678222245248787e-08,6.008780667497836e-08
E,K,n2000|wd0.1,aggregation K10 E5 f1 iid fedavg,post_cross,cli_rel_spread,27,0.018063314809235363,0.016164256111824635,0.018931580016100624
E,K,n2000|wd0.1,aggregation K10 E5 f1 iid fedavg,post_cross,cli_cos_global_mean,27,0.99983690266927,0.9998208516995868,0.9998692687833876
E,K,n2000|wd0.1,aggregation K10 E5 f1 iid fedavg,post_cross,cli_cos_global_min,27,0.9998221432158707,0.9998037035980052,0.9998566722285912
E,K,n2000|wd0.1,aggregation K10 E5 f1 iid fedavg,post_cross,cli_dev_pair_cos,27,-0.11102523346090862,-0.11104596803671715,-0.11095859429197122
E,K,n2000|wd0.1,aggregation K10 E5 f1 iid fedavg,post_cross,cli_dev_eff_rank_frac,27,0.9993162231392707,0.998892169617086,0.9995497745088973
E,K,n2000|wd0.1,aggregation K10 E5 f1 iid fedavg,post_cross,cli_coherence,27,1.0131370628156717e-11,9.311789451506905e-12,1.3624991430195906e-11
E,K,n2000|wd0.1,aggregation K2 E5 f1 iid fedavg,post_cross,cli_n,30,2.0,2.0,2.0
E,K,n2000|wd0.1,aggregation K2 E5 f1 iid fedavg,post_cross,cli_agg_gap,30,2.984389666720393e-08,2.957686043546542e-08,3.007394109278831e-08
E,K,n2000|wd0.1,aggregation K2 E5 f1 iid fedavg,post_cross,cli_rel_spread,30,0.016424469763142796,0.01467428005332682,0.01834494370372774
E,K,n2000|wd0.1,aggregation K2 E5 f1 iid fedavg,post_cross,cli_cos_global_mean,30,0.9998651474490164,0.9998317955680351,0.9998924516665311
E,K,n2000|wd0.1,aggregation K2 E5 f1 iid fedavg,post_cross,cli_cos_global_min,30,0.9998651352735659,0.9998317378327408,0.999892362831925
E,K,n2000|wd0.1,aggregation K2 E5 f1 iid fedavg,post_cross,cli_dev_pair_cos,30,-1.0,-1.0,-1.0
E,K,n2000|wd0.1,aggregation K2 E5 f1 iid fedavg,post_cross,cli_dev_eff_rank_frac,30,1.0,1.0,1.0
E,K,n2000|wd0.1,aggregation K2 E5 f1 iid fedavg,post_cross,cli_coherence,30,3.321069471441355e-12,2.5831765065832525e-12,4.080181321465085e-12
E,K,n2000|wd0.1,aggregation K20 E5 f1 iid fedavg,delay_or_stalled,cli_n,6,20.0,20.0,20.0
E,K,n2000|wd0.1,aggregation K20 E5 f1 iid fedavg,delay_or_stalled,cli_agg_gap,6,1.1061752250785568e-07,1.0864425737697894e-07,1.1408035638386639e-07
E,K,n2000|wd0.1,aggregation K20 E5 f1 iid fedavg,delay_or_stalled,cli_rel_spread,6,0.008173761803147148,0.006815351911838877,0.009247713458339482
E,K,n2000|wd0.1,aggregation K20 E5 f1 iid fedavg,delay_or_stalled,cli_cos_global_mean,6,0.9999660262049439,0.9999572430319776,0.9999767624024001
E,K,n2000|wd0.1,aggregation K20 E5 f1 iid fedavg,delay_or_stalled,cli_cos_global_min,6,0.9999631401585096,0.9999523598844487,0.9999738741292766
E,K,n2000|wd0.1,aggregation K20 E5 f1 iid fedavg,delay_or_stalled,cli_dev_pair_cos,6,-0.05258591509860258,-0.052599831571522176,-0.05257957754992254
E,K,n2000|wd0.1,aggregation K20 E5 f1 iid fedavg,delay_or_stalled,cli_dev_eff_rank_frac,6,0.9991712516181839,0.9990832547769126,0.999260211539902
E,K,n2000|wd0.1,aggregation K20 E5 f1 iid fedavg,delay_or_stalled,cli_coherence,6,1.9451091376096055e-10,1.381027225925105e-10,2.808963802991231e-10
E,K,n2000|wd0.1,aggregation K20 E5 f1 iid fedavg,post_cross,cli_n,24,20.0,20.0,20.0
E,K,n2000|wd0.1,aggregation K20 E5 f1 iid fedavg,post_cross,cli_agg_gap,24,8.672990067520315e-08,8.528356898543088e-08,9.152691920962293e-08
E,K,n2000|wd0.1,aggregation K20 E5 f1 iid fedavg,post_cross,cli_rel_spread,24,0.013915483695004852,0.013476104508287427,0.014056070291752381
E,K,n2000|wd0.1,aggregation K20 E5 f1 iid fedavg,post_cross,cli_cos_global_mean,24,0.9999031978421609,0.9999012340429143,0.9999091975281365
E,K,n2000|wd0.1,aggregation K20 E5 f1 iid fedavg,post_cross,cli_cos_global_min,24,0.9998920050735539,0.9998879803663546,0.9998977010351286
E,K,n2000|wd0.1,aggregation K20 E5 f1 iid fedavg,post_cross,cli_dev_pair_cos,24,-0.05258659457205381,-0.05259257198531482,-0.05256775657530019
E,K,n2000|wd0.1,aggregation K20 E5 f1 iid fedavg,post_cross,cli_dev_eff_rank_frac,24,0.9990898089970541,0.9988724644933277,0.9991939555986501
E,K,n2000|wd0.1,aggregation K20 E5 f1 iid fedavg,post_cross,cli_coherence,24,3.845390543223589e-11,3.6974001938752774e-11,4.559829183775143e-11
E,K,n2000|wd0.1,aggregation K5 E5 f1 iid fedavg,post_cross,cli_n,30,5.0,5.0,5.0
E,K,n2000|wd0.1,aggregation K5 E5 f1 iid fedavg,post_cross,cli_agg_gap,30,4.2185146095398916e-08,4.1808406744594255e-08,4.245271251265354e-08
E,K,n2000|wd0.1,aggregation K5 E5 f1 iid fedavg,post_cross,cli_rel_spread,30,0.017478207194265516,0.016894812029051028,0.020143525341548858
E,K,n2000|wd0.1,aggregation K5 E5 f1 iid fedavg,post_cross,cli_cos_global_mean,30,0.9998474459092833,0.9997971932112374,0.9998573490430157
E,K,n2000|wd0.1,aggregation K5 E5 f1 iid fedavg,post_cross,cli_cos_global_min,30,0.9998325083580897,0.9997769951358277,0.9998473682827063
E,K,n2000|wd0.1,aggregation K5 E5 f1 iid fedavg,post_cross,cli_dev_pair_cos,30,-0.24978153388596971,-0.24992209535296167,-0.24962516285725592
E,K,n2000|wd0.1,aggregation K5 E5 f1 iid fedavg,post_cross,cli_dev_eff_rank_frac,30,0.9993703761756627,0.9989412478207578,0.9997461003253653
E,K,n2000|wd0.1,aggregation K5 E5 f1 iid fedavg,post_cross,cli_coherence,30,5.858925997272584e-12,4.477945477855029e-12,6.3503121304562815e-12
E,K,n2000|wd0.1,setup_k_ladder K10 E5 f1 iid fedavg,delay_or_stalled,cli_n,6,10.0,10.0,10.0
E,K,n2000|wd0.1,setup_k_ladder K10 E5 f1 iid fedavg,delay_or_stalled,cli_agg_gap,6,6.768112305862539e-08,6.582084942733506e-08,7.053797423515146e-08
E,K,n2000|wd0.1,setup_k_ladder K10 E5 f1 iid fedavg,delay_or_stalled,cli_rel_spread,6,0.011318588264688156,0.009353004435051014,0.012875149782545411
E,K,n2000|wd0.1,setup_k_ladder K10 E5 f1 iid fedavg,delay_or_stalled,cli_cos_global_mean,6,0.9999348320527999,0.9999171256951644,0.9999562273611319
E,K,n2000|wd0.1,setup_k_ladder K10 E5 f1 iid fedavg,delay_or_stalled,cli_cos_global_min,6,0.9999305351729273,0.999912295965707,0.999953059148318
E,K,n2000|wd0.1,setup_k_ladder K10 E5 f1 iid fedavg,delay_or_stalled,cli_dev_pair_cos,6,-0.11107131805551071,-0.11108611516887812,-0.11105395524506148
E,K,n2000|wd0.1,setup_k_ladder K10 E5 f1 iid fedavg,delay_or_stalled,cli_dev_eff_rank_frac,6,0.9996865346401614,0.9996249676648828,0.9997466162541355
E,K,n2000|wd0.1,setup_k_ladder K10 E5 f1 iid fedavg,delay_or_stalled,cli_coherence,6,3.8224313177475646e-11,2.6135814479256902e-11,5.720985010091261e-11
E,K,n2000|wd0.1,setup_k_ladder K10 E5 f1 iid fedavg,post_cross,cli_n,24,10.0,10.0,10.0
E,K,n2000|wd0.1,setup_k_ladder K10 E5 f1 iid fedavg,post_cross,cli_agg_gap,24,5.765651272289744e-08,5.6701267425034114e-08,5.9437336207892186e-08
E,K,n2000|wd0.1,setup_k_ladder K10 E5 f1 iid fedavg,post_cross,cli_rel_spread,24,0.018730166152000013,0.018275017978943358,0.019045750448622424
E,K,n2000|wd0.1,setup_k_ladder K10 E5 f1 iid fedavg,post_cross,cli_cos_global_mean,24,0.9998246366980156,0.9998186888853713,0.9998330450213616
E,K,n2000|wd0.1,setup_k_ladder K10 E5 f1 iid fedavg,post_cross,cli_cos_global_min,24,0.9998129946859529,0.99980333222238,0.9998226035951477
E,K,n2000|wd0.1,setup_k_ladder K10 E5 f1 iid fedavg,post_cross,cli_dev_pair_cos,24,-0.11106466707426407,-0.1110771766643246,-0.11103844828105748
E,K,n2000|wd0.1,setup_k_ladder K10 E5 f1 iid fedavg,post_cross,cli_dev_eff_rank_frac,24,0.9996072870593884,0.999491180318266,0.9996994866180031
E,K,n2000|wd0.1,setup_k_ladder K10 E5 f1 iid fedavg,post_cross,cli_coherence,24,9.291442362913112e-12,9.016513151030712e-12,1.0589604030741101e-11
E,K,n2000|wd0.1,setup_k_ladder K20 E5 f1 iid fedavg,delay_or_stalled,cli_n,15,20.0,20.0,20.0
E,K,n2000|wd0.1,setup_k_ladder K20 E5 f1 iid fedavg,delay_or_stalled,cli_agg_gap,15,1.0900688928104809e-07,1.0716624113651124e-07,1.145407317279826e-07
E,K,n2000|wd0.1,setup_k_ladder K20 E5 f1 iid fedavg,delay_or_stalled,cli_rel_spread,15,0.008009823228776672,0.0066651084818918176,0.009429013805823148
E,K,n2000|wd0.1,setup_k_ladder K20 E5 f1 iid fedavg,delay_or_stalled,cli_cos_global_mean,15,0.9999679231919394,0.9999555461185466,0.9999777889566914
E,K,n2000|wd0.1,setup_k_ladder K20 E5 f1 iid fedavg,delay_or_stalled,cli_cos_global_min,15,0.9999643634695244,0.9999509383658842,0.9999757944996024
E,K,n2000|wd0.1,setup_k_ladder K20 E5 f1 iid fedavg,delay_or_stalled,cli_dev_pair_cos,15,-0.052599163859750976,-0.05260516737075496,-0.052595807191556064
E,K,n2000|wd0.1,setup_k_ladder K20 E5 f1 iid fedavg,delay_or_stalled,cli_dev_eff_rank_frac,15,0.9992527369855535,0.9992130763247006,0.9993363326668259
E,K,n2000|wd0.1,setup_k_ladder K20 E5 f1 iid fedavg,delay_or_stalled,cli_coherence,15,1.852089757099383e-10,1.295565030103937e-10,2.9658829236060285e-10
E,K,n2000|wd0.1,setup_k_ladder K20 E5 f1 iid fedavg,post_cross,cli_n,15,20.0,20.0,20.0
E,K,n2000|wd0.1,setup_k_ladder K20 E5 f1 iid fedavg,post_cross,cli_agg_gap,15,9.552373662128121e-08,9.255179506639885e-08,9.740775117994388e-08
E,K,n2000|wd0.1,setup_k_ladder K20 E5 f1 iid fedavg,post_cross,cli_rel_spread,15,0.01302089522836729,0.012339648789467009,0.013732668833811844
E,K,n2000|wd0.1,setup_k_ladder K20 E5 f1 iid fedavg,post_cross,cli_cos_global_mean,15,0.9999152415651187,0.9999057215770002,0.9999238714067371
E,K,n2000|wd0.1,setup_k_ladder K20 E5 f1 iid fedavg,post_cross,cli_cos_global_min,15,0.9999069328445118,0.9998956004069599,0.9999173483175143
E,K,n2000|wd0.1,setup_k_ladder K20 E5 f1 iid fedavg,post_cross,cli_dev_pair_cos,15,-0.052597769862133395,-0.05260304938073496,-0.052587193110696276
E,K,n2000|wd0.1,setup_k_ladder K20 E5 f1 iid fedavg,post_cross,cli_dev_eff_rank_frac,15,0.9992110592683127,0.9991665695119574,0.9992961580345472
E,K,n2000|wd0.1,setup_k_ladder K20 E5 f1 iid fedavg,post_cross,cli_coherence,15,5.449406790381785e-11,4.541356054903506e-11,6.232505547624912e-11
E,K,n2000|wd0.1,setup_k_ladder K5 E5 f1 iid fedavg,delay_or_stalled,cli_n,3,5.0,5.0,5.0
E,K,n2000|wd0.1,setup_k_ladder K5 E5 f1 iid fedavg,delay_or_stalled,cli_agg_gap,3,3.777551638061181e-08,3.774307648578038e-08,3.8107010741187626e-08
E,K,n2000|wd0.1,setup_k_ladder K5 E5 f1 iid fedavg,delay_or_stalled,cli_rel_spread,3,0.016070724125205754,0.016052593455703968,0.016349366059848873
E,K,n2000|wd0.1,setup_k_ladder K5 E5 f1 iid fedavg,delay_or_stalled,cli_cos_global_mean,3,0.9998708919955653,0.999866338853322,0.9998711830436877
E,K,n2000|wd0.1,setup_k_ladder K5 E5 f1 iid fedavg,delay_or_stalled,cli_cos_global_min,3,0.9998631254171945,0.9998597048781233,0.9998650963202506
E,K,n2000|wd0.1,setup_k_ladder K5 E5 f1 iid fedavg,delay_or_stalled,cli_dev_pair_cos,3,-0.2499312432793416,-0.2499487944444992,-0.24991211527939866
E,K,n2000|wd0.1,setup_k_ladder K5 E5 f1 iid fedavg,delay_or_stalled,cli_dev_eff_rank_frac,3,0.999845405637262,0.9998032253144143,0.9998762676404893
E,K,n2000|wd0.1,setup_k_ladder K5 E5 f1 iid fedavg,delay_or_stalled,cli_coherence,3,5.506261536963862e-12,5.425045128429972e-12,5.528252229556505e-12
E,K,n2000|wd0.1,setup_k_ladder K5 E5 f1 iid fedavg,post_cross,cli_n,27,5.0,5.0,5.0
E,K,n2000|wd0.1,setup_k_ladder K5 E5 f1 iid fedavg,post_cross,cli_agg_gap,27,4.202242355187873e-08,4.140549046340177e-08,4.2400330624207816e-08
E,K,n2000|wd0.1,setup_k_ladder K5 E5 f1 iid fedavg,post_cross,cli_rel_spread,27,0.021149058080202742,0.017277652212818073,0.023124899846016143
E,K,n2000|wd0.1,setup_k_ladder K5 E5 f1 iid fedavg,post_cross,cli_cos_global_mean,27,0.9997764528275089,0.9997327341409146,0.9998509375138476
E,K,n2000|wd0.1,setup_k_ladder K5 E5 f1 iid fedavg,post_cross,cli_cos_global_min,27,0.9997669602364172,0.999716699517431,0.9998377148703481
E,K,n2000|wd0.1,setup_k_ladder K5 E5 f1 iid fedavg,post_cross,cli_dev_pair_cos,27,-0.249851076213506,-0.24991386523808867,-0.24968482515395052
E,K,n2000|wd0.1,setup_k_ladder K5 E5 f1 iid fedavg,post_cross,cli_dev_eff_rank_frac,27,0.999570970933943,0.9991386333161735,0.9997630393556994
E,K,n2000|wd0.1,setup_k_ladder K5 E5 f1 iid fedavg,post_cross,cli_coherence,27,4.0258221779681025e-12,3.3166066279458854e-12,5.76522357808929e-12
E,dirichlet,n2000|wd0.1,dirichlet_setups K10 E5 f1 dirichlet0.1 fedavg,delay_or_stalled,cli_n,2,10.0,10.0,10.0
E,dirichlet,n2000|wd0.1,dirichlet_setups K10 E5 f1 dirichlet0.1 fedavg,delay_or_stalled,cli_agg_gap,2,0.0037590548253925373,0.0035427105166872183,0.003975399134097856
E,dirichlet,n2000|wd0.1,dirichlet_setups K10 E5 f1 dirichlet0.1 fedavg,delay_or_stalled,cli_rel_spread,2,0.020920040813985796,0.02086638512095534,0.020973696507016255
E,dirichlet,n2000|wd0.1,dirichlet_setups K10 E5 f1 dirichlet0.1 fedavg,delay_or_stalled,cli_cos_global_mean,2,0.9997741413777608,0.9997721950798867,0.9997760876756348
E,dirichlet,n2000|wd0.1,dirichlet_setups K10 E5 f1 dirichlet0.1 fedavg,delay_or_stalled,cli_cos_global_min,2,0.9996959815037199,0.9996909399253936,0.9997010230820461
E,dirichlet,n2000|wd0.1,dirichlet_setups K10 E5 f1 dirichlet0.1 fedavg,delay_or_stalled,cli_dev_pair_cos,2,-0.10977549842005344,-0.10980487059531048,-0.1097461262447964
E,dirichlet,n2000|wd0.1,dirichlet_setups K10 E5 f1 dirichlet0.1 fedavg,delay_or_stalled,cli_dev_eff_rank_frac,2,0.9931633174881901,0.99303820671526,0.9932884282611202
E,dirichlet,n2000|wd0.1,dirichlet_setups K10 E5 f1 dirichlet0.1 fedavg,delay_or_stalled,cli_coherence,2,0.03156455806209636,0.028237583251215406,0.03489153287297732
E,dirichlet,n2000|wd0.1,dirichlet_setups K10 E5 f1 dirichlet0.1 fedavg,post_cross,cli_n,28,10.0,10.0,10.0
E,dirichlet,n2000|wd0.1,dirichlet_setups K10 E5 f1 dirichlet0.1 fedavg,post_cross,cli_agg_gap,28,0.0037653808711488167,0.002949676541997155,0.004455025865271583
E,dirichlet,n2000|wd0.1,dirichlet_setups K10 E5 f1 dirichlet0.1 fedavg,post_cross,cli_rel_spread,28,0.018585928830420755,0.0176295337077736,0.019447440753750548
E,dirichlet,n2000|wd0.1,dirichlet_setups K10 E5 f1 dirichlet0.1 fedavg,post_cross,cli_cos_global_mean,28,0.9998200278840936,0.9998028641086842,0.9998396107344925
E,dirichlet,n2000|wd0.1,dirichlet_setups K10 E5 f1 dirichlet0.1 fedavg,post_cross,cli_cos_global_min,28,0.9997642737245633,0.9997030348040616,0.999786703991427
E,dirichlet,n2000|wd0.1,dirichlet_setups K10 E5 f1 dirichlet0.1 fedavg,post_cross,cli_dev_pair_cos,28,-0.10950284865612088,-0.10999223390419217,-0.10906137097308444
E,dirichlet,n2000|wd0.1,dirichlet_setups K10 E5 f1 dirichlet0.1 fedavg,post_cross,cli_dev_eff_rank_frac,28,0.9907065798279684,0.9885181160323159,0.9935071842770423
E,dirichlet,n2000|wd0.1,dirichlet_setups K10 E5 f1 dirichlet0.1 fedavg,post_cross,cli_coherence,28,0.04041566252105333,0.025643735770681655,0.04929044789390659
E,dirichlet,n2000|wd0.1,dirichlet_setups K10 E5 f1 dirichlet1 fedavg,delay_or_stalled,cli_n,1,10.0,10.0,10.0
E,dirichlet,n2000|wd0.1,dirichlet_setups K10 E5 f1 dirichlet1 fedavg,delay_or_stalled,cli_agg_gap,1,0.0014267793375814862,0.0014267793375814862,0.0014267793375814862
E,dirichlet,n2000|wd0.1,dirichlet_setups K10 E5 f1 dirichlet1 fedavg,delay_or_stalled,cli_rel_spread,1,0.016010682512727227,0.016010682512727227,0.016010682512727227
E,dirichlet,n2000|wd0.1,dirichlet_setups K10 E5 f1 dirichlet1 fedavg,delay_or_stalled,cli_cos_global_mean,1,0.9998708423854786,0.9998708423854786,0.9998708423854786
E,dirichlet,n2000|wd0.1,dirichlet_setups K10 E5 f1 dirichlet1 fedavg,delay_or_stalled,cli_cos_global_min,1,0.9998350427641952,0.9998350427641952,0.9998350427641952
E,dirichlet,n2000|wd0.1,dirichlet_setups K10 E5 f1 dirichlet1 fedavg,delay_or_stalled,cli_dev_pair_cos,1,-0.11073590779951274,-0.11073590779951274,-0.11073590779951274
E,dirichlet,n2000|wd0.1,dirichlet_setups K10 E5 f1 dirichlet1 fedavg,delay_or_stalled,cli_dev_eff_rank_frac,1,0.9980629342857463,0.9980629342857463,0.9980629342857463
E,dirichlet,n2000|wd0.1,dirichlet_setups K10 E5 f1 dirichlet1 fedavg,delay_or_stalled,cli_coherence,1,0.00787849554777674,0.00787849554777674,0.00787849554777674
E,dirichlet,n2000|wd0.1,dirichlet_setups K10 E5 f1 dirichlet1 fedavg,post_cross,cli_n,29,10.0,10.0,10.0
E,dirichlet,n2000|wd0.1,dirichlet_setups K10 E5 f1 dirichlet1 fedavg,post_cross,cli_agg_gap,29,0.0018161588233154985,0.001433846311431294,0.0020978368136905013
E,dirichlet,n2000|wd0.1,dirichlet_setups K10 E5 f1 dirichlet1 fedavg,post_cross,cli_rel_spread,29,0.021514798322805995,0.01978492448539106,0.022138756581651507
E,dirichlet,n2000|wd0.1,dirichlet_setups K10 E5 f1 dirichlet1 fedavg,post_cross,cli_cos_global_mean,29,0.9997669259846885,0.9997540568637765,0.9998028345958947
E,dirichlet,n2000|wd0.1,dirichlet_setups K10 E5 f1 dirichlet1 fedavg,post_cross,cli_cos_global_min,29,0.9997081825201914,0.9996909835530942,0.9997624815967477
E,dirichlet,n2000|wd0.1,dirichlet_setups K10 E5 f1 dirichlet1 fedavg,post_cross,cli_dev_pair_cos,29,-0.11035167462462453,-0.11064375405870482,-0.1101971622294963
E,dirichlet,n2000|wd0.1,dirichlet_setups K10 E5 f1 dirichlet1 fedavg,post_cross,cli_dev_eff_rank_frac,29,0.9964060373767981,0.9955231614868032,0.9976405030069826
E,dirichlet,n2000|wd0.1,dirichlet_setups K10 E5 f1 dirichlet1 fedavg,post_cross,cli_coherence,29,0.007680441461370749,0.004133807704929624,0.013177514487857065
E,dirichlet,n2000|wd0.1,dirichlet_setups K10 E5 f1 dirichlet10 fedavg,delay_or_stalled,cli_n,2,10.0,10.0,10.0
E,dirichlet,n2000|wd0.1,dirichlet_setups K10 E5 f1 dirichlet10 fedavg,delay_or_stalled,cli_agg_gap,2,0.0005659953010716749,0.0005205781658985245,0.0006114124362448252
E,dirichlet,n2000|wd0.1,dirichlet_setups K10 E5 f1 dirichlet10 fedavg,delay_or_stalled,cli_rel_spread,2,0.016255219458645415,0.01616907329601614,0.01634136562127469
E,dirichlet,n2000|wd0.1,dirichlet_setups K10 E5 f1 dirichlet10 fedavg,delay_or_stalled,cli_cos_global_mean,2,0.9998677397575205,0.9998663149976477,0.9998691645173934
E,dirichlet,n2000|wd0.1,dirichlet_setups K10 E5 f1 dirichlet10 fedavg,delay_or_stalled,cli_cos_global_min,2,0.9998258269082492,0.9998216039260324,0.999830049890466
E,dirichlet,n2000|wd0.1,dirichlet_setups K10 E5 f1 dirichlet10 fedavg,delay_or_stalled,cli_dev_pair_cos,2,-0.11022553403061368,-0.11024964249983137,-0.11020142556139599
E,dirichlet,n2000|wd0.1,dirichlet_setups K10 E5 f1 dirichlet10 fedavg,delay_or_stalled,cli_dev_eff_rank_frac,2,0.9960553735080822,0.9959840149648982,0.996126732051266
E,dirichlet,n2000|wd0.1,dirichlet_setups K10 E5 f1 dirichlet10 fedavg,delay_or_stalled,cli_coherence,2,0.0012340859064197294,0.0010530902703105726,0.0014150815425288865
E,dirichlet,n2000|wd0.1,dirichlet_setups K10 E5 f1 dirichlet10 fedavg,post_cross,cli_n,28,10.0,10.0,10.0
E,dirichlet,n2000|wd0.1,dirichlet_setups K10 E5 f1 dirichlet10 fedavg,post_cross,cli_agg_gap,28,0.000682676132626424,0.0006330848621418066,0.0008309567753605978
E,dirichlet,n2000|wd0.1,dirichlet_setups K10 E5 f1 dirichlet10 fedavg,post_cross,cli_rel_spread,28,0.019332264606897007,0.016888564193712104,0.021627934397230243
E,dirichlet,n2000|wd0.1,dirichlet_setups K10 E5 f1 dirichlet10 fedavg,post_cross,cli_cos_global_mean,28,0.9998127530552514,0.9997658508411831,0.9998572140854489
E,dirichlet,n2000|wd0.1,dirichlet_setups K10 E5 f1 dirichlet10 fedavg,post_cross,cli_cos_global_min,28,0.9997556337541927,0.9996786395582078,0.9998126486151274
E,dirichlet,n2000|wd0.1,dirichlet_setups K10 E5 f1 dirichlet10 fedavg,post_cross,cli_dev_pair_cos,28,-0.1101696760878277,-0.11043840460079461,-0.10979126511827034
E,dirichlet,n2000|wd0.1,dirichlet_setups K10 E5 f1 dirichlet10 fedavg,post_cross,cli_dev_eff_rank_frac,28,0.9954931470031216,0.9939273120640318,0.9964669564679975
E,dirichlet,n2000|wd0.1,dirichlet_setups K10 E5 f1 dirichlet10 fedavg,post_cross,cli_coherence,28,0.0014927290594185533,0.0008710477104688472,0.0015629295384213646
E,dirichlet,n2000|wd0.1,dirichlet_setups K10 E5 f1 dirichlet1000 fedavg,delay_or_stalled,cli_n,3,10.0,10.0,10.0
E,dirichlet,n2000|wd0.1,dirichlet_setups K10 E5 f1 dirichlet1000 fedavg,delay_or_stalled,cli_agg_gap,3,0.00010792465398485877,0.000103509759324538,0.00011461028514628515
E,dirichlet,n2000|wd0.1,dirichlet_setups K10 E5 f1 dirichlet1000 fedavg,delay_or_stalled,cli_rel_spread,3,0.016473110639880263,0.016379679520931677,0.016914104969783517
E,dirichlet,n2000|wd0.1,dirichlet_setups K10 E5 f1 dirichlet1000 fedavg,delay_or_stalled,cli_cos_global_mean,3,0.9998643482416061,0.9998568896060758,0.9998658815058621
E,dirichlet,n2000|wd0.1,dirichlet_setups K10 E5 f1 dirichlet1000 fedavg,delay_or_stalled,cli_cos_global_min,3,0.999821547998261,0.9998097441003997,0.9998267743177387
E,dirichlet,n2000|wd0.1,dirichlet_setups K10 E5 f1 dirichlet1000 fedavg,delay_or_stalled,cli_dev_pair_cos,3,-0.10956291090558985,-0.10965363376919068,-0.10946104670461719
E,dirichlet,n2000|wd0.1,dirichlet_setups K10 E5 f1 dirichlet1000 fedavg,delay_or_stalled,cli_dev_eff_rank_frac,3,0.9931880364468422,0.9927998606811084,0.9935687230855409
E,dirichlet,n2000|wd0.1,dirichlet_setups K10 E5 f1 dirichlet1000 fedavg,delay_or_stalled,cli_coherence,3,4.292094698811681e-05,3.997070817773129e-05,4.588268087298029e-05
E,dirichlet,n2000|wd0.1,dirichlet_setups K10 E5 f1 dirichlet1000 fedavg,post_cross,cli_n,27,10.0,10.0,10.0
E,dirichlet,n2000|wd0.1,dirichlet_setups K10 E5 f1 dirichlet1000 fedavg,post_cross,cli_agg_gap,27,0.00013274750039760078,0.00010889861436281346,0.0001488850883933404
E,dirichlet,n2000|wd0.1,dirichlet_setups K10 E5 f1 dirichlet1000 fedavg,post_cross,cli_rel_spread,27,0.019531326024800535,0.01687429985147153,0.022360227009508904
E,dirichlet,n2000|wd0.1,dirichlet_setups K10 E5 f1 dirichlet1000 fedavg,post_cross,cli_cos_global_mean,27,0.999809330452045,0.9997501082532185,0.9998577357490301
E,dirichlet,n2000|wd0.1,dirichlet_setups K10 E5 f1 dirichlet1000 fedavg,post_cross,cli_cos_global_min,27,0.9997457641305553,0.9996669434959593,0.9998192355612519
E,dirichlet,n2000|wd0.1,dirichlet_setups K10 E5 f1 dirichlet1000 fedavg,post_cross,cli_dev_pair_cos,27,-0.1099051623351958,-0.11026163919987922,-0.10939140594255933
E,dirichlet,n2000|wd0.1,dirichlet_setups K10 E5 f1 dirichlet1000 fedavg,post_cross,cli_dev_eff_rank_frac,27,0.9938809206316745,0.9923214494862651,0.9954721901611648
E,dirichlet,n2000|wd0.1,dirichlet_setups K10 E5 f1 dirichlet1000 fedavg,post_cross,cli_coherence,27,4.316135012419433e-05,3.8920884745532344e-05,4.592374142731095e-05
E,f,n2000|wd0.1,participation_setups K20 E5 f0.25 iid fedavg,post_cross,cli_n,30,5.0,5.0,5.0
E,f,n2000|wd0.1,participation_setups K20 E5 f0.25 iid fedavg,post_cross,cli_agg_gap,30,4.029788695396464e-08,3.9784830248425136e-08,4.1488950850581366e-08
E,f,n2000|wd0.1,participation_setups K20 E5 f0.25 iid fedavg,post_cross,cli_rel_spread,30,0.010417788058592569,0.010072621533059014,0.01152611301063088
E,f,n2000|wd0.1,participation_setups K20 E5 f0.25 iid fedavg,post_cross,cli_cos_global_mean,30,0.9999457468231632,0.9999335888607943,0.9999493072385355
E,f,n2000|wd0.1,participation_setups K20 E5 f0.25 iid fedavg,post_cross,cli_cos_global_min,30,0.9999349960949426,0.9999227821431184,0.9999421935514976
E,f,n2000|wd0.1,participation_setups K20 E5 f0.25 iid fedavg,post_cross,cli_dev_pair_cos,30,-0.24884993398606053,-0.24938589777805473,-0.24822683244426888
E,f,n2000|wd0.1,participation_setups K20 E5 f0.25 iid fedavg,post_cross,cli_dev_eff_rank_frac,30,0.9974868181240385,0.9955295486358366,0.998396527196667
E,f,n2000|wd0.1,participation_setups K20 E5 f0.25 iid fedavg,post_cross,cli_coherence,30,1.4574179622059233e-11,1.2106789672451745e-11,1.6770529321633202e-11
E,f,n2000|wd0.1,participation_setups K20 E5 f0.5 iid fedavg,delay_or_stalled,cli_n,3,10.0,10.0,10.0
E,f,n2000|wd0.1,participation_setups K20 E5 f0.5 iid fedavg,delay_or_stalled,cli_agg_gap,3,6.392158910422212e-08,6.351211200428477e-08,6.419222104918361e-08
E,f,n2000|wd0.1,participation_setups K20 E5 f0.5 iid fedavg,delay_or_stalled,cli_rel_spread,3,0.00872234696580859,0.00871368863368811,0.009042153965651237
E,f,n2000|wd0.1,participation_setups K20 E5 f0.5 iid fedavg,delay_or_stalled,cli_cos_global_mean,3,0.9999619631194433,0.9999590716521302,0.9999620389895354
E,f,n2000|wd0.1,participation_setups K20 E5 f0.5 iid fedavg,delay_or_stalled,cli_cos_global_min,3,0.9999506813932139,0.9999488002952772,0.9999513979986063
E,f,n2000|wd0.1,participation_setups K20 E5 f0.5 iid fedavg,delay_or_stalled,cli_dev_pair_cos,3,-0.11072688860126324,-0.11086457305461855,-0.11054305136760122
E,f,n2000|wd0.1,participation_setups K20 E5 f0.5 iid fedavg,delay_or_stalled,cli_dev_eff_rank_frac,3,0.9980953068851943,0.997342342598758,0.9987395431512835
E,f,n2000|wd0.1,participation_setups K20 E5 f0.5 iid fedavg,delay_or_stalled,cli_coherence,3,5.3920579585686736e-11,4.967626262618982e-11,5.427032957801313e-11
E,f,n2000|wd0.1,participation_setups K20 E5 f0.5 iid fedavg,post_cross,cli_n,27,10.0,10.0,10.0
E,f,n2000|wd0.1,participation_setups K20 E5 f0.5 iid fedavg,post_cross,cli_agg_gap,27,5.8894500488487684e-08,5.8295999738479347e-08,6.03655955834498e-08
E,f,n2000|wd0.1,participation_setups K20 E5 f0.5 iid fedavg,post_cross,cli_rel_spread,27,0.013055546705924338,0.012480061342575987,0.013714331806108792
E,f,n2000|wd0.1,participation_setups K20 E5 f0.5 iid fedavg,post_cross,cli_cos_global_mean,27,0.9999147926941472,0.9999059611905975,0.9999221374378373
E,f,n2000|wd0.1,participation_setups K20 E5 f0.5 iid fedavg,post_cross,cli_cos_global_min,27,0.9999007833626288,0.9998886054027752,0.9999131182890683
E,f,n2000|wd0.1,participation_setups K20 E5 f0.5 iid fedavg,post_cross,cli_dev_pair_cos,27,-0.11087190799633334,-0.11092074699981717,-0.1107907049406725
E,f,n2000|wd0.1,participation_setups K20 E5 f0.5 iid fedavg,post_cross,cli_dev_eff_rank_frac,27,0.9985893705859658,0.9981136004231168,0.9988302595322964
E,f,n2000|wd0.1,participation_setups K20 E5 f0.5 iid fedavg,post_cross,cli_coherence,27,1.9416976907854984e-11,1.7960657428722884e-11,2.3924430562898812e-11
E,partition,n2000|wd0.1,partitions K10 E5 f1 dirichlet0.5 fedavg,delay_or_stalled,cli_n,1,10.0,10.0,10.0
E,partition,n2000|wd0.1,partitions K10 E5 f1 dirichlet0.5 fedavg,delay_or_stalled,cli_agg_gap,1,0.0018916889714528913,0.0018916889714528913,0.0018916889714528913
E,partition,n2000|wd0.1,partitions K10 E5 f1 dirichlet0.5 fedavg,delay_or_stalled,cli_rel_spread,1,0.016766607370802454,0.016766607370802454,0.016766607370802454
E,partition,n2000|wd0.1,partitions K10 E5 f1 dirichlet0.5 fedavg,delay_or_stalled,cli_cos_global_mean,1,0.9998577067474506,0.9998577067474506,0.9998577067474506
E,partition,n2000|wd0.1,partitions K10 E5 f1 dirichlet0.5 fedavg,delay_or_stalled,cli_cos_global_min,1,0.9998375498233655,0.9998375498233655,0.9998375498233655
E,partition,n2000|wd0.1,partitions K10 E5 f1 dirichlet0.5 fedavg,delay_or_stalled,cli_dev_pair_cos,1,-0.11039557040321174,-0.11039557040321174,-0.11039557040321174
E,partition,n2000|wd0.1,partitions K10 E5 f1 dirichlet0.5 fedavg,delay_or_stalled,cli_dev_eff_rank_frac,1,0.9965733157261352,0.9965733157261352,0.9965733157261352
E,partition,n2000|wd0.1,partitions K10 E5 f1 dirichlet0.5 fedavg,delay_or_stalled,cli_coherence,1,0.012567659401424793,0.012567659401424793,0.012567659401424793
E,partition,n2000|wd0.1,partitions K10 E5 f1 dirichlet0.5 fedavg,post_cross,cli_n,29,10.0,10.0,10.0
E,partition,n2000|wd0.1,partitions K10 E5 f1 dirichlet0.5 fedavg,post_cross,cli_agg_gap,29,0.0028188466937134828,0.0024783588961858304,0.0029635292964857243
E,partition,n2000|wd0.1,partitions K10 E5 f1 dirichlet0.5 fedavg,post_cross,cli_rel_spread,29,0.020594571165527337,0.020282174462443976,0.021177883055992924
E,partition,n2000|wd0.1,partitions K10 E5 f1 dirichlet0.5 fedavg,post_cross,cli_cos_global_mean,29,0.9997838786813915,0.9997723688108794,0.9997905677933062
E,partition,n2000|wd0.1,partitions K10 E5 f1 dirichlet0.5 fedavg,post_cross,cli_cos_global_min,29,0.9997415298883146,0.9997142966857254,0.9997514877900051
E,partition,n2000|wd0.1,partitions K10 E5 f1 dirichlet0.5 fedavg,post_cross,cli_dev_pair_cos,29,-0.11011774873981099,-0.11019302851141212,-0.10993698178392304
E,partition,n2000|wd0.1,partitions K10 E5 f1 dirichlet0.5 fedavg,post_cross,cli_dev_eff_rank_frac,29,0.9951406962680633,0.9942833105452308,0.9955006696299158
E,partition,n2000|wd0.1,partitions K10 E5 f1 dirichlet0.5 fedavg,post_cross,cli_coherence,29,0.019016154481327447,0.012971524033040329,0.019465933432965397
E,partition,n2000|wd0.1,partitions K10 E5 f1 label_block fedavg,delay_or_stalled,cli_n,30,10.0,10.0,10.0
E,partition,n2000|wd0.1,partitions K10 E5 f1 label_block fedavg,delay_or_stalled,cli_agg_gap,30,5.72934425061808e-08,5.660079636636908e-08,5.7934757677442003e-08
E,partition,n2000|wd0.1,partitions K10 E5 f1 label_block fedavg,delay_or_stalled,cli_rel_spread,30,0.02020391363520726,0.019563777757299543,0.020832402006738537
E,partition,n2000|wd0.1,partitions K10 E5 f1 label_block fedavg,delay_or_stalled,cli_cos_global_mean,30,0.9997960789428202,0.9997831566769579,0.9998087528918521
E,partition,n2000|wd0.1,partitions K10 E5 f1 label_block fedavg,delay_or_stalled,cli_cos_global_min,30,0.9997201341406137,0.9997050521225277,0.999739744945344
E,partition,n2000|wd0.1,partitions K10 E5 f1 label_block fedavg,delay_or_stalled,cli_dev_pair_cos,30,-0.10913508437691677,-0.10938389797803405,-0.108852600422921
E,partition,n2000|wd0.1,partitions K10 E5 f1 label_block fedavg,delay_or_stalled,cli_dev_eff_rank_frac,30,0.9881455996693705,0.9860198597786954,0.9893566215923755
E,partition,n2000|wd0.1,partitions K10 E5 f1 label_block fedavg,delay_or_stalled,cli_coherence,30,7.964425449616375e-12,7.394848669401916e-12,8.644416364695887e-12
E,partition,n2000|wd0.1,partitions K20 E5 f1 dirichlet0.5 fedavg,delay_or_stalled,cli_n,3,20.0,20.0,20.0
E,partition,n2000|wd0.1,partitions K20 E5 f1 dirichlet0.5 fedavg,delay_or_stalled,cli_agg_gap,3,0.0016205249656695894,0.0012490307503698899,0.001672028478780395
E,partition,n2000|wd0.1,partitions K20 E5 f1 dirichlet0.5 fedavg,delay_or_stalled,cli_rel_spread,3,0.013473603098801414,0.013377551288018416,0.013527250763223204
E,partition,n2000|wd0.1,partitions K20 E5 f1 dirichlet0.5 fedavg,delay_or_stalled,cli_cos_global_mean,3,0.9999088686242515,0.9999076009325811,0.9999096944913501
E,partition,n2000|wd0.1,partitions K20 E5 f1 dirichlet0.5 fedavg,delay_or_stalled,cli_cos_global_min,3,0.999871169728543,0.9998709688760359,0.9998760597431704
E,partition,n2000|wd0.1,partitions K20 E5 f1 dirichlet0.5 fedavg,delay_or_stalled,cli_dev_pair_cos,3,-0.05190390086136943,-0.05191008223014304,-0.05188226092339319
E,partition,n2000|wd0.1,partitions K20 E5 f1 dirichlet0.5 fedavg,delay_or_stalled,cli_dev_eff_rank_frac,3,0.9929200395020625,0.9924362559814779,0.9929658507725734
E,partition,n2000|wd0.1,partitions K20 E5 f1 dirichlet0.5 fedavg,delay_or_stalled,cli_coherence,3,0.014666579380314591,0.009445133320759238,0.015257070011703336
E,partition,n2000|wd0.1,partitions K20 E5 f1 dirichlet0.5 fedavg,post_cross,cli_n,27,20.0,20.0,20.0
E,partition,n2000|wd0.1,partitions K20 E5 f1 dirichlet0.5 fedavg,post_cross,cli_agg_gap,27,0.002080236808322238,0.0012342142589354187,0.0023972951200436163
E,partition,n2000|wd0.1,partitions K20 E5 f1 dirichlet0.5 fedavg,post_cross,cli_rel_spread,27,0.018246357009497866,0.016959772070021143,0.018891302029049338
E,partition,n2000|wd0.1,partitions K20 E5 f1 dirichlet0.5 fedavg,post_cross,cli_cos_global_mean,27,0.9998311846133117,0.9998186624302914,0.9998540138372833
E,partition,n2000|wd0.1,partitions K20 E5 f1 dirichlet0.5 fedavg,post_cross,cli_cos_global_min,27,0.9997444753277618,0.9997234066215626,0.9997611747829169
E,partition,n2000|wd0.1,partitions K20 E5 f1 dirichlet0.5 fedavg,post_cross,cli_dev_pair_cos,27,-0.051329384750644025,-0.051451117979100215,-0.05125057701238302
E,partition,n2000|wd0.1,partitions K20 E5 f1 dirichlet0.5 fedavg,post_cross,cli_dev_eff_rank_frac,27,0.9881970035323056,0.9870573764265189,0.9886698078961247
E,partition,n2000|wd0.1,partitions K20 E5 f1 dirichlet0.5 fedavg,post_cross,cli_coherence,27,0.01576692176444226,0.004290749790750022,0.01617326934332973
E,partition,n2000|wd0.1,partitions K20 E5 f1 label_block fedavg,delay_or_stalled,cli_n,25,20.0,20.0,20.0
E,partition,n2000|wd0.1,partitions K20 E5 f1 label_block fedavg,delay_or_stalled,cli_agg_gap,25,8.935463548583696e-08,8.799315169294653e-08,9.131314307546793e-08
E,partition,n2000|wd0.1,partitions K20 E5 f1 label_block fedavg,delay_or_stalled,cli_rel_spread,25,0.013770747322610882,0.013446812764899264,0.014288035757087345
E,partition,n2000|wd0.1,partitions K20 E5 f1 label_block fedavg,delay_or_stalled,cli_cos_global_mean,25,0.9999052194698503,0.9998979670443493,0.9999096212340705
E,partition,n2000|wd0.1,partitions K20 E5 f1 label_block fedavg,delay_or_stalled,cli_cos_global_min,25,0.9998820602440265,0.9998695038804343,0.9998861411181613
E,partition,n2000|wd0.1,partitions K20 E5 f1 label_block fedavg,delay_or_stalled,cli_dev_pair_cos,25,-0.051631224450488705,-0.05176069433449573,-0.05149665234690842
E,partition,n2000|wd0.1,partitions K20 E5 f1 label_block fedavg,delay_or_stalled,cli_dev_eff_rank_frac,25,0.979945432109955,0.9718784498245817,0.983055425880393
E,partition,n2000|wd0.1,partitions K20 E5 f1 label_block fedavg,delay_or_stalled,cli_coherence,25,4.1992387937399996e-11,4.0221379367223504e-11,4.414234048360819e-11
E,partition,n2000|wd0.1,partitions K20 E5 f1 label_block fedavg,pre_memo,cli_n,5,20.0,20.0,20.0
E,partition,n2000|wd0.1,partitions K20 E5 f1 label_block fedavg,pre_memo,cli_agg_gap,5,1.1166417655319296e-07,1.0053424247877708e-07,1.1568794415583522e-07
E,partition,n2000|wd0.1,partitions K20 E5 f1 label_block fedavg,pre_memo,cli_rel_spread,5,0.010531616309428383,0.009135574505929223,0.013684447500745682
E,partition,n2000|wd0.1,partitions K20 E5 f1 label_block fedavg,pre_memo,cli_cos_global_mean,5,0.9999445486910739,0.9999063895539028,0.9999582739291961
E,partition,n2000|wd0.1,partitions K20 E5 f1 label_block fedavg,pre_memo,cli_cos_global_min,5,0.9999289717193528,0.9998818566195692,0.9999487153557645
E,partition,n2000|wd0.1,partitions K20 E5 f1 label_block fedavg,pre_memo,cli_dev_pair_cos,5,-0.05186264956599725,-0.05208555643767118,-0.05183891551592321
E,partition,n2000|wd0.1,partitions K20 E5 f1 label_block fedavg,pre_memo,cli_dev_eff_rank_frac,5,0.9896269088785368,0.9836176052043598,0.9934725580877725
E,partition,n2000|wd0.1,partitions K20 E5 f1 label_block fedavg,pre_memo,cli_coherence,5,1.1241847250086879e-10,5.3972617992381274e-11,1.626009229554251e-10
E,K,n4000|wd0.1,aggregation_alpha2 K10 E5 f1 iid fedavg,delay_or_stalled,cli_n,18,3.0,3.0,8.25
E,K,n4000|wd0.1,aggregation_alpha2 K10 E5 f1 iid fedavg,delay_or_stalled,cli_agg_gap,18,3.7253119623050534e-08,3.6278565709021376e-08,5.251166234986273e-08
E,K,n4000|wd0.1,aggregation_alpha2 K10 E5 f1 iid fedavg,delay_or_stalled,cli_rel_spread,18,0.012871776465832752,0.01177503491636292,0.01920148645063543
E,K,n4000|wd0.1,aggregation_alpha2 K10 E5 f1 iid fedavg,delay_or_stalled,cli_cos_global_mean,18,0.9999171946496324,0.9998155533231905,0.9999306310992104
E,K,n4000|wd0.1,aggregation_alpha2 K10 E5 f1 iid fedavg,delay_or_stalled,cli_cos_global_min,18,0.9999129961747828,0.9997982720240777,0.9999251456071613
E,K,n4000|wd0.1,aggregation_alpha2 K10 E5 f1 iid fedavg,delay_or_stalled,cli_dev_pair_cos,18,-0.49867816408922916,-0.4997118915687966,-0.1962221738980579
E,K,n4000|wd0.1,aggregation_alpha2 K10 E5 f1 iid fedavg,delay_or_stalled,cli_dev_eff_rank_frac,18,0.9987759387209407,0.9982318648161485,0.9996177084037319
E,K,n4000|wd0.1,aggregation_alpha2 K10 E5 f1 iid fedavg,delay_or_stalled,cli_coherence,18,8.812117143980896e-12,8.156811681358343e-12,9.862385674455454e-12
E,K,n4000|wd0.1,aggregation_alpha2 K10 E5 f1 iid fedavg,post_cross,cli_n,10,3.0,3.0,3.0
E,K,n4000|wd0.1,aggregation_alpha2 K10 E5 f1 iid fedavg,post_cross,cli_agg_gap,10,3.6535799642962874e-08,3.612546417526478e-08,3.669328488278435e-08
E,K,n4000|wd0.1,aggregation_alpha2 K10 E5 f1 iid fedavg,post_cross,cli_rel_spread,10,0.014747362502834364,0.012214971674169194,0.017269345916061205
E,K,n4000|wd0.1,aggregation_alpha2 K10 E5 f1 iid fedavg,post_cross,cli_cos_global_mean,10,0.9998907512114832,0.9998509888815762,0.9999254749310051
E,K,n4000|wd0.1,aggregation_alpha2 K10 E5 f1 iid fedavg,post_cross,cli_cos_global_min,10,0.9998884133979966,0.9998439800919545,0.999921214533326
E,K,n4000|wd0.1,aggregation_alpha2 K10 E5 f1 iid fedavg,post_cross,cli_dev_pair_cos,10,-0.49980218140784016,-0.4998529012456863,-0.49965117370041784
E,K,n4000|wd0.1,aggregation_alpha2 K10 E5 f1 iid fedavg,post_cross,cli_dev_eff_rank_frac,10,0.9997365430235083,0.999531680228252,0.9998038052899945
E,K,n4000|wd0.1,aggregation_alpha2 K10 E5 f1 iid fedavg,post_cross,cli_coherence,10,6.077432740540353e-12,4.571755486262107e-12,8.980810218357476e-12
E,K,n4000|wd0.1,aggregation_alpha2 K10 E5 f1 iid fedavg,pre_memo,cli_n,2,10.0,10.0,10.0
E,K,n4000|wd0.1,aggregation_alpha2 K10 E5 f1 iid fedavg,pre_memo,cli_agg_gap,2,6.696661492809404e-08,6.653454713377687e-08,6.73986827224112e-08
E,K,n4000|wd0.1,aggregation_alpha2 K10 E5 f1 iid fedavg,pre_memo,cli_rel_spread,2,0.019697292232168956,0.01944666504112031,0.0199479194232176
E,K,n4000|wd0.1,aggregation_alpha2 K10 E5 f1 iid fedavg,pre_memo,cli_cos_global_mean,2,0.9998059807473276,0.9998010381914862,0.999810923303169
E,K,n4000|wd0.1,aggregation_alpha2 K10 E5 f1 iid fedavg,pre_memo,cli_cos_global_min,2,0.9997830170359618,0.9997817396960612,0.9997842943758624
E,K,n4000|wd0.1,aggregation_alpha2 K10 E5 f1 iid fedavg,pre_memo,cli_dev_pair_cos,2,-0.11083958829245863,-0.11092663404504846,-0.11075254253986881
E,K,n4000|wd0.1,aggregation_alpha2 K10 E5 f1 iid fedavg,pre_memo,cli_dev_eff_rank_frac,2,0.9979347958335454,0.9974824824205166,0.998387109246574
E,K,n4000|wd0.1,aggregation_alpha2 K10 E5 f1 iid fedavg,pre_memo,cli_coherence,2,1.1567763885533878e-11,1.1422634123312798e-11,1.171289364775496e-11
E,K,n4000|wd0.1,aggregation_alpha2 K2 E5 f1 iid fedavg,post_cross,cli_n,30,2.0,2.0,2.0
E,K,n4000|wd0.1,aggregation_alpha2 K2 E5 f1 iid fedavg,post_cross,cli_agg_gap,30,3.016300925395967e-08,3.001346991251622e-08,3.0371726831170536e-08
E,K,n4000|wd0.1,aggregation_alpha2 K2 E5 f1 iid fedavg,post_cross,cli_rel_spread,30,0.024854094511222398,0.024680657158403847,0.025360088492390402
E,K,n4000|wd0.1,aggregation_alpha2 K2 E5 f1 iid fedavg,post_cross,cli_cos_global_mean,30,0.999691336471034,0.9996785988164515,0.9996961778932709
E,K,n4000|wd0.1,aggregation_alpha2 K2 E5 f1 iid fedavg,post_cross,cli_cos_global_min,30,0.9996911738955029,0.9996785066770693,0.9996954854243612
E,K,n4000|wd0.1,aggregation_alpha2 K2 E5 f1 iid fedavg,post_cross,cli_dev_pair_cos,30,-1.0,-1.0,-1.0
E,K,n4000|wd0.1,aggregation_alpha2 K2 E5 f1 iid fedavg,post_cross,cli_dev_eff_rank_frac,30,1.0,1.0,1.0
E,K,n4000|wd0.1,aggregation_alpha2 K2 E5 f1 iid fedavg,post_cross,cli_coherence,30,1.459090795505997e-12,1.416914787099799e-12,1.508351102591175e-12
E,K,n4000|wd0.1,aggregation_alpha2 K20 E5 f1 iid fedavg,delay_or_stalled,cli_n,1,6.0,6.0,6.0
E,K,n4000|wd0.1,aggregation_alpha2 K20 E5 f1 iid fedavg,delay_or_stalled,cli_agg_gap,1,3.969557862242254e-08,3.969557862242254e-08,3.969557862242254e-08
E,K,n4000|wd0.1,aggregation_alpha2 K20 E5 f1 iid fedavg,delay_or_stalled,cli_rel_spread,1,0.009452031652749193,0.009452031652749193,0.009452031652749193
E,K,n4000|wd0.1,aggregation_alpha2 K20 E5 f1 iid fedavg,delay_or_stalled,cli_cos_global_mean,1,0.9999553338140207,0.9999553338140207,0.9999553338140207
E,K,n4000|wd0.1,aggregation_alpha2 K20 E5 f1 iid fedavg,delay_or_stalled,cli_cos_global_min,1,0.9999413145117575,0.9999413145117575,0.9999413145117575
E,K,n4000|wd0.1,aggregation_alpha2 K20 E5 f1 iid fedavg,delay_or_stalled,cli_dev_pair_cos,1,-0.19878049387460361,-0.19878049387460361,-0.19878049387460361
E,K,n4000|wd0.1,aggregation_alpha2 K20 E5 f1 iid fedavg,delay_or_stalled,cli_dev_eff_rank_frac,1,0.9970239136125413,0.9970239136125413,0.9970239136125413
E,K,n4000|wd0.1,aggregation_alpha2 K20 E5 f1 iid fedavg,delay_or_stalled,cli_coherence,1,1.763737459268414e-11,1.763737459268414e-11,1.763737459268414e-11
E,K,n4000|wd0.1,aggregation_alpha2 K20 E5 f1 iid fedavg,post_cross,cli_n,25,6.0,5.0,6.0
E,K,n4000|wd0.1,aggregation_alpha2 K20 E5 f1 iid fedavg,post_cross,cli_agg_gap,25,4.279405741653427e-08,4.23995515803148e-08,4.327853328853776e-08
E,K,n4000|wd0.1,aggregation_alpha2 K20 E5 f1 iid fedavg,post_cross,cli_rel_spread,25,0.013832763445209909,0.012406139555915947,0.01701155980830878
E,K,n4000|wd0.1,aggregation_alpha2 K20 E5 f1 iid fedavg,post_cross,cli_cos_global_mean,25,0.9999044180332841,0.9998553732754192,0.9999230969506208
E,K,n4000|wd0.1,aggregation_alpha2 K20 E5 f1 iid fedavg,post_cross,cli_cos_global_min,25,0.9998662718176203,0.9998104422798911,0.9998986286315005
E,K,n4000|wd0.1,aggregation_alpha2 K20 E5 f1 iid fedavg,post_cross,cli_dev_pair_cos,25,-0.19832162706467313,-0.24150426172632145,-0.19367613418590626
E,K,n4000|wd0.1,aggregation_alpha2 K20 E5 f1 iid fedavg,post_cross,cli_dev_eff_rank_frac,25,0.9933595697948986,0.9835016821242846,0.9952404431674954
E,K,n4000|wd0.1,aggregation_alpha2 K20 E5 f1 iid fedavg,post_cross,cli_coherence,25,9.80265125764445e-12,6.243508073724654e-12,1.1564020917275993e-11
E,K,n4000|wd0.1,aggregation_alpha2 K20 E5 f1 iid fedavg,pre_memo,cli_n,4,6.5,5.75,7.0
E,K,n4000|wd0.1,aggregation_alpha2 K20 E5 f1 iid fedavg,pre_memo,cli_agg_gap,4,4.609459663544696e-08,4.090443321686337e-08,5.1081654023920484e-08
E,K,n4000|wd0.1,aggregation_alpha2 K20 E5 f1 iid fedavg,pre_memo,cli_rel_spread,4,0.021851702990866185,0.016170625084259607,0.026202310116776952
E,K,n4000|wd0.1,aggregation_alpha2 K20 E5 f1 iid fedavg,pre_memo,cli_cos_global_mean,4,0.9997530749182191,0.9996572105514818,0.9998656670325319
E,K,n4000|wd0.1,aggregation_alpha2 K20 E5 f1 iid fedavg,pre_memo,cli_cos_global_min,4,0.9994686442834902,0.9992392478470081,0.9997110844760111
E,K,n4000|wd0.1,aggregation_alpha2 K20 E5 f1 iid fedavg,pre_memo,cli_dev_pair_cos,4,-0.14629729185696577,-0.18166125590644197,-0.1302540088768
E,K,n4000|wd0.1,aggregation_alpha2 K20 E5 f1 iid fedavg,pre_memo,cli_dev_eff_rank_frac,4,0.924850596035673,0.9189958787380856,0.9449204555781934
E,K,n4000|wd0.1,aggregation_alpha2 K20 E5 f1 iid fedavg,pre_memo,cli_coherence,4,6.334607789285399e-12,3.2682159059865093e-12,9.56882475288975e-12
E,K,n4000|wd0.1,aggregation_alpha2 K5 E5 f1 iid fedavg,delay_or_stalled,cli_n,20,5.0,3.0,5.0
E,K,n4000|wd0.1,aggregation_alpha2 K5 E5 f1 iid fedavg,delay_or_stalled,cli_agg_gap,20,4.2053774769332155e-08,3.745750198798313e-08,4.27380501055856e-08
E,K,n4000|wd0.1,aggregation_alpha2 K5 E5 f1 iid fedavg,delay_or_stalled,cli_rel_spread,20,0.021765574331482525,0.019325059593225884,0.022812413424764554
E,K,n4000|wd0.1,aggregation_alpha2 K5 E5 f1 iid fedavg,delay_or_stalled,cli_cos_global_mean,20,0.9997632842018598,0.9997399745469662,0.9998133647437989
E,K,n4000|wd0.1,aggregation_alpha2 K5 E5 f1 iid fedavg,delay_or_stalled,cli_cos_global_min,20,0.9997483855033155,0.9997262624345473,0.9998059601171972
E,K,n4000|wd0.1,aggregation_alpha2 K5 E5 f1 iid fedavg,delay_or_stalled,cli_dev_pair_cos,20,-0.24991414417731805,-0.4996247509529003,-0.2497170274352848
E,K,n4000|wd0.1,aggregation_alpha2 K5 E5 f1 iid fedavg,delay_or_stalled,cli_dev_eff_rank_frac,20,0.999588145440161,0.9992497203833844,0.9997233761542614
E,K,n4000|wd0.1,aggregation_alpha2 K5 E5 f1 iid fedavg,delay_or_stalled,cli_coherence,20,3.743053789949418e-12,3.4243561125982983e-12,3.961073816859872e-12
E,K,n4000|wd0.1,aggregation_alpha2 K5 E5 f1 iid fedavg,post_cross,cli_n,10,3.0,3.0,4.5
E,K,n4000|wd0.1,aggregation_alpha2 K5 E5 f1 iid fedavg,post_cross,cli_agg_gap,10,3.763590617531332e-08,3.717879438870868e-08,4.098620079952872e-08
E,K,n4000|wd0.1,aggregation_alpha2 K5 E5 f1 iid fedavg,post_cross,cli_rel_spread,10,0.017651563327316787,0.017430942727111702,0.020554918224765226
E,K,n4000|wd0.1,aggregation_alpha2 K5 E5 f1 iid fedavg,post_cross,cli_cos_global_mean,10,0.999844299256145,0.9997874865727795,0.9998481851329236
E,K,n4000|wd0.1,aggregation_alpha2 K5 E5 f1 iid fedavg,post_cross,cli_cos_global_min,10,0.9998355040665087,0.9997764148824606,0.9998449890614086
E,K,n4000|wd0.1,aggregation_alpha2 K5 E5 f1 iid fedavg,post_cross,cli_dev_pair_cos,10,-0.4995606082904529,-0.4998194243328691,-0.31227138495911044
E,K,n4000|wd0.1,aggregation_alpha2 K5 E5 f1 iid fedavg,post_cross,cli_dev_eff_rank_frac,10,0.9995749021073824,0.9993414769299456,0.9997565899896995
E,K,n4000|wd0.1,aggregation_alpha2 K5 E5 f1 iid fedavg,post_cross,cli_coherence,10,4.467469520245182e-12,4.05419092897834e-12,4.65526298678523e-12
