setup,axis,family,cell,moment,metric,n,median,q25,q75
A,K,0.25|wd0.0,boundary K20 E5 f1 iid fedavg,cross,tw_step_gap,5,0.0,0.0,0.0
A,K,0.25|wd0.0,boundary K20 E5 f1 iid fedavg,cross,tw_rel_dist,5,0.48039326071739197,0.47960585355758667,0.5143487453460693
A,K,0.25|wd0.0,boundary K20 E5 f1 iid fedavg,cross,tw_cos,5,0.8867698907852173,0.8698475956916809,0.8872129917144775
A,K,0.25|wd0.0,boundary K20 E5 f1 iid fedavg,cross,tw_first_rel_dist,5,0.4840199053287506,0.48247861862182617,0.5143130421638489
A,K,0.25|wd0.0,boundary K20 E5 f1 iid fedavg,cross,tw_pred_agree_te,5,0.9589060544967651,0.907751202583313,0.9815785884857178
A,K,0.25|wd0.0,boundary K20 E5 f1 iid fedavg,cross,tw_twin_acc_te,5,99.97166442871094,99.90081024169922,100.0
A,K,0.25|wd0.0,boundary K20 E5 f1 iid fedavg,cross,tw_fed_acc_te,5,95.86226654052734,90.74678039550781,98.1578598022461
A,K,0.25|wd0.0,boundary K20 E5 f1 iid fedavg,cross,tw_cka_te,5,0.8002100167499414,0.7503601435926444,0.8038663096767334
A,K,0.25|wd0.0,boundary K20 E5 f1 iid fedavg,cross,tw_pred_agree_grid,5,0.9691784977912903,0.9308109283447266,0.9861834645271301
A,K,0.25|wd0.0,boundary K20 E5 f1 iid fedavg,cross,tw_clock_key_jaccard,5,0.8484848484848485,0.8421052631578947,0.8529411764705882
A,K,0.25|wd0.0,boundary K20 E5 f1 iid fedavg,cross,tw_clock_energy_cos,5,0.9514323559780646,0.9512029214560552,0.953418285741464
A,K,0.25|wd0.0,boundary K20 E5 f1 iid fedavg,end,tw_step_gap,5,0.0,0.0,0.0
A,K,0.25|wd0.0,boundary K20 E5 f1 iid fedavg,end,tw_rel_dist,5,0.8252547979354858,0.813591718673706,0.8302748203277588
A,K,0.25|wd0.0,boundary K20 E5 f1 iid fedavg,end,tw_cos,5,0.6724287867546082,0.6677907705307007,0.6810116171836853
A,K,0.25|wd0.0,boundary K20 E5 f1 iid fedavg,end,tw_first_rel_dist,5,0.8298014402389526,0.8074014782905579,0.8379911780357361
A,K,0.25|wd0.0,boundary K20 E5 f1 iid fedavg,end,tw_pred_agree_te,5,1.0,1.0,1.0
A,K,0.25|wd0.0,boundary K20 E5 f1 iid fedavg,end,tw_twin_acc_te,5,100.0,100.0,100.0
A,K,0.25|wd0.0,boundary K20 E5 f1 iid fedavg,end,tw_fed_acc_te,5,100.0,100.0,100.0
A,K,0.25|wd0.0,boundary K20 E5 f1 iid fedavg,end,tw_cka_te,5,0.7347709681950512,0.7297465382906376,0.7413309546081683
A,K,0.25|wd0.0,boundary K20 E5 f1 iid fedavg,end,tw_pred_agree_grid,5,1.0,1.0,1.0
A,K,0.25|wd0.0,boundary K20 E5 f1 iid fedavg,end,tw_clock_key_jaccard,5,0.8723404255319149,0.8333333333333334,0.8723404255319149
A,K,0.25|wd0.0,boundary K20 E5 f1 iid fedavg,end,tw_clock_energy_cos,5,0.9999773252731983,0.9999714315409233,0.999985468099362
A,K,0.25|wd0.0,boundary K20 E5 f1 iid fedavg,first,tw_step_gap,5,0.0,0.0,0.0
A,K,0.25|wd0.0,boundary K20 E5 f1 iid fedavg,first,tw_rel_dist,5,0.10535066574811935,0.10494577884674072,0.10945793241262436
A,K,0.25|wd0.0,boundary K20 E5 f1 iid fedavg,first,tw_cos,5,0.9946213960647583,0.9941880106925964,0.9946624040603638
A,K,0.25|wd0.0,boundary K20 E5 f1 iid fedavg,first,tw_first_rel_dist,5,0.10435928404331207,0.10429832339286804,0.1084904670715332
A,K,0.25|wd0.0,boundary K20 E5 f1 iid fedavg,first,tw_pred_agree_te,5,0.8077086806297302,0.796797513961792,0.8105427622795105
A,K,0.25|wd0.0,boundary K20 E5 f1 iid fedavg,first,tw_twin_acc_te,5,1.5162250995635986,1.5020546913146973,2.2672524452209473
A,K,0.25|wd0.0,boundary K20 E5 f1 iid fedavg,first,tw_fed_acc_te,5,1.3178404569625854,1.1903074979782104,1.7429503202438354
A,K,0.25|wd0.0,boundary K20 E5 f1 iid fedavg,first,tw_cka_te,5,0.9824912257126759,0.9809870411177699,0.9825245528045872
A,K,0.25|wd0.0,boundary K20 E5 f1 iid fedavg,first,tw_pred_agree_grid,5,0.8557764291763306,0.8475927710533142,0.8579020500183105
A,K,0.25|wd0.0,boundary K20 E5 f1 iid fedavg,first,tw_clock_key_jaccard,5,0.9444444444444444,0.9210526315789473,0.9473684210526315
A,K,0.25|wd0.0,boundary K20 E5 f1 iid fedavg,first,tw_clock_energy_cos,5,0.9981861085101835,0.9971791841364788,0.9983016911514655
A,K,0.25|wd0.0,boundary K50 E5 f1 iid fedavg,cross,tw_step_gap,5,0.0,0.0,0.022222222222222223
A,K,0.25|wd0.0,boundary K50 E5 f1 iid fedavg,cross,tw_rel_dist,5,0.9888418316841125,0.9777059555053711,1.0117361545562744
A,K,0.25|wd0.0,boundary K50 E5 f1 iid fedavg,cross,tw_cos,5,0.5575652718544006,0.5233597755432129,0.558333694934845
A,K,0.25|wd0.0,boundary K50 E5 f1 iid fedavg,cross,tw_first_rel_dist,5,1.0355221033096313,1.02510404586792,1.0601322650909424
A,K,0.25|wd0.0,boundary K50 E5 f1 iid fedavg,cross,tw_pred_agree_te,5,0.940626323223114,0.9284398555755615,0.9679750800132751
A,K,0.25|wd0.0,boundary K50 E5 f1 iid fedavg,cross,tw_twin_acc_te,5,100.0,100.0,100.0
A,K,0.25|wd0.0,boundary K50 E5 f1 iid fedavg,cross,tw_fed_acc_te,5,94.06262969970703,92.84398651123047,96.7975082397461
A,K,0.25|wd0.0,boundary K50 E5 f1 iid fedavg,cross,tw_cka_te,5,0.15151660343980178,0.15132660957079574,0.17016787084185345
A,K,0.25|wd0.0,boundary K50 E5 f1 iid fedavg,cross,tw_pred_agree_grid,5,0.9554681777954102,0.9463279843330383,0.9759804606437683
A,K,0.25|wd0.0,boundary K50 E5 f1 iid fedavg,cross,tw_clock_key_jaccard,5,0.6363636363636364,0.6,0.6585365853658537
A,K,0.25|wd0.0,boundary K50 E5 f1 iid fedavg,cross,tw_clock_energy_cos,5,0.7994210238741062,0.7908455736583443,0.8020576210798716
A,K,0.25|wd0.0,boundary K50 E5 f1 iid fedavg,end,tw_step_gap,5,0.0,0.0,0.0
A,K,0.25|wd0.0,boundary K50 E5 f1 iid fedavg,end,tw_rel_dist,5,1.0618096590042114,1.024781584739685,1.0674879550933838
A,K,0.25|wd0.0,boundary K50 E5 f1 iid fedavg,end,tw_cos,5,0.4656825363636017,0.4629342257976532,0.49724894762039185
A,K,0.25|wd0.0,boundary K50 E5 f1 iid fedavg,end,tw_first_rel_dist,5,1.072048306465149,1.0461769104003906,1.0742356777191162
A,K,0.25|wd0.0,boundary K50 E5 f1 iid fedavg,end,tw_pred_agree_te,5,1.0,1.0,1.0
A,K,0.25|wd0.0,boundary K50 E5 f1 iid fedavg,end,tw_twin_acc_te,5,100.0,100.0,100.0
A,K,0.25|wd0.0,boundary K50 E5 f1 iid fedavg,end,tw_fed_acc_te,5,100.0,100.0,100.0
A,K,0.25|wd0.0,boundary K50 E5 f1 iid fedavg,end,tw_cka_te,5,0.16824520613983343,0.16275508906609137,0.17879902053035718
A,K,0.25|wd0.0,boundary K50 E5 f1 iid fedavg,end,tw_pred_agree_grid,5,1.0,1.0,1.0
A,K,0.25|wd0.0,boundary K50 E5 f1 iid fedavg,end,tw_clock_key_jaccard,5,0.851063829787234,0.851063829787234,0.851063829787234
A,K,0.25|wd0.0,boundary K50 E5 f1 iid fedavg,end,tw_clock_energy_cos,5,0.9977590559367995,0.9959528480629539,0.9978436561754649
A,K,0.25|wd0.0,boundary K50 E5 f1 iid fedavg,first,tw_step_gap,5,0.0,0.0,0.0
A,K,0.25|wd0.0,boundary K50 E5 f1 iid fedavg,first,tw_rel_dist,5,0.27472877502441406,0.2707214951515198,0.2765289545059204
A,K,0.25|wd0.0,boundary K50 E5 f1 iid fedavg,first,tw_cos,5,0.9650233387947083,0.9643243551254272,0.9659507870674133
A,K,0.25|wd0.0,boundary K50 E5 f1 iid fedavg,first,tw_first_rel_dist,5,0.27576956152915955,0.2721107304096222,0.27666816115379333
A,K,0.25|wd0.0,boundary K50 E5 f1 iid fedavg,first,tw_pred_agree_te,5,0.5821170806884766,0.5652543902397156,0.5887771248817444
A,K,0.25|wd0.0,boundary K50 E5 f1 iid fedavg,first,tw_twin_acc_te,5,1.5162250995635986,1.5020546913146973,2.2672524452209473
A,K,0.25|wd0.0,boundary K50 E5 f1 iid fedavg,first,tw_fed_acc_te,5,0.9210712909698486,0.8360493183135986,1.0769449472427368
A,K,0.25|wd0.0,boundary K50 E5 f1 iid fedavg,first,tw_cka_te,5,0.8108892975326741,0.406182230023408,0.8906935634608851
A,K,0.25|wd0.0,boundary K50 E5 f1 iid fedavg,first,tw_pred_agree_grid,5,0.6865767240524292,0.6739292144775391,0.6915718913078308
A,K,0.25|wd0.0,boundary K50 E5 f1 iid fedavg,first,tw_clock_key_jaccard,5,0.9,0.8947368421052632,0.9166666666666666
A,K,0.25|wd0.0,boundary K50 E5 f1 iid fedavg,first,tw_clock_energy_cos,5,0.9864225180800965,0.9830263307154574,0.9909369604675458
A,K,0.25|wd0.0,boundary K97 E5 f1 iid fedavg,cross,tw_step_gap,2,0.005263157894736842,0.002631578947368421,0.007894736842105263
A,K,0.25|wd0.0,boundary K97 E5 f1 iid fedavg,cross,tw_rel_dist,2,1.1860311627388,1.1735758483409882,1.198486477136612
A,K,0.25|wd0.0,boundary K97 E5 f1 iid fedavg,cross,tw_cos,2,0.3018057644367218,0.28827306628227234,0.31533846259117126
A,K,0.25|wd0.0,boundary K97 E5 f1 iid fedavg,cross,tw_first_rel_dist,2,1.187002718448639,1.17692831158638,1.1970771253108978
A,K,0.25|wd0.0,boundary K97 E5 f1 iid fedavg,cross,tw_pred_agree_te,2,0.9531671106815338,0.9507935792207718,0.9555406421422958
A,K,0.25|wd0.0,boundary K97 E5 f1 iid fedavg,cross,tw_twin_acc_te,2,100.0,100.0,100.0
A,K,0.25|wd0.0,boundary K97 E5 f1 iid fedavg,cross,tw_fed_acc_te,2,95.31671142578125,95.0793571472168,95.5540657043457
A,K,0.25|wd0.0,boundary K97 E5 f1 iid fedavg,cross,tw_cka_te,2,0.14237357813354118,0.14015621684265567,0.14459093942442672
A,K,0.25|wd0.0,boundary K97 E5 f1 iid fedavg,cross,tw_pred_agree_grid,2,0.9648740887641907,0.9630938768386841,0.9666543006896973
A,K,0.25|wd0.0,boundary K97 E5 f1 iid fedavg,cross,tw_clock_key_jaccard,2,0.5495169082125604,0.5464975845410628,0.552536231884058
A,K,0.25|wd0.0,boundary K97 E5 f1 iid fedavg,cross,tw_clock_energy_cos,2,0.7596466075908216,0.7543814785540153,0.7649117366276279
A,K,0.25|wd0.0,boundary K97 E5 f1 iid fedavg,end,tw_step_gap,5,0.0,0.0,0.0
A,K,0.25|wd0.0,boundary K97 E5 f1 iid fedavg,end,tw_rel_dist,5,1.1935038566589355,1.1892921924591064,1.1974235773086548
A,K,0.25|wd0.0,boundary K97 E5 f1 iid fedavg,end,tw_cos,5,0.2765517234802246,0.2747403681278229,0.2856532335281372
A,K,0.25|wd0.0,boundary K97 E5 f1 iid fedavg,end,tw_first_rel_dist,5,1.1906760931015015,1.1814372539520264,1.1975257396697998
A,K,0.25|wd0.0,boundary K97 E5 f1 iid fedavg,end,tw_pred_agree_te,5,0.7109253406524658,0.6050729751586914,0.9579141736030579
A,K,0.25|wd0.0,boundary K97 E5 f1 iid fedavg,end,tw_twin_acc_te,5,100.0,100.0,100.0
A,K,0.25|wd0.0,boundary K97 E5 f1 iid fedavg,end,tw_fed_acc_te,5,71.09253692626953,60.50729751586914,95.79141998291016
A,K,0.25|wd0.0,boundary K97 E5 f1 iid fedavg,end,tw_cka_te,5,0.12749409700260028,0.12330017043259607,0.13793885555177016
A,K,0.25|wd0.0,boundary K97 E5 f1 iid fedavg,end,tw_pred_agree_grid,5,0.7831863164901733,0.7036879658699036,0.9684345126152039
A,K,0.25|wd0.0,boundary K97 E5 f1 iid fedavg,end,tw_clock_key_jaccard,5,0.5555555555555556,0.5217391304347826,0.5652173913043478
A,K,0.25|wd0.0,boundary K97 E5 f1 iid fedavg,end,tw_clock_energy_cos,5,0.7186108640414959,0.6926655532289208,0.7491163495172091
A,K,0.25|wd0.0,boundary K97 E5 f1 iid fedavg,first,tw_step_gap,5,0.0,0.0,0.0
A,K,0.25|wd0.0,boundary K97 E5 f1 iid fedavg,first,tw_rel_dist,5,0.6714560389518738,0.6690152883529663,0.6901097893714905
A,K,0.25|wd0.0,boundary K97 E5 f1 iid fedavg,first,tw_cos,5,0.818138599395752,0.8059617280960083,0.8194876313209534
A,K,0.25|wd0.0,boundary K97 E5 f1 iid fedavg,first,tw_first_rel_dist,5,0.7010224461555481,0.6986664533615112,0.7215081453323364
A,K,0.25|wd0.0,boundary K97 E5 f1 iid fedavg,first,tw_pred_agree_te,5,0.26314297318458557,0.2617259621620178,0.27958056330680847
A,K,0.25|wd0.0,boundary K97 E5 f1 iid fedavg,first,tw_twin_acc_te,5,1.5162250995635986,1.5020546913146973,2.2672524452209473
A,K,0.25|wd0.0,boundary K97 E5 f1 iid fedavg,first,tw_fed_acc_te,5,0.4251098334789276,0.4109395146369934,0.5101317763328552
A,K,0.25|wd0.0,boundary K97 E5 f1 iid fedavg,first,tw_cka_te,5,0.2559386587513131,0.2506976538971951,0.25756634048902527
A,K,0.25|wd0.0,boundary K97 E5 f1 iid fedavg,first,tw_pred_agree_grid,5,0.44499948620796204,0.44234246015548706,0.45669040083885193
A,K,0.25|wd0.0,boundary K97 E5 f1 iid fedavg,first,tw_clock_key_jaccard,5,0.7906976744186046,0.775,0.8048780487804879
A,K,0.25|wd0.0,boundary K97 E5 f1 iid fedavg,first,tw_clock_energy_cos,5,0.9423120885843526,0.9261148438101895,0.9423940241246884
A,K,0.25|wd0.0,boundary K97 E5 f1 iid fedavg,memo,tw_step_gap,1,0.015384615384615385,0.015384615384615385,0.015384615384615385
A,K,0.25|wd0.0,boundary K97 E5 f1 iid fedavg,memo,tw_rel_dist,1,1.1967778205871582,1.1967778205871582,1.1967778205871582
A,K,0.25|wd0.0,boundary K97 E5 f1 iid fedavg,memo,tw_cos,1,0.2828938364982605,0.2828938364982605,0.2828938364982605
A,K,0.25|wd0.0,boundary K97 E5 f1 iid fedavg,memo,tw_first_rel_dist,1,1.2178853750228882,1.2178853750228882,1.2178853750228882
A,K,0.25|wd0.0,boundary K97 E5 f1 iid fedavg,memo,tw_pred_agree_te,1,0.12257333099842072,0.12257333099842072,0.12257333099842072
A,K,0.25|wd0.0,boundary K97 E5 f1 iid fedavg,memo,tw_twin_acc_te,1,100.0,100.0,100.0
A,K,0.25|wd0.0,boundary K97 E5 f1 iid fedavg,memo,tw_fed_acc_te,1,12.257332801818848,12.257332801818848,12.257332801818848
A,K,0.25|wd0.0,boundary K97 E5 f1 iid fedavg,memo,tw_cka_te,1,0.12699530923473193,0.12699530923473193,0.12699530923473193
A,K,0.25|wd0.0,boundary K97 E5 f1 iid fedavg,memo,tw_pred_agree_grid,1,0.33956849575042725,0.33956849575042725,0.33956849575042725
A,K,0.25|wd0.0,boundary K97 E5 f1 iid fedavg,memo,tw_clock_key_jaccard,1,0.5106382978723404,0.5106382978723404,0.5106382978723404
A,K,0.25|wd0.0,boundary K97 E5 f1 iid fedavg,memo,tw_clock_energy_cos,1,0.5408322343275794,0.5408322343275794,0.5408322343275794
A,K,0.25|wd0.0,boundary K97 E5 f1 operand fedavg,cross,tw_step_gap,5,0.013333333333333334,0.0,0.013333333333333334
A,K,0.25|wd0.0,boundary K97 E5 f1 operand fedavg,cross,tw_rel_dist,5,1.168140172958374,1.1499834060668945,1.1749060153961182
A,K,0.25|wd0.0,boundary K97 E5 f1 operand fedavg,cross,tw_cos,5,0.32705968618392944,0.3221820294857025,0.348145067691803
A,K,0.25|wd0.0,boundary K97 E5 f1 operand fedavg,cross,tw_first_rel_dist,5,1.1978025436401367,1.1787751913070679,1.2000298500061035
A,K,0.25|wd0.0,boundary K97 E5 f1 operand fedavg,cross,tw_pred_agree_te,5,0.9366586804389954,0.932407557964325,0.9393510222434998
A,K,0.25|wd0.0,boundary K97 E5 f1 operand fedavg,cross,tw_twin_acc_te,5,100.0,100.0,100.0
A,K,0.25|wd0.0,boundary K97 E5 f1 operand fedavg,cross,tw_fed_acc_te,5,93.6658706665039,93.24075317382812,93.93510437011719
A,K,0.25|wd0.0,boundary K97 E5 f1 operand fedavg,cross,tw_cka_te,5,0.15372508276259475,0.14701597854294268,0.18547800050205637
A,K,0.25|wd0.0,boundary K97 E5 f1 operand fedavg,cross,tw_pred_agree_grid,5,0.9524922966957092,0.9493038654327393,0.9545116424560547
A,K,0.25|wd0.0,boundary K97 E5 f1 operand fedavg,cross,tw_clock_key_jaccard,5,0.5869565217391305,0.5454545454545454,0.6170212765957447
A,K,0.25|wd0.0,boundary K97 E5 f1 operand fedavg,cross,tw_clock_energy_cos,5,0.7594234037592176,0.742188081246447,0.7670223262000513
A,K,0.25|wd0.0,boundary K97 E5 f1 operand fedavg,end,tw_step_gap,5,0.0,0.0,0.0
A,K,0.25|wd0.0,boundary K97 E5 f1 operand fedavg,end,tw_rel_dist,5,1.1717088222503662,1.1517959833145142,1.174695372581482
A,K,0.25|wd0.0,boundary K97 E5 f1 operand fedavg,end,tw_cos,5,0.3170086145401001,0.3076592683792114,0.33827394247055054
A,K,0.25|wd0.0,boundary K97 E5 f1 operand fedavg,end,tw_first_rel_dist,5,1.1879494190216064,1.1669481992721558,1.1886837482452393
A,K,0.25|wd0.0,boundary K97 E5 f1 operand fedavg,end,tw_pred_agree_te,5,1.0,0.9998583197593689,1.0
A,K,0.25|wd0.0,boundary K97 E5 f1 operand fedavg,end,tw_twin_acc_te,5,100.0,100.0,100.0
A,K,0.25|wd0.0,boundary K97 E5 f1 operand fedavg,end,tw_fed_acc_te,5,100.0,99.98583221435547,100.0
A,K,0.25|wd0.0,boundary K97 E5 f1 operand fedavg,end,tw_cka_te,5,0.14932707492849367,0.14346988026832286,0.18429206808748524
A,K,0.25|wd0.0,boundary K97 E5 f1 operand fedavg,end,tw_pred_agree_grid,5,1.0,0.9998937249183655,1.0
A,K,0.25|wd0.0,boundary K97 E5 f1 operand fedavg,end,tw_clock_key_jaccard,5,0.7083333333333334,0.6956521739130435,0.7446808510638298
A,K,0.25|wd0.0,boundary K97 E5 f1 operand fedavg,end,tw_clock_energy_cos,5,0.9199450283871047,0.9002341436076986,0.9362835965065254
A,K,0.25|wd0.0,boundary K97 E5 f1 operand fedavg,first,tw_step_gap,5,0.0,0.0,0.0
A,K,0.25|wd0.0,boundary K97 E5 f1 operand fedavg,first,tw_rel_dist,5,0.600589394569397,0.5996005535125732,0.6067264080047607
A,K,0.25|wd0.0,boundary K97 E5 f1 operand fedavg,first,tw_cos,5,0.8510286808013916,0.847809910774231,0.8517331480979919
A,K,0.25|wd0.0,boundary K97 E5 f1 operand fedavg,first,tw_first_rel_dist,5,0.6335469484329224,0.6322864890098572,0.6409912705421448
A,K,0.25|wd0.0,boundary K97 E5 f1 operand fedavg,first,tw_pred_agree_te,5,0.32039111852645874,0.3189740777015686,0.3213830292224884
A,K,0.25|wd0.0,boundary K97 E5 f1 operand fedavg,first,tw_twin_acc_te,5,1.5162250995635986,1.5020546913146973,2.2672524452209473
A,K,0.25|wd0.0,boundary K97 E5 f1 operand fedavg,first,tw_fed_acc_te,5,0.7085163593292236,0.6943460702896118,1.1336262226104736
A,K,0.25|wd0.0,boundary K97 E5 f1 operand fedavg,first,tw_cka_te,5,0.22008932681385193,0.21984289912030597,0.22641372200947962
A,K,0.25|wd0.0,boundary K97 E5 f1 operand fedavg,first,tw_pred_agree_grid,5,0.48719313740730286,0.4841109812259674,0.48942503333091736
A,K,0.25|wd0.0,boundary K97 E5 f1 operand fedavg,first,tw_clock_key_jaccard,5,0.8947368421052632,0.8536585365853658,0.9166666666666666
A,K,0.25|wd0.0,boundary K97 E5 f1 operand fedavg,first,tw_clock_energy_cos,5,0.9616451228937091,0.953769631125327,0.9722772812473147
A,K,0.25|wd0.0,boundary K97 E5 f1 operand fedavg,memo,tw_step_gap,2,0.0,0.0,0.0
A,K,0.25|wd0.0,boundary K97 E5 f1 operand fedavg,memo,tw_rel_dist,2,0.9252012968063354,0.9144248366355896,0.9359777569770813
A,K,0.25|wd0.0,boundary K97 E5 f1 operand fedavg,memo,tw_cos,2,0.6328217685222626,0.6231908649206161,0.642452672123909
A,K,0.25|wd0.0,boundary K97 E5 f1 operand fedavg,memo,tw_first_rel_dist,2,0.9817893505096436,0.9712623357772827,0.9923163652420044
A,K,0.25|wd0.0,boundary K97 E5 f1 operand fedavg,memo,tw_pred_agree_te,2,0.08707666397094727,0.08066459000110626,0.09348873794078827
A,K,0.25|wd0.0,boundary K97 E5 f1 operand fedavg,memo,tw_twin_acc_te,2,42.08587455749512,40.0595178604126,44.11223125457764
A,K,0.25|wd0.0,boundary K97 E5 f1 operand fedavg,memo,tw_fed_acc_te,2,1.757120668888092,1.5799915492534637,1.9342497885227203
A,K,0.25|wd0.0,boundary K97 E5 f1 operand fedavg,memo,tw_cka_te,2,0.1849844416498425,0.1816521706997404,0.1883167125999446
A,K,0.25|wd0.0,boundary K97 E5 f1 operand fedavg,memo,tw_pred_agree_grid,2,0.31257307529449463,0.3074715733528137,0.31767457723617554
A,K,0.25|wd0.0,boundary K97 E5 f1 operand fedavg,memo,tw_clock_key_jaccard,2,0.7157894736842105,0.6736842105263158,0.7578947368421053
A,K,0.25|wd0.0,boundary K97 E5 f1 operand fedavg,memo,tw_clock_energy_cos,2,0.7813092104256183,0.7558108722530339,0.8068075485982026
A,dirichlet,0.25|wd0.0,dirichlet_band K20 E5 f1 dirichlet0.01 fedavg,cross,tw_step_gap,2,0.0,0.0,0.0
A,dirichlet,0.25|wd0.0,dirichlet_band K20 E5 f1 dirichlet0.01 fedavg,cross,tw_rel_dist,2,1.0782358646392822,1.0604453086853027,1.0960264205932617
A,dirichlet,0.25|wd0.0,dirichlet_band K20 E5 f1 dirichlet0.01 fedavg,cross,tw_cos,2,0.4143833518028259,0.391633540391922,0.43713316321372986
A,dirichlet,0.25|wd0.0,dirichlet_band K20 E5 f1 dirichlet0.01 fedavg,cross,tw_first_rel_dist,2,1.1028019189834595,1.089980661869049,1.1156231760978699
A,dirichlet,0.25|wd0.0,dirichlet_band K20 E5 f1 dirichlet0.01 fedavg,cross,tw_pred_agree_te,2,0.9525294303894043,0.9518209099769592,0.9532379508018494
A,dirichlet,0.25|wd0.0,dirichlet_band K20 E5 f1 dirichlet0.01 fedavg,cross,tw_twin_acc_te,2,100.0,100.0,100.0
A,dirichlet,0.25|wd0.0,dirichlet_band K20 E5 f1 dirichlet0.01 fedavg,cross,tw_fed_acc_te,2,95.2529411315918,95.18208885192871,95.32379341125488
A,dirichlet,0.25|wd0.0,dirichlet_band K20 E5 f1 dirichlet0.01 fedavg,cross,tw_cka_te,2,0.3469187072501312,0.3122616322810501,0.38157578221921234
A,dirichlet,0.25|wd0.0,dirichlet_band K20 E5 f1 dirichlet0.01 fedavg,cross,tw_pred_agree_grid,2,0.9643958210945129,0.9638644158840179,0.9649272263050079
A,dirichlet,0.25|wd0.0,dirichlet_band K20 E5 f1 dirichlet0.01 fedavg,cross,tw_clock_key_jaccard,2,0.5444444444444445,0.5388888888888889,0.55
A,dirichlet,0.25|wd0.0,dirichlet_band K20 E5 f1 dirichlet0.01 fedavg,cross,tw_clock_energy_cos,2,0.754381499924006,0.7472033285543613,0.7615596712936508
A,dirichlet,0.25|wd0.0,dirichlet_band K20 E5 f1 dirichlet0.01 fedavg,end,tw_step_gap,3,0.0,0.0,0.0
A,dirichlet,0.25|wd0.0,dirichlet_band K20 E5 f1 dirichlet0.01 fedavg,end,tw_rel_dist,2,1.1253462433815002,1.116407424211502,1.1342850625514984
A,dirichlet,0.25|wd0.0,dirichlet_band K20 E5 f1 dirichlet0.01 fedavg,end,tw_cos,2,0.3710964471101761,0.35901226848363876,0.3831806257367134
A,dirichlet,0.25|wd0.0,dirichlet_band K20 E5 f1 dirichlet0.01 fedavg,end,tw_first_rel_dist,2,1.1212889552116394,1.1181263625621796,1.1244515478610992
A,dirichlet,0.25|wd0.0,dirichlet_band K20 E5 f1 dirichlet0.01 fedavg,end,tw_pred_agree_te,3,1.0,0.5054555763490498,1.0
A,dirichlet,0.25|wd0.0,dirichlet_band K20 E5 f1 dirichlet0.01 fedavg,end,tw_twin_acc_te,3,100.0,100.0,100.0
A,dirichlet,0.25|wd0.0,dirichlet_band K20 E5 f1 dirichlet0.01 fedavg,end,tw_fed_acc_te,3,100.0,50.545557618141174,100.0
A,dirichlet,0.25|wd0.0,dirichlet_band K20 E5 f1 dirichlet0.01 fedavg,end,tw_cka_te,2,0.3557095543446265,0.3398492205350631,0.37156988815418984
A,dirichlet,0.25|wd0.0,dirichlet_band K20 E5 f1 dirichlet0.01 fedavg,end,tw_pred_agree_grid,3,1.0,0.5051546394824982,1.0
A,dirichlet,0.25|wd0.0,dirichlet_band K20 E5 f1 dirichlet0.01 fedavg,end,tw_clock_key_jaccard,3,0.7333333333333333,0.378030303030303,0.7625
A,dirichlet,0.25|wd0.0,dirichlet_band K20 E5 f1 dirichlet0.01 fedavg,end,tw_clock_energy_cos,2,0.942960355818748,0.9170351519704205,0.9688855596670756
A,dirichlet,0.25|wd0.0,dirichlet_band K20 E5 f1 dirichlet0.01 fedavg,first,tw_step_gap,3,0.0,0.0,0.0
A,dirichlet,0.25|wd0.0,dirichlet_band K20 E5 f1 dirichlet0.01 fedavg,first,tw_rel_dist,3,0.5020843744277954,0.4949417859315872,0.5067772269248962
A,dirichlet,0.25|wd0.0,dirichlet_band K20 E5 f1 dirichlet0.01 fedavg,first,tw_cos,3,0.8867254257202148,0.8850820958614349,0.8894872665405273
A,dirichlet,0.25|wd0.0,dirichlet_band K20 E5 f1 dirichlet0.01 fedavg,first,tw_first_rel_dist,3,0.48972922563552856,0.48307615518569946,0.4944894313812256
A,dirichlet,0.25|wd0.0,dirichlet_band K20 E5 f1 dirichlet0.01 fedavg,first,tw_pred_agree_te,3,0.3281847834587097,0.317911297082901,0.3370412439107895
A,dirichlet,0.25|wd0.0,dirichlet_band K20 E5 f1 dirichlet0.01 fedavg,first,tw_twin_acc_te,3,1.5162250995635986,1.509139895439148,1.891738772392273
A,dirichlet,0.25|wd0.0,dirichlet_band K20 E5 f1 dirichlet0.01 fedavg,first,tw_fed_acc_te,3,0.8785603642463684,0.7651977241039276,1.013178437948227
A,dirichlet,0.25|wd0.0,dirichlet_band K20 E5 f1 dirichlet0.01 fedavg,first,tw_cka_te,3,0.7301050981670348,0.728442774826273,0.7393560725620346
A,dirichlet,0.25|wd0.0,dirichlet_band K20 E5 f1 dirichlet0.01 fedavg,first,tw_pred_agree_grid,3,0.49612075090408325,0.4878308176994324,0.5018599331378937
A,dirichlet,0.25|wd0.0,dirichlet_band K20 E5 f1 dirichlet0.01 fedavg,first,tw_clock_key_jaccard,3,0.7804878048780488,0.7711962833914053,0.8402439024390245
A,dirichlet,0.25|wd0.0,dirichlet_band K20 E5 f1 dirichlet0.01 fedavg,first,tw_clock_energy_cos,3,0.9339236686639634,0.9313977608303425,0.9478678366810249
A,dirichlet,0.25|wd0.0,dirichlet_band K20 E5 f1 dirichlet0.1 fedavg,cross,tw_step_gap,3,0.0,0.0,0.0
A,dirichlet,0.25|wd0.0,dirichlet_band K20 E5 f1 dirichlet0.1 fedavg,cross,tw_rel_dist,3,0.7777979969978333,0.7707775235176086,0.842153012752533
A,dirichlet,0.25|wd0.0,dirichlet_band K20 E5 f1 dirichlet0.1 fedavg,cross,tw_cos,3,0.7221050262451172,0.672991156578064,0.7271172404289246
A,dirichlet,0.25|wd0.0,dirichlet_band K20 E5 f1 dirichlet0.1 fedavg,cross,tw_first_rel_dist,3,0.8046335577964783,0.7956341207027435,0.8775913715362549
A,dirichlet,0.25|wd0.0,dirichlet_band K20 E5 f1 dirichlet0.1 fedavg,cross,tw_pred_agree_te,3,0.9241887927055359,0.8388833999633789,0.9394218921661377
A,dirichlet,0.25|wd0.0,dirichlet_band K20 E5 f1 dirichlet0.1 fedavg,cross,tw_twin_acc_te,3,100.0,99.98583221435547,100.0
A,dirichlet,0.25|wd0.0,dirichlet_band K20 E5 f1 dirichlet0.1 fedavg,cross,tw_fed_acc_te,3,92.41887664794922,83.8741683959961,93.94218826293945
A,dirichlet,0.25|wd0.0,dirichlet_band K20 E5 f1 dirichlet0.1 fedavg,cross,tw_cka_te,3,0.5788376905264571,0.5363065039004378,0.5978133731861164
A,dirichlet,0.25|wd0.0,dirichlet_band K20 E5 f1 dirichlet0.1 fedavg,cross,tw_pred_agree_grid,3,0.9431395530700684,0.8791582584381104,0.954564779996872
A,dirichlet,0.25|wd0.0,dirichlet_band K20 E5 f1 dirichlet0.1 fedavg,cross,tw_clock_key_jaccard,3,0.6857142857142857,0.6383116883116884,0.7077220077220077
A,dirichlet,0.25|wd0.0,dirichlet_band K20 E5 f1 dirichlet0.1 fedavg,cross,tw_clock_energy_cos,3,0.8540895791102726,0.8394571548688993,0.8576728536455178
A,dirichlet,0.25|wd0.0,dirichlet_band K20 E5 f1 dirichlet0.1 fedavg,end,tw_step_gap,3,0.0,0.0,0.0
A,dirichlet,0.25|wd0.0,dirichlet_band K20 E5 f1 dirichlet0.1 fedavg,end,tw_rel_dist,3,1.0019687414169312,0.9906224608421326,1.013626515865326
A,dirichlet,0.25|wd0.0,dirichlet_band K20 E5 f1 dirichlet0.1 fedavg,end,tw_cos,3,0.5055764317512512,0.49688729643821716,0.5218139588832855
A,dirichlet,0.25|wd0.0,dirichlet_band K20 E5 f1 dirichlet0.1 fedavg,end,tw_first_rel_dist,3,1.046077013015747,1.0234031081199646,1.0517083406448364
A,dirichlet,0.25|wd0.0,dirichlet_band K20 E5 f1 dirichlet0.1 fedavg,end,tw_pred_agree_te,3,1.0,1.0,1.0
A,dirichlet,0.25|wd0.0,dirichlet_band K20 E5 f1 dirichlet0.1 fedavg,end,tw_twin_acc_te,3,100.0,100.0,100.0
A,dirichlet,0.25|wd0.0,dirichlet_band K20 E5 f1 dirichlet0.1 fedavg,end,tw_fed_acc_te,3,100.0,100.0,100.0
A,dirichlet,0.25|wd0.0,dirichlet_band K20 E5 f1 dirichlet0.1 fedavg,end,tw_cka_te,3,0.4957670365915743,0.46870332684103255,0.5515901347015315
A,dirichlet,0.25|wd0.0,dirichlet_band K20 E5 f1 dirichlet0.1 fedavg,end,tw_pred_agree_grid,3,1.0,1.0,1.0
A,dirichlet,0.25|wd0.0,dirichlet_band K20 E5 f1 dirichlet0.1 fedavg,end,tw_clock_key_jaccard,3,0.8723404255319149,0.8723404255319149,0.8926919518963923
A,dirichlet,0.25|wd0.0,dirichlet_band K20 E5 f1 dirichlet0.1 fedavg,end,tw_clock_energy_cos,3,0.9999372085396524,0.999931039449516,0.9999416111229673
A,dirichlet,0.25|wd0.0,dirichlet_band K20 E5 f1 dirichlet0.1 fedavg,first,tw_step_gap,3,0.0,0.0,0.0
A,dirichlet,0.25|wd0.0,dirichlet_band K20 E5 f1 dirichlet0.1 fedavg,first,tw_rel_dist,3,0.2600472569465637,0.2590074837207794,0.26638364791870117
A,dirichlet,0.25|wd0.0,dirichlet_band K20 E5 f1 dirichlet0.1 fedavg,first,tw_cos,3,0.967602014541626,0.9660397171974182,0.9678813517093658
A,dirichlet,0.25|wd0.0,dirichlet_band K20 E5 f1 dirichlet0.1 fedavg,first,tw_first_rel_dist,3,0.25228652358055115,0.2509627342224121,0.2584153711795807
A,dirichlet,0.25|wd0.0,dirichlet_band K20 E5 f1 dirichlet0.1 fedavg,first,tw_pred_agree_te,3,0.584526002407074,0.572197824716568,0.5923905372619629
A,dirichlet,0.25|wd0.0,dirichlet_band K20 E5 f1 dirichlet0.1 fedavg,first,tw_twin_acc_te,3,1.5162250995635986,1.509139895439148,1.891738772392273
A,dirichlet,0.25|wd0.0,dirichlet_band K20 E5 f1 dirichlet0.1 fedavg,first,tw_fed_acc_te,3,1.0202635526657104,1.0131784081459045,1.211562991142273
A,dirichlet,0.25|wd0.0,dirichlet_band K20 E5 f1 dirichlet0.1 fedavg,first,tw_cka_te,3,0.913296994424622,0.9086273830166217,0.9140314690941769
A,dirichlet,0.25|wd0.0,dirichlet_band K20 E5 f1 dirichlet0.1 fedavg,first,tw_pred_agree_grid,3,0.6883834600448608,0.6791369915008545,0.6942820847034454
A,dirichlet,0.25|wd0.0,dirichlet_band K20 E5 f1 dirichlet0.1 fedavg,first,tw_clock_key_jaccard,3,0.918918918918919,0.9081774081774082,0.9209979209979211
A,dirichlet,0.25|wd0.0,dirichlet_band K20 E5 f1 dirichlet0.1 fedavg,first,tw_clock_energy_cos,3,0.9877941786635924,0.98534650817384,0.9887175510262459
A,dirichlet,0.25|wd0.0,dirichlet_band K20 E5 f1 dirichlet1 fedavg,cross,tw_step_gap,3,0.0,0.0,0.0
A,dirichlet,0.25|wd0.0,dirichlet_band K20 E5 f1 dirichlet1 fedavg,cross,tw_rel_dist,3,0.4849510192871094,0.4810941815376282,0.5115387737751007
A,dirichlet,0.25|wd0.0,dirichlet_band K20 E5 f1 dirichlet1 fedavg,cross,tw_cos,3,0.8848592638969421,0.8711421191692352,0.8866721093654633
A,dirichlet,0.25|wd0.0,dirichlet_band K20 E5 f1 dirichlet1 fedavg,cross,tw_first_rel_dist,3,0.4883142113685608,0.48423998057842255,0.5147479474544525
A,dirichlet,0.25|wd0.0,dirichlet_band K20 E5 f1 dirichlet1 fedavg,cross,tw_pred_agree_te,3,0.9523876905441284,0.9091682136058807,0.9718719124794006
A,dirichlet,0.25|wd0.0,dirichlet_band K20 E5 f1 dirichlet1 fedavg,cross,tw_twin_acc_te,3,99.97166442871094,99.86538696289062,99.98583221435547
A,dirichlet,0.25|wd0.0,dirichlet_band K20 E5 f1 dirichlet1 fedavg,cross,tw_fed_acc_te,3,95.22460174560547,90.86014175415039,97.18010711669922
A,dirichlet,0.25|wd0.0,dirichlet_band K20 E5 f1 dirichlet1 fedavg,cross,tw_cka_te,3,0.7855337530698981,0.7402129588520345,0.7983026532133587
A,dirichlet,0.25|wd0.0,dirichlet_band K20 E5 f1 dirichlet1 fedavg,cross,tw_pred_agree_grid,3,0.9642895460128784,0.9318737685680389,0.978903204202652
A,dirichlet,0.25|wd0.0,dirichlet_band K20 E5 f1 dirichlet1 fedavg,cross,tw_clock_key_jaccard,3,0.8235294117647058,0.7963800904977376,0.8511586452762923
A,dirichlet,0.25|wd0.0,dirichlet_band K20 E5 f1 dirichlet1 fedavg,cross,tw_clock_energy_cos,3,0.9418965238896221,0.9396314535188633,0.947764046991521
A,dirichlet,0.25|wd0.0,dirichlet_band K20 E5 f1 dirichlet1 fedavg,end,tw_step_gap,3,0.0,0.0,0.0
A,dirichlet,0.25|wd0.0,dirichlet_band K20 E5 f1 dirichlet1 fedavg,end,tw_rel_dist,3,0.7882235050201416,0.787571370601654,0.8227707147598267
A,dirichlet,0.25|wd0.0,dirichlet_band K20 E5 f1 dirichlet1 fedavg,end,tw_cos,3,0.7037175893783569,0.674974262714386,0.704159677028656
A,dirichlet,0.25|wd0.0,dirichlet_band K20 E5 f1 dirichlet1 fedavg,end,tw_first_rel_dist,3,0.794510006904602,0.7902934849262238,0.8333885073661804
A,dirichlet,0.25|wd0.0,dirichlet_band K20 E5 f1 dirichlet1 fedavg,end,tw_pred_agree_te,3,1.0,1.0,1.0
A,dirichlet,0.25|wd0.0,dirichlet_band K20 E5 f1 dirichlet1 fedavg,end,tw_twin_acc_te,3,100.0,100.0,100.0
A,dirichlet,0.25|wd0.0,dirichlet_band K20 E5 f1 dirichlet1 fedavg,end,tw_fed_acc_te,3,100.0,100.0,100.0
A,dirichlet,0.25|wd0.0,dirichlet_band K20 E5 f1 dirichlet1 fedavg,end,tw_cka_te,3,0.7173923638161503,0.7131806526834658,0.7510960479555135
A,dirichlet,0.25|wd0.0,dirichlet_band K20 E5 f1 dirichlet1 fedavg,end,tw_pred_agree_grid,3,1.0,1.0,1.0
A,dirichlet,0.25|wd0.0,dirichlet_band K20 E5 f1 dirichlet1 fedavg,end,tw_clock_key_jaccard,3,0.8723404255319149,0.8528368794326242,0.8723404255319149
A,dirichlet,0.25|wd0.0,dirichlet_band K20 E5 f1 dirichlet1 fedavg,end,tw_clock_energy_cos,3,0.9998860167522923,0.9998349760206775,0.9999311012726699
A,dirichlet,0.25|wd0.0,dirichlet_band K20 E5 f1 dirichlet1 fedavg,first,tw_step_gap,3,0.0,0.0,0.0
A,dirichlet,0.25|wd0.0,dirichlet_band K20 E5 f1 dirichlet1 fedavg,first,tw_rel_dist,3,0.11430099606513977,0.11158613488078117,0.11485165357589722
A,dirichlet,0.25|wd0.0,dirichlet_band K20 E5 f1 dirichlet1 fedavg,first,tw_cos,3,0.9936630725860596,0.9935946762561798,0.9939595460891724
A,dirichlet,0.25|wd0.0,dirichlet_band K20 E5 f1 dirichlet1 fedavg,first,tw_first_rel_dist,3,0.11331164836883545,0.11064364016056061,0.11374621838331223
A,dirichlet,0.25|wd0.0,dirichlet_band K20 E5 f1 dirichlet1 fedavg,first,tw_pred_agree_te,3,0.788720428943634,0.7859572172164917,0.796301543712616
A,dirichlet,0.25|wd0.0,dirichlet_band K20 E5 f1 dirichlet1 fedavg,first,tw_twin_acc_te,3,1.5162250995635986,1.509139895439148,1.891738772392273
A,dirichlet,0.25|wd0.0,dirichlet_band K20 E5 f1 dirichlet1 fedavg,first,tw_fed_acc_te,3,1.3036701679229736,1.2257333397865295,1.6154173612594604
A,dirichlet,0.25|wd0.0,dirichlet_band K20 E5 f1 dirichlet1 fedavg,first,tw_cka_te,3,0.9792838900687142,0.9792374567756684,0.980391336115159
A,dirichlet,0.25|wd0.0,dirichlet_band K20 E5 f1 dirichlet1 fedavg,first,tw_pred_agree_grid,3,0.8415347337722778,0.8394622504711151,0.847220778465271
A,dirichlet,0.25|wd0.0,dirichlet_band K20 E5 f1 dirichlet1 fedavg,first,tw_clock_key_jaccard,3,0.972972972972973,0.9725975975975976,0.9733285917496444
A,dirichlet,0.25|wd0.0,dirichlet_band K20 E5 f1 dirichlet1 fedavg,first,tw_clock_energy_cos,3,0.9963921316704659,0.9960237196526649,0.9968866679790506
A,dirichlet,0.25|wd0.0,dirichlet_band K20 E5 f1 dirichlet10 fedavg,cross,tw_step_gap,3,0.0,0.0,0.0
A,dirichlet,0.25|wd0.0,dirichlet_band K20 E5 f1 dirichlet10 fedavg,cross,tw_rel_dist,3,0.4344416856765747,0.42790915071964264,0.4644666761159897
A,dirichlet,0.25|wd0.0,dirichlet_band K20 E5 f1 dirichlet10 fedavg,cross,tw_cos,3,0.9070505499839783,0.8931916058063507,0.9100054800510406
A,dirichlet,0.25|wd0.0,dirichlet_band K20 E5 f1 dirichlet10 fedavg,cross,tw_first_rel_dist,3,0.43481752276420593,0.42967797815799713,0.46312274038791656
A,dirichlet,0.25|wd0.0,dirichlet_band K20 E5 f1 dirichlet10 fedavg,cross,tw_pred_agree_te,3,0.9747768640518188,0.933186948299408,0.9846252202987671
A,dirichlet,0.25|wd0.0,dirichlet_band K20 E5 f1 dirichlet10 fedavg,cross,tw_twin_acc_te,3,99.97166442871094,99.86538696289062,99.98583221435547
A,dirichlet,0.25|wd0.0,dirichlet_band K20 E5 f1 dirichlet10 fedavg,cross,tw_fed_acc_te,3,97.4493408203125,93.26909637451172,98.44834899902344
A,dirichlet,0.25|wd0.0,dirichlet_band K20 E5 f1 dirichlet10 fedavg,cross,tw_cka_te,3,0.8285401571304929,0.8074798974400159,0.8312046892927394
A,dirichlet,0.25|wd0.0,dirichlet_band K20 E5 f1 dirichlet10 fedavg,cross,tw_pred_agree_grid,3,0.9810819625854492,0.9498884379863739,0.9884684979915619
A,dirichlet,0.25|wd0.0,dirichlet_band K20 E5 f1 dirichlet10 fedavg,cross,tw_clock_key_jaccard,3,0.8918918918918919,0.87241653418124,0.9004914004914004
A,dirichlet,0.25|wd0.0,dirichlet_band K20 E5 f1 dirichlet10 fedavg,cross,tw_clock_energy_cos,3,0.9562962532814038,0.9498981183813844,0.958588557304791
A,dirichlet,0.25|wd0.0,dirichlet_band K20 E5 f1 dirichlet10 fedavg,end,tw_step_gap,3,0.0,0.0,0.0
A,dirichlet,0.25|wd0.0,dirichlet_band K20 E5 f1 dirichlet10 fedavg,end,tw_rel_dist,3,0.775058388710022,0.7577455341815948,0.8009383678436279
A,dirichlet,0.25|wd0.0,dirichlet_band K20 E5 f1 dirichlet10 fedavg,end,tw_cos,3,0.7059683799743652,0.6916587054729462,0.7204430103302002
A,dirichlet,0.25|wd0.0,dirichlet_band K20 E5 f1 dirichlet10 fedavg,end,tw_first_rel_dist,3,0.7726784944534302,0.7513923048973083,0.8018340766429901
A,dirichlet,0.25|wd0.0,dirichlet_band K20 E5 f1 dirichlet10 fedavg,end,tw_pred_agree_te,3,1.0,1.0,1.0
A,dirichlet,0.25|wd0.0,dirichlet_band K20 E5 f1 dirichlet10 fedavg,end,tw_twin_acc_te,3,100.0,100.0,100.0
A,dirichlet,0.25|wd0.0,dirichlet_band K20 E5 f1 dirichlet10 fedavg,end,tw_fed_acc_te,3,100.0,100.0,100.0
A,dirichlet,0.25|wd0.0,dirichlet_band K20 E5 f1 dirichlet10 fedavg,end,tw_cka_te,3,0.7780084517167569,0.7515708487666006,0.780340220374327
A,dirichlet,0.25|wd0.0,dirichlet_band K20 E5 f1 dirichlet10 fedavg,end,tw_pred_agree_grid,3,1.0,1.0,1.0
A,dirichlet,0.25|wd0.0,dirichlet_band K20 E5 f1 dirichlet10 fedavg,end,tw_clock_key_jaccard,3,0.8723404255319149,0.8723404255319149,0.8926919518963923
A,dirichlet,0.25|wd0.0,dirichlet_band K20 E5 f1 dirichlet10 fedavg,end,tw_clock_energy_cos,3,0.9999710190287826,0.9999693682935441,0.9999738081421159
A,dirichlet,0.25|wd0.0,dirichlet_band K20 E5 f1 dirichlet10 fedavg,first,tw_step_gap,3,0.0,0.0,0.0
A,dirichlet,0.25|wd0.0,dirichlet_band K20 E5 f1 dirichlet10 fedavg,first,tw_rel_dist,3,0.09572324901819229,0.09377280622720718,0.09588207304477692
A,dirichlet,0.25|wd0.0,dirichlet_band K20 E5 f1 dirichlet10 fedavg,first,tw_cos,3,0.9955576658248901,0.9955403506755829,0.9957382678985596
A,dirichlet,0.25|wd0.0,dirichlet_band K20 E5 f1 dirichlet10 fedavg,first,tw_first_rel_dist,3,0.09502724558115005,0.09318351373076439,0.0951438881456852
A,dirichlet,0.25|wd0.0,dirichlet_band K20 E5 f1 dirichlet10 fedavg,first,tw_pred_agree_te,3,0.8193283677101135,0.8147938549518585,0.8240045607089996
A,dirichlet,0.25|wd0.0,dirichlet_band K20 E5 f1 dirichlet10 fedavg,first,tw_twin_acc_te,3,1.5162250995635986,1.509139895439148,1.891738772392273
A,dirichlet,0.25|wd0.0,dirichlet_band K20 E5 f1 dirichlet10 fedavg,first,tw_fed_acc_te,3,1.2328184843063354,1.1548817157745361,1.5162250995635986
A,dirichlet,0.25|wd0.0,dirichlet_band K20 E5 f1 dirichlet10 fedavg,first,tw_cka_te,3,0.9851350778987705,0.9849961838059471,0.9856710640092716
A,dirichlet,0.25|wd0.0,dirichlet_band K20 E5 f1 dirichlet10 fedavg,first,tw_pred_agree_grid,3,0.8644914627075195,0.8610904514789581,0.8679987490177155
A,dirichlet,0.25|wd0.0,dirichlet_band K20 E5 f1 dirichlet10 fedavg,first,tw_clock_key_jaccard,3,0.972972972972973,0.9725975975975976,0.9733285917496444
A,dirichlet,0.25|wd0.0,dirichlet_band K20 E5 f1 dirichlet10 fedavg,first,tw_clock_energy_cos,3,0.997004216807067,0.9968366747482258,0.9978145700558094
A,dirichlet,0.25|wd0.0,dirichlet_band K20 E5 f1 dirichlet1000 fedavg,cross,tw_step_gap,3,0.0,0.0,0.0
A,dirichlet,0.25|wd0.0,dirichlet_band K20 E5 f1 dirichlet1000 fedavg,cross,tw_rel_dist,3,0.4460146129131317,0.43280191719532013,0.4487566351890564
A,dirichlet,0.25|wd0.0,dirichlet_band K20 E5 f1 dirichlet1000 fedavg,cross,tw_cos,3,0.9019720554351807,0.9007268846035004,0.9077589511871338
A,dirichlet,0.25|wd0.0,dirichlet_band K20 E5 f1 dirichlet1000 fedavg,cross,tw_first_rel_dist,3,0.44472283124923706,0.43269604444503784,0.44871439039707184
A,dirichlet,0.25|wd0.0,dirichlet_band K20 E5 f1 dirichlet1000 fedavg,cross,tw_pred_agree_te,3,0.9783194065093994,0.9329743683338165,0.9885928928852081
A,dirichlet,0.25|wd0.0,dirichlet_band K20 E5 f1 dirichlet1000 fedavg,cross,tw_twin_acc_te,3,99.97166442871094,99.86538696289062,99.98583221435547
A,dirichlet,0.25|wd0.0,dirichlet_band K20 E5 f1 dirichlet1000 fedavg,cross,tw_fed_acc_te,3,97.80359649658203,93.21949768066406,98.8451156616211
A,dirichlet,0.25|wd0.0,dirichlet_band K20 E5 f1 dirichlet1000 fedavg,cross,tw_cka_te,3,0.8331687982544838,0.8160369798174538,0.8338046546778277
A,dirichlet,0.25|wd0.0,dirichlet_band K20 E5 f1 dirichlet1000 fedavg,cross,tw_pred_agree_grid,3,0.9837390184402466,0.9497290253639221,0.9914444088935852
A,dirichlet,0.25|wd0.0,dirichlet_band K20 E5 f1 dirichlet1000 fedavg,cross,tw_clock_key_jaccard,3,0.8529411764705882,0.838235294117647,0.8859300476947536
A,dirichlet,0.25|wd0.0,dirichlet_band K20 E5 f1 dirichlet1000 fedavg,cross,tw_clock_energy_cos,3,0.9666626553786402,0.9617070102715517,0.97006574502813
A,dirichlet,0.25|wd0.0,dirichlet_band K20 E5 f1 dirichlet1000 fedavg,end,tw_step_gap,3,0.0,0.0,0.0
A,dirichlet,0.25|wd0.0,dirichlet_band K20 E5 f1 dirichlet1000 fedavg,end,tw_rel_dist,3,0.7652125954627991,0.7606275975704193,0.7837599515914917
A,dirichlet,0.25|wd0.0,dirichlet_band K20 E5 f1 dirichlet1000 fedavg,end,tw_cos,3,0.7156185507774353,0.7048744857311249,0.719176173210144
A,dirichlet,0.25|wd0.0,dirichlet_band K20 E5 f1 dirichlet1000 fedavg,end,tw_first_rel_dist,3,0.7648203372955322,0.7597242891788483,0.7839599251747131
A,dirichlet,0.25|wd0.0,dirichlet_band K20 E5 f1 dirichlet1000 fedavg,end,tw_pred_agree_te,3,1.0,1.0,1.0
A,dirichlet,0.25|wd0.0,dirichlet_band K20 E5 f1 dirichlet1000 fedavg,end,tw_twin_acc_te,3,100.0,100.0,100.0
A,dirichlet,0.25|wd0.0,dirichlet_band K20 E5 f1 dirichlet1000 fedavg,end,tw_fed_acc_te,3,100.0,100.0,100.0
A,dirichlet,0.25|wd0.0,dirichlet_band K20 E5 f1 dirichlet1000 fedavg,end,tw_cka_te,3,0.7614349685793459,0.7601192613216337,0.7723959478634931
A,dirichlet,0.25|wd0.0,dirichlet_band K20 E5 f1 dirichlet1000 fedavg,end,tw_pred_agree_grid,3,1.0,1.0,1.0
A,dirichlet,0.25|wd0.0,dirichlet_band K20 E5 f1 dirichlet1000 fedavg,end,tw_clock_key_jaccard,3,0.8723404255319149,0.8723404255319149,0.8926919518963923
A,dirichlet,0.25|wd0.0,dirichlet_band K20 E5 f1 dirichlet1000 fedavg,end,tw_clock_energy_cos,3,0.9999870008716146,0.9999835892079315,0.9999889141800586
A,dirichlet,0.25|wd0.0,dirichlet_band K20 E5 f1 dirichlet1000 fedavg,first,tw_step_gap,3,0.0,0.0,0.0
A,dirichlet,0.25|wd0.0,dirichlet_band K20 E5 f1 dirichlet1000 fedavg,first,tw_rel_dist,3,0.09208552539348602,0.09031831473112106,0.09415046125650406
A,dirichlet,0.25|wd0.0,dirichlet_band K20 E5 f1 dirichlet1000 fedavg,first,tw_cos,3,0.9958916306495667,0.9956994354724884,0.9960488975048065
A,dirichlet,0.25|wd0.0,dirichlet_band K20 E5 f1 dirichlet1000 fedavg,first,tw_first_rel_dist,3,0.09147773683071136,0.0897325649857521,0.09338541328907013
A,dirichlet,0.25|wd0.0,dirichlet_band K20 E5 f1 dirichlet1000 fedavg,first,tw_pred_agree_te,3,0.8282556533813477,0.8204619586467743,0.8323650360107422
A,dirichlet,0.25|wd0.0,dirichlet_band K20 E5 f1 dirichlet1000 fedavg,first,tw_twin_acc_te,3,1.5162250995635986,1.509139895439148,1.891738772392273
A,dirichlet,0.25|wd0.0,dirichlet_band K20 E5 f1 dirichlet1000 fedavg,first,tw_fed_acc_te,3,1.1619668006896973,1.1052855253219604,1.459543764591217
A,dirichlet,0.25|wd0.0,dirichlet_band K20 E5 f1 dirichlet1000 fedavg,first,tw_cka_te,3,0.9860947303265903,0.9854633360407885,0.9866474083168804
A,dirichlet,0.25|wd0.0,dirichlet_band K20 E5 f1 dirichlet1000 fedavg,first,tw_pred_agree_grid,3,0.8711872100830078,0.8653417229652405,0.8742693364620209
A,dirichlet,0.25|wd0.0,dirichlet_band K20 E5 f1 dirichlet1000 fedavg,first,tw_clock_key_jaccard,3,0.972972972972973,0.9725975975975976,0.9733285917496444
A,dirichlet,0.25|wd0.0,dirichlet_band K20 E5 f1 dirichlet1000 fedavg,first,tw_clock_energy_cos,3,0.9977864063411929,0.9972459656163426,0.9981326165128681
A,dirichlet,0.25|wd0.0,dirichlet_band K50 E5 f1 dirichlet0.01 fedavg,end,tw_step_gap,3,0.0,0.0,0.0
A,dirichlet,0.25|wd0.0,dirichlet_band K50 E5 f1 dirichlet0.01 fedavg,end,tw_rel_dist,1,1.238351821899414,1.238351821899414,1.238351821899414
A,dirichlet,0.25|wd0.0,dirichlet_band K50 E5 f1 dirichlet0.01 fedavg,end,tw_cos,1,0.21830719709396362,0.21830719709396362,0.21830719709396362
A,dirichlet,0.25|wd0.0,dirichlet_band K50 E5 f1 dirichlet0.01 fedavg,end,tw_first_rel_dist,1,1.1777476072311401,1.1777476072311401,1.1777476072311401
A,dirichlet,0.25|wd0.0,dirichlet_band K50 E5 f1 dirichlet0.01 fedavg,end,tw_pred_agree_te,3,0.010911152698099613,0.010486042592674494,0.03252090187743306
A,dirichlet,0.25|wd0.0,dirichlet_band K50 E5 f1 dirichlet0.01 fedavg,end,tw_twin_acc_te,3,100.0,100.0,100.0
A,dirichlet,0.25|wd0.0,dirichlet_band K50 E5 f1 dirichlet0.01 fedavg,end,tw_fed_acc_te,3,1.0911152362823486,1.0486042499542236,3.252090096473694
A,dirichlet,0.25|wd0.0,dirichlet_band K50 E5 f1 dirichlet0.01 fedavg,end,tw_cka_te,1,0.1008720318319,0.1008720318319,0.1008720318319
A,dirichlet,0.25|wd0.0,dirichlet_band K50 E5 f1 dirichlet0.01 fedavg,end,tw_pred_agree_grid,3,0.010309278964996338,0.010309278964996338,0.1410883218050003
A,dirichlet,0.25|wd0.0,dirichlet_band K50 E5 f1 dirichlet0.01 fedavg,end,tw_clock_key_jaccard,3,0.022727272727272728,0.022727272727272728,0.2727272727272727
A,dirichlet,0.25|wd0.0,dirichlet_band K50 E5 f1 dirichlet0.01 fedavg,end,tw_clock_energy_cos,1,0.44294149156993634,0.44294149156993634,0.44294149156993634
A,dirichlet,0.25|wd0.0,dirichlet_band K50 E5 f1 dirichlet0.01 fedavg,first,tw_step_gap,3,0.0,0.0,0.0
A,dirichlet,0.25|wd0.0,dirichlet_band K50 E5 f1 dirichlet0.01 fedavg,first,tw_rel_dist,2,0.7419630289077759,0.7364633083343506,0.7474627494812012
A,dirichlet,0.25|wd0.0,dirichlet_band K50 E5 f1 dirichlet0.01 fedavg,first,tw_cos,2,0.7630403339862823,0.760308250784874,0.7657724171876907
A,dirichlet,0.25|wd0.0,dirichlet_band K50 E5 f1 dirichlet0.01 fedavg,first,tw_first_rel_dist,2,0.7506805956363678,0.7451476901769638,0.7562135010957718
A,dirichlet,0.25|wd0.0,dirichlet_band K50 E5 f1 dirichlet0.01 fedavg,first,tw_pred_agree_te,3,0.1632421761751175,0.08870625169947743,0.1711067035794258
A,dirichlet,0.25|wd0.0,dirichlet_band K50 E5 f1 dirichlet0.01 fedavg,first,tw_twin_acc_te,3,1.5162250995635986,1.509139895439148,1.891738772392273
A,dirichlet,0.25|wd0.0,dirichlet_band K50 E5 f1 dirichlet0.01 fedavg,first,tw_fed_acc_te,3,0.7510273456573486,0.6305795609951019,0.8785603046417236
A,dirichlet,0.25|wd0.0,dirichlet_band K50 E5 f1 dirichlet0.01 fedavg,first,tw_cka_te,2,0.3637749773977342,0.35145518476987536,0.376094770025593
A,dirichlet,0.25|wd0.0,dirichlet_band K50 E5 f1 dirichlet0.01 fedavg,first,tw_pred_agree_grid,3,0.3599745035171509,0.18668296886608005,0.3634817898273468
A,dirichlet,0.25|wd0.0,dirichlet_band K50 E5 f1 dirichlet0.01 fedavg,first,tw_clock_key_jaccard,3,0.7209302325581395,0.37397862979258323,0.7241014799154334
A,dirichlet,0.25|wd0.0,dirichlet_band K50 E5 f1 dirichlet0.01 fedavg,first,tw_clock_energy_cos,2,0.8938348855677725,0.8935410938167357,0.8941286773188091
A,dirichlet,0.25|wd0.0,dirichlet_band K50 E5 f1 dirichlet0.1 fedavg,cross,tw_step_gap,3,0.01818181818181818,0.00909090909090909,0.01818181818181818
A,dirichlet,0.25|wd0.0,dirichlet_band K50 E5 f1 dirichlet0.1 fedavg,cross,tw_rel_dist,3,1.0791454315185547,1.067543089389801,1.080056071281433
A,dirichlet,0.25|wd0.0,dirichlet_band K50 E5 f1 dirichlet0.1 fedavg,cross,tw_cos,3,0.4448976218700409,0.43891623616218567,0.4561757594347
A,dirichlet,0.25|wd0.0,dirichlet_band K50 E5 f1 dirichlet0.1 fedavg,cross,tw_first_rel_dist,3,1.1127668619155884,1.1069771647453308,1.1202635765075684
A,dirichlet,0.25|wd0.0,dirichlet_band K50 E5 f1 dirichlet0.1 fedavg,cross,tw_pred_agree_te,3,0.9543715715408325,0.9472155570983887,0.9636531472206116
A,dirichlet,0.25|wd0.0,dirichlet_band K50 E5 f1 dirichlet0.1 fedavg,cross,tw_twin_acc_te,3,100.0,100.0,100.0
A,dirichlet,0.25|wd0.0,dirichlet_band K50 E5 f1 dirichlet0.1 fedavg,cross,tw_fed_acc_te,3,95.4371566772461,94.72155380249023,96.36531448364258
A,dirichlet,0.25|wd0.0,dirichlet_band K50 E5 f1 dirichlet0.1 fedavg,cross,tw_cka_te,3,0.12558104355079328,0.1218761885536131,0.13031793803494413
A,dirichlet,0.25|wd0.0,dirichlet_band K50 E5 f1 dirichlet0.1 fedavg,cross,tw_pred_agree_grid,3,0.9657774567604065,0.9604102671146393,0.9727388918399811
A,dirichlet,0.25|wd0.0,dirichlet_band K50 E5 f1 dirichlet0.1 fedavg,cross,tw_clock_key_jaccard,3,0.5909090909090909,0.5843434343434344,0.6022727272727273
A,dirichlet,0.25|wd0.0,dirichlet_band K50 E5 f1 dirichlet0.1 fedavg,cross,tw_clock_energy_cos,3,0.765900869109797,0.7588637776394529,0.7669826852149886
A,dirichlet,0.25|wd0.0,dirichlet_band K50 E5 f1 dirichlet0.1 fedavg,end,tw_step_gap,3,0.0,0.0,0.0
A,dirichlet,0.25|wd0.0,dirichlet_band K50 E5 f1 dirichlet0.1 fedavg,end,tw_rel_dist,3,1.1165962219238281,1.1109791994094849,1.122768759727478
A,dirichlet,0.25|wd0.0,dirichlet_band K50 E5 f1 dirichlet0.1 fedavg,end,tw_cos,3,0.39316877722740173,0.390196830034256,0.4027763903141022
A,dirichlet,0.25|wd0.0,dirichlet_band K50 E5 f1 dirichlet0.1 fedavg,end,tw_first_rel_dist,3,1.1297906637191772,1.1241546273231506,1.133903443813324
A,dirichlet,0.25|wd0.0,dirichlet_band K50 E5 f1 dirichlet0.1 fedavg,end,tw_pred_agree_te,3,1.0,1.0,1.0
A,dirichlet,0.25|wd0.0,dirichlet_band K50 E5 f1 dirichlet0.1 fedavg,end,tw_twin_acc_te,3,100.0,100.0,100.0
A,dirichlet,0.25|wd0.0,dirichlet_band K50 E5 f1 dirichlet0.1 fedavg,end,tw_fed_acc_te,3,100.0,100.0,100.0
A,dirichlet,0.25|wd0.0,dirichlet_band K50 E5 f1 dirichlet0.1 fedavg,end,tw_cka_te,3,0.1327653948888249,0.12755632730570646,0.14294064220436953
A,dirichlet,0.25|wd0.0,dirichlet_band K50 E5 f1 dirichlet0.1 fedavg,end,tw_pred_agree_grid,3,1.0,1.0,1.0
A,dirichlet,0.25|wd0.0,dirichlet_band K50 E5 f1 dirichlet0.1 fedavg,end,tw_clock_key_jaccard,3,0.851063829787234,0.8213652482269503,0.8603145235892692
A,dirichlet,0.25|wd0.0,dirichlet_band K50 E5 f1 dirichlet0.1 fedavg,end,tw_clock_energy_cos,3,0.9927282694956726,0.9918888810352768,0.9953058706961495
A,dirichlet,0.25|wd0.0,dirichlet_band K50 E5 f1 dirichlet0.1 fedavg,first,tw_step_gap,3,0.0,0.0,0.0
A,dirichlet,0.25|wd0.0,dirichlet_band K50 E5 f1 dirichlet0.1 fedavg,first,tw_rel_dist,3,0.4428984522819519,0.42413370311260223,0.44695883989334106
A,dirichlet,0.25|wd0.0,dirichlet_band K50 E5 f1 dirichlet0.1 fedavg,first,tw_cos,3,0.913258969783783,0.9120738208293915,0.9201272130012512
A,dirichlet,0.25|wd0.0,dirichlet_band K50 E5 f1 dirichlet0.1 fedavg,first,tw_first_rel_dist,3,0.44372567534446716,0.425038143992424,0.44760993123054504
A,dirichlet,0.25|wd0.0,dirichlet_band K50 E5 f1 dirichlet0.1 fedavg,first,tw_pred_agree_te,3,0.41490718722343445,0.4125690907239914,0.4391384571790695
A,dirichlet,0.25|wd0.0,dirichlet_band K50 E5 f1 dirichlet0.1 fedavg,first,tw_twin_acc_te,3,1.5162250995635986,1.509139895439148,1.891738772392273
A,dirichlet,0.25|wd0.0,dirichlet_band K50 E5 f1 dirichlet0.1 fedavg,first,tw_fed_acc_te,3,0.8360493183135986,0.7439422011375427,1.0273487567901611
A,dirichlet,0.25|wd0.0,dirichlet_band K50 E5 f1 dirichlet0.1 fedavg,first,tw_cka_te,3,0.6699138440795706,0.5255001378806232,0.6789347930465531
A,dirichlet,0.25|wd0.0,dirichlet_band K50 E5 f1 dirichlet0.1 fedavg,first,tw_pred_agree_grid,3,0.5611648559570312,0.5593580603599548,0.5792858004570007
A,dirichlet,0.25|wd0.0,dirichlet_band K50 E5 f1 dirichlet0.1 fedavg,first,tw_clock_key_jaccard,3,0.875,0.8625,0.8875
A,dirichlet,0.25|wd0.0,dirichlet_band K50 E5 f1 dirichlet0.1 fedavg,first,tw_clock_energy_cos,3,0.9724471367645672,0.9627646972331796,0.9728555409781209
A,dirichlet,0.25|wd0.0,dirichlet_band K50 E5 f1 dirichlet1 fedavg,cross,tw_step_gap,3,0.022222222222222223,0.011111111111111112,0.022222222222222223
A,dirichlet,0.25|wd0.0,dirichlet_band K50 E5 f1 dirichlet1 fedavg,cross,tw_rel_dist,3,0.9820780754089355,0.9761702716350555,0.985091894865036
A,dirichlet,0.25|wd0.0,dirichlet_band K50 E5 f1 dirichlet1 fedavg,cross,tw_cos,3,0.5625364780426025,0.5555517375469208,0.5688125491142273
A,dirichlet,0.25|wd0.0,dirichlet_band K50 E5 f1 dirichlet1 fedavg,cross,tw_first_rel_dist,3,1.032655954360962,1.0263628363609314,1.033911645412445
A,dirichlet,0.25|wd0.0,dirichlet_band K50 E5 f1 dirichlet1 fedavg,cross,tw_pred_agree_te,3,0.9661329388618469,0.9514666497707367,0.9742808640003204
A,dirichlet,0.25|wd0.0,dirichlet_band K50 E5 f1 dirichlet1 fedavg,cross,tw_twin_acc_te,3,100.0,100.0,100.0
A,dirichlet,0.25|wd0.0,dirichlet_band K50 E5 f1 dirichlet1 fedavg,cross,tw_fed_acc_te,3,96.61329650878906,95.14666748046875,97.4280891418457
A,dirichlet,0.25|wd0.0,dirichlet_band K50 E5 f1 dirichlet1 fedavg,cross,tw_cka_te,3,0.159329279222415,0.15697954128563507,0.17200707088793318
A,dirichlet,0.25|wd0.0,dirichlet_band K50 E5 f1 dirichlet1 fedavg,cross,tw_pred_agree_grid,3,0.9745988249778748,0.9635986983776093,0.9807099997997284
A,dirichlet,0.25|wd0.0,dirichlet_band K50 E5 f1 dirichlet1 fedavg,cross,tw_clock_key_jaccard,3,0.6444444444444445,0.6361757105943153,0.6594315245478036
A,dirichlet,0.25|wd0.0,dirichlet_band K50 E5 f1 dirichlet1 fedavg,cross,tw_clock_energy_cos,3,0.821390129372462,0.8212459171807446,0.8245248475110049
A,dirichlet,0.25|wd0.0,dirichlet_band K50 E5 f1 dirichlet1 fedavg,end,tw_step_gap,3,0.0,0.0,0.0
A,dirichlet,0.25|wd0.0,dirichlet_band K50 E5 f1 dirichlet1 fedavg,end,tw_rel_dist,3,1.0466336011886597,1.041163682937622,1.0475679636001587
A,dirichlet,0.25|wd0.0,dirichlet_band K50 E5 f1 dirichlet1 fedavg,end,tw_cos,3,0.4764827489852905,0.4724503457546234,0.48137134313583374
A,dirichlet,0.25|wd0.0,dirichlet_band K50 E5 f1 dirichlet1 fedavg,end,tw_first_rel_dist,3,1.0711480379104614,1.0648611783981323,1.0722811818122864
A,dirichlet,0.25|wd0.0,dirichlet_band K50 E5 f1 dirichlet1 fedavg,end,tw_pred_agree_te,3,1.0,0.9991497993469238,1.0
A,dirichlet,0.25|wd0.0,dirichlet_band K50 E5 f1 dirichlet1 fedavg,end,tw_twin_acc_te,3,100.0,100.0,100.0
A,dirichlet,0.25|wd0.0,dirichlet_band K50 E5 f1 dirichlet1 fedavg,end,tw_fed_acc_te,3,100.0,99.91497802734375,100.0
A,dirichlet,0.25|wd0.0,dirichlet_band K50 E5 f1 dirichlet1 fedavg,end,tw_cka_te,3,0.17496769698047657,0.16664826049628031,0.191477068776632
A,dirichlet,0.25|wd0.0,dirichlet_band K50 E5 f1 dirichlet1 fedavg,end,tw_pred_agree_grid,3,1.0,0.9993623197078705,1.0
A,dirichlet,0.25|wd0.0,dirichlet_band K50 E5 f1 dirichlet1 fedavg,end,tw_clock_key_jaccard,3,0.851063829787234,0.831781914893617,0.8921985815602838
A,dirichlet,0.25|wd0.0,dirichlet_band K50 E5 f1 dirichlet1 fedavg,end,tw_clock_energy_cos,3,0.9968429979508951,0.9967819049647682,0.998234074187613
A,dirichlet,0.25|wd0.0,dirichlet_band K50 E5 f1 dirichlet1 fedavg,first,tw_step_gap,3,0.0,0.0,0.0
A,dirichlet,0.25|wd0.0,dirichlet_band K50 E5 f1 dirichlet1 fedavg,first,tw_rel_dist,3,0.2667717933654785,0.2623959481716156,0.27179743349552155
A,dirichlet,0.25|wd0.0,dirichlet_band K50 E5 f1 dirichlet1 fedavg,first,tw_cos,3,0.9667403697967529,0.9654585421085358,0.9678398072719574
A,dirichlet,0.25|wd0.0,dirichlet_band K50 E5 f1 dirichlet1 fedavg,first,tw_first_rel_dist,3,0.2676519751548767,0.26323331892490387,0.27244269847869873
A,dirichlet,0.25|wd0.0,dirichlet_band K50 E5 f1 dirichlet1 fedavg,first,tw_pred_agree_te,3,0.568230152130127,0.5615700781345367,0.5875726342201233
A,dirichlet,0.25|wd0.0,dirichlet_band K50 E5 f1 dirichlet1 fedavg,first,tw_twin_acc_te,3,1.5162250995635986,1.509139895439148,1.891738772392273
A,dirichlet,0.25|wd0.0,dirichlet_band K50 E5 f1 dirichlet1 fedavg,first,tw_fed_acc_te,3,0.949411928653717,0.8502196371555328,1.1407113373279572
A,dirichlet,0.25|wd0.0,dirichlet_band K50 E5 f1 dirichlet1 fedavg,first,tw_cka_te,3,0.8859979213914833,0.8763197021348372,0.8899946674620776
A,dirichlet,0.25|wd0.0,dirichlet_band K50 E5 f1 dirichlet1 fedavg,first,tw_pred_agree_grid,3,0.6761611104011536,0.6711659133434296,0.690668523311615
A,dirichlet,0.25|wd0.0,dirichlet_band K50 E5 f1 dirichlet1 fedavg,first,tw_clock_key_jaccard,3,0.9210526315789473,0.8980263157894737,0.934885290148448
A,dirichlet,0.25|wd0.0,dirichlet_band K50 E5 f1 dirichlet1 fedavg,first,tw_clock_energy_cos,3,0.9789166602528128,0.9785825651275137,0.9860927278488455
A,dirichlet,0.25|wd0.0,size_control K20 E5 f1 dirichlet_sizes0.01 fedavg,cross,tw_step_gap,2,0.0,0.0,0.0
A,dirichlet,0.25|wd0.0,size_control K20 E5 f1 dirichlet_sizes0.01 fedavg,cross,tw_rel_dist,2,0.46993115544319153,0.4666176587343216,0.47324465215206146
A,dirichlet,0.25|wd0.0,size_control K20 E5 f1 dirichlet_sizes0.01 fedavg,cross,tw_cos,2,0.89154052734375,0.8899703919887543,0.8931106626987457
A,dirichlet,0.25|wd0.0,size_control K20 E5 f1 dirichlet_sizes0.01 fedavg,cross,tw_first_rel_dist,2,0.4739629477262497,0.4711052253842354,0.476820670068264
A,dirichlet,0.25|wd0.0,size_control K20 E5 f1 dirichlet_sizes0.01 fedavg,cross,tw_pred_agree_te,2,0.9205753207206726,0.902897834777832,0.9382528066635132
A,dirichlet,0.25|wd0.0,size_control K20 E5 f1 dirichlet_sizes0.01 fedavg,cross,tw_twin_acc_te,2,99.86538696289062,99.81224822998047,99.91852569580078
A,dirichlet,0.25|wd0.0,size_control K20 E5 f1 dirichlet_sizes0.01 fedavg,cross,tw_fed_acc_te,2,92.00793838500977,90.21539115905762,93.80048561096191
A,dirichlet,0.25|wd0.0,size_control K20 E5 f1 dirichlet_sizes0.01 fedavg,cross,tw_cka_te,2,0.8029279355022299,0.7972304204566727,0.8086254505477869
A,dirichlet,0.25|wd0.0,size_control K20 E5 f1 dirichlet_sizes0.01 fedavg,cross,tw_pred_agree_grid,2,0.9404293894767761,0.9271708130836487,0.9536879658699036
A,dirichlet,0.25|wd0.0,size_control K20 E5 f1 dirichlet_sizes0.01 fedavg,cross,tw_clock_key_jaccard,2,0.8511586452762923,0.837344028520499,0.8649732620320856
A,dirichlet,0.25|wd0.0,size_control K20 E5 f1 dirichlet_sizes0.01 fedavg,cross,tw_clock_energy_cos,2,0.9516976690051151,0.9491937400104321,0.9542015979997982
A,dirichlet,0.25|wd0.0,size_control K20 E5 f1 dirichlet_sizes0.01 fedavg,end,tw_step_gap,3,0.0,0.0,0.0
A,dirichlet,0.25|wd0.0,size_control K20 E5 f1 dirichlet_sizes0.01 fedavg,end,tw_rel_dist,2,0.79872065782547,0.7719476521015167,0.8254936635494232
A,dirichlet,0.25|wd0.0,size_control K20 E5 f1 dirichlet_sizes0.01 fedavg,end,tw_cos,2,0.6900603473186493,0.6715298742055893,0.7085908204317093
A,dirichlet,0.25|wd0.0,size_control K20 E5 f1 dirichlet_sizes0.01 fedavg,end,tw_first_rel_dist,2,0.8035885095596313,0.775906890630722,0.8312701284885406
A,dirichlet,0.25|wd0.0,size_control K20 E5 f1 dirichlet_sizes0.01 fedavg,end,tw_pred_agree_te,3,1.0,0.5054555763490498,1.0
A,dirichlet,0.25|wd0.0,size_control K20 E5 f1 dirichlet_sizes0.01 fedavg,end,tw_twin_acc_te,3,100.0,100.0,100.0
A,dirichlet,0.25|wd0.0,size_control K20 E5 f1 dirichlet_sizes0.01 fedavg,end,tw_fed_acc_te,3,100.0,50.545557618141174,100.0
A,dirichlet,0.25|wd0.0,size_control K20 E5 f1 dirichlet_sizes0.01 fedavg,end,tw_cka_te,2,0.7633478701310185,0.7488270237940433,0.7778687164679936
A,dirichlet,0.25|wd0.0,size_control K20 E5 f1 dirichlet_sizes0.01 fedavg,end,tw_pred_agree_grid,3,1.0,0.5051546394824982,1.0
A,dirichlet,0.25|wd0.0,size_control K20 E5 f1 dirichlet_sizes0.01 fedavg,end,tw_clock_key_jaccard,3,0.8333333333333334,0.42803030303030304,0.8731884057971014
A,dirichlet,0.25|wd0.0,size_control K20 E5 f1 dirichlet_sizes0.01 fedavg,end,tw_clock_energy_cos,2,0.9999527852247062,0.9999358196149941,0.9999697508344183
A,dirichlet,0.25|wd0.0,size_control K20 E5 f1 dirichlet_sizes0.01 fedavg,first,tw_step_gap,3,0.0,0.0,0.0
A,dirichlet,0.25|wd0.0,size_control K20 E5 f1 dirichlet_sizes0.01 fedavg,first,tw_rel_dist,2,0.11149872466921806,0.11000632308423519,0.11299112625420094
A,dirichlet,0.25|wd0.0,size_control K20 E5 f1 dirichlet_sizes0.01 fedavg,first,tw_cos,2,0.9939589202404022,0.9937942773103714,0.994123563170433
A,dirichlet,0.25|wd0.0,size_control K20 E5 f1 dirichlet_sizes0.01 fedavg,first,tw_first_rel_dist,2,0.11069155856966972,0.10924404673278332,0.11213907040655613
A,dirichlet,0.25|wd0.0,size_control K20 E5 f1 dirichlet_sizes0.01 fedavg,first,tw_pred_agree_te,3,0.7846110463142395,0.392801484616939,0.7966558337211609
A,dirichlet,0.25|wd0.0,size_control K20 E5 f1 dirichlet_sizes0.01 fedavg,first,tw_twin_acc_te,3,1.5162250995635986,1.509139895439148,1.891738772392273
A,dirichlet,0.25|wd0.0,size_control K20 E5 f1 dirichlet_sizes0.01 fedavg,first,tw_fed_acc_te,3,1.1477965116500854,1.119455873966217,1.169052004814148
A,dirichlet,0.25|wd0.0,size_control K20 E5 f1 dirichlet_sizes0.01 fedavg,first,tw_cka_te,2,0.980182456997756,0.9796132033255605,0.9807517106699515
A,dirichlet,0.25|wd0.0,size_control K20 E5 f1 dirichlet_sizes0.01 fedavg,first,tw_pred_agree_grid,3,0.8384525775909424,0.42066108528524637,0.8474864661693573
A,dirichlet,0.25|wd0.0,size_control K20 E5 f1 dirichlet_sizes0.01 fedavg,first,tw_clock_key_jaccard,3,0.9210526315789473,0.47481203007518796,0.9473684210526316
A,dirichlet,0.25|wd0.0,size_control K20 E5 f1 dirichlet_sizes0.01 fedavg,first,tw_clock_energy_cos,2,0.9966314763206869,0.9962025651139833,0.9970603875273907
A,dirichlet,0.25|wd0.0,size_control K20 E5 f1 dirichlet_sizes0.1 fedavg,cross,tw_step_gap,3,0.0,0.0,0.0
A,dirichlet,0.25|wd0.0,size_control K20 E5 f1 dirichlet_sizes0.1 fedavg,cross,tw_rel_dist,3,0.49019497632980347,0.4877548962831497,0.509435623884201
A,dirichlet,0.25|wd0.0,size_control K20 E5 f1 dirichlet_sizes0.1 fedavg,cross,tw_cos,3,0.88251793384552,0.8726013898849487,0.8832806646823883
A,dirichlet,0.25|wd0.0,size_control K20 E5 f1 dirichlet_sizes0.1 fedavg,cross,tw_first_rel_dist,3,0.4937472641468048,0.4903734177350998,0.5118642896413803
A,dirichlet,0.25|wd0.0,size_control K20 E5 f1 dirichlet_sizes0.1 fedavg,cross,tw_pred_agree_te,3,0.9557886123657227,0.8857871890068054,0.9750602543354034
A,dirichlet,0.25|wd0.0,size_control K20 E5 f1 dirichlet_sizes0.1 fedavg,cross,tw_twin_acc_te,3,99.97166442871094,99.86538696289062,99.98583221435547
A,dirichlet,0.25|wd0.0,size_control K20 E5 f1 dirichlet_sizes0.1 fedavg,cross,tw_fed_acc_te,3,95.55052185058594,88.52203750610352,97.49185562133789
A,dirichlet,0.25|wd0.0,size_control K20 E5 f1 dirichlet_sizes0.1 fedavg,cross,tw_cka_te,3,0.7780379976467614,0.7620557756597682,0.7866103833193243
A,dirichlet,0.25|wd0.0,size_control K20 E5 f1 dirichlet_sizes0.1 fedavg,cross,tw_pred_agree_grid,3,0.9668402671813965,0.9143373370170593,0.9812945127487183
A,dirichlet,0.25|wd0.0,size_control K20 E5 f1 dirichlet_sizes0.1 fedavg,cross,tw_clock_key_jaccard,3,0.8157894736842105,0.7793233082706768,0.8343653250773994
A,dirichlet,0.25|wd0.0,size_control K20 E5 f1 dirichlet_sizes0.1 fedavg,cross,tw_clock_energy_cos,3,0.9399399598673871,0.936710323219784,0.9443470745291949
A,dirichlet,0.25|wd0.0,size_control K20 E5 f1 dirichlet_sizes0.1 fedavg,end,tw_step_gap,3,0.0,0.0,0.0
A,dirichlet,0.25|wd0.0,size_control K20 E5 f1 dirichlet_sizes0.1 fedavg,end,tw_rel_dist,3,0.8058854937553406,0.7919432818889618,0.8348345756530762
A,dirichlet,0.25|wd0.0,size_control K20 E5 f1 dirichlet_sizes0.1 fedavg,end,tw_cos,3,0.6823115348815918,0.6599103510379791,0.6929000616073608
A,dirichlet,0.25|wd0.0,size_control K20 E5 f1 dirichlet_sizes0.1 fedavg,end,tw_first_rel_dist,3,0.8089227080345154,0.7947910726070404,0.8424749374389648
A,dirichlet,0.25|wd0.0,size_control K20 E5 f1 dirichlet_sizes0.1 fedavg,end,tw_pred_agree_te,3,1.0,1.0,1.0
A,dirichlet,0.25|wd0.0,size_control K20 E5 f1 dirichlet_sizes0.1 fedavg,end,tw_twin_acc_te,3,100.0,100.0,100.0
A,dirichlet,0.25|wd0.0,size_control K20 E5 f1 dirichlet_sizes0.1 fedavg,end,tw_fed_acc_te,3,100.0,100.0,100.0
A,dirichlet,0.25|wd0.0,size_control K20 E5 f1 dirichlet_sizes0.1 fedavg,end,tw_cka_te,3,0.7162638251473441,0.70030237110391,0.726271357183367
A,dirichlet,0.25|wd0.0,size_control K20 E5 f1 dirichlet_sizes0.1 fedavg,end,tw_pred_agree_grid,3,1.0,1.0,1.0
A,dirichlet,0.25|wd0.0,size_control K20 E5 f1 dirichlet_sizes0.1 fedavg,end,tw_clock_key_jaccard,3,0.8723404255319149,0.8528368794326242,0.8926919518963923
A,dirichlet,0.25|wd0.0,size_control K20 E5 f1 dirichlet_sizes0.1 fedavg,end,tw_clock_energy_cos,3,0.9999780992862584,0.9999701505658251,0.9999796488622147
A,dirichlet,0.25|wd0.0,size_control K20 E5 f1 dirichlet_sizes0.1 fedavg,first,tw_step_gap,3,0.0,0.0,0.0
A,dirichlet,0.25|wd0.0,size_control K20 E5 f1 dirichlet_sizes0.1 fedavg,first,tw_rel_dist,3,0.1100730448961258,0.1079866923391819,0.11030182987451553
A,dirichlet,0.25|wd0.0,size_control K20 E5 f1 dirichlet_sizes0.1 fedavg,first,tw_cos,3,0.994113564491272,0.9940890073776245,0.9943382143974304
A,dirichlet,0.25|wd0.0,size_control K20 E5 f1 dirichlet_sizes0.1 fedavg,first,tw_first_rel_dist,3,0.10896884649991989,0.10710663720965385,0.10930205881595612
A,dirichlet,0.25|wd0.0,size_control K20 E5 f1 dirichlet_sizes0.1 fedavg,first,tw_pred_agree_te,3,0.7942468523979187,0.793254941701889,0.801332026720047
A,dirichlet,0.25|wd0.0,size_control K20 E5 f1 dirichlet_sizes0.1 fedavg,first,tw_twin_acc_te,3,1.5162250995635986,1.509139895439148,1.891738772392273
A,dirichlet,0.25|wd0.0,size_control K20 E5 f1 dirichlet_sizes0.1 fedavg,first,tw_fed_acc_te,3,1.2894998788833618,1.2044779062271118,1.4807992577552795
A,dirichlet,0.25|wd0.0,size_control K20 E5 f1 dirichlet_sizes0.1 fedavg,first,tw_cka_te,3,0.9808117126677967,0.9807286341659194,0.9816114837726255
A,dirichlet,0.25|wd0.0,size_control K20 E5 f1 dirichlet_sizes0.1 fedavg,first,tw_pred_agree_grid,3,0.8456797003746033,0.8449357151985168,0.8509937524795532
A,dirichlet,0.25|wd0.0,size_control K20 E5 f1 dirichlet_sizes0.1 fedavg,first,tw_clock_key_jaccard,3,0.9230769230769231,0.9220647773279352,0.9476495726495726
A,dirichlet,0.25|wd0.0,size_control K20 E5 f1 dirichlet_sizes0.1 fedavg,first,tw_clock_energy_cos,3,0.9965914584042807,0.9959737784707252,0.9973901187803503
A,dirichlet,0.25|wd0.0,size_control K50 E5 f1 dirichlet_sizes0.01 fedavg,cross,tw_step_gap,1,0.0,0.0,0.0
A,dirichlet,0.25|wd0.0,size_control K50 E5 f1 dirichlet_sizes0.01 fedavg,cross,tw_rel_dist,1,1.0367090702056885,1.0367090702056885,1.0367090702056885
A,dirichlet,0.25|wd0.0,size_control K50 E5 f1 dirichlet_sizes0.01 fedavg,cross,tw_cos,1,0.5016196370124817,0.5016196370124817,0.5016196370124817
A,dirichlet,0.25|wd0.0,size_control K50 E5 f1 dirichlet_sizes0.01 fedavg,cross,tw_first_rel_dist,1,1.090999960899353,1.090999960899353,1.090999960899353
A,dirichlet,0.25|wd0.0,size_control K50 E5 f1 dirichlet_sizes0.01 fedavg,cross,tw_pred_agree_te,1,0.9787445068359375,0.9787445068359375,0.9787445068359375
A,dirichlet,0.25|wd0.0,size_control K50 E5 f1 dirichlet_sizes0.01 fedavg,cross,tw_twin_acc_te,1,100.0,100.0,100.0
A,dirichlet,0.25|wd0.0,size_control K50 E5 f1 dirichlet_sizes0.01 fedavg,cross,tw_fed_acc_te,1,97.87445068359375,97.87445068359375,97.87445068359375
A,dirichlet,0.25|wd0.0,size_control K50 E5 f1 dirichlet_sizes0.01 fedavg,cross,tw_cka_te,1,0.16486132873583048,0.16486132873583048,0.16486132873583048
A,dirichlet,0.25|wd0.0,size_control K50 E5 f1 dirichlet_sizes0.01 fedavg,cross,tw_pred_agree_grid,1,0.9840578436851501,0.9840578436851501,0.9840578436851501
A,dirichlet,0.25|wd0.0,size_control K50 E5 f1 dirichlet_sizes0.01 fedavg,cross,tw_clock_key_jaccard,1,0.6222222222222222,0.6222222222222222,0.6222222222222222
A,dirichlet,0.25|wd0.0,size_control K50 E5 f1 dirichlet_sizes0.01 fedavg,cross,tw_clock_energy_cos,1,0.8210682789838153,0.8210682789838153,0.8210682789838153
A,dirichlet,0.25|wd0.0,size_control K50 E5 f1 dirichlet_sizes0.01 fedavg,end,tw_step_gap,3,0.0,0.0,0.0
A,dirichlet,0.25|wd0.0,size_control K50 E5 f1 dirichlet_sizes0.01 fedavg,end,tw_rel_dist,1,1.0806617736816406,1.0806617736816406,1.0806617736816406
A,dirichlet,0.25|wd0.0,size_control K50 E5 f1 dirichlet_sizes0.01 fedavg,end,tw_cos,1,0.43305638432502747,0.43305638432502747,0.43305638432502747
A,dirichlet,0.25|wd0.0,size_control K50 E5 f1 dirichlet_sizes0.01 fedavg,end,tw_first_rel_dist,1,1.1068440675735474,1.1068440675735474,1.1068440675735474
A,dirichlet,0.25|wd0.0,size_control K50 E5 f1 dirichlet_sizes0.01 fedavg,end,tw_pred_agree_te,3,0.010911152698099613,0.010486042592674494,0.5054555763490498
A,dirichlet,0.25|wd0.0,size_control K50 E5 f1 dirichlet_sizes0.01 fedavg,end,tw_twin_acc_te,3,100.0,100.0,100.0
A,dirichlet,0.25|wd0.0,size_control K50 E5 f1 dirichlet_sizes0.01 fedavg,end,tw_fed_acc_te,3,1.0911152362823486,1.0486042499542236,50.545557618141174
A,dirichlet,0.25|wd0.0,size_control K50 E5 f1 dirichlet_sizes0.01 fedavg,end,tw_cka_te,1,0.162332130655865,0.162332130655865,0.162332130655865
A,dirichlet,0.25|wd0.0,size_control K50 E5 f1 dirichlet_sizes0.01 fedavg,end,tw_pred_agree_grid,3,0.010309278964996338,0.010309278964996338,0.5051546394824982
A,dirichlet,0.25|wd0.0,size_control K50 E5 f1 dirichlet_sizes0.01 fedavg,end,tw_clock_key_jaccard,3,0.022727272727272728,0.022727272727272728,0.42625725338491294
A,dirichlet,0.25|wd0.0,size_control K50 E5 f1 dirichlet_sizes0.01 fedavg,end,tw_clock_energy_cos,1,0.9926429740917901,0.9926429740917901,0.9926429740917901
A,dirichlet,0.25|wd0.0,size_control K50 E5 f1 dirichlet_sizes0.01 fedavg,first,tw_step_gap,3,0.0,0.0,0.0
A,dirichlet,0.25|wd0.0,size_control K50 E5 f1 dirichlet_sizes0.01 fedavg,first,tw_rel_dist,2,0.27745696902275085,0.27591706812381744,0.27899686992168427
A,dirichlet,0.25|wd0.0,size_control K50 E5 f1 dirichlet_sizes0.01 fedavg,first,tw_cos,2,0.9638485312461853,0.9634305834770203,0.9642664790153503
A,dirichlet,0.25|wd0.0,size_control K50 E5 f1 dirichlet_sizes0.01 fedavg,first,tw_first_rel_dist,2,0.2779665142297745,0.2765587791800499,0.27937424927949905
A,dirichlet,0.25|wd0.0,size_control K50 E5 f1 dirichlet_sizes0.01 fedavg,first,tw_pred_agree_te,3,0.5476831793785095,0.28092675330117345,0.5624203085899353
A,dirichlet,0.25|wd0.0,size_control K50 E5 f1 dirichlet_sizes0.01 fedavg,first,tw_twin_acc_te,3,1.5162250995635986,1.509139895439148,1.891738772392273
A,dirichlet,0.25|wd0.0,size_control K50 E5 f1 dirichlet_sizes0.01 fedavg,first,tw_fed_acc_te,3,1.0060932636260986,0.9352416396141052,1.0982003808021545
A,dirichlet,0.25|wd0.0,size_control K50 E5 f1 dirichlet_sizes0.01 fedavg,first,tw_cka_te,2,0.8837732872128315,0.8836398633865906,0.8839067110390725
A,dirichlet,0.25|wd0.0,size_control K50 E5 f1 dirichlet_sizes0.01 fedavg,first,tw_pred_agree_grid,3,0.6607503890991211,0.33707091165706515,0.6718036234378815
A,dirichlet,0.25|wd0.0,size_control K50 E5 f1 dirichlet_sizes0.01 fedavg,first,tw_clock_key_jaccard,3,0.85,0.43851351351351353,0.860897435897436
A,dirichlet,0.25|wd0.0,size_control K50 E5 f1 dirichlet_sizes0.01 fedavg,first,tw_clock_energy_cos,2,0.9839611105203117,0.98090708384475,0.9870151371958732
A,dirichlet,0.25|wd0.0,size_control K50 E5 f1 dirichlet_sizes0.1 fedavg,cross,tw_step_gap,3,0.0,0.0,0.011111111111111112
A,dirichlet,0.25|wd0.0,size_control K50 E5 f1 dirichlet_sizes0.1 fedavg,cross,tw_rel_dist,3,1.008463978767395,0.9978413581848145,1.0176116824150085
A,dirichlet,0.25|wd0.0,size_control K50 E5 f1 dirichlet_sizes0.1 fedavg,cross,tw_cos,3,0.5414729118347168,0.5265184342861176,0.5452904105186462
A,dirichlet,0.25|wd0.0,size_control K50 E5 f1 dirichlet_sizes0.1 fedavg,cross,tw_first_rel_dist,3,1.0624337196350098,1.0486929416656494,1.0720433592796326
A,dirichlet,0.25|wd0.0,size_control K50 E5 f1 dirichlet_sizes0.1 fedavg,cross,tw_pred_agree_te,3,0.9352416396141052,0.9176704287528992,0.9537339210510254
A,dirichlet,0.25|wd0.0,size_control K50 E5 f1 dirichlet_sizes0.1 fedavg,cross,tw_twin_acc_te,3,100.0,100.0,100.0
A,dirichlet,0.25|wd0.0,size_control K50 E5 f1 dirichlet_sizes0.1 fedavg,cross,tw_fed_acc_te,3,93.52416229248047,91.76704025268555,95.3733901977539
A,dirichlet,0.25|wd0.0,size_control K50 E5 f1 dirichlet_sizes0.1 fedavg,cross,tw_cka_te,3,0.16182334354353925,0.1547708232313402,0.16711221495391249
A,dirichlet,0.25|wd0.0,size_control K50 E5 f1 dirichlet_sizes0.1 fedavg,cross,tw_pred_agree_grid,3,0.9514294862747192,0.9382506310939789,0.9652991890907288
A,dirichlet,0.25|wd0.0,size_control K50 E5 f1 dirichlet_sizes0.1 fedavg,cross,tw_clock_key_jaccard,3,0.6444444444444445,0.6111111111111112,0.6594315245478036
A,dirichlet,0.25|wd0.0,size_control K50 E5 f1 dirichlet_sizes0.1 fedavg,cross,tw_clock_energy_cos,3,0.8093346856954773,0.7896641655551098,0.8170953378850507
A,dirichlet,0.25|wd0.0,size_control K50 E5 f1 dirichlet_sizes0.1 fedavg,end,tw_step_gap,3,0.0,0.0,0.0
A,dirichlet,0.25|wd0.0,size_control K50 E5 f1 dirichlet_sizes0.1 fedavg,end,tw_rel_dist,3,1.0657697916030884,1.0525036454200745,1.0662815570831299
A,dirichlet,0.25|wd0.0,size_control K50 E5 f1 dirichlet_sizes0.1 fedavg,end,tw_cos,3,0.4563918113708496,0.45499831438064575,0.4671134948730469
A,dirichlet,0.25|wd0.0,size_control K50 E5 f1 dirichlet_sizes0.1 fedavg,end,tw_first_rel_dist,3,1.0892002582550049,1.0763630867004395,1.0919841527938843
A,dirichlet,0.25|wd0.0,size_control K50 E5 f1 dirichlet_sizes0.1 fedavg,end,tw_pred_agree_te,3,1.0,1.0,1.0
A,dirichlet,0.25|wd0.0,size_control K50 E5 f1 dirichlet_sizes0.1 fedavg,end,tw_twin_acc_te,3,100.0,100.0,100.0
A,dirichlet,0.25|wd0.0,size_control K50 E5 f1 dirichlet_sizes0.1 fedavg,end,tw_fed_acc_te,3,100.0,100.0,100.0
A,dirichlet,0.25|wd0.0,size_control K50 E5 f1 dirichlet_sizes0.1 fedavg,end,tw_cka_te,3,0.16180652499587542,0.15923571470396514,0.17896177995965412
A,dirichlet,0.25|wd0.0,size_control K50 E5 f1 dirichlet_sizes0.1 fedavg,end,tw_pred_agree_grid,3,1.0,1.0,1.0
A,dirichlet,0.25|wd0.0,size_control K50 E5 f1 dirichlet_sizes0.1 fedavg,end,tw_clock_key_jaccard,3,0.8333333333333334,0.8229166666666667,0.8421985815602837
A,dirichlet,0.25|wd0.0,size_control K50 E5 f1 dirichlet_sizes0.1 fedavg,end,tw_clock_energy_cos,3,0.9995546334775944,0.9986538095645707,0.999712732132029
A,dirichlet,0.25|wd0.0,size_control K50 E5 f1 dirichlet_sizes0.1 fedavg,first,tw_step_gap,3,0.0,0.0,0.0
A,dirichlet,0.25|wd0.0,size_control K50 E5 f1 dirichlet_sizes0.1 fedavg,first,tw_rel_dist,3,0.2765078544616699,0.2760370671749115,0.2801476716995239
A,dirichlet,0.25|wd0.0,size_control K50 E5 f1 dirichlet_sizes0.1 fedavg,first,tw_cos,3,0.9644408226013184,0.9634706377983093,0.9644960761070251
A,dirichlet,0.25|wd0.0,size_control K50 E5 f1 dirichlet_sizes0.1 fedavg,first,tw_first_rel_dist,3,0.27792787551879883,0.27697131037712097,0.2812390625476837
A,dirichlet,0.25|wd0.0,size_control K50 E5 f1 dirichlet_sizes0.1 fedavg,first,tw_pred_agree_te,3,0.5687969326972961,0.555547684431076,0.5770157277584076
A,dirichlet,0.25|wd0.0,size_control K50 E5 f1 dirichlet_sizes0.1 fedavg,first,tw_twin_acc_te,3,1.5162250995635986,1.509139895439148,1.891738772392273
A,dirichlet,0.25|wd0.0,size_control K50 E5 f1 dirichlet_sizes0.1 fedavg,first,tw_fed_acc_te,3,0.7935383319854736,0.7722828388214111,0.9706674218177795
A,dirichlet,0.25|wd0.0,size_control K50 E5 f1 dirichlet_sizes0.1 fedavg,first,tw_cka_te,3,0.8709573796425897,0.7917735688296574,0.8785573582128985
A,dirichlet,0.25|wd0.0,size_control K50 E5 f1 dirichlet_sizes0.1 fedavg,first,tw_pred_agree_grid,3,0.6765862703323364,0.666595846414566,0.6827505826950073
A,dirichlet,0.25|wd0.0,size_control K50 E5 f1 dirichlet_sizes0.1 fedavg,first,tw_clock_key_jaccard,3,0.9,0.8875,0.9105263157894736
A,dirichlet,0.25|wd0.0,size_control K50 E5 f1 dirichlet_sizes0.1 fedavg,first,tw_clock_energy_cos,3,0.9837509888977957,0.978532655214152,0.9872728990245063
A,f,0.25|wd0.0,participation K50 E5 f0.2 iid fedavg,cross,tw_step_gap,3,1.1267133807599726e-05,5.633566933358441e-06,1.583744026542039e-05
A,f,0.25|wd0.0,participation K50 E5 f0.2 iid fedavg,cross,tw_rel_dist,3,1.100933313369751,1.0790422558784485,1.1010437607765198
A,f,0.25|wd0.0,participation K50 E5 f0.2 iid fedavg,cross,tw_cos,3,0.5539915561676025,0.5512033998966217,0.5708314478397369
A,f,0.25|wd0.0,participation K50 E5 f0.2 iid fedavg,cross,tw_first_rel_dist,3,1.1287862062454224,1.1077134013175964,1.1319507956504822
A,f,0.25|wd0.0,participation K50 E5 f0.2 iid fedavg,cross,tw_pred_agree_te,3,0.01629587635397911,0.015729063656181097,0.019484200514853
A,f,0.25|wd0.0,participation K50 E5 f0.2 iid fedavg,cross,tw_twin_acc_te,3,1.5162250995635986,1.509139895439148,1.891738772392273
A,f,0.25|wd0.0,participation K50 E5 f0.2 iid fedavg,cross,tw_fed_acc_te,3,99.95748901367188,99.32691192626953,99.97166061401367
A,f,0.25|wd0.0,participation K50 E5 f0.2 iid fedavg,cross,tw_cka_te,3,0.2098025461598293,0.1939974792818171,0.21561804542809015
A,f,0.25|wd0.0,participation K50 E5 f0.2 iid fedavg,cross,tw_pred_agree_grid,3,0.26219576597213745,0.2617174983024597,0.2645871043205261
A,f,0.25|wd0.0,participation K50 E5 f0.2 iid fedavg,cross,tw_clock_key_jaccard,3,0.7073170731707317,0.6988966318234611,0.748395378690629
A,f,0.25|wd0.0,participation K50 E5 f0.2 iid fedavg,cross,tw_clock_energy_cos,3,0.8263972796125544,0.8218085506720683,0.8309140330060563
A,f,0.25|wd0.0,participation K50 E5 f0.2 iid fedavg,end,tw_step_gap,3,5.335911040555717e-06,4.209200875193631e-06,5.6335334415645195e-06
A,f,0.25|wd0.0,participation K50 E5 f0.2 iid fedavg,end,tw_rel_dist,3,1.1279284954071045,1.0796300768852234,1.143852174282074
A,f,0.25|wd0.0,participation K50 E5 f0.2 iid fedavg,end,tw_cos,3,0.4156559705734253,0.40045155584812164,0.4623970687389374
A,f,0.25|wd0.0,participation K50 E5 f0.2 iid fedavg,end,tw_first_rel_dist,3,1.1125577688217163,1.069606363773346,1.125868022441864
A,f,0.25|wd0.0,participation K50 E5 f0.2 iid fedavg,end,tw_pred_agree_te,3,0.9985829591751099,0.9985121190547943,0.9992206394672394
A,f,0.25|wd0.0,participation K50 E5 f0.2 iid fedavg,end,tw_twin_acc_te,3,100.0,100.0,100.0
A,f,0.25|wd0.0,participation K50 E5 f0.2 iid fedavg,end,tw_fed_acc_te,3,99.8582992553711,99.85121536254883,99.92206573486328
A,f,0.25|wd0.0,participation K50 E5 f0.2 iid fedavg,end,tw_cka_te,3,0.2797123598364025,0.2700426629970049,0.318823797406676
A,f,0.25|wd0.0,participation K50 E5 f0.2 iid fedavg,end,tw_pred_agree_grid,3,0.99893718957901,0.9988840520381927,0.9994154572486877
A,f,0.25|wd0.0,participation K50 E5 f0.2 iid fedavg,end,tw_clock_key_jaccard,3,0.8723404255319149,0.8528368794326242,0.8723404255319149
A,f,0.25|wd0.0,participation K50 E5 f0.2 iid fedavg,end,tw_clock_energy_cos,3,0.9999820662853779,0.9999764893772175,0.9999836756042451
A,f,0.25|wd0.0,participation K50 E5 f0.2 iid fedavg,first,tw_step_gap,3,1.1267133807599726e-05,5.633566933358441e-06,1.583744026542039e-05
A,f,0.25|wd0.0,participation K50 E5 f0.2 iid fedavg,first,tw_rel_dist,3,1.100933313369751,1.0790422558784485,1.1010437607765198
A,f,0.25|wd0.0,participation K50 E5 f0.2 iid fedavg,first,tw_cos,3,0.5539915561676025,0.5512033998966217,0.5708314478397369
A,f,0.25|wd0.0,participation K50 E5 f0.2 iid fedavg,first,tw_first_rel_dist,3,1.1287862062454224,1.1077134013175964,1.1319507956504822
A,f,0.25|wd0.0,participation K50 E5 f0.2 iid fedavg,first,tw_pred_agree_te,3,0.01629587635397911,0.015729063656181097,0.019484200514853
A,f,0.25|wd0.0,participation K50 E5 f0.2 iid fedavg,first,tw_twin_acc_te,3,1.5162250995635986,1.509139895439148,1.891738772392273
A,f,0.25|wd0.0,participation K50 E5 f0.2 iid fedavg,first,tw_fed_acc_te,3,99.95748901367188,99.32691192626953,99.97166061401367
A,f,0.25|wd0.0,participation K50 E5 f0.2 iid fedavg,first,tw_cka_te,3,0.2098025461598293,0.1939974792818171,0.21561804542809015
A,f,0.25|wd0.0,participation K50 E5 f0.2 iid fedavg,first,tw_pred_agree_grid,3,0.26219576597213745,0.2617174983024597,0.2645871043205261
A,f,0.25|wd0.0,participation K50 E5 f0.2 iid fedavg,first,tw_clock_key_jaccard,3,0.7073170731707317,0.6988966318234611,0.748395378690629
A,f,0.25|wd0.0,participation K50 E5 f0.2 iid fedavg,first,tw_clock_energy_cos,3,0.8263972796125544,0.8218085506720683,0.8309140330060563
A,f,0.25|wd0.0,participation K50 E5 f0.4 iid fedavg,cross,tw_step_gap,3,3.932807622198549e-06,3.773383149996364e-06,6.1649935089053275e-06
A,f,0.25|wd0.0,participation K50 E5 f0.4 iid fedavg,cross,tw_rel_dist,3,0.9190001487731934,0.9033644199371338,0.9221364259719849
A,f,0.25|wd0.0,participation K50 E5 f0.4 iid fedavg,cross,tw_cos,3,0.6626108288764954,0.658401608467102,0.6741608679294586
A,f,0.25|wd0.0,participation K50 E5 f0.4 iid fedavg,cross,tw_first_rel_dist,3,0.9515597224235535,0.9361068308353424,0.952813446521759
A,f,0.25|wd0.0,participation K50 E5 f0.4 iid fedavg,cross,tw_pred_agree_te,3,0.46166926622390747,0.4222049117088318,0.5575315356254578
A,f,0.25|wd0.0,participation K50 E5 f0.4 iid fedavg,cross,tw_twin_acc_te,3,46.138587951660156,42.08587455749512,55.73189926147461
A,f,0.25|wd0.0,participation K50 E5 f0.4 iid fedavg,cross,tw_fed_acc_te,3,99.92914581298828,99.27731323242188,99.94331741333008
A,f,0.25|wd0.0,participation K50 E5 f0.4 iid fedavg,cross,tw_cka_te,3,0.2104705223746904,0.20355154480120796,0.2154458437982392
A,f,0.25|wd0.0,participation K50 E5 f0.4 iid fedavg,cross,tw_pred_agree_grid,3,0.5962376594543457,0.5666383504867554,0.6681368947029114
A,f,0.25|wd0.0,participation K50 E5 f0.4 iid fedavg,cross,tw_clock_key_jaccard,3,0.7714285714285715,0.7640926640926642,0.8050691244239632
A,f,0.25|wd0.0,participation K50 E5 f0.4 iid fedavg,cross,tw_clock_energy_cos,3,0.8032599260206859,0.8023800428128036,0.8186619954512837
A,f,0.25|wd0.0,participation K50 E5 f0.4 iid fedavg,end,tw_step_gap,3,1.488093687742306e-06,1.3392845623766664e-06,1.977042749901364e-06
A,f,0.25|wd0.0,participation K50 E5 f0.4 iid fedavg,end,tw_rel_dist,3,1.0716325044631958,1.0664706826210022,1.0928599834442139
A,f,0.25|wd0.0,participation K50 E5 f0.4 iid fedavg,end,tw_cos,3,0.46233370900154114,0.44792822003364563,0.46967849135398865
A,f,0.25|wd0.0,participation K50 E5 f0.4 iid fedavg,end,tw_first_rel_dist,3,1.0799869298934937,1.0702257752418518,1.0939685702323914
A,f,0.25|wd0.0,participation K50 E5 f0.4 iid fedavg,end,tw_pred_agree_te,3,0.9998583197593689,0.9996457695960999,0.9999291598796844
A,f,0.25|wd0.0,participation K50 E5 f0.4 iid fedavg,end,tw_twin_acc_te,3,100.0,100.0,100.0
A,f,0.25|wd0.0,participation K50 E5 f0.4 iid fedavg,end,tw_fed_acc_te,3,99.98583221435547,99.9645767211914,99.99291610717773
A,f,0.25|wd0.0,participation K50 E5 f0.4 iid fedavg,end,tw_cka_te,3,0.1934879879257168,0.19056848704287738,0.214829745772268
A,f,0.25|wd0.0,participation K50 E5 f0.4 iid fedavg,end,tw_pred_agree_grid,3,0.9998937249183655,0.9997343122959137,0.9999468624591827
A,f,0.25|wd0.0,participation K50 E5 f0.4 iid fedavg,end,tw_clock_key_jaccard,3,0.8723404255319149,0.8528368794326242,0.8926919518963923
A,f,0.25|wd0.0,participation K50 E5 f0.4 iid fedavg,end,tw_clock_energy_cos,3,0.999985828221486,0.9999823726640864,0.9999892075313906
A,f,0.25|wd0.0,participation K50 E5 f0.4 iid fedavg,first,tw_step_gap,3,5.952416314403715e-06,3.4013785529550875e-06,9.991415885605093e-06
A,f,0.25|wd0.0,participation K50 E5 f0.4 iid fedavg,first,tw_rel_dist,3,0.7130348682403564,0.7004907131195068,0.7202493250370026
A,f,0.25|wd0.0,participation K50 E5 f0.4 iid fedavg,first,tw_cos,3,0.8096439242362976,0.8046786189079285,0.8154788315296173
A,f,0.25|wd0.0,participation K50 E5 f0.4 iid fedavg,first,tw_first_rel_dist,3,0.747896134853363,0.7339277565479279,0.751733124256134
A,f,0.25|wd0.0,participation K50 E5 f0.4 iid fedavg,first,tw_pred_agree_te,3,0.20405271649360657,0.1905200555920601,0.21701856702566147
A,f,0.25|wd0.0,participation K50 E5 f0.4 iid fedavg,first,tw_twin_acc_te,3,1.5162250995635986,1.509139895439148,1.891738772392273
A,f,0.25|wd0.0,participation K50 E5 f0.4 iid fedavg,first,tw_fed_acc_te,3,17.004392623901367,14.7513108253479,24.727221488952637
A,f,0.25|wd0.0,participation K50 E5 f0.4 iid fedavg,first,tw_cka_te,3,0.2457200342546825,0.24083785243709405,0.3159137988458616
A,f,0.25|wd0.0,participation K50 E5 f0.4 iid fedavg,first,tw_pred_agree_grid,3,0.40291211009025574,0.39281539618968964,0.4126899838447571
A,f,0.25|wd0.0,participation K50 E5 f0.4 iid fedavg,first,tw_clock_key_jaccard,3,0.7222222222222222,0.7163742690058479,0.7394894894894894
A,f,0.25|wd0.0,participation K50 E5 f0.4 iid fedavg,first,tw_clock_energy_cos,3,0.8969404523813311,0.8614972910839003,0.9022508686330433
A,f,0.25|wd0.0,participation K50 E5 f0.6 iid fedavg,cross,tw_step_gap,3,0.0019971372482036134,0.0019956727312468846,0.001998125351121872
A,f,0.25|wd0.0,participation K50 E5 f0.6 iid fedavg,cross,tw_rel_dist,3,0.8820809125900269,0.8042249083518982,0.88211989402771
A,f,0.25|wd0.0,participation K50 E5 f0.6 iid fedavg,cross,tw_cos,3,0.6706342697143555,0.6668188273906708,0.7301919758319855
A,f,0.25|wd0.0,participation K50 E5 f0.6 iid fedavg,cross,tw_first_rel_dist,3,0.9229071736335754,0.8417869806289673,0.9243117570877075
A,f,0.25|wd0.0,participation K50 E5 f0.6 iid fedavg,cross,tw_pred_agree_te,3,0.8974068760871887,0.7372113168239594,0.9482783377170563
A,f,0.25|wd0.0,participation K50 E5 f0.6 iid fedavg,cross,tw_twin_acc_te,3,99.75910949707031,82.54216003417969,99.86538696289062
A,f,0.25|wd0.0,participation K50 E5 f0.6 iid fedavg,cross,tw_fed_acc_te,3,89.8257064819336,80.65041732788086,94.88451385498047
A,f,0.25|wd0.0,participation K50 E5 f0.6 iid fedavg,cross,tw_cka_te,3,0.17674605856237452,0.1627722336002594,0.24062012745968583
A,f,0.25|wd0.0,participation K50 E5 f0.6 iid fedavg,cross,tw_pred_agree_grid,3,0.9230524301528931,0.8029015064239502,0.961207389831543
A,f,0.25|wd0.0,participation K50 E5 f0.6 iid fedavg,cross,tw_clock_key_jaccard,3,0.7647058823529411,0.7376160990712074,0.7680672268907562
A,f,0.25|wd0.0,participation K50 E5 f0.6 iid fedavg,cross,tw_clock_energy_cos,3,0.9213658031633009,0.8971418731168201,0.9290088050906917
A,f,0.25|wd0.0,participation K50 E5 f0.6 iid fedavg,end,tw_step_gap,3,0.0019953304239654127,0.0019950339912533687,0.001996463217155786
A,f,0.25|wd0.0,participation K50 E5 f0.6 iid fedavg,end,tw_rel_dist,3,1.0443886518478394,1.0330772995948792,1.0819461941719055
A,f,0.25|wd0.0,participation K50 E5 f0.6 iid fedavg,end,tw_cos,3,0.4845968782901764,0.45378829538822174,0.49883081018924713
A,f,0.25|wd0.0,participation K50 E5 f0.6 iid fedavg,end,tw_first_rel_dist,3,1.0554430484771729,1.041874647140503,1.0885774493217468
A,f,0.25|wd0.0,participation K50 E5 f0.6 iid fedavg,end,tw_pred_agree_te,3,1.0,0.9999291598796844,1.0
A,f,0.25|wd0.0,participation K50 E5 f0.6 iid fedavg,end,tw_twin_acc_te,3,100.0,100.0,100.0
A,f,0.25|wd0.0,participation K50 E5 f0.6 iid fedavg,end,tw_fed_acc_te,3,100.0,99.99291610717773,100.0
A,f,0.25|wd0.0,participation K50 E5 f0.6 iid fedavg,end,tw_cka_te,3,0.17624971027184852,0.16540691062559498,0.19360768944179732
A,f,0.25|wd0.0,participation K50 E5 f0.6 iid fedavg,end,tw_pred_agree_grid,3,1.0,0.9999468624591827,1.0
A,f,0.25|wd0.0,participation K50 E5 f0.6 iid fedavg,end,tw_clock_key_jaccard,3,0.8333333333333334,0.8333333333333334,0.8528368794326242
A,f,0.25|wd0.0,participation K50 E5 f0.6 iid fedavg,end,tw_clock_energy_cos,3,0.999960804762573,0.9999482594141302,0.9999688164982514
A,f,0.25|wd0.0,participation K50 E5 f0.6 iid fedavg,first,tw_step_gap,3,0.0020021483261125606,0.0019952668556541507,0.002005006727278839
A,f,0.25|wd0.0,participation K50 E5 f0.6 iid fedavg,first,tw_rel_dist,3,0.4597594439983368,0.45760659873485565,0.46331365406513214
A,f,0.25|wd0.0,participation K50 E5 f0.6 iid fedavg,first,tw_cos,3,0.9115074276924133,0.9107028543949127,0.9128820300102234
A,f,0.25|wd0.0,participation K50 E5 f0.6 iid fedavg,first,tw_first_rel_dist,3,0.47111576795578003,0.4708145558834076,0.47596336901187897
A,f,0.25|wd0.0,participation K50 E5 f0.6 iid fedavg,first,tw_pred_agree_te,3,0.3783477544784546,0.3762222081422806,0.3857871741056442
A,f,0.25|wd0.0,participation K50 E5 f0.6 iid fedavg,first,tw_twin_acc_te,3,1.5162250995635986,1.509139895439148,1.891738772392273
A,f,0.25|wd0.0,participation K50 E5 f0.6 iid fedavg,first,tw_fed_acc_te,3,2.989938974380493,2.9190874099731445,4.265268683433533
A,f,0.25|wd0.0,participation K50 E5 f0.6 iid fedavg,first,tw_cka_te,3,0.26414753542530583,0.2630703620754188,0.5044258180926714
A,f,0.25|wd0.0,participation K50 E5 f0.6 iid fedavg,first,tw_pred_agree_grid,3,0.5336380004882812,0.5320969223976135,0.5392177700996399
A,f,0.25|wd0.0,participation K50 E5 f0.6 iid fedavg,first,tw_clock_key_jaccard,3,0.8611111111111112,0.8408119658119658,0.8647660818713451
A,f,0.25|wd0.0,participation K50 E5 f0.6 iid fedavg,first,tw_clock_energy_cos,3,0.9542540721231189,0.9399166120157285,0.9634699203203236
A,K,0.3|wd0.0,aggregation K10 E5 f1 iid fedavg,cross,tw_step_gap,3,0.0,0.0,0.0
A,K,0.3|wd0.0,aggregation K10 E5 f1 iid fedavg,cross,tw_rel_dist,3,0.09745514392852783,0.09117767587304115,0.09947540983557701
A,K,0.3|wd0.0,aggregation K10 E5 f1 iid fedavg,cross,tw_cos,3,0.9952554106712341,0.9950596392154694,0.9958304166793823
A,K,0.3|wd0.0,aggregation K10 E5 f1 iid fedavg,cross,tw_first_rel_dist,3,0.096860371530056,0.09096673130989075,0.09764787182211876
A,K,0.3|wd0.0,aggregation K10 E5 f1 iid fedavg,cross,tw_pred_agree_te,3,0.9998481869697571,0.9987854957580566,0.9999240934848785
A,K,0.3|wd0.0,aggregation K10 E5 f1 iid fedavg,cross,tw_twin_acc_te,3,100.0,99.97722625732422,100.0
A,K,0.3|wd0.0,aggregation K10 E5 f1 iid fedavg,cross,tw_fed_acc_te,3,99.98481750488281,99.86336898803711,99.9924087524414
A,K,0.3|wd0.0,aggregation K10 E5 f1 iid fedavg,cross,tw_cka_te,3,0.9885760804197357,0.9879503202246454,0.9893000231998563
A,K,0.3|wd0.0,aggregation K10 E5 f1 iid fedavg,cross,tw_pred_agree_grid,3,0.9998937249183655,0.9991497695446014,0.9999468624591827
A,K,0.3|wd0.0,aggregation K10 E5 f1 iid fedavg,cross,tw_clock_key_jaccard,3,0.96875,0.9558035714285714,0.9704861111111112
A,K,0.3|wd0.0,aggregation K10 E5 f1 iid fedavg,cross,tw_clock_energy_cos,3,0.9977872947880618,0.9975033217181413,0.9978372206463371
A,K,0.3|wd0.0,aggregation K10 E5 f1 iid fedavg,end,tw_step_gap,3,0.0,0.0,0.0
A,K,0.3|wd0.0,aggregation K10 E5 f1 iid fedavg,end,tw_rel_dist,3,0.3809311091899872,0.36970002949237823,0.3862399458885193
A,K,0.3|wd0.0,aggregation K10 E5 f1 iid fedavg,end,tw_cos,3,0.9277316927909851,0.9257918298244476,0.9317812323570251
A,K,0.3|wd0.0,aggregation K10 E5 f1 iid fedavg,end,tw_first_rel_dist,3,0.36183029413223267,0.3530450314283371,0.3708358108997345
A,K,0.3|wd0.0,aggregation K10 E5 f1 iid fedavg,end,tw_pred_agree_te,3,1.0,1.0,1.0
A,K,0.3|wd0.0,aggregation K10 E5 f1 iid fedavg,end,tw_twin_acc_te,3,100.0,100.0,100.0
A,K,0.3|wd0.0,aggregation K10 E5 f1 iid fedavg,end,tw_fed_acc_te,3,100.0,100.0,100.0
A,K,0.3|wd0.0,aggregation K10 E5 f1 iid fedavg,end,tw_cka_te,3,0.9316502554798637,0.9232770884203362,0.9373074115423283
A,K,0.3|wd0.0,aggregation K10 E5 f1 iid fedavg,end,tw_pred_agree_grid,3,1.0,1.0,1.0
A,K,0.3|wd0.0,aggregation K10 E5 f1 iid fedavg,end,tw_clock_key_jaccard,3,0.9130434782608695,0.8926919518963923,0.9342995169082126
A,K,0.3|wd0.0,aggregation K10 E5 f1 iid fedavg,end,tw_clock_energy_cos,3,0.9999886622389021,0.9999869040663961,0.9999903821195433
A,K,0.3|wd0.0,aggregation K10 E5 f1 iid fedavg,first,tw_step_gap,3,0.0,0.0,0.0
A,K,0.3|wd0.0,aggregation K10 E5 f1 iid fedavg,first,tw_rel_dist,3,0.020890872925519943,0.020688324235379696,0.020957029424607754
A,K,0.3|wd0.0,aggregation K10 E5 f1 iid fedavg,first,tw_cos,3,0.9998127818107605,0.9998112320899963,0.9998156130313873
A,K,0.3|wd0.0,aggregation K10 E5 f1 iid fedavg,first,tw_first_rel_dist,3,0.020296631380915642,0.02007539477199316,0.02031869161874056
A,K,0.3|wd0.0,aggregation K10 E5 f1 iid fedavg,first,tw_pred_agree_te,3,0.9599210619926453,0.9582511186599731,0.9605283141136169
A,K,0.3|wd0.0,aggregation K10 E5 f1 iid fedavg,first,tw_twin_acc_te,3,0.1669955998659134,0.15940488874912262,0.23531197756528854
A,K,0.3|wd0.0,aggregation K10 E5 f1 iid fedavg,first,tw_fed_acc_te,3,0.19735842943191528,0.18217701464891434,0.2504933923482895
A,K,0.3|wd0.0,aggregation K10 E5 f1 iid fedavg,first,tw_cka_te,3,0.9994107262759618,0.9994054422069805,0.9994289317864664
A,K,0.3|wd0.0,aggregation K10 E5 f1 iid fedavg,first,tw_pred_agree_grid,3,0.9719417691230774,0.9706132709980011,0.9723137617111206
A,K,0.3|wd0.0,aggregation K10 E5 f1 iid fedavg,first,tw_clock_key_jaccard,3,1.0,0.9743589743589743,1.0
A,K,0.3|wd0.0,aggregation K10 E5 f1 iid fedavg,first,tw_clock_energy_cos,3,0.999932880654338,0.9999039324757512,0.9999481582285825
A,K,0.3|wd0.0,aggregation K10 E5 f1 iid fedavg,memo,tw_step_gap,3,0.0,0.0,0.0
A,K,0.3|wd0.0,aggregation K10 E5 f1 iid fedavg,memo,tw_rel_dist,3,0.020890872925519943,0.020688324235379696,0.020957029424607754
A,K,0.3|wd0.0,aggregation K10 E5 f1 iid fedavg,memo,tw_cos,3,0.9998127818107605,0.9998112320899963,0.9998156130313873
A,K,0.3|wd0.0,aggregation K10 E5 f1 iid fedavg,memo,tw_first_rel_dist,3,0.020296631380915642,0.02007539477199316,0.02031869161874056
A,K,0.3|wd0.0,aggregation K10 E5 f1 iid fedavg,memo,tw_pred_agree_te,3,0.9599210619926453,0.9582511186599731,0.9605283141136169
A,K,0.3|wd0.0,aggregation K10 E5 f1 iid fedavg,memo,tw_twin_acc_te,3,0.1669955998659134,0.15940488874912262,0.23531197756528854
A,K,0.3|wd0.0,aggregation K10 E5 f1 iid fedavg,memo,tw_fed_acc_te,3,0.19735842943191528,0.18217701464891434,0.2504933923482895
A,K,0.3|wd0.0,aggregation K10 E5 f1 iid fedavg,memo,tw_cka_te,3,0.9994107262759618,0.9994054422069805,0.9994289317864664
A,K,0.3|wd0.0,aggregation K10 E5 f1 iid fedavg,memo,tw_pred_agree_grid,3,0.9719417691230774,0.9706132709980011,0.9723137617111206
A,K,0.3|wd0.0,aggregation K10 E5 f1 iid fedavg,memo,tw_clock_key_jaccard,3,1.0,0.9743589743589743,1.0
A,K,0.3|wd0.0,aggregation K10 E5 f1 iid fedavg,memo,tw_clock_energy_cos,3,0.999932880654338,0.9999039324757512,0.9999481582285825
A,K,0.3|wd0.0,aggregation K2 E5 f1 iid fedavg,cross,tw_step_gap,3,0.0,0.0,0.0
A,K,0.3|wd0.0,aggregation K2 E5 f1 iid fedavg,cross,tw_rel_dist,3,0.019776025786995888,0.019599485211074352,0.020886482670903206
A,K,0.3|wd0.0,aggregation K2 E5 f1 iid fedavg,cross,tw_cos,3,0.9998042583465576,0.9997812211513519,0.9998078942298889
A,K,0.3|wd0.0,aggregation K2 E5 f1 iid fedavg,cross,tw_first_rel_dist,3,0.019524013623595238,0.01943071559071541,0.020595804788172245
A,K,0.3|wd0.0,aggregation K2 E5 f1 iid fedavg,cross,tw_pred_agree_te,3,1.0,1.0,1.0
A,K,0.3|wd0.0,aggregation K2 E5 f1 iid fedavg,cross,tw_twin_acc_te,3,100.0,99.97722625732422,100.0
A,K,0.3|wd0.0,aggregation K2 E5 f1 iid fedavg,cross,tw_fed_acc_te,3,100.0,99.97722625732422,100.0
A,K,0.3|wd0.0,aggregation K2 E5 f1 iid fedavg,cross,tw_cka_te,3,0.999477539344047,0.9994673412245804,0.9995021381384785
A,K,0.3|wd0.0,aggregation K2 E5 f1 iid fedavg,cross,tw_pred_agree_grid,3,1.0,1.0,1.0
A,K,0.3|wd0.0,aggregation K2 E5 f1 iid fedavg,cross,tw_clock_key_jaccard,3,1.0,1.0,1.0
A,K,0.3|wd0.0,aggregation K2 E5 f1 iid fedavg,cross,tw_clock_energy_cos,3,0.9999316773208018,0.9999142078237375,0.9999335692390194
A,K,0.3|wd0.0,aggregation K2 E5 f1 iid fedavg,end,tw_step_gap,3,0.0,0.0,0.0
A,K,0.3|wd0.0,aggregation K2 E5 f1 iid fedavg,end,tw_rel_dist,3,0.17097216844558716,0.1407514102756977,0.1848181113600731
A,K,0.3|wd0.0,aggregation K2 E5 f1 iid fedavg,end,tw_cos,3,0.9853706955909729,0.9828374981880188,0.9896329343318939
A,K,0.3|wd0.0,aggregation K2 E5 f1 iid fedavg,end,tw_first_rel_dist,3,0.15904158353805542,0.13366277143359184,0.17655209451913834
A,K,0.3|wd0.0,aggregation K2 E5 f1 iid fedavg,end,tw_pred_agree_te,3,1.0,1.0,1.0
A,K,0.3|wd0.0,aggregation K2 E5 f1 iid fedavg,end,tw_twin_acc_te,3,100.0,100.0,100.0
A,K,0.3|wd0.0,aggregation K2 E5 f1 iid fedavg,end,tw_fed_acc_te,3,100.0,100.0,100.0
A,K,0.3|wd0.0,aggregation K2 E5 f1 iid fedavg,end,tw_cka_te,3,0.9857924557711801,0.9837764742100681,0.9888526992199482
A,K,0.3|wd0.0,aggregation K2 E5 f1 iid fedavg,end,tw_pred_agree_grid,3,1.0,1.0,1.0
A,K,0.3|wd0.0,aggregation K2 E5 f1 iid fedavg,end,tw_clock_key_jaccard,3,0.9555555555555556,0.9555555555555556,0.9555555555555556
A,K,0.3|wd0.0,aggregation K2 E5 f1 iid fedavg,end,tw_clock_energy_cos,3,0.999997156044131,0.9999971314439629,0.999998158517161
A,K,0.3|wd0.0,aggregation K2 E5 f1 iid fedavg,first,tw_step_gap,3,0.0,0.0,0.0
A,K,0.3|wd0.0,aggregation K2 E5 f1 iid fedavg,first,tw_rel_dist,3,0.004578974097967148,0.0045313118025660515,0.004727284889668226
A,K,0.3|wd0.0,aggregation K2 E5 f1 iid fedavg,first,tw_cos,3,0.999989926815033,0.999989241361618,0.9999901354312897
A,K,0.3|wd0.0,aggregation K2 E5 f1 iid fedavg,first,tw_first_rel_dist,3,0.004361981526017189,0.004313972778618336,0.004482500487938523
A,K,0.3|wd0.0,aggregation K2 E5 f1 iid fedavg,first,tw_pred_agree_te,3,0.9902839064598083,0.9902079999446869,0.9905875325202942
A,K,0.3|wd0.0,aggregation K2 E5 f1 iid fedavg,first,tw_twin_acc_te,3,0.1669955998659134,0.15940488874912262,0.23531197756528854
A,K,0.3|wd0.0,aggregation K2 E5 f1 iid fedavg,first,tw_fed_acc_te,3,0.1669955998659134,0.15940488874912262,0.23531197756528854
A,K,0.3|wd0.0,aggregation K2 E5 f1 iid fedavg,first,tw_cka_te,3,0.9999681736986378,0.9999661959443445,0.9999689416122605
A,K,0.3|wd0.0,aggregation K2 E5 f1 iid fedavg,first,tw_pred_agree_grid,3,0.993198037147522,0.9931448996067047,0.9933574497699738
A,K,0.3|wd0.0,aggregation K2 E5 f1 iid fedavg,first,tw_clock_key_jaccard,3,1.0,1.0,1.0
A,K,0.3|wd0.0,aggregation K2 E5 f1 iid fedavg,first,tw_clock_energy_cos,3,0.9999966434180111,0.9999965002004374,0.9999972941308652
A,K,0.3|wd0.0,aggregation K2 E5 f1 iid fedavg,memo,tw_step_gap,3,0.0,0.0,0.0
A,K,0.3|wd0.0,aggregation K2 E5 f1 iid fedavg,memo,tw_rel_dist,3,0.004578974097967148,0.0045313118025660515,0.004727284889668226
A,K,0.3|wd0.0,aggregation K2 E5 f1 iid fedavg,memo,tw_cos,3,0.999989926815033,0.999989241361618,0.9999901354312897
A,K,0.3|wd0.0,aggregation K2 E5 f1 iid fedavg,memo,tw_first_rel_dist,3,0.004361981526017189,0.004313972778618336,0.004482500487938523
A,K,0.3|wd0.0,aggregation K2 E5 f1 iid fedavg,memo,tw_pred_agree_te,3,0.9902839064598083,0.9902079999446869,0.9905875325202942
A,K,0.3|wd0.0,aggregation K2 E5 f1 iid fedavg,memo,tw_twin_acc_te,3,0.1669955998659134,0.15940488874912262,0.23531197756528854
A,K,0.3|wd0.0,aggregation K2 E5 f1 iid fedavg,memo,tw_fed_acc_te,3,0.1669955998659134,0.15940488874912262,0.23531197756528854
A,K,0.3|wd0.0,aggregation K2 E5 f1 iid fedavg,memo,tw_cka_te,3,0.9999681736986378,0.9999661959443445,0.9999689416122605
A,K,0.3|wd0.0,aggregation K2 E5 f1 iid fedavg,memo,tw_pred_agree_grid,3,0.993198037147522,0.9931448996067047,0.9933574497699738
A,K,0.3|wd0.0,aggregation K2 E5 f1 iid fedavg,memo,tw_clock_key_jaccard,3,1.0,1.0,1.0
A,K,0.3|wd0.0,aggregation K2 E5 f1 iid fedavg,memo,tw_clock_energy_cos,3,0.9999966434180111,0.9999965002004374,0.9999972941308652
A,K,0.3|wd0.0,aggregation K20 E5 f1 iid fedavg,cross,tw_step_gap,3,0.0,0.0,0.0
A,K,0.3|wd0.0,aggregation K20 E5 f1 iid fedavg,cross,tw_rel_dist,3,0.1811763197183609,0.16988729685544968,0.18270332366228104
A,K,0.3|wd0.0,aggregation K20 E5 f1 iid fedavg,cross,tw_cos,3,0.9836981892585754,0.9834012687206268,0.9856027066707611
A,K,0.3|wd0.0,aggregation K20 E5 f1 iid fedavg,cross,tw_first_rel_dist,3,0.17763368785381317,0.16822992265224457,0.18074631690979004
A,K,0.3|wd0.0,aggregation K20 E5 f1 iid fedavg,cross,tw_pred_agree_te,3,0.9986336827278137,0.9957492053508759,0.9991650283336639
A,K,0.3|wd0.0,aggregation K20 E5 f1 iid fedavg,cross,tw_twin_acc_te,3,100.0,99.97722625732422,100.0
A,K,0.3|wd0.0,aggregation K20 E5 f1 iid fedavg,cross,tw_fed_acc_te,3,99.86336517333984,99.55973815917969,99.91650009155273
A,K,0.3|wd0.0,aggregation K20 E5 f1 iid fedavg,cross,tw_cka_te,3,0.9614787503240017,0.9589424462836277,0.9632925359321096
A,K,0.3|wd0.0,aggregation K20 E5 f1 iid fedavg,cross,tw_pred_agree_grid,3,0.9990434646606445,0.9970241487026215,0.9994154572486877
A,K,0.3|wd0.0,aggregation K20 E5 f1 iid fedavg,cross,tw_clock_key_jaccard,3,0.9375,0.9258928571428571,0.9409722222222222
A,K,0.3|wd0.0,aggregation K20 E5 f1 iid fedavg,cross,tw_clock_energy_cos,3,0.9905677563483849,0.9904671196259611,0.99169798909778
A,K,0.3|wd0.0,aggregation K20 E5 f1 iid fedavg,end,tw_step_gap,3,0.0,0.0,0.0
A,K,0.3|wd0.0,aggregation K20 E5 f1 iid fedavg,end,tw_rel_dist,3,0.483434796333313,0.4779118448495865,0.49574360251426697
A,K,0.3|wd0.0,aggregation K20 E5 f1 iid fedavg,end,tw_cos,3,0.8847630023956299,0.8783969283103943,0.88700932264328
A,K,0.3|wd0.0,aggregation K20 E5 f1 iid fedavg,end,tw_first_rel_dist,3,0.468362957239151,0.4670277088880539,0.48273351788520813
A,K,0.3|wd0.0,aggregation K20 E5 f1 iid fedavg,end,tw_pred_agree_te,3,1.0,1.0,1.0
A,K,0.3|wd0.0,aggregation K20 E5 f1 iid fedavg,end,tw_twin_acc_te,3,100.0,100.0,100.0
A,K,0.3|wd0.0,aggregation K20 E5 f1 iid fedavg,end,tw_fed_acc_te,3,100.0,100.0,100.0
A,K,0.3|wd0.0,aggregation K20 E5 f1 iid fedavg,end,tw_cka_te,3,0.9014249541712158,0.8947822809468324,0.9080953480549928
A,K,0.3|wd0.0,aggregation K20 E5 f1 iid fedavg,end,tw_pred_agree_grid,3,1.0,1.0,1.0
A,K,0.3|wd0.0,aggregation K20 E5 f1 iid fedavg,end,tw_clock_key_jaccard,3,0.9130434782608695,0.8926919518963923,0.9342995169082126
A,K,0.3|wd0.0,aggregation K20 E5 f1 iid fedavg,end,tw_clock_energy_cos,3,0.999983094956482,0.9999817749931881,0.9999857474295799
A,K,0.3|wd0.0,aggregation K20 E5 f1 iid fedavg,first,tw_step_gap,3,0.0,0.0,0.0
A,K,0.3|wd0.0,aggregation K20 E5 f1 iid fedavg,first,tw_rel_dist,3,0.03985412418842316,0.03968934528529644,0.04035334661602974
A,K,0.3|wd0.0,aggregation K20 E5 f1 iid fedavg,first,tw_cos,3,0.9993399977684021,0.9993247389793396,0.9993487000465393
A,K,0.3|wd0.0,aggregation K20 E5 f1 iid fedavg,first,tw_first_rel_dist,3,0.03899793699383736,0.038867752999067307,0.03943342715501785
A,K,0.3|wd0.0,aggregation K20 E5 f1 iid fedavg,first,tw_pred_agree_te,3,0.9256110787391663,0.9248519837856293,0.9275846481323242
A,K,0.3|wd0.0,aggregation K20 E5 f1 iid fedavg,first,tw_twin_acc_te,3,0.1669955998659134,0.15940488874912262,0.23531197756528854
A,K,0.3|wd0.0,aggregation K20 E5 f1 iid fedavg,first,tw_fed_acc_te,3,0.18217700719833374,0.15940488874912262,0.22772127389907837
A,K,0.3|wd0.0,aggregation K20 E5 f1 iid fedavg,first,tw_cka_te,3,0.9979314030432815,0.9978490209057352,0.9979619927326931
A,K,0.3|wd0.0,aggregation K20 E5 f1 iid fedavg,first,tw_pred_agree_grid,3,0.9479222297668457,0.9472314119338989,0.9491975903511047
A,K,0.3|wd0.0,aggregation K20 E5 f1 iid fedavg,first,tw_clock_key_jaccard,3,0.9743589743589743,0.9621794871794871,0.9871794871794872
A,K,0.3|wd0.0,aggregation K20 E5 f1 iid fedavg,first,tw_clock_energy_cos,3,0.9996531391397339,0.9996343670611558,0.9997605024465317
A,K,0.3|wd0.0,aggregation K20 E5 f1 iid fedavg,memo,tw_step_gap,3,0.0,0.0,0.0
A,K,0.3|wd0.0,aggregation K20 E5 f1 iid fedavg,memo,tw_rel_dist,3,0.03985412418842316,0.03968934528529644,0.04035334661602974
A,K,0.3|wd0.0,aggregation K20 E5 f1 iid fedavg,memo,tw_cos,3,0.9993399977684021,0.9993247389793396,0.9993487000465393
A,K,0.3|wd0.0,aggregation K20 E5 f1 iid fedavg,memo,tw_first_rel_dist,3,0.03899793699383736,0.038867752999067307,0.03943342715501785
A,K,0.3|wd0.0,aggregation K20 E5 f1 iid fedavg,memo,tw_pred_agree_te,3,0.9256110787391663,0.9248519837856293,0.9275846481323242
A,K,0.3|wd0.0,aggregation K20 E5 f1 iid fedavg,memo,tw_twin_acc_te,3,0.1669955998659134,0.15940488874912262,0.23531197756528854
A,K,0.3|wd0.0,aggregation K20 E5 f1 iid fedavg,memo,tw_fed_acc_te,3,0.18217700719833374,0.15940488874912262,0.22772127389907837
A,K,0.3|wd0.0,aggregation K20 E5 f1 iid fedavg,memo,tw_cka_te,3,0.9979314030432815,0.9978490209057352,0.9979619927326931
A,K,0.3|wd0.0,aggregation K20 E5 f1 iid fedavg,memo,tw_pred_agree_grid,3,0.9479222297668457,0.9472314119338989,0.9491975903511047
A,K,0.3|wd0.0,aggregation K20 E5 f1 iid fedavg,memo,tw_clock_key_jaccard,3,0.9743589743589743,0.9621794871794871,0.9871794871794872
A,K,0.3|wd0.0,aggregation K20 E5 f1 iid fedavg,memo,tw_clock_energy_cos,3,0.9996531391397339,0.9996343670611558,0.9997605024465317
A,K,0.3|wd0.0,aggregation K5 E5 f1 iid fedavg,cross,tw_step_gap,3,0.0,0.0,0.0
A,K,0.3|wd0.0,aggregation K5 E5 f1 iid fedavg,cross,tw_rel_dist,3,0.054734162986278534,0.05102461948990822,0.05521433986723423
A,K,0.3|wd0.0,aggregation K5 E5 f1 iid fedavg,cross,tw_cos,3,0.9985040426254272,0.9984767436981201,0.9986931085586548
A,K,0.3|wd0.0,aggregation K5 E5 f1 iid fedavg,cross,tw_first_rel_dist,3,0.053074728697538376,0.0501400176435709,0.054236480966210365
A,K,0.3|wd0.0,aggregation K5 E5 f1 iid fedavg,cross,tw_pred_agree_te,3,1.0,0.9996963739395142,1.0
A,K,0.3|wd0.0,aggregation K5 E5 f1 iid fedavg,cross,tw_twin_acc_te,3,100.0,99.97722625732422,100.0
A,K,0.3|wd0.0,aggregation K5 E5 f1 iid fedavg,cross,tw_fed_acc_te,3,100.0,99.94686508178711,100.0
A,K,0.3|wd0.0,aggregation K5 E5 f1 iid fedavg,cross,tw_cka_te,3,0.9967421891796919,0.9962963949629076,0.9969101169505507
A,K,0.3|wd0.0,aggregation K5 E5 f1 iid fedavg,cross,tw_pred_agree_grid,3,1.0,0.999787449836731,1.0
A,K,0.3|wd0.0,aggregation K5 E5 f1 iid fedavg,cross,tw_clock_key_jaccard,3,0.9722222222222222,0.9704861111111112,0.9861111111111112
A,K,0.3|wd0.0,aggregation K5 E5 f1 iid fedavg,cross,tw_clock_energy_cos,3,0.9995034974485185,0.999356634017014,0.9995138773165095
A,K,0.3|wd0.0,aggregation K5 E5 f1 iid fedavg,end,tw_step_gap,3,0.0,0.0,0.0
A,K,0.3|wd0.0,aggregation K5 E5 f1 iid fedavg,end,tw_rel_dist,3,0.27147176861763,0.24221838265657425,0.2980707585811615
A,K,0.3|wd0.0,aggregation K5 E5 f1 iid fedavg,end,tw_cos,3,0.9631328582763672,0.9552955329418182,0.970215916633606
A,K,0.3|wd0.0,aggregation K5 E5 f1 iid fedavg,end,tw_first_rel_dist,3,0.25934475660324097,0.2328299731016159,0.28667569160461426
A,K,0.3|wd0.0,aggregation K5 E5 f1 iid fedavg,end,tw_pred_agree_te,3,1.0,1.0,1.0
A,K,0.3|wd0.0,aggregation K5 E5 f1 iid fedavg,end,tw_twin_acc_te,3,100.0,100.0,100.0
A,K,0.3|wd0.0,aggregation K5 E5 f1 iid fedavg,end,tw_fed_acc_te,3,100.0,100.0,100.0
A,K,0.3|wd0.0,aggregation K5 E5 f1 iid fedavg,end,tw_cka_te,3,0.9655436737010098,0.9616367867214248,0.970209639817346
A,K,0.3|wd0.0,aggregation K5 E5 f1 iid fedavg,end,tw_pred_agree_grid,3,1.0,1.0,1.0
A,K,0.3|wd0.0,aggregation K5 E5 f1 iid fedavg,end,tw_clock_key_jaccard,3,0.9555555555555556,0.9555555555555556,0.9555555555555556
A,K,0.3|wd0.0,aggregation K5 E5 f1 iid fedavg,end,tw_clock_energy_cos,3,0.9999935130111717,0.9999933145692128,0.999995140152296
A,K,0.3|wd0.0,aggregation K5 E5 f1 iid fedavg,first,tw_step_gap,3,0.0,0.0,0.0
A,K,0.3|wd0.0,aggregation K5 E5 f1 iid fedavg,first,tw_rel_dist,3,0.01125300582498312,0.01116484310477972,0.011268336325883865
A,K,0.3|wd0.0,aggregation K5 E5 f1 iid fedavg,first,tw_cos,3,0.999942421913147,0.9999423623085022,0.9999434053897858
A,K,0.3|wd0.0,aggregation K5 E5 f1 iid fedavg,first,tw_first_rel_dist,3,0.010771299712359905,0.010697952471673489,0.010825238190591335
A,K,0.3|wd0.0,aggregation K5 E5 f1 iid fedavg,first,tw_pred_agree_te,3,0.9764688014984131,0.9755579233169556,0.9773037731647491
A,K,0.3|wd0.0,aggregation K5 E5 f1 iid fedavg,first,tw_twin_acc_te,3,0.1669955998659134,0.15940488874912262,0.23531197756528854
A,K,0.3|wd0.0,aggregation K5 E5 f1 iid fedavg,first,tw_fed_acc_te,3,0.18217700719833374,0.1669955924153328,0.24290268123149872
A,K,0.3|wd0.0,aggregation K5 E5 f1 iid fedavg,first,tw_cka_te,3,0.9998245003450076,0.9998206989984548,0.9998250636417225
A,K,0.3|wd0.0,aggregation K5 E5 f1 iid fedavg,first,tw_pred_agree_grid,3,0.9834201335906982,0.982835590839386,0.9840578436851501
A,K,0.3|wd0.0,aggregation K5 E5 f1 iid fedavg,first,tw_clock_key_jaccard,3,1.0,1.0,1.0
A,K,0.3|wd0.0,aggregation K5 E5 f1 iid fedavg,first,tw_clock_energy_cos,3,0.9999833271636004,0.9999657779463059,0.9999843396590407
A,K,0.3|wd0.0,aggregation K5 E5 f1 iid fedavg,memo,tw_step_gap,3,0.0,0.0,0.0
A,K,0.3|wd0.0,aggregation K5 E5 f1 iid fedavg,memo,tw_rel_dist,3,0.01125300582498312,0.01116484310477972,0.011268336325883865
A,K,0.3|wd0.0,aggregation K5 E5 f1 iid fedavg,memo,tw_cos,3,0.999942421913147,0.9999423623085022,0.9999434053897858
A,K,0.3|wd0.0,aggregation K5 E5 f1 iid fedavg,memo,tw_first_rel_dist,3,0.010771299712359905,0.010697952471673489,0.010825238190591335
A,K,0.3|wd0.0,aggregation K5 E5 f1 iid fedavg,memo,tw_pred_agree_te,3,0.9764688014984131,0.9755579233169556,0.9773037731647491
A,K,0.3|wd0.0,aggregation K5 E5 f1 iid fedavg,memo,tw_twin_acc_te,3,0.1669955998659134,0.15940488874912262,0.23531197756528854
A,K,0.3|wd0.0,aggregation K5 E5 f1 iid fedavg,memo,tw_fed_acc_te,3,0.18217700719833374,0.1669955924153328,0.24290268123149872
A,K,0.3|wd0.0,aggregation K5 E5 f1 iid fedavg,memo,tw_cka_te,3,0.9998245003450076,0.9998206989984548,0.9998250636417225
A,K,0.3|wd0.0,aggregation K5 E5 f1 iid fedavg,memo,tw_pred_agree_grid,3,0.9834201335906982,0.982835590839386,0.9840578436851501
A,K,0.3|wd0.0,aggregation K5 E5 f1 iid fedavg,memo,tw_clock_key_jaccard,3,1.0,1.0,1.0
A,K,0.3|wd0.0,aggregation K5 E5 f1 iid fedavg,memo,tw_clock_energy_cos,3,0.9999833271636004,0.9999657779463059,0.9999843396590407
A,K,0.3|wd0.0,aggregation K50 E5 f1 iid fedavg,cross,tw_step_gap,3,0.0,0.0,0.0
A,K,0.3|wd0.0,aggregation K50 E5 f1 iid fedavg,cross,tw_rel_dist,3,0.40864071249961853,0.4036649912595749,0.41151607036590576
A,K,0.3|wd0.0,aggregation K50 E5 f1 iid fedavg,cross,tw_cos,3,0.9195781350135803,0.9181773066520691,0.921457827091217
A,K,0.3|wd0.0,aggregation K50 E5 f1 iid fedavg,cross,tw_first_rel_dist,3,0.41276639699935913,0.4084799885749817,0.4161326736211777
A,K,0.3|wd0.0,aggregation K50 E5 f1 iid fedavg,cross,tw_pred_agree_te,3,0.9703962206840515,0.9079246819019318,0.9743433892726898
A,K,0.3|wd0.0,aggregation K50 E5 f1 iid fedavg,cross,tw_twin_acc_te,3,100.0,99.97722625732422,100.0
A,K,0.3|wd0.0,aggregation K50 E5 f1 iid fedavg,cross,tw_fed_acc_te,3,97.03961944580078,90.78487777709961,97.4343376159668
A,K,0.3|wd0.0,aggregation K50 E5 f1 iid fedavg,cross,tw_cka_te,3,0.7993906657785085,0.7951917758539918,0.801620279497177
A,K,0.3|wd0.0,aggregation K50 E5 f1 iid fedavg,cross,tw_pred_agree_grid,3,0.9792751669883728,0.9355404675006866,0.9820384979248047
A,K,0.3|wd0.0,aggregation K50 E5 f1 iid fedavg,cross,tw_clock_key_jaccard,3,0.8611111111111112,0.8333333333333334,0.8836805555555556
A,K,0.3|wd0.0,aggregation K50 E5 f1 iid fedavg,cross,tw_clock_energy_cos,3,0.9440861388889692,0.9406669130136152,0.9550878791832041
A,K,0.3|wd0.0,aggregation K50 E5 f1 iid fedavg,end,tw_step_gap,3,0.0,0.0,0.0
A,K,0.3|wd0.0,aggregation K50 E5 f1 iid fedavg,end,tw_rel_dist,3,0.7071788907051086,0.6908272504806519,0.7186196744441986
A,K,0.3|wd0.0,aggregation K50 E5 f1 iid fedavg,end,tw_cos,3,0.764895498752594,0.7563920617103577,0.775121420621872
A,K,0.3|wd0.0,aggregation K50 E5 f1 iid fedavg,end,tw_first_rel_dist,3,0.7239883542060852,0.7089800536632538,0.7339015007019043
A,K,0.3|wd0.0,aggregation K50 E5 f1 iid fedavg,end,tw_pred_agree_te,3,1.0,1.0,1.0
A,K,0.3|wd0.0,aggregation K50 E5 f1 iid fedavg,end,tw_twin_acc_te,3,100.0,100.0,100.0
A,K,0.3|wd0.0,aggregation K50 E5 f1 iid fedavg,end,tw_fed_acc_te,3,100.0,100.0,100.0
A,K,0.3|wd0.0,aggregation K50 E5 f1 iid fedavg,end,tw_cka_te,3,0.7257164504672282,0.6557310088562367,0.7439971318545999
A,K,0.3|wd0.0,aggregation K50 E5 f1 iid fedavg,end,tw_pred_agree_grid,3,1.0,1.0,1.0
A,K,0.3|wd0.0,aggregation K50 E5 f1 iid fedavg,end,tw_clock_key_jaccard,3,0.9130434782608695,0.8926919518963923,0.9130434782608695
A,K,0.3|wd0.0,aggregation K50 E5 f1 iid fedavg,end,tw_clock_energy_cos,3,0.9999256179742082,0.9999222369039718,0.9999390522594827
A,K,0.3|wd0.0,aggregation K50 E5 f1 iid fedavg,first,tw_step_gap,3,0.0,0.0,0.0
A,K,0.3|wd0.0,aggregation K50 E5 f1 iid fedavg,first,tw_rel_dist,3,0.10360903292894363,0.10334744304418564,0.10629069805145264
A,K,0.3|wd0.0,aggregation K50 E5 f1 iid fedavg,first,tw_cos,3,0.9957042336463928,0.9954546689987183,0.9957189559936523
A,K,0.3|wd0.0,aggregation K50 E5 f1 iid fedavg,first,tw_first_rel_dist,3,0.10224023461341858,0.10205241665244102,0.10464897006750107
A,K,0.3|wd0.0,aggregation K50 E5 f1 iid fedavg,first,tw_pred_agree_te,3,0.8234401345252991,0.8187338709831238,0.8286777138710022
A,K,0.3|wd0.0,aggregation K50 E5 f1 iid fedavg,first,tw_twin_acc_te,3,0.1669955998659134,0.15940488874912262,0.23531197756528854
A,K,0.3|wd0.0,aggregation K50 E5 f1 iid fedavg,first,tw_fed_acc_te,3,0.21253985166549683,0.20494914054870605,0.23531198501586914
A,K,0.3|wd0.0,aggregation K50 E5 f1 iid fedavg,first,tw_cka_te,3,0.9824620585537955,0.9816219232962504,0.9842551206705246
A,K,0.3|wd0.0,aggregation K50 E5 f1 iid fedavg,first,tw_pred_agree_grid,3,0.8761823773384094,0.8728345334529877,0.8797428011894226
A,K,0.3|wd0.0,aggregation K50 E5 f1 iid fedavg,first,tw_clock_key_jaccard,3,0.9743589743589743,0.9621794871794871,0.9746794871794872
A,K,0.3|wd0.0,aggregation K50 E5 f1 iid fedavg,first,tw_clock_energy_cos,3,0.9979459127825099,0.9974318344321007,0.9986633612797053
A,K,0.3|wd0.0,aggregation K50 E5 f1 iid fedavg,memo,tw_step_gap,3,0.0,0.0,0.0
A,K,0.3|wd0.0,aggregation K50 E5 f1 iid fedavg,memo,tw_rel_dist,3,0.10360903292894363,0.10334744304418564,0.10629069805145264
A,K,0.3|wd0.0,aggregation K50 E5 f1 iid fedavg,memo,tw_cos,3,0.9957042336463928,0.9954546689987183,0.9957189559936523
A,K,0.3|wd0.0,aggregation K50 E5 f1 iid fedavg,memo,tw_first_rel_dist,3,0.10224023461341858,0.10205241665244102,0.10464897006750107
A,K,0.3|wd0.0,aggregation K50 E5 f1 iid fedavg,memo,tw_pred_agree_te,3,0.8234401345252991,0.8187338709831238,0.8286777138710022
A,K,0.3|wd0.0,aggregation K50 E5 f1 iid fedavg,memo,tw_twin_acc_te,3,0.1669955998659134,0.15940488874912262,0.23531197756528854
A,K,0.3|wd0.0,aggregation K50 E5 f1 iid fedavg,memo,tw_fed_acc_te,3,0.21253985166549683,0.20494914054870605,0.23531198501586914
A,K,0.3|wd0.0,aggregation K50 E5 f1 iid fedavg,memo,tw_cka_te,3,0.9824620585537955,0.9816219232962504,0.9842551206705246
A,K,0.3|wd0.0,aggregation K50 E5 f1 iid fedavg,memo,tw_pred_agree_grid,3,0.8761823773384094,0.8728345334529877,0.8797428011894226
A,K,0.3|wd0.0,aggregation K50 E5 f1 iid fedavg,memo,tw_clock_key_jaccard,3,0.9743589743589743,0.9621794871794871,0.9746794871794872
A,K,0.3|wd0.0,aggregation K50 E5 f1 iid fedavg,memo,tw_clock_energy_cos,3,0.9979459127825099,0.9974318344321007,0.9986633612797053
A,dirichlet,0.3|wd0.0,dirichlet_setups K10 E5 f1 dirichlet0.01 fedavg,cross,tw_step_gap,3,0.0,0.0,0.0
A,dirichlet,0.3|wd0.0,dirichlet_setups K10 E5 f1 dirichlet0.01 fedavg,cross,tw_rel_dist,3,0.49726101756095886,0.49411889910697937,0.5036988407373428
A,dirichlet,0.3|wd0.0,dirichlet_setups K10 E5 f1 dirichlet0.01 fedavg,cross,tw_cos,3,0.8822349905967712,0.8790462613105774,0.8835523724555969
A,dirichlet,0.3|wd0.0,dirichlet_setups K10 E5 f1 dirichlet0.01 fedavg,cross,tw_first_rel_dist,3,0.494594931602478,0.4905407428741455,0.500746488571167
A,dirichlet,0.3|wd0.0,dirichlet_setups K10 E5 f1 dirichlet0.01 fedavg,cross,tw_pred_agree_te,3,0.991042971611023,0.9546075761318207,0.9911947846412659
A,dirichlet,0.3|wd0.0,dirichlet_setups K10 E5 f1 dirichlet0.01 fedavg,cross,tw_twin_acc_te,3,100.0,99.97722625732422,100.0
A,dirichlet,0.3|wd0.0,dirichlet_setups K10 E5 f1 dirichlet0.01 fedavg,cross,tw_fed_acc_te,3,99.10429382324219,95.45316696166992,99.11947631835938
A,dirichlet,0.3|wd0.0,dirichlet_setups K10 E5 f1 dirichlet0.01 fedavg,cross,tw_cka_te,3,0.7631659211116854,0.7589433706813657,0.7717298369507255
A,dirichlet,0.3|wd0.0,dirichlet_setups K10 E5 f1 dirichlet0.01 fedavg,cross,tw_pred_agree_grid,3,0.9937294125556946,0.9682219326496124,0.9938357174396515
A,dirichlet,0.3|wd0.0,dirichlet_setups K10 E5 f1 dirichlet0.01 fedavg,cross,tw_clock_key_jaccard,3,0.8611111111111112,0.7954204204204205,0.8680555555555556
A,dirichlet,0.3|wd0.0,dirichlet_setups K10 E5 f1 dirichlet0.01 fedavg,cross,tw_clock_energy_cos,3,0.9361482613851078,0.9251128102869521,0.9433542848901098
A,dirichlet,0.3|wd0.0,dirichlet_setups K10 E5 f1 dirichlet0.01 fedavg,end,tw_step_gap,3,0.0,0.0,0.0
A,dirichlet,0.3|wd0.0,dirichlet_setups K10 E5 f1 dirichlet0.01 fedavg,end,tw_rel_dist,3,0.7794366478919983,0.7750867903232574,0.7937643527984619
A,dirichlet,0.3|wd0.0,dirichlet_setups K10 E5 f1 dirichlet0.01 fedavg,end,tw_cos,3,0.706716001033783,0.6967878639698029,0.7103515565395355
A,dirichlet,0.3|wd0.0,dirichlet_setups K10 E5 f1 dirichlet0.01 fedavg,end,tw_first_rel_dist,3,0.8002402782440186,0.7979647517204285,0.8189190626144409
A,dirichlet,0.3|wd0.0,dirichlet_setups K10 E5 f1 dirichlet0.01 fedavg,end,tw_pred_agree_te,3,1.0,1.0,1.0
A,dirichlet,0.3|wd0.0,dirichlet_setups K10 E5 f1 dirichlet0.01 fedavg,end,tw_twin_acc_te,3,100.0,100.0,100.0
A,dirichlet,0.3|wd0.0,dirichlet_setups K10 E5 f1 dirichlet0.01 fedavg,end,tw_fed_acc_te,3,100.0,100.0,100.0
A,dirichlet,0.3|wd0.0,dirichlet_setups K10 E5 f1 dirichlet0.01 fedavg,end,tw_cka_te,3,0.7427280851895539,0.7396588516005752,0.7509819159562027
A,dirichlet,0.3|wd0.0,dirichlet_setups K10 E5 f1 dirichlet0.01 fedavg,end,tw_pred_agree_grid,3,1.0,1.0,1.0
A,dirichlet,0.3|wd0.0,dirichlet_setups K10 E5 f1 dirichlet0.01 fedavg,end,tw_clock_key_jaccard,3,0.9130434782608695,0.8926919518963923,0.9130434782608695
A,dirichlet,0.3|wd0.0,dirichlet_setups K10 E5 f1 dirichlet0.01 fedavg,end,tw_clock_energy_cos,3,0.9998725701317901,0.999858484935394,0.9998881151063223
A,dirichlet,0.3|wd0.0,dirichlet_setups K10 E5 f1 dirichlet0.01 fedavg,first,tw_step_gap,3,0.0,0.0,0.0
A,dirichlet,0.3|wd0.0,dirichlet_setups K10 E5 f1 dirichlet0.01 fedavg,first,tw_rel_dist,3,0.14304864406585693,0.13856162130832672,0.1448536217212677
A,dirichlet,0.3|wd0.0,dirichlet_setups K10 E5 f1 dirichlet0.01 fedavg,first,tw_cos,3,0.9910057187080383,0.9907718598842621,0.9915660917758942
A,dirichlet,0.3|wd0.0,dirichlet_setups K10 E5 f1 dirichlet0.01 fedavg,first,tw_first_rel_dist,3,0.1282377541065216,0.12451042234897614,0.13003940135240555
A,dirichlet,0.3|wd0.0,dirichlet_setups K10 E5 f1 dirichlet0.01 fedavg,first,tw_pred_agree_te,3,0.7698497176170349,0.7645362019538879,0.7798694372177124
A,dirichlet,0.3|wd0.0,dirichlet_setups K10 E5 f1 dirichlet0.01 fedavg,first,tw_twin_acc_te,3,0.1669955998659134,0.15940488874912262,0.23531197756528854
A,dirichlet,0.3|wd0.0,dirichlet_setups K10 E5 f1 dirichlet0.01 fedavg,first,tw_fed_acc_te,3,0.24290268123149872,0.23531197756528854,0.2732655182480812
A,dirichlet,0.3|wd0.0,dirichlet_setups K10 E5 f1 dirichlet0.01 fedavg,first,tw_cka_te,3,0.9838055271575216,0.9836796439306108,0.984983732601893
A,dirichlet,0.3|wd0.0,dirichlet_setups K10 E5 f1 dirichlet0.01 fedavg,first,tw_pred_agree_grid,3,0.8385588526725769,0.8348390161991119,0.845626562833786
A,dirichlet,0.3|wd0.0,dirichlet_setups K10 E5 f1 dirichlet0.01 fedavg,first,tw_clock_key_jaccard,3,0.95,0.925,0.9624999999999999
A,dirichlet,0.3|wd0.0,dirichlet_setups K10 E5 f1 dirichlet0.01 fedavg,first,tw_clock_energy_cos,3,0.997698046828938,0.9972636524006105,0.9981659285253025
A,dirichlet,0.3|wd0.0,dirichlet_setups K10 E5 f1 dirichlet0.01 fedavg,memo,tw_step_gap,3,0.0,0.0,0.0
A,dirichlet,0.3|wd0.0,dirichlet_setups K10 E5 f1 dirichlet0.01 fedavg,memo,tw_rel_dist,3,0.14304864406585693,0.13856162130832672,0.1448536217212677
A,dirichlet,0.3|wd0.0,dirichlet_setups K10 E5 f1 dirichlet0.01 fedavg,memo,tw_cos,3,0.9910057187080383,0.9907718598842621,0.9915660917758942
A,dirichlet,0.3|wd0.0,dirichlet_setups K10 E5 f1 dirichlet0.01 fedavg,memo,tw_first_rel_dist,3,0.1282377541065216,0.12451042234897614,0.13003940135240555
A,dirichlet,0.3|wd0.0,dirichlet_setups K10 E5 f1 dirichlet0.01 fedavg,memo,tw_pred_agree_te,3,0.7698497176170349,0.7645362019538879,0.7798694372177124
A,dirichlet,0.3|wd0.0,dirichlet_setups K10 E5 f1 dirichlet0.01 fedavg,memo,tw_twin_acc_te,3,0.1669955998659134,0.15940488874912262,0.23531197756528854
A,dirichlet,0.3|wd0.0,dirichlet_setups K10 E5 f1 dirichlet0.01 fedavg,memo,tw_fed_acc_te,3,0.24290268123149872,0.23531197756528854,0.2732655182480812
A,dirichlet,0.3|wd0.0,dirichlet_setups K10 E5 f1 dirichlet0.01 fedavg,memo,tw_cka_te,3,0.9838055271575216,0.9836796439306108,0.984983732601893
A,dirichlet,0.3|wd0.0,dirichlet_setups K10 E5 f1 dirichlet0.01 fedavg,memo,tw_pred_agree_grid,3,0.8385588526725769,0.8348390161991119,0.845626562833786
A,dirichlet,0.3|wd0.0,dirichlet_setups K10 E5 f1 dirichlet0.01 fedavg,memo,tw_clock_key_jaccard,3,0.95,0.925,0.9624999999999999
A,dirichlet,0.3|wd0.0,dirichlet_setups K10 E5 f1 dirichlet0.01 fedavg,memo,tw_clock_energy_cos,3,0.997698046828938,0.9972636524006105,0.9981659285253025
A,dirichlet,0.3|wd0.0,dirichlet_setups K10 E5 f1 dirichlet0.1 fedavg,cross,tw_step_gap,3,0.0,0.0,0.0
A,dirichlet,0.3|wd0.0,dirichlet_setups K10 E5 f1 dirichlet0.1 fedavg,cross,tw_rel_dist,3,0.32451891899108887,0.31367142498493195,0.3249576687812805
A,dirichlet,0.3|wd0.0,dirichlet_setups K10 E5 f1 dirichlet0.1 fedavg,cross,tw_cos,3,0.948003888130188,0.9479949772357941,0.9514291882514954
A,dirichlet,0.3|wd0.0,dirichlet_setups K10 E5 f1 dirichlet0.1 fedavg,cross,tw_first_rel_dist,3,0.3193911612033844,0.30962611734867096,0.32151511311531067
A,dirichlet,0.3|wd0.0,dirichlet_setups K10 E5 f1 dirichlet0.1 fedavg,cross,tw_pred_agree_te,3,0.9978746175765991,0.9901320934295654,0.9986336827278137
A,dirichlet,0.3|wd0.0,dirichlet_setups K10 E5 f1 dirichlet0.1 fedavg,cross,tw_twin_acc_te,3,100.0,99.97722625732422,100.0
A,dirichlet,0.3|wd0.0,dirichlet_setups K10 E5 f1 dirichlet0.1 fedavg,cross,tw_fed_acc_te,3,99.78746032714844,99.00561904907227,99.86336898803711
A,dirichlet,0.3|wd0.0,dirichlet_setups K10 E5 f1 dirichlet0.1 fedavg,cross,tw_cka_te,3,0.8955618676939294,0.8914332797254256,0.8974498336449825
A,dirichlet,0.3|wd0.0,dirichlet_setups K10 E5 f1 dirichlet0.1 fedavg,cross,tw_pred_agree_grid,3,0.9985120892524719,0.9930917322635651,0.9990434944629669
A,dirichlet,0.3|wd0.0,dirichlet_setups K10 E5 f1 dirichlet0.1 fedavg,cross,tw_clock_key_jaccard,3,0.8571428571428571,0.8474903474903475,0.8816964285714286
A,dirichlet,0.3|wd0.0,dirichlet_setups K10 E5 f1 dirichlet0.1 fedavg,cross,tw_clock_energy_cos,3,0.975657490235351,0.9754522023523762,0.9778148779065542
A,dirichlet,0.3|wd0.0,dirichlet_setups K10 E5 f1 dirichlet0.1 fedavg,end,tw_step_gap,3,0.0,0.0,0.0
A,dirichlet,0.3|wd0.0,dirichlet_setups K10 E5 f1 dirichlet0.1 fedavg,end,tw_rel_dist,3,0.6520658135414124,0.65196892619133,0.6571092307567596
A,dirichlet,0.3|wd0.0,dirichlet_setups K10 E5 f1 dirichlet0.1 fedavg,end,tw_cos,3,0.7894520163536072,0.7875969707965851,0.7908615171909332
A,dirichlet,0.3|wd0.0,dirichlet_setups K10 E5 f1 dirichlet0.1 fedavg,end,tw_first_rel_dist,3,0.6610230207443237,0.6580274999141693,0.665921539068222
A,dirichlet,0.3|wd0.0,dirichlet_setups K10 E5 f1 dirichlet0.1 fedavg,end,tw_pred_agree_te,3,1.0,1.0,1.0
A,dirichlet,0.3|wd0.0,dirichlet_setups K10 E5 f1 dirichlet0.1 fedavg,end,tw_twin_acc_te,3,100.0,100.0,100.0
A,dirichlet,0.3|wd0.0,dirichlet_setups K10 E5 f1 dirichlet0.1 fedavg,end,tw_fed_acc_te,3,100.0,100.0,100.0
A,dirichlet,0.3|wd0.0,dirichlet_setups K10 E5 f1 dirichlet0.1 fedavg,end,tw_cka_te,3,0.8214680719118919,0.8084103727068658,0.8329703919032255
A,dirichlet,0.3|wd0.0,dirichlet_setups K10 E5 f1 dirichlet0.1 fedavg,end,tw_pred_agree_grid,3,1.0,1.0,1.0
A,dirichlet,0.3|wd0.0,dirichlet_setups K10 E5 f1 dirichlet0.1 fedavg,end,tw_clock_key_jaccard,3,0.9130434782608695,0.8926919518963923,0.9342995169082126
A,dirichlet,0.3|wd0.0,dirichlet_setups K10 E5 f1 dirichlet0.1 fedavg,end,tw_clock_energy_cos,3,0.9999572447138968,0.9999541705089632,0.9999619770634779
A,dirichlet,0.3|wd0.0,dirichlet_setups K10 E5 f1 dirichlet0.1 fedavg,first,tw_step_gap,3,0.0,0.0,0.0
A,dirichlet,0.3|wd0.0,dirichlet_setups K10 E5 f1 dirichlet0.1 fedavg,first,tw_rel_dist,3,0.0803600549697876,0.0794360414147377,0.08319887518882751
A,dirichlet,0.3|wd0.0,dirichlet_setups K10 E5 f1 dirichlet0.1 fedavg,first,tw_cos,3,0.9970904588699341,0.9968978762626648,0.9971725940704346
A,dirichlet,0.3|wd0.0,dirichlet_setups K10 E5 f1 dirichlet0.1 fedavg,first,tw_first_rel_dist,3,0.07361612468957901,0.07283727452158928,0.07639612630009651
A,dirichlet,0.3|wd0.0,dirichlet_setups K10 E5 f1 dirichlet0.1 fedavg,first,tw_pred_agree_te,3,0.861697256565094,0.8589646220207214,0.8655685186386108
A,dirichlet,0.3|wd0.0,dirichlet_setups K10 E5 f1 dirichlet0.1 fedavg,first,tw_twin_acc_te,3,0.1669955998659134,0.15940488874912262,0.23531197756528854
A,dirichlet,0.3|wd0.0,dirichlet_setups K10 E5 f1 dirichlet0.1 fedavg,first,tw_fed_acc_te,3,0.21253985166549683,0.20494914054870605,0.22772126644849777
A,dirichlet,0.3|wd0.0,dirichlet_setups K10 E5 f1 dirichlet0.1 fedavg,first,tw_cka_te,3,0.9941449560527119,0.9936309157793283,0.9943195612368123
A,dirichlet,0.3|wd0.0,dirichlet_setups K10 E5 f1 dirichlet0.1 fedavg,first,tw_pred_agree_grid,3,0.902965247631073,0.901158481836319,0.905622273683548
A,dirichlet,0.3|wd0.0,dirichlet_setups K10 E5 f1 dirichlet0.1 fedavg,first,tw_clock_key_jaccard,3,0.975,0.95,0.9875
A,dirichlet,0.3|wd0.0,dirichlet_setups K10 E5 f1 dirichlet0.1 fedavg,first,tw_clock_energy_cos,3,0.9987624054880404,0.9985888751786332,0.9988994921071008
A,dirichlet,0.3|wd0.0,dirichlet_setups K10 E5 f1 dirichlet0.1 fedavg,memo,tw_step_gap,3,0.0,0.0,0.0
A,dirichlet,0.3|wd0.0,dirichlet_setups K10 E5 f1 dirichlet0.1 fedavg,memo,tw_rel_dist,3,0.0803600549697876,0.0794360414147377,0.08319887518882751
A,dirichlet,0.3|wd0.0,dirichlet_setups K10 E5 f1 dirichlet0.1 fedavg,memo,tw_cos,3,0.9970904588699341,0.9968978762626648,0.9971725940704346
A,dirichlet,0.3|wd0.0,dirichlet_setups K10 E5 f1 dirichlet0.1 fedavg,memo,tw_first_rel_dist,3,0.07361612468957901,0.07283727452158928,0.07639612630009651
A,dirichlet,0.3|wd0.0,dirichlet_setups K10 E5 f1 dirichlet0.1 fedavg,memo,tw_pred_agree_te,3,0.861697256565094,0.8589646220207214,0.8655685186386108
A,dirichlet,0.3|wd0.0,dirichlet_setups K10 E5 f1 dirichlet0.1 fedavg,memo,tw_twin_acc_te,3,0.1669955998659134,0.15940488874912262,0.23531197756528854
A,dirichlet,0.3|wd0.0,dirichlet_setups K10 E5 f1 dirichlet0.1 fedavg,memo,tw_fed_acc_te,3,0.21253985166549683,0.20494914054870605,0.22772126644849777
A,dirichlet,0.3|wd0.0,dirichlet_setups K10 E5 f1 dirichlet0.1 fedavg,memo,tw_cka_te,3,0.9941449560527119,0.9936309157793283,0.9943195612368123
A,dirichlet,0.3|wd0.0,dirichlet_setups K10 E5 f1 dirichlet0.1 fedavg,memo,tw_pred_agree_grid,3,0.902965247631073,0.901158481836319,0.905622273683548
A,dirichlet,0.3|wd0.0,dirichlet_setups K10 E5 f1 dirichlet0.1 fedavg,memo,tw_clock_key_jaccard,3,0.975,0.95,0.9875
A,dirichlet,0.3|wd0.0,dirichlet_setups K10 E5 f1 dirichlet0.1 fedavg,memo,tw_clock_energy_cos,3,0.9987624054880404,0.9985888751786332,0.9988994921071008
A,dirichlet,0.3|wd0.0,dirichlet_setups K10 E5 f1 dirichlet1 fedavg,cross,tw_step_gap,3,0.0,0.0,0.0
A,dirichlet,0.3|wd0.0,dirichlet_setups K10 E5 f1 dirichlet1 fedavg,cross,tw_rel_dist,3,0.1320643126964569,0.12941326946020126,0.13758090883493423
A,dirichlet,0.3|wd0.0,dirichlet_setups K10 E5 f1 dirichlet1 fedavg,cross,tw_cos,3,0.9913097023963928,0.9905470907688141,0.9916439354419708
A,dirichlet,0.3|wd0.0,dirichlet_setups K10 E5 f1 dirichlet1 fedavg,cross,tw_first_rel_dist,3,0.13128407299518585,0.12838007509708405,0.13605524599552155
A,dirichlet,0.3|wd0.0,dirichlet_setups K10 E5 f1 dirichlet1 fedavg,cross,tw_pred_agree_te,3,0.9996963739395142,0.9984818696975708,0.9998481869697571
A,dirichlet,0.3|wd0.0,dirichlet_setups K10 E5 f1 dirichlet1 fedavg,cross,tw_twin_acc_te,3,100.0,99.97722625732422,100.0
A,dirichlet,0.3|wd0.0,dirichlet_setups K10 E5 f1 dirichlet1 fedavg,cross,tw_fed_acc_te,3,99.96963500976562,99.83300399780273,99.98481750488281
A,dirichlet,0.3|wd0.0,dirichlet_setups K10 E5 f1 dirichlet1 fedavg,cross,tw_cka_te,3,0.9778192824522796,0.9760210470441445,0.9794672568964513
A,dirichlet,0.3|wd0.0,dirichlet_setups K10 E5 f1 dirichlet1 fedavg,cross,tw_pred_agree_grid,3,0.999787449836731,0.9989372193813324,0.9998937249183655
A,dirichlet,0.3|wd0.0,dirichlet_setups K10 E5 f1 dirichlet1 fedavg,cross,tw_clock_key_jaccard,3,0.9722222222222222,0.9704861111111112,0.9861111111111112
A,dirichlet,0.3|wd0.0,dirichlet_setups K10 E5 f1 dirichlet1 fedavg,cross,tw_clock_energy_cos,3,0.9955321773797781,0.9952416170637784,0.9959946111234294
A,dirichlet,0.3|wd0.0,dirichlet_setups K10 E5 f1 dirichlet1 fedavg,end,tw_step_gap,3,0.0,0.0,0.0
A,dirichlet,0.3|wd0.0,dirichlet_setups K10 E5 f1 dirichlet1 fedavg,end,tw_rel_dist,3,0.442693293094635,0.4327770918607712,0.47191399335861206
A,dirichlet,0.3|wd0.0,dirichlet_setups K10 E5 f1 dirichlet1 fedavg,end,tw_cos,3,0.9023888111114502,0.8889616429805756,0.9065951406955719
A,dirichlet,0.3|wd0.0,dirichlet_setups K10 E5 f1 dirichlet1 fedavg,end,tw_first_rel_dist,3,0.4332832098007202,0.4169863611459732,0.46301840245723724
A,dirichlet,0.3|wd0.0,dirichlet_setups K10 E5 f1 dirichlet1 fedavg,end,tw_pred_agree_te,3,1.0,1.0,1.0
A,dirichlet,0.3|wd0.0,dirichlet_setups K10 E5 f1 dirichlet1 fedavg,end,tw_twin_acc_te,3,100.0,100.0,100.0
A,dirichlet,0.3|wd0.0,dirichlet_setups K10 E5 f1 dirichlet1 fedavg,end,tw_fed_acc_te,3,100.0,100.0,100.0
A,dirichlet,0.3|wd0.0,dirichlet_setups K10 E5 f1 dirichlet1 fedavg,end,tw_cka_te,3,0.9117877084897412,0.9062971073965971,0.9160139055295501
A,dirichlet,0.3|wd0.0,dirichlet_setups K10 E5 f1 dirichlet1 fedavg,end,tw_pred_agree_grid,3,1.0,1.0,1.0
A,dirichlet,0.3|wd0.0,dirichlet_setups K10 E5 f1 dirichlet1 fedavg,end,tw_clock_key_jaccard,3,0.9130434782608695,0.9130434782608695,0.9342995169082126
A,dirichlet,0.3|wd0.0,dirichlet_setups K10 E5 f1 dirichlet1 fedavg,end,tw_clock_energy_cos,3,0.9999841195583353,0.9999817527062357,0.9999858437897686
A,dirichlet,0.3|wd0.0,dirichlet_setups K10 E5 f1 dirichlet1 fedavg,first,tw_step_gap,3,0.0,0.0,0.0
A,dirichlet,0.3|wd0.0,dirichlet_setups K10 E5 f1 dirichlet1 fedavg,first,tw_rel_dist,3,0.029258597642183304,0.029096399433910847,0.029764303006231785
A,dirichlet,0.3|wd0.0,dirichlet_setups K10 E5 f1 dirichlet1 fedavg,first,tw_cos,3,0.9996189475059509,0.9996069967746735,0.9996245503425598
A,dirichlet,0.3|wd0.0,dirichlet_setups K10 E5 f1 dirichlet1 fedavg,first,tw_first_rel_dist,3,0.028074797242879868,0.02792425360530615,0.028591955080628395
A,dirichlet,0.3|wd0.0,dirichlet_setups K10 E5 f1 dirichlet1 fedavg,first,tw_pred_agree_te,3,0.9435251355171204,0.9423865377902985,0.9448914527893066
A,dirichlet,0.3|wd0.0,dirichlet_setups K10 E5 f1 dirichlet1 fedavg,first,tw_twin_acc_te,3,0.1669955998659134,0.15940488874912262,0.23531197756528854
A,dirichlet,0.3|wd0.0,dirichlet_setups K10 E5 f1 dirichlet1 fedavg,first,tw_fed_acc_te,3,0.18217700719833374,0.17458630353212357,0.24290268123149872
A,dirichlet,0.3|wd0.0,dirichlet_setups K10 E5 f1 dirichlet1 fedavg,first,tw_cka_te,3,0.9989512793787697,0.9989281539751784,0.9989618889660108
A,dirichlet,0.3|wd0.0,dirichlet_setups K10 E5 f1 dirichlet1 fedavg,first,tw_pred_agree_grid,3,0.9604634046554565,0.9596131443977356,0.961419939994812
A,dirichlet,0.3|wd0.0,dirichlet_setups K10 E5 f1 dirichlet1 fedavg,first,tw_clock_key_jaccard,3,1.0,0.9871794871794872,1.0
A,dirichlet,0.3|wd0.0,dirichlet_setups K10 E5 f1 dirichlet1 fedavg,first,tw_clock_energy_cos,3,0.9998538907118529,0.9998443004958035,0.9998956145270894
A,dirichlet,0.3|wd0.0,dirichlet_setups K10 E5 f1 dirichlet1 fedavg,memo,tw_step_gap,3,0.0,0.0,0.0
A,dirichlet,0.3|wd0.0,dirichlet_setups K10 E5 f1 dirichlet1 fedavg,memo,tw_rel_dist,3,0.029258597642183304,0.029096399433910847,0.029764303006231785
A,dirichlet,0.3|wd0.0,dirichlet_setups K10 E5 f1 dirichlet1 fedavg,memo,tw_cos,3,0.9996189475059509,0.9996069967746735,0.9996245503425598
A,dirichlet,0.3|wd0.0,dirichlet_setups K10 E5 f1 dirichlet1 fedavg,memo,tw_first_rel_dist,3,0.028074797242879868,0.02792425360530615,0.028591955080628395
A,dirichlet,0.3|wd0.0,dirichlet_setups K10 E5 f1 dirichlet1 fedavg,memo,tw_pred_agree_te,3,0.9435251355171204,0.9423865377902985,0.9448914527893066
A,dirichlet,0.3|wd0.0,dirichlet_setups K10 E5 f1 dirichlet1 fedavg,memo,tw_twin_acc_te,3,0.1669955998659134,0.15940488874912262,0.23531197756528854
A,dirichlet,0.3|wd0.0,dirichlet_setups K10 E5 f1 dirichlet1 fedavg,memo,tw_fed_acc_te,3,0.18217700719833374,0.17458630353212357,0.24290268123149872
A,dirichlet,0.3|wd0.0,dirichlet_setups K10 E5 f1 dirichlet1 fedavg,memo,tw_cka_te,3,0.9989512793787697,0.9989281539751784,0.9989618889660108
A,dirichlet,0.3|wd0.0,dirichlet_setups K10 E5 f1 dirichlet1 fedavg,memo,tw_pred_agree_grid,3,0.9604634046554565,0.9596131443977356,0.961419939994812
A,dirichlet,0.3|wd0.0,dirichlet_setups K10 E5 f1 dirichlet1 fedavg,memo,tw_clock_key_jaccard,3,1.0,0.9871794871794872,1.0
A,dirichlet,0.3|wd0.0,dirichlet_setups K10 E5 f1 dirichlet1 fedavg,memo,tw_clock_energy_cos,3,0.9998538907118529,0.9998443004958035,0.9998956145270894
A,dirichlet,0.3|wd0.0,dirichlet_setups K10 E5 f1 dirichlet10 fedavg,cross,tw_step_gap,3,0.0,0.0,0.0
A,dirichlet,0.3|wd0.0,dirichlet_setups K10 E5 f1 dirichlet10 fedavg,cross,tw_rel_dist,3,0.0810527354478836,0.07550805807113647,0.08135641738772392
A,dirichlet,0.3|wd0.0,dirichlet_setups K10 E5 f1 dirichlet10 fedavg,cross,tw_cos,3,0.9967191219329834,0.9966966807842255,0.9971401989459991
A,dirichlet,0.3|wd0.0,dirichlet_setups K10 E5 f1 dirichlet10 fedavg,cross,tw_first_rel_dist,3,0.08023162186145782,0.07511445879936218,0.0804625153541565
A,dirichlet,0.3|wd0.0,dirichlet_setups K10 E5 f1 dirichlet10 fedavg,cross,tw_pred_agree_te,3,0.9998481869697571,0.999013215303421,0.9999240934848785
A,dirichlet,0.3|wd0.0,dirichlet_setups K10 E5 f1 dirichlet10 fedavg,cross,tw_twin_acc_te,3,100.0,99.97722625732422,100.0
A,dirichlet,0.3|wd0.0,dirichlet_setups K10 E5 f1 dirichlet10 fedavg,cross,tw_fed_acc_te,3,99.98481750488281,99.88613891601562,99.9924087524414
A,dirichlet,0.3|wd0.0,dirichlet_setups K10 E5 f1 dirichlet10 fedavg,cross,tw_cka_te,3,0.9914692795644111,0.9908879315672245,0.9923925492574543
A,dirichlet,0.3|wd0.0,dirichlet_setups K10 E5 f1 dirichlet10 fedavg,cross,tw_pred_agree_grid,3,0.9998937249183655,0.9993091821670532,0.9999468624591827
A,dirichlet,0.3|wd0.0,dirichlet_setups K10 E5 f1 dirichlet10 fedavg,cross,tw_clock_key_jaccard,3,0.96875,0.9558035714285714,0.9704861111111112
A,dirichlet,0.3|wd0.0,dirichlet_setups K10 E5 f1 dirichlet10 fedavg,cross,tw_clock_energy_cos,3,0.9984198829171419,0.9981385909385518,0.99854426925131
A,dirichlet,0.3|wd0.0,dirichlet_setups K10 E5 f1 dirichlet10 fedavg,end,tw_step_gap,3,0.0,0.0,0.0
A,dirichlet,0.3|wd0.0,dirichlet_setups K10 E5 f1 dirichlet10 fedavg,end,tw_rel_dist,3,0.35624513030052185,0.35500144958496094,0.3627311587333679
A,dirichlet,0.3|wd0.0,dirichlet_setups K10 E5 f1 dirichlet10 fedavg,end,tw_cos,3,0.9367262721061707,0.9344882965087891,0.9371125400066376
A,dirichlet,0.3|wd0.0,dirichlet_setups K10 E5 f1 dirichlet10 fedavg,end,tw_first_rel_dist,3,0.3447887897491455,0.3419386148452759,0.3530552089214325
A,dirichlet,0.3|wd0.0,dirichlet_setups K10 E5 f1 dirichlet10 fedavg,end,tw_pred_agree_te,3,1.0,1.0,1.0
A,dirichlet,0.3|wd0.0,dirichlet_setups K10 E5 f1 dirichlet10 fedavg,end,tw_twin_acc_te,3,100.0,100.0,100.0
A,dirichlet,0.3|wd0.0,dirichlet_setups K10 E5 f1 dirichlet10 fedavg,end,tw_fed_acc_te,3,100.0,100.0,100.0
A,dirichlet,0.3|wd0.0,dirichlet_setups K10 E5 f1 dirichlet10 fedavg,end,tw_cka_te,3,0.9296160052316245,0.9282262324511671,0.9396016671647175
A,dirichlet,0.3|wd0.0,dirichlet_setups K10 E5 f1 dirichlet10 fedavg,end,tw_pred_agree_grid,3,1.0,1.0,1.0
A,dirichlet,0.3|wd0.0,dirichlet_setups K10 E5 f1 dirichlet10 fedavg,end,tw_clock_key_jaccard,3,0.9555555555555556,0.9555555555555556,0.9555555555555556
A,dirichlet,0.3|wd0.0,dirichlet_setups K10 E5 f1 dirichlet10 fedavg,end,tw_clock_energy_cos,3,0.9999867339641371,0.9999851546866803,0.999988677381207
A,dirichlet,0.3|wd0.0,dirichlet_setups K10 E5 f1 dirichlet10 fedavg,first,tw_step_gap,3,0.0,0.0,0.0
A,dirichlet,0.3|wd0.0,dirichlet_setups K10 E5 f1 dirichlet10 fedavg,first,tw_rel_dist,3,0.017689473927021027,0.017537088133394718,0.017812814563512802
A,dirichlet,0.3|wd0.0,dirichlet_setups K10 E5 f1 dirichlet10 fedavg,first,tw_cos,3,0.9998679161071777,0.9998655617237091,0.9998699128627777
A,dirichlet,0.3|wd0.0,dirichlet_setups K10 E5 f1 dirichlet10 fedavg,first,tw_first_rel_dist,3,0.01716618612408638,0.01704233977943659,0.017260143533349037
A,dirichlet,0.3|wd0.0,dirichlet_setups K10 E5 f1 dirichlet10 fedavg,first,tw_pred_agree_te,3,0.9658418297767639,0.9635646045207977,0.9663731753826141
A,dirichlet,0.3|wd0.0,dirichlet_setups K10 E5 f1 dirichlet10 fedavg,first,tw_twin_acc_te,3,0.1669955998659134,0.15940488874912262,0.23531197756528854
A,dirichlet,0.3|wd0.0,dirichlet_setups K10 E5 f1 dirichlet10 fedavg,first,tw_fed_acc_te,3,0.1669955998659134,0.15940488874912262,0.23531197756528854
A,dirichlet,0.3|wd0.0,dirichlet_setups K10 E5 f1 dirichlet10 fedavg,first,tw_cka_te,3,0.9995565054531207,0.9995449441178479,0.9995734664076905
A,dirichlet,0.3|wd0.0,dirichlet_setups K10 E5 f1 dirichlet10 fedavg,first,tw_pred_agree_grid,3,0.9760867357254028,0.9744393825531006,0.9764055907726288
A,dirichlet,0.3|wd0.0,dirichlet_setups K10 E5 f1 dirichlet10 fedavg,first,tw_clock_key_jaccard,3,1.0,0.9743589743589743,1.0
A,dirichlet,0.3|wd0.0,dirichlet_setups K10 E5 f1 dirichlet10 fedavg,first,tw_clock_energy_cos,3,0.9999537914079726,0.9999293163202703,0.9999646221457815
A,dirichlet,0.3|wd0.0,dirichlet_setups K10 E5 f1 dirichlet10 fedavg,memo,tw_step_gap,3,0.0,0.0,0.0
A,dirichlet,0.3|wd0.0,dirichlet_setups K10 E5 f1 dirichlet10 fedavg,memo,tw_rel_dist,3,0.017689473927021027,0.017537088133394718,0.017812814563512802
A,dirichlet,0.3|wd0.0,dirichlet_setups K10 E5 f1 dirichlet10 fedavg,memo,tw_cos,3,0.9998679161071777,0.9998655617237091,0.9998699128627777
A,dirichlet,0.3|wd0.0,dirichlet_setups K10 E5 f1 dirichlet10 fedavg,memo,tw_first_rel_dist,3,0.01716618612408638,0.01704233977943659,0.017260143533349037
A,dirichlet,0.3|wd0.0,dirichlet_setups K10 E5 f1 dirichlet10 fedavg,memo,tw_pred_agree_te,3,0.9658418297767639,0.9635646045207977,0.9663731753826141
A,dirichlet,0.3|wd0.0,dirichlet_setups K10 E5 f1 dirichlet10 fedavg,memo,tw_twin_acc_te,3,0.1669955998659134,0.15940488874912262,0.23531197756528854
A,dirichlet,0.3|wd0.0,dirichlet_setups K10 E5 f1 dirichlet10 fedavg,memo,tw_fed_acc_te,3,0.1669955998659134,0.15940488874912262,0.23531197756528854
A,dirichlet,0.3|wd0.0,dirichlet_setups K10 E5 f1 dirichlet10 fedavg,memo,tw_cka_te,3,0.9995565054531207,0.9995449441178479,0.9995734664076905
A,dirichlet,0.3|wd0.0,dirichlet_setups K10 E5 f1 dirichlet10 fedavg,memo,tw_pred_agree_grid,3,0.9760867357254028,0.9744393825531006,0.9764055907726288
A,dirichlet,0.3|wd0.0,dirichlet_setups K10 E5 f1 dirichlet10 fedavg,memo,tw_clock_key_jaccard,3,1.0,0.9743589743589743,1.0
A,dirichlet,0.3|wd0.0,dirichlet_setups K10 E5 f1 dirichlet10 fedavg,memo,tw_clock_energy_cos,3,0.9999537914079726,0.9999293163202703,0.9999646221457815
A,dirichlet,0.3|wd0.0,dirichlet_setups K10 E5 f1 dirichlet1000 fedavg,cross,tw_step_gap,3,0.0,0.0,0.0
A,dirichlet,0.3|wd0.0,dirichlet_setups K10 E5 f1 dirichlet1000 fedavg,cross,tw_rel_dist,3,0.07475723326206207,0.07127537950873375,0.08191237598657608
A,dirichlet,0.3|wd0.0,dirichlet_setups K10 E5 f1 dirichlet1000 fedavg,cross,tw_cos,3,0.9972110986709595,0.9966233372688293,0.9974596500396729
A,dirichlet,0.3|wd0.0,dirichlet_setups K10 E5 f1 dirichlet1000 fedavg,cross,tw_first_rel_dist,3,0.07382223755121231,0.07076097652316093,0.08135618269443512
A,dirichlet,0.3|wd0.0,dirichlet_setups K10 E5 f1 dirichlet1000 fedavg,cross,tw_pred_agree_te,3,0.9996963739395142,0.999013215303421,0.9998481869697571
A,dirichlet,0.3|wd0.0,dirichlet_setups K10 E5 f1 dirichlet1000 fedavg,cross,tw_twin_acc_te,3,100.0,99.97722625732422,100.0
A,dirichlet,0.3|wd0.0,dirichlet_setups K10 E5 f1 dirichlet1000 fedavg,cross,tw_fed_acc_te,3,99.96963500976562,99.87854766845703,99.98481750488281
A,dirichlet,0.3|wd0.0,dirichlet_setups K10 E5 f1 dirichlet1000 fedavg,cross,tw_cka_te,3,0.9929495344279745,0.9909643288222993,0.9931907373758562
A,dirichlet,0.3|wd0.0,dirichlet_setups K10 E5 f1 dirichlet1000 fedavg,cross,tw_pred_agree_grid,3,0.999787449836731,0.9993091821670532,0.9998937249183655
A,dirichlet,0.3|wd0.0,dirichlet_setups K10 E5 f1 dirichlet1000 fedavg,cross,tw_clock_key_jaccard,3,0.9722222222222222,0.9704861111111112,0.9861111111111112
A,dirichlet,0.3|wd0.0,dirichlet_setups K10 E5 f1 dirichlet1000 fedavg,cross,tw_clock_energy_cos,3,0.9984835245200295,0.9984282923771292,0.9985147873078808
A,dirichlet,0.3|wd0.0,dirichlet_setups K10 E5 f1 dirichlet1000 fedavg,end,tw_step_gap,3,0.0,0.0,0.0
A,dirichlet,0.3|wd0.0,dirichlet_setups K10 E5 f1 dirichlet1000 fedavg,end,tw_rel_dist,3,0.3454307019710541,0.3254946172237396,0.3587830066680908
A,dirichlet,0.3|wd0.0,dirichlet_setups K10 E5 f1 dirichlet1000 fedavg,end,tw_cos,3,0.940764307975769,0.936083197593689,0.9471326470375061
A,dirichlet,0.3|wd0.0,dirichlet_setups K10 E5 f1 dirichlet1000 fedavg,end,tw_first_rel_dist,3,0.3359706401824951,0.3127131462097168,0.34925051033496857
A,dirichlet,0.3|wd0.0,dirichlet_setups K10 E5 f1 dirichlet1000 fedavg,end,tw_pred_agree_te,3,1.0,1.0,1.0
A,dirichlet,0.3|wd0.0,dirichlet_setups K10 E5 f1 dirichlet1000 fedavg,end,tw_twin_acc_te,3,100.0,100.0,100.0
A,dirichlet,0.3|wd0.0,dirichlet_setups K10 E5 f1 dirichlet1000 fedavg,end,tw_fed_acc_te,3,100.0,100.0,100.0
A,dirichlet,0.3|wd0.0,dirichlet_setups K10 E5 f1 dirichlet1000 fedavg,end,tw_cka_te,3,0.9539155240220053,0.9379608350400066,0.9546791824896977
A,dirichlet,0.3|wd0.0,dirichlet_setups K10 E5 f1 dirichlet1000 fedavg,end,tw_pred_agree_grid,3,1.0,1.0,1.0
A,dirichlet,0.3|wd0.0,dirichlet_setups K10 E5 f1 dirichlet1000 fedavg,end,tw_clock_key_jaccard,3,0.9130434782608695,0.9130434782608695,0.9342995169082126
A,dirichlet,0.3|wd0.0,dirichlet_setups K10 E5 f1 dirichlet1000 fedavg,end,tw_clock_energy_cos,3,0.9999902688386324,0.9999882538471407,0.9999914160887061
A,dirichlet,0.3|wd0.0,dirichlet_setups K10 E5 f1 dirichlet1000 fedavg,first,tw_step_gap,3,0.0,0.0,0.0
A,dirichlet,0.3|wd0.0,dirichlet_setups K10 E5 f1 dirichlet1000 fedavg,first,tw_rel_dist,3,0.01601017452776432,0.01599909644573927,0.016209980472922325
A,dirichlet,0.3|wd0.0,dirichlet_setups K10 E5 f1 dirichlet1000 fedavg,first,tw_cos,3,0.9998926520347595,0.9998898506164551,0.999893069267273
A,dirichlet,0.3|wd0.0,dirichlet_setups K10 E5 f1 dirichlet1000 fedavg,first,tw_first_rel_dist,3,0.015575377270579338,0.015553792472928762,0.015720391646027565
A,dirichlet,0.3|wd0.0,dirichlet_setups K10 E5 f1 dirichlet1000 fedavg,first,tw_pred_agree_te,3,0.9702444076538086,0.9697889685630798,0.9710034728050232
A,dirichlet,0.3|wd0.0,dirichlet_setups K10 E5 f1 dirichlet1000 fedavg,first,tw_twin_acc_te,3,0.1669955998659134,0.15940488874912262,0.23531197756528854
A,dirichlet,0.3|wd0.0,dirichlet_setups K10 E5 f1 dirichlet1000 fedavg,first,tw_fed_acc_te,3,0.18217700719833374,0.1669955924153328,0.24290268123149872
A,dirichlet,0.3|wd0.0,dirichlet_setups K10 E5 f1 dirichlet1000 fedavg,first,tw_cka_te,3,0.9996268845955464,0.9996138936413475,0.9996320267581207
A,dirichlet,0.3|wd0.0,dirichlet_setups K10 E5 f1 dirichlet1000 fedavg,first,tw_pred_agree_grid,3,0.9790626168251038,0.9786374866962433,0.979647159576416
A,dirichlet,0.3|wd0.0,dirichlet_setups K10 E5 f1 dirichlet1000 fedavg,first,tw_clock_key_jaccard,3,1.0,1.0,1.0
A,dirichlet,0.3|wd0.0,dirichlet_setups K10 E5 f1 dirichlet1000 fedavg,first,tw_clock_energy_cos,3,0.9999256885471349,0.99991763923668,0.9999492611009992
A,dirichlet,0.3|wd0.0,dirichlet_setups K10 E5 f1 dirichlet1000 fedavg,memo,tw_step_gap,3,0.0,0.0,0.0
A,dirichlet,0.3|wd0.0,dirichlet_setups K10 E5 f1 dirichlet1000 fedavg,memo,tw_rel_dist,3,0.01601017452776432,0.01599909644573927,0.016209980472922325
A,dirichlet,0.3|wd0.0,dirichlet_setups K10 E5 f1 dirichlet1000 fedavg,memo,tw_cos,3,0.9998926520347595,0.9998898506164551,0.999893069267273
A,dirichlet,0.3|wd0.0,dirichlet_setups K10 E5 f1 dirichlet1000 fedavg,memo,tw_first_rel_dist,3,0.015575377270579338,0.015553792472928762,0.015720391646027565
A,dirichlet,0.3|wd0.0,dirichlet_setups K10 E5 f1 dirichlet1000 fedavg,memo,tw_pred_agree_te,3,0.9702444076538086,0.9697889685630798,0.9710034728050232
A,dirichlet,0.3|wd0.0,dirichlet_setups K10 E5 f1 dirichlet1000 fedavg,memo,tw_twin_acc_te,3,0.1669955998659134,0.15940488874912262,0.23531197756528854
A,dirichlet,0.3|wd0.0,dirichlet_setups K10 E5 f1 dirichlet1000 fedavg,memo,tw_fed_acc_te,3,0.18217700719833374,0.1669955924153328,0.24290268123149872
A,dirichlet,0.3|wd0.0,dirichlet_setups K10 E5 f1 dirichlet1000 fedavg,memo,tw_cka_te,3,0.9996268845955464,0.9996138936413475,0.9996320267581207
A,dirichlet,0.3|wd0.0,dirichlet_setups K10 E5 f1 dirichlet1000 fedavg,memo,tw_pred_agree_grid,3,0.9790626168251038,0.9786374866962433,0.979647159576416
A,dirichlet,0.3|wd0.0,dirichlet_setups K10 E5 f1 dirichlet1000 fedavg,memo,tw_clock_key_jaccard,3,1.0,1.0,1.0
A,dirichlet,0.3|wd0.0,dirichlet_setups K10 E5 f1 dirichlet1000 fedavg,memo,tw_clock_energy_cos,3,0.9999256885471349,0.99991763923668,0.9999492611009992
A,f,0.3|wd0.0,participation_setups K20 E5 f0.25 iid fedavg,cross,tw_step_gap,3,2.834860839011661e-06,1.7717887733659826e-06,3.8979283828106514e-06
A,f,0.3|wd0.0,participation_setups K20 E5 f0.25 iid fedavg,cross,tw_rel_dist,3,1.2021536827087402,1.1898855566978455,1.2029744386672974
A,f,0.3|wd0.0,participation_setups K20 E5 f0.25 iid fedavg,cross,tw_cos,3,0.471919447183609,0.47032132744789124,0.48068124055862427
A,f,0.3|wd0.0,participation_setups K20 E5 f0.25 iid fedavg,cross,tw_first_rel_dist,3,1.1787294149398804,1.1667898893356323,1.1795964241027832
A,f,0.3|wd0.0,participation_setups K20 E5 f0.25 iid fedavg,cross,tw_pred_agree_te,3,0.0016699560219421983,0.0015940489247441292,0.0023531198385171592
A,f,0.3|wd0.0,participation_setups K20 E5 f0.25 iid fedavg,cross,tw_twin_acc_te,3,0.1669955998659134,0.15940488874912262,0.23531197756528854
A,f,0.3|wd0.0,participation_setups K20 E5 f0.25 iid fedavg,cross,tw_fed_acc_te,3,100.0,100.0,100.0
A,f,0.3|wd0.0,participation_setups K20 E5 f0.25 iid fedavg,cross,tw_cka_te,3,0.167041575792732,0.1657594781712034,0.16923730224686193
A,f,0.3|wd0.0,participation_setups K20 E5 f0.25 iid fedavg,cross,tw_pred_agree_grid,3,0.3006695806980133,0.3006695806980133,0.30114784836769104
A,f,0.3|wd0.0,participation_setups K20 E5 f0.25 iid fedavg,cross,tw_clock_key_jaccard,3,0.7555555555555555,0.7555555555555555,0.7944444444444445
A,f,0.3|wd0.0,participation_setups K20 E5 f0.25 iid fedavg,cross,tw_clock_energy_cos,3,0.9207577738692735,0.9119801772956683,0.9322094985907379
A,f,0.3|wd0.0,participation_setups K20 E5 f0.25 iid fedavg,end,tw_step_gap,3,1.523739661323992e-06,1.0276386254015865e-06,6.5202636063389855e-06
A,f,0.3|wd0.0,participation_setups K20 E5 f0.25 iid fedavg,end,tw_rel_dist,3,0.7143603563308716,0.7079919576644897,0.727952629327774
A,f,0.3|wd0.0,participation_setups K20 E5 f0.25 iid fedavg,end,tw_cos,3,0.7661453485488892,0.7584508061408997,0.7737967669963837
A,f,0.3|wd0.0,participation_setups K20 E5 f0.25 iid fedavg,end,tw_first_rel_dist,3,0.7072356343269348,0.6894838809967041,0.7196901142597198
A,f,0.3|wd0.0,participation_setups K20 E5 f0.25 iid fedavg,end,tw_pred_agree_te,3,1.0,0.9997722804546356,1.0
A,f,0.3|wd0.0,participation_setups K20 E5 f0.25 iid fedavg,end,tw_twin_acc_te,3,100.0,100.0,100.0
A,f,0.3|wd0.0,participation_setups K20 E5 f0.25 iid fedavg,end,tw_fed_acc_te,3,100.0,99.97722625732422,100.0
A,f,0.3|wd0.0,participation_setups K20 E5 f0.25 iid fedavg,end,tw_cka_te,3,0.8163922203151333,0.7664596637908454,0.81817099517483
A,f,0.3|wd0.0,participation_setups K20 E5 f0.25 iid fedavg,end,tw_pred_agree_grid,3,1.0,0.9998405873775482,1.0
A,f,0.3|wd0.0,participation_setups K20 E5 f0.25 iid fedavg,end,tw_clock_key_jaccard,3,0.8723404255319149,0.8528368794326242,0.8723404255319149
A,f,0.3|wd0.0,participation_setups K20 E5 f0.25 iid fedavg,end,tw_clock_energy_cos,3,0.9999697366588125,0.9999680433860012,0.9999745386747585
A,f,0.3|wd0.0,participation_setups K20 E5 f0.25 iid fedavg,first,tw_step_gap,3,2.834860839011661e-06,1.7717887733659826e-06,3.8979283828106514e-06
A,f,0.3|wd0.0,participation_setups K20 E5 f0.25 iid fedavg,first,tw_rel_dist,3,1.2021536827087402,1.1898855566978455,1.2029744386672974
A,f,0.3|wd0.0,participation_setups K20 E5 f0.25 iid fedavg,first,tw_cos,3,0.471919447183609,0.47032132744789124,0.48068124055862427
A,f,0.3|wd0.0,participation_setups K20 E5 f0.25 iid fedavg,first,tw_first_rel_dist,3,1.1787294149398804,1.1667898893356323,1.1795964241027832
A,f,0.3|wd0.0,participation_setups K20 E5 f0.25 iid fedavg,first,tw_pred_agree_te,3,0.0016699560219421983,0.0015940489247441292,0.0023531198385171592
A,f,0.3|wd0.0,participation_setups K20 E5 f0.25 iid fedavg,first,tw_twin_acc_te,3,0.1669955998659134,0.15940488874912262,0.23531197756528854
A,f,0.3|wd0.0,participation_setups K20 E5 f0.25 iid fedavg,first,tw_fed_acc_te,3,100.0,100.0,100.0
A,f,0.3|wd0.0,participation_setups K20 E5 f0.25 iid fedavg,first,tw_cka_te,3,0.167041575792732,0.1657594781712034,0.16923730224686193
A,f,0.3|wd0.0,participation_setups K20 E5 f0.25 iid fedavg,first,tw_pred_agree_grid,3,0.3006695806980133,0.3006695806980133,0.30114784836769104
A,f,0.3|wd0.0,participation_setups K20 E5 f0.25 iid fedavg,first,tw_clock_key_jaccard,3,0.7555555555555555,0.7555555555555555,0.7944444444444445
A,f,0.3|wd0.0,participation_setups K20 E5 f0.25 iid fedavg,first,tw_clock_energy_cos,3,0.9207577738692735,0.9119801772956683,0.9322094985907379
A,f,0.3|wd0.0,participation_setups K20 E5 f0.5 iid fedavg,cross,tw_step_gap,3,6.378495682268319e-06,5.846923296919623e-06,1.2225229118289486e-05
A,f,0.3|wd0.0,participation_setups K20 E5 f0.5 iid fedavg,cross,tw_rel_dist,3,0.5863147377967834,0.5776669383049011,0.5911288261413574
A,f,0.3|wd0.0,participation_setups K20 E5 f0.5 iid fedavg,cross,tw_cos,3,0.86069256067276,0.8589222729206085,0.8655615448951721
A,f,0.3|wd0.0,participation_setups K20 E5 f0.5 iid fedavg,cross,tw_first_rel_dist,3,0.5801130533218384,0.5720397531986237,0.5841188728809357
A,f,0.3|wd0.0,participation_setups K20 E5 f0.5 iid fedavg,cross,tw_pred_agree_te,3,0.19963563978672028,0.1959921047091484,0.21929557621479034
A,f,0.3|wd0.0,participation_setups K20 E5 f0.5 iid fedavg,cross,tw_twin_acc_te,3,0.1669955998659134,0.15940488874912262,0.23531197756528854
A,f,0.3|wd0.0,participation_setups K20 E5 f0.5 iid fedavg,cross,tw_fed_acc_te,3,24.001821517944336,17.952026844024658,24.032184600830078
A,f,0.3|wd0.0,participation_setups K20 E5 f0.5 iid fedavg,cross,tw_cka_te,3,0.6304474392394279,0.6279843541365979,0.6391068988666593
A,f,0.3|wd0.0,participation_setups K20 E5 f0.5 iid fedavg,cross,tw_pred_agree_grid,3,0.4392603039741516,0.4367626905441284,0.4530237168073654
A,f,0.3|wd0.0,participation_setups K20 E5 f0.5 iid fedavg,cross,tw_clock_key_jaccard,3,0.725,0.7124999999999999,0.7283536585365853
A,f,0.3|wd0.0,participation_setups K20 E5 f0.5 iid fedavg,cross,tw_clock_energy_cos,3,0.8977715564354866,0.8880984404472172,0.9036298271451271
A,f,0.3|wd0.0,participation_setups K20 E5 f0.5 iid fedavg,end,tw_step_gap,3,2.8348680931046576e-07,2.83486808801149e-07,1.0453594947527501e-06
A,f,0.3|wd0.0,participation_setups K20 E5 f0.5 iid fedavg,end,tw_rel_dist,3,0.6029338836669922,0.580396831035614,0.6178601086139679
A,f,0.3|wd0.0,participation_setups K20 E5 f0.5 iid fedavg,end,tw_cos,3,0.8299741148948669,0.8218432664871216,0.8417182862758636
A,f,0.3|wd0.0,participation_setups K20 E5 f0.5 iid fedavg,end,tw_first_rel_dist,3,0.5928088426589966,0.5708773136138916,0.6019763350486755
A,f,0.3|wd0.0,participation_setups K20 E5 f0.5 iid fedavg,end,tw_pred_agree_te,3,1.0,1.0,1.0
A,f,0.3|wd0.0,participation_setups K20 E5 f0.5 iid fedavg,end,tw_twin_acc_te,3,100.0,100.0,100.0
A,f,0.3|wd0.0,participation_setups K20 E5 f0.5 iid fedavg,end,tw_fed_acc_te,3,100.0,100.0,100.0
A,f,0.3|wd0.0,participation_setups K20 E5 f0.5 iid fedavg,end,tw_cka_te,3,0.862159843379882,0.8566028811244453,0.868918367253068
A,f,0.3|wd0.0,participation_setups K20 E5 f0.5 iid fedavg,end,tw_pred_agree_grid,3,1.0,1.0,1.0
A,f,0.3|wd0.0,participation_setups K20 E5 f0.5 iid fedavg,end,tw_clock_key_jaccard,3,0.8723404255319149,0.8528368794326242,0.8926919518963923
A,f,0.3|wd0.0,participation_setups K20 E5 f0.5 iid fedavg,end,tw_clock_energy_cos,3,0.9999763724618499,0.9999754151444958,0.9999807728560083
A,f,0.3|wd0.0,participation_setups K20 E5 f0.5 iid fedavg,first,tw_step_gap,3,6.378495682268319e-06,5.846923296919623e-06,1.2225229118289486e-05
A,f,0.3|wd0.0,participation_setups K20 E5 f0.5 iid fedavg,first,tw_rel_dist,3,0.5863147377967834,0.5776669383049011,0.5911288261413574
A,f,0.3|wd0.0,participation_setups K20 E5 f0.5 iid fedavg,first,tw_cos,3,0.86069256067276,0.8589222729206085,0.8655615448951721
A,f,0.3|wd0.0,participation_setups K20 E5 f0.5 iid fedavg,first,tw_first_rel_dist,3,0.5801130533218384,0.5720397531986237,0.5841188728809357
A,f,0.3|wd0.0,participation_setups K20 E5 f0.5 iid fedavg,first,tw_pred_agree_te,3,0.19963563978672028,0.1959921047091484,0.21929557621479034
A,f,0.3|wd0.0,participation_setups K20 E5 f0.5 iid fedavg,first,tw_twin_acc_te,3,0.1669955998659134,0.15940488874912262,0.23531197756528854
A,f,0.3|wd0.0,participation_setups K20 E5 f0.5 iid fedavg,first,tw_fed_acc_te,3,24.001821517944336,17.952026844024658,24.032184600830078
A,f,0.3|wd0.0,participation_setups K20 E5 f0.5 iid fedavg,first,tw_cka_te,3,0.6304474392394279,0.6279843541365979,0.6391068988666593
A,f,0.3|wd0.0,participation_setups K20 E5 f0.5 iid fedavg,first,tw_pred_agree_grid,3,0.4392603039741516,0.4367626905441284,0.4530237168073654
A,f,0.3|wd0.0,participation_setups K20 E5 f0.5 iid fedavg,first,tw_clock_key_jaccard,3,0.725,0.7124999999999999,0.7283536585365853
A,f,0.3|wd0.0,participation_setups K20 E5 f0.5 iid fedavg,first,tw_clock_energy_cos,3,0.8977715564354866,0.8880984404472172,0.9036298271451271
A,partition,0.3|wd0.0,partitions K10 E5 f1 dirichlet0.5 fedavg,cross,tw_step_gap,3,0.0,0.0,0.0
A,partition,0.3|wd0.0,partitions K10 E5 f1 dirichlet0.5 fedavg,cross,tw_rel_dist,3,0.15753132104873657,0.1567859947681427,0.16507016122341156
A,partition,0.3|wd0.0,partitions K10 E5 f1 dirichlet0.5 fedavg,cross,tw_cos,3,0.9876437187194824,0.986398309469223,0.9877709448337555
A,partition,0.3|wd0.0,partitions K10 E5 f1 dirichlet0.5 fedavg,cross,tw_first_rel_dist,3,0.15615087747573853,0.15524961799383163,0.16340965032577515
A,partition,0.3|wd0.0,partitions K10 E5 f1 dirichlet0.5 fedavg,cross,tw_pred_agree_te,3,0.9990891218185425,0.9978746175765991,0.9995445609092712
A,partition,0.3|wd0.0,partitions K10 E5 f1 dirichlet0.5 fedavg,cross,tw_twin_acc_te,3,100.0,99.97722625732422,100.0
A,partition,0.3|wd0.0,partitions K10 E5 f1 dirichlet0.5 fedavg,cross,tw_fed_acc_te,3,99.9089126586914,99.77228164672852,99.9544563293457
A,partition,0.3|wd0.0,partitions K10 E5 f1 dirichlet0.5 fedavg,cross,tw_cka_te,3,0.9686996531196385,0.9659336819834968,0.9702502238408464
A,partition,0.3|wd0.0,partitions K10 E5 f1 dirichlet0.5 fedavg,cross,tw_pred_agree_grid,3,0.9993623495101929,0.9985120892524719,0.9996811747550964
A,partition,0.3|wd0.0,partitions K10 E5 f1 dirichlet0.5 fedavg,cross,tw_clock_key_jaccard,3,0.96875,0.9415178571428571,0.9704861111111112
A,partition,0.3|wd0.0,partitions K10 E5 f1 dirichlet0.5 fedavg,cross,tw_clock_energy_cos,3,0.9918206935547967,0.9902973171097598,0.9937450907786196
A,partition,0.3|wd0.0,partitions K10 E5 f1 dirichlet0.5 fedavg,end,tw_step_gap,3,0.0,0.0,0.0
A,partition,0.3|wd0.0,partitions K10 E5 f1 dirichlet0.5 fedavg,end,tw_rel_dist,3,0.4808790683746338,0.4804205894470215,0.48967690765857697
A,partition,0.3|wd0.0,partitions K10 E5 f1 dirichlet0.5 fedavg,end,tw_cos,3,0.8859646916389465,0.8814589381217957,0.8860003650188446
A,partition,0.3|wd0.0,partitions K10 E5 f1 dirichlet0.5 fedavg,end,tw_first_rel_dist,3,0.47701331973075867,0.47436991333961487,0.48163822293281555
A,partition,0.3|wd0.0,partitions K10 E5 f1 dirichlet0.5 fedavg,end,tw_pred_agree_te,3,1.0,1.0,1.0
A,partition,0.3|wd0.0,partitions K10 E5 f1 dirichlet0.5 fedavg,end,tw_twin_acc_te,3,100.0,100.0,100.0
A,partition,0.3|wd0.0,partitions K10 E5 f1 dirichlet0.5 fedavg,end,tw_fed_acc_te,3,100.0,100.0,100.0
A,partition,0.3|wd0.0,partitions K10 E5 f1 dirichlet0.5 fedavg,end,tw_cka_te,3,0.9037415022934128,0.8968987596238012,0.9054986639707456
A,partition,0.3|wd0.0,partitions K10 E5 f1 dirichlet0.5 fedavg,end,tw_pred_agree_grid,3,1.0,1.0,1.0
A,partition,0.3|wd0.0,partitions K10 E5 f1 dirichlet0.5 fedavg,end,tw_clock_key_jaccard,3,0.9130434782608695,0.9130434782608695,0.9130434782608695
A,partition,0.3|wd0.0,partitions K10 E5 f1 dirichlet0.5 fedavg,end,tw_clock_energy_cos,3,0.999971955701154,0.9999717904903274,0.9999766897211464
A,partition,0.3|wd0.0,partitions K10 E5 f1 dirichlet0.5 fedavg,first,tw_step_gap,3,0.0,0.0,0.0
A,partition,0.3|wd0.0,partitions K10 E5 f1 dirichlet0.5 fedavg,first,tw_rel_dist,3,0.03858901187777519,0.03821207210421562,0.03934316337108612
A,partition,0.3|wd0.0,partitions K10 E5 f1 dirichlet0.5 fedavg,first,tw_cos,3,0.9993317127227783,0.9993071556091309,0.9993475675582886
A,partition,0.3|wd0.0,partitions K10 E5 f1 dirichlet0.5 fedavg,first,tw_first_rel_dist,3,0.03662324324250221,0.036318326368927956,0.037277331575751305
A,partition,0.3|wd0.0,partitions K10 E5 f1 dirichlet0.5 fedavg,first,tw_pred_agree_te,3,0.9283437132835388,0.9264460206031799,0.9295582175254822
A,partition,0.3|wd0.0,partitions K10 E5 f1 dirichlet0.5 fedavg,first,tw_twin_acc_te,3,0.1669955998659134,0.15940488874912262,0.23531197756528854
A,partition,0.3|wd0.0,partitions K10 E5 f1 dirichlet0.5 fedavg,first,tw_fed_acc_te,3,0.21253985166549683,0.19735842943191528,0.25808410346508026
A,partition,0.3|wd0.0,partitions K10 E5 f1 dirichlet0.5 fedavg,first,tw_cka_te,3,0.998352757271399,0.9982702314013443,0.9983590446407771
A,partition,0.3|wd0.0,partitions K10 E5 f1 dirichlet0.5 fedavg,first,tw_pred_agree_grid,3,0.9498353004455566,0.9484536349773407,0.9506323933601379
A,partition,0.3|wd0.0,partitions K10 E5 f1 dirichlet0.5 fedavg,first,tw_clock_key_jaccard,3,1.0,0.9871794871794872,1.0
A,partition,0.3|wd0.0,partitions K10 E5 f1 dirichlet0.5 fedavg,first,tw_clock_energy_cos,3,0.9997424771696778,0.9996697409568416,0.9997635749849612
A,partition,0.3|wd0.0,partitions K10 E5 f1 dirichlet0.5 fedavg,memo,tw_step_gap,3,0.0,0.0,0.0
A,partition,0.3|wd0.0,partitions K10 E5 f1 dirichlet0.5 fedavg,memo,tw_rel_dist,3,0.03858901187777519,0.03821207210421562,0.03934316337108612
A,partition,0.3|wd0.0,partitions K10 E5 f1 dirichlet0.5 fedavg,memo,tw_cos,3,0.9993317127227783,0.9993071556091309,0.9993475675582886
A,partition,0.3|wd0.0,partitions K10 E5 f1 dirichlet0.5 fedavg,memo,tw_first_rel_dist,3,0.03662324324250221,0.036318326368927956,0.037277331575751305
A,partition,0.3|wd0.0,partitions K10 E5 f1 dirichlet0.5 fedavg,memo,tw_pred_agree_te,3,0.9283437132835388,0.9264460206031799,0.9295582175254822
A,partition,0.3|wd0.0,partitions K10 E5 f1 dirichlet0.5 fedavg,memo,tw_twin_acc_te,3,0.1669955998659134,0.15940488874912262,0.23531197756528854
A,partition,0.3|wd0.0,partitions K10 E5 f1 dirichlet0.5 fedavg,memo,tw_fed_acc_te,3,0.21253985166549683,0.19735842943191528,0.25808410346508026
A,partition,0.3|wd0.0,partitions K10 E5 f1 dirichlet0.5 fedavg,memo,tw_cka_te,3,0.998352757271399,0.9982702314013443,0.9983590446407771
A,partition,0.3|wd0.0,partitions K10 E5 f1 dirichlet0.5 fedavg,memo,tw_pred_agree_grid,3,0.9498353004455566,0.9484536349773407,0.9506323933601379
A,partition,0.3|wd0.0,partitions K10 E5 f1 dirichlet0.5 fedavg,memo,tw_clock_key_jaccard,3,1.0,0.9871794871794872,1.0
A,partition,0.3|wd0.0,partitions K10 E5 f1 dirichlet0.5 fedavg,memo,tw_clock_energy_cos,3,0.9997424771696778,0.9996697409568416,0.9997635749849612
A,partition,0.3|wd0.0,partitions K10 E5 f1 operand fedavg,cross,tw_step_gap,3,0.0,0.0,0.0
A,partition,0.3|wd0.0,partitions K10 E5 f1 operand fedavg,cross,tw_rel_dist,3,0.07063784450292587,0.06443164125084877,0.0742349773645401
A,partition,0.3|wd0.0,partitions K10 E5 f1 operand fedavg,cross,tw_cos,3,0.9975165128707886,0.9972510933876038,0.9979176819324493
A,partition,0.3|wd0.0,partitions K10 E5 f1 operand fedavg,cross,tw_first_rel_dist,3,0.06910623610019684,0.06369495391845703,0.07333988696336746
A,partition,0.3|wd0.0,partitions K10 E5 f1 operand fedavg,cross,tw_pred_agree_te,3,1.0,1.0,1.0
A,partition,0.3|wd0.0,partitions K10 E5 f1 operand fedavg,cross,tw_twin_acc_te,3,100.0,99.97722625732422,100.0
A,partition,0.3|wd0.0,partitions K10 E5 f1 operand fedavg,cross,tw_fed_acc_te,3,100.0,99.97722625732422,100.0
A,partition,0.3|wd0.0,partitions K10 E5 f1 operand fedavg,cross,tw_cka_te,3,0.9940098876368765,0.9930149621347779,0.9948442516265614
A,partition,0.3|wd0.0,partitions K10 E5 f1 operand fedavg,cross,tw_pred_agree_grid,3,1.0,1.0,1.0
A,partition,0.3|wd0.0,partitions K10 E5 f1 operand fedavg,cross,tw_clock_key_jaccard,3,1.0,0.9714285714285714,1.0
A,partition,0.3|wd0.0,partitions K10 E5 f1 operand fedavg,cross,tw_clock_energy_cos,3,0.9992691753372319,0.9990209892345008,0.9993261316767328
A,partition,0.3|wd0.0,partitions K10 E5 f1 operand fedavg,end,tw_step_gap,3,0.0,0.0,0.0
A,partition,0.3|wd0.0,partitions K10 E5 f1 operand fedavg,end,tw_rel_dist,3,0.3466496467590332,0.3349877595901489,0.3565027415752411
A,partition,0.3|wd0.0,partitions K10 E5 f1 operand fedavg,end,tw_cos,3,0.9398953914642334,0.9365018606185913,0.9439780712127686
A,partition,0.3|wd0.0,partitions K10 E5 f1 operand fedavg,end,tw_first_rel_dist,3,0.3333669602870941,0.3213155269622803,0.3470085710287094
A,partition,0.3|wd0.0,partitions K10 E5 f1 operand fedavg,end,tw_pred_agree_te,3,1.0,1.0,1.0
A,partition,0.3|wd0.0,partitions K10 E5 f1 operand fedavg,end,tw_twin_acc_te,3,100.0,100.0,100.0
A,partition,0.3|wd0.0,partitions K10 E5 f1 operand fedavg,end,tw_fed_acc_te,3,100.0,100.0,100.0
A,partition,0.3|wd0.0,partitions K10 E5 f1 operand fedavg,end,tw_cka_te,3,0.9354930873778102,0.9265789866584899,0.9409909920928587
A,partition,0.3|wd0.0,partitions K10 E5 f1 operand fedavg,end,tw_pred_agree_grid,3,1.0,1.0,1.0
A,partition,0.3|wd0.0,partitions K10 E5 f1 operand fedavg,end,tw_clock_key_jaccard,3,0.9555555555555556,0.9342995169082126,0.9555555555555556
A,partition,0.3|wd0.0,partitions K10 E5 f1 operand fedavg,end,tw_clock_energy_cos,3,0.9999894621120333,0.9999885819263729,0.9999895424664677
A,partition,0.3|wd0.0,partitions K10 E5 f1 operand fedavg,first,tw_step_gap,3,0.0,0.0,0.0
A,partition,0.3|wd0.0,partitions K10 E5 f1 operand fedavg,first,tw_rel_dist,3,0.017237093299627304,0.016971340402960777,0.017523756250739098
A,partition,0.3|wd0.0,partitions K10 E5 f1 operand fedavg,first,tw_cos,3,0.9998682141304016,0.9998633563518524,0.9998722076416016
A,partition,0.3|wd0.0,partitions K10 E5 f1 operand fedavg,first,tw_first_rel_dist,3,0.016479335725307465,0.016260314732789993,0.016733443364501
A,partition,0.3|wd0.0,partitions K10 E5 f1 operand fedavg,first,tw_pred_agree_te,3,0.9612873792648315,0.9606801271438599,0.9621982574462891
A,partition,0.3|wd0.0,partitions K10 E5 f1 operand fedavg,first,tw_twin_acc_te,3,0.1669955998659134,0.15940488874912262,0.23531197756528854
A,partition,0.3|wd0.0,partitions K10 E5 f1 operand fedavg,first,tw_fed_acc_te,3,0.19735842943191528,0.18217701464891434,0.2504933923482895
A,partition,0.3|wd0.0,partitions K10 E5 f1 operand fedavg,first,tw_cka_te,3,0.9995123108623544,0.999487937806723,0.9995358879336571
A,partition,0.3|wd0.0,partitions K10 E5 f1 operand fedavg,first,tw_pred_agree_grid,3,0.9728983044624329,0.9724200367927551,0.9734828472137451
A,partition,0.3|wd0.0,partitions K10 E5 f1 operand fedavg,first,tw_clock_key_jaccard,3,1.0,0.9743589743589743,1.0
A,partition,0.3|wd0.0,partitions K10 E5 f1 operand fedavg,first,tw_clock_energy_cos,3,0.9999632129377676,0.9999615251917096,0.9999684300566106
A,partition,0.3|wd0.0,partitions K10 E5 f1 operand fedavg,memo,tw_step_gap,3,0.0,0.0,0.0
A,partition,0.3|wd0.0,partitions K10 E5 f1 operand fedavg,memo,tw_rel_dist,3,0.017237093299627304,0.016971340402960777,0.017523756250739098
A,partition,0.3|wd0.0,partitions K10 E5 f1 operand fedavg,memo,tw_cos,3,0.9998682141304016,0.9998633563518524,0.9998722076416016
A,partition,0.3|wd0.0,partitions K10 E5 f1 operand fedavg,memo,tw_first_rel_dist,3,0.016479335725307465,0.016260314732789993,0.016733443364501
A,partition,0.3|wd0.0,partitions K10 E5 f1 operand fedavg,memo,tw_pred_agree_te,3,0.9612873792648315,0.9606801271438599,0.9621982574462891
A,partition,0.3|wd0.0,partitions K10 E5 f1 operand fedavg,memo,tw_twin_acc_te,3,0.1669955998659134,0.15940488874912262,0.23531197756528854
A,partition,0.3|wd0.0,partitions K10 E5 f1 operand fedavg,memo,tw_fed_acc_te,3,0.19735842943191528,0.18217701464891434,0.2504933923482895
A,partition,0.3|wd0.0,partitions K10 E5 f1 operand fedavg,memo,tw_cka_te,3,0.9995123108623544,0.999487937806723,0.9995358879336571
A,partition,0.3|wd0.0,partitions K10 E5 f1 operand fedavg,memo,tw_pred_agree_grid,3,0.9728983044624329,0.9724200367927551,0.9734828472137451
A,partition,0.3|wd0.0,partitions K10 E5 f1 operand fedavg,memo,tw_clock_key_jaccard,3,1.0,0.9743589743589743,1.0
A,partition,0.3|wd0.0,partitions K10 E5 f1 operand fedavg,memo,tw_clock_energy_cos,3,0.9999632129377676,0.9999615251917096,0.9999684300566106
A,partition,0.3|wd0.0,partitions K10 E5 f1 target fedavg,cross,tw_step_gap,3,0.000199780041111456,9.9890020555728e-05,0.009054911629367468
A,partition,0.3|wd0.0,partitions K10 E5 f1 target fedavg,cross,tw_rel_dist,3,0.5798615217208862,0.56359001994133,0.820117175579071
A,partition,0.3|wd0.0,partitions K10 E5 f1 target fedavg,cross,tw_cos,3,0.8431352972984314,0.6527175307273865,0.852167546749115
A,partition,0.3|wd0.0,partitions K10 E5 f1 target fedavg,cross,tw_first_rel_dist,3,0.5842528939247131,0.566397488117218,0.8420182764530182
A,partition,0.3|wd0.0,partitions K10 E5 f1 target fedavg,cross,tw_pred_agree_te,3,0.9986336827278137,0.9965082705020905,0.9993168413639069
A,partition,0.3|wd0.0,partitions K10 E5 f1 target fedavg,cross,tw_twin_acc_te,3,100.0,99.97722625732422,100.0
A,partition,0.3|wd0.0,partitions K10 E5 f1 target fedavg,cross,tw_fed_acc_te,3,99.86336517333984,99.65082550048828,99.93168258666992
A,partition,0.3|wd0.0,partitions K10 E5 f1 target fedavg,cross,tw_cka_te,3,0.7631833797893085,0.6184678504831591,0.769643298936854
A,partition,0.3|wd0.0,partitions K10 E5 f1 target fedavg,cross,tw_pred_agree_grid,3,0.9990434646606445,0.9975555539131165,0.9995217323303223
A,partition,0.3|wd0.0,partitions K10 E5 f1 target fedavg,cross,tw_clock_key_jaccard,3,0.7111111111111111,0.7027777777777777,0.7698412698412699
A,partition,0.3|wd0.0,partitions K10 E5 f1 target fedavg,cross,tw_clock_energy_cos,3,0.9028603673711245,0.9006547138669367,0.9243972477201708
A,partition,0.3|wd0.0,partitions K10 E5 f1 target fedavg,end,tw_step_gap,3,5.992563197178353e-05,2.9962815985891766e-05,0.002757286531677966
A,partition,0.3|wd0.0,partitions K10 E5 f1 target fedavg,end,tw_rel_dist,3,0.845975935459137,0.8436890542507172,0.9831104576587677
A,partition,0.3|wd0.0,partitions K10 E5 f1 target fedavg,end,tw_cos,3,0.6346307992935181,0.5029648244380951,0.6369182765483856
A,partition,0.3|wd0.0,partitions K10 E5 f1 target fedavg,end,tw_first_rel_dist,3,0.8699991106987,0.8663075268268585,1.0121019780635834
A,partition,0.3|wd0.0,partitions K10 E5 f1 target fedavg,end,tw_pred_agree_te,3,1.0,1.0,1.0
A,partition,0.3|wd0.0,partitions K10 E5 f1 target fedavg,end,tw_twin_acc_te,3,100.0,100.0,100.0
A,partition,0.3|wd0.0,partitions K10 E5 f1 target fedavg,end,tw_fed_acc_te,3,100.0,100.0,100.0
A,partition,0.3|wd0.0,partitions K10 E5 f1 target fedavg,end,tw_cka_te,3,0.668903112088921,0.5774169487506157,0.68012221190358
A,partition,0.3|wd0.0,partitions K10 E5 f1 target fedavg,end,tw_pred_agree_grid,3,1.0,1.0,1.0
A,partition,0.3|wd0.0,partitions K10 E5 f1 target fedavg,end,tw_clock_key_jaccard,3,0.7659574468085106,0.7475620567375887,0.7765957446808511
A,partition,0.3|wd0.0,partitions K10 E5 f1 target fedavg,end,tw_clock_energy_cos,3,0.9505335644893285,0.9499859605752172,0.9537897323323135
A,partition,0.3|wd0.0,partitions K10 E5 f1 target fedavg,first,tw_step_gap,3,0.000599579691445181,0.0002997898457225905,0.009254811454534332
A,partition,0.3|wd0.0,partitions K10 E5 f1 target fedavg,first,tw_rel_dist,3,0.1687593162059784,0.16695577651262283,0.6145660728216171
A,partition,0.3|wd0.0,partitions K10 E5 f1 target fedavg,first,tw_cos,3,0.9875621795654297,0.7249309718608856,0.9878515601158142
A,partition,0.3|wd0.0,partitions K10 E5 f1 target fedavg,first,tw_first_rel_dist,3,0.15163274109363556,0.15011586248874664,0.6257082000374794
A,partition,0.3|wd0.0,partitions K10 E5 f1 target fedavg,first,tw_pred_agree_te,3,0.7417640686035156,0.733034759759903,0.8708820343017578
A,partition,0.3|wd0.0,partitions K10 E5 f1 target fedavg,first,tw_twin_acc_te,3,0.1669955998659134,0.15940488874912262,50.08349779993296
A,partition,0.3|wd0.0,partitions K10 E5 f1 target fedavg,first,tw_fed_acc_te,3,0.31880977749824524,0.3036283552646637,50.15940488874912
A,partition,0.3|wd0.0,partitions K10 E5 f1 target fedavg,first,tw_cka_te,3,0.9778324782473571,0.7257923997121833,0.9787325334315177
A,partition,0.3|wd0.0,partitions K10 E5 f1 target fedavg,first,tw_pred_agree_grid,3,0.8188968300819397,0.8127325177192688,0.9094484150409698
A,partition,0.3|wd0.0,partitions K10 E5 f1 target fedavg,first,tw_clock_key_jaccard,3,0.825,0.7680555555555555,0.85
A,partition,0.3|wd0.0,partitions K10 E5 f1 target fedavg,first,tw_clock_energy_cos,3,0.9655875817254317,0.9342239745482781,0.9709321000416828
A,partition,0.3|wd0.0,partitions K10 E5 f1 target fedavg,memo,tw_step_gap,3,0.000599579691445181,0.0002997898457225905,0.009254811454534332
A,partition,0.3|wd0.0,partitions K10 E5 f1 target fedavg,memo,tw_rel_dist,3,0.1687593162059784,0.16695577651262283,0.6145660728216171
A,partition,0.3|wd0.0,partitions K10 E5 f1 target fedavg,memo,tw_cos,3,0.9875621795654297,0.7249309718608856,0.9878515601158142
A,partition,0.3|wd0.0,partitions K10 E5 f1 target fedavg,memo,tw_first_rel_dist,3,0.15163274109363556,0.15011586248874664,0.6257082000374794
A,partition,0.3|wd0.0,partitions K10 E5 f1 target fedavg,memo,tw_pred_agree_te,3,0.7417640686035156,0.733034759759903,0.8708820343017578
A,partition,0.3|wd0.0,partitions K10 E5 f1 target fedavg,memo,tw_twin_acc_te,3,0.1669955998659134,0.15940488874912262,50.08349779993296
A,partition,0.3|wd0.0,partitions K10 E5 f1 target fedavg,memo,tw_fed_acc_te,3,0.31880977749824524,0.3036283552646637,50.15940488874912
A,partition,0.3|wd0.0,partitions K10 E5 f1 target fedavg,memo,tw_cka_te,3,0.9778324782473571,0.7257923997121833,0.9787325334315177
A,partition,0.3|wd0.0,partitions K10 E5 f1 target fedavg,memo,tw_pred_agree_grid,3,0.8188968300819397,0.8127325177192688,0.9094484150409698
A,partition,0.3|wd0.0,partitions K10 E5 f1 target fedavg,memo,tw_clock_key_jaccard,3,0.825,0.7680555555555555,0.85
A,partition,0.3|wd0.0,partitions K10 E5 f1 target fedavg,memo,tw_clock_energy_cos,3,0.9655875817254317,0.9342239745482781,0.9709321000416828
A,partition,0.3|wd0.0,partitions K50 E5 f1 dirichlet0.5 fedavg,cross,tw_step_gap,3,0.0,0.0,0.0
A,partition,0.3|wd0.0,partitions K50 E5 f1 dirichlet0.5 fedavg,cross,tw_rel_dist,3,0.4377760887145996,0.42234110832214355,0.4381940960884094
A,partition,0.3|wd0.0,partitions K50 E5 f1 dirichlet0.5 fedavg,cross,tw_cos,3,0.9080124497413635,0.9075487852096558,0.914344310760498
A,partition,0.3|wd0.0,partitions K50 E5 f1 dirichlet0.5 fedavg,cross,tw_first_rel_dist,3,0.44387608766555786,0.4284641444683075,0.4442436993122101
A,partition,0.3|wd0.0,partitions K50 E5 f1 dirichlet0.5 fedavg,cross,tw_pred_agree_te,3,0.9553666114807129,0.9031425416469574,0.9634886682033539
A,partition,0.3|wd0.0,partitions K50 E5 f1 dirichlet0.5 fedavg,cross,tw_twin_acc_te,3,100.0,99.97722625732422,100.0
A,partition,0.3|wd0.0,partitions K50 E5 f1 dirichlet0.5 fedavg,cross,tw_fed_acc_te,3,95.53665924072266,90.31425476074219,96.3488655090332
A,partition,0.3|wd0.0,partitions K50 E5 f1 dirichlet0.5 fedavg,cross,tw_cka_te,3,0.7826534449441624,0.7737685725655844,0.7844544491059657
A,partition,0.3|wd0.0,partitions K50 E5 f1 dirichlet0.5 fedavg,cross,tw_pred_agree_grid,3,0.9687533378601074,0.9321925938129425,0.9744393825531006
A,partition,0.3|wd0.0,partitions K50 E5 f1 dirichlet0.5 fedavg,cross,tw_clock_key_jaccard,3,0.8378378378378378,0.8078078078078078,0.8564189189189189
A,partition,0.3|wd0.0,partitions K50 E5 f1 dirichlet0.5 fedavg,cross,tw_clock_energy_cos,3,0.9391253883892827,0.9353260883166556,0.9510272032860796
A,partition,0.3|wd0.0,partitions K50 E5 f1 dirichlet0.5 fedavg,end,tw_step_gap,3,0.0,0.0,0.0
A,partition,0.3|wd0.0,partitions K50 E5 f1 dirichlet0.5 fedavg,end,tw_rel_dist,3,0.7483984231948853,0.7170756757259369,0.7549541890621185
A,partition,0.3|wd0.0,partitions K50 E5 f1 dirichlet0.5 fedavg,end,tw_cos,3,0.7377711534500122,0.7333770990371704,0.7598015666007996
A,partition,0.3|wd0.0,partitions K50 E5 f1 dirichlet0.5 fedavg,end,tw_first_rel_dist,3,0.7653475999832153,0.7394636273384094,0.7754144966602325
A,partition,0.3|wd0.0,partitions K50 E5 f1 dirichlet0.5 fedavg,end,tw_pred_agree_te,3,1.0,1.0,1.0
A,partition,0.3|wd0.0,partitions K50 E5 f1 dirichlet0.5 fedavg,end,tw_twin_acc_te,3,100.0,100.0,100.0
A,partition,0.3|wd0.0,partitions K50 E5 f1 dirichlet0.5 fedavg,end,tw_fed_acc_te,3,100.0,100.0,100.0
A,partition,0.3|wd0.0,partitions K50 E5 f1 dirichlet0.5 fedavg,end,tw_cka_te,3,0.6816830707476634,0.5983916602401296,0.6930159082948859
A,partition,0.3|wd0.0,partitions K50 E5 f1 dirichlet0.5 fedavg,end,tw_pred_agree_grid,3,1.0,1.0,1.0
A,partition,0.3|wd0.0,partitions K50 E5 f1 dirichlet0.5 fedavg,end,tw_clock_key_jaccard,3,0.9130434782608695,0.9130434782608695,0.9130434782608695
A,partition,0.3|wd0.0,partitions K50 E5 f1 dirichlet0.5 fedavg,end,tw_clock_energy_cos,3,0.9999146939084066,0.9999115433207739,0.9999288708758474
A,partition,0.3|wd0.0,partitions K50 E5 f1 dirichlet0.5 fedavg,first,tw_step_gap,3,0.0,0.0,0.0
A,partition,0.3|wd0.0,partitions K50 E5 f1 dirichlet0.5 fedavg,first,tw_rel_dist,3,0.11169679462909698,0.11098426580429077,0.11440765485167503
A,partition,0.3|wd0.0,partitions K50 E5 f1 dirichlet0.5 fedavg,first,tw_cos,3,0.9949668645858765,0.9946869611740112,0.9950216710567474
A,partition,0.3|wd0.0,partitions K50 E5 f1 dirichlet0.5 fedavg,first,tw_first_rel_dist,3,0.11016399413347244,0.10953283682465553,0.11260075494647026
A,partition,0.3|wd0.0,partitions K50 E5 f1 dirichlet0.5 fedavg,first,tw_pred_agree_te,3,0.8217701315879822,0.8151662349700928,0.822073757648468
A,partition,0.3|wd0.0,partitions K50 E5 f1 dirichlet0.5 fedavg,first,tw_twin_acc_te,3,0.1669955998659134,0.15940488874912262,0.23531197756528854
A,partition,0.3|wd0.0,partitions K50 E5 f1 dirichlet0.5 fedavg,first,tw_fed_acc_te,3,0.21253985166549683,0.19735842943191528,0.2808562368154526
A,partition,0.3|wd0.0,partitions K50 E5 f1 dirichlet0.5 fedavg,first,tw_cka_te,3,0.9810382502575631,0.978990523568335,0.9827056183385529
A,partition,0.3|wd0.0,partitions K50 E5 f1 dirichlet0.5 fedavg,first,tw_pred_agree_grid,3,0.8750132918357849,0.8702837824821472,0.8751195669174194
A,partition,0.3|wd0.0,partitions K50 E5 f1 dirichlet0.5 fedavg,first,tw_clock_key_jaccard,3,0.975,0.95,0.9875
A,partition,0.3|wd0.0,partitions K50 E5 f1 dirichlet0.5 fedavg,first,tw_clock_energy_cos,3,0.997848113755058,0.9973590304077806,0.9985039980502632
A,partition,0.3|wd0.0,partitions K50 E5 f1 dirichlet0.5 fedavg,memo,tw_step_gap,3,0.0,0.0,0.0
A,partition,0.3|wd0.0,partitions K50 E5 f1 dirichlet0.5 fedavg,memo,tw_rel_dist,3,0.11169679462909698,0.11098426580429077,0.11440765485167503
A,partition,0.3|wd0.0,partitions K50 E5 f1 dirichlet0.5 fedavg,memo,tw_cos,3,0.9949668645858765,0.9946869611740112,0.9950216710567474
A,partition,0.3|wd0.0,partitions K50 E5 f1 dirichlet0.5 fedavg,memo,tw_first_rel_dist,3,0.11016399413347244,0.10953283682465553,0.11260075494647026
A,partition,0.3|wd0.0,partitions K50 E5 f1 dirichlet0.5 fedavg,memo,tw_pred_agree_te,3,0.8217701315879822,0.8151662349700928,0.822073757648468
A,partition,0.3|wd0.0,partitions K50 E5 f1 dirichlet0.5 fedavg,memo,tw_twin_acc_te,3,0.1669955998659134,0.15940488874912262,0.23531197756528854
A,partition,0.3|wd0.0,partitions K50 E5 f1 dirichlet0.5 fedavg,memo,tw_fed_acc_te,3,0.21253985166549683,0.19735842943191528,0.2808562368154526
A,partition,0.3|wd0.0,partitions K50 E5 f1 dirichlet0.5 fedavg,memo,tw_cka_te,3,0.9810382502575631,0.978990523568335,0.9827056183385529
A,partition,0.3|wd0.0,partitions K50 E5 f1 dirichlet0.5 fedavg,memo,tw_pred_agree_grid,3,0.8750132918357849,0.8702837824821472,0.8751195669174194
A,partition,0.3|wd0.0,partitions K50 E5 f1 dirichlet0.5 fedavg,memo,tw_clock_key_jaccard,3,0.975,0.95,0.9875
A,partition,0.3|wd0.0,partitions K50 E5 f1 dirichlet0.5 fedavg,memo,tw_clock_energy_cos,3,0.997848113755058,0.9973590304077806,0.9985039980502632
A,partition,0.3|wd0.0,partitions K50 E5 f1 operand fedavg,cross,tw_step_gap,3,0.0,0.0,0.0
A,partition,0.3|wd0.0,partitions K50 E5 f1 operand fedavg,cross,tw_rel_dist,3,0.29233381152153015,0.28505221009254456,0.3054339438676834
A,partition,0.3|wd0.0,partitions K50 E5 f1 operand fedavg,cross,tw_cos,3,0.958998441696167,0.9553881883621216,0.9612291157245636
A,partition,0.3|wd0.0,partitions K50 E5 f1 operand fedavg,cross,tw_first_rel_dist,3,0.2973947823047638,0.29101209342479706,0.3089316636323929
A,partition,0.3|wd0.0,partitions K50 E5 f1 operand fedavg,cross,tw_pred_agree_te,3,0.9993927478790283,0.9967359900474548,0.9996963739395142
A,partition,0.3|wd0.0,partitions K50 E5 f1 operand fedavg,cross,tw_twin_acc_te,3,100.0,99.97722625732422,100.0
A,partition,0.3|wd0.0,partitions K50 E5 f1 operand fedavg,cross,tw_fed_acc_te,3,99.93927764892578,99.65082931518555,99.96963882446289
A,partition,0.3|wd0.0,partitions K50 E5 f1 operand fedavg,cross,tw_cka_te,3,0.8918318189331651,0.8894393639255926,0.8969915440536309
A,partition,0.3|wd0.0,partitions K50 E5 f1 operand fedavg,cross,tw_pred_agree_grid,3,0.9995748996734619,0.9977149665355682,0.999787449836731
A,partition,0.3|wd0.0,partitions K50 E5 f1 operand fedavg,cross,tw_clock_key_jaccard,3,0.9142857142857143,0.8913533834586467,0.9415178571428571
A,partition,0.3|wd0.0,partitions K50 E5 f1 operand fedavg,cross,tw_clock_energy_cos,3,0.9830395722255165,0.9824007893436297,0.9831095266677214
A,partition,0.3|wd0.0,partitions K50 E5 f1 operand fedavg,end,tw_step_gap,3,0.0,0.0,0.0
A,partition,0.3|wd0.0,partitions K50 E5 f1 operand fedavg,end,tw_rel_dist,3,0.7161107659339905,0.702748715877533,0.7378885746002197
A,partition,0.3|wd0.0,partitions K50 E5 f1 operand fedavg,end,tw_cos,3,0.7613456845283508,0.7461172640323639,0.7683548033237457
A,partition,0.3|wd0.0,partitions K50 E5 f1 operand fedavg,end,tw_first_rel_dist,3,0.744783878326416,0.730053722858429,0.7630718350410461
A,partition,0.3|wd0.0,partitions K50 E5 f1 operand fedavg,end,tw_pred_agree_te,3,1.0,1.0,1.0
A,partition,0.3|wd0.0,partitions K50 E5 f1 operand fedavg,end,tw_twin_acc_te,3,100.0,100.0,100.0
A,partition,0.3|wd0.0,partitions K50 E5 f1 operand fedavg,end,tw_fed_acc_te,3,100.0,100.0,100.0
A,partition,0.3|wd0.0,partitions K50 E5 f1 operand fedavg,end,tw_cka_te,3,0.5281798253168282,0.4885619261126444,0.5523246669783425
A,partition,0.3|wd0.0,partitions K50 E5 f1 operand fedavg,end,tw_pred_agree_grid,3,1.0,1.0,1.0
A,partition,0.3|wd0.0,partitions K50 E5 f1 operand fedavg,end,tw_clock_key_jaccard,3,0.9130434782608695,0.8926919518963923,0.9130434782608695
A,partition,0.3|wd0.0,partitions K50 E5 f1 operand fedavg,end,tw_clock_energy_cos,3,0.9999629273172713,0.9999489451420678,0.9999670027127427
A,partition,0.3|wd0.0,partitions K50 E5 f1 operand fedavg,first,tw_step_gap,3,0.0,0.0,0.0
A,partition,0.3|wd0.0,partitions K50 E5 f1 operand fedavg,first,tw_rel_dist,3,0.08344802260398865,0.08194934949278831,0.0859389379620552
A,partition,0.3|wd0.0,partitions K50 E5 f1 operand fedavg,first,tw_cos,3,0.9971204996109009,0.9969224631786346,0.9972255527973175
A,partition,0.3|wd0.0,partitions K50 E5 f1 operand fedavg,first,tw_first_rel_dist,3,0.08178707957267761,0.08043141290545464,0.08407748118042946
A,partition,0.3|wd0.0,partitions K50 E5 f1 operand fedavg,first,tw_pred_agree_te,3,0.8527402281761169,0.8440868258476257,0.8538788557052612
A,partition,0.3|wd0.0,partitions K50 E5 f1 operand fedavg,first,tw_twin_acc_te,3,0.1669955998659134,0.15940488874912262,0.23531197756528854
A,partition,0.3|wd0.0,partitions K50 E5 f1 operand fedavg,first,tw_fed_acc_te,3,0.22772127389907837,0.21253985166549683,0.2808562368154526
A,partition,0.3|wd0.0,partitions K50 E5 f1 operand fedavg,first,tw_cka_te,3,0.9820388779182339,0.9815789543891169,0.9853099564133934
A,partition,0.3|wd0.0,partitions K50 E5 f1 operand fedavg,first,tw_pred_agree_grid,3,0.8968009352684021,0.8906897604465485,0.8973854780197144
A,partition,0.3|wd0.0,partitions K50 E5 f1 operand fedavg,first,tw_clock_key_jaccard,3,1.0,0.9743589743589743,1.0
A,partition,0.3|wd0.0,partitions K50 E5 f1 operand fedavg,first,tw_clock_energy_cos,3,0.9994127237593601,0.9992617805418786,0.99947759477677
A,partition,0.3|wd0.0,partitions K50 E5 f1 operand fedavg,memo,tw_step_gap,3,0.0,0.0,0.0
A,partition,0.3|wd0.0,partitions K50 E5 f1 operand fedavg,memo,tw_rel_dist,3,0.08344802260398865,0.08194934949278831,0.0859389379620552
A,partition,0.3|wd0.0,partitions K50 E5 f1 operand fedavg,memo,tw_cos,3,0.9971204996109009,0.9969224631786346,0.9972255527973175
A,partition,0.3|wd0.0,partitions K50 E5 f1 operand fedavg,memo,tw_first_rel_dist,3,0.08178707957267761,0.08043141290545464,0.08407748118042946
A,partition,0.3|wd0.0,partitions K50 E5 f1 operand fedavg,memo,tw_pred_agree_te,3,0.8527402281761169,0.8440868258476257,0.8538788557052612
A,partition,0.3|wd0.0,partitions K50 E5 f1 operand fedavg,memo,tw_twin_acc_te,3,0.1669955998659134,0.15940488874912262,0.23531197756528854
A,partition,0.3|wd0.0,partitions K50 E5 f1 operand fedavg,memo,tw_fed_acc_te,3,0.22772127389907837,0.21253985166549683,0.2808562368154526
A,partition,0.3|wd0.0,partitions K50 E5 f1 operand fedavg,memo,tw_cka_te,3,0.9820388779182339,0.9815789543891169,0.9853099564133934
A,partition,0.3|wd0.0,partitions K50 E5 f1 operand fedavg,memo,tw_pred_agree_grid,3,0.8968009352684021,0.8906897604465485,0.8973854780197144
A,partition,0.3|wd0.0,partitions K50 E5 f1 operand fedavg,memo,tw_clock_key_jaccard,3,1.0,0.9743589743589743,1.0
A,partition,0.3|wd0.0,partitions K50 E5 f1 operand fedavg,memo,tw_clock_energy_cos,3,0.9994127237593601,0.9992617805418786,0.99947759477677
A,partition,0.3|wd0.0,partitions K50 E5 f1 target fedavg,cross,tw_step_gap,3,0.0,0.0,0.0
A,partition,0.3|wd0.0,partitions K50 E5 f1 target fedavg,cross,tw_rel_dist,3,1.1291775703430176,1.1259408593177795,1.143411934375763
A,partition,0.3|wd0.0,partitions K50 E5 f1 target fedavg,cross,tw_cos,3,0.324779212474823,0.3112417608499527,0.3368252366781235
A,partition,0.3|wd0.0,partitions K50 E5 f1 target fedavg,cross,tw_first_rel_dist,3,1.1705937385559082,1.1698508858680725,1.1860736012458801
A,partition,0.3|wd0.0,partitions K50 E5 f1 target fedavg,cross,tw_pred_agree_te,3,0.947927713394165,0.9332017600536346,0.9548352658748627
A,partition,0.3|wd0.0,partitions K50 E5 f1 target fedavg,cross,tw_twin_acc_te,3,100.0,100.0,100.0
A,partition,0.3|wd0.0,partitions K50 E5 f1 target fedavg,cross,tw_fed_acc_te,3,94.79277038574219,93.32017517089844,95.48352432250977
A,partition,0.3|wd0.0,partitions K50 E5 f1 target fedavg,cross,tw_cka_te,3,0.22928603452186885,0.22667000444020613,0.24008007816257335
A,partition,0.3|wd0.0,partitions K50 E5 f1 target fedavg,cross,tw_pred_agree_grid,3,0.9547241926193237,0.9440960884094238,0.9605165421962738
A,partition,0.3|wd0.0,partitions K50 E5 f1 target fedavg,cross,tw_clock_key_jaccard,3,0.3333333333333333,0.3111111111111111,0.3527131782945736
A,partition,0.3|wd0.0,partitions K50 E5 f1 target fedavg,cross,tw_clock_energy_cos,3,0.6053765437702807,0.600363942303676,0.6126296174559955
A,partition,0.3|wd0.0,partitions K50 E5 f1 target fedavg,end,tw_step_gap,3,0.0,0.0,0.0
A,partition,0.3|wd0.0,partitions K50 E5 f1 target fedavg,end,tw_rel_dist,3,1.1489791870117188,1.1434165835380554,1.1543989181518555
A,partition,0.3|wd0.0,partitions K50 E5 f1 target fedavg,end,tw_cos,3,0.2853034436702728,0.2775093764066696,0.2875511646270752
A,partition,0.3|wd0.0,partitions K50 E5 f1 target fedavg,end,tw_first_rel_dist,3,1.1917704343795776,1.1833872199058533,1.1951662302017212
A,partition,0.3|wd0.0,partitions K50 E5 f1 target fedavg,end,tw_pred_agree_te,3,1.0,0.9996963739395142,1.0
A,partition,0.3|wd0.0,partitions K50 E5 f1 target fedavg,end,tw_twin_acc_te,3,100.0,100.0,100.0
A,partition,0.3|wd0.0,partitions K50 E5 f1 target fedavg,end,tw_fed_acc_te,3,100.0,99.96963882446289,100.0
A,partition,0.3|wd0.0,partitions K50 E5 f1 target fedavg,end,tw_cka_te,3,0.28288849493004353,0.27168313295889784,0.28672658833485115
A,partition,0.3|wd0.0,partitions K50 E5 f1 target fedavg,end,tw_pred_agree_grid,3,1.0,0.999787449836731,1.0
A,partition,0.3|wd0.0,partitions K50 E5 f1 target fedavg,end,tw_clock_key_jaccard,3,0.4318181818181818,0.4115612648221344,0.4318181818181818
A,partition,0.3|wd0.0,partitions K50 E5 f1 target fedavg,end,tw_clock_energy_cos,3,0.6821484268630916,0.6814372732800891,0.6837424195113831
A,partition,0.3|wd0.0,partitions K50 E5 f1 target fedavg,first,tw_step_gap,3,0.0,0.0,0.0
A,partition,0.3|wd0.0,partitions K50 E5 f1 target fedavg,first,tw_rel_dist,3,0.6762827634811401,0.6757963299751282,0.6791667938232422
A,partition,0.3|wd0.0,partitions K50 E5 f1 target fedavg,first,tw_cos,3,0.832372784614563,0.8319506943225861,0.8334151804447174
A,partition,0.3|wd0.0,partitions K50 E5 f1 target fedavg,first,tw_first_rel_dist,3,0.653119683265686,0.6514803767204285,0.6563689410686493
A,partition,0.3|wd0.0,partitions K50 E5 f1 target fedavg,first,tw_pred_agree_te,3,0.20434188842773438,0.20358281582593918,0.21246394515037537
A,partition,0.3|wd0.0,partitions K50 E5 f1 target fedavg,first,tw_twin_acc_te,3,0.1669955998659134,0.15940488874912262,0.23531197756528854
A,partition,0.3|wd0.0,partitions K50 E5 f1 target fedavg,first,tw_fed_acc_te,3,0.5313495993614197,0.5161681771278381,0.5844845771789551
A,partition,0.3|wd0.0,partitions K50 E5 f1 target fedavg,first,tw_cka_te,3,0.47534738585716124,0.46520100678502574,0.4947824258635094
A,partition,0.3|wd0.0,partitions K50 E5 f1 target fedavg,first,tw_pred_agree_grid,3,0.4307577908039093,0.43001382052898407,0.43580615520477295
A,partition,0.3|wd0.0,partitions K50 E5 f1 target fedavg,first,tw_clock_key_jaccard,3,0.40476190476190477,0.3841991341991342,0.42189314750290363
A,partition,0.3|wd0.0,partitions K50 E5 f1 target fedavg,first,tw_clock_energy_cos,3,0.6659887459270277,0.6418407700689089,0.6753857957375498
A,partition,0.3|wd0.0,partitions K50 E5 f1 target fedavg,memo,tw_step_gap,3,0.0,0.0,0.0
A,partition,0.3|wd0.0,partitions K50 E5 f1 target fedavg,memo,tw_rel_dist,3,1.1417111158370972,1.1369994282722473,1.1508402824401855
A,partition,0.3|wd0.0,partitions K50 E5 f1 target fedavg,memo,tw_cos,3,0.3090209364891052,0.29775188863277435,0.3105223476886749
A,partition,0.3|wd0.0,partitions K50 E5 f1 target fedavg,memo,tw_first_rel_dist,3,1.1873621940612793,1.1800002455711365,1.19497948884964
A,partition,0.3|wd0.0,partitions K50 E5 f1 target fedavg,memo,tw_pred_agree_te,3,0.9799605011940002,0.9733566045761108,0.9801123440265656
A,partition,0.3|wd0.0,partitions K50 E5 f1 target fedavg,memo,tw_twin_acc_te,3,100.0,100.0,100.0
A,partition,0.3|wd0.0,partitions K50 E5 f1 target fedavg,memo,tw_fed_acc_te,3,97.99604797363281,97.33565902709961,98.01123428344727
A,partition,0.3|wd0.0,partitions K50 E5 f1 target fedavg,memo,tw_cka_te,3,0.2670107923692934,0.2537772151887283,0.2676871580852665
A,partition,0.3|wd0.0,partitions K50 E5 f1 target fedavg,memo,tw_pred_agree_grid,3,0.9829950332641602,0.9769369959831238,0.9836327135562897
A,partition,0.3|wd0.0,partitions K50 E5 f1 target fedavg,memo,tw_clock_key_jaccard,3,0.38636363636363635,0.37095959595959593,0.38636363636363635
A,partition,0.3|wd0.0,partitions K50 E5 f1 target fedavg,memo,tw_clock_energy_cos,3,0.6519359863608531,0.6438810721088135,0.6536644698985381
A',K,0.2|wd0.1,aggregation K10 E5 f1 iid fedavg,cross,tw_step_gap,3,0.0,0.0,0.0
A',K,0.2|wd0.1,aggregation K10 E5 f1 iid fedavg,cross,tw_rel_dist,3,1.318953037261963,1.3057806491851807,1.3226282596588135
A',K,0.2|wd0.1,aggregation K10 E5 f1 iid fedavg,cross,tw_cos,3,0.08312467485666275,0.07042025588452816,0.08361691981554031
A',K,0.2|wd0.1,aggregation K10 E5 f1 iid fedavg,cross,tw_first_rel_dist,3,1.3229306936264038,1.3101720213890076,1.3280699253082275
A',K,0.2|wd0.1,aggregation K10 E5 f1 iid fedavg,cross,tw_pred_agree_te,3,0.8508235812187195,0.8131641745567322,0.8582624793052673
A',K,0.2|wd0.1,aggregation K10 E5 f1 iid fedavg,cross,tw_twin_acc_te,3,99.9867172241211,99.9335823059082,99.99335861206055
A',K,0.2|wd0.1,aggregation K10 E5 f1 iid fedavg,cross,tw_fed_acc_te,3,85.08235931396484,81.34962844848633,85.82624816894531
A',K,0.2|wd0.1,aggregation K10 E5 f1 iid fedavg,cross,tw_cka_te,3,0.17185405939715628,0.16146731775316442,0.1819803099044663
A',K,0.2|wd0.1,aggregation K10 E5 f1 iid fedavg,cross,tw_pred_agree_grid,3,0.8806462287902832,0.8505154848098755,0.8865979611873627
A',K,0.2|wd0.1,aggregation K10 E5 f1 iid fedavg,cross,tw_clock_key_jaccard,3,0.5416666666666666,0.5317028985507246,0.5643115942028986
A',K,0.2|wd0.1,aggregation K10 E5 f1 iid fedavg,cross,tw_clock_energy_cos,3,0.7364843431431695,0.727836885243597,0.7599276029776555
A',K,0.2|wd0.1,aggregation K10 E5 f1 iid fedavg,end,tw_step_gap,3,0.0,0.0,0.0
A',K,0.2|wd0.1,aggregation K10 E5 f1 iid fedavg,end,tw_rel_dist,3,1.304186224937439,1.29230535030365,1.3163834810256958
A',K,0.2|wd0.1,aggregation K10 E5 f1 iid fedavg,end,tw_cos,3,0.04779256880283356,0.04202207550406456,0.05403353087604046
A',K,0.2|wd0.1,aggregation K10 E5 f1 iid fedavg,end,tw_first_rel_dist,3,1.3010927438735962,1.2883586287498474,1.3135676383972168
A',K,0.2|wd0.1,aggregation K10 E5 f1 iid fedavg,end,tw_pred_agree_te,3,1.0,1.0,1.0
A',K,0.2|wd0.1,aggregation K10 E5 f1 iid fedavg,end,tw_twin_acc_te,3,100.0,100.0,100.0
A',K,0.2|wd0.1,aggregation K10 E5 f1 iid fedavg,end,tw_fed_acc_te,3,100.0,100.0,100.0
A',K,0.2|wd0.1,aggregation K10 E5 f1 iid fedavg,end,tw_cka_te,3,0.20913390486118233,0.19357383230438294,0.20929973971015203
A',K,0.2|wd0.1,aggregation K10 E5 f1 iid fedavg,end,tw_pred_agree_grid,3,1.0,1.0,1.0
A',K,0.2|wd0.1,aggregation K10 E5 f1 iid fedavg,end,tw_clock_key_jaccard,3,0.8125,0.8125,0.8125
A',K,0.2|wd0.1,aggregation K10 E5 f1 iid fedavg,end,tw_clock_energy_cos,3,0.9984943873559103,0.9982651736201958,0.9989394940371281
A',K,0.2|wd0.1,aggregation K10 E5 f1 iid fedavg,first,tw_step_gap,3,0.0,0.0,0.0
A',K,0.2|wd0.1,aggregation K10 E5 f1 iid fedavg,first,tw_rel_dist,3,1.2924801111221313,1.283888339996338,1.3007408380508423
A',K,0.2|wd0.1,aggregation K10 E5 f1 iid fedavg,first,tw_cos,3,0.10351688414812088,0.1025271788239479,0.10617746785283089
A',K,0.2|wd0.1,aggregation K10 E5 f1 iid fedavg,first,tw_first_rel_dist,3,1.3052926063537598,1.296560823917389,1.314864993095398
A',K,0.2|wd0.1,aggregation K10 E5 f1 iid fedavg,first,tw_pred_agree_te,3,0.013150903396308422,0.012420297600328922,0.01428002119064331
A',K,0.2|wd0.1,aggregation K10 E5 f1 iid fedavg,first,tw_twin_acc_te,3,99.72103881835938,98.68490600585938,99.7542495727539
A',K,0.2|wd0.1,aggregation K10 E5 f1 iid fedavg,first,tw_fed_acc_te,3,1.315090298652649,1.2420297265052795,1.428002119064331
A',K,0.2|wd0.1,aggregation K10 E5 f1 iid fedavg,first,tw_cka_te,3,0.19159072610128483,0.1892513996310238,0.19484924227194425
A',K,0.2|wd0.1,aggregation K10 E5 f1 iid fedavg,first,tw_pred_agree_grid,3,0.21043682098388672,0.20985227078199387,0.21134021133184433
A',K,0.2|wd0.1,aggregation K10 E5 f1 iid fedavg,first,tw_clock_key_jaccard,3,0.5777777777777777,0.5714975845410628,0.5888888888888888
A',K,0.2|wd0.1,aggregation K10 E5 f1 iid fedavg,first,tw_clock_energy_cos,3,0.6353756004788226,0.573759695970519,0.6622383855613727
A',K,0.2|wd0.1,aggregation K2 E5 f1 iid fedavg,cross,tw_step_gap,3,0.0,0.0,0.0
A',K,0.2|wd0.1,aggregation K2 E5 f1 iid fedavg,cross,tw_rel_dist,3,1.2548991441726685,1.2526715993881226,1.2702693343162537
A',K,0.2|wd0.1,aggregation K2 E5 f1 iid fedavg,cross,tw_cos,3,0.06862534582614899,0.0603753924369812,0.07645227015018463
A',K,0.2|wd0.1,aggregation K2 E5 f1 iid fedavg,cross,tw_first_rel_dist,3,1.0193748474121094,1.0149292349815369,1.0259702801704407
A',K,0.2|wd0.1,aggregation K2 E5 f1 iid fedavg,cross,tw_pred_agree_te,3,0.8322263360023499,0.7685972154140472,0.8898777663707733
A',K,0.2|wd0.1,aggregation K2 E5 f1 iid fedavg,cross,tw_twin_acc_te,3,100.0,100.0,100.0
A',K,0.2|wd0.1,aggregation K2 E5 f1 iid fedavg,cross,tw_fed_acc_te,3,83.2226333618164,76.85972213745117,88.98777770996094
A',K,0.2|wd0.1,aggregation K2 E5 f1 iid fedavg,cross,tw_cka_te,3,0.17436055897652245,0.16647570127991884,0.21073915678377333
A',K,0.2|wd0.1,aggregation K2 E5 f1 iid fedavg,cross,tw_pred_agree_grid,3,0.8657668232917786,0.8148581385612488,0.9118928909301758
A',K,0.2|wd0.1,aggregation K2 E5 f1 iid fedavg,cross,tw_clock_key_jaccard,3,0.5106382978723404,0.5053191489361701,0.5442080378250591
A',K,0.2|wd0.1,aggregation K2 E5 f1 iid fedavg,cross,tw_clock_energy_cos,3,0.743535261297133,0.7078071520347469,0.7478565541970401
A',K,0.2|wd0.1,aggregation K2 E5 f1 iid fedavg,end,tw_step_gap,3,0.0,0.0,0.0
A',K,0.2|wd0.1,aggregation K2 E5 f1 iid fedavg,end,tw_rel_dist,3,1.2280678749084473,1.211463451385498,1.2340152263641357
A',K,0.2|wd0.1,aggregation K2 E5 f1 iid fedavg,end,tw_cos,3,0.09923239052295685,0.09084105119109154,0.12254759669303894
A',K,0.2|wd0.1,aggregation K2 E5 f1 iid fedavg,end,tw_first_rel_dist,3,1.2222166061401367,1.2050774097442627,1.2271597385406494
A',K,0.2|wd0.1,aggregation K2 E5 f1 iid fedavg,end,tw_pred_agree_te,3,1.0,1.0,1.0
A',K,0.2|wd0.1,aggregation K2 E5 f1 iid fedavg,end,tw_twin_acc_te,3,100.0,100.0,100.0
A',K,0.2|wd0.1,aggregation K2 E5 f1 iid fedavg,end,tw_fed_acc_te,3,100.0,100.0,100.0
A',K,0.2|wd0.1,aggregation K2 E5 f1 iid fedavg,end,tw_cka_te,3,0.447560374808005,0.4415818315330675,0.45607337564088474
A',K,0.2|wd0.1,aggregation K2 E5 f1 iid fedavg,end,tw_pred_agree_grid,3,1.0,1.0,1.0
A',K,0.2|wd0.1,aggregation K2 E5 f1 iid fedavg,end,tw_clock_key_jaccard,3,0.8723404255319149,0.8528368794326242,0.8926919518963923
A',K,0.2|wd0.1,aggregation K2 E5 f1 iid fedavg,end,tw_clock_energy_cos,3,0.9999100789369443,0.999905657152669,0.999912055848006
A',K,0.2|wd0.1,aggregation K2 E5 f1 iid fedavg,first,tw_step_gap,3,0.0,0.0,0.0
A',K,0.2|wd0.1,aggregation K2 E5 f1 iid fedavg,first,tw_rel_dist,3,1.1232753992080688,1.1229755282402039,1.1295974850654602
A',K,0.2|wd0.1,aggregation K2 E5 f1 iid fedavg,first,tw_cos,3,0.11863045394420624,0.1183912344276905,0.12449858337640762
A',K,0.2|wd0.1,aggregation K2 E5 f1 iid fedavg,first,tw_first_rel_dist,3,1.0128709077835083,1.012406826019287,1.014106810092926
A',K,0.2|wd0.1,aggregation K2 E5 f1 iid fedavg,first,tw_pred_agree_te,3,0.01235387846827507,0.010494154877960682,0.012420297134667635
A',K,0.2|wd0.1,aggregation K2 E5 f1 iid fedavg,first,tw_twin_acc_te,3,99.72103881835938,98.68490600585938,99.7542495727539
A',K,0.2|wd0.1,aggregation K2 E5 f1 iid fedavg,first,tw_fed_acc_te,3,1.2353878021240234,1.036131739616394,1.2420296669006348
A',K,0.2|wd0.1,aggregation K2 E5 f1 iid fedavg,first,tw_cka_te,3,0.18782030905697722,0.18238603814556403,0.19158571666114207
A',K,0.2|wd0.1,aggregation K2 E5 f1 iid fedavg,first,tw_pred_agree_grid,3,0.2097991406917572,0.20831120014190674,0.20985227823257446
A',K,0.2|wd0.1,aggregation K2 E5 f1 iid fedavg,first,tw_clock_key_jaccard,3,0.6304347826086957,0.5978260869565217,0.6596618357487922
A',K,0.2|wd0.1,aggregation K2 E5 f1 iid fedavg,first,tw_clock_energy_cos,3,0.711102366929445,0.676825425422567,0.7324995821090408
A',K,0.2|wd0.1,aggregation K20 E5 f1 iid fedavg,cross,tw_step_gap,3,0.0,0.0,0.0
A',K,0.2|wd0.1,aggregation K20 E5 f1 iid fedavg,cross,tw_rel_dist,3,1.3238022327423096,1.3235673904418945,1.3288257718086243
A',K,0.2|wd0.1,aggregation K20 E5 f1 iid fedavg,cross,tw_cos,3,0.05985305458307266,0.05394834466278553,0.06204870343208313
A',K,0.2|wd0.1,aggregation K20 E5 f1 iid fedavg,cross,tw_first_rel_dist,3,1.3253780603408813,1.3252387642860413,1.3305314779281616
A',K,0.2|wd0.1,aggregation K20 E5 f1 iid fedavg,cross,tw_pred_agree_te,3,0.9237512946128845,0.8733395040035248,0.9485254883766174
A',K,0.2|wd0.1,aggregation K20 E5 f1 iid fedavg,cross,tw_twin_acc_te,3,100.0,100.0,100.0
A',K,0.2|wd0.1,aggregation K20 E5 f1 iid fedavg,cross,tw_fed_acc_te,3,92.37512969970703,87.33395004272461,94.8525505065918
A',K,0.2|wd0.1,aggregation K20 E5 f1 iid fedavg,cross,tw_cka_te,3,0.20462689773259193,0.20093336007586182,0.22453989169631833
A',K,0.2|wd0.1,aggregation K20 E5 f1 iid fedavg,cross,tw_pred_agree_grid,3,0.9389945864677429,0.8986608684062958,0.9588160514831543
A',K,0.2|wd0.1,aggregation K20 E5 f1 iid fedavg,cross,tw_clock_key_jaccard,3,0.6304347826086957,0.6086956521739131,0.6343663274745606
A',K,0.2|wd0.1,aggregation K20 E5 f1 iid fedavg,cross,tw_clock_energy_cos,3,0.7782516080589627,0.7749544591241087,0.8071305866070569
A',K,0.2|wd0.1,aggregation K20 E5 f1 iid fedavg,end,tw_step_gap,3,0.0,0.0,0.0
A',K,0.2|wd0.1,aggregation K20 E5 f1 iid fedavg,end,tw_rel_dist,3,1.2996915578842163,1.298832893371582,1.3022514581680298
A',K,0.2|wd0.1,aggregation K20 E5 f1 iid fedavg,end,tw_cos,3,0.04133042320609093,0.03417155705392361,0.04320363514125347
A',K,0.2|wd0.1,aggregation K20 E5 f1 iid fedavg,end,tw_first_rel_dist,3,1.2921786308288574,1.290622353553772,1.2944004535675049
A',K,0.2|wd0.1,aggregation K20 E5 f1 iid fedavg,end,tw_pred_agree_te,3,1.0,1.0,1.0
A',K,0.2|wd0.1,aggregation K20 E5 f1 iid fedavg,end,tw_twin_acc_te,3,100.0,100.0,100.0
A',K,0.2|wd0.1,aggregation K20 E5 f1 iid fedavg,end,tw_fed_acc_te,3,100.0,100.0,100.0
A',K,0.2|wd0.1,aggregation K20 E5 f1 iid fedavg,end,tw_cka_te,3,0.22388203043546734,0.20725032977858038,0.22992558865996016
A',K,0.2|wd0.1,aggregation K20 E5 f1 iid fedavg,end,tw_pred_agree_grid,3,1.0,1.0,1.0
A',K,0.2|wd0.1,aggregation K20 E5 f1 iid fedavg,end,tw_clock_key_jaccard,3,0.8125,0.8125,0.8125
A',K,0.2|wd0.1,aggregation K20 E5 f1 iid fedavg,end,tw_clock_energy_cos,3,0.9971778837783395,0.9971513773856642,0.9972293090593523
A',K,0.2|wd0.1,aggregation K20 E5 f1 iid fedavg,first,tw_step_gap,3,0.0,0.0,0.0
A',K,0.2|wd0.1,aggregation K20 E5 f1 iid fedavg,first,tw_rel_dist,3,1.2517427206039429,1.248788297176361,1.259284496307373
A',K,0.2|wd0.1,aggregation K20 E5 f1 iid fedavg,first,tw_cos,3,0.0969582349061966,0.09693959355354309,0.09788407757878304
A',K,0.2|wd0.1,aggregation K20 E5 f1 iid fedavg,first,tw_first_rel_dist,3,1.2620776891708374,1.2593907713890076,1.2707595229148865
A',K,0.2|wd0.1,aggregation K20 E5 f1 iid fedavg,first,tw_pred_agree_te,3,0.007173219695687294,0.0070403823629021645,0.007438894594088197
A',K,0.2|wd0.1,aggregation K20 E5 f1 iid fedavg,first,tw_twin_acc_te,3,99.72103881835938,98.68490600585938,99.7542495727539
A',K,0.2|wd0.1,aggregation K20 E5 f1 iid fedavg,first,tw_fed_acc_te,3,0.7040382623672485,0.6907545030117035,0.7372476160526276
A',K,0.2|wd0.1,aggregation K20 E5 f1 iid fedavg,first,tw_cka_te,3,0.19291372775405619,0.18599565596054896,0.1950274106824641
A',K,0.2|wd0.1,aggregation K20 E5 f1 iid fedavg,first,tw_pred_agree_grid,3,0.20491020381450653,0.20485705882310867,0.20512276142835617
A',K,0.2|wd0.1,aggregation K20 E5 f1 iid fedavg,first,tw_clock_key_jaccard,3,0.6595744680851063,0.6015263644773358,0.7047872340425532
A',K,0.2|wd0.1,aggregation K20 E5 f1 iid fedavg,first,tw_clock_energy_cos,3,0.7941831248614247,0.7835487186622568,0.8336104578575938
A',K,0.2|wd0.1,aggregation K5 E5 f1 iid fedavg,cross,tw_step_gap,3,0.0,0.0,0.0
A',K,0.2|wd0.1,aggregation K5 E5 f1 iid fedavg,cross,tw_rel_dist,3,1.3260811567306519,1.3252912163734436,1.3351860642433167
A',K,0.2|wd0.1,aggregation K5 E5 f1 iid fedavg,cross,tw_cos,3,0.08593089878559113,0.07831540331244469,0.08955816552042961
A',K,0.2|wd0.1,aggregation K5 E5 f1 iid fedavg,cross,tw_first_rel_dist,3,1.3357738256454468,1.3344131708145142,1.3424808382987976
A',K,0.2|wd0.1,aggregation K5 E5 f1 iid fedavg,cross,tw_pred_agree_te,3,0.9988044500350952,0.7865302860736847,0.9993357956409454
A',K,0.2|wd0.1,aggregation K5 E5 f1 iid fedavg,cross,tw_twin_acc_te,3,99.94686126708984,99.91365432739258,99.97343063354492
A',K,0.2|wd0.1,aggregation K5 E5 f1 iid fedavg,cross,tw_fed_acc_te,3,99.9867172241211,78.71280479431152,99.99335861206055
A',K,0.2|wd0.1,aggregation K5 E5 f1 iid fedavg,cross,tw_cka_te,3,0.21038865790503017,0.19678330017221077,0.2414418984936047
A',K,0.2|wd0.1,aggregation K5 E5 f1 iid fedavg,cross,tw_pred_agree_grid,3,0.9990434646606445,0.8292060792446136,0.999468594789505
A',K,0.2|wd0.1,aggregation K5 E5 f1 iid fedavg,cross,tw_clock_key_jaccard,3,0.7021276595744681,0.6445420906567993,0.709759481961147
A',K,0.2|wd0.1,aggregation K5 E5 f1 iid fedavg,cross,tw_clock_energy_cos,3,0.9093597205776011,0.8372242962302698,0.9144446249933544
A',K,0.2|wd0.1,aggregation K5 E5 f1 iid fedavg,end,tw_step_gap,3,0.0,0.0,0.0
A',K,0.2|wd0.1,aggregation K5 E5 f1 iid fedavg,end,tw_rel_dist,3,1.3045722246170044,1.289673924446106,1.3060205578804016
A',K,0.2|wd0.1,aggregation K5 E5 f1 iid fedavg,end,tw_cos,3,0.055417973548173904,0.054603461176157,0.059340180829167366
A',K,0.2|wd0.1,aggregation K5 E5 f1 iid fedavg,end,tw_first_rel_dist,3,1.3027338981628418,1.287219226360321,1.303699791431427
A',K,0.2|wd0.1,aggregation K5 E5 f1 iid fedavg,end,tw_pred_agree_te,3,1.0,1.0,1.0
A',K,0.2|wd0.1,aggregation K5 E5 f1 iid fedavg,end,tw_twin_acc_te,3,100.0,100.0,100.0
A',K,0.2|wd0.1,aggregation K5 E5 f1 iid fedavg,end,tw_fed_acc_te,3,100.0,100.0,100.0
A',K,0.2|wd0.1,aggregation K5 E5 f1 iid fedavg,end,tw_cka_te,3,0.19122767674517313,0.1899688124345214,0.20625931750097293
A',K,0.2|wd0.1,aggregation K5 E5 f1 iid fedavg,end,tw_pred_agree_grid,3,1.0,1.0,1.0
A',K,0.2|wd0.1,aggregation K5 E5 f1 iid fedavg,end,tw_clock_key_jaccard,3,0.851063829787234,0.831781914893617,0.851063829787234
A',K,0.2|wd0.1,aggregation K5 E5 f1 iid fedavg,end,tw_clock_energy_cos,3,0.9995995109372484,0.9994189617454229,0.9996079864760048
A',K,0.2|wd0.1,aggregation K5 E5 f1 iid fedavg,first,tw_step_gap,3,0.0,0.0,0.0
A',K,0.2|wd0.1,aggregation K5 E5 f1 iid fedavg,first,tw_rel_dist,3,1.311684489250183,1.3107064366340637,1.3178311586380005
A',K,0.2|wd0.1,aggregation K5 E5 f1 iid fedavg,first,tw_cos,3,0.1086881160736084,0.10661445558071136,0.11017556861042976
A',K,0.2|wd0.1,aggregation K5 E5 f1 iid fedavg,first,tw_first_rel_dist,3,1.3257166147232056,1.325093686580658,1.3330097198486328
A',K,0.2|wd0.1,aggregation K5 E5 f1 iid fedavg,first,tw_pred_agree_te,3,0.026301806792616844,0.024508501403033733,0.02915781084448099
A',K,0.2|wd0.1,aggregation K5 E5 f1 iid fedavg,first,tw_twin_acc_te,3,99.72103881835938,98.68490600585938,99.7542495727539
A',K,0.2|wd0.1,aggregation K5 E5 f1 iid fedavg,first,tw_fed_acc_te,3,2.616896867752075,2.444208264350891,2.902497410774231
A',K,0.2|wd0.1,aggregation K5 E5 f1 iid fedavg,first,tw_cka_te,3,0.19729353806819036,0.19506942027519236,0.19941458232719977
A',K,0.2|wd0.1,aggregation K5 E5 f1 iid fedavg,first,tw_pred_agree_grid,3,0.2209586650133133,0.2195238694548607,0.22324370592832565
A',K,0.2|wd0.1,aggregation K5 E5 f1 iid fedavg,first,tw_clock_key_jaccard,3,0.5869565217391305,0.5861611876988335,0.5934782608695652
A',K,0.2|wd0.1,aggregation K5 E5 f1 iid fedavg,first,tw_clock_energy_cos,3,0.6146193419472854,0.6077642127698751,0.6461567789152491
A',K,0.2|wd0.1,aggregation K50 E5 f1 iid fedavg,cross,tw_step_gap,3,0.0,0.0,0.0
A',K,0.2|wd0.1,aggregation K50 E5 f1 iid fedavg,cross,tw_rel_dist,3,1.2502540349960327,1.2447503209114075,1.2503300905227661
A',K,0.2|wd0.1,aggregation K50 E5 f1 iid fedavg,cross,tw_cos,3,0.05405355989933014,0.045403994619846344,0.06091146543622017
A',K,0.2|wd0.1,aggregation K50 E5 f1 iid fedavg,cross,tw_first_rel_dist,3,1.2477688789367676,1.2419207692146301,1.2487636804580688
A',K,0.2|wd0.1,aggregation K50 E5 f1 iid fedavg,cross,tw_pred_agree_te,3,0.9674548506736755,0.9233528077602386,0.9705100953578949
A',K,0.2|wd0.1,aggregation K50 E5 f1 iid fedavg,cross,tw_twin_acc_te,3,100.0,100.0,100.0
A',K,0.2|wd0.1,aggregation K50 E5 f1 iid fedavg,cross,tw_fed_acc_te,3,96.7454833984375,92.33528137207031,97.05101013183594
A',K,0.2|wd0.1,aggregation K50 E5 f1 iid fedavg,cross,tw_cka_te,3,0.2794547929298669,0.27914380800877864,0.2880062407527354
A',K,0.2|wd0.1,aggregation K50 E5 f1 iid fedavg,cross,tw_pred_agree_grid,3,0.9739611148834229,0.9386757612228394,0.9764055907726288
A',K,0.2|wd0.1,aggregation K50 E5 f1 iid fedavg,cross,tw_clock_key_jaccard,3,0.6170212765957447,0.6170212765957447,0.6170212765957447
A',K,0.2|wd0.1,aggregation K50 E5 f1 iid fedavg,cross,tw_clock_energy_cos,3,0.8225913360918033,0.8061799589167222,0.8319194314470385
A',K,0.2|wd0.1,aggregation K50 E5 f1 iid fedavg,end,tw_step_gap,3,0.0,0.0,0.0
A',K,0.2|wd0.1,aggregation K50 E5 f1 iid fedavg,end,tw_rel_dist,3,1.234624981880188,1.232687532901764,1.236935794353485
A',K,0.2|wd0.1,aggregation K50 E5 f1 iid fedavg,end,tw_cos,3,0.05405355989933014,0.04270152561366558,0.056354595348238945
A',K,0.2|wd0.1,aggregation K50 E5 f1 iid fedavg,end,tw_first_rel_dist,3,1.2317053079605103,1.2281251549720764,1.2338889837265015
A',K,0.2|wd0.1,aggregation K50 E5 f1 iid fedavg,end,tw_pred_agree_te,3,0.9944208264350891,0.9839930832386017,0.9962141215801239
A',K,0.2|wd0.1,aggregation K50 E5 f1 iid fedavg,end,tw_twin_acc_te,3,100.0,100.0,100.0
A',K,0.2|wd0.1,aggregation K50 E5 f1 iid fedavg,end,tw_fed_acc_te,3,99.44208526611328,98.39931106567383,99.62141418457031
A',K,0.2|wd0.1,aggregation K50 E5 f1 iid fedavg,end,tw_cka_te,3,0.3159160355831185,0.2976854142564927,0.3175503674374557
A',K,0.2|wd0.1,aggregation K50 E5 f1 iid fedavg,end,tw_pred_agree_grid,3,0.995536208152771,0.9871931374073029,0.9969710111618042
A',K,0.2|wd0.1,aggregation K50 E5 f1 iid fedavg,end,tw_clock_key_jaccard,3,0.717391304347826,0.6672062904717854,0.7282608695652173
A',K,0.2|wd0.1,aggregation K50 E5 f1 iid fedavg,end,tw_clock_energy_cos,3,0.8802210825737351,0.8514062093327692,0.899308143224201
A',K,0.2|wd0.1,aggregation K50 E5 f1 iid fedavg,first,tw_step_gap,3,0.0,0.0,0.0
A',K,0.2|wd0.1,aggregation K50 E5 f1 iid fedavg,first,tw_rel_dist,3,1.20870840549469,1.2031564712524414,1.2092778086662292
A',K,0.2|wd0.1,aggregation K50 E5 f1 iid fedavg,first,tw_cos,3,0.1042124330997467,0.10142138600349426,0.11109193786978722
A',K,0.2|wd0.1,aggregation K50 E5 f1 iid fedavg,first,tw_first_rel_dist,3,1.2190133333206177,1.212638795375824,1.219494879245758
A',K,0.2|wd0.1,aggregation K50 E5 f1 iid fedavg,first,tw_pred_agree_te,3,0.00743889482691884,0.007106801262125373,0.007505313493311405
A',K,0.2|wd0.1,aggregation K50 E5 f1 iid fedavg,first,tw_twin_acc_te,3,99.72103881835938,98.68490600585938,99.7542495727539
A',K,0.2|wd0.1,aggregation K50 E5 f1 iid fedavg,first,tw_fed_acc_te,3,0.6774707436561584,0.6708288788795471,0.7239638566970825
A',K,0.2|wd0.1,aggregation K50 E5 f1 iid fedavg,first,tw_cka_te,3,0.1591854294152043,0.15484320253835815,0.16744597075051976
A',K,0.2|wd0.1,aggregation K50 E5 f1 iid fedavg,first,tw_pred_agree_grid,3,0.2036348283290863,0.2032628431916237,0.20411308854818344
A',K,0.2|wd0.1,aggregation K50 E5 f1 iid fedavg,first,tw_clock_key_jaccard,3,0.6595744680851063,0.6408983451536643,0.6702127659574468
A',K,0.2|wd0.1,aggregation K50 E5 f1 iid fedavg,first,tw_clock_energy_cos,3,0.8670365918596805,0.8477576735422269,0.8870227100525219
A',K,0.2|wd0.1,aggregation K50 E5 f1 iid fedavg,memo,tw_step_gap,3,0.0,0.0,0.0
A',K,0.2|wd0.1,aggregation K50 E5 f1 iid fedavg,memo,tw_rel_dist,3,1.20870840549469,1.2031564712524414,1.2092778086662292
A',K,0.2|wd0.1,aggregation K50 E5 f1 iid fedavg,memo,tw_cos,3,0.1042124330997467,0.10142138600349426,0.11109193786978722
A',K,0.2|wd0.1,aggregation K50 E5 f1 iid fedavg,memo,tw_first_rel_dist,3,1.2190133333206177,1.212638795375824,1.219494879245758
A',K,0.2|wd0.1,aggregation K50 E5 f1 iid fedavg,memo,tw_pred_agree_te,3,0.00743889482691884,0.007106801262125373,0.007505313493311405
A',K,0.2|wd0.1,aggregation K50 E5 f1 iid fedavg,memo,tw_twin_acc_te,3,99.72103881835938,98.68490600585938,99.7542495727539
A',K,0.2|wd0.1,aggregation K50 E5 f1 iid fedavg,memo,tw_fed_acc_te,3,0.6774707436561584,0.6708288788795471,0.7239638566970825
A',K,0.2|wd0.1,aggregation K50 E5 f1 iid fedavg,memo,tw_cka_te,3,0.1591854294152043,0.15484320253835815,0.16744597075051976
A',K,0.2|wd0.1,aggregation K50 E5 f1 iid fedavg,memo,tw_pred_agree_grid,3,0.2036348283290863,0.2032628431916237,0.20411308854818344
A',K,0.2|wd0.1,aggregation K50 E5 f1 iid fedavg,memo,tw_clock_key_jaccard,3,0.6595744680851063,0.6408983451536643,0.6702127659574468
A',K,0.2|wd0.1,aggregation K50 E5 f1 iid fedavg,memo,tw_clock_energy_cos,3,0.8670365918596805,0.8477576735422269,0.8870227100525219
A',partition,0.2|wd0.1,partitions K10 E5 f1 dirichlet0.5 fedavg,cross,tw_step_gap,3,0.0,0.0,0.0
A',partition,0.2|wd0.1,partitions K10 E5 f1 dirichlet0.5 fedavg,cross,tw_rel_dist,3,1.3537521362304688,1.3359658122062683,1.3548502922058105
A',partition,0.2|wd0.1,partitions K10 E5 f1 dirichlet0.5 fedavg,cross,tw_cos,3,0.036496665328741074,0.03344826493412256,0.043922536075115204
A',partition,0.2|wd0.1,partitions K10 E5 f1 dirichlet0.5 fedavg,cross,tw_first_rel_dist,3,1.3551536798477173,1.3394303917884827,1.3574377298355103
A',partition,0.2|wd0.1,partitions K10 E5 f1 dirichlet0.5 fedavg,cross,tw_pred_agree_te,3,0.9726355075836182,0.8235919177532196,0.9818012714385986
A',partition,0.2|wd0.1,partitions K10 E5 f1 dirichlet0.5 fedavg,cross,tw_twin_acc_te,3,100.0,99.99335861206055,100.0
A',partition,0.2|wd0.1,partitions K10 E5 f1 dirichlet0.5 fedavg,cross,tw_fed_acc_te,3,97.2635498046875,82.35919189453125,98.18012619018555
A',partition,0.2|wd0.1,partitions K10 E5 f1 dirichlet0.5 fedavg,cross,tw_cka_te,3,0.1899955817587991,0.16509207995433925,0.19256307495300182
A',partition,0.2|wd0.1,partitions K10 E5 f1 dirichlet0.5 fedavg,cross,tw_pred_agree_grid,3,0.9781060814857483,0.8588585555553436,0.9854394793510437
A',partition,0.2|wd0.1,partitions K10 E5 f1 dirichlet0.5 fedavg,cross,tw_clock_key_jaccard,3,0.5777777777777777,0.5493055555555555,0.6555555555555554
A',partition,0.2|wd0.1,partitions K10 E5 f1 dirichlet0.5 fedavg,cross,tw_clock_energy_cos,3,0.7885463914368308,0.7441799453668982,0.8182066102107317
A',partition,0.2|wd0.1,partitions K10 E5 f1 dirichlet0.5 fedavg,end,tw_step_gap,3,0.0,0.0,0.0
A',partition,0.2|wd0.1,partitions K10 E5 f1 dirichlet0.5 fedavg,end,tw_rel_dist,3,1.3268120288848877,1.3191428780555725,1.3302048444747925
A',partition,0.2|wd0.1,partitions K10 E5 f1 dirichlet0.5 fedavg,end,tw_cos,3,0.026351548731327057,0.02497287467122078,0.028584455139935017
A',partition,0.2|wd0.1,partitions K10 E5 f1 dirichlet0.5 fedavg,end,tw_first_rel_dist,3,1.3242439031600952,1.3159410953521729,1.3278177976608276
A',partition,0.2|wd0.1,partitions K10 E5 f1 dirichlet0.5 fedavg,end,tw_pred_agree_te,3,1.0,1.0,1.0
A',partition,0.2|wd0.1,partitions K10 E5 f1 dirichlet0.5 fedavg,end,tw_twin_acc_te,3,100.0,100.0,100.0
A',partition,0.2|wd0.1,partitions K10 E5 f1 dirichlet0.5 fedavg,end,tw_fed_acc_te,3,100.0,100.0,100.0
A',partition,0.2|wd0.1,partitions K10 E5 f1 dirichlet0.5 fedavg,end,tw_cka_te,3,0.23732982826866716,0.22747980938967594,0.2456825461615565
A',partition,0.2|wd0.1,partitions K10 E5 f1 dirichlet0.5 fedavg,end,tw_pred_agree_grid,3,1.0,1.0,1.0
A',partition,0.2|wd0.1,partitions K10 E5 f1 dirichlet0.5 fedavg,end,tw_clock_key_jaccard,3,0.8125,0.8125,0.831781914893617
A',partition,0.2|wd0.1,partitions K10 E5 f1 dirichlet0.5 fedavg,end,tw_clock_energy_cos,3,0.9987125238760983,0.9987093864882925,0.9990952760789136
A',partition,0.2|wd0.1,partitions K10 E5 f1 dirichlet0.5 fedavg,first,tw_step_gap,3,0.0,0.0,0.0
A',partition,0.2|wd0.1,partitions K10 E5 f1 dirichlet0.5 fedavg,first,tw_rel_dist,3,1.3229143619537354,1.319141447544098,1.324192464351654
A',partition,0.2|wd0.1,partitions K10 E5 f1 dirichlet0.5 fedavg,first,tw_cos,3,0.083925761282444,0.0815347321331501,0.08638182282447815
A',partition,0.2|wd0.1,partitions K10 E5 f1 dirichlet0.5 fedavg,first,tw_first_rel_dist,3,1.3389091491699219,1.3343673944473267,1.3394161462783813
A',partition,0.2|wd0.1,partitions K10 E5 f1 dirichlet0.5 fedavg,first,tw_pred_agree_te,3,0.010361317545175552,0.009564293082803488,0.010959086008369923
A',partition,0.2|wd0.1,partitions K10 E5 f1 dirichlet0.5 fedavg,first,tw_twin_acc_te,3,99.72103881835938,98.68490600585938,99.7542495727539
A',partition,0.2|wd0.1,partitions K10 E5 f1 dirichlet0.5 fedavg,first,tw_fed_acc_te,3,1.0228480100631714,0.9431455731391907,1.0892667174339294
A',partition,0.2|wd0.1,partitions K10 E5 f1 dirichlet0.5 fedavg,first,tw_cka_te,3,0.1936540899951261,0.1888569084638356,0.1982802345535642
A',partition,0.2|wd0.1,partitions K10 E5 f1 dirichlet0.5 fedavg,first,tw_pred_agree_grid,3,0.2080986350774765,0.207301527261734,0.20852375775575638
A',partition,0.2|wd0.1,partitions K10 E5 f1 dirichlet0.5 fedavg,first,tw_clock_key_jaccard,3,0.5957446808510638,0.5696114708603145,0.6200945626477541
A',partition,0.2|wd0.1,partitions K10 E5 f1 dirichlet0.5 fedavg,first,tw_clock_energy_cos,3,0.6702829605254322,0.6617723631612319,0.6775192234838101
A',partition,0.2|wd0.1,partitions K10 E5 f1 operand fedavg,cross,tw_step_gap,2,0.0,0.0,0.0
A',partition,0.2|wd0.1,partitions K10 E5 f1 operand fedavg,cross,tw_rel_dist,2,1.3872476816177368,1.3867963552474976,1.387699007987976
A',partition,0.2|wd0.1,partitions K10 E5 f1 operand fedavg,cross,tw_cos,2,-0.00025939755141735077,-0.003151816548779607,0.0026330214459449053
A',partition,0.2|wd0.1,partitions K10 E5 f1 operand fedavg,cross,tw_first_rel_dist,2,1.328969419002533,1.327171415090561,1.330767422914505
A',partition,0.2|wd0.1,partitions K10 E5 f1 operand fedavg,cross,tw_pred_agree_te,2,0.9583554565906525,0.9565289467573166,0.9601819664239883
A',partition,0.2|wd0.1,partitions K10 E5 f1 operand fedavg,cross,tw_twin_acc_te,2,100.0,100.0,100.0
A',partition,0.2|wd0.1,partitions K10 E5 f1 operand fedavg,cross,tw_fed_acc_te,2,95.8355484008789,95.65289688110352,96.0181999206543
A',partition,0.2|wd0.1,partitions K10 E5 f1 operand fedavg,cross,tw_cka_te,2,0.16872924555788252,0.16446053155627638,0.17299795955948866
A',partition,0.2|wd0.1,partitions K10 E5 f1 operand fedavg,cross,tw_pred_agree_grid,2,0.9666808545589447,0.9652194827795029,0.9681422263383865
A',partition,0.2|wd0.1,partitions K10 E5 f1 operand fedavg,cross,tw_clock_key_jaccard,2,0.5580673758865249,0.5498670212765957,0.566267730496454
A',partition,0.2|wd0.1,partitions K10 E5 f1 operand fedavg,cross,tw_clock_energy_cos,2,0.7922068317783191,0.7918866627340704,0.7925270008225678
A',partition,0.2|wd0.1,partitions K10 E5 f1 operand fedavg,end,tw_step_gap,3,0.0,0.0,0.0
A',partition,0.2|wd0.1,partitions K10 E5 f1 operand fedavg,end,tw_rel_dist,3,1.3863450288772583,1.3554162979125977,1.3872476816177368
A',partition,0.2|wd0.1,partitions K10 E5 f1 operand fedavg,end,tw_cos,3,0.005525440443307161,-0.00025939755141735077,0.0067309068981558084
A',partition,0.2|wd0.1,partitions K10 E5 f1 operand fedavg,end,tw_first_rel_dist,3,1.3253734111785889,1.2790059447288513,1.328969419002533
A',partition,0.2|wd0.1,partitions K10 E5 f1 operand fedavg,end,tw_pred_agree_te,3,0.9547024369239807,0.8712141215801239,0.9583554565906525
A',partition,0.2|wd0.1,partitions K10 E5 f1 operand fedavg,end,tw_twin_acc_te,3,100.0,100.0,100.0
A',partition,0.2|wd0.1,partitions K10 E5 f1 operand fedavg,end,tw_fed_acc_te,3,95.47024536132812,87.12141418457031,95.8355484008789
A',partition,0.2|wd0.1,partitions K10 E5 f1 operand fedavg,end,tw_cka_te,3,0.16897012850401033,0.16458097302934027,0.17311840103255258
A',partition,0.2|wd0.1,partitions K10 E5 f1 operand fedavg,end,tw_pred_agree_grid,3,0.963758111000061,0.8969603776931763,0.9666808545589447
A',partition,0.2|wd0.1,partitions K10 E5 f1 operand fedavg,end,tw_clock_key_jaccard,3,0.5416666666666666,0.49423758865248224,0.5580673758865249
A',partition,0.2|wd0.1,partitions K10 E5 f1 operand fedavg,end,tw_clock_energy_cos,3,0.7915664936898217,0.7455954074152926,0.7922068317783191
A',partition,0.2|wd0.1,partitions K10 E5 f1 operand fedavg,first,tw_step_gap,3,0.0,0.0,0.0
A',partition,0.2|wd0.1,partitions K10 E5 f1 operand fedavg,first,tw_rel_dist,3,1.2036088705062866,1.2012330889701843,1.2075376510620117
A',partition,0.2|wd0.1,partitions K10 E5 f1 operand fedavg,first,tw_cos,3,0.08206141740083694,0.08160469681024551,0.08300134912133217
A',partition,0.2|wd0.1,partitions K10 E5 f1 operand fedavg,first,tw_first_rel_dist,3,1.183111548423767,1.182029128074646,1.1870556473731995
A',partition,0.2|wd0.1,partitions K10 E5 f1 operand fedavg,first,tw_pred_agree_te,3,0.01740170083940029,0.013947927858680487,0.01853081863373518
A',partition,0.2|wd0.1,partitions K10 E5 f1 operand fedavg,first,tw_twin_acc_te,3,99.72103881835938,98.68490600585938,99.7542495727539
A',partition,0.2|wd0.1,partitions K10 E5 f1 operand fedavg,first,tw_fed_acc_te,3,1.7136026620864868,1.3748672008514404,1.8397981524467468
A',partition,0.2|wd0.1,partitions K10 E5 f1 operand fedavg,first,tw_cka_te,3,0.21813414686356847,0.2162584920946182,0.271759730440861
A',partition,0.2|wd0.1,partitions K10 E5 f1 operand fedavg,first,tw_pred_agree_grid,3,0.2132001370191574,0.21064938604831696,0.21420980989933014
A',partition,0.2|wd0.1,partitions K10 E5 f1 operand fedavg,first,tw_clock_key_jaccard,3,0.6590909090909091,0.6434989429175475,0.6590909090909091
A',partition,0.2|wd0.1,partitions K10 E5 f1 operand fedavg,first,tw_clock_energy_cos,3,0.7003772107269938,0.6917630583515719,0.7540378222523378
A',partition,0.2|wd0.1,partitions K10 E5 f1 target fedavg,cross,tw_step_gap,3,0.0,0.0,0.0
A',partition,0.2|wd0.1,partitions K10 E5 f1 target fedavg,cross,tw_rel_dist,3,1.474901795387268,1.469912588596344,1.493234932422638
A',partition,0.2|wd0.1,partitions K10 E5 f1 target fedavg,cross,tw_cos,3,0.06474711745977402,0.06227143667638302,0.07250386849045753
A',partition,0.2|wd0.1,partitions K10 E5 f1 target fedavg,cross,tw_first_rel_dist,3,1.4931796789169312,1.487965166568756,1.5107386112213135
A',partition,0.2|wd0.1,partitions K10 E5 f1 target fedavg,cross,tw_pred_agree_te,3,0.9873804450035095,0.9826647043228149,0.9891073405742645
A',partition,0.2|wd0.1,partitions K10 E5 f1 target fedavg,cross,tw_twin_acc_te,3,99.94686126708984,99.02364349365234,99.97343063354492
A',partition,0.2|wd0.1,partitions K10 E5 f1 target fedavg,cross,tw_fed_acc_te,3,99.13655853271484,98.93730163574219,99.4155158996582
A',partition,0.2|wd0.1,partitions K10 E5 f1 target fedavg,cross,tw_cka_te,3,0.2567083272343101,0.24270960347817044,0.26709871183702905
A',partition,0.2|wd0.1,partitions K10 E5 f1 target fedavg,cross,tw_pred_agree_grid,3,0.9899033308029175,0.9861303269863129,0.991284966468811
A',partition,0.2|wd0.1,partitions K10 E5 f1 target fedavg,cross,tw_clock_key_jaccard,3,0.5652173913043478,0.5603864734299517,0.5921325051759834
A',partition,0.2|wd0.1,partitions K10 E5 f1 target fedavg,cross,tw_clock_energy_cos,3,0.7756498191632021,0.7741462173008391,0.7857601203437573
A',partition,0.2|wd0.1,partitions K10 E5 f1 target fedavg,end,tw_step_gap,3,0.0,0.0,0.0
A',partition,0.2|wd0.1,partitions K10 E5 f1 target fedavg,end,tw_rel_dist,3,1.3882731199264526,1.3809862732887268,1.3985772728919983
A',partition,0.2|wd0.1,partitions K10 E5 f1 target fedavg,end,tw_cos,3,0.03155568614602089,0.029193361289799213,0.04217604734003544
A',partition,0.2|wd0.1,partitions K10 E5 f1 target fedavg,end,tw_first_rel_dist,3,1.3932900428771973,1.3858510851860046,1.403597891330719
A',partition,0.2|wd0.1,partitions K10 E5 f1 target fedavg,end,tw_pred_agree_te,3,1.0,1.0,1.0
A',partition,0.2|wd0.1,partitions K10 E5 f1 target fedavg,end,tw_twin_acc_te,3,100.0,100.0,100.0
A',partition,0.2|wd0.1,partitions K10 E5 f1 target fedavg,end,tw_fed_acc_te,3,100.0,100.0,100.0
A',partition,0.2|wd0.1,partitions K10 E5 f1 target fedavg,end,tw_cka_te,3,0.3874120105079808,0.36892233201919444,0.39859430451098254
A',partition,0.2|wd0.1,partitions K10 E5 f1 target fedavg,end,tw_pred_agree_grid,3,1.0,1.0,1.0
A',partition,0.2|wd0.1,partitions K10 E5 f1 target fedavg,end,tw_clock_key_jaccard,3,0.7291666666666666,0.7291666666666666,0.7291666666666666
A',partition,0.2|wd0.1,partitions K10 E5 f1 target fedavg,end,tw_clock_energy_cos,3,0.949046047544333,0.9487207108557357,0.949315085083124
A',partition,0.2|wd0.1,partitions K10 E5 f1 target fedavg,first,tw_step_gap,3,0.0,0.0,0.0
A',partition,0.2|wd0.1,partitions K10 E5 f1 target fedavg,first,tw_rel_dist,3,1.5346746444702148,1.5252790451049805,1.5444439053535461
A',partition,0.2|wd0.1,partitions K10 E5 f1 target fedavg,first,tw_cos,3,0.0921003594994545,0.0904587171971798,0.09261501580476761
A',partition,0.2|wd0.1,partitions K10 E5 f1 target fedavg,first,tw_first_rel_dist,3,1.559617519378662,1.5503560900688171,1.571387231349945
A',partition,0.2|wd0.1,partitions K10 E5 f1 target fedavg,first,tw_pred_agree_te,3,0.09125930070877075,0.08747343346476555,0.10195270925760269
A',partition,0.2|wd0.1,partitions K10 E5 f1 target fedavg,first,tw_twin_acc_te,3,99.72103881835938,98.68490600585938,99.7542495727539
A',partition,0.2|wd0.1,partitions K10 E5 f1 target fedavg,first,tw_fed_acc_te,3,9.139213562011719,8.79383659362793,10.221838474273682
A',partition,0.2|wd0.1,partitions K10 E5 f1 target fedavg,first,tw_cka_te,3,0.1962683599847354,0.19539655303317818,0.20122927943317076
A',partition,0.2|wd0.1,partitions K10 E5 f1 target fedavg,first,tw_pred_agree_grid,3,0.27293017506599426,0.2699011564254761,0.28148581087589264
A',partition,0.2|wd0.1,partitions K10 E5 f1 target fedavg,first,tw_clock_key_jaccard,3,0.4523809523809524,0.4435817805383023,0.45789779326364694
A',partition,0.2|wd0.1,partitions K10 E5 f1 target fedavg,first,tw_clock_energy_cos,3,0.5077861267668589,0.48586628245791036,0.522942600079676
A',partition,0.2|wd0.1,partitions K20 E5 f1 dirichlet0.5 fedavg,cross,tw_step_gap,3,0.0,0.0,0.0
A',partition,0.2|wd0.1,partitions K20 E5 f1 dirichlet0.5 fedavg,cross,tw_rel_dist,3,1.353041648864746,1.3515272736549377,1.3663241267204285
A',partition,0.2|wd0.1,partitions K20 E5 f1 dirichlet0.5 fedavg,cross,tw_cos,3,0.043798547238111496,0.03685704991221428,0.04944392293691635
A',partition,0.2|wd0.1,partitions K20 E5 f1 dirichlet0.5 fedavg,cross,tw_first_rel_dist,3,1.355913758277893,1.3546894192695618,1.3696073293685913
A',partition,0.2|wd0.1,partitions K20 E5 f1 dirichlet0.5 fedavg,cross,tw_pred_agree_te,3,0.9636025428771973,0.9635361135005951,0.9723698198795319
A',partition,0.2|wd0.1,partitions K20 E5 f1 dirichlet0.5 fedavg,cross,tw_twin_acc_te,3,100.0,100.0,100.0
A',partition,0.2|wd0.1,partitions K20 E5 f1 dirichlet0.5 fedavg,cross,tw_fed_acc_te,3,96.3602523803711,96.35361099243164,97.23698043823242
A',partition,0.2|wd0.1,partitions K20 E5 f1 dirichlet0.5 fedavg,cross,tw_cka_te,3,0.2132776806469912,0.2085395805334221,0.2239922962914711
A',partition,0.2|wd0.1,partitions K20 E5 f1 dirichlet0.5 fedavg,cross,tw_pred_agree_grid,3,0.9708789587020874,0.9708258211612701,0.9778935313224792
A',partition,0.2|wd0.1,partitions K20 E5 f1 dirichlet0.5 fedavg,cross,tw_clock_key_jaccard,3,0.6444444444444445,0.6374396135265701,0.6520094562647754
A',partition,0.2|wd0.1,partitions K20 E5 f1 dirichlet0.5 fedavg,cross,tw_clock_energy_cos,3,0.8076305387130146,0.8053483844413001,0.8282482528610728
A',partition,0.2|wd0.1,partitions K20 E5 f1 dirichlet0.5 fedavg,end,tw_step_gap,3,0.0,0.0,0.0
A',partition,0.2|wd0.1,partitions K20 E5 f1 dirichlet0.5 fedavg,end,tw_rel_dist,3,1.3034244775772095,1.2974838614463806,1.3112185597419739
A',partition,0.2|wd0.1,partitions K20 E5 f1 dirichlet0.5 fedavg,end,tw_cos,3,0.02238914743065834,0.01954385917633772,0.034105440601706505
A',partition,0.2|wd0.1,partitions K20 E5 f1 dirichlet0.5 fedavg,end,tw_first_rel_dist,3,1.2938562631607056,1.2878654599189758,1.3030954599380493
A',partition,0.2|wd0.1,partitions K20 E5 f1 dirichlet0.5 fedavg,end,tw_pred_agree_te,3,1.0,1.0,1.0
A',partition,0.2|wd0.1,partitions K20 E5 f1 dirichlet0.5 fedavg,end,tw_twin_acc_te,3,100.0,100.0,100.0
A',partition,0.2|wd0.1,partitions K20 E5 f1 dirichlet0.5 fedavg,end,tw_fed_acc_te,3,100.0,100.0,100.0
A',partition,0.2|wd0.1,partitions K20 E5 f1 dirichlet0.5 fedavg,end,tw_cka_te,3,0.20942621518776466,0.20755352294294704,0.22162341578648997
A',partition,0.2|wd0.1,partitions K20 E5 f1 dirichlet0.5 fedavg,end,tw_pred_agree_grid,3,1.0,1.0,1.0
A',partition,0.2|wd0.1,partitions K20 E5 f1 dirichlet0.5 fedavg,end,tw_clock_key_jaccard,3,0.8125,0.8020833333333333,0.831781914893617
A',partition,0.2|wd0.1,partitions K20 E5 f1 dirichlet0.5 fedavg,end,tw_clock_energy_cos,3,0.9964198698022484,0.9954791239297545,0.9966368453429183
A',partition,0.2|wd0.1,partitions K20 E5 f1 dirichlet0.5 fedavg,first,tw_step_gap,3,0.0,0.0,0.0
A',partition,0.2|wd0.1,partitions K20 E5 f1 dirichlet0.5 fedavg,first,tw_rel_dist,3,1.3137905597686768,1.3015733361244202,1.3140020966529846
A',partition,0.2|wd0.1,partitions K20 E5 f1 dirichlet0.5 fedavg,first,tw_cos,3,0.08896360546350479,0.08710166811943054,0.09086612612009048
A',partition,0.2|wd0.1,partitions K20 E5 f1 dirichlet0.5 fedavg,first,tw_first_rel_dist,3,1.3280606269836426,1.3156269192695618,1.329246461391449
A',partition,0.2|wd0.1,partitions K20 E5 f1 dirichlet0.5 fedavg,first,tw_pred_agree_te,3,0.007173219695687294,0.006509032798931003,0.007638150826096535
A',partition,0.2|wd0.1,partitions K20 E5 f1 dirichlet0.5 fedavg,first,tw_twin_acc_te,3,99.72103881835938,98.68490600585938,99.7542495727539
A',partition,0.2|wd0.1,partitions K20 E5 f1 dirichlet0.5 fedavg,first,tw_fed_acc_te,3,0.7173219919204712,0.6575451493263245,0.7571732401847839
A',partition,0.2|wd0.1,partitions K20 E5 f1 dirichlet0.5 fedavg,first,tw_cka_te,3,0.18918814799006275,0.18243981463684472,0.19277122711766254
A',partition,0.2|wd0.1,partitions K20 E5 f1 dirichlet0.5 fedavg,first,tw_pred_agree_grid,3,0.2046976387500763,0.20400680601596832,0.20475077629089355
A',partition,0.2|wd0.1,partitions K20 E5 f1 dirichlet0.5 fedavg,first,tw_clock_key_jaccard,3,0.6956521739130435,0.6413043478260869,0.7228260869565217
A',partition,0.2|wd0.1,partitions K20 E5 f1 dirichlet0.5 fedavg,first,tw_clock_energy_cos,3,0.8210832925983956,0.8128445300329056,0.8494448331373372
A',partition,0.2|wd0.1,partitions K20 E5 f1 dirichlet0.5 fedavg,memo,tw_step_gap,2,0.0,0.0,0.0
A',partition,0.2|wd0.1,partitions K20 E5 f1 dirichlet0.5 fedavg,memo,tw_rel_dist,2,1.3140020966529846,1.3138963282108307,1.3141078650951385
A',partition,0.2|wd0.1,partitions K20 E5 f1 dirichlet0.5 fedavg,memo,tw_cos,2,0.08710166811943054,0.08617069944739342,0.08803263679146767
A',partition,0.2|wd0.1,partitions K20 E5 f1 dirichlet0.5 fedavg,memo,tw_first_rel_dist,2,1.329246461391449,1.3286535441875458,1.3298393785953522
A',partition,0.2|wd0.1,partitions K20 E5 f1 dirichlet0.5 fedavg,memo,tw_pred_agree_te,2,0.007638150826096535,0.007405685260891914,0.007870616391301155
A',partition,0.2|wd0.1,partitions K20 E5 f1 dirichlet0.5 fedavg,memo,tw_twin_acc_te,2,98.7181167602539,98.18344497680664,99.25278854370117
A',partition,0.2|wd0.1,partitions K20 E5 f1 dirichlet0.5 fedavg,memo,tw_fed_acc_te,2,0.7571732401847839,0.7372476160526276,0.7770988643169403
A',partition,0.2|wd0.1,partitions K20 E5 f1 dirichlet0.5 fedavg,memo,tw_cka_te,2,0.19277122711766254,0.19097968755386266,0.19456276668146244
A',partition,0.2|wd0.1,partitions K20 E5 f1 dirichlet0.5 fedavg,memo,tw_pred_agree_grid,2,0.20475077629089355,0.20472420752048492,0.20477734506130219
A',partition,0.2|wd0.1,partitions K20 E5 f1 dirichlet0.5 fedavg,memo,tw_clock_key_jaccard,2,0.6684782608695652,0.6277173913043479,0.7092391304347826
A',partition,0.2|wd0.1,partitions K20 E5 f1 dirichlet0.5 fedavg,memo,tw_clock_energy_cos,2,0.8128445300329056,0.8087251487501605,0.8169639113156506
A',partition,0.2|wd0.1,partitions K20 E5 f1 operand fedavg,cross,tw_step_gap,3,0.0,0.0,0.0
A',partition,0.2|wd0.1,partitions K20 E5 f1 operand fedavg,cross,tw_rel_dist,3,1.2444570064544678,1.2413973808288574,1.2469562292099
A',partition,0.2|wd0.1,partitions K20 E5 f1 operand fedavg,cross,tw_cos,3,0.0324871800839901,0.030406208708882332,0.03628425858914852
A',partition,0.2|wd0.1,partitions K20 E5 f1 operand fedavg,cross,tw_first_rel_dist,3,1.1426782608032227,1.1409599781036377,1.175502061843872
A',partition,0.2|wd0.1,partitions K20 E5 f1 operand fedavg,cross,tw_pred_agree_te,3,0.9123272895812988,0.8963204026222229,0.9368357956409454
A',partition,0.2|wd0.1,partitions K20 E5 f1 operand fedavg,cross,tw_twin_acc_te,3,100.0,100.0,100.0
A',partition,0.2|wd0.1,partitions K20 E5 f1 operand fedavg,cross,tw_fed_acc_te,3,91.23272705078125,89.63203811645508,93.68357849121094
A',partition,0.2|wd0.1,partitions K20 E5 f1 operand fedavg,cross,tw_cka_te,3,0.16807598940969057,0.1652821803113805,0.17921633217956617
A',partition,0.2|wd0.1,partitions K20 E5 f1 operand fedavg,cross,tw_pred_agree_grid,3,0.9298543930053711,0.917047530412674,0.949463278055191
A',partition,0.2|wd0.1,partitions K20 E5 f1 operand fedavg,cross,tw_clock_key_jaccard,3,0.6170212765957447,0.5897606382978724,0.6345975948196114
A',partition,0.2|wd0.1,partitions K20 E5 f1 operand fedavg,cross,tw_clock_energy_cos,3,0.8103786578097364,0.8071428446077118,0.8123222936187628
A',partition,0.2|wd0.1,partitions K20 E5 f1 operand fedavg,end,tw_step_gap,3,0.0,0.0,0.0
A',partition,0.2|wd0.1,partitions K20 E5 f1 operand fedavg,end,tw_rel_dist,3,1.295278549194336,1.2912967801094055,1.3051780462265015
A',partition,0.2|wd0.1,partitions K20 E5 f1 operand fedavg,end,tw_cos,3,0.028562922030687332,0.023658335208892822,0.030464783310890198
A',partition,0.2|wd0.1,partitions K20 E5 f1 operand fedavg,end,tw_first_rel_dist,3,1.242555022239685,1.239515781402588,1.2510980367660522
A',partition,0.2|wd0.1,partitions K20 E5 f1 operand fedavg,end,tw_pred_agree_te,3,0.9997343420982361,0.9996679127216339,0.999867171049118
A',partition,0.2|wd0.1,partitions K20 E5 f1 operand fedavg,end,tw_twin_acc_te,3,100.0,100.0,100.0
A',partition,0.2|wd0.1,partitions K20 E5 f1 operand fedavg,end,tw_fed_acc_te,3,99.97343444824219,99.96679306030273,99.9867172241211
A',partition,0.2|wd0.1,partitions K20 E5 f1 operand fedavg,end,tw_cka_te,3,0.15669517844753528,0.1564009502588689,0.16582422359575022
A',partition,0.2|wd0.1,partitions K20 E5 f1 operand fedavg,end,tw_pred_agree_grid,3,0.999787449836731,0.9997343122959137,0.9998937249183655
A',partition,0.2|wd0.1,partitions K20 E5 f1 operand fedavg,end,tw_clock_key_jaccard,3,0.75,0.7395833333333333,0.75
A',partition,0.2|wd0.1,partitions K20 E5 f1 operand fedavg,end,tw_clock_energy_cos,3,0.9679457268910653,0.959105472731949,0.9695159216857985
A',partition,0.2|wd0.1,partitions K20 E5 f1 operand fedavg,first,tw_step_gap,3,0.0,0.0,0.0
A',partition,0.2|wd0.1,partitions K20 E5 f1 operand fedavg,first,tw_rel_dist,3,1.1436665058135986,1.140884816646576,1.148890197277069
A',partition,0.2|wd0.1,partitions K20 E5 f1 operand fedavg,first,tw_cos,3,0.08557897061109543,0.08512623608112335,0.08803272619843483
A',partition,0.2|wd0.1,partitions K20 E5 f1 operand fedavg,first,tw_first_rel_dist,3,1.1316862106323242,1.1289037466049194,1.1374754905700684
A',partition,0.2|wd0.1,partitions K20 E5 f1 operand fedavg,first,tw_pred_agree_te,3,0.009165780618786812,0.008833687286823988,0.009298618417233229
A',partition,0.2|wd0.1,partitions K20 E5 f1 operand fedavg,first,tw_twin_acc_te,3,99.72103881835938,98.68490600585938,99.7542495727539
A',partition,0.2|wd0.1,partitions K20 E5 f1 operand fedavg,first,tw_fed_acc_te,3,0.9032943248748779,0.8568012714385986,0.9232199788093567
A',partition,0.2|wd0.1,partitions K20 E5 f1 operand fedavg,first,tw_cka_te,3,0.20998317865442037,0.20721137445116067,0.2549932218514974
A',partition,0.2|wd0.1,partitions K20 E5 f1 operand fedavg,first,tw_pred_agree_grid,3,0.20491020381450653,0.2048039212822914,0.20538846403360367
A',partition,0.2|wd0.1,partitions K20 E5 f1 operand fedavg,first,tw_clock_key_jaccard,3,0.7111111111111111,0.6444444444444444,0.7222222222222222
A',partition,0.2|wd0.1,partitions K20 E5 f1 operand fedavg,first,tw_clock_energy_cos,3,0.7502922811736278,0.7489874529856804,0.786105113570764
A',partition,0.2|wd0.1,partitions K20 E5 f1 operand fedavg,memo,tw_step_gap,2,0.0,0.0,0.0
A',partition,0.2|wd0.1,partitions K20 E5 f1 operand fedavg,memo,tw_rel_dist,2,1.140884816646576,1.1394939720630646,1.1422756612300873
A',partition,0.2|wd0.1,partitions K20 E5 f1 operand fedavg,memo,tw_cos,2,0.08803272619843483,0.08680584840476513,0.08925960399210453
A',partition,0.2|wd0.1,partitions K20 E5 f1 operand fedavg,memo,tw_first_rel_dist,2,1.1289037466049194,1.127512514591217,1.1302949786186218
A',partition,0.2|wd0.1,partitions K20 E5 f1 operand fedavg,memo,tw_pred_agree_te,2,0.008833687286823988,0.008667640620842576,0.0089997339528054
A',partition,0.2|wd0.1,partitions K20 E5 f1 operand fedavg,memo,tw_twin_acc_te,2,98.68490600585938,98.16683959960938,99.20297241210938
A',partition,0.2|wd0.1,partitions K20 E5 f1 operand fedavg,memo,tw_fed_acc_te,2,0.8568012714385986,0.833554744720459,0.8800477981567383
A',partition,0.2|wd0.1,partitions K20 E5 f1 operand fedavg,memo,tw_cka_te,2,0.2549932218514974,0.2324882002529589,0.277498243450036
A',partition,0.2|wd0.1,partitions K20 E5 f1 operand fedavg,memo,tw_pred_agree_grid,2,0.2048039212822914,0.20475078001618385,0.20485706254839897
A',partition,0.2|wd0.1,partitions K20 E5 f1 operand fedavg,memo,tw_clock_key_jaccard,2,0.6444444444444444,0.611111111111111,0.6777777777777778
A',partition,0.2|wd0.1,partitions K20 E5 f1 operand fedavg,memo,tw_clock_energy_cos,2,0.7489874529856804,0.7483350388917066,0.749639867079654
A',partition,0.2|wd0.1,partitions K20 E5 f1 target fedavg,cross,tw_step_gap,3,0.0,0.0,0.0
A',partition,0.2|wd0.1,partitions K20 E5 f1 target fedavg,cross,tw_rel_dist,3,1.6378672122955322,1.6265498995780945,1.644867479801178
A',partition,0.2|wd0.1,partitions K20 E5 f1 target fedavg,cross,tw_cos,3,0.056669916957616806,0.049697037786245346,0.05770616792142391
A',partition,0.2|wd0.1,partitions K20 E5 f1 target fedavg,cross,tw_first_rel_dist,3,1.649687647819519,1.6411564350128174,1.6575972437858582
A',partition,0.2|wd0.1,partitions K20 E5 f1 target fedavg,cross,tw_pred_agree_te,3,0.9310573935508728,0.8565356135368347,0.964798092842102
A',partition,0.2|wd0.1,partitions K20 E5 f1 target fedavg,cross,tw_twin_acc_te,3,100.0,99.94022369384766,100.0
A',partition,0.2|wd0.1,partitions K20 E5 f1 target fedavg,cross,tw_fed_acc_te,3,93.21200561523438,85.70669555664062,96.53294372558594
A',partition,0.2|wd0.1,partitions K20 E5 f1 target fedavg,cross,tw_cka_te,3,0.23120377595502115,0.2285269711339763,0.26501188099158995
A',partition,0.2|wd0.1,partitions K20 E5 f1 target fedavg,cross,tw_pred_agree_grid,3,0.9448400735855103,0.8841003477573395,0.9718354940414429
A',partition,0.2|wd0.1,partitions K20 E5 f1 target fedavg,cross,tw_clock_key_jaccard,3,0.5111111111111111,0.5055555555555555,0.5381642512077294
A',partition,0.2|wd0.1,partitions K20 E5 f1 target fedavg,cross,tw_clock_energy_cos,3,0.7219284263264633,0.6963444596700288,0.766563662217
A',partition,0.2|wd0.1,partitions K20 E5 f1 target fedavg,end,tw_step_gap,3,0.0,0.0,0.0
A',partition,0.2|wd0.1,partitions K20 E5 f1 target fedavg,end,tw_rel_dist,3,1.5898247957229614,1.5882444381713867,1.5924153923988342
A',partition,0.2|wd0.1,partitions K20 E5 f1 target fedavg,end,tw_cos,3,0.03189340606331825,0.02777025941759348,0.03296757861971855
A',partition,0.2|wd0.1,partitions K20 E5 f1 target fedavg,end,tw_first_rel_dist,3,1.598963975906372,1.5977071523666382,1.6016607284545898
A',partition,0.2|wd0.1,partitions K20 E5 f1 target fedavg,end,tw_pred_agree_te,3,1.0,1.0,1.0
A',partition,0.2|wd0.1,partitions K20 E5 f1 target fedavg,end,tw_twin_acc_te,3,100.0,100.0,100.0
A',partition,0.2|wd0.1,partitions K20 E5 f1 target fedavg,end,tw_fed_acc_te,3,100.0,100.0,100.0
A',partition,0.2|wd0.1,partitions K20 E5 f1 target fedavg,end,tw_cka_te,3,0.4172224379634385,0.4166070615996369,0.42363172521259435
A',partition,0.2|wd0.1,partitions K20 E5 f1 target fedavg,end,tw_pred_agree_grid,3,1.0,1.0,1.0
A',partition,0.2|wd0.1,partitions K20 E5 f1 target fedavg,end,tw_clock_key_jaccard,3,0.625,0.625,0.6603260869565217
A',partition,0.2|wd0.1,partitions K20 E5 f1 target fedavg,end,tw_clock_energy_cos,3,0.8916688668323719,0.8905015062964259,0.8922722479423215
A',partition,0.2|wd0.1,partitions K20 E5 f1 target fedavg,first,tw_step_gap,3,0.0,0.0,0.0
A',partition,0.2|wd0.1,partitions K20 E5 f1 target fedavg,first,tw_rel_dist,3,1.5014201402664185,1.497129201889038,1.5099979639053345
A',partition,0.2|wd0.1,partitions K20 E5 f1 target fedavg,first,tw_cos,3,0.0937497615814209,0.09025240316987038,0.09663543105125427
A',partition,0.2|wd0.1,partitions K20 E5 f1 target fedavg,first,tw_first_rel_dist,3,1.525062918663025,1.5210682153701782,1.535475492477417
A',partition,0.2|wd0.1,partitions K20 E5 f1 target fedavg,first,tw_pred_agree_te,3,0.009165780618786812,0.008634431287646294,0.010826248209923506
A',partition,0.2|wd0.1,partitions K20 E5 f1 target fedavg,first,tw_twin_acc_te,3,99.72103881835938,98.68490600585938,99.7542495727539
A',partition,0.2|wd0.1,partitions K20 E5 f1 target fedavg,first,tw_fed_acc_te,3,0.9165780544281006,0.86344313621521,1.0294898748397827
A',partition,0.2|wd0.1,partitions K20 E5 f1 target fedavg,first,tw_cka_te,3,0.17760451452802714,0.17511133841334936,0.18273325788708544
A',partition,0.2|wd0.1,partitions K20 E5 f1 target fedavg,first,tw_pred_agree_grid,3,0.19215644896030426,0.19162504374980927,0.19476033747196198
A',partition,0.2|wd0.1,partitions K20 E5 f1 target fedavg,first,tw_clock_key_jaccard,3,0.5681818181818182,0.5340909090909092,0.5747885835095138
A',partition,0.2|wd0.1,partitions K20 E5 f1 target fedavg,first,tw_clock_energy_cos,3,0.6837161263995268,0.66525043702359,0.7010807808927157
A',partition,0.2|wd0.1,partitions K20 E5 f1 target fedavg,memo,tw_step_gap,3,0.0,0.0,0.0
A',partition,0.2|wd0.1,partitions K20 E5 f1 target fedavg,memo,tw_rel_dist,3,1.5418250560760498,1.5383806228637695,1.5968464016914368
A',partition,0.2|wd0.1,partitions K20 E5 f1 target fedavg,memo,tw_cos,3,0.06811745464801788,0.055420806631445885,0.07121046632528305
A',partition,0.2|wd0.1,partitions K20 E5 f1 target fedavg,memo,tw_first_rel_dist,3,1.562520980834961,1.5589771270751953,1.614013910293579
A',partition,0.2|wd0.1,partitions K20 E5 f1 target fedavg,memo,tw_pred_agree_te,3,0.18437832593917847,0.11629915237426758,0.48319607973098755
A',partition,0.2|wd0.1,partitions K20 E5 f1 target fedavg,memo,tw_twin_acc_te,3,99.94686126708984,99.02364349365234,99.97343063354492
A',partition,0.2|wd0.1,partitions K20 E5 f1 target fedavg,memo,tw_fed_acc_te,3,18.796493530273438,11.809245586395264,48.498939514160156
A',partition,0.2|wd0.1,partitions K20 E5 f1 target fedavg,memo,tw_cka_te,3,0.19244773350966957,0.1738344503141567,0.2091489499113005
A',partition,0.2|wd0.1,partitions K20 E5 f1 target fedavg,memo,tw_pred_agree_grid,3,0.3454139828681946,0.2902008816599846,0.5843873023986816
A',partition,0.2|wd0.1,partitions K20 E5 f1 target fedavg,memo,tw_clock_key_jaccard,3,0.4772727272727273,0.44101731601731603,0.48863636363636365
A',partition,0.2|wd0.1,partitions K20 E5 f1 target fedavg,memo,tw_clock_energy_cos,3,0.6707604930135943,0.6165511393823524,0.6905966770230874
B,E,0.3|wd0.1,local_epochs K10 E10 f1 iid fedavg,cross,tw_step_gap,3,0.0,0.0,0.0
B,E,0.3|wd0.1,local_epochs K10 E10 f1 iid fedavg,cross,tw_rel_dist,3,1.5078259706497192,1.4754825234413147,1.5635343790054321
B,E,0.3|wd0.1,local_epochs K10 E10 f1 iid fedavg,cross,tw_cos,3,0.11320049315690994,0.10339730232954025,0.12967674806714058
B,E,0.3|wd0.1,local_epochs K10 E10 f1 iid fedavg,cross,tw_first_rel_dist,3,2.0881526470184326,2.028871774673462,2.215823173522949
B,E,0.3|wd0.1,local_epochs K10 E10 f1 iid fedavg,cross,tw_pred_agree_te,3,0.9893724322319031,0.7701085209846497,0.9944624900817871
B,E,0.3|wd0.1,local_epochs K10 E10 f1 iid fedavg,cross,tw_twin_acc_te,3,99.85456848144531,99.8377914428711,99.90491104125977
B,E,0.3|wd0.1,local_epochs K10 E10 f1 iid fedavg,cross,tw_fed_acc_te,3,99.08267211914062,77.12272071838379,99.54133605957031
B,E,0.3|wd0.1,local_epochs K10 E10 f1 iid fedavg,cross,tw_cka_te,3,0.06266257543066096,0.050449464253557855,0.09280198425747162
B,E,0.3|wd0.1,local_epochs K10 E10 f1 iid fedavg,cross,tw_pred_agree_grid,3,0.992560088634491,0.8390633463859558,0.9961234033107758
B,E,0.3|wd0.1,local_epochs K10 E10 f1 iid fedavg,cross,tw_clock_key_jaccard,3,0.16666666666666666,0.08333333333333333,0.3833333333333333
B,E,0.3|wd0.1,local_epochs K10 E10 f1 iid fedavg,cross,tw_clock_energy_cos,3,0.1576041431429937,0.10452378871193752,0.41679215880424736
B,E,0.3|wd0.1,local_epochs K10 E10 f1 iid fedavg,end,tw_step_gap,3,0.0,0.0,0.0
B,E,0.3|wd0.1,local_epochs K10 E10 f1 iid fedavg,end,tw_rel_dist,3,1.7007739543914795,1.6252665519714355,1.7348368167877197
B,E,0.3|wd0.1,local_epochs K10 E10 f1 iid fedavg,end,tw_cos,3,0.009054924361407757,0.004257296066498384,0.013215919490903616
B,E,0.3|wd0.1,local_epochs K10 E10 f1 iid fedavg,end,tw_first_rel_dist,3,1.7899492979049683,1.7867804169654846,1.8147724866867065
B,E,0.3|wd0.1,local_epochs K10 E10 f1 iid fedavg,end,tw_pred_agree_te,3,0.9975389242172241,0.9969795644283295,0.9987694621086121
B,E,0.3|wd0.1,local_epochs K10 E10 f1 iid fedavg,end,tw_twin_acc_te,3,99.93287658691406,99.80422973632812,99.96643829345703
B,E,0.3|wd0.1,local_epochs K10 E10 f1 iid fedavg,end,tw_fed_acc_te,3,99.96644592285156,99.89373016357422,99.98322296142578
B,E,0.3|wd0.1,local_epochs K10 E10 f1 iid fedavg,end,tw_cka_te,3,0.3703006561607417,0.1968862779950782,0.39746082399656435
B,E,0.3|wd0.1,local_epochs K10 E10 f1 iid fedavg,end,tw_pred_agree_grid,3,0.9982770681381226,0.9978854954242706,0.9991385340690613
B,E,0.3|wd0.1,local_epochs K10 E10 f1 iid fedavg,end,tw_clock_key_jaccard,3,0.14285714285714285,0.07142857142857142,0.37142857142857144
B,E,0.3|wd0.1,local_epochs K10 E10 f1 iid fedavg,end,tw_clock_energy_cos,3,0.48394244670645836,0.25183569783282866,0.5203431392266902
B,E,0.3|wd0.1,local_epochs K10 E10 f1 iid fedavg,first,tw_step_gap,3,0.0,0.0,0.0
B,E,0.3|wd0.1,local_epochs K10 E10 f1 iid fedavg,first,tw_rel_dist,3,1.299696683883667,1.2984183430671692,1.3026346564292908
B,E,0.3|wd0.1,local_epochs K10 E10 f1 iid fedavg,first,tw_cos,3,0.3866855800151825,0.38263535499572754,0.394975870847702
B,E,0.3|wd0.1,local_epochs K10 E10 f1 iid fedavg,first,tw_first_rel_dist,3,1.8784445524215698,1.8765949010849,1.881949782371521
B,E,0.3|wd0.1,local_epochs K10 E10 f1 iid fedavg,first,tw_pred_agree_te,3,0.06466048210859299,0.06018570624291897,0.06756908446550369
B,E,0.3|wd0.1,local_epochs K10 E10 f1 iid fedavg,first,tw_twin_acc_te,3,6.7792816162109375,6.091285467147827,8.1720552444458
B,E,0.3|wd0.1,local_epochs K10 E10 f1 iid fedavg,first,tw_fed_acc_te,3,0.7718984484672546,0.5481597781181335,1.0571652948856354
B,E,0.3|wd0.1,local_epochs K10 E10 f1 iid fedavg,first,tw_cka_te,3,0.22204215842713682,0.16821426585845017,0.2290438165605657
B,E,0.3|wd0.1,local_epochs K10 E10 f1 iid fedavg,first,tw_pred_agree_grid,3,0.34521105885505676,0.34207847714424133,0.34724724292755127
B,E,0.3|wd0.1,local_epochs K10 E10 f1 iid fedavg,first,tw_clock_key_jaccard,3,0.07142857142857142,0.06349206349206349,0.20238095238095238
B,E,0.3|wd0.1,local_epochs K10 E10 f1 iid fedavg,first,tw_clock_energy_cos,3,0.16758472361502652,0.11397650523720229,0.36798862991011216
B,E,0.3|wd0.1,local_epochs K10 E25 f1 iid fedavg,cross,tw_step_gap,3,0.0,0.0,0.0
B,E,0.3|wd0.1,local_epochs K10 E25 f1 iid fedavg,cross,tw_rel_dist,3,1.5337255001068115,1.4401472210884094,1.5747045874595642
B,E,0.3|wd0.1,local_epochs K10 E25 f1 iid fedavg,cross,tw_cos,3,0.1377698928117752,0.10488651320338249,0.13825590163469315
B,E,0.3|wd0.1,local_epochs K10 E25 f1 iid fedavg,cross,tw_first_rel_dist,3,2.0223171710968018,1.8478811383247375,2.0923240184783936
B,E,0.3|wd0.1,local_epochs K10 E25 f1 iid fedavg,cross,tw_pred_agree_te,3,0.2094193994998932,0.17004139721393585,0.5985009521245956
B,E,0.3|wd0.1,local_epochs K10 E25 f1 iid fedavg,cross,tw_twin_acc_te,3,99.82101440429688,99.54133987426758,99.88813400268555
B,E,0.3|wd0.1,local_epochs K10 E25 f1 iid fedavg,cross,tw_fed_acc_te,3,20.930753707885742,16.992952823638916,60.19689083099365
B,E,0.3|wd0.1,local_epochs K10 E25 f1 iid fedavg,cross,tw_cka_te,3,0.16569682285901222,0.1601219642285988,0.26206528654534916
B,E,0.3|wd0.1,local_epochs K10 E25 f1 iid fedavg,cross,tw_pred_agree_grid,3,0.44655025005340576,0.41898347437381744,0.7189286649227142
B,E,0.3|wd0.1,local_epochs K10 E25 f1 iid fedavg,cross,tw_clock_key_jaccard,3,0.3333333333333333,0.26666666666666666,0.41666666666666663
B,E,0.3|wd0.1,local_epochs K10 E25 f1 iid fedavg,cross,tw_clock_energy_cos,3,0.3197776464828477,0.318718566294175,0.609353672213164
B,E,0.3|wd0.1,local_epochs K10 E25 f1 iid fedavg,end,tw_step_gap,3,0.0,0.0,0.0
B,E,0.3|wd0.1,local_epochs K10 E25 f1 iid fedavg,end,tw_rel_dist,3,1.606651782989502,1.5337981581687927,1.6121808290481567
B,E,0.3|wd0.1,local_epochs K10 E25 f1 iid fedavg,end,tw_cos,3,0.012308224104344845,0.011648226995021105,0.012318231165409088
B,E,0.3|wd0.1,local_epochs K10 E25 f1 iid fedavg,end,tw_first_rel_dist,3,1.2785505056381226,1.2617418766021729,1.363748848438263
B,E,0.3|wd0.1,local_epochs K10 E25 f1 iid fedavg,end,tw_pred_agree_te,3,0.9993287920951843,0.9980423152446747,0.9996643960475922
B,E,0.3|wd0.1,local_epochs K10 E25 f1 iid fedavg,end,tw_twin_acc_te,3,99.93287658691406,99.80422973632812,99.96643829345703
B,E,0.3|wd0.1,local_epochs K10 E25 f1 iid fedavg,end,tw_fed_acc_te,3,100.0,100.0,100.0
B,E,0.3|wd0.1,local_epochs K10 E25 f1 iid fedavg,end,tw_cka_te,3,0.16941528562894934,0.15499372317183102,0.24076319946803798
B,E,0.3|wd0.1,local_epochs K10 E25 f1 iid fedavg,end,tw_pred_agree_grid,3,0.9995300769805908,0.9986294806003571,0.9997650384902954
B,E,0.3|wd0.1,local_epochs K10 E25 f1 iid fedavg,end,tw_clock_key_jaccard,3,0.3333333333333333,0.23809523809523808,0.3333333333333333
B,E,0.3|wd0.1,local_epochs K10 E25 f1 iid fedavg,end,tw_clock_energy_cos,3,0.34618856286590466,0.3255575455633627,0.3959974016889996
B,E,0.3|wd0.1,local_epochs K10 E25 f1 iid fedavg,first,tw_step_gap,3,0.0,0.0,0.0
B,E,0.3|wd0.1,local_epochs K10 E25 f1 iid fedavg,first,tw_rel_dist,3,1.3008108139038086,1.2999898791313171,1.3191540837287903
B,E,0.3|wd0.1,local_epochs K10 E25 f1 iid fedavg,first,tw_cos,3,0.35495123267173767,0.35063694417476654,0.3581482023000717
B,E,0.3|wd0.1,local_epochs K10 E25 f1 iid fedavg,first,tw_first_rel_dist,3,1.7347192764282227,1.7289990186691284,1.762544870376587
B,E,0.3|wd0.1,local_epochs K10 E25 f1 iid fedavg,first,tw_pred_agree_te,3,0.056158408522605896,0.05352947860956192,0.06147220358252525
B,E,0.3|wd0.1,local_epochs K10 E25 f1 iid fedavg,first,tw_twin_acc_te,3,6.7792816162109375,6.091285467147827,8.1720552444458
B,E,0.3|wd0.1,local_epochs K10 E25 f1 iid fedavg,first,tw_fed_acc_te,3,0.36916881799697876,0.3579818904399872,0.4027296304702759
B,E,0.3|wd0.1,local_epochs K10 E25 f1 iid fedavg,first,tw_cka_te,3,0.23232092182112946,0.17330924186662305,0.26404464060865984
B,E,0.3|wd0.1,local_epochs K10 E25 f1 iid fedavg,first,tw_pred_agree_grid,3,0.33925914764404297,0.3374187499284744,0.3429790884256363
B,E,0.3|wd0.1,local_epochs K10 E25 f1 iid fedavg,first,tw_clock_key_jaccard,3,0.11764705882352941,0.07882352941176471,0.1213235294117647
B,E,0.3|wd0.1,local_epochs K10 E25 f1 iid fedavg,first,tw_clock_energy_cos,3,0.2699329943046002,0.17600099158219462,0.5761389443155691
B,E,0.3|wd0.1,local_epochs K10 E50 f1 iid fedavg,cross,tw_step_gap,3,0.0,0.0,0.0
B,E,0.3|wd0.1,local_epochs K10 E50 f1 iid fedavg,cross,tw_rel_dist,3,1.3792752027511597,1.3681555390357971,1.4390745162963867
B,E,0.3|wd0.1,local_epochs K10 E50 f1 iid fedavg,cross,tw_cos,3,0.12708400189876556,0.09411674924194813,0.185219407081604
B,E,0.3|wd0.1,local_epochs K10 E50 f1 iid fedavg,cross,tw_first_rel_dist,3,2.0218536853790283,1.8303927183151245,2.044036388397217
B,E,0.3|wd0.1,local_epochs K10 E50 f1 iid fedavg,cross,tw_pred_agree_te,3,0.9515606164932251,0.6195324063301086,0.9727039039134979
B,E,0.3|wd0.1,local_epochs K10 E50 f1 iid fedavg,cross,tw_twin_acc_te,3,99.82101440429688,75.78588485717773,99.8377914428711
B,E,0.3|wd0.1,local_epochs K10 E50 f1 iid fedavg,cross,tw_fed_acc_te,3,95.2903060913086,68.81642723083496,97.41022872924805
B,E,0.3|wd0.1,local_epochs K10 E50 f1 iid fedavg,cross,tw_cka_te,3,0.21819184955139442,0.12429755115465042,0.2621381403751099
B,E,0.3|wd0.1,local_epochs K10 E50 f1 iid fedavg,cross,tw_pred_agree_grid,3,0.9660897254943848,0.7336517870426178,0.9808911979198456
B,E,0.3|wd0.1,local_epochs K10 E50 f1 iid fedavg,cross,tw_clock_key_jaccard,3,0.2,0.1,0.4
B,E,0.3|wd0.1,local_epochs K10 E50 f1 iid fedavg,cross,tw_clock_energy_cos,3,0.5144268606654877,0.278634017466599,0.613327978954553
B,E,0.3|wd0.1,local_epochs K10 E50 f1 iid fedavg,end,tw_step_gap,3,0.0,0.0,0.0
B,E,0.3|wd0.1,local_epochs K10 E50 f1 iid fedavg,end,tw_rel_dist,3,1.5467852354049683,1.5334177017211914,1.5733178853988647
B,E,0.3|wd0.1,local_epochs K10 E50 f1 iid fedavg,end,tw_cos,3,0.012611877173185349,0.00949708535335958,0.013013614807277918
B,E,0.3|wd0.1,local_epochs K10 E50 f1 iid fedavg,end,tw_first_rel_dist,3,1.285474181175232,1.2462745308876038,1.3806036710739136
B,E,0.3|wd0.1,local_epochs K10 E50 f1 iid fedavg,end,tw_pred_agree_te,3,0.9984338879585266,0.9975948631763458,0.999161034822464
B,E,0.3|wd0.1,local_epochs K10 E50 f1 iid fedavg,end,tw_twin_acc_te,3,99.93287658691406,99.80422973632812,99.96643829345703
B,E,0.3|wd0.1,local_epochs K10 E50 f1 iid fedavg,end,tw_fed_acc_te,3,99.98881530761719,99.94966125488281,99.9944076538086
B,E,0.3|wd0.1,local_epochs K10 E50 f1 iid fedavg,end,tw_cka_te,3,0.22323286975655124,0.1312953528799307,0.3101366030129841
B,E,0.3|wd0.1,local_epochs K10 E50 f1 iid fedavg,end,tw_pred_agree_grid,3,0.9989035725593567,0.99831622838974,0.9994126260280609
B,E,0.3|wd0.1,local_epochs K10 E50 f1 iid fedavg,end,tw_clock_key_jaccard,3,0.3333333333333333,0.25,0.4666666666666667
B,E,0.3|wd0.1,local_epochs K10 E50 f1 iid fedavg,end,tw_clock_energy_cos,3,0.5848924095153099,0.31960508268238536,0.6851217306707935
B,E,0.3|wd0.1,local_epochs K10 E50 f1 iid fedavg,first,tw_step_gap,3,0.0,0.0,0.0
B,E,0.3|wd0.1,local_epochs K10 E50 f1 iid fedavg,first,tw_rel_dist,3,1.1909456253051758,1.1862227320671082,1.1955685019493103
B,E,0.3|wd0.1,local_epochs K10 E50 f1 iid fedavg,first,tw_cos,3,0.36493784189224243,0.3560750484466553,0.36931973695755005
B,E,0.3|wd0.1,local_epochs K10 E50 f1 iid fedavg,first,tw_first_rel_dist,3,1.3270304203033447,1.3261916637420654,1.3285688757896423
B,E,0.3|wd0.1,local_epochs K10 E50 f1 iid fedavg,first,tw_pred_agree_te,3,0.053585413843393326,0.0500055942684412,0.05503971502184868
B,E,0.3|wd0.1,local_epochs K10 E50 f1 iid fedavg,first,tw_twin_acc_te,3,6.7792816162109375,6.091285467147827,8.1720552444458
B,E,0.3|wd0.1,local_epochs K10 E50 f1 iid fedavg,first,tw_fed_acc_te,3,0.8166462182998657,0.6712160408496857,0.9117351174354553
B,E,0.3|wd0.1,local_epochs K10 E50 f1 iid fedavg,first,tw_cka_te,3,0.24828519773590507,0.1683000050258025,0.2575515444527514
B,E,0.3|wd0.1,local_epochs K10 E50 f1 iid fedavg,first,tw_pred_agree_grid,3,0.3373795747756958,0.3349126726388931,0.3383193612098694
B,E,0.3|wd0.1,local_epochs K10 E50 f1 iid fedavg,first,tw_clock_key_jaccard,3,0.08333333333333333,0.041666666666666664,0.125
B,E,0.3|wd0.1,local_epochs K10 E50 f1 iid fedavg,first,tw_clock_energy_cos,3,0.09754058549817862,0.05191279438113129,0.43007338825406405
B,K,0.3|wd0.1,k_collapse_budget K20 E5 f1 iid fedavg,cross,tw_step_gap,3,0.0,0.0,0.011111111111111112
B,K,0.3|wd0.1,k_collapse_budget K20 E5 f1 iid fedavg,cross,tw_rel_dist,3,1.8731294870376587,1.7917861342430115,2.044128715991974
B,K,0.3|wd0.1,k_collapse_budget K20 E5 f1 iid fedavg,cross,tw_cos,3,0.05078583210706711,0.045934148132801056,0.08011316135525703
B,K,0.3|wd0.1,k_collapse_budget K20 E5 f1 iid fedavg,cross,tw_first_rel_dist,3,3.138275623321533,3.0476964712142944,3.440957188606262
B,K,0.3|wd0.1,k_collapse_budget K20 E5 f1 iid fedavg,cross,tw_pred_agree_te,3,0.8240295648574829,0.6979528069496155,0.8913189768791199
B,K,0.3|wd0.1,k_collapse_budget K20 E5 f1 iid fedavg,cross,tw_twin_acc_te,3,99.95525360107422,99.64202117919922,99.97762680053711
B,K,0.3|wd0.1,k_collapse_budget K20 E5 f1 iid fedavg,cross,tw_fed_acc_te,3,82.4029541015625,69.80646705627441,89.45631408691406
B,K,0.3|wd0.1,k_collapse_budget K20 E5 f1 iid fedavg,cross,tw_cka_te,3,0.06642870530837189,0.040012536484212394,0.07144836687942507
B,K,0.3|wd0.1,k_collapse_budget K20 E5 f1 iid fedavg,cross,tw_pred_agree_grid,3,0.8768110275268555,0.7885504066944122,0.923917293548584
B,K,0.3|wd0.1,k_collapse_budget K20 E5 f1 iid fedavg,cross,tw_clock_key_jaccard,3,0.16666666666666666,0.15476190476190477,0.2833333333333333
B,K,0.3|wd0.1,k_collapse_budget K20 E5 f1 iid fedavg,cross,tw_clock_energy_cos,3,0.37350876969561364,0.35541975803940357,0.49919373130590455
B,K,0.3|wd0.1,k_collapse_budget K20 E5 f1 iid fedavg,end,tw_step_gap,3,0.0,0.0,0.0
B,K,0.3|wd0.1,k_collapse_budget K20 E5 f1 iid fedavg,end,tw_rel_dist,3,1.631422758102417,1.6106451749801636,1.697638988494873
B,K,0.3|wd0.1,k_collapse_budget K20 E5 f1 iid fedavg,end,tw_cos,3,0.017390450462698936,0.01503788772970438,0.022081436589360237
B,K,0.3|wd0.1,k_collapse_budget K20 E5 f1 iid fedavg,end,tw_first_rel_dist,3,3.454317092895508,3.359022617340088,3.5349396467208862
B,K,0.3|wd0.1,k_collapse_budget K20 E5 f1 iid fedavg,end,tw_pred_agree_te,3,0.995972752571106,0.9947421848773956,0.997986376285553
B,K,0.3|wd0.1,k_collapse_budget K20 E5 f1 iid fedavg,end,tw_twin_acc_te,3,99.93287658691406,99.80422973632812,99.96643829345703
B,K,0.3|wd0.1,k_collapse_budget K20 E5 f1 iid fedavg,end,tw_fed_acc_te,3,99.67558288574219,99.66999053955078,99.8377914428711
B,K,0.3|wd0.1,k_collapse_budget K20 E5 f1 iid fedavg,end,tw_cka_te,3,0.23051692733922477,0.21623678589589146,0.24337816238046395
B,K,0.3|wd0.1,k_collapse_budget K20 E5 f1 iid fedavg,end,tw_pred_agree_grid,3,0.9971806406974792,0.9963192045688629,0.9985903203487396
B,K,0.3|wd0.1,k_collapse_budget K20 E5 f1 iid fedavg,end,tw_clock_key_jaccard,3,0.3333333333333333,0.22916666666666666,0.41666666666666663
B,K,0.3|wd0.1,k_collapse_budget K20 E5 f1 iid fedavg,end,tw_clock_energy_cos,3,0.3235955833855099,0.3129031257213932,0.3672760351973269
B,K,0.3|wd0.1,k_collapse_budget K20 E5 f1 iid fedavg,first,tw_step_gap,3,0.0,0.0,0.0
B,K,0.3|wd0.1,k_collapse_budget K20 E5 f1 iid fedavg,first,tw_rel_dist,3,2.191661834716797,2.1912760734558105,2.198654294013977
B,K,0.3|wd0.1,k_collapse_budget K20 E5 f1 iid fedavg,first,tw_cos,3,0.24213722348213196,0.22990229725837708,0.24404828995466232
B,K,0.3|wd0.1,k_collapse_budget K20 E5 f1 iid fedavg,first,tw_first_rel_dist,3,2.524768114089966,2.5115257501602173,2.527373194694519
B,K,0.3|wd0.1,k_collapse_budget K20 E5 f1 iid fedavg,first,tw_pred_agree_te,3,0.054144758731126785,0.053753217682242393,0.0542566291987896
B,K,0.3|wd0.1,k_collapse_budget K20 E5 f1 iid fedavg,first,tw_twin_acc_te,3,6.7792816162109375,6.091285467147827,8.1720552444458
B,K,0.3|wd0.1,k_collapse_budget K20 E5 f1 iid fedavg,first,tw_fed_acc_te,3,0.7383376359939575,0.531379371881485,0.7607114911079407
B,K,0.3|wd0.1,k_collapse_budget K20 E5 f1 iid fedavg,first,tw_cka_te,3,0.19749764728129407,0.15308319631263154,0.2249344880747921
B,K,0.3|wd0.1,k_collapse_budget K20 E5 f1 iid fedavg,first,tw_pred_agree_grid,3,0.3378494679927826,0.33757537603378296,0.33792778849601746
B,K,0.3|wd0.1,k_collapse_budget K20 E5 f1 iid fedavg,first,tw_clock_key_jaccard,3,0.1,0.07941176470588235,0.13333333333333333
B,K,0.3|wd0.1,k_collapse_budget K20 E5 f1 iid fedavg,first,tw_clock_energy_cos,3,0.1072314363549814,0.09053670279900362,0.16914914288638633
B,K,0.3|wd0.1,k_collapse_budget K30 E5 f1 iid fedavg,cross,tw_step_gap,1,0.022222222222222223,0.022222222222222223,0.022222222222222223
B,K,0.3|wd0.1,k_collapse_budget K30 E5 f1 iid fedavg,cross,tw_rel_dist,1,2.9389357566833496,2.9389357566833496,2.9389357566833496
B,K,0.3|wd0.1,k_collapse_budget K30 E5 f1 iid fedavg,cross,tw_cos,1,0.0293903648853302,0.0293903648853302,0.0293903648853302
B,K,0.3|wd0.1,k_collapse_budget K30 E5 f1 iid fedavg,cross,tw_first_rel_dist,1,4.464667320251465,4.464667320251465,4.464667320251465
B,K,0.3|wd0.1,k_collapse_budget K30 E5 f1 iid fedavg,cross,tw_pred_agree_te,1,0.7400156855583191,0.7400156855583191,0.7400156855583191
B,K,0.3|wd0.1,k_collapse_budget K30 E5 f1 iid fedavg,cross,tw_twin_acc_te,1,100.0,100.0,100.0
B,K,0.3|wd0.1,k_collapse_budget K30 E5 f1 iid fedavg,cross,tw_fed_acc_te,1,74.00157165527344,74.00157165527344,74.00157165527344
B,K,0.3|wd0.1,k_collapse_budget K30 E5 f1 iid fedavg,cross,tw_cka_te,1,0.06448710119269281,0.06448710119269281,0.06448710119269281
B,K,0.3|wd0.1,k_collapse_budget K30 E5 f1 iid fedavg,cross,tw_pred_agree_grid,1,0.8179966807365417,0.8179966807365417,0.8179966807365417
B,K,0.3|wd0.1,k_collapse_budget K30 E5 f1 iid fedavg,cross,tw_clock_key_jaccard,1,0.16666666666666666,0.16666666666666666,0.16666666666666666
B,K,0.3|wd0.1,k_collapse_budget K30 E5 f1 iid fedavg,cross,tw_clock_energy_cos,1,0.17324886317427446,0.17324886317427446,0.17324886317427446
B,K,0.3|wd0.1,k_collapse_budget K30 E5 f1 iid fedavg,end,tw_step_gap,3,0.0,0.0,0.0
B,K,0.3|wd0.1,k_collapse_budget K30 E5 f1 iid fedavg,end,tw_rel_dist,3,2.9374215602874756,2.761330246925354,2.9796375036239624
B,K,0.3|wd0.1,k_collapse_budget K30 E5 f1 iid fedavg,end,tw_cos,3,0.019327716901898384,0.01854598056524992,0.0217144712805748
B,K,0.3|wd0.1,k_collapse_budget K30 E5 f1 iid fedavg,end,tw_first_rel_dist,3,4.342277526855469,4.162059545516968,4.837735891342163
B,K,0.3|wd0.1,k_collapse_budget K30 E5 f1 iid fedavg,end,tw_pred_agree_te,3,0.4094417691230774,0.22110974229872227,0.7029309868812561
B,K,0.3|wd0.1,k_collapse_budget K30 E5 f1 iid fedavg,end,tw_twin_acc_te,3,99.93287658691406,99.63083267211914,99.94966125488281
B,K,0.3|wd0.1,k_collapse_budget K30 E5 f1 iid fedavg,end,tw_fed_acc_te,3,40.95536422729492,22.110974550247192,70.33225440979004
B,K,0.3|wd0.1,k_collapse_budget K30 E5 f1 iid fedavg,end,tw_cka_te,3,0.09952008537624474,0.06072013591786678,0.10656601082702395
B,K,0.3|wd0.1,k_collapse_budget K30 E5 f1 iid fedavg,end,tw_pred_agree_grid,3,0.5865768790245056,0.45473413169384,0.7920354008674622
B,K,0.3|wd0.1,k_collapse_budget K30 E5 f1 iid fedavg,end,tw_clock_key_jaccard,3,0.125,0.0625,0.14583333333333331
B,K,0.3|wd0.1,k_collapse_budget K30 E5 f1 iid fedavg,end,tw_clock_energy_cos,3,0.18059155411764263,0.10932313641187547,0.25909214378609285
B,K,0.3|wd0.1,k_collapse_budget K30 E5 f1 iid fedavg,first,tw_step_gap,3,0.0,0.0,0.0
B,K,0.3|wd0.1,k_collapse_budget K30 E5 f1 iid fedavg,first,tw_rel_dist,3,2.8227431774139404,2.7451852560043335,2.8595097064971924
B,K,0.3|wd0.1,k_collapse_budget K30 E5 f1 iid fedavg,first,tw_cos,3,0.16968867182731628,0.16883660107851028,0.17237956076860428
B,K,0.3|wd0.1,k_collapse_budget K30 E5 f1 iid fedavg,first,tw_first_rel_dist,3,2.459596872329712,2.446034789085388,2.494818329811096
B,K,0.3|wd0.1,k_collapse_budget K30 E5 f1 iid fedavg,first,tw_pred_agree_te,3,0.045978300273418427,0.044523997232317924,0.04659358039498329
B,K,0.3|wd0.1,k_collapse_budget K30 E5 f1 iid fedavg,first,tw_twin_acc_te,3,6.7792816162109375,6.091285467147827,8.1720552444458
B,K,0.3|wd0.1,k_collapse_budget K30 E5 f1 iid fedavg,first,tw_fed_acc_te,3,0.42510348558425903,0.29086028039455414,0.4922250807285309
B,K,0.3|wd0.1,k_collapse_budget K30 E5 f1 iid fedavg,first,tw_cka_te,3,0.18000119320634098,0.13479109017752233,0.21481489124996705
B,K,0.3|wd0.1,k_collapse_budget K30 E5 f1 iid fedavg,first,tw_pred_agree_grid,3,0.3321325182914734,0.33111442625522614,0.33256323635578156
B,K,0.3|wd0.1,k_collapse_budget K30 E5 f1 iid fedavg,first,tw_clock_key_jaccard,3,0.041666666666666664,0.03807471264367816,0.07797619047619048
B,K,0.3|wd0.1,k_collapse_budget K30 E5 f1 iid fedavg,first,tw_clock_energy_cos,3,0.12300968164163899,0.09687928023693496,0.2117310088773604
B,K,0.3|wd0.1,k_collapse_budget K50 E5 f1 iid fedavg,end,tw_step_gap,3,0.0,0.0,0.0
B,K,0.3|wd0.1,k_collapse_budget K50 E5 f1 iid fedavg,end,tw_rel_dist,3,3.023017644882202,2.9191174507141113,4.372792363166809
B,K,0.3|wd0.1,k_collapse_budget K50 E5 f1 iid fedavg,end,tw_cos,3,0.02567368559539318,0.017305481247603893,0.030839690007269382
B,K,0.3|wd0.1,k_collapse_budget K50 E5 f1 iid fedavg,end,tw_first_rel_dist,3,5.660317420959473,5.168383359909058,6.4401092529296875
B,K,0.3|wd0.1,k_collapse_budget K50 E5 f1 iid fedavg,end,tw_pred_agree_te,3,0.028079204261302948,0.026233360171318054,0.08423761650919914
B,K,0.3|wd0.1,k_collapse_budget K50 E5 f1 iid fedavg,end,tw_twin_acc_te,3,99.93287658691406,99.63083267211914,99.94966125488281
B,K,0.3|wd0.1,k_collapse_budget K50 E5 f1 iid fedavg,end,tw_fed_acc_te,3,2.8191072940826416,2.6289294958114624,8.429355263710022
B,K,0.3|wd0.1,k_collapse_budget K50 E5 f1 iid fedavg,end,tw_cka_te,3,0.02301688501257882,0.016540049574320037,0.07231622587754519
B,K,0.3|wd0.1,k_collapse_budget K50 E5 f1 iid fedavg,end,tw_pred_agree_grid,3,0.3170177638530731,0.3167828321456909,0.3576239198446274
B,K,0.3|wd0.1,k_collapse_budget K50 E5 f1 iid fedavg,end,tw_clock_key_jaccard,3,0.1111111111111111,0.05555555555555555,0.13055555555555554
B,K,0.3|wd0.1,k_collapse_budget K50 E5 f1 iid fedavg,end,tw_clock_energy_cos,3,0.060448688250671775,0.04537626680654907,0.3759585384037193
B,K,0.3|wd0.1,k_collapse_budget K50 E5 f1 iid fedavg,first,tw_step_gap,3,0.0,0.0,0.0
B,K,0.3|wd0.1,k_collapse_budget K50 E5 f1 iid fedavg,first,tw_rel_dist,3,1.7504056692123413,1.7440769672393799,1.7724217772483826
B,K,0.3|wd0.1,k_collapse_budget K50 E5 f1 iid fedavg,first,tw_cos,3,0.26831990480422974,0.2652919590473175,0.2741095870733261
B,K,0.3|wd0.1,k_collapse_budget K50 E5 f1 iid fedavg,first,tw_first_rel_dist,3,1.7384686470031738,1.7163512706756592,1.7481157183647156
B,K,0.3|wd0.1,k_collapse_budget K50 E5 f1 iid fedavg,first,tw_pred_agree_te,3,0.029645375907421112,0.028358877636492252,0.031099677085876465
B,K,0.3|wd0.1,k_collapse_budget K50 E5 f1 iid fedavg,first,tw_twin_acc_te,3,6.7792816162109375,6.091285467147827,8.1720552444458
B,K,0.3|wd0.1,k_collapse_budget K50 E5 f1 iid fedavg,first,tw_fed_acc_te,3,0.6935899257659912,0.6488421857357025,0.7103703320026398
B,K,0.3|wd0.1,k_collapse_budget K50 E5 f1 iid fedavg,first,tw_cka_te,3,0.16922236385333983,0.13161489171925128,0.20437244911329622
B,K,0.3|wd0.1,k_collapse_budget K50 E5 f1 iid fedavg,first,tw_pred_agree_grid,3,0.21810634434223175,0.21141044050455093,0.22648601979017258
B,K,0.3|wd0.1,k_collapse_budget K50 E5 f1 iid fedavg,first,tw_clock_key_jaccard,3,0.14285714285714285,0.08928571428571427,0.14955357142857142
B,K,0.3|wd0.1,k_collapse_budget K50 E5 f1 iid fedavg,first,tw_clock_energy_cos,3,0.14563276370293632,0.08191406178816596,0.1840753785953989
B,K,0.3|wd0.1,k_collapse_budget K50 E5 f1 iid fedavg,memo,tw_step_gap,3,0.0,0.0,0.0
B,K,0.3|wd0.1,k_collapse_budget K50 E5 f1 iid fedavg,memo,tw_rel_dist,3,2.7765052318573,2.5969499349594116,2.961956262588501
B,K,0.3|wd0.1,k_collapse_budget K50 E5 f1 iid fedavg,memo,tw_cos,3,0.08756762742996216,0.07483595795929432,0.1465466022491455
B,K,0.3|wd0.1,k_collapse_budget K50 E5 f1 iid fedavg,memo,tw_first_rel_dist,3,3.8460967540740967,3.1115370988845825,4.05594265460968
B,K,0.3|wd0.1,k_collapse_budget K50 E5 f1 iid fedavg,memo,tw_pred_agree_te,3,0.020248349756002426,0.019241525791585445,0.024723123759031296
B,K,0.3|wd0.1,k_collapse_budget K50 E5 f1 iid fedavg,memo,tw_twin_acc_te,3,99.26166534423828,67.73129272460938,99.60845947265625
B,K,0.3|wd0.1,k_collapse_budget K50 E5 f1 iid fedavg,memo,tw_fed_acc_te,3,1.8122832775115967,1.5326099395751953,1.9185590744018555
B,K,0.3|wd0.1,k_collapse_budget K50 E5 f1 iid fedavg,memo,tw_cka_te,3,0.024798953751188416,0.020148130202026243,0.06354942316498237
B,K,0.3|wd0.1,k_collapse_budget K50 E5 f1 iid fedavg,memo,tw_pred_agree_grid,3,0.306132048368454,0.299984335899353,0.30801159143447876
B,K,0.3|wd0.1,k_collapse_budget K50 E5 f1 iid fedavg,memo,tw_clock_key_jaccard,3,0.14285714285714285,0.13392857142857142,0.23809523809523808
B,K,0.3|wd0.1,k_collapse_budget K50 E5 f1 iid fedavg,memo,tw_clock_energy_cos,3,0.06061529651208852,0.041939610253562375,0.40770983290907203
B,K,0.3|wd0.1,setup_k_ladder K10 E5 f1 iid fedavg,cross,tw_step_gap,3,0.0,0.0,0.0
B,K,0.3|wd0.1,setup_k_ladder K10 E5 f1 iid fedavg,cross,tw_rel_dist,3,1.612475037574768,1.5625532865524292,1.6162278652191162
B,K,0.3|wd0.1,setup_k_ladder K10 E5 f1 iid fedavg,cross,tw_cos,3,0.1324051171541214,0.10083034262061119,0.1332813873887062
B,K,0.3|wd0.1,setup_k_ladder K10 E5 f1 iid fedavg,cross,tw_first_rel_dist,3,2.0320441722869873,1.9518958926200867,2.2829867601394653
B,K,0.3|wd0.1,setup_k_ladder K10 E5 f1 iid fedavg,cross,tw_pred_agree_te,3,0.9933997392654419,0.9905470609664917,0.9952455759048462
B,K,0.3|wd0.1,setup_k_ladder K10 E5 f1 iid fedavg,cross,tw_twin_acc_te,3,99.85456848144531,99.8377914428711,99.90491104125977
B,K,0.3|wd0.1,setup_k_ladder K10 E5 f1 iid fedavg,cross,tw_fed_acc_te,3,99.38471984863281,99.14979553222656,99.63642883300781
B,K,0.3|wd0.1,setup_k_ladder K10 E5 f1 iid fedavg,cross,tw_cka_te,3,0.038207926508834214,0.02931925835302759,0.060669770184958456
B,K,0.3|wd0.1,setup_k_ladder K10 E5 f1 iid fedavg,cross,tw_pred_agree_grid,3,0.9953794479370117,0.9933824241161346,0.9966716170310974
B,K,0.3|wd0.1,setup_k_ladder K10 E5 f1 iid fedavg,cross,tw_clock_key_jaccard,3,0.14285714285714285,0.07142857142857142,0.23809523809523808
B,K,0.3|wd0.1,setup_k_ladder K10 E5 f1 iid fedavg,cross,tw_clock_energy_cos,3,0.31397233776868655,0.171068035197068,0.376684337510947
B,K,0.3|wd0.1,setup_k_ladder K10 E5 f1 iid fedavg,end,tw_step_gap,3,0.0,0.0,0.0
B,K,0.3|wd0.1,setup_k_ladder K10 E5 f1 iid fedavg,end,tw_rel_dist,3,1.8812501430511475,1.7937890887260437,2.0373281240463257
B,K,0.3|wd0.1,setup_k_ladder K10 E5 f1 iid fedavg,end,tw_cos,3,0.015712473541498184,0.01350554171949625,0.01651510503143072
B,K,0.3|wd0.1,setup_k_ladder K10 E5 f1 iid fedavg,end,tw_first_rel_dist,3,2.3730356693267822,2.0899422764778137,2.373307943344116
B,K,0.3|wd0.1,setup_k_ladder K10 E5 f1 iid fedavg,end,tw_pred_agree_te,3,0.9992169141769409,0.9962523877620697,0.9994406700134277
B,K,0.3|wd0.1,setup_k_ladder K10 E5 f1 iid fedavg,end,tw_twin_acc_te,3,99.93287658691406,99.63083267211914,99.94966125488281
B,K,0.3|wd0.1,setup_k_ladder K10 E5 f1 iid fedavg,end,tw_fed_acc_te,3,100.0,99.9944076538086,100.0
B,K,0.3|wd0.1,setup_k_ladder K10 E5 f1 iid fedavg,end,tw_cka_te,3,0.10745670171913496,0.06873000319790865,0.1751745968351843
B,K,0.3|wd0.1,setup_k_ladder K10 E5 f1 iid fedavg,end,tw_pred_agree_grid,3,0.9994518160820007,0.9973764717578888,0.9996084272861481
B,K,0.3|wd0.1,setup_k_ladder K10 E5 f1 iid fedavg,end,tw_clock_key_jaccard,3,0.16666666666666666,0.15476190476190477,0.25
B,K,0.3|wd0.1,setup_k_ladder K10 E5 f1 iid fedavg,end,tw_clock_energy_cos,3,0.3399552432261042,0.20034758097594577,0.37844428911217065
B,K,0.3|wd0.1,setup_k_ladder K10 E5 f1 iid fedavg,first,tw_step_gap,3,0.0,0.0,0.0
B,K,0.3|wd0.1,setup_k_ladder K10 E5 f1 iid fedavg,first,tw_rel_dist,3,1.400407075881958,1.387636125087738,1.4204550981521606
B,K,0.3|wd0.1,setup_k_ladder K10 E5 f1 iid fedavg,first,tw_cos,3,0.3885924220085144,0.3716832399368286,0.39475037157535553
B,K,0.3|wd0.1,setup_k_ladder K10 E5 f1 iid fedavg,first,tw_first_rel_dist,3,2.1215877532958984,2.100023627281189,2.14973783493042
B,K,0.3|wd0.1,setup_k_ladder K10 E5 f1 iid fedavg,first,tw_pred_agree_te,3,0.08009845018386841,0.07209978997707367,0.08121714368462563
B,K,0.3|wd0.1,setup_k_ladder K10 E5 f1 iid fedavg,first,tw_twin_acc_te,3,6.7792816162109375,6.091285467147827,8.1720552444458
B,K,0.3|wd0.1,setup_k_ladder K10 E5 f1 iid fedavg,first,tw_fed_acc_te,3,1.252936601638794,0.9397024512290955,2.075176239013672
B,K,0.3|wd0.1,setup_k_ladder K10 E5 f1 iid fedavg,first,tw_cka_te,3,0.2549140034465991,0.17534225944856016,0.2598584436953214
B,K,0.3|wd0.1,setup_k_ladder K10 E5 f1 iid fedavg,first,tw_pred_agree_grid,3,0.3560184836387634,0.35041898488998413,0.3568016290664673
B,K,0.3|wd0.1,setup_k_ladder K10 E5 f1 iid fedavg,first,tw_clock_key_jaccard,3,0.2,0.11851851851851852,0.26666666666666666
B,K,0.3|wd0.1,setup_k_ladder K10 E5 f1 iid fedavg,first,tw_clock_energy_cos,3,0.4991099684691296,0.34114184357318217,0.7489650557867792
B,K,0.3|wd0.1,setup_k_ladder K5 E5 f1 iid fedavg,cross,tw_step_gap,3,0.0,0.0,0.0
B,K,0.3|wd0.1,setup_k_ladder K5 E5 f1 iid fedavg,cross,tw_rel_dist,3,1.4049371480941772,1.3607975840568542,1.495996117591858
B,K,0.3|wd0.1,setup_k_ladder K5 E5 f1 iid fedavg,cross,tw_cos,3,0.20246483385562897,0.14838704094290733,0.27874698489904404
B,K,0.3|wd0.1,setup_k_ladder K5 E5 f1 iid fedavg,cross,tw_first_rel_dist,3,1.5997785329818726,1.5676507949829102,1.8945919871330261
B,K,0.3|wd0.1,setup_k_ladder K5 E5 f1 iid fedavg,cross,tw_pred_agree_te,3,0.48428237438201904,0.4115673005580902,0.7372748851776123
B,K,0.3|wd0.1,setup_k_ladder K5 E5 f1 iid fedavg,cross,tw_twin_acc_te,3,99.26166534423828,75.50621032714844,99.54133987426758
B,K,0.3|wd0.1,setup_k_ladder K5 E5 f1 iid fedavg,cross,tw_fed_acc_te,3,48.472984313964844,46.50967788696289,74.10784530639648
B,K,0.3|wd0.1,setup_k_ladder K5 E5 f1 iid fedavg,cross,tw_cka_te,3,0.06216503670040829,0.05741417771600477,0.15262005945252188
B,K,0.3|wd0.1,setup_k_ladder K5 E5 f1 iid fedavg,cross,tw_pred_agree_grid,3,0.638969361782074,0.5880648493766785,0.8160779774188995
B,K,0.3|wd0.1,setup_k_ladder K5 E5 f1 iid fedavg,cross,tw_clock_key_jaccard,3,0.3333333333333333,0.26666666666666666,0.41666666666666663
B,K,0.3|wd0.1,setup_k_ladder K5 E5 f1 iid fedavg,cross,tw_clock_energy_cos,3,0.4275184582270121,0.37211681631310034,0.6378069240350414
B,K,0.3|wd0.1,setup_k_ladder K5 E5 f1 iid fedavg,end,tw_step_gap,3,0.0,0.0,0.0
B,K,0.3|wd0.1,setup_k_ladder K5 E5 f1 iid fedavg,end,tw_rel_dist,3,1.464400291442871,1.44066321849823,1.521514892578125
B,K,0.3|wd0.1,setup_k_ladder K5 E5 f1 iid fedavg,end,tw_cos,3,0.04564597085118294,0.03336327336728573,0.05297044292092323
B,K,0.3|wd0.1,setup_k_ladder K5 E5 f1 iid fedavg,end,tw_first_rel_dist,3,1.5241402387619019,1.4182408452033997,1.5301074981689453
B,K,0.3|wd0.1,setup_k_ladder K5 E5 f1 iid fedavg,end,tw_pred_agree_te,3,0.9993287920951843,0.9963083267211914,0.9994966089725494
B,K,0.3|wd0.1,setup_k_ladder K5 E5 f1 iid fedavg,end,tw_twin_acc_te,3,99.93287658691406,99.63083267211914,99.94966125488281
B,K,0.3|wd0.1,setup_k_ladder K5 E5 f1 iid fedavg,end,tw_fed_acc_te,3,100.0,100.0,100.0
B,K,0.3|wd0.1,setup_k_ladder K5 E5 f1 iid fedavg,end,tw_cka_te,3,0.06843759718234604,0.06765104461049376,0.14018538774824063
B,K,0.3|wd0.1,setup_k_ladder K5 E5 f1 iid fedavg,end,tw_pred_agree_grid,3,0.9995300769805908,0.9974156022071838,0.9996475577354431
B,K,0.3|wd0.1,setup_k_ladder K5 E5 f1 iid fedavg,end,tw_clock_key_jaccard,3,0.3333333333333333,0.26666666666666666,0.3666666666666667
B,K,0.3|wd0.1,setup_k_ladder K5 E5 f1 iid fedavg,end,tw_clock_energy_cos,3,0.40265098489251094,0.3899882702449529,0.5259372661939372
B,K,0.3|wd0.1,setup_k_ladder K5 E5 f1 iid fedavg,first,tw_step_gap,3,0.0,0.0,0.0
B,K,0.3|wd0.1,setup_k_ladder K5 E5 f1 iid fedavg,first,tw_rel_dist,3,1.2171132564544678,1.1997032761573792,1.2205286026000977
B,K,0.3|wd0.1,setup_k_ladder K5 E5 f1 iid fedavg,first,tw_cos,3,0.47320619225502014,0.46146179735660553,0.4832697957754135
B,K,0.3|wd0.1,setup_k_ladder K5 E5 f1 iid fedavg,first,tw_first_rel_dist,3,1.8435081243515015,1.7908932566642761,1.8478016257286072
B,K,0.3|wd0.1,setup_k_ladder K5 E5 f1 iid fedavg,first,tw_pred_agree_te,3,0.08748182654380798,0.08608345687389374,0.11265242844820023
B,K,0.3|wd0.1,setup_k_ladder K5 E5 f1 iid fedavg,first,tw_twin_acc_te,3,6.7792816162109375,6.091285467147827,8.1720552444458
B,K,0.3|wd0.1,setup_k_ladder K5 E5 f1 iid fedavg,first,tw_fed_acc_te,3,2.6401164531707764,2.5618079900741577,3.7979642152786255
B,K,0.3|wd0.1,setup_k_ladder K5 E5 f1 iid fedavg,first,tw_cka_te,3,0.27856086025313137,0.18272254253773892,0.29984624269845994
B,K,0.3|wd0.1,setup_k_ladder K5 E5 f1 iid fedavg,first,tw_pred_agree_grid,3,0.36118724942207336,0.36020831763744354,0.37880805134773254
B,K,0.3|wd0.1,setup_k_ladder K5 E5 f1 iid fedavg,first,tw_clock_key_jaccard,3,0.26666666666666666,0.13333333333333333,0.6333333333333333
B,K,0.3|wd0.1,setup_k_ladder K5 E5 f1 iid fedavg,first,tw_clock_energy_cos,3,0.5838995939375687,0.32990034478957697,0.791906531753733
B,f,0.3|wd0.1,participation_setups K20 E5 f0.25 iid fedavg,cross,tw_step_gap,2,5.483079064845843e-06,3.231096143951126e-06,7.73506198574056e-06
B,f,0.3|wd0.1,participation_setups K20 E5 f0.25 iid fedavg,cross,tw_rel_dist,2,1.6847283840179443,1.6091410517692566,1.760315716266632
B,f,0.3|wd0.1,participation_setups K20 E5 f0.25 iid fedavg,cross,tw_cos,2,0.11503730714321136,0.10576710104942322,0.12430751323699951
B,f,0.3|wd0.1,participation_setups K20 E5 f0.25 iid fedavg,cross,tw_first_rel_dist,2,2.1794490814208984,2.0406757593154907,2.318222403526306
B,f,0.3|wd0.1,participation_setups K20 E5 f0.25 iid fedavg,cross,tw_pred_agree_te,2,0.06096878834068775,0.05755677353590727,0.06438080314546824
B,f,0.3|wd0.1,participation_setups K20 E5 f0.25 iid fedavg,cross,tw_twin_acc_te,2,6.091285467147827,5.747287392616272,6.435283541679382
B,f,0.3|wd0.1,participation_setups K20 E5 f0.25 iid fedavg,cross,tw_fed_acc_te,2,99.07707977294922,98.69952011108398,99.45463943481445
B,f,0.3|wd0.1,participation_setups K20 E5 f0.25 iid fedavg,cross,tw_cka_te,2,0.027884507223478017,0.023362519800974438,0.0324064946459816
B,f,0.3|wd0.1,participation_setups K20 E5 f0.25 iid fedavg,cross,tw_pred_agree_grid,2,0.3426266610622406,0.3402380645275116,0.3450152575969696
B,f,0.3|wd0.1,participation_setups K20 E5 f0.25 iid fedavg,cross,tw_clock_key_jaccard,2,0.0625,0.03125,0.09375
B,f,0.3|wd0.1,participation_setups K20 E5 f0.25 iid fedavg,cross,tw_clock_energy_cos,2,0.14883466565374454,0.09205887620273978,0.20561045510474932
B,f,0.3|wd0.1,participation_setups K20 E5 f0.25 iid fedavg,end,tw_step_gap,3,5.580908799368128e-06,3.900112519074819e-06,5.763674314211616e-06
B,f,0.3|wd0.1,participation_setups K20 E5 f0.25 iid fedavg,end,tw_rel_dist,3,1.690167784690857,1.6848539113998413,2.1613325476646423
B,f,0.3|wd0.1,participation_setups K20 E5 f0.25 iid fedavg,end,tw_cos,3,0.003973345272243023,0.003030194784514606,0.004142470424994826
B,f,0.3|wd0.1,participation_setups K20 E5 f0.25 iid fedavg,end,tw_first_rel_dist,3,4.151390552520752,3.7670689821243286,4.604418516159058
B,f,0.3|wd0.1,participation_setups K20 E5 f0.25 iid fedavg,end,tw_pred_agree_te,3,0.9993287920951843,0.9975948333740234,0.9993287920951843
B,f,0.3|wd0.1,participation_setups K20 E5 f0.25 iid fedavg,end,tw_twin_acc_te,3,99.93287658691406,99.80422973632812,99.96643829345703
B,f,0.3|wd0.1,participation_setups K20 E5 f0.25 iid fedavg,end,tw_fed_acc_te,3,99.93287658691406,99.92169189453125,99.96643829345703
B,f,0.3|wd0.1,participation_setups K20 E5 f0.25 iid fedavg,end,tw_cka_te,3,0.20413810296577925,0.17506801013546708,0.21399569542819408
B,f,0.3|wd0.1,participation_setups K20 E5 f0.25 iid fedavg,end,tw_pred_agree_grid,3,0.9995300769805908,0.99831622838974,0.9995300769805908
B,f,0.3|wd0.1,participation_setups K20 E5 f0.25 iid fedavg,end,tw_clock_key_jaccard,3,0.25,0.25,0.26785714285714285
B,f,0.3|wd0.1,participation_setups K20 E5 f0.25 iid fedavg,end,tw_clock_energy_cos,3,0.3879497511887794,0.3598367572423241,0.39143817754747223
B,f,0.3|wd0.1,participation_setups K20 E5 f0.25 iid fedavg,first,tw_step_gap,3,4.046981010164821e-06,2.5130471166106148e-06,7.017012958400049e-06
B,f,0.3|wd0.1,participation_setups K20 E5 f0.25 iid fedavg,first,tw_rel_dist,3,1.5345379114151,1.5340458154678345,1.68522047996521
B,f,0.3|wd0.1,participation_setups K20 E5 f0.25 iid fedavg,first,tw_cos,3,0.12668673694133759,0.11159181594848633,0.13013222813606262
B,f,0.3|wd0.1,participation_setups K20 E5 f0.25 iid fedavg,first,tw_first_rel_dist,3,1.901902437210083,1.8282191157341003,2.1794490814208984
B,f,0.3|wd0.1,participation_setups K20 E5 f0.25 iid fedavg,first,tw_pred_agree_te,3,0.06779281795024872,0.06096878834068775,0.081944290548563
B,f,0.3|wd0.1,participation_setups K20 E5 f0.25 iid fedavg,first,tw_twin_acc_te,3,6.7792816162109375,6.091285467147827,8.1720552444458
B,f,0.3|wd0.1,participation_setups K20 E5 f0.25 iid fedavg,first,tw_fed_acc_te,3,98.91487121582031,98.61841583251953,99.37353515625
B,f,0.3|wd0.1,participation_setups K20 E5 f0.25 iid fedavg,first,tw_cka_te,3,0.03692848206848518,0.027884507223478017,0.09133775291521162
B,f,0.3|wd0.1,participation_setups K20 E5 f0.25 iid fedavg,first,tw_pred_agree_grid,3,0.3474038541316986,0.3426266610622406,0.3573106676340103
B,f,0.3|wd0.1,participation_setups K20 E5 f0.25 iid fedavg,first,tw_clock_key_jaccard,3,0.125,0.0625,0.14583333333333331
B,f,0.3|wd0.1,participation_setups K20 E5 f0.25 iid fedavg,first,tw_clock_energy_cos,3,0.2623862445557541,0.14883466565374454,0.36793278390480966
B,f,0.3|wd0.1,participation_setups K20 E5 f0.5 iid fedavg,cross,tw_step_gap,3,2.937345440801912e-06,2.8720709136911465e-06,4.161245965590348e-06
B,f,0.3|wd0.1,participation_setups K20 E5 f0.5 iid fedavg,cross,tw_rel_dist,3,2.4654295444488525,2.1622925996780396,2.5042479038238525
B,f,0.3|wd0.1,participation_setups K20 E5 f0.5 iid fedavg,cross,tw_cos,3,0.12292802333831787,0.12249181047081947,0.12557118386030197
B,f,0.3|wd0.1,participation_setups K20 E5 f0.5 iid fedavg,cross,tw_first_rel_dist,3,2.9971158504486084,2.666319966316223,3.1287988424301147
B,f,0.3|wd0.1,participation_setups K20 E5 f0.5 iid fedavg,cross,tw_pred_agree_te,3,0.2533840537071228,0.19689004123210907,0.32050566375255585
B,f,0.3|wd0.1,participation_setups K20 E5 f0.5 iid fedavg,cross,tw_twin_acc_te,3,36.20092010498047,30.909500122070312,43.97583770751953
B,f,0.3|wd0.1,participation_setups K20 E5 f0.5 iid fedavg,cross,tw_fed_acc_te,3,65.8462905883789,44.79248237609863,81.48003387451172
B,f,0.3|wd0.1,participation_setups K20 E5 f0.5 iid fedavg,cross,tw_cka_te,3,0.07560543158587792,0.07073411031251628,0.07987454065696126
B,f,0.3|wd0.1,participation_setups K20 E5 f0.5 iid fedavg,cross,tw_pred_agree_grid,3,0.4773279130458832,0.4377789944410324,0.5243167132139206
B,f,0.3|wd0.1,participation_setups K20 E5 f0.5 iid fedavg,cross,tw_clock_key_jaccard,3,0.16666666666666666,0.08333333333333333,0.2833333333333333
B,f,0.3|wd0.1,participation_setups K20 E5 f0.5 iid fedavg,cross,tw_clock_energy_cos,3,0.05363216442839391,0.03760655308071363,0.12086479419090543
B,f,0.3|wd0.1,participation_setups K20 E5 f0.5 iid fedavg,end,tw_step_gap,3,2.8067892480996865e-07,2.1866842935029503e-07,9.105732629498837e-07
B,f,0.3|wd0.1,participation_setups K20 E5 f0.5 iid fedavg,end,tw_rel_dist,3,1.7150776386260986,1.6959575414657593,1.7256332635879517
B,f,0.3|wd0.1,participation_setups K20 E5 f0.5 iid fedavg,end,tw_cos,3,0.00769326975569129,0.006896919338032603,0.008215951034799218
B,f,0.3|wd0.1,participation_setups K20 E5 f0.5 iid fedavg,end,tw_first_rel_dist,3,3.6807777881622314,3.555116295814514,4.079834342002869
B,f,0.3|wd0.1,participation_setups K20 E5 f0.5 iid fedavg,end,tw_pred_agree_te,3,0.9977626204490662,0.9968676865100861,0.998601645231247
B,f,0.3|wd0.1,participation_setups K20 E5 f0.5 iid fedavg,end,tw_twin_acc_te,3,99.93287658691406,99.80422973632812,99.96643829345703
B,f,0.3|wd0.1,participation_setups K20 E5 f0.5 iid fedavg,end,tw_fed_acc_te,3,99.92169189453125,99.88254165649414,99.93288040161133
B,f,0.3|wd0.1,participation_setups K20 E5 f0.5 iid fedavg,end,tw_cka_te,3,0.11456940811746476,0.0992492881143208,0.1795482070072627
B,f,0.3|wd0.1,participation_setups K20 E5 f0.5 iid fedavg,end,tw_pred_agree_grid,3,0.9984337091445923,0.9978071749210358,0.999021053314209
B,f,0.3|wd0.1,participation_setups K20 E5 f0.5 iid fedavg,end,tw_clock_key_jaccard,3,0.125,0.125,0.20535714285714285
B,f,0.3|wd0.1,participation_setups K20 E5 f0.5 iid fedavg,end,tw_clock_energy_cos,3,0.1410548792742158,0.13901651357787911,0.31546695699855537
B,f,0.3|wd0.1,participation_setups K20 E5 f0.5 iid fedavg,first,tw_step_gap,3,3.655339116464551e-06,1.990854989314766e-06,4.373374425136121e-06
B,f,0.3|wd0.1,participation_setups K20 E5 f0.5 iid fedavg,first,tw_rel_dist,3,2.7057278156280518,2.651539444923401,2.7271333932876587
B,f,0.3|wd0.1,participation_setups K20 E5 f0.5 iid fedavg,first,tw_cos,3,0.17871369421482086,0.1776546686887741,0.18458157032728195
B,f,0.3|wd0.1,participation_setups K20 E5 f0.5 iid fedavg,first,tw_first_rel_dist,3,3.5277466773986816,3.4515267610549927,3.5408002138137817
B,f,0.3|wd0.1,participation_setups K20 E5 f0.5 iid fedavg,first,tw_pred_agree_te,3,0.052914198487997055,0.05201924405992031,0.06298243813216686
B,f,0.3|wd0.1,participation_setups K20 E5 f0.5 iid fedavg,first,tw_twin_acc_te,3,6.7792816162109375,6.091285467147827,8.1720552444458
B,f,0.3|wd0.1,participation_setups K20 E5 f0.5 iid fedavg,first,tw_fed_acc_te,3,2.606555700302124,2.0975501537323,3.618973135948181
B,f,0.3|wd0.1,participation_setups K20 E5 f0.5 iid fedavg,first,tw_cka_te,3,0.20678265526087553,0.1474502529412295,0.2242046094291027
B,f,0.3|wd0.1,participation_setups K20 E5 f0.5 iid fedavg,first,tw_pred_agree_grid,3,0.33698800206184387,0.33636149764060974,0.3440363258123398
B,f,0.3|wd0.1,participation_setups K20 E5 f0.5 iid fedavg,first,tw_clock_key_jaccard,3,0.2,0.1,0.225
B,f,0.3|wd0.1,participation_setups K20 E5 f0.5 iid fedavg,first,tw_clock_energy_cos,3,0.04754794155448281,0.04264382208406041,0.05604189140660501
B,K,0.3|wd1.0,aggregation K10 E5 f1 iid fedavg,cross,tw_step_gap,1,0.0,0.0,0.0
B,K,0.3|wd1.0,aggregation K10 E5 f1 iid fedavg,cross,tw_rel_dist,1,1.5420105457305908,1.5420105457305908,1.5420105457305908
B,K,0.3|wd1.0,aggregation K10 E5 f1 iid fedavg,cross,tw_cos,1,0.0471811443567276,0.0471811443567276,0.0471811443567276
B,K,0.3|wd1.0,aggregation K10 E5 f1 iid fedavg,cross,tw_first_rel_dist,1,1.5391887426376343,1.5391887426376343,1.5391887426376343
B,K,0.3|wd1.0,aggregation K10 E5 f1 iid fedavg,cross,tw_pred_agree_te,1,0.9713614583015442,0.9713614583015442,0.9713614583015442
B,K,0.3|wd1.0,aggregation K10 E5 f1 iid fedavg,cross,tw_twin_acc_te,1,100.0,100.0,100.0
B,K,0.3|wd1.0,aggregation K10 E5 f1 iid fedavg,cross,tw_fed_acc_te,1,97.13614654541016,97.13614654541016,97.13614654541016
B,K,0.3|wd1.0,aggregation K10 E5 f1 iid fedavg,cross,tw_cka_te,1,0.23925005419294645,0.23925005419294645,0.23925005419294645
B,K,0.3|wd1.0,aggregation K10 E5 f1 iid fedavg,cross,tw_pred_agree_grid,1,0.9794032573699951,0.9794032573699951,0.9794032573699951
B,K,0.3|wd1.0,aggregation K10 E5 f1 iid fedavg,cross,tw_clock_key_jaccard,1,0.2,0.2,0.2
B,K,0.3|wd1.0,aggregation K10 E5 f1 iid fedavg,cross,tw_clock_energy_cos,1,0.2469374114493647,0.2469374114493647,0.2469374114493647
B,K,0.3|wd1.0,aggregation K10 E5 f1 iid fedavg,end,tw_step_gap,3,0.0,0.0,0.0
B,K,0.3|wd1.0,aggregation K10 E5 f1 iid fedavg,end,tw_rel_dist,3,1.4543756246566772,1.2661452889442444,1.479298710823059
B,K,0.3|wd1.0,aggregation K10 E5 f1 iid fedavg,end,tw_cos,3,0.0015524204354733229,0.00037277190131135285,0.002797872177325189
B,K,0.3|wd1.0,aggregation K10 E5 f1 iid fedavg,end,tw_first_rel_dist,3,1.3731635808944702,1.3681954741477966,1.6967925429344177
B,K,0.3|wd1.0,aggregation K10 E5 f1 iid fedavg,end,tw_pred_agree_te,3,1.0,0.9998322129249573,1.0
B,K,0.3|wd1.0,aggregation K10 E5 f1 iid fedavg,end,tw_twin_acc_te,3,100.0,100.0,100.0
B,K,0.3|wd1.0,aggregation K10 E5 f1 iid fedavg,end,tw_fed_acc_te,3,100.0,99.98322296142578,100.0
B,K,0.3|wd1.0,aggregation K10 E5 f1 iid fedavg,end,tw_cka_te,3,0.0002500893067895068,0.00024803500393726866,0.09664387693375838
B,K,0.3|wd1.0,aggregation K10 E5 f1 iid fedavg,end,tw_pred_agree_grid,3,1.0,0.9998825192451477,1.0
B,K,0.3|wd1.0,aggregation K10 E5 f1 iid fedavg,end,tw_clock_key_jaccard,3,0.0,0.0,0.07142857142857142
B,K,0.3|wd1.0,aggregation K10 E5 f1 iid fedavg,end,tw_clock_energy_cos,3,1.0553669570699448e-05,5.282709395627745e-06,0.10755705955357617
B,K,0.3|wd1.0,aggregation K10 E5 f1 iid fedavg,first,tw_step_gap,3,0.0,0.0,0.0
B,K,0.3|wd1.0,aggregation K10 E5 f1 iid fedavg,first,tw_rel_dist,3,1.5410308837890625,1.4833198189735413,1.5415207147598267
B,K,0.3|wd1.0,aggregation K10 E5 f1 iid fedavg,first,tw_cos,3,0.03714163601398468,0.027976397424936295,0.04216139018535614
B,K,0.3|wd1.0,aggregation K10 E5 f1 iid fedavg,first,tw_first_rel_dist,3,1.5391887426376343,1.4419429898262024,1.6278987526893616
B,K,0.3|wd1.0,aggregation K10 E5 f1 iid fedavg,first,tw_pred_agree_te,3,0.9973151683807373,0.9843383133411407,0.9986575841903687
B,K,0.3|wd1.0,aggregation K10 E5 f1 iid fedavg,first,tw_twin_acc_te,3,100.0,100.0,100.0
B,K,0.3|wd1.0,aggregation K10 E5 f1 iid fedavg,first,tw_fed_acc_te,3,99.73151397705078,98.43383026123047,99.86575698852539
B,K,0.3|wd1.0,aggregation K10 E5 f1 iid fedavg,first,tw_cka_te,3,0.00025155536069645446,0.00020637533876264236,0.11975080477682146
B,K,0.3|wd1.0,aggregation K10 E5 f1 iid fedavg,first,tw_pred_agree_grid,3,0.9981204271316528,0.988761842250824,0.9990602135658264
B,K,0.3|wd1.0,aggregation K10 E5 f1 iid fedavg,first,tw_clock_key_jaccard,3,0.0,0.0,0.1
B,K,0.3|wd1.0,aggregation K10 E5 f1 iid fedavg,first,tw_clock_energy_cos,3,4.958557499880155e-08,2.547289784874376e-08,0.12346873051746986
B,K,0.3|wd1.0,aggregation K10 E5 f1 iid fedavg,memo,tw_step_gap,1,0.0,0.0,0.0
B,K,0.3|wd1.0,aggregation K10 E5 f1 iid fedavg,memo,tw_rel_dist,1,1.5420105457305908,1.5420105457305908,1.5420105457305908
B,K,0.3|wd1.0,aggregation K10 E5 f1 iid fedavg,memo,tw_cos,1,0.0471811443567276,0.0471811443567276,0.0471811443567276
B,K,0.3|wd1.0,aggregation K10 E5 f1 iid fedavg,memo,tw_first_rel_dist,1,1.5391887426376343,1.5391887426376343,1.5391887426376343
B,K,0.3|wd1.0,aggregation K10 E5 f1 iid fedavg,memo,tw_pred_agree_te,1,0.9713614583015442,0.9713614583015442,0.9713614583015442
B,K,0.3|wd1.0,aggregation K10 E5 f1 iid fedavg,memo,tw_twin_acc_te,1,100.0,100.0,100.0
B,K,0.3|wd1.0,aggregation K10 E5 f1 iid fedavg,memo,tw_fed_acc_te,1,97.13614654541016,97.13614654541016,97.13614654541016
B,K,0.3|wd1.0,aggregation K10 E5 f1 iid fedavg,memo,tw_cka_te,1,0.23925005419294645,0.23925005419294645,0.23925005419294645
B,K,0.3|wd1.0,aggregation K10 E5 f1 iid fedavg,memo,tw_pred_agree_grid,1,0.9794032573699951,0.9794032573699951,0.9794032573699951
B,K,0.3|wd1.0,aggregation K10 E5 f1 iid fedavg,memo,tw_clock_key_jaccard,1,0.2,0.2,0.2
B,K,0.3|wd1.0,aggregation K10 E5 f1 iid fedavg,memo,tw_clock_energy_cos,1,0.2469374114493647,0.2469374114493647,0.2469374114493647
B,K,0.3|wd1.0,aggregation K2 E5 f1 iid fedavg,end,tw_step_gap,3,0.0,0.0,0.0
B,K,0.3|wd1.0,aggregation K2 E5 f1 iid fedavg,end,tw_rel_dist,3,1.3561971187591553,1.2209662795066833,1.3678463101387024
B,K,0.3|wd1.0,aggregation K2 E5 f1 iid fedavg,end,tw_cos,3,0.0010033490834757686,-0.0014388036797754467,0.0022615560446865857
B,K,0.3|wd1.0,aggregation K2 E5 f1 iid fedavg,end,tw_first_rel_dist,3,1.6328580379486084,1.556496024131775,1.926034688949585
B,K,0.3|wd1.0,aggregation K2 E5 f1 iid fedavg,end,tw_pred_agree_te,3,1.0,1.0,1.0
B,K,0.3|wd1.0,aggregation K2 E5 f1 iid fedavg,end,tw_twin_acc_te,3,100.0,100.0,100.0
B,K,0.3|wd1.0,aggregation K2 E5 f1 iid fedavg,end,tw_fed_acc_te,3,100.0,100.0,100.0
B,K,0.3|wd1.0,aggregation K2 E5 f1 iid fedavg,end,tw_cka_te,3,0.4391408587821834,0.2956368557179291,0.47276768731682495
B,K,0.3|wd1.0,aggregation K2 E5 f1 iid fedavg,end,tw_pred_agree_grid,3,1.0,1.0,1.0
B,K,0.3|wd1.0,aggregation K2 E5 f1 iid fedavg,end,tw_clock_key_jaccard,3,0.4,0.325,0.575
B,K,0.3|wd1.0,aggregation K2 E5 f1 iid fedavg,end,tw_clock_energy_cos,3,0.49030579964222876,0.3318137888255218,0.5923753780892899
B,K,0.3|wd1.0,aggregation K2 E5 f1 iid fedavg,first,tw_step_gap,3,0.0,0.0,0.0
B,K,0.3|wd1.0,aggregation K2 E5 f1 iid fedavg,first,tw_rel_dist,3,1.3674596548080444,1.351366639137268,1.384110450744629
B,K,0.3|wd1.0,aggregation K2 E5 f1 iid fedavg,first,tw_cos,3,0.14016498625278473,0.12183309718966484,0.14448495209217072
B,K,0.3|wd1.0,aggregation K2 E5 f1 iid fedavg,first,tw_first_rel_dist,3,1.5005733966827393,1.4896280765533447,1.5313631296157837
B,K,0.3|wd1.0,aggregation K2 E5 f1 iid fedavg,first,tw_pred_agree_te,3,1.0,1.0,1.0
B,K,0.3|wd1.0,aggregation K2 E5 f1 iid fedavg,first,tw_twin_acc_te,3,100.0,100.0,100.0
B,K,0.3|wd1.0,aggregation K2 E5 f1 iid fedavg,first,tw_fed_acc_te,3,100.0,100.0,100.0
B,K,0.3|wd1.0,aggregation K2 E5 f1 iid fedavg,first,tw_cka_te,3,0.4354253507462416,0.30726472192030196,0.4496492267918188
B,K,0.3|wd1.0,aggregation K2 E5 f1 iid fedavg,first,tw_pred_agree_grid,3,1.0,1.0,1.0
B,K,0.3|wd1.0,aggregation K2 E5 f1 iid fedavg,first,tw_clock_key_jaccard,3,0.5,0.45,0.625
B,K,0.3|wd1.0,aggregation K2 E5 f1 iid fedavg,first,tw_clock_energy_cos,3,0.4814747539644882,0.3448660448285395,0.5646188682395218
B,K,0.3|wd1.0,aggregation K20 E5 f1 iid fedavg,cross,tw_step_gap,2,0.0,0.0,0.0
B,K,0.3|wd1.0,aggregation K20 E5 f1 iid fedavg,cross,tw_rel_dist,2,1.640528380870819,1.6291944086551666,1.6518623530864716
B,K,0.3|wd1.0,aggregation K20 E5 f1 iid fedavg,cross,tw_cos,2,0.025061924010515213,0.024218888022005558,0.025904959999024868
B,K,0.3|wd1.0,aggregation K20 E5 f1 iid fedavg,cross,tw_first_rel_dist,2,1.3212738633155823,1.2820238769054413,1.3605238497257233
B,K,0.3|wd1.0,aggregation K20 E5 f1 iid fedavg,cross,tw_pred_agree_te,2,0.7236827462911606,0.588208980858326,0.8591565117239952
B,K,0.3|wd1.0,aggregation K20 E5 f1 iid fedavg,cross,tw_twin_acc_te,2,100.0,100.0,100.0
B,K,0.3|wd1.0,aggregation K20 E5 f1 iid fedavg,cross,tw_fed_acc_te,2,72.3682746887207,58.82089805603027,85.91565132141113
B,K,0.3|wd1.0,aggregation K20 E5 f1 iid fedavg,cross,tw_cka_te,2,0.09858462846999144,0.04937777732735433,0.14779147961262856
B,K,0.3|wd1.0,aggregation K20 E5 f1 iid fedavg,cross,tw_pred_agree_grid,2,0.7694416344165802,0.6560419946908951,0.8828412741422653
B,K,0.3|wd1.0,aggregation K20 E5 f1 iid fedavg,cross,tw_clock_key_jaccard,2,0.07142857142857142,0.03571428571428571,0.10714285714285714
B,K,0.3|wd1.0,aggregation K20 E5 f1 iid fedavg,cross,tw_clock_energy_cos,2,0.02828637618103444,0.014144443912959756,0.04242830844910912
B,K,0.3|wd1.0,aggregation K20 E5 f1 iid fedavg,end,tw_step_gap,3,0.0,0.0,0.0
B,K,0.3|wd1.0,aggregation K20 E5 f1 iid fedavg,end,tw_rel_dist,3,1.4692388772964478,1.2858087420463562,1.499501883983612
B,K,0.3|wd1.0,aggregation K20 E5 f1 iid fedavg,end,tw_cos,3,-0.003103698370978236,-0.0031611877493560314,0.0004950071452185512
B,K,0.3|wd1.0,aggregation K20 E5 f1 iid fedavg,end,tw_first_rel_dist,3,1.4590139389038086,1.3642049431800842,1.6269856095314026
B,K,0.3|wd1.0,aggregation K20 E5 f1 iid fedavg,end,tw_pred_agree_te,3,0.9983220100402832,0.9972033202648163,0.9989932179450989
B,K,0.3|wd1.0,aggregation K20 E5 f1 iid fedavg,end,tw_twin_acc_te,3,100.0,100.0,100.0
B,K,0.3|wd1.0,aggregation K20 E5 f1 iid fedavg,end,tw_fed_acc_te,3,99.83219909667969,99.72032928466797,99.89932250976562
B,K,0.3|wd1.0,aggregation K20 E5 f1 iid fedavg,end,tw_cka_te,3,0.0022048122063315586,0.0013839387855954185,0.11635788974975557
B,K,0.3|wd1.0,aggregation K20 E5 f1 iid fedavg,end,tw_pred_agree_grid,3,0.9988252520561218,0.998042106628418,0.9992951452732086
B,K,0.3|wd1.0,aggregation K20 E5 f1 iid fedavg,end,tw_clock_key_jaccard,3,0.14285714285714285,0.07142857142857142,0.15476190476190477
B,K,0.3|wd1.0,aggregation K20 E5 f1 iid fedavg,end,tw_clock_energy_cos,3,0.05236679189806436,0.028368346206157323,0.07150141243432542
B,K,0.3|wd1.0,aggregation K20 E5 f1 iid fedavg,first,tw_step_gap,3,0.0,0.0,0.0
B,K,0.3|wd1.0,aggregation K20 E5 f1 iid fedavg,first,tw_rel_dist,3,1.6178604364395142,1.5756750106811523,1.640528380870819
B,K,0.3|wd1.0,aggregation K20 E5 f1 iid fedavg,first,tw_cos,3,0.023549599573016167,0.023462725803256035,0.025148797780275345
B,K,0.3|wd1.0,aggregation K20 E5 f1 iid fedavg,first,tw_first_rel_dist,3,1.3997738361358643,1.3212738633155823,1.4543237686157227
B,K,0.3|wd1.0,aggregation K20 E5 f1 iid fedavg,first,tw_pred_agree_te,3,0.9946302771568298,0.7236827462911606,0.9971473515033722
B,K,0.3|wd1.0,aggregation K20 E5 f1 iid fedavg,first,tw_twin_acc_te,3,100.0,100.0,100.0
B,K,0.3|wd1.0,aggregation K20 E5 f1 iid fedavg,first,tw_fed_acc_te,3,99.46302795410156,72.3682746887207,99.71473693847656
B,K,0.3|wd1.0,aggregation K20 E5 f1 iid fedavg,first,tw_cka_te,3,0.0004032872554964107,0.00028710672010680977,0.09870080900538104
B,K,0.3|wd1.0,aggregation K20 E5 f1 iid fedavg,first,tw_pred_agree_grid,3,0.9962409138679504,0.7694416344165802,0.9980029761791229
B,K,0.3|wd1.0,aggregation K20 E5 f1 iid fedavg,first,tw_clock_key_jaccard,3,0.0,0.0,0.07142857142857142
B,K,0.3|wd1.0,aggregation K20 E5 f1 iid fedavg,first,tw_clock_energy_cos,3,0.00035167626884638454,0.0001770939568657305,0.028460958493015092
B,K,0.3|wd1.0,aggregation K20 E5 f1 iid fedavg,memo,tw_step_gap,2,0.0,0.0,0.0
B,K,0.3|wd1.0,aggregation K20 E5 f1 iid fedavg,memo,tw_rel_dist,2,1.640528380870819,1.6291944086551666,1.6518623530864716
B,K,0.3|wd1.0,aggregation K20 E5 f1 iid fedavg,memo,tw_cos,2,0.025061924010515213,0.024218888022005558,0.025904959999024868
B,K,0.3|wd1.0,aggregation K20 E5 f1 iid fedavg,memo,tw_first_rel_dist,2,1.3212738633155823,1.2820238769054413,1.3605238497257233
B,K,0.3|wd1.0,aggregation K20 E5 f1 iid fedavg,memo,tw_pred_agree_te,2,0.7236827462911606,0.588208980858326,0.8591565117239952
B,K,0.3|wd1.0,aggregation K20 E5 f1 iid fedavg,memo,tw_twin_acc_te,2,100.0,100.0,100.0
B,K,0.3|wd1.0,aggregation K20 E5 f1 iid fedavg,memo,tw_fed_acc_te,2,72.3682746887207,58.82089805603027,85.91565132141113
B,K,0.3|wd1.0,aggregation K20 E5 f1 iid fedavg,memo,tw_cka_te,2,0.09858462846999144,0.04937777732735433,0.14779147961262856
B,K,0.3|wd1.0,aggregation K20 E5 f1 iid fedavg,memo,tw_pred_agree_grid,2,0.7694416344165802,0.6560419946908951,0.8828412741422653
B,K,0.3|wd1.0,aggregation K20 E5 f1 iid fedavg,memo,tw_clock_key_jaccard,2,0.07142857142857142,0.03571428571428571,0.10714285714285714
B,K,0.3|wd1.0,aggregation K20 E5 f1 iid fedavg,memo,tw_clock_energy_cos,2,0.02828637618103444,0.014144443912959756,0.04242830844910912
B,K,0.3|wd1.0,aggregation K5 E5 f1 iid fedavg,end,tw_step_gap,3,0.0,0.0,0.0
B,K,0.3|wd1.0,aggregation K5 E5 f1 iid fedavg,end,tw_rel_dist,3,1.349166989326477,1.2157565355300903,1.3522626757621765
B,K,0.3|wd1.0,aggregation K5 E5 f1 iid fedavg,end,tw_cos,3,0.0032269677612930536,-0.0019496948225423694,0.005234513315372169
B,K,0.3|wd1.0,aggregation K5 E5 f1 iid fedavg,end,tw_first_rel_dist,3,1.627936601638794,1.5288183093070984,1.9300260543823242
B,K,0.3|wd1.0,aggregation K5 E5 f1 iid fedavg,end,tw_pred_agree_te,3,1.0,1.0,1.0
B,K,0.3|wd1.0,aggregation K5 E5 f1 iid fedavg,end,tw_twin_acc_te,3,100.0,100.0,100.0
B,K,0.3|wd1.0,aggregation K5 E5 f1 iid fedavg,end,tw_fed_acc_te,3,100.0,100.0,100.0
B,K,0.3|wd1.0,aggregation K5 E5 f1 iid fedavg,end,tw_cka_te,3,0.4485299725871261,0.3153872456512616,0.5966074301453322
B,K,0.3|wd1.0,aggregation K5 E5 f1 iid fedavg,end,tw_pred_agree_grid,3,1.0,1.0,1.0
B,K,0.3|wd1.0,aggregation K5 E5 f1 iid fedavg,end,tw_clock_key_jaccard,3,0.6666666666666666,0.43333333333333335,0.7083333333333333
B,K,0.3|wd1.0,aggregation K5 E5 f1 iid fedavg,end,tw_clock_energy_cos,3,0.49339554456803747,0.37051961634946634,0.7066347153431168
B,K,0.3|wd1.0,aggregation K5 E5 f1 iid fedavg,first,tw_step_gap,3,0.0,0.0,0.0
B,K,0.3|wd1.0,aggregation K5 E5 f1 iid fedavg,first,tw_rel_dist,3,1.378149390220642,1.3485239148139954,1.402672290802002
B,K,0.3|wd1.0,aggregation K5 E5 f1 iid fedavg,first,tw_cos,3,0.09752015769481659,0.07935262098908424,0.10494043305516243
B,K,0.3|wd1.0,aggregation K5 E5 f1 iid fedavg,first,tw_first_rel_dist,3,1.4736568927764893,1.4691864252090454,1.577646255493164
B,K,0.3|wd1.0,aggregation K5 E5 f1 iid fedavg,first,tw_pred_agree_te,3,1.0,1.0,1.0
B,K,0.3|wd1.0,aggregation K5 E5 f1 iid fedavg,first,tw_twin_acc_te,3,100.0,100.0,100.0
B,K,0.3|wd1.0,aggregation K5 E5 f1 iid fedavg,first,tw_fed_acc_te,3,100.0,100.0,100.0
B,K,0.3|wd1.0,aggregation K5 E5 f1 iid fedavg,first,tw_cka_te,3,0.4187634280640286,0.29655155712683556,0.6245282275770867
B,K,0.3|wd1.0,aggregation K5 E5 f1 iid fedavg,first,tw_pred_agree_grid,3,1.0,1.0,1.0
B,K,0.3|wd1.0,aggregation K5 E5 f1 iid fedavg,first,tw_clock_key_jaccard,3,0.6666666666666666,0.43333333333333335,0.7083333333333333
B,K,0.3|wd1.0,aggregation K5 E5 f1 iid fedavg,first,tw_clock_energy_cos,3,0.48334268183691015,0.3468780257409406,0.7073461056287556
B,K,0.3|wd1.0,aggregation K50 E5 f1 iid fedavg,end,tw_step_gap,3,0.0,0.0,0.0
B,K,0.3|wd1.0,aggregation K50 E5 f1 iid fedavg,end,tw_rel_dist,3,1.6109577417373657,1.3769310116767883,1.623729407787323
B,K,0.3|wd1.0,aggregation K50 E5 f1 iid fedavg,end,tw_cos,3,0.0012746407883241773,0.0005968858822598122,0.003109829325694591
B,K,0.3|wd1.0,aggregation K50 E5 f1 iid fedavg,end,tw_first_rel_dist,3,1.265022873878479,1.1530813574790955,1.4016411900520325
B,K,0.3|wd1.0,aggregation K50 E5 f1 iid fedavg,end,tw_pred_agree_te,3,0.23783421516418457,0.20785323530435562,0.37185367941856384
B,K,0.3|wd1.0,aggregation K50 E5 f1 iid fedavg,end,tw_twin_acc_te,3,100.0,100.0,100.0
B,K,0.3|wd1.0,aggregation K50 E5 f1 iid fedavg,end,tw_fed_acc_te,3,23.78342056274414,20.78532314300537,37.185367584228516
B,K,0.3|wd1.0,aggregation K50 E5 f1 iid fedavg,end,tw_cka_te,3,0.000645105693508662,0.00041397677825546515,0.14777753457448564
B,K,0.3|wd1.0,aggregation K50 E5 f1 iid fedavg,end,tw_pred_agree_grid,3,0.26603493094444275,0.23181141912937164,0.40167592465877533
B,K,0.3|wd1.0,aggregation K50 E5 f1 iid fedavg,end,tw_clock_key_jaccard,3,0.0,0.0,0.08333333333333333
B,K,0.3|wd1.0,aggregation K50 E5 f1 iid fedavg,end,tw_clock_energy_cos,3,0.003196221940739832,0.0016087561526037146,0.15021084251887828
B,K,0.3|wd1.0,aggregation K50 E5 f1 iid fedavg,first,tw_step_gap,3,0.0,0.0,0.0
B,K,0.3|wd1.0,aggregation K50 E5 f1 iid fedavg,first,tw_rel_dist,3,1.5010268688201904,1.473417341709137,1.559350311756134
B,K,0.3|wd1.0,aggregation K50 E5 f1 iid fedavg,first,tw_cos,3,0.03274150937795639,0.028677480295300484,0.03422900103032589
B,K,0.3|wd1.0,aggregation K50 E5 f1 iid fedavg,first,tw_first_rel_dist,3,1.095672607421875,1.0858227014541626,1.0982966423034668
B,K,0.3|wd1.0,aggregation K50 E5 f1 iid fedavg,first,tw_pred_agree_te,3,0.002349256072193384,0.0020695827552117407,0.002572994795627892
B,K,0.3|wd1.0,aggregation K50 E5 f1 iid fedavg,first,tw_twin_acc_te,3,100.0,100.0,100.0
B,K,0.3|wd1.0,aggregation K50 E5 f1 iid fedavg,first,tw_fed_acc_te,3,0.23492561280727386,0.20695827901363373,0.2572994753718376
B,K,0.3|wd1.0,aggregation K50 E5 f1 iid fedavg,first,tw_cka_te,3,0.0011313961044690382,0.0010884814277748434,0.0011932468791982132
B,K,0.3|wd1.0,aggregation K50 E5 f1 iid fedavg,first,tw_pred_agree_grid,3,0.013470122590661049,0.012569503858685493,0.013861696235835552
B,K,0.3|wd1.0,aggregation K50 E5 f1 iid fedavg,first,tw_clock_key_jaccard,3,0.07142857142857142,0.06904761904761905,0.08333333333333333
B,K,0.3|wd1.0,aggregation K50 E5 f1 iid fedavg,first,tw_clock_energy_cos,3,0.15635883052000502,0.09753965955006477,0.16268778418898647
B,K,0.3|wd1.0,k_collapse_budget K30 E5 f1 iid fedavg,cross,tw_step_gap,1,0.0,0.0,0.0
B,K,0.3|wd1.0,k_collapse_budget K30 E5 f1 iid fedavg,cross,tw_rel_dist,1,1.702537178993225,1.702537178993225,1.702537178993225
B,K,0.3|wd1.0,k_collapse_budget K30 E5 f1 iid fedavg,cross,tw_cos,1,0.0465688593685627,0.0465688593685627,0.0465688593685627
B,K,0.3|wd1.0,k_collapse_budget K30 E5 f1 iid fedavg,cross,tw_first_rel_dist,1,1.2161678075790405,1.2161678075790405,1.2161678075790405
B,K,0.3|wd1.0,k_collapse_budget K30 E5 f1 iid fedavg,cross,tw_pred_agree_te,1,0.6680837273597717,0.6680837273597717,0.6680837273597717
B,K,0.3|wd1.0,k_collapse_budget K30 E5 f1 iid fedavg,cross,tw_twin_acc_te,1,100.0,100.0,100.0
B,K,0.3|wd1.0,k_collapse_budget K30 E5 f1 iid fedavg,cross,tw_fed_acc_te,1,66.8083724975586,66.8083724975586,66.8083724975586
B,K,0.3|wd1.0,k_collapse_budget K30 E5 f1 iid fedavg,cross,tw_cka_te,1,0.00010504927007995587,0.00010504927007995587,0.00010504927007995587
B,K,0.3|wd1.0,k_collapse_budget K30 E5 f1 iid fedavg,cross,tw_pred_agree_grid,1,0.7123501896858215,0.7123501896858215,0.7123501896858215
B,K,0.3|wd1.0,k_collapse_budget K30 E5 f1 iid fedavg,cross,tw_clock_key_jaccard,1,0.0,0.0,0.0
B,K,0.3|wd1.0,k_collapse_budget K30 E5 f1 iid fedavg,cross,tw_clock_energy_cos,1,5.011210358690388e-07,5.011210358690388e-07,5.011210358690388e-07
B,K,0.3|wd1.0,k_collapse_budget K30 E5 f1 iid fedavg,end,tw_step_gap,1,0.0,0.0,0.0
B,K,0.3|wd1.0,k_collapse_budget K30 E5 f1 iid fedavg,end,tw_rel_dist,1,1.5028480291366577,1.5028480291366577,1.5028480291366577
B,K,0.3|wd1.0,k_collapse_budget K30 E5 f1 iid fedavg,end,tw_cos,1,-0.0037416594568639994,-0.0037416594568639994,-0.0037416594568639994
B,K,0.3|wd1.0,k_collapse_budget K30 E5 f1 iid fedavg,end,tw_first_rel_dist,1,1.2422332763671875,1.2422332763671875,1.2422332763671875
B,K,0.3|wd1.0,k_collapse_budget K30 E5 f1 iid fedavg,end,tw_pred_agree_te,1,0.9794160723686218,0.9794160723686218,0.9794160723686218
B,K,0.3|wd1.0,k_collapse_budget K30 E5 f1 iid fedavg,end,tw_twin_acc_te,1,100.0,100.0,100.0
B,K,0.3|wd1.0,k_collapse_budget K30 E5 f1 iid fedavg,end,tw_fed_acc_te,1,97.94160461425781,97.94160461425781,97.94160461425781
B,K,0.3|wd1.0,k_collapse_budget K30 E5 f1 iid fedavg,end,tw_cka_te,1,0.00013868990952724556,0.00013868990952724556,0.00013868990952724556
B,K,0.3|wd1.0,k_collapse_budget K30 E5 f1 iid fedavg,end,tw_pred_agree_grid,1,0.9845719933509827,0.9845719933509827,0.9845719933509827
B,K,0.3|wd1.0,k_collapse_budget K30 E5 f1 iid fedavg,end,tw_clock_key_jaccard,1,0.0,0.0,0.0
B,K,0.3|wd1.0,k_collapse_budget K30 E5 f1 iid fedavg,end,tw_clock_energy_cos,1,1.2377487063029923e-07,1.2377487063029923e-07,1.2377487063029923e-07
B,K,0.3|wd1.0,k_collapse_budget K30 E5 f1 iid fedavg,first,tw_step_gap,1,0.0,0.0,0.0
B,K,0.3|wd1.0,k_collapse_budget K30 E5 f1 iid fedavg,first,tw_rel_dist,1,1.702537178993225,1.702537178993225,1.702537178993225
B,K,0.3|wd1.0,k_collapse_budget K30 E5 f1 iid fedavg,first,tw_cos,1,0.0465688593685627,0.0465688593685627,0.0465688593685627
B,K,0.3|wd1.0,k_collapse_budget K30 E5 f1 iid fedavg,first,tw_first_rel_dist,1,1.2161678075790405,1.2161678075790405,1.2161678075790405
B,K,0.3|wd1.0,k_collapse_budget K30 E5 f1 iid fedavg,first,tw_pred_agree_te,1,0.6680837273597717,0.6680837273597717,0.6680837273597717
B,K,0.3|wd1.0,k_collapse_budget K30 E5 f1 iid fedavg,first,tw_twin_acc_te,1,100.0,100.0,100.0
B,K,0.3|wd1.0,k_collapse_budget K30 E5 f1 iid fedavg,first,tw_fed_acc_te,1,66.8083724975586,66.8083724975586,66.8083724975586
B,K,0.3|wd1.0,k_collapse_budget K30 E5 f1 iid fedavg,first,tw_cka_te,1,0.00010504927007995587,0.00010504927007995587,0.00010504927007995587
B,K,0.3|wd1.0,k_collapse_budget K30 E5 f1 iid fedavg,first,tw_pred_agree_grid,1,0.7123501896858215,0.7123501896858215,0.7123501896858215
B,K,0.3|wd1.0,k_collapse_budget K30 E5 f1 iid fedavg,first,tw_clock_key_jaccard,1,0.0,0.0,0.0
B,K,0.3|wd1.0,k_collapse_budget K30 E5 f1 iid fedavg,first,tw_clock_energy_cos,1,5.011210358690388e-07,5.011210358690388e-07,5.011210358690388e-07
B,K,0.3|wd1.0,k_collapse_budget K30 E5 f1 iid fedavg,memo,tw_step_gap,1,0.0,0.0,0.0
B,K,0.3|wd1.0,k_collapse_budget K30 E5 f1 iid fedavg,memo,tw_rel_dist,1,1.702537178993225,1.702537178993225,1.702537178993225
B,K,0.3|wd1.0,k_collapse_budget K30 E5 f1 iid fedavg,memo,tw_cos,1,0.0465688593685627,0.0465688593685627,0.0465688593685627
B,K,0.3|wd1.0,k_collapse_budget K30 E5 f1 iid fedavg,memo,tw_first_rel_dist,1,1.2161678075790405,1.2161678075790405,1.2161678075790405
B,K,0.3|wd1.0,k_collapse_budget K30 E5 f1 iid fedavg,memo,tw_pred_agree_te,1,0.6680837273597717,0.6680837273597717,0.6680837273597717
B,K,0.3|wd1.0,k_collapse_budget K30 E5 f1 iid fedavg,memo,tw_twin_acc_te,1,100.0,100.0,100.0
B,K,0.3|wd1.0,k_collapse_budget K30 E5 f1 iid fedavg,memo,tw_fed_acc_te,1,66.8083724975586,66.8083724975586,66.8083724975586
B,K,0.3|wd1.0,k_collapse_budget K30 E5 f1 iid fedavg,memo,tw_cka_te,1,0.00010504927007995587,0.00010504927007995587,0.00010504927007995587
B,K,0.3|wd1.0,k_collapse_budget K30 E5 f1 iid fedavg,memo,tw_pred_agree_grid,1,0.7123501896858215,0.7123501896858215,0.7123501896858215
B,K,0.3|wd1.0,k_collapse_budget K30 E5 f1 iid fedavg,memo,tw_clock_key_jaccard,1,0.0,0.0,0.0
B,K,0.3|wd1.0,k_collapse_budget K30 E5 f1 iid fedavg,memo,tw_clock_energy_cos,1,5.011210358690388e-07,5.011210358690388e-07,5.011210358690388e-07
B,K,0.3|wd1.0,k_collapse_budget K50 E5 f1 iid fedavg,end,tw_step_gap,1,0.0,0.0,0.0
B,K,0.3|wd1.0,k_collapse_budget K50 E5 f1 iid fedavg,end,tw_rel_dist,1,1.5481678247451782,1.5481678247451782,1.5481678247451782
B,K,0.3|wd1.0,k_collapse_budget K50 E5 f1 iid fedavg,end,tw_cos,1,0.005198347382247448,0.005198347382247448,0.005198347382247448
B,K,0.3|wd1.0,k_collapse_budget K50 E5 f1 iid fedavg,end,tw_first_rel_dist,1,1.1880232095718384,1.1880232095718384,1.1880232095718384
B,K,0.3|wd1.0,k_collapse_budget K50 E5 f1 iid fedavg,end,tw_pred_agree_te,1,0.24331581592559814,0.24331581592559814,0.24331581592559814
B,K,0.3|wd1.0,k_collapse_budget K50 E5 f1 iid fedavg,end,tw_twin_acc_te,1,100.0,100.0,100.0
B,K,0.3|wd1.0,k_collapse_budget K50 E5 f1 iid fedavg,end,tw_fed_acc_te,1,24.331581115722656,24.331581115722656,24.331581115722656
B,K,0.3|wd1.0,k_collapse_budget K50 E5 f1 iid fedavg,end,tw_cka_te,1,0.0005744964049213013,0.0005744964049213013,0.0005744964049213013
B,K,0.3|wd1.0,k_collapse_budget K50 E5 f1 iid fedavg,end,tw_pred_agree_grid,1,0.2746495306491852,0.2746495306491852,0.2746495306491852
B,K,0.3|wd1.0,k_collapse_budget K50 E5 f1 iid fedavg,end,tw_clock_key_jaccard,1,0.0,0.0,0.0
B,K,0.3|wd1.0,k_collapse_budget K50 E5 f1 iid fedavg,end,tw_clock_energy_cos,1,0.0062846992129912595,0.0062846992129912595,0.0062846992129912595
B,K,0.3|wd1.0,k_collapse_budget K50 E5 f1 iid fedavg,first,tw_step_gap,1,0.0,0.0,0.0
B,K,0.3|wd1.0,k_collapse_budget K50 E5 f1 iid fedavg,first,tw_rel_dist,1,1.5585103034973145,1.5585103034973145,1.5585103034973145
B,K,0.3|wd1.0,k_collapse_budget K50 E5 f1 iid fedavg,first,tw_cos,1,0.03740021586418152,0.03740021586418152,0.03740021586418152
B,K,0.3|wd1.0,k_collapse_budget K50 E5 f1 iid fedavg,first,tw_first_rel_dist,1,1.0821247100830078,1.0821247100830078,1.0821247100830078
B,K,0.3|wd1.0,k_collapse_budget K50 E5 f1 iid fedavg,first,tw_pred_agree_te,1,0.0032442109659314156,0.0032442109659314156,0.0032442109659314156
B,K,0.3|wd1.0,k_collapse_budget K50 E5 f1 iid fedavg,first,tw_twin_acc_te,1,100.0,100.0,100.0
B,K,0.3|wd1.0,k_collapse_budget K50 E5 f1 iid fedavg,first,tw_fed_acc_te,1,0.32442110776901245,0.32442110776901245,0.32442110776901245
B,K,0.3|wd1.0,k_collapse_budget K50 E5 f1 iid fedavg,first,tw_cka_te,1,0.000837874758912186,0.000837874758912186,0.000837874758912186
B,K,0.3|wd1.0,k_collapse_budget K50 E5 f1 iid fedavg,first,tw_pred_agree_grid,1,0.012765291146934032,0.012765291146934032,0.012765291146934032
B,K,0.3|wd1.0,k_collapse_budget K50 E5 f1 iid fedavg,first,tw_clock_key_jaccard,1,0.0,0.0,0.0
B,K,0.3|wd1.0,k_collapse_budget K50 E5 f1 iid fedavg,first,tw_clock_energy_cos,1,0.0043000180309601,0.0043000180309601,0.0043000180309601
B,dirichlet,0.3|wd1.0,dirichlet_setups K10 E5 f1 dirichlet0.01 fedavg,end,tw_step_gap,3,0.0,0.0,0.0
B,dirichlet,0.3|wd1.0,dirichlet_setups K10 E5 f1 dirichlet0.01 fedavg,end,tw_rel_dist,3,1.4629294872283936,1.2783288359642029,1.5077208876609802
B,dirichlet,0.3|wd1.0,dirichlet_setups K10 E5 f1 dirichlet0.01 fedavg,end,tw_cos,3,-0.0007032135035842657,-0.0007206681184470654,-9.455106919631362e-05
B,dirichlet,0.3|wd1.0,dirichlet_setups K10 E5 f1 dirichlet0.01 fedavg,end,tw_first_rel_dist,3,1.5712841749191284,1.461470901966095,1.658869981765747
B,dirichlet,0.3|wd1.0,dirichlet_setups K10 E5 f1 dirichlet0.01 fedavg,end,tw_pred_agree_te,3,0.13737554848194122,0.12747511267662048,0.22552859038114548
B,dirichlet,0.3|wd1.0,dirichlet_setups K10 E5 f1 dirichlet0.01 fedavg,end,tw_twin_acc_te,3,100.0,100.0,100.0
B,dirichlet,0.3|wd1.0,dirichlet_setups K10 E5 f1 dirichlet0.01 fedavg,end,tw_fed_acc_te,3,13.737554550170898,12.74751091003418,22.55285930633545
B,dirichlet,0.3|wd1.0,dirichlet_setups K10 E5 f1 dirichlet0.01 fedavg,end,tw_cka_te,3,0.0006063132776385471,0.0005030483717881874,0.022026247501534958
B,dirichlet,0.3|wd1.0,dirichlet_setups K10 E5 f1 dirichlet0.01 fedavg,end,tw_pred_agree_grid,3,0.14284595847129822,0.1329391524195671,0.23263372480869293
B,dirichlet,0.3|wd1.0,dirichlet_setups K10 E5 f1 dirichlet0.01 fedavg,end,tw_clock_key_jaccard,3,0.0,0.0,0.125
B,dirichlet,0.3|wd1.0,dirichlet_setups K10 E5 f1 dirichlet0.01 fedavg,end,tw_clock_energy_cos,3,7.588858511814022e-05,4.6667314150768806e-05,0.03586141613798138
B,dirichlet,0.3|wd1.0,dirichlet_setups K10 E5 f1 dirichlet0.01 fedavg,first,tw_step_gap,3,0.0,0.0,0.0
B,dirichlet,0.3|wd1.0,dirichlet_setups K10 E5 f1 dirichlet0.01 fedavg,first,tw_rel_dist,3,1.5762497186660767,1.5397619605064392,1.6245911121368408
B,dirichlet,0.3|wd1.0,dirichlet_setups K10 E5 f1 dirichlet0.01 fedavg,first,tw_cos,3,0.012569070793688297,0.01191846327856183,0.022702014539390802
B,dirichlet,0.3|wd1.0,dirichlet_setups K10 E5 f1 dirichlet0.01 fedavg,first,tw_first_rel_dist,3,1.5740742683410645,1.4929556250572205,1.673103392124176
B,dirichlet,0.3|wd1.0,dirichlet_setups K10 E5 f1 dirichlet0.01 fedavg,first,tw_pred_agree_te,3,0.13983666896820068,0.12915315106511116,0.20360219478607178
B,dirichlet,0.3|wd1.0,dirichlet_setups K10 E5 f1 dirichlet0.01 fedavg,first,tw_twin_acc_te,3,100.0,100.0,100.0
B,dirichlet,0.3|wd1.0,dirichlet_setups K10 E5 f1 dirichlet0.01 fedavg,first,tw_fed_acc_te,3,13.983667373657227,12.9153151512146,20.360219955444336
B,dirichlet,0.3|wd1.0,dirichlet_setups K10 E5 f1 dirichlet0.01 fedavg,first,tw_cka_te,3,0.0005855474777230772,0.0003929228062468904,0.037053918546141276
B,dirichlet,0.3|wd1.0,dirichlet_setups K10 E5 f1 dirichlet0.01 fedavg,first,tw_pred_agree_grid,3,0.14644843339920044,0.13681572675704956,0.21086224913597107
B,dirichlet,0.3|wd1.0,dirichlet_setups K10 E5 f1 dirichlet0.01 fedavg,first,tw_clock_key_jaccard,3,0.0,0.0,0.1
B,dirichlet,0.3|wd1.0,dirichlet_setups K10 E5 f1 dirichlet0.01 fedavg,first,tw_clock_energy_cos,3,9.615384451707971e-05,5.186956018737346e-05,0.028166932695918707
B,dirichlet,0.3|wd1.0,dirichlet_setups K10 E5 f1 dirichlet0.1 fedavg,end,tw_step_gap,3,0.0,0.0,0.0
B,dirichlet,0.3|wd1.0,dirichlet_setups K10 E5 f1 dirichlet0.1 fedavg,end,tw_rel_dist,3,1.4329314231872559,1.2634443640708923,1.4723499417304993
B,dirichlet,0.3|wd1.0,dirichlet_setups K10 E5 f1 dirichlet0.1 fedavg,end,tw_cos,3,0.0011888551525771618,0.0010436493903398514,0.0023872300516813993
B,dirichlet,0.3|wd1.0,dirichlet_setups K10 E5 f1 dirichlet0.1 fedavg,end,tw_first_rel_dist,3,1.444035291671753,1.3766986727714539,1.6709265112876892
B,dirichlet,0.3|wd1.0,dirichlet_setups K10 E5 f1 dirichlet0.1 fedavg,end,tw_pred_agree_te,3,0.21646717190742493,0.21076183766126633,0.23962412774562836
B,dirichlet,0.3|wd1.0,dirichlet_setups K10 E5 f1 dirichlet0.1 fedavg,end,tw_twin_acc_te,3,100.0,100.0,100.0
B,dirichlet,0.3|wd1.0,dirichlet_setups K10 E5 f1 dirichlet0.1 fedavg,end,tw_fed_acc_te,3,21.646717071533203,21.076183319091797,23.96241283416748
B,dirichlet,0.3|wd1.0,dirichlet_setups K10 E5 f1 dirichlet0.1 fedavg,end,tw_cka_te,3,0.003063925692059883,0.001600464516183666,0.003963760715154963
B,dirichlet,0.3|wd1.0,dirichlet_setups K10 E5 f1 dirichlet0.1 fedavg,end,tw_pred_agree_grid,3,0.22304017841815948,0.21826297789812088,0.2506069466471672
B,dirichlet,0.3|wd1.0,dirichlet_setups K10 E5 f1 dirichlet0.1 fedavg,end,tw_clock_key_jaccard,3,0.125,0.0625,0.125
B,dirichlet,0.3|wd1.0,dirichlet_setups K10 E5 f1 dirichlet0.1 fedavg,end,tw_clock_energy_cos,3,0.052870671620716764,0.026450876632606896,0.08214275726348219
B,dirichlet,0.3|wd1.0,dirichlet_setups K10 E5 f1 dirichlet0.1 fedavg,first,tw_step_gap,3,0.0,0.0,0.0
B,dirichlet,0.3|wd1.0,dirichlet_setups K10 E5 f1 dirichlet0.1 fedavg,first,tw_rel_dist,3,1.5421535968780518,1.5164992213249207,1.719397485256195
B,dirichlet,0.3|wd1.0,dirichlet_setups K10 E5 f1 dirichlet0.1 fedavg,first,tw_cos,3,0.014076345600187778,0.010968736372888088,0.01575742056593299
B,dirichlet,0.3|wd1.0,dirichlet_setups K10 E5 f1 dirichlet0.1 fedavg,first,tw_first_rel_dist,3,1.5654596090316772,1.5525937676429749,1.595522403717041
B,dirichlet,0.3|wd1.0,dirichlet_setups K10 E5 f1 dirichlet0.1 fedavg,first,tw_pred_agree_te,3,0.19174404442310333,0.18989820033311844,0.20349032431840897
B,dirichlet,0.3|wd1.0,dirichlet_setups K10 E5 f1 dirichlet0.1 fedavg,first,tw_twin_acc_te,3,100.0,100.0,100.0
B,dirichlet,0.3|wd1.0,dirichlet_setups K10 E5 f1 dirichlet0.1 fedavg,first,tw_fed_acc_te,3,19.17440414428711,18.989819526672363,20.349032402038574
B,dirichlet,0.3|wd1.0,dirichlet_setups K10 E5 f1 dirichlet0.1 fedavg,first,tw_cka_te,3,0.0036671651270337837,0.0018914961946746045,0.004485049174413815
B,dirichlet,0.3|wd1.0,dirichlet_setups K10 E5 f1 dirichlet0.1 fedavg,first,tw_pred_agree_grid,3,0.2061242014169693,0.2036181315779686,0.2173231989145279
B,dirichlet,0.3|wd1.0,dirichlet_setups K10 E5 f1 dirichlet0.1 fedavg,first,tw_clock_key_jaccard,3,0.125,0.0625,0.125
B,dirichlet,0.3|wd1.0,dirichlet_setups K10 E5 f1 dirichlet0.1 fedavg,first,tw_clock_energy_cos,3,0.05181272037397434,0.025912166836562424,0.06742809950309146
B,dirichlet,0.3|wd1.0,dirichlet_setups K10 E5 f1 dirichlet1 fedavg,end,tw_step_gap,3,0.0,0.0,0.0
B,dirichlet,0.3|wd1.0,dirichlet_setups K10 E5 f1 dirichlet1 fedavg,end,tw_rel_dist,3,1.4977895021438599,1.3175800442695618,1.5017808079719543
B,dirichlet,0.3|wd1.0,dirichlet_setups K10 E5 f1 dirichlet1 fedavg,end,tw_cos,3,0.000508371158502996,-0.0008025459828786552,0.0018008878105320036
B,dirichlet,0.3|wd1.0,dirichlet_setups K10 E5 f1 dirichlet1 fedavg,end,tw_first_rel_dist,3,1.3977687358856201,1.3715004920959473,1.6572959423065186
B,dirichlet,0.3|wd1.0,dirichlet_setups K10 E5 f1 dirichlet1 fedavg,end,tw_pred_agree_te,3,0.9995525479316711,0.9994966089725494,0.9996644258499146
B,dirichlet,0.3|wd1.0,dirichlet_setups K10 E5 f1 dirichlet1 fedavg,end,tw_twin_acc_te,3,100.0,100.0,100.0
B,dirichlet,0.3|wd1.0,dirichlet_setups K10 E5 f1 dirichlet1 fedavg,end,tw_fed_acc_te,3,99.95525360107422,99.94966125488281,99.9664421081543
B,dirichlet,0.3|wd1.0,dirichlet_setups K10 E5 f1 dirichlet1 fedavg,end,tw_cka_te,3,0.005423408458151177,0.005321116548267087,0.17864026264444402
B,dirichlet,0.3|wd1.0,dirichlet_setups K10 E5 f1 dirichlet1 fedavg,end,tw_pred_agree_grid,3,0.9996867179870605,0.9996475577354431,0.9997650384902954
B,dirichlet,0.3|wd1.0,dirichlet_setups K10 E5 f1 dirichlet1 fedavg,end,tw_clock_key_jaccard,3,0.16666666666666666,0.08333333333333333,0.18333333333333335
B,dirichlet,0.3|wd1.0,dirichlet_setups K10 E5 f1 dirichlet1 fedavg,end,tw_clock_energy_cos,3,0.015284479523044086,0.01181768314344821,0.2186707449334258
B,dirichlet,0.3|wd1.0,dirichlet_setups K10 E5 f1 dirichlet1 fedavg,first,tw_step_gap,3,0.0,0.0,0.0
B,dirichlet,0.3|wd1.0,dirichlet_setups K10 E5 f1 dirichlet1 fedavg,first,tw_rel_dist,3,1.6009339094161987,1.5993173718452454,1.6457664370536804
B,dirichlet,0.3|wd1.0,dirichlet_setups K10 E5 f1 dirichlet1 fedavg,first,tw_cos,3,0.024090591818094254,0.023939847014844418,0.02581893838942051
B,dirichlet,0.3|wd1.0,dirichlet_setups K10 E5 f1 dirichlet1 fedavg,first,tw_first_rel_dist,3,1.512232780456543,1.468107283115387,1.5605216026306152
B,dirichlet,0.3|wd1.0,dirichlet_setups K10 E5 f1 dirichlet1 fedavg,first,tw_pred_agree_te,3,0.999776303768158,0.9994966089725494,0.999888151884079
B,dirichlet,0.3|wd1.0,dirichlet_setups K10 E5 f1 dirichlet1 fedavg,first,tw_twin_acc_te,3,100.0,100.0,100.0
B,dirichlet,0.3|wd1.0,dirichlet_setups K10 E5 f1 dirichlet1 fedavg,first,tw_fed_acc_te,3,99.97763061523438,99.94966125488281,99.98881530761719
B,dirichlet,0.3|wd1.0,dirichlet_setups K10 E5 f1 dirichlet1 fedavg,first,tw_cka_te,3,0.008243919332877025,0.005895875806220892,0.18090219588138934
B,dirichlet,0.3|wd1.0,dirichlet_setups K10 E5 f1 dirichlet1 fedavg,first,tw_pred_agree_grid,3,0.9998433589935303,0.9996475875377655,0.9999216794967651
B,dirichlet,0.3|wd1.0,dirichlet_setups K10 E5 f1 dirichlet1 fedavg,first,tw_clock_key_jaccard,3,0.16666666666666666,0.08333333333333333,0.20833333333333331
B,dirichlet,0.3|wd1.0,dirichlet_setups K10 E5 f1 dirichlet1 fedavg,first,tw_clock_energy_cos,3,0.011241251022129393,0.006582752182886311,0.15629253396695303
B,dirichlet,0.3|wd1.0,dirichlet_setups K10 E5 f1 dirichlet10 fedavg,cross,tw_step_gap,2,0.0,0.0,0.0
B,dirichlet,0.3|wd1.0,dirichlet_setups K10 E5 f1 dirichlet10 fedavg,cross,tw_rel_dist,2,1.4421281814575195,1.4400197267532349,1.4442366361618042
B,dirichlet,0.3|wd1.0,dirichlet_setups K10 E5 f1 dirichlet10 fedavg,cross,tw_cos,2,0.03116035182029009,0.025624224450439215,0.03669647919014096
B,dirichlet,0.3|wd1.0,dirichlet_setups K10 E5 f1 dirichlet10 fedavg,cross,tw_first_rel_dist,2,1.8562157154083252,1.783581256866455,1.9288501739501953
B,dirichlet,0.3|wd1.0,dirichlet_setups K10 E5 f1 dirichlet10 fedavg,cross,tw_pred_agree_te,2,1.0,1.0,1.0
B,dirichlet,0.3|wd1.0,dirichlet_setups K10 E5 f1 dirichlet10 fedavg,cross,tw_twin_acc_te,2,100.0,100.0,100.0
B,dirichlet,0.3|wd1.0,dirichlet_setups K10 E5 f1 dirichlet10 fedavg,cross,tw_fed_acc_te,2,100.0,100.0,100.0
B,dirichlet,0.3|wd1.0,dirichlet_setups K10 E5 f1 dirichlet10 fedavg,cross,tw_cka_te,2,0.21291782126245454,0.1066710590153619,0.3191645835095472
B,dirichlet,0.3|wd1.0,dirichlet_setups K10 E5 f1 dirichlet10 fedavg,cross,tw_pred_agree_grid,2,1.0,1.0,1.0
B,dirichlet,0.3|wd1.0,dirichlet_setups K10 E5 f1 dirichlet10 fedavg,cross,tw_clock_key_jaccard,2,0.125,0.0625,0.1875
B,dirichlet,0.3|wd1.0,dirichlet_setups K10 E5 f1 dirichlet10 fedavg,cross,tw_clock_energy_cos,2,0.18560584224063312,0.09280292239722036,0.2784087620840459
B,dirichlet,0.3|wd1.0,dirichlet_setups K10 E5 f1 dirichlet10 fedavg,end,tw_step_gap,3,0.0,0.0,0.0
B,dirichlet,0.3|wd1.0,dirichlet_setups K10 E5 f1 dirichlet10 fedavg,end,tw_rel_dist,3,1.37093186378479,1.2248203754425049,1.3736495971679688
B,dirichlet,0.3|wd1.0,dirichlet_setups K10 E5 f1 dirichlet10 fedavg,end,tw_cos,3,0.0034759733825922012,0.0009756588842719793,0.004224833333864808
B,dirichlet,0.3|wd1.0,dirichlet_setups K10 E5 f1 dirichlet10 fedavg,end,tw_first_rel_dist,3,1.5575886964797974,1.5143533945083618,1.8729057908058167
B,dirichlet,0.3|wd1.0,dirichlet_setups K10 E5 f1 dirichlet10 fedavg,end,tw_pred_agree_te,3,0.9998881816864014,0.9998322427272797,0.9999440908432007
B,dirichlet,0.3|wd1.0,dirichlet_setups K10 E5 f1 dirichlet10 fedavg,end,tw_twin_acc_te,3,100.0,100.0,100.0
B,dirichlet,0.3|wd1.0,dirichlet_setups K10 E5 f1 dirichlet10 fedavg,end,tw_fed_acc_te,3,99.98881530761719,99.98322296142578,99.9944076538086
B,dirichlet,0.3|wd1.0,dirichlet_setups K10 E5 f1 dirichlet10 fedavg,end,tw_cka_te,3,0.02890230279726174,0.014547826468783602,0.18100436455557617
B,dirichlet,0.3|wd1.0,dirichlet_setups K10 E5 f1 dirichlet10 fedavg,end,tw_pred_agree_grid,3,0.9999216794967651,0.9998825192451477,0.9999608397483826
B,dirichlet,0.3|wd1.0,dirichlet_setups K10 E5 f1 dirichlet10 fedavg,end,tw_clock_key_jaccard,3,0.2,0.1,0.225
B,dirichlet,0.3|wd1.0,dirichlet_setups K10 E5 f1 dirichlet10 fedavg,end,tw_clock_energy_cos,3,0.03753810595367956,0.018769054347489555,0.18720384790543634
B,dirichlet,0.3|wd1.0,dirichlet_setups K10 E5 f1 dirichlet10 fedavg,first,tw_step_gap,3,0.0,0.0,0.0
B,dirichlet,0.3|wd1.0,dirichlet_setups K10 E5 f1 dirichlet10 fedavg,first,tw_rel_dist,3,1.4379112720489502,1.4222856163978577,1.4421281814575195
B,dirichlet,0.3|wd1.0,dirichlet_setups K10 E5 f1 dirichlet10 fedavg,first,tw_cos,3,0.04223260655999184,0.03116035182029009,0.0490068756043911
B,dirichlet,0.3|wd1.0,dirichlet_setups K10 E5 f1 dirichlet10 fedavg,first,tw_first_rel_dist,3,1.710946798324585,1.6137557625770569,1.8562157154083252
B,dirichlet,0.3|wd1.0,dirichlet_setups K10 E5 f1 dirichlet10 fedavg,first,tw_pred_agree_te,3,1.0,1.0,1.0
B,dirichlet,0.3|wd1.0,dirichlet_setups K10 E5 f1 dirichlet10 fedavg,first,tw_twin_acc_te,3,100.0,100.0,100.0
B,dirichlet,0.3|wd1.0,dirichlet_setups K10 E5 f1 dirichlet10 fedavg,first,tw_fed_acc_te,3,100.0,100.0,100.0
B,dirichlet,0.3|wd1.0,dirichlet_setups K10 E5 f1 dirichlet10 fedavg,first,tw_cka_te,3,0.04644134031368882,0.023432818540979033,0.23592634303516435
B,dirichlet,0.3|wd1.0,dirichlet_setups K10 E5 f1 dirichlet10 fedavg,first,tw_pred_agree_grid,3,1.0,1.0,1.0
B,dirichlet,0.3|wd1.0,dirichlet_setups K10 E5 f1 dirichlet10 fedavg,first,tw_clock_key_jaccard,3,0.2,0.1,0.225
B,dirichlet,0.3|wd1.0,dirichlet_setups K10 E5 f1 dirichlet10 fedavg,first,tw_clock_energy_cos,3,0.03950158347975408,0.019750793016780826,0.20535663270360638
B,dirichlet,0.3|wd1.0,dirichlet_setups K10 E5 f1 dirichlet1000 fedavg,cross,tw_step_gap,2,0.0,0.0,0.0
B,dirichlet,0.3|wd1.0,dirichlet_setups K10 E5 f1 dirichlet1000 fedavg,cross,tw_rel_dist,2,1.651853621006012,1.5513860881328583,1.7523211538791656
B,dirichlet,0.3|wd1.0,dirichlet_setups K10 E5 f1 dirichlet1000 fedavg,cross,tw_cos,2,0.04604162462055683,0.04224314447492361,0.04984010476619005
B,dirichlet,0.3|wd1.0,dirichlet_setups K10 E5 f1 dirichlet1000 fedavg,cross,tw_first_rel_dist,2,1.7269282937049866,1.5960815250873566,1.8577750623226166
B,dirichlet,0.3|wd1.0,dirichlet_setups K10 E5 f1 dirichlet1000 fedavg,cross,tw_pred_agree_te,2,0.5185703188180923,0.27813514322042465,0.75900549441576
B,dirichlet,0.3|wd1.0,dirichlet_setups K10 E5 f1 dirichlet1000 fedavg,cross,tw_twin_acc_te,2,100.0,100.0,100.0
B,dirichlet,0.3|wd1.0,dirichlet_setups K10 E5 f1 dirichlet1000 fedavg,cross,tw_fed_acc_te,2,51.857032775878906,27.813514709472656,75.90055084228516
B,dirichlet,0.3|wd1.0,dirichlet_setups K10 E5 f1 dirichlet1000 fedavg,cross,tw_cka_te,2,0.007999176171673795,0.006822103932735476,0.009176248410612113
B,dirichlet,0.3|wd1.0,dirichlet_setups K10 E5 f1 dirichlet1000 fedavg,cross,tw_pred_agree_grid,2,0.6629728078842163,0.4946550130844116,0.831290602684021
B,dirichlet,0.3|wd1.0,dirichlet_setups K10 E5 f1 dirichlet1000 fedavg,cross,tw_clock_key_jaccard,2,0.0,0.0,0.0
B,dirichlet,0.3|wd1.0,dirichlet_setups K10 E5 f1 dirichlet1000 fedavg,cross,tw_clock_energy_cos,2,0.00335053095673276,0.0018437817631049966,0.004857280150360523
B,dirichlet,0.3|wd1.0,dirichlet_setups K10 E5 f1 dirichlet1000 fedavg,end,tw_step_gap,3,0.0,0.0,0.0
B,dirichlet,0.3|wd1.0,dirichlet_setups K10 E5 f1 dirichlet1000 fedavg,end,tw_rel_dist,3,1.3543541431427002,1.2134166359901428,1.3544273376464844
B,dirichlet,0.3|wd1.0,dirichlet_setups K10 E5 f1 dirichlet1000 fedavg,end,tw_cos,3,4.2377927456982434e-05,-0.00010077133629238233,0.00012796853116014972
B,dirichlet,0.3|wd1.0,dirichlet_setups K10 E5 f1 dirichlet1000 fedavg,end,tw_first_rel_dist,3,1.5791054964065552,1.4971699118614197,1.7607409358024597
B,dirichlet,0.3|wd1.0,dirichlet_setups K10 E5 f1 dirichlet1000 fedavg,end,tw_pred_agree_te,3,1.0,0.999888151884079,1.0
B,dirichlet,0.3|wd1.0,dirichlet_setups K10 E5 f1 dirichlet1000 fedavg,end,tw_twin_acc_te,3,100.0,100.0,100.0
B,dirichlet,0.3|wd1.0,dirichlet_setups K10 E5 f1 dirichlet1000 fedavg,end,tw_fed_acc_te,3,100.0,99.98881530761719,100.0
B,dirichlet,0.3|wd1.0,dirichlet_setups K10 E5 f1 dirichlet1000 fedavg,end,tw_cka_te,3,0.005687407900541832,0.0029456975840763677,0.06860886372898939
B,dirichlet,0.3|wd1.0,dirichlet_setups K10 E5 f1 dirichlet1000 fedavg,end,tw_pred_agree_grid,3,1.0,0.9999216794967651,1.0
B,dirichlet,0.3|wd1.0,dirichlet_setups K10 E5 f1 dirichlet1000 fedavg,end,tw_clock_key_jaccard,3,0.0,0.0,0.1
B,dirichlet,0.3|wd1.0,dirichlet_setups K10 E5 f1 dirichlet1000 fedavg,end,tw_clock_energy_cos,3,0.0026317425873397323,0.0013158731809765924,0.09677236721097668
B,dirichlet,0.3|wd1.0,dirichlet_setups K10 E5 f1 dirichlet1000 fedavg,first,tw_step_gap,3,0.0,0.0,0.0
B,dirichlet,0.3|wd1.0,dirichlet_setups K10 E5 f1 dirichlet1000 fedavg,first,tw_rel_dist,3,1.4509185552597046,1.4200401306152344,1.651853621006012
B,dirichlet,0.3|wd1.0,dirichlet_setups K10 E5 f1 dirichlet1000 fedavg,first,tw_cos,3,0.04315586015582085,0.04080026224255562,0.04839722253382206
B,dirichlet,0.3|wd1.0,dirichlet_setups K10 E5 f1 dirichlet1000 fedavg,first,tw_first_rel_dist,3,1.5516663789749146,1.5084505677223206,1.7701441049575806
B,dirichlet,0.3|wd1.0,dirichlet_setups K10 E5 f1 dirichlet1000 fedavg,first,tw_pred_agree_te,3,0.9994406700134277,0.5185703188180923,0.9997203350067139
B,dirichlet,0.3|wd1.0,dirichlet_setups K10 E5 f1 dirichlet1000 fedavg,first,tw_twin_acc_te,3,100.0,100.0,100.0
B,dirichlet,0.3|wd1.0,dirichlet_setups K10 E5 f1 dirichlet1000 fedavg,first,tw_fed_acc_te,3,99.9440689086914,51.857032775878906,99.9720344543457
B,dirichlet,0.3|wd1.0,dirichlet_setups K10 E5 f1 dirichlet1000 fedavg,first,tw_cka_te,3,0.010353320649550432,0.007999176171673795,0.07318807370202791
B,dirichlet,0.3|wd1.0,dirichlet_setups K10 E5 f1 dirichlet1000 fedavg,first,tw_pred_agree_grid,3,0.9996083974838257,0.6629728078842163,0.9998041987419128
B,dirichlet,0.3|wd1.0,dirichlet_setups K10 E5 f1 dirichlet1000 fedavg,first,tw_clock_key_jaccard,3,0.0,0.0,0.1
B,dirichlet,0.3|wd1.0,dirichlet_setups K10 E5 f1 dirichlet1000 fedavg,first,tw_clock_energy_cos,3,0.006364029343988286,0.00335053095673276,0.09067529557710609
B,dirichlet,0.3|wd1.0,dirichlet_setups K10 E5 f1 dirichlet1000 fedavg,memo,tw_step_gap,1,0.0,0.0,0.0
B,dirichlet,0.3|wd1.0,dirichlet_setups K10 E5 f1 dirichlet1000 fedavg,memo,tw_rel_dist,1,1.8527886867523193,1.8527886867523193,1.8527886867523193
B,dirichlet,0.3|wd1.0,dirichlet_setups K10 E5 f1 dirichlet1000 fedavg,memo,tw_cos,1,0.05363858491182327,0.05363858491182327,0.05363858491182327
B,dirichlet,0.3|wd1.0,dirichlet_setups K10 E5 f1 dirichlet1000 fedavg,memo,tw_first_rel_dist,1,1.9886218309402466,1.9886218309402466,1.9886218309402466
B,dirichlet,0.3|wd1.0,dirichlet_setups K10 E5 f1 dirichlet1000 fedavg,memo,tw_pred_agree_te,1,0.03769996762275696,0.03769996762275696,0.03769996762275696
B,dirichlet,0.3|wd1.0,dirichlet_setups K10 E5 f1 dirichlet1000 fedavg,memo,tw_twin_acc_te,1,100.0,100.0,100.0
B,dirichlet,0.3|wd1.0,dirichlet_setups K10 E5 f1 dirichlet1000 fedavg,memo,tw_fed_acc_te,1,3.7699966430664062,3.7699966430664062,3.7699966430664062
B,dirichlet,0.3|wd1.0,dirichlet_setups K10 E5 f1 dirichlet1000 fedavg,memo,tw_cka_te,1,0.005645031693797158,0.005645031693797158,0.005645031693797158
B,dirichlet,0.3|wd1.0,dirichlet_setups K10 E5 f1 dirichlet1000 fedavg,memo,tw_pred_agree_grid,1,0.32633721828460693,0.32633721828460693,0.32633721828460693
B,dirichlet,0.3|wd1.0,dirichlet_setups K10 E5 f1 dirichlet1000 fedavg,memo,tw_clock_key_jaccard,1,0.0,0.0,0.0
B,dirichlet,0.3|wd1.0,dirichlet_setups K10 E5 f1 dirichlet1000 fedavg,memo,tw_clock_energy_cos,1,0.00033703256947723346,0.00033703256947723346,0.00033703256947723346
B,partition,0.3|wd1.0,partitions K10 E5 f1 dirichlet0.5 fedavg,cross,tw_step_gap,1,0.0,0.0,0.0
B,partition,0.3|wd1.0,partitions K10 E5 f1 dirichlet0.5 fedavg,cross,tw_rel_dist,1,1.6330100297927856,1.6330100297927856,1.6330100297927856
B,partition,0.3|wd1.0,partitions K10 E5 f1 dirichlet0.5 fedavg,cross,tw_cos,1,0.006442004349082708,0.006442004349082708,0.006442004349082708
B,partition,0.3|wd1.0,partitions K10 E5 f1 dirichlet0.5 fedavg,cross,tw_first_rel_dist,1,1.5637335777282715,1.5637335777282715,1.5637335777282715
B,partition,0.3|wd1.0,partitions K10 E5 f1 dirichlet0.5 fedavg,cross,tw_pred_agree_te,1,0.9932878613471985,0.9932878613471985,0.9932878613471985
B,partition,0.3|wd1.0,partitions K10 E5 f1 dirichlet0.5 fedavg,cross,tw_twin_acc_te,1,100.0,100.0,100.0
B,partition,0.3|wd1.0,partitions K10 E5 f1 dirichlet0.5 fedavg,cross,tw_fed_acc_te,1,99.32878875732422,99.32878875732422,99.32878875732422
B,partition,0.3|wd1.0,partitions K10 E5 f1 dirichlet0.5 fedavg,cross,tw_cka_te,1,0.0008134220587251071,0.0008134220587251071,0.0008134220587251071
B,partition,0.3|wd1.0,partitions K10 E5 f1 dirichlet0.5 fedavg,cross,tw_pred_agree_grid,1,0.9946746230125427,0.9946746230125427,0.9946746230125427
B,partition,0.3|wd1.0,partitions K10 E5 f1 dirichlet0.5 fedavg,cross,tw_clock_key_jaccard,1,0.0,0.0,0.0
B,partition,0.3|wd1.0,partitions K10 E5 f1 dirichlet0.5 fedavg,cross,tw_clock_energy_cos,1,6.569686884737374e-05,6.569686884737374e-05,6.569686884737374e-05
B,partition,0.3|wd1.0,partitions K10 E5 f1 dirichlet0.5 fedavg,end,tw_step_gap,3,0.0,0.0,0.0
B,partition,0.3|wd1.0,partitions K10 E5 f1 dirichlet0.5 fedavg,end,tw_rel_dist,3,1.50031316280365,1.3108542561531067,1.5350568890571594
B,partition,0.3|wd1.0,partitions K10 E5 f1 dirichlet0.5 fedavg,end,tw_cos,3,0.0010531863663345575,-0.0011948341270908713,0.0021284357644617558
B,partition,0.3|wd1.0,partitions K10 E5 f1 dirichlet0.5 fedavg,end,tw_first_rel_dist,3,1.6161922216415405,1.46221262216568,1.7698934078216553
B,partition,0.3|wd1.0,partitions K10 E5 f1 dirichlet0.5 fedavg,end,tw_pred_agree_te,3,0.9931759834289551,0.9927285015583038,0.9963642656803131
B,partition,0.3|wd1.0,partitions K10 E5 f1 dirichlet0.5 fedavg,end,tw_twin_acc_te,3,100.0,100.0,100.0
B,partition,0.3|wd1.0,partitions K10 E5 f1 dirichlet0.5 fedavg,end,tw_fed_acc_te,3,99.31759643554688,99.2728500366211,99.63642501831055
B,partition,0.3|wd1.0,partitions K10 E5 f1 dirichlet0.5 fedavg,end,tw_cka_te,3,0.0020400093569640488,0.0013495036088430705,0.08630974862535705
B,partition,0.3|wd1.0,partitions K10 E5 f1 dirichlet0.5 fedavg,end,tw_pred_agree_grid,3,0.9950661659240723,0.9947137534618378,0.9973764419555664
B,partition,0.3|wd1.0,partitions K10 E5 f1 dirichlet0.5 fedavg,end,tw_clock_key_jaccard,3,0.0,0.0,0.07142857142857142
B,partition,0.3|wd1.0,partitions K10 E5 f1 dirichlet0.5 fedavg,end,tw_clock_energy_cos,3,4.490567597919921e-05,2.8938548217620862e-05,0.1253054888868914
B,partition,0.3|wd1.0,partitions K10 E5 f1 dirichlet0.5 fedavg,first,tw_step_gap,3,0.0,0.0,0.0
B,partition,0.3|wd1.0,partitions K10 E5 f1 dirichlet0.5 fedavg,first,tw_rel_dist,3,1.6330100297927856,1.5843226909637451,1.6957280039787292
B,partition,0.3|wd1.0,partitions K10 E5 f1 dirichlet0.5 fedavg,first,tw_cos,3,0.02662312425673008,0.016532564302906394,0.03022598195821047
B,partition,0.3|wd1.0,partitions K10 E5 f1 dirichlet0.5 fedavg,first,tw_first_rel_dist,3,1.5637335777282715,1.5180541276931763,1.6010621190071106
B,partition,0.3|wd1.0,partitions K10 E5 f1 dirichlet0.5 fedavg,first,tw_pred_agree_te,3,0.9939590692520142,0.9936234652996063,0.9961405396461487
B,partition,0.3|wd1.0,partitions K10 E5 f1 dirichlet0.5 fedavg,first,tw_twin_acc_te,3,100.0,100.0,100.0
B,partition,0.3|wd1.0,partitions K10 E5 f1 dirichlet0.5 fedavg,first,tw_fed_acc_te,3,99.39590454101562,99.36234664916992,99.61405181884766
B,partition,0.3|wd1.0,partitions K10 E5 f1 dirichlet0.5 fedavg,first,tw_cka_te,3,0.0012574042714358351,0.0010354131650804712,0.10595624395290024
B,partition,0.3|wd1.0,partitions K10 E5 f1 dirichlet0.5 fedavg,first,tw_pred_agree_grid,3,0.9955360293388367,0.9951053261756897,0.9971806406974792
B,partition,0.3|wd1.0,partitions K10 E5 f1 dirichlet0.5 fedavg,first,tw_clock_key_jaccard,3,0.0,0.0,0.07142857142857142
B,partition,0.3|wd1.0,partitions K10 E5 f1 dirichlet0.5 fedavg,first,tw_clock_energy_cos,3,6.569686884737374e-05,5.068609773596533e-05,0.21295026988970037
B,partition,0.3|wd1.0,partitions K10 E5 f1 dirichlet0.5 fedavg,memo,tw_step_gap,1,0.0,0.0,0.0
B,partition,0.3|wd1.0,partitions K10 E5 f1 dirichlet0.5 fedavg,memo,tw_rel_dist,1,1.6330100297927856,1.6330100297927856,1.6330100297927856
B,partition,0.3|wd1.0,partitions K10 E5 f1 dirichlet0.5 fedavg,memo,tw_cos,1,0.006442004349082708,0.006442004349082708,0.006442004349082708
B,partition,0.3|wd1.0,partitions K10 E5 f1 dirichlet0.5 fedavg,memo,tw_first_rel_dist,1,1.5637335777282715,1.5637335777282715,1.5637335777282715
B,partition,0.3|wd1.0,partitions K10 E5 f1 dirichlet0.5 fedavg,memo,tw_pred_agree_te,1,0.9932878613471985,0.9932878613471985,0.9932878613471985
B,partition,0.3|wd1.0,partitions K10 E5 f1 dirichlet0.5 fedavg,memo,tw_twin_acc_te,1,100.0,100.0,100.0
B,partition,0.3|wd1.0,partitions K10 E5 f1 dirichlet0.5 fedavg,memo,tw_fed_acc_te,1,99.32878875732422,99.32878875732422,99.32878875732422
B,partition,0.3|wd1.0,partitions K10 E5 f1 dirichlet0.5 fedavg,memo,tw_cka_te,1,0.0008134220587251071,0.0008134220587251071,0.0008134220587251071
B,partition,0.3|wd1.0,partitions K10 E5 f1 dirichlet0.5 fedavg,memo,tw_pred_agree_grid,1,0.9946746230125427,0.9946746230125427,0.9946746230125427
B,partition,0.3|wd1.0,partitions K10 E5 f1 dirichlet0.5 fedavg,memo,tw_clock_key_jaccard,1,0.0,0.0,0.0
B,partition,0.3|wd1.0,partitions K10 E5 f1 dirichlet0.5 fedavg,memo,tw_clock_energy_cos,1,6.569686884737374e-05,6.569686884737374e-05,6.569686884737374e-05
B,partition,0.3|wd1.0,partitions K10 E5 f1 operand fedavg,cross,tw_step_gap,2,0.0,0.0,0.0
B,partition,0.3|wd1.0,partitions K10 E5 f1 operand fedavg,cross,tw_rel_dist,2,1.6388471126556396,1.4019591808319092,1.8757350444793701
B,partition,0.3|wd1.0,partitions K10 E5 f1 operand fedavg,cross,tw_cos,2,0.00496286666020751,0.003982379101216793,0.005943354219198227
B,partition,0.3|wd1.0,partitions K10 E5 f1 operand fedavg,cross,tw_first_rel_dist,2,1.418688178062439,1.3994614481925964,1.4379149079322815
B,partition,0.3|wd1.0,partitions K10 E5 f1 operand fedavg,cross,tw_pred_agree_te,2,0.5194093324244022,0.28297348879277706,0.7558451760560274
B,partition,0.3|wd1.0,partitions K10 E5 f1 operand fedavg,cross,tw_twin_acc_te,2,100.0,100.0,100.0
B,partition,0.3|wd1.0,partitions K10 E5 f1 operand fedavg,cross,tw_fed_acc_te,2,51.94093418121338,28.297349452972412,75.58451890945435
B,partition,0.3|wd1.0,partitions K10 E5 f1 operand fedavg,cross,tw_cka_te,2,0.0004759470635566711,0.00032892919091402796,0.0006229649361993142
B,partition,0.3|wd1.0,partitions K10 E5 f1 operand fedavg,cross,tw_pred_agree_grid,2,0.5821129307150841,0.37594956532120705,0.7882762961089611
B,partition,0.3|wd1.0,partitions K10 E5 f1 operand fedavg,cross,tw_clock_key_jaccard,2,0.0,0.0,0.0
B,partition,0.3|wd1.0,partitions K10 E5 f1 operand fedavg,cross,tw_clock_energy_cos,2,2.4573966240982082e-05,1.2479757584316127e-05,3.6668174897648036e-05
B,partition,0.3|wd1.0,partitions K10 E5 f1 operand fedavg,end,tw_step_gap,3,0.0,0.0,0.0
B,partition,0.3|wd1.0,partitions K10 E5 f1 operand fedavg,end,tw_rel_dist,3,1.5362253189086914,1.3565848469734192,1.5438916087150574
B,partition,0.3|wd1.0,partitions K10 E5 f1 operand fedavg,end,tw_cos,3,-1.060690738086123e-05,-0.004543900992757699,0.0002548806287450134
B,partition,0.3|wd1.0,partitions K10 E5 f1 operand fedavg,end,tw_first_rel_dist,3,1.304046392440796,1.2854464650154114,1.4660711884498596
B,partition,0.3|wd1.0,partitions K10 E5 f1 operand fedavg,end,tw_pred_agree_te,3,0.9573777914047241,0.5894954800605774,0.9704105854034424
B,partition,0.3|wd1.0,partitions K10 E5 f1 operand fedavg,end,tw_twin_acc_te,3,100.0,100.0,100.0
B,partition,0.3|wd1.0,partitions K10 E5 f1 operand fedavg,end,tw_fed_acc_te,3,95.73777770996094,58.949546813964844,97.04105758666992
B,partition,0.3|wd1.0,partitions K10 E5 f1 operand fedavg,end,tw_cka_te,3,0.002445320455444262,0.0013528002006652834,0.2086366528470007
B,partition,0.3|wd1.0,partitions K10 E5 f1 operand fedavg,end,tw_pred_agree_grid,3,0.9628005027770996,0.6559636443853378,0.9749784469604492
B,partition,0.3|wd1.0,partitions K10 E5 f1 operand fedavg,end,tw_clock_key_jaccard,3,0.0,0.0,0.07142857142857142
B,partition,0.3|wd1.0,partitions K10 E5 f1 operand fedavg,end,tw_clock_energy_cos,3,0.00020357338997184217,0.00010189718840178781,0.23421734774750122
B,partition,0.3|wd1.0,partitions K10 E5 f1 operand fedavg,first,tw_step_gap,3,0.0,0.0,0.0
B,partition,0.3|wd1.0,partitions K10 E5 f1 operand fedavg,first,tw_rel_dist,3,1.7200783491134644,1.6473872065544128,1.9163506627082825
B,partition,0.3|wd1.0,partitions K10 E5 f1 operand fedavg,first,tw_cos,3,0.01582947000861168,0.011376655893400311,0.019146091304719448
B,partition,0.3|wd1.0,partitions K10 E5 f1 operand fedavg,first,tw_first_rel_dist,3,1.380234718322754,1.3589180707931519,1.3842674493789673
B,partition,0.3|wd1.0,partitions K10 E5 f1 operand fedavg,first,tw_pred_agree_te,3,0.09497706592082977,0.07075735554099083,0.15728829056024551
B,partition,0.3|wd1.0,partitions K10 E5 f1 operand fedavg,first,tw_twin_acc_te,3,100.0,100.0,100.0
B,partition,0.3|wd1.0,partitions K10 E5 f1 operand fedavg,first,tw_fed_acc_te,3,9.497706413269043,7.075735569000244,15.72882890701294
B,partition,0.3|wd1.0,partitions K10 E5 f1 operand fedavg,first,tw_cka_te,3,0.00018191131827138482,0.00013774947191220384,0.0002110601720506457
B,partition,0.3|wd1.0,partitions K10 E5 f1 operand fedavg,first,tw_pred_agree_grid,3,0.23196804523468018,0.2008771225810051,0.2913697212934494
B,partition,0.3|wd1.0,partitions K10 E5 f1 operand fedavg,first,tw_clock_key_jaccard,3,0.0,0.0,0.0
B,partition,0.3|wd1.0,partitions K10 E5 f1 operand fedavg,first,tw_clock_energy_cos,3,3.855489276501757e-07,2.860688353290033e-07,6.921060454476884e-07
B,partition,0.3|wd1.0,partitions K10 E5 f1 operand fedavg,memo,tw_step_gap,2,0.0,0.0,0.0
B,partition,0.3|wd1.0,partitions K10 E5 f1 operand fedavg,memo,tw_rel_dist,2,1.6388471126556396,1.4019591808319092,1.8757350444793701
B,partition,0.3|wd1.0,partitions K10 E5 f1 operand fedavg,memo,tw_cos,2,0.00496286666020751,0.003982379101216793,0.005943354219198227
B,partition,0.3|wd1.0,partitions K10 E5 f1 operand fedavg,memo,tw_first_rel_dist,2,1.418688178062439,1.3994614481925964,1.4379149079322815
B,partition,0.3|wd1.0,partitions K10 E5 f1 operand fedavg,memo,tw_pred_agree_te,2,0.5194093324244022,0.28297348879277706,0.7558451760560274
B,partition,0.3|wd1.0,partitions K10 E5 f1 operand fedavg,memo,tw_twin_acc_te,2,100.0,100.0,100.0
B,partition,0.3|wd1.0,partitions K10 E5 f1 operand fedavg,memo,tw_fed_acc_te,2,51.94093418121338,28.297349452972412,75.58451890945435
B,partition,0.3|wd1.0,partitions K10 E5 f1 operand fedavg,memo,tw_cka_te,2,0.0004759470635566711,0.00032892919091402796,0.0006229649361993142
B,partition,0.3|wd1.0,partitions K10 E5 f1 operand fedavg,memo,tw_pred_agree_grid,2,0.5821129307150841,0.37594956532120705,0.7882762961089611
B,partition,0.3|wd1.0,partitions K10 E5 f1 operand fedavg,memo,tw_clock_key_jaccard,2,0.0,0.0,0.0
B,partition,0.3|wd1.0,partitions K10 E5 f1 operand fedavg,memo,tw_clock_energy_cos,2,2.4573966240982082e-05,1.2479757584316127e-05,3.6668174897648036e-05
B,partition,0.3|wd1.0,partitions K10 E5 f1 target fedavg,end,tw_step_gap,3,0.0,0.0,0.0
B,partition,0.3|wd1.0,partitions K10 E5 f1 target fedavg,end,tw_rel_dist,3,1.3891054391860962,1.2461556196212769,1.462671935558319
B,partition,0.3|wd1.0,partitions K10 E5 f1 target fedavg,end,tw_cos,3,0.0009192190482281148,-0.0017642805178184062,0.0013818526349496096
B,partition,0.3|wd1.0,partitions K10 E5 f1 target fedavg,end,tw_first_rel_dist,3,1.5120019912719727,1.347047507762909,1.621248722076416
B,partition,0.3|wd1.0,partitions K10 E5 f1 target fedavg,end,tw_pred_agree_te,3,0.07752545177936554,0.0705336183309555,0.109576016664505
B,partition,0.3|wd1.0,partitions K10 E5 f1 target fedavg,end,tw_twin_acc_te,3,100.0,100.0,100.0
B,partition,0.3|wd1.0,partitions K10 E5 f1 target fedavg,end,tw_fed_acc_te,3,7.752545356750488,7.053361892700195,10.957601547241211
B,partition,0.3|wd1.0,partitions K10 E5 f1 target fedavg,end,tw_cka_te,3,0.007277191590161714,0.004017501610398299,0.04639877860654225
B,partition,0.3|wd1.0,partitions K10 E5 f1 target fedavg,end,tw_pred_agree_grid,3,0.07682669162750244,0.07114887610077858,0.1126556545495987
B,partition,0.3|wd1.0,partitions K10 E5 f1 target fedavg,end,tw_clock_key_jaccard,3,0.0,0.0,0.0
B,partition,0.3|wd1.0,partitions K10 E5 f1 target fedavg,end,tw_clock_energy_cos,3,0.006574635945230126,0.005732293786520909,0.04040656712952135
B,partition,0.3|wd1.0,partitions K10 E5 f1 target fedavg,first,tw_step_gap,3,0.0,0.0,0.0
B,partition,0.3|wd1.0,partitions K10 E5 f1 target fedavg,first,tw_rel_dist,3,1.4630388021469116,1.4602091312408447,1.5538641810417175
B,partition,0.3|wd1.0,partitions K10 E5 f1 target fedavg,first,tw_cos,3,0.006555588450282812,0.005095673142932355,0.018825236475095153
B,partition,0.3|wd1.0,partitions K10 E5 f1 target fedavg,first,tw_first_rel_dist,3,1.3721556663513184,1.3449117541313171,1.4132969379425049
B,partition,0.3|wd1.0,partitions K10 E5 f1 target fedavg,first,tw_pred_agree_te,3,0.04933437705039978,0.04704105667769909,0.06203154847025871
B,partition,0.3|wd1.0,partitions K10 E5 f1 target fedavg,first,tw_twin_acc_te,3,100.0,100.0,100.0
B,partition,0.3|wd1.0,partitions K10 E5 f1 target fedavg,first,tw_fed_acc_te,3,4.933437824249268,4.704105615615845,6.203154802322388
B,partition,0.3|wd1.0,partitions K10 E5 f1 target fedavg,first,tw_cka_te,3,0.0011147466231659856,0.0007628297279278393,0.029587857301938785
B,partition,0.3|wd1.0,partitions K10 E5 f1 target fedavg,first,tw_pred_agree_grid,3,0.04886835440993309,0.0481635220348835,0.06370898149907589
B,partition,0.3|wd1.0,partitions K10 E5 f1 target fedavg,first,tw_clock_key_jaccard,3,0.0,0.0,0.0
B,partition,0.3|wd1.0,partitions K10 E5 f1 target fedavg,first,tw_clock_energy_cos,3,0.008321498918545374,0.00427033322178127,0.020196744445710672
B,partition,0.3|wd1.0,partitions K20 E5 f1 dirichlet0.5 fedavg,cross,tw_step_gap,3,0.0,0.0,0.0
B,partition,0.3|wd1.0,partitions K20 E5 f1 dirichlet0.5 fedavg,cross,tw_rel_dist,3,1.6627541780471802,1.619395673274994,1.7018532156944275
B,partition,0.3|wd1.0,partitions K20 E5 f1 dirichlet0.5 fedavg,cross,tw_cos,3,0.024111242964863777,0.023237542249262333,0.037074039690196514
B,partition,0.3|wd1.0,partitions K20 E5 f1 dirichlet0.5 fedavg,cross,tw_first_rel_dist,3,1.4676783084869385,1.4353971481323242,1.510090708732605
B,partition,0.3|wd1.0,partitions K20 E5 f1 dirichlet0.5 fedavg,cross,tw_pred_agree_te,3,0.9658798575401306,0.9429466426372528,0.9775142669677734
B,partition,0.3|wd1.0,partitions K20 E5 f1 dirichlet0.5 fedavg,cross,tw_twin_acc_te,3,100.0,100.0,100.0
B,partition,0.3|wd1.0,partitions K20 E5 f1 dirichlet0.5 fedavg,cross,tw_fed_acc_te,3,96.58798217773438,94.29466247558594,97.75142669677734
B,partition,0.3|wd1.0,partitions K20 E5 f1 dirichlet0.5 fedavg,cross,tw_cka_te,3,0.021384242398196696,0.01941435804393627,0.02676262200865261
B,partition,0.3|wd1.0,partitions K20 E5 f1 dirichlet0.5 fedavg,cross,tw_pred_agree_grid,3,0.9747826457023621,0.9541075825691223,0.9833581149578094
B,partition,0.3|wd1.0,partitions K20 E5 f1 dirichlet0.5 fedavg,cross,tw_clock_key_jaccard,3,0.0,0.0,0.0
B,partition,0.3|wd1.0,partitions K20 E5 f1 dirichlet0.5 fedavg,cross,tw_clock_energy_cos,3,0.016526257921298672,0.016118688048852657,0.04976238946088779
B,partition,0.3|wd1.0,partitions K20 E5 f1 dirichlet0.5 fedavg,end,tw_step_gap,3,0.0,0.0,0.0
B,partition,0.3|wd1.0,partitions K20 E5 f1 dirichlet0.5 fedavg,end,tw_rel_dist,3,1.4920798540115356,1.3082980513572693,1.5099587440490723
B,partition,0.3|wd1.0,partitions K20 E5 f1 dirichlet0.5 fedavg,end,tw_cos,3,-0.0005896027432754636,-0.002122162899468094,0.00038844574009999633
B,partition,0.3|wd1.0,partitions K20 E5 f1 dirichlet0.5 fedavg,end,tw_first_rel_dist,3,1.4987910985946655,1.3734149932861328,1.664408028125763
B,partition,0.3|wd1.0,partitions K20 E5 f1 dirichlet0.5 fedavg,end,tw_pred_agree_te,3,0.9894843101501465,0.9659358263015747,0.9937912821769714
B,partition,0.3|wd1.0,partitions K20 E5 f1 dirichlet0.5 fedavg,end,tw_twin_acc_te,3,100.0,100.0,100.0
B,partition,0.3|wd1.0,partitions K20 E5 f1 dirichlet0.5 fedavg,end,tw_fed_acc_te,3,98.94843292236328,96.59358215332031,99.3791275024414
B,partition,0.3|wd1.0,partitions K20 E5 f1 dirichlet0.5 fedavg,end,tw_cka_te,3,0.01116953590378971,0.0088864766979885,0.013141876642060494
B,partition,0.3|wd1.0,partitions K20 E5 f1 dirichlet0.5 fedavg,end,tw_pred_agree_grid,3,0.9924817681312561,0.9742736220359802,0.9955752193927765
B,partition,0.3|wd1.0,partitions K20 E5 f1 dirichlet0.5 fedavg,end,tw_clock_key_jaccard,3,0.0,0.0,0.0
B,partition,0.3|wd1.0,partitions K20 E5 f1 dirichlet0.5 fedavg,end,tw_clock_energy_cos,3,0.01388393499822079,0.011536693185286866,0.04305086325439848
B,partition,0.3|wd1.0,partitions K20 E5 f1 dirichlet0.5 fedavg,first,tw_step_gap,3,0.0,0.0,0.0
B,partition,0.3|wd1.0,partitions K20 E5 f1 dirichlet0.5 fedavg,first,tw_rel_dist,3,1.6627541780471802,1.619395673274994,1.7018532156944275
B,partition,0.3|wd1.0,partitions K20 E5 f1 dirichlet0.5 fedavg,first,tw_cos,3,0.024111242964863777,0.023237542249262333,0.037074039690196514
B,partition,0.3|wd1.0,partitions K20 E5 f1 dirichlet0.5 fedavg,first,tw_first_rel_dist,3,1.4676783084869385,1.4353971481323242,1.510090708732605
B,partition,0.3|wd1.0,partitions K20 E5 f1 dirichlet0.5 fedavg,first,tw_pred_agree_te,3,0.9658798575401306,0.9429466426372528,0.9775142669677734
B,partition,0.3|wd1.0,partitions K20 E5 f1 dirichlet0.5 fedavg,first,tw_twin_acc_te,3,100.0,100.0,100.0
B,partition,0.3|wd1.0,partitions K20 E5 f1 dirichlet0.5 fedavg,first,tw_fed_acc_te,3,96.58798217773438,94.29466247558594,97.75142669677734
B,partition,0.3|wd1.0,partitions K20 E5 f1 dirichlet0.5 fedavg,first,tw_cka_te,3,0.021384242398196696,0.01941435804393627,0.02676262200865261
B,partition,0.3|wd1.0,partitions K20 E5 f1 dirichlet0.5 fedavg,first,tw_pred_agree_grid,3,0.9747826457023621,0.9541075825691223,0.9833581149578094
B,partition,0.3|wd1.0,partitions K20 E5 f1 dirichlet0.5 fedavg,first,tw_clock_key_jaccard,3,0.0,0.0,0.0
B,partition,0.3|wd1.0,partitions K20 E5 f1 dirichlet0.5 fedavg,first,tw_clock_energy_cos,3,0.016526257921298672,0.016118688048852657,0.04976238946088779
B,partition,0.3|wd1.0,partitions K20 E5 f1 dirichlet0.5 fedavg,memo,tw_step_gap,3,0.0,0.0,0.0
B,partition,0.3|wd1.0,partitions K20 E5 f1 dirichlet0.5 fedavg,memo,tw_rel_dist,3,1.6627541780471802,1.6426026225090027,1.7018532156944275
B,partition,0.3|wd1.0,partitions K20 E5 f1 dirichlet0.5 fedavg,memo,tw_cos,3,0.02236384153366089,0.020176068879663944,0.023237542249262333
B,partition,0.3|wd1.0,partitions K20 E5 f1 dirichlet0.5 fedavg,memo,tw_first_rel_dist,3,1.4676783084869385,1.412874698638916,1.510090708732605
B,partition,0.3|wd1.0,partitions K20 E5 f1 dirichlet0.5 fedavg,memo,tw_pred_agree_te,3,0.9658798575401306,0.9531267583370209,0.9775142669677734
B,partition,0.3|wd1.0,partitions K20 E5 f1 dirichlet0.5 fedavg,memo,tw_twin_acc_te,3,100.0,100.0,100.0
B,partition,0.3|wd1.0,partitions K20 E5 f1 dirichlet0.5 fedavg,memo,tw_fed_acc_te,3,96.58798217773438,95.31267547607422,97.75142669677734
B,partition,0.3|wd1.0,partitions K20 E5 f1 dirichlet0.5 fedavg,memo,tw_cka_te,3,0.0220879784096986,0.019766226049687224,0.02711449001440356
B,partition,0.3|wd1.0,partitions K20 E5 f1 dirichlet0.5 fedavg,memo,tw_pred_agree_grid,3,0.9747826457023621,0.9644059538841248,0.9833581149578094
B,partition,0.3|wd1.0,partitions K20 E5 f1 dirichlet0.5 fedavg,memo,tw_clock_key_jaccard,3,0.0,0.0,0.0
B,partition,0.3|wd1.0,partitions K20 E5 f1 dirichlet0.5 fedavg,memo,tw_clock_energy_cos,3,0.03266992257690939,0.024190520376658017,0.057834221788693144
B,partition,0.3|wd1.0,partitions K20 E5 f1 operand fedavg,cross,tw_step_gap,2,0.0,0.0,0.0
B,partition,0.3|wd1.0,partitions K20 E5 f1 operand fedavg,cross,tw_rel_dist,2,1.3247380256652832,1.2961968779563904,1.353279173374176
B,partition,0.3|wd1.0,partitions K20 E5 f1 operand fedavg,cross,tw_cos,2,0.0010753516980912536,0.0007972660969244316,0.0013534372992580757
B,partition,0.3|wd1.0,partitions K20 E5 f1 operand fedavg,cross,tw_first_rel_dist,2,1.6577236652374268,1.5621421337127686,1.753305196762085
B,partition,0.3|wd1.0,partitions K20 E5 f1 operand fedavg,cross,tw_pred_agree_te,2,0.978577047586441,0.9679214805364609,0.9892326146364212
B,partition,0.3|wd1.0,partitions K20 E5 f1 operand fedavg,cross,tw_twin_acc_te,2,100.0,100.0,100.0
B,partition,0.3|wd1.0,partitions K20 E5 f1 operand fedavg,cross,tw_fed_acc_te,2,97.85770416259766,96.79214859008789,98.92325973510742
B,partition,0.3|wd1.0,partitions K20 E5 f1 operand fedavg,cross,tw_cka_te,2,0.0006941238350786988,0.0005323122739530156,0.0008559353962043822
B,partition,0.3|wd1.0,partitions K20 E5 f1 operand fedavg,cross,tw_pred_agree_grid,2,0.9834364354610443,0.9751938134431839,0.9916790574789047
B,partition,0.3|wd1.0,partitions K20 E5 f1 operand fedavg,cross,tw_clock_key_jaccard,2,0.0,0.0,0.0
B,partition,0.3|wd1.0,partitions K20 E5 f1 operand fedavg,cross,tw_clock_energy_cos,2,7.795665579064898e-07,4.162209987134074e-07,1.1429121170995724e-06
B,partition,0.3|wd1.0,partitions K20 E5 f1 operand fedavg,end,tw_step_gap,3,0.0,0.0,0.0
B,partition,0.3|wd1.0,partitions K20 E5 f1 operand fedavg,end,tw_rel_dist,3,1.43915855884552,1.2849043011665344,1.461378037929535
B,partition,0.3|wd1.0,partitions K20 E5 f1 operand fedavg,end,tw_cos,3,0.0027851476334035397,0.0014567009056918323,0.002837260835804045
B,partition,0.3|wd1.0,partitions K20 E5 f1 operand fedavg,end,tw_first_rel_dist,3,1.3348917961120605,1.2993709444999695,1.5443559288978577
B,partition,0.3|wd1.0,partitions K20 E5 f1 operand fedavg,end,tw_pred_agree_te,3,0.9893724322319031,0.8526681065559387,0.9946862161159515
B,partition,0.3|wd1.0,partitions K20 E5 f1 operand fedavg,end,tw_twin_acc_te,3,100.0,100.0,100.0
B,partition,0.3|wd1.0,partitions K20 E5 f1 operand fedavg,end,tw_fed_acc_te,3,98.93724060058594,85.26680755615234,99.46862030029297
B,partition,0.3|wd1.0,partitions K20 E5 f1 operand fedavg,end,tw_cka_te,3,0.00019538965655080759,0.00019387788421523875,0.0002709788747861736
B,partition,0.3|wd1.0,partitions K20 E5 f1 operand fedavg,end,tw_pred_agree_grid,3,0.9921685457229614,0.8724254071712494,0.9960842728614807
B,partition,0.3|wd1.0,partitions K20 E5 f1 operand fedavg,end,tw_clock_key_jaccard,3,0.0,0.0,0.0
B,partition,0.3|wd1.0,partitions K20 E5 f1 operand fedavg,end,tw_clock_energy_cos,3,5.944045147994098e-07,3.082055088022679e-07,7.557612336571321e-07
B,partition,0.3|wd1.0,partitions K20 E5 f1 operand fedavg,first,tw_step_gap,3,0.0,0.0,0.0
B,partition,0.3|wd1.0,partitions K20 E5 f1 operand fedavg,first,tw_rel_dist,3,1.4384571313858032,1.437920093536377,1.450669288635254
B,partition,0.3|wd1.0,partitions K20 E5 f1 operand fedavg,first,tw_cos,3,0.0015006490284577012,0.001300715550314635,0.005676096130628139
B,partition,0.3|wd1.0,partitions K20 E5 f1 operand fedavg,first,tw_first_rel_dist,3,1.2931028604507446,1.2567923665046692,1.305663287639618
B,partition,0.3|wd1.0,partitions K20 E5 f1 operand fedavg,first,tw_pred_agree_te,3,0.08300705254077911,0.07098109647631645,0.22256404906511307
B,partition,0.3|wd1.0,partitions K20 E5 f1 operand fedavg,first,tw_twin_acc_te,3,100.0,100.0,100.0
B,partition,0.3|wd1.0,partitions K20 E5 f1 operand fedavg,first,tw_fed_acc_te,3,8.300704956054688,7.098109483718872,22.256404876708984
B,partition,0.3|wd1.0,partitions K20 E5 f1 operand fedavg,first,tw_cka_te,3,0.0003839842246829343,0.0002306323701385649,0.0009123886319734522
B,partition,0.3|wd1.0,partitions K20 E5 f1 operand fedavg,first,tw_pred_agree_grid,3,0.14918944239616394,0.13023729249835014,0.27355313301086426
B,partition,0.3|wd1.0,partitions K20 E5 f1 operand fedavg,first,tw_clock_key_jaccard,3,0.0,0.0,0.0
B,partition,0.3|wd1.0,partitions K20 E5 f1 operand fedavg,first,tw_clock_energy_cos,3,4.563424970974827e-09,2.7104081064430138e-09,7.831006835041108e-08
B,partition,0.3|wd1.0,partitions K20 E5 f1 operand fedavg,memo,tw_step_gap,2,0.0,0.0,0.0
B,partition,0.3|wd1.0,partitions K20 E5 f1 operand fedavg,memo,tw_rel_dist,2,1.3247380256652832,1.2961968779563904,1.353279173374176
B,partition,0.3|wd1.0,partitions K20 E5 f1 operand fedavg,memo,tw_cos,2,0.0010753516980912536,0.0007972660969244316,0.0013534372992580757
B,partition,0.3|wd1.0,partitions K20 E5 f1 operand fedavg,memo,tw_first_rel_dist,2,1.6577236652374268,1.5621421337127686,1.753305196762085
B,partition,0.3|wd1.0,partitions K20 E5 f1 operand fedavg,memo,tw_pred_agree_te,2,0.978577047586441,0.9679214805364609,0.9892326146364212
B,partition,0.3|wd1.0,partitions K20 E5 f1 operand fedavg,memo,tw_twin_acc_te,2,100.0,100.0,100.0
B,partition,0.3|wd1.0,partitions K20 E5 f1 operand fedavg,memo,tw_fed_acc_te,2,97.85770416259766,96.79214859008789,98.92325973510742
B,partition,0.3|wd1.0,partitions K20 E5 f1 operand fedavg,memo,tw_cka_te,2,0.0006941238350786988,0.0005323122739530156,0.0008559353962043822
B,partition,0.3|wd1.0,partitions K20 E5 f1 operand fedavg,memo,tw_pred_agree_grid,2,0.9834364354610443,0.9751938134431839,0.9916790574789047
B,partition,0.3|wd1.0,partitions K20 E5 f1 operand fedavg,memo,tw_clock_key_jaccard,2,0.0,0.0,0.0
B,partition,0.3|wd1.0,partitions K20 E5 f1 operand fedavg,memo,tw_clock_energy_cos,2,7.795665579064898e-07,4.162209987134074e-07,1.1429121170995724e-06
B,partition,0.3|wd1.0,partitions K20 E5 f1 target fedavg,end,tw_step_gap,3,0.0,0.0,0.0
B,partition,0.3|wd1.0,partitions K20 E5 f1 target fedavg,end,tw_rel_dist,3,1.2715052366256714,1.1790790557861328,1.282539963722229
B,partition,0.3|wd1.0,partitions K20 E5 f1 target fedavg,end,tw_cos,3,-5.930537008680403e-05,-0.0025132504088105634,0.00213100241671782
B,partition,0.3|wd1.0,partitions K20 E5 f1 target fedavg,end,tw_first_rel_dist,3,1.2459275722503662,1.2093318700790405,1.3168412446975708
B,partition,0.3|wd1.0,partitions K20 E5 f1 target fedavg,end,tw_pred_agree_te,3,0.02058395929634571,0.01577357714995742,0.028358877636492252
B,partition,0.3|wd1.0,partitions K20 E5 f1 target fedavg,end,tw_twin_acc_te,3,100.0,100.0,100.0
B,partition,0.3|wd1.0,partitions K20 E5 f1 target fedavg,end,tw_fed_acc_te,3,2.0583958625793457,1.5773577094078064,2.8358876705169678
B,partition,0.3|wd1.0,partitions K20 E5 f1 target fedavg,end,tw_cka_te,3,8.941697335737636e-05,8.403658772761725e-05,9.170456652440466e-05
B,partition,0.3|wd1.0,partitions K20 E5 f1 target fedavg,end,tw_pred_agree_grid,3,0.020596757531166077,0.015858720056712627,0.028858955949544907
B,partition,0.3|wd1.0,partitions K20 E5 f1 target fedavg,end,tw_clock_key_jaccard,3,0.0,0.0,0.0
B,partition,0.3|wd1.0,partitions K20 E5 f1 target fedavg,end,tw_clock_energy_cos,3,1.505262899094661e-06,7.528552672774874e-07,1.601335497754433e-06
B,partition,0.3|wd1.0,partitions K20 E5 f1 target fedavg,first,tw_step_gap,3,0.0,0.0,0.0
B,partition,0.3|wd1.0,partitions K20 E5 f1 target fedavg,first,tw_rel_dist,3,1.3652325868606567,1.360663115978241,1.400483250617981
B,partition,0.3|wd1.0,partitions K20 E5 f1 target fedavg,first,tw_cos,3,0.009202183224260807,0.008686930406838655,0.010259897448122501
B,partition,0.3|wd1.0,partitions K20 E5 f1 target fedavg,first,tw_first_rel_dist,3,1.2642921209335327,1.2340728044509888,1.2842132449150085
B,partition,0.3|wd1.0,partitions K20 E5 f1 target fedavg,first,tw_pred_agree_te,3,0.02696051076054573,0.026624903082847595,0.0314352847635746
B,partition,0.3|wd1.0,partitions K20 E5 f1 target fedavg,first,tw_twin_acc_te,3,100.0,100.0,100.0
B,partition,0.3|wd1.0,partitions K20 E5 f1 target fedavg,first,tw_fed_acc_te,3,2.6960511207580566,2.6624903678894043,3.143528461456299
B,partition,0.3|wd1.0,partitions K20 E5 f1 target fedavg,first,tw_cka_te,3,7.34673670830119e-05,6.592064285503935e-05,8.465736402667653e-05
B,partition,0.3|wd1.0,partitions K20 E5 f1 target fedavg,first,tw_pred_agree_grid,3,0.02709687501192093,0.026392042636871338,0.03265721723437309
B,partition,0.3|wd1.0,partitions K20 E5 f1 target fedavg,first,tw_clock_key_jaccard,3,0.0,0.0,0.0
B,partition,0.3|wd1.0,partitions K20 E5 f1 target fedavg,first,tw_clock_energy_cos,3,3.05537621357032e-07,1.5540442412858705e-07,5.800559034321253e-07
B,K,0.4|wd1.0,aggregation_alpha2 K10 E5 f1 iid fedavg,end,tw_step_gap,3,0.0,0.0,0.0
B,K,0.4|wd1.0,aggregation_alpha2 K10 E5 f1 iid fedavg,end,tw_rel_dist,3,1.1235320568084717,1.109617829322815,1.1633397936820984
B,K,0.4|wd1.0,aggregation_alpha2 K10 E5 f1 iid fedavg,end,tw_cos,3,-0.0028065303340554237,-0.002909125993028283,-0.00199101772159338
B,K,0.4|wd1.0,aggregation_alpha2 K10 E5 f1 iid fedavg,end,tw_first_rel_dist,3,1.7281887531280518,1.6122148633003235,1.806071937084198
B,K,0.4|wd1.0,aggregation_alpha2 K10 E5 f1 iid fedavg,end,tw_pred_agree_te,3,0.9999999403953552,0.9999999403953552,0.9999999403953552
B,K,0.4|wd1.0,aggregation_alpha2 K10 E5 f1 iid fedavg,end,tw_twin_acc_te,3,99.99999237060547,99.99999237060547,99.99999237060547
B,K,0.4|wd1.0,aggregation_alpha2 K10 E5 f1 iid fedavg,end,tw_fed_acc_te,3,99.99999237060547,99.99999237060547,99.99999237060547
B,K,0.4|wd1.0,aggregation_alpha2 K10 E5 f1 iid fedavg,end,tw_cka_te,3,0.21413482552013613,0.107138316891041,0.3610726199873525
B,K,0.4|wd1.0,aggregation_alpha2 K10 E5 f1 iid fedavg,end,tw_pred_agree_grid,3,1.0,1.0,1.0
B,K,0.4|wd1.0,aggregation_alpha2 K10 E5 f1 iid fedavg,end,tw_clock_key_jaccard,3,0.0,0.0,0.3333333333333333
B,K,0.4|wd1.0,aggregation_alpha2 K10 E5 f1 iid fedavg,end,tw_clock_energy_cos,3,0.05700811265465605,0.028504065100355507,0.16194284001323372
B,K,0.4|wd1.0,aggregation_alpha2 K10 E5 f1 iid fedavg,first,tw_step_gap,3,0.0,0.0,0.0
B,K,0.4|wd1.0,aggregation_alpha2 K10 E5 f1 iid fedavg,first,tw_rel_dist,3,1.5232555866241455,1.4315690398216248,1.5418298840522766
B,K,0.4|wd1.0,aggregation_alpha2 K10 E5 f1 iid fedavg,first,tw_cos,3,0.04989143833518028,0.04069385677576065,0.06500457413494587
B,K,0.4|wd1.0,aggregation_alpha2 K10 E5 f1 iid fedavg,first,tw_first_rel_dist,3,1.445927619934082,1.4069142937660217,1.4465740323066711
B,K,0.4|wd1.0,aggregation_alpha2 K10 E5 f1 iid fedavg,first,tw_pred_agree_te,3,0.9999999403953552,0.9998041689395905,0.9999999403953552
B,K,0.4|wd1.0,aggregation_alpha2 K10 E5 f1 iid fedavg,first,tw_twin_acc_te,3,99.99999237060547,99.99999237060547,99.99999237060547
B,K,0.4|wd1.0,aggregation_alpha2 K10 E5 f1 iid fedavg,first,tw_fed_acc_te,3,99.99999237060547,99.98041534423828,99.99999237060547
B,K,0.4|wd1.0,aggregation_alpha2 K10 E5 f1 iid fedavg,first,tw_cka_te,3,0.484776294101927,0.24247894810439166,0.5774774326920538
B,K,0.4|wd1.0,aggregation_alpha2 K10 E5 f1 iid fedavg,first,tw_pred_agree_grid,3,1.0,0.9998825192451477,1.0
B,K,0.4|wd1.0,aggregation_alpha2 K10 E5 f1 iid fedavg,first,tw_clock_key_jaccard,3,0.0,0.0,0.2
B,K,0.4|wd1.0,aggregation_alpha2 K10 E5 f1 iid fedavg,first,tw_clock_energy_cos,3,0.08395639996664943,0.04197820050534911,0.3438262333089302
B,K,0.4|wd1.0,aggregation_alpha2 K2 E5 f1 iid fedavg,end,tw_step_gap,3,0.0,0.0,0.0
B,K,0.4|wd1.0,aggregation_alpha2 K2 E5 f1 iid fedavg,end,tw_rel_dist,3,1.1426043510437012,1.113002598285675,1.1576859951019287
B,K,0.4|wd1.0,aggregation_alpha2 K2 E5 f1 iid fedavg,end,tw_cos,3,-0.001947564771398902,-0.003266445710323751,-0.0010483939404366538
B,K,0.4|wd1.0,aggregation_alpha2 K2 E5 f1 iid fedavg,end,tw_first_rel_dist,3,1.950581669807434,1.9263327717781067,2.2920547127723694
B,K,0.4|wd1.0,aggregation_alpha2 K2 E5 f1 iid fedavg,end,tw_pred_agree_te,3,0.9999999403953552,0.9999999403953552,0.9999999403953552
B,K,0.4|wd1.0,aggregation_alpha2 K2 E5 f1 iid fedavg,end,tw_twin_acc_te,3,99.99999237060547,99.99999237060547,99.99999237060547
B,K,0.4|wd1.0,aggregation_alpha2 K2 E5 f1 iid fedavg,end,tw_fed_acc_te,3,99.99999237060547,99.99999237060547,99.99999237060547
B,K,0.4|wd1.0,aggregation_alpha2 K2 E5 f1 iid fedavg,end,tw_cka_te,3,0.4291786715322697,0.36794854237203733,0.5043652941175762
B,K,0.4|wd1.0,aggregation_alpha2 K2 E5 f1 iid fedavg,end,tw_pred_agree_grid,3,1.0,1.0,1.0
B,K,0.4|wd1.0,aggregation_alpha2 K2 E5 f1 iid fedavg,end,tw_clock_key_jaccard,3,0.5,0.45,0.5
B,K,0.4|wd1.0,aggregation_alpha2 K2 E5 f1 iid fedavg,end,tw_clock_energy_cos,3,0.771367342689541,0.5469399179210618,0.7892582486817998
B,K,0.4|wd1.0,aggregation_alpha2 K2 E5 f1 iid fedavg,first,tw_step_gap,3,0.0,0.0,0.0
B,K,0.4|wd1.0,aggregation_alpha2 K2 E5 f1 iid fedavg,first,tw_rel_dist,3,1.377952218055725,1.3672603368759155,1.3852222561836243
B,K,0.4|wd1.0,aggregation_alpha2 K2 E5 f1 iid fedavg,first,tw_cos,3,0.1563912332057953,0.1268521435558796,0.17301268130540848
B,K,0.4|wd1.0,aggregation_alpha2 K2 E5 f1 iid fedavg,first,tw_first_rel_dist,3,1.5328829288482666,1.4711607694625854,1.545066773891449
B,K,0.4|wd1.0,aggregation_alpha2 K2 E5 f1 iid fedavg,first,tw_pred_agree_te,3,0.9999999403953552,0.9999999403953552,0.9999999403953552
B,K,0.4|wd1.0,aggregation_alpha2 K2 E5 f1 iid fedavg,first,tw_twin_acc_te,3,99.99999237060547,99.99999237060547,99.99999237060547
B,K,0.4|wd1.0,aggregation_alpha2 K2 E5 f1 iid fedavg,first,tw_fed_acc_te,3,99.99999237060547,99.99999237060547,99.99999237060547
B,K,0.4|wd1.0,aggregation_alpha2 K2 E5 f1 iid fedavg,first,tw_cka_te,3,0.38970262755362084,0.3896308739950308,0.4517902671501566
B,K,0.4|wd1.0,aggregation_alpha2 K2 E5 f1 iid fedavg,first,tw_pred_agree_grid,3,1.0,1.0,1.0
B,K,0.4|wd1.0,aggregation_alpha2 K2 E5 f1 iid fedavg,first,tw_clock_key_jaccard,3,0.3333333333333333,0.26666666666666666,0.41666666666666663
B,K,0.4|wd1.0,aggregation_alpha2 K2 E5 f1 iid fedavg,first,tw_clock_energy_cos,3,0.5919476589765844,0.5370741757967202,0.6701214229023997
B,K,0.4|wd1.0,aggregation_alpha2 K20 E5 f1 iid fedavg,end,tw_step_gap,6,0.0,0.0,0.0
B,K,0.4|wd1.0,aggregation_alpha2 K20 E5 f1 iid fedavg,end,tw_rel_dist,6,1.2841436266899109,1.1441967189311981,1.4080200791358948
B,K,0.4|wd1.0,aggregation_alpha2 K20 E5 f1 iid fedavg,end,tw_cos,6,0.008844674128340557,-0.0010060656786663458,0.03642608132213354
B,K,0.4|wd1.0,aggregation_alpha2 K20 E5 f1 iid fedavg,end,tw_first_rel_dist,6,1.3407769799232483,1.2224081456661224,1.3978720009326935
B,K,0.4|wd1.0,aggregation_alpha2 K20 E5 f1 iid fedavg,end,tw_pred_agree_te,6,0.37333592772483826,0.24233228713274002,0.7760701850056648
B,K,0.4|wd1.0,aggregation_alpha2 K20 E5 f1 iid fedavg,end,tw_twin_acc_te,6,99.99999237060547,99.99999237060547,99.99999237060547
B,K,0.4|wd1.0,aggregation_alpha2 K20 E5 f1 iid fedavg,end,tw_fed_acc_te,6,37.33359146118164,24.23322868347168,77.6070203781128
B,K,0.4|wd1.0,aggregation_alpha2 K20 E5 f1 iid fedavg,end,tw_cka_te,6,0.00024854049889513885,0.000234062303747558,0.0004320199982387783
B,K,0.4|wd1.0,aggregation_alpha2 K20 E5 f1 iid fedavg,end,tw_pred_agree_grid,6,0.41158273816108704,0.30857936292886734,0.8013352453708649
B,K,0.4|wd1.0,aggregation_alpha2 K20 E5 f1 iid fedavg,end,tw_clock_key_jaccard,6,0.0,0.0,0.0
B,K,0.4|wd1.0,aggregation_alpha2 K20 E5 f1 iid fedavg,end,tw_clock_energy_cos,6,1.11002711770669e-06,1.0809534341320746e-07,9.704012878659941e-06
B,K,0.4|wd1.0,aggregation_alpha2 K20 E5 f1 iid fedavg,first,tw_step_gap,6,0.0,0.0,0.0
B,K,0.4|wd1.0,aggregation_alpha2 K20 E5 f1 iid fedavg,first,tw_rel_dist,6,1.4021738767623901,1.363227665424347,1.4351827502250671
B,K,0.4|wd1.0,aggregation_alpha2 K20 E5 f1 iid fedavg,first,tw_cos,6,0.16808634251356125,0.027602795977145433,0.29892654716968536
B,K,0.4|wd1.0,aggregation_alpha2 K20 E5 f1 iid fedavg,first,tw_first_rel_dist,6,1.1371198892593384,1.070914089679718,1.1811642050743103
B,K,0.4|wd1.0,aggregation_alpha2 K20 E5 f1 iid fedavg,first,tw_pred_agree_te,6,0.0764813357964158,0.0033933697850443423,0.1755090057849884
B,K,0.4|wd1.0,aggregation_alpha2 K20 E5 f1 iid fedavg,first,tw_twin_acc_te,6,99.99999237060547,99.99999237060547,99.99999237060547
B,K,0.4|wd1.0,aggregation_alpha2 K20 E5 f1 iid fedavg,first,tw_fed_acc_te,6,7.6481335163116455,0.33933696895837784,17.550901174545288
B,K,0.4|wd1.0,aggregation_alpha2 K20 E5 f1 iid fedavg,first,tw_cka_te,6,0.0016140003052642828,0.0006169247967489895,0.0020099323409431538
B,K,0.4|wd1.0,aggregation_alpha2 K20 E5 f1 iid fedavg,first,tw_pred_agree_grid,6,0.1462917998433113,0.057482967153191566,0.25601064786314964
B,K,0.4|wd1.0,aggregation_alpha2 K20 E5 f1 iid fedavg,first,tw_clock_key_jaccard,6,0.0,0.0,0.0
B,K,0.4|wd1.0,aggregation_alpha2 K20 E5 f1 iid fedavg,first,tw_clock_energy_cos,6,7.519036562127541e-07,9.27220617538466e-08,9.158367713740919e-06
B,K,0.4|wd1.0,aggregation_alpha2 K20 E5 f1 iid fedavg,memo,tw_step_gap,1,0.0,0.0,0.0
B,K,0.4|wd1.0,aggregation_alpha2 K20 E5 f1 iid fedavg,memo,tw_rel_dist,1,1.7746978998184204,1.7746978998184204,1.7746978998184204
B,K,0.4|wd1.0,aggregation_alpha2 K20 E5 f1 iid fedavg,memo,tw_cos,1,0.024210741743445396,0.024210741743445396,0.024210741743445396
B,K,0.4|wd1.0,aggregation_alpha2 K20 E5 f1 iid fedavg,memo,tw_first_rel_dist,1,1.4184128046035767,1.4184128046035767,1.4184128046035767
B,K,0.4|wd1.0,aggregation_alpha2 K20 E5 f1 iid fedavg,memo,tw_pred_agree_te,1,0.9936047792434692,0.9936047792434692,0.9936047792434692
B,K,0.4|wd1.0,aggregation_alpha2 K20 E5 f1 iid fedavg,memo,tw_twin_acc_te,1,99.99999237060547,99.99999237060547,99.99999237060547
B,K,0.4|wd1.0,aggregation_alpha2 K20 E5 f1 iid fedavg,memo,tw_fed_acc_te,1,99.36048126220703,99.36048126220703,99.36048126220703
B,K,0.4|wd1.0,aggregation_alpha2 K20 E5 f1 iid fedavg,memo,tw_cka_te,1,0.002140623702792878,0.002140623702792878,0.002140623702792878
B,K,0.4|wd1.0,aggregation_alpha2 K20 E5 f1 iid fedavg,memo,tw_pred_agree_grid,1,0.9957709908485413,0.9957709908485413,0.9957709908485413
B,K,0.4|wd1.0,aggregation_alpha2 K20 E5 f1 iid fedavg,memo,tw_clock_key_jaccard,1,0.0,0.0,0.0
B,K,0.4|wd1.0,aggregation_alpha2 K20 E5 f1 iid fedavg,memo,tw_clock_energy_cos,1,0.0004217006064418158,0.0004217006064418158,0.0004217006064418158
B,K,0.4|wd1.0,aggregation_alpha2 K5 E5 f1 iid fedavg,end,tw_step_gap,3,0.0,0.0,0.0
B,K,0.4|wd1.0,aggregation_alpha2 K5 E5 f1 iid fedavg,end,tw_rel_dist,3,1.1326580047607422,1.0977261066436768,1.1672605872154236
B,K,0.4|wd1.0,aggregation_alpha2 K5 E5 f1 iid fedavg,end,tw_cos,3,0.0010874794097617269,-0.0008203675388358533,0.0021828367025591433
B,K,0.4|wd1.0,aggregation_alpha2 K5 E5 f1 iid fedavg,end,tw_first_rel_dist,3,1.9626370668411255,1.8985605239868164,2.1425190567970276
B,K,0.4|wd1.0,aggregation_alpha2 K5 E5 f1 iid fedavg,end,tw_pred_agree_te,3,0.9999999403953552,0.9999999403953552,0.9999999403953552
B,K,0.4|wd1.0,aggregation_alpha2 K5 E5 f1 iid fedavg,end,tw_twin_acc_te,3,99.99999237060547,99.99999237060547,99.99999237060547
B,K,0.4|wd1.0,aggregation_alpha2 K5 E5 f1 iid fedavg,end,tw_fed_acc_te,3,99.99999237060547,99.99999237060547,99.99999237060547
B,K,0.4|wd1.0,aggregation_alpha2 K5 E5 f1 iid fedavg,end,tw_cka_te,3,0.12936722312462495,0.11956344942117428,0.3824654001003719
B,K,0.4|wd1.0,aggregation_alpha2 K5 E5 f1 iid fedavg,end,tw_pred_agree_grid,3,1.0,1.0,1.0
B,K,0.4|wd1.0,aggregation_alpha2 K5 E5 f1 iid fedavg,end,tw_clock_key_jaccard,3,0.2,0.18333333333333335,0.35
B,K,0.4|wd1.0,aggregation_alpha2 K5 E5 f1 iid fedavg,end,tw_clock_energy_cos,3,0.40661891514970067,0.28092344543941095,0.643759016005827
B,K,0.4|wd1.0,aggregation_alpha2 K5 E5 f1 iid fedavg,first,tw_step_gap,3,0.0,0.0,0.0
B,K,0.4|wd1.0,aggregation_alpha2 K5 E5 f1 iid fedavg,first,tw_rel_dist,3,1.3999834060668945,1.3749046921730042,1.4467177987098694
B,K,0.4|wd1.0,aggregation_alpha2 K5 E5 f1 iid fedavg,first,tw_cos,3,0.07294151186943054,0.06127176247537136,0.10376381874084473
B,K,0.4|wd1.0,aggregation_alpha2 K5 E5 f1 iid fedavg,first,tw_first_rel_dist,3,1.596137523651123,1.5406063795089722,1.668321967124939
B,K,0.4|wd1.0,aggregation_alpha2 K5 E5 f1 iid fedavg,first,tw_pred_agree_te,3,0.9999999403953552,0.9999999403953552,0.9999999403953552
B,K,0.4|wd1.0,aggregation_alpha2 K5 E5 f1 iid fedavg,first,tw_twin_acc_te,3,99.99999237060547,99.99999237060547,99.99999237060547
B,K,0.4|wd1.0,aggregation_alpha2 K5 E5 f1 iid fedavg,first,tw_fed_acc_te,3,99.99999237060547,99.99999237060547,99.99999237060547
B,K,0.4|wd1.0,aggregation_alpha2 K5 E5 f1 iid fedavg,first,tw_cka_te,3,0.1556233365202613,0.09764552322195735,0.4543068519327567
B,K,0.4|wd1.0,aggregation_alpha2 K5 E5 f1 iid fedavg,first,tw_pred_agree_grid,3,1.0,1.0,1.0
B,K,0.4|wd1.0,aggregation_alpha2 K5 E5 f1 iid fedavg,first,tw_clock_key_jaccard,3,0.14285714285714285,0.07142857142857142,0.40476190476190477
B,K,0.4|wd1.0,aggregation_alpha2 K5 E5 f1 iid fedavg,first,tw_clock_energy_cos,3,0.17552969602317048,0.11554607265609038,0.5419770248014324
C,K,0.4|wd1.0,aggregation K10 E5 f1 iid fedavg,cross,tw_step_gap,1,0.0,0.0,0.0
C,K,0.4|wd1.0,aggregation K10 E5 f1 iid fedavg,cross,tw_rel_dist,1,1.2024900913238525,1.2024900913238525,1.2024900913238525
C,K,0.4|wd1.0,aggregation K10 E5 f1 iid fedavg,cross,tw_cos,1,0.02105793170630932,0.02105793170630932,0.02105793170630932
C,K,0.4|wd1.0,aggregation K10 E5 f1 iid fedavg,cross,tw_first_rel_dist,1,1.210761308670044,1.210761308670044,1.210761308670044
C,K,0.4|wd1.0,aggregation K10 E5 f1 iid fedavg,cross,tw_pred_agree_te,1,0.00902777723968029,0.00902777723968029,0.00902777723968029
C,K,0.4|wd1.0,aggregation K10 E5 f1 iid fedavg,cross,tw_twin_acc_te,1,0.9027777314186096,0.9027777314186096,0.9027777314186096
C,K,0.4|wd1.0,aggregation K10 E5 f1 iid fedavg,cross,tw_fed_acc_te,1,100.0,100.0,100.0
C,K,0.4|wd1.0,aggregation K10 E5 f1 iid fedavg,cross,tw_cka_te,1,0.025491620215723456,0.025491620215723456,0.025491620215723456
C,K,0.4|wd1.0,aggregation K10 E5 f1 iid fedavg,cross,tw_pred_agree_grid,1,0.40541666746139526,0.40541666746139526,0.40541666746139526
C,K,0.4|wd1.0,aggregation K10 E5 f1 iid fedavg,cross,tw_irrep_same_dominant,1,1.0,1.0,1.0
C,K,0.4|wd1.0,aggregation K10 E5 f1 iid fedavg,cross,tw_irrep_frac_cos,1,0.6687377557712588,0.6687377557712588,0.6687377557712588
C,K,0.4|wd1.0,aggregation K10 E5 f1 iid fedavg,end,tw_step_gap,3,0.0,0.0,0.0
C,K,0.4|wd1.0,aggregation K10 E5 f1 iid fedavg,end,tw_rel_dist,3,1.33846116065979,1.3381291031837463,1.3423076272010803
C,K,0.4|wd1.0,aggregation K10 E5 f1 iid fedavg,end,tw_cos,3,0.0014565399615094066,0.0010967427515424788,0.002258177089970559
C,K,0.4|wd1.0,aggregation K10 E5 f1 iid fedavg,end,tw_first_rel_dist,3,1.647436499595642,1.558056890964508,1.6669715642929077
C,K,0.4|wd1.0,aggregation K10 E5 f1 iid fedavg,end,tw_pred_agree_te,3,1.0,1.0,1.0
C,K,0.4|wd1.0,aggregation K10 E5 f1 iid fedavg,end,tw_twin_acc_te,3,100.0,100.0,100.0
C,K,0.4|wd1.0,aggregation K10 E5 f1 iid fedavg,end,tw_fed_acc_te,3,100.0,100.0,100.0
C,K,0.4|wd1.0,aggregation K10 E5 f1 iid fedavg,end,tw_cka_te,3,0.4076358525057781,0.31690015444850367,0.5051109251293315
C,K,0.4|wd1.0,aggregation K10 E5 f1 iid fedavg,end,tw_pred_agree_grid,3,1.0,1.0,1.0
C,K,0.4|wd1.0,aggregation K10 E5 f1 iid fedavg,end,tw_irrep_same_dominant,3,1.0,1.0,1.0
C,K,0.4|wd1.0,aggregation K10 E5 f1 iid fedavg,end,tw_irrep_frac_cos,3,0.9966978435835576,0.9667015896222592,0.9970017116285732
C,K,0.4|wd1.0,aggregation K10 E5 f1 iid fedavg,first,tw_step_gap,3,0.0,0.0,0.0
C,K,0.4|wd1.0,aggregation K10 E5 f1 iid fedavg,first,tw_rel_dist,3,1.2304632663726807,1.2164766788482666,1.3642343878746033
C,K,0.4|wd1.0,aggregation K10 E5 f1 iid fedavg,first,tw_cos,3,0.02105793170630932,0.020472215488553047,0.0236523374915123
C,K,0.4|wd1.0,aggregation K10 E5 f1 iid fedavg,first,tw_first_rel_dist,3,1.2576780319213867,1.2342196702957153,1.4256234169006348
C,K,0.4|wd1.0,aggregation K10 E5 f1 iid fedavg,first,tw_pred_agree_te,3,0.00902777723968029,0.008796296082437038,0.5045138886198401
C,K,0.4|wd1.0,aggregation K10 E5 f1 iid fedavg,first,tw_twin_acc_te,3,0.9027777314186096,0.8796296119689941,50.451388865709305
C,K,0.4|wd1.0,aggregation K10 E5 f1 iid fedavg,first,tw_fed_acc_te,3,100.0,100.0,100.0
C,K,0.4|wd1.0,aggregation K10 E5 f1 iid fedavg,first,tw_cka_te,3,0.025491620215723456,0.019543609340010096,0.07854119138575988
C,K,0.4|wd1.0,aggregation K10 E5 f1 iid fedavg,first,tw_pred_agree_grid,3,0.40541666746139526,0.4052777886390686,0.7027083337306976
C,K,0.4|wd1.0,aggregation K10 E5 f1 iid fedavg,first,tw_irrep_same_dominant,3,1.0,0.5,1.0
C,K,0.4|wd1.0,aggregation K10 E5 f1 iid fedavg,first,tw_irrep_frac_cos,3,0.6687377557712588,0.5409612759600901,0.8019153285529291
C,K,0.4|wd1.0,aggregation K2 E5 f1 iid fedavg,cross,tw_step_gap,1,0.0,0.0,0.0
C,K,0.4|wd1.0,aggregation K2 E5 f1 iid fedavg,cross,tw_rel_dist,1,1.2348254919052124,1.2348254919052124,1.2348254919052124
C,K,0.4|wd1.0,aggregation K2 E5 f1 iid fedavg,cross,tw_cos,1,0.0516236387193203,0.0516236387193203,0.0516236387193203
C,K,0.4|wd1.0,aggregation K2 E5 f1 iid fedavg,cross,tw_first_rel_dist,1,1.3206901550292969,1.3206901550292969,1.3206901550292969
C,K,0.4|wd1.0,aggregation K2 E5 f1 iid fedavg,cross,tw_pred_agree_te,1,0.00902777723968029,0.00902777723968029,0.00902777723968029
C,K,0.4|wd1.0,aggregation K2 E5 f1 iid fedavg,cross,tw_twin_acc_te,1,0.9027777314186096,0.9027777314186096,0.9027777314186096
C,K,0.4|wd1.0,aggregation K2 E5 f1 iid fedavg,cross,tw_fed_acc_te,1,100.0,100.0,100.0
C,K,0.4|wd1.0,aggregation K2 E5 f1 iid fedavg,cross,tw_cka_te,1,0.2172767494905098,0.2172767494905098,0.2172767494905098
C,K,0.4|wd1.0,aggregation K2 E5 f1 iid fedavg,cross,tw_pred_agree_grid,1,0.40541666746139526,0.40541666746139526,0.40541666746139526
C,K,0.4|wd1.0,aggregation K2 E5 f1 iid fedavg,cross,tw_irrep_same_dominant,1,1.0,1.0,1.0
C,K,0.4|wd1.0,aggregation K2 E5 f1 iid fedavg,cross,tw_irrep_frac_cos,1,0.6700490267514505,0.6700490267514505,0.6700490267514505
C,K,0.4|wd1.0,aggregation K2 E5 f1 iid fedavg,end,tw_step_gap,3,0.0,0.0,0.0
C,K,0.4|wd1.0,aggregation K2 E5 f1 iid fedavg,end,tw_rel_dist,3,1.3869210481643677,1.3610430359840393,1.3932147026062012
C,K,0.4|wd1.0,aggregation K2 E5 f1 iid fedavg,end,tw_cos,3,-0.00013332715025171638,-0.0006596720486413687,0.0006517134897876531
C,K,0.4|wd1.0,aggregation K2 E5 f1 iid fedavg,end,tw_first_rel_dist,3,1.7788456678390503,1.74782133102417,1.7986745238304138
C,K,0.4|wd1.0,aggregation K2 E5 f1 iid fedavg,end,tw_pred_agree_te,3,1.0,1.0,1.0
C,K,0.4|wd1.0,aggregation K2 E5 f1 iid fedavg,end,tw_twin_acc_te,3,100.0,100.0,100.0
C,K,0.4|wd1.0,aggregation K2 E5 f1 iid fedavg,end,tw_fed_acc_te,3,100.0,100.0,100.0
C,K,0.4|wd1.0,aggregation K2 E5 f1 iid fedavg,end,tw_cka_te,3,0.6049102504365796,0.5256143848965367,0.6787494094179216
C,K,0.4|wd1.0,aggregation K2 E5 f1 iid fedavg,end,tw_pred_agree_grid,3,1.0,1.0,1.0
C,K,0.4|wd1.0,aggregation K2 E5 f1 iid fedavg,end,tw_irrep_same_dominant,3,1.0,1.0,1.0
C,K,0.4|wd1.0,aggregation K2 E5 f1 iid fedavg,end,tw_irrep_frac_cos,3,0.9996288754813802,0.9991094294796401,0.9996677398155249
C,K,0.4|wd1.0,aggregation K2 E5 f1 iid fedavg,first,tw_step_gap,3,0.0,0.0,0.0
C,K,0.4|wd1.0,aggregation K2 E5 f1 iid fedavg,first,tw_rel_dist,3,1.2446218729019165,1.2397236824035645,1.357271134853363
C,K,0.4|wd1.0,aggregation K2 E5 f1 iid fedavg,first,tw_cos,3,0.0516236387193203,0.04420282319188118,0.05733026750385761
C,K,0.4|wd1.0,aggregation K2 E5 f1 iid fedavg,first,tw_first_rel_dist,3,1.3206901550292969,1.3140049576759338,1.4612740278244019
C,K,0.4|wd1.0,aggregation K2 E5 f1 iid fedavg,first,tw_pred_agree_te,3,0.00902777723968029,0.008796296082437038,0.5045138886198401
C,K,0.4|wd1.0,aggregation K2 E5 f1 iid fedavg,first,tw_twin_acc_te,3,0.9027777314186096,0.8796296119689941,50.451388865709305
C,K,0.4|wd1.0,aggregation K2 E5 f1 iid fedavg,first,tw_fed_acc_te,3,100.0,100.0,100.0
C,K,0.4|wd1.0,aggregation K2 E5 f1 iid fedavg,first,tw_cka_te,3,0.5664840196742786,0.3918803845823942,0.6359152479282321
C,K,0.4|wd1.0,aggregation K2 E5 f1 iid fedavg,first,tw_pred_agree_grid,3,0.40541666746139526,0.4052777886390686,0.7027083337306976
C,K,0.4|wd1.0,aggregation K2 E5 f1 iid fedavg,first,tw_irrep_same_dominant,3,1.0,0.5,1.0
C,K,0.4|wd1.0,aggregation K2 E5 f1 iid fedavg,first,tw_irrep_frac_cos,3,0.6700490267514505,0.5460504318253456,0.8348855304052586
C,K,0.4|wd1.0,aggregation K20 E5 f1 iid fedavg,cross,tw_step_gap,2,0.0,0.0,0.0
C,K,0.4|wd1.0,aggregation K20 E5 f1 iid fedavg,cross,tw_rel_dist,2,1.497403621673584,1.4737764596939087,1.5210307836532593
C,K,0.4|wd1.0,aggregation K20 E5 f1 iid fedavg,cross,tw_cos,2,0.01660956535488367,0.016256967093795538,0.016962163615971804
C,K,0.4|wd1.0,aggregation K20 E5 f1 iid fedavg,cross,tw_first_rel_dist,2,1.4628450274467468,1.4547512233257294,1.4709388315677643
C,K,0.4|wd1.0,aggregation K20 E5 f1 iid fedavg,cross,tw_pred_agree_te,2,0.020659721922129393,0.016869212733581662,0.024450231110677123
C,K,0.4|wd1.0,aggregation K20 E5 f1 iid fedavg,cross,tw_twin_acc_te,2,0.8796296119689941,0.8680555522441864,0.8912036716938019
C,K,0.4|wd1.0,aggregation K20 E5 f1 iid fedavg,cross,tw_fed_acc_te,2,55.6192102432251,42.103585720062256,69.13483476638794
C,K,0.4|wd1.0,aggregation K20 E5 f1 iid fedavg,cross,tw_cka_te,2,0.6956239203993622,0.6907798161610488,0.7004680246376754
C,K,0.4|wd1.0,aggregation K20 E5 f1 iid fedavg,cross,tw_pred_agree_grid,2,0.41093750298023224,0.4093923643231392,0.4124826416373253
C,K,0.4|wd1.0,aggregation K20 E5 f1 iid fedavg,cross,tw_irrep_same_dominant,2,0.0,0.0,0.0
C,K,0.4|wd1.0,aggregation K20 E5 f1 iid fedavg,cross,tw_irrep_frac_cos,2,0.5905436936093885,0.5040261029246436,0.6770612842941335
C,K,0.4|wd1.0,aggregation K20 E5 f1 iid fedavg,end,tw_step_gap,3,0.0,0.0,0.0
C,K,0.4|wd1.0,aggregation K20 E5 f1 iid fedavg,end,tw_rel_dist,3,1.3154494762420654,1.2954736351966858,1.3446063995361328
C,K,0.4|wd1.0,aggregation K20 E5 f1 iid fedavg,end,tw_cos,3,-0.0008816751069389284,-0.001636423374293372,3.959893365390599e-05
C,K,0.4|wd1.0,aggregation K20 E5 f1 iid fedavg,end,tw_first_rel_dist,3,1.6255438327789307,1.6147519946098328,1.6500648856163025
C,K,0.4|wd1.0,aggregation K20 E5 f1 iid fedavg,end,tw_pred_agree_te,3,1.0,1.0,1.0
C,K,0.4|wd1.0,aggregation K20 E5 f1 iid fedavg,end,tw_twin_acc_te,3,100.0,100.0,100.0
C,K,0.4|wd1.0,aggregation K20 E5 f1 iid fedavg,end,tw_fed_acc_te,3,100.0,100.0,100.0
C,K,0.4|wd1.0,aggregation K20 E5 f1 iid fedavg,end,tw_cka_te,3,0.01807280321083905,0.009550040088307137,0.1524276213065025
C,K,0.4|wd1.0,aggregation K20 E5 f1 iid fedavg,end,tw_pred_agree_grid,3,1.0,1.0,1.0
C,K,0.4|wd1.0,aggregation K20 E5 f1 iid fedavg,end,tw_irrep_same_dominant,3,0.0,0.0,0.5
C,K,0.4|wd1.0,aggregation K20 E5 f1 iid fedavg,end,tw_irrep_frac_cos,3,0.018295280643091355,0.012256653652092673,0.5074871058336506
C,K,0.4|wd1.0,aggregation K20 E5 f1 iid fedavg,first,tw_step_gap,3,0.0,0.0,0.0
C,K,0.4|wd1.0,aggregation K20 E5 f1 iid fedavg,first,tw_rel_dist,3,1.4501492977142334,1.4322457909584045,1.497403621673584
C,K,0.4|wd1.0,aggregation K20 E5 f1 iid fedavg,first,tw_cos,3,0.015904368832707405,0.015129219274967909,0.01660956535488367
C,K,0.4|wd1.0,aggregation K20 E5 f1 iid fedavg,first,tw_first_rel_dist,3,1.4790326356887817,1.4628450274467468,1.56173574924469
C,K,0.4|wd1.0,aggregation K20 E5 f1 iid fedavg,first,tw_pred_agree_te,3,0.028240740299224854,0.020659721922129393,0.5141203701496124
C,K,0.4|wd1.0,aggregation K20 E5 f1 iid fedavg,first,tw_twin_acc_te,3,0.9027777314186096,0.8796296119689941,50.451388865709305
C,K,0.4|wd1.0,aggregation K20 E5 f1 iid fedavg,first,tw_fed_acc_te,3,82.65045928955078,55.6192102432251,91.32522964477539
C,K,0.4|wd1.0,aggregation K20 E5 f1 iid fedavg,first,tw_cka_te,3,0.6859357119227355,0.4205764386474543,0.6956239203993622
C,K,0.4|wd1.0,aggregation K20 E5 f1 iid fedavg,first,tw_pred_agree_grid,3,0.41402778029441833,0.41093750298023224,0.7070138901472092
C,K,0.4|wd1.0,aggregation K20 E5 f1 iid fedavg,first,tw_irrep_same_dominant,3,0.0,0.0,0.5
C,K,0.4|wd1.0,aggregation K20 E5 f1 iid fedavg,first,tw_irrep_frac_cos,3,0.7635788749788784,0.5905436936093885,0.8800145673557087
C,K,0.4|wd1.0,aggregation K20 E5 f1 iid fedavg,memo,tw_step_gap,2,0.0,0.0,0.0
C,K,0.4|wd1.0,aggregation K20 E5 f1 iid fedavg,memo,tw_rel_dist,2,1.497403621673584,1.4737764596939087,1.5210307836532593
C,K,0.4|wd1.0,aggregation K20 E5 f1 iid fedavg,memo,tw_cos,2,0.01660956535488367,0.016256967093795538,0.016962163615971804
C,K,0.4|wd1.0,aggregation K20 E5 f1 iid fedavg,memo,tw_first_rel_dist,2,1.4628450274467468,1.4547512233257294,1.4709388315677643
C,K,0.4|wd1.0,aggregation K20 E5 f1 iid fedavg,memo,tw_pred_agree_te,2,0.020659721922129393,0.016869212733581662,0.024450231110677123
C,K,0.4|wd1.0,aggregation K20 E5 f1 iid fedavg,memo,tw_twin_acc_te,2,0.8796296119689941,0.8680555522441864,0.8912036716938019
C,K,0.4|wd1.0,aggregation K20 E5 f1 iid fedavg,memo,tw_fed_acc_te,2,55.6192102432251,42.103585720062256,69.13483476638794
C,K,0.4|wd1.0,aggregation K20 E5 f1 iid fedavg,memo,tw_cka_te,2,0.6956239203993622,0.6907798161610488,0.7004680246376754
C,K,0.4|wd1.0,aggregation K20 E5 f1 iid fedavg,memo,tw_pred_agree_grid,2,0.41093750298023224,0.4093923643231392,0.4124826416373253
C,K,0.4|wd1.0,aggregation K20 E5 f1 iid fedavg,memo,tw_irrep_same_dominant,2,0.0,0.0,0.0
C,K,0.4|wd1.0,aggregation K20 E5 f1 iid fedavg,memo,tw_irrep_frac_cos,2,0.5905436936093885,0.5040261029246436,0.6770612842941335
C,K,0.4|wd1.0,aggregation K5 E5 f1 iid fedavg,end,tw_step_gap,3,0.0,0.0,0.0
C,K,0.4|wd1.0,aggregation K5 E5 f1 iid fedavg,end,tw_rel_dist,3,1.395686149597168,1.3908057808876038,1.4121835231781006
C,K,0.4|wd1.0,aggregation K5 E5 f1 iid fedavg,end,tw_cos,3,0.0010964750545099378,0.00031090329866856337,0.002466242352966219
C,K,0.4|wd1.0,aggregation K5 E5 f1 iid fedavg,end,tw_first_rel_dist,3,1.7771813869476318,1.6912024021148682,1.819600760936737
C,K,0.4|wd1.0,aggregation K5 E5 f1 iid fedavg,end,tw_pred_agree_te,3,1.0,1.0,1.0
C,K,0.4|wd1.0,aggregation K5 E5 f1 iid fedavg,end,tw_twin_acc_te,3,100.0,100.0,100.0
C,K,0.4|wd1.0,aggregation K5 E5 f1 iid fedavg,end,tw_fed_acc_te,3,100.0,100.0,100.0
C,K,0.4|wd1.0,aggregation K5 E5 f1 iid fedavg,end,tw_cka_te,3,0.43391670677026634,0.34375897052850074,0.4853786876825267
C,K,0.4|wd1.0,aggregation K5 E5 f1 iid fedavg,end,tw_pred_agree_grid,3,1.0,1.0,1.0
C,K,0.4|wd1.0,aggregation K5 E5 f1 iid fedavg,end,tw_irrep_same_dominant,3,1.0,1.0,1.0
C,K,0.4|wd1.0,aggregation K5 E5 f1 iid fedavg,end,tw_irrep_frac_cos,3,0.99804718512558,0.9973703298465222,0.9989128437277375
C,K,0.4|wd1.0,aggregation K5 E5 f1 iid fedavg,first,tw_step_gap,3,0.0,0.0,0.0
C,K,0.4|wd1.0,aggregation K5 E5 f1 iid fedavg,first,tw_rel_dist,3,1.2820360660552979,1.262183964252472,1.4216772317886353
C,K,0.4|wd1.0,aggregation K5 E5 f1 iid fedavg,first,tw_cos,3,0.03659766912460327,0.030590588226914406,0.03746517933905125
C,K,0.4|wd1.0,aggregation K5 E5 f1 iid fedavg,first,tw_first_rel_dist,3,1.303758978843689,1.2789775729179382,1.5246185660362244
C,K,0.4|wd1.0,aggregation K5 E5 f1 iid fedavg,first,tw_pred_agree_te,3,0.00902777723968029,0.008796296082437038,0.5045138886198401
C,K,0.4|wd1.0,aggregation K5 E5 f1 iid fedavg,first,tw_twin_acc_te,3,0.9027777314186096,0.8796296119689941,50.451388865709305
C,K,0.4|wd1.0,aggregation K5 E5 f1 iid fedavg,first,tw_fed_acc_te,3,100.0,100.0,100.0
C,K,0.4|wd1.0,aggregation K5 E5 f1 iid fedavg,first,tw_cka_te,3,0.333377187765259,0.2875285375257834,0.3545123184922001
C,K,0.4|wd1.0,aggregation K5 E5 f1 iid fedavg,first,tw_pred_agree_grid,3,0.40541666746139526,0.4052777886390686,0.7027083337306976
C,K,0.4|wd1.0,aggregation K5 E5 f1 iid fedavg,first,tw_irrep_same_dominant,3,1.0,0.5,1.0
C,K,0.4|wd1.0,aggregation K5 E5 f1 iid fedavg,first,tw_irrep_frac_cos,3,0.6692979641305838,0.5453299584056691,0.8328863074938895
C,K,0.4|wd1.0,aggregation K50 E5 f1 iid fedavg,cross,tw_step_gap,2,0.0,0.0,0.0
C,K,0.4|wd1.0,aggregation K50 E5 f1 iid fedavg,cross,tw_rel_dist,2,1.7037466168403625,1.6310441195964813,1.7764491140842438
C,K,0.4|wd1.0,aggregation K50 E5 f1 iid fedavg,cross,tw_cos,2,0.009825259679928422,0.007490177522413433,0.012160341837443411
C,K,0.4|wd1.0,aggregation K50 E5 f1 iid fedavg,cross,tw_first_rel_dist,2,1.2387456893920898,1.1831214427947998,1.2943699359893799
C,K,0.4|wd1.0,aggregation K50 E5 f1 iid fedavg,cross,tw_pred_agree_te,2,0.03501157369464636,0.028385416138917208,0.04163773125037551
C,K,0.4|wd1.0,aggregation K50 E5 f1 iid fedavg,cross,tw_twin_acc_te,2,50.451388865709305,25.677083298563957,75.22569443285465
C,K,0.4|wd1.0,aggregation K50 E5 f1 iid fedavg,cross,tw_fed_acc_te,2,5.885416507720947,5.355902671813965,6.41493034362793
C,K,0.4|wd1.0,aggregation K50 E5 f1 iid fedavg,cross,tw_cka_te,2,0.2608354819880955,0.13107637093461172,0.3905945930415792
C,K,0.4|wd1.0,aggregation K50 E5 f1 iid fedavg,cross,tw_pred_agree_grid,2,0.10618055611848831,0.10406250134110451,0.10829861089587212
C,K,0.4|wd1.0,aggregation K50 E5 f1 iid fedavg,cross,tw_irrep_same_dominant,2,0.0,0.0,0.0
C,K,0.4|wd1.0,aggregation K50 E5 f1 iid fedavg,cross,tw_irrep_frac_cos,2,0.22059978402308994,0.12503257439211407,0.31616699365406586
C,K,0.4|wd1.0,aggregation K50 E5 f1 iid fedavg,end,tw_step_gap,3,0.0,0.0,0.0
C,K,0.4|wd1.0,aggregation K50 E5 f1 iid fedavg,end,tw_rel_dist,3,1.5421950817108154,1.4794057607650757,1.8203985691070557
C,K,0.4|wd1.0,aggregation K50 E5 f1 iid fedavg,end,tw_cos,3,-0.00010576999193290249,-0.0010622131703712512,0.0003775460172619205
C,K,0.4|wd1.0,aggregation K50 E5 f1 iid fedavg,end,tw_first_rel_dist,3,1.5962940454483032,1.5280558466911316,1.8822177052497864
C,K,0.4|wd1.0,aggregation K50 E5 f1 iid fedavg,end,tw_pred_agree_te,3,1.0,0.5056134257465601,1.0
C,K,0.4|wd1.0,aggregation K50 E5 f1 iid fedavg,end,tw_twin_acc_te,3,100.0,100.0,100.0
C,K,0.4|wd1.0,aggregation K50 E5 f1 iid fedavg,end,tw_fed_acc_te,3,100.0,50.56134259700775,100.0
C,K,0.4|wd1.0,aggregation K50 E5 f1 iid fedavg,end,tw_cka_te,3,0.06364733845897108,0.032290841063003055,0.22067398460788948
C,K,0.4|wd1.0,aggregation K50 E5 f1 iid fedavg,end,tw_pred_agree_grid,3,1.0,0.546909723430872,1.0
C,K,0.4|wd1.0,aggregation K50 E5 f1 iid fedavg,end,tw_irrep_same_dominant,3,0.0,0.0,0.5
C,K,0.4|wd1.0,aggregation K50 E5 f1 iid fedavg,end,tw_irrep_frac_cos,3,0.01240493935776219,0.011496519277015279,0.4190570591786715
C,K,0.4|wd1.0,aggregation K50 E5 f1 iid fedavg,first,tw_step_gap,3,0.0,0.0,0.0
C,K,0.4|wd1.0,aggregation K50 E5 f1 iid fedavg,first,tw_rel_dist,3,1.5583416223526,1.553520381450653,1.7037466168403625
C,K,0.4|wd1.0,aggregation K50 E5 f1 iid fedavg,first,tw_cos,3,0.009724141098558903,0.007439618231728673,0.012109782546758652
C,K,0.4|wd1.0,aggregation K50 E5 f1 iid fedavg,first,tw_first_rel_dist,3,1.145408034324646,1.1364526152610779,1.247701108455658
C,K,0.4|wd1.0,aggregation K50 E5 f1 iid fedavg,first,tw_pred_agree_te,3,0.02777777798473835,0.024768518283963203,0.038020833395421505
C,K,0.4|wd1.0,aggregation K50 E5 f1 iid fedavg,first,tw_twin_acc_te,3,0.9027777314186096,0.8796296119689941,50.451388865709305
C,K,0.4|wd1.0,aggregation K50 E5 f1 iid fedavg,first,tw_fed_acc_te,3,4.826388835906982,2.725694417953491,5.885416507720947
C,K,0.4|wd1.0,aggregation K50 E5 f1 iid fedavg,first,tw_cka_te,3,0.5203537040950629,0.2608354819880955,0.6005091568490364
C,K,0.4|wd1.0,aggregation K50 E5 f1 iid fedavg,first,tw_pred_agree_grid,3,0.1019444465637207,0.08652777969837189,0.10618055611848831
C,K,0.4|wd1.0,aggregation K50 E5 f1 iid fedavg,first,tw_irrep_same_dominant,3,0.0,0.0,0.5
C,K,0.4|wd1.0,aggregation K50 E5 f1 iid fedavg,first,tw_irrep_frac_cos,3,0.41173420328504173,0.22059978402308994,0.6706285687589034
C,K,0.4|wd1.0,aggregation K50 E5 f1 iid fedavg,memo,tw_step_gap,2,0.0,0.0,0.0
C,K,0.4|wd1.0,aggregation K50 E5 f1 iid fedavg,memo,tw_rel_dist,2,1.7037466168403625,1.6310441195964813,1.7764491140842438
C,K,0.4|wd1.0,aggregation K50 E5 f1 iid fedavg,memo,tw_cos,2,0.009825259679928422,0.007490177522413433,0.012160341837443411
C,K,0.4|wd1.0,aggregation K50 E5 f1 iid fedavg,memo,tw_first_rel_dist,2,1.2387456893920898,1.1831214427947998,1.2943699359893799
C,K,0.4|wd1.0,aggregation K50 E5 f1 iid fedavg,memo,tw_pred_agree_te,2,0.03501157369464636,0.028385416138917208,0.04163773125037551
C,K,0.4|wd1.0,aggregation K50 E5 f1 iid fedavg,memo,tw_twin_acc_te,2,50.451388865709305,25.677083298563957,75.22569443285465
C,K,0.4|wd1.0,aggregation K50 E5 f1 iid fedavg,memo,tw_fed_acc_te,2,5.885416507720947,5.355902671813965,6.41493034362793
C,K,0.4|wd1.0,aggregation K50 E5 f1 iid fedavg,memo,tw_cka_te,2,0.2608354819880955,0.13107637093461172,0.3905945930415792
C,K,0.4|wd1.0,aggregation K50 E5 f1 iid fedavg,memo,tw_pred_agree_grid,2,0.10618055611848831,0.10406250134110451,0.10829861089587212
C,K,0.4|wd1.0,aggregation K50 E5 f1 iid fedavg,memo,tw_irrep_same_dominant,2,0.0,0.0,0.0
C,K,0.4|wd1.0,aggregation K50 E5 f1 iid fedavg,memo,tw_irrep_frac_cos,2,0.22059978402308994,0.12503257439211407,0.31616699365406586
C,dirichlet,0.4|wd1.0,dirichlet_setups K10 E5 f1 dirichlet0.01 fedavg,end,tw_step_gap,3,0.0,0.0,0.0
C,dirichlet,0.4|wd1.0,dirichlet_setups K10 E5 f1 dirichlet0.01 fedavg,end,tw_rel_dist,3,1.7981669902801514,1.7900646924972534,1.8843753337860107
C,dirichlet,0.4|wd1.0,dirichlet_setups K10 E5 f1 dirichlet0.01 fedavg,end,tw_cos,3,-0.0015719013754278421,-0.0021207501413300633,0.0009463576134294271
C,dirichlet,0.4|wd1.0,dirichlet_setups K10 E5 f1 dirichlet0.01 fedavg,end,tw_first_rel_dist,3,1.988853931427002,1.8561906814575195,2.138887882232666
C,dirichlet,0.4|wd1.0,dirichlet_setups K10 E5 f1 dirichlet0.01 fedavg,end,tw_pred_agree_te,3,0.37465277314186096,0.24924768134951591,0.41631944477558136
C,dirichlet,0.4|wd1.0,dirichlet_setups K10 E5 f1 dirichlet0.01 fedavg,end,tw_twin_acc_te,3,100.0,100.0,100.0
C,dirichlet,0.4|wd1.0,dirichlet_setups K10 E5 f1 dirichlet0.01 fedavg,end,tw_fed_acc_te,3,37.46527862548828,24.924768924713135,41.63194465637207
C,dirichlet,0.4|wd1.0,dirichlet_setups K10 E5 f1 dirichlet0.01 fedavg,end,tw_cka_te,3,0.10433154522320602,0.0928993912774133,0.28301701748220753
C,dirichlet,0.4|wd1.0,dirichlet_setups K10 E5 f1 dirichlet0.01 fedavg,end,tw_pred_agree_grid,3,0.3924305737018585,0.28031250834465027,0.43743057548999786
C,dirichlet,0.4|wd1.0,dirichlet_setups K10 E5 f1 dirichlet0.01 fedavg,end,tw_irrep_same_dominant,3,1.0,1.0,1.0
C,dirichlet,0.4|wd1.0,dirichlet_setups K10 E5 f1 dirichlet0.01 fedavg,end,tw_irrep_frac_cos,3,0.9978522395789788,0.9967781753323697,0.9981299373425746
C,dirichlet,0.4|wd1.0,dirichlet_setups K10 E5 f1 dirichlet0.01 fedavg,first,tw_step_gap,3,0.0,0.0,0.0
C,dirichlet,0.4|wd1.0,dirichlet_setups K10 E5 f1 dirichlet0.01 fedavg,first,tw_rel_dist,3,1.5032217502593994,1.494076669216156,1.7958284616470337
C,dirichlet,0.4|wd1.0,dirichlet_setups K10 E5 f1 dirichlet0.01 fedavg,first,tw_cos,3,0.012755404226481915,0.007515262812376022,0.01455671014264226
C,dirichlet,0.4|wd1.0,dirichlet_setups K10 E5 f1 dirichlet0.01 fedavg,first,tw_first_rel_dist,3,1.32606840133667,1.3192678093910217,1.5432733297348022
C,dirichlet,0.4|wd1.0,dirichlet_setups K10 E5 f1 dirichlet0.01 fedavg,first,tw_pred_agree_te,3,0.006481481250375509,0.006192129570990801,0.016550925327464938
C,dirichlet,0.4|wd1.0,dirichlet_setups K10 E5 f1 dirichlet0.01 fedavg,first,tw_twin_acc_te,3,0.9027777314186096,0.8796296119689941,50.451388865709305
C,dirichlet,0.4|wd1.0,dirichlet_setups K10 E5 f1 dirichlet0.01 fedavg,first,tw_fed_acc_te,3,0.8912037014961243,0.7407407462596893,27.3900445997715
C,dirichlet,0.4|wd1.0,dirichlet_setups K10 E5 f1 dirichlet0.01 fedavg,first,tw_cka_te,3,0.6057489131170996,0.31436881689616225,0.6474760576386867
C,dirichlet,0.4|wd1.0,dirichlet_setups K10 E5 f1 dirichlet0.01 fedavg,first,tw_pred_agree_grid,3,0.0959722250699997,0.08052083477377892,0.16600694507360458
C,dirichlet,0.4|wd1.0,dirichlet_setups K10 E5 f1 dirichlet0.01 fedavg,first,tw_irrep_same_dominant,3,1.0,0.5,1.0
C,dirichlet,0.4|wd1.0,dirichlet_setups K10 E5 f1 dirichlet0.01 fedavg,first,tw_irrep_frac_cos,3,0.7588627910211957,0.6005389550548168,0.8556150796827705
C,dirichlet,0.4|wd1.0,dirichlet_setups K10 E5 f1 dirichlet0.1 fedavg,cross,tw_step_gap,2,0.0,0.0,0.0
C,dirichlet,0.4|wd1.0,dirichlet_setups K10 E5 f1 dirichlet0.1 fedavg,cross,tw_rel_dist,2,1.806611180305481,1.8035781383514404,1.8096442222595215
C,dirichlet,0.4|wd1.0,dirichlet_setups K10 E5 f1 dirichlet0.1 fedavg,cross,tw_cos,2,0.00807047018315643,0.00538197677815333,0.010758963588159531
C,dirichlet,0.4|wd1.0,dirichlet_setups K10 E5 f1 dirichlet0.1 fedavg,cross,tw_first_rel_dist,2,1.8110405206680298,1.7674115896224976,1.854669451713562
C,dirichlet,0.4|wd1.0,dirichlet_setups K10 E5 f1 dirichlet0.1 fedavg,cross,tw_pred_agree_te,2,0.4037615763954818,0.20627893623895943,0.6012442165520042
C,dirichlet,0.4|wd1.0,dirichlet_setups K10 E5 f1 dirichlet0.1 fedavg,cross,tw_twin_acc_te,2,50.42824074625969,25.642361119389534,75.21412037312984
C,dirichlet,0.4|wd1.0,dirichlet_setups K10 E5 f1 dirichlet0.1 fedavg,cross,tw_fed_acc_te,2,59.502315521240234,49.317129135131836,69.68750190734863
C,dirichlet,0.4|wd1.0,dirichlet_setups K10 E5 f1 dirichlet0.1 fedavg,cross,tw_cka_te,2,0.02087114963642068,0.010886983879087342,0.030855315393754013
C,dirichlet,0.4|wd1.0,dirichlet_setups K10 E5 f1 dirichlet0.1 fedavg,cross,tw_pred_agree_grid,2,0.552291676402092,0.40822917968034744,0.6963541731238365
C,dirichlet,0.4|wd1.0,dirichlet_setups K10 E5 f1 dirichlet0.1 fedavg,cross,tw_irrep_same_dominant,2,0.0,0.0,0.0
C,dirichlet,0.4|wd1.0,dirichlet_setups K10 E5 f1 dirichlet0.1 fedavg,cross,tw_irrep_frac_cos,2,0.3646280772103694,0.1909212888187421,0.5383348656019966
C,dirichlet,0.4|wd1.0,dirichlet_setups K10 E5 f1 dirichlet0.1 fedavg,end,tw_step_gap,3,0.0,0.0,0.0
C,dirichlet,0.4|wd1.0,dirichlet_setups K10 E5 f1 dirichlet0.1 fedavg,end,tw_rel_dist,3,2.107710361480713,2.0008832812309265,2.149624466896057
C,dirichlet,0.4|wd1.0,dirichlet_setups K10 E5 f1 dirichlet0.1 fedavg,end,tw_cos,3,0.0009589144610799849,0.0005804355459986255,0.002256980078527704
C,dirichlet,0.4|wd1.0,dirichlet_setups K10 E5 f1 dirichlet0.1 fedavg,end,tw_first_rel_dist,3,2.47652530670166,2.320615530014038,2.4771662950515747
C,dirichlet,0.4|wd1.0,dirichlet_setups K10 E5 f1 dirichlet0.1 fedavg,end,tw_pred_agree_te,3,0.8174768090248108,0.7475115358829498,0.8738425672054291
C,dirichlet,0.4|wd1.0,dirichlet_setups K10 E5 f1 dirichlet0.1 fedavg,end,tw_twin_acc_te,3,100.0,100.0,100.0
C,dirichlet,0.4|wd1.0,dirichlet_setups K10 E5 f1 dirichlet0.1 fedavg,end,tw_fed_acc_te,3,81.7476806640625,74.75115203857422,87.38425827026367
C,dirichlet,0.4|wd1.0,dirichlet_setups K10 E5 f1 dirichlet0.1 fedavg,end,tw_cka_te,3,0.07658031705807693,0.03876969969381718,0.2632005260871114
C,dirichlet,0.4|wd1.0,dirichlet_setups K10 E5 f1 dirichlet0.1 fedavg,end,tw_pred_agree_grid,3,0.8442361354827881,0.788958340883255,0.8951041996479034
C,dirichlet,0.4|wd1.0,dirichlet_setups K10 E5 f1 dirichlet0.1 fedavg,end,tw_irrep_same_dominant,3,0.0,0.0,0.5
C,dirichlet,0.4|wd1.0,dirichlet_setups K10 E5 f1 dirichlet0.1 fedavg,end,tw_irrep_frac_cos,3,0.5395036272342618,0.275834364374468,0.6764904197016226
C,dirichlet,0.4|wd1.0,dirichlet_setups K10 E5 f1 dirichlet0.1 fedavg,first,tw_step_gap,3,0.0,0.0,0.0
C,dirichlet,0.4|wd1.0,dirichlet_setups K10 E5 f1 dirichlet0.1 fedavg,first,tw_rel_dist,3,1.8306915760040283,1.8216844201087952,2.109900712966919
C,dirichlet,0.4|wd1.0,dirichlet_setups K10 E5 f1 dirichlet0.1 fedavg,first,tw_cos,3,0.013106139376759529,0.01170186884701252,0.01327679818496108
C,dirichlet,0.4|wd1.0,dirichlet_setups K10 E5 f1 dirichlet0.1 fedavg,first,tw_first_rel_dist,3,1.7588987350463867,1.741340696811676,1.934104561805725
C,dirichlet,0.4|wd1.0,dirichlet_setups K10 E5 f1 dirichlet0.1 fedavg,first,tw_pred_agree_te,3,0.016550926491618156,0.012673611287027597,0.03049768414348364
C,dirichlet,0.4|wd1.0,dirichlet_setups K10 E5 f1 dirichlet0.1 fedavg,first,tw_twin_acc_te,3,0.9027777314186096,0.8796296119689941,50.451388865709305
C,dirichlet,0.4|wd1.0,dirichlet_setups K10 E5 f1 dirichlet0.1 fedavg,first,tw_fed_acc_te,3,39.13194274902344,21.788193464279175,47.67939567565918
C,dirichlet,0.4|wd1.0,dirichlet_setups K10 E5 f1 dirichlet0.1 fedavg,first,tw_cka_te,3,0.04083948115108735,0.023127817862675988,0.2622339380402361
C,dirichlet,0.4|wd1.0,dirichlet_setups K10 E5 f1 dirichlet0.1 fedavg,first,tw_pred_agree_grid,3,0.2641666829586029,0.23906251043081284,0.28458334505558014
C,dirichlet,0.4|wd1.0,dirichlet_setups K10 E5 f1 dirichlet0.1 fedavg,first,tw_irrep_same_dominant,3,0.0,0.0,0.5
C,dirichlet,0.4|wd1.0,dirichlet_setups K10 E5 f1 dirichlet0.1 fedavg,first,tw_irrep_frac_cos,3,0.7120416539936238,0.40084647659210904,0.7303442020315505
C,dirichlet,0.4|wd1.0,dirichlet_setups K10 E5 f1 dirichlet1 fedavg,cross,tw_step_gap,2,0.0,0.0,0.0
C,dirichlet,0.4|wd1.0,dirichlet_setups K10 E5 f1 dirichlet1 fedavg,cross,tw_rel_dist,2,1.389535903930664,1.3368420600891113,1.4422297477722168
C,dirichlet,0.4|wd1.0,dirichlet_setups K10 E5 f1 dirichlet1 fedavg,cross,tw_cos,2,0.021579337306320667,0.01947397505864501,0.023684699553996325
C,dirichlet,0.4|wd1.0,dirichlet_setups K10 E5 f1 dirichlet1 fedavg,cross,tw_first_rel_dist,2,1.5197437405586243,1.42055943608284,1.6189280450344086
C,dirichlet,0.4|wd1.0,dirichlet_setups K10 E5 f1 dirichlet1 fedavg,cross,tw_pred_agree_te,2,0.5045138886198401,0.2567708329297602,0.7522569443099201
C,dirichlet,0.4|wd1.0,dirichlet_setups K10 E5 f1 dirichlet1 fedavg,cross,tw_twin_acc_te,2,50.451388865709305,25.677083298563957,75.22569443285465
C,dirichlet,0.4|wd1.0,dirichlet_setups K10 E5 f1 dirichlet1 fedavg,cross,tw_fed_acc_te,2,100.0,100.0,100.0
C,dirichlet,0.4|wd1.0,dirichlet_setups K10 E5 f1 dirichlet1 fedavg,cross,tw_cka_te,2,0.45306074896147086,0.43870491607580625,0.46741658184713547
C,dirichlet,0.4|wd1.0,dirichlet_setups K10 E5 f1 dirichlet1 fedavg,cross,tw_pred_agree_grid,2,0.7027083337306976,0.5540625005960464,0.8513541668653488
C,dirichlet,0.4|wd1.0,dirichlet_setups K10 E5 f1 dirichlet1 fedavg,cross,tw_irrep_same_dominant,2,0.0,0.0,0.0
C,dirichlet,0.4|wd1.0,dirichlet_setups K10 E5 f1 dirichlet1 fedavg,cross,tw_irrep_frac_cos,2,0.4647569319696521,0.37722130290929823,0.552292561030006
C,dirichlet,0.4|wd1.0,dirichlet_setups K10 E5 f1 dirichlet1 fedavg,end,tw_step_gap,3,0.0,0.0,0.0
C,dirichlet,0.4|wd1.0,dirichlet_setups K10 E5 f1 dirichlet1 fedavg,end,tw_rel_dist,3,1.3929897546768188,1.3552783727645874,1.3965700268745422
C,dirichlet,0.4|wd1.0,dirichlet_setups K10 E5 f1 dirichlet1 fedavg,end,tw_cos,3,-0.0002539241686463356,-0.0005942739662714303,0.00030805659480392933
C,dirichlet,0.4|wd1.0,dirichlet_setups K10 E5 f1 dirichlet1 fedavg,end,tw_first_rel_dist,3,1.7225979566574097,1.6736834645271301,1.7606534361839294
C,dirichlet,0.4|wd1.0,dirichlet_setups K10 E5 f1 dirichlet1 fedavg,end,tw_pred_agree_te,3,1.0,1.0,1.0
C,dirichlet,0.4|wd1.0,dirichlet_setups K10 E5 f1 dirichlet1 fedavg,end,tw_twin_acc_te,3,100.0,100.0,100.0
C,dirichlet,0.4|wd1.0,dirichlet_setups K10 E5 f1 dirichlet1 fedavg,end,tw_fed_acc_te,3,100.0,100.0,100.0
C,dirichlet,0.4|wd1.0,dirichlet_setups K10 E5 f1 dirichlet1 fedavg,end,tw_cka_te,3,0.2913003329686319,0.17254713991607426,0.47996936556049474
C,dirichlet,0.4|wd1.0,dirichlet_setups K10 E5 f1 dirichlet1 fedavg,end,tw_pred_agree_grid,3,1.0,1.0,1.0
C,dirichlet,0.4|wd1.0,dirichlet_setups K10 E5 f1 dirichlet1 fedavg,end,tw_irrep_same_dominant,3,0.0,0.0,0.5
C,dirichlet,0.4|wd1.0,dirichlet_setups K10 E5 f1 dirichlet1 fedavg,end,tw_irrep_frac_cos,3,0.6741506805859081,0.34201578121053616,0.8369363223810751
C,dirichlet,0.4|wd1.0,dirichlet_setups K10 E5 f1 dirichlet1 fedavg,first,tw_step_gap,3,0.0,0.0,0.0
C,dirichlet,0.4|wd1.0,dirichlet_setups K10 E5 f1 dirichlet1 fedavg,first,tw_rel_dist,3,1.2841482162475586,1.2764440774917603,1.389535903930664
C,dirichlet,0.4|wd1.0,dirichlet_setups K10 E5 f1 dirichlet1 fedavg,first,tw_cos,3,0.018702052533626556,0.018035332672297955,0.02224605716764927
C,dirichlet,0.4|wd1.0,dirichlet_setups K10 E5 f1 dirichlet1 fedavg,first,tw_first_rel_dist,3,1.3289207220077515,1.3251479268074036,1.5235165357589722
C,dirichlet,0.4|wd1.0,dirichlet_setups K10 E5 f1 dirichlet1 fedavg,first,tw_pred_agree_te,3,0.00902777723968029,0.008796296082437038,0.5045138886198401
C,dirichlet,0.4|wd1.0,dirichlet_setups K10 E5 f1 dirichlet1 fedavg,first,tw_twin_acc_te,3,0.9027777314186096,0.8796296119689941,50.451388865709305
C,dirichlet,0.4|wd1.0,dirichlet_setups K10 E5 f1 dirichlet1 fedavg,first,tw_fed_acc_te,3,100.0,100.0,100.0
C,dirichlet,0.4|wd1.0,dirichlet_setups K10 E5 f1 dirichlet1 fedavg,first,tw_cka_te,3,0.42434908319014164,0.39675822726542365,0.45306074896147086
C,dirichlet,0.4|wd1.0,dirichlet_setups K10 E5 f1 dirichlet1 fedavg,first,tw_pred_agree_grid,3,0.40541666746139526,0.4052777886390686,0.7027083337306976
C,dirichlet,0.4|wd1.0,dirichlet_setups K10 E5 f1 dirichlet1 fedavg,first,tw_irrep_same_dominant,3,0.0,0.0,0.0
C,dirichlet,0.4|wd1.0,dirichlet_setups K10 E5 f1 dirichlet1 fedavg,first,tw_irrep_frac_cos,3,0.41807947321501626,0.35388257353198027,0.5289538316526881
C,dirichlet,0.4|wd1.0,dirichlet_setups K10 E5 f1 dirichlet10 fedavg,cross,tw_step_gap,2,0.0,0.0,0.0
C,dirichlet,0.4|wd1.0,dirichlet_setups K10 E5 f1 dirichlet10 fedavg,cross,tw_rel_dist,2,1.4274898767471313,1.4264726638793945,1.4285070896148682
C,dirichlet,0.4|wd1.0,dirichlet_setups K10 E5 f1 dirichlet10 fedavg,cross,tw_cos,2,0.020802519284188747,0.017784102354198694,0.0238209362141788
C,dirichlet,0.4|wd1.0,dirichlet_setups K10 E5 f1 dirichlet10 fedavg,cross,tw_first_rel_dist,2,1.6244404315948486,1.588077425956726,1.6608034372329712
C,dirichlet,0.4|wd1.0,dirichlet_setups K10 E5 f1 dirichlet10 fedavg,cross,tw_pred_agree_te,2,0.5102430554106832,0.26536458311602473,0.7551215277053416
C,dirichlet,0.4|wd1.0,dirichlet_setups K10 E5 f1 dirichlet10 fedavg,cross,tw_twin_acc_te,2,50.42824074625969,25.642361119389534,75.21412037312984
C,dirichlet,0.4|wd1.0,dirichlet_setups K10 E5 f1 dirichlet10 fedavg,cross,tw_fed_acc_te,2,69.80324172973633,54.70486259460449,84.90162086486816
C,dirichlet,0.4|wd1.0,dirichlet_setups K10 E5 f1 dirichlet10 fedavg,cross,tw_cka_te,2,0.3257760635373505,0.22588943379061724,0.4256626932840838
C,dirichlet,0.4|wd1.0,dirichlet_setups K10 E5 f1 dirichlet10 fedavg,cross,tw_pred_agree_grid,2,0.7061458379030228,0.5592187568545341,0.8530729189515114
C,dirichlet,0.4|wd1.0,dirichlet_setups K10 E5 f1 dirichlet10 fedavg,cross,tw_irrep_same_dominant,2,0.0,0.0,0.0
C,dirichlet,0.4|wd1.0,dirichlet_setups K10 E5 f1 dirichlet10 fedavg,cross,tw_irrep_frac_cos,2,0.29289082883555967,0.15571001865307865,0.4300716390180407
C,dirichlet,0.4|wd1.0,dirichlet_setups K10 E5 f1 dirichlet10 fedavg,end,tw_step_gap,3,0.0,0.0,0.0
C,dirichlet,0.4|wd1.0,dirichlet_setups K10 E5 f1 dirichlet10 fedavg,end,tw_rel_dist,3,1.3667324781417847,1.3168560862541199,1.3673383593559265
C,dirichlet,0.4|wd1.0,dirichlet_setups K10 E5 f1 dirichlet10 fedavg,end,tw_cos,3,-0.0008946701418608427,-0.0018173413118347526,-0.00010722587467171252
C,dirichlet,0.4|wd1.0,dirichlet_setups K10 E5 f1 dirichlet10 fedavg,end,tw_first_rel_dist,3,1.6082663536071777,1.5802361965179443,1.6485089659690857
C,dirichlet,0.4|wd1.0,dirichlet_setups K10 E5 f1 dirichlet10 fedavg,end,tw_pred_agree_te,3,1.0,1.0,1.0
C,dirichlet,0.4|wd1.0,dirichlet_setups K10 E5 f1 dirichlet10 fedavg,end,tw_twin_acc_te,3,100.0,100.0,100.0
C,dirichlet,0.4|wd1.0,dirichlet_setups K10 E5 f1 dirichlet10 fedavg,end,tw_fed_acc_te,3,100.0,100.0,100.0
C,dirichlet,0.4|wd1.0,dirichlet_setups K10 E5 f1 dirichlet10 fedavg,end,tw_cka_te,3,0.07696264428660765,0.06572837756189803,0.28504555298734857
C,dirichlet,0.4|wd1.0,dirichlet_setups K10 E5 f1 dirichlet10 fedavg,end,tw_pred_agree_grid,3,1.0,1.0,1.0
C,dirichlet,0.4|wd1.0,dirichlet_setups K10 E5 f1 dirichlet10 fedavg,end,tw_irrep_same_dominant,3,0.0,0.0,0.0
C,dirichlet,0.4|wd1.0,dirichlet_setups K10 E5 f1 dirichlet10 fedavg,end,tw_irrep_frac_cos,3,0.015334370802908127,0.013153179185182887,0.017671738433010408
C,dirichlet,0.4|wd1.0,dirichlet_setups K10 E5 f1 dirichlet10 fedavg,first,tw_step_gap,3,0.0,0.0,0.0
C,dirichlet,0.4|wd1.0,dirichlet_setups K10 E5 f1 dirichlet10 fedavg,first,tw_rel_dist,3,1.4254554510116577,1.3340227603912354,1.4274898767471313
C,dirichlet,0.4|wd1.0,dirichlet_setups K10 E5 f1 dirichlet10 fedavg,first,tw_cos,3,0.019824344664812088,0.017295015044510365,0.02333184890449047
C,dirichlet,0.4|wd1.0,dirichlet_setups K10 E5 f1 dirichlet10 fedavg,first,tw_first_rel_dist,3,1.5517144203186035,1.4197673201560974,1.6244404315948486
C,dirichlet,0.4|wd1.0,dirichlet_setups K10 E5 f1 dirichlet10 fedavg,first,tw_pred_agree_te,3,0.02048611082136631,0.0147569440305233,0.5102430554106832
C,dirichlet,0.4|wd1.0,dirichlet_setups K10 E5 f1 dirichlet10 fedavg,first,tw_twin_acc_te,3,0.9027777314186096,0.8796296119689941,50.451388865709305
C,dirichlet,0.4|wd1.0,dirichlet_setups K10 E5 f1 dirichlet10 fedavg,first,tw_fed_acc_te,3,100.0,69.80324172973633,100.0
C,dirichlet,0.4|wd1.0,dirichlet_setups K10 E5 f1 dirichlet10 fedavg,first,tw_cka_te,3,0.3090318295518369,0.21751731679786043,0.41729057629132693
C,dirichlet,0.4|wd1.0,dirichlet_setups K10 E5 f1 dirichlet10 fedavg,first,tw_pred_agree_grid,3,0.41229167580604553,0.4088541716337204,0.7061458379030228
C,dirichlet,0.4|wd1.0,dirichlet_setups K10 E5 f1 dirichlet10 fedavg,first,tw_irrep_same_dominant,3,0.0,0.0,0.0
C,dirichlet,0.4|wd1.0,dirichlet_setups K10 E5 f1 dirichlet10 fedavg,first,tw_irrep_frac_cos,3,0.2898193271697824,0.15417426782019003,0.42853588818515204
C,dirichlet,0.4|wd1.0,dirichlet_setups K10 E5 f1 dirichlet1000 fedavg,cross,tw_step_gap,1,0.0,0.0,0.0
C,dirichlet,0.4|wd1.0,dirichlet_setups K10 E5 f1 dirichlet1000 fedavg,cross,tw_rel_dist,1,1.482204556465149,1.482204556465149,1.482204556465149
C,dirichlet,0.4|wd1.0,dirichlet_setups K10 E5 f1 dirichlet1000 fedavg,cross,tw_cos,1,0.03940248116850853,0.03940248116850853,0.03940248116850853
C,dirichlet,0.4|wd1.0,dirichlet_setups K10 E5 f1 dirichlet1000 fedavg,cross,tw_first_rel_dist,1,1.565699815750122,1.565699815750122,1.565699815750122
C,dirichlet,0.4|wd1.0,dirichlet_setups K10 E5 f1 dirichlet1000 fedavg,cross,tw_pred_agree_te,1,0.062268517911434174,0.062268517911434174,0.062268517911434174
C,dirichlet,0.4|wd1.0,dirichlet_setups K10 E5 f1 dirichlet1000 fedavg,cross,tw_twin_acc_te,1,0.9027777314186096,0.9027777314186096,0.9027777314186096
C,dirichlet,0.4|wd1.0,dirichlet_setups K10 E5 f1 dirichlet1000 fedavg,cross,tw_fed_acc_te,1,0.5902777910232544,0.5902777910232544,0.5902777910232544
C,dirichlet,0.4|wd1.0,dirichlet_setups K10 E5 f1 dirichlet1000 fedavg,cross,tw_cka_te,1,0.7344503597418344,0.7344503597418344,0.7344503597418344
C,dirichlet,0.4|wd1.0,dirichlet_setups K10 E5 f1 dirichlet1000 fedavg,cross,tw_pred_agree_grid,1,0.43729168176651,0.43729168176651,0.43729168176651
C,dirichlet,0.4|wd1.0,dirichlet_setups K10 E5 f1 dirichlet1000 fedavg,cross,tw_irrep_same_dominant,1,1.0,1.0,1.0
C,dirichlet,0.4|wd1.0,dirichlet_setups K10 E5 f1 dirichlet1000 fedavg,cross,tw_irrep_frac_cos,1,0.9954713288276316,0.9954713288276316,0.9954713288276316
C,dirichlet,0.4|wd1.0,dirichlet_setups K10 E5 f1 dirichlet1000 fedavg,end,tw_step_gap,3,0.0,0.0,0.0
C,dirichlet,0.4|wd1.0,dirichlet_setups K10 E5 f1 dirichlet1000 fedavg,end,tw_rel_dist,3,1.3497166633605957,1.3488656878471375,1.3769126534461975
C,dirichlet,0.4|wd1.0,dirichlet_setups K10 E5 f1 dirichlet1000 fedavg,end,tw_cos,3,-0.0015484237810596824,-0.0015521134482696652,-0.0003309151215944439
C,dirichlet,0.4|wd1.0,dirichlet_setups K10 E5 f1 dirichlet1000 fedavg,end,tw_first_rel_dist,3,1.7369502782821655,1.5888475179672241,1.7492039203643799
C,dirichlet,0.4|wd1.0,dirichlet_setups K10 E5 f1 dirichlet1000 fedavg,end,tw_pred_agree_te,3,1.0,1.0,1.0
C,dirichlet,0.4|wd1.0,dirichlet_setups K10 E5 f1 dirichlet1000 fedavg,end,tw_twin_acc_te,3,100.0,100.0,100.0
C,dirichlet,0.4|wd1.0,dirichlet_setups K10 E5 f1 dirichlet1000 fedavg,end,tw_fed_acc_te,3,100.0,100.0,100.0
C,dirichlet,0.4|wd1.0,dirichlet_setups K10 E5 f1 dirichlet1000 fedavg,end,tw_cka_te,3,0.4491695895948215,0.4203357987724714,0.5748003583139104
C,dirichlet,0.4|wd1.0,dirichlet_setups K10 E5 f1 dirichlet1000 fedavg,end,tw_pred_agree_grid,3,1.0,1.0,1.0
C,dirichlet,0.4|wd1.0,dirichlet_setups K10 E5 f1 dirichlet1000 fedavg,end,tw_irrep_same_dominant,3,1.0,1.0,1.0
C,dirichlet,0.4|wd1.0,dirichlet_setups K10 E5 f1 dirichlet1000 fedavg,end,tw_irrep_frac_cos,3,0.99974218490869,0.9985161214085555,0.9998249789870497
C,dirichlet,0.4|wd1.0,dirichlet_setups K10 E5 f1 dirichlet1000 fedavg,first,tw_step_gap,3,0.0,0.0,0.0
C,dirichlet,0.4|wd1.0,dirichlet_setups K10 E5 f1 dirichlet1000 fedavg,first,tw_rel_dist,3,1.4443767070770264,1.3516340255737305,1.4632906317710876
C,dirichlet,0.4|wd1.0,dirichlet_setups K10 E5 f1 dirichlet1000 fedavg,first,tw_cos,3,0.03940248116850853,0.031051110476255417,0.04433969594538212
C,dirichlet,0.4|wd1.0,dirichlet_setups K10 E5 f1 dirichlet1000 fedavg,first,tw_first_rel_dist,3,1.565699815750122,1.429074227809906,1.5822678208351135
C,dirichlet,0.4|wd1.0,dirichlet_setups K10 E5 f1 dirichlet1000 fedavg,first,tw_pred_agree_te,3,0.062268517911434174,0.03541666641831398,0.5311342589557171
C,dirichlet,0.4|wd1.0,dirichlet_setups K10 E5 f1 dirichlet1000 fedavg,first,tw_twin_acc_te,3,0.9027777314186096,0.8796296119689941,50.451388865709305
C,dirichlet,0.4|wd1.0,dirichlet_setups K10 E5 f1 dirichlet1000 fedavg,first,tw_fed_acc_te,3,100.0,50.29513889551163,100.0
C,dirichlet,0.4|wd1.0,dirichlet_setups K10 E5 f1 dirichlet1000 fedavg,first,tw_cka_te,3,0.5745873050822389,0.4949786180288488,0.6545188324120366
C,dirichlet,0.4|wd1.0,dirichlet_setups K10 E5 f1 dirichlet1000 fedavg,first,tw_pred_agree_grid,3,0.43729168176651,0.421215295791626,0.718645840883255
C,dirichlet,0.4|wd1.0,dirichlet_setups K10 E5 f1 dirichlet1000 fedavg,first,tw_irrep_same_dominant,3,1.0,0.5,1.0
C,dirichlet,0.4|wd1.0,dirichlet_setups K10 E5 f1 dirichlet1000 fedavg,first,tw_irrep_frac_cos,3,0.9954713288276316,0.7082867231751326,0.9976563784991377
C,partition,0.4|wd1.0,partitions K10 E5 f1 dirichlet0.5 fedavg,cross,tw_step_gap,2,0.0,0.0,0.0
C,partition,0.4|wd1.0,partitions K10 E5 f1 dirichlet0.5 fedavg,cross,tw_rel_dist,2,1.4699012637138367,1.4414261877536774,1.498376339673996
C,partition,0.4|wd1.0,partitions K10 E5 f1 dirichlet0.5 fedavg,cross,tw_cos,2,0.018534056842327118,0.016521169804036617,0.02054694388061762
C,partition,0.4|wd1.0,partitions K10 E5 f1 dirichlet0.5 fedavg,cross,tw_first_rel_dist,2,1.5558550953865051,1.5179722607135773,1.593737930059433
C,partition,0.4|wd1.0,partitions K10 E5 f1 dirichlet0.5 fedavg,cross,tw_pred_agree_te,2,0.5042245369404554,0.25633680541068316,0.7521122684702277
C,partition,0.4|wd1.0,partitions K10 E5 f1 dirichlet0.5 fedavg,cross,tw_twin_acc_te,2,50.42824074625969,25.642361119389534,75.21412037312984
C,partition,0.4|wd1.0,partitions K10 E5 f1 dirichlet0.5 fedavg,cross,tw_fed_acc_te,2,95.24884033203125,92.87326049804688,97.62442016601562
C,partition,0.4|wd1.0,partitions K10 E5 f1 dirichlet0.5 fedavg,cross,tw_cka_te,2,0.3484331604833145,0.189083187149567,0.507783133817062
C,partition,0.4|wd1.0,partitions K10 E5 f1 dirichlet0.5 fedavg,cross,tw_pred_agree_grid,2,0.7025347203016281,0.5538020804524422,0.8512673601508141
C,partition,0.4|wd1.0,partitions K10 E5 f1 dirichlet0.5 fedavg,cross,tw_irrep_same_dominant,2,0.0,0.0,0.0
C,partition,0.4|wd1.0,partitions K10 E5 f1 dirichlet0.5 fedavg,cross,tw_irrep_frac_cos,2,0.2902019496064885,0.1545140010751637,0.42588989813781325
C,partition,0.4|wd1.0,partitions K10 E5 f1 dirichlet0.5 fedavg,end,tw_step_gap,3,0.0,0.0,0.0
C,partition,0.4|wd1.0,partitions K10 E5 f1 dirichlet0.5 fedavg,end,tw_rel_dist,3,1.3735852241516113,1.307420551776886,1.5078235268592834
C,partition,0.4|wd1.0,partitions K10 E5 f1 dirichlet0.5 fedavg,end,tw_cos,3,-0.0010564520489424467,-0.0015456198016181588,0.0010158292716369033
C,partition,0.4|wd1.0,partitions K10 E5 f1 dirichlet0.5 fedavg,end,tw_first_rel_dist,3,1.7395297288894653,1.6134274005889893,2.0058844685554504
C,partition,0.4|wd1.0,partitions K10 E5 f1 dirichlet0.5 fedavg,end,tw_pred_agree_te,3,1.0,0.9993634223937988,1.0
C,partition,0.4|wd1.0,partitions K10 E5 f1 dirichlet0.5 fedavg,end,tw_twin_acc_te,3,100.0,100.0,100.0
C,partition,0.4|wd1.0,partitions K10 E5 f1 dirichlet0.5 fedavg,end,tw_fed_acc_te,3,100.0,99.93634033203125,100.0
C,partition,0.4|wd1.0,partitions K10 E5 f1 dirichlet0.5 fedavg,end,tw_cka_te,3,0.15072997944782943,0.12342501920096344,0.284075747914215
C,partition,0.4|wd1.0,partitions K10 E5 f1 dirichlet0.5 fedavg,end,tw_pred_agree_grid,3,1.0,0.9996180534362793,1.0
C,partition,0.4|wd1.0,partitions K10 E5 f1 dirichlet0.5 fedavg,end,tw_irrep_same_dominant,3,1.0,0.5,1.0
C,partition,0.4|wd1.0,partitions K10 E5 f1 dirichlet0.5 fedavg,end,tw_irrep_frac_cos,3,0.929148583162474,0.47269621495423175,0.9632334790748609
C,partition,0.4|wd1.0,partitions K10 E5 f1 dirichlet0.5 fedavg,first,tw_step_gap,3,0.0,0.0,0.0
C,partition,0.4|wd1.0,partitions K10 E5 f1 dirichlet0.5 fedavg,first,tw_rel_dist,3,1.412951111793518,1.3307543396949768,1.4699012637138367
C,partition,0.4|wd1.0,partitions K10 E5 f1 dirichlet0.5 fedavg,first,tw_cos,3,0.014508282765746117,0.014290986116975546,0.018534056842327118
C,partition,0.4|wd1.0,partitions K10 E5 f1 dirichlet0.5 fedavg,first,tw_first_rel_dist,3,1.4800894260406494,1.3979366421699524,1.5558550953865051
C,partition,0.4|wd1.0,partitions K10 E5 f1 dirichlet0.5 fedavg,first,tw_pred_agree_te,3,0.00902777723968029,0.008738425560295582,0.5045138886198401
C,partition,0.4|wd1.0,partitions K10 E5 f1 dirichlet0.5 fedavg,first,tw_twin_acc_te,3,0.9027777314186096,0.8796296119689941,50.451388865709305
C,partition,0.4|wd1.0,partitions K10 E5 f1 dirichlet0.5 fedavg,first,tw_fed_acc_te,3,100.0,95.24884033203125,100.0
C,partition,0.4|wd1.0,partitions K10 E5 f1 dirichlet0.5 fedavg,first,tw_cka_te,3,0.08140587903680899,0.05556954642631425,0.37426949309380925
C,partition,0.4|wd1.0,partitions K10 E5 f1 dirichlet0.5 fedavg,first,tw_pred_agree_grid,3,0.40541666746139526,0.40524305403232574,0.7027083337306976
C,partition,0.4|wd1.0,partitions K10 E5 f1 dirichlet0.5 fedavg,first,tw_irrep_same_dominant,3,0.0,0.0,0.5
C,partition,0.4|wd1.0,partitions K10 E5 f1 dirichlet0.5 fedavg,first,tw_irrep_frac_cos,3,0.561577846669138,0.2902019496064885,0.6175245685420978
C,partition,0.4|wd1.0,partitions K10 E5 f1 operand fedavg,cross,tw_step_gap,1,0.0,0.0,0.0
C,partition,0.4|wd1.0,partitions K10 E5 f1 operand fedavg,cross,tw_rel_dist,1,1.2463775873184204,1.2463775873184204,1.2463775873184204
C,partition,0.4|wd1.0,partitions K10 E5 f1 operand fedavg,cross,tw_cos,1,0.007595151197165251,0.007595151197165251,0.007595151197165251
C,partition,0.4|wd1.0,partitions K10 E5 f1 operand fedavg,cross,tw_first_rel_dist,1,1.2006949186325073,1.2006949186325073,1.2006949186325073
C,partition,0.4|wd1.0,partitions K10 E5 f1 operand fedavg,cross,tw_pred_agree_te,1,0.008564814925193787,0.008564814925193787,0.008564814925193787
C,partition,0.4|wd1.0,partitions K10 E5 f1 operand fedavg,cross,tw_twin_acc_te,1,0.8564814925193787,0.8564814925193787,0.8564814925193787
C,partition,0.4|wd1.0,partitions K10 E5 f1 operand fedavg,cross,tw_fed_acc_te,1,100.0,100.0,100.0
C,partition,0.4|wd1.0,partitions K10 E5 f1 operand fedavg,cross,tw_cka_te,1,0.00715336372709967,0.00715336372709967,0.00715336372709967
C,partition,0.4|wd1.0,partitions K10 E5 f1 operand fedavg,cross,tw_pred_agree_grid,1,0.40513890981674194,0.40513890981674194,0.40513890981674194
C,partition,0.4|wd1.0,partitions K10 E5 f1 operand fedavg,cross,tw_irrep_same_dominant,1,0.0,0.0,0.0
C,partition,0.4|wd1.0,partitions K10 E5 f1 operand fedavg,cross,tw_irrep_frac_cos,1,0.3527310534782465,0.3527310534782465,0.3527310534782465
C,partition,0.4|wd1.0,partitions K10 E5 f1 operand fedavg,end,tw_step_gap,3,0.0,0.0,0.0
C,partition,0.4|wd1.0,partitions K10 E5 f1 operand fedavg,end,tw_rel_dist,3,1.3055957555770874,1.2743377089500427,1.3077176213264465
C,partition,0.4|wd1.0,partitions K10 E5 f1 operand fedavg,end,tw_cos,3,-0.0002729376719798893,-0.0004919320199405774,0.0010156102507608011
C,partition,0.4|wd1.0,partitions K10 E5 f1 operand fedavg,end,tw_first_rel_dist,3,1.3818238973617554,1.3316771984100342,1.3862812519073486
C,partition,0.4|wd1.0,partitions K10 E5 f1 operand fedavg,end,tw_pred_agree_te,3,1.0,1.0,1.0
C,partition,0.4|wd1.0,partitions K10 E5 f1 operand fedavg,end,tw_twin_acc_te,3,100.0,100.0,100.0
C,partition,0.4|wd1.0,partitions K10 E5 f1 operand fedavg,end,tw_fed_acc_te,3,100.0,100.0,100.0
C,partition,0.4|wd1.0,partitions K10 E5 f1 operand fedavg,end,tw_cka_te,3,0.0010904026296332202,0.0008748053652200432,0.12343261694987294
C,partition,0.4|wd1.0,partitions K10 E5 f1 operand fedavg,end,tw_pred_agree_grid,3,1.0,1.0,1.0
C,partition,0.4|wd1.0,partitions K10 E5 f1 operand fedavg,end,tw_irrep_same_dominant,3,0.0,0.0,0.5
C,partition,0.4|wd1.0,partitions K10 E5 f1 operand fedavg,end,tw_irrep_frac_cos,3,0.008311534602523395,0.007658735391656943,0.5028062686611876
C,partition,0.4|wd1.0,partitions K10 E5 f1 operand fedavg,first,tw_step_gap,3,0.0,0.0,0.0
C,partition,0.4|wd1.0,partitions K10 E5 f1 operand fedavg,first,tw_rel_dist,3,1.2463775873184204,1.2320770025253296,1.3099321126937866
C,partition,0.4|wd1.0,partitions K10 E5 f1 operand fedavg,first,tw_cos,3,0.007595151197165251,0.005686347605660558,0.011375633301213384
C,partition,0.4|wd1.0,partitions K10 E5 f1 operand fedavg,first,tw_first_rel_dist,3,1.2006949186325073,1.1724332571029663,1.2784834504127502
C,partition,0.4|wd1.0,partitions K10 E5 f1 operand fedavg,first,tw_pred_agree_te,3,0.00902777723968029,0.008796296082437038,0.5045138886198401
C,partition,0.4|wd1.0,partitions K10 E5 f1 operand fedavg,first,tw_twin_acc_te,3,0.9027777314186096,0.8796296119689941,50.451388865709305
C,partition,0.4|wd1.0,partitions K10 E5 f1 operand fedavg,first,tw_fed_acc_te,3,100.0,100.0,100.0
C,partition,0.4|wd1.0,partitions K10 E5 f1 operand fedavg,first,tw_cka_te,3,0.00715336372709967,0.0038165255634494675,0.016476324000068373
C,partition,0.4|wd1.0,partitions K10 E5 f1 operand fedavg,first,tw_pred_agree_grid,3,0.40541666746139526,0.4052777886390686,0.7027083337306976
C,partition,0.4|wd1.0,partitions K10 E5 f1 operand fedavg,first,tw_irrep_same_dominant,3,0.0,0.0,0.5
C,partition,0.4|wd1.0,partitions K10 E5 f1 operand fedavg,first,tw_irrep_frac_cos,3,0.3527310534782465,0.1804624498638689,0.5119283226603404
C,partition,0.4|wd1.0,partitions K10 E5 f1 target fedavg,end,tw_step_gap,3,0.0,0.0,0.0
C,partition,0.4|wd1.0,partitions K10 E5 f1 target fedavg,end,tw_rel_dist,3,1.6157547235488892,1.4856180548667908,1.6489161849021912
C,partition,0.4|wd1.0,partitions K10 E5 f1 target fedavg,end,tw_cos,3,0.0005960594862699509,-0.0002509795012883842,0.0014990444760769606
C,partition,0.4|wd1.0,partitions K10 E5 f1 target fedavg,end,tw_first_rel_dist,3,1.2700347900390625,1.26169753074646,1.5025041103363037
C,partition,0.4|wd1.0,partitions K10 E5 f1 target fedavg,end,tw_pred_agree_te,3,0.109375,0.10896990820765495,0.2457175850868225
C,partition,0.4|wd1.0,partitions K10 E5 f1 target fedavg,end,tw_twin_acc_te,3,100.0,100.0,100.0
C,partition,0.4|wd1.0,partitions K10 E5 f1 target fedavg,end,tw_fed_acc_te,3,10.9375,10.896990776062012,24.571758270263672
C,partition,0.4|wd1.0,partitions K10 E5 f1 target fedavg,end,tw_cka_te,3,0.26873937256345826,0.23921507297080052,0.2712422568228706
C,partition,0.4|wd1.0,partitions K10 E5 f1 target fedavg,end,tw_pred_agree_grid,3,0.11895833909511566,0.1179513931274414,0.2610069587826729
C,partition,0.4|wd1.0,partitions K10 E5 f1 target fedavg,end,tw_irrep_same_dominant,3,1.0,0.5,1.0
C,partition,0.4|wd1.0,partitions K10 E5 f1 target fedavg,end,tw_irrep_frac_cos,3,0.9672009271365348,0.5213358909459993,0.9823392070035182
C,partition,0.4|wd1.0,partitions K10 E5 f1 target fedavg,first,tw_step_gap,3,0.0,0.0,0.0
C,partition,0.4|wd1.0,partitions K10 E5 f1 target fedavg,first,tw_rel_dist,3,1.6572452783584595,1.4908537864685059,1.733385145664215
C,partition,0.4|wd1.0,partitions K10 E5 f1 target fedavg,first,tw_cos,3,0.010811088606715202,0.006137080141343176,0.011611958034336567
C,partition,0.4|wd1.0,partitions K10 E5 f1 target fedavg,first,tw_first_rel_dist,3,1.4325635433197021,1.2778272032737732,1.462313175201416
C,partition,0.4|wd1.0,partitions K10 E5 f1 target fedavg,first,tw_pred_agree_te,3,0.01354166679084301,0.012152777519077063,0.07285879459232092
C,partition,0.4|wd1.0,partitions K10 E5 f1 target fedavg,first,tw_twin_acc_te,3,0.9027777314186096,0.8796296119689941,50.451388865709305
C,partition,0.4|wd1.0,partitions K10 E5 f1 target fedavg,first,tw_fed_acc_te,3,13.217592239379883,11.099536895751953,22.505786895751953
C,partition,0.4|wd1.0,partitions K10 E5 f1 target fedavg,first,tw_cka_te,3,0.3811226825640816,0.21135139240578862,0.6256852744173924
C,partition,0.4|wd1.0,partitions K10 E5 f1 target fedavg,first,tw_pred_agree_grid,3,0.14548611640930176,0.0956250037997961,0.15534722805023193
C,partition,0.4|wd1.0,partitions K10 E5 f1 target fedavg,first,tw_irrep_same_dominant,3,0.0,0.0,0.5
C,partition,0.4|wd1.0,partitions K10 E5 f1 target fedavg,first,tw_irrep_frac_cos,3,0.6416018442634008,0.34771710914535325,0.6551441638963178
C,partition,0.4|wd1.0,partitions K5 E5 f1 coset fedavg,end,tw_step_gap,3,0.0,0.0,0.0
C,partition,0.4|wd1.0,partitions K5 E5 f1 coset fedavg,end,tw_rel_dist,3,1.3591935634613037,1.2910850048065186,1.3818221688270569
C,partition,0.4|wd1.0,partitions K5 E5 f1 coset fedavg,end,tw_cos,3,0.0013909321278333664,0.0012686628615483642,0.001704349066130817
C,partition,0.4|wd1.0,partitions K5 E5 f1 coset fedavg,end,tw_first_rel_dist,3,1.5349355936050415,1.4564142227172852,1.6240507364273071
C,partition,0.4|wd1.0,partitions K5 E5 f1 coset fedavg,end,tw_pred_agree_te,3,1.0,1.0,1.0
C,partition,0.4|wd1.0,partitions K5 E5 f1 coset fedavg,end,tw_twin_acc_te,3,100.0,100.0,100.0
C,partition,0.4|wd1.0,partitions K5 E5 f1 coset fedavg,end,tw_fed_acc_te,3,100.0,100.0,100.0
C,partition,0.4|wd1.0,partitions K5 E5 f1 coset fedavg,end,tw_cka_te,3,0.0007720039269686875,0.000704403313287365,0.18150201505930322
C,partition,0.4|wd1.0,partitions K5 E5 f1 coset fedavg,end,tw_pred_agree_grid,3,1.0,1.0,1.0
C,partition,0.4|wd1.0,partitions K5 E5 f1 coset fedavg,end,tw_irrep_same_dominant,3,0.0,0.0,0.5
C,partition,0.4|wd1.0,partitions K5 E5 f1 coset fedavg,end,tw_irrep_frac_cos,3,0.007343765436181216,0.006421729264509447,0.502038731970047
C,partition,0.4|wd1.0,partitions K5 E5 f1 coset fedavg,first,tw_step_gap,3,0.0,0.0,0.0
C,partition,0.4|wd1.0,partitions K5 E5 f1 coset fedavg,first,tw_rel_dist,3,1.2634806632995605,1.2498268485069275,1.314399242401123
C,partition,0.4|wd1.0,partitions K5 E5 f1 coset fedavg,first,tw_cos,3,0.008642412722110748,0.004707699583377689,0.010695537086576223
C,partition,0.4|wd1.0,partitions K5 E5 f1 coset fedavg,first,tw_first_rel_dist,3,1.2871840000152588,1.2561618089675903,1.3494255542755127
C,partition,0.4|wd1.0,partitions K5 E5 f1 coset fedavg,first,tw_pred_agree_te,3,0.00902777723968029,0.008796296082437038,0.5045138886198401
C,partition,0.4|wd1.0,partitions K5 E5 f1 coset fedavg,first,tw_twin_acc_te,3,0.9027777314186096,0.8796296119689941,50.451388865709305
C,partition,0.4|wd1.0,partitions K5 E5 f1 coset fedavg,first,tw_fed_acc_te,3,100.0,100.0,100.0
C,partition,0.4|wd1.0,partitions K5 E5 f1 coset fedavg,first,tw_cka_te,3,0.010363310452919538,0.005450639027530822,0.012863882994652253
C,partition,0.4|wd1.0,partitions K5 E5 f1 coset fedavg,first,tw_pred_agree_grid,3,0.40541666746139526,0.4052777886390686,0.7027083337306976
C,partition,0.4|wd1.0,partitions K5 E5 f1 coset fedavg,first,tw_irrep_same_dominant,3,0.0,0.0,0.0
C,partition,0.4|wd1.0,partitions K5 E5 f1 coset fedavg,first,tw_irrep_frac_cos,3,0.28687375253464165,0.1477373070756359,0.35031623220558905
C,partition,0.4|wd1.0,partitions K50 E5 f1 dirichlet0.5 fedavg,cross,tw_step_gap,1,0.0,0.0,0.0
C,partition,0.4|wd1.0,partitions K50 E5 f1 dirichlet0.5 fedavg,cross,tw_rel_dist,1,1.7730199098587036,1.7730199098587036,1.7730199098587036
C,partition,0.4|wd1.0,partitions K50 E5 f1 dirichlet0.5 fedavg,cross,tw_cos,1,0.0006508023361675441,0.0006508023361675441,0.0006508023361675441
C,partition,0.4|wd1.0,partitions K50 E5 f1 dirichlet0.5 fedavg,cross,tw_first_rel_dist,1,1.5188781023025513,1.5188781023025513,1.5188781023025513
C,partition,0.4|wd1.0,partitions K50 E5 f1 dirichlet0.5 fedavg,cross,tw_pred_agree_te,1,0.8003472089767456,0.8003472089767456,0.8003472089767456
C,partition,0.4|wd1.0,partitions K50 E5 f1 dirichlet0.5 fedavg,cross,tw_twin_acc_te,1,100.0,100.0,100.0
C,partition,0.4|wd1.0,partitions K50 E5 f1 dirichlet0.5 fedavg,cross,tw_fed_acc_te,1,80.03472137451172,80.03472137451172,80.03472137451172
C,partition,0.4|wd1.0,partitions K50 E5 f1 dirichlet0.5 fedavg,cross,tw_cka_te,1,0.002516255808827611,0.002516255808827611,0.002516255808827611
C,partition,0.4|wd1.0,partitions K50 E5 f1 dirichlet0.5 fedavg,cross,tw_pred_agree_grid,1,0.8315972685813904,0.8315972685813904,0.8315972685813904
C,partition,0.4|wd1.0,partitions K50 E5 f1 dirichlet0.5 fedavg,cross,tw_irrep_same_dominant,1,0.0,0.0,0.0
C,partition,0.4|wd1.0,partitions K50 E5 f1 dirichlet0.5 fedavg,cross,tw_irrep_frac_cos,1,0.01810856827621314,0.01810856827621314,0.01810856827621314
C,partition,0.4|wd1.0,partitions K50 E5 f1 dirichlet0.5 fedavg,end,tw_step_gap,3,0.0,0.0,0.0
C,partition,0.4|wd1.0,partitions K50 E5 f1 dirichlet0.5 fedavg,end,tw_rel_dist,3,1.579771637916565,1.5558499097824097,1.7118912935256958
C,partition,0.4|wd1.0,partitions K50 E5 f1 dirichlet0.5 fedavg,end,tw_cos,3,0.00036332907620817423,-0.00011269748210906982,0.0006094259733799845
C,partition,0.4|wd1.0,partitions K50 E5 f1 dirichlet0.5 fedavg,end,tw_first_rel_dist,3,1.3692909479141235,1.3314846754074097,1.4697588086128235
C,partition,0.4|wd1.0,partitions K50 E5 f1 dirichlet0.5 fedavg,end,tw_pred_agree_te,3,0.24629628658294678,0.2099536955356598,0.4973958134651184
C,partition,0.4|wd1.0,partitions K50 E5 f1 dirichlet0.5 fedavg,end,tw_twin_acc_te,3,100.0,100.0,100.0
C,partition,0.4|wd1.0,partitions K50 E5 f1 dirichlet0.5 fedavg,end,tw_fed_acc_te,3,24.629629135131836,20.995369911193848,49.73958110809326
C,partition,0.4|wd1.0,partitions K50 E5 f1 dirichlet0.5 fedavg,end,tw_cka_te,3,0.0009628132741599758,0.0008198726617189999,0.001484720844917942
C,partition,0.4|wd1.0,partitions K50 E5 f1 dirichlet0.5 fedavg,end,tw_pred_agree_grid,3,0.3350694477558136,0.3051736205816269,0.5615278035402298
C,partition,0.4|wd1.0,partitions K50 E5 f1 dirichlet0.5 fedavg,end,tw_irrep_same_dominant,3,0.0,0.0,0.0
C,partition,0.4|wd1.0,partitions K50 E5 f1 dirichlet0.5 fedavg,end,tw_irrep_frac_cos,3,0.055580377309585885,0.03665174245734296,0.0596443944387897
C,partition,0.4|wd1.0,partitions K50 E5 f1 dirichlet0.5 fedavg,first,tw_step_gap,3,0.0,0.0,0.0
C,partition,0.4|wd1.0,partitions K50 E5 f1 dirichlet0.5 fedavg,first,tw_rel_dist,3,1.6513923406600952,1.6397101879119873,1.6673972010612488
C,partition,0.4|wd1.0,partitions K50 E5 f1 dirichlet0.5 fedavg,first,tw_cos,3,0.0064634899608790874,0.005238967249169946,0.010460431920364499
C,partition,0.4|wd1.0,partitions K50 E5 f1 dirichlet0.5 fedavg,first,tw_first_rel_dist,3,1.1430902481079102,1.0895695090293884,1.1848148107528687
C,partition,0.4|wd1.0,partitions K50 E5 f1 dirichlet0.5 fedavg,first,tw_pred_agree_te,3,0.012500000186264515,0.009664351819083095,0.13287036726251245
C,partition,0.4|wd1.0,partitions K50 E5 f1 dirichlet0.5 fedavg,first,tw_twin_acc_te,3,0.9027777314186096,0.8796296119689941,50.451388865709305
C,partition,0.4|wd1.0,partitions K50 E5 f1 dirichlet0.5 fedavg,first,tw_fed_acc_te,3,25.324073791503906,16.371527433395386,27.858795166015625
C,partition,0.4|wd1.0,partitions K50 E5 f1 dirichlet0.5 fedavg,first,tw_cka_te,3,0.006200113780651189,0.003487917122771266,0.012256195414049547
C,partition,0.4|wd1.0,partitions K50 E5 f1 dirichlet0.5 fedavg,first,tw_pred_agree_grid,3,0.18548612296581268,0.13572917506098747,0.26565972715616226
C,partition,0.4|wd1.0,partitions K50 E5 f1 dirichlet0.5 fedavg,first,tw_irrep_same_dominant,3,0.0,0.0,0.5
C,partition,0.4|wd1.0,partitions K50 E5 f1 dirichlet0.5 fedavg,first,tw_irrep_frac_cos,3,0.2666358760297139,0.168128574517959,0.549442868162319
C,partition,0.4|wd1.0,partitions K50 E5 f1 operand fedavg,end,tw_step_gap,3,0.0,0.0,0.0
C,partition,0.4|wd1.0,partitions K50 E5 f1 operand fedavg,end,tw_rel_dist,3,1.8703035116195679,1.7150058150291443,1.923717975616455
C,partition,0.4|wd1.0,partitions K50 E5 f1 operand fedavg,end,tw_cos,3,-0.0006274608313106,-0.000847876159241423,0.00016105789109133184
C,partition,0.4|wd1.0,partitions K50 E5 f1 operand fedavg,end,tw_first_rel_dist,3,1.442836046218872,1.3526273965835571,1.5063680410385132
C,partition,0.4|wd1.0,partitions K50 E5 f1 operand fedavg,end,tw_pred_agree_te,3,0.00138888880610466,0.0012731481110677123,0.0017939814133569598
C,partition,0.4|wd1.0,partitions K50 E5 f1 operand fedavg,end,tw_twin_acc_te,3,100.0,100.0,100.0
C,partition,0.4|wd1.0,partitions K50 E5 f1 operand fedavg,end,tw_fed_acc_te,3,0.138888880610466,0.12731480970978737,0.17939814180135727
C,partition,0.4|wd1.0,partitions K50 E5 f1 operand fedavg,end,tw_cka_te,3,0.003037054261241521,0.0029372751441058445,0.0039107234704341565
C,partition,0.4|wd1.0,partitions K50 E5 f1 operand fedavg,end,tw_pred_agree_grid,3,0.04972222447395325,0.046041667461395264,0.0501041691750288
C,partition,0.4|wd1.0,partitions K50 E5 f1 operand fedavg,end,tw_irrep_same_dominant,3,0.0,0.0,0.0
C,partition,0.4|wd1.0,partitions K50 E5 f1 operand fedavg,end,tw_irrep_frac_cos,3,0.3816567428949803,0.3347658916799736,0.3909047267846204
C,partition,0.4|wd1.0,partitions K50 E5 f1 operand fedavg,first,tw_step_gap,3,0.0,0.0,0.0
C,partition,0.4|wd1.0,partitions K50 E5 f1 operand fedavg,first,tw_rel_dist,3,1.4823051691055298,1.4722359776496887,1.6181846261024475
C,partition,0.4|wd1.0,partitions K50 E5 f1 operand fedavg,first,tw_cos,3,0.012269318103790283,0.010657174047082663,0.015596597455441952
C,partition,0.4|wd1.0,partitions K50 E5 f1 operand fedavg,first,tw_first_rel_dist,3,1.1352145671844482,1.1351898908615112,1.1948394179344177
C,partition,0.4|wd1.0,partitions K50 E5 f1 operand fedavg,first,tw_pred_agree_te,3,0.014351851306855679,0.007638888608198613,0.01591435121372342
C,partition,0.4|wd1.0,partitions K50 E5 f1 operand fedavg,first,tw_twin_acc_te,3,0.9027777314186096,0.8796296119689941,50.451388865709305
C,partition,0.4|wd1.0,partitions K50 E5 f1 operand fedavg,first,tw_fed_acc_te,3,0.15046295523643494,0.1215277723968029,0.19675924628973007
C,partition,0.4|wd1.0,partitions K50 E5 f1 operand fedavg,first,tw_cka_te,3,0.07010082441938724,0.04024009771148646,0.07072828322739552
C,partition,0.4|wd1.0,partitions K50 E5 f1 operand fedavg,first,tw_pred_agree_grid,3,0.04555555805563927,0.04177083447575569,0.04611111246049404
C,partition,0.4|wd1.0,partitions K50 E5 f1 operand fedavg,first,tw_irrep_same_dominant,3,0.0,0.0,0.5
C,partition,0.4|wd1.0,partitions K50 E5 f1 operand fedavg,first,tw_irrep_frac_cos,3,0.8078502073480776,0.5264476506640621,0.8675229784049133
C,partition,0.4|wd1.0,partitions K50 E5 f1 target fedavg,end,tw_step_gap,3,0.0,0.0,0.0
C,partition,0.4|wd1.0,partitions K50 E5 f1 target fedavg,end,tw_rel_dist,3,1.4023447036743164,1.3344277143478394,1.4134676456451416
C,partition,0.4|wd1.0,partitions K50 E5 f1 target fedavg,end,tw_cos,3,0.0009105971548706293,0.00036939207348041236,0.0009292929898947477
C,partition,0.4|wd1.0,partitions K50 E5 f1 target fedavg,end,tw_first_rel_dist,3,1.0296176671981812,1.0243533849716187,1.0307466387748718
C,partition,0.4|wd1.0,partitions K50 E5 f1 target fedavg,end,tw_pred_agree_te,3,0.007870370522141457,0.0076967591885477304,0.008217592723667622
C,partition,0.4|wd1.0,partitions K50 E5 f1 target fedavg,end,tw_twin_acc_te,3,100.0,100.0,100.0
C,partition,0.4|wd1.0,partitions K50 E5 f1 target fedavg,end,tw_fed_acc_te,3,0.7870370745658875,0.7696759402751923,0.8217592835426331
C,partition,0.4|wd1.0,partitions K50 E5 f1 target fedavg,end,tw_cka_te,3,0.004107463998464355,0.0027025629205373494,0.004128834973516481
C,partition,0.4|wd1.0,partitions K50 E5 f1 target fedavg,end,tw_pred_agree_grid,3,0.008333333767950535,0.008333333767950535,0.008333333767950535
C,partition,0.4|wd1.0,partitions K50 E5 f1 target fedavg,end,tw_irrep_same_dominant,3,0.0,0.0,0.0
C,partition,0.4|wd1.0,partitions K50 E5 f1 target fedavg,end,tw_irrep_frac_cos,3,0.1124864559373783,0.1081402151489971,0.11694219029299696
C,partition,0.4|wd1.0,partitions K50 E5 f1 target fedavg,first,tw_step_gap,3,0.0,0.0,0.0
C,partition,0.4|wd1.0,partitions K50 E5 f1 target fedavg,first,tw_rel_dist,3,1.4125962257385254,1.3039080500602722,1.4289162755012512
C,partition,0.4|wd1.0,partitions K50 E5 f1 target fedavg,first,tw_cos,3,-0.0003444587055128068,-0.0036000016698380932,-2.6259003789164126e-05
C,partition,0.4|wd1.0,partitions K50 E5 f1 target fedavg,first,tw_first_rel_dist,3,1.0101019144058228,1.0100746750831604,1.0203357934951782
C,partition,0.4|wd1.0,partitions K50 E5 f1 target fedavg,first,tw_pred_agree_te,3,0.009837962687015533,0.008333333069458604,0.01059027761220932
C,partition,0.4|wd1.0,partitions K50 E5 f1 target fedavg,first,tw_twin_acc_te,3,0.9027777314186096,0.8796296119689941,50.451388865709305
C,partition,0.4|wd1.0,partitions K50 E5 f1 target fedavg,first,tw_fed_acc_te,3,0.7407407164573669,0.711805522441864,0.8101851642131805
C,partition,0.4|wd1.0,partitions K50 E5 f1 target fedavg,first,tw_cka_te,3,0.030636111051493404,0.018287041389124754,0.038034041828967295
C,partition,0.4|wd1.0,partitions K50 E5 f1 target fedavg,first,tw_pred_agree_grid,3,0.008958333171904087,0.008645833469927311,0.009826389141380787
C,partition,0.4|wd1.0,partitions K50 E5 f1 target fedavg,first,tw_irrep_same_dominant,3,0.0,0.0,0.0
C,partition,0.4|wd1.0,partitions K50 E5 f1 target fedavg,first,tw_irrep_frac_cos,3,0.12595961990846172,0.0952378312388796,0.19123910215773884
C,E,0.5|wd1.0,e50_long K10 E50 f1 iid fedavg,cross,tw_step_gap,1,0.0,0.0,0.0
C,E,0.5|wd1.0,e50_long K10 E50 f1 iid fedavg,cross,tw_rel_dist,1,1.456840991973877,1.456840991973877,1.456840991973877
C,E,0.5|wd1.0,e50_long K10 E50 f1 iid fedavg,cross,tw_cos,1,0.0014087752206251025,0.0014087752206251025,0.0014087752206251025
C,E,0.5|wd1.0,e50_long K10 E50 f1 iid fedavg,cross,tw_first_rel_dist,1,1.2767995595932007,1.2767995595932007,1.2767995595932007
C,E,0.5|wd1.0,e50_long K10 E50 f1 iid fedavg,cross,tw_pred_agree_te,1,0.98416668176651,0.98416668176651,0.98416668176651
C,E,0.5|wd1.0,e50_long K10 E50 f1 iid fedavg,cross,tw_twin_acc_te,1,100.0,100.0,100.0
C,E,0.5|wd1.0,e50_long K10 E50 f1 iid fedavg,cross,tw_fed_acc_te,1,98.41667175292969,98.41667175292969,98.41667175292969
C,E,0.5|wd1.0,e50_long K10 E50 f1 iid fedavg,cross,tw_cka_te,1,0.09954874868390483,0.09954874868390483,0.09954874868390483
C,E,0.5|wd1.0,e50_long K10 E50 f1 iid fedavg,cross,tw_pred_agree_grid,1,0.9883333444595337,0.9883333444595337,0.9883333444595337
C,E,0.5|wd1.0,e50_long K10 E50 f1 iid fedavg,cross,tw_irrep_same_dominant,1,1.0,1.0,1.0
C,E,0.5|wd1.0,e50_long K10 E50 f1 iid fedavg,cross,tw_irrep_frac_cos,1,0.9997681646153244,0.9997681646153244,0.9997681646153244
C,E,0.5|wd1.0,e50_long K10 E50 f1 iid fedavg,end,tw_step_gap,3,0.0,0.0,0.0
C,E,0.5|wd1.0,e50_long K10 E50 f1 iid fedavg,end,tw_rel_dist,3,1.456840991973877,1.404841661453247,1.7809563875198364
C,E,0.5|wd1.0,e50_long K10 E50 f1 iid fedavg,end,tw_cos,3,0.0014087752206251025,-0.0013903945800848305,0.0032116923830471933
C,E,0.5|wd1.0,e50_long K10 E50 f1 iid fedavg,end,tw_first_rel_dist,3,1.2767995595932007,1.1887362003326416,1.3791298270225525
C,E,0.5|wd1.0,e50_long K10 E50 f1 iid fedavg,end,tw_pred_agree_te,3,0.98416668176651,0.5147916749119759,0.992083340883255
C,E,0.5|wd1.0,e50_long K10 E50 f1 iid fedavg,end,tw_twin_acc_te,3,100.0,100.0,100.0
C,E,0.5|wd1.0,e50_long K10 E50 f1 iid fedavg,end,tw_fed_acc_te,3,98.41667175292969,51.4791693687439,99.20833587646484
C,E,0.5|wd1.0,e50_long K10 E50 f1 iid fedavg,end,tw_cka_te,3,0.1844945554121447,0.14202165204802478,0.4338917288424129
C,E,0.5|wd1.0,e50_long K10 E50 f1 iid fedavg,end,tw_pred_agree_grid,3,0.9883333444595337,0.5617013946175575,0.9941666722297668
C,E,0.5|wd1.0,e50_long K10 E50 f1 iid fedavg,end,tw_irrep_same_dominant,3,1.0,0.5,1.0
C,E,0.5|wd1.0,e50_long K10 E50 f1 iid fedavg,end,tw_irrep_frac_cos,3,0.9929641882511643,0.5950070357430668,0.9963661764332443
C,E,0.5|wd1.0,e50_long K10 E50 f1 iid fedavg,first,tw_step_gap,3,0.0,0.0,0.0
C,E,0.5|wd1.0,e50_long K10 E50 f1 iid fedavg,first,tw_rel_dist,3,1.456840991973877,1.404841661453247,1.7809563875198364
C,E,0.5|wd1.0,e50_long K10 E50 f1 iid fedavg,first,tw_cos,3,0.0014087752206251025,-0.0013903945800848305,0.0032116923830471933
C,E,0.5|wd1.0,e50_long K10 E50 f1 iid fedavg,first,tw_first_rel_dist,3,1.2767995595932007,1.1887362003326416,1.3791298270225525
C,E,0.5|wd1.0,e50_long K10 E50 f1 iid fedavg,first,tw_pred_agree_te,3,0.98416668176651,0.5147916749119759,0.992083340883255
C,E,0.5|wd1.0,e50_long K10 E50 f1 iid fedavg,first,tw_twin_acc_te,3,100.0,100.0,100.0
C,E,0.5|wd1.0,e50_long K10 E50 f1 iid fedavg,first,tw_fed_acc_te,3,98.41667175292969,51.4791693687439,99.20833587646484
C,E,0.5|wd1.0,e50_long K10 E50 f1 iid fedavg,first,tw_cka_te,3,0.1844945554121447,0.14202165204802478,0.4338917288424129
C,E,0.5|wd1.0,e50_long K10 E50 f1 iid fedavg,first,tw_pred_agree_grid,3,0.9883333444595337,0.5617013946175575,0.9941666722297668
C,E,0.5|wd1.0,e50_long K10 E50 f1 iid fedavg,first,tw_irrep_same_dominant,3,1.0,0.5,1.0
C,E,0.5|wd1.0,e50_long K10 E50 f1 iid fedavg,first,tw_irrep_frac_cos,3,0.9929641882511643,0.5950070357430668,0.9963661764332443
C,E,0.5|wd1.0,e50_long K10 E50 f1 iid fedavg,memo,tw_step_gap,1,0.0,0.0,0.0
C,E,0.5|wd1.0,e50_long K10 E50 f1 iid fedavg,memo,tw_rel_dist,1,1.456840991973877,1.456840991973877,1.456840991973877
C,E,0.5|wd1.0,e50_long K10 E50 f1 iid fedavg,memo,tw_cos,1,0.0014087752206251025,0.0014087752206251025,0.0014087752206251025
C,E,0.5|wd1.0,e50_long K10 E50 f1 iid fedavg,memo,tw_first_rel_dist,1,1.2767995595932007,1.2767995595932007,1.2767995595932007
C,E,0.5|wd1.0,e50_long K10 E50 f1 iid fedavg,memo,tw_pred_agree_te,1,0.98416668176651,0.98416668176651,0.98416668176651
C,E,0.5|wd1.0,e50_long K10 E50 f1 iid fedavg,memo,tw_twin_acc_te,1,100.0,100.0,100.0
C,E,0.5|wd1.0,e50_long K10 E50 f1 iid fedavg,memo,tw_fed_acc_te,1,98.41667175292969,98.41667175292969,98.41667175292969
C,E,0.5|wd1.0,e50_long K10 E50 f1 iid fedavg,memo,tw_cka_te,1,0.09954874868390483,0.09954874868390483,0.09954874868390483
C,E,0.5|wd1.0,e50_long K10 E50 f1 iid fedavg,memo,tw_pred_agree_grid,1,0.9883333444595337,0.9883333444595337,0.9883333444595337
C,E,0.5|wd1.0,e50_long K10 E50 f1 iid fedavg,memo,tw_irrep_same_dominant,1,1.0,1.0,1.0
C,E,0.5|wd1.0,e50_long K10 E50 f1 iid fedavg,memo,tw_irrep_frac_cos,1,0.9997681646153244,0.9997681646153244,0.9997681646153244
C,E,0.5|wd1.0,local_epochs K10 E10 f1 iid fedavg,cross,tw_step_gap,1,0.0,0.0,0.0
C,E,0.5|wd1.0,local_epochs K10 E10 f1 iid fedavg,cross,tw_rel_dist,1,1.1838282346725464,1.1838282346725464,1.1838282346725464
C,E,0.5|wd1.0,local_epochs K10 E10 f1 iid fedavg,cross,tw_cos,1,0.01222976390272379,0.01222976390272379,0.01222976390272379
C,E,0.5|wd1.0,local_epochs K10 E10 f1 iid fedavg,cross,tw_first_rel_dist,1,1.2176681756973267,1.2176681756973267,1.2176681756973267
C,E,0.5|wd1.0,local_epochs K10 E10 f1 iid fedavg,cross,tw_pred_agree_te,1,0.08291666954755783,0.08291666954755783,0.08291666954755783
C,E,0.5|wd1.0,local_epochs K10 E10 f1 iid fedavg,cross,tw_twin_acc_te,1,8.291666984558105,8.291666984558105,8.291666984558105
C,E,0.5|wd1.0,local_epochs K10 E10 f1 iid fedavg,cross,tw_fed_acc_te,1,100.0,100.0,100.0
C,E,0.5|wd1.0,local_epochs K10 E10 f1 iid fedavg,cross,tw_cka_te,1,0.12428422418033787,0.12428422418033787,0.12428422418033787
C,E,0.5|wd1.0,local_epochs K10 E10 f1 iid fedavg,cross,tw_pred_agree_grid,1,0.5414583683013916,0.5414583683013916,0.5414583683013916
C,E,0.5|wd1.0,local_epochs K10 E10 f1 iid fedavg,cross,tw_irrep_same_dominant,1,0.0,0.0,0.0
C,E,0.5|wd1.0,local_epochs K10 E10 f1 iid fedavg,cross,tw_irrep_frac_cos,1,0.47287686446647037,0.47287686446647037,0.47287686446647037
C,E,0.5|wd1.0,local_epochs K10 E10 f1 iid fedavg,end,tw_step_gap,3,0.0,0.0,0.0
C,E,0.5|wd1.0,local_epochs K10 E10 f1 iid fedavg,end,tw_rel_dist,3,1.3080193996429443,1.2971067428588867,1.3357706665992737
C,E,0.5|wd1.0,local_epochs K10 E10 f1 iid fedavg,end,tw_cos,3,0.0013500209897756577,0.0006746342860424193,0.0017214397666975856
C,E,0.5|wd1.0,local_epochs K10 E10 f1 iid fedavg,end,tw_first_rel_dist,3,1.4337233304977417,1.4232156872749329,1.4984779953956604
C,E,0.5|wd1.0,local_epochs K10 E10 f1 iid fedavg,end,tw_pred_agree_te,3,1.0,1.0,1.0
C,E,0.5|wd1.0,local_epochs K10 E10 f1 iid fedavg,end,tw_twin_acc_te,3,100.0,100.0,100.0
C,E,0.5|wd1.0,local_epochs K10 E10 f1 iid fedavg,end,tw_fed_acc_te,3,100.0,100.0,100.0
C,E,0.5|wd1.0,local_epochs K10 E10 f1 iid fedavg,end,tw_cka_te,3,0.4157243967211565,0.22567035183898768,0.47173960723329755
C,E,0.5|wd1.0,local_epochs K10 E10 f1 iid fedavg,end,tw_pred_agree_grid,3,1.0,1.0,1.0
C,E,0.5|wd1.0,local_epochs K10 E10 f1 iid fedavg,end,tw_irrep_same_dominant,3,0.0,0.0,0.5
C,E,0.5|wd1.0,local_epochs K10 E10 f1 iid fedavg,end,tw_irrep_frac_cos,3,0.015901035761327127,0.015419326786222796,0.507783252736984
C,E,0.5|wd1.0,local_epochs K10 E10 f1 iid fedavg,first,tw_step_gap,3,0.0,0.0,0.0
C,E,0.5|wd1.0,local_epochs K10 E10 f1 iid fedavg,first,tw_rel_dist,3,1.3698203563690186,1.2768242955207825,1.3711395263671875
C,E,0.5|wd1.0,local_epochs K10 E10 f1 iid fedavg,first,tw_cos,3,0.01222976390272379,0.012166525237262249,0.01832352066412568
C,E,0.5|wd1.0,local_epochs K10 E10 f1 iid fedavg,first,tw_first_rel_dist,3,1.4249013662338257,1.3212847709655762,1.5002936124801636
C,E,0.5|wd1.0,local_epochs K10 E10 f1 iid fedavg,first,tw_pred_agree_te,3,1.0,0.5414583347737789,1.0
C,E,0.5|wd1.0,local_epochs K10 E10 f1 iid fedavg,first,tw_twin_acc_te,3,100.0,54.14583349227905,100.0
C,E,0.5|wd1.0,local_epochs K10 E10 f1 iid fedavg,first,tw_fed_acc_te,3,100.0,100.0,100.0
C,E,0.5|wd1.0,local_epochs K10 E10 f1 iid fedavg,first,tw_cka_te,3,0.4253361640649346,0.2748101941226362,0.4580298112148715
C,E,0.5|wd1.0,local_epochs K10 E10 f1 iid fedavg,first,tw_pred_agree_grid,3,1.0,0.7707291841506958,1.0
C,E,0.5|wd1.0,local_epochs K10 E10 f1 iid fedavg,first,tw_irrep_same_dominant,3,0.0,0.0,0.5
C,E,0.5|wd1.0,local_epochs K10 E10 f1 iid fedavg,first,tw_irrep_frac_cos,3,0.47287686446647037,0.24479170642176787,0.7363370766758531
C,E,0.5|wd1.0,local_epochs K10 E25 f1 iid fedavg,cross,tw_step_gap,2,0.0,0.0,0.0
C,E,0.5|wd1.0,local_epochs K10 E25 f1 iid fedavg,cross,tw_rel_dist,2,1.900411307811737,1.8265685141086578,1.9742541015148163
C,E,0.5|wd1.0,local_epochs K10 E25 f1 iid fedavg,cross,tw_cos,2,0.02650025999173522,0.021045616129413247,0.03195490385405719
C,E,0.5|wd1.0,local_epochs K10 E25 f1 iid fedavg,cross,tw_first_rel_dist,2,1.2302234768867493,1.2275783717632294,1.2328685820102692
C,E,0.5|wd1.0,local_epochs K10 E25 f1 iid fedavg,cross,tw_pred_agree_te,2,0.3063889001496136,0.15875000576488674,0.4540277945343405
C,E,0.5|wd1.0,local_epochs K10 E25 f1 iid fedavg,cross,tw_twin_acc_te,2,100.0,100.0,100.0
C,E,0.5|wd1.0,local_epochs K10 E25 f1 iid fedavg,cross,tw_fed_acc_te,2,30.63888955116272,15.875000357627869,45.40277874469757
C,E,0.5|wd1.0,local_epochs K10 E25 f1 iid fedavg,cross,tw_cka_te,2,0.5367968451765873,0.3999191162341763,0.6736745741189982
C,E,0.5|wd1.0,local_epochs K10 E25 f1 iid fedavg,cross,tw_pred_agree_grid,2,0.458125002682209,0.3179166726768017,0.5983333326876163
C,E,0.5|wd1.0,local_epochs K10 E25 f1 iid fedavg,cross,tw_irrep_same_dominant,2,0.5,0.25,0.75
C,E,0.5|wd1.0,local_epochs K10 E25 f1 iid fedavg,cross,tw_irrep_frac_cos,2,0.6612161768092237,0.5030829886781754,0.8193493649402721
C,E,0.5|wd1.0,local_epochs K10 E25 f1 iid fedavg,end,tw_step_gap,3,0.0,0.0,0.0
C,E,0.5|wd1.0,local_epochs K10 E25 f1 iid fedavg,end,tw_rel_dist,3,1.3642722368240356,1.304678499698639,1.3811519742012024
C,E,0.5|wd1.0,local_epochs K10 E25 f1 iid fedavg,end,tw_cos,3,0.0005027077859267592,0.00021011546050431207,0.0017150644562207162
C,E,0.5|wd1.0,local_epochs K10 E25 f1 iid fedavg,end,tw_first_rel_dist,3,1.584771752357483,1.5005560517311096,1.59859037399292
C,E,0.5|wd1.0,local_epochs K10 E25 f1 iid fedavg,end,tw_pred_agree_te,3,1.0,1.0,1.0
C,E,0.5|wd1.0,local_epochs K10 E25 f1 iid fedavg,end,tw_twin_acc_te,3,100.0,100.0,100.0
C,E,0.5|wd1.0,local_epochs K10 E25 f1 iid fedavg,end,tw_fed_acc_te,3,100.0,100.0,100.0
C,E,0.5|wd1.0,local_epochs K10 E25 f1 iid fedavg,end,tw_cka_te,3,0.042195287880535684,0.02175567885177745,0.08449232509839114
C,E,0.5|wd1.0,local_epochs K10 E25 f1 iid fedavg,end,tw_pred_agree_grid,3,1.0,1.0,1.0
C,E,0.5|wd1.0,local_epochs K10 E25 f1 iid fedavg,end,tw_irrep_same_dominant,3,0.0,0.0,0.5
C,E,0.5|wd1.0,local_epochs K10 E25 f1 iid fedavg,end,tw_irrep_frac_cos,3,0.009990655073702078,0.009138778498456344,0.5036732336626969
C,E,0.5|wd1.0,local_epochs K10 E25 f1 iid fedavg,first,tw_step_gap,3,0.0,0.0,0.0
C,E,0.5|wd1.0,local_epochs K10 E25 f1 iid fedavg,first,tw_rel_dist,3,1.7527257204055786,1.4801733493804932,1.900411307811737
C,E,0.5|wd1.0,local_epochs K10 E25 f1 iid fedavg,first,tw_cos,3,0.015590972267091274,0.014012190513312817,0.02650025999173522
C,E,0.5|wd1.0,local_epochs K10 E25 f1 iid fedavg,first,tw_first_rel_dist,3,1.228625774383545,1.2267795205116272,1.232069730758667
C,E,0.5|wd1.0,local_epochs K10 E25 f1 iid fedavg,first,tw_pred_agree_te,3,0.08291666954755783,0.04701389046385884,0.3422916792333126
C,E,0.5|wd1.0,local_epochs K10 E25 f1 iid fedavg,first,tw_twin_acc_te,3,100.0,54.14583349227905,100.0
C,E,0.5|wd1.0,local_epochs K10 E25 f1 iid fedavg,first,tw_fed_acc_te,3,60.16666793823242,30.63888955116272,80.08333396911621
C,E,0.5|wd1.0,local_epochs K10 E25 f1 iid fedavg,first,tw_cka_te,3,0.26304138729176535,0.20815380469839256,0.5367968451765873
C,E,0.5|wd1.0,local_epochs K10 E25 f1 iid fedavg,first,tw_pred_agree_grid,3,0.5414583683013916,0.359583355486393,0.6400000154972076
C,E,0.5|wd1.0,local_epochs K10 E25 f1 iid fedavg,first,tw_irrep_same_dominant,3,0.0,0.0,0.5
C,E,0.5|wd1.0,local_epochs K10 E25 f1 iid fedavg,first,tw_irrep_frac_cos,3,0.4493162210130397,0.39713301078008334,0.7133993870421801
C,E,0.5|wd1.0,local_epochs K10 E25 f1 iid fedavg,memo,tw_step_gap,2,0.0,0.0,0.0
C,E,0.5|wd1.0,local_epochs K10 E25 f1 iid fedavg,memo,tw_rel_dist,2,1.900411307811737,1.8265685141086578,1.9742541015148163
C,E,0.5|wd1.0,local_epochs K10 E25 f1 iid fedavg,memo,tw_cos,2,0.02650025999173522,0.021045616129413247,0.03195490385405719
C,E,0.5|wd1.0,local_epochs K10 E25 f1 iid fedavg,memo,tw_first_rel_dist,2,1.2302234768867493,1.2275783717632294,1.2328685820102692
C,E,0.5|wd1.0,local_epochs K10 E25 f1 iid fedavg,memo,tw_pred_agree_te,2,0.3063889001496136,0.15875000576488674,0.4540277945343405
C,E,0.5|wd1.0,local_epochs K10 E25 f1 iid fedavg,memo,tw_twin_acc_te,2,100.0,100.0,100.0
C,E,0.5|wd1.0,local_epochs K10 E25 f1 iid fedavg,memo,tw_fed_acc_te,2,30.63888955116272,15.875000357627869,45.40277874469757
C,E,0.5|wd1.0,local_epochs K10 E25 f1 iid fedavg,memo,tw_cka_te,2,0.5367968451765873,0.3999191162341763,0.6736745741189982
C,E,0.5|wd1.0,local_epochs K10 E25 f1 iid fedavg,memo,tw_pred_agree_grid,2,0.458125002682209,0.3179166726768017,0.5983333326876163
C,E,0.5|wd1.0,local_epochs K10 E25 f1 iid fedavg,memo,tw_irrep_same_dominant,2,0.5,0.25,0.75
C,E,0.5|wd1.0,local_epochs K10 E25 f1 iid fedavg,memo,tw_irrep_frac_cos,2,0.6612161768092237,0.5030829886781754,0.8193493649402721
C,E,0.5|wd1.0,local_epochs K10 E50 f1 iid fedavg,cross,tw_step_gap,1,0.0,0.0,0.0
C,E,0.5|wd1.0,local_epochs K10 E50 f1 iid fedavg,cross,tw_rel_dist,1,1.69307541847229,1.69307541847229,1.69307541847229
C,E,0.5|wd1.0,local_epochs K10 E50 f1 iid fedavg,cross,tw_cos,1,0.0023001020308583975,0.0023001020308583975,0.0023001020308583975
C,E,0.5|wd1.0,local_epochs K10 E50 f1 iid fedavg,cross,tw_first_rel_dist,1,1.4665969610214233,1.4665969610214233,1.4665969610214233
C,E,0.5|wd1.0,local_epochs K10 E50 f1 iid fedavg,cross,tw_pred_agree_te,1,0.9968056082725525,0.9968056082725525,0.9968056082725525
C,E,0.5|wd1.0,local_epochs K10 E50 f1 iid fedavg,cross,tw_twin_acc_te,1,100.0,100.0,100.0
C,E,0.5|wd1.0,local_epochs K10 E50 f1 iid fedavg,cross,tw_fed_acc_te,1,99.68055725097656,99.68055725097656,99.68055725097656
C,E,0.5|wd1.0,local_epochs K10 E50 f1 iid fedavg,cross,tw_cka_te,1,0.19976174780639233,0.19976174780639233,0.19976174780639233
C,E,0.5|wd1.0,local_epochs K10 E50 f1 iid fedavg,cross,tw_pred_agree_grid,1,0.9984027743339539,0.9984027743339539,0.9984027743339539
C,E,0.5|wd1.0,local_epochs K10 E50 f1 iid fedavg,cross,tw_irrep_same_dominant,1,1.0,1.0,1.0
C,E,0.5|wd1.0,local_epochs K10 E50 f1 iid fedavg,cross,tw_irrep_frac_cos,1,0.992098144161461,0.992098144161461,0.992098144161461
C,E,0.5|wd1.0,local_epochs K10 E50 f1 iid fedavg,end,tw_step_gap,3,0.0,0.0,0.0
C,E,0.5|wd1.0,local_epochs K10 E50 f1 iid fedavg,end,tw_rel_dist,3,1.7475274801254272,1.5844571590423584,1.8738221526145935
C,E,0.5|wd1.0,local_epochs K10 E50 f1 iid fedavg,end,tw_cos,3,0.0019290933851152658,0.001662549446336925,0.0030378749361261725
C,E,0.5|wd1.0,local_epochs K10 E50 f1 iid fedavg,end,tw_first_rel_dist,3,1.1576446294784546,1.1318767070770264,1.379044532775879
C,E,0.5|wd1.0,local_epochs K10 E50 f1 iid fedavg,end,tw_pred_agree_te,3,0.5215277671813965,0.2815972175449133,0.7607638835906982
C,E,0.5|wd1.0,local_epochs K10 E50 f1 iid fedavg,end,tw_twin_acc_te,3,100.0,100.0,100.0
C,E,0.5|wd1.0,local_epochs K10 E50 f1 iid fedavg,end,tw_fed_acc_te,3,52.15277862548828,28.159722805023193,76.07638931274414
C,E,0.5|wd1.0,local_epochs K10 E50 f1 iid fedavg,end,tw_cka_te,3,0.2746272375476564,0.181894020059116,0.4839100052511058
C,E,0.5|wd1.0,local_epochs K10 E50 f1 iid fedavg,end,tw_pred_agree_grid,3,0.6459028124809265,0.39461807161569595,0.8229514062404633
C,E,0.5|wd1.0,local_epochs K10 E50 f1 iid fedavg,end,tw_irrep_same_dominant,3,1.0,0.5,1.0
C,E,0.5|wd1.0,local_epochs K10 E50 f1 iid fedavg,end,tw_irrep_frac_cos,3,0.866539035247005,0.5263266334530153,0.9297500340146319
C,E,0.5|wd1.0,local_epochs K10 E50 f1 iid fedavg,first,tw_step_gap,3,0.0,0.0,0.0
C,E,0.5|wd1.0,local_epochs K10 E50 f1 iid fedavg,first,tw_rel_dist,3,1.9455504417419434,1.8334892392158508,2.4273048639297485
C,E,0.5|wd1.0,local_epochs K10 E50 f1 iid fedavg,first,tw_cos,3,0.03819267079234123,0.03203184716403484,0.040337199345231056
C,E,0.5|wd1.0,local_epochs K10 E50 f1 iid fedavg,first,tw_first_rel_dist,3,1.1233594417572021,1.0948177576065063,1.1307673454284668
C,E,0.5|wd1.0,local_epochs K10 E50 f1 iid fedavg,first,tw_pred_agree_te,3,0.023472223430871964,0.013888889458030462,0.029652778059244156
C,E,0.5|wd1.0,local_epochs K10 E50 f1 iid fedavg,first,tw_twin_acc_te,3,100.0,54.14583349227905,100.0
C,E,0.5|wd1.0,local_epochs K10 E50 f1 iid fedavg,first,tw_fed_acc_te,3,3.1944446563720703,1.8125001043081284,3.388888955116272
C,E,0.5|wd1.0,local_epochs K10 E50 f1 iid fedavg,first,tw_cka_te,3,0.21620738662087483,0.13093735027148776,0.5128038544483182
C,E,0.5|wd1.0,local_epochs K10 E50 f1 iid fedavg,first,tw_pred_agree_grid,3,0.10562500357627869,0.07979166880249977,0.1115972250699997
C,E,0.5|wd1.0,local_epochs K10 E50 f1 iid fedavg,first,tw_irrep_same_dominant,3,0.0,0.0,0.5
C,E,0.5|wd1.0,local_epochs K10 E50 f1 iid fedavg,first,tw_irrep_frac_cos,3,0.8231828130039408,0.569286794614549,0.8684586586354628
C,E,0.5|wd1.0,local_epochs K10 E50 f1 iid fedavg,memo,tw_step_gap,1,0.0,0.0,0.0
C,E,0.5|wd1.0,local_epochs K10 E50 f1 iid fedavg,memo,tw_rel_dist,1,1.69307541847229,1.69307541847229,1.69307541847229
C,E,0.5|wd1.0,local_epochs K10 E50 f1 iid fedavg,memo,tw_cos,1,0.0023001020308583975,0.0023001020308583975,0.0023001020308583975
C,E,0.5|wd1.0,local_epochs K10 E50 f1 iid fedavg,memo,tw_first_rel_dist,1,1.4665969610214233,1.4665969610214233,1.4665969610214233
C,E,0.5|wd1.0,local_epochs K10 E50 f1 iid fedavg,memo,tw_pred_agree_te,1,0.9968056082725525,0.9968056082725525,0.9968056082725525
C,E,0.5|wd1.0,local_epochs K10 E50 f1 iid fedavg,memo,tw_twin_acc_te,1,100.0,100.0,100.0
C,E,0.5|wd1.0,local_epochs K10 E50 f1 iid fedavg,memo,tw_fed_acc_te,1,99.68055725097656,99.68055725097656,99.68055725097656
C,E,0.5|wd1.0,local_epochs K10 E50 f1 iid fedavg,memo,tw_cka_te,1,0.19976174780639233,0.19976174780639233,0.19976174780639233
C,E,0.5|wd1.0,local_epochs K10 E50 f1 iid fedavg,memo,tw_pred_agree_grid,1,0.9984027743339539,0.9984027743339539,0.9984027743339539
C,E,0.5|wd1.0,local_epochs K10 E50 f1 iid fedavg,memo,tw_irrep_same_dominant,1,1.0,1.0,1.0
C,E,0.5|wd1.0,local_epochs K10 E50 f1 iid fedavg,memo,tw_irrep_frac_cos,1,0.992098144161461,0.992098144161461,0.992098144161461
C,K,0.5|wd1.0,setup_k_ladder K10 E5 f1 iid fedavg,cross,tw_step_gap,1,0.0,0.0,0.0
C,K,0.5|wd1.0,setup_k_ladder K10 E5 f1 iid fedavg,cross,tw_rel_dist,1,1.225791096687317,1.225791096687317,1.225791096687317
C,K,0.5|wd1.0,setup_k_ladder K10 E5 f1 iid fedavg,cross,tw_cos,1,0.017798369750380516,0.017798369750380516,0.017798369750380516
C,K,0.5|wd1.0,setup_k_ladder K10 E5 f1 iid fedavg,cross,tw_first_rel_dist,1,1.2140039205551147,1.2140039205551147,1.2140039205551147
C,K,0.5|wd1.0,setup_k_ladder K10 E5 f1 iid fedavg,cross,tw_pred_agree_te,1,0.08291666954755783,0.08291666954755783,0.08291666954755783
C,K,0.5|wd1.0,setup_k_ladder K10 E5 f1 iid fedavg,cross,tw_twin_acc_te,1,8.291666984558105,8.291666984558105,8.291666984558105
C,K,0.5|wd1.0,setup_k_ladder K10 E5 f1 iid fedavg,cross,tw_fed_acc_te,1,100.0,100.0,100.0
C,K,0.5|wd1.0,setup_k_ladder K10 E5 f1 iid fedavg,cross,tw_cka_te,1,0.012688526199819047,0.012688526199819047,0.012688526199819047
C,K,0.5|wd1.0,setup_k_ladder K10 E5 f1 iid fedavg,cross,tw_pred_agree_grid,1,0.5414583683013916,0.5414583683013916,0.5414583683013916
C,K,0.5|wd1.0,setup_k_ladder K10 E5 f1 iid fedavg,cross,tw_irrep_same_dominant,1,0.0,0.0,0.0
C,K,0.5|wd1.0,setup_k_ladder K10 E5 f1 iid fedavg,cross,tw_irrep_frac_cos,1,0.4467819728586788,0.4467819728586788,0.4467819728586788
C,K,0.5|wd1.0,setup_k_ladder K10 E5 f1 iid fedavg,end,tw_step_gap,3,0.0,0.0,0.0
C,K,0.5|wd1.0,setup_k_ladder K10 E5 f1 iid fedavg,end,tw_rel_dist,3,1.4545592069625854,1.3987200856208801,1.4779747128486633
C,K,0.5|wd1.0,setup_k_ladder K10 E5 f1 iid fedavg,end,tw_cos,3,0.00018299135263077915,-0.0014775664458284155,0.002044902867055498
C,K,0.5|wd1.0,setup_k_ladder K10 E5 f1 iid fedavg,end,tw_first_rel_dist,3,1.551758050918579,1.5514644980430603,1.563256561756134
C,K,0.5|wd1.0,setup_k_ladder K10 E5 f1 iid fedavg,end,tw_pred_agree_te,3,1.0,1.0,1.0
C,K,0.5|wd1.0,setup_k_ladder K10 E5 f1 iid fedavg,end,tw_twin_acc_te,3,100.0,100.0,100.0
C,K,0.5|wd1.0,setup_k_ladder K10 E5 f1 iid fedavg,end,tw_fed_acc_te,3,100.0,100.0,100.0
C,K,0.5|wd1.0,setup_k_ladder K10 E5 f1 iid fedavg,end,tw_cka_te,3,0.5915184052919782,0.29648954971567515,0.6903991657037931
C,K,0.5|wd1.0,setup_k_ladder K10 E5 f1 iid fedavg,end,tw_pred_agree_grid,3,1.0,1.0,1.0
C,K,0.5|wd1.0,setup_k_ladder K10 E5 f1 iid fedavg,end,tw_irrep_same_dominant,3,1.0,0.5,1.0
C,K,0.5|wd1.0,setup_k_ladder K10 E5 f1 iid fedavg,end,tw_irrep_frac_cos,3,0.9994583636121487,0.5020134239797606,0.9996236576988415
C,K,0.5|wd1.0,setup_k_ladder K10 E5 f1 iid fedavg,first,tw_step_gap,3,0.0,0.0,0.0
C,K,0.5|wd1.0,setup_k_ladder K10 E5 f1 iid fedavg,first,tw_rel_dist,3,1.4545440673828125,1.3401675820350647,1.4969899654388428
C,K,0.5|wd1.0,setup_k_ladder K10 E5 f1 iid fedavg,first,tw_cos,3,0.039493780583143234,0.028646075166761875,0.041622985154390335
C,K,0.5|wd1.0,setup_k_ladder K10 E5 f1 iid fedavg,first,tw_first_rel_dist,3,1.4732905626296997,1.3436472415924072,1.5374890565872192
C,K,0.5|wd1.0,setup_k_ladder K10 E5 f1 iid fedavg,first,tw_pred_agree_te,3,1.0,0.5414583347737789,1.0
C,K,0.5|wd1.0,setup_k_ladder K10 E5 f1 iid fedavg,first,tw_twin_acc_te,3,100.0,54.14583349227905,100.0
C,K,0.5|wd1.0,setup_k_ladder K10 E5 f1 iid fedavg,first,tw_fed_acc_te,3,100.0,100.0,100.0
C,K,0.5|wd1.0,setup_k_ladder K10 E5 f1 iid fedavg,first,tw_cka_te,3,0.5339989639445629,0.273343745072191,0.6083334446769779
C,K,0.5|wd1.0,setup_k_ladder K10 E5 f1 iid fedavg,first,tw_pred_agree_grid,3,1.0,0.7707291841506958,1.0
C,K,0.5|wd1.0,setup_k_ladder K10 E5 f1 iid fedavg,first,tw_irrep_same_dominant,3,1.0,0.5,1.0
C,K,0.5|wd1.0,setup_k_ladder K10 E5 f1 iid fedavg,first,tw_irrep_frac_cos,3,0.9998375104274042,0.7233097416430415,0.9998724459942336
C,K,0.5|wd1.0,setup_k_ladder K20 E5 f1 iid fedavg,end,tw_step_gap,3,0.0,0.0,0.0
C,K,0.5|wd1.0,setup_k_ladder K20 E5 f1 iid fedavg,end,tw_rel_dist,3,1.4397647380828857,1.3370795845985413,1.4675116539001465
C,K,0.5|wd1.0,setup_k_ladder K20 E5 f1 iid fedavg,end,tw_cos,3,-0.003791234688833356,-0.003807213273830712,-0.002487402583938092
C,K,0.5|wd1.0,setup_k_ladder K20 E5 f1 iid fedavg,end,tw_first_rel_dist,3,1.666261076927185,1.49203222990036,1.7554270029067993
C,K,0.5|wd1.0,setup_k_ladder K20 E5 f1 iid fedavg,end,tw_pred_agree_te,3,1.0,1.0,1.0
C,K,0.5|wd1.0,setup_k_ladder K20 E5 f1 iid fedavg,end,tw_twin_acc_te,3,100.0,100.0,100.0
C,K,0.5|wd1.0,setup_k_ladder K20 E5 f1 iid fedavg,end,tw_fed_acc_te,3,100.0,100.0,100.0
C,K,0.5|wd1.0,setup_k_ladder K20 E5 f1 iid fedavg,end,tw_cka_te,3,0.0016053171493352473,0.001338096233655721,0.21144940493757455
C,K,0.5|wd1.0,setup_k_ladder K20 E5 f1 iid fedavg,end,tw_pred_agree_grid,3,1.0,1.0,1.0
C,K,0.5|wd1.0,setup_k_ladder K20 E5 f1 iid fedavg,end,tw_irrep_same_dominant,3,0.0,0.0,0.5
C,K,0.5|wd1.0,setup_k_ladder K20 E5 f1 iid fedavg,end,tw_irrep_frac_cos,3,0.0183083736889761,0.013995651525545758,0.5081073137434573
C,K,0.5|wd1.0,setup_k_ladder K20 E5 f1 iid fedavg,first,tw_step_gap,3,0.0,0.0,0.0
C,K,0.5|wd1.0,setup_k_ladder K20 E5 f1 iid fedavg,first,tw_rel_dist,3,1.3036144971847534,1.2895833253860474,1.440553605556488
C,K,0.5|wd1.0,setup_k_ladder K20 E5 f1 iid fedavg,first,tw_cos,3,0.009159637615084648,0.008079644292593002,0.010121024213731289
C,K,0.5|wd1.0,setup_k_ladder K20 E5 f1 iid fedavg,first,tw_first_rel_dist,3,1.4195750951766968,1.3645223379135132,1.5628068447113037
C,K,0.5|wd1.0,setup_k_ladder K20 E5 f1 iid fedavg,first,tw_pred_agree_te,3,1.0,0.5414583347737789,1.0
C,K,0.5|wd1.0,setup_k_ladder K20 E5 f1 iid fedavg,first,tw_twin_acc_te,3,100.0,54.14583349227905,100.0
C,K,0.5|wd1.0,setup_k_ladder K20 E5 f1 iid fedavg,first,tw_fed_acc_te,3,100.0,100.0,100.0
C,K,0.5|wd1.0,setup_k_ladder K20 E5 f1 iid fedavg,first,tw_cka_te,3,0.0023906785809809953,0.0017668156182159924,0.2230461125875471
C,K,0.5|wd1.0,setup_k_ladder K20 E5 f1 iid fedavg,first,tw_pred_agree_grid,3,1.0,0.7707291841506958,1.0
C,K,0.5|wd1.0,setup_k_ladder K20 E5 f1 iid fedavg,first,tw_irrep_same_dominant,3,0.0,0.0,0.0
C,K,0.5|wd1.0,setup_k_ladder K20 E5 f1 iid fedavg,first,tw_irrep_frac_cos,3,0.010097246996872594,0.00935396156652574,0.309440480068261
C,K,0.5|wd1.0,setup_k_ladder K5 E5 f1 iid fedavg,end,tw_step_gap,3,0.0,0.0,0.0
C,K,0.5|wd1.0,setup_k_ladder K5 E5 f1 iid fedavg,end,tw_rel_dist,3,1.3954230546951294,1.375245749950409,1.4444363713264465
C,K,0.5|wd1.0,setup_k_ladder K5 E5 f1 iid fedavg,end,tw_cos,3,-0.0004953366005793214,-0.0007157123764045537,-0.00022969022938923445
C,K,0.5|wd1.0,setup_k_ladder K5 E5 f1 iid fedavg,end,tw_first_rel_dist,3,1.5628348588943481,1.4863837361335754,1.6808903813362122
C,K,0.5|wd1.0,setup_k_ladder K5 E5 f1 iid fedavg,end,tw_pred_agree_te,3,1.0,1.0,1.0
C,K,0.5|wd1.0,setup_k_ladder K5 E5 f1 iid fedavg,end,tw_twin_acc_te,3,100.0,100.0,100.0
C,K,0.5|wd1.0,setup_k_ladder K5 E5 f1 iid fedavg,end,tw_fed_acc_te,3,100.0,100.0,100.0
C,K,0.5|wd1.0,setup_k_ladder K5 E5 f1 iid fedavg,end,tw_cka_te,3,0.6242147771455369,0.5422638313109402,0.7109140585281744
C,K,0.5|wd1.0,setup_k_ladder K5 E5 f1 iid fedavg,end,tw_pred_agree_grid,3,1.0,1.0,1.0
C,K,0.5|wd1.0,setup_k_ladder K5 E5 f1 iid fedavg,end,tw_irrep_same_dominant,3,1.0,1.0,1.0
C,K,0.5|wd1.0,setup_k_ladder K5 E5 f1 iid fedavg,end,tw_irrep_frac_cos,3,0.999751716497642,0.9985652868105137,0.999830167217078
C,K,0.5|wd1.0,setup_k_ladder K5 E5 f1 iid fedavg,first,tw_step_gap,3,0.0,0.0,0.0
C,K,0.5|wd1.0,setup_k_ladder K5 E5 f1 iid fedavg,first,tw_rel_dist,3,1.4195564985275269,1.3357014656066895,1.424404799938202
C,K,0.5|wd1.0,setup_k_ladder K5 E5 f1 iid fedavg,first,tw_cos,3,0.04488720744848251,0.04004708677530289,0.05350060760974884
C,K,0.5|wd1.0,setup_k_ladder K5 E5 f1 iid fedavg,first,tw_first_rel_dist,3,1.3288105726242065,1.302682340145111,1.4612623453140259
C,K,0.5|wd1.0,setup_k_ladder K5 E5 f1 iid fedavg,first,tw_pred_agree_te,3,1.0,0.5414583347737789,1.0
C,K,0.5|wd1.0,setup_k_ladder K5 E5 f1 iid fedavg,first,tw_twin_acc_te,3,100.0,54.14583349227905,100.0
C,K,0.5|wd1.0,setup_k_ladder K5 E5 f1 iid fedavg,first,tw_fed_acc_te,3,100.0,100.0,100.0
C,K,0.5|wd1.0,setup_k_ladder K5 E5 f1 iid fedavg,first,tw_cka_te,3,0.5341471456052321,0.4866655197422469,0.6238911252919765
C,K,0.5|wd1.0,setup_k_ladder K5 E5 f1 iid fedavg,first,tw_pred_agree_grid,3,1.0,0.7707291841506958,1.0
C,K,0.5|wd1.0,setup_k_ladder K5 E5 f1 iid fedavg,first,tw_irrep_same_dominant,3,1.0,0.5,1.0
C,K,0.5|wd1.0,setup_k_ladder K5 E5 f1 iid fedavg,first,tw_irrep_frac_cos,3,0.9990081310719884,0.7913299772565277,0.9993594802598923
C,K,0.5|wd1.0,setup_k_ladder K50 E5 f1 iid fedavg,cross,tw_step_gap,3,0.0,0.0,0.0
C,K,0.5|wd1.0,setup_k_ladder K50 E5 f1 iid fedavg,cross,tw_rel_dist,3,1.406007170677185,1.3976815342903137,1.7728086113929749
C,K,0.5|wd1.0,setup_k_ladder K50 E5 f1 iid fedavg,cross,tw_cos,3,-0.0005616862908937037,-0.0006594122678507119,-3.595341695472598e-05
C,K,0.5|wd1.0,setup_k_ladder K50 E5 f1 iid fedavg,cross,tw_first_rel_dist,3,1.4483944177627563,1.3828234672546387,1.713563323020935
C,K,0.5|wd1.0,setup_k_ladder K50 E5 f1 iid fedavg,cross,tw_pred_agree_te,3,1.0,0.9471527934074402,1.0
C,K,0.5|wd1.0,setup_k_ladder K50 E5 f1 iid fedavg,cross,tw_twin_acc_te,3,100.0,100.0,100.0
C,K,0.5|wd1.0,setup_k_ladder K50 E5 f1 iid fedavg,cross,tw_fed_acc_te,3,100.0,94.71527862548828,100.0
C,K,0.5|wd1.0,setup_k_ladder K50 E5 f1 iid fedavg,cross,tw_cka_te,3,0.10573621373830058,0.06106173529718321,0.24320185989060583
C,K,0.5|wd1.0,setup_k_ladder K50 E5 f1 iid fedavg,cross,tw_pred_agree_grid,3,1.0,0.9656944572925568,1.0
C,K,0.5|wd1.0,setup_k_ladder K50 E5 f1 iid fedavg,cross,tw_irrep_same_dominant,3,0.0,0.0,0.5
C,K,0.5|wd1.0,setup_k_ladder K50 E5 f1 iid fedavg,cross,tw_irrep_frac_cos,3,0.08707543002321938,0.08608833363665305,0.5423169520476914
C,K,0.5|wd1.0,setup_k_ladder K50 E5 f1 iid fedavg,end,tw_step_gap,3,0.0,0.0,0.0
C,K,0.5|wd1.0,setup_k_ladder K50 E5 f1 iid fedavg,end,tw_rel_dist,3,1.52916419506073,1.4528619647026062,1.7560588717460632
C,K,0.5|wd1.0,setup_k_ladder K50 E5 f1 iid fedavg,end,tw_cos,3,1.8217440810985863e-05,-0.0015457572517334484,0.0016510035275132395
C,K,0.5|wd1.0,setup_k_ladder K50 E5 f1 iid fedavg,end,tw_first_rel_dist,3,1.5852810144424438,1.443592131137848,1.5966804027557373
C,K,0.5|wd1.0,setup_k_ladder K50 E5 f1 iid fedavg,end,tw_pred_agree_te,3,1.0,0.9538888931274414,1.0
C,K,0.5|wd1.0,setup_k_ladder K50 E5 f1 iid fedavg,end,tw_twin_acc_te,3,100.0,100.0,100.0
C,K,0.5|wd1.0,setup_k_ladder K50 E5 f1 iid fedavg,end,tw_fed_acc_te,3,100.0,95.38888931274414,100.0
C,K,0.5|wd1.0,setup_k_ladder K50 E5 f1 iid fedavg,end,tw_cka_te,3,0.10478392271117101,0.06256540845685508,0.3643703206141952
C,K,0.5|wd1.0,setup_k_ladder K50 E5 f1 iid fedavg,end,tw_pred_agree_grid,3,1.0,0.9696875214576721,1.0
C,K,0.5|wd1.0,setup_k_ladder K50 E5 f1 iid fedavg,end,tw_irrep_same_dominant,3,0.0,0.0,0.5
C,K,0.5|wd1.0,setup_k_ladder K50 E5 f1 iid fedavg,end,tw_irrep_frac_cos,3,0.07602682666223663,0.04894765055503227,0.5366988921796177
C,K,0.5|wd1.0,setup_k_ladder K50 E5 f1 iid fedavg,first,tw_step_gap,3,0.0,0.0,0.0
C,K,0.5|wd1.0,setup_k_ladder K50 E5 f1 iid fedavg,first,tw_rel_dist,3,1.632880687713623,1.5494376420974731,1.7046340107917786
C,K,0.5|wd1.0,setup_k_ladder K50 E5 f1 iid fedavg,first,tw_cos,3,0.012798738665878773,0.009644472738727927,0.012822295539081097
C,K,0.5|wd1.0,setup_k_ladder K50 E5 f1 iid fedavg,first,tw_first_rel_dist,3,1.366014838218689,1.2184962034225464,1.3700687885284424
C,K,0.5|wd1.0,setup_k_ladder K50 E5 f1 iid fedavg,first,tw_pred_agree_te,3,0.06152777746319771,0.04937499947845936,0.10381944663822651
C,K,0.5|wd1.0,setup_k_ladder K50 E5 f1 iid fedavg,first,tw_twin_acc_te,3,100.0,54.14583349227905,100.0
C,K,0.5|wd1.0,setup_k_ladder K50 E5 f1 iid fedavg,first,tw_fed_acc_te,3,14.611111640930176,10.38194465637207,21.923611164093018
C,K,0.5|wd1.0,setup_k_ladder K50 E5 f1 iid fedavg,first,tw_cka_te,3,0.03703251325097875,0.02128942205183297,0.42105790678218674
C,K,0.5|wd1.0,setup_k_ladder K50 E5 f1 iid fedavg,first,tw_pred_agree_grid,3,0.27888888120651245,0.2227083295583725,0.29777777194976807
C,K,0.5|wd1.0,setup_k_ladder K50 E5 f1 iid fedavg,first,tw_irrep_same_dominant,3,1.0,0.5,1.0
C,K,0.5|wd1.0,setup_k_ladder K50 E5 f1 iid fedavg,first,tw_irrep_frac_cos,3,0.8299207259163635,0.7014217676925266,0.9111980199307423
C,K,0.5|wd1.0,setup_k_ladder K50 E5 f1 iid fedavg,memo,tw_step_gap,2,0.0,0.0,0.0
C,K,0.5|wd1.0,setup_k_ladder K50 E5 f1 iid fedavg,memo,tw_rel_dist,2,1.3976815342903137,1.393518716096878,1.4018443524837494
C,K,0.5|wd1.0,setup_k_ladder K50 E5 f1 iid fedavg,memo,tw_cos,2,-0.0006594122678507119,-0.0007082752563292161,-0.0006105492793722078
C,K,0.5|wd1.0,setup_k_ladder K50 E5 f1 iid fedavg,memo,tw_first_rel_dist,2,1.713563323020935,1.5809788703918457,1.8461477756500244
C,K,0.5|wd1.0,setup_k_ladder K50 E5 f1 iid fedavg,memo,tw_pred_agree_te,2,1.0,1.0,1.0
C,K,0.5|wd1.0,setup_k_ladder K50 E5 f1 iid fedavg,memo,tw_twin_acc_te,2,100.0,100.0,100.0
C,K,0.5|wd1.0,setup_k_ladder K50 E5 f1 iid fedavg,memo,tw_fed_acc_te,2,100.0,100.0,100.0
C,K,0.5|wd1.0,setup_k_ladder K50 E5 f1 iid fedavg,memo,tw_cka_te,2,0.24320185989060583,0.1744690368144532,0.3119346829667584
C,K,0.5|wd1.0,setup_k_ladder K50 E5 f1 iid fedavg,memo,tw_pred_agree_grid,2,1.0,1.0,1.0
C,K,0.5|wd1.0,setup_k_ladder K50 E5 f1 iid fedavg,memo,tw_irrep_same_dominant,2,0.5,0.25,0.75
C,K,0.5|wd1.0,setup_k_ladder K50 E5 f1 iid fedavg,memo,tw_irrep_frac_cos,2,0.541329855661125,0.31321554645560584,0.7694441648666441
C,f,0.5|wd1.0,participation_setups K20 E5 f0.25 iid fedavg,end,tw_step_gap,3,0.0,0.0,0.0
C,f,0.5|wd1.0,participation_setups K20 E5 f0.25 iid fedavg,end,tw_rel_dist,3,1.3619588613510132,1.3155966401100159,1.4327811002731323
C,f,0.5|wd1.0,participation_setups K20 E5 f0.25 iid fedavg,end,tw_cos,3,0.001606643432751298,0.0015111005632206798,0.001991459517739713
C,f,0.5|wd1.0,participation_setups K20 E5 f0.25 iid fedavg,end,tw_first_rel_dist,3,1.531441330909729,1.5089600682258606,1.8244807124137878
C,f,0.5|wd1.0,participation_setups K20 E5 f0.25 iid fedavg,end,tw_pred_agree_te,3,1.0,1.0,1.0
C,f,0.5|wd1.0,participation_setups K20 E5 f0.25 iid fedavg,end,tw_twin_acc_te,3,100.0,100.0,100.0
C,f,0.5|wd1.0,participation_setups K20 E5 f0.25 iid fedavg,end,tw_fed_acc_te,3,100.0,100.0,100.0
C,f,0.5|wd1.0,participation_setups K20 E5 f0.25 iid fedavg,end,tw_cka_te,3,0.6036586457782251,0.30353646398519474,0.6463715666822314
C,f,0.5|wd1.0,participation_setups K20 E5 f0.25 iid fedavg,end,tw_pred_agree_grid,3,1.0,1.0,1.0
C,f,0.5|wd1.0,participation_setups K20 E5 f0.25 iid fedavg,end,tw_irrep_same_dominant,3,1.0,0.5,1.0
C,f,0.5|wd1.0,participation_setups K20 E5 f0.25 iid fedavg,end,tw_irrep_frac_cos,3,0.997363851604383,0.5017041437015917,0.9986011554747378
C,f,0.5|wd1.0,participation_setups K20 E5 f0.25 iid fedavg,first,tw_step_gap,3,0.0,0.0,0.0
C,f,0.5|wd1.0,participation_setups K20 E5 f0.25 iid fedavg,first,tw_rel_dist,3,1.3578200340270996,1.31442791223526,1.3826764225959778
C,f,0.5|wd1.0,participation_setups K20 E5 f0.25 iid fedavg,first,tw_cos,3,0.006025984883308411,0.0056480965577065945,0.014272721484303474
C,f,0.5|wd1.0,participation_setups K20 E5 f0.25 iid fedavg,first,tw_first_rel_dist,3,1.4618101119995117,1.4565870761871338,1.5692569017410278
C,f,0.5|wd1.0,participation_setups K20 E5 f0.25 iid fedavg,first,tw_pred_agree_te,3,1.0,0.5414583347737789,1.0
C,f,0.5|wd1.0,participation_setups K20 E5 f0.25 iid fedavg,first,tw_twin_acc_te,3,100.0,54.14583349227905,100.0
C,f,0.5|wd1.0,participation_setups K20 E5 f0.25 iid fedavg,first,tw_fed_acc_te,3,100.0,100.0,100.0
C,f,0.5|wd1.0,participation_setups K20 E5 f0.25 iid fedavg,first,tw_cka_te,3,0.4810716541561953,0.249745636038837,0.5911207337720021
C,f,0.5|wd1.0,participation_setups K20 E5 f0.25 iid fedavg,first,tw_pred_agree_grid,3,1.0,0.7707291841506958,1.0
C,f,0.5|wd1.0,participation_setups K20 E5 f0.25 iid fedavg,first,tw_irrep_same_dominant,3,1.0,0.5,1.0
C,f,0.5|wd1.0,participation_setups K20 E5 f0.25 iid fedavg,first,tw_irrep_frac_cos,3,0.9986455622298489,0.7329339535716366,0.9992602914695066
C,f,0.5|wd1.0,participation_setups K20 E5 f0.5 iid fedavg,end,tw_step_gap,3,0.0,0.0,0.0
C,f,0.5|wd1.0,participation_setups K20 E5 f0.5 iid fedavg,end,tw_rel_dist,3,1.381867527961731,1.317596673965454,1.5809575915336609
C,f,0.5|wd1.0,participation_setups K20 E5 f0.5 iid fedavg,end,tw_cos,3,0.00208859471604228,-0.001232803799211979,0.003366107353940606
C,f,0.5|wd1.0,participation_setups K20 E5 f0.5 iid fedavg,end,tw_first_rel_dist,3,1.46950364112854,1.3966710567474365,1.5856919884681702
C,f,0.5|wd1.0,participation_setups K20 E5 f0.5 iid fedavg,end,tw_pred_agree_te,3,1.0,0.9997222423553467,1.0
C,f,0.5|wd1.0,participation_setups K20 E5 f0.5 iid fedavg,end,tw_twin_acc_te,3,100.0,100.0,100.0
C,f,0.5|wd1.0,participation_setups K20 E5 f0.5 iid fedavg,end,tw_fed_acc_te,3,100.0,99.97222518920898,100.0
C,f,0.5|wd1.0,participation_setups K20 E5 f0.5 iid fedavg,end,tw_cka_te,3,0.22314762427245524,0.11210823143537493,0.23248542581752374
C,f,0.5|wd1.0,participation_setups K20 E5 f0.5 iid fedavg,end,tw_pred_agree_grid,3,1.0,0.9998611211776733,1.0
C,f,0.5|wd1.0,participation_setups K20 E5 f0.5 iid fedavg,end,tw_irrep_same_dominant,3,0.0,0.0,0.5
C,f,0.5|wd1.0,participation_setups K20 E5 f0.5 iid fedavg,end,tw_irrep_frac_cos,3,0.04161538316141677,0.025942198462339312,0.5194894503782146
C,f,0.5|wd1.0,participation_setups K20 E5 f0.5 iid fedavg,first,tw_step_gap,3,0.0,0.0,0.0
C,f,0.5|wd1.0,participation_setups K20 E5 f0.5 iid fedavg,first,tw_rel_dist,3,1.4272195100784302,1.38013356924057,1.4290565252304077
C,f,0.5|wd1.0,participation_setups K20 E5 f0.5 iid fedavg,first,tw_cos,3,0.004723282065242529,-9.21331811696291e-05,0.013116869842633605
C,f,0.5|wd1.0,participation_setups K20 E5 f0.5 iid fedavg,first,tw_first_rel_dist,3,1.424756646156311,1.34786719083786,1.4298374652862549
C,f,0.5|wd1.0,participation_setups K20 E5 f0.5 iid fedavg,first,tw_pred_agree_te,3,1.0,0.5414583347737789,1.0
C,f,0.5|wd1.0,participation_setups K20 E5 f0.5 iid fedavg,first,tw_twin_acc_te,3,100.0,54.14583349227905,100.0
C,f,0.5|wd1.0,participation_setups K20 E5 f0.5 iid fedavg,first,tw_fed_acc_te,3,100.0,99.97916793823242,100.0
C,f,0.5|wd1.0,participation_setups K20 E5 f0.5 iid fedavg,first,tw_cka_te,3,0.2620006848528968,0.13160087525812628,0.45471547272871804
C,f,0.5|wd1.0,participation_setups K20 E5 f0.5 iid fedavg,first,tw_pred_agree_grid,3,1.0,0.7707291841506958,1.0
C,f,0.5|wd1.0,participation_setups K20 E5 f0.5 iid fedavg,first,tw_irrep_same_dominant,3,1.0,0.5,1.0
C,f,0.5|wd1.0,participation_setups K20 E5 f0.5 iid fedavg,first,tw_irrep_frac_cos,3,0.652357963654224,0.3314290429726171,0.8255027543398435
D,E,0.3|wd1.0,e50_long K10 E50 f1 iid fedavg,end,tw_step_gap,3,0.0,0.0,0.0
D,E,0.3|wd1.0,e50_long K10 E50 f1 iid fedavg,end,tw_rel_dist,3,1.297106385231018,1.293232500553131,1.2974535822868347
D,E,0.3|wd1.0,e50_long K10 E50 f1 iid fedavg,end,tw_cos,3,0.01731705665588379,0.015697272028774023,0.020108030177652836
D,E,0.3|wd1.0,e50_long K10 E50 f1 iid fedavg,end,tw_first_rel_dist,3,1.2674705982208252,1.2663437724113464,1.2688118815422058
D,E,0.3|wd1.0,e50_long K10 E50 f1 iid fedavg,end,tw_pred_agree_te,3,0.785615086555481,0.7834325432777405,0.7912202477455139
D,E,0.3|wd1.0,e50_long K10 E50 f1 iid fedavg,end,tw_twin_acc_te,3,97.3511962890625,96.359130859375,97.39087677001953
D,E,0.3|wd1.0,e50_long K10 E50 f1 iid fedavg,end,tw_fed_acc_te,3,80.97222137451172,80.09424591064453,81.03174591064453
D,E,0.3|wd1.0,e50_long K10 E50 f1 iid fedavg,end,tw_cka_te,3,0.4278220929500971,0.2681751820896328,0.4686925525127277
D,E,0.3|wd1.0,e50_long K10 E50 f1 iid fedavg,end,tw_pred_agree_grid,3,0.8499305844306946,0.8484027981758118,0.8538541793823242
D,E,0.3|wd1.0,e50_long K10 E50 f1 iid fedavg,end,tw_irrep_same_dominant,3,1.0,1.0,1.0
D,E,0.3|wd1.0,e50_long K10 E50 f1 iid fedavg,end,tw_irrep_frac_cos,3,0.9964940507098186,0.9921881538496222,0.9975347097081297
D,E,0.3|wd1.0,e50_long K10 E50 f1 iid fedavg,first,tw_step_gap,3,0.0,0.0,0.0
D,E,0.3|wd1.0,e50_long K10 E50 f1 iid fedavg,first,tw_rel_dist,3,1.297106385231018,1.293232500553131,1.2974535822868347
D,E,0.3|wd1.0,e50_long K10 E50 f1 iid fedavg,first,tw_cos,3,0.01731705665588379,0.015697272028774023,0.020108030177652836
D,E,0.3|wd1.0,e50_long K10 E50 f1 iid fedavg,first,tw_first_rel_dist,3,1.2674705982208252,1.2663437724113464,1.2688118815422058
D,E,0.3|wd1.0,e50_long K10 E50 f1 iid fedavg,first,tw_pred_agree_te,3,0.785615086555481,0.7834325432777405,0.7912202477455139
D,E,0.3|wd1.0,e50_long K10 E50 f1 iid fedavg,first,tw_twin_acc_te,3,97.3511962890625,96.359130859375,97.39087677001953
D,E,0.3|wd1.0,e50_long K10 E50 f1 iid fedavg,first,tw_fed_acc_te,3,80.97222137451172,80.09424591064453,81.03174591064453
D,E,0.3|wd1.0,e50_long K10 E50 f1 iid fedavg,first,tw_cka_te,3,0.4278220929500971,0.2681751820896328,0.4686925525127277
D,E,0.3|wd1.0,e50_long K10 E50 f1 iid fedavg,first,tw_pred_agree_grid,3,0.8499305844306946,0.8484027981758118,0.8538541793823242
D,E,0.3|wd1.0,e50_long K10 E50 f1 iid fedavg,first,tw_irrep_same_dominant,3,1.0,1.0,1.0
D,E,0.3|wd1.0,e50_long K10 E50 f1 iid fedavg,first,tw_irrep_frac_cos,3,0.9964940507098186,0.9921881538496222,0.9975347097081297
D,E,0.3|wd1.0,local_epochs K10 E10 f1 iid fedavg,cross,tw_step_gap,3,0.0,0.0,0.0
D,E,0.3|wd1.0,local_epochs K10 E10 f1 iid fedavg,cross,tw_rel_dist,3,1.4259421825408936,1.4251912236213684,1.4262859225273132
D,E,0.3|wd1.0,local_epochs K10 E10 f1 iid fedavg,cross,tw_cos,3,0.021652493625879288,0.019360573962330818,0.023374412208795547
D,E,0.3|wd1.0,local_epochs K10 E10 f1 iid fedavg,cross,tw_first_rel_dist,3,1.375247597694397,1.3725196719169617,1.3806744813919067
D,E,0.3|wd1.0,local_epochs K10 E10 f1 iid fedavg,cross,tw_pred_agree_te,3,0.8250992298126221,0.8212797939777374,0.8287202417850494
D,E,0.3|wd1.0,local_epochs K10 E10 f1 iid fedavg,cross,tw_twin_acc_te,3,97.06349182128906,95.86805725097656,97.2718276977539
D,E,0.3|wd1.0,local_epochs K10 E10 f1 iid fedavg,cross,tw_fed_acc_te,3,84.83135223388672,83.91865158081055,85.37698745727539
D,E,0.3|wd1.0,local_epochs K10 E10 f1 iid fedavg,cross,tw_cka_te,3,0.4572284746499312,0.26539307424383807,0.4823424217471817
D,E,0.3|wd1.0,local_epochs K10 E10 f1 iid fedavg,cross,tw_pred_agree_grid,3,0.8775694370269775,0.874895840883255,0.8801041841506958
D,E,0.3|wd1.0,local_epochs K10 E10 f1 iid fedavg,cross,tw_irrep_same_dominant,3,1.0,1.0,1.0
D,E,0.3|wd1.0,local_epochs K10 E10 f1 iid fedavg,cross,tw_irrep_frac_cos,3,0.9962168469806278,0.9921875157263857,0.9978193547259635
D,E,0.3|wd1.0,local_epochs K10 E10 f1 iid fedavg,end,tw_step_gap,3,0.0,0.0,0.0
D,E,0.3|wd1.0,local_epochs K10 E10 f1 iid fedavg,end,tw_rel_dist,3,1.4365167617797852,1.4331238865852356,1.4372953176498413
D,E,0.3|wd1.0,local_epochs K10 E10 f1 iid fedavg,end,tw_cos,3,0.02077460289001465,0.020625188946723938,0.022606050595641136
D,E,0.3|wd1.0,local_epochs K10 E10 f1 iid fedavg,end,tw_first_rel_dist,3,1.389946460723877,1.385941743850708,1.3932257890701294
D,E,0.3|wd1.0,local_epochs K10 E10 f1 iid fedavg,end,tw_pred_agree_te,3,0.8687500357627869,0.8674603402614594,0.8689980506896973
D,E,0.3|wd1.0,local_epochs K10 E10 f1 iid fedavg,end,tw_twin_acc_te,3,97.55952453613281,96.42857360839844,97.59424591064453
D,E,0.3|wd1.0,local_epochs K10 E10 f1 iid fedavg,end,tw_fed_acc_te,3,88.53174591064453,88.43254089355469,89.22618865966797
D,E,0.3|wd1.0,local_epochs K10 E10 f1 iid fedavg,end,tw_cka_te,3,0.43061928638631414,0.25517493628917776,0.46663977979268256
D,E,0.3|wd1.0,local_epochs K10 E10 f1 iid fedavg,end,tw_pred_agree_grid,3,0.9081250429153442,0.9072222411632538,0.9082986414432526
D,E,0.3|wd1.0,local_epochs K10 E10 f1 iid fedavg,end,tw_irrep_same_dominant,3,1.0,0.5,1.0
D,E,0.3|wd1.0,local_epochs K10 E10 f1 iid fedavg,end,tw_irrep_frac_cos,3,0.9942367966465124,0.9894987859738429,0.996571935431003
D,E,0.3|wd1.0,local_epochs K10 E10 f1 iid fedavg,first,tw_step_gap,3,0.0,0.0,0.0
D,E,0.3|wd1.0,local_epochs K10 E10 f1 iid fedavg,first,tw_rel_dist,3,1.3798338174819946,1.3757479786872864,1.3818695545196533
D,E,0.3|wd1.0,local_epochs K10 E10 f1 iid fedavg,first,tw_cos,3,0.020585834980010986,0.019882461987435818,0.02202413324266672
D,E,0.3|wd1.0,local_epochs K10 E10 f1 iid fedavg,first,tw_first_rel_dist,3,1.3265079259872437,1.3197606205940247,1.3273651599884033
D,E,0.3|wd1.0,local_epochs K10 E10 f1 iid fedavg,first,tw_pred_agree_te,3,0.5271825194358826,0.5099702328443527,0.5469742119312286
D,E,0.3|wd1.0,local_epochs K10 E10 f1 iid fedavg,first,tw_twin_acc_te,3,92.23214721679688,91.80059814453125,93.68552017211914
D,E,0.3|wd1.0,local_epochs K10 E10 f1 iid fedavg,first,tw_fed_acc_te,3,55.77381134033203,53.09523963928223,57.76785850524902
D,E,0.3|wd1.0,local_epochs K10 E10 f1 iid fedavg,first,tw_cka_te,3,0.07023963767601132,0.06314772807965238,0.25509520302247074
D,E,0.3|wd1.0,local_epochs K10 E10 f1 iid fedavg,first,tw_pred_agree_grid,3,0.6690278053283691,0.6569791734218597,0.6828819811344147
D,E,0.3|wd1.0,local_epochs K10 E10 f1 iid fedavg,first,tw_irrep_same_dominant,3,1.0,1.0,1.0
D,E,0.3|wd1.0,local_epochs K10 E10 f1 iid fedavg,first,tw_irrep_frac_cos,3,0.9956579171326408,0.9933372412387903,0.9957913504142504
D,E,0.3|wd1.0,local_epochs K10 E25 f1 iid fedavg,cross,tw_step_gap,3,0.0,0.0,0.0
D,E,0.3|wd1.0,local_epochs K10 E25 f1 iid fedavg,cross,tw_rel_dist,3,1.367182970046997,1.36369389295578,1.3698517084121704
D,E,0.3|wd1.0,local_epochs K10 E25 f1 iid fedavg,cross,tw_cos,3,0.015658695250749588,0.015504737384617329,0.019398003816604614
D,E,0.3|wd1.0,local_epochs K10 E25 f1 iid fedavg,cross,tw_first_rel_dist,3,1.3336175680160522,1.3332178592681885,1.338817536830902
D,E,0.3|wd1.0,local_epochs K10 E25 f1 iid fedavg,cross,tw_pred_agree_te,3,0.8282738327980042,0.8134424686431885,0.8316468298435211
D,E,0.3|wd1.0,local_epochs K10 E25 f1 iid fedavg,cross,tw_twin_acc_te,3,97.06349182128906,95.86805725097656,97.22718048095703
D,E,0.3|wd1.0,local_epochs K10 E25 f1 iid fedavg,cross,tw_fed_acc_te,3,84.1468276977539,83.61607360839844,84.55853652954102
D,E,0.3|wd1.0,local_epochs K10 E25 f1 iid fedavg,cross,tw_cka_te,3,0.4407665678266713,0.25130873802536496,0.4769138574213284
D,E,0.3|wd1.0,local_epochs K10 E25 f1 iid fedavg,cross,tw_pred_agree_grid,3,0.8797916769981384,0.8694097399711609,0.882152795791626
D,E,0.3|wd1.0,local_epochs K10 E25 f1 iid fedavg,cross,tw_irrep_same_dominant,3,1.0,1.0,1.0
D,E,0.3|wd1.0,local_epochs K10 E25 f1 iid fedavg,cross,tw_irrep_frac_cos,3,0.9953697305322896,0.9929984403491777,0.9961571316468505
D,E,0.3|wd1.0,local_epochs K10 E25 f1 iid fedavg,end,tw_step_gap,3,0.0,0.0,0.0
D,E,0.3|wd1.0,local_epochs K10 E25 f1 iid fedavg,end,tw_rel_dist,3,1.3699301481246948,1.3690565824508667,1.3726298809051514
D,E,0.3|wd1.0,local_epochs K10 E25 f1 iid fedavg,end,tw_cos,3,0.018264951184391975,0.016097684390842915,0.019649424590170383
D,E,0.3|wd1.0,local_epochs K10 E25 f1 iid fedavg,end,tw_first_rel_dist,3,1.3448865413665771,1.342014491558075,1.3465092182159424
D,E,0.3|wd1.0,local_epochs K10 E25 f1 iid fedavg,end,tw_pred_agree_te,3,0.8480159044265747,0.8440972566604614,0.854414701461792
D,E,0.3|wd1.0,local_epochs K10 E25 f1 iid fedavg,end,tw_twin_acc_te,3,97.55952453613281,96.42857360839844,97.59424591064453
D,E,0.3|wd1.0,local_epochs K10 E25 f1 iid fedavg,end,tw_fed_acc_te,3,86.91468048095703,86.49801635742188,87.17757797241211
D,E,0.3|wd1.0,local_epochs K10 E25 f1 iid fedavg,end,tw_cka_te,3,0.4387057991868475,0.2568267557125511,0.47372973271198193
D,E,0.3|wd1.0,local_epochs K10 E25 f1 iid fedavg,end,tw_pred_agree_grid,3,0.8936111330986023,0.890868067741394,0.8980903029441833
D,E,0.3|wd1.0,local_epochs K10 E25 f1 iid fedavg,end,tw_irrep_same_dominant,3,1.0,1.0,1.0
D,E,0.3|wd1.0,local_epochs K10 E25 f1 iid fedavg,end,tw_irrep_frac_cos,3,0.9949696239939617,0.9913970718899937,0.9960207230341103
D,E,0.3|wd1.0,local_epochs K10 E25 f1 iid fedavg,first,tw_step_gap,3,0.0,0.0,0.0
D,E,0.3|wd1.0,local_epochs K10 E25 f1 iid fedavg,first,tw_rel_dist,3,1.326752781867981,1.3253161907196045,1.3300673961639404
D,E,0.3|wd1.0,local_epochs K10 E25 f1 iid fedavg,first,tw_cos,3,0.019779188558459282,0.017522026784718037,0.02047667745500803
D,E,0.3|wd1.0,local_epochs K10 E25 f1 iid fedavg,first,tw_first_rel_dist,3,1.2878860235214233,1.2873262166976929,1.2913848161697388
D,E,0.3|wd1.0,local_epochs K10 E25 f1 iid fedavg,first,tw_pred_agree_te,3,0.4705357253551483,0.4672123044729233,0.4757440537214279
D,E,0.3|wd1.0,local_epochs K10 E25 f1 iid fedavg,first,tw_twin_acc_te,3,92.23214721679688,91.80059814453125,93.68552017211914
D,E,0.3|wd1.0,local_epochs K10 E25 f1 iid fedavg,first,tw_fed_acc_te,3,48.382938385009766,48.36805725097656,49.538692474365234
D,E,0.3|wd1.0,local_epochs K10 E25 f1 iid fedavg,first,tw_cka_te,3,0.07189286733828137,0.056894494567504894,0.25770086736630604
D,E,0.3|wd1.0,local_epochs K10 E25 f1 iid fedavg,first,tw_pred_agree_grid,3,0.6293750405311584,0.6270486414432526,0.6330208480358124
D,E,0.3|wd1.0,local_epochs K10 E25 f1 iid fedavg,first,tw_irrep_same_dominant,3,1.0,0.5,1.0
D,E,0.3|wd1.0,local_epochs K10 E25 f1 iid fedavg,first,tw_irrep_frac_cos,3,0.9958371178906441,0.9920153388237974,0.9963502461068663
D,E,0.3|wd1.0,local_epochs K10 E50 f1 iid fedavg,end,tw_step_gap,3,0.0,0.0,0.0
D,E,0.3|wd1.0,local_epochs K10 E50 f1 iid fedavg,end,tw_rel_dist,3,1.2966724634170532,1.2941234111785889,1.2987433075904846
D,E,0.3|wd1.0,local_epochs K10 E50 f1 iid fedavg,end,tw_cos,3,0.015190878883004189,0.013714574743062258,0.018527401611208916
D,E,0.3|wd1.0,local_epochs K10 E50 f1 iid fedavg,end,tw_first_rel_dist,3,1.267545461654663,1.2665433287620544,1.2720739841461182
D,E,0.3|wd1.0,local_epochs K10 E50 f1 iid fedavg,end,tw_pred_agree_te,3,0.7932539582252502,0.7930059432983398,0.7954365015029907
D,E,0.3|wd1.0,local_epochs K10 E50 f1 iid fedavg,end,tw_twin_acc_te,3,97.55952453613281,96.42857360839844,97.59424591064453
D,E,0.3|wd1.0,local_epochs K10 E50 f1 iid fedavg,end,tw_fed_acc_te,3,80.83333587646484,80.61508178710938,81.27976608276367
D,E,0.3|wd1.0,local_epochs K10 E50 f1 iid fedavg,end,tw_cka_te,3,0.42818841653925394,0.2691142944997206,0.469773650167734
D,E,0.3|wd1.0,local_epochs K10 E50 f1 iid fedavg,end,tw_pred_agree_grid,3,0.8552777767181396,0.8551041781902313,0.8568055629730225
D,E,0.3|wd1.0,local_epochs K10 E50 f1 iid fedavg,end,tw_irrep_same_dominant,3,1.0,1.0,1.0
D,E,0.3|wd1.0,local_epochs K10 E50 f1 iid fedavg,end,tw_irrep_frac_cos,3,0.995892800053179,0.993792633093014,0.996934591071819
D,E,0.3|wd1.0,local_epochs K10 E50 f1 iid fedavg,first,tw_step_gap,3,0.0,0.0,0.0
D,E,0.3|wd1.0,local_epochs K10 E50 f1 iid fedavg,first,tw_rel_dist,3,1.267261266708374,1.2672425508499146,1.2727250456809998
D,E,0.3|wd1.0,local_epochs K10 E50 f1 iid fedavg,first,tw_cos,3,0.015973376110196114,0.014529796317219734,0.017332568764686584
D,E,0.3|wd1.0,local_epochs K10 E50 f1 iid fedavg,first,tw_first_rel_dist,3,1.2330466508865356,1.2327541708946228,1.2384392023086548
D,E,0.3|wd1.0,local_epochs K10 E50 f1 iid fedavg,first,tw_pred_agree_te,3,0.35029762983322144,0.34583334624767303,0.3656250089406967
D,E,0.3|wd1.0,local_epochs K10 E50 f1 iid fedavg,first,tw_twin_acc_te,3,92.23214721679688,91.80059814453125,93.68552017211914
D,E,0.3|wd1.0,local_epochs K10 E50 f1 iid fedavg,first,tw_fed_acc_te,3,35.9226188659668,35.85317611694336,37.89682579040527
D,E,0.3|wd1.0,local_epochs K10 E50 f1 iid fedavg,first,tw_cka_te,3,0.07557268514828688,0.07526542297477426,0.25663594109623283
D,E,0.3|wd1.0,local_epochs K10 E50 f1 iid fedavg,first,tw_pred_agree_grid,3,0.5452083349227905,0.542083352804184,0.5559374988079071
D,E,0.3|wd1.0,local_epochs K10 E50 f1 iid fedavg,first,tw_irrep_same_dominant,3,1.0,1.0,1.0
D,E,0.3|wd1.0,local_epochs K10 E50 f1 iid fedavg,first,tw_irrep_frac_cos,3,0.9974080811575965,0.9949998658522496,0.9977729192017604
D,K,0.3|wd1.0,aggregation K10 E5 f1 iid fedavg,cross,tw_step_gap,3,0.0,0.0,0.0
D,K,0.3|wd1.0,aggregation K10 E5 f1 iid fedavg,cross,tw_rel_dist,3,1.442365288734436,1.4400189518928528,1.4454350471496582
D,K,0.3|wd1.0,aggregation K10 E5 f1 iid fedavg,cross,tw_cos,3,0.017547668889164925,0.01704993285238743,0.020108998753130436
D,K,0.3|wd1.0,aggregation K10 E5 f1 iid fedavg,cross,tw_first_rel_dist,3,1.3863754272460938,1.3844506740570068,1.3891963362693787
D,K,0.3|wd1.0,aggregation K10 E5 f1 iid fedavg,cross,tw_pred_agree_te,3,0.8440476059913635,0.8258928656578064,0.8459821343421936
D,K,0.3|wd1.0,aggregation K10 E5 f1 iid fedavg,cross,tw_twin_acc_te,3,96.86508178710938,95.76885223388672,97.12797546386719
D,K,0.3|wd1.0,aggregation K10 E5 f1 iid fedavg,cross,tw_fed_acc_te,3,86.0714340209961,85.15873336791992,86.44345474243164
D,K,0.3|wd1.0,aggregation K10 E5 f1 iid fedavg,cross,tw_cka_te,3,0.4509831831302853,0.2625709086207428,0.4526841326792235
D,K,0.3|wd1.0,aggregation K10 E5 f1 iid fedavg,cross,tw_pred_agree_grid,3,0.8908333778381348,0.8781250417232513,0.8921875357627869
D,K,0.3|wd1.0,aggregation K10 E5 f1 iid fedavg,cross,tw_irrep_same_dominant,3,1.0,0.5,1.0
D,K,0.3|wd1.0,aggregation K10 E5 f1 iid fedavg,cross,tw_irrep_frac_cos,3,0.9952929590043825,0.9952170806008106,0.9962533469721062
D,K,0.3|wd1.0,aggregation K10 E5 f1 iid fedavg,end,tw_step_gap,3,0.0,0.0,0.0
D,K,0.3|wd1.0,aggregation K10 E5 f1 iid fedavg,end,tw_rel_dist,3,1.4502429962158203,1.449961006641388,1.45253187417984
D,K,0.3|wd1.0,aggregation K10 E5 f1 iid fedavg,end,tw_cos,3,0.018344521522521973,0.01754348073154688,0.018534750677645206
D,K,0.3|wd1.0,aggregation K10 E5 f1 iid fedavg,end,tw_first_rel_dist,3,1.3955336809158325,1.393350601196289,1.3995366096496582
D,K,0.3|wd1.0,aggregation K10 E5 f1 iid fedavg,end,tw_pred_agree_te,3,0.8689484000205994,0.85466268658638,0.8791170716285706
D,K,0.3|wd1.0,aggregation K10 E5 f1 iid fedavg,end,tw_twin_acc_te,3,97.55952453613281,96.42857360839844,97.59424591064453
D,K,0.3|wd1.0,aggregation K10 E5 f1 iid fedavg,end,tw_fed_acc_te,3,90.19841766357422,87.82242202758789,90.32242584228516
D,K,0.3|wd1.0,aggregation K10 E5 f1 iid fedavg,end,tw_cka_te,3,0.443611710084146,0.2627474172757175,0.45141198211386646
D,K,0.3|wd1.0,aggregation K10 E5 f1 iid fedavg,end,tw_pred_agree_grid,3,0.9082639217376709,0.8982639014720917,0.9153819680213928
D,K,0.3|wd1.0,aggregation K10 E5 f1 iid fedavg,end,tw_irrep_same_dominant,3,1.0,1.0,1.0
D,K,0.3|wd1.0,aggregation K10 E5 f1 iid fedavg,end,tw_irrep_frac_cos,3,0.9904543711311988,0.9894451654888374,0.9941845515058398
D,K,0.3|wd1.0,aggregation K10 E5 f1 iid fedavg,first,tw_step_gap,3,0.0,0.0,0.0
D,K,0.3|wd1.0,aggregation K10 E5 f1 iid fedavg,first,tw_rel_dist,3,1.385459303855896,1.3852266073226929,1.392150342464447
D,K,0.3|wd1.0,aggregation K10 E5 f1 iid fedavg,first,tw_cos,3,0.02036459557712078,0.01972870621830225,0.02221707534044981
D,K,0.3|wd1.0,aggregation K10 E5 f1 iid fedavg,first,tw_first_rel_dist,3,1.3222029209136963,1.3217408061027527,1.3279175758361816
D,K,0.3|wd1.0,aggregation K10 E5 f1 iid fedavg,first,tw_pred_agree_te,3,0.5332341194152832,0.5110118985176086,0.5563988089561462
D,K,0.3|wd1.0,aggregation K10 E5 f1 iid fedavg,first,tw_twin_acc_te,3,92.23214721679688,91.80059814453125,93.68552017211914
D,K,0.3|wd1.0,aggregation K10 E5 f1 iid fedavg,first,tw_fed_acc_te,3,56.53770065307617,53.86408996582031,58.04563522338867
D,K,0.3|wd1.0,aggregation K10 E5 f1 iid fedavg,first,tw_cka_te,3,0.06614178057774676,0.058146103101350585,0.2418860222332656
D,K,0.3|wd1.0,aggregation K10 E5 f1 iid fedavg,first,tw_pred_agree_grid,3,0.6732639074325562,0.6577083468437195,0.6894791722297668
D,K,0.3|wd1.0,aggregation K10 E5 f1 iid fedavg,first,tw_irrep_same_dominant,3,1.0,0.5,1.0
D,K,0.3|wd1.0,aggregation K10 E5 f1 iid fedavg,first,tw_irrep_frac_cos,3,0.9970879930670687,0.996175262853467,0.997116388992755
D,K,0.3|wd1.0,aggregation K2 E5 f1 iid fedavg,cross,tw_step_gap,3,0.0,0.0,0.0
D,K,0.3|wd1.0,aggregation K2 E5 f1 iid fedavg,cross,tw_rel_dist,3,1.4025028944015503,1.4023334383964539,1.407641351222992
D,K,0.3|wd1.0,aggregation K2 E5 f1 iid fedavg,cross,tw_cos,3,0.01718592457473278,0.015271775890141726,0.01750633493065834
D,K,0.3|wd1.0,aggregation K2 E5 f1 iid fedavg,cross,tw_first_rel_dist,3,1.4053369760513306,1.4041916728019714,1.4086968302726746
D,K,0.3|wd1.0,aggregation K2 E5 f1 iid fedavg,cross,tw_pred_agree_te,3,0.8280754089355469,0.8205357193946838,0.851289689540863
D,K,0.3|wd1.0,aggregation K2 E5 f1 iid fedavg,cross,tw_twin_acc_te,3,92.23214721679688,91.80059814453125,93.68552017211914
D,K,0.3|wd1.0,aggregation K2 E5 f1 iid fedavg,cross,tw_fed_acc_te,3,89.06745910644531,87.92162704467773,89.97520065307617
D,K,0.3|wd1.0,aggregation K2 E5 f1 iid fedavg,cross,tw_cka_te,3,0.12912652013064388,0.12283703398348449,0.2445956704322152
D,K,0.3|wd1.0,aggregation K2 E5 f1 iid fedavg,cross,tw_pred_agree_grid,3,0.8796527981758118,0.8743750154972076,0.8959028124809265
D,K,0.3|wd1.0,aggregation K2 E5 f1 iid fedavg,cross,tw_irrep_same_dominant,3,1.0,1.0,1.0
D,K,0.3|wd1.0,aggregation K2 E5 f1 iid fedavg,cross,tw_irrep_frac_cos,3,0.9975096525640701,0.997060232735725,0.9982667491158086
D,K,0.3|wd1.0,aggregation K2 E5 f1 iid fedavg,end,tw_step_gap,3,0.0,0.0,0.0
D,K,0.3|wd1.0,aggregation K2 E5 f1 iid fedavg,end,tw_rel_dist,3,1.4095484018325806,1.407893717288971,1.4124095439910889
D,K,0.3|wd1.0,aggregation K2 E5 f1 iid fedavg,end,tw_cos,3,0.01248848531395197,0.009893012465909123,0.013475093524903059
D,K,0.3|wd1.0,aggregation K2 E5 f1 iid fedavg,end,tw_first_rel_dist,3,1.4126948118209839,1.4118596911430359,1.4149535298347473
D,K,0.3|wd1.0,aggregation K2 E5 f1 iid fedavg,end,tw_pred_agree_te,3,0.946825385093689,0.9335317611694336,0.9502480030059814
D,K,0.3|wd1.0,aggregation K2 E5 f1 iid fedavg,end,tw_twin_acc_te,3,97.55952453613281,96.42857360839844,97.59424591064453
D,K,0.3|wd1.0,aggregation K2 E5 f1 iid fedavg,end,tw_fed_acc_te,3,96.41865539550781,96.06647109985352,96.85020065307617
D,K,0.3|wd1.0,aggregation K2 E5 f1 iid fedavg,end,tw_cka_te,3,0.43572276257627657,0.297907155606227,0.43696687216458596
D,K,0.3|wd1.0,aggregation K2 E5 f1 iid fedavg,end,tw_pred_agree_grid,3,0.9627777934074402,0.953472226858139,0.9651736319065094
D,K,0.3|wd1.0,aggregation K2 E5 f1 iid fedavg,end,tw_irrep_same_dominant,3,1.0,1.0,1.0
D,K,0.3|wd1.0,aggregation K2 E5 f1 iid fedavg,end,tw_irrep_frac_cos,3,0.9972208502151514,0.9941786841865274,0.9973703643471807
D,K,0.3|wd1.0,aggregation K2 E5 f1 iid fedavg,first,tw_step_gap,3,0.0,0.0,0.0
D,K,0.3|wd1.0,aggregation K2 E5 f1 iid fedavg,first,tw_rel_dist,3,1.4025028944015503,1.4023334383964539,1.407641351222992
D,K,0.3|wd1.0,aggregation K2 E5 f1 iid fedavg,first,tw_cos,3,0.01718592457473278,0.015271775890141726,0.01750633493065834
D,K,0.3|wd1.0,aggregation K2 E5 f1 iid fedavg,first,tw_first_rel_dist,3,1.4053369760513306,1.4041916728019714,1.4086968302726746
D,K,0.3|wd1.0,aggregation K2 E5 f1 iid fedavg,first,tw_pred_agree_te,3,0.8280754089355469,0.8205357193946838,0.851289689540863
D,K,0.3|wd1.0,aggregation K2 E5 f1 iid fedavg,first,tw_twin_acc_te,3,92.23214721679688,91.80059814453125,93.68552017211914
D,K,0.3|wd1.0,aggregation K2 E5 f1 iid fedavg,first,tw_fed_acc_te,3,89.06745910644531,87.92162704467773,89.97520065307617
D,K,0.3|wd1.0,aggregation K2 E5 f1 iid fedavg,first,tw_cka_te,3,0.12912652013064388,0.12283703398348449,0.2445956704322152
D,K,0.3|wd1.0,aggregation K2 E5 f1 iid fedavg,first,tw_pred_agree_grid,3,0.8796527981758118,0.8743750154972076,0.8959028124809265
D,K,0.3|wd1.0,aggregation K2 E5 f1 iid fedavg,first,tw_irrep_same_dominant,3,1.0,1.0,1.0
D,K,0.3|wd1.0,aggregation K2 E5 f1 iid fedavg,first,tw_irrep_frac_cos,3,0.9975096525640701,0.997060232735725,0.9982667491158086
D,K,0.3|wd1.0,aggregation K20 E5 f1 iid fedavg,cross,tw_step_gap,3,0.0,0.0,0.0
D,K,0.3|wd1.0,aggregation K20 E5 f1 iid fedavg,cross,tw_rel_dist,3,1.3345063924789429,1.3294180035591125,1.33709055185318
D,K,0.3|wd1.0,aggregation K20 E5 f1 iid fedavg,cross,tw_cos,3,0.022425388917326927,0.020758858881890774,0.028461803682148457
D,K,0.3|wd1.0,aggregation K20 E5 f1 iid fedavg,cross,tw_first_rel_dist,3,1.233819603919983,1.229770541191101,1.2345967888832092
D,K,0.3|wd1.0,aggregation K20 E5 f1 iid fedavg,cross,tw_pred_agree_te,3,0.8330357074737549,0.8287698328495026,0.8335317373275757
D,K,0.3|wd1.0,aggregation K20 E5 f1 iid fedavg,cross,tw_twin_acc_te,3,97.06349182128906,95.86805725097656,97.22718048095703
D,K,0.3|wd1.0,aggregation K20 E5 f1 iid fedavg,cross,tw_fed_acc_te,3,84.98016357421875,84.92063903808594,85.32242202758789
D,K,0.3|wd1.0,aggregation K20 E5 f1 iid fedavg,cross,tw_cka_te,3,0.509111179393411,0.28783060830407636,0.510030568220806
D,K,0.3|wd1.0,aggregation K20 E5 f1 iid fedavg,cross,tw_pred_agree_grid,3,0.8831250071525574,0.8801389038562775,0.8834722340106964
D,K,0.3|wd1.0,aggregation K20 E5 f1 iid fedavg,cross,tw_irrep_same_dominant,3,0.0,0.0,0.5
D,K,0.3|wd1.0,aggregation K20 E5 f1 iid fedavg,cross,tw_irrep_frac_cos,3,0.987050821274734,0.9810489635131727,0.9902705669591441
D,K,0.3|wd1.0,aggregation K20 E5 f1 iid fedavg,end,tw_step_gap,3,0.0,0.0,0.0
D,K,0.3|wd1.0,aggregation K20 E5 f1 iid fedavg,end,tw_rel_dist,3,1.3446887731552124,1.342764675617218,1.3468658328056335
D,K,0.3|wd1.0,aggregation K20 E5 f1 iid fedavg,end,tw_cos,3,0.024832379072904587,0.023954713717103004,0.027026474475860596
D,K,0.3|wd1.0,aggregation K20 E5 f1 iid fedavg,end,tw_first_rel_dist,3,1.244215965270996,1.2412714958190918,1.2460656762123108
D,K,0.3|wd1.0,aggregation K20 E5 f1 iid fedavg,end,tw_pred_agree_te,3,0.8736111521720886,0.8704861402511597,0.8791666924953461
D,K,0.3|wd1.0,aggregation K20 E5 f1 iid fedavg,end,tw_twin_acc_te,3,97.55952453613281,96.42857360839844,97.59424591064453
D,K,0.3|wd1.0,aggregation K20 E5 f1 iid fedavg,end,tw_fed_acc_te,3,88.75992584228516,88.55654907226562,90.46131134033203
D,K,0.3|wd1.0,aggregation K20 E5 f1 iid fedavg,end,tw_cka_te,3,0.5055518810555079,0.29006857706493977,0.5137147255225023
D,K,0.3|wd1.0,aggregation K20 E5 f1 iid fedavg,end,tw_pred_agree_grid,3,0.9115278124809265,0.9093402922153473,0.9154166877269745
D,K,0.3|wd1.0,aggregation K20 E5 f1 iid fedavg,end,tw_irrep_same_dominant,3,0.0,0.0,0.0
D,K,0.3|wd1.0,aggregation K20 E5 f1 iid fedavg,end,tw_irrep_frac_cos,3,0.9806475425918605,0.969241151254667,0.9850702468196273
D,K,0.3|wd1.0,aggregation K20 E5 f1 iid fedavg,first,tw_step_gap,3,0.0,0.0,0.0
D,K,0.3|wd1.0,aggregation K20 E5 f1 iid fedavg,first,tw_rel_dist,3,1.271350622177124,1.268234670162201,1.272628664970398
D,K,0.3|wd1.0,aggregation K20 E5 f1 iid fedavg,first,tw_cos,3,0.024702487513422966,0.022537962533533573,0.02831148076802492
D,K,0.3|wd1.0,aggregation K20 E5 f1 iid fedavg,first,tw_first_rel_dist,3,1.178460717201233,1.177579641342163,1.1790435314178467
D,K,0.3|wd1.0,aggregation K20 E5 f1 iid fedavg,first,tw_pred_agree_te,3,0.3534722328186035,0.3224702477455139,0.3581845313310623
D,K,0.3|wd1.0,aggregation K20 E5 f1 iid fedavg,first,tw_twin_acc_te,3,92.23214721679688,91.80059814453125,93.68552017211914
D,K,0.3|wd1.0,aggregation K20 E5 f1 iid fedavg,first,tw_fed_acc_te,3,37.123016357421875,33.32341384887695,37.5
D,K,0.3|wd1.0,aggregation K20 E5 f1 iid fedavg,first,tw_cka_te,3,0.03859939062778482,0.038224280134511124,0.24316591191003295
D,K,0.3|wd1.0,aggregation K20 E5 f1 iid fedavg,first,tw_pred_agree_grid,3,0.5474305748939514,0.5256597399711609,0.550694465637207
D,K,0.3|wd1.0,aggregation K20 E5 f1 iid fedavg,first,tw_irrep_same_dominant,3,1.0,1.0,1.0
D,K,0.3|wd1.0,aggregation K20 E5 f1 iid fedavg,first,tw_irrep_frac_cos,3,0.9860438859091728,0.9855605761802737,0.9884458141877698
D,K,0.3|wd1.0,aggregation K5 E5 f1 iid fedavg,cross,tw_step_gap,3,0.0,0.0,0.0
D,K,0.3|wd1.0,aggregation K5 E5 f1 iid fedavg,cross,tw_rel_dist,3,1.4229212999343872,1.4225932359695435,1.4281355142593384
D,K,0.3|wd1.0,aggregation K5 E5 f1 iid fedavg,cross,tw_cos,3,0.015915928408503532,0.015450123231858015,0.015991472639143467
D,K,0.3|wd1.0,aggregation K5 E5 f1 iid fedavg,cross,tw_first_rel_dist,3,1.4183613061904907,1.4176263213157654,1.4223923683166504
D,K,0.3|wd1.0,aggregation K5 E5 f1 iid fedavg,cross,tw_pred_agree_te,3,0.7828373312950134,0.7692460417747498,0.787549614906311
D,K,0.3|wd1.0,aggregation K5 E5 f1 iid fedavg,cross,tw_twin_acc_te,3,92.23214721679688,91.80059814453125,93.68552017211914
D,K,0.3|wd1.0,aggregation K5 E5 f1 iid fedavg,cross,tw_fed_acc_te,3,81.98412322998047,81.40377044677734,82.7728157043457
D,K,0.3|wd1.0,aggregation K5 E5 f1 iid fedavg,cross,tw_cka_te,3,0.1044296427105936,0.10078543616301344,0.25400309735890836
D,K,0.3|wd1.0,aggregation K5 E5 f1 iid fedavg,cross,tw_pred_agree_grid,3,0.847986102104187,0.8384722173213959,0.8512847423553467
D,K,0.3|wd1.0,aggregation K5 E5 f1 iid fedavg,cross,tw_irrep_same_dominant,3,1.0,1.0,1.0
D,K,0.3|wd1.0,aggregation K5 E5 f1 iid fedavg,cross,tw_irrep_frac_cos,3,0.9966694529644207,0.9964770501208957,0.9975452773355132
D,K,0.3|wd1.0,aggregation K5 E5 f1 iid fedavg,end,tw_step_gap,3,0.0,0.0,0.0
D,K,0.3|wd1.0,aggregation K5 E5 f1 iid fedavg,end,tw_rel_dist,3,1.4230746030807495,1.4219615459442139,1.4276121258735657
D,K,0.3|wd1.0,aggregation K5 E5 f1 iid fedavg,end,tw_cos,3,0.01569487527012825,0.011068369960412383,0.01605613250285387
D,K,0.3|wd1.0,aggregation K5 E5 f1 iid fedavg,end,tw_first_rel_dist,3,1.4243017435073853,1.4235709309577942,1.4281349182128906
D,K,0.3|wd1.0,aggregation K5 E5 f1 iid fedavg,end,tw_pred_agree_te,3,0.932440459728241,0.925595223903656,0.9330853223800659
D,K,0.3|wd1.0,aggregation K5 E5 f1 iid fedavg,end,tw_twin_acc_te,3,97.55952453613281,96.42857360839844,97.59424591064453
D,K,0.3|wd1.0,aggregation K5 E5 f1 iid fedavg,end,tw_fed_acc_te,3,95.2579345703125,95.12400817871094,95.47122955322266
D,K,0.3|wd1.0,aggregation K5 E5 f1 iid fedavg,end,tw_cka_te,3,0.45684114749123483,0.2971408442618727,0.46108737404580247
D,K,0.3|wd1.0,aggregation K5 E5 f1 iid fedavg,end,tw_pred_agree_grid,3,0.95270836353302,0.9479166865348816,0.953159749507904
D,K,0.3|wd1.0,aggregation K5 E5 f1 iid fedavg,end,tw_irrep_same_dominant,3,1.0,1.0,1.0
D,K,0.3|wd1.0,aggregation K5 E5 f1 iid fedavg,end,tw_irrep_frac_cos,3,0.9975085250821788,0.996839320090735,0.997800875096573
D,K,0.3|wd1.0,aggregation K5 E5 f1 iid fedavg,first,tw_step_gap,3,0.0,0.0,0.0
D,K,0.3|wd1.0,aggregation K5 E5 f1 iid fedavg,first,tw_rel_dist,3,1.4229212999343872,1.4225932359695435,1.4281355142593384
D,K,0.3|wd1.0,aggregation K5 E5 f1 iid fedavg,first,tw_cos,3,0.015915928408503532,0.015450123231858015,0.015991472639143467
D,K,0.3|wd1.0,aggregation K5 E5 f1 iid fedavg,first,tw_first_rel_dist,3,1.4183613061904907,1.4176263213157654,1.4223923683166504
D,K,0.3|wd1.0,aggregation K5 E5 f1 iid fedavg,first,tw_pred_agree_te,3,0.7828373312950134,0.7692460417747498,0.787549614906311
D,K,0.3|wd1.0,aggregation K5 E5 f1 iid fedavg,first,tw_twin_acc_te,3,92.23214721679688,91.80059814453125,93.68552017211914
D,K,0.3|wd1.0,aggregation K5 E5 f1 iid fedavg,first,tw_fed_acc_te,3,81.98412322998047,81.40377044677734,82.7728157043457
D,K,0.3|wd1.0,aggregation K5 E5 f1 iid fedavg,first,tw_cka_te,3,0.1044296427105936,0.10078543616301344,0.25400309735890836
D,K,0.3|wd1.0,aggregation K5 E5 f1 iid fedavg,first,tw_pred_agree_grid,3,0.847986102104187,0.8384722173213959,0.8512847423553467
D,K,0.3|wd1.0,aggregation K5 E5 f1 iid fedavg,first,tw_irrep_same_dominant,3,1.0,1.0,1.0
D,K,0.3|wd1.0,aggregation K5 E5 f1 iid fedavg,first,tw_irrep_frac_cos,3,0.9966694529644207,0.9964770501208957,0.9975452773355132
D,K,0.3|wd1.0,aggregation K50 E5 f1 iid fedavg,end,tw_step_gap,3,0.0,0.0,0.0
D,K,0.3|wd1.0,aggregation K50 E5 f1 iid fedavg,end,tw_rel_dist,3,1.259438157081604,1.259158730506897,1.2623130679130554
D,K,0.3|wd1.0,aggregation K50 E5 f1 iid fedavg,end,tw_cos,3,0.033096201717853546,0.03282766789197922,0.03544301353394985
D,K,0.3|wd1.0,aggregation K50 E5 f1 iid fedavg,end,tw_first_rel_dist,3,1.0645509958267212,1.0609941482543945,1.065345048904419
D,K,0.3|wd1.0,aggregation K50 E5 f1 iid fedavg,end,tw_pred_agree_te,3,0.3234127163887024,0.3180059641599655,0.34191469848155975
D,K,0.3|wd1.0,aggregation K50 E5 f1 iid fedavg,end,tw_twin_acc_te,3,97.55952453613281,96.42857360839844,97.59424591064453
D,K,0.3|wd1.0,aggregation K50 E5 f1 iid fedavg,end,tw_fed_acc_te,3,32.5,32.2023811340332,34.40972137451172
D,K,0.3|wd1.0,aggregation K50 E5 f1 iid fedavg,end,tw_cka_te,3,0.5180297818337972,0.2756975686518282,0.5244416314883955
D,K,0.3|wd1.0,aggregation K50 E5 f1 iid fedavg,end,tw_pred_agree_grid,3,0.4541666805744171,0.4519791752099991,0.47263890504837036
D,K,0.3|wd1.0,aggregation K50 E5 f1 iid fedavg,end,tw_irrep_same_dominant,3,0.0,0.0,0.0
D,K,0.3|wd1.0,aggregation K50 E5 f1 iid fedavg,end,tw_irrep_frac_cos,3,0.9826041006535482,0.9766819430469009,0.9847337924872976
D,K,0.3|wd1.0,aggregation K50 E5 f1 iid fedavg,first,tw_step_gap,3,0.0,0.0,0.0
D,K,0.3|wd1.0,aggregation K50 E5 f1 iid fedavg,first,tw_rel_dist,3,1.2368879318237305,1.2352380156517029,1.242616355419159
D,K,0.3|wd1.0,aggregation K50 E5 f1 iid fedavg,first,tw_cos,3,0.03332516551017761,0.03192202840000391,0.03551298938691616
D,K,0.3|wd1.0,aggregation K50 E5 f1 iid fedavg,first,tw_first_rel_dist,3,1.033109426498413,1.0313491821289062,1.0332931876182556
D,K,0.3|wd1.0,aggregation K50 E5 f1 iid fedavg,first,tw_pred_agree_te,3,0.02420634962618351,0.021775794215500355,0.027033730410039425
D,K,0.3|wd1.0,aggregation K50 E5 f1 iid fedavg,first,tw_twin_acc_te,3,92.23214721679688,91.80059814453125,93.68552017211914
D,K,0.3|wd1.0,aggregation K50 E5 f1 iid fedavg,first,tw_fed_acc_te,3,2.4007937908172607,2.1081350445747375,2.638888955116272
D,K,0.3|wd1.0,aggregation K50 E5 f1 iid fedavg,first,tw_cka_te,3,0.028562053016141797,0.023153311130796782,0.23524676786244192
D,K,0.3|wd1.0,aggregation K50 E5 f1 iid fedavg,first,tw_pred_agree_grid,3,0.12819445133209229,0.12531250342726707,0.13052083551883698
D,K,0.3|wd1.0,aggregation K50 E5 f1 iid fedavg,first,tw_irrep_same_dominant,3,1.0,1.0,1.0
D,K,0.3|wd1.0,aggregation K50 E5 f1 iid fedavg,first,tw_irrep_frac_cos,3,0.9814730534193455,0.9613347063879525,0.9865113062015565
D,K,0.3|wd1.0,setup_k_ladder K10 E5 f1 iid fedavg,cross,tw_step_gap,2,0.0,0.0,0.0
D,K,0.3|wd1.0,setup_k_ladder K10 E5 f1 iid fedavg,cross,tw_rel_dist,2,1.440477430820465,1.4388223588466644,1.4421325027942657
D,K,0.3|wd1.0,setup_k_ladder K10 E5 f1 iid fedavg,cross,tw_cos,2,0.019030018709599972,0.016826991457492113,0.02123304596170783
D,K,0.3|wd1.0,setup_k_ladder K10 E5 f1 iid fedavg,cross,tw_first_rel_dist,2,1.385058581829071,1.3840844929218292,1.3860326707363129
D,K,0.3|wd1.0,setup_k_ladder K10 E5 f1 iid fedavg,cross,tw_pred_agree_te,2,0.8254960179328918,0.8196428418159485,0.8313491940498352
D,K,0.3|wd1.0,setup_k_ladder K10 E5 f1 iid fedavg,cross,tw_twin_acc_te,2,95.71429061889648,95.17857551574707,96.2500057220459
D,K,0.3|wd1.0,setup_k_ladder K10 E5 f1 iid fedavg,cross,tw_fed_acc_te,2,85.0843276977539,84.90823745727539,85.26041793823242
D,K,0.3|wd1.0,setup_k_ladder K10 E5 f1 iid fedavg,cross,tw_cka_te,2,0.26002046554302494,0.1672944099063034,0.3527465211797465
D,K,0.3|wd1.0,setup_k_ladder K10 E5 f1 iid fedavg,cross,tw_pred_agree_grid,2,0.8778472542762756,0.8737500309944153,0.881944477558136
D,K,0.3|wd1.0,setup_k_ladder K10 E5 f1 iid fedavg,cross,tw_irrep_same_dominant,2,1.0,1.0,1.0
D,K,0.3|wd1.0,setup_k_ladder K10 E5 f1 iid fedavg,cross,tw_irrep_frac_cos,2,0.9943444222591216,0.9934356834692127,0.9952531610490305
D,K,0.3|wd1.0,setup_k_ladder K10 E5 f1 iid fedavg,end,tw_step_gap,3,0.0,0.0,0.0
D,K,0.3|wd1.0,setup_k_ladder K10 E5 f1 iid fedavg,end,tw_rel_dist,3,1.4404189586639404,1.4390646815299988,1.4437406063079834
D,K,0.3|wd1.0,setup_k_ladder K10 E5 f1 iid fedavg,end,tw_cos,3,0.022421596571803093,0.017618253361433744,0.024667941965162754
D,K,0.3|wd1.0,setup_k_ladder K10 E5 f1 iid fedavg,end,tw_first_rel_dist,3,1.3850129842758179,1.382263958454132,1.3891074657440186
D,K,0.3|wd1.0,setup_k_ladder K10 E5 f1 iid fedavg,end,tw_pred_agree_te,3,0.8180555701255798,0.8142361342906952,0.8360615074634552
D,K,0.3|wd1.0,setup_k_ladder K10 E5 f1 iid fedavg,end,tw_twin_acc_te,3,97.06349182128906,95.87301635742188,97.36607360839844
D,K,0.3|wd1.0,setup_k_ladder K10 E5 f1 iid fedavg,end,tw_fed_acc_te,3,85.2579345703125,83.6954345703125,86.17559814453125
D,K,0.3|wd1.0,setup_k_ladder K10 E5 f1 iid fedavg,end,tw_cka_te,3,0.4380055724564184,0.2593564571345175,0.4434711303476634
D,K,0.3|wd1.0,setup_k_ladder K10 E5 f1 iid fedavg,end,tw_pred_agree_grid,3,0.8726388812065125,0.8699652850627899,0.8852430582046509
D,K,0.3|wd1.0,setup_k_ladder K10 E5 f1 iid fedavg,end,tw_irrep_same_dominant,3,1.0,1.0,1.0
D,K,0.3|wd1.0,setup_k_ladder K10 E5 f1 iid fedavg,end,tw_irrep_frac_cos,3,0.9941646385851833,0.993434045336836,0.9952459602349436
D,K,0.3|wd1.0,setup_k_ladder K10 E5 f1 iid fedavg,first,tw_step_gap,3,0.0,0.0,0.0
D,K,0.3|wd1.0,setup_k_ladder K10 E5 f1 iid fedavg,first,tw_rel_dist,3,1.3365283012390137,1.3349670767784119,1.3373225927352905
D,K,0.3|wd1.0,setup_k_ladder K10 E5 f1 iid fedavg,first,tw_cos,3,0.03132043778896332,0.028891543857753277,0.031660296022892
D,K,0.3|wd1.0,setup_k_ladder K10 E5 f1 iid fedavg,first,tw_first_rel_dist,3,1.2492129802703857,1.2469987869262695,1.2499452233314514
D,K,0.3|wd1.0,setup_k_ladder K10 E5 f1 iid fedavg,first,tw_pred_agree_te,3,0.04146825522184372,0.04097222350537777,0.04677579551935196
D,K,0.3|wd1.0,setup_k_ladder K10 E5 f1 iid fedavg,first,tw_twin_acc_te,3,20.486112594604492,18.779762268066406,20.491071701049805
D,K,0.3|wd1.0,setup_k_ladder K10 E5 f1 iid fedavg,first,tw_fed_acc_te,3,8.154762268066406,7.673611402511597,8.209325790405273
D,K,0.3|wd1.0,setup_k_ladder K10 E5 f1 iid fedavg,first,tw_cka_te,3,0.12949367900917796,0.11546702800580738,0.3127464580306316
D,K,0.3|wd1.0,setup_k_ladder K10 E5 f1 iid fedavg,first,tw_pred_agree_grid,3,0.32902777194976807,0.3286805599927902,0.3327430635690689
D,K,0.3|wd1.0,setup_k_ladder K10 E5 f1 iid fedavg,first,tw_irrep_same_dominant,3,1.0,1.0,1.0
D,K,0.3|wd1.0,setup_k_ladder K10 E5 f1 iid fedavg,first,tw_irrep_frac_cos,3,0.9948714277989447,0.9947367919758991,0.9966048231837024
D,K,0.3|wd1.0,setup_k_ladder K20 E5 f1 iid fedavg,cross,tw_step_gap,1,0.0,0.0,0.0
D,K,0.3|wd1.0,setup_k_ladder K20 E5 f1 iid fedavg,cross,tw_rel_dist,1,1.3327431678771973,1.3327431678771973,1.3327431678771973
D,K,0.3|wd1.0,setup_k_ladder K20 E5 f1 iid fedavg,cross,tw_cos,1,0.0277593731880188,0.0277593731880188,0.0277593731880188
D,K,0.3|wd1.0,setup_k_ladder K20 E5 f1 iid fedavg,cross,tw_first_rel_dist,1,1.2349390983581543,1.2349390983581543,1.2349390983581543
D,K,0.3|wd1.0,setup_k_ladder K20 E5 f1 iid fedavg,cross,tw_pred_agree_te,1,0.8211309909820557,0.8211309909820557,0.8211309909820557
D,K,0.3|wd1.0,setup_k_ladder K20 E5 f1 iid fedavg,cross,tw_twin_acc_te,1,94.68254089355469,94.68254089355469,94.68254089355469
D,K,0.3|wd1.0,setup_k_ladder K20 E5 f1 iid fedavg,cross,tw_fed_acc_te,1,85.51587677001953,85.51587677001953,85.51587677001953
D,K,0.3|wd1.0,setup_k_ladder K20 E5 f1 iid fedavg,cross,tw_cka_te,1,0.06779773887388033,0.06779773887388033,0.06779773887388033
D,K,0.3|wd1.0,setup_k_ladder K20 E5 f1 iid fedavg,cross,tw_pred_agree_grid,1,0.87479168176651,0.87479168176651,0.87479168176651
D,K,0.3|wd1.0,setup_k_ladder K20 E5 f1 iid fedavg,cross,tw_irrep_same_dominant,1,0.0,0.0,0.0
D,K,0.3|wd1.0,setup_k_ladder K20 E5 f1 iid fedavg,cross,tw_irrep_frac_cos,1,0.9765982473288852,0.9765982473288852,0.9765982473288852
D,K,0.3|wd1.0,setup_k_ladder K20 E5 f1 iid fedavg,end,tw_step_gap,3,0.0,0.0,0.0
D,K,0.3|wd1.0,setup_k_ladder K20 E5 f1 iid fedavg,end,tw_rel_dist,3,1.3327431678771973,1.330176055431366,1.333495855331421
D,K,0.3|wd1.0,setup_k_ladder K20 E5 f1 iid fedavg,end,tw_cos,3,0.0277593731880188,0.026711611077189445,0.028302249498665333
D,K,0.3|wd1.0,setup_k_ladder K20 E5 f1 iid fedavg,end,tw_first_rel_dist,3,1.2312732934951782,1.228074550628662,1.2331061959266663
D,K,0.3|wd1.0,setup_k_ladder K20 E5 f1 iid fedavg,end,tw_pred_agree_te,3,0.8211309909820557,0.8165674805641174,0.8241071701049805
D,K,0.3|wd1.0,setup_k_ladder K20 E5 f1 iid fedavg,end,tw_twin_acc_te,3,97.06349182128906,95.87301635742188,97.36607360839844
D,K,0.3|wd1.0,setup_k_ladder K20 E5 f1 iid fedavg,end,tw_fed_acc_te,3,84.02777862548828,83.41765975952148,84.7718276977539
D,K,0.3|wd1.0,setup_k_ladder K20 E5 f1 iid fedavg,end,tw_cka_te,3,0.5143792865683864,0.29108851272113334,0.5203351028099564
D,K,0.3|wd1.0,setup_k_ladder K20 E5 f1 iid fedavg,end,tw_pred_agree_grid,3,0.87479168176651,0.8715972304344177,0.8768750131130219
D,K,0.3|wd1.0,setup_k_ladder K20 E5 f1 iid fedavg,end,tw_irrep_same_dominant,3,0.0,0.0,0.0
D,K,0.3|wd1.0,setup_k_ladder K20 E5 f1 iid fedavg,end,tw_irrep_frac_cos,3,0.9864308253013755,0.9815145363151303,0.989159293880407
D,K,0.3|wd1.0,setup_k_ladder K20 E5 f1 iid fedavg,first,tw_step_gap,3,0.0,0.0,0.0
D,K,0.3|wd1.0,setup_k_ladder K20 E5 f1 iid fedavg,first,tw_rel_dist,3,1.2295899391174316,1.227639079093933,1.2306007146835327
D,K,0.3|wd1.0,setup_k_ladder K20 E5 f1 iid fedavg,first,tw_cos,3,0.03630723059177399,0.032880594953894615,0.0391236636787653
D,K,0.3|wd1.0,setup_k_ladder K20 E5 f1 iid fedavg,first,tw_first_rel_dist,3,1.1186230182647705,1.1153547763824463,1.120287835597992
D,K,0.3|wd1.0,setup_k_ladder K20 E5 f1 iid fedavg,first,tw_pred_agree_te,3,0.02956349216401577,0.02767857164144516,0.038591270335018635
D,K,0.3|wd1.0,setup_k_ladder K20 E5 f1 iid fedavg,first,tw_twin_acc_te,3,20.486112594604492,18.779762268066406,20.491071701049805
D,K,0.3|wd1.0,setup_k_ladder K20 E5 f1 iid fedavg,first,tw_fed_acc_te,3,1.7857143878936768,1.701388955116272,2.01884925365448
D,K,0.3|wd1.0,setup_k_ladder K20 E5 f1 iid fedavg,first,tw_cka_te,3,0.11752951909319471,0.09597758371391706,0.3138554105534175
D,K,0.3|wd1.0,setup_k_ladder K20 E5 f1 iid fedavg,first,tw_pred_agree_grid,3,0.31118056178092957,0.3085416704416275,0.3178819566965103
D,K,0.3|wd1.0,setup_k_ladder K20 E5 f1 iid fedavg,first,tw_irrep_same_dominant,3,1.0,1.0,1.0
D,K,0.3|wd1.0,setup_k_ladder K20 E5 f1 iid fedavg,first,tw_irrep_frac_cos,3,0.9917217008125191,0.985067382163095,0.9934457681573461
D,K,0.3|wd1.0,setup_k_ladder K20 E5 f1 iid fedavg,memo,tw_step_gap,3,0.0,0.0,0.0
D,K,0.3|wd1.0,setup_k_ladder K20 E5 f1 iid fedavg,memo,tw_rel_dist,3,1.2460389137268066,1.2358635663986206,1.2523565292358398
D,K,0.3|wd1.0,setup_k_ladder K20 E5 f1 iid fedavg,memo,tw_cos,3,0.03052358888089657,0.027298400178551674,0.03623184282332659
D,K,0.3|wd1.0,setup_k_ladder K20 E5 f1 iid fedavg,memo,tw_first_rel_dist,3,1.1578015089035034,1.1349440217018127,1.159768521785736
D,K,0.3|wd1.0,setup_k_ladder K20 E5 f1 iid fedavg,memo,tw_pred_agree_te,3,0.16150793433189392,0.10456349141895771,0.16562499850988388
D,K,0.3|wd1.0,setup_k_ladder K20 E5 f1 iid fedavg,memo,tw_twin_acc_te,3,79.26587677001953,48.169644355773926,82.22222518920898
D,K,0.3|wd1.0,setup_k_ladder K20 E5 f1 iid fedavg,memo,tw_fed_acc_te,3,16.686508178710938,9.46924614906311,17.7380952835083
D,K,0.3|wd1.0,setup_k_ladder K20 E5 f1 iid fedavg,memo,tw_cka_te,3,0.5101813020136403,0.27111375811005767,0.5299430593175277
D,K,0.3|wd1.0,setup_k_ladder K20 E5 f1 iid fedavg,memo,tw_pred_agree_grid,3,0.41180557012557983,0.36819446086883545,0.41496528685092926
D,K,0.3|wd1.0,setup_k_ladder K20 E5 f1 iid fedavg,memo,tw_irrep_same_dominant,3,1.0,1.0,1.0
D,K,0.3|wd1.0,setup_k_ladder K20 E5 f1 iid fedavg,memo,tw_irrep_frac_cos,3,0.9879876761512368,0.9862685250591139,0.991578755826705
D,K,0.3|wd1.0,setup_k_ladder K5 E5 f1 iid fedavg,cross,tw_step_gap,3,0.0,0.0,0.0
D,K,0.3|wd1.0,setup_k_ladder K5 E5 f1 iid fedavg,cross,tw_rel_dist,3,1.4278874397277832,1.427785336971283,1.4330023527145386
D,K,0.3|wd1.0,setup_k_ladder K5 E5 f1 iid fedavg,cross,tw_cos,3,0.011415817774832249,0.010391186457127333,0.013065684586763382
D,K,0.3|wd1.0,setup_k_ladder K5 E5 f1 iid fedavg,cross,tw_first_rel_dist,3,1.4250826835632324,1.4236259460449219,1.4285296201705933
D,K,0.3|wd1.0,setup_k_ladder K5 E5 f1 iid fedavg,cross,tw_pred_agree_te,3,0.8311508297920227,0.8300595581531525,0.8314484357833862
D,K,0.3|wd1.0,setup_k_ladder K5 E5 f1 iid fedavg,cross,tw_twin_acc_te,3,93.31349182128906,93.29861068725586,94.81150817871094
D,K,0.3|wd1.0,setup_k_ladder K5 E5 f1 iid fedavg,cross,tw_fed_acc_te,3,87.33135223388672,86.34920883178711,87.5148811340332
D,K,0.3|wd1.0,setup_k_ladder K5 E5 f1 iid fedavg,cross,tw_cka_te,3,0.11258236599287404,0.10639674154269507,0.2781834110526846
D,K,0.3|wd1.0,setup_k_ladder K5 E5 f1 iid fedavg,cross,tw_pred_agree_grid,3,0.8818055987358093,0.8810417056083679,0.8820139169692993
D,K,0.3|wd1.0,setup_k_ladder K5 E5 f1 iid fedavg,cross,tw_irrep_same_dominant,3,1.0,1.0,1.0
D,K,0.3|wd1.0,setup_k_ladder K5 E5 f1 iid fedavg,cross,tw_irrep_frac_cos,3,0.9948280082683771,0.9946821634579597,0.9957930508083768
D,K,0.3|wd1.0,setup_k_ladder K5 E5 f1 iid fedavg,end,tw_step_gap,3,0.0,0.0,0.0
D,K,0.3|wd1.0,setup_k_ladder K5 E5 f1 iid fedavg,end,tw_rel_dist,3,1.427822470664978,1.4278122782707214,1.428629994392395
D,K,0.3|wd1.0,setup_k_ladder K5 E5 f1 iid fedavg,end,tw_cos,3,0.010448061861097813,0.00933061819523573,0.011220086365938187
D,K,0.3|wd1.0,setup_k_ladder K5 E5 f1 iid fedavg,end,tw_first_rel_dist,3,1.4277033805847168,1.4258537292480469,1.4287453889846802
D,K,0.3|wd1.0,setup_k_ladder K5 E5 f1 iid fedavg,end,tw_pred_agree_te,3,0.930059552192688,0.9161210656166077,0.9305555820465088
D,K,0.3|wd1.0,setup_k_ladder K5 E5 f1 iid fedavg,end,tw_twin_acc_te,3,97.06349182128906,95.87301635742188,97.36607360839844
D,K,0.3|wd1.0,setup_k_ladder K5 E5 f1 iid fedavg,end,tw_fed_acc_te,3,94.64286041259766,94.55853271484375,94.96031951904297
D,K,0.3|wd1.0,setup_k_ladder K5 E5 f1 iid fedavg,end,tw_cka_te,3,0.4480837854347663,0.2896184765249399,0.4552457173282708
D,K,0.3|wd1.0,setup_k_ladder K5 E5 f1 iid fedavg,end,tw_pred_agree_grid,3,0.9510416984558105,0.9412847459316254,0.9513889253139496
D,K,0.3|wd1.0,setup_k_ladder K5 E5 f1 iid fedavg,end,tw_irrep_same_dominant,3,1.0,1.0,1.0
D,K,0.3|wd1.0,setup_k_ladder K5 E5 f1 iid fedavg,end,tw_irrep_frac_cos,3,0.9964085595142235,0.9939700306952479,0.9967809535424833
D,K,0.3|wd1.0,setup_k_ladder K5 E5 f1 iid fedavg,first,tw_step_gap,3,0.0,0.0,0.0
D,K,0.3|wd1.0,setup_k_ladder K5 E5 f1 iid fedavg,first,tw_rel_dist,3,1.463672161102295,1.4616230130195618,1.4665432572364807
D,K,0.3|wd1.0,setup_k_ladder K5 E5 f1 iid fedavg,first,tw_cos,3,0.034872788935899734,0.03171536326408386,0.03550735302269459
D,K,0.3|wd1.0,setup_k_ladder K5 E5 f1 iid fedavg,first,tw_first_rel_dist,3,1.4066802263259888,1.4052404761314392,1.4106954336166382
D,K,0.3|wd1.0,setup_k_ladder K5 E5 f1 iid fedavg,first,tw_pred_agree_te,3,0.07053571194410324,0.06775793433189392,0.07480158656835556
D,K,0.3|wd1.0,setup_k_ladder K5 E5 f1 iid fedavg,first,tw_twin_acc_te,3,20.486112594604492,18.779762268066406,20.491071701049805
D,K,0.3|wd1.0,setup_k_ladder K5 E5 f1 iid fedavg,first,tw_fed_acc_te,3,21.259920120239258,19.389881134033203,22.554563522338867
D,K,0.3|wd1.0,setup_k_ladder K5 E5 f1 iid fedavg,first,tw_cka_te,3,0.1610275225121869,0.13694304024977527,0.3146428894710386
D,K,0.3|wd1.0,setup_k_ladder K5 E5 f1 iid fedavg,first,tw_pred_agree_grid,3,0.34937500953674316,0.3474305719137192,0.35236111283302307
D,K,0.3|wd1.0,setup_k_ladder K5 E5 f1 iid fedavg,first,tw_irrep_same_dominant,3,1.0,1.0,1.0
D,K,0.3|wd1.0,setup_k_ladder K5 E5 f1 iid fedavg,first,tw_irrep_frac_cos,3,0.9984055371365174,0.997070010382688,0.9985639917125175
D,K,0.3|wd1.0,setup_k_ladder K50 E5 f1 iid fedavg,end,tw_step_gap,3,0.0,0.0,0.0
D,K,0.3|wd1.0,setup_k_ladder K50 E5 f1 iid fedavg,end,tw_rel_dist,3,1.256371259689331,1.2550313472747803,1.257746934890747
D,K,0.3|wd1.0,setup_k_ladder K50 E5 f1 iid fedavg,end,tw_cos,3,0.03537513315677643,0.03497919254004955,0.036725860089063644
D,K,0.3|wd1.0,setup_k_ladder K50 E5 f1 iid fedavg,end,tw_first_rel_dist,3,1.0561537742614746,1.0548138618469238,1.0561784505844116
D,K,0.3|wd1.0,setup_k_ladder K50 E5 f1 iid fedavg,end,tw_pred_agree_te,3,0.20942460000514984,0.2078372985124588,0.23898809403181076
D,K,0.3|wd1.0,setup_k_ladder K50 E5 f1 iid fedavg,end,tw_twin_acc_te,3,97.06349182128906,95.87301635742188,97.36607360839844
D,K,0.3|wd1.0,setup_k_ladder K50 E5 f1 iid fedavg,end,tw_fed_acc_te,3,20.942459106445312,20.90277671813965,23.97321319580078
D,K,0.3|wd1.0,setup_k_ladder K50 E5 f1 iid fedavg,end,tw_cka_te,3,0.5248431795758169,0.2780994351661181,0.5267239078740396
D,K,0.3|wd1.0,setup_k_ladder K50 E5 f1 iid fedavg,end,tw_pred_agree_grid,3,0.3573611080646515,0.3553472310304642,0.3830208331346512
D,K,0.3|wd1.0,setup_k_ladder K50 E5 f1 iid fedavg,end,tw_irrep_same_dominant,3,0.0,0.0,0.5
D,K,0.3|wd1.0,setup_k_ladder K50 E5 f1 iid fedavg,end,tw_irrep_frac_cos,3,0.9726223636793314,0.971649989235586,0.977660990070417
D,K,0.3|wd1.0,setup_k_ladder K50 E5 f1 iid fedavg,first,tw_step_gap,3,0.0,0.0,0.0
D,K,0.3|wd1.0,setup_k_ladder K50 E5 f1 iid fedavg,first,tw_rel_dist,3,1.2486132383346558,1.2485673427581787,1.2490738034248352
D,K,0.3|wd1.0,setup_k_ladder K50 E5 f1 iid fedavg,first,tw_cos,3,0.026710577309131622,0.026570511981844902,0.028823623433709145
D,K,0.3|wd1.0,setup_k_ladder K50 E5 f1 iid fedavg,first,tw_first_rel_dist,3,1.01771879196167,1.0169144868850708,1.018950879573822
D,K,0.3|wd1.0,setup_k_ladder K50 E5 f1 iid fedavg,first,tw_pred_agree_te,3,0.0193452388048172,0.01904761977493763,0.023263889364898205
D,K,0.3|wd1.0,setup_k_ladder K50 E5 f1 iid fedavg,first,tw_twin_acc_te,3,20.486112594604492,18.779762268066406,20.491071701049805
D,K,0.3|wd1.0,setup_k_ladder K50 E5 f1 iid fedavg,first,tw_fed_acc_te,3,0.9126984477043152,0.8531746566295624,0.9126984477043152
D,K,0.3|wd1.0,setup_k_ladder K50 E5 f1 iid fedavg,first,tw_cka_te,3,0.10325372762085239,0.07868590375984086,0.30916543199950103
D,K,0.3|wd1.0,setup_k_ladder K50 E5 f1 iid fedavg,first,tw_pred_agree_grid,3,0.07708333432674408,0.07559027895331383,0.07743055745959282
D,K,0.3|wd1.0,setup_k_ladder K50 E5 f1 iid fedavg,first,tw_irrep_same_dominant,3,1.0,1.0,1.0
D,K,0.3|wd1.0,setup_k_ladder K50 E5 f1 iid fedavg,first,tw_irrep_frac_cos,3,0.9758556843303754,0.9625367844670023,0.984404298563672
D,dirichlet,0.3|wd1.0,dirichlet_setups K10 E5 f1 dirichlet0.01 fedavg,end,tw_step_gap,3,0.0,0.0,0.0
D,dirichlet,0.3|wd1.0,dirichlet_setups K10 E5 f1 dirichlet0.01 fedavg,end,tw_rel_dist,3,1.4722621440887451,1.469050943851471,1.4737745523452759
D,dirichlet,0.3|wd1.0,dirichlet_setups K10 E5 f1 dirichlet0.01 fedavg,end,tw_cos,3,0.03875846415758133,0.036738164722919464,0.041359568014740944
D,dirichlet,0.3|wd1.0,dirichlet_setups K10 E5 f1 dirichlet0.01 fedavg,end,tw_first_rel_dist,3,1.0278456211090088,1.025497853755951,1.0311458110809326
D,dirichlet,0.3|wd1.0,dirichlet_setups K10 E5 f1 dirichlet0.01 fedavg,end,tw_pred_agree_te,3,0.011111111380159855,0.007886904990300536,0.011309524066746235
D,dirichlet,0.3|wd1.0,dirichlet_setups K10 E5 f1 dirichlet0.01 fedavg,end,tw_twin_acc_te,3,97.55952453613281,96.42857360839844,97.59424591064453
D,dirichlet,0.3|wd1.0,dirichlet_setups K10 E5 f1 dirichlet0.01 fedavg,end,tw_fed_acc_te,3,1.071428656578064,0.7539683133363724,1.1160714626312256
D,dirichlet,0.3|wd1.0,dirichlet_setups K10 E5 f1 dirichlet0.01 fedavg,end,tw_cka_te,3,0.06057480978734203,0.03123853295757907,0.28663561267908266
D,dirichlet,0.3|wd1.0,dirichlet_setups K10 E5 f1 dirichlet0.01 fedavg,end,tw_pred_agree_grid,3,0.020277777686715126,0.015729166567325592,0.02131944429129362
D,dirichlet,0.3|wd1.0,dirichlet_setups K10 E5 f1 dirichlet0.01 fedavg,end,tw_irrep_same_dominant,3,0.0,0.0,0.5
D,dirichlet,0.3|wd1.0,dirichlet_setups K10 E5 f1 dirichlet0.01 fedavg,end,tw_irrep_frac_cos,3,0.8416414068551892,0.8126525016736631,0.9066979377086248
D,dirichlet,0.3|wd1.0,dirichlet_setups K10 E5 f1 dirichlet0.01 fedavg,first,tw_step_gap,3,0.0,0.0,0.0
D,dirichlet,0.3|wd1.0,dirichlet_setups K10 E5 f1 dirichlet0.01 fedavg,first,tw_rel_dist,3,1.4514572620391846,1.4505585432052612,1.4602882266044617
D,dirichlet,0.3|wd1.0,dirichlet_setups K10 E5 f1 dirichlet0.01 fedavg,first,tw_cos,3,0.03362346813082695,0.032896656543016434,0.03522318974137306
D,dirichlet,0.3|wd1.0,dirichlet_setups K10 E5 f1 dirichlet0.01 fedavg,first,tw_first_rel_dist,3,1.0249946117401123,1.0245397686958313,1.0251190066337585
D,dirichlet,0.3|wd1.0,dirichlet_setups K10 E5 f1 dirichlet0.01 fedavg,first,tw_pred_agree_te,3,0.0074404762126505375,0.0061011905781924725,0.009920635027810931
D,dirichlet,0.3|wd1.0,dirichlet_setups K10 E5 f1 dirichlet0.01 fedavg,first,tw_twin_acc_te,3,92.23214721679688,91.80059814453125,93.68552017211914
D,dirichlet,0.3|wd1.0,dirichlet_setups K10 E5 f1 dirichlet0.01 fedavg,first,tw_fed_acc_te,3,0.6448412537574768,0.5505952388048172,0.9275793731212616
D,dirichlet,0.3|wd1.0,dirichlet_setups K10 E5 f1 dirichlet0.01 fedavg,first,tw_cka_te,3,0.06668541418806165,0.03480552375388749,0.06833246600091752
D,dirichlet,0.3|wd1.0,dirichlet_setups K10 E5 f1 dirichlet0.01 fedavg,first,tw_pred_agree_grid,3,0.011666666716337204,0.011493055615574121,0.016250000335276127
D,dirichlet,0.3|wd1.0,dirichlet_setups K10 E5 f1 dirichlet0.01 fedavg,first,tw_irrep_same_dominant,3,1.0,0.5,1.0
D,dirichlet,0.3|wd1.0,dirichlet_setups K10 E5 f1 dirichlet0.01 fedavg,first,tw_irrep_frac_cos,3,0.9822908234836384,0.8610007418639644,0.9879377087471635
D,dirichlet,0.3|wd1.0,dirichlet_setups K10 E5 f1 dirichlet0.1 fedavg,end,tw_step_gap,3,0.0,0.0,0.0
D,dirichlet,0.3|wd1.0,dirichlet_setups K10 E5 f1 dirichlet0.1 fedavg,end,tw_rel_dist,3,1.4361658096313477,1.4320728778839111,1.4405779838562012
D,dirichlet,0.3|wd1.0,dirichlet_setups K10 E5 f1 dirichlet0.1 fedavg,end,tw_cos,3,0.031899478286504745,0.03174518793821335,0.03329118713736534
D,dirichlet,0.3|wd1.0,dirichlet_setups K10 E5 f1 dirichlet0.1 fedavg,end,tw_first_rel_dist,3,1.2151648998260498,1.2080074548721313,1.2215962409973145
D,dirichlet,0.3|wd1.0,dirichlet_setups K10 E5 f1 dirichlet0.1 fedavg,end,tw_pred_agree_te,3,0.13174603879451752,0.11493055894970894,0.15168651193380356
D,dirichlet,0.3|wd1.0,dirichlet_setups K10 E5 f1 dirichlet0.1 fedavg,end,tw_twin_acc_te,3,97.55952453613281,96.42857360839844,97.59424591064453
D,dirichlet,0.3|wd1.0,dirichlet_setups K10 E5 f1 dirichlet0.1 fedavg,end,tw_fed_acc_te,3,13.452381134033203,11.622024059295654,15.391865730285645
D,dirichlet,0.3|wd1.0,dirichlet_setups K10 E5 f1 dirichlet0.1 fedavg,end,tw_cka_te,3,0.4961292305994092,0.26966921641939945,0.49632956620391183
D,dirichlet,0.3|wd1.0,dirichlet_setups K10 E5 f1 dirichlet0.1 fedavg,end,tw_pred_agree_grid,3,0.27152779698371887,0.24972223490476608,0.2910764068365097
D,dirichlet,0.3|wd1.0,dirichlet_setups K10 E5 f1 dirichlet0.1 fedavg,end,tw_irrep_same_dominant,3,0.0,0.0,0.0
D,dirichlet,0.3|wd1.0,dirichlet_setups K10 E5 f1 dirichlet0.1 fedavg,end,tw_irrep_frac_cos,3,0.9695385169632863,0.9477092590796184,0.971926144093002
D,dirichlet,0.3|wd1.0,dirichlet_setups K10 E5 f1 dirichlet0.1 fedavg,first,tw_step_gap,3,0.0,0.0,0.0
D,dirichlet,0.3|wd1.0,dirichlet_setups K10 E5 f1 dirichlet0.1 fedavg,first,tw_rel_dist,3,1.3752862215042114,1.3669358491897583,1.3775893449783325
D,dirichlet,0.3|wd1.0,dirichlet_setups K10 E5 f1 dirichlet0.1 fedavg,first,tw_cos,3,0.029721615836024284,0.029349018819630146,0.03060126770287752
D,dirichlet,0.3|wd1.0,dirichlet_setups K10 E5 f1 dirichlet0.1 fedavg,first,tw_first_rel_dist,3,1.1359453201293945,1.1354056000709534,1.1444520950317383
D,dirichlet,0.3|wd1.0,dirichlet_setups K10 E5 f1 dirichlet0.1 fedavg,first,tw_pred_agree_te,3,0.010615079663693905,0.010317460633814335,0.011210317723453045
D,dirichlet,0.3|wd1.0,dirichlet_setups K10 E5 f1 dirichlet0.1 fedavg,first,tw_twin_acc_te,3,92.23214721679688,91.80059814453125,93.68552017211914
D,dirichlet,0.3|wd1.0,dirichlet_setups K10 E5 f1 dirichlet0.1 fedavg,first,tw_fed_acc_te,3,0.922619104385376,0.887896865606308,0.9325397312641144
D,dirichlet,0.3|wd1.0,dirichlet_setups K10 E5 f1 dirichlet0.1 fedavg,first,tw_cka_te,3,0.015872082964131742,0.014944879538361058,0.2261750492652678
D,dirichlet,0.3|wd1.0,dirichlet_setups K10 E5 f1 dirichlet0.1 fedavg,first,tw_pred_agree_grid,3,0.13034722208976746,0.12204861268401146,0.13256944715976715
D,dirichlet,0.3|wd1.0,dirichlet_setups K10 E5 f1 dirichlet0.1 fedavg,first,tw_irrep_same_dominant,3,1.0,1.0,1.0
D,dirichlet,0.3|wd1.0,dirichlet_setups K10 E5 f1 dirichlet0.1 fedavg,first,tw_irrep_frac_cos,3,0.9808804061192868,0.9747060040966053,0.9829390288666111
D,dirichlet,0.3|wd1.0,dirichlet_setups K10 E5 f1 dirichlet1 fedavg,end,tw_step_gap,3,0.0,0.0,0.0
D,dirichlet,0.3|wd1.0,dirichlet_setups K10 E5 f1 dirichlet1 fedavg,end,tw_rel_dist,3,1.4753694534301758,1.4700126647949219,1.4793408513069153
D,dirichlet,0.3|wd1.0,dirichlet_setups K10 E5 f1 dirichlet1 fedavg,end,tw_cos,3,0.023951932787895203,0.02388634718954563,0.02511064801365137
D,dirichlet,0.3|wd1.0,dirichlet_setups K10 E5 f1 dirichlet1 fedavg,end,tw_first_rel_dist,3,1.3783516883850098,1.377161681652069,1.3885396718978882
D,dirichlet,0.3|wd1.0,dirichlet_setups K10 E5 f1 dirichlet1 fedavg,end,tw_pred_agree_te,3,0.7482143044471741,0.736607164144516,0.7788194715976715
D,dirichlet,0.3|wd1.0,dirichlet_setups K10 E5 f1 dirichlet1 fedavg,end,tw_twin_acc_te,3,97.55952453613281,96.42857360839844,97.59424591064453
D,dirichlet,0.3|wd1.0,dirichlet_setups K10 E5 f1 dirichlet1 fedavg,end,tw_fed_acc_te,3,75.90277862548828,75.41170883178711,79.12202453613281
D,dirichlet,0.3|wd1.0,dirichlet_setups K10 E5 f1 dirichlet1 fedavg,end,tw_cka_te,3,0.49186874822864685,0.28621308216992436,0.4931863564359126
D,dirichlet,0.3|wd1.0,dirichlet_setups K10 E5 f1 dirichlet1 fedavg,end,tw_pred_agree_grid,3,0.8237500190734863,0.815625011920929,0.8451736271381378
D,dirichlet,0.3|wd1.0,dirichlet_setups K10 E5 f1 dirichlet1 fedavg,end,tw_irrep_same_dominant,3,0.0,0.0,0.5
D,dirichlet,0.3|wd1.0,dirichlet_setups K10 E5 f1 dirichlet1 fedavg,end,tw_irrep_frac_cos,3,0.9860721523714739,0.9817635481817284,0.9888929946061406
D,dirichlet,0.3|wd1.0,dirichlet_setups K10 E5 f1 dirichlet1 fedavg,first,tw_step_gap,3,0.0,0.0,0.0
D,dirichlet,0.3|wd1.0,dirichlet_setups K10 E5 f1 dirichlet1 fedavg,first,tw_rel_dist,3,1.3966611623764038,1.3946431875228882,1.3982426524162292
D,dirichlet,0.3|wd1.0,dirichlet_setups K10 E5 f1 dirichlet1 fedavg,first,tw_cos,3,0.027077816426753998,0.024557694792747498,0.027813009917736053
D,dirichlet,0.3|wd1.0,dirichlet_setups K10 E5 f1 dirichlet1 fedavg,first,tw_first_rel_dist,3,1.3115100860595703,1.3092595934867859,1.3120457530021667
D,dirichlet,0.3|wd1.0,dirichlet_setups K10 E5 f1 dirichlet1 fedavg,first,tw_pred_agree_te,3,0.3509920537471771,0.350942462682724,0.3646329343318939
D,dirichlet,0.3|wd1.0,dirichlet_setups K10 E5 f1 dirichlet1 fedavg,first,tw_twin_acc_te,3,92.23214721679688,91.80059814453125,93.68552017211914
D,dirichlet,0.3|wd1.0,dirichlet_setups K10 E5 f1 dirichlet1 fedavg,first,tw_fed_acc_te,3,36.83531951904297,36.299604415893555,38.11507987976074
D,dirichlet,0.3|wd1.0,dirichlet_setups K10 E5 f1 dirichlet1 fedavg,first,tw_cka_te,3,0.05140416500717308,0.05063997566845327,0.24610592773121304
D,dirichlet,0.3|wd1.0,dirichlet_setups K10 E5 f1 dirichlet1 fedavg,first,tw_pred_agree_grid,3,0.5456944704055786,0.5455555617809296,0.5552430748939514
D,dirichlet,0.3|wd1.0,dirichlet_setups K10 E5 f1 dirichlet1 fedavg,first,tw_irrep_same_dominant,3,1.0,1.0,1.0
D,dirichlet,0.3|wd1.0,dirichlet_setups K10 E5 f1 dirichlet1 fedavg,first,tw_irrep_frac_cos,3,0.9920358396821077,0.992029610989634,0.9924528796801346
D,dirichlet,0.3|wd1.0,dirichlet_setups K10 E5 f1 dirichlet10 fedavg,cross,tw_step_gap,3,0.0,0.0,0.0
D,dirichlet,0.3|wd1.0,dirichlet_setups K10 E5 f1 dirichlet10 fedavg,cross,tw_rel_dist,3,1.4337124824523926,1.4313471913337708,1.4364551305770874
D,dirichlet,0.3|wd1.0,dirichlet_setups K10 E5 f1 dirichlet10 fedavg,cross,tw_cos,3,0.017317000776529312,0.014857274945825338,0.019111571833491325
D,dirichlet,0.3|wd1.0,dirichlet_setups K10 E5 f1 dirichlet10 fedavg,cross,tw_first_rel_dist,3,1.3718456029891968,1.3687427043914795,1.3747593760490417
D,dirichlet,0.3|wd1.0,dirichlet_setups K10 E5 f1 dirichlet10 fedavg,cross,tw_pred_agree_te,3,0.8148809671401978,0.814732164144516,0.8295139074325562
D,dirichlet,0.3|wd1.0,dirichlet_setups K10 E5 f1 dirichlet10 fedavg,cross,tw_twin_acc_te,3,96.23016357421875,95.4513931274414,96.85516357421875
D,dirichlet,0.3|wd1.0,dirichlet_setups K10 E5 f1 dirichlet10 fedavg,cross,tw_fed_acc_te,3,84.84127044677734,84.16666793823242,85.35714340209961
D,dirichlet,0.3|wd1.0,dirichlet_setups K10 E5 f1 dirichlet10 fedavg,cross,tw_cka_te,3,0.4977707323754476,0.28538494622452637,0.4993045527831873
D,dirichlet,0.3|wd1.0,dirichlet_setups K10 E5 f1 dirichlet10 fedavg,cross,tw_pred_agree_grid,3,0.8704167008399963,0.8703125417232513,0.8806597590446472
D,dirichlet,0.3|wd1.0,dirichlet_setups K10 E5 f1 dirichlet10 fedavg,cross,tw_irrep_same_dominant,3,1.0,1.0,1.0
D,dirichlet,0.3|wd1.0,dirichlet_setups K10 E5 f1 dirichlet10 fedavg,cross,tw_irrep_frac_cos,3,0.9930037455761312,0.9910000076998451,0.9946112667446672
D,dirichlet,0.3|wd1.0,dirichlet_setups K10 E5 f1 dirichlet10 fedavg,end,tw_step_gap,3,0.0,0.0,0.0
D,dirichlet,0.3|wd1.0,dirichlet_setups K10 E5 f1 dirichlet10 fedavg,end,tw_rel_dist,3,1.437007188796997,1.4367511868476868,1.440602958202362
D,dirichlet,0.3|wd1.0,dirichlet_setups K10 E5 f1 dirichlet10 fedavg,end,tw_cos,3,0.014089321717619896,0.013984366785734892,0.017202490009367466
D,dirichlet,0.3|wd1.0,dirichlet_setups K10 E5 f1 dirichlet10 fedavg,end,tw_first_rel_dist,3,1.3820347785949707,1.3819236755371094,1.384389877319336
D,dirichlet,0.3|wd1.0,dirichlet_setups K10 E5 f1 dirichlet10 fedavg,end,tw_pred_agree_te,3,0.8718253970146179,0.8679067492485046,0.8908234238624573
D,dirichlet,0.3|wd1.0,dirichlet_setups K10 E5 f1 dirichlet10 fedavg,end,tw_twin_acc_te,3,97.55952453613281,96.42857360839844,97.59424591064453
D,dirichlet,0.3|wd1.0,dirichlet_setups K10 E5 f1 dirichlet10 fedavg,end,tw_fed_acc_te,3,89.42460632324219,89.03770065307617,90.97222518920898
D,dirichlet,0.3|wd1.0,dirichlet_setups K10 E5 f1 dirichlet10 fedavg,end,tw_cka_te,3,0.49823814172660236,0.29153242207237745,0.49825127602902175
D,dirichlet,0.3|wd1.0,dirichlet_setups K10 E5 f1 dirichlet10 fedavg,end,tw_pred_agree_grid,3,0.910277783870697,0.9075347483158112,0.9235764145851135
D,dirichlet,0.3|wd1.0,dirichlet_setups K10 E5 f1 dirichlet10 fedavg,end,tw_irrep_same_dominant,3,1.0,0.5,1.0
D,dirichlet,0.3|wd1.0,dirichlet_setups K10 E5 f1 dirichlet10 fedavg,end,tw_irrep_frac_cos,3,0.9924649750116753,0.9916435889066112,0.9929141696007293
D,dirichlet,0.3|wd1.0,dirichlet_setups K10 E5 f1 dirichlet10 fedavg,first,tw_step_gap,3,0.0,0.0,0.0
D,dirichlet,0.3|wd1.0,dirichlet_setups K10 E5 f1 dirichlet10 fedavg,first,tw_rel_dist,3,1.390598177909851,1.389853835105896,1.3958494067192078
D,dirichlet,0.3|wd1.0,dirichlet_setups K10 E5 f1 dirichlet10 fedavg,first,tw_cos,3,0.018451422452926636,0.01808964181691408,0.020335602574050426
D,dirichlet,0.3|wd1.0,dirichlet_setups K10 E5 f1 dirichlet10 fedavg,first,tw_first_rel_dist,3,1.3273757696151733,1.32626473903656,1.3287909626960754
D,dirichlet,0.3|wd1.0,dirichlet_setups K10 E5 f1 dirichlet10 fedavg,first,tw_pred_agree_te,3,0.5855158567428589,0.5713293552398682,0.5863095223903656
D,dirichlet,0.3|wd1.0,dirichlet_setups K10 E5 f1 dirichlet10 fedavg,first,tw_twin_acc_te,3,92.23214721679688,91.80059814453125,93.68552017211914
D,dirichlet,0.3|wd1.0,dirichlet_setups K10 E5 f1 dirichlet10 fedavg,first,tw_fed_acc_te,3,60.05952453613281,59.320438385009766,61.001983642578125
D,dirichlet,0.3|wd1.0,dirichlet_setups K10 E5 f1 dirichlet10 fedavg,first,tw_cka_te,3,0.061509002315597194,0.05784212672064863,0.24796854389003264
D,dirichlet,0.3|wd1.0,dirichlet_setups K10 E5 f1 dirichlet10 fedavg,first,tw_pred_agree_grid,3,0.7098610997200012,0.6999305486679077,0.7104166746139526
D,dirichlet,0.3|wd1.0,dirichlet_setups K10 E5 f1 dirichlet10 fedavg,first,tw_irrep_same_dominant,3,1.0,1.0,1.0
D,dirichlet,0.3|wd1.0,dirichlet_setups K10 E5 f1 dirichlet10 fedavg,first,tw_irrep_frac_cos,3,0.993463877247767,0.9928529321607162,0.993906150582897
D,dirichlet,0.3|wd1.0,dirichlet_setups K10 E5 f1 dirichlet1000 fedavg,cross,tw_step_gap,3,0.0,0.0,0.0
D,dirichlet,0.3|wd1.0,dirichlet_setups K10 E5 f1 dirichlet1000 fedavg,cross,tw_rel_dist,3,1.4245617389678955,1.423417329788208,1.4259175658226013
D,dirichlet,0.3|wd1.0,dirichlet_setups K10 E5 f1 dirichlet1000 fedavg,cross,tw_cos,3,0.017047911882400513,0.014115691184997559,0.017643372528254986
D,dirichlet,0.3|wd1.0,dirichlet_setups K10 E5 f1 dirichlet1000 fedavg,cross,tw_first_rel_dist,3,1.352084755897522,1.350186049938202,1.3546451330184937
D,dirichlet,0.3|wd1.0,dirichlet_setups K10 E5 f1 dirichlet1000 fedavg,cross,tw_pred_agree_te,3,0.8429563641548157,0.8183035850524902,0.8445436656475067
D,dirichlet,0.3|wd1.0,dirichlet_setups K10 E5 f1 dirichlet1000 fedavg,cross,tw_twin_acc_te,3,96.23016357421875,95.11408996582031,96.6319465637207
D,dirichlet,0.3|wd1.0,dirichlet_setups K10 E5 f1 dirichlet1000 fedavg,cross,tw_fed_acc_te,3,86.3888931274414,84.57837295532227,86.46329879760742
D,dirichlet,0.3|wd1.0,dirichlet_setups K10 E5 f1 dirichlet1000 fedavg,cross,tw_cka_te,3,0.4663510894226781,0.2734077001833315,0.4825757216969696
D,dirichlet,0.3|wd1.0,dirichlet_setups K10 E5 f1 dirichlet1000 fedavg,cross,tw_pred_agree_grid,3,0.8900694847106934,0.8728125393390656,0.8911805748939514
D,dirichlet,0.3|wd1.0,dirichlet_setups K10 E5 f1 dirichlet1000 fedavg,cross,tw_irrep_same_dominant,3,1.0,1.0,1.0
D,dirichlet,0.3|wd1.0,dirichlet_setups K10 E5 f1 dirichlet1000 fedavg,cross,tw_irrep_frac_cos,3,0.9954442945632462,0.9948868419765913,0.9959804122688312
D,dirichlet,0.3|wd1.0,dirichlet_setups K10 E5 f1 dirichlet1000 fedavg,end,tw_step_gap,3,0.0,0.0,0.0
D,dirichlet,0.3|wd1.0,dirichlet_setups K10 E5 f1 dirichlet1000 fedavg,end,tw_rel_dist,3,1.4239550828933716,1.4228326082229614,1.424955427646637
D,dirichlet,0.3|wd1.0,dirichlet_setups K10 E5 f1 dirichlet1000 fedavg,end,tw_cos,3,0.01673944666981697,0.013051497284322977,0.02019059006124735
D,dirichlet,0.3|wd1.0,dirichlet_setups K10 E5 f1 dirichlet1000 fedavg,end,tw_first_rel_dist,3,1.3628077507019043,1.3610435724258423,1.364282488822937
D,dirichlet,0.3|wd1.0,dirichlet_setups K10 E5 f1 dirichlet1000 fedavg,end,tw_pred_agree_te,3,0.8898809552192688,0.881299614906311,0.9010416865348816
D,dirichlet,0.3|wd1.0,dirichlet_setups K10 E5 f1 dirichlet1000 fedavg,end,tw_twin_acc_te,3,97.55952453613281,96.42857360839844,97.59424591064453
D,dirichlet,0.3|wd1.0,dirichlet_setups K10 E5 f1 dirichlet1000 fedavg,end,tw_fed_acc_te,3,90.51587677001953,90.48115539550781,91.58234405517578
D,dirichlet,0.3|wd1.0,dirichlet_setups K10 E5 f1 dirichlet1000 fedavg,end,tw_cka_te,3,0.45630110286018727,0.276060156848506,0.4812816905007413
D,dirichlet,0.3|wd1.0,dirichlet_setups K10 E5 f1 dirichlet1000 fedavg,end,tw_pred_agree_grid,3,0.9229167103767395,0.9169097542762756,0.9307292103767395
D,dirichlet,0.3|wd1.0,dirichlet_setups K10 E5 f1 dirichlet1000 fedavg,end,tw_irrep_same_dominant,3,1.0,1.0,1.0
D,dirichlet,0.3|wd1.0,dirichlet_setups K10 E5 f1 dirichlet1000 fedavg,end,tw_irrep_frac_cos,3,0.9940343162080384,0.9934594883385297,0.9943523604630935
D,dirichlet,0.3|wd1.0,dirichlet_setups K10 E5 f1 dirichlet1000 fedavg,first,tw_step_gap,3,0.0,0.0,0.0
D,dirichlet,0.3|wd1.0,dirichlet_setups K10 E5 f1 dirichlet1000 fedavg,first,tw_rel_dist,3,1.3943331241607666,1.3932452201843262,1.3984048962593079
D,dirichlet,0.3|wd1.0,dirichlet_setups K10 E5 f1 dirichlet1000 fedavg,first,tw_cos,3,0.017541659995913506,0.015049975365400314,0.018469953909516335
D,dirichlet,0.3|wd1.0,dirichlet_setups K10 E5 f1 dirichlet1000 fedavg,first,tw_first_rel_dist,3,1.318939447402954,1.3177613019943237,1.3234952688217163
D,dirichlet,0.3|wd1.0,dirichlet_setups K10 E5 f1 dirichlet1000 fedavg,first,tw_pred_agree_te,3,0.6216269731521606,0.6056051552295685,0.6273313462734222
D,dirichlet,0.3|wd1.0,dirichlet_setups K10 E5 f1 dirichlet1000 fedavg,first,tw_twin_acc_te,3,92.23214721679688,91.80059814453125,93.68552017211914
D,dirichlet,0.3|wd1.0,dirichlet_setups K10 E5 f1 dirichlet1000 fedavg,first,tw_fed_acc_te,3,64.04762268066406,63.06547737121582,65.59027862548828
D,dirichlet,0.3|wd1.0,dirichlet_setups K10 E5 f1 dirichlet1000 fedavg,first,tw_cka_te,3,0.06784433944044406,0.06485113130038077,0.25200099534109993
D,dirichlet,0.3|wd1.0,dirichlet_setups K10 E5 f1 dirichlet1000 fedavg,first,tw_pred_agree_grid,3,0.7351388931274414,0.7239236235618591,0.7391319572925568
D,dirichlet,0.3|wd1.0,dirichlet_setups K10 E5 f1 dirichlet1000 fedavg,first,tw_irrep_same_dominant,3,1.0,1.0,1.0
D,dirichlet,0.3|wd1.0,dirichlet_setups K10 E5 f1 dirichlet1000 fedavg,first,tw_irrep_frac_cos,3,0.9953017972490491,0.9950966789042995,0.9960000846641377
D,f,0.3|wd1.0,participation_setups K20 E5 f0.25 iid fedavg,cross,tw_step_gap,3,0.0,0.0,0.0
D,f,0.3|wd1.0,participation_setups K20 E5 f0.25 iid fedavg,cross,tw_rel_dist,3,1.3260722160339355,1.3222771286964417,1.3268714547157288
D,f,0.3|wd1.0,participation_setups K20 E5 f0.25 iid fedavg,cross,tw_cos,3,0.02311861701309681,0.022685050033032894,0.02335500530898571
D,f,0.3|wd1.0,participation_setups K20 E5 f0.25 iid fedavg,cross,tw_first_rel_dist,3,1.2269017696380615,1.2260844707489014,1.230997622013092
D,f,0.3|wd1.0,participation_setups K20 E5 f0.25 iid fedavg,cross,tw_pred_agree_te,3,0.8044642806053162,0.7966269850730896,0.8146825432777405
D,f,0.3|wd1.0,participation_setups K20 E5 f0.25 iid fedavg,cross,tw_twin_acc_te,3,92.23214721679688,91.80059814453125,93.68552017211914
D,f,0.3|wd1.0,participation_setups K20 E5 f0.25 iid fedavg,cross,tw_fed_acc_te,3,85.48611450195312,85.01984405517578,85.61508178710938
D,f,0.3|wd1.0,participation_setups K20 E5 f0.25 iid fedavg,cross,tw_cka_te,3,0.04664512004877279,0.04633386407737837,0.20987354715110632
D,f,0.3|wd1.0,participation_setups K20 E5 f0.25 iid fedavg,cross,tw_pred_agree_grid,3,0.8631250262260437,0.8576389253139496,0.8702777922153473
D,f,0.3|wd1.0,participation_setups K20 E5 f0.25 iid fedavg,cross,tw_irrep_same_dominant,3,0.0,0.0,0.0
D,f,0.3|wd1.0,participation_setups K20 E5 f0.25 iid fedavg,cross,tw_irrep_frac_cos,3,0.9752318513201772,0.9746417392907698,0.979950893800613
D,f,0.3|wd1.0,participation_setups K20 E5 f0.25 iid fedavg,end,tw_step_gap,3,0.0,0.0,0.0
D,f,0.3|wd1.0,participation_setups K20 E5 f0.25 iid fedavg,end,tw_rel_dist,3,1.36099112033844,1.3571621775627136,1.361621081829071
D,f,0.3|wd1.0,participation_setups K20 E5 f0.25 iid fedavg,end,tw_cos,3,0.018508676439523697,0.018185559660196304,0.021501900628209114
D,f,0.3|wd1.0,participation_setups K20 E5 f0.25 iid fedavg,end,tw_first_rel_dist,3,1.2641078233718872,1.260008990764618,1.2680686116218567
D,f,0.3|wd1.0,participation_setups K20 E5 f0.25 iid fedavg,end,tw_pred_agree_te,3,0.9055555462837219,0.8941468298435211,0.9100694358348846
D,f,0.3|wd1.0,participation_setups K20 E5 f0.25 iid fedavg,end,tw_twin_acc_te,3,97.55952453613281,96.42857360839844,97.59424591064453
D,f,0.3|wd1.0,participation_setups K20 E5 f0.25 iid fedavg,end,tw_fed_acc_te,3,93.27381134033203,91.48809432983398,93.8194465637207
D,f,0.3|wd1.0,participation_setups K20 E5 f0.25 iid fedavg,end,tw_cka_te,3,0.38571640220789993,0.22539299432020796,0.45061597909316026
D,f,0.3|wd1.0,participation_setups K20 E5 f0.25 iid fedavg,end,tw_pred_agree_grid,3,0.9338889122009277,0.9259028136730194,0.9370486438274384
D,f,0.3|wd1.0,participation_setups K20 E5 f0.25 iid fedavg,end,tw_irrep_same_dominant,3,0.0,0.0,0.0
D,f,0.3|wd1.0,participation_setups K20 E5 f0.25 iid fedavg,end,tw_irrep_frac_cos,3,0.9674791622771852,0.9568618186089721,0.9720825055263009
D,f,0.3|wd1.0,participation_setups K20 E5 f0.25 iid fedavg,first,tw_step_gap,3,0.0,0.0,0.0
D,f,0.3|wd1.0,participation_setups K20 E5 f0.25 iid fedavg,first,tw_rel_dist,3,1.3260722160339355,1.3222771286964417,1.3268714547157288
D,f,0.3|wd1.0,participation_setups K20 E5 f0.25 iid fedavg,first,tw_cos,3,0.02311861701309681,0.022685050033032894,0.02335500530898571
D,f,0.3|wd1.0,participation_setups K20 E5 f0.25 iid fedavg,first,tw_first_rel_dist,3,1.2269017696380615,1.2260844707489014,1.230997622013092
D,f,0.3|wd1.0,participation_setups K20 E5 f0.25 iid fedavg,first,tw_pred_agree_te,3,0.8044642806053162,0.7966269850730896,0.8146825432777405
D,f,0.3|wd1.0,participation_setups K20 E5 f0.25 iid fedavg,first,tw_twin_acc_te,3,92.23214721679688,91.80059814453125,93.68552017211914
D,f,0.3|wd1.0,participation_setups K20 E5 f0.25 iid fedavg,first,tw_fed_acc_te,3,85.48611450195312,85.01984405517578,85.61508178710938
D,f,0.3|wd1.0,participation_setups K20 E5 f0.25 iid fedavg,first,tw_cka_te,3,0.04664512004877279,0.04633386407737837,0.20987354715110632
D,f,0.3|wd1.0,participation_setups K20 E5 f0.25 iid fedavg,first,tw_pred_agree_grid,3,0.8631250262260437,0.8576389253139496,0.8702777922153473
D,f,0.3|wd1.0,participation_setups K20 E5 f0.25 iid fedavg,first,tw_irrep_same_dominant,3,0.0,0.0,0.0
D,f,0.3|wd1.0,participation_setups K20 E5 f0.25 iid fedavg,first,tw_irrep_frac_cos,3,0.9752318513201772,0.9746417392907698,0.979950893800613
D,f,0.3|wd1.0,participation_setups K20 E5 f0.5 iid fedavg,cross,tw_step_gap,3,0.0,0.0,0.0
D,f,0.3|wd1.0,participation_setups K20 E5 f0.5 iid fedavg,cross,tw_rel_dist,3,1.333794355392456,1.3328214883804321,1.33454030752182
D,f,0.3|wd1.0,participation_setups K20 E5 f0.5 iid fedavg,cross,tw_cos,3,0.02273588627576828,0.02242191042751074,0.02389848418533802
D,f,0.3|wd1.0,participation_setups K20 E5 f0.5 iid fedavg,cross,tw_first_rel_dist,3,1.2328283786773682,1.2324764728546143,1.2340380549430847
D,f,0.3|wd1.0,participation_setups K20 E5 f0.5 iid fedavg,cross,tw_pred_agree_te,3,0.8258928656578064,0.8249008059501648,0.8275793790817261
D,f,0.3|wd1.0,participation_setups K20 E5 f0.5 iid fedavg,cross,tw_twin_acc_te,3,96.86508178710938,95.43154907226562,96.94940567016602
D,f,0.3|wd1.0,participation_setups K20 E5 f0.5 iid fedavg,cross,tw_fed_acc_te,3,84.54364776611328,84.22618865966797,85.73908615112305
D,f,0.3|wd1.0,participation_setups K20 E5 f0.5 iid fedavg,cross,tw_cka_te,3,0.5096159697562302,0.3048491463136993,0.5120759382044852
D,f,0.3|wd1.0,participation_setups K20 E5 f0.5 iid fedavg,cross,tw_pred_agree_grid,3,0.878125011920929,0.8774305582046509,0.8793055713176727
D,f,0.3|wd1.0,participation_setups K20 E5 f0.5 iid fedavg,cross,tw_irrep_same_dominant,3,0.0,0.0,0.0
D,f,0.3|wd1.0,participation_setups K20 E5 f0.5 iid fedavg,cross,tw_irrep_frac_cos,3,0.9883818626133262,0.9844585044566847,0.9902980791784584
D,f,0.3|wd1.0,participation_setups K20 E5 f0.5 iid fedavg,end,tw_step_gap,3,0.0,0.0,0.0
D,f,0.3|wd1.0,participation_setups K20 E5 f0.5 iid fedavg,end,tw_rel_dist,3,1.3499338626861572,1.3471917510032654,1.350716471672058
D,f,0.3|wd1.0,participation_setups K20 E5 f0.5 iid fedavg,end,tw_cos,3,0.02140197344124317,0.019656184129416943,0.024424487724900246
D,f,0.3|wd1.0,participation_setups K20 E5 f0.5 iid fedavg,end,tw_first_rel_dist,3,1.248190999031067,1.247242271900177,1.2494178414344788
D,f,0.3|wd1.0,participation_setups K20 E5 f0.5 iid fedavg,end,tw_pred_agree_te,3,0.8763889074325562,0.8734623193740845,0.8815476298332214
D,f,0.3|wd1.0,participation_setups K20 E5 f0.5 iid fedavg,end,tw_twin_acc_te,3,97.55952453613281,96.42857360839844,97.59424591064453
D,f,0.3|wd1.0,participation_setups K20 E5 f0.5 iid fedavg,end,tw_fed_acc_te,3,89.02777862548828,88.7797622680664,90.62500381469727
D,f,0.3|wd1.0,participation_setups K20 E5 f0.5 iid fedavg,end,tw_cka_te,3,0.5035825492817451,0.30679356361358445,0.5132179894492771
D,f,0.3|wd1.0,participation_setups K20 E5 f0.5 iid fedavg,end,tw_pred_agree_grid,3,0.9134722352027893,0.9114236235618591,0.917083352804184
D,f,0.3|wd1.0,participation_setups K20 E5 f0.5 iid fedavg,end,tw_irrep_same_dominant,3,0.0,0.0,0.0
D,f,0.3|wd1.0,participation_setups K20 E5 f0.5 iid fedavg,end,tw_irrep_frac_cos,3,0.9794186946284699,0.9736556190582188,0.9843167252478688
D,f,0.3|wd1.0,participation_setups K20 E5 f0.5 iid fedavg,first,tw_step_gap,3,0.0,0.0,0.0
D,f,0.3|wd1.0,participation_setups K20 E5 f0.5 iid fedavg,first,tw_rel_dist,3,1.3049037456512451,1.3033066391944885,1.3070250749588013
D,f,0.3|wd1.0,participation_setups K20 E5 f0.5 iid fedavg,first,tw_cos,3,0.023168595507740974,0.021026073954999447,0.024134808219969273
D,f,0.3|wd1.0,participation_setups K20 E5 f0.5 iid fedavg,first,tw_first_rel_dist,3,1.2097270488739014,1.2079483270645142,1.2108368873596191
D,f,0.3|wd1.0,participation_setups K20 E5 f0.5 iid fedavg,first,tw_pred_agree_te,3,0.6967262029647827,0.6847718358039856,0.697817474603653
D,f,0.3|wd1.0,participation_setups K20 E5 f0.5 iid fedavg,first,tw_twin_acc_te,3,92.23214721679688,91.80059814453125,93.68552017211914
D,f,0.3|wd1.0,participation_setups K20 E5 f0.5 iid fedavg,first,tw_fed_acc_te,3,72.09325408935547,71.5873031616211,73.11508178710938
D,f,0.3|wd1.0,participation_setups K20 E5 f0.5 iid fedavg,first,tw_cka_te,3,0.07982128592771076,0.05838480649994242,0.2630956666399553
D,f,0.3|wd1.0,participation_setups K20 E5 f0.5 iid fedavg,first,tw_pred_agree_grid,3,0.7877083420753479,0.7793402969837189,0.7884722352027893
D,f,0.3|wd1.0,participation_setups K20 E5 f0.5 iid fedavg,first,tw_irrep_same_dominant,3,0.0,0.0,0.5
D,f,0.3|wd1.0,participation_setups K20 E5 f0.5 iid fedavg,first,tw_irrep_frac_cos,3,0.9870915409739159,0.982652843351745,0.9896237819707024
D,partition,0.3|wd1.0,partitions K10 E5 f1 dirichlet0.5 fedavg,end,tw_step_gap,3,0.0,0.0,0.0
D,partition,0.3|wd1.0,partitions K10 E5 f1 dirichlet0.5 fedavg,end,tw_rel_dist,3,1.4890488386154175,1.4873870611190796,1.4922903776168823
D,partition,0.3|wd1.0,partitions K10 E5 f1 dirichlet0.5 fedavg,end,tw_cos,3,0.027488037943840027,0.024149934761226177,0.028591951355338097
D,partition,0.3|wd1.0,partitions K10 E5 f1 dirichlet0.5 fedavg,end,tw_first_rel_dist,3,1.374158263206482,1.368835985660553,1.3779670000076294
D,partition,0.3|wd1.0,partitions K10 E5 f1 dirichlet0.5 fedavg,end,tw_pred_agree_te,3,0.6884920597076416,0.6821428537368774,0.7186011970043182
D,partition,0.3|wd1.0,partitions K10 E5 f1 dirichlet0.5 fedavg,end,tw_twin_acc_te,3,97.55952453613281,96.42857360839844,97.59424591064453
D,partition,0.3|wd1.0,partitions K10 E5 f1 dirichlet0.5 fedavg,end,tw_fed_acc_te,3,69.94047546386719,69.92559814453125,73.02579498291016
D,partition,0.3|wd1.0,partitions K10 E5 f1 dirichlet0.5 fedavg,end,tw_cka_te,3,0.44767898738676626,0.2646689266803229,0.4644320931205233
D,partition,0.3|wd1.0,partitions K10 E5 f1 dirichlet0.5 fedavg,end,tw_pred_agree_grid,3,0.7819444537162781,0.7775000035762787,0.8030208349227905
D,partition,0.3|wd1.0,partitions K10 E5 f1 dirichlet0.5 fedavg,end,tw_irrep_same_dominant,3,0.0,0.0,0.0
D,partition,0.3|wd1.0,partitions K10 E5 f1 dirichlet0.5 fedavg,end,tw_irrep_frac_cos,3,0.9687897582862831,0.9682087292843045,0.9736880444682121
D,partition,0.3|wd1.0,partitions K10 E5 f1 dirichlet0.5 fedavg,first,tw_step_gap,3,0.0,0.0,0.0
D,partition,0.3|wd1.0,partitions K10 E5 f1 dirichlet0.5 fedavg,first,tw_rel_dist,3,1.406385898590088,1.4014045596122742,1.4067134857177734
D,partition,0.3|wd1.0,partitions K10 E5 f1 dirichlet0.5 fedavg,first,tw_cos,3,0.027726270258426666,0.024496525526046753,0.027810567058622837
D,partition,0.3|wd1.0,partitions K10 E5 f1 dirichlet0.5 fedavg,first,tw_first_rel_dist,3,1.3025909662246704,1.3006328344345093,1.3061667084693909
D,partition,0.3|wd1.0,partitions K10 E5 f1 dirichlet0.5 fedavg,first,tw_pred_agree_te,3,0.21498015522956848,0.21041666716337204,0.21894840896129608
D,partition,0.3|wd1.0,partitions K10 E5 f1 dirichlet0.5 fedavg,first,tw_twin_acc_te,3,92.23214721679688,91.80059814453125,93.68552017211914
D,partition,0.3|wd1.0,partitions K10 E5 f1 dirichlet0.5 fedavg,first,tw_fed_acc_te,3,22.410715103149414,21.94444465637207,22.56448459625244
D,partition,0.3|wd1.0,partitions K10 E5 f1 dirichlet0.5 fedavg,first,tw_cka_te,3,0.053997647101402715,0.04921484375768827,0.23268753479781462
D,partition,0.3|wd1.0,partitions K10 E5 f1 dirichlet0.5 fedavg,first,tw_pred_agree_grid,3,0.4479861259460449,0.4457639008760452,0.45114584267139435
D,partition,0.3|wd1.0,partitions K10 E5 f1 dirichlet0.5 fedavg,first,tw_irrep_same_dominant,3,1.0,1.0,1.0
D,partition,0.3|wd1.0,partitions K10 E5 f1 dirichlet0.5 fedavg,first,tw_irrep_frac_cos,3,0.9920469669435467,0.989760178349024,0.9949630783499916
D,partition,0.3|wd1.0,partitions K10 E5 f1 dirichlet0.5 fedavg,memo,tw_step_gap,3,0.0,0.0,0.0
D,partition,0.3|wd1.0,partitions K10 E5 f1 dirichlet0.5 fedavg,memo,tw_rel_dist,3,1.406385898590088,1.4014045596122742,1.4067134857177734
D,partition,0.3|wd1.0,partitions K10 E5 f1 dirichlet0.5 fedavg,memo,tw_cos,3,0.027726270258426666,0.024496525526046753,0.027810567058622837
D,partition,0.3|wd1.0,partitions K10 E5 f1 dirichlet0.5 fedavg,memo,tw_first_rel_dist,3,1.3025909662246704,1.3006328344345093,1.3061667084693909
D,partition,0.3|wd1.0,partitions K10 E5 f1 dirichlet0.5 fedavg,memo,tw_pred_agree_te,3,0.21498015522956848,0.21041666716337204,0.21894840896129608
D,partition,0.3|wd1.0,partitions K10 E5 f1 dirichlet0.5 fedavg,memo,tw_twin_acc_te,3,92.23214721679688,91.80059814453125,93.68552017211914
D,partition,0.3|wd1.0,partitions K10 E5 f1 dirichlet0.5 fedavg,memo,tw_fed_acc_te,3,22.410715103149414,21.94444465637207,22.56448459625244
D,partition,0.3|wd1.0,partitions K10 E5 f1 dirichlet0.5 fedavg,memo,tw_cka_te,3,0.053997647101402715,0.04921484375768827,0.23268753479781462
D,partition,0.3|wd1.0,partitions K10 E5 f1 dirichlet0.5 fedavg,memo,tw_pred_agree_grid,3,0.4479861259460449,0.4457639008760452,0.45114584267139435
D,partition,0.3|wd1.0,partitions K10 E5 f1 dirichlet0.5 fedavg,memo,tw_irrep_same_dominant,3,1.0,1.0,1.0
D,partition,0.3|wd1.0,partitions K10 E5 f1 dirichlet0.5 fedavg,memo,tw_irrep_frac_cos,3,0.9920469669435467,0.989760178349024,0.9949630783499916
D,partition,0.3|wd1.0,partitions K10 E5 f1 operand fedavg,end,tw_step_gap,3,0.0,0.0,0.0
D,partition,0.3|wd1.0,partitions K10 E5 f1 operand fedavg,end,tw_rel_dist,3,1.2428990602493286,1.2413628697395325,1.2433738112449646
D,partition,0.3|wd1.0,partitions K10 E5 f1 operand fedavg,end,tw_cos,3,0.01334032230079174,0.012885398231446743,0.016143412329256535
D,partition,0.3|wd1.0,partitions K10 E5 f1 operand fedavg,end,tw_first_rel_dist,3,1.126511812210083,1.1244893074035645,1.1265336871147156
D,partition,0.3|wd1.0,partitions K10 E5 f1 operand fedavg,end,tw_pred_agree_te,3,0.11081349104642868,0.10213293507695198,0.11711309477686882
D,partition,0.3|wd1.0,partitions K10 E5 f1 operand fedavg,end,tw_twin_acc_te,3,97.55952453613281,96.42857360839844,97.59424591064453
D,partition,0.3|wd1.0,partitions K10 E5 f1 operand fedavg,end,tw_fed_acc_te,3,11.031745910644531,10.14384937286377,11.70634937286377
D,partition,0.3|wd1.0,partitions K10 E5 f1 operand fedavg,end,tw_cka_te,3,0.16594170472724995,0.13931584471068825,0.17439717093395357
D,partition,0.3|wd1.0,partitions K10 E5 f1 operand fedavg,end,tw_pred_agree_grid,3,0.3698611259460449,0.3627430647611618,0.374895840883255
D,partition,0.3|wd1.0,partitions K10 E5 f1 operand fedavg,end,tw_irrep_same_dominant,3,1.0,0.5,1.0
D,partition,0.3|wd1.0,partitions K10 E5 f1 operand fedavg,end,tw_irrep_frac_cos,3,0.994179670875474,0.9939166489598887,0.9946377881378894
D,partition,0.3|wd1.0,partitions K10 E5 f1 operand fedavg,first,tw_step_gap,3,0.0,0.0,0.0
D,partition,0.3|wd1.0,partitions K10 E5 f1 operand fedavg,first,tw_rel_dist,3,1.204074740409851,1.2000108361244202,1.2046552300453186
D,partition,0.3|wd1.0,partitions K10 E5 f1 operand fedavg,first,tw_cos,3,0.016061367467045784,0.013896599411964417,0.019683273509144783
D,partition,0.3|wd1.0,partitions K10 E5 f1 operand fedavg,first,tw_first_rel_dist,3,1.101334571838379,1.0983919501304626,1.1014782190322876
D,partition,0.3|wd1.0,partitions K10 E5 f1 operand fedavg,first,tw_pred_agree_te,3,0.0026785715017467737,0.0023313493002206087,0.0027777778450399637
D,partition,0.3|wd1.0,partitions K10 E5 f1 operand fedavg,first,tw_twin_acc_te,3,92.23214721679688,91.80059814453125,93.68552017211914
D,partition,0.3|wd1.0,partitions K10 E5 f1 operand fedavg,first,tw_fed_acc_te,3,0.0595238134264946,0.0595238134264946,0.0595238134264946
D,partition,0.3|wd1.0,partitions K10 E5 f1 operand fedavg,first,tw_cka_te,3,0.10309996078779222,0.10146013133159723,0.12746148028395565
D,partition,0.3|wd1.0,partitions K10 E5 f1 operand fedavg,first,tw_pred_agree_grid,3,0.25777778029441833,0.25680555403232574,0.25958333909511566
D,partition,0.3|wd1.0,partitions K10 E5 f1 operand fedavg,first,tw_irrep_same_dominant,3,1.0,1.0,1.0
D,partition,0.3|wd1.0,partitions K10 E5 f1 operand fedavg,first,tw_irrep_frac_cos,3,0.992986031747398,0.9917192472759373,0.9933544708194599
D,partition,0.3|wd1.0,partitions K10 E5 f1 target fedavg,end,tw_step_gap,3,0.0,0.0,0.0
D,partition,0.3|wd1.0,partitions K10 E5 f1 target fedavg,end,tw_rel_dist,3,1.5450396537780762,1.5261333584785461,1.5799158811569214
D,partition,0.3|wd1.0,partitions K10 E5 f1 target fedavg,end,tw_cos,3,0.041170667856931686,0.039257850497961044,0.04303056187927723
D,partition,0.3|wd1.0,partitions K10 E5 f1 target fedavg,end,tw_first_rel_dist,3,1.0852388143539429,1.0548366904258728,1.1563090085983276
D,partition,0.3|wd1.0,partitions K10 E5 f1 target fedavg,end,tw_pred_agree_te,3,0.0076388888992369175,0.0076388888992369175,0.007787698647007346
D,partition,0.3|wd1.0,partitions K10 E5 f1 target fedavg,end,tw_twin_acc_te,3,97.55952453613281,96.42857360839844,97.59424591064453
D,partition,0.3|wd1.0,partitions K10 E5 f1 target fedavg,end,tw_fed_acc_te,3,0.7539682388305664,0.744047611951828,0.7589285671710968
D,partition,0.3|wd1.0,partitions K10 E5 f1 target fedavg,end,tw_cka_te,3,0.03407560450664901,0.0305283773915579,0.03663539657690759
D,partition,0.3|wd1.0,partitions K10 E5 f1 target fedavg,end,tw_pred_agree_grid,3,0.008750000037252903,0.00861111143603921,0.009166666772216558
D,partition,0.3|wd1.0,partitions K10 E5 f1 target fedavg,end,tw_irrep_same_dominant,3,1.0,1.0,1.0
D,partition,0.3|wd1.0,partitions K10 E5 f1 target fedavg,end,tw_irrep_frac_cos,3,0.9771080534112954,0.9707863989561736,0.9802333321864016
D,partition,0.3|wd1.0,partitions K10 E5 f1 target fedavg,first,tw_step_gap,3,0.0,0.0,0.0
D,partition,0.3|wd1.0,partitions K10 E5 f1 target fedavg,first,tw_rel_dist,3,1.5239715576171875,1.509474754333496,1.5644328594207764
D,partition,0.3|wd1.0,partitions K10 E5 f1 target fedavg,first,tw_cos,3,0.036041490733623505,0.03593923710286617,0.03725598752498627
D,partition,0.3|wd1.0,partitions K10 E5 f1 target fedavg,first,tw_first_rel_dist,3,1.081218957901001,1.0523099303245544,1.1521056294441223
D,partition,0.3|wd1.0,partitions K10 E5 f1 target fedavg,first,tw_pred_agree_te,3,0.008531746454536915,0.008234127424657345,0.008630952797830105
D,partition,0.3|wd1.0,partitions K10 E5 f1 target fedavg,first,tw_twin_acc_te,3,92.23214721679688,91.80059814453125,93.68552017211914
D,partition,0.3|wd1.0,partitions K10 E5 f1 target fedavg,first,tw_fed_acc_te,3,0.7638888955116272,0.7589285671710968,0.7638888955116272
D,partition,0.3|wd1.0,partitions K10 E5 f1 target fedavg,first,tw_cka_te,3,0.04252440849326418,0.036349817733367124,0.04334492104042094
D,partition,0.3|wd1.0,partitions K10 E5 f1 target fedavg,first,tw_pred_agree_grid,3,0.009166667237877846,0.008923611603677273,0.009583333507180214
D,partition,0.3|wd1.0,partitions K10 E5 f1 target fedavg,first,tw_irrep_same_dominant,3,1.0,1.0,1.0
D,partition,0.3|wd1.0,partitions K10 E5 f1 target fedavg,first,tw_irrep_frac_cos,3,0.9828990354077345,0.9791130302195382,0.985860162685304
D,partition,0.3|wd1.0,partitions K20 E5 f1 dirichlet0.5 fedavg,cross,tw_step_gap,2,0.0,0.0,0.0
D,partition,0.3|wd1.0,partitions K20 E5 f1 dirichlet0.5 fedavg,cross,tw_rel_dist,2,1.3830379247665405,1.382729411125183,1.383346438407898
D,partition,0.3|wd1.0,partitions K20 E5 f1 dirichlet0.5 fedavg,cross,tw_cos,2,0.03227206692099571,0.03130072355270386,0.03324341028928757
D,partition,0.3|wd1.0,partitions K20 E5 f1 dirichlet0.5 fedavg,cross,tw_first_rel_dist,2,1.2485597729682922,1.2483437359333038,1.2487758100032806
D,partition,0.3|wd1.0,partitions K20 E5 f1 dirichlet0.5 fedavg,cross,tw_pred_agree_te,2,0.824999988079071,0.8164682388305664,0.8335317373275757
D,partition,0.3|wd1.0,partitions K20 E5 f1 dirichlet0.5 fedavg,cross,tw_twin_acc_te,2,96.31448745727539,95.7564525604248,96.87252235412598
D,partition,0.3|wd1.0,partitions K20 E5 f1 dirichlet0.5 fedavg,cross,tw_fed_acc_te,2,84.8115119934082,84.34028053283691,85.28274345397949
D,partition,0.3|wd1.0,partitions K20 E5 f1 dirichlet0.5 fedavg,cross,tw_cka_te,2,0.24391631421338436,0.15742866362400465,0.33040396480276407
D,partition,0.3|wd1.0,partitions K20 E5 f1 dirichlet0.5 fedavg,cross,tw_pred_agree_grid,2,0.8773611485958099,0.8713889271020889,0.883333370089531
D,partition,0.3|wd1.0,partitions K20 E5 f1 dirichlet0.5 fedavg,cross,tw_irrep_same_dominant,2,0.0,0.0,0.0
D,partition,0.3|wd1.0,partitions K20 E5 f1 dirichlet0.5 fedavg,cross,tw_irrep_frac_cos,2,0.9641496460769249,0.9623926236143543,0.9659066685394955
D,partition,0.3|wd1.0,partitions K20 E5 f1 dirichlet0.5 fedavg,end,tw_step_gap,3,0.0,0.0,0.0
D,partition,0.3|wd1.0,partitions K20 E5 f1 dirichlet0.5 fedavg,end,tw_rel_dist,3,1.3929139375686646,1.3883028030395508,1.3933842778205872
D,partition,0.3|wd1.0,partitions K20 E5 f1 dirichlet0.5 fedavg,end,tw_cos,3,0.02993268333375454,0.029791589826345444,0.030069503001868725
D,partition,0.3|wd1.0,partitions K20 E5 f1 dirichlet0.5 fedavg,end,tw_first_rel_dist,3,1.2574996948242188,1.2528664469718933,1.2589824199676514
D,partition,0.3|wd1.0,partitions K20 E5 f1 dirichlet0.5 fedavg,end,tw_pred_agree_te,3,0.8441468477249146,0.8383432626724243,0.8450396955013275
D,partition,0.3|wd1.0,partitions K20 E5 f1 dirichlet0.5 fedavg,end,tw_twin_acc_te,3,97.55952453613281,96.42857360839844,97.59424591064453
D,partition,0.3|wd1.0,partitions K20 E5 f1 dirichlet0.5 fedavg,end,tw_fed_acc_te,3,85.98214721679688,85.32242202758789,86.984130859375
D,partition,0.3|wd1.0,partitions K20 E5 f1 dirichlet0.5 fedavg,end,tw_cka_te,3,0.41874523592607454,0.24911449696712432,0.46586907595750615
D,partition,0.3|wd1.0,partitions K20 E5 f1 dirichlet0.5 fedavg,end,tw_pred_agree_grid,3,0.8908333778381348,0.8866666853427887,0.8914930820465088
D,partition,0.3|wd1.0,partitions K20 E5 f1 dirichlet0.5 fedavg,end,tw_irrep_same_dominant,3,0.0,0.0,0.0
D,partition,0.3|wd1.0,partitions K20 E5 f1 dirichlet0.5 fedavg,end,tw_irrep_frac_cos,3,0.9502586223076949,0.9488301501861991,0.9554161278715458
D,partition,0.3|wd1.0,partitions K20 E5 f1 dirichlet0.5 fedavg,first,tw_step_gap,3,0.0,0.0,0.0
D,partition,0.3|wd1.0,partitions K20 E5 f1 dirichlet0.5 fedavg,first,tw_rel_dist,3,1.2937068939208984,1.2867258787155151,1.2937265038490295
D,partition,0.3|wd1.0,partitions K20 E5 f1 dirichlet0.5 fedavg,first,tw_cos,3,0.029190562665462494,0.02721690572798252,0.029341690242290497
D,partition,0.3|wd1.0,partitions K20 E5 f1 dirichlet0.5 fedavg,first,tw_first_rel_dist,3,1.1686500310897827,1.1618082523345947,1.1702954173088074
D,partition,0.3|wd1.0,partitions K20 E5 f1 dirichlet0.5 fedavg,first,tw_pred_agree_te,3,0.15019841492176056,0.12708333507180214,0.16140872985124588
D,partition,0.3|wd1.0,partitions K20 E5 f1 dirichlet0.5 fedavg,first,tw_twin_acc_te,3,92.23214721679688,91.80059814453125,93.68552017211914
D,partition,0.3|wd1.0,partitions K20 E5 f1 dirichlet0.5 fedavg,first,tw_fed_acc_te,3,15.496031761169434,13.020833492279053,16.458333492279053
D,partition,0.3|wd1.0,partitions K20 E5 f1 dirichlet0.5 fedavg,first,tw_cka_te,3,0.04128938244211325,0.03220848640866187,0.23694879649121064
D,partition,0.3|wd1.0,partitions K20 E5 f1 dirichlet0.5 fedavg,first,tw_pred_agree_grid,3,0.39125001430511475,0.37031251192092896,0.40059028565883636
D,partition,0.3|wd1.0,partitions K20 E5 f1 dirichlet0.5 fedavg,first,tw_irrep_same_dominant,3,1.0,1.0,1.0
D,partition,0.3|wd1.0,partitions K20 E5 f1 dirichlet0.5 fedavg,first,tw_irrep_frac_cos,3,0.9956752799862436,0.9876610155097267,0.9956975659409446
D,partition,0.3|wd1.0,partitions K20 E5 f1 dirichlet0.5 fedavg,memo,tw_step_gap,3,0.0,0.0,0.0
D,partition,0.3|wd1.0,partitions K20 E5 f1 dirichlet0.5 fedavg,memo,tw_rel_dist,3,1.3391191959381104,1.3319653868675232,1.340762197971344
D,partition,0.3|wd1.0,partitions K20 E5 f1 dirichlet0.5 fedavg,memo,tw_cos,3,0.031095800921320915,0.02903359103947878,0.03242549393326044
D,partition,0.3|wd1.0,partitions K20 E5 f1 dirichlet0.5 fedavg,memo,tw_first_rel_dist,3,1.2082724571228027,1.2015818357467651,1.2107760906219482
D,partition,0.3|wd1.0,partitions K20 E5 f1 dirichlet0.5 fedavg,memo,tw_pred_agree_te,3,0.5248016119003296,0.4677083492279053,0.5349206626415253
D,partition,0.3|wd1.0,partitions K20 E5 f1 dirichlet0.5 fedavg,memo,tw_twin_acc_te,3,96.23016357421875,95.11408996582031,96.6319465637207
D,partition,0.3|wd1.0,partitions K20 E5 f1 dirichlet0.5 fedavg,memo,tw_fed_acc_te,3,53.36309814453125,47.87698554992676,54.30555725097656
D,partition,0.3|wd1.0,partitions K20 E5 f1 dirichlet0.5 fedavg,memo,tw_cka_te,3,0.4704400564004132,0.254439780726444,0.49163443246906885
D,partition,0.3|wd1.0,partitions K20 E5 f1 dirichlet0.5 fedavg,memo,tw_pred_agree_grid,3,0.6657639145851135,0.6244791746139526,0.6730208396911621
D,partition,0.3|wd1.0,partitions K20 E5 f1 dirichlet0.5 fedavg,memo,tw_irrep_same_dominant,3,1.0,0.5,1.0
D,partition,0.3|wd1.0,partitions K20 E5 f1 dirichlet0.5 fedavg,memo,tw_irrep_frac_cos,3,0.98686537626283,0.9859264337564484,0.9888522468341073
D,partition,0.3|wd1.0,partitions K20 E5 f1 operand fedavg,end,tw_step_gap,3,0.0,0.0,0.0
D,partition,0.3|wd1.0,partitions K20 E5 f1 operand fedavg,end,tw_rel_dist,3,1.2171069383621216,1.216396689414978,1.2183783650398254
D,partition,0.3|wd1.0,partitions K20 E5 f1 operand fedavg,end,tw_cos,3,0.03141935542225838,0.03133883327245712,0.033616870641708374
D,partition,0.3|wd1.0,partitions K20 E5 f1 operand fedavg,end,tw_first_rel_dist,3,1.0437853336334229,1.0431110262870789,1.0445746779441833
D,partition,0.3|wd1.0,partitions K20 E5 f1 operand fedavg,end,tw_pred_agree_te,3,0.0009920635493472219,0.0007936508336570114,0.0012400794075801969
D,partition,0.3|wd1.0,partitions K20 E5 f1 operand fedavg,end,tw_twin_acc_te,3,97.55952453613281,96.42857360839844,97.59424591064453
D,partition,0.3|wd1.0,partitions K20 E5 f1 operand fedavg,end,tw_fed_acc_te,3,0.0,0.0,0.004960317630320787
D,partition,0.3|wd1.0,partitions K20 E5 f1 operand fedavg,end,tw_cka_te,3,0.09337989562884376,0.08866119761733765,0.09923925919406756
D,partition,0.3|wd1.0,partitions K20 E5 f1 operand fedavg,end,tw_pred_agree_grid,3,0.04027777910232544,0.04003472253680229,0.04107639007270336
D,partition,0.3|wd1.0,partitions K20 E5 f1 operand fedavg,end,tw_irrep_same_dominant,3,1.0,1.0,1.0
D,partition,0.3|wd1.0,partitions K20 E5 f1 operand fedavg,end,tw_irrep_frac_cos,3,0.9855623162566852,0.9853419070203651,0.9877070406104249
D,partition,0.3|wd1.0,partitions K20 E5 f1 operand fedavg,first,tw_step_gap,3,0.0,0.0,0.0
D,partition,0.3|wd1.0,partitions K20 E5 f1 operand fedavg,first,tw_rel_dist,3,1.212491750717163,1.2102068066596985,1.212658941745758
D,partition,0.3|wd1.0,partitions K20 E5 f1 operand fedavg,first,tw_cos,3,0.028168130666017532,0.026592975482344627,0.031184658408164978
D,partition,0.3|wd1.0,partitions K20 E5 f1 operand fedavg,first,tw_first_rel_dist,3,1.0411919355392456,1.040243148803711,1.0422102212905884
D,partition,0.3|wd1.0,partitions K20 E5 f1 operand fedavg,first,tw_pred_agree_te,3,0.0015873016091063619,0.0014384920941665769,0.001984127040486783
D,partition,0.3|wd1.0,partitions K20 E5 f1 operand fedavg,first,tw_twin_acc_te,3,92.23214721679688,91.80059814453125,93.68552017211914
D,partition,0.3|wd1.0,partitions K20 E5 f1 operand fedavg,first,tw_fed_acc_te,3,0.0,0.0,0.0
D,partition,0.3|wd1.0,partitions K20 E5 f1 operand fedavg,first,tw_cka_te,3,0.09349872884746252,0.09213878182119468,0.09523451038848166
D,partition,0.3|wd1.0,partitions K20 E5 f1 operand fedavg,first,tw_pred_agree_grid,3,0.03541666641831398,0.033472223207354546,0.03552083298563957
D,partition,0.3|wd1.0,partitions K20 E5 f1 operand fedavg,first,tw_irrep_same_dominant,3,1.0,1.0,1.0
D,partition,0.3|wd1.0,partitions K20 E5 f1 operand fedavg,first,tw_irrep_frac_cos,3,0.9897920183376444,0.9894791392925203,0.9899709203437128
D,partition,0.3|wd1.0,partitions K20 E5 f1 target fedavg,end,tw_step_gap,3,0.0,0.0,0.0
D,partition,0.3|wd1.0,partitions K20 E5 f1 target fedavg,end,tw_rel_dist,3,1.671219825744629,1.6577036380767822,1.695216178894043
D,partition,0.3|wd1.0,partitions K20 E5 f1 target fedavg,end,tw_cos,3,0.040695492178201675,0.03854617848992348,0.043602827936410904
D,partition,0.3|wd1.0,partitions K20 E5 f1 target fedavg,end,tw_first_rel_dist,3,1.1238943338394165,1.105210304260254,1.1747530102729797
D,partition,0.3|wd1.0,partitions K20 E5 f1 target fedavg,end,tw_pred_agree_te,3,0.0076388888992369175,0.0075396825559437275,0.0076388888992369175
D,partition,0.3|wd1.0,partitions K20 E5 f1 target fedavg,end,tw_twin_acc_te,3,97.55952453613281,96.42857360839844,97.59424591064453
D,partition,0.3|wd1.0,partitions K20 E5 f1 target fedavg,end,tw_fed_acc_te,3,0.7142857313156128,0.7142857313156128,0.7192460298538208
D,partition,0.3|wd1.0,partitions K20 E5 f1 target fedavg,end,tw_cka_te,3,0.04172049031639342,0.03981952131390551,0.044945122028765966
D,partition,0.3|wd1.0,partitions K20 E5 f1 target fedavg,end,tw_pred_agree_grid,3,0.0086805559694767,0.00861111143603921,0.008819444570690393
D,partition,0.3|wd1.0,partitions K20 E5 f1 target fedavg,end,tw_irrep_same_dominant,3,1.0,1.0,1.0
D,partition,0.3|wd1.0,partitions K20 E5 f1 target fedavg,end,tw_irrep_frac_cos,3,0.9721697896847991,0.9462594189342648,0.9751263980707916
D,partition,0.3|wd1.0,partitions K20 E5 f1 target fedavg,first,tw_step_gap,3,0.0,0.0,0.0
D,partition,0.3|wd1.0,partitions K20 E5 f1 target fedavg,first,tw_rel_dist,3,1.6449766159057617,1.6366271376609802,1.6763522624969482
D,partition,0.3|wd1.0,partitions K20 E5 f1 target fedavg,first,tw_cos,3,0.036049194633960724,0.03568459860980511,0.0380762554705143
D,partition,0.3|wd1.0,partitions K20 E5 f1 target fedavg,first,tw_first_rel_dist,3,1.116137981414795,1.0997445583343506,1.1688842177391052
D,partition,0.3|wd1.0,partitions K20 E5 f1 target fedavg,first,tw_pred_agree_te,3,0.0076388888992369175,0.0076388888992369175,0.007886904990300536
D,partition,0.3|wd1.0,partitions K20 E5 f1 target fedavg,first,tw_twin_acc_te,3,92.23214721679688,91.80059814453125,93.68552017211914
D,partition,0.3|wd1.0,partitions K20 E5 f1 target fedavg,first,tw_fed_acc_te,3,0.7142857313156128,0.7142857313156128,0.7291666865348816
D,partition,0.3|wd1.0,partitions K20 E5 f1 target fedavg,first,tw_cka_te,3,0.048671269620030606,0.046736084100757844,0.05123612324149391
D,partition,0.3|wd1.0,partitions K20 E5 f1 target fedavg,first,tw_pred_agree_grid,3,0.0086805559694767,0.0086805559694767,0.008854167070239782
D,partition,0.3|wd1.0,partitions K20 E5 f1 target fedavg,first,tw_irrep_same_dominant,3,1.0,1.0,1.0
D,partition,0.3|wd1.0,partitions K20 E5 f1 target fedavg,first,tw_irrep_frac_cos,3,0.9781691261892365,0.9537253882118408,0.9810783800644984
D,partition,0.3|wd1.0,partitions K5 E5 f1 coset fedavg,end,tw_step_gap,3,0.0,0.0,0.0
D,partition,0.3|wd1.0,partitions K5 E5 f1 coset fedavg,end,tw_rel_dist,3,1.3926504850387573,1.3918558955192566,1.3958489894866943
D,partition,0.3|wd1.0,partitions K5 E5 f1 coset fedavg,end,tw_cos,3,0.016181861981749535,0.015030696522444487,0.020023774355649948
D,partition,0.3|wd1.0,partitions K5 E5 f1 coset fedavg,end,tw_first_rel_dist,3,1.2660832405090332,1.2657248377799988,1.271707832813263
D,partition,0.3|wd1.0,partitions K5 E5 f1 coset fedavg,end,tw_pred_agree_te,3,0.6902778148651123,0.6730158925056458,0.693204402923584
D,partition,0.3|wd1.0,partitions K5 E5 f1 coset fedavg,end,tw_twin_acc_te,3,97.55952453613281,96.42857360839844,97.59424591064453
D,partition,0.3|wd1.0,partitions K5 E5 f1 coset fedavg,end,tw_fed_acc_te,3,70.75396728515625,68.54662704467773,71.00694274902344
D,partition,0.3|wd1.0,partitions K5 E5 f1 coset fedavg,end,tw_cka_te,3,0.21035080332851083,0.16357652806676215,0.2214265428351102
D,partition,0.3|wd1.0,partitions K5 E5 f1 coset fedavg,end,tw_pred_agree_grid,3,0.7831944823265076,0.7711111307144165,0.7852430939674377
D,partition,0.3|wd1.0,partitions K5 E5 f1 coset fedavg,end,tw_irrep_same_dominant,3,1.0,1.0,1.0
D,partition,0.3|wd1.0,partitions K5 E5 f1 coset fedavg,end,tw_irrep_frac_cos,3,0.9838617418868227,0.9794431169757448,0.9873302676680398
D,partition,0.3|wd1.0,partitions K5 E5 f1 coset fedavg,first,tw_step_gap,3,0.0,0.0,0.0
D,partition,0.3|wd1.0,partitions K5 E5 f1 coset fedavg,first,tw_rel_dist,3,1.3519494533538818,1.348285436630249,1.3553335666656494
D,partition,0.3|wd1.0,partitions K5 E5 f1 coset fedavg,first,tw_cos,3,0.014392495155334473,0.01405787281692028,0.01479251915588975
D,partition,0.3|wd1.0,partitions K5 E5 f1 coset fedavg,first,tw_first_rel_dist,3,1.2323724031448364,1.2323449850082397,1.2374839782714844
D,partition,0.3|wd1.0,partitions K5 E5 f1 coset fedavg,first,tw_pred_agree_te,3,0.17738094925880432,0.15173611044883728,0.18710317462682724
D,partition,0.3|wd1.0,partitions K5 E5 f1 coset fedavg,first,tw_twin_acc_te,3,92.23214721679688,91.80059814453125,93.68552017211914
D,partition,0.3|wd1.0,partitions K5 E5 f1 coset fedavg,first,tw_fed_acc_te,3,18.065475463867188,15.520833015441895,19.265872955322266
D,partition,0.3|wd1.0,partitions K5 E5 f1 coset fedavg,first,tw_cka_te,3,0.10099319429295163,0.09786118359919753,0.15588910243920284
D,partition,0.3|wd1.0,partitions K5 E5 f1 coset fedavg,first,tw_pred_agree_grid,3,0.4241666793823242,0.40621529519557953,0.43097223341464996
D,partition,0.3|wd1.0,partitions K5 E5 f1 coset fedavg,first,tw_irrep_same_dominant,3,1.0,1.0,1.0
D,partition,0.3|wd1.0,partitions K5 E5 f1 coset fedavg,first,tw_irrep_frac_cos,3,0.9915139337773575,0.9908714662731939,0.9929708580521793
E,E,n2000|wd0.1,local_epochs K10 E10 f1 iid fedavg,cross,tw_step_gap,3,0.0,0.0,0.0
E,E,n2000|wd0.1,local_epochs K10 E10 f1 iid fedavg,cross,tw_rel_dist,3,1.910951018333435,1.8346531987190247,2.036000669002533
E,E,n2000|wd0.1,local_epochs K10 E10 f1 iid fedavg,cross,tw_cos,3,0.11347288638353348,0.10898707807064056,0.12020361796021461
E,E,n2000|wd0.1,local_epochs K10 E10 f1 iid fedavg,cross,tw_first_rel_dist,3,1.7944855690002441,1.710989773273468,1.857936978340149
E,E,n2000|wd0.1,local_epochs K10 E10 f1 iid fedavg,cross,tw_pred_agree_te,3,0.9211999773979187,0.9074999690055847,0.9241999685764313
E,E,n2000|wd0.1,local_epochs K10 E10 f1 iid fedavg,cross,tw_twin_acc_te,3,94.13999938964844,94.13999938964844,94.54999923706055
E,E,n2000|wd0.1,local_epochs K10 E10 f1 iid fedavg,cross,tw_fed_acc_te,3,91.05999755859375,89.5999984741211,91.21999740600586
E,E,n2000|wd0.1,local_epochs K10 E10 f1 iid fedavg,cross,tw_cka_te,3,0.7620966469160889,0.6963670637207735,0.7726566443315805
E,E,n2000|wd0.1,local_epochs K10 E10 f1 iid fedavg,end,tw_step_gap,3,0.0,0.0,0.0
E,E,n2000|wd0.1,local_epochs K10 E10 f1 iid fedavg,end,tw_rel_dist,3,1.3989933729171753,1.3591477870941162,1.42239910364151
E,E,n2000|wd0.1,local_epochs K10 E10 f1 iid fedavg,end,tw_cos,3,0.15222017467021942,0.15159522742033005,0.15791182965040207
E,E,n2000|wd0.1,local_epochs K10 E10 f1 iid fedavg,end,tw_first_rel_dist,3,1.3972431421279907,1.3649458289146423,1.4430770874023438
E,E,n2000|wd0.1,local_epochs K10 E10 f1 iid fedavg,end,tw_pred_agree_te,3,0.9425999522209167,0.9213999509811401,0.9469999670982361
E,E,n2000|wd0.1,local_epochs K10 E10 f1 iid fedavg,end,tw_twin_acc_te,3,94.33999633789062,93.95999526977539,94.6099967956543
E,E,n2000|wd0.1,local_epochs K10 E10 f1 iid fedavg,end,tw_fed_acc_te,3,93.03999328613281,90.93999481201172,93.31999588012695
E,E,n2000|wd0.1,local_epochs K10 E10 f1 iid fedavg,end,tw_cka_te,3,0.8860160720949413,0.8206547780718099,0.8891416614668846
E,E,n2000|wd0.1,local_epochs K10 E10 f1 iid fedavg,first,tw_step_gap,3,0.0,0.0,0.0
E,E,n2000|wd0.1,local_epochs K10 E10 f1 iid fedavg,first,tw_rel_dist,3,2.703421115875244,2.6684869527816772,2.7474067211151123
E,E,n2000|wd0.1,local_epochs K10 E10 f1 iid fedavg,first,tw_cos,3,0.1642886847257614,0.16132646799087524,0.16672612726688385
E,E,n2000|wd0.1,local_epochs K10 E10 f1 iid fedavg,first,tw_first_rel_dist,3,2.3125901222229004,2.2725921869277954,2.356911063194275
E,E,n2000|wd0.1,local_epochs K10 E10 f1 iid fedavg,first,tw_pred_agree_te,3,0.7487999796867371,0.7414999902248383,0.754399985074997
E,E,n2000|wd0.1,local_epochs K10 E10 f1 iid fedavg,first,tw_twin_acc_te,3,94.37999725341797,94.29999923706055,94.52999877929688
E,E,n2000|wd0.1,local_epochs K10 E10 f1 iid fedavg,first,tw_fed_acc_te,3,74.03999328613281,73.3799934387207,74.57999420166016
E,E,n2000|wd0.1,local_epochs K10 E10 f1 iid fedavg,first,tw_cka_te,3,0.2994808879134684,0.2984853787166444,0.30884729121269316
E,E,n2000|wd0.1,local_epochs K10 E25 f1 iid fedavg,cross,tw_step_gap,3,0.0,0.0,0.0
E,E,n2000|wd0.1,local_epochs K10 E25 f1 iid fedavg,cross,tw_rel_dist,3,2.102154016494751,2.058624029159546,2.1251168251037598
E,E,n2000|wd0.1,local_epochs K10 E25 f1 iid fedavg,cross,tw_cos,3,0.09667512774467468,0.09587549790740013,0.09945548325777054
E,E,n2000|wd0.1,local_epochs K10 E25 f1 iid fedavg,cross,tw_first_rel_dist,3,1.8503389358520508,1.8113229870796204,1.8812586069107056
E,E,n2000|wd0.1,local_epochs K10 E25 f1 iid fedavg,cross,tw_pred_agree_te,3,0.9057999849319458,0.9022999703884125,0.907399982213974
E,E,n2000|wd0.1,local_epochs K10 E25 f1 iid fedavg,cross,tw_twin_acc_te,3,94.54000091552734,94.48999786376953,94.75
E,E,n2000|wd0.1,local_epochs K10 E25 f1 iid fedavg,cross,tw_fed_acc_te,3,88.79999542236328,88.62999725341797,89.18999862670898
E,E,n2000|wd0.1,local_epochs K10 E25 f1 iid fedavg,cross,tw_cka_te,3,0.5396693432425033,0.5341032820481307,0.5874386405828094
E,E,n2000|wd0.1,local_epochs K10 E25 f1 iid fedavg,end,tw_step_gap,3,0.0,0.0,0.0
E,E,n2000|wd0.1,local_epochs K10 E25 f1 iid fedavg,end,tw_rel_dist,3,1.25719153881073,1.2243950366973877,1.2670997381210327
E,E,n2000|wd0.1,local_epochs K10 E25 f1 iid fedavg,end,tw_cos,3,0.176736518740654,0.17233696579933167,0.1771978661417961
E,E,n2000|wd0.1,local_epochs K10 E25 f1 iid fedavg,end,tw_first_rel_dist,3,1.256780982017517,1.2197688817977905,1.2608088254928589
E,E,n2000|wd0.1,local_epochs K10 E25 f1 iid fedavg,end,tw_pred_agree_te,3,0.9490000009536743,0.9422999918460846,0.9555999934673309
E,E,n2000|wd0.1,local_epochs K10 E25 f1 iid fedavg,end,tw_twin_acc_te,3,94.33999633789062,93.95999526977539,94.6099967956543
E,E,n2000|wd0.1,local_epochs K10 E25 f1 iid fedavg,end,tw_fed_acc_te,3,93.17999267578125,92.63999557495117,93.73999404907227
E,E,n2000|wd0.1,local_epochs K10 E25 f1 iid fedavg,end,tw_cka_te,3,0.90372852503881,0.8873406944439746,0.905377369956192
E,E,n2000|wd0.1,local_epochs K10 E25 f1 iid fedavg,first,tw_step_gap,3,0.0,0.0,0.0
E,E,n2000|wd0.1,local_epochs K10 E25 f1 iid fedavg,first,tw_rel_dist,3,2.6916322708129883,2.6559243202209473,2.7348541021347046
E,E,n2000|wd0.1,local_epochs K10 E25 f1 iid fedavg,first,tw_cos,3,0.1603640615940094,0.15727242827415466,0.16209547221660614
E,E,n2000|wd0.1,local_epochs K10 E25 f1 iid fedavg,first,tw_first_rel_dist,3,2.2882328033447266,2.2488510608673096,2.3323394060134888
E,E,n2000|wd0.1,local_epochs K10 E25 f1 iid fedavg,first,tw_pred_agree_te,3,0.7235999703407288,0.7150999903678894,0.7283999621868134
E,E,n2000|wd0.1,local_epochs K10 E25 f1 iid fedavg,first,tw_twin_acc_te,3,94.37999725341797,94.29999923706055,94.52999877929688
E,E,n2000|wd0.1,local_epochs K10 E25 f1 iid fedavg,first,tw_fed_acc_te,3,71.0,70.5999984741211,71.78999710083008
E,E,n2000|wd0.1,local_epochs K10 E25 f1 iid fedavg,first,tw_cka_te,3,0.28641151390170855,0.28333415451643856,0.30571708813354814
E,E,n2000|wd0.1,local_epochs K10 E50 f1 iid fedavg,cross,tw_step_gap,3,0.0,0.0,0.0
E,E,n2000|wd0.1,local_epochs K10 E50 f1 iid fedavg,cross,tw_rel_dist,3,2.078636884689331,2.041569471359253,2.1074150800704956
E,E,n2000|wd0.1,local_epochs K10 E50 f1 iid fedavg,cross,tw_cos,3,0.08665832877159119,0.08464685082435608,0.08783664926886559
E,E,n2000|wd0.1,local_epochs K10 E50 f1 iid fedavg,cross,tw_first_rel_dist,3,1.8087137937545776,1.776257336139679,1.8445508480072021
E,E,n2000|wd0.1,local_epochs K10 E50 f1 iid fedavg,cross,tw_pred_agree_te,3,0.8871999979019165,0.8867999911308289,0.8885999917984009
E,E,n2000|wd0.1,local_epochs K10 E50 f1 iid fedavg,cross,tw_twin_acc_te,3,94.54000091552734,94.48999786376953,94.75
E,E,n2000|wd0.1,local_epochs K10 E50 f1 iid fedavg,cross,tw_fed_acc_te,3,87.39999389648438,87.3699951171875,87.46999740600586
E,E,n2000|wd0.1,local_epochs K10 E50 f1 iid fedavg,cross,tw_cka_te,3,0.5045752924081979,0.5013140943115694,0.5355935303105723
E,E,n2000|wd0.1,local_epochs K10 E50 f1 iid fedavg,end,tw_step_gap,3,0.0,0.0,0.0
E,E,n2000|wd0.1,local_epochs K10 E50 f1 iid fedavg,end,tw_rel_dist,3,1.13823401927948,1.1234301328659058,1.1429201364517212
E,E,n2000|wd0.1,local_epochs K10 E50 f1 iid fedavg,end,tw_cos,3,0.1875441074371338,0.18136198073625565,0.1896110326051712
E,E,n2000|wd0.1,local_epochs K10 E50 f1 iid fedavg,end,tw_first_rel_dist,3,1.1186715364456177,1.1049522161483765,1.120592474937439
E,E,n2000|wd0.1,local_epochs K10 E50 f1 iid fedavg,end,tw_pred_agree_te,3,0.9591999650001526,0.9584999680519104,0.9612999558448792
E,E,n2000|wd0.1,local_epochs K10 E50 f1 iid fedavg,end,tw_twin_acc_te,3,94.33999633789062,93.95999526977539,94.6099967956543
E,E,n2000|wd0.1,local_epochs K10 E50 f1 iid fedavg,end,tw_fed_acc_te,3,94.25999450683594,94.18999481201172,94.45999526977539
E,E,n2000|wd0.1,local_epochs K10 E50 f1 iid fedavg,end,tw_cka_te,3,0.9235560298963353,0.9152725934116106,0.9297846085699379
E,E,n2000|wd0.1,local_epochs K10 E50 f1 iid fedavg,first,tw_step_gap,3,0.0,0.0,0.0
E,E,n2000|wd0.1,local_epochs K10 E50 f1 iid fedavg,first,tw_rel_dist,3,2.7052767276763916,2.670084834098816,2.750826120376587
E,E,n2000|wd0.1,local_epochs K10 E50 f1 iid fedavg,first,tw_cos,3,0.15405021607875824,0.15104586631059647,0.15651579201221466
E,E,n2000|wd0.1,local_epochs K10 E50 f1 iid fedavg,first,tw_first_rel_dist,3,2.2776901721954346,2.240327835083008,2.3244112730026245
E,E,n2000|wd0.1,local_epochs K10 E50 f1 iid fedavg,first,tw_pred_agree_te,3,0.6225999593734741,0.6121999621391296,0.6326999664306641
E,E,n2000|wd0.1,local_epochs K10 E50 f1 iid fedavg,first,tw_twin_acc_te,3,94.37999725341797,94.29999923706055,94.52999877929688
E,E,n2000|wd0.1,local_epochs K10 E50 f1 iid fedavg,first,tw_fed_acc_te,3,61.41999816894531,60.52999687194824,62.46999740600586
E,E,n2000|wd0.1,local_epochs K10 E50 f1 iid fedavg,first,tw_cka_te,3,0.27544271507131385,0.2749499802745857,0.2833756692471312
E,E,n2000|wd0.1,local_epochs K10 E50 f1 iid fedavg,memo,tw_step_gap,3,0.0,0.0,0.0
E,E,n2000|wd0.1,local_epochs K10 E50 f1 iid fedavg,memo,tw_rel_dist,3,2.7052767276763916,2.670084834098816,2.750826120376587
E,E,n2000|wd0.1,local_epochs K10 E50 f1 iid fedavg,memo,tw_cos,3,0.15405021607875824,0.15104586631059647,0.15651579201221466
E,E,n2000|wd0.1,local_epochs K10 E50 f1 iid fedavg,memo,tw_first_rel_dist,3,2.2776901721954346,2.240327835083008,2.3244112730026245
E,E,n2000|wd0.1,local_epochs K10 E50 f1 iid fedavg,memo,tw_pred_agree_te,3,0.6225999593734741,0.6121999621391296,0.6326999664306641
E,E,n2000|wd0.1,local_epochs K10 E50 f1 iid fedavg,memo,tw_twin_acc_te,3,94.37999725341797,94.29999923706055,94.52999877929688
E,E,n2000|wd0.1,local_epochs K10 E50 f1 iid fedavg,memo,tw_fed_acc_te,3,61.41999816894531,60.52999687194824,62.46999740600586
E,E,n2000|wd0.1,local_epochs K10 E50 f1 iid fedavg,memo,tw_cka_te,3,0.27544271507131385,0.2749499802745857,0.2833756692471312
E,K,n2000|wd0.1,aggregation K10 E5 f1 iid fedavg,cross,tw_step_gap,3,0.0,0.0,0.0
E,K,n2000|wd0.1,aggregation K10 E5 f1 iid fedavg,cross,tw_rel_dist,3,2.201622486114502,2.1548736095428467,2.2256020307540894
E,K,n2000|wd0.1,aggregation K10 E5 f1 iid fedavg,cross,tw_cos,3,0.10079080611467361,0.09825912490487099,0.10086027905344963
E,K,n2000|wd0.1,aggregation K10 E5 f1 iid fedavg,cross,tw_first_rel_dist,3,1.9436441659927368,1.8995330929756165,1.9735059142112732
E,K,n2000|wd0.1,aggregation K10 E5 f1 iid fedavg,cross,tw_pred_agree_te,3,0.8835999965667725,0.8818999826908112,0.886599987745285
E,K,n2000|wd0.1,aggregation K10 E5 f1 iid fedavg,cross,tw_twin_acc_te,3,94.54000091552734,94.48999786376953,94.75
E,K,n2000|wd0.1,aggregation K10 E5 f1 iid fedavg,cross,tw_fed_acc_te,3,87.6199951171875,87.41999435424805,87.62999725341797
E,K,n2000|wd0.1,aggregation K10 E5 f1 iid fedavg,cross,tw_cka_te,3,0.5374529251624796,0.5326607372417891,0.5805632320764789
E,K,n2000|wd0.1,aggregation K10 E5 f1 iid fedavg,end,tw_step_gap,3,0.0,0.0,0.0
E,K,n2000|wd0.1,aggregation K10 E5 f1 iid fedavg,end,tw_rel_dist,3,1.560707449913025,1.5399941205978394,1.6854357719421387
E,K,n2000|wd0.1,aggregation K10 E5 f1 iid fedavg,end,tw_cos,3,0.10922062397003174,0.10462287440896034,0.11194727569818497
E,K,n2000|wd0.1,aggregation K10 E5 f1 iid fedavg,end,tw_first_rel_dist,3,1.5693764686584473,1.5662118196487427,1.6906622648239136
E,K,n2000|wd0.1,aggregation K10 E5 f1 iid fedavg,end,tw_pred_agree_te,3,0.824999988079071,0.8128999769687653,0.8848999738693237
E,K,n2000|wd0.1,aggregation K10 E5 f1 iid fedavg,end,tw_twin_acc_te,3,94.36000061035156,93.72999954223633,94.75
E,K,n2000|wd0.1,aggregation K10 E5 f1 iid fedavg,end,tw_fed_acc_te,3,81.19999694824219,80.49999618530273,86.97999572753906
E,K,n2000|wd0.1,aggregation K10 E5 f1 iid fedavg,end,tw_cka_te,3,0.692834256679851,0.651480240318222,0.7649460090021596
E,K,n2000|wd0.1,aggregation K10 E5 f1 iid fedavg,first,tw_step_gap,3,0.0,0.0,0.0
E,K,n2000|wd0.1,aggregation K10 E5 f1 iid fedavg,first,tw_rel_dist,3,2.201622486114502,2.1548736095428467,2.2256020307540894
E,K,n2000|wd0.1,aggregation K10 E5 f1 iid fedavg,first,tw_cos,3,0.10079080611467361,0.09825912490487099,0.10086027905344963
E,K,n2000|wd0.1,aggregation K10 E5 f1 iid fedavg,first,tw_first_rel_dist,3,1.9436441659927368,1.8995330929756165,1.9735059142112732
E,K,n2000|wd0.1,aggregation K10 E5 f1 iid fedavg,first,tw_pred_agree_te,3,0.8835999965667725,0.8818999826908112,0.886599987745285
E,K,n2000|wd0.1,aggregation K10 E5 f1 iid fedavg,first,tw_twin_acc_te,3,94.54000091552734,94.48999786376953,94.75
E,K,n2000|wd0.1,aggregation K10 E5 f1 iid fedavg,first,tw_fed_acc_te,3,87.6199951171875,87.41999435424805,87.62999725341797
E,K,n2000|wd0.1,aggregation K10 E5 f1 iid fedavg,first,tw_cka_te,3,0.5374529251624796,0.5326607372417891,0.5805632320764789
E,K,n2000|wd0.1,aggregation K2 E5 f1 iid fedavg,end,tw_step_gap,3,0.0,0.0,0.0
E,K,n2000|wd0.1,aggregation K2 E5 f1 iid fedavg,end,tw_rel_dist,3,1.5076144933700562,1.4688416123390198,1.668808400630951
E,K,n2000|wd0.1,aggregation K2 E5 f1 iid fedavg,end,tw_cos,3,0.06657005846500397,0.058580879122018814,0.06975027918815613
E,K,n2000|wd0.1,aggregation K2 E5 f1 iid fedavg,end,tw_first_rel_dist,3,1.5200812816619873,1.4680925607681274,1.685234248638153
E,K,n2000|wd0.1,aggregation K2 E5 f1 iid fedavg,end,tw_pred_agree_te,3,0.8441999554634094,0.8223999738693237,0.8450999557971954
E,K,n2000|wd0.1,aggregation K2 E5 f1 iid fedavg,end,tw_twin_acc_te,3,94.36000061035156,93.72999954223633,94.75
E,K,n2000|wd0.1,aggregation K2 E5 f1 iid fedavg,end,tw_fed_acc_te,3,82.97999572753906,81.3599967956543,83.0099983215332
E,K,n2000|wd0.1,aggregation K2 E5 f1 iid fedavg,end,tw_cka_te,3,0.7225000029585726,0.7206743203731011,0.7384480240605135
E,K,n2000|wd0.1,aggregation K2 E5 f1 iid fedavg,first,tw_step_gap,3,0.0,0.0,0.0
E,K,n2000|wd0.1,aggregation K2 E5 f1 iid fedavg,first,tw_rel_dist,3,1.3379583358764648,1.3011415600776672,1.3459698557853699
E,K,n2000|wd0.1,aggregation K2 E5 f1 iid fedavg,first,tw_cos,3,0.16184037923812866,0.14362458139657974,0.2036055624485016
E,K,n2000|wd0.1,aggregation K2 E5 f1 iid fedavg,first,tw_first_rel_dist,3,1.2962496280670166,1.2716928124427795,1.3052585124969482
E,K,n2000|wd0.1,aggregation K2 E5 f1 iid fedavg,first,tw_pred_agree_te,3,0.8725999593734741,0.8631999790668488,0.9148999750614166
E,K,n2000|wd0.1,aggregation K2 E5 f1 iid fedavg,first,tw_twin_acc_te,3,94.54000091552734,94.48999786376953,94.75
E,K,n2000|wd0.1,aggregation K2 E5 f1 iid fedavg,first,tw_fed_acc_te,3,85.69999694824219,84.75,89.96999740600586
E,K,n2000|wd0.1,aggregation K2 E5 f1 iid fedavg,first,tw_cka_te,3,0.8228989770553921,0.8069657721717485,0.8655122795946142
E,K,n2000|wd0.1,aggregation K20 E5 f1 iid fedavg,cross,tw_step_gap,3,0.0,0.0,0.0
E,K,n2000|wd0.1,aggregation K20 E5 f1 iid fedavg,cross,tw_rel_dist,3,1.9412508010864258,1.8911583423614502,2.0585103034973145
E,K,n2000|wd0.1,aggregation K20 E5 f1 iid fedavg,cross,tw_cos,3,0.09285291284322739,0.08918389305472374,0.09615121781826019
E,K,n2000|wd0.1,aggregation K20 E5 f1 iid fedavg,cross,tw_first_rel_dist,3,1.7608046531677246,1.718913197517395,1.880563497543335
E,K,n2000|wd0.1,aggregation K20 E5 f1 iid fedavg,cross,tw_pred_agree_te,3,0.9165999889373779,0.9122999906539917,0.91839998960495
E,K,n2000|wd0.1,aggregation K20 E5 f1 iid fedavg,cross,tw_twin_acc_te,3,94.4000015258789,94.31999969482422,94.70000076293945
E,K,n2000|wd0.1,aggregation K20 E5 f1 iid fedavg,cross,tw_fed_acc_te,3,90.55999755859375,90.41999816894531,90.59000015258789
E,K,n2000|wd0.1,aggregation K20 E5 f1 iid fedavg,cross,tw_cka_te,3,0.6867964508712502,0.6710976401150559,0.6987335332367371
E,K,n2000|wd0.1,aggregation K20 E5 f1 iid fedavg,end,tw_step_gap,3,0.0,0.0,0.0
E,K,n2000|wd0.1,aggregation K20 E5 f1 iid fedavg,end,tw_rel_dist,3,1.516818642616272,1.5020525455474854,1.630216360092163
E,K,n2000|wd0.1,aggregation K20 E5 f1 iid fedavg,end,tw_cos,3,0.13050861656665802,0.12512467429041862,0.13129214942455292
E,K,n2000|wd0.1,aggregation K20 E5 f1 iid fedavg,end,tw_first_rel_dist,3,1.5045006275177002,1.4937929511070251,1.6388763785362244
E,K,n2000|wd0.1,aggregation K20 E5 f1 iid fedavg,end,tw_pred_agree_te,3,0.9472000002861023,0.9448999762535095,0.9494999945163727
E,K,n2000|wd0.1,aggregation K20 E5 f1 iid fedavg,end,tw_twin_acc_te,3,94.36000061035156,93.72999954223633,94.75
E,K,n2000|wd0.1,aggregation K20 E5 f1 iid fedavg,end,tw_fed_acc_te,3,93.87999725341797,93.7599983215332,93.99999618530273
E,K,n2000|wd0.1,aggregation K20 E5 f1 iid fedavg,end,tw_cka_te,3,0.8855557336605855,0.8450973796819405,0.8901588736991763
E,K,n2000|wd0.1,aggregation K20 E5 f1 iid fedavg,first,tw_step_gap,3,0.0,0.0,0.0
E,K,n2000|wd0.1,aggregation K20 E5 f1 iid fedavg,first,tw_rel_dist,3,2.97564697265625,2.9187839031219482,3.024605870246887
E,K,n2000|wd0.1,aggregation K20 E5 f1 iid fedavg,first,tw_cos,3,0.07066410779953003,0.07022518664598465,0.07167696207761765
E,K,n2000|wd0.1,aggregation K20 E5 f1 iid fedavg,first,tw_first_rel_dist,3,2.533454418182373,2.4817601442337036,2.5889675617218018
E,K,n2000|wd0.1,aggregation K20 E5 f1 iid fedavg,first,tw_pred_agree_te,3,0.6764000058174133,0.6739999949932098,0.6879000067710876
E,K,n2000|wd0.1,aggregation K20 E5 f1 iid fedavg,first,tw_twin_acc_te,3,94.54000091552734,94.48999786376953,94.75
E,K,n2000|wd0.1,aggregation K20 E5 f1 iid fedavg,first,tw_fed_acc_te,3,67.07999420166016,66.9699935913086,68.30999755859375
E,K,n2000|wd0.1,aggregation K20 E5 f1 iid fedavg,first,tw_cka_te,3,0.2815639526868011,0.267724896982772,0.2820635694898854
E,K,n2000|wd0.1,aggregation K5 E5 f1 iid fedavg,cross,tw_step_gap,2,0.0,0.0,0.0
E,K,n2000|wd0.1,aggregation K5 E5 f1 iid fedavg,cross,tw_rel_dist,2,1.5109416842460632,1.488615244626999,1.5332681238651276
E,K,n2000|wd0.1,aggregation K5 E5 f1 iid fedavg,cross,tw_cos,2,0.17349286377429962,0.17336087673902512,0.17362485080957413
E,K,n2000|wd0.1,aggregation K5 E5 f1 iid fedavg,cross,tw_first_rel_dist,2,1.4319148659706116,1.4101630747318268,1.4536666572093964
E,K,n2000|wd0.1,aggregation K5 E5 f1 iid fedavg,cross,tw_pred_agree_te,2,0.9434999823570251,0.9433499872684479,0.9436499774456024
E,K,n2000|wd0.1,aggregation K5 E5 f1 iid fedavg,cross,tw_twin_acc_te,2,94.75,94.64500045776367,94.85499954223633
E,K,n2000|wd0.1,aggregation K5 E5 f1 iid fedavg,cross,tw_fed_acc_te,2,92.52999877929688,92.49499893188477,92.56499862670898
E,K,n2000|wd0.1,aggregation K5 E5 f1 iid fedavg,cross,tw_cka_te,2,0.8583328353924509,0.8552624481657398,0.8614032226191619
E,K,n2000|wd0.1,aggregation K5 E5 f1 iid fedavg,end,tw_step_gap,3,0.0,0.0,0.0
E,K,n2000|wd0.1,aggregation K5 E5 f1 iid fedavg,end,tw_rel_dist,3,1.6075005531311035,1.5866957306861877,1.7281761765480042
E,K,n2000|wd0.1,aggregation K5 E5 f1 iid fedavg,end,tw_cos,3,0.07929414510726929,0.07292727753520012,0.07956783100962639
E,K,n2000|wd0.1,aggregation K5 E5 f1 iid fedavg,end,tw_first_rel_dist,3,1.600684404373169,1.5297656655311584,1.6951085329055786
E,K,n2000|wd0.1,aggregation K5 E5 f1 iid fedavg,end,tw_pred_agree_te,3,0.7667999863624573,0.7663999795913696,0.8038999736309052
E,K,n2000|wd0.1,aggregation K5 E5 f1 iid fedavg,end,tw_twin_acc_te,3,94.36000061035156,93.72999954223633,94.75
E,K,n2000|wd0.1,aggregation K5 E5 f1 iid fedavg,end,tw_fed_acc_te,3,75.9000015258789,75.77000045776367,79.51000213623047
E,K,n2000|wd0.1,aggregation K5 E5 f1 iid fedavg,end,tw_cka_te,3,0.6413276134750762,0.6400673184220385,0.6825461655111003
E,K,n2000|wd0.1,aggregation K5 E5 f1 iid fedavg,first,tw_step_gap,3,0.0,0.0,0.0
E,K,n2000|wd0.1,aggregation K5 E5 f1 iid fedavg,first,tw_rel_dist,3,1.5352022647857666,1.5007455348968506,1.5453984141349792
E,K,n2000|wd0.1,aggregation K5 E5 f1 iid fedavg,first,tw_cos,3,0.1732288897037506,0.16917385905981064,0.17349286377429962
E,K,n2000|wd0.1,aggregation K5 E5 f1 iid fedavg,first,tw_first_rel_dist,3,1.4732868671417236,1.4308490753173828,1.4743526577949524
E,K,n2000|wd0.1,aggregation K5 E5 f1 iid fedavg,first,tw_pred_agree_te,3,0.9431999921798706,0.9425999820232391,0.9434999823570251
E,K,n2000|wd0.1,aggregation K5 E5 f1 iid fedavg,first,tw_twin_acc_te,3,94.54000091552734,94.48999786376953,94.75
E,K,n2000|wd0.1,aggregation K5 E5 f1 iid fedavg,first,tw_fed_acc_te,3,92.57999420166016,92.5199966430664,92.58999633789062
E,K,n2000|wd0.1,aggregation K5 E5 f1 iid fedavg,first,tw_cka_te,3,0.864473609845873,0.8583328353924509,0.8696600403100558
E,K,n2000|wd0.1,setup_k_ladder K10 E5 f1 iid fedavg,cross,tw_step_gap,3,0.0,0.0,0.0
E,K,n2000|wd0.1,setup_k_ladder K10 E5 f1 iid fedavg,cross,tw_rel_dist,3,1.8096401691436768,1.7900376915931702,1.8845902681350708
E,K,n2000|wd0.1,setup_k_ladder K10 E5 f1 iid fedavg,cross,tw_cos,3,0.11594166606664658,0.11570347100496292,0.11698036640882492
E,K,n2000|wd0.1,setup_k_ladder K10 E5 f1 iid fedavg,cross,tw_first_rel_dist,3,1.6633415222167969,1.64089834690094,1.7432047724723816
E,K,n2000|wd0.1,setup_k_ladder K10 E5 f1 iid fedavg,cross,tw_pred_agree_te,3,0.9215999841690063,0.9190999865531921,0.9243999719619751
E,K,n2000|wd0.1,setup_k_ladder K10 E5 f1 iid fedavg,cross,tw_twin_acc_te,3,94.13999938964844,94.13999938964844,94.52000045776367
E,K,n2000|wd0.1,setup_k_ladder K10 E5 f1 iid fedavg,cross,tw_fed_acc_te,3,90.86000061035156,90.77000045776367,91.0
E,K,n2000|wd0.1,setup_k_ladder K10 E5 f1 iid fedavg,cross,tw_cka_te,3,0.7528595399431706,0.7343449875685295,0.7658787173347091
E,K,n2000|wd0.1,setup_k_ladder K10 E5 f1 iid fedavg,end,tw_step_gap,3,0.0,0.0,0.0
E,K,n2000|wd0.1,setup_k_ladder K10 E5 f1 iid fedavg,end,tw_rel_dist,3,1.4494673013687134,1.42767333984375,1.4690792560577393
E,K,n2000|wd0.1,setup_k_ladder K10 E5 f1 iid fedavg,end,tw_cos,3,0.15761521458625793,0.15421313792467117,0.15915480256080627
E,K,n2000|wd0.1,setup_k_ladder K10 E5 f1 iid fedavg,end,tw_first_rel_dist,3,1.4484823942184448,1.4405272603034973,1.4909697771072388
E,K,n2000|wd0.1,setup_k_ladder K10 E5 f1 iid fedavg,end,tw_pred_agree_te,3,0.9529999494552612,0.9474999606609344,0.9533999562263489
E,K,n2000|wd0.1,setup_k_ladder K10 E5 f1 iid fedavg,end,tw_twin_acc_te,3,94.33999633789062,93.95999526977539,94.6099967956543
E,K,n2000|wd0.1,setup_k_ladder K10 E5 f1 iid fedavg,end,tw_fed_acc_te,3,93.73999786376953,93.64999771118164,93.73999786376953
E,K,n2000|wd0.1,setup_k_ladder K10 E5 f1 iid fedavg,end,tw_cka_te,3,0.8821576936937994,0.870794272513205,0.898603218767881
E,K,n2000|wd0.1,setup_k_ladder K10 E5 f1 iid fedavg,first,tw_step_gap,3,0.0,0.0,0.0
E,K,n2000|wd0.1,setup_k_ladder K10 E5 f1 iid fedavg,first,tw_rel_dist,3,2.724092483520508,2.6878502368927,2.7698113918304443
E,K,n2000|wd0.1,setup_k_ladder K10 E5 f1 iid fedavg,first,tw_cos,3,0.1636115461587906,0.1596800610423088,0.16549992561340332
E,K,n2000|wd0.1,setup_k_ladder K10 E5 f1 iid fedavg,first,tw_first_rel_dist,3,2.323503017425537,2.2836228609085083,2.36847722530365
E,K,n2000|wd0.1,setup_k_ladder K10 E5 f1 iid fedavg,first,tw_pred_agree_te,3,0.7269999980926514,0.7240999937057495,0.7354999780654907
E,K,n2000|wd0.1,setup_k_ladder K10 E5 f1 iid fedavg,first,tw_twin_acc_te,3,94.37999725341797,94.29999923706055,94.52999877929688
E,K,n2000|wd0.1,setup_k_ladder K10 E5 f1 iid fedavg,first,tw_fed_acc_te,3,72.04000091552734,71.9000015258789,72.93000030517578
E,K,n2000|wd0.1,setup_k_ladder K10 E5 f1 iid fedavg,first,tw_cka_te,3,0.29673466444628727,0.2918166669194372,0.30065124062193094
E,K,n2000|wd0.1,setup_k_ladder K20 E5 f1 iid fedavg,cross,tw_step_gap,3,0.0,0.0,0.0
E,K,n2000|wd0.1,setup_k_ladder K20 E5 f1 iid fedavg,cross,tw_rel_dist,3,1.9401929378509521,1.8902233242988586,2.0591628551483154
E,K,n2000|wd0.1,setup_k_ladder K20 E5 f1 iid fedavg,cross,tw_cos,3,0.09518972784280777,0.09002552181482315,0.09877286851406097
E,K,n2000|wd0.1,setup_k_ladder K20 E5 f1 iid fedavg,cross,tw_first_rel_dist,3,1.7491517066955566,1.7122299671173096,1.8758591413497925
E,K,n2000|wd0.1,setup_k_ladder K20 E5 f1 iid fedavg,cross,tw_pred_agree_te,3,0.9151999950408936,0.9150999784469604,0.9160999953746796
E,K,n2000|wd0.1,setup_k_ladder K20 E5 f1 iid fedavg,cross,tw_twin_acc_te,3,94.4000015258789,94.31999969482422,94.70000076293945
E,K,n2000|wd0.1,setup_k_ladder K20 E5 f1 iid fedavg,cross,tw_fed_acc_te,3,90.23999786376953,90.13999938964844,90.46999740600586
E,K,n2000|wd0.1,setup_k_ladder K20 E5 f1 iid fedavg,cross,tw_cka_te,3,0.6944217163782958,0.6747780600275444,0.6959943062426432
E,K,n2000|wd0.1,setup_k_ladder K20 E5 f1 iid fedavg,end,tw_step_gap,3,0.0,0.0,0.0
E,K,n2000|wd0.1,setup_k_ladder K20 E5 f1 iid fedavg,end,tw_rel_dist,3,1.6251634359359741,1.5966759324073792,1.652688205242157
E,K,n2000|wd0.1,setup_k_ladder K20 E5 f1 iid fedavg,end,tw_cos,3,0.12497606128454208,0.11476181447505951,0.12531698122620583
E,K,n2000|wd0.1,setup_k_ladder K20 E5 f1 iid fedavg,end,tw_first_rel_dist,3,1.5356725454330444,1.5159333944320679,1.5740547180175781
E,K,n2000|wd0.1,setup_k_ladder K20 E5 f1 iid fedavg,end,tw_pred_agree_te,3,0.9407999515533447,0.9380999505519867,0.9423999786376953
E,K,n2000|wd0.1,setup_k_ladder K20 E5 f1 iid fedavg,end,tw_twin_acc_te,3,94.33999633789062,93.95999526977539,94.6099967956543
E,K,n2000|wd0.1,setup_k_ladder K20 E5 f1 iid fedavg,end,tw_fed_acc_te,3,92.95999908447266,92.79999923706055,93.03999710083008
E,K,n2000|wd0.1,setup_k_ladder K20 E5 f1 iid fedavg,end,tw_cka_te,3,0.8233046029296176,0.8151598975315411,0.8252915874843969
E,K,n2000|wd0.1,setup_k_ladder K20 E5 f1 iid fedavg,first,tw_step_gap,3,0.0,0.0,0.0
E,K,n2000|wd0.1,setup_k_ladder K20 E5 f1 iid fedavg,first,tw_rel_dist,3,3.295269250869751,3.249424934387207,3.351992130279541
E,K,n2000|wd0.1,setup_k_ladder K20 E5 f1 iid fedavg,first,tw_cos,3,0.14968249201774597,0.1460159495472908,0.15175195783376694
E,K,n2000|wd0.1,setup_k_ladder K20 E5 f1 iid fedavg,first,tw_first_rel_dist,3,2.750772714614868,2.7029237747192383,2.808575749397278
E,K,n2000|wd0.1,setup_k_ladder K20 E5 f1 iid fedavg,first,tw_pred_agree_te,3,0.4765999913215637,0.46149998903274536,0.4794999957084656
E,K,n2000|wd0.1,setup_k_ladder K20 E5 f1 iid fedavg,first,tw_twin_acc_te,3,94.37999725341797,94.29999923706055,94.52999877929688
E,K,n2000|wd0.1,setup_k_ladder K20 E5 f1 iid fedavg,first,tw_fed_acc_te,3,47.15999984741211,45.86000061035156,47.35000038146973
E,K,n2000|wd0.1,setup_k_ladder K20 E5 f1 iid fedavg,first,tw_cka_te,3,0.22138892042615071,0.22055698042968558,0.2225920130390011
E,K,n2000|wd0.1,setup_k_ladder K20 E5 f1 iid fedavg,memo,tw_step_gap,1,0.0,0.0,0.0
E,K,n2000|wd0.1,setup_k_ladder K20 E5 f1 iid fedavg,memo,tw_rel_dist,1,3.203580617904663,3.203580617904663,3.203580617904663
E,K,n2000|wd0.1,setup_k_ladder K20 E5 f1 iid fedavg,memo,tw_cos,1,0.14234940707683563,0.14234940707683563,0.14234940707683563
E,K,n2000|wd0.1,setup_k_ladder K20 E5 f1 iid fedavg,memo,tw_first_rel_dist,1,2.6550748348236084,2.6550748348236084,2.6550748348236084
E,K,n2000|wd0.1,setup_k_ladder K20 E5 f1 iid fedavg,memo,tw_pred_agree_te,1,0.48240000009536743,0.48240000009536743,0.48240000009536743
E,K,n2000|wd0.1,setup_k_ladder K20 E5 f1 iid fedavg,memo,tw_twin_acc_te,1,94.68000030517578,94.68000030517578,94.68000030517578
E,K,n2000|wd0.1,setup_k_ladder K20 E5 f1 iid fedavg,memo,tw_fed_acc_te,1,47.540000915527344,47.540000915527344,47.540000915527344
E,K,n2000|wd0.1,setup_k_ladder K20 E5 f1 iid fedavg,memo,tw_cka_te,1,0.21972504043322041,0.21972504043322041,0.21972504043322041
E,K,n2000|wd0.1,setup_k_ladder K5 E5 f1 iid fedavg,cross,tw_step_gap,3,0.0,0.0,0.0
E,K,n2000|wd0.1,setup_k_ladder K5 E5 f1 iid fedavg,cross,tw_rel_dist,3,2.001798391342163,1.9714505076408386,2.0252684354782104
E,K,n2000|wd0.1,setup_k_ladder K5 E5 f1 iid fedavg,cross,tw_cos,3,0.19104436039924622,0.1898266077041626,0.197012759745121
E,K,n2000|wd0.1,setup_k_ladder K5 E5 f1 iid fedavg,cross,tw_first_rel_dist,3,1.773154854774475,1.738516390323639,1.7963658571243286
E,K,n2000|wd0.1,setup_k_ladder K5 E5 f1 iid fedavg,cross,tw_pred_agree_te,3,0.8867999911308289,0.8859999775886536,0.8884999752044678
E,K,n2000|wd0.1,setup_k_ladder K5 E5 f1 iid fedavg,cross,tw_twin_acc_te,3,94.37999725341797,94.29999923706055,94.52999877929688
E,K,n2000|wd0.1,setup_k_ladder K5 E5 f1 iid fedavg,cross,tw_fed_acc_te,3,87.5,87.3599967956543,87.5
E,K,n2000|wd0.1,setup_k_ladder K5 E5 f1 iid fedavg,cross,tw_cka_te,3,0.5821803089548198,0.5770646265569828,0.61845073431792
E,K,n2000|wd0.1,setup_k_ladder K5 E5 f1 iid fedavg,end,tw_step_gap,3,0.0,0.0,0.0
E,K,n2000|wd0.1,setup_k_ladder K5 E5 f1 iid fedavg,end,tw_rel_dist,3,1.5727691650390625,1.5685679912567139,1.5955098271369934
E,K,n2000|wd0.1,setup_k_ladder K5 E5 f1 iid fedavg,end,tw_cos,3,0.09147889912128448,0.08717281371355057,0.10960108786821365
E,K,n2000|wd0.1,setup_k_ladder K5 E5 f1 iid fedavg,end,tw_first_rel_dist,3,1.5366039276123047,1.5015883445739746,1.5751723647117615
E,K,n2000|wd0.1,setup_k_ladder K5 E5 f1 iid fedavg,end,tw_pred_agree_te,3,0.7770000100135803,0.7755999863147736,0.8508000075817108
E,K,n2000|wd0.1,setup_k_ladder K5 E5 f1 iid fedavg,end,tw_twin_acc_te,3,94.33999633789062,93.95999526977539,94.6099967956543
E,K,n2000|wd0.1,setup_k_ladder K5 E5 f1 iid fedavg,end,tw_fed_acc_te,3,76.87999725341797,76.81999969482422,84.06999588012695
E,K,n2000|wd0.1,setup_k_ladder K5 E5 f1 iid fedavg,end,tw_cka_te,3,0.6698626110764556,0.6404399835739495,0.7418418928074806
E,K,n2000|wd0.1,setup_k_ladder K5 E5 f1 iid fedavg,first,tw_step_gap,3,0.0,0.0,0.0
E,K,n2000|wd0.1,setup_k_ladder K5 E5 f1 iid fedavg,first,tw_rel_dist,3,2.001798391342163,1.9714505076408386,2.0252684354782104
E,K,n2000|wd0.1,setup_k_ladder K5 E5 f1 iid fedavg,first,tw_cos,3,0.19104436039924622,0.1898266077041626,0.197012759745121
E,K,n2000|wd0.1,setup_k_ladder K5 E5 f1 iid fedavg,first,tw_first_rel_dist,3,1.773154854774475,1.738516390323639,1.7963658571243286
E,K,n2000|wd0.1,setup_k_ladder K5 E5 f1 iid fedavg,first,tw_pred_agree_te,3,0.8867999911308289,0.8859999775886536,0.8884999752044678
E,K,n2000|wd0.1,setup_k_ladder K5 E5 f1 iid fedavg,first,tw_twin_acc_te,3,94.37999725341797,94.29999923706055,94.52999877929688
E,K,n2000|wd0.1,setup_k_ladder K5 E5 f1 iid fedavg,first,tw_fed_acc_te,3,87.5,87.3599967956543,87.5
E,K,n2000|wd0.1,setup_k_ladder K5 E5 f1 iid fedavg,first,tw_cka_te,3,0.5821803089548198,0.5770646265569828,0.61845073431792
E,dirichlet,n2000|wd0.1,dirichlet_setups K10 E5 f1 dirichlet0.1 fedavg,cross,tw_step_gap,3,0.0,0.0,0.0
E,dirichlet,n2000|wd0.1,dirichlet_setups K10 E5 f1 dirichlet0.1 fedavg,cross,tw_rel_dist,3,2.030374050140381,1.95089453458786,2.066215991973877
E,dirichlet,n2000|wd0.1,dirichlet_setups K10 E5 f1 dirichlet0.1 fedavg,cross,tw_cos,3,0.12156371772289276,0.11322730034589767,0.12697885185480118
E,dirichlet,n2000|wd0.1,dirichlet_setups K10 E5 f1 dirichlet0.1 fedavg,cross,tw_first_rel_dist,3,1.8862961530685425,1.8227031230926514,1.9064616560935974
E,dirichlet,n2000|wd0.1,dirichlet_setups K10 E5 f1 dirichlet0.1 fedavg,cross,tw_pred_agree_te,3,0.9093999862670898,0.9020999670028687,0.9140999913215637
E,dirichlet,n2000|wd0.1,dirichlet_setups K10 E5 f1 dirichlet0.1 fedavg,cross,tw_twin_acc_te,3,94.54000091552734,94.48999786376953,94.75
E,dirichlet,n2000|wd0.1,dirichlet_setups K10 E5 f1 dirichlet0.1 fedavg,cross,tw_fed_acc_te,3,89.9800033569336,89.29000091552734,90.38000106811523
E,dirichlet,n2000|wd0.1,dirichlet_setups K10 E5 f1 dirichlet0.1 fedavg,cross,tw_cka_te,3,0.561049591893437,0.5406400279166761,0.5683103354863419
E,dirichlet,n2000|wd0.1,dirichlet_setups K10 E5 f1 dirichlet0.1 fedavg,end,tw_step_gap,3,0.0,0.0,0.0
E,dirichlet,n2000|wd0.1,dirichlet_setups K10 E5 f1 dirichlet0.1 fedavg,end,tw_rel_dist,3,2.363600969314575,2.289637327194214,2.6877753734588623
E,dirichlet,n2000|wd0.1,dirichlet_setups K10 E5 f1 dirichlet0.1 fedavg,end,tw_cos,3,0.01259745191782713,0.010539139155298471,0.018180885817855597
E,dirichlet,n2000|wd0.1,dirichlet_setups K10 E5 f1 dirichlet0.1 fedavg,end,tw_first_rel_dist,3,2.5127038955688477,2.4380122423171997,2.8895959854125977
E,dirichlet,n2000|wd0.1,dirichlet_setups K10 E5 f1 dirichlet0.1 fedavg,end,tw_pred_agree_te,3,0.9103999733924866,0.9038999676704407,0.9110999703407288
E,dirichlet,n2000|wd0.1,dirichlet_setups K10 E5 f1 dirichlet0.1 fedavg,end,tw_twin_acc_te,3,94.36000061035156,93.72999954223633,94.75
E,dirichlet,n2000|wd0.1,dirichlet_setups K10 E5 f1 dirichlet0.1 fedavg,end,tw_fed_acc_te,3,90.44000244140625,90.4000015258789,90.51000213623047
E,dirichlet,n2000|wd0.1,dirichlet_setups K10 E5 f1 dirichlet0.1 fedavg,end,tw_cka_te,3,0.5540349148944601,0.5429966800213879,0.5794859773558113
E,dirichlet,n2000|wd0.1,dirichlet_setups K10 E5 f1 dirichlet0.1 fedavg,first,tw_step_gap,3,0.0,0.0,0.0
E,dirichlet,n2000|wd0.1,dirichlet_setups K10 E5 f1 dirichlet0.1 fedavg,first,tw_rel_dist,3,2.030374050140381,1.95089453458786,2.066215991973877
E,dirichlet,n2000|wd0.1,dirichlet_setups K10 E5 f1 dirichlet0.1 fedavg,first,tw_cos,3,0.12156371772289276,0.11322730034589767,0.12697885185480118
E,dirichlet,n2000|wd0.1,dirichlet_setups K10 E5 f1 dirichlet0.1 fedavg,first,tw_first_rel_dist,3,1.8862961530685425,1.8227031230926514,1.9064616560935974
E,dirichlet,n2000|wd0.1,dirichlet_setups K10 E5 f1 dirichlet0.1 fedavg,first,tw_pred_agree_te,3,0.9093999862670898,0.9020999670028687,0.9140999913215637
E,dirichlet,n2000|wd0.1,dirichlet_setups K10 E5 f1 dirichlet0.1 fedavg,first,tw_twin_acc_te,3,94.54000091552734,94.48999786376953,94.75
E,dirichlet,n2000|wd0.1,dirichlet_setups K10 E5 f1 dirichlet0.1 fedavg,first,tw_fed_acc_te,3,89.9800033569336,89.29000091552734,90.38000106811523
E,dirichlet,n2000|wd0.1,dirichlet_setups K10 E5 f1 dirichlet0.1 fedavg,first,tw_cka_te,3,0.561049591893437,0.5406400279166761,0.5683103354863419
E,dirichlet,n2000|wd0.1,dirichlet_setups K10 E5 f1 dirichlet1 fedavg,cross,tw_step_gap,3,0.0,0.0,0.0
E,dirichlet,n2000|wd0.1,dirichlet_setups K10 E5 f1 dirichlet1 fedavg,cross,tw_rel_dist,3,1.9345440864562988,1.9277846217155457,1.9411175847053528
E,dirichlet,n2000|wd0.1,dirichlet_setups K10 E5 f1 dirichlet1 fedavg,cross,tw_cos,3,0.12069889158010483,0.11550313606858253,0.1234837956726551
E,dirichlet,n2000|wd0.1,dirichlet_setups K10 E5 f1 dirichlet1 fedavg,cross,tw_first_rel_dist,3,1.7390832901000977,1.737749695777893,1.7499700784683228
E,dirichlet,n2000|wd0.1,dirichlet_setups K10 E5 f1 dirichlet1 fedavg,cross,tw_pred_agree_te,3,0.9174000024795532,0.9063999950885773,0.9201000034809113
E,dirichlet,n2000|wd0.1,dirichlet_setups K10 E5 f1 dirichlet1 fedavg,cross,tw_twin_acc_te,3,94.54000091552734,94.48999786376953,94.75
E,dirichlet,n2000|wd0.1,dirichlet_setups K10 E5 f1 dirichlet1 fedavg,cross,tw_fed_acc_te,3,90.45999908447266,89.36999893188477,90.71999740600586
E,dirichlet,n2000|wd0.1,dirichlet_setups K10 E5 f1 dirichlet1 fedavg,cross,tw_cka_te,3,0.6768938615748994,0.6300314763749171,0.6797966650849079
E,dirichlet,n2000|wd0.1,dirichlet_setups K10 E5 f1 dirichlet1 fedavg,end,tw_step_gap,3,0.0,0.0,0.0
E,dirichlet,n2000|wd0.1,dirichlet_setups K10 E5 f1 dirichlet1 fedavg,end,tw_rel_dist,3,1.5097547769546509,1.4586532711982727,1.6141089797019958
E,dirichlet,n2000|wd0.1,dirichlet_setups K10 E5 f1 dirichlet1 fedavg,end,tw_cos,3,0.10437598824501038,0.09752286598086357,0.11498147994279861
E,dirichlet,n2000|wd0.1,dirichlet_setups K10 E5 f1 dirichlet1 fedavg,end,tw_first_rel_dist,3,1.5177556276321411,1.4638986587524414,1.5761739015579224
E,dirichlet,n2000|wd0.1,dirichlet_setups K10 E5 f1 dirichlet1 fedavg,end,tw_pred_agree_te,3,0.9067999720573425,0.8504999876022339,0.9310999810695648
E,dirichlet,n2000|wd0.1,dirichlet_setups K10 E5 f1 dirichlet1 fedavg,end,tw_twin_acc_te,3,94.36000061035156,93.72999954223633,94.75
E,dirichlet,n2000|wd0.1,dirichlet_setups K10 E5 f1 dirichlet1 fedavg,end,tw_fed_acc_te,3,88.9000015258789,84.20999908447266,91.57999801635742
E,dirichlet,n2000|wd0.1,dirichlet_setups K10 E5 f1 dirichlet1 fedavg,end,tw_cka_te,3,0.7887881047679818,0.703205760388363,0.8276014298636134
E,dirichlet,n2000|wd0.1,dirichlet_setups K10 E5 f1 dirichlet1 fedavg,first,tw_step_gap,3,0.0,0.0,0.0
E,dirichlet,n2000|wd0.1,dirichlet_setups K10 E5 f1 dirichlet1 fedavg,first,tw_rel_dist,3,1.9345440864562988,1.9277846217155457,1.9411175847053528
E,dirichlet,n2000|wd0.1,dirichlet_setups K10 E5 f1 dirichlet1 fedavg,first,tw_cos,3,0.12069889158010483,0.11550313606858253,0.1234837956726551
E,dirichlet,n2000|wd0.1,dirichlet_setups K10 E5 f1 dirichlet1 fedavg,first,tw_first_rel_dist,3,1.7390832901000977,1.737749695777893,1.7499700784683228
E,dirichlet,n2000|wd0.1,dirichlet_setups K10 E5 f1 dirichlet1 fedavg,first,tw_pred_agree_te,3,0.9174000024795532,0.9063999950885773,0.9201000034809113
E,dirichlet,n2000|wd0.1,dirichlet_setups K10 E5 f1 dirichlet1 fedavg,first,tw_twin_acc_te,3,94.54000091552734,94.48999786376953,94.75
E,dirichlet,n2000|wd0.1,dirichlet_setups K10 E5 f1 dirichlet1 fedavg,first,tw_fed_acc_te,3,90.45999908447266,89.36999893188477,90.71999740600586
E,dirichlet,n2000|wd0.1,dirichlet_setups K10 E5 f1 dirichlet1 fedavg,first,tw_cka_te,3,0.6768938615748994,0.6300314763749171,0.6797966650849079
E,dirichlet,n2000|wd0.1,dirichlet_setups K10 E5 f1 dirichlet10 fedavg,cross,tw_step_gap,3,0.0,0.0,0.0
E,dirichlet,n2000|wd0.1,dirichlet_setups K10 E5 f1 dirichlet10 fedavg,cross,tw_rel_dist,3,1.9718092679977417,1.929335355758667,1.9884818196296692
E,dirichlet,n2000|wd0.1,dirichlet_setups K10 E5 f1 dirichlet10 fedavg,cross,tw_cos,3,0.11365053802728653,0.11314966902136803,0.11724739894270897
E,dirichlet,n2000|wd0.1,dirichlet_setups K10 E5 f1 dirichlet10 fedavg,cross,tw_first_rel_dist,3,1.7658404111862183,1.7275698781013489,1.7904454469680786
E,dirichlet,n2000|wd0.1,dirichlet_setups K10 E5 f1 dirichlet10 fedavg,cross,tw_pred_agree_te,3,0.9088000059127808,0.9074999988079071,0.9141999781131744
E,dirichlet,n2000|wd0.1,dirichlet_setups K10 E5 f1 dirichlet10 fedavg,cross,tw_twin_acc_te,3,94.54000091552734,94.48999786376953,94.75
E,dirichlet,n2000|wd0.1,dirichlet_setups K10 E5 f1 dirichlet10 fedavg,cross,tw_fed_acc_te,3,89.22000122070312,89.1500015258789,89.81999969482422
E,dirichlet,n2000|wd0.1,dirichlet_setups K10 E5 f1 dirichlet10 fedavg,cross,tw_cka_te,3,0.6552632350854509,0.646286557885543,0.6767432509258771
E,dirichlet,n2000|wd0.1,dirichlet_setups K10 E5 f1 dirichlet10 fedavg,end,tw_step_gap,3,0.0,0.0,0.0
E,dirichlet,n2000|wd0.1,dirichlet_setups K10 E5 f1 dirichlet10 fedavg,end,tw_rel_dist,3,1.5155500173568726,1.5083956718444824,1.642718255519867
E,dirichlet,n2000|wd0.1,dirichlet_setups K10 E5 f1 dirichlet10 fedavg,end,tw_cos,3,0.11002598702907562,0.09653643146157265,0.11036466434597969
E,dirichlet,n2000|wd0.1,dirichlet_setups K10 E5 f1 dirichlet10 fedavg,end,tw_first_rel_dist,3,1.5609042644500732,1.4740265607833862,1.6464411616325378
E,dirichlet,n2000|wd0.1,dirichlet_setups K10 E5 f1 dirichlet10 fedavg,end,tw_pred_agree_te,3,0.795199990272522,0.7879999876022339,0.8600999712944031
E,dirichlet,n2000|wd0.1,dirichlet_setups K10 E5 f1 dirichlet10 fedavg,end,tw_twin_acc_te,3,94.36000061035156,93.72999954223633,94.75
E,dirichlet,n2000|wd0.1,dirichlet_setups K10 E5 f1 dirichlet10 fedavg,end,tw_fed_acc_te,3,78.79999542236328,77.88999938964844,85.13999557495117
E,dirichlet,n2000|wd0.1,dirichlet_setups K10 E5 f1 dirichlet10 fedavg,end,tw_cka_te,3,0.6450178697042321,0.644158287694865,0.7333412603109815
E,dirichlet,n2000|wd0.1,dirichlet_setups K10 E5 f1 dirichlet10 fedavg,first,tw_step_gap,3,0.0,0.0,0.0
E,dirichlet,n2000|wd0.1,dirichlet_setups K10 E5 f1 dirichlet10 fedavg,first,tw_rel_dist,3,1.9718092679977417,1.929335355758667,1.9884818196296692
E,dirichlet,n2000|wd0.1,dirichlet_setups K10 E5 f1 dirichlet10 fedavg,first,tw_cos,3,0.11365053802728653,0.11314966902136803,0.11724739894270897
E,dirichlet,n2000|wd0.1,dirichlet_setups K10 E5 f1 dirichlet10 fedavg,first,tw_first_rel_dist,3,1.7658404111862183,1.7275698781013489,1.7904454469680786
E,dirichlet,n2000|wd0.1,dirichlet_setups K10 E5 f1 dirichlet10 fedavg,first,tw_pred_agree_te,3,0.9088000059127808,0.9074999988079071,0.9141999781131744
E,dirichlet,n2000|wd0.1,dirichlet_setups K10 E5 f1 dirichlet10 fedavg,first,tw_twin_acc_te,3,94.54000091552734,94.48999786376953,94.75
E,dirichlet,n2000|wd0.1,dirichlet_setups K10 E5 f1 dirichlet10 fedavg,first,tw_fed_acc_te,3,89.22000122070312,89.1500015258789,89.81999969482422
E,dirichlet,n2000|wd0.1,dirichlet_setups K10 E5 f1 dirichlet10 fedavg,first,tw_cka_te,3,0.6552632350854509,0.646286557885543,0.6767432509258771
E,dirichlet,n2000|wd0.1,dirichlet_setups K10 E5 f1 dirichlet1000 fedavg,cross,tw_step_gap,3,0.0,0.0,0.0
E,dirichlet,n2000|wd0.1,dirichlet_setups K10 E5 f1 dirichlet1000 fedavg,cross,tw_rel_dist,3,1.9861328601837158,1.9399933218955994,2.0000754594802856
E,dirichlet,n2000|wd0.1,dirichlet_setups K10 E5 f1 dirichlet1000 fedavg,cross,tw_cos,3,0.11609063297510147,0.11583041772246361,0.1165730468928814
E,dirichlet,n2000|wd0.1,dirichlet_setups K10 E5 f1 dirichlet1000 fedavg,cross,tw_first_rel_dist,3,1.776228427886963,1.7355284690856934,1.7976651787757874
E,dirichlet,n2000|wd0.1,dirichlet_setups K10 E5 f1 dirichlet1000 fedavg,cross,tw_pred_agree_te,3,0.9103999733924866,0.9092999696731567,0.9108999669551849
E,dirichlet,n2000|wd0.1,dirichlet_setups K10 E5 f1 dirichlet1000 fedavg,cross,tw_twin_acc_te,3,94.54000091552734,94.48999786376953,94.75
E,dirichlet,n2000|wd0.1,dirichlet_setups K10 E5 f1 dirichlet1000 fedavg,cross,tw_fed_acc_te,3,89.69999694824219,89.5199966430664,89.8499984741211
E,dirichlet,n2000|wd0.1,dirichlet_setups K10 E5 f1 dirichlet1000 fedavg,cross,tw_cka_te,3,0.6533969853905834,0.6447661369028931,0.6851179278414905
E,dirichlet,n2000|wd0.1,dirichlet_setups K10 E5 f1 dirichlet1000 fedavg,end,tw_step_gap,3,0.0,0.0,0.0
E,dirichlet,n2000|wd0.1,dirichlet_setups K10 E5 f1 dirichlet1000 fedavg,end,tw_rel_dist,3,1.5098018646240234,1.5041372776031494,1.6621545553207397
E,dirichlet,n2000|wd0.1,dirichlet_setups K10 E5 f1 dirichlet1000 fedavg,end,tw_cos,3,0.09307035803794861,0.09259243682026863,0.104493398219347
E,dirichlet,n2000|wd0.1,dirichlet_setups K10 E5 f1 dirichlet1000 fedavg,end,tw_first_rel_dist,3,1.529295802116394,1.4873712062835693,1.614363968372345
E,dirichlet,n2000|wd0.1,dirichlet_setups K10 E5 f1 dirichlet1000 fedavg,end,tw_pred_agree_te,3,0.7917999625205994,0.7839999794960022,0.8438999652862549
E,dirichlet,n2000|wd0.1,dirichlet_setups K10 E5 f1 dirichlet1000 fedavg,end,tw_twin_acc_te,3,94.36000061035156,93.72999954223633,94.75
E,dirichlet,n2000|wd0.1,dirichlet_setups K10 E5 f1 dirichlet1000 fedavg,end,tw_fed_acc_te,3,78.22000122070312,77.34000015258789,83.67000198364258
E,dirichlet,n2000|wd0.1,dirichlet_setups K10 E5 f1 dirichlet1000 fedavg,end,tw_cka_te,3,0.6174511433096097,0.596849362493187,0.7136583789473716
E,dirichlet,n2000|wd0.1,dirichlet_setups K10 E5 f1 dirichlet1000 fedavg,first,tw_step_gap,3,0.0,0.0,0.0
E,dirichlet,n2000|wd0.1,dirichlet_setups K10 E5 f1 dirichlet1000 fedavg,first,tw_rel_dist,3,1.9861328601837158,1.9399933218955994,2.0000754594802856
E,dirichlet,n2000|wd0.1,dirichlet_setups K10 E5 f1 dirichlet1000 fedavg,first,tw_cos,3,0.11609063297510147,0.11583041772246361,0.1165730468928814
E,dirichlet,n2000|wd0.1,dirichlet_setups K10 E5 f1 dirichlet1000 fedavg,first,tw_first_rel_dist,3,1.776228427886963,1.7355284690856934,1.7976651787757874
E,dirichlet,n2000|wd0.1,dirichlet_setups K10 E5 f1 dirichlet1000 fedavg,first,tw_pred_agree_te,3,0.9103999733924866,0.9092999696731567,0.9108999669551849
E,dirichlet,n2000|wd0.1,dirichlet_setups K10 E5 f1 dirichlet1000 fedavg,first,tw_twin_acc_te,3,94.54000091552734,94.48999786376953,94.75
E,dirichlet,n2000|wd0.1,dirichlet_setups K10 E5 f1 dirichlet1000 fedavg,first,tw_fed_acc_te,3,89.69999694824219,89.5199966430664,89.8499984741211
E,dirichlet,n2000|wd0.1,dirichlet_setups K10 E5 f1 dirichlet1000 fedavg,first,tw_cka_te,3,0.6533969853905834,0.6447661369028931,0.6851179278414905
E,f,n2000|wd0.1,participation_setups K20 E5 f0.25 iid fedavg,cross,tw_step_gap,3,0.0,0.0,0.0
E,f,n2000|wd0.1,participation_setups K20 E5 f0.25 iid fedavg,cross,tw_rel_dist,3,1.5632623434066772,1.5256618857383728,1.5711058378219604
E,f,n2000|wd0.1,participation_setups K20 E5 f0.25 iid fedavg,cross,tw_cos,3,0.14132657647132874,0.1373622566461563,0.14754852652549744
E,f,n2000|wd0.1,participation_setups K20 E5 f0.25 iid fedavg,cross,tw_first_rel_dist,3,1.4747101068496704,1.430192470550537,1.4753602147102356
E,f,n2000|wd0.1,participation_setups K20 E5 f0.25 iid fedavg,cross,tw_pred_agree_te,3,0.9277999997138977,0.9269999861717224,0.9305000007152557
E,f,n2000|wd0.1,participation_setups K20 E5 f0.25 iid fedavg,cross,tw_twin_acc_te,3,94.54000091552734,94.48999786376953,94.75
E,f,n2000|wd0.1,participation_setups K20 E5 f0.25 iid fedavg,cross,tw_fed_acc_te,3,91.55999755859375,91.19999694824219,91.65999603271484
E,f,n2000|wd0.1,participation_setups K20 E5 f0.25 iid fedavg,cross,tw_cka_te,3,0.7878982355831956,0.7815477906014645,0.7907095457676578
E,f,n2000|wd0.1,participation_setups K20 E5 f0.25 iid fedavg,end,tw_step_gap,3,0.0,0.0,0.0
E,f,n2000|wd0.1,participation_setups K20 E5 f0.25 iid fedavg,end,tw_rel_dist,3,1.649671196937561,1.6342340111732483,1.8180612325668335
E,f,n2000|wd0.1,participation_setups K20 E5 f0.25 iid fedavg,end,tw_cos,3,0.048076581209897995,0.04546135477721691,0.06628106720745564
E,f,n2000|wd0.1,participation_setups K20 E5 f0.25 iid fedavg,end,tw_first_rel_dist,3,1.3817763328552246,1.349376618862152,1.4971848726272583
E,f,n2000|wd0.1,participation_setups K20 E5 f0.25 iid fedavg,end,tw_pred_agree_te,3,0.7233999967575073,0.7014999985694885,0.770499974489212
E,f,n2000|wd0.1,participation_setups K20 E5 f0.25 iid fedavg,end,tw_twin_acc_te,3,94.36000061035156,93.72999954223633,94.75
E,f,n2000|wd0.1,participation_setups K20 E5 f0.25 iid fedavg,end,tw_fed_acc_te,3,71.55999755859375,69.82999801635742,76.3599967956543
E,f,n2000|wd0.1,participation_setups K20 E5 f0.25 iid fedavg,end,tw_cka_te,3,0.5365272466612346,0.5297463004843377,0.6166456131098064
E,f,n2000|wd0.1,participation_setups K20 E5 f0.25 iid fedavg,first,tw_step_gap,3,0.0,0.0,0.0
E,f,n2000|wd0.1,participation_setups K20 E5 f0.25 iid fedavg,first,tw_rel_dist,3,1.5632623434066772,1.5256618857383728,1.5711058378219604
E,f,n2000|wd0.1,participation_setups K20 E5 f0.25 iid fedavg,first,tw_cos,3,0.14132657647132874,0.1373622566461563,0.14754852652549744
E,f,n2000|wd0.1,participation_setups K20 E5 f0.25 iid fedavg,first,tw_first_rel_dist,3,1.4747101068496704,1.430192470550537,1.4753602147102356
E,f,n2000|wd0.1,participation_setups K20 E5 f0.25 iid fedavg,first,tw_pred_agree_te,3,0.9277999997138977,0.9269999861717224,0.9305000007152557
E,f,n2000|wd0.1,participation_setups K20 E5 f0.25 iid fedavg,first,tw_twin_acc_te,3,94.54000091552734,94.48999786376953,94.75
E,f,n2000|wd0.1,participation_setups K20 E5 f0.25 iid fedavg,first,tw_fed_acc_te,3,91.55999755859375,91.19999694824219,91.65999603271484
E,f,n2000|wd0.1,participation_setups K20 E5 f0.25 iid fedavg,first,tw_cka_te,3,0.7878982355831956,0.7815477906014645,0.7907095457676578
E,f,n2000|wd0.1,participation_setups K20 E5 f0.5 iid fedavg,cross,tw_step_gap,3,0.0,0.0,0.0
E,f,n2000|wd0.1,participation_setups K20 E5 f0.5 iid fedavg,cross,tw_rel_dist,3,2.130437135696411,1.9586373567581177,2.1754095554351807
E,f,n2000|wd0.1,participation_setups K20 E5 f0.5 iid fedavg,cross,tw_cos,3,0.09623727202415466,0.09581591933965683,0.11239026486873627
E,f,n2000|wd0.1,participation_setups K20 E5 f0.5 iid fedavg,cross,tw_first_rel_dist,3,1.8663887977600098,1.7789073586463928,1.9089038968086243
E,f,n2000|wd0.1,participation_setups K20 E5 f0.5 iid fedavg,cross,tw_pred_agree_te,3,0.8733999729156494,0.8687999844551086,0.8992999792098999
E,f,n2000|wd0.1,participation_setups K20 E5 f0.5 iid fedavg,cross,tw_twin_acc_te,3,94.54000091552734,94.36999893188477,94.75
E,f,n2000|wd0.1,participation_setups K20 E5 f0.5 iid fedavg,cross,tw_fed_acc_te,3,86.17999267578125,85.58999633789062,88.82999420166016
E,f,n2000|wd0.1,participation_setups K20 E5 f0.5 iid fedavg,cross,tw_cka_te,3,0.5542057068152405,0.5051601657800454,0.6783392419974313
E,f,n2000|wd0.1,participation_setups K20 E5 f0.5 iid fedavg,end,tw_step_gap,3,0.0,0.0,0.0
E,f,n2000|wd0.1,participation_setups K20 E5 f0.5 iid fedavg,end,tw_rel_dist,3,1.4898054599761963,1.4798557758331299,1.6070980429649353
E,f,n2000|wd0.1,participation_setups K20 E5 f0.5 iid fedavg,end,tw_cos,3,0.11714258790016174,0.11561351269483566,0.11874067038297653
E,f,n2000|wd0.1,participation_setups K20 E5 f0.5 iid fedavg,end,tw_first_rel_dist,3,1.5222160816192627,1.511522650718689,1.626301109790802
E,f,n2000|wd0.1,participation_setups K20 E5 f0.5 iid fedavg,end,tw_pred_agree_te,3,0.9019999504089355,0.8632999658584595,0.9230999648571014
E,f,n2000|wd0.1,participation_setups K20 E5 f0.5 iid fedavg,end,tw_twin_acc_te,3,94.36000061035156,93.72999954223633,94.75
E,f,n2000|wd0.1,participation_setups K20 E5 f0.5 iid fedavg,end,tw_fed_acc_te,3,89.05999755859375,85.91999816894531,91.24999618530273
E,f,n2000|wd0.1,participation_setups K20 E5 f0.5 iid fedavg,end,tw_cka_te,3,0.6391786348730452,0.5841082012360236,0.7228649000628985
E,f,n2000|wd0.1,participation_setups K20 E5 f0.5 iid fedavg,first,tw_step_gap,3,0.0,0.0,0.0
E,f,n2000|wd0.1,participation_setups K20 E5 f0.5 iid fedavg,first,tw_rel_dist,3,2.22038197517395,2.1754095554351807,2.247655510902405
E,f,n2000|wd0.1,participation_setups K20 E5 f0.5 iid fedavg,first,tw_cos,3,0.095394566655159,0.09523680061101913,0.09581591933965683
E,f,n2000|wd0.1,participation_setups K20 E5 f0.5 iid fedavg,first,tw_first_rel_dist,3,1.9514189958572388,1.9089038968086243,1.9824110865592957
E,f,n2000|wd0.1,participation_setups K20 E5 f0.5 iid fedavg,first,tw_pred_agree_te,3,0.8641999959945679,0.8631999790668488,0.8687999844551086
E,f,n2000|wd0.1,participation_setups K20 E5 f0.5 iid fedavg,first,tw_twin_acc_te,3,94.54000091552734,94.48999786376953,94.75
E,f,n2000|wd0.1,participation_setups K20 E5 f0.5 iid fedavg,first,tw_fed_acc_te,3,85.19999694824219,85.0999984741211,85.68999481201172
E,f,n2000|wd0.1,participation_setups K20 E5 f0.5 iid fedavg,first,tw_cka_te,3,0.4755250144576706,0.4658198196012605,0.5148653606364555
E,partition,n2000|wd0.1,partitions K10 E5 f1 dirichlet0.5 fedavg,cross,tw_step_gap,3,0.0,0.0,0.0
E,partition,n2000|wd0.1,partitions K10 E5 f1 dirichlet0.5 fedavg,cross,tw_rel_dist,3,1.9315311908721924,1.9046289920806885,1.9493942856788635
E,partition,n2000|wd0.1,partitions K10 E5 f1 dirichlet0.5 fedavg,cross,tw_cos,3,0.12051854282617569,0.1204347312450409,0.12197847664356232
E,partition,n2000|wd0.1,partitions K10 E5 f1 dirichlet0.5 fedavg,cross,tw_first_rel_dist,3,1.74872624874115,1.718049705028534,1.7685938477516174
E,partition,n2000|wd0.1,partitions K10 E5 f1 dirichlet0.5 fedavg,cross,tw_pred_agree_te,3,0.9169999957084656,0.9164999723434448,0.9187999963760376
E,partition,n2000|wd0.1,partitions K10 E5 f1 dirichlet0.5 fedavg,cross,tw_twin_acc_te,3,94.54000091552734,94.48999786376953,94.75
E,partition,n2000|wd0.1,partitions K10 E5 f1 dirichlet0.5 fedavg,cross,tw_fed_acc_te,3,90.45999908447266,90.20999908447266,90.70999908447266
E,partition,n2000|wd0.1,partitions K10 E5 f1 dirichlet0.5 fedavg,cross,tw_cka_te,3,0.6648565861183691,0.6521919159311375,0.6880559534196469
E,partition,n2000|wd0.1,partitions K10 E5 f1 dirichlet0.5 fedavg,end,tw_step_gap,3,0.0,0.0,0.0
E,partition,n2000|wd0.1,partitions K10 E5 f1 dirichlet0.5 fedavg,end,tw_rel_dist,3,1.6075787544250488,1.5383487343788147,1.6857609152793884
E,partition,n2000|wd0.1,partitions K10 E5 f1 dirichlet0.5 fedavg,end,tw_cos,3,0.09334810078144073,0.09238576889038086,0.09954866766929626
E,partition,n2000|wd0.1,partitions K10 E5 f1 dirichlet0.5 fedavg,end,tw_first_rel_dist,3,1.6222845315933228,1.5447621941566467,1.6917782425880432
E,partition,n2000|wd0.1,partitions K10 E5 f1 dirichlet0.5 fedavg,end,tw_pred_agree_te,3,0.8811999559402466,0.8684999644756317,0.918999969959259
E,partition,n2000|wd0.1,partitions K10 E5 f1 dirichlet0.5 fedavg,end,tw_twin_acc_te,3,94.36000061035156,93.72999954223633,94.75
E,partition,n2000|wd0.1,partitions K10 E5 f1 dirichlet0.5 fedavg,end,tw_fed_acc_te,3,86.95999908447266,86.20999526977539,90.5099983215332
E,partition,n2000|wd0.1,partitions K10 E5 f1 dirichlet0.5 fedavg,end,tw_cka_te,3,0.7341645183554069,0.7142994969062324,0.769528873336141
E,partition,n2000|wd0.1,partitions K10 E5 f1 dirichlet0.5 fedavg,first,tw_step_gap,3,0.0,0.0,0.0
E,partition,n2000|wd0.1,partitions K10 E5 f1 dirichlet0.5 fedavg,first,tw_rel_dist,3,1.9315311908721924,1.9046289920806885,1.9493942856788635
E,partition,n2000|wd0.1,partitions K10 E5 f1 dirichlet0.5 fedavg,first,tw_cos,3,0.12051854282617569,0.1204347312450409,0.12197847664356232
E,partition,n2000|wd0.1,partitions K10 E5 f1 dirichlet0.5 fedavg,first,tw_first_rel_dist,3,1.74872624874115,1.718049705028534,1.7685938477516174
E,partition,n2000|wd0.1,partitions K10 E5 f1 dirichlet0.5 fedavg,first,tw_pred_agree_te,3,0.9169999957084656,0.9164999723434448,0.9187999963760376
E,partition,n2000|wd0.1,partitions K10 E5 f1 dirichlet0.5 fedavg,first,tw_twin_acc_te,3,94.54000091552734,94.48999786376953,94.75
E,partition,n2000|wd0.1,partitions K10 E5 f1 dirichlet0.5 fedavg,first,tw_fed_acc_te,3,90.45999908447266,90.20999908447266,90.70999908447266
E,partition,n2000|wd0.1,partitions K10 E5 f1 dirichlet0.5 fedavg,first,tw_cka_te,3,0.6648565861183691,0.6521919159311375,0.6880559534196469
E,partition,n2000|wd0.1,partitions K10 E5 f1 label_block fedavg,end,tw_step_gap,3,0.0,0.0,0.0
E,partition,n2000|wd0.1,partitions K10 E5 f1 label_block fedavg,end,tw_rel_dist,3,2.7898948192596436,2.621361255645752,2.9042773246765137
E,partition,n2000|wd0.1,partitions K10 E5 f1 label_block fedavg,end,tw_cos,3,0.018409134820103645,0.013089986052364111,0.019226552918553352
E,partition,n2000|wd0.1,partitions K10 E5 f1 label_block fedavg,end,tw_first_rel_dist,3,3.1074366569519043,2.8901071548461914,3.212359309196472
E,partition,n2000|wd0.1,partitions K10 E5 f1 label_block fedavg,end,tw_pred_agree_te,3,0.6973999738693237,0.5657999813556671,0.7156999707221985
E,partition,n2000|wd0.1,partitions K10 E5 f1 label_block fedavg,end,tw_twin_acc_te,3,94.36000061035156,93.72999954223633,94.75
E,partition,n2000|wd0.1,partitions K10 E5 f1 label_block fedavg,end,tw_fed_acc_te,3,71.36000061035156,57.35999870300293,72.40999984741211
E,partition,n2000|wd0.1,partitions K10 E5 f1 label_block fedavg,end,tw_cka_te,3,0.44278095421694047,0.4337107751486473,0.4654748402045322
E,partition,n2000|wd0.1,partitions K10 E5 f1 label_block fedavg,first,tw_step_gap,3,0.0,0.0,0.0
E,partition,n2000|wd0.1,partitions K10 E5 f1 label_block fedavg,first,tw_rel_dist,3,2.420099973678589,2.362931489944458,2.427204132080078
E,partition,n2000|wd0.1,partitions K10 E5 f1 label_block fedavg,first,tw_cos,3,0.06891648471355438,0.06850168853998184,0.07443871349096298
E,partition,n2000|wd0.1,partitions K10 E5 f1 label_block fedavg,first,tw_first_rel_dist,3,2.197680711746216,2.116860270500183,2.212834119796753
E,partition,n2000|wd0.1,partitions K10 E5 f1 label_block fedavg,first,tw_pred_agree_te,3,0.6197999715805054,0.5997999906539917,0.6417999863624573
E,partition,n2000|wd0.1,partitions K10 E5 f1 label_block fedavg,first,tw_twin_acc_te,3,94.54000091552734,94.48999786376953,94.75
E,partition,n2000|wd0.1,partitions K10 E5 f1 label_block fedavg,first,tw_fed_acc_te,3,61.79999542236328,59.69999694824219,63.72999954223633
E,partition,n2000|wd0.1,partitions K10 E5 f1 label_block fedavg,first,tw_cka_te,3,0.4392129354434344,0.41360268571331477,0.4615385881172425
E,partition,n2000|wd0.1,partitions K20 E5 f1 dirichlet0.5 fedavg,cross,tw_step_gap,3,0.0,0.0,0.0
E,partition,n2000|wd0.1,partitions K20 E5 f1 dirichlet0.5 fedavg,cross,tw_rel_dist,3,2.3896214962005615,2.054145038127899,2.3989944458007812
E,partition,n2000|wd0.1,partitions K20 E5 f1 dirichlet0.5 fedavg,cross,tw_cos,3,0.08878182619810104,0.08854177966713905,0.10309750586748123
E,partition,n2000|wd0.1,partitions K20 E5 f1 dirichlet0.5 fedavg,cross,tw_first_rel_dist,3,2.083643674850464,1.8412749767303467,2.104046583175659
E,partition,n2000|wd0.1,partitions K20 E5 f1 dirichlet0.5 fedavg,cross,tw_pred_agree_te,3,0.8711999654769897,0.8667999804019928,0.9011999666690826
E,partition,n2000|wd0.1,partitions K20 E5 f1 dirichlet0.5 fedavg,cross,tw_twin_acc_te,3,94.43999481201172,94.28999710083008,94.69999694824219
E,partition,n2000|wd0.1,partitions K20 E5 f1 dirichlet0.5 fedavg,cross,tw_fed_acc_te,3,85.99999237060547,85.6199951171875,88.80999374389648
E,partition,n2000|wd0.1,partitions K20 E5 f1 dirichlet0.5 fedavg,cross,tw_cka_te,3,0.49892915147491584,0.4955223190888455,0.5930824852436068
E,partition,n2000|wd0.1,partitions K20 E5 f1 dirichlet0.5 fedavg,end,tw_step_gap,3,0.0,0.0,0.0
E,partition,n2000|wd0.1,partitions K20 E5 f1 dirichlet0.5 fedavg,end,tw_rel_dist,3,1.814840316772461,1.7303101420402527,1.969754695892334
E,partition,n2000|wd0.1,partitions K20 E5 f1 dirichlet0.5 fedavg,end,tw_cos,3,0.06781715154647827,0.06396042555570602,0.07587381452322006
E,partition,n2000|wd0.1,partitions K20 E5 f1 dirichlet0.5 fedavg,end,tw_first_rel_dist,3,1.8423957824707031,1.7455631494522095,2.014529824256897
E,partition,n2000|wd0.1,partitions K20 E5 f1 dirichlet0.5 fedavg,end,tw_pred_agree_te,3,0.9437999725341797,0.9421999752521515,0.9461999833583832
E,partition,n2000|wd0.1,partitions K20 E5 f1 dirichlet0.5 fedavg,end,tw_twin_acc_te,3,94.36000061035156,93.72999954223633,94.75
E,partition,n2000|wd0.1,partitions K20 E5 f1 dirichlet0.5 fedavg,end,tw_fed_acc_te,3,93.73999786376953,93.2599983215332,94.08999633789062
E,partition,n2000|wd0.1,partitions K20 E5 f1 dirichlet0.5 fedavg,end,tw_cka_te,3,0.7897990276426742,0.7860354454860883,0.8170850556467497
E,partition,n2000|wd0.1,partitions K20 E5 f1 dirichlet0.5 fedavg,first,tw_step_gap,3,0.0,0.0,0.0
E,partition,n2000|wd0.1,partitions K20 E5 f1 dirichlet0.5 fedavg,first,tw_rel_dist,3,2.3896214962005615,2.3145872354507446,2.3989944458007812
E,partition,n2000|wd0.1,partitions K20 E5 f1 dirichlet0.5 fedavg,first,tw_cos,3,0.08878182619810104,0.08854177966713905,0.08937429636716843
E,partition,n2000|wd0.1,partitions K20 E5 f1 dirichlet0.5 fedavg,first,tw_first_rel_dist,3,2.083643674850464,2.0207096934318542,2.104046583175659
E,partition,n2000|wd0.1,partitions K20 E5 f1 dirichlet0.5 fedavg,first,tw_pred_agree_te,3,0.8623999953269958,0.8610999882221222,0.8667999804019928
E,partition,n2000|wd0.1,partitions K20 E5 f1 dirichlet0.5 fedavg,first,tw_twin_acc_te,3,94.54000091552734,94.48999786376953,94.75
E,partition,n2000|wd0.1,partitions K20 E5 f1 dirichlet0.5 fedavg,first,tw_fed_acc_te,3,85.23999786376953,85.12999725341797,85.6199951171875
E,partition,n2000|wd0.1,partitions K20 E5 f1 dirichlet0.5 fedavg,first,tw_cka_te,3,0.4921154867027751,0.4545815426265421,0.4955223190888455
E,partition,n2000|wd0.1,partitions K20 E5 f1 label_block fedavg,end,tw_step_gap,3,0.0,0.0,0.0
E,partition,n2000|wd0.1,partitions K20 E5 f1 label_block fedavg,end,tw_rel_dist,3,2.4627413749694824,2.403375744819641,2.7534228563308716
E,partition,n2000|wd0.1,partitions K20 E5 f1 label_block fedavg,end,tw_cos,3,0.024524332955479622,0.024020747281610966,0.025840656831860542
E,partition,n2000|wd0.1,partitions K20 E5 f1 label_block fedavg,end,tw_first_rel_dist,3,2.670078754425049,2.571908712387085,3.011229991912842
E,partition,n2000|wd0.1,partitions K20 E5 f1 label_block fedavg,end,tw_pred_agree_te,3,0.6699999570846558,0.6664999723434448,0.7071999609470367
E,partition,n2000|wd0.1,partitions K20 E5 f1 label_block fedavg,end,tw_twin_acc_te,3,94.36000061035156,93.72999954223633,94.75
E,partition,n2000|wd0.1,partitions K20 E5 f1 label_block fedavg,end,tw_fed_acc_te,3,67.41999816894531,66.83999633789062,70.99999618530273
E,partition,n2000|wd0.1,partitions K20 E5 f1 label_block fedavg,end,tw_cka_te,3,0.30662203997946885,0.30186340493299507,0.3201693785155635
E,partition,n2000|wd0.1,partitions K20 E5 f1 label_block fedavg,first,tw_step_gap,3,0.0,0.0,0.0
E,partition,n2000|wd0.1,partitions K20 E5 f1 label_block fedavg,first,tw_rel_dist,3,3.0308685302734375,2.9657474756240845,3.078012466430664
E,partition,n2000|wd0.1,partitions K20 E5 f1 label_block fedavg,first,tw_cos,3,0.06339597702026367,0.06057018227875233,0.06410643085837364
E,partition,n2000|wd0.1,partitions K20 E5 f1 label_block fedavg,first,tw_first_rel_dist,3,2.5824544429779053,2.5191439390182495,2.62969172000885
E,partition,n2000|wd0.1,partitions K20 E5 f1 label_block fedavg,first,tw_pred_agree_te,3,0.41179999709129333,0.405799999833107,0.421999990940094
E,partition,n2000|wd0.1,partitions K20 E5 f1 label_block fedavg,first,tw_twin_acc_te,3,94.54000091552734,94.48999786376953,94.75
E,partition,n2000|wd0.1,partitions K20 E5 f1 label_block fedavg,first,tw_fed_acc_te,3,40.87999725341797,40.12999725341797,41.83999824523926
E,partition,n2000|wd0.1,partitions K20 E5 f1 label_block fedavg,first,tw_cka_te,3,0.19870047630784365,0.18400277269780968,0.19950516145013278
E,partition,n2000|wd0.1,partitions K20 E5 f1 label_block fedavg,memo,tw_step_gap,3,0.0,0.0,0.0
E,partition,n2000|wd0.1,partitions K20 E5 f1 label_block fedavg,memo,tw_rel_dist,3,2.9006264209747314,2.6029950380325317,3.012891411781311
E,partition,n2000|wd0.1,partitions K20 E5 f1 label_block fedavg,memo,tw_cos,3,0.05774438753724098,0.04628077149391174,0.0612806361168623
E,partition,n2000|wd0.1,partitions K20 E5 f1 label_block fedavg,memo,tw_first_rel_dist,3,2.4558334350585938,2.3571711778640747,2.5663812160491943
E,partition,n2000|wd0.1,partitions K20 E5 f1 label_block fedavg,memo,tw_pred_agree_te,3,0.43219998478889465,0.41599999368190765,0.5435999780893326
E,partition,n2000|wd0.1,partitions K20 E5 f1 label_block fedavg,memo,tw_twin_acc_te,3,94.54000091552734,94.48999786376953,94.77000045776367
E,partition,n2000|wd0.1,partitions K20 E5 f1 label_block fedavg,memo,tw_fed_acc_te,3,42.79999923706055,41.08999824523926,54.17999839782715
E,partition,n2000|wd0.1,partitions K20 E5 f1 label_block fedavg,memo,tw_cka_te,3,0.2003098465924219,0.19950516145013278,0.24495127385106422
A,K,0.25|wd0.0,TREND at cross,cross,tw_step_gap,17,0.3955120478997334,0.1175358657919138,
A,K,0.25|wd0.0,TREND at cross,cross,tw_rel_dist,17,0.9393364366277243,9.053354028864863e-11,
A,K,0.25|wd0.0,TREND at cross,cross,tw_cos,17,-0.9393364366277243,9.053354028864863e-11,
A,K,0.25|wd0.0,TREND at cross,cross,tw_first_rel_dist,17,0.9393364366277243,9.053354028864863e-11,
A,K,0.25|wd0.0,TREND at cross,cross,tw_pred_agree_te,17,-0.1017614473013368,0.7024027737438708,
A,K,0.25|wd0.0,TREND at cross,cross,tw_twin_acc_te,17,0.6002077202762593,0.009466417557918426,
A,K,0.25|wd0.0,TREND at cross,cross,tw_fed_acc_te,17,-0.1017614473013368,0.7024027737438708,
A,K,0.25|wd0.0,TREND at cross,cross,tw_cka_te,17,-0.7358135420250507,0.00042833992974220783,
A,K,0.25|wd0.0,TREND at cross,cross,tw_pred_agree_grid,17,-0.1017614473013368,0.7024027737438708,
A,K,0.25|wd0.0,TREND at cross,cross,tw_clock_key_jaccard,17,-0.8694190994866327,6.391203009558835e-07,
A,K,0.25|wd0.0,TREND at cross,cross,tw_clock_energy_cos,17,-0.9393364366277243,9.053354028864863e-11,
A,dirichlet,0.25|wd0.0,TREND at cross,cross,tw_step_gap,29,-0.019788247814941328,0.9196188605170318,
A,dirichlet,0.25|wd0.0,TREND at cross,cross,tw_rel_dist,29,0.5670371963931847,0.001040246387189135,
A,dirichlet,0.25|wd0.0,TREND at cross,cross,tw_cos,29,-0.5804338043952046,0.0007215821642217734,
A,dirichlet,0.25|wd0.0,TREND at cross,cross,tw_first_rel_dist,29,0.5649761797774895,0.0010987196194810792,
A,dirichlet,0.25|wd0.0,TREND at cross,cross,tw_pred_agree_te,29,-0.2194982695715554,0.255229599557516,
A,dirichlet,0.25|wd0.0,TREND at cross,cross,tw_twin_acc_te,29,0.20348122471120622,0.29268890084106275,
A,dirichlet,0.25|wd0.0,TREND at cross,cross,tw_fed_acc_te,29,-0.2194982695715554,0.255229599557516,
A,dirichlet,0.25|wd0.0,TREND at cross,cross,tw_cka_te,29,-0.43564738714260587,0.017291195992405112,
A,dirichlet,0.25|wd0.0,TREND at cross,cross,tw_pred_agree_grid,29,-0.2194982695715554,0.255229599557516,
A,dirichlet,0.25|wd0.0,TREND at cross,cross,tw_clock_key_jaccard,29,-0.5618832481128491,0.0011917792739885489,
A,dirichlet,0.25|wd0.0,TREND at cross,cross,tw_clock_energy_cos,29,-0.5742507545481186,0.0008562094738681216,
A,f,0.25|wd0.0,TREND at cross,cross,tw_step_gap,9,0.6324555320336758,0.06783669380798923,
A,f,0.25|wd0.0,TREND at cross,cross,tw_rel_dist,9,-0.9486832980505138,8.418070242599643e-06,
A,f,0.25|wd0.0,TREND at cross,cross,tw_cos,9,0.8432740427115678,0.002538190651903912,
A,f,0.25|wd0.0,TREND at cross,cross,tw_first_rel_dist,9,-0.8432740427115678,0.002538190651903912,
A,f,0.25|wd0.0,TREND at cross,cross,tw_pred_agree_te,9,0.8959786703810408,0.0003775407187170812,
A,f,0.25|wd0.0,TREND at cross,cross,tw_twin_acc_te,9,0.9261982170436855,6.468864403468378e-05,
A,f,0.25|wd0.0,TREND at cross,cross,tw_fed_acc_te,9,-0.6086445426287076,0.08341346191390629,
A,f,0.25|wd0.0,TREND at cross,cross,tw_cka_te,9,-0.21081851067789195,0.6000985243969617,
A,f,0.25|wd0.0,TREND at cross,cross,tw_pred_agree_grid,9,0.8959786703810408,0.0003775407187170812,
A,f,0.25|wd0.0,TREND at cross,cross,tw_clock_key_jaccard,9,0.1852396434087371,0.6462039957589358,
A,f,0.25|wd0.0,TREND at cross,cross,tw_clock_energy_cos,9,0.5797509043642028,0.10485124589119671,
A,K,0.3|wd0.0,TREND at cross,cross,tw_rel_dist,15,0.9819805060619657,3.909667787790721e-16,
A,K,0.3|wd0.0,TREND at cross,cross,tw_cos,15,-0.9819805060619657,3.909667787790721e-16,
A,K,0.3|wd0.0,TREND at cross,cross,tw_first_rel_dist,15,0.9819805060619657,3.909667787790721e-16,
A,K,0.3|wd0.0,TREND at cross,cross,tw_pred_agree_te,15,-0.8676917015212771,4.533366193345345e-06,
A,K,0.3|wd0.0,TREND at cross,cross,tw_twin_acc_te,15,0.0,1.0,
A,K,0.3|wd0.0,TREND at cross,cross,tw_fed_acc_te,15,-0.7777777777777779,0.00031614501225661184,
A,K,0.3|wd0.0,TREND at cross,cross,tw_cka_te,15,-0.9819805060619657,3.909667787790721e-16,
A,K,0.3|wd0.0,TREND at cross,cross,tw_pred_agree_grid,15,-0.8676917015212771,4.533366193345345e-06,
A,K,0.3|wd0.0,TREND at cross,cross,tw_clock_key_jaccard,15,-0.9430401993119105,9.743497928130658e-10,
A,K,0.3|wd0.0,TREND at cross,cross,tw_clock_energy_cos,15,-0.9819805060619657,3.909667787790721e-16,
A,dirichlet,0.3|wd0.0,TREND at cross,cross,tw_rel_dist,15,0.9383369280147672,2.3445069934935992e-09,
A,dirichlet,0.3|wd0.0,TREND at cross,cross,tw_cos,15,-0.9383369280147672,2.3445069934935992e-09,
A,dirichlet,0.3|wd0.0,TREND at cross,cross,tw_first_rel_dist,15,0.9383369280147672,2.3445069934935992e-09,
A,dirichlet,0.3|wd0.0,TREND at cross,cross,tw_pred_agree_te,15,-0.7123956116565483,0.0020009767995498354,
A,dirichlet,0.3|wd0.0,TREND at cross,cross,tw_twin_acc_te,15,0.0,1.0,
A,dirichlet,0.3|wd0.0,TREND at cross,cross,tw_fed_acc_te,15,-0.6819778360804852,0.0039152337590549645,
A,dirichlet,0.3|wd0.0,TREND at cross,cross,tw_cka_te,15,-0.9383369280147672,2.3445069934935992e-09,
A,dirichlet,0.3|wd0.0,TREND at cross,cross,tw_pred_agree_grid,15,-0.7123956116565483,0.0020009767995498354,
A,dirichlet,0.3|wd0.0,TREND at cross,cross,tw_clock_key_jaccard,15,-0.7479756911850484,0.0007952516725904091,
A,dirichlet,0.3|wd0.0,TREND at cross,cross,tw_clock_energy_cos,15,-0.9383369280147672,2.3445069934935992e-09,
A',K,0.2|wd0.1,TREND at cross,cross,tw_rel_dist,15,-0.25095057377139124,0.3743851884157219,
A',K,0.2|wd0.1,TREND at cross,cross,tw_cos,15,-0.5237229365663817,0.043986130070219155,
A',K,0.2|wd0.1,TREND at cross,cross,tw_first_rel_dist,15,0.1091089451179962,0.7043350636747241,
A',K,0.2|wd0.1,TREND at cross,cross,tw_pred_agree_te,15,0.2727723627949905,0.3323198540082604,
A',K,0.2|wd0.1,TREND at cross,cross,tw_twin_acc_te,15,0.21736330032103016,0.4441673709164684,
A',K,0.2|wd0.1,TREND at cross,cross,tw_fed_acc_te,15,0.2727723627949905,0.3323198540082604,
A',K,0.2|wd0.1,TREND at cross,cross,tw_cka_te,15,0.5346338310781814,0.0387603526366733,
A',K,0.2|wd0.1,TREND at cross,cross,tw_pred_agree_grid,15,0.2727723627949905,0.3323198540082604,
A',K,0.2|wd0.1,TREND at cross,cross,tw_clock_key_jaccard,15,0.4395869822638581,0.10224170387255412,
A',K,0.2|wd0.1,TREND at cross,cross,tw_clock_energy_cos,15,0.4364357804719848,0.10510901558655147,
B,E,0.3|wd0.1,TREND at cross,cross,tw_rel_dist,9,-0.4743416490252569,0.2065538956745058,
B,E,0.3|wd0.1,TREND at cross,cross,tw_cos,9,0.0,1.0,
B,E,0.3|wd0.1,TREND at cross,cross,tw_first_rel_dist,9,-0.4216370213557839,0.27068354104873515,
B,E,0.3|wd0.1,TREND at cross,cross,tw_pred_agree_te,9,-0.21081851067789195,0.6000985243969617,
B,E,0.3|wd0.1,TREND at cross,cross,tw_twin_acc_te,9,-0.4055535528269063,0.2919006006401038,
B,E,0.3|wd0.1,TREND at cross,cross,tw_fed_acc_te,9,-0.15811388300841894,0.6961113229882174,
B,E,0.3|wd0.1,TREND at cross,cross,tw_cka_te,9,0.3689323936863109,0.3429208206118098,
B,E,0.3|wd0.1,TREND at cross,cross,tw_pred_agree_grid,9,-0.21081851067789195,0.6000985243969617,
B,E,0.3|wd0.1,TREND at cross,cross,tw_clock_key_jaccard,9,0.08006407690254355,0.8441900274627706,
B,E,0.3|wd0.1,TREND at cross,cross,tw_clock_energy_cos,9,0.15811388300841894,0.6961113229882174,
B,K,0.3|wd0.1,TREND at cross,cross,tw_step_gap,10,0.6327138353044138,0.04843383976129494,
B,K,0.3|wd0.1,TREND at cross,cross,tw_rel_dist,10,0.9251872672604672,1.735763054265511e-05,
B,K,0.3|wd0.1,TREND at cross,cross,tw_cos,10,-0.7741362848505949,0.006398508755907454,
B,K,0.3|wd0.1,TREND at cross,cross,tw_first_rel_dist,10,0.887424521657999,0.0001917517868938449,
B,K,0.3|wd0.1,TREND at cross,cross,tw_pred_agree_te,10,0.018881372801234024,0.9601531844127845,
B,K,0.3|wd0.1,TREND at cross,cross,tw_twin_acc_te,10,0.7304569367180931,0.01390254305091419,
B,K,0.3|wd0.1,TREND at cross,cross,tw_fed_acc_te,10,-0.018881372801234024,0.9601531844127845,
B,K,0.3|wd0.1,TREND at cross,cross,tw_cka_te,10,-0.08181928213868077,0.8282407058547248,
B,K,0.3|wd0.1,TREND at cross,cross,tw_pred_agree_grid,10,0.018881372801234024,0.9601531844127845,
B,K,0.3|wd0.1,TREND at cross,cross,tw_clock_key_jaccard,10,-0.3493489697347402,0.3345894519214897,
B,K,0.3|wd0.1,TREND at cross,cross,tw_clock_energy_cos,10,-0.25804542828353166,0.4848561536850591,
C,K,0.4|wd1.0,TREND at cross,cross,tw_rel_dist,6,0.9121593238215745,0.007635881462855373,
C,K,0.4|wd1.0,TREND at cross,cross,tw_cos,6,-0.9710083124552245,0.00025817266985513656,
C,K,0.4|wd1.0,TREND at cross,cross,tw_first_rel_dist,6,-0.029424494316824982,0.9593419075521334,
C,K,0.4|wd1.0,TREND at cross,cross,tw_pred_agree_te,6,0.835914007637145,0.03649482905635301,
C,K,0.4|wd1.0,TREND at cross,cross,tw_twin_acc_te,6,0.3481553119113956,0.5291338928604882,
C,K,0.4|wd1.0,TREND at cross,cross,tw_fed_acc_te,6,-0.9553302944424513,0.0010651555299619202,
C,K,0.4|wd1.0,TREND at cross,cross,tw_cka_te,6,-0.029424494316824982,0.9593419075521334,
C,K,0.4|wd1.0,TREND at cross,cross,tw_pred_agree_grid,6,-0.47766514722122566,0.36780732202683497,
C,K,0.4|wd1.0,TREND at cross,cross,tw_irrep_same_dominant,6,-0.8528028654224417,0.028280945548800725,
C,K,0.4|wd1.0,TREND at cross,cross,tw_irrep_frac_cos,6,-0.7356123579206245,0.10318620920669153,
C,dirichlet,0.4|wd1.0,TREND at cross,cross,tw_rel_dist,7,0.587378478571482,0.17788092171214623,
C,dirichlet,0.4|wd1.0,TREND at cross,cross,tw_cos,7,-0.8260009854911465,0.018731390019207317,
C,dirichlet,0.4|wd1.0,TREND at cross,cross,tw_first_rel_dist,7,0.6424452109375585,0.12734572380396464,
C,dirichlet,0.4|wd1.0,TREND at cross,cross,tw_pred_agree_te,7,-0.25930372530182266,0.5956103345796102,
C,dirichlet,0.4|wd1.0,TREND at cross,cross,tw_twin_acc_te,7,0.06799001036500851,0.8916709754024843,
C,dirichlet,0.4|wd1.0,TREND at cross,cross,tw_fed_acc_te,7,0.1714363464958784,0.7291230865629255,
C,dirichlet,0.4|wd1.0,TREND at cross,cross,tw_cka_te,7,-0.8260009854911465,0.018731390019207317,
C,dirichlet,0.4|wd1.0,TREND at cross,cross,tw_pred_agree_grid,7,-0.25930372530182266,0.5956103345796102,
C,dirichlet,0.4|wd1.0,TREND at cross,cross,tw_irrep_same_dominant,7,-0.6294651817966898,0.13859066184289148,
C,dirichlet,0.4|wd1.0,TREND at cross,cross,tw_irrep_frac_cos,7,-0.3120448167410998,0.5185264968486921,
D,K,0.3|wd1.0,TREND at cross,cross,tw_rel_dist,18,-0.13920672267736772,0.587357727650867,
D,K,0.3|wd1.0,TREND at cross,cross,tw_cos,18,0.6360676405412032,0.0036061154951735484,
D,K,0.3|wd1.0,TREND at cross,cross,tw_first_rel_dist,18,-0.7902658564299798,3.290384926014122e-05,
D,K,0.3|wd1.0,TREND at cross,cross,tw_pred_agree_te,18,0.17561463476221773,0.49190822670902834,
D,K,0.3|wd1.0,TREND at cross,cross,tw_twin_acc_te,18,0.5877929215907582,0.009014517636649351,
D,K,0.3|wd1.0,TREND at cross,cross,tw_fed_acc_te,18,-0.3148213574395854,0.20689131087323123,
D,K,0.3|wd1.0,TREND at cross,cross,tw_cka_te,18,0.03854955397219414,0.8812571030526881,
D,K,0.3|wd1.0,TREND at cross,cross,tw_pred_agree_grid,18,0.17561463476221773,0.49190822670902834,
D,K,0.3|wd1.0,TREND at cross,cross,tw_irrep_same_dominant,18,-0.6280639184941974,0.004248658410265588,
D,K,0.3|wd1.0,TREND at cross,cross,tw_irrep_frac_cos,18,-0.7645661537818503,9.597838671514554e-05,
E,E,n2000|wd0.1,TREND at cross,cross,tw_rel_dist,9,0.15811388300841894,0.6961113229882174,
E,E,n2000|wd0.1,TREND at cross,cross,tw_cos,9,-0.9486832980505138,8.418070242599643e-06,
E,E,n2000|wd0.1,TREND at cross,cross,tw_first_rel_dist,9,0.0,1.0,
E,E,n2000|wd0.1,TREND at cross,cross,tw_pred_agree_te,9,-0.7905694150420948,0.008584412196980922,
E,E,n2000|wd0.1,TREND at cross,cross,tw_twin_acc_te,9,0.325875267956141,0.40742516352834945,
E,E,n2000|wd0.1,TREND at cross,cross,tw_fed_acc_te,9,-0.7905694150420948,0.008584412196980922,
E,E,n2000|wd0.1,TREND at cross,cross,tw_cka_te,9,-0.7905694150420948,0.008584412196980922,
E,K,n2000|wd0.1,TREND at cross,cross,tw_rel_dist,17,0.18838859731563473,0.4755941632927317,
E,K,n2000|wd0.1,TREND at cross,cross,tw_cos,17,-0.8808790964137955,2.439579391757053e-07,
E,K,n2000|wd0.1,TREND at cross,cross,tw_first_rel_dist,17,0.27803558500376435,0.2853234101016635,
E,K,n2000|wd0.1,TREND at cross,cross,tw_pred_agree_te,17,0.07150156947667521,0.788705707467928,
E,K,n2000|wd0.1,TREND at cross,cross,tw_twin_acc_te,17,0.03260086991757084,0.902879592966642,
E,K,n2000|wd0.1,TREND at cross,cross,tw_fed_acc_te,17,0.11252152115518253,0.6724357537374245,
E,K,n2000|wd0.1,TREND at cross,cross,tw_cka_te,17,0.03248079264062667,0.9032358009221548,
E,dirichlet,n2000|wd0.1,TREND at cross,cross,tw_rel_dist,12,0.06477502756312958,0.8457080194175323,
E,dirichlet,n2000|wd0.1,TREND at cross,cross,tw_cos,12,0.21591675854376527,0.5104689781899343,
E,dirichlet,n2000|wd0.1,TREND at cross,cross,tw_first_rel_dist,12,0.21591675854376527,0.5104689781899343,
E,dirichlet,n2000|wd0.1,TREND at cross,cross,tw_pred_agree_te,12,-0.021591675854376522,0.94834510784697,
E,dirichlet,n2000|wd0.1,TREND at cross,cross,tw_twin_acc_te,12,0.0,1.0,
E,dirichlet,n2000|wd0.1,TREND at cross,cross,tw_fed_acc_te,12,0.10795837927188263,0.7450734009497368,
E,dirichlet,n2000|wd0.1,TREND at cross,cross,tw_cka_te,12,-0.6045669239225426,0.03564610925862835,
