id,setup,mode,group,arm,dataset,model,optimizer,loss,alpha,n_train,hidden_width,weight_decay,lr,seed,num_clients,local_epochs,fraction_train,partition,dirichlet_alpha,strategy,server_lr,proximal_mu,num_rounds,epochs,grok_threshold,t_memo,t_first_cross,t_grok,grokked,peak_train_acc,final_acc,steps_run,axis,path,step_a,step_b,barrier_train_loss,barrier_rel,min_test_acc_path,min_test_acc_lambda,test_acc_mid,test_acc_start,test_acc_end,train_loss_start,train_loss_end
cent_008bde8c6684,D,centralized,d_internals,,s5,groknet,adamw,ce,0.225,1000,256,1.0,0.001,1011,,,,,,,,,,150000,85.0,200,inf,inf,False,100.0,81.23655915260315,150000.0,centralised,init_to_end,0.0,150000.0,0.9326516354032721,0.3896191978956467,0.9587813019752502,0.0,78.33332824707031,0.9587813019752502,81.23655700683594,4.787497520446777,5.972402504994534e-06
cent_00b37bf30d15,D,centralized,d_internals,,s5,groknet,adamw,ce,0.475,1000,256,1.0,0.001,789,,,,,,,,,,40000,85.0,275,8225,8225,True,100.0,99.88095164299011,40000.0,centralised,memo_to_end,500.0,40000.0,1.7964186400944526,34.22012269522258,12.526455879211426,0.0,52.15608596801758,12.526455879211426,99.88095092773438,0.10498446971178055,7.4764652708836365e-06
cent_00b37bf30d15,D,centralized,d_internals,,s5,groknet,adamw,ce,0.475,1000,256,1.0,0.001,789,,,,,,,,,,40000,85.0,275,8225,8225,True,100.0,99.88095164299011,40000.0,centralised,init_to_end,0.0,40000.0,0.9259052735399109,0.386801679552956,0.8068783283233643,0.0,99.81481170654297,0.8068783283233643,99.88095092773438,4.7874860763549805,7.4764652708836365e-06
cent_010899c81daf,D,centralized,d_internals,,s5,groknet,adamw,ce,0.2,1000,256,1.0,0.001,456,,,,,,,,,,150000,85.0,200,inf,inf,False,100.0,66.18055701255798,150000.0,centralised,init_to_end,0.0,150000.0,0.932438971740976,0.3895290909158703,0.7986111640930176,0.0,63.22916793823242,0.7986111640930176,66.18055725097656,4.787513256072998,5.794422577309888e-06
cent_0113e534959b,D,centralized,aggregation,cent_reduced,s5,groknet,adamw,ce,0.06,1000,256,1.0,0.001,42,,,,,,,,,,500000,85.0,1000,inf,inf,False,100.0,0.15514184487983584,500000.0,centralised,init_to_end,0.0,500000.0,0.9379055230998121,0.3918167898012196,0.14775413274765015,0.7000000000000001,0.16252954304218292,0.7461583614349365,0.15514184534549713,4.787466526031494,3.2685918540664716e-06
cent_019daf113e5f,C,centralized,aggregation,cent_reduced,s5,transformer,adamw,ce,0.02,1000,256,1.0,0.001,123,,,,,,,,,,400000,85.0,800,inf,inf,False,100.0,0.43225623667240143,400000.0,centralised,init_to_end,0.0,400000.0,2.0161632367721722,0.8409705402036687,0.43225622177124023,1.0,0.807823121547699,0.9353742003440857,0.43225622177124023,4.7948479652404785,7.015960363787599e-07
cent_05763dcd6cbf,D,centralized,d_internals,,s5,groknet,adamw,ce,0.45,1000,256,1.0,0.001,42,,,,,,,,,,40000,85.0,275,9950,9950,True,100.0,99.94949698448181,40000.0,centralised,memo_to_end,500.0,40000.0,1.86863144683266,34.20686403017104,7.840909957885742,0.0,45.88383865356445,7.840909957885742,99.94949340820312,0.10924764722585678,7.117851964721922e-06
cent_05763dcd6cbf,D,centralized,d_internals,,s5,groknet,adamw,ce,0.45,1000,256,1.0,0.001,42,,,,,,,,,,40000,85.0,275,9950,9950,True,100.0,99.94949698448181,40000.0,centralised,init_to_end,0.0,40000.0,0.9261212929891371,0.3868917205591995,0.6818182468414307,0.0,99.81061553955078,0.6818182468414307,99.94949340820312,4.78748893737793,7.117851964721922e-06
cent_065de18b2680,D,centralized,d_internals,,s5,groknet,adamw,ce,0.6,1000,256,1.0,0.001,456,,,,,,,,,,40000,85.0,275,975,975,True,100.0,100.0,40000.0,centralised,memo_to_end,500.0,40000.0,1.800652047393669,36.688877528498246,39.60069274902344,0.30000000000000004,66.94444274902344,43.4375,100.0,0.09815006703138351,7.858132448745891e-06
cent_065de18b2680,D,centralized,d_internals,,s5,groknet,adamw,ce,0.6,1000,256,1.0,0.001,456,,,,,,,,,,40000,85.0,275,975,975,True,100.0,100.0,40000.0,centralised,init_to_end,0.0,40000.0,0.9241140156223997,0.3860522265090508,0.8159722089767456,0.0,99.96527862548828,0.8159722089767456,100.0,4.787499904632568,7.858132448745891e-06
cent_0827afe57247,D,centralized,d_internals,,s5,groknet,adamw,ce,0.225,1000,256,1.0,0.001,456,,,,,,,,,,150000,85.0,200,inf,inf,False,100.0,80.33154010772705,150000.0,centralised,init_to_end,0.0,150000.0,0.9269973257132733,0.3872560384707859,0.7526881694793701,0.0,77.31182861328125,0.7526881694793701,80.33154296875,4.787510395050049,6.046908310963772e-06
cent_0cb2652417ca,D,centralized,d_internals,,s5,groknet,adamw,ce,0.5,1000,256,1.0,0.001,789,,,,,,,,,,40000,85.0,275,7450,7450,True,100.0,99.91666674613953,40000.0,centralised,memo_to_end,500.0,40000.0,1.7433177478111248,32.999481406410275,16.05555534362793,0.0,55.958335876464844,16.05555534362793,99.91666412353516,0.10564970225095749,7.579228167742258e-06
cent_0cb2652417ca,D,centralized,d_internals,,s5,groknet,adamw,ce,0.5,1000,256,1.0,0.001,789,,,,,,,,,,40000,85.0,275,7450,7450,True,100.0,99.91666674613953,40000.0,centralised,init_to_end,0.0,40000.0,0.9221048505601632,0.3852140250817083,0.7777777910232544,0.0,99.8888931274414,0.7777777910232544,99.91666412353516,4.7874860763549805,7.579228167742258e-06
cent_109b29b9e761,C,centralized,aggregation,cent_reduced,s5,transformer,adamw,ce,0.04,1000,256,1.0,0.001,42,,,,,,,,,,400000,85.0,800,inf,inf,False,100.0,0.3472222248092294,400000.0,centralised,init_to_end,0.0,400000.0,1.9526029377141185,0.8138508662834284,0.347222238779068,1.0,0.7016782760620117,0.8608217239379883,0.347222238779068,4.798429012298584,3.280324563093018e-07
cent_1298ac4b35ea,D,centralized,aggregation,cent_reduced,s5,groknet,adamw,ce,0.006,1000,256,1.0,0.001,456,,,,,,,,,,500000,85.0,1000,inf,inf,False,100.0,0.21657117176800966,500000.0,centralised,init_to_end,0.0,500000.0,0.8669299849246275,0.3621673425296441,0.2165711671113968,0.4,0.22355735301971436,0.7545060515403748,0.2165711671113968,4.787454128265381,1.1893198461621068e-06
cent_16b2a4313c7c,D,centralized,d_internals,,s5,groknet,adamw,ce,0.5,1000,256,1.0,0.001,456,,,,,,,,,,40000,85.0,275,7775,7775,True,100.0,99.94444847106934,40000.0,centralised,memo_to_end,500.0,40000.0,1.7983329582009902,33.87982857058707,15.805556297302246,0.0,53.236114501953125,15.805556297302246,99.94445037841797,0.10615203529596329,7.472238394257147e-06
cent_16b2a4313c7c,D,centralized,d_internals,,s5,groknet,adamw,ce,0.5,1000,256,1.0,0.001,456,,,,,,,,,,40000,85.0,275,7775,7775,True,100.0,99.94444847106934,40000.0,centralised,init_to_end,0.0,40000.0,0.9257454389925446,0.3867335215121484,0.7638888955116272,0.0,99.93055725097656,0.7638888955116272,99.94445037841797,4.787503242492676,7.472238394257147e-06
cent_17edb221f1d2,D,centralized,d_internals,,s5,groknet,adamw,ce,0.35,1000,256,1.0,0.001,42,,,,,,,,,,40000,85.0,250,16850,16850,True,100.0,98.46153855323792,40000.0,centralised,memo_to_end,500.0,40000.0,1.868165503126147,35.25745995400735,1.6025642156600952,0.0,30.72649574279785,1.6025642156600952,98.46154022216797,0.10596589744091034,6.881401532154996e-06
cent_17edb221f1d2,D,centralized,d_internals,,s5,groknet,adamw,ce,0.35,1000,256,1.0,0.001,42,,,,,,,,,,40000,85.0,250,16850,16850,True,100.0,98.46153855323792,40000.0,centralised,init_to_end,0.0,40000.0,0.9325092175467038,0.38955989986553946,0.7371795177459717,0.0,97.59615325927734,0.7371795177459717,98.46154022216797,4.78749418258667,6.881401532154996e-06
cent_1b6de435a5d3,D,centralized,aggregation,cent_reduced,s5,groknet,adamw,ce,0.03,1000,256,1.0,0.001,42,,,,,,,,,,500000,85.0,1000,inf,inf,False,100.0,0.07159221568144858,500000.0,centralised,init_to_end,0.0,500000.0,0.9342679218293828,0.39029622232753886,0.06443299353122711,0.7000000000000001,0.09306987375020981,0.7445589900016785,0.07159221917390823,4.787478923797607,2.3193354081740836e-06
cent_1bfab7d6a293,D,centralized,d_internals,,s5,groknet,adamw,ce,0.4,1000,256,1.0,0.001,42,,,,,,,,,,40000,85.0,250,11975,11975,True,100.0,99.75694417953491,40000.0,centralised,memo_to_end,500.0,40000.0,1.8044780654072383,33.598983162247016,3.993055582046509,0.0,42.59259033203125,3.993055582046509,99.75694274902344,0.1074056550860405,7.004201506788377e-06
cent_1bfab7d6a293,D,centralized,d_internals,,s5,groknet,adamw,ce,0.4,1000,256,1.0,0.001,42,,,,,,,,,,40000,85.0,250,11975,11975,True,100.0,99.75694417953491,40000.0,centralised,init_to_end,0.0,40000.0,0.9276707140624243,0.3875381974460512,0.7638888955116272,0.0,99.66434478759766,0.7638888955116272,99.75694274902344,4.787498950958252,7.004201506788377e-06
cent_23650b82b225,C,centralized,aggregation,cent_reduced,s5,transformer,adamw,ce,0.2,1000,256,1.0,0.001,123,,,,,,,,,,400000,85.0,800,inf,inf,False,100.0,0.6684028077870607,400000.0,centralised,init_to_end,0.0,400000.0,2.6083331617901426,1.0871393166680343,0.6684027910232544,0.9,1.1458333730697632,0.9982638955116272,0.6684027910232544,4.798515319824219,1.07233408925822e-05
cent_2e9302be2b81,D,centralized,d_internals,,s5,groknet,adamw,ce,0.575,1000,256,1.0,0.001,123,,,,,,,,,,40000,85.0,275,1125,1125,True,100.0,99.98366236686707,40000.0,centralised,memo_to_end,500.0,40000.0,1.6110769331569827,32.33354757143585,37.33660125732422,0.0,70.08169555664062,37.33660125732422,99.9836654663086,0.09964597970247269,7.603288850077661e-06
cent_2e9302be2b81,D,centralized,d_internals,,s5,groknet,adamw,ce,0.575,1000,256,1.0,0.001,123,,,,,,,,,,40000,85.0,275,1125,1125,True,100.0,99.98366236686707,40000.0,centralised,init_to_end,0.0,40000.0,0.9208273012277006,0.3846797073409728,0.8496732711791992,0.0,99.9836654663086,0.8496732711791992,99.9836654663086,4.787493705749512,7.603288850077661e-06
cent_2fcf3210ce90,D,centralized,d_internals,,s5,groknet,adamw,ce,0.525,1000,256,1.0,0.001,456,,,,,,,,,,40000,85.0,275,1775,5850,True,100.0,99.9707579612732,40000.0,centralised,memo_to_end,500.0,40000.0,1.8287130750315554,35.505323492940896,21.66666603088379,0.0,56.885963439941406,21.66666603088379,99.97075653076172,0.10300309211015701,7.549400834250264e-06
cent_2fcf3210ce90,D,centralized,d_internals,,s5,groknet,adamw,ce,0.525,1000,256,1.0,0.001,456,,,,,,,,,,40000,85.0,275,1775,5850,True,100.0,99.9707579612732,40000.0,centralised,init_to_end,0.0,40000.0,0.9239028693807998,0.3859636598135645,0.7748537659645081,0.0,99.98538208007812,0.7748537659645081,99.97075653076172,4.78750467300415,7.549400834250264e-06
cent_32c2628ea5ab,D,centralized,d_internals,,s5,groknet,adamw,ce,0.35,1000,256,1.0,0.001,1011,,,,,,,,,,40000,85.0,250,17600,17600,True,100.0,98.38675260543823,40000.0,centralised,memo_to_end,500.0,40000.0,1.8357684045278801,35.010368641974964,1.9337607622146606,0.0,33.012821197509766,1.9337607622146606,98.38674926757812,0.10486316680908203,6.817469056841219e-06
cent_32c2628ea5ab,D,centralized,d_internals,,s5,groknet,adamw,ce,0.35,1000,256,1.0,0.001,1011,,,,,,,,,,40000,85.0,250,17600,17600,True,100.0,98.38675260543823,40000.0,centralised,init_to_end,0.0,40000.0,0.9262590936752986,0.3869486951065813,1.004273533821106,0.0,97.72435760498047,1.004273533821106,98.38674926757812,4.787496566772461,6.817469056841219e-06
cent_32e218b81761,D,centralized,d_internals,,s5,groknet,adamw,ce,0.4,1000,256,1.0,0.001,456,,,,,,,,,,40000,85.0,250,12575,12575,True,100.0,99.40972328186035,40000.0,centralised,memo_to_end,500.0,40000.0,1.8370803344445448,33.8812353347533,3.506944417953491,0.0,37.90509033203125,3.506944417953491,99.40972137451172,0.10843519866466522,7.148038093873765e-06
cent_32e218b81761,D,centralized,d_internals,,s5,groknet,adamw,ce,0.4,1000,256,1.0,0.001,456,,,,,,,,,,40000,85.0,250,12575,12575,True,100.0,99.40972328186035,40000.0,centralised,init_to_end,0.0,40000.0,0.9262631429878638,0.38694962773972014,0.7407407164573669,0.0,98.9467544555664,0.7407407164573669,99.40972137451172,4.787505626678467,7.148038093873765e-06
cent_335475a6cc24,D,centralized,d_internals,,s5,groknet,adamw,ce,0.25,1000,256,1.0,0.001,789,,,,,,,,,,150000,85.0,225,38300,38300,True,100.0,89.47222232818604,150000.0,centralised,init_to_end,0.0,150000.0,0.9313475732566534,0.38907436656719013,0.8333333730697632,0.0,87.58333587646484,0.8333333730697632,89.47222137451172,4.7874979972839355,6.15763610767317e-06
cent_341c8b95d026,C,centralized,aggregation,cent_reduced,s5,transformer,adamw,ce,0.008,1000,256,1.0,0.001,456,,,,,,,,,,400000,85.0,800,inf,inf,False,99.99999403953552,0.6020301021635532,400000.0,centralised,init_to_end,0.0,400000.0,1.8541367458260964,0.7742471568210096,0.574028730392456,0.8,0.7980399131774902,0.7770388722419739,0.6020300984382629,4.789521217346191,3.959820844556816e-07
cent_34873aeba122,E,centralized,aggregation,cent_reduced,mnist,mlp,adamw,mse,0.5,400,200,0.1,0.001,456,,,,,,,,,,80000,90.0,320,inf,inf,False,100.0,87.91999816894531,80000.0,centralised,init_to_end,0.0,80000.0,0.0,0.0,10.219999313354492,0.0,14.5,10.219999313354492,87.91999816894531,778.2473754882812,3.544738319760654e-06
cent_37cc911f7d63,D,centralized,d_internals,,s5,groknet,adamw,ce,0.375,1000,256,1.0,0.001,1011,,,,,,,,,,40000,85.0,250,14800,14800,True,100.0,98.61111044883728,40000.0,centralised,memo_to_end,500.0,40000.0,1.843705369342024,34.412419456757405,2.644444465637207,0.0,34.9555549621582,2.644444465637207,98.6111068725586,0.10714647173881531,7.0151968429854605e-06
cent_37cc911f7d63,D,centralized,d_internals,,s5,groknet,adamw,ce,0.375,1000,256,1.0,0.001,1011,,,,,,,,,,40000,85.0,250,14800,14800,True,100.0,98.61111044883728,40000.0,centralised,init_to_end,0.0,40000.0,0.9290605480288381,0.3881192305471607,1.0444444417953491,0.0,97.8888931274414,1.0444444417953491,98.6111068725586,4.787493705749512,7.0151968429854605e-06
cent_3886071021f7,E,centralized,aggregation,cent_reduced,mnist,mlp,adamw,mse,0.5,1000,200,0.1,0.001,42,,,,,,,,,,80000,90.0,320,1760,1760,True,100.0,92.53999590873718,80000.0,centralised,init_to_end,0.0,80000.0,4.973799150320701e-14,1.1936884817025854e-16,9.680000305175781,0.0,25.299999237060547,9.680000305175781,92.53999328613281,833.349609375,1.0208184875182269e-07
cent_3b8c777814a5,D,centralized,d_internals,,s5,groknet,adamw,ce,0.475,1000,256,1.0,0.001,456,,,,,,,,,,40000,85.0,275,8275,8325,True,100.0,99.92063641548157,40000.0,centralised,memo_to_end,500.0,40000.0,1.7706651840835548,32.949177860883815,10.502645492553711,0.0,51.13756561279297,10.502645492553711,99.92063903808594,0.10747113823890686,7.427178388752509e-06
cent_3b8c777814a5,D,centralized,d_internals,,s5,groknet,adamw,ce,0.475,1000,256,1.0,0.001,456,,,,,,,,,,40000,85.0,275,8275,8325,True,100.0,99.92063641548157,40000.0,centralised,init_to_end,0.0,40000.0,0.9248412738911611,0.386355960816046,0.7671957612037659,0.0,99.77513885498047,0.7671957612037659,99.92063903808594,4.787501335144043,7.427178388752509e-06
cent_40056e675fd0,E,centralized,aggregation,cent_reduced,mnist,mlp,adamw,mse,0.5,1000,200,0.1,0.001,123,,,,,,,,,,80000,90.0,320,1760,1760,True,100.0,92.69999861717224,80000.0,centralised,init_to_end,0.0,80000.0,0.0,0.0,9.859999656677246,0.0,28.279998779296875,9.859999656677246,92.69999694824219,601.2853393554688,6.2430995058093686e-06
cent_40780dc7fb37,D,centralized,d_internals,,s5,groknet,adamw,ce,0.275,1000,256,1.0,0.001,456,,,,,,,,,,150000,85.0,225,23600,23600,True,100.0,93.62069368362427,150000.0,centralised,init_to_end,0.0,150000.0,0.9306220167669386,0.3887702810531229,0.7183908224105835,0.0,92.04023742675781,0.7183908224105835,93.62069702148438,4.787509918212891,6.320147804217413e-06
cent_41dda392e3a2,D,centralized,d_internals,,s5,groknet,adamw,ce,0.425,1000,256,1.0,0.001,456,,,,,,,,,,40000,85.0,275,11375,11375,True,100.0,99.51690435409546,40000.0,centralised,memo_to_end,500.0,40000.0,1.7697584335499414,32.60704304343867,4.698067665100098,0.0,43.973426818847656,4.698067665100098,99.51690673828125,0.10854338854551315,7.296727744687814e-06
cent_41dda392e3a2,D,centralized,d_internals,,s5,groknet,adamw,ce,0.425,1000,256,1.0,0.001,456,,,,,,,,,,40000,85.0,275,11375,11375,True,100.0,99.51690435409546,40000.0,centralised,init_to_end,0.0,40000.0,0.9240975901107049,0.3860452561561424,0.7487922310829163,0.0,99.22705078125,0.7487922310829163,99.51690673828125,4.787501811981201,7.296727744687814e-06
cent_420c6d6d31a1,C,centralized,aggregation,cent_reduced,s5,transformer,adamw,ce,0.02,1000,256,1.0,0.001,456,,,,,,,,,,400000,85.0,800,inf,inf,False,100.0,0.538548780605197,400000.0,centralised,init_to_end,0.0,400000.0,1.8106340780441315,0.7563998272106701,0.5385487675666809,1.0,0.807823121547699,0.7794784903526306,0.5385487675666809,4.78750467300415,5.931487976340577e-07
cent_438de0f2a08d,D,centralized,d_internals,,s5,groknet,adamw,ce,0.475,1000,256,1.0,0.001,1011,,,,,,,,,,40000,85.0,275,8625,8625,True,100.0,99.78836178779602,40000.0,centralised,memo_to_end,500.0,40000.0,1.7331865132155144,32.559080274010185,11.97089958190918,0.0,49.100528717041016,11.97089958190918,99.78836059570312,0.10645659267902374,7.502659627789399e-06
cent_438de0f2a08d,D,centralized,d_internals,,s5,groknet,adamw,ce,0.475,1000,256,1.0,0.001,1011,,,,,,,,,,40000,85.0,275,8625,8625,True,100.0,99.78836178779602,40000.0,centralised,init_to_end,0.0,40000.0,0.9222425841020145,0.3852713398967163,1.0449734926223755,0.0,99.65608978271484,1.0449734926223755,99.78836059570312,4.78748893737793,7.502659627789399e-06
cent_43a0ee49f8e8,E,centralized,aggregation,cent_reduced,mnist,mlp,adamw,mse,0.5,400,200,0.1,0.001,42,,,,,,,,,,80000,90.0,320,inf,inf,False,100.0,87.03999519348145,80000.0,centralised,init_to_end,0.0,80000.0,5.684341886080802e-14,1.361292541076433e-16,9.279999732971191,0.0,21.259998321533203,9.279999732971191,87.03999328613281,835.138916015625,5.982002448945423e-08
cent_4461ea9cad04,D,centralized,d_internals,,s5,groknet,adamw,ce,0.45,1000,256,1.0,0.001,456,,,,,,,,,,40000,85.0,275,9650,9650,True,100.0,99.84849095344543,40000.0,centralised,memo_to_end,500.0,40000.0,1.8611706583193155,34.87672915191979,7.929293155670166,0.0,45.59343719482422,7.929293155670166,99.8484878540039,0.10672120749950409,7.301943696802482e-06
cent_4461ea9cad04,D,centralized,d_internals,,s5,groknet,adamw,ce,0.45,1000,256,1.0,0.001,456,,,,,,,,,,40000,85.0,275,9650,9650,True,100.0,99.84849095344543,40000.0,centralised,init_to_end,0.0,40000.0,0.9281623869010218,0.3877431468383128,0.7575757503509521,0.0,99.59596252441406,0.7575757503509521,99.8484878540039,4.787504196166992,7.301943696802482e-06
cent_46ab73b46e81,D,centralized,d_internals,,s5,groknet,adamw,ce,0.4,1000,256,1.0,0.001,1011,,,,,,,,,,40000,85.0,250,12900,12900,True,100.0,99.27083253860474,40000.0,centralised,memo_to_end,500.0,40000.0,1.8371054419078063,34.23264911474616,3.8888885974884033,0.0,38.66897964477539,3.8888885974884033,99.27083587646484,0.10732343792915344,7.165422630350804e-06
cent_46ab73b46e81,D,centralized,d_internals,,s5,groknet,adamw,ce,0.4,1000,256,1.0,0.001,1011,,,,,,,,,,40000,85.0,250,12900,12900,True,100.0,99.27083253860474,40000.0,centralised,init_to_end,0.0,40000.0,0.9265297851113701,0.3870620193400825,1.0300925970077515,0.0,98.70369720458984,1.0300925970077515,99.27083587646484,4.7874932289123535,7.165422630350804e-06
cent_47c375aab381,D,centralized,d_internals,,s5,groknet,adamw,ce,0.525,1000,256,1.0,0.001,1011,,,,,,,,,,40000,85.0,275,6150,6150,True,100.0,100.0,40000.0,centralised,memo_to_end,500.0,40000.0,1.7846629543802919,34.03727951270345,21.38888931274414,0.0,57.30994415283203,21.38888931274414,100.0,0.10485760122537613,7.592464044137159e-06
cent_47c375aab381,D,centralized,d_internals,,s5,groknet,adamw,ce,0.525,1000,256,1.0,0.001,1011,,,,,,,,,,40000,85.0,275,6150,6150,True,100.0,100.0,40000.0,centralised,init_to_end,0.0,40000.0,0.9226199260876911,0.3854290459005454,1.0380116701126099,0.0,99.94152069091797,1.0380116701126099,100.0,4.787487983703613,7.592464044137159e-06
cent_48ee4c309f5e,D,centralized,d_internals,,s5,groknet,adamw,ce,0.3,1000,256,1.0,0.001,456,,,,,,,,,,40000,85.0,250,21300,21300,True,100.0,93.80952715873718,40000.0,centralised,memo_to_end,500.0,40000.0,1.872226943880014,37.61141699091244,0.9523810148239136,0.0,24.543649673461914,0.9523810148239136,93.80952453613281,0.09954961389303207,6.6960610638489015e-06
cent_48ee4c309f5e,D,centralized,d_internals,,s5,groknet,adamw,ce,0.3,1000,256,1.0,0.001,456,,,,,,,,,,40000,85.0,250,21300,21300,True,100.0,93.80952715873718,40000.0,centralised,init_to_end,0.0,40000.0,0.9281300960553382,0.38772881808026893,0.7440476417541504,0.0,92.06349182128906,0.7440476417541504,93.80952453613281,4.787515163421631,6.6960610638489015e-06
cent_4d9b6d2373af,D,centralized,d_internals,,s5,groknet,adamw,ce,0.525,1000,256,1.0,0.001,42,,,,,,,,,,40000,85.0,275,1700,5425,True,100.0,100.0,40000.0,centralised,memo_to_end,500.0,40000.0,1.7851589387968487,34.651457509904645,23.552631378173828,0.0,60.89181137084961,23.552631378173828,100.0,0.10302774608135223,7.396858109132154e-06
cent_4d9b6d2373af,D,centralized,d_internals,,s5,groknet,adamw,ce,0.525,1000,256,1.0,0.001,42,,,,,,,,,,40000,85.0,275,1700,5425,True,100.0,100.0,40000.0,centralised,init_to_end,0.0,40000.0,0.9247810107704484,0.38633186552002174,0.628654956817627,0.0,100.0,0.628654956817627,100.0,4.787487983703613,7.396858109132154e-06
cent_52c9305d9aa7,D,centralized,d_internals,,s5,groknet,adamw,ce,0.25,1000,256,1.0,0.001,123,,,,,,,,,,150000,85.0,225,31975,31975,True,100.0,88.73147964477539,150000.0,centralised,init_to_end,0.0,150000.0,0.9309550274474532,0.3889101428456769,0.8611111044883728,0.0,86.21295928955078,0.8611111044883728,88.73147583007812,4.787500858306885,6.202504664543085e-06
cent_5740588df962,D,centralized,d_internals,,s5,groknet,adamw,ce,0.45,1000,256,1.0,0.001,789,,,,,,,,,,40000,85.0,275,9500,9500,True,100.0,99.84849095344543,40000.0,centralised,memo_to_end,500.0,40000.0,1.7818784897903241,32.935747379451314,8.282828330993652,0.0,47.411617279052734,8.282828330993652,99.8484878540039,0.10819600522518158,7.307683517865371e-06
cent_5740588df962,D,centralized,d_internals,,s5,groknet,adamw,ce,0.45,1000,256,1.0,0.001,789,,,,,,,,,,40000,85.0,275,9500,9500,True,100.0,99.84849095344543,40000.0,centralised,init_to_end,0.0,40000.0,0.925395537568602,0.3865890178956291,0.8080808520317078,0.0,99.63384246826172,0.8080808520317078,99.8484878540039,4.787482738494873,7.307683517865371e-06
cent_5758c5deaec1,D,centralized,d_internals,,s5,groknet,adamw,ce,0.325,1000,256,1.0,0.001,789,,,,,,,,,,40000,85.0,250,19475,19475,True,100.0,96.93415760993958,40000.0,centralised,memo_to_end,500.0,40000.0,1.834663657444071,36.085464392185415,1.1728395223617554,0.0,29.24897003173828,1.1728395223617554,96.93415832519531,0.10167758166790009,6.777303042326821e-06
cent_5758c5deaec1,D,centralized,d_internals,,s5,groknet,adamw,ce,0.325,1000,256,1.0,0.001,789,,,,,,,,,,40000,85.0,250,19475,19475,True,100.0,96.93415760993958,40000.0,centralised,init_to_end,0.0,40000.0,0.931309669537359,0.3890591405287825,0.8333333730697632,0.0,95.83332824707031,0.8333333730697632,96.93415832519531,4.787489891052246,6.777303042326821e-06
cent_59f65a1ece20,C,centralized,aggregation,cent_reduced,s5,transformer,adamw,ce,0.008,1000,256,1.0,0.001,42,,,,,,,,,,400000,85.0,800,inf,inf,False,99.99999403953552,0.44102207757532597,400000.0,centralised,init_to_end,0.0,400000.0,2.164518892039445,0.9014982419643089,0.4410220682621002,1.0,0.8540427088737488,0.8470423221588135,0.4410220682621002,4.8020477294921875,2.1975969843879284e-07
cent_5c17fb355642,D,centralized,aggregation,cent_reduced,s5,groknet,adamw,ce,0.15,1000,256,1.0,0.001,456,,,,,,,,,,500000,85.0,1000,inf,inf,False,100.0,11.919935047626495,500000.0,centralised,init_to_end,0.0,500000.0,0.9357042996792648,0.39089382563495845,0.7843137979507446,0.0,11.102941513061523,0.7843137979507446,11.91993522644043,4.787506103515625,5.176097602088703e-06
cent_600341da76fc,D,centralized,aggregation,cent_reduced,s5,groknet,adamw,ce,0.03,1000,256,1.0,0.001,456,,,,,,,,,,500000,85.0,1000,inf,inf,False,100.0,0.07875143783167005,500000.0,centralised,init_to_end,0.0,500000.0,0.9311465097806604,0.3889905702514884,0.07875143736600876,0.8,0.08591065555810928,0.7660366892814636,0.07875143736600876,4.78749942779541,2.280426770084887e-06
cent_61a664e499c5,D,centralized,d_internals,,s5,groknet,adamw,ce,0.6,1000,256,1.0,0.001,123,,,,,,,,,,40000,85.0,275,1000,1000,True,100.0,99.9826431274414,40000.0,centralised,memo_to_end,500.0,40000.0,1.662024006548745,33.525245723551855,43.42013931274414,0.2,69.32292175292969,45.01736068725586,99.9826431274414,0.09914275258779526,7.840983016649261e-06
cent_61a664e499c5,D,centralized,d_internals,,s5,groknet,adamw,ce,0.6,1000,256,1.0,0.001,123,,,,,,,,,,40000,85.0,275,1000,1000,True,100.0,99.9826431274414,40000.0,centralised,init_to_end,0.0,40000.0,0.9183259329223805,0.38363480696125085,0.8680555820465088,0.0,99.96527862548828,0.8680555820465088,99.9826431274414,4.787492752075195,7.840983016649261e-06
cent_62a08d85af18,D,centralized,d_internals,,s5,groknet,adamw,ce,0.325,1000,256,1.0,0.001,123,,,,,,,,,,40000,85.0,250,19450,19450,True,100.0,96.85184955596924,40000.0,centralised,memo_to_end,500.0,40000.0,1.9064236985592289,37.98585018422112,1.3991769552230835,0.0,27.19135856628418,1.3991769552230835,96.85185241699219,0.10036870092153549,6.764643330825493e-06
cent_62a08d85af18,D,centralized,d_internals,,s5,groknet,adamw,ce,0.325,1000,256,1.0,0.001,123,,,,,,,,,,40000,85.0,250,19450,19450,True,100.0,96.85184955596924,40000.0,centralised,init_to_end,0.0,40000.0,0.9339395733139102,0.3901569805876288,0.8641974925994873,0.0,95.67901611328125,0.8641974925994873,96.85185241699219,4.787499904632568,6.764643330825493e-06
cent_646c9357594a,D,centralized,aggregation,cent_reduced,s5,groknet,adamw,ce,0.006,1000,256,1.0,0.001,123,,,,,,,,,,500000,85.0,1000,inf,inf,False,100.0,0.19561268854886293,500000.0,centralised,init_to_end,0.0,500000.0,0.8673738062384135,0.36233484775159763,0.19561268389225006,1.0,0.2654743492603302,0.8802570104598999,0.19561268389225006,4.78769063949585,1.251696744475339e-06
cent_64a60371563f,D,centralized,d_internals,,s5,groknet,adamw,ce,0.325,1000,256,1.0,0.001,456,,,,,,,,,,40000,85.0,250,17750,17750,True,100.0,98.24073910713196,40000.0,centralised,memo_to_end,500.0,40000.0,1.8372730557553951,35.32956305028187,1.3271604776382446,0.0,29.310699462890625,1.3271604776382446,98.24073791503906,0.10400096327066422,6.723048045387259e-06
cent_64a60371563f,D,centralized,d_internals,,s5,groknet,adamw,ce,0.325,1000,256,1.0,0.001,456,,,,,,,,,,40000,85.0,250,17750,17750,True,100.0,98.24073910713196,40000.0,centralised,init_to_end,0.0,40000.0,0.9263625479812165,0.3869910346949704,0.7407407164573669,0.0,97.41769409179688,0.7407407164573669,98.24073791503906,4.7875075340271,6.723048045387259e-06
cent_64f2a02b4460,D,centralized,d_internals,,s5,groknet,adamw,ce,0.55,1000,256,1.0,0.001,789,,,,,,,,,,40000,85.0,275,1425,3625,True,100.0,100.0,40000.0,centralised,memo_to_end,500.0,40000.0,1.7274455138383928,33.70214542857858,27.422840118408203,0.2,63.71914291381836,28.132719039916992,100.0,0.10250502079725266,7.4745867095771246e-06
cent_64f2a02b4460,D,centralized,d_internals,,s5,groknet,adamw,ce,0.55,1000,256,1.0,0.001,789,,,,,,,,,,40000,85.0,275,1425,3625,True,100.0,100.0,40000.0,centralised,init_to_end,0.0,40000.0,0.9234599577887823,0.38578029019627363,0.7561728954315186,0.0,100.0,0.7561728954315186,100.0,4.787484169006348,7.4745867095771246e-06
cent_6691a1b84d60,E,centralized,aggregation,cent_reduced,mnist,mlp,adamw,mse,0.5,400,200,0.1,0.001,123,,,,,,,,,,80000,90.0,320,inf,inf,False,100.0,86.4799976348877,80000.0,centralised,init_to_end,0.0,80000.0,0.0,0.0,9.779999732971191,0.0,28.15999984741211,9.779999732971191,86.47999572753906,593.2901000976562,2.091355054290034e-05
cent_66ea0ef834e1,D,centralized,d_internals,,s5,groknet,adamw,ce,0.425,1000,256,1.0,0.001,123,,,,,,,,,,40000,85.0,275,10750,10750,True,100.0,99.84299540519714,40000.0,centralised,memo_to_end,500.0,40000.0,1.8787336378738473,34.62484926562172,5.0241546630859375,0.0,40.772945404052734,5.0241546630859375,99.8429946899414,0.10851225256919861,7.130343419703422e-06
cent_66ea0ef834e1,D,centralized,d_internals,,s5,groknet,adamw,ce,0.425,1000,256,1.0,0.001,123,,,,,,,,,,40000,85.0,275,10750,10750,True,100.0,99.84299540519714,40000.0,centralised,init_to_end,0.0,40000.0,0.9275199003104264,0.3874749526253878,0.8574878573417664,0.0,99.5772933959961,0.8574878573417664,99.8429946899414,4.787501811981201,7.130343419703422e-06
cent_693be319340b,C,centralized,aggregation,cent_reduced,s5,transformer,adamw,ce,0.008,1000,256,1.0,0.001,123,,,,,,,,,,400000,85.0,800,inf,inf,False,99.99999403953552,0.6300315260887146,400000.0,centralised,init_to_end,0.0,400000.0,1.9003446594528839,0.7931708031215433,0.5600280165672302,0.9,0.8120406270027161,0.938046932220459,0.6300315260887146,4.791766166687012,3.783598572226765e-07
cent_6aead928e846,D,centralized,d_internals,,s5,groknet,adamw,ce,0.4,1000,256,1.0,0.001,123,,,,,,,,,,40000,85.0,250,11825,11825,True,100.0,99.79166388511658,40000.0,centralised,memo_to_end,500.0,40000.0,1.878446846557199,35.23324112029463,4.3634257316589355,0.0,39.328704833984375,4.3634257316589355,99.79166412353516,0.10662221908569336,7.020054908934981e-06
cent_6aead928e846,D,centralized,d_internals,,s5,groknet,adamw,ce,0.4,1000,256,1.0,0.001,123,,,,,,,,,,40000,85.0,250,11825,11825,True,100.0,99.79166388511658,40000.0,centralised,init_to_end,0.0,40000.0,0.9269346634690012,0.38723078518432213,0.8449074029922485,0.0,99.42129516601562,0.8449074029922485,99.79166412353516,4.7874979972839355,7.020054908934981e-06
cent_6b659296f8e7,D,centralized,d_internals,,s5,groknet,adamw,ce,0.425,1000,256,1.0,0.001,789,,,,,,,,,,40000,85.0,275,11275,11275,True,100.0,99.83091354370117,40000.0,centralised,memo_to_end,500.0,40000.0,1.8189824246770514,33.55506422490629,5.869565010070801,0.0,43.562801361083984,5.869565010070801,99.83091735839844,0.10841062664985657,7.131843176466646e-06
cent_6b659296f8e7,D,centralized,d_internals,,s5,groknet,adamw,ce,0.425,1000,256,1.0,0.001,789,,,,,,,,,,40000,85.0,275,11275,11275,True,100.0,99.83091354370117,40000.0,centralised,init_to_end,0.0,40000.0,0.9279379429970964,0.38765117443676844,0.785024106502533,0.0,99.69806671142578,0.785024106502533,99.83091735839844,4.787482261657715,7.131843176466646e-06
cent_6d2ff65f3ec0,D,centralized,d_internals,,s5,groknet,adamw,ce,0.35,1000,256,1.0,0.001,789,,,,,,,,,,40000,85.0,250,16525,16525,True,100.0,98.93162250518799,40000.0,centralised,memo_to_end,500.0,40000.0,1.9894802419634288,37.45857361205306,1.826923131942749,0.1,29.52991485595703,1.8376069068908691,98.93162536621094,0.10621608793735504,6.869859589642147e-06
cent_6d2ff65f3ec0,D,centralized,d_internals,,s5,groknet,adamw,ce,0.35,1000,256,1.0,0.001,789,,,,,,,,,,40000,85.0,250,16525,16525,True,100.0,98.93162250518799,40000.0,centralised,init_to_end,0.0,40000.0,0.9327051533975919,0.3896420255432824,0.8440171480178833,0.0,98.29059600830078,0.8440171480178833,98.93162536621094,4.7874908447265625,6.869859589642147e-06
cent_6f1ba836d1e7,D,centralized,d_internals,,s5,groknet,adamw,ce,0.25,1000,256,1.0,0.001,42,,,,,,,,,,150000,85.0,225,29525,29525,True,100.0,90.08333086967468,150000.0,centralised,init_to_end,0.0,150000.0,0.9275344005189257,0.3874808569456117,0.7592592239379883,0.0,87.90740966796875,0.7592592239379883,90.08332824707031,4.78750467300415,6.162139470688999e-06
cent_703572a5985d,D,centralized,d_internals,,s5,groknet,adamw,ce,0.375,1000,256,1.0,0.001,789,,,,,,,,,,40000,85.0,250,13975,13975,True,100.0,98.31111431121826,40000.0,centralised,memo_to_end,500.0,40000.0,1.8820244263786663,34.964296917519626,2.444444417953491,0.0,33.622222900390625,2.444444417953491,98.31111145019531,0.10764701664447784,7.052923592709703e-06
cent_703572a5985d,D,centralized,d_internals,,s5,groknet,adamw,ce,0.375,1000,256,1.0,0.001,789,,,,,,,,,,40000,85.0,250,13975,13975,True,100.0,98.31111431121826,40000.0,centralised,init_to_end,0.0,40000.0,0.9295564950390602,0.3883269143933295,0.8333333730697632,0.0,97.87777709960938,0.8333333730697632,98.31111145019531,4.787487506866455,7.052923592709703e-06
cent_75538f9fd66b,D,centralized,d_internals,,s5,groknet,adamw,ce,0.3,1000,256,1.0,0.001,123,,,,,,,,,,40000,85.0,250,21475,21475,True,100.0,96.33928537368774,40000.0,centralised,memo_to_end,500.0,40000.0,1.9350955708914626,38.847760192496615,1.0515873432159424,0.0,25.456350326538086,1.0515873432159424,96.33928680419922,0.09961798787117004,6.575362476723967e-06
cent_75538f9fd66b,D,centralized,d_internals,,s5,groknet,adamw,ce,0.3,1000,256,1.0,0.001,123,,,,,,,,,,40000,85.0,250,21475,21475,True,100.0,96.33928537368774,40000.0,centralised,init_to_end,0.0,40000.0,0.9317103686998509,0.3892260082295692,0.8730159401893616,0.0,95.29762268066406,0.8730159401893616,96.33928680419922,4.787496566772461,6.575362476723967e-06
cent_785c700dc164,C,centralized,aggregation,cent_reduced,s5,transformer,adamw,ce,0.04,1000,256,1.0,0.001,123,,,,,,,,,,400000,85.0,800,inf,inf,False,100.0,0.44126156717538834,400000.0,centralised,init_to_end,0.0,400000.0,2.04670564271521,0.8537762833288227,0.40509259700775146,0.9,0.7089120149612427,0.9476273059844971,0.44126155972480774,4.7944769859313965,6.370244136633119e-07
cent_791c45d6431f,C,centralized,aggregation,cent_reduced,s5,transformer,adamw,ce,0.08,1000,256,1.0,0.001,42,,,,,,,,,,400000,85.0,800,inf,inf,False,100.0,0.3925120923668146,400000.0,centralised,init_to_end,0.0,400000.0,2.457718238910457,1.0236607841346044,0.39251208305358887,1.0,0.7925724387168884,0.8605072498321533,0.39251208305358887,4.801763534545898,5.8078632719116285e-05
cent_7c0d2b551704,E,centralized,aggregation,cent_reduced,mnist,mlp,adamw,mse,0.5,100,200,0.1,0.001,123,,,,,,,,,,80000,90.0,320,inf,inf,False,100.0,69.59999799728394,80000.0,centralised,init_to_end,0.0,80000.0,0.0,0.0,9.879999160766602,0.0,32.70000076293945,9.879999160766602,69.5999984741211,570.93603515625,1.2368539046292426e-06
cent_7cbe7cab72ae,D,centralized,d_internals,,s5,groknet,adamw,ce,0.45,1000,256,1.0,0.001,123,,,,,,,,,,40000,85.0,275,9075,9075,True,100.0,99.89899396896362,40000.0,centralised,memo_to_end,500.0,40000.0,1.8115946172021722,33.93646868457291,8.88888931274414,0.0,48.459598541259766,8.88888931274414,99.89899444580078,0.1067565381526947,7.346684014919447e-06
cent_7cbe7cab72ae,D,centralized,d_internals,,s5,groknet,adamw,ce,0.45,1000,256,1.0,0.001,123,,,,,,,,,,40000,85.0,275,9075,9075,True,100.0,99.89899396896362,40000.0,centralised,init_to_end,0.0,40000.0,0.9259620560961141,0.38682387012802916,0.8333333730697632,0.0,99.67172241210938,0.8333333730697632,99.89899444580078,4.787505149841309,7.346684014919447e-06
cent_80686a09c490,D,centralized,d_internals,,s5,groknet,adamw,ce,0.275,1000,256,1.0,0.001,123,,,,,,,,,,150000,85.0,225,23125,23125,True,100.0,94.54023241996765,150000.0,centralised,init_to_end,0.0,150000.0,0.9292111591921639,0.38818151167930265,0.8524904251098633,0.0,92.68199157714844,0.8524904251098633,94.54022979736328,4.787502288818359,6.292784746619873e-06
cent_81982c40f8db,C,centralized,aggregation,cent_reduced,s5,transformer,adamw,ce,0.08,1000,256,1.0,0.001,123,,,,,,,,,,400000,85.0,800,inf,inf,False,100.0,0.30193235725164413,400000.0,centralised,init_to_end,0.0,400000.0,2.3279588904891173,0.969929363045142,0.30193236470222473,1.0,0.7246376872062683,0.9812802076339722,0.30193236470222473,4.800261497497559,3.3036017157428432e-06
cent_81b0cc40271b,C,centralized,aggregation,cent_reduced,s5,transformer,adamw,ce,0.04,1000,256,1.0,0.001,456,,,,,,,,,,400000,85.0,800,inf,inf,False,100.0,0.29658565763384104,400000.0,centralised,init_to_end,0.0,400000.0,1.9473141639804794,0.8129563011750504,0.29658564925193787,1.0,0.5642361044883728,0.7595486044883728,0.29658564925193787,4.7906975746154785,6.736564728271333e-07
cent_86d6343243d8,D,centralized,d_internals,,s5,groknet,adamw,ce,0.575,1000,256,1.0,0.001,789,,,,,,,,,,40000,85.0,275,1175,1175,True,100.0,99.98366236686707,40000.0,centralised,memo_to_end,500.0,40000.0,1.658527735648022,32.990794752661486,34.8856201171875,0.0,66.22549438476562,34.8856201171875,99.9836654663086,0.10053714364767075,7.735497092653532e-06
cent_86d6343243d8,D,centralized,d_internals,,s5,groknet,adamw,ce,0.575,1000,256,1.0,0.001,789,,,,,,,,,,40000,85.0,275,1175,1175,True,100.0,99.98366236686707,40000.0,centralised,init_to_end,0.0,40000.0,0.9207372823934747,0.3846428188510867,0.7843137979507446,0.0,99.9836654663086,0.7843137979507446,99.9836654663086,4.787484645843506,7.735497092653532e-06
cent_884f70075b11,E,centralized,aggregation,cent_reduced,mnist,mlp,adamw,mse,0.5,100,200,0.1,0.001,42,,,,,,,,,,80000,90.0,320,inf,inf,False,100.0,73.53999614715576,80000.0,centralised,init_to_end,0.0,80000.0,0.0,0.0,8.960000038146973,0.0,25.739999771118164,8.960000038146973,73.53999328613281,856.0154418945312,4.5102721557555014e-09
cent_889567bbc1b2,E,centralized,aggregation,cent_reduced,mnist,mlp,adamw,mse,0.5,200,200,0.1,0.001,123,,,,,,,,,,80000,90.0,320,inf,inf,False,100.0,81.8399965763092,80000.0,centralised,init_to_end,0.0,80000.0,0.0,0.0,9.899999618530273,0.0,31.979999542236328,9.899999618530273,81.83999633789062,589.7821655273438,3.5071931847596716e-07
cent_8b47f62f51d4,D,centralized,aggregation,cent_reduced,s5,groknet,adamw,ce,0.15,1000,256,1.0,0.001,42,,,,,,,,,,500000,85.0,1000,inf,inf,False,100.0,9.59150344133377,500000.0,centralised,init_to_end,0.0,500000.0,0.9369676810048082,0.391422972563739,0.7516340017318726,0.0,9.256536483764648,0.7516340017318726,9.591503143310547,4.787489414215088,5.171847988094669e-06
cent_8c21fc068b2c,D,centralized,aggregation,cent_reduced,s5,groknet,adamw,ce,0.006,1000,256,1.0,0.001,42,,,,,,,,,,500000,85.0,1000,inf,inf,False,100.0,0.2095850184559822,500000.0,centralised,init_to_end,0.0,500000.0,0.8638820060466745,0.3608947334684029,0.16766799986362457,0.7000000000000001,0.1886265128850937,0.740533709526062,0.2095850110054016,4.787444591522217,1.3085289083392126e-06
cent_8c547aa1fd47,D,centralized,d_internals,,s5,groknet,adamw,ce,0.4,1000,256,1.0,0.001,789,,,,,,,,,,40000,85.0,250,13000,13000,True,100.0,99.73379373550415,40000.0,centralised,memo_to_end,500.0,40000.0,1.8127973522354295,33.044447660315896,3.564814805984497,0.0,40.2430534362793,3.564814805984497,99.73379516601562,0.10971169173717499,7.0344385676435195e-06
cent_8c547aa1fd47,D,centralized,d_internals,,s5,groknet,adamw,ce,0.4,1000,256,1.0,0.001,789,,,,,,,,,,40000,85.0,250,13000,13000,True,100.0,99.73379373550415,40000.0,centralised,init_to_end,0.0,40000.0,0.9265992995805394,0.3870918795604603,0.798611044883728,0.0,99.46759033203125,0.798611044883728,99.73379516601562,4.787483215332031,7.0344385676435195e-06
cent_8cd1bbdda9ff,E,centralized,aggregation,cent_reduced,mnist,mlp,adamw,mse,0.5,200,200,0.1,0.001,42,,,,,,,,,,80000,90.0,320,inf,inf,False,100.0,80.39999604225159,80000.0,centralised,init_to_end,0.0,80000.0,2.842170943040401e-14,6.752578447080795e-17,9.059999465942383,0.0,29.51999855041504,9.059999465942383,80.39999389648438,841.8031616210938,3.46139188422967e-08
cent_8d89dc0d3ea6,D,centralized,d_internals,,s5,groknet,adamw,ce,0.55,1000,256,1.0,0.001,456,,,,,,,,,,40000,85.0,275,1300,4275,True,100.0,100.0,40000.0,centralised,memo_to_end,500.0,40000.0,1.749032380546123,34.63762196137849,30.83333396911621,0.2,63.132720947265625,31.419754028320312,100.0,0.10098259150981903,7.735279723419808e-06
cent_8d89dc0d3ea6,D,centralized,d_internals,,s5,groknet,adamw,ce,0.55,1000,256,1.0,0.001,456,,,,,,,,,,40000,85.0,275,1300,4275,True,100.0,100.0,40000.0,centralised,init_to_end,0.0,40000.0,0.9231577078737248,0.3856524278327862,0.7716050148010254,0.0,99.9537124633789,0.7716050148010254,100.0,4.787503719329834,7.735279723419808e-06
cent_8f5dfd6e8cc0,D,centralized,d_internals,,s5,groknet,adamw,ce,0.45,1000,256,1.0,0.001,1011,,,,,,,,,,40000,85.0,275,9150,9150,True,100.0,99.73485469818115,40000.0,centralised,memo_to_end,500.0,40000.0,1.8645976547855754,34.11661743665879,7.613636493682861,0.0,45.15151596069336,7.613636493682861,99.73485565185547,0.10929987579584122,7.423396255035186e-06
cent_8f5dfd6e8cc0,D,centralized,d_internals,,s5,groknet,adamw,ce,0.45,1000,256,1.0,0.001,1011,,,,,,,,,,40000,85.0,275,9150,9150,True,100.0,99.73485469818115,40000.0,centralised,init_to_end,0.0,40000.0,0.9255065582289266,0.38663488741713137,0.9974747896194458,0.0,99.45707702636719,0.9974747896194458,99.73485565185547,4.78748893737793,7.423396255035186e-06
cent_914b468961be,D,centralized,d_internals,,s5,groknet,adamw,ce,0.5,1000,256,1.0,0.001,1011,,,,,,,,,,40000,85.0,275,7125,7125,True,100.0,99.97222423553467,40000.0,centralised,memo_to_end,500.0,40000.0,1.8288727846600523,34.69006330779759,16.43055534362793,0.0,56.15277862548828,16.43055534362793,99.97222137451172,0.10543331503868103,7.41410804039333e-06
cent_914b468961be,D,centralized,d_internals,,s5,groknet,adamw,ce,0.5,1000,256,1.0,0.001,1011,,,,,,,,,,40000,85.0,275,7125,7125,True,100.0,99.97222423553467,40000.0,centralised,init_to_end,0.0,40000.0,0.9255255868180035,0.3866427219238751,1.0416667461395264,0.0,99.90277862548828,1.0416667461395264,99.97222137451172,4.787490367889404,7.41410804039333e-06
cent_96323e9bee6a,D,centralized,aggregation,cent_reduced,s5,groknet,adamw,ce,0.15,1000,256,1.0,0.001,123,,,,,,,,,,500000,85.0,1000,inf,inf,False,100.0,10.326797515153885,500000.0,centralised,init_to_end,0.0,500000.0,0.9388976295334035,0.39222538923952455,0.9068627953529358,0.0,9.910131454467773,0.9068627953529358,10.326797485351562,4.787536144256592,5.17913304065587e-06
cent_988957b6ccb1,D,centralized,d_internals,,s5,groknet,adamw,ce,0.35,1000,256,1.0,0.001,123,,,,,,,,,,40000,85.0,250,16675,16675,True,100.0,97.47863411903381,40000.0,centralised,memo_to_end,500.0,40000.0,1.8837052814698836,36.160488109791,2.126068353652954,0.0,31.260684967041016,2.126068353652954,97.4786376953125,0.10417888313531876,6.949519956833683e-06
cent_988957b6ccb1,D,centralized,d_internals,,s5,groknet,adamw,ce,0.35,1000,256,1.0,0.001,123,,,,,,,,,,40000,85.0,250,16675,16675,True,100.0,97.47863411903381,40000.0,centralised,init_to_end,0.0,40000.0,0.9297780169201362,0.38841849749828083,0.8547009229660034,0.0,96.2286376953125,0.8547009229660034,97.4786376953125,4.78749942779541,6.949519956833683e-06
cent_98be02f410d1,D,centralized,d_internals,,s5,groknet,adamw,ce,0.55,1000,256,1.0,0.001,1011,,,,,,,,,,40000,85.0,275,1650,5500,True,100.0,100.0,40000.0,centralised,memo_to_end,500.0,40000.0,1.7547439112453502,33.86075923566729,25.416669845581055,0.0,61.296295166015625,25.416669845581055,100.0,0.10363717377185822,7.514111985074123e-06
cent_98be02f410d1,D,centralized,d_internals,,s5,groknet,adamw,ce,0.55,1000,256,1.0,0.001,1011,,,,,,,,,,40000,85.0,275,1650,5500,True,100.0,100.0,40000.0,centralised,init_to_end,0.0,40000.0,0.924411808266405,0.3861777737341009,1.0185185670852661,0.0,99.98457336425781,1.0185185670852661,100.0,4.7874860763549805,7.514111985074123e-06
cent_9a106ad8348b,D,centralized,d_internals,,s5,groknet,adamw,ce,0.375,1000,256,1.0,0.001,123,,,,,,,,,,40000,85.0,250,15325,15325,True,100.0,98.77777695655823,40000.0,centralised,memo_to_end,500.0,40000.0,1.9235338115802734,36.405050909928065,3.1222221851348877,0.0,34.0,3.1222221851348877,98.77777862548828,0.10566696524620056,7.0422611315734684e-06
cent_9a106ad8348b,D,centralized,d_internals,,s5,groknet,adamw,ce,0.375,1000,256,1.0,0.001,123,,,,,,,,,,40000,85.0,250,15325,15325,True,100.0,98.77777695655823,40000.0,centralised,init_to_end,0.0,40000.0,0.9276139113389945,0.3875143490079913,0.8444444537162781,0.0,98.16667175292969,0.8444444537162781,98.77777862548828,4.787500381469727,7.0422611315734684e-06
cent_9be88e935da0,D,centralized,d_internals,,s5,groknet,adamw,ce,0.425,1000,256,1.0,0.001,1011,,,,,,,,,,40000,85.0,275,10475,10475,True,100.0,99.39613342285156,40000.0,centralised,memo_to_end,500.0,40000.0,1.9374608918556988,35.422200325165825,4.758454322814941,0.0,39.50482940673828,4.758454322814941,99.39613342285156,0.1093851700425148,7.2942352744576056e-06
cent_9be88e935da0,D,centralized,d_internals,,s5,groknet,adamw,ce,0.425,1000,256,1.0,0.001,1011,,,,,,,,,,40000,85.0,275,10475,10475,True,100.0,99.39613342285156,40000.0,centralised,init_to_end,0.0,40000.0,0.9278403333968983,0.38760968943085555,1.002415418624878,0.0,98.94927215576172,1.002415418624878,99.39613342285156,4.7874908447265625,7.2942352744576056e-06
cent_9e329528f1cd,D,centralized,d_internals,,s5,groknet,adamw,ce,0.25,1000,256,1.0,0.001,1011,,,,,,,,,,150000,85.0,225,39575,39575,True,100.0,88.69444131851196,150000.0,centralised,init_to_end,0.0,150000.0,0.9323351939381155,0.38948718081560313,0.9907407760620117,0.0,86.39814758300781,0.9907407760620117,88.69444274902344,4.787495136260986,6.1724381339445245e-06
cent_a02c1a588b19,D,centralized,aggregation,cent_reduced,s5,groknet,adamw,ce,0.015,1000,256,1.0,0.001,456,,,,,,,,,,500000,85.0,1000,inf,inf,False,100.0,0.05640158196911216,500000.0,centralised,init_to_end,0.0,500000.0,0.9252052078591078,0.3864991191950185,0.03525099158287048,0.30000000000000004,0.03525099158287048,0.7614213228225708,0.056401580572128296,4.787448406219482,0.00017030704475473613
cent_a1ce4e98eb2b,D,centralized,d_internals,,s5,groknet,adamw,ce,0.3,1000,256,1.0,0.001,789,,,,,,,,,,40000,85.0,225,20650,20650,True,100.0,96.23016119003296,40000.0,centralised,init_to_end,0.0,40000.0,0.9292132715122992,0.3881834547504455,0.8234127163887024,0.0,94.96031951904297,0.8234127163887024,96.23016357421875,4.78748893737793,6.5632207224552985e-06
cent_a22c85bb6068,D,centralized,aggregation,cent_reduced,s5,groknet,adamw,ce,0.06,1000,256,1.0,0.001,123,,,,,,,,,,500000,85.0,1000,inf,inf,False,100.0,0.15514184487983584,500000.0,centralised,init_to_end,0.0,500000.0,0.9399239821582799,0.39265727999379263,0.15514184534549713,0.8,0.1773049533367157,0.8865248560905457,0.15514184534549713,4.787499904632568,3.2440325412608217e-06
cent_a2481778a515,D,centralized,d_internals,,s5,groknet,adamw,ce,0.2,1000,256,1.0,0.001,1011,,,,,,,,,,150000,85.0,200,inf,inf,False,100.0,66.11979603767395,150000.0,centralised,init_to_end,0.0,150000.0,0.9320605092053942,0.389372112599512,0.9635416865348816,0.0,62.86458206176758,0.9635416865348816,66.11979675292969,4.78749942779541,5.784032964584185e-06
cent_a47f2cba92cd,D,centralized,aggregation,cent_reduced,s5,groknet,adamw,ce,0.06,1000,256,1.0,0.001,456,,,,,,,,,,500000,85.0,1000,inf,inf,False,100.0,0.23640661966055632,500000.0,centralised,init_to_end,0.0,500000.0,0.9365277992370693,0.39123815775306614,0.2216312140226364,0.4,0.25856974720954895,0.7609338164329529,0.2364066243171692,4.787504196166992,3.2627970085741254e-06
cent_a86d62b5a4a3,D,centralized,d_internals,,s5,groknet,adamw,ce,0.2,1000,256,1.0,0.001,42,,,,,,,,,,150000,85.0,200,inf,inf,False,100.0,66.7881965637207,150000.0,centralised,init_to_end,0.0,150000.0,0.9325290965837669,0.389568293582473,0.7378472685813904,0.0,63.654518127441406,0.7378472685813904,66.78819274902344,4.78749418258667,5.785689609183464e-06
cent_aa69c6b2727d,C,centralized,aggregation,cent_reduced,s5,transformer,adamw,ce,0.02,1000,256,1.0,0.001,42,,,,,,,,,,400000,85.0,800,inf,inf,False,100.0,0.5102040711790323,400000.0,centralised,init_to_end,0.0,400000.0,2.016591408394902,0.8410184851616117,0.5102040767669678,1.0,0.7369614839553833,0.843254029750824,0.5102040767669678,4.795591354370117,2.1883981844439404e-06
cent_aacd8befd891,D,centralized,d_internals,,s5,groknet,adamw,ce,0.275,1000,256,1.0,0.001,1011,,,,,,,,,,150000,85.0,225,23150,23150,True,100.0,95.2203094959259,150000.0,centralised,init_to_end,0.0,150000.0,0.9284543812067572,0.3878660242942959,1.0153257846832275,0.0,93.76437377929688,1.0153257846832275,95.22030639648438,4.78749418258667,6.25855682301335e-06
cent_ab37b13750fe,D,centralized,d_internals,,s5,groknet,adamw,ce,0.325,1000,256,1.0,0.001,42,,,,,,,,,,40000,85.0,250,18700,18700,True,100.0,97.0370352268219,40000.0,centralised,memo_to_end,500.0,40000.0,1.833945794194733,35.92940418066226,1.2242798805236816,0.0,28.230453491210938,1.2242798805236816,97.03703308105469,0.10207929462194443,6.7730998125625774e-06
cent_ab37b13750fe,D,centralized,d_internals,,s5,groknet,adamw,ce,0.325,1000,256,1.0,0.001,42,,,,,,,,,,40000,85.0,250,18700,18700,True,100.0,97.0370352268219,40000.0,centralised,init_to_end,0.0,40000.0,0.9298361962957644,0.38844270041301376,0.7304526567459106,0.0,95.5452651977539,0.7304526567459106,97.03703308105469,4.787500858306885,6.7730998125625774e-06
cent_ab8ac19dfb49,C,centralized,aggregation,cent_reduced,s5,transformer,adamw,ce,0.2,1000,256,1.0,0.001,456,,,,,,,,,,400000,85.0,800,inf,inf,False,100.0,0.824652798473835,400000.0,centralised,init_to_end,0.0,400000.0,2.9120461624190286,1.2148502892153565,0.7465277910232544,0.0,1.1111111640930176,0.7465277910232544,0.8246527910232544,4.794065952301025,1.6393927580793388e-05
cent_ad79765eee5e,D,centralized,d_internals,,s5,groknet,adamw,ce,0.275,1000,256,1.0,0.001,42,,,,,,,,,,150000,85.0,225,22725,22725,True,100.0,94.8180079460144,150000.0,centralised,init_to_end,0.0,150000.0,0.9325939381907125,0.3895949135773246,0.7375479340553284,0.0,93.24713134765625,0.7375479340553284,94.81800842285156,4.78749942779541,6.290015335252974e-06
cent_addition_07acb99eb4d5,A,centralized,aggregation,cent_reduced,modular,groknet,gd,mse,0.15,1000,256,0.0,50.0,123,,,,,,,,,,100000,95.0,2000,inf,inf,False,100.0,0.6501625757664442,100000.0,centralised,memo_to_end,2000.0,100000.0,0.0011624643113464124,0.26850940997059264,0.03750937804579735,0.0,0.28757190704345703,0.03750937804579735,0.6501625776290894,0.007223667111247778,0.0014349814737215638
cent_addition_07acb99eb4d5,A,centralized,aggregation,cent_reduced,modular,groknet,gd,mse,0.15,1000,256,0.0,50.0,123,,,,,,,,,,100000,95.0,2000,inf,inf,False,100.0,0.6501625757664442,100000.0,centralised,init_to_end,0.0,100000.0,0.0016898961272090677,0.2877028212277557,0.450112521648407,0.30000000000000004,0.47511881589889526,0.9627407193183899,0.6501625776290894,0.01031253021210432,0.0014349814737215638
cent_addition_0ba65811b364,A',centralized,aggregation,cent_reduced,modular,groknet,adamw,mse,0.04,1000,256,0.1,0.001,42,,,,,,,,,,200000,95.0,400,inf,inf,False,99.99999403953552,0.0,200000.0,centralised,init_to_end,0.0,200000.0,0.002348970254432459,0.45554789397596906,0.0,0.4,0.0,1.0295583009719849,0.0,0.010312695056200027,3.072080190236193e-08
cent_addition_0cc0826e1a11,B,centralized,aggregation,cent_reduced,modular,transformer,adamw,ce,0.06,1000,128,1.0,0.001,123,,,,,,,,,,200000,95.0,400,inf,inf,False,100.0,0.27493126690387726,200000.0,centralised,init_to_end,0.0,200000.0,3.9686727355649056,1.6752952101829386,0.27493125200271606,1.0,0.8831125497817993,0.8164625763893127,0.27493125200271606,4.737874507904053,4.179317329544574e-06
cent_addition_0fe3c6be8c9e,B,centralized,aggregation,cent_reduced,modular,transformer,adamw,ce,0.006,1000,128,1.0,0.001,42,,,,,,,,,,200000,95.0,400,inf,inf,False,100.0,0.8429843001067638,200000.0,centralised,init_to_end,0.0,200000.0,1.9802888004413717,0.8388756467005556,0.8272276520729065,0.8,0.8902544975280762,0.898132860660553,0.8429843187332153,4.7212910652160645,1.7944114460988203e-06
cent_addition_15de40aabc23,A,centralized,aggregation,cent_reduced,modular,groknet,gd,mse,0.03,1000,256,0.0,50.0,456,,,,,,,,,,100000,95.0,600,inf,inf,False,99.99999403953552,0.010956502956105396,100000.0,centralised,memo_to_end,1000.0,100000.0,0.0,0.0,0.0,0.0,0.01095650251954794,0.0,0.01095650251954794,0.0012989663518965244,1.4104857039287655e-11
cent_addition_15de40aabc23,A,centralized,aggregation,cent_reduced,modular,groknet,gd,mse,0.03,1000,256,0.0,50.0,456,,,,,,,,,,100000,95.0,600,inf,inf,False,99.99999403953552,0.010956502956105396,100000.0,centralised,init_to_end,0.0,100000.0,0.0013693653936092814,0.26570754168473837,0.01095650251954794,0.9,0.076695516705513,0.8765202164649963,0.01095650251954794,0.010307312943041325,1.4104857039287655e-11
cent_addition_1b08455b3ec6,A',centralized,aggregation,cent_reduced,modular,groknet,adamw,mse,0.01,1000,256,0.1,0.001,42,,,,,,,,,,200000,95.0,400,inf,inf,False,99.99999403953552,0.2469135681167245,200000.0,centralised,init_to_end,0.0,200000.0,0.002314989410068336,0.44894830095136945,0.2361781895160675,0.5,0.2361781895160675,1.0305957794189453,0.24691356718540192,0.010312940925359726,3.372068846374532e-09
cent_addition_1b17f2c380e3,B,centralized,aggregation,cent_reduced,modular,transformer,adamw,ce,0.015,1000,128,1.0,0.001,456,,,,,,,,,,200000,95.0,400,inf,inf,False,100.0,0.628080777823925,200000.0,centralised,init_to_end,0.0,200000.0,3.1825853363272474,1.3444380650943237,0.6280807852745056,1.0,0.8188901543617249,0.9222451448440552,0.6280807852745056,4.734396457672119,5.0474405725253746e-05
cent_addition_1b6a683c472b,A,centralized,aggregation,cent_reduced,modular,groknet,gd,mse,0.015,1000,256,0.0,50.0,42,,,,,,,,,,100000,95.0,200,inf,inf,False,99.99999403953552,0.043159257620573044,100000.0,centralised,init_to_end,0.0,100000.0,0.0012586195952825376,0.24410402438540754,0.043159257620573044,0.6000000000000001,0.05394907295703888,1.0358221530914307,0.043159257620573044,0.010312157683074474,1.2165202384947088e-13
cent_addition_22a1b7c81c3c,A,centralized,aggregation,cent_reduced,modular,groknet,gd,mse,0.15,1000,256,0.0,50.0,456,,,,,,,,,,100000,95.0,2000,inf,inf,False,100.0,0.5751437973231077,100000.0,centralised,memo_to_end,2000.0,100000.0,0.0011648162268102173,0.26850675880223024,0.050012506544589996,0.0,0.28757190704345703,0.050012506544589996,0.5751438140869141,0.0072361319325864315,0.0014401206281036139
cent_addition_22a1b7c81c3c,A,centralized,aggregation,cent_reduced,modular,groknet,gd,mse,0.15,1000,256,0.0,50.0,456,,,,,,,,,,100000,95.0,2000,inf,inf,False,100.0,0.5751437973231077,100000.0,centralised,init_to_end,0.0,100000.0,0.001687348913401365,0.2872628726931787,0.5501375794410706,0.6000000000000001,0.6501625776290894,0.8752188682556152,0.5751438140869141,0.010307648219168186,0.0014401206281036139
cent_addition_321a051ef74a,B,centralized,aggregation,cent_reduced,modular,transformer,adamw,ce,0.006,1000,128,1.0,0.001,123,,,,,,,,,,200000,95.0,400,inf,inf,False,100.0,0.6775388028472662,200000.0,centralised,init_to_end,0.0,200000.0,2.1923808367629083,0.9283090643884914,0.6775388121604919,1.0,0.9847947359085083,0.8193492889404297,0.6775388121604919,4.723385334014893,2.729264849676838e-07
cent_addition_33117932cfd2,A,centralized,aggregation,cent_reduced,modular,groknet,gd,mse,0.15,1000,256,0.0,50.0,42,,,,,,,,,,100000,95.0,1800,inf,inf,False,100.0,0.5376344546675682,100000.0,centralised,memo_to_end,2000.0,100000.0,0.0011679190676659353,0.27210522620666944,0.012503126636147499,0.0,0.2250562608242035,0.012503126636147499,0.5376344323158264,0.007166077382862568,0.0014182418817654252
cent_addition_33117932cfd2,A,centralized,aggregation,cent_reduced,modular,groknet,gd,mse,0.15,1000,256,0.0,50.0,42,,,,,,,,,,100000,95.0,1800,inf,inf,False,100.0,0.5376344546675682,100000.0,centralised,init_to_end,0.0,100000.0,0.0016802615951746706,0.2864997373416767,0.47511881589889526,0.9,0.5376344323158264,0.9252313375473022,0.5376344323158264,0.01031134370714426,0.0014182418817654252
cent_addition_3406b8ed31de,B,centralized,aggregation,cent_reduced,modular,transformer,adamw,ce,0.06,1000,128,1.0,0.001,456,,,,,,,,,,200000,95.0,400,inf,inf,False,100.0,0.3082562703639269,200000.0,centralised,init_to_end,0.0,200000.0,3.654733293891286,1.5426119733134442,0.30825626850128174,1.0,0.9081063866615295,0.92476886510849,0.30825626850128174,4.738368988037109,1.2011182661808562e-06
cent_addition_3ee194941e29,B,centralized,aggregation,cent_reduced,modular,transformer,adamw,ce,0.15,1000,128,1.0,0.001,42,,,,,,,,,,200000,95.0,400,77200,80800,True,100.0,99.71438646316528,200000.0,centralised,init_to_end,0.0,200000.0,20.136097516445624,8.476906774815081,0.8476136922836304,0.2,2.174313545227051,0.9305325150489807,99.71438598632812,4.750809669494629,2.873653784263297e-06
cent_addition_4307e48dcd95,A,centralized,aggregation,cent_reduced,modular,groknet,gd,mse,0.06,1000,256,0.0,50.0,42,,,,,,,,,,100000,95.0,1000,inf,inf,False,99.99999403953552,0.15828150790184736,100000.0,centralised,memo_to_end,1000.0,100000.0,0.00016546343140930696,0.0586217778982678,0.011305822059512138,0.0,0.033917468041181564,0.011305822059512138,0.15828150510787964,0.005644907709211111,2.1044795062152843e-07
cent_addition_4307e48dcd95,A,centralized,aggregation,cent_reduced,modular,groknet,gd,mse,0.06,1000,256,0.0,50.0,42,,,,,,,,,,100000,95.0,1000,inf,inf,False,99.99999403953552,0.15828150790184736,100000.0,centralised,init_to_end,0.0,100000.0,0.0014416882861127082,0.2795943598947914,0.11305823177099228,0.6000000000000001,0.12436404079198837,1.017524003982544,0.15828150510787964,0.010312503203749657,2.1044795062152843e-07
cent_addition_4fc993ead104,A',centralized,aggregation,cent_reduced,modular,groknet,adamw,mse,0.02,1000,256,0.1,0.001,42,,,,,,,,,,200000,95.0,400,inf,inf,False,99.99999403953552,0.021689620916731656,200000.0,centralised,init_to_end,0.0,200000.0,0.0022731745906892087,0.44088580026368807,0.02168962173163891,0.4,0.02168962173163891,1.0411018133163452,0.02168962173163891,0.010311848483979702,3.652467661652281e-09
cent_addition_5a1f88debba1,A',centralized,aggregation,cent_reduced,modular,groknet,adamw,mse,0.004,1000,256,0.1,0.001,456,,,,,,,,,,200000,95.0,400,inf,inf,False,100.0,0.5975245498120785,200000.0,centralised,init_to_end,0.0,200000.0,0.0022603698167410263,0.43853897569388245,0.5548442006111145,0.4,0.5655142664909363,0.874946653842926,0.5975245237350464,0.010308632627129555,5.5647872976294366e-09
cent_addition_5c9b423105b1,A,centralized,aggregation,cent_reduced,modular,groknet,gd,mse,0.06,1000,256,0.0,50.0,456,,,,,,,,,,100000,95.0,1000,inf,inf,False,99.99999403953552,0.07914075395092368,100000.0,centralised,memo_to_end,1000.0,100000.0,0.00018702909479202407,0.06532405958914154,0.0,0.0,0.04522328823804855,0.0,0.07914075255393982,0.00572603102773428,1.6222995213865943e-07
cent_addition_5c9b423105b1,A,centralized,aggregation,cent_reduced,modular,groknet,gd,mse,0.06,1000,256,0.0,50.0,456,,,,,,,,,,100000,95.0,1000,inf,inf,False,99.99999403953552,0.07914075395092368,100000.0,centralised,init_to_end,0.0,100000.0,0.0014859090771210505,0.288333645662877,0.07914075255393982,0.9,0.15828150510787964,0.8479366898536682,0.07914075255393982,0.010306710377335548,1.6222995213865943e-07
cent_addition_67f1e2b678d5,A,centralized,aggregation,cent_reduced,modular,groknet,gd,mse,0.015,1000,256,0.0,50.0,123,,,,,,,,,,100000,95.0,200,inf,inf,False,99.99999403953552,0.08631851524114609,100000.0,centralised,init_to_end,0.0,100000.0,0.0012571597471440557,0.24377498942465278,0.08631851524114609,0.6000000000000001,0.09710832685232162,1.0142425298690796,0.08631851524114609,0.010314099490642548,1.308901310904595e-13
cent_addition_75b4d9b2b200,A',centralized,aggregation,cent_reduced,modular,groknet,adamw,mse,0.1,1000,256,0.1,0.001,456,,,,,,,,,,200000,95.0,400,inf,inf,False,99.99999403953552,0.7911205291748047,200000.0,centralised,init_to_end,0.0,200000.0,0.002219296048860997,0.42668564095984163,0.5903884768486023,0.2,0.6966583728790283,0.861967146396637,0.7911205291748047,0.010307466611266136,9.50210087466985e-05
cent_addition_7704c51f0246,B,centralized,aggregation,cent_reduced,modular,transformer,adamw,ce,0.03,1000,128,1.0,0.001,42,,,,,,,,,,200000,95.0,400,inf,inf,False,100.0,0.7185532245784998,200000.0,centralised,init_to_end,0.0,200000.0,8.874445166485021,3.736331041013481,0.7024059295654297,0.9,0.9930567145347595,0.8961731791496277,0.7185532450675964,4.7503485679626465,4.154572252446087e-06
cent_addition_80dcdbed3cdf,B,centralized,aggregation,cent_reduced,modular,transformer,adamw,ce,0.03,1000,128,1.0,0.001,456,,,,,,,,,,200000,95.0,400,inf,inf,False,100.0,0.5651542451232672,200000.0,centralised,init_to_end,0.0,200000.0,6.419282608166395,2.708513766746713,0.5651542544364929,1.0,0.855804979801178,0.9203940629959106,0.5651542544364929,4.740056037902832,2.1481346266227774e-05
cent_addition_824fdc95cb2b,B,centralized,aggregation,cent_reduced,modular,transformer,adamw,ce,0.006,1000,128,1.0,0.001,456,,,,,,,,,,200000,95.0,400,inf,inf,False,100.0,0.8429843001067638,200000.0,centralised,init_to_end,0.0,200000.0,2.0238731519197017,0.8537243826446004,0.8193492889404297,0.4,0.8666194081306458,0.9138895273208618,0.8429843187332153,4.74127721786499,2.7386715828470187e-06
cent_addition_86d07206ee9a,A',centralized,aggregation,cent_reduced,modular,groknet,adamw,mse,0.004,1000,256,0.1,0.001,123,,,,,,,,,,200000,95.0,400,inf,inf,False,100.0,0.5655142944306135,200000.0,centralised,init_to_end,0.0,200000.0,0.002301352782408373,0.44623645646755083,0.5014938116073608,0.5,0.5014938116073608,1.0136576890945435,0.5655142664909363,0.01031449344009161,5.741020103755545e-09
cent_addition_944e5da293ac,A',centralized,aggregation,cent_reduced,modular,groknet,adamw,mse,0.1,1000,256,0.1,0.001,42,,,,,,,,,,200000,95.0,400,inf,inf,False,99.99999403953552,0.7556972559541464,200000.0,centralised,init_to_end,0.0,200000.0,0.0022051493346225476,0.42382642541969007,0.5313495993614197,0.1,0.6848506331443787,1.0154682397842407,0.7556972503662109,0.010312523692846298,9.338402014691383e-05
cent_addition_9ea10a73f2cb,B,centralized,aggregation,cent_reduced,modular,transformer,adamw,ce,0.15,1000,128,1.0,0.001,123,,,,,,,,,,200000,95.0,400,112800,112800,True,100.0,99.99999403953552,200000.0,centralised,init_to_end,0.0,200000.0,2.2643387504850243,0.9555368947765102,0.8199741840362549,0.0,3.8142616748809814,0.8199741840362549,99.99999237060547,4.739405155181885,1.0631716804709868e-06
cent_addition_a15f561185e6,A,centralized,aggregation,cent_reduced,modular,groknet,gd,mse,0.006,1000,256,0.0,50.0,456,,,,,,,,,,100000,95.0,200,inf,inf,False,100.0,0.416978495195508,100000.0,centralised,init_to_end,0.0,100000.0,0.0011302036233237136,0.21926782914152013,0.40628671646118164,0.8,0.42767027020454407,0.8767240047454834,0.41697850823402405,0.010308886878192425,3.0636557015389443e-15
cent_addition_a6dc9ce0f90d,A',centralized,aggregation,cent_reduced,modular,groknet,adamw,mse,0.04,1000,256,0.1,0.001,123,,,,,,,,,,200000,95.0,400,inf,inf,False,99.99999403953552,0.011070519394706935,200000.0,centralised,init_to_end,0.0,200000.0,0.002359694151722636,0.4576311781367467,0.0,0.4,0.0,1.0406287908554077,0.01107051968574524,0.010312618687748909,2.7235241617518113e-08
cent_addition_b6d7533d918d,A',centralized,aggregation,cent_reduced,modular,groknet,adamw,mse,0.01,1000,256,0.1,0.001,456,,,,,,,,,,200000,95.0,400,inf,inf,False,99.99999403953552,0.17176596447825432,200000.0,centralised,init_to_end,0.0,200000.0,0.0023088340486533635,0.44790883035213275,0.17176596820354462,0.7000000000000001,0.18250134587287903,0.8695651888847351,0.17176596820354462,0.010309390723705292,2.1357220436613034e-09
cent_addition_bd3f4e3df50e,A',centralized,aggregation,cent_reduced,modular,groknet,adamw,mse,0.01,1000,256,0.1,0.001,123,,,,,,,,,,200000,95.0,400,inf,inf,False,99.99999403953552,0.2147074555978179,200000.0,centralised,init_to_end,0.0,200000.0,0.002324916853840531,0.4507598791633145,0.21470744907855988,0.6000000000000001,0.2254428267478943,1.0198603868484497,0.21470744907855988,0.010315542109310627,2.646606711564914e-09
cent_addition_c8ea12b3fe5b,B,centralized,aggregation,cent_reduced,modular,transformer,adamw,ce,0.03,1000,128,1.0,0.001,123,,,,,,,,,,200000,95.0,400,inf,inf,False,100.0,0.5167124327272177,200000.0,centralised,init_to_end,0.0,200000.0,3.153235949459304,1.3349278569140732,0.5167124271392822,1.0,0.839657723903656,0.8235104084014893,0.5167124271392822,4.724201202392578,3.0804494599578902e-06
cent_addition_d24f9137da69,B,centralized,aggregation,cent_reduced,modular,transformer,adamw,ce,0.15,1000,128,1.0,0.001,456,,,,,,,,,,200000,95.0,400,170800,172800,True,100.0,99.45641756057739,200000.0,centralised,init_to_end,0.0,200000.0,5.6765189554862445,2.3937905343413197,0.6172838807106018,0.30000000000000004,2.3217246532440186,0.8844665288925171,99.4564208984375,4.742684841156006,1.8310227460460737e-05
cent_addition_d45fa8a7e2db,A,centralized,aggregation,cent_reduced,modular,groknet,gd,mse,0.06,1000,256,0.0,50.0,123,,,,,,,,,,100000,95.0,1000,inf,inf,False,99.99999403953552,0.18089315854012966,100000.0,centralised,memo_to_end,1000.0,100000.0,0.00016175785252414698,0.05732034668802734,0.0,0.0,0.033917468041181564,0.0,0.1808931529521942,0.005643787328153849,2.0688578672434232e-07
cent_addition_d45fa8a7e2db,A,centralized,aggregation,cent_reduced,modular,groknet,gd,mse,0.06,1000,256,0.0,50.0,123,,,,,,,,,,100000,95.0,1000,inf,inf,False,99.99999403953552,0.18089315854012966,100000.0,centralised,init_to_end,0.0,100000.0,0.0014180706417405986,0.27501982088036436,0.15828150510787964,0.6000000000000001,0.16958732903003693,1.02882981300354,0.1808931529521942,0.010312290862202644,2.0688578672434232e-07
cent_addition_d9b6267fe11a,B,centralized,aggregation,cent_reduced,modular,transformer,adamw,ce,0.015,1000,128,1.0,0.001,123,,,,,,,,,,200000,95.0,400,inf,inf,False,100.0,1.8126888200640678,200000.0,centralised,init_to_end,0.0,200000.0,3.1639488234854984,1.3408132954673468,0.8268404603004456,0.0,0.9460963010787964,0.8268404603004456,1.8126888275146484,4.7194390296936035,8.240379429480527e-06
cent_addition_db2b20bbc0d5,A',centralized,aggregation,cent_reduced,modular,groknet,adamw,mse,0.004,1000,256,0.1,0.001,42,,,,,,,,,,200000,95.0,400,inf,inf,False,100.0,0.4588135052472353,200000.0,centralised,init_to_end,0.0,200000.0,0.002262114657822778,0.438663759056143,0.41613316535949707,0.4,0.42680326104164124,1.034997820854187,0.45881351828575134,0.010313653387129307,7.639667565229047e-09
cent_addition_dca55629cfe8,A,centralized,aggregation,cent_reduced,modular,groknet,gd,mse,0.03,1000,256,0.0,50.0,123,,,,,,,,,,100000,95.0,600,inf,inf,False,99.99999403953552,0.010956502956105396,100000.0,centralised,memo_to_end,1000.0,100000.0,0.0,0.0,0.0,0.0,0.0,0.0,0.01095650251954794,0.001286496757529676,1.9874754619841895e-11
cent_addition_dca55629cfe8,A,centralized,aggregation,cent_reduced,modular,groknet,gd,mse,0.03,1000,256,0.0,50.0,123,,,,,,,,,,100000,95.0,600,inf,inf,False,99.99999403953552,0.010956502956105396,100000.0,centralised,init_to_end,0.0,100000.0,0.0013620369076709207,0.26414241542643174,0.01095650251954794,1.0,0.076695516705513,1.0299112796783447,0.01095650251954794,0.010312898084521294,1.9874754619841895e-11
cent_addition_dfb2d98cf82e,A',centralized,aggregation,cent_reduced,modular,groknet,adamw,mse,0.1,1000,256,0.1,0.001,123,,,,,,,,,,200000,95.0,400,inf,inf,False,99.99999403953552,0.8265438489615917,200000.0,centralised,init_to_end,0.0,200000.0,0.0022018738440237945,0.4232276165353561,0.4959263503551483,0.4,0.6258118152618408,0.9918527007102966,0.8265438675880432,0.010312815196812153,9.233682067133486e-05
cent_addition_e409364580a3,B,centralized,aggregation,cent_reduced,modular,transformer,adamw,ce,0.06,1000,128,1.0,0.001,42,,,,,,,,,,200000,95.0,400,inf,inf,False,100.0,0.3915688022971153,200000.0,centralised,init_to_end,0.0,200000.0,3.069259709541507,1.2909320787054346,0.3915688097476959,1.0,0.7581438422203064,0.92476886510849,0.3915688097476959,4.7551045417785645,1.8812013422575546e-06
cent_addition_eb2f7de373d5,A,centralized,aggregation,cent_reduced,modular,groknet,gd,mse,0.03,1000,256,0.0,50.0,42,,,,,,,,,,100000,95.0,600,inf,inf,False,99.99999403953552,0.0,100000.0,centralised,memo_to_end,1000.0,100000.0,0.0,0.0,0.0,0.0,0.0,0.0,0.0,0.0012510871747508645,1.653398078171886e-11
cent_addition_eb2f7de373d5,A,centralized,aggregation,cent_reduced,modular,groknet,gd,mse,0.03,1000,256,0.0,50.0,42,,,,,,,,,,100000,95.0,600,inf,inf,False,99.99999403953552,0.0,100000.0,centralised,init_to_end,0.0,100000.0,0.0013571037861276718,0.2631919768169874,0.0,0.8,0.04382601007819176,1.0518242120742798,0.0,0.01031265314668417,1.653398078171886e-11
cent_addition_ee114e10cd9b,A,centralized,aggregation,cent_reduced,modular,groknet,gd,mse,0.006,1000,256,0.0,50.0,42,,,,,,,,,,100000,95.0,200,inf,inf,False,100.0,0.3849032334983349,100000.0,centralised,init_to_end,0.0,100000.0,0.0010991894640021236,0.2131592666281217,0.37421146035194397,0.30000000000000004,0.384903222322464,1.0264085531234741,0.384903222322464,0.010313316248357296,2.412253483782497e-15
cent_addition_eff5869e1ef9,B,centralized,aggregation,cent_reduced,modular,transformer,adamw,ce,0.015,1000,128,1.0,0.001,42,,,,,,,,,,200000,95.0,400,inf,inf,False,100.0,1.1130545288324356,200000.0,centralised,init_to_end,0.0,200000.0,2.1317289791724767,0.8983730253167288,0.8188901543617249,0.4,0.8904436826705933,0.898393988609314,1.1130545139312744,4.745681285858154,7.335970440180972e-05
cent_addition_f5d7e8b84713,A',centralized,aggregation,cent_reduced,modular,groknet,adamw,mse,0.04,1000,256,0.1,0.001,456,,,,,,,,,,200000,95.0,400,inf,inf,False,99.99999403953552,0.0,200000.0,centralised,init_to_end,0.0,200000.0,0.0023711786128060913,0.4601347659757847,0.0,0.5,0.0,0.8745710253715515,0.0,0.010306423529982567,2.922316966191829e-08
cent_addition_f7095a76f0d2,A,centralized,aggregation,cent_reduced,modular,groknet,gd,mse,0.015,1000,256,0.0,50.0,456,,,,,,,,,,100000,95.0,400,inf,inf,False,99.99999403953552,0.03236944321542978,100000.0,centralised,init_to_end,0.0,100000.0,0.001264708582260075,0.2453569745855144,0.03236944228410721,0.6000000000000001,0.07552870362997055,0.8739749789237976,0.03236944228410721,0.010309130884706974,1.7264422042580913e-13
cent_addition_f98ac5f231a3,A',centralized,aggregation,cent_reduced,modular,groknet,adamw,mse,0.02,1000,256,0.1,0.001,123,,,,,,,,,,200000,95.0,400,inf,inf,False,99.99999403953552,0.021689620916731656,200000.0,centralised,init_to_end,0.0,200000.0,0.0023261906378888586,0.4510686739436093,0.02168962173163891,0.4,0.02168962173163891,1.0194121599197388,0.02168962173163891,0.010314129292964935,1.4470459275273129e-09
cent_addition_f9cadcedae5c,A',centralized,aggregation,cent_reduced,modular,groknet,adamw,mse,0.02,1000,256,0.1,0.001,456,,,,,,,,,,200000,95.0,400,inf,inf,False,99.99999403953552,0.021689620916731656,200000.0,centralised,init_to_end,0.0,200000.0,0.0023160759824782497,0.44937246738050884,0.010844810865819454,0.30000000000000004,0.02168962173163891,0.8675848245620728,0.02168962173163891,0.010308043099939823,2.6776716399723455e-09
cent_addition_fdf84d02a27a,A,centralized,aggregation,cent_reduced,modular,groknet,gd,mse,0.006,1000,256,0.0,50.0,123,,,,,,,,,,100000,95.0,200,inf,inf,False,100.0,0.27798565570265055,100000.0,centralised,init_to_end,0.0,100000.0,0.0011227048933494278,0.21765765843812412,0.27798566222190857,0.9,0.2886774241924286,1.0157169103622437,0.27798566222190857,0.010316245257854462,3.911008191972596e-15
cent_b15f2f8f5e1d,D,centralized,d_internals,,s5,groknet,adamw,ce,0.5,1000,256,1.0,0.001,123,,,,,,,,,,40000,85.0,275,6850,6850,True,100.0,99.93056058883667,40000.0,centralised,memo_to_end,500.0,40000.0,1.7200834121633306,32.901711804273454,18.06944465637207,0.0,57.04166793823242,18.06944465637207,99.93055725097656,0.10455136001110077,7.540899332525441e-06
cent_b15f2f8f5e1d,D,centralized,d_internals,,s5,groknet,adamw,ce,0.5,1000,256,1.0,0.001,123,,,,,,,,,,40000,85.0,275,6850,6850,True,100.0,99.93056058883667,40000.0,centralised,init_to_end,0.0,40000.0,0.9195741442090823,0.3841557030129761,0.8611111044883728,0.0,99.83333587646484,0.8611111044883728,99.93055725097656,4.787499904632568,7.540899332525441e-06
cent_b2b2e7612f6d,D,centralized,d_internals,,s5,groknet,adamw,ce,0.225,1000,256,1.0,0.001,42,,,,,,,,,,150000,85.0,200,inf,inf,False,100.0,80.17920851707458,150000.0,centralised,init_to_end,0.0,150000.0,0.9306248326821791,0.3887722970794457,0.7526881694793701,0.0,77.31182861328125,0.7526881694793701,80.17920684814453,4.787499904632568,5.993669674353441e-06
cent_b3a2bb079cf6,D,centralized,d_internals,,s5,groknet,adamw,ce,0.525,1000,256,1.0,0.001,789,,,,,,,,,,40000,85.0,275,5675,5675,True,100.0,99.9707579612732,40000.0,centralised,memo_to_end,500.0,40000.0,1.7899025158094446,34.37358242180774,20.526315689086914,0.0,56.73976516723633,20.526315689086914,99.97075653076172,0.1041364073753357,7.670122613490093e-06
cent_b3a2bb079cf6,D,centralized,d_internals,,s5,groknet,adamw,ce,0.525,1000,256,1.0,0.001,789,,,,,,,,,,40000,85.0,275,5675,5675,True,100.0,99.9707579612732,40000.0,centralised,init_to_end,0.0,40000.0,0.9243898746376544,0.3861687136519662,0.7602339386940002,0.0,99.94152069091797,0.7602339386940002,99.97075653076172,4.787484645843506,7.670122613490093e-06
cent_b3ee04913499,E,centralized,aggregation,cent_reduced,mnist,mlp,adamw,mse,0.5,1000,200,0.1,0.001,456,,,,,,,,,,80000,90.0,320,1920,1920,True,100.0,92.11999773979187,80000.0,centralised,init_to_end,0.0,80000.0,0.0,0.0,10.09999942779541,0.0,15.600000381469727,10.09999942779541,92.1199951171875,775.6355590820312,5.60775447411288e-07
cent_b42db01578d5,D,centralized,d_internals,,s5,groknet,adamw,ce,0.225,1000,256,1.0,0.001,789,,,,,,,,,,150000,85.0,200,inf,inf,False,100.0,79.27418947219849,150000.0,centralised,init_to_end,0.0,150000.0,0.9307711149203897,0.38883355890254045,0.8333332538604736,0.0,76.26344299316406,0.8333332538604736,79.2741928100586,4.7874979972839355,6.031676093698479e-06
cent_b48a80abb107,D,centralized,d_internals,,s5,groknet,adamw,ce,0.275,1000,256,1.0,0.001,789,,,,,,,,,,150000,85.0,225,22950,22950,True,100.0,95.0383186340332,150000.0,centralised,init_to_end,0.0,150000.0,0.9268658792674618,0.3872024551186746,0.8333333730697632,0.0,93.40995788574219,0.8333333730697632,95.03831481933594,4.787493705749512,6.306270734057762e-06
cent_b721a28f064a,D,centralized,d_internals,,s5,groknet,adamw,ce,0.55,1000,256,1.0,0.001,123,,,,,,,,,,40000,85.0,275,1275,1275,True,100.0,100.0,40000.0,centralised,memo_to_end,500.0,40000.0,1.5948758195603658,31.579342794879604,33.36419677734375,0.0,68.68827056884766,33.36419677734375,100.0,0.10100000351667404,7.533588814112591e-06
cent_b721a28f064a,D,centralized,d_internals,,s5,groknet,adamw,ce,0.55,1000,256,1.0,0.001,123,,,,,,,,,,40000,85.0,275,1275,1275,True,100.0,100.0,40000.0,centralised,init_to_end,0.0,40000.0,0.9181235600832682,0.3835499838063782,0.84876549243927,0.0,99.98457336425781,0.84876549243927,100.0,4.787496566772461,7.533588814112591e-06
cent_b9700f3e7a52,D,centralized,aggregation,cent_reduced,s5,groknet,adamw,ce,0.03,1000,256,1.0,0.001,123,,,,,,,,,,500000,85.0,1000,inf,inf,False,100.0,0.09306987631134689,500000.0,centralised,init_to_end,0.0,500000.0,0.929933765283045,0.3884804959847034,0.07159221917390823,0.4,0.07875143736600876,0.8877434730529785,0.09306987375020981,4.78754186630249,2.2956039629207226e-06
cent_bbb70a8b5f82,C,centralized,aggregation,cent_reduced,s5,transformer,adamw,ce,0.2,1000,256,1.0,0.001,42,,,,,,,,,,400000,85.0,800,inf,inf,False,100.0,0.8333333767950535,400000.0,centralised,init_to_end,0.0,400000.0,2.6460744119165613,1.102928317428751,0.6857638955116272,0.30000000000000004,0.9982638955116272,0.8767361640930176,0.8333333730697632,4.798256874084473,1.4001914678374305e-05
cent_bd47fc556194,D,centralized,d_internals,,s5,groknet,adamw,ce,0.5,1000,256,1.0,0.001,42,,,,,,,,,,40000,85.0,275,6725,6725,True,100.0,99.93056058883667,40000.0,centralised,memo_to_end,500.0,40000.0,1.7643821074561856,33.832918646957,19.02777862548828,0.0,55.625003814697266,19.02777862548828,99.93055725097656,0.10429222881793976,7.499258572352119e-06
cent_bd47fc556194,D,centralized,d_internals,,s5,groknet,adamw,ce,0.5,1000,256,1.0,0.001,42,,,,,,,,,,40000,85.0,275,6725,6725,True,100.0,99.93056058883667,40000.0,centralised,init_to_end,0.0,40000.0,0.922334614693864,0.3853097863992807,0.625,0.0,99.8888931274414,0.625,99.93055725097656,4.78748893737793,7.499258572352119e-06
cent_bfc10d737d70,D,centralized,d_internals,,s5,groknet,adamw,ce,0.375,1000,256,1.0,0.001,42,,,,,,,,,,40000,85.0,250,13775,13775,True,100.0,99.00000095367432,40000.0,centralised,memo_to_end,500.0,40000.0,1.9208091610136762,35.84553289607472,2.844444513320923,0.0,34.155555725097656,2.844444513320923,99.0,0.10716446489095688,7.001443918852601e-06
cent_bfc10d737d70,D,centralized,d_internals,,s5,groknet,adamw,ce,0.375,1000,256,1.0,0.001,42,,,,,,,,,,40000,85.0,250,13775,13775,True,100.0,99.00000095367432,40000.0,centralised,init_to_end,0.0,40000.0,0.9273516154634311,0.3874050472799384,0.7555555701255798,0.0,98.31111145019531,0.7555555701255798,99.0,4.787497043609619,7.001443918852601e-06
cent_c39a63158c9e,D,centralized,d_internals,,s5,groknet,adamw,ce,0.55,1000,256,1.0,0.001,42,,,,,,,,,,40000,85.0,275,1250,4150,True,100.0,100.0,40000.0,centralised,memo_to_end,500.0,40000.0,1.6846252860694222,33.74064104474001,32.824073791503906,0.0,67.68518829345703,32.824073791503906,100.0,0.09984983503818512,7.502220796595793e-06
cent_c39a63158c9e,D,centralized,d_internals,,s5,groknet,adamw,ce,0.55,1000,256,1.0,0.001,42,,,,,,,,,,40000,85.0,275,1250,4150,True,100.0,100.0,40000.0,centralised,init_to_end,0.0,40000.0,0.9208880806020718,0.3847055661188823,0.6327160596847534,0.0,99.98457336425781,0.6327160596847534,100.0,4.787487983703613,7.502220796595793e-06
cent_c445ebf88f2a,E,centralized,aggregation,cent_reduced,mnist,mlp,adamw,mse,0.5,200,200,0.1,0.001,456,,,,,,,,,,80000,90.0,320,inf,inf,False,100.0,82.37999677658081,80000.0,centralised,init_to_end,0.0,80000.0,0.0,0.0,10.300000190734863,0.0,12.920000076293945,10.300000190734863,82.37999725341797,780.6605834960938,5.252672394817637e-07
cent_c761328aaeba,D,centralized,aggregation,cent_reduced,s5,groknet,adamw,ce,0.015,1000,256,1.0,0.001,123,,,,,,,,,,500000,85.0,1000,inf,inf,False,100.0,0.04230118647683412,500000.0,centralised,init_to_end,0.0,500000.0,0.927186422068917,0.3873133751615677,0.03525099158287048,0.6000000000000001,0.04230118542909622,0.8883249163627625,0.04230118542909622,4.7876057624816895,0.0001784016058081761
cent_c9e487937432,D,centralized,d_internals,,s5,groknet,adamw,ce,0.6,1000,256,1.0,0.001,1011,,,,,,,,,,40000,85.0,275,975,975,True,100.0,99.9826431274414,40000.0,centralised,memo_to_end,500.0,40000.0,1.657518955080377,33.54136419667985,43.0381965637207,0.30000000000000004,69.96527862548828,46.51041793823242,99.9826431274414,0.09882646054029465,7.859099241613876e-06
cent_c9e487937432,D,centralized,d_internals,,s5,groknet,adamw,ce,0.6,1000,256,1.0,0.001,1011,,,,,,,,,,40000,85.0,275,975,975,True,100.0,99.9826431274414,40000.0,centralised,init_to_end,0.0,40000.0,0.9189705636416878,0.3839047529339903,1.0069444179534912,0.0,100.0,1.0069444179534912,99.9826431274414,4.787484645843506,7.859099241613876e-06
cent_cb0f478bacb2,D,centralized,d_internals,,s5,groknet,adamw,ce,0.425,1000,256,1.0,0.001,42,,,,,,,,,,40000,85.0,275,10800,10800,True,100.0,99.73429441452026,40000.0,centralised,memo_to_end,500.0,40000.0,1.8924842309386805,35.0150884764842,6.002415180206299,0.0,42.59661865234375,6.002415180206299,99.73429107666016,0.10808814316987991,7.213048320409143e-06
cent_cb0f478bacb2,D,centralized,d_internals,,s5,groknet,adamw,ce,0.425,1000,256,1.0,0.001,42,,,,,,,,,,40000,85.0,275,10800,10800,True,100.0,99.73429441452026,40000.0,centralised,init_to_end,0.0,40000.0,0.9274170217239321,0.3874327011927216,0.7004830241203308,0.0,99.55313873291016,0.7004830241203308,99.73429107666016,4.787492752075195,7.213048320409143e-06
cent_cc101bbef1a2,E,centralized,aggregation,cent_reduced,mnist,mlp,adamw,mse,0.5,100,200,0.1,0.001,456,,,,,,,,,,80000,90.0,320,inf,inf,False,100.0,75.41999816894531,80000.0,centralised,init_to_end,0.0,80000.0,1.4654943925052066e-14,3.7617179543703184e-17,10.4399995803833,0.0,18.3799991607666,10.4399995803833,75.41999816894531,779.1622924804688,4.863878633187824e-09
cent_ced796f9bc0b,D,centralized,d_internals,,s5,groknet,adamw,ce,0.2,1000,256,1.0,0.001,789,,,,,,,,,,150000,85.0,200,inf,inf,False,100.0,64.33159708976746,150000.0,centralised,init_to_end,0.0,150000.0,0.9315523771623706,0.38915913676810465,0.8246527910232544,0.0,61.18055725097656,0.8246527910232544,64.33159637451172,4.787508010864258,5.831923772348091e-06
cent_d136b99a6d31,D,centralized,d_internals,,s5,groknet,adamw,ce,0.2,1000,256,1.0,0.001,123,,,,,,,,,,150000,85.0,200,inf,inf,False,100.0,64.03645873069763,150000.0,centralised,init_to_end,0.0,150000.0,0.9320923556317213,0.38938324303682736,0.8767361640930176,0.0,61.067710876464844,0.8767361640930176,64.03646087646484,4.7875261306762695,5.805019100080244e-06
cent_d7bb9f999616,D,centralized,d_internals,,s5,groknet,adamw,ce,0.575,1000,256,1.0,0.001,456,,,,,,,,,,40000,85.0,275,1100,1100,True,100.0,100.0,40000.0,centralised,memo_to_end,500.0,40000.0,1.7598171272096805,35.52410059559663,35.620914459228516,0.2,66.12745666503906,37.33660125732422,100.0,0.09906977415084839,7.590100722154602e-06
cent_d7bb9f999616,D,centralized,d_internals,,s5,groknet,adamw,ce,0.575,1000,256,1.0,0.001,456,,,,,,,,,,40000,85.0,275,1100,1100,True,100.0,100.0,40000.0,centralised,init_to_end,0.0,40000.0,0.9227566360099448,0.38548504389721705,0.8169935345649719,0.0,100.0,0.8169935345649719,100.0,4.787501811981201,7.590100722154602e-06
cent_d812a105d269,D,centralized,d_internals,,s5,groknet,adamw,ce,0.3,1000,256,1.0,0.001,42,,,,,,,,,,40000,85.0,250,19925,19925,True,100.0,97.02380895614624,40000.0,centralised,memo_to_end,500.0,40000.0,1.9072860260012021,38.178514832388,0.9722222685813904,0.0,25.22817611694336,0.9722222685813904,97.02381134033203,0.09990756958723068,6.533115538331913e-06
cent_d812a105d269,D,centralized,d_internals,,s5,groknet,adamw,ce,0.3,1000,256,1.0,0.001,42,,,,,,,,,,40000,85.0,250,19925,19925,True,100.0,97.02380895614624,40000.0,centralised,init_to_end,0.0,40000.0,0.9280620525928045,0.3877014099298089,0.7440476417541504,0.0,95.69444274902344,0.7440476417541504,97.02381134033203,4.787502765655518,6.533115538331913e-06
cent_e123ef34670e,D,centralized,d_internals,,s5,groknet,adamw,ce,0.35,1000,256,1.0,0.001,456,,,,,,,,,,40000,85.0,250,16600,16600,True,100.0,97.6602554321289,40000.0,centralised,memo_to_end,500.0,40000.0,1.8586837234537597,34.20870514046315,1.581196665763855,0.0,30.811965942382812,1.581196665763855,97.6602554321289,0.10866040736436844,6.8874555836373474e-06
cent_e123ef34670e,D,centralized,d_internals,,s5,groknet,adamw,ce,0.35,1000,256,1.0,0.001,456,,,,,,,,,,40000,85.0,250,16600,16600,True,100.0,97.6602554321289,40000.0,centralised,init_to_end,0.0,40000.0,0.9291159948289991,0.3881414762368277,0.7371795177459717,0.0,96.9017105102539,0.7371795177459717,97.6602554321289,4.787505149841309,6.8874555836373474e-06
cent_e170e8c6e090,D,centralized,d_internals,,s5,groknet,adamw,ce,0.375,1000,256,1.0,0.001,456,,,,,,,,,,40000,85.0,250,14450,14450,True,100.0,99.42222237586975,40000.0,centralised,memo_to_end,500.0,40000.0,1.8819979275680452,35.540552350022324,2.7555556297302246,0.0,34.477779388427734,2.7555556297302246,99.42222595214844,0.10590014606714249,6.926452897459967e-06
cent_e170e8c6e090,D,centralized,d_internals,,s5,groknet,adamw,ce,0.375,1000,256,1.0,0.001,456,,,,,,,,,,40000,85.0,250,14450,14450,True,100.0,99.42222237586975,40000.0,centralised,init_to_end,0.0,40000.0,0.928929682852095,0.38806360194064066,0.7444444298744202,0.0,99.17778015136719,0.7444444298744202,99.42222595214844,4.787505626678467,6.926452897459967e-06
cent_e22a1c98d0f6,D,centralized,aggregation,cent_reduced,s5,groknet,adamw,ce,0.015,1000,256,1.0,0.001,42,,,,,,,,,,500000,85.0,1000,inf,inf,False,100.0,0.00705019774613902,500000.0,centralised,init_to_end,0.0,500000.0,0.9279504877224101,0.38764536086444107,0.007050197571516037,1.0,0.02115059271454811,0.7402707934379578,0.007050197571516037,4.787445068359375,0.00018084648763760924
cent_e3c6f7dd648f,D,centralized,d_internals,,s5,groknet,adamw,ce,0.3,1000,256,1.0,0.001,1011,,,,,,,,,,40000,85.0,225,21550,21550,True,100.0,93.76984238624573,40000.0,centralised,init_to_end,0.0,40000.0,0.9308210953646272,0.388854234025378,1.0119048357009888,0.0,91.88492584228516,1.0119048357009888,93.76984405517578,4.787499904632568,6.6410921135684475e-06
cent_e5a2e40f411c,C,centralized,aggregation,cent_reduced,s5,transformer,adamw,ce,0.08,1000,256,1.0,0.001,456,,,,,,,,,,400000,85.0,800,inf,inf,False,100.0,0.2792874351143837,400000.0,centralised,init_to_end,0.0,400000.0,2.1311555318614412,0.8890224348602799,0.2792874276638031,1.0,0.7170893549919128,0.7397342920303345,0.2792874276638031,4.79433012008667,4.952275412506424e-05
cent_e7a5a5f68a2b,D,centralized,d_internals,,s5,groknet,adamw,ce,0.575,1000,256,1.0,0.001,1011,,,,,,,,,,40000,85.0,275,1100,1100,True,100.0,99.98366236686707,40000.0,centralised,memo_to_end,500.0,40000.0,1.7682752630800678,35.57339934222479,37.5,0.2,64.85294342041016,38.80718994140625,99.9836654663086,0.09940779954195023,7.791645657562185e-06
cent_e7a5a5f68a2b,D,centralized,d_internals,,s5,groknet,adamw,ce,0.575,1000,256,1.0,0.001,1011,,,,,,,,,,40000,85.0,275,1100,1100,True,100.0,99.98366236686707,40000.0,centralised,init_to_end,0.0,40000.0,0.9220590581514445,0.38519499307450616,1.062091588973999,0.0,99.93464660644531,1.062091588973999,99.9836654663086,4.787484645843506,7.791645657562185e-06
cent_ea9153c2bebd,D,centralized,d_internals,,s5,groknet,adamw,ce,0.575,1000,256,1.0,0.001,42,,,,,,,,,,40000,85.0,275,1100,1100,True,100.0,100.0,40000.0,centralised,memo_to_end,500.0,40000.0,1.797257570785223,35.91009220744105,36.48693084716797,0.2,63.12091827392578,38.59477233886719,100.0,0.10008981823921204,7.812276635377202e-06
cent_ea9153c2bebd,D,centralized,d_internals,,s5,groknet,adamw,ce,0.575,1000,256,1.0,0.001,42,,,,,,,,,,40000,85.0,275,1100,1100,True,100.0,100.0,40000.0,centralised,init_to_end,0.0,40000.0,0.9202990460112233,0.38445935421903865,0.6372548937797546,0.0,99.96732330322266,0.6372548937797546,100.0,4.787489414215088,7.812276635377202e-06
cent_f6e499c35526,D,centralized,d_internals,,s5,groknet,adamw,ce,0.6,1000,256,1.0,0.001,42,,,,,,,,,,40000,85.0,275,950,950,True,100.0,100.0,40000.0,centralised,memo_to_end,500.0,40000.0,1.5786572185468686,32.18326937663588,47.43055725097656,0.2,72.20486450195312,47.69097137451172,100.0,0.09809631109237671,7.905733582447283e-06
cent_f6e499c35526,D,centralized,d_internals,,s5,groknet,adamw,ce,0.6,1000,256,1.0,0.001,42,,,,,,,,,,40000,85.0,275,950,950,True,100.0,100.0,40000.0,centralised,init_to_end,0.0,40000.0,0.9190209036552917,0.38392532012750513,0.6597222089767456,0.0,99.9826431274414,0.6597222089767456,100.0,4.787490367889404,7.905733582447283e-06
cent_f7bff32c27a1,D,centralized,d_internals,,s5,groknet,adamw,ce,0.475,1000,256,1.0,0.001,42,,,,,,,,,,40000,85.0,275,7625,7625,True,100.0,99.97354745864868,40000.0,centralised,memo_to_end,500.0,40000.0,1.6685449770680862,31.96056631625497,13.042327880859375,0.0,56.07143020629883,13.042327880859375,99.97354888916016,0.10440544784069061,7.281305443029851e-06
cent_f7bff32c27a1,D,centralized,d_internals,,s5,groknet,adamw,ce,0.475,1000,256,1.0,0.001,42,,,,,,,,,,40000,85.0,275,7625,7625,True,100.0,99.97354745864868,40000.0,centralised,init_to_end,0.0,40000.0,0.9239443392747493,0.3859823127146829,0.6878306865692139,0.0,99.90740966796875,0.6878306865692139,99.97354888916016,4.7874884605407715,7.281305443029851e-06
cent_fa3e121580b2,D,centralized,d_internals,,s5,groknet,adamw,ce,0.225,1000,256,1.0,0.001,123,,,,,,,,,,150000,85.0,225,inf,inf,False,100.0,80.43010234832764,150000.0,centralised,init_to_end,0.0,150000.0,0.9346855318161493,0.39046777654939335,0.8870967626571655,0.0,77.74193572998047,0.8870967626571655,80.43009948730469,4.787510871887207,5.988408247503685e-06
cent_fb645f4ea9af,D,centralized,d_internals,,s5,groknet,adamw,ce,0.25,1000,256,1.0,0.001,456,,,,,,,,,,150000,85.0,225,36150,36150,True,100.0,90.16666412353516,150000.0,centralised,init_to_end,0.0,150000.0,0.9307883447269436,0.38883943137437105,0.7129629850387573,0.0,87.9259262084961,0.7129629850387573,90.16666412353516,4.7875142097473145,6.137338004919002e-06
cent_fb9027bf217e,D,centralized,d_internals,,s5,groknet,adamw,ce,0.325,1000,256,1.0,0.001,1011,,,,,,,,,,40000,85.0,250,19275,19275,True,100.0,96.55349850654602,40000.0,centralised,memo_to_end,500.0,40000.0,1.9211494985629542,36.96932716125246,1.2448559999465942,0.0,27.283950805664062,1.2448559999465942,96.55349731445312,0.10392532497644424,6.7531045715441e-06
cent_fb9027bf217e,D,centralized,d_internals,,s5,groknet,adamw,ce,0.325,1000,256,1.0,0.001,1011,,,,,,,,,,40000,85.0,250,19275,19275,True,100.0,96.55349850654602,40000.0,centralised,init_to_end,0.0,40000.0,0.9298300034112801,0.38844011493368547,1.008230447769165,0.0,95.23662567138672,1.008230447769165,96.55349731445312,4.787500858306885,6.7531045715441e-06
cent_fc148a11dd34,D,centralized,d_internals,,s5,groknet,adamw,ce,0.525,1000,256,1.0,0.001,123,,,,,,,,,,40000,85.0,275,5875,5875,True,100.0,99.9707579612732,40000.0,centralised,memo_to_end,500.0,40000.0,1.7515530663924437,33.502926607069575,21.900583267211914,0.0,58.07017517089844,21.900583267211914,99.97075653076172,0.10455356538295746,7.632325832673814e-06
cent_fc148a11dd34,D,centralized,d_internals,,s5,groknet,adamw,ce,0.525,1000,256,1.0,0.001,123,,,,,,,,,,40000,85.0,275,5875,5875,True,100.0,99.9707579612732,40000.0,centralised,init_to_end,0.0,40000.0,0.9218170634058884,0.38509283736592753,0.8333332538604736,0.0,99.89765930175781,0.8333332538604736,99.97075653076172,4.7874979972839355,7.632325832673814e-06
cent_fdea19dd2e26,D,centralized,d_internals,,s5,groknet,adamw,ce,0.6,1000,256,1.0,0.001,789,,,,,,,,,,40000,85.0,275,950,950,True,100.0,100.0,40000.0,centralised,memo_to_end,500.0,40000.0,1.6342668723315001,33.41438223733744,43.95833206176758,0.2,71.42361450195312,45.34722137451172,100.0,0.09781034290790558,7.827766239643097e-06
cent_fdea19dd2e26,D,centralized,d_internals,,s5,groknet,adamw,ce,0.6,1000,256,1.0,0.001,789,,,,,,,,,,40000,85.0,275,950,950,True,100.0,100.0,40000.0,centralised,init_to_end,0.0,40000.0,0.9186078906990591,0.3837533233735937,0.7118055820465088,0.0,100.0,0.7118055820465088,100.0,4.7874836921691895,7.827766239643097e-06
cent_fecb3126bf66,D,centralized,d_internals,,s5,groknet,adamw,ce,0.475,1000,256,1.0,0.001,123,,,,,,,,,,40000,85.0,275,8725,8725,True,100.0,99.98677372932434,40000.0,centralised,memo_to_end,500.0,40000.0,1.8298286845090843,34.40543307966595,12.076720237731934,0.0,52.12963104248047,12.076720237731934,99.98677062988281,0.10636132955551147,7.259397989400895e-06
cent_fecb3126bf66,D,centralized,d_internals,,s5,groknet,adamw,ce,0.475,1000,256,1.0,0.001,123,,,,,,,,,,40000,85.0,275,8725,8725,True,100.0,99.98677372932434,40000.0,centralised,init_to_end,0.0,40000.0,0.9264555133732304,0.3870301748716199,0.8465608358383179,0.0,99.97354888916016,0.8465608358383179,99.98677062988281,4.787503242492676,7.259397989400895e-06
fede_0065153e5264,D,federated,setup_k_ladder,,s5,groknet,adamw,ce,0.3,1000,256,1.0,0.001,456,50,5,1.0,iid,0.5,fedavg,1.0,0.0,20000,10000,85.0,inf,inf,inf,False,70.99536657333374,20.863094925880432,100000.0,K,init_to_end,0.0,100000.0,0.4332379341125492,0.10401058553031921,0.7440476417541504,0.0,15.515872955322266,0.7440476417541504,20.863094329833984,4.787515163421631,3.543135643005371
fede_0065153e5264,D,federated,setup_k_ladder,,s5,groknet,adamw,ce,0.3,1000,256,1.0,0.001,456,50,5,1.0,iid,0.5,fedavg,1.0,0.0,20000,10000,85.0,inf,inf,inf,False,70.99536657333374,20.863094925880432,100000.0,K,fed_to_twin,100000.0,100000.0,1.3662684268159868,0.771218507774687,16.299604415893555,0.2,55.2976188659668,20.863094329833984,94.68254089355469,3.543135643005371,6.574258804903366e-06
fede_00a92ebfc771,E,federated,participation_setups,,mnist,mlp,adamw,mse,0.5,2000,200,0.1,0.001,123,20,5,0.5,iid,0.5,fedavg,1.0,0.0,16000,10000,90.0,600.0,6200.0,inf,False,100.0,82.77999758720398,40000.0,f,init_to_end,0.0,40000.0,0.0,0.0,9.4399995803833,0.0,30.260000228881836,9.4399995803833,82.77999877929688,599.0208129882812,0.0002287791867274791
fede_00a92ebfc771,E,federated,participation_setups,,mnist,mlp,adamw,mse,0.5,2000,200,0.1,0.001,123,20,5,0.5,iid,0.5,fedavg,1.0,0.0,16000,10000,90.0,600.0,6200.0,inf,False,100.0,82.77999758720398,40000.0,f,fed_to_twin,40000.0,40000.0,0.04513911574554186,388.73869809503424,78.5999984741211,0.4,79.1199951171875,82.77999877929688,93.0999984741211,0.0002287791867274791,3.45452690453385e-06
fede_012f831aaa57,D,federated,local_epochs,,s5,groknet,adamw,ce,0.3,1000,256,1.0,0.001,456,10,25,1.0,iid,0.5,fedavg,1.0,0.0,10000,10000,85.0,2700.0,87400.0,95100.0,True,100.0,86.91468238830566,250000.0,E,init_to_end,0.0,250000.0,1.174581153318286,0.4898997993253518,0.7440476417541504,0.0,84.46428680419922,0.7440476417541504,86.91468048095703,4.787515163421631,0.007674199528992176
fede_012f831aaa57,D,federated,local_epochs,,s5,groknet,adamw,ce,0.3,1000,256,1.0,0.001,456,10,25,1.0,iid,0.5,fedavg,1.0,0.0,10000,10000,85.0,2700.0,87400.0,95100.0,True,100.0,86.91468238830566,250000.0,E,fed_to_twin,250000.0,250000.0,1.6746749382848065,436.0719553619171,49.93055725097656,0.4,50.9523811340332,86.91468048095703,95.29762268066406,0.007674199528992176,6.5280100898235105e-06
fede_014e47b34820,D,federated,local_epochs,,s5,groknet,adamw,ce,0.3,1000,256,1.0,0.001,42,10,50,1.0,iid,0.5,fedavg,1.0,0.0,5000,10000,85.0,3500.0,inf,inf,False,100.0,80.83333373069763,250000.0,E,init_to_end,0.0,250000.0,1.32154059112072,0.5444151634091999,0.7440476417541504,0.0,77.09325408935547,0.7440476417541504,80.83333587646484,4.787502765655518,0.06739724427461624
fede_014e47b34820,D,federated,local_epochs,,s5,groknet,adamw,ce,0.3,1000,256,1.0,0.001,42,10,50,1.0,iid,0.5,fedavg,1.0,0.0,5000,10000,85.0,3500.0,inf,inf,False,100.0,80.83333373069763,250000.0,E,fed_to_twin,250000.0,250000.0,2.0822278367677427,61.783836008941634,48.125,0.4,55.376983642578125,80.83333587646484,97.55952453613281,0.06739724427461624,6.399502581189154e-06
fede_02be8aa7ffc7,E,federated,aggregation,fl,mnist,mlp,adamw,mse,0.5,2000,200,0.1,0.001,123,20,5,1.0,iid,0.5,fedavg,1.0,0.0,8000,10000,90.0,1300.0,11200.0,11200.0,True,100.0,94.11999583244324,40000.0,K,init_to_end,0.0,40000.0,0.0,0.0,9.4399995803833,0.0,39.839996337890625,9.4399995803833,94.1199951171875,599.0208129882812,7.124785770429298e-05
fede_02be8aa7ffc7,E,federated,aggregation,fl,mnist,mlp,adamw,mse,0.5,2000,200,0.1,0.001,123,20,5,1.0,iid,0.5,fedavg,1.0,0.0,8000,10000,90.0,1300.0,11200.0,11200.0,True,100.0,94.11999583244324,40000.0,K,fed_to_twin,40000.0,40000.0,0.03137176713221379,839.9134056158872,88.58000183105469,0.6000000000000001,90.0999984741211,94.1199951171875,93.0999984741211,7.124785770429298e-05,3.45452690453385e-06
fede_0381a1732454,C,federated,participation_setups,,s5,transformer,adamw,ce,0.5,1000,256,1.0,0.001,456,20,5,0.25,iid,0.5,fedavg,1.0,0.0,160000,10000,85.0,1200.0,1200.0,1200.0,True,100.0,100.0,200000.0,f,init_to_end,0.0,200000.0,2.124426632027962,0.8858813339484605,0.5972222685813904,0.1,4.25,0.6666666865348816,100.0,4.796187400817871,4.194157554593403e-07
fede_0381a1732454,C,federated,participation_setups,,s5,transformer,adamw,ce,0.5,1000,256,1.0,0.001,456,20,5,0.25,iid,0.5,fedavg,1.0,0.0,160000,10000,85.0,1200.0,1200.0,1200.0,True,100.0,100.0,200000.0,f,fed_to_twin,100000.0,100000.0,4.3846119963077115,1280183.374248549,10.625,0.5,10.625,100.0,100.0,6.510213665933406e-07,6.198953542480012e-06
fede_03c7644600b6,D,federated,dirichlet_setups,,s5,groknet,adamw,ce,0.3,1000,256,1.0,0.001,42,10,5,1.0,dirichlet,0.01,fedavg,1.0,0.0,50000,10000,85.0,inf,inf,inf,False,3.0092591419816017,0.43650795705616474,250000.0,dirichlet,init_to_end,0.0,250000.0,0.02222299575805664,0.004675831115060059,0.4067460596561432,0.9,0.535714328289032,0.7440476417541504,0.4365079700946808,4.787502765655518,4.717971324920654
fede_03c7644600b6,D,federated,dirichlet_setups,,s5,groknet,adamw,ce,0.3,1000,256,1.0,0.001,42,10,5,1.0,dirichlet,0.01,fedavg,1.0,0.0,50000,10000,85.0,inf,inf,inf,False,3.0092591419816017,0.43650795705616474,250000.0,dirichlet,fed_to_twin,250000.0,250000.0,1.0451683396249338,0.44305776782899237,0.4365079700946808,0.0,8.591269493103027,0.4365079700946808,97.55952453613281,4.717971324920654,6.399502581189154e-06
fede_03e0dc917f0e,E,federated,aggregation_alpha2,fl,mnist,mlp,adamw,mse,0.5,4000,200,0.1,0.001,456,5,5,1.0,iid,0.5,fedavg,1.0,0.0,8000,10000,90.0,2500.0,inf,inf,False,99.9000072479248,86.49999499320984,40000.0,K,memo_to_end,4000.0,40000.0,0.0071557883493369445,10.808151638967642,86.49999237060547,1.0,88.95999908447266,89.80000305175781,86.49999237060547,0.0008928335155360401,0.0004313130339141935
fede_03e0dc917f0e,E,federated,aggregation_alpha2,fl,mnist,mlp,adamw,mse,0.5,4000,200,0.1,0.001,456,5,5,1.0,iid,0.5,fedavg,1.0,0.0,8000,10000,90.0,2500.0,inf,inf,False,99.9000072479248,86.49999499320984,40000.0,K,init_to_end,0.0,40000.0,0.0,0.0,9.4399995803833,0.1,16.18000030517578,9.559999465942383,86.49999237060547,769.6767578125,0.0004313130339141935
fede_048f4ed1499a,C,federated,dirichlet_setups,,s5,transformer,adamw,ce,0.4,1000,256,1.0,0.001,42,10,5,1.0,dirichlet,1000.0,fedavg,1.0,0.0,40000,10000,85.0,2700.0,29100.0,29100.0,True,100.0,100.0,200000.0,dirichlet,init_to_end,0.0,200000.0,2.470659692163918,1.0300219640841934,0.798611044883728,0.2,1.1574074029922485,0.9259259104728699,100.0,4.797294616699219,5.44594968232559e-07
fede_048f4ed1499a,C,federated,dirichlet_setups,,s5,transformer,adamw,ce,0.4,1000,256,1.0,0.001,42,10,5,1.0,dirichlet,1000.0,fedavg,1.0,0.0,40000,10000,85.0,2700.0,29100.0,29100.0,True,100.0,100.0,200000.0,dirichlet,fed_to_twin,100000.0,100000.0,4.373802404013674,961398.5446071251,10.833333015441895,0.5,10.833333015441895,100.0,100.0,6.317047223092231e-07,8.46712828206364e-06
fede_054d40230c3e,C,federated,local_epochs,,s5,transformer,adamw,ce,0.5,1000,256,1.0,0.001,456,10,25,1.0,iid,0.5,fedavg,1.0,0.0,8000,10000,85.0,24900.0,25400.0,25400.0,True,100.0,100.0,200000.0,E,memo_to_end,20000.0,200000.0,3.5867945641220103,3.1954632427576986,0.875,0.30000000000000004,2.6944446563720703,1.1111111640930176,100.0,2.2449288368225098,4.843025180889526e-07
fede_054d40230c3e,C,federated,local_epochs,,s5,transformer,adamw,ce,0.5,1000,256,1.0,0.001,456,10,25,1.0,iid,0.5,fedavg,1.0,0.0,8000,10000,85.0,24900.0,25400.0,25400.0,True,100.0,100.0,200000.0,E,init_to_end,0.0,200000.0,2.207401987157823,0.9204818660278213,0.6666666865348816,0.0,4.56944465637207,0.6666666865348816,100.0,4.796187400817871,4.843025180889526e-07
fede_054d40230c3e,C,federated,local_epochs,,s5,transformer,adamw,ce,0.5,1000,256,1.0,0.001,456,10,25,1.0,iid,0.5,fedavg,1.0,0.0,8000,10000,85.0,24900.0,25400.0,25400.0,True,100.0,100.0,200000.0,E,fed_to_twin,100000.0,100000.0,4.461143373939507,1290252.8581983163,9.861111640930176,0.5,9.861111640930176,100.0,100.0,7.16192346317257e-07,6.198953542480012e-06
fede_066383d70dda,E,federated,local_epochs,,mnist,mlp,adamw,mse,0.5,2000,200,0.1,0.001,123,10,50,1.0,iid,0.5,fedavg,1.0,0.0,400,10000,90.0,2000.0,4600.0,4600.0,True,100.0,94.11999583244324,20000.0,E,memo_to_end,2000.0,20000.0,0.016517499263864012,1.2975518370900818,59.63999557495117,0.0,86.47999572753906,59.63999557495117,94.1199951171875,0.02514640986919403,0.0003130728146061301
fede_066383d70dda,E,federated,local_epochs,,mnist,mlp,adamw,mse,0.5,2000,200,0.1,0.001,123,10,50,1.0,iid,0.5,fedavg,1.0,0.0,400,10000,90.0,2000.0,4600.0,4600.0,True,100.0,94.11999583244324,20000.0,E,init_to_end,0.0,20000.0,0.0,0.0,9.4399995803833,0.0,42.7599983215332,9.4399995803833,94.1199951171875,599.0208129882812,0.0003130728146061301
fede_066383d70dda,E,federated,local_epochs,,mnist,mlp,adamw,mse,0.5,2000,200,0.1,0.001,123,10,50,1.0,iid,0.5,fedavg,1.0,0.0,400,10000,90.0,2000.0,4600.0,4600.0,True,100.0,94.11999583244324,20000.0,E,fed_to_twin,20000.0,20000.0,0.030380613438592264,191.78795960906947,87.0,0.4,87.83999633789062,94.1199951171875,93.57999420166016,0.0003130728146061301,3.7417914882098557e-06
fede_06a30175d8cc,C,federated,partitions,,s5,transformer,adamw,ce,0.4,1000,256,1.0,0.001,123,10,5,1.0,operand,0.5,fedavg,1.0,0.0,40000,10000,85.0,5500.0,14100.0,14100.0,True,100.0,100.0,200000.0,partition,init_to_end,0.0,200000.0,2.2853582678269624,0.9525088834449013,0.983796238899231,0.1,3.587963104248047,1.064814805984497,100.0,4.798606872558594,9.043297382049786e-07
fede_06a30175d8cc,C,federated,partitions,,s5,transformer,adamw,ce,0.4,1000,256,1.0,0.001,123,10,5,1.0,operand,0.5,fedavg,1.0,0.0,40000,10000,85.0,5500.0,14100.0,14100.0,True,100.0,100.0,200000.0,partition,fed_to_twin,100000.0,100000.0,4.567904262997018,1761262.4184217036,4.456018447875977,0.5,4.456018447875977,100.0,100.0,7.15542626039678e-07,4.471537067729514e-06
fede_0701e6bbab77,E,federated,aggregation_alpha2,fl,mnist,mlp,adamw,mse,0.5,4000,200,0.1,0.001,42,20,5,1.0,iid,0.5,fedavg,1.0,0.0,8000,10000,90.0,2680.0,1119.5,inf,False,99.32500720024109,84.71999764442444,11832.0,K,memo_to_end,2353.5,11832.0,0.015415779408067464,2.850282937111459,84.72000122070312,1.0,89.04000091552734,93.81999969482422,84.72000122070312,0.004400832112878561,0.006416184827685356
fede_0701e6bbab77,E,federated,aggregation_alpha2,fl,mnist,mlp,adamw,mse,0.5,4000,200,0.1,0.001,42,20,5,1.0,iid,0.5,fedavg,1.0,0.0,8000,10000,90.0,2680.0,1119.5,inf,False,99.32500720024109,84.71999764442444,11832.0,K,init_to_end,0.0,11832.0,0.0,0.0,10.480000495910645,0.0,29.85999870300293,10.480000495910645,84.72000122070312,847.71337890625,0.006416184827685356
fede_09136278d117,E,federated,aggregation,fl,mnist,mlp,adamw,mse,0.5,2000,200,0.1,0.001,456,10,5,1.0,iid,0.5,fedavg,1.0,0.0,8000,10000,90.0,600.0,5100.0,inf,False,100.0,81.19999766349792,40000.0,K,init_to_end,0.0,40000.0,0.0,0.0,9.899999618530273,0.0,30.079999923706055,9.899999618530273,81.19999694824219,770.26806640625,0.0001638487883610651
fede_09136278d117,E,federated,aggregation,fl,mnist,mlp,adamw,mse,0.5,2000,200,0.1,0.001,456,10,5,1.0,iid,0.5,fedavg,1.0,0.0,8000,10000,90.0,600.0,5100.0,inf,False,100.0,81.19999766349792,40000.0,K,fed_to_twin,40000.0,40000.0,0.05057321500990497,614.08893261754,75.0,0.5,75.0,81.19999694824219,94.36000061035156,0.0001638487883610651,8.609542305748619e-07
fede_097b7f8ef686,E,federated,dirichlet_setups,,mnist,mlp,adamw,mse,0.5,2000,200,0.1,0.001,123,10,5,1.0,dirichlet,10.0,fedavg,1.0,0.0,8000,10000,90.0,600.0,4400.0,inf,False,100.0,78.79999876022339,40000.0,dirichlet,init_to_end,0.0,40000.0,0.0,0.0,9.4399995803833,0.0,30.799999237060547,9.4399995803833,78.79999542236328,599.0208129882812,0.0002481132105458528
fede_097b7f8ef686,E,federated,dirichlet_setups,,mnist,mlp,adamw,mse,0.5,2000,200,0.1,0.001,123,10,5,1.0,dirichlet,10.0,fedavg,1.0,0.0,8000,10000,90.0,600.0,4400.0,inf,False,100.0,78.79999876022339,40000.0,dirichlet,fed_to_twin,40000.0,40000.0,0.03917220663220178,311.4247242449139,76.33999633789062,0.4,77.19999694824219,78.79999542236328,93.0999984741211,0.0002481132105458528,3.45452690453385e-06
fede_0a6c96e725bb,D,federated,aggregation,fl,s5,groknet,adamw,ce,0.3,1000,256,1.0,0.001,456,2,5,1.0,iid,0.5,fedavg,1.0,0.0,50000,10000,85.0,700.0,23000.0,23000.0,True,100.0,95.71428894996643,250000.0,K,init_to_end,0.0,250000.0,0.9009261534632973,0.37636419836321355,0.7440476417541504,0.0,94.12698364257812,0.7440476417541504,95.71428680419922,4.787515163421631,7.971782906679437e-06
fede_0a6c96e725bb,D,federated,aggregation,fl,s5,groknet,adamw,ce,0.3,1000,256,1.0,0.001,456,2,5,1.0,iid,0.5,fedavg,1.0,0.0,50000,10000,85.0,700.0,23000.0,23000.0,True,100.0,95.71428894996643,250000.0,K,fed_to_twin,250000.0,250000.0,1.0627212743115706,146584.33738576504,55.53571701049805,0.5,55.53571701049805,95.71428680419922,95.29762268066406,7.971782906679437e-06,6.5280100898235105e-06
fede_0a9e0d6ed059,E,federated,local_epochs,,mnist,mlp,adamw,mse,0.5,2000,200,0.1,0.001,123,10,25,1.0,iid,0.5,fedavg,1.0,0.0,800,10000,90.0,1300.0,4100.0,4100.0,True,100.0,92.10000038146973,20000.0,E,memo_to_end,2000.0,20000.0,0.029506536225380842,5.4535249513691815,70.19999694824219,0.0,81.6199951171875,70.19999694824219,92.0999984741211,0.01072741486132145,9.367296297568828e-05
fede_0a9e0d6ed059,E,federated,local_epochs,,mnist,mlp,adamw,mse,0.5,2000,200,0.1,0.001,123,10,25,1.0,iid,0.5,fedavg,1.0,0.0,800,10000,90.0,1300.0,4100.0,4100.0,True,100.0,92.10000038146973,20000.0,E,init_to_end,0.0,20000.0,0.0,0.0,9.4399995803833,0.0,37.91999816894531,9.4399995803833,92.0999984741211,599.0208129882812,9.367296297568828e-05
fede_0a9e0d6ed059,E,federated,local_epochs,,mnist,mlp,adamw,mse,0.5,2000,200,0.1,0.001,123,10,25,1.0,iid,0.5,fedavg,1.0,0.0,800,10000,90.0,1300.0,4100.0,4100.0,True,100.0,92.10000038146973,20000.0,E,fed_to_twin,20000.0,20000.0,0.03479887996979869,714.4478300295905,85.5199966430664,0.5,85.5199966430664,92.0999984741211,93.57999420166016,9.367296297568828e-05,3.7417914882098557e-06
fede_0e0dd7402961,E,federated,dirichlet_setups,,mnist,mlp,adamw,mse,0.5,2000,200,0.1,0.001,42,10,5,1.0,dirichlet,1.0,fedavg,1.0,0.0,8000,10000,90.0,600.0,3800.0,3800.0,True,100.0,94.25999522209167,40000.0,dirichlet,init_to_end,0.0,40000.0,0.0,0.0,10.119999885559082,0.0,27.87999725341797,10.119999885559082,94.25999450683594,838.573974609375,9.280875383410603e-05
fede_0e0dd7402961,E,federated,dirichlet_setups,,mnist,mlp,adamw,mse,0.5,2000,200,0.1,0.001,42,10,5,1.0,dirichlet,1.0,fedavg,1.0,0.0,8000,10000,90.0,600.0,3800.0,3800.0,True,100.0,94.25999522209167,40000.0,dirichlet,fed_to_twin,40000.0,40000.0,0.05131590965970645,1026.5768960299552,79.89999389648438,0.4,80.87999725341797,94.25999450683594,95.13999938964844,9.280875383410603e-05,7.166045634221518e-06
fede_0fa5cbdfc69b,C,federated,aggregation,fl,s5,transformer,adamw,ce,0.4,1000,256,1.0,0.001,456,20,5,1.0,iid,0.5,fedavg,1.0,0.0,40000,10000,85.0,12100.0,12600.0,12600.0,True,100.0,100.0,200000.0,K,memo_to_end,20000.0,200000.0,3.4087988989326874,12508662.154179562,15.891202926635742,0.5,15.891202926635742,100.0,100.0,2.8301838028710335e-07,2.620117527385446e-07
fede_0fa5cbdfc69b,C,federated,aggregation,fl,s5,transformer,adamw,ce,0.4,1000,256,1.0,0.001,456,20,5,1.0,iid,0.5,fedavg,1.0,0.0,40000,10000,85.0,12100.0,12600.0,12600.0,True,100.0,100.0,200000.0,K,init_to_end,0.0,200000.0,2.258941683918437,0.9420562721923655,0.7754629254341125,0.0,2.5462963581085205,0.7754629254341125,100.0,4.795767784118652,2.620117527385446e-07
fede_0fa5cbdfc69b,C,federated,aggregation,fl,s5,transformer,adamw,ce,0.4,1000,256,1.0,0.001,456,20,5,1.0,iid,0.5,fedavg,1.0,0.0,40000,10000,85.0,12100.0,12600.0,12600.0,True,100.0,100.0,200000.0,K,fed_to_twin,100000.0,100000.0,4.455566812539658,616849.2484429026,8.05555534362793,0.5,8.05555534362793,100.0,100.0,2.148040891825076e-07,1.4231405657483265e-05
fede_0fb23157b888,E,federated,aggregation,fl,mnist,mlp,adamw,mse,0.5,2000,200,0.1,0.001,42,5,5,1.0,iid,0.5,fedavg,1.0,0.0,8000,10000,90.0,300.0,2700.0,inf,False,100.0,83.12000036239624,40000.0,K,init_to_end,0.0,40000.0,0.0,0.0,10.119999885559082,0.0,28.0,10.119999885559082,83.12000274658203,838.573974609375,0.0001236868993146345
fede_0fb23157b888,E,federated,aggregation,fl,mnist,mlp,adamw,mse,0.5,2000,200,0.1,0.001,42,5,5,1.0,iid,0.5,fedavg,1.0,0.0,8000,10000,90.0,300.0,2700.0,inf,False,100.0,83.12000036239624,40000.0,K,fed_to_twin,40000.0,40000.0,0.05455065536452821,833.7703883676348,72.22000122070312,0.5,72.22000122070312,83.12000274658203,95.13999938964844,0.0001236868993146345,7.166045634221518e-06
fede_1072660e679c,E,federated,dirichlet_setups,,mnist,mlp,adamw,mse,0.5,2000,200,0.1,0.001,456,10,5,1.0,dirichlet,1.0,fedavg,1.0,0.0,8000,10000,90.0,700.0,4900.0,inf,False,100.0,88.89999985694885,40000.0,dirichlet,init_to_end,0.0,40000.0,0.0,0.0,9.079999923706055,0.30000000000000004,14.720000267028809,9.899999618530273,88.9000015258789,770.26806640625,0.0001636564265936613
fede_1072660e679c,E,federated,dirichlet_setups,,mnist,mlp,adamw,mse,0.5,2000,200,0.1,0.001,456,10,5,1.0,dirichlet,1.0,fedavg,1.0,0.0,8000,10000,90.0,700.0,4900.0,inf,False,100.0,88.89999985694885,40000.0,dirichlet,fed_to_twin,40000.0,40000.0,0.048179197501127646,585.7034346127889,80.75999450683594,0.5,80.75999450683594,88.9000015258789,94.36000061035156,0.0001636564265936613,8.609542305748619e-07
fede_11496e3ffa46,D,federated,dirichlet_setups,,s5,groknet,adamw,ce,0.3,1000,256,1.0,0.001,42,10,5,1.0,dirichlet,1000.0,fedavg,1.0,0.0,50000,10000,85.0,2400.0,44000.0,44000.0,True,100.0,90.44643044471741,250000.0,dirichlet,init_to_end,0.0,250000.0,0.9790814779531507,0.4090056635964131,0.7440476417541504,0.0,88.03571319580078,0.7440476417541504,90.4464340209961,4.787502765655518,0.0001154269339167513
fede_11496e3ffa46,D,federated,dirichlet_setups,,s5,groknet,adamw,ce,0.3,1000,256,1.0,0.001,42,10,5,1.0,dirichlet,1000.0,fedavg,1.0,0.0,50000,10000,85.0,2400.0,44000.0,44000.0,True,100.0,90.44643044471741,250000.0,dirichlet,fed_to_twin,250000.0,250000.0,1.2249724892246832,20110.125920746144,54.632938385009766,0.5,54.632938385009766,90.4464340209961,97.55952453613281,0.0001154269339167513,6.399502581189154e-06
fede_12680da70c57,C,federated,local_epochs,,s5,transformer,adamw,ce,0.5,1000,256,1.0,0.001,123,10,10,1.0,iid,0.5,fedavg,1.0,0.0,20000,10000,85.0,7800.0,13700.0,13700.0,True,100.0,100.0,200000.0,E,init_to_end,0.0,200000.0,2.1784845490341525,0.908300496745657,0.9861111640930176,0.2,3.1111111640930176,1.0,100.0,4.7968363761901855,2.584685603324033e-07
fede_12680da70c57,C,federated,local_epochs,,s5,transformer,adamw,ce,0.5,1000,256,1.0,0.001,123,10,10,1.0,iid,0.5,fedavg,1.0,0.0,20000,10000,85.0,7800.0,13700.0,13700.0,True,100.0,100.0,200000.0,E,fed_to_twin,100000.0,100000.0,4.53613884332762,7033944.694757207,5.361111164093018,0.5,5.361111164093018,100.0,100.0,8.74009742801718e-07,4.157754460720753e-07
fede_12de12a01d57,C,federated,partitions,,s5,transformer,adamw,ce,0.4,1000,256,1.0,0.001,42,10,5,1.0,operand,0.5,fedavg,1.0,0.0,40000,10000,85.0,4700.0,9200.0,9200.0,True,100.0,100.0,200000.0,partition,init_to_end,0.0,200000.0,2.1975244405473333,0.9161515054099548,0.7291666865348816,0.2,3.6111109256744385,0.9259259104728699,100.0,4.797294616699219,2.14059141967482e-07
fede_12de12a01d57,C,federated,partitions,,s5,transformer,adamw,ce,0.4,1000,256,1.0,0.001,42,10,5,1.0,operand,0.5,fedavg,1.0,0.0,40000,10000,85.0,4700.0,9200.0,9200.0,True,100.0,100.0,200000.0,partition,fed_to_twin,100000.0,100000.0,4.486606924702414,1010139.966456445,5.231481552124023,0.5,5.231481552124023,100.0,100.0,4.160108346695779e-07,8.46712828206364e-06
fede_137ae438719a,D,federated,participation_setups,,s5,groknet,adamw,ce,0.3,1000,256,1.0,0.001,42,20,5,0.25,iid,0.5,fedavg,1.0,0.0,200000,10000,85.0,4000.0,23200.0,26600.0,True,100.0,93.27381253242493,250000.0,f,init_to_end,0.0,250000.0,1.3978151082992554,0.5641925665608745,0.7440476417541504,0.0,90.29762268066406,0.7440476417541504,93.27381134033203,4.787502765655518,0.16759657859802246
fede_137ae438719a,D,federated,participation_setups,,s5,groknet,adamw,ce,0.3,1000,256,1.0,0.001,42,20,5,0.25,iid,0.5,fedavg,1.0,0.0,200000,10000,85.0,4000.0,23200.0,26600.0,True,100.0,93.27381253242493,250000.0,f,fed_to_twin,250000.0,250000.0,2.264394679884026,27.020936090107227,52.787696838378906,0.4,59.1170654296875,93.27381134033203,97.55952453613281,0.16759657859802246,6.399502581189154e-06
fede_15a3b0fd7605,E,federated,aggregation_alpha2,fl,mnist,mlp,adamw,mse,0.5,4000,200,0.1,0.001,123,5,5,1.0,iid,0.5,fedavg,1.0,0.0,8000,10000,90.0,1800.0,inf,inf,False,99.85000491142273,85.17999649047852,30151.0,K,init_to_end,0.0,30151.0,0.0,0.0,9.179999351501465,0.0,18.5,9.179999351501465,85.17999267578125,591.37548828125,0.007136906962841749
fede_17949931592e,D,federated,e50_long,,s5,groknet,adamw,ce,0.3,1000,256,1.0,0.001,42,10,50,1.0,iid,0.5,fedavg,1.0,0.0,40000,10000,85.0,3500.0,inf,inf,False,100.0,80.54563403129578,2000000.0,E,init_to_end,0.0,2000000.0,1.3352640807628635,0.550688632148958,0.7440476417541504,0.0,76.42857360839844,0.7440476417541504,80.5456314086914,4.787502765655518,0.06193120777606964
fede_17949931592e,D,federated,e50_long,,s5,groknet,adamw,ce,0.3,1000,256,1.0,0.001,42,10,50,1.0,iid,0.5,fedavg,1.0,0.0,40000,10000,85.0,3500.0,inf,inf,False,100.0,80.54563403129578,2000000.0,E,fed_to_twin,200000.0,200000.0,2.053773184151578,59.717739497539874,47.261905670166016,0.4,55.783729553222656,79.21627044677734,97.43055725097656,0.06877627968788147,6.4036967160063796e-06
fede_181005dce48e,D,federated,participation_setups,,s5,groknet,adamw,ce,0.3,1000,256,1.0,0.001,42,20,5,0.5,iid,0.5,fedavg,1.0,0.0,100000,10000,85.0,7500.0,53400.0,56000.0,True,100.0,88.53174448013306,250000.0,f,init_to_end,0.0,250000.0,1.392746314406395,0.5592969575495511,0.7440476417541504,0.0,84.52381134033203,0.7440476417541504,88.53174591064453,4.787502765655518,0.1928437054157257
fede_181005dce48e,D,federated,participation_setups,,s5,groknet,adamw,ce,0.3,1000,256,1.0,0.001,42,20,5,0.5,iid,0.5,fedavg,1.0,0.0,100000,10000,85.0,7500.0,53400.0,56000.0,True,100.0,88.53174448013306,250000.0,f,fed_to_twin,250000.0,250000.0,2.2276657076874473,23.102561532243993,50.91270065307617,0.4,59.3055534362793,88.53174591064453,97.55952453613281,0.1928437054157257,6.399502581189154e-06
fede_1a89b40d9a93,E,federated,partitions,,mnist,mlp,adamw,mse,0.5,2000,200,0.1,0.001,42,10,5,1.0,dirichlet,0.5,fedavg,1.0,0.0,8000,10000,90.0,700.0,3500.0,3500.0,True,100.0,94.05999779701233,40000.0,partition,init_to_end,0.0,40000.0,0.0,0.0,10.119999885559082,0.0,27.280000686645508,10.119999885559082,94.05999755859375,838.573974609375,0.0001560193777550012
fede_1a89b40d9a93,E,federated,partitions,,mnist,mlp,adamw,mse,0.5,2000,200,0.1,0.001,42,10,5,1.0,dirichlet,0.5,fedavg,1.0,0.0,8000,10000,90.0,700.0,3500.0,3500.0,True,100.0,94.05999779701233,40000.0,partition,fed_to_twin,40000.0,40000.0,0.05452466988276683,668.2541706279363,81.9000015258789,0.5,81.9000015258789,94.05999755859375,95.13999938964844,0.0001560193777550012,7.166045634221518e-06
fede_1ac21bcc6bab,D,federated,setup_k_ladder,,s5,groknet,adamw,ce,0.3,1000,256,1.0,0.001,123,20,5,1.0,iid,0.5,fedavg,1.0,0.0,20000,10000,85.0,13600.0,inf,inf,False,100.0,82.80754089355469,100000.0,K,memo_to_end,10000.0,100000.0,1.135987412929535,1.108438299102283,2.251984119415283,0.0,45.48611068725586,2.251984119415283,82.80754089355469,1.796324372291565,0.253383606672287
fede_1ac21bcc6bab,D,federated,setup_k_ladder,,s5,groknet,adamw,ce,0.3,1000,256,1.0,0.001,123,20,5,1.0,iid,0.5,fedavg,1.0,0.0,20000,10000,85.0,13600.0,inf,inf,False,100.0,82.80754089355469,100000.0,K,init_to_end,0.0,100000.0,1.3896834999322891,0.5513654171956369,0.8730159401893616,0.0,78.24404907226562,0.8730159401893616,82.80754089355469,4.787496566772461,0.253383606672287
fede_1ac21bcc6bab,D,federated,setup_k_ladder,,s5,groknet,adamw,ce,0.3,1000,256,1.0,0.001,123,20,5,1.0,iid,0.5,fedavg,1.0,0.0,20000,10000,85.0,13600.0,inf,inf,False,100.0,82.80754089355469,100000.0,K,fed_to_twin,100000.0,100000.0,2.1943434361264735,17.31988582116372,48.68055725097656,0.4,58.115081787109375,82.80754089355469,97.06349182128906,0.253383606672287,6.45129739496042e-06
fede_1bf474764fcc,E,federated,aggregation,fl,mnist,mlp,adamw,mse,0.5,2000,200,0.1,0.001,42,10,5,1.0,iid,0.5,fedavg,1.0,0.0,8000,10000,90.0,600.0,4900.0,4900.0,True,100.0,92.75999665260315,40000.0,K,init_to_end,0.0,40000.0,0.0,0.0,10.119999885559082,0.0,32.68000030517578,10.119999885559082,92.75999450683594,838.573974609375,2.0891940948786214e-05
fede_1bf474764fcc,E,federated,aggregation,fl,mnist,mlp,adamw,mse,0.5,2000,200,0.1,0.001,42,10,5,1.0,iid,0.5,fedavg,1.0,0.0,8000,10000,90.0,600.0,4900.0,4900.0,True,100.0,92.75999665260315,40000.0,K,fed_to_twin,40000.0,40000.0,0.04761691232206431,3394.178850374225,89.27999877929688,0.5,89.27999877929688,92.75999450683594,95.13999938964844,2.0891940948786214e-05,7.166045634221518e-06
fede_1c34816ee24b,E,federated,dirichlet_setups,,mnist,mlp,adamw,mse,0.5,2000,200,0.1,0.001,456,10,5,1.0,dirichlet,1000.0,fedavg,1.0,0.0,8000,10000,90.0,700.0,4400.0,inf,False,100.0,78.21999788284302,40000.0,dirichlet,init_to_end,0.0,40000.0,0.0,0.0,9.899999618530273,0.0,30.69999885559082,9.899999618530273,78.22000122070312,770.26806640625,0.00044597929809242487
fede_1c34816ee24b,E,federated,dirichlet_setups,,mnist,mlp,adamw,mse,0.5,2000,200,0.1,0.001,456,10,5,1.0,dirichlet,1000.0,fedavg,1.0,0.0,8000,10000,90.0,700.0,4400.0,inf,False,100.0,78.21999788284302,40000.0,dirichlet,fed_to_twin,40000.0,40000.0,0.04721632849840489,211.33426656591553,76.31999969482422,0.2,79.73999786376953,78.22000122070312,94.36000061035156,0.00044597929809242487,8.609542305748619e-07
fede_212bc056f4d5,D,federated,setup_k_ladder,,s5,groknet,adamw,ce,0.3,1000,256,1.0,0.001,42,10,5,1.0,iid,0.5,fedavg,1.0,0.0,20000,10000,85.0,3900.0,inf,inf,False,100.0,82.13293552398682,100000.0,K,init_to_end,0.0,100000.0,1.0832820012234152,0.4523372183953348,0.7440476417541504,0.0,79.50397491455078,0.7440476417541504,82.1329345703125,4.787502765655518,0.0022070223931223154
fede_212bc056f4d5,D,federated,setup_k_ladder,,s5,groknet,adamw,ce,0.3,1000,256,1.0,0.001,42,10,5,1.0,iid,0.5,fedavg,1.0,0.0,20000,10000,85.0,3900.0,inf,inf,False,100.0,82.13293552398682,100000.0,K,fed_to_twin,100000.0,100000.0,1.4654555469940078,1324.1380710945077,48.908729553222656,0.4,51.55754089355469,82.1329345703125,97.66865539550781,0.0022070223931223154,6.425855190173024e-06
fede_213bfd6d1069,D,federated,partitions,,s5,groknet,adamw,ce,0.3,1000,256,1.0,0.001,456,20,5,1.0,dirichlet,0.5,fedavg,1.0,0.0,50000,10000,85.0,55000.0,181500.0,182400.0,True,100.0,87.98611164093018,250000.0,partition,memo_to_end,50000.0,250000.0,1.2336285412311554,1.2262790383858528,42.390872955322266,0.0,70.67460632324219,42.390872955322266,87.98611450195312,1.3772538900375366,0.6347327828407288
fede_213bfd6d1069,D,federated,partitions,,s5,groknet,adamw,ce,0.3,1000,256,1.0,0.001,456,20,5,1.0,dirichlet,0.5,fedavg,1.0,0.0,50000,10000,85.0,55000.0,181500.0,182400.0,True,100.0,87.98611164093018,250000.0,partition,init_to_end,0.0,250000.0,1.3815087974071503,0.509570499578296,0.7440476417541504,0.0,84.58333587646484,0.7440476417541504,87.98611450195312,4.787515163421631,0.6347327828407288
fede_213bfd6d1069,D,federated,partitions,,s5,groknet,adamw,ce,0.3,1000,256,1.0,0.001,456,20,5,1.0,dirichlet,0.5,fedavg,1.0,0.0,50000,10000,85.0,55000.0,181500.0,182400.0,True,100.0,87.98611164093018,250000.0,partition,fed_to_twin,250000.0,250000.0,2.2514199490109603,7.093998781934925,49.24603271484375,0.4,57.69841003417969,87.98611450195312,95.29762268066406,0.6347327828407288,6.5280100898235105e-06
fede_2180b1aadec3,D,federated,aggregation,fl,s5,groknet,adamw,ce,0.3,1000,256,1.0,0.001,42,2,5,1.0,iid,0.5,fedavg,1.0,0.0,50000,10000,85.0,700.0,19800.0,19800.0,True,100.0,97.28174805641174,250000.0,K,init_to_end,0.0,250000.0,0.8922102326995631,0.3727240888703465,0.7440476417541504,0.0,96.29960632324219,0.7440476417541504,97.28174591064453,4.787502765655518,7.670837476325687e-06
fede_2180b1aadec3,D,federated,aggregation,fl,s5,groknet,adamw,ce,0.3,1000,256,1.0,0.001,42,2,5,1.0,iid,0.5,fedavg,1.0,0.0,50000,10000,85.0,700.0,19800.0,19800.0,True,100.0,97.28174805641174,250000.0,K,fed_to_twin,250000.0,250000.0,1.1167160254378814,158733.33847982637,59.16667175292969,0.5,59.16667175292969,97.28174591064453,97.55952453613281,7.670837476325687e-06,6.399502581189154e-06
fede_21ee1d716c44,C,federated,setup_k_ladder,,s5,transformer,adamw,ce,0.5,1000,256,1.0,0.001,42,5,5,1.0,iid,0.5,fedavg,1.0,0.0,40000,10000,85.0,1200.0,4700.0,4700.0,True,100.0,100.0,200000.0,K,init_to_end,0.0,200000.0,2.140309306318443,0.8926157276103669,0.8888888955116272,0.2,4.013888835906982,0.9166667461395264,100.0,4.795588493347168,1.00863996976841e-06
fede_21ee1d716c44,C,federated,setup_k_ladder,,s5,transformer,adamw,ce,0.5,1000,256,1.0,0.001,42,5,5,1.0,iid,0.5,fedavg,1.0,0.0,40000,10000,85.0,1200.0,4700.0,4700.0,True,100.0,100.0,200000.0,K,fed_to_twin,100000.0,100000.0,4.402525884360301,4533505.902408262,9.472222328186035,0.5,9.472222328186035,100.0,100.0,1.2250244481037953e-06,7.171924494286941e-07
fede_223e09a11a04,C,federated,e50_long,,s5,transformer,adamw,ce,0.5,1000,256,1.0,0.001,456,10,50,1.0,iid,0.5,fedavg,1.0,0.0,20000,10000,85.0,inf,inf,inf,False,79.2222261428833,57.58333206176758,1000000.0,E,init_to_end,0.0,1000000.0,3.5635583579540255,1.299914802779289,0.6666666865348816,0.0,0.9027777910232544,0.6666666865348816,57.58333206176758,4.796187400817871,0.6865693926811218
fede_223e09a11a04,C,federated,e50_long,,s5,transformer,adamw,ce,0.5,1000,256,1.0,0.001,456,10,50,1.0,iid,0.5,fedavg,1.0,0.0,20000,10000,85.0,inf,inf,inf,False,79.2222261428833,57.58333206176758,1000000.0,E,fed_to_twin,100000.0,100000.0,3.3092411756163074,2.2250404270747537,1.1527777910232544,0.4,1.9722223281860352,4.5416669845581055,100.0,2.974538564682007,6.198953542480012e-06
fede_229678b393df,C,federated,local_epochs,,s5,transformer,adamw,ce,0.5,1000,256,1.0,0.001,123,10,50,1.0,iid,0.5,fedavg,1.0,0.0,4000,10000,85.0,32500.0,31400.0,31400.0,True,100.0,100.0,200000.0,E,memo_to_end,40000.0,200000.0,5.019793418328797,3336.5156669183943,4.666666507720947,0.4,5.597222328186035,99.68055725097656,100.0,0.0030089812353253365,2.2119941434084467e-08
fede_229678b393df,C,federated,local_epochs,,s5,transformer,adamw,ce,0.5,1000,256,1.0,0.001,123,10,50,1.0,iid,0.5,fedavg,1.0,0.0,4000,10000,85.0,32500.0,31400.0,31400.0,True,100.0,100.0,200000.0,E,init_to_end,0.0,200000.0,2.188952673342495,0.9126651365944601,0.8333333730697632,0.30000000000000004,4.152777671813965,1.0,100.0,4.7968363761901855,2.2119941434084467e-08
fede_229678b393df,C,federated,local_epochs,,s5,transformer,adamw,ce,0.5,1000,256,1.0,0.001,123,10,50,1.0,iid,0.5,fedavg,1.0,0.0,4000,10000,85.0,32500.0,31400.0,31400.0,True,100.0,100.0,200000.0,E,fed_to_twin,100000.0,100000.0,4.477054832900603,18663429.695030086,7.430555820465088,0.5,7.430555820465088,100.0,100.0,6.399219643071774e-08,4.157754460720753e-07
fede_2359edab2ebf,C,federated,local_epochs,,s5,transformer,adamw,ce,0.5,1000,256,1.0,0.001,42,10,25,1.0,iid,0.5,fedavg,1.0,0.0,8000,10000,85.0,23900.0,23600.0,23600.0,True,100.0,100.0,200000.0,E,memo_to_end,20000.0,200000.0,5.100806772078795,26.449466344779058,1.375,0.4,3.1666665077209473,60.16666793823242,100.0,0.3855814039707184,0.00012065183545928448
fede_2359edab2ebf,C,federated,local_epochs,,s5,transformer,adamw,ce,0.5,1000,256,1.0,0.001,42,10,25,1.0,iid,0.5,fedavg,1.0,0.0,8000,10000,85.0,23900.0,23600.0,23600.0,True,100.0,100.0,200000.0,E,init_to_end,0.0,200000.0,2.1910850941567332,0.9137689663092751,0.75,0.2,3.777777671813965,0.9166667461395264,100.0,4.795588493347168,0.00012065183545928448
fede_2359edab2ebf,C,federated,local_epochs,,s5,transformer,adamw,ce,0.5,1000,256,1.0,0.001,42,10,25,1.0,iid,0.5,fedavg,1.0,0.0,8000,10000,85.0,23900.0,23600.0,23600.0,True,100.0,100.0,200000.0,E,fed_to_twin,100000.0,100000.0,4.5499625520090206,69682.86958929541,4.388888835906982,0.5,4.388888835906982,100.0,100.0,0.00012987336958758533,7.171924494286941e-07
fede_25caa0d4bae2,D,federated,aggregation,fl,s5,groknet,adamw,ce,0.3,1000,256,1.0,0.001,456,10,5,1.0,iid,0.5,fedavg,1.0,0.0,50000,10000,85.0,3200.0,78900.0,87400.0,True,100.0,90.198415517807,250000.0,K,init_to_end,0.0,250000.0,1.0508521423791537,0.4389195988376934,0.7440476417541504,0.0,88.32341766357422,0.7440476417541504,90.19841766357422,4.787515163421631,0.0008430924499407411
fede_25caa0d4bae2,D,federated,aggregation,fl,s5,groknet,adamw,ce,0.3,1000,256,1.0,0.001,456,10,5,1.0,iid,0.5,fedavg,1.0,0.0,50000,10000,85.0,3200.0,78900.0,87400.0,True,100.0,90.198415517807,250000.0,K,fed_to_twin,250000.0,250000.0,1.498098067463161,3526.5112787167764,49.1170654296875,0.5,49.1170654296875,90.19841766357422,95.29762268066406,0.0008430924499407411,6.5280100898235105e-06
fede_27e426ef6f81,E,federated,participation_setups,,mnist,mlp,adamw,mse,0.5,2000,200,0.1,0.001,42,20,5,0.25,iid,0.5,fedavg,1.0,0.0,32000,10000,90.0,300.0,3100.0,inf,False,100.0,81.15999698638916,40000.0,f,init_to_end,0.0,40000.0,0.0,0.0,10.119999885559082,0.0,23.760000228881836,10.119999885559082,81.15999603271484,838.573974609375,0.00049606803804636
fede_27e426ef6f81,E,federated,participation_setups,,mnist,mlp,adamw,mse,0.5,2000,200,0.1,0.001,42,20,5,0.25,iid,0.5,fedavg,1.0,0.0,32000,10000,90.0,300.0,3100.0,inf,False,100.0,81.15999698638916,40000.0,f,fed_to_twin,40000.0,40000.0,0.05755339535908206,228.73409105418625,71.77999877929688,0.6000000000000001,72.91999816894531,81.15999603271484,95.13999938964844,0.00049606803804636,7.166045634221518e-06
fede_29176f5f11f2,D,federated,participation_setups,,s5,groknet,adamw,ce,0.3,1000,256,1.0,0.001,123,20,5,0.25,iid,0.5,fedavg,1.0,0.0,200000,10000,85.0,3700.0,25600.0,27300.0,True,100.0,89.70237970352173,250000.0,f,init_to_end,0.0,250000.0,1.3694254532456398,0.5540480206753244,0.8730159401893616,0.0,86.7261962890625,0.8730159401893616,89.70237731933594,4.787496566772461,0.1558491438627243
fede_29176f5f11f2,D,federated,participation_setups,,s5,groknet,adamw,ce,0.3,1000,256,1.0,0.001,123,20,5,0.25,iid,0.5,fedavg,1.0,0.0,200000,10000,85.0,3700.0,25600.0,27300.0,True,100.0,89.70237970352173,250000.0,f,fed_to_twin,250000.0,250000.0,2.194227467894416,28.15719447714186,52.74802017211914,0.4,59.39484405517578,89.70237731933594,97.62896728515625,0.1558491438627243,6.402731287380448e-06
fede_29e9116d9bf8,D,federated,partitions,,s5,groknet,adamw,ce,0.3,1000,256,1.0,0.001,456,10,5,1.0,dirichlet,0.5,fedavg,1.0,0.0,50000,10000,85.0,22800.0,inf,inf,False,100.0,69.91071701049805,250000.0,partition,memo_to_end,25000.0,250000.0,1.978663094341755,4.2404979916880245,22.410715103149414,0.0,34.20634841918945,22.410715103149414,69.91072082519531,0.68464195728302,0.24858008325099945
fede_29e9116d9bf8,D,federated,partitions,,s5,groknet,adamw,ce,0.3,1000,256,1.0,0.001,456,10,5,1.0,dirichlet,0.5,fedavg,1.0,0.0,50000,10000,85.0,22800.0,inf,inf,False,100.0,69.91071701049805,250000.0,partition,init_to_end,0.0,250000.0,1.370000310242176,0.5440724383230604,0.7440476417541504,0.0,66.41865539550781,0.7440476417541504,69.91072082519531,4.787515163421631,0.24858008325099945
fede_29e9116d9bf8,D,federated,partitions,,s5,groknet,adamw,ce,0.3,1000,256,1.0,0.001,456,10,5,1.0,dirichlet,0.5,fedavg,1.0,0.0,50000,10000,85.0,22800.0,inf,inf,False,100.0,69.91071701049805,250000.0,partition,fed_to_twin,250000.0,250000.0,2.2501983130732697,18.103938113625095,35.40674591064453,0.4,44.632938385009766,69.91072082519531,95.29762268066406,0.24858008325099945,6.5280100898235105e-06
fede_2a4b9012a3b8,D,federated,local_epochs,,s5,groknet,adamw,ce,0.3,1000,256,1.0,0.001,456,10,10,1.0,iid,0.5,fedavg,1.0,0.0,25000,10000,85.0,3100.0,70800.0,70800.0,True,100.0,89.92063403129578,250000.0,E,init_to_end,0.0,250000.0,1.0451277711021252,0.4365241711560264,0.7440476417541504,0.0,87.41072082519531,0.7440476417541504,89.9206314086914,4.787515163421631,0.0008921695989556611
fede_2a4b9012a3b8,D,federated,local_epochs,,s5,groknet,adamw,ce,0.3,1000,256,1.0,0.001,456,10,10,1.0,iid,0.5,fedavg,1.0,0.0,25000,10000,85.0,3100.0,70800.0,70800.0,True,100.0,89.92063403129578,250000.0,E,fed_to_twin,250000.0,250000.0,1.4450754629401672,3215.9325859896207,51.269840240478516,0.5,51.269840240478516,89.9206314086914,95.29762268066406,0.0008921695989556611,6.5280100898235105e-06
fede_2acd8f1a3f77,C,federated,dirichlet_setups,,s5,transformer,adamw,ce,0.4,1000,256,1.0,0.001,42,10,5,1.0,dirichlet,0.1,fedavg,1.0,0.0,40000,10000,85.0,inf,inf,inf,False,88.68055939674377,70.6250011920929,200000.0,dirichlet,init_to_end,0.0,200000.0,3.4462519705295565,1.2451662548040248,0.7523148059844971,0.1,0.9027777314186096,0.9259259104728699,70.625,4.797294616699219,0.7381139397621155
fede_2acd8f1a3f77,C,federated,dirichlet_setups,,s5,transformer,adamw,ce,0.4,1000,256,1.0,0.001,42,10,5,1.0,dirichlet,0.1,fedavg,1.0,0.0,40000,10000,85.0,inf,inf,inf,False,88.68055939674377,70.6250011920929,200000.0,dirichlet,fed_to_twin,100000.0,100000.0,4.339831082378623,10.209111143030505,1.296296238899231,0.5,1.296296238899231,67.75462341308594,100.0,0.8501793742179871,8.46712828206364e-06
fede_2aeb61cfc5f2,C,federated,dirichlet_setups,,s5,transformer,adamw,ce,0.4,1000,256,1.0,0.001,42,10,5,1.0,dirichlet,0.01,fedavg,1.0,0.0,40000,10000,85.0,inf,inf,inf,False,55.416667461395264,35.57870388031006,200000.0,dirichlet,init_to_end,0.0,200000.0,2.1715951919555665,0.6013776184652941,0.5787037014961243,0.5,0.5787037014961243,0.9259259104728699,35.578704833984375,4.797294616699219,2.424773931503296
fede_2aeb61cfc5f2,C,federated,dirichlet_setups,,s5,transformer,adamw,ce,0.4,1000,256,1.0,0.001,42,10,5,1.0,dirichlet,0.01,fedavg,1.0,0.0,40000,10000,85.0,inf,inf,inf,False,55.416667461395264,35.57870388031006,200000.0,dirichlet,fed_to_twin,100000.0,100000.0,3.103633938585517,1.8737519962671156,1.2268518209457397,0.4,1.3078703880310059,12.384259223937988,100.0,3.312739372253418,8.46712828206364e-06
fede_2c025b62ce35,D,federated,aggregation,fl,s5,groknet,adamw,ce,0.3,1000,256,1.0,0.001,42,5,5,1.0,iid,0.5,fedavg,1.0,0.0,50000,10000,85.0,1400.0,27100.0,27100.0,True,100.0,95.25793790817261,250000.0,K,init_to_end,0.0,250000.0,0.9280238668103271,0.3876846749299641,0.7440476417541504,0.0,94.0873031616211,0.7440476417541504,95.2579345703125,4.787502765655518,1.6199224774027243e-05
fede_2c025b62ce35,D,federated,aggregation,fl,s5,groknet,adamw,ce,0.3,1000,256,1.0,0.001,42,5,5,1.0,iid,0.5,fedavg,1.0,0.0,50000,10000,85.0,1400.0,27100.0,27100.0,True,100.0,95.25793790817261,250000.0,K,fed_to_twin,250000.0,250000.0,1.20654025245517,106779.4866047329,55.654762268066406,0.5,55.654762268066406,95.2579345703125,97.55952453613281,1.6199224774027243e-05,6.399502581189154e-06
fede_2ce022058297,C,federated,partitions,,s5,transformer,adamw,ce,0.4,1000,256,1.0,0.001,42,10,5,1.0,dirichlet,0.5,fedavg,1.0,0.0,40000,10000,85.0,7800.0,12600.0,12600.0,True,100.0,100.0,200000.0,partition,init_to_end,0.0,200000.0,2.2324450340954343,0.9307099191563655,0.9027777314186096,0.2,2.847222328186035,0.9259259104728699,100.0,4.797294616699219,4.1185063537341193e-07
fede_2ce022058297,C,federated,partitions,,s5,transformer,adamw,ce,0.4,1000,256,1.0,0.001,42,10,5,1.0,dirichlet,0.5,fedavg,1.0,0.0,40000,10000,85.0,7800.0,12600.0,12600.0,True,100.0,100.0,200000.0,partition,fed_to_twin,100000.0,100000.0,4.442091234888778,982406.6679973882,7.349536418914795,0.5,7.349536418914795,100.0,100.0,5.761556849392946e-07,8.46712828206364e-06
fede_2d3b0935cb58,C,federated,dirichlet_setups,,s5,transformer,adamw,ce,0.4,1000,256,1.0,0.001,456,10,5,1.0,dirichlet,10.0,fedavg,1.0,0.0,40000,10000,85.0,2800.0,13400.0,13400.0,True,100.0,100.0,200000.0,dirichlet,init_to_end,0.0,200000.0,2.19090890876121,0.9136843180526133,0.7175925374031067,0.2,1.9791666269302368,0.7754629254341125,100.0,4.795767784118652,1.655684339629815e-10
fede_2d3b0935cb58,C,federated,dirichlet_setups,,s5,transformer,adamw,ce,0.4,1000,256,1.0,0.001,456,10,5,1.0,dirichlet,10.0,fedavg,1.0,0.0,40000,10000,85.0,2800.0,13400.0,13400.0,True,100.0,100.0,200000.0,dirichlet,fed_to_twin,100000.0,100000.0,4.46978906391503,628060.7493328488,13.13657283782959,0.5,13.13657283782959,100.0,100.0,2.214477712314533e-09,1.4231405657483265e-05
fede_2f16166fb38b,D,federated,local_epochs,,s5,groknet,adamw,ce,0.3,1000,256,1.0,0.001,123,10,25,1.0,iid,0.5,fedavg,1.0,0.0,10000,10000,85.0,2600.0,100100.0,150000.0,True,100.0,87.4404788017273,250000.0,E,init_to_end,0.0,250000.0,1.1690216213464737,0.487769201743448,0.8730159401893616,0.0,84.46428680419922,0.8730159401893616,87.44047546386719,4.787496566772461,0.005842648446559906
fede_2f16166fb38b,D,federated,local_epochs,,s5,groknet,adamw,ce,0.3,1000,256,1.0,0.001,123,10,25,1.0,iid,0.5,fedavg,1.0,0.0,10000,10000,85.0,2600.0,100100.0,150000.0,True,100.0,87.4404788017273,250000.0,E,fed_to_twin,250000.0,250000.0,1.6490704421399642,563.8762226549354,50.79365539550781,0.4,52.66864776611328,87.44047546386719,97.62896728515625,0.005842648446559906,6.402731287380448e-06
fede_31ae5e714cc7,D,federated,dirichlet_setups,,s5,groknet,adamw,ce,0.3,1000,256,1.0,0.001,123,10,5,1.0,dirichlet,0.1,fedavg,1.0,0.0,50000,10000,85.0,inf,inf,inf,False,54.374998807907104,9.791667014360428,250000.0,dirichlet,init_to_end,0.0,250000.0,0.6442681550979614,0.16745402972683757,0.8730159401893616,0.0,9.236111640930176,0.8730159401893616,9.791666984558105,4.787496566772461,2.907369375228882
fede_31ae5e714cc7,D,federated,dirichlet_setups,,s5,groknet,adamw,ce,0.3,1000,256,1.0,0.001,123,10,5,1.0,dirichlet,0.1,fedavg,1.0,0.0,50000,10000,85.0,inf,inf,inf,False,54.374998807907104,9.791667014360428,250000.0,dirichlet,fed_to_twin,250000.0,250000.0,1.5773923977612414,1.0850970209760422,8.81944465637207,0.2,43.30357360839844,9.791666984558105,97.62896728515625,2.907369375228882,6.402731287380448e-06
fede_324575a2ab66,D,federated,e50_long,,s5,groknet,adamw,ce,0.3,1000,256,1.0,0.001,123,10,50,1.0,iid,0.5,fedavg,1.0,0.0,40000,10000,85.0,2500.0,inf,inf,False,100.0,82.30158686637878,2000000.0,E,init_to_end,0.0,2000000.0,1.3401887848973275,0.5528644489990092,0.8730159401893616,0.0,77.63888549804688,0.8730159401893616,82.30158996582031,4.787496566772461,0.060667525976896286
fede_324575a2ab66,D,federated,e50_long,,s5,groknet,adamw,ce,0.3,1000,256,1.0,0.001,123,10,50,1.0,iid,0.5,fedavg,1.0,0.0,40000,10000,85.0,2500.0,inf,inf,False,100.0,82.30158686637878,2000000.0,E,fed_to_twin,200000.0,200000.0,2.074896687653381,62.397997009876704,45.644840240478516,0.4,53.74007797241211,80.97222137451172,97.3511962890625,0.06649882346391678,6.410264177247882e-06
fede_34254d057c4e,E,federated,partitions,,mnist,mlp,adamw,mse,0.5,2000,200,0.1,0.001,123,20,5,1.0,dirichlet,0.5,fedavg,1.0,0.0,8000,10000,90.0,1300.0,5800.0,5800.0,True,100.0,94.43999528884888,40000.0,partition,init_to_end,0.0,40000.0,0.0,0.0,9.4399995803833,0.0,26.920000076293945,9.4399995803833,94.43999481201172,599.0208129882812,0.0004158052324783057
fede_34254d057c4e,E,federated,partitions,,mnist,mlp,adamw,mse,0.5,2000,200,0.1,0.001,123,20,5,1.0,dirichlet,0.5,fedavg,1.0,0.0,8000,10000,90.0,1300.0,5800.0,5800.0,True,100.0,94.43999528884888,40000.0,partition,fed_to_twin,40000.0,40000.0,0.05173627997805852,246.79821433001615,83.15999603271484,0.5,83.15999603271484,94.43999481201172,93.0999984741211,0.0004158052324783057,3.45452690453385e-06
fede_38d96cedf5b2,E,federated,setup_k_ladder,,mnist,mlp,adamw,mse,0.5,2000,200,0.1,0.001,456,5,5,1.0,iid,0.5,fedavg,1.0,0.0,4000,10000,90.0,400.0,2800.0,inf,False,100.0,76.75999999046326,20000.0,K,init_to_end,0.0,20000.0,0.0,0.0,9.899999618530273,0.0,26.559999465942383,9.899999618530273,76.76000213623047,770.26806640625,0.0003116512671113014
fede_38d96cedf5b2,E,federated,setup_k_ladder,,mnist,mlp,adamw,mse,0.5,2000,200,0.1,0.001,456,5,5,1.0,iid,0.5,fedavg,1.0,0.0,4000,10000,90.0,400.0,2800.0,inf,False,100.0,76.75999999046326,20000.0,K,fed_to_twin,20000.0,20000.0,0.04788912810087709,306.8121264335615,73.0999984741211,0.30000000000000004,78.83999633789062,76.76000213623047,94.33999633789062,0.0003116512671113014,5.210623044149543e-07
fede_3a14afb22644,E,federated,aggregation_alpha2,fl,mnist,mlp,adamw,mse,0.5,4000,200,0.1,0.001,42,5,5,1.0,iid,0.5,fedavg,1.0,0.0,8000,10000,90.0,600.0,1600.0,inf,False,99.9750018119812,83.39999914169312,30162.0,K,init_to_end,0.0,30162.0,0.0,0.0,10.480000495910645,0.0,22.5,10.480000495910645,83.4000015258789,847.71337890625,0.010500377044081688
fede_3a755a1e4956,E,federated,partitions,,mnist,mlp,adamw,mse,0.5,2000,200,0.1,0.001,42,20,5,1.0,label_block,0.5,fedavg,1.0,0.0,8000,10000,90.0,13900.0,inf,inf,False,99.05000329017639,66.25999808311462,40000.0,partition,memo_to_end,12000.0,40000.0,0.21546140164136887,5.067049971008185,10.260000228881836,0.30000000000000004,10.260000228881836,65.55999755859375,66.25999450683594,0.03991309180855751,0.045131027698516846
fede_3a755a1e4956,E,federated,partitions,,mnist,mlp,adamw,mse,0.5,2000,200,0.1,0.001,42,20,5,1.0,label_block,0.5,fedavg,1.0,0.0,8000,10000,90.0,13900.0,inf,inf,False,99.05000329017639,66.25999808311462,40000.0,partition,init_to_end,0.0,40000.0,0.0,0.0,7.599999904632568,0.7000000000000001,9.079999923706055,10.119999885559082,66.25999450683594,838.573974609375,0.045131027698516846
fede_3a755a1e4956,E,federated,partitions,,mnist,mlp,adamw,mse,0.5,2000,200,0.1,0.001,42,20,5,1.0,label_block,0.5,fedavg,1.0,0.0,8000,10000,90.0,13900.0,inf,inf,False,99.05000329017639,66.25999808311462,40000.0,partition,fed_to_twin,40000.0,40000.0,0.06354723196341183,2.81567456259351,20.279998779296875,0.4,23.35999870300293,66.25999450683594,95.13999938964844,0.045131027698516846,7.166045634221518e-06
fede_3b99f4fad54d,C,federated,aggregation,fl,s5,transformer,adamw,ce,0.4,1000,256,1.0,0.001,42,50,5,1.0,iid,0.5,fedavg,1.0,0.0,40000,10000,85.0,25200.0,25100.0,25100.0,True,100.0,100.0,200000.0,K,memo_to_end,20000.0,200000.0,3.4939498363761237,2.4157793602490902,1.3657406568527222,0.4,1.4351850748062134,6.944444179534912,100.0,2.8910529613494873,0.0015537840081378818
fede_3b99f4fad54d,C,federated,aggregation,fl,s5,transformer,adamw,ce,0.4,1000,256,1.0,0.001,42,50,5,1.0,iid,0.5,fedavg,1.0,0.0,40000,10000,85.0,25200.0,25100.0,25100.0,True,100.0,100.0,200000.0,K,init_to_end,0.0,200000.0,2.728147739055567,1.1370010099312302,0.868055522441864,0.30000000000000004,1.3425925970077515,0.9259259104728699,100.0,4.797294616699219,0.0015537840081378818
fede_3b99f4fad54d,C,federated,aggregation,fl,s5,transformer,adamw,ce,0.4,1000,256,1.0,0.001,42,50,5,1.0,iid,0.5,fedavg,1.0,0.0,40000,10000,85.0,25200.0,25100.0,25100.0,True,100.0,100.0,200000.0,K,fed_to_twin,100000.0,100000.0,4.6470410128195,7220.821011515267,2.3842592239379883,0.5,2.3842592239379883,100.0,100.0,0.001278655487112701,8.46712828206364e-06
fede_3c62f9b5a140,C,federated,setup_k_ladder,,s5,transformer,adamw,ce,0.5,1000,256,1.0,0.001,42,20,5,1.0,iid,0.5,fedavg,1.0,0.0,40000,10000,85.0,7300.0,7900.0,7900.0,True,100.0,100.0,200000.0,K,init_to_end,0.0,200000.0,2.1767700331080846,0.9078217930082859,0.8055555820465088,0.1,3.9166667461395264,0.9166667461395264,100.0,4.795588493347168,3.5431605738267535e-07
fede_3c62f9b5a140,C,federated,setup_k_ladder,,s5,transformer,adamw,ce,0.5,1000,256,1.0,0.001,42,20,5,1.0,iid,0.5,fedavg,1.0,0.0,40000,10000,85.0,7300.0,7900.0,7900.0,True,100.0,100.0,200000.0,K,fed_to_twin,100000.0,100000.0,4.3925027251827515,8189109.951148199,7.583333492279053,0.5,7.583333492279053,100.0,100.0,3.5557437172428763e-07,7.171924494286941e-07
fede_3e19983eda40,C,federated,partitions,,s5,transformer,adamw,ce,0.4,1000,256,1.0,0.001,123,5,5,1.0,coset,0.5,fedavg,1.0,0.0,40000,10000,85.0,3700.0,4500.0,4500.0,True,100.0,100.0,200000.0,partition,init_to_end,0.0,200000.0,2.178223304410494,0.9078560586845891,0.8333332538604736,0.2,5.266203880310059,1.064814805984497,100.0,4.798606872558594,2.51837627729401e-06
fede_3e19983eda40,C,federated,partitions,,s5,transformer,adamw,ce,0.4,1000,256,1.0,0.001,123,5,5,1.0,coset,0.5,fedavg,1.0,0.0,40000,10000,85.0,3700.0,4500.0,4500.0,True,100.0,100.0,200000.0,partition,fed_to_twin,100000.0,100000.0,4.554883107673017,1997976.896199443,5.231481552124023,0.5,5.231481552124023,100.0,100.0,8.795820605200788e-08,4.471537067729514e-06
fede_41ac103ce46a,C,federated,aggregation,fl,s5,transformer,adamw,ce,0.4,1000,256,1.0,0.001,123,10,5,1.0,iid,0.5,fedavg,1.0,0.0,40000,10000,85.0,3100.0,8400.0,8400.0,True,100.0,100.0,200000.0,K,init_to_end,0.0,200000.0,2.1397795634344225,0.8918336577435912,0.8912037014961243,0.1,3.5532407760620117,1.064814805984497,100.0,4.798606872558594,8.568166620648299e-09
fede_41ac103ce46a,C,federated,aggregation,fl,s5,transformer,adamw,ce,0.4,1000,256,1.0,0.001,123,10,5,1.0,iid,0.5,fedavg,1.0,0.0,40000,10000,85.0,3100.0,8400.0,8400.0,True,100.0,100.0,200000.0,K,fed_to_twin,100000.0,100000.0,4.507308625953103,2010973.5735230474,6.388888359069824,0.5,6.388888359069824,100.0,100.0,1.1175868230850483e-08,4.471537067729514e-06
fede_41ef3397163a,D,federated,aggregation,fl,s5,groknet,adamw,ce,0.3,1000,256,1.0,0.001,123,10,5,1.0,iid,0.5,fedavg,1.0,0.0,50000,10000,85.0,2900.0,65200.0,66200.0,True,100.0,90.44643044471741,250000.0,K,init_to_end,0.0,250000.0,1.0465442256187094,0.43713667259586475,0.8730159401893616,0.0,88.37301635742188,0.8730159401893616,90.4464340209961,4.787496566772461,0.0006820108974352479
fede_41ef3397163a,D,federated,aggregation,fl,s5,groknet,adamw,ce,0.3,1000,256,1.0,0.001,123,10,5,1.0,iid,0.5,fedavg,1.0,0.0,50000,10000,85.0,2900.0,65200.0,66200.0,True,100.0,90.44643044471741,250000.0,K,fed_to_twin,250000.0,250000.0,1.461768815989899,4246.774773190513,51.646827697753906,0.5,51.646827697753906,90.4464340209961,97.62896728515625,0.0006820108974352479,6.402731287380448e-06
fede_4378c3e28aac,D,federated,aggregation,fl,s5,groknet,adamw,ce,0.3,1000,256,1.0,0.001,123,2,5,1.0,iid,0.5,fedavg,1.0,0.0,50000,10000,85.0,700.0,21800.0,21800.0,True,100.0,96.41865491867065,250000.0,K,init_to_end,0.0,250000.0,0.9004914312334225,0.3761840559653345,0.8730159401893616,0.0,95.21825408935547,0.8730159401893616,96.41865539550781,4.787496566772461,7.937758709886111e-06
fede_4378c3e28aac,D,federated,aggregation,fl,s5,groknet,adamw,ce,0.3,1000,256,1.0,0.001,123,2,5,1.0,iid,0.5,fedavg,1.0,0.0,50000,10000,85.0,700.0,21800.0,21800.0,True,100.0,96.41865491867065,250000.0,K,fed_to_twin,250000.0,250000.0,1.0774854244739345,150271.77239819756,57.757938385009766,0.5,57.757938385009766,96.41865539550781,97.62896728515625,7.937758709886111e-06,6.402731287380448e-06
fede_43b2829d7901,D,federated,aggregation,fl,s5,groknet,adamw,ce,0.3,1000,256,1.0,0.001,123,50,5,1.0,iid,0.5,fedavg,1.0,0.0,50000,10000,85.0,inf,inf,inf,False,76.66666507720947,32.50000178813934,250000.0,K,init_to_end,0.0,250000.0,0.4603650093078615,0.11127894459579762,0.8730159401893616,0.0,23.03571319580078,0.8730159401893616,32.5,4.787496566772461,3.4865756034851074
fede_43b2829d7901,D,federated,aggregation,fl,s5,groknet,adamw,ce,0.3,1000,256,1.0,0.001,123,50,5,1.0,iid,0.5,fedavg,1.0,0.0,50000,10000,85.0,inf,inf,inf,False,76.66666507720947,32.50000178813934,250000.0,K,fed_to_twin,250000.0,250000.0,1.392720781206981,0.7989032116404159,22.410715103149414,0.2,57.26190948486328,32.5,97.62896728515625,3.4865756034851074,6.402731287380448e-06
fede_446d604140cb,C,federated,setup_k_ladder,,s5,transformer,adamw,ce,0.5,1000,256,1.0,0.001,456,20,5,1.0,iid,0.5,fedavg,1.0,0.0,40000,10000,85.0,8800.0,9100.0,9100.0,True,100.0,100.0,200000.0,K,init_to_end,0.0,200000.0,2.381371563146593,0.9930268607619901,0.6666666865348816,0.0,2.805555582046509,0.6666666865348816,100.0,4.796187400817871,2.0949363488398376e-07
fede_446d604140cb,C,federated,setup_k_ladder,,s5,transformer,adamw,ce,0.5,1000,256,1.0,0.001,456,20,5,1.0,iid,0.5,fedavg,1.0,0.0,40000,10000,85.0,8800.0,9100.0,9100.0,True,100.0,100.0,200000.0,K,fed_to_twin,100000.0,100000.0,4.445605903870366,1394112.9265031707,13.472223281860352,0.5,13.472223281860352,100.0,100.0,1.7873053081984835e-07,6.198953542480012e-06
fede_454a949e6f1e,E,federated,aggregation_alpha2,fl,mnist,mlp,adamw,mse,0.5,4000,200,0.1,0.001,123,10,5,1.0,iid,0.5,fedavg,1.0,0.0,8000,10000,90.0,4200.0,inf,inf,False,99.9000072479248,79.83999848365784,25731.5,K,memo_to_end,4000.0,25731.5,0.016048457473516464,1.9180342794963483,78.33999633789062,0.6000000000000001,78.86000061035156,85.43999481201172,79.83999633789062,0.0020766956731677055,0.014657580293715
fede_454a949e6f1e,E,federated,aggregation_alpha2,fl,mnist,mlp,adamw,mse,0.5,4000,200,0.1,0.001,123,10,5,1.0,iid,0.5,fedavg,1.0,0.0,8000,10000,90.0,4200.0,inf,inf,False,99.9000072479248,79.83999848365784,25731.5,K,init_to_end,0.0,25731.5,0.0,0.0,9.179999351501465,0.0,16.1200008392334,9.179999351501465,79.83999633789062,591.37548828125,0.014657580293715
fede_4572edcdc25a,C,federated,participation_setups,,s5,transformer,adamw,ce,0.5,1000,256,1.0,0.001,123,20,5,0.25,iid,0.5,fedavg,1.0,0.0,160000,10000,85.0,1700.0,1800.0,1800.0,True,100.0,100.0,200000.0,f,init_to_end,0.0,200000.0,2.2229059064917465,0.926821111338053,0.7777777910232544,0.30000000000000004,2.9861111640930176,1.0,100.0,4.7968363761901855,2.796544094962883e-06
fede_4572edcdc25a,C,federated,participation_setups,,s5,transformer,adamw,ce,0.5,1000,256,1.0,0.001,123,20,5,0.25,iid,0.5,fedavg,1.0,0.0,160000,10000,85.0,1700.0,1800.0,1800.0,True,100.0,100.0,200000.0,f,fed_to_twin,100000.0,100000.0,4.5339635807438015,4304949.526187466,4.736111164093018,0.5,4.736111164093018,100.0,100.0,1.690620251793007e-06,4.157754460720753e-07
fede_463787b9822a,E,federated,partitions,,mnist,mlp,adamw,mse,0.5,2000,200,0.1,0.001,456,10,5,1.0,label_block,0.5,fedavg,1.0,0.0,8000,10000,90.0,inf,inf,inf,False,97.90000319480896,73.46000075340271,40000.0,partition,init_to_end,0.0,40000.0,0.0,0.0,9.899999618530273,0.0,10.819999694824219,9.899999618530273,73.45999908447266,770.26806640625,0.0414000004529953
fede_463787b9822a,E,federated,partitions,,mnist,mlp,adamw,mse,0.5,2000,200,0.1,0.001,456,10,5,1.0,label_block,0.5,fedavg,1.0,0.0,8000,10000,90.0,inf,inf,inf,False,97.90000319480896,73.46000075340271,40000.0,partition,fed_to_twin,40000.0,40000.0,0.06816804574683033,3.293073787828611,31.799999237060547,0.5,31.799999237060547,73.45999908447266,94.36000061035156,0.0414000004529953,8.609542305748619e-07
fede_471698ce3429,C,federated,setup_k_ladder,,s5,transformer,adamw,ce,0.5,1000,256,1.0,0.001,456,10,5,1.0,iid,0.5,fedavg,1.0,0.0,40000,10000,85.0,3100.0,5000.0,5000.0,True,100.0,100.0,200000.0,K,init_to_end,0.0,200000.0,2.5250725376177345,1.0529496486966876,0.6666666865348816,0.0,2.6666667461395264,0.6666666865348816,100.0,4.796187400817871,1.1742829428840196e-06
fede_471698ce3429,C,federated,setup_k_ladder,,s5,transformer,adamw,ce,0.5,1000,256,1.0,0.001,456,10,5,1.0,iid,0.5,fedavg,1.0,0.0,40000,10000,85.0,3100.0,5000.0,5000.0,True,100.0,100.0,200000.0,K,fed_to_twin,100000.0,100000.0,4.4624636024949496,1096982.089969325,9.486111640930176,0.5,9.486111640930176,100.0,100.0,1.936937906066305e-06,6.198953542480012e-06
fede_48b0f82f631c,C,federated,partitions,,s5,transformer,adamw,ce,0.4,1000,256,1.0,0.001,42,50,5,1.0,operand,0.5,fedavg,1.0,0.0,40000,10000,85.0,inf,inf,inf,False,14.982639253139496,0.21990740206092596,200000.0,partition,init_to_end,0.0,200000.0,1.235711860656738,0.2897261648304732,0.21990740299224854,1.0,0.868055522441864,0.9259259104728699,0.21990740299224854,4.797294616699219,3.7329108715057373
fede_48b0f82f631c,C,federated,partitions,,s5,transformer,adamw,ce,0.4,1000,256,1.0,0.001,42,50,5,1.0,operand,0.5,fedavg,1.0,0.0,40000,10000,85.0,inf,inf,inf,False,14.982639253139496,0.21990740206092596,200000.0,partition,fed_to_twin,100000.0,100000.0,2.8146581037390206,1.470575289246257,0.21990740299224854,0.0,1.388888955116272,0.21990740299224854,100.0,3.827960252761841,8.46712828206364e-06
fede_49262c57539d,C,federated,aggregation,fl,s5,transformer,adamw,ce,0.4,1000,256,1.0,0.001,123,5,5,1.0,iid,0.5,fedavg,1.0,0.0,40000,10000,85.0,1200.0,7600.0,7600.0,True,100.0,100.0,200000.0,K,init_to_end,0.0,200000.0,2.168860810212793,0.9039543612277898,0.8333332538604736,0.2,3.055555582046509,1.064814805984497,100.0,4.798606872558594,1.123795634327962e-08
fede_49262c57539d,C,federated,aggregation,fl,s5,transformer,adamw,ce,0.4,1000,256,1.0,0.001,123,5,5,1.0,iid,0.5,fedavg,1.0,0.0,40000,10000,85.0,1200.0,7600.0,7600.0,True,100.0,100.0,200000.0,K,fed_to_twin,100000.0,100000.0,4.464738022865276,1211932.3522185206,7.905092239379883,0.5,7.905092239379883,100.0,100.0,2.8964286684640683e-06,4.471537067729514e-06
fede_496eed40bbeb,E,federated,local_epochs,,mnist,mlp,adamw,mse,0.5,2000,200,0.1,0.001,42,10,25,1.0,iid,0.5,fedavg,1.0,0.0,800,10000,90.0,1200.0,4800.0,4800.0,True,100.0,94.29999589920044,20000.0,E,memo_to_end,2000.0,20000.0,0.012922327367414256,2.780164691531791,72.57999420166016,0.0,90.5,72.57999420166016,94.29999542236328,0.00914413295686245,0.00015195472224149853
fede_496eed40bbeb,E,federated,local_epochs,,mnist,mlp,adamw,mse,0.5,2000,200,0.1,0.001,42,10,25,1.0,iid,0.5,fedavg,1.0,0.0,800,10000,90.0,1200.0,4800.0,4800.0,True,100.0,94.29999589920044,20000.0,E,init_to_end,0.0,20000.0,0.0,0.0,10.119999885559082,0.0,39.37999725341797,10.119999885559082,94.29999542236328,838.573974609375,0.00015195472224149853
fede_496eed40bbeb,E,federated,local_epochs,,mnist,mlp,adamw,mse,0.5,2000,200,0.1,0.001,42,10,25,1.0,iid,0.5,fedavg,1.0,0.0,800,10000,90.0,1200.0,4800.0,4800.0,True,100.0,94.29999589920044,20000.0,E,fed_to_twin,20000.0,20000.0,0.03730381305692276,489.14124471675285,89.5,0.4,90.0,94.29999542236328,94.87999725341797,0.00015195472224149853,5.730535690418037e-07
fede_49c557269800,E,federated,partitions,,mnist,mlp,adamw,mse,0.5,2000,200,0.1,0.001,456,10,5,1.0,dirichlet,0.5,fedavg,1.0,0.0,8000,10000,90.0,900.0,4100.0,inf,False,100.0,86.9599997997284,40000.0,partition,init_to_end,0.0,40000.0,0.0,0.0,9.339999198913574,0.2,18.259998321533203,9.899999618530273,86.95999908447266,770.26806640625,0.0002477844536770135
fede_49c557269800,E,federated,partitions,,mnist,mlp,adamw,mse,0.5,2000,200,0.1,0.001,456,10,5,1.0,dirichlet,0.5,fedavg,1.0,0.0,8000,10000,90.0,900.0,4100.0,inf,False,100.0,86.9599997997284,40000.0,partition,fed_to_twin,40000.0,40000.0,0.0672427541698255,540.8726807841708,48.63999938964844,0.5,48.63999938964844,86.95999908447266,94.36000061035156,0.0002477844536770135,8.609542305748619e-07
fede_5121cb98d792,C,federated,aggregation,fl,s5,transformer,adamw,ce,0.4,1000,256,1.0,0.001,42,2,5,1.0,iid,0.5,fedavg,1.0,0.0,40000,10000,85.0,500.0,15400.0,15400.0,True,100.0,100.0,200000.0,K,init_to_end,0.0,200000.0,2.1375122359349916,0.891128118794023,0.8912037014961243,0.2,1.3425925970077515,0.9259259104728699,100.0,4.797294616699219,2.2830376110505313e-05
fede_5121cb98d792,C,federated,aggregation,fl,s5,transformer,adamw,ce,0.4,1000,256,1.0,0.001,42,2,5,1.0,iid,0.5,fedavg,1.0,0.0,40000,10000,85.0,500.0,15400.0,15400.0,True,100.0,100.0,200000.0,K,fed_to_twin,100000.0,100000.0,4.346448715467886,389812.4559328569,8.553240776062012,0.5,8.553240776062012,100.0,100.0,1.3833076081937179e-05,8.46712828206364e-06
fede_536327ffa0d6,E,federated,aggregation,fl,mnist,mlp,adamw,mse,0.5,2000,200,0.1,0.001,123,10,5,1.0,iid,0.5,fedavg,1.0,0.0,8000,10000,90.0,600.0,5100.0,inf,False,100.0,79.79999780654907,40000.0,K,init_to_end,0.0,40000.0,0.0,0.0,9.4399995803833,0.0,31.799999237060547,9.4399995803833,79.79999542236328,599.0208129882812,0.00020418323401827365
fede_536327ffa0d6,E,federated,aggregation,fl,mnist,mlp,adamw,mse,0.5,2000,200,0.1,0.001,123,10,5,1.0,iid,0.5,fedavg,1.0,0.0,8000,10000,90.0,600.0,5100.0,inf,False,100.0,79.79999780654907,40000.0,K,fed_to_twin,40000.0,40000.0,0.038563744468547156,371.45213180066816,78.75999450683594,0.4,79.7199935913086,79.79999542236328,93.0999984741211,0.00020418323401827365,3.45452690453385e-06
fede_53b73d192511,E,federated,aggregation,fl,mnist,mlp,adamw,mse,0.5,2000,200,0.1,0.001,456,5,5,1.0,iid,0.5,fedavg,1.0,0.0,8000,10000,90.0,400.0,2700.0,inf,False,100.0,75.90000033378601,40000.0,K,init_to_end,0.0,40000.0,0.0,0.0,9.399999618530273,0.2,19.520000457763672,9.899999618530273,75.9000015258789,770.26806640625,0.0004477816401049495
fede_53b73d192511,E,federated,aggregation,fl,mnist,mlp,adamw,mse,0.5,2000,200,0.1,0.001,456,5,5,1.0,iid,0.5,fedavg,1.0,0.0,8000,10000,90.0,400.0,2700.0,inf,False,100.0,75.90000033378601,40000.0,K,fed_to_twin,40000.0,40000.0,0.05682922978067495,253.3385393994683,62.47999572753906,0.5,62.47999572753906,75.9000015258789,94.36000061035156,0.0004477816401049495,8.609542305748619e-07
fede_5417b8e1d282,C,federated,partitions,,s5,transformer,adamw,ce,0.4,1000,256,1.0,0.001,42,50,5,1.0,target,0.5,fedavg,1.0,0.0,40000,10000,85.0,inf,inf,inf,False,1.64930559694767,0.7175925653427839,200000.0,partition,init_to_end,0.0,200000.0,0.0,0.0,0.7175925374031067,1.0,0.8101851940155029,0.9259259104728699,0.7175925374031067,4.797294616699219,5.361728191375732
fede_5417b8e1d282,C,federated,partitions,,s5,transformer,adamw,ce,0.4,1000,256,1.0,0.001,42,50,5,1.0,target,0.5,fedavg,1.0,0.0,40000,10000,85.0,inf,inf,inf,False,1.64930559694767,0.7175925653427839,200000.0,partition,fed_to_twin,100000.0,100000.0,1.870054791396615,0.6884567802654022,0.7523148059844971,0.0,8.75,0.7523148059844971,100.0,5.432590484619141,8.46712828206364e-06
fede_55a70a848739,E,federated,aggregation_alpha2,fl,mnist,mlp,adamw,mse,0.5,4000,200,0.1,0.001,42,10,5,1.0,iid,0.5,fedavg,1.0,0.0,8000,10000,90.0,inf,697.0,inf,False,98.0750024318695,76.03999972343445,12701.5,K,init_to_end,0.0,12701.5,0.0,0.0,10.480000495910645,0.0,22.19999885559082,10.480000495910645,76.04000091552734,847.71337890625,0.020249292254447937
fede_58a41813a849,C,federated,aggregation,fl,s5,transformer,adamw,ce,0.4,1000,256,1.0,0.001,123,2,5,1.0,iid,0.5,fedavg,1.0,0.0,40000,10000,85.0,500.0,8100.0,8100.0,True,100.0,100.0,200000.0,K,init_to_end,0.0,200000.0,2.1023730208493987,0.8762430376263073,0.8217592835426331,0.2,3.3912036418914795,1.064814805984497,100.0,4.798606872558594,2.0463909322643303e-07
fede_58a41813a849,C,federated,aggregation,fl,s5,transformer,adamw,ce,0.4,1000,256,1.0,0.001,123,2,5,1.0,iid,0.5,fedavg,1.0,0.0,40000,10000,85.0,500.0,8100.0,8100.0,True,100.0,100.0,200000.0,K,fed_to_twin,100000.0,100000.0,4.452652074644959,1610993.3800357783,10.543981552124023,0.5,10.543981552124023,100.0,100.0,1.0562970373939606e-06,4.471537067729514e-06
fede_58f80a456b20,E,federated,dirichlet_setups,,mnist,mlp,adamw,mse,0.5,2000,200,0.1,0.001,42,10,5,1.0,dirichlet,0.1,fedavg,1.0,0.0,8000,10000,90.0,800.0,4100.0,39800.0,True,100.0,90.35999774932861,40000.0,dirichlet,init_to_end,0.0,40000.0,0.0,0.0,10.119999885559082,0.0,12.4399995803833,10.119999885559082,90.36000061035156,838.573974609375,0.004424910061061382
fede_58f80a456b20,E,federated,dirichlet_setups,,mnist,mlp,adamw,mse,0.5,2000,200,0.1,0.001,42,10,5,1.0,dirichlet,0.1,fedavg,1.0,0.0,8000,10000,90.0,800.0,4100.0,39800.0,True,100.0,90.35999774932861,40000.0,dirichlet,fed_to_twin,40000.0,40000.0,0.0771710679480293,34.82389114728685,51.959999084472656,0.5,51.959999084472656,90.36000061035156,95.13999938964844,0.004424910061061382,7.166045634221518e-06
fede_598b126959c7,D,federated,partitions,,s5,groknet,adamw,ce,0.3,1000,256,1.0,0.001,123,10,5,1.0,operand,0.5,fedavg,1.0,0.0,50000,10000,85.0,inf,inf,inf,False,98.00925850868225,11.031746119260788,250000.0,partition,init_to_end,0.0,250000.0,0.9043737649917603,0.2588916003182825,0.8730159401893616,0.0,9.424602508544922,0.8730159401893616,11.031745910644531,4.787496566772461,2.1990087032318115
fede_598b126959c7,D,federated,partitions,,s5,groknet,adamw,ce,0.3,1000,256,1.0,0.001,123,10,5,1.0,operand,0.5,fedavg,1.0,0.0,50000,10000,85.0,inf,inf,inf,False,98.00925850868225,11.031746119260788,250000.0,partition,fed_to_twin,250000.0,250000.0,1.851345358729259,1.6837950350672362,9.166666984558105,0.2,50.9226188659668,11.031745910644531,97.62896728515625,2.1990087032318115,6.402731287380448e-06
fede_5b6536066629,E,federated,dirichlet_setups,,mnist,mlp,adamw,mse,0.5,2000,200,0.1,0.001,123,10,5,1.0,dirichlet,0.1,fedavg,1.0,0.0,8000,10000,90.0,1100.0,4900.0,39200.0,True,100.0,90.43999910354614,40000.0,dirichlet,init_to_end,0.0,40000.0,0.0,0.0,9.4399995803833,0.0,10.879999160766602,9.4399995803833,90.44000244140625,599.0208129882812,0.007409439887851477
fede_5b6536066629,E,federated,dirichlet_setups,,mnist,mlp,adamw,mse,0.5,2000,200,0.1,0.001,123,10,5,1.0,dirichlet,0.1,fedavg,1.0,0.0,8000,10000,90.0,1100.0,4900.0,39200.0,True,100.0,90.43999910354614,40000.0,dirichlet,fed_to_twin,40000.0,40000.0,0.07904868630225792,21.327347154683505,36.040000915527344,0.5,36.040000915527344,90.44000244140625,93.0999984741211,0.007409439887851477,3.45452690453385e-06
fede_5dd758bf4229,E,federated,aggregation_alpha2,fl,mnist,mlp,adamw,mse,0.5,4000,200,0.1,0.001,456,2,5,1.0,iid,0.5,fedavg,1.0,0.0,8000,10000,90.0,800.0,1600.0,inf,False,100.0,89.03999924659729,40000.0,K,init_to_end,0.0,40000.0,0.0,0.0,9.299999237060547,0.1,16.15999984741211,9.559999465942383,89.04000091552734,769.6767578125,8.164825703715906e-05
fede_5eb9fab427dd,D,federated,aggregation,fl,s5,groknet,adamw,ce,0.3,1000,256,1.0,0.001,42,10,5,1.0,iid,0.5,fedavg,1.0,0.0,50000,10000,85.0,4000.0,121500.0,248800.0,True,100.0,85.44642925262451,250000.0,K,init_to_end,0.0,250000.0,1.067270909820218,0.4457318509011727,0.7440476417541504,0.0,82.35118865966797,0.7440476417541504,85.44642639160156,4.787502765655518,0.001344644115306437
fede_5eb9fab427dd,D,federated,aggregation,fl,s5,groknet,adamw,ce,0.3,1000,256,1.0,0.001,42,10,5,1.0,iid,0.5,fedavg,1.0,0.0,50000,10000,85.0,4000.0,121500.0,248800.0,True,100.0,85.44642925262451,250000.0,K,fed_to_twin,250000.0,250000.0,1.5080017223774576,2232.3509062353405,49.355159759521484,0.4,50.595237731933594,85.44642639160156,97.55952453613281,0.001344644115306437,6.399502581189154e-06
fede_5ec62e00120f,D,federated,aggregation,fl,s5,groknet,adamw,ce,0.3,1000,256,1.0,0.001,456,20,5,1.0,iid,0.5,fedavg,1.0,0.0,50000,10000,85.0,14800.0,73000.0,73000.0,True,100.0,92.16269850730896,250000.0,K,memo_to_end,25000.0,250000.0,1.012140429019928,2.052531584559373,37.123016357421875,0.0,78.1547622680664,37.123016357421875,92.1626968383789,0.8076854348182678,0.17855072021484375
fede_5ec62e00120f,D,federated,aggregation,fl,s5,groknet,adamw,ce,0.3,1000,256,1.0,0.001,456,20,5,1.0,iid,0.5,fedavg,1.0,0.0,50000,10000,85.0,14800.0,73000.0,73000.0,True,100.0,92.16269850730896,250000.0,K,init_to_end,0.0,250000.0,1.3822691440582275,0.5566857856690539,0.7440476417541504,0.0,89.375,0.7440476417541504,92.1626968383789,4.787515163421631,0.17855072021484375
fede_5ec62e00120f,D,federated,aggregation,fl,s5,groknet,adamw,ce,0.3,1000,256,1.0,0.001,456,20,5,1.0,iid,0.5,fedavg,1.0,0.0,50000,10000,85.0,14800.0,73000.0,73000.0,True,100.0,92.16269850730896,250000.0,K,fed_to_twin,250000.0,250000.0,2.193134414629094,24.565056153490236,52.83729934692383,0.4,57.90674591064453,92.1626968383789,95.29762268066406,0.17855072021484375,6.5280100898235105e-06
fede_606543df2532,E,federated,participation_setups,,mnist,mlp,adamw,mse,0.5,2000,200,0.1,0.001,456,20,5,0.5,iid,0.5,fedavg,1.0,0.0,16000,10000,90.0,700.0,5700.0,inf,False,100.0,89.05999660491943,40000.0,f,init_to_end,0.0,40000.0,0.0,0.0,9.899999618530273,0.0,19.68000030517578,9.899999618530273,89.05999755859375,770.26806640625,0.0001833018905017525
fede_606543df2532,E,federated,participation_setups,,mnist,mlp,adamw,mse,0.5,2000,200,0.1,0.001,456,20,5,0.5,iid,0.5,fedavg,1.0,0.0,16000,10000,90.0,700.0,5700.0,inf,False,100.0,89.05999660491943,40000.0,f,fed_to_twin,40000.0,40000.0,0.05442172319217775,591.0174038772842,74.25999450683594,0.5,74.25999450683594,89.05999755859375,94.36000061035156,0.0001833018905017525,8.609542305748619e-07
fede_611541782d8c,E,federated,participation_setups,,mnist,mlp,adamw,mse,0.5,2000,200,0.1,0.001,42,20,5,0.5,iid,0.5,fedavg,1.0,0.0,16000,10000,90.0,600.0,5700.0,5700.0,True,100.0,93.4399962425232,40000.0,f,init_to_end,0.0,40000.0,0.0,0.0,10.119999885559082,0.0,27.81999969482422,10.119999885559082,93.43999481201172,838.573974609375,6.751004548277706e-05
fede_611541782d8c,E,federated,participation_setups,,mnist,mlp,adamw,mse,0.5,2000,200,0.1,0.001,42,20,5,0.5,iid,0.5,fedavg,1.0,0.0,16000,10000,90.0,600.0,5700.0,5700.0,True,100.0,93.4399962425232,40000.0,f,fed_to_twin,40000.0,40000.0,0.053480726274528934,1432.33866354194,87.5,0.6000000000000001,87.73999786376953,93.43999481201172,95.13999938964844,6.751004548277706e-05,7.166045634221518e-06
fede_61d5a8524eb9,E,federated,aggregation,fl,mnist,mlp,adamw,mse,0.5,2000,200,0.1,0.001,456,2,5,1.0,iid,0.5,fedavg,1.0,0.0,8000,10000,90.0,200.0,1200.0,inf,False,100.0,82.97999501228333,40000.0,K,init_to_end,0.0,40000.0,0.0,0.0,9.899999618530273,0.0,15.019999504089355,9.899999618530273,82.97999572753906,770.26806640625,0.00019315554527565837
fede_61d5a8524eb9,E,federated,aggregation,fl,mnist,mlp,adamw,mse,0.5,2000,200,0.1,0.001,456,2,5,1.0,iid,0.5,fedavg,1.0,0.0,8000,10000,90.0,200.0,1200.0,inf,False,100.0,82.97999501228333,40000.0,K,fed_to_twin,40000.0,40000.0,0.052661048420674206,542.8512374431572,68.54000091552734,0.4,72.57999420166016,82.97999572753906,94.36000061035156,0.00019315554527565837,8.609542305748619e-07
fede_62ab3200bd87,C,federated,aggregation,fl,s5,transformer,adamw,ce,0.4,1000,256,1.0,0.001,456,5,5,1.0,iid,0.5,fedavg,1.0,0.0,40000,10000,85.0,1200.0,8100.0,8100.0,True,100.0,100.0,200000.0,K,init_to_end,0.0,200000.0,2.1563715922646227,0.899281069578366,0.7754629254341125,0.0,3.14814829826355,0.7754629254341125,100.0,4.795767784118652,2.4214383831377972e-09
fede_62ab3200bd87,C,federated,aggregation,fl,s5,transformer,adamw,ce,0.4,1000,256,1.0,0.001,456,5,5,1.0,iid,0.5,fedavg,1.0,0.0,40000,10000,85.0,1200.0,8100.0,8100.0,True,100.0,100.0,200000.0,K,fed_to_twin,100000.0,100000.0,4.459566151131185,228513.764318214,8.321759223937988,0.5,8.321759223937988,100.0,100.0,2.4799644961603917e-05,1.4231405657483265e-05
fede_63b658fc98ca,D,federated,setup_k_ladder,,s5,groknet,adamw,ce,0.3,1000,256,1.0,0.001,456,5,5,1.0,iid,0.5,fedavg,1.0,0.0,20000,10000,85.0,1400.0,25500.0,25500.0,True,100.0,94.47420835494995,100000.0,K,init_to_end,0.0,100000.0,0.9237833854358541,0.38591210807742826,0.7440476417541504,0.0,93.0059585571289,0.7440476417541504,94.47420501708984,4.787515163421631,1.7365879102726467e-05
fede_63b658fc98ca,D,federated,setup_k_ladder,,s5,groknet,adamw,ce,0.3,1000,256,1.0,0.001,456,5,5,1.0,iid,0.5,fedavg,1.0,0.0,20000,10000,85.0,1400.0,25500.0,25500.0,True,100.0,94.47420835494995,100000.0,K,fed_to_twin,100000.0,100000.0,1.1988958821038977,100157.80917634598,54.83134841918945,0.5,54.83134841918945,94.47420501708984,94.68254089355469,1.7365879102726467e-05,6.574258804903366e-06
fede_6586255c6df0,D,federated,dirichlet_setups,,s5,groknet,adamw,ce,0.3,1000,256,1.0,0.001,456,10,5,1.0,dirichlet,1.0,fedavg,1.0,0.0,50000,10000,85.0,8500.0,inf,inf,False,100.0,74.92063641548157,250000.0,dirichlet,init_to_end,0.0,250000.0,1.302959457039833,0.5391264235894986,0.7440476417541504,0.0,71.6170654296875,0.7440476417541504,74.92063903808594,4.787515163421631,0.046080075204372406
fede_6586255c6df0,D,federated,dirichlet_setups,,s5,groknet,adamw,ce,0.3,1000,256,1.0,0.001,456,10,5,1.0,dirichlet,1.0,fedavg,1.0,0.0,50000,10000,85.0,8500.0,inf,inf,False,100.0,74.92063641548157,250000.0,dirichlet,fed_to_twin,250000.0,250000.0,2.012334761993043,87.32840442280897,41.08135223388672,0.4,46.92460250854492,74.92063903808594,95.29762268066406,0.046080075204372406,6.5280100898235105e-06
fede_673c77548d8b,D,federated,dirichlet_setups,,s5,groknet,adamw,ce,0.3,1000,256,1.0,0.001,123,10,5,1.0,dirichlet,1.0,fedavg,1.0,0.0,50000,10000,85.0,11500.0,inf,inf,False,100.0,75.90277791023254,250000.0,dirichlet,init_to_end,0.0,250000.0,1.3042056962847708,0.538941441130282,0.8730159401893616,0.0,72.58928680419922,0.8730159401893616,75.90277862548828,4.787496566772461,0.052382487803697586
fede_673c77548d8b,D,federated,dirichlet_setups,,s5,groknet,adamw,ce,0.3,1000,256,1.0,0.001,123,10,5,1.0,dirichlet,1.0,fedavg,1.0,0.0,50000,10000,85.0,11500.0,inf,inf,False,100.0,75.90277791023254,250000.0,dirichlet,fed_to_twin,250000.0,250000.0,2.0095082309542702,76.71505200562831,41.65674591064453,0.4,48.92856979370117,75.90277862548828,97.62896728515625,0.052382487803697586,6.402731287380448e-06
fede_6755f6a70ddb,D,federated,local_epochs,,s5,groknet,adamw,ce,0.3,1000,256,1.0,0.001,456,10,50,1.0,iid,0.5,fedavg,1.0,0.0,5000,10000,85.0,2600.0,inf,inf,False,100.0,81.72619342803955,250000.0,E,init_to_end,0.0,250000.0,1.330777642130852,0.5481055714389166,0.7440476417541504,0.0,77.71826171875,0.7440476417541504,81.7261962890625,4.787515163421631,0.06840205937623978
fede_6755f6a70ddb,D,federated,local_epochs,,s5,groknet,adamw,ce,0.3,1000,256,1.0,0.001,456,10,50,1.0,iid,0.5,fedavg,1.0,0.0,5000,10000,85.0,2600.0,inf,inf,False,100.0,81.72619342803955,250000.0,E,fed_to_twin,250000.0,250000.0,2.028871209398858,59.316272617677136,46.636905670166016,0.4,53.17460250854492,81.7261962890625,95.29762268066406,0.06840205937623978,6.5280100898235105e-06
fede_67eb540b0119,E,federated,dirichlet_setups,,mnist,mlp,adamw,mse,0.5,2000,200,0.1,0.001,123,10,5,1.0,dirichlet,1000.0,fedavg,1.0,0.0,8000,10000,90.0,600.0,4100.0,inf,False,100.0,76.45999789237976,40000.0,dirichlet,init_to_end,0.0,40000.0,0.0,0.0,9.4399995803833,0.0,37.3599967956543,9.4399995803833,76.45999908447266,599.0208129882812,0.0005874603521078825
fede_67eb540b0119,E,federated,dirichlet_setups,,mnist,mlp,adamw,mse,0.5,2000,200,0.1,0.001,123,10,5,1.0,dirichlet,1000.0,fedavg,1.0,0.0,8000,10000,90.0,600.0,4100.0,inf,False,100.0,76.45999789237976,40000.0,dirichlet,fed_to_twin,40000.0,40000.0,0.03506515081039652,118.68088638756285,72.85999298095703,0.30000000000000004,74.57999420166016,76.45999908447266,93.0999984741211,0.0005874603521078825,3.45452690453385e-06
fede_683da0f4102a,E,federated,partitions,,mnist,mlp,adamw,mse,0.5,2000,200,0.1,0.001,123,20,5,1.0,label_block,0.5,fedavg,1.0,0.0,8000,10000,90.0,4300.0,inf,inf,False,100.0,67.41999983787537,40000.0,partition,memo_to_end,4000.0,40000.0,0.543961551040411,16.18208773144785,9.859999656677246,0.4,10.579999923706055,39.37999725341797,67.41999816894531,0.02989664301276207,0.03733344003558159
fede_683da0f4102a,E,federated,partitions,,mnist,mlp,adamw,mse,0.5,2000,200,0.1,0.001,123,20,5,1.0,label_block,0.5,fedavg,1.0,0.0,8000,10000,90.0,4300.0,inf,inf,False,100.0,67.41999983787537,40000.0,partition,init_to_end,0.0,40000.0,0.0,0.0,9.4399995803833,0.0,12.539999008178711,9.4399995803833,67.41999816894531,599.0208129882812,0.03733344003558159
fede_683da0f4102a,E,federated,partitions,,mnist,mlp,adamw,mse,0.5,2000,200,0.1,0.001,123,20,5,1.0,label_block,0.5,fedavg,1.0,0.0,8000,10000,90.0,4300.0,inf,inf,False,100.0,67.41999983787537,40000.0,partition,fed_to_twin,40000.0,40000.0,0.09622579255978964,5.154461488421244,23.239999771118164,0.4,25.459999084472656,67.41999816894531,93.0999984741211,0.03733344003558159,3.45452690453385e-06
fede_6a891d81269e,E,federated,partitions,,mnist,mlp,adamw,mse,0.5,2000,200,0.1,0.001,123,10,5,1.0,label_block,0.5,fedavg,1.0,0.0,8000,10000,90.0,inf,inf,inf,False,96.65000438690186,71.35999798774719,40000.0,partition,init_to_end,0.0,40000.0,0.0,0.0,8.779999732971191,0.4,9.699999809265137,9.4399995803833,71.36000061035156,599.0208129882812,0.04363040253520012
fede_6a891d81269e,E,federated,partitions,,mnist,mlp,adamw,mse,0.5,2000,200,0.1,0.001,123,10,5,1.0,label_block,0.5,fedavg,1.0,0.0,8000,10000,90.0,inf,inf,inf,False,96.65000438690186,71.35999798774719,40000.0,partition,fed_to_twin,40000.0,40000.0,0.09582887170090544,4.39240892981388,9.979999542236328,0.4,9.979999542236328,71.36000061035156,93.0999984741211,0.04363040253520012,3.45452690453385e-06
fede_6c1b1a7712f1,C,federated,participation_setups,,s5,transformer,adamw,ce,0.5,1000,256,1.0,0.001,456,20,5,0.5,iid,0.5,fedavg,1.0,0.0,80000,10000,85.0,7200.0,7400.0,7400.0,True,100.0,100.0,200000.0,f,init_to_end,0.0,200000.0,2.233411732167049,0.9313279455725854,0.6666666865348816,0.0,2.555555582046509,0.6666666865348816,100.0,4.796187400817871,1.1354676132668828e-07
fede_6c1b1a7712f1,C,federated,participation_setups,,s5,transformer,adamw,ce,0.5,1000,256,1.0,0.001,456,20,5,0.5,iid,0.5,fedavg,1.0,0.0,80000,10000,85.0,7200.0,7400.0,7400.0,True,100.0,100.0,200000.0,f,fed_to_twin,100000.0,100000.0,4.445504775980879,1377488.353241196,17.47222328186035,0.5,17.47222328186035,100.0,100.0,2.555544256210851e-07,6.198953542480012e-06
fede_6ef9fb2db403,C,federated,dirichlet_setups,,s5,transformer,adamw,ce,0.4,1000,256,1.0,0.001,456,10,5,1.0,dirichlet,1000.0,fedavg,1.0,0.0,40000,10000,85.0,2600.0,8500.0,8500.0,True,100.0,100.0,200000.0,dirichlet,init_to_end,0.0,200000.0,2.272531048566248,0.9477231841424895,0.7638888955116272,0.1,1.9907407760620117,0.7754629254341125,100.0,4.795767784118652,1.8806753132594167e-06
fede_6ef9fb2db403,C,federated,dirichlet_setups,,s5,transformer,adamw,ce,0.4,1000,256,1.0,0.001,456,10,5,1.0,dirichlet,1000.0,fedavg,1.0,0.0,40000,10000,85.0,2600.0,8500.0,8500.0,True,100.0,100.0,200000.0,dirichlet,fed_to_twin,100000.0,100000.0,4.4665555516206865,620670.9078579115,10.671296119689941,0.5,10.671296119689941,100.0,100.0,1.612636140180257e-07,1.4231405657483265e-05
fede_6efca7447c22,D,federated,partitions,,s5,groknet,adamw,ce,0.3,1000,256,1.0,0.001,42,10,5,1.0,operand,0.5,fedavg,1.0,0.0,50000,10000,85.0,inf,inf,inf,False,97.1990704536438,9.255952388048172,250000.0,partition,init_to_end,0.0,250000.0,0.8845332860946655,0.2514003450959622,0.7440476417541504,0.0,8.125,0.7440476417541504,9.255952835083008,4.787502765655518,2.249347448348999
fede_6efca7447c22,D,federated,partitions,,s5,groknet,adamw,ce,0.3,1000,256,1.0,0.001,42,10,5,1.0,operand,0.5,fedavg,1.0,0.0,50000,10000,85.0,inf,inf,inf,False,97.1990704536438,9.255952388048172,250000.0,partition,fed_to_twin,250000.0,250000.0,1.8406748885064645,1.6366254604757218,8.19444465637207,0.2,50.17856979370117,9.255952835083008,97.55952453613281,2.249347448348999,6.399502581189154e-06
fede_6f1f166ad237,E,federated,local_epochs,,mnist,mlp,adamw,mse,0.5,2000,200,0.1,0.001,456,10,25,1.0,iid,0.5,fedavg,1.0,0.0,800,10000,90.0,1200.0,4600.0,4600.0,True,100.0,93.17999482154846,20000.0,E,memo_to_end,2000.0,20000.0,0.023200613696099028,4.325594331804992,71.0,0.0,87.15999603271484,71.0,93.17999267578125,0.010626314207911491,0.0001008191829896532
fede_6f1f166ad237,E,federated,local_epochs,,mnist,mlp,adamw,mse,0.5,2000,200,0.1,0.001,456,10,25,1.0,iid,0.5,fedavg,1.0,0.0,800,10000,90.0,1200.0,4600.0,4600.0,True,100.0,93.17999482154846,20000.0,E,init_to_end,0.0,20000.0,0.0,0.0,9.899999618530273,0.0,21.119998931884766,9.899999618530273,93.17999267578125,770.26806640625,0.0001008191829896532
fede_6f1f166ad237,E,federated,local_epochs,,mnist,mlp,adamw,mse,0.5,2000,200,0.1,0.001,456,10,25,1.0,iid,0.5,fedavg,1.0,0.0,800,10000,90.0,1200.0,4600.0,4600.0,True,100.0,93.17999482154846,20000.0,E,fed_to_twin,20000.0,20000.0,0.04340514668271567,856.6220963204308,85.73999786376953,0.4,86.25999450683594,93.17999267578125,94.33999633789062,0.0001008191829896532,5.210623044149543e-07
fede_70e24617ca0c,E,federated,partitions,,mnist,mlp,adamw,mse,0.5,2000,200,0.1,0.001,42,20,5,1.0,dirichlet,0.5,fedavg,1.0,0.0,8000,10000,90.0,1200.0,5800.0,6200.0,True,100.0,92.77999997138977,40000.0,partition,init_to_end,0.0,40000.0,0.0,0.0,10.119999885559082,0.0,25.439998626708984,10.119999885559082,92.77999877929688,838.573974609375,0.0004443381621968001
fede_70e24617ca0c,E,federated,partitions,,mnist,mlp,adamw,mse,0.5,2000,200,0.1,0.001,42,20,5,1.0,dirichlet,0.5,fedavg,1.0,0.0,8000,10000,90.0,1200.0,5800.0,6200.0,True,100.0,92.77999997138977,40000.0,partition,fed_to_twin,40000.0,40000.0,0.06028977457822293,267.06185028861023,82.29999542236328,0.5,82.29999542236328,92.77999877929688,95.13999938964844,0.0004443381621968001,7.166045634221518e-06
fede_71b501d82870,E,federated,local_epochs,,mnist,mlp,adamw,mse,0.5,2000,200,0.1,0.001,42,10,10,1.0,iid,0.5,fedavg,1.0,0.0,2000,10000,90.0,800.0,4800.0,4800.0,True,100.0,93.59999895095825,20000.0,E,init_to_end,0.0,20000.0,0.0,0.0,10.119999885559082,0.0,39.13999938964844,10.119999885559082,93.5999984741211,838.573974609375,3.951489270548336e-05
fede_71b501d82870,E,federated,local_epochs,,mnist,mlp,adamw,mse,0.5,2000,200,0.1,0.001,42,10,10,1.0,iid,0.5,fedavg,1.0,0.0,2000,10000,90.0,800.0,4800.0,4800.0,True,100.0,93.59999895095825,20000.0,E,fed_to_twin,20000.0,20000.0,0.03919847490985262,1955.6239993647278,89.37999725341797,0.4,89.5199966430664,93.5999984741211,94.87999725341797,3.951489270548336e-05,5.730535690418037e-07
fede_72a7055c8c1a,E,federated,setup_k_ladder,,mnist,mlp,adamw,mse,0.5,2000,200,0.1,0.001,42,5,5,1.0,iid,0.5,fedavg,1.0,0.0,4000,10000,90.0,300.0,2700.0,2700.0,True,100.0,91.25999808311462,20000.0,K,init_to_end,0.0,20000.0,0.0,0.0,10.119999885559082,0.0,39.779998779296875,10.119999885559082,91.25999450683594,838.573974609375,1.659849294810556e-05
fede_72a7055c8c1a,E,federated,setup_k_ladder,,mnist,mlp,adamw,mse,0.5,2000,200,0.1,0.001,42,5,5,1.0,iid,0.5,fedavg,1.0,0.0,4000,10000,90.0,300.0,2700.0,2700.0,True,100.0,91.25999808311462,20000.0,K,fed_to_twin,20000.0,20000.0,0.047326015135843134,5512.143602043505,86.43999481201172,0.5,86.43999481201172,91.25999450683594,94.87999725341797,1.659849294810556e-05,5.730535690418037e-07
fede_730847bebf53,D,federated,aggregation,fl,s5,groknet,adamw,ce,0.3,1000,256,1.0,0.001,456,5,5,1.0,iid,0.5,fedavg,1.0,0.0,50000,10000,85.0,1400.0,26200.0,26200.0,True,100.0,95.6845223903656,250000.0,K,init_to_end,0.0,250000.0,0.933029963191621,0.38977494392749423,0.7440476417541504,0.0,94.1964340209961,0.7440476417541504,95.68452453613281,4.787515163421631,1.660447560425382e-05
fede_730847bebf53,D,federated,aggregation,fl,s5,groknet,adamw,ce,0.3,1000,256,1.0,0.001,456,5,5,1.0,iid,0.5,fedavg,1.0,0.0,50000,10000,85.0,1400.0,26200.0,26200.0,True,100.0,95.6845223903656,250000.0,K,fed_to_twin,250000.0,250000.0,1.1346493930009274,98100.08383936314,55.138893127441406,0.5,55.138893127441406,95.68452453613281,95.29762268066406,1.660447560425382e-05,6.5280100898235105e-06
fede_73883791d457,E,federated,local_epochs,,mnist,mlp,adamw,mse,0.5,2000,200,0.1,0.001,123,10,10,1.0,iid,0.5,fedavg,1.0,0.0,2000,10000,90.0,700.0,5100.0,inf,False,100.0,88.83999586105347,20000.0,E,init_to_end,0.0,20000.0,0.0,0.0,9.4399995803833,0.0,37.63999938964844,9.4399995803833,88.83999633789062,599.0208129882812,3.499361264402978e-05
fede_73883791d457,E,federated,local_epochs,,mnist,mlp,adamw,mse,0.5,2000,200,0.1,0.001,123,10,10,1.0,iid,0.5,fedavg,1.0,0.0,2000,10000,90.0,700.0,5100.0,inf,False,100.0,88.83999586105347,20000.0,E,fed_to_twin,20000.0,20000.0,0.03998934485787231,2064.743908252606,79.39999389648438,0.5,79.39999389648438,88.83999633789062,93.57999420166016,3.499361264402978e-05,3.7417914882098557e-06
fede_739414974015,C,federated,setup_k_ladder,,s5,transformer,adamw,ce,0.5,1000,256,1.0,0.001,456,5,5,1.0,iid,0.5,fedavg,1.0,0.0,40000,10000,85.0,1200.0,4100.0,4100.0,True,100.0,100.0,200000.0,K,init_to_end,0.0,200000.0,2.0352461150182535,0.8486927271936017,0.6666666865348816,0.0,6.347222805023193,0.6666666865348816,100.0,4.796187400817871,3.3754322430468164e-06
fede_739414974015,C,federated,setup_k_ladder,,s5,transformer,adamw,ce,0.5,1000,256,1.0,0.001,456,5,5,1.0,iid,0.5,fedavg,1.0,0.0,40000,10000,85.0,1200.0,4100.0,4100.0,True,100.0,100.0,200000.0,K,fed_to_twin,100000.0,100000.0,4.410501516371596,1167284.7207762108,13.472223281860352,0.5,13.472223281860352,100.0,100.0,1.357902874588035e-06,6.198953542480012e-06
fede_740c3e6be4cd,E,federated,setup_k_ladder,,mnist,mlp,adamw,mse,0.5,2000,200,0.1,0.001,42,20,5,1.0,iid,0.5,fedavg,1.0,0.0,4000,10000,90.0,1200.0,11700.0,11700.0,True,100.0,92.64000058174133,20000.0,K,memo_to_end,2000.0,20000.0,0.021082039503380657,3.376118689682576,47.15999984741211,0.0,82.83999633789062,47.15999984741211,92.63999938964844,0.012289107777178288,0.0001998130464926362
fede_740c3e6be4cd,E,federated,setup_k_ladder,,mnist,mlp,adamw,mse,0.5,2000,200,0.1,0.001,42,20,5,1.0,iid,0.5,fedavg,1.0,0.0,4000,10000,90.0,1200.0,11700.0,11700.0,True,100.0,92.64000058174133,20000.0,K,init_to_end,0.0,20000.0,0.0,0.0,10.119999885559082,0.0,33.69999694824219,10.119999885559082,92.63999938964844,838.573974609375,0.0001998130464926362
fede_740c3e6be4cd,E,federated,setup_k_ladder,,mnist,mlp,adamw,mse,0.5,2000,200,0.1,0.001,42,20,5,1.0,iid,0.5,fedavg,1.0,0.0,4000,10000,90.0,1200.0,11700.0,11700.0,True,100.0,92.64000058174133,20000.0,K,fed_to_twin,20000.0,20000.0,0.03856603664505087,384.91728351597646,85.0199966430664,0.4,86.0199966430664,92.63999938964844,94.87999725341797,0.0001998130464926362,5.730535690418037e-07
fede_75f2a9df4ae6,C,federated,partitions,,s5,transformer,adamw,ce,0.4,1000,256,1.0,0.001,456,50,5,1.0,dirichlet,0.5,fedavg,1.0,0.0,40000,10000,85.0,inf,inf,inf,False,69.49653029441833,23.668980598449707,200000.0,partition,init_to_end,0.0,200000.0,1.994106960296631,0.5811364965988758,0.7060185074806213,0.30000000000000004,1.0300925970077515,0.7754629254341125,23.66897964477539,4.795767784118652,2.0670156478881836
fede_75f2a9df4ae6,C,federated,partitions,,s5,transformer,adamw,ce,0.4,1000,256,1.0,0.001,456,50,5,1.0,dirichlet,0.5,fedavg,1.0,0.0,40000,10000,85.0,inf,inf,inf,False,69.49653029441833,23.668980598449707,200000.0,partition,fed_to_twin,100000.0,100000.0,3.6684445511291415,3.557326981693438,1.064814805984497,0.4,2.430555582046509,24.629629135131836,100.0,2.0624582767486572,1.4231405657483265e-05
fede_76d411fdcbb5,E,federated,dirichlet_setups,,mnist,mlp,adamw,mse,0.5,2000,200,0.1,0.001,42,10,5,1.0,dirichlet,1000.0,fedavg,1.0,0.0,8000,10000,90.0,600.0,4100.0,inf,False,100.0,89.12000060081482,40000.0,dirichlet,init_to_end,0.0,40000.0,0.0,0.0,10.119999885559082,0.0,30.479999542236328,10.119999885559082,89.12000274658203,838.573974609375,3.047487734875176e-05
fede_76d411fdcbb5,E,federated,dirichlet_setups,,mnist,mlp,adamw,mse,0.5,2000,200,0.1,0.001,42,10,5,1.0,dirichlet,1000.0,fedavg,1.0,0.0,8000,10000,90.0,600.0,4100.0,inf,False,100.0,89.12000060081482,40000.0,dirichlet,fed_to_twin,40000.0,40000.0,0.05186490570204114,2755.7722601808687,81.23999786376953,0.4,81.27999877929688,89.12000274658203,95.13999938964844,3.047487734875176e-05,7.166045634221518e-06
fede_7749cf33776e,C,federated,local_epochs,,s5,transformer,adamw,ce,0.5,1000,256,1.0,0.001,42,10,50,1.0,iid,0.5,fedavg,1.0,0.0,4000,10000,85.0,inf,inf,inf,False,86.59722208976746,67.72222518920898,200000.0,E,init_to_end,0.0,200000.0,3.4639932155609134,1.326178791111405,0.875,0.2,1.25,0.9166667461395264,67.72222900390625,4.795588493347168,0.4284329414367676
fede_7749cf33776e,C,federated,local_epochs,,s5,transformer,adamw,ce,0.5,1000,256,1.0,0.001,42,10,50,1.0,iid,0.5,fedavg,1.0,0.0,4000,10000,85.0,inf,inf,inf,False,86.59722208976746,67.72222518920898,200000.0,E,fed_to_twin,100000.0,100000.0,5.144295453444255,15.081741649657435,0.9722222685813904,0.4,1.4166667461395264,52.15277862548828,100.0,0.6821877956390381,7.171924494286941e-07
fede_786d29ef00a6,E,federated,aggregation,fl,mnist,mlp,adamw,mse,0.5,2000,200,0.1,0.001,123,5,5,1.0,iid,0.5,fedavg,1.0,0.0,8000,10000,90.0,400.0,2500.0,inf,False,100.0,75.63999891281128,40000.0,K,init_to_end,0.0,40000.0,0.0,0.0,9.4399995803833,0.0,32.13999938964844,9.4399995803833,75.63999938964844,599.0208129882812,0.00024822234991006553
fede_786d29ef00a6,E,federated,aggregation,fl,mnist,mlp,adamw,mse,0.5,2000,200,0.1,0.001,123,5,5,1.0,iid,0.5,fedavg,1.0,0.0,8000,10000,90.0,400.0,2500.0,inf,False,100.0,75.63999891281128,40000.0,K,fed_to_twin,40000.0,40000.0,0.038702415307625415,307.5563857710773,72.6199951171875,0.30000000000000004,73.7199935913086,75.63999938964844,93.0999984741211,0.00024822234991006553,3.45452690453385e-06
fede_78f540ea0054,D,federated,dirichlet_setups,,s5,groknet,adamw,ce,0.3,1000,256,1.0,0.001,123,10,5,1.0,dirichlet,1000.0,fedavg,1.0,0.0,50000,10000,85.0,2200.0,44000.0,44000.0,True,100.0,92.64881014823914,250000.0,dirichlet,init_to_end,0.0,250000.0,0.9758639263563964,0.40766454166272,0.8730159401893616,0.0,90.58531951904297,0.8730159401893616,92.64881134033203,4.787496566772461,8.64904941408895e-05
fede_78f540ea0054,D,federated,dirichlet_setups,,s5,groknet,adamw,ce,0.3,1000,256,1.0,0.001,123,10,5,1.0,dirichlet,1000.0,fedavg,1.0,0.0,50000,10000,85.0,2200.0,44000.0,44000.0,True,100.0,92.64881014823914,250000.0,dirichlet,fed_to_twin,250000.0,250000.0,1.2506883594480769,26927.43962074673,54.46428680419922,0.5,54.46428680419922,92.64881134033203,97.62896728515625,8.64904941408895e-05,6.402731287380448e-06
fede_7a0d7ded5cee,C,federated,e50_long,,s5,transformer,adamw,ce,0.5,1000,256,1.0,0.001,123,10,50,1.0,iid,0.5,fedavg,1.0,0.0,20000,10000,85.0,36000.0,35000.0,35000.0,True,100.0,100.0,1000000.0,E,init_to_end,0.0,1000000.0,2.130729324809444,0.8883893708896682,0.8611111044883728,0.1,5.5,1.0,100.0,4.7968363761901855,2.2412989153508533e-07
fede_7a0d7ded5cee,C,federated,e50_long,,s5,transformer,adamw,ce,0.5,1000,256,1.0,0.001,123,10,50,1.0,iid,0.5,fedavg,1.0,0.0,20000,10000,85.0,36000.0,35000.0,35000.0,True,100.0,100.0,1000000.0,E,fed_to_twin,100000.0,100000.0,4.507563311143109,16106475.851638125,5.041666507720947,0.5,5.041666507720947,100.0,100.0,1.4394517222626746e-07,4.157754460720753e-07
fede_7b0b94880b39,D,federated,partitions,,s5,groknet,adamw,ce,0.3,1000,256,1.0,0.001,42,20,5,1.0,operand,0.5,fedavg,1.0,0.0,50000,10000,85.0,inf,inf,inf,False,14.560185372829437,0.009920635056914762,250000.0,partition,init_to_end,0.0,250000.0,0.2115154266357422,0.04711529545521896,0.009920635260641575,0.5,0.009920635260641575,0.7440476417541504,0.009920635260641575,4.787502765655518,4.191128253936768
fede_7b0b94880b39,D,federated,partitions,,s5,groknet,adamw,ce,0.3,1000,256,1.0,0.001,42,20,5,1.0,operand,0.5,fedavg,1.0,0.0,50000,10000,85.0,inf,inf,inf,False,14.560185372829437,0.009920635056914762,250000.0,partition,fed_to_twin,250000.0,250000.0,1.151233612909846,0.5493660825070915,0.009920635260641575,0.0,60.000003814697266,0.009920635260641575,97.55952453613281,4.191128253936768,6.399502581189154e-06
fede_7ce171550d9b,D,federated,partitions,,s5,groknet,adamw,ce,0.3,1000,256,1.0,0.001,123,20,5,1.0,operand,0.5,fedavg,1.0,0.0,50000,10000,85.0,inf,inf,inf,False,15.092591941356659,0.0,250000.0,partition,init_to_end,0.0,250000.0,0.22335233688354528,0.04992466861357802,0.0,0.7000000000000001,0.0396825410425663,0.8730159401893616,0.0,4.787496566772461,4.1600775718688965
fede_7ce171550d9b,D,federated,partitions,,s5,groknet,adamw,ce,0.3,1000,256,1.0,0.001,123,20,5,1.0,operand,0.5,fedavg,1.0,0.0,50000,10000,85.0,inf,inf,inf,False,15.092591941356659,0.0,250000.0,partition,fed_to_twin,250000.0,250000.0,1.1548201903103745,0.5551908073785273,0.0,0.0,54.0773811340332,0.0,97.62896728515625,4.1600775718688965,6.402731287380448e-06
fede_7dcbaab39772,D,federated,partitions,,s5,groknet,adamw,ce,0.3,1000,256,1.0,0.001,42,20,5,1.0,target,0.5,fedavg,1.0,0.0,50000,10000,85.0,inf,inf,inf,False,4.421296343207359,0.7341269869357347,250000.0,partition,init_to_end,0.0,250000.0,0.00016379356384277344,3.423586276890788e-05,0.615079402923584,0.30000000000000004,0.704365074634552,0.7440476417541504,0.7242063283920288,4.787502765655518,4.781034469604492
fede_7dcbaab39772,D,federated,partitions,,s5,groknet,adamw,ce,0.3,1000,256,1.0,0.001,42,20,5,1.0,target,0.5,fedavg,1.0,0.0,50000,10000,85.0,inf,inf,inf,False,4.421296343207359,0.7341269869357347,250000.0,partition,fed_to_twin,250000.0,250000.0,0.9468139523416088,0.396070219127175,0.7242063283920288,0.0,53.45238494873047,0.7242063283920288,97.55952453613281,4.781034469604492,6.399502581189154e-06
fede_7ef24b29d935,D,federated,partitions,,s5,groknet,adamw,ce,0.3,1000,256,1.0,0.001,42,10,5,1.0,target,0.5,fedavg,1.0,0.0,50000,10000,85.0,inf,inf,inf,False,3.3564813435077667,0.7539682555943727,250000.0,partition,init_to_end,0.0,250000.0,0.0,0.0,0.7440476417541504,0.0,0.8333333730697632,0.7440476417541504,0.7539682388305664,4.787502765655518,4.830033779144287
fede_7ef24b29d935,D,federated,partitions,,s5,groknet,adamw,ce,0.3,1000,256,1.0,0.001,42,10,5,1.0,target,0.5,fedavg,1.0,0.0,50000,10000,85.0,inf,inf,inf,False,3.3564813435077667,0.7539682555943727,250000.0,partition,fed_to_twin,250000.0,250000.0,0.9150311821847481,0.3788917476214839,0.7539682388305664,0.0,53.89881134033203,0.7539682388305664,97.55952453613281,4.830033779144287,6.399502581189154e-06
fede_7f363c0a0cae,E,federated,dirichlet_setups,,mnist,mlp,adamw,mse,0.5,2000,200,0.1,0.001,456,10,5,1.0,dirichlet,10.0,fedavg,1.0,0.0,8000,10000,90.0,700.0,4400.0,inf,False,100.0,76.98000073432922,40000.0,dirichlet,init_to_end,0.0,40000.0,0.0,0.0,9.899999618530273,0.0,29.659997940063477,9.899999618530273,76.9800033569336,770.26806640625,0.0001932711893459782
fede_7f363c0a0cae,E,federated,dirichlet_setups,,mnist,mlp,adamw,mse,0.5,2000,200,0.1,0.001,456,10,5,1.0,dirichlet,10.0,fedavg,1.0,0.0,8000,10000,90.0,700.0,4400.0,inf,False,100.0,76.98000073432922,40000.0,dirichlet,fed_to_twin,40000.0,40000.0,0.05887956543891733,606.5926471954817,67.43999481201172,0.6000000000000001,67.55999755859375,76.9800033569336,94.36000061035156,0.0001932711893459782,8.609542305748619e-07
fede_7f9927b18fa8,D,federated,partitions,,s5,groknet,adamw,ce,0.3,1000,256,1.0,0.001,456,20,5,1.0,operand,0.5,fedavg,1.0,0.0,50000,10000,85.0,inf,inf,inf,False,14.976851642131805,0.0,250000.0,partition,init_to_end,0.0,250000.0,0.2094416618347168,0.046623109546172194,0.0,0.6000000000000001,0.01984127052128315,0.7440476417541504,0.0,4.787515163421631,4.19694185256958
fede_7f9927b18fa8,D,federated,partitions,,s5,groknet,adamw,ce,0.3,1000,256,1.0,0.001,456,20,5,1.0,operand,0.5,fedavg,1.0,0.0,50000,10000,85.0,inf,inf,inf,False,14.976851642131805,0.0,250000.0,partition,fed_to_twin,250000.0,250000.0,1.1444532360702397,0.5453739871407097,0.0,0.0,51.65674591064453,0.0,95.29762268066406,4.19694185256958,6.5280100898235105e-06
fede_7fa7e4963401,C,federated,partitions,,s5,transformer,adamw,ce,0.4,1000,256,1.0,0.001,123,50,5,1.0,operand,0.5,fedavg,1.0,0.0,40000,10000,85.0,inf,inf,inf,False,14.270833134651184,0.069444440305233,200000.0,partition,init_to_end,0.0,200000.0,1.283267116546631,0.29909740298097576,0.069444440305233,1.0,0.9606481790542603,1.064814805984497,0.069444440305233,4.798606872558594,3.7823243141174316
fede_7fa7e4963401,C,federated,partitions,,s5,transformer,adamw,ce,0.4,1000,256,1.0,0.001,123,50,5,1.0,operand,0.5,fedavg,1.0,0.0,40000,10000,85.0,inf,inf,inf,False,14.270833134651184,0.069444440305233,200000.0,partition,fed_to_twin,100000.0,100000.0,2.881885134460572,1.5047954295754806,0.138888880610466,0.0,1.3657406568527222,0.138888880610466,100.0,3.83026385307312,4.471537067729514e-06
fede_80efa2d72ffc,D,federated,aggregation,fl,s5,groknet,adamw,ce,0.3,1000,256,1.0,0.001,42,20,5,1.0,iid,0.5,fedavg,1.0,0.0,50000,10000,85.0,16400.0,129300.0,154200.0,True,100.0,88.35317492485046,250000.0,K,memo_to_end,25000.0,250000.0,1.1160654306411744,2.0681723442087203,29.52381134033203,0.0,69.19642639160156,29.52381134033203,88.3531723022461,0.8839511275291443,0.19532588124275208
fede_80efa2d72ffc,D,federated,aggregation,fl,s5,groknet,adamw,ce,0.3,1000,256,1.0,0.001,42,20,5,1.0,iid,0.5,fedavg,1.0,0.0,50000,10000,85.0,16400.0,129300.0,154200.0,True,100.0,88.35317492485046,250000.0,K,init_to_end,0.0,250000.0,1.374246820807457,0.5515930481225372,0.7440476417541504,0.0,84.12698364257812,0.7440476417541504,88.3531723022461,4.787502765655518,0.19532588124275208
fede_80efa2d72ffc,D,federated,aggregation,fl,s5,groknet,adamw,ce,0.3,1000,256,1.0,0.001,42,20,5,1.0,iid,0.5,fedavg,1.0,0.0,50000,10000,85.0,16400.0,129300.0,154200.0,True,100.0,88.35317492485046,250000.0,K,fed_to_twin,250000.0,250000.0,2.2361117812195515,22.895465846066767,48.92856979370117,0.4,56.69642639160156,88.3531723022461,97.55952453613281,0.19532588124275208,6.399502581189154e-06
fede_821d3b786046,E,federated,setup_k_ladder,,mnist,mlp,adamw,mse,0.5,2000,200,0.1,0.001,42,10,5,1.0,iid,0.5,fedavg,1.0,0.0,4000,10000,90.0,600.0,5100.0,5100.0,True,100.0,93.55999827384949,20000.0,K,init_to_end,0.0,20000.0,0.0,0.0,10.119999885559082,0.0,33.2599983215332,10.119999885559082,93.55999755859375,838.573974609375,2.708111423999071e-05
fede_821d3b786046,E,federated,setup_k_ladder,,mnist,mlp,adamw,mse,0.5,2000,200,0.1,0.001,42,10,5,1.0,iid,0.5,fedavg,1.0,0.0,4000,10000,90.0,600.0,5100.0,5100.0,True,100.0,93.55999827384949,20000.0,K,fed_to_twin,20000.0,20000.0,0.03719803810278677,2690.2301569629585,88.91999816894531,0.5,88.91999816894531,93.55999755859375,94.87999725341797,2.708111423999071e-05,5.730535690418037e-07
fede_8238631a77f6,C,federated,setup_k_ladder,,s5,transformer,adamw,ce,0.5,1000,256,1.0,0.001,456,50,5,1.0,iid,0.5,fedavg,1.0,0.0,40000,10000,85.0,57100.0,56900.0,56900.0,True,100.0,100.0,200000.0,K,memo_to_end,60000.0,200000.0,4.603585303702857,4360.87227681178,4.236111164093018,0.5,4.236111164093018,100.0,100.0,0.0005774933379143476,0.0015338206430897117
fede_8238631a77f6,C,federated,setup_k_ladder,,s5,transformer,adamw,ce,0.5,1000,256,1.0,0.001,456,50,5,1.0,iid,0.5,fedavg,1.0,0.0,40000,10000,85.0,57100.0,56900.0,56900.0,True,100.0,100.0,200000.0,K,init_to_end,0.0,200000.0,2.694394782534801,1.1231977258213128,0.6388888955116272,0.2,1.0416667461395264,0.6666666865348816,100.0,4.796187400817871,0.0015338206430897117
fede_8238631a77f6,C,federated,setup_k_ladder,,s5,transformer,adamw,ce,0.5,1000,256,1.0,0.001,456,50,5,1.0,iid,0.5,fedavg,1.0,0.0,40000,10000,85.0,57100.0,56900.0,56900.0,True,100.0,100.0,200000.0,K,fed_to_twin,100000.0,100000.0,4.645711870828791,8493.692795338555,3.097222328186035,0.5,3.097222328186035,100.0,100.0,0.001087721437215805,6.198953542480012e-06
fede_848edd86c18b,D,federated,dirichlet_setups,,s5,groknet,adamw,ce,0.3,1000,256,1.0,0.001,123,10,5,1.0,dirichlet,0.01,fedavg,1.0,0.0,50000,10000,85.0,inf,inf,inf,False,4.629629477858543,1.0714286006987095,250000.0,dirichlet,init_to_end,0.0,250000.0,0.061685800552368164,0.013143967617950584,0.8234127163887024,0.1,1.2103174924850464,0.8730159401893616,1.071428656578064,4.787496566772461,4.598680019378662
fede_848edd86c18b,D,federated,dirichlet_setups,,s5,groknet,adamw,ce,0.3,1000,256,1.0,0.001,123,10,5,1.0,dirichlet,0.01,fedavg,1.0,0.0,50000,10000,85.0,inf,inf,inf,False,4.629629477858543,1.0714286006987095,250000.0,dirichlet,fed_to_twin,250000.0,250000.0,1.1099149092434804,0.48270954240634395,1.071428656578064,0.0,10.25793743133545,1.071428656578064,97.62896728515625,4.598680019378662,6.402731287380448e-06
fede_864fa8555709,D,federated,aggregation,fl,s5,groknet,adamw,ce,0.3,1000,256,1.0,0.001,42,50,5,1.0,iid,0.5,fedavg,1.0,0.0,50000,10000,85.0,inf,inf,inf,False,79.88425493240356,36.319443583488464,250000.0,K,init_to_end,0.0,250000.0,0.5206249952316284,0.12893375323244485,0.7440476417541504,0.0,27.291667938232422,0.7440476417541504,36.31944274902344,4.787502765655518,3.2883498668670654
fede_864fa8555709,D,federated,aggregation,fl,s5,groknet,adamw,ce,0.3,1000,256,1.0,0.001,42,50,5,1.0,iid,0.5,fedavg,1.0,0.0,50000,10000,85.0,inf,inf,inf,False,79.88425493240356,36.319443583488464,250000.0,K,fed_to_twin,250000.0,250000.0,1.4641250723748729,0.8904905392086792,24.355159759521484,0.2,61.29960250854492,36.31944274902344,97.55952453613281,3.2883498668670654,6.399502581189154e-06
fede_8823ce2be91f,C,federated,aggregation,fl,s5,transformer,adamw,ce,0.4,1000,256,1.0,0.001,456,10,5,1.0,iid,0.5,fedavg,1.0,0.0,40000,10000,85.0,2900.0,9900.0,9900.0,True,100.0,100.0,200000.0,K,init_to_end,0.0,200000.0,2.292472868648895,0.9560399265452815,0.7407407164573669,0.2,2.5462963581085205,0.7754629254341125,100.0,4.795767784118652,2.6906906214207993e-07
fede_8823ce2be91f,C,federated,aggregation,fl,s5,transformer,adamw,ce,0.4,1000,256,1.0,0.001,456,10,5,1.0,iid,0.5,fedavg,1.0,0.0,40000,10000,85.0,2900.0,9900.0,9900.0,True,100.0,100.0,200000.0,K,fed_to_twin,100000.0,100000.0,4.467936436050884,617774.0718802013,9.23611068725586,0.5,9.23611068725586,100.0,100.0,2.3322353115418082e-07,1.4231405657483265e-05
fede_88f50389a58e,D,federated,local_epochs,,s5,groknet,adamw,ce,0.3,1000,256,1.0,0.001,42,10,10,1.0,iid,0.5,fedavg,1.0,0.0,25000,10000,85.0,3800.0,85400.0,91100.0,True,100.0,88.53174448013306,250000.0,E,init_to_end,0.0,250000.0,1.0600884162122384,0.44274175954510586,0.7440476417541504,0.0,86.0714340209961,0.7440476417541504,88.53174591064453,4.787502765655518,0.0012409810442477465
fede_88f50389a58e,D,federated,local_epochs,,s5,groknet,adamw,ce,0.3,1000,256,1.0,0.001,42,10,10,1.0,iid,0.5,fedavg,1.0,0.0,25000,10000,85.0,3800.0,85400.0,91100.0,True,100.0,88.53174448013306,250000.0,E,fed_to_twin,250000.0,250000.0,1.4337719806173936,2298.8525582867205,53.025794982910156,0.4,53.31349182128906,88.53174591064453,97.55952453613281,0.0012409810442477465,6.399502581189154e-06
fede_8b573cc7d21e,D,federated,setup_k_ladder,,s5,groknet,adamw,ce,0.3,1000,256,1.0,0.001,42,20,5,1.0,iid,0.5,fedavg,1.0,0.0,20000,10000,85.0,15500.0,inf,inf,False,100.0,84.02777910232544,100000.0,K,memo_to_end,20000.0,100000.0,0.8616003394126892,1.265252761072216,16.686508178710938,0.0,63.740081787109375,16.686508178710938,84.02777862548828,1.0979902744293213,0.2639515697956085
fede_8b573cc7d21e,D,federated,setup_k_ladder,,s5,groknet,adamw,ce,0.3,1000,256,1.0,0.001,42,20,5,1.0,iid,0.5,fedavg,1.0,0.0,20000,10000,85.0,15500.0,inf,inf,False,100.0,84.02777910232544,100000.0,K,init_to_end,0.0,100000.0,1.3744717687368393,0.5441885356028228,0.7440476417541504,0.0,78.89881134033203,0.7440476417541504,84.02777862548828,4.787502765655518,0.2639515697956085
fede_8b573cc7d21e,D,federated,setup_k_ladder,,s5,groknet,adamw,ce,0.3,1000,256,1.0,0.001,42,20,5,1.0,iid,0.5,fedavg,1.0,0.0,20000,10000,85.0,15500.0,inf,inf,False,100.0,84.02777910232544,100000.0,K,fed_to_twin,100000.0,100000.0,2.1980641708860276,16.654651172559596,47.470237731933594,0.4,57.04365539550781,84.02777862548828,97.66865539550781,0.2639515697956085,6.425855190173024e-06
fede_8b8055376e39,C,federated,partitions,,s5,transformer,adamw,ce,0.4,1000,256,1.0,0.001,456,5,5,1.0,coset,0.5,fedavg,1.0,0.0,40000,10000,85.0,3700.0,4100.0,4100.0,True,100.0,100.0,200000.0,partition,init_to_end,0.0,200000.0,2.1366027977421993,0.8910367732134958,0.7754629254341125,0.0,5.474536895751953,0.7754629254341125,100.0,4.795767784118652,1.616567146811576e-07
fede_8b8055376e39,C,federated,partitions,,s5,transformer,adamw,ce,0.4,1000,256,1.0,0.001,456,5,5,1.0,coset,0.5,fedavg,1.0,0.0,40000,10000,85.0,3700.0,4100.0,4100.0,True,100.0,100.0,200000.0,partition,fed_to_twin,100000.0,100000.0,4.292904319805793,595431.61946875,19.074073791503906,0.5,19.074073791503906,100.0,100.0,1.8806478863098164e-07,1.4231405657483265e-05
fede_8b87b36bd20b,C,federated,dirichlet_setups,,s5,transformer,adamw,ce,0.4,1000,256,1.0,0.001,42,10,5,1.0,dirichlet,1.0,fedavg,1.0,0.0,40000,10000,85.0,4400.0,16300.0,16300.0,True,100.0,100.0,200000.0,dirichlet,init_to_end,0.0,200000.0,2.596587382532369,1.0825213306539128,0.8449074029922485,0.1,2.6041665077209473,0.9259259104728699,100.0,4.797294616699219,9.358306556350726e-07
fede_8b87b36bd20b,C,federated,dirichlet_setups,,s5,transformer,adamw,ce,0.4,1000,256,1.0,0.001,42,10,5,1.0,dirichlet,1.0,fedavg,1.0,0.0,40000,10000,85.0,4400.0,16300.0,16300.0,True,100.0,100.0,200000.0,dirichlet,fed_to_twin,100000.0,100000.0,4.378977316184379,1024541.0794185135,13.19444465637207,0.5,13.19444465637207,100.0,100.0,8.104495208272056e-08,8.46712828206364e-06
fede_8dc6780b8b18,D,federated,partitions,,s5,groknet,adamw,ce,0.3,1000,256,1.0,0.001,123,20,5,1.0,target,0.5,fedavg,1.0,0.0,50000,10000,85.0,inf,inf,inf,False,4.675925895571709,0.7142857182770967,250000.0,partition,init_to_end,0.0,250000.0,0.004590272903442383,0.0009606456608608968,0.694444477558136,0.30000000000000004,0.7539682388305664,0.8730159401893616,0.7142857313156128,4.787496566772461,4.769144535064697
fede_8dc6780b8b18,D,federated,partitions,,s5,groknet,adamw,ce,0.3,1000,256,1.0,0.001,123,20,5,1.0,target,0.5,fedavg,1.0,0.0,50000,10000,85.0,inf,inf,inf,False,4.675925895571709,0.7142857182770967,250000.0,partition,fed_to_twin,250000.0,250000.0,0.9498316153286854,0.3983231513186876,0.7142857313156128,0.0,76.3293685913086,0.7142857313156128,97.62896728515625,4.769144535064697,6.402731287380448e-06
fede_8dd9c8cda8fa,C,federated,partitions,,s5,transformer,adamw,ce,0.4,1000,256,1.0,0.001,42,50,5,1.0,dirichlet,0.5,fedavg,1.0,0.0,40000,10000,85.0,inf,46500.0,inf,False,94.07986402511597,71.24999761581421,200000.0,partition,init_to_end,0.0,200000.0,2.673848342895508,0.9143984828150761,0.9143518209457397,0.4,0.9374999403953552,0.9259259104728699,71.25,4.797294616699219,1.0510272979736328
fede_8dd9c8cda8fa,C,federated,partitions,,s5,transformer,adamw,ce,0.4,1000,256,1.0,0.001,42,50,5,1.0,dirichlet,0.5,fedavg,1.0,0.0,40000,10000,85.0,inf,46500.0,inf,False,94.07986402511597,71.24999761581421,200000.0,partition,fed_to_twin,100000.0,100000.0,4.205308167492149,9.110246772976641,2.152777671813965,0.4,2.430555582046509,74.84953308105469,100.0,0.9231955409049988,8.46712828206364e-06
fede_8f32a6d6086a,D,federated,aggregation,fl,s5,groknet,adamw,ce,0.3,1000,256,1.0,0.001,123,20,5,1.0,iid,0.5,fedavg,1.0,0.0,50000,10000,85.0,13300.0,94300.0,100100.0,True,100.0,88.7599229812622,250000.0,K,memo_to_end,25000.0,250000.0,1.004512183368206,2.1040267485988053,37.876983642578125,0.0,75.86309814453125,37.876983642578125,88.75992584228516,0.756111741065979,0.19873560965061188
fede_8f32a6d6086a,D,federated,aggregation,fl,s5,groknet,adamw,ce,0.3,1000,256,1.0,0.001,123,20,5,1.0,iid,0.5,fedavg,1.0,0.0,50000,10000,85.0,13300.0,94300.0,100100.0,True,100.0,88.7599229812622,250000.0,K,init_to_end,0.0,250000.0,1.3877211138606071,0.5566211378693176,0.8730159401893616,0.0,84.64286041259766,0.8730159401893616,88.75992584228516,4.787496566772461,0.19873560965061188
fede_8f32a6d6086a,D,federated,aggregation,fl,s5,groknet,adamw,ce,0.3,1000,256,1.0,0.001,123,20,5,1.0,iid,0.5,fedavg,1.0,0.0,50000,10000,85.0,13300.0,94300.0,100100.0,True,100.0,88.7599229812622,250000.0,K,fed_to_twin,250000.0,250000.0,2.192190342068534,22.06066362914811,50.6944465637207,0.4,58.95833206176758,88.75992584228516,97.62896728515625,0.19873560965061188,6.402731287380448e-06
fede_8f3738555d88,D,federated,e50_long,,s5,groknet,adamw,ce,0.3,1000,256,1.0,0.001,456,10,50,1.0,iid,0.5,fedavg,1.0,0.0,40000,10000,85.0,3000.0,inf,inf,False,100.0,82.59920477867126,2000000.0,E,init_to_end,0.0,2000000.0,1.350273463129997,0.556103029116132,0.7440476417541504,0.0,78.51190185546875,0.7440476417541504,82.59920501708984,4.787515163421631,0.06868375092744827
fede_8f3738555d88,D,federated,e50_long,,s5,groknet,adamw,ce,0.3,1000,256,1.0,0.001,456,10,50,1.0,iid,0.5,fedavg,1.0,0.0,40000,10000,85.0,3000.0,inf,inf,False,100.0,82.59920477867126,2000000.0,E,fed_to_twin,200000.0,200000.0,2.0355577274256573,53.71326023859864,47.32143020629883,0.4,53.670631408691406,81.09127044677734,95.3670654296875,0.07578695565462112,6.534384283440886e-06
fede_8f3924227fac,E,federated,setup_k_ladder,,mnist,mlp,adamw,mse,0.5,2000,200,0.1,0.001,456,10,5,1.0,iid,0.5,fedavg,1.0,0.0,4000,10000,90.0,600.0,5200.0,5200.0,True,100.0,93.73999834060669,20000.0,K,init_to_end,0.0,20000.0,0.0,0.0,9.899999618530273,0.0,22.239999771118164,9.899999618530273,93.73999786376953,770.26806640625,3.2005231332732365e-05
fede_8f3924227fac,E,federated,setup_k_ladder,,mnist,mlp,adamw,mse,0.5,2000,200,0.1,0.001,456,10,5,1.0,iid,0.5,fedavg,1.0,0.0,4000,10000,90.0,600.0,5200.0,5200.0,True,100.0,93.73999834060669,20000.0,K,fed_to_twin,20000.0,20000.0,0.041313161681472366,2540.293225065756,89.30000305175781,0.5,89.30000305175781,93.73999786376953,94.33999633789062,3.2005231332732365e-05,5.210623044149543e-07
fede_908817d3cf91,C,federated,aggregation,fl,s5,transformer,adamw,ce,0.4,1000,256,1.0,0.001,42,10,5,1.0,iid,0.5,fedavg,1.0,0.0,40000,10000,85.0,2800.0,14800.0,14800.0,True,100.0,100.0,200000.0,K,init_to_end,0.0,200000.0,2.3995324604260535,1.0003688056564604,0.8217592835426331,0.2,2.060185194015503,0.9259259104728699,100.0,4.797294616699219,1.0343810572521761e-06
fede_908817d3cf91,C,federated,aggregation,fl,s5,transformer,adamw,ce,0.4,1000,256,1.0,0.001,42,10,5,1.0,iid,0.5,fedavg,1.0,0.0,40000,10000,85.0,2800.0,14800.0,14800.0,True,100.0,100.0,200000.0,K,fed_to_twin,100000.0,100000.0,4.308904227728858,1017499.9407931471,10.902777671813965,0.5,10.902777671813965,100.0,100.0,2.462830384075687e-09,8.46712828206364e-06
fede_9135cf8864e8,D,federated,dirichlet_setups,,s5,groknet,adamw,ce,0.3,1000,256,1.0,0.001,456,10,5,1.0,dirichlet,0.01,fedavg,1.0,0.0,50000,10000,85.0,inf,inf,inf,False,5.000000074505806,1.1607143096625805,250000.0,dirichlet,init_to_end,0.0,250000.0,0.06732368469238281,0.014377656770257392,0.7440476417541504,0.0,1.230158805847168,0.7440476417541504,1.1607142686843872,4.787515163421631,4.5775275230407715
fede_9135cf8864e8,D,federated,dirichlet_setups,,s5,groknet,adamw,ce,0.3,1000,256,1.0,0.001,456,10,5,1.0,dirichlet,0.01,fedavg,1.0,0.0,50000,10000,85.0,inf,inf,inf,False,5.000000074505806,1.1607143096625805,250000.0,dirichlet,fed_to_twin,250000.0,250000.0,1.100360008683765,0.4807654061824646,1.1607142686843872,0.0,15.515872955322266,1.1607142686843872,95.29762268066406,4.5775275230407715,6.5280100898235105e-06
fede_91f8fae737ea,E,federated,participation_setups,,mnist,mlp,adamw,mse,0.5,2000,200,0.1,0.001,456,20,5,0.25,iid,0.5,fedavg,1.0,0.0,32000,10000,90.0,500.0,3300.0,inf,False,100.0,71.55999541282654,40000.0,f,init_to_end,0.0,40000.0,0.0,0.0,9.819999694824219,0.1,18.15999984741211,9.899999618530273,71.55999755859375,770.26806640625,0.0013117757625877857
fede_91f8fae737ea,E,federated,participation_setups,,mnist,mlp,adamw,mse,0.5,2000,200,0.1,0.001,456,20,5,0.25,iid,0.5,fedavg,1.0,0.0,32000,10000,90.0,500.0,3300.0,inf,False,100.0,71.55999541282654,40000.0,f,fed_to_twin,40000.0,40000.0,0.08494086892224573,129.4202239415182,27.280000686645508,0.5,27.280000686645508,71.55999755859375,94.36000061035156,0.0013117757625877857,8.609542305748619e-07
fede_92c834afaaf3,E,federated,dirichlet_setups,,mnist,mlp,adamw,mse,0.5,2000,200,0.1,0.001,123,10,5,1.0,dirichlet,1.0,fedavg,1.0,0.0,8000,10000,90.0,600.0,3600.0,inf,False,100.0,79.5199990272522,40000.0,dirichlet,init_to_end,0.0,40000.0,0.0,0.0,9.4399995803833,0.0,25.779998779296875,9.4399995803833,79.5199966430664,599.0208129882812,0.0003582914941944182
fede_92c834afaaf3,E,federated,dirichlet_setups,,mnist,mlp,adamw,mse,0.5,2000,200,0.1,0.001,123,10,5,1.0,dirichlet,1.0,fedavg,1.0,0.0,8000,10000,90.0,600.0,3600.0,inf,False,100.0,79.5199990272522,40000.0,dirichlet,fed_to_twin,40000.0,40000.0,0.047842432822790215,264.5084121586144,72.53999328613281,0.5,72.53999328613281,79.5199966430664,93.0999984741211,0.0003582914941944182,3.45452690453385e-06
fede_94a174fc74fd,E,federated,aggregation,fl,mnist,mlp,adamw,mse,0.5,2000,200,0.1,0.001,42,2,5,1.0,iid,0.5,fedavg,1.0,0.0,8000,10000,90.0,100.0,1100.0,inf,False,100.0,83.03999900817871,40000.0,K,init_to_end,0.0,40000.0,0.0,0.0,10.119999885559082,0.0,26.319997787475586,10.119999885559082,83.04000091552734,838.573974609375,1.7406233382644132e-05
fede_94a174fc74fd,E,federated,aggregation,fl,mnist,mlp,adamw,mse,0.5,2000,200,0.1,0.001,42,2,5,1.0,iid,0.5,fedavg,1.0,0.0,8000,10000,90.0,100.0,1100.0,inf,False,100.0,83.03999900817871,40000.0,K,fed_to_twin,40000.0,40000.0,0.05313752950928574,4324.998057592768,76.26000213623047,0.4,76.41999816894531,83.04000091552734,95.13999938964844,1.7406233382644132e-05,7.166045634221518e-06
fede_94fa855c9426,E,federated,aggregation,fl,mnist,mlp,adamw,mse,0.5,2000,200,0.1,0.001,123,2,5,1.0,iid,0.5,fedavg,1.0,0.0,8000,10000,90.0,200.0,1100.0,inf,False,100.0,79.73999977111816,40000.0,K,init_to_end,0.0,40000.0,0.0,0.0,9.4399995803833,0.0,24.739999771118164,9.4399995803833,79.73999786376953,599.0208129882812,0.00033630323014222085
fede_94fa855c9426,E,federated,aggregation,fl,mnist,mlp,adamw,mse,0.5,2000,200,0.1,0.001,123,2,5,1.0,iid,0.5,fedavg,1.0,0.0,8000,10000,90.0,200.0,1100.0,inf,False,100.0,79.73999977111816,40000.0,K,fed_to_twin,40000.0,40000.0,0.031522424838613006,185.55823485893302,79.73999786376953,0.0,88.22000122070312,79.73999786376953,93.0999984741211,0.00033630323014222085,3.45452690453385e-06
fede_964d7b4acd0d,D,federated,aggregation,fl,s5,groknet,adamw,ce,0.3,1000,256,1.0,0.001,456,50,5,1.0,iid,0.5,fedavg,1.0,0.0,50000,10000,85.0,inf,inf,inf,False,77.17592716217041,31.904762983322144,250000.0,K,init_to_end,0.0,250000.0,0.5105019807815552,0.12590749946511964,0.7440476417541504,0.0,24.1170654296875,0.7440476417541504,31.904762268066406,4.787515163421631,3.3216440677642822
fede_964d7b4acd0d,D,federated,aggregation,fl,s5,groknet,adamw,ce,0.3,1000,256,1.0,0.001,456,50,5,1.0,iid,0.5,fedavg,1.0,0.0,50000,10000,85.0,inf,inf,inf,False,77.17592716217041,31.904762983322144,250000.0,K,fed_to_twin,250000.0,250000.0,1.440717526879871,0.8674708463994832,22.69841194152832,0.2,56.220237731933594,31.904762268066406,95.29762268066406,3.3216440677642822,6.5280100898235105e-06
fede_998b7e2a8ddd,C,federated,partitions,,s5,transformer,adamw,ce,0.4,1000,256,1.0,0.001,123,50,5,1.0,dirichlet,0.5,fedavg,1.0,0.0,40000,10000,85.0,inf,inf,inf,False,47.013890743255615,18.090277910232544,200000.0,partition,init_to_end,0.0,200000.0,1.7885026693344117,0.5136113700042398,0.7175925374031067,0.4,0.8101851940155029,1.064814805984497,18.09027862548828,4.798606872558594,2.1658132076263428
fede_998b7e2a8ddd,C,federated,partitions,,s5,transformer,adamw,ce,0.4,1000,256,1.0,0.001,123,50,5,1.0,dirichlet,0.5,fedavg,1.0,0.0,40000,10000,85.0,inf,inf,inf,False,47.013890743255615,18.090277910232544,200000.0,partition,fed_to_twin,100000.0,100000.0,3.5259572559612025,3.155087989659733,1.7824074029922485,0.4,4.583333492279053,17.36111068725586,100.0,2.235088348388672,4.471537067729514e-06
fede_99998fa7e556,D,federated,partitions,,s5,groknet,adamw,ce,0.3,1000,256,1.0,0.001,456,5,5,1.0,coset,0.5,fedavg,1.0,0.0,50000,10000,85.0,3700.0,inf,inf,False,100.0,71.25992178916931,250000.0,partition,init_to_end,0.0,250000.0,1.283199825882912,0.5311540429240108,0.7440476417541504,0.0,65.27777862548828,0.7440476417541504,71.25991821289062,4.787515163421631,0.04422750324010849
fede_99998fa7e556,D,federated,partitions,,s5,groknet,adamw,ce,0.3,1000,256,1.0,0.001,456,5,5,1.0,coset,0.5,fedavg,1.0,0.0,50000,10000,85.0,3700.0,inf,inf,False,100.0,71.25992178916931,250000.0,partition,fed_to_twin,250000.0,250000.0,2.0044703225055853,90.63023495045339,35.98214340209961,0.4,43.4523811340332,71.25991821289062,95.29762268066406,0.04422750324010849,6.5280100898235105e-06
fede_99aa581ec6e1,C,federated,dirichlet_setups,,s5,transformer,adamw,ce,0.4,1000,256,1.0,0.001,123,10,5,1.0,dirichlet,0.01,fedavg,1.0,0.0,40000,10000,85.0,inf,inf,inf,False,67.84722208976746,51.273149251937866,200000.0,dirichlet,init_to_end,0.0,200000.0,2.581448006629944,0.7386748204825944,0.7175925374031067,0.2,1.0069444179534912,1.064814805984497,51.27314758300781,4.798606872558594,2.190796136856079
fede_99aa581ec6e1,C,federated,dirichlet_setups,,s5,transformer,adamw,ce,0.4,1000,256,1.0,0.001,123,10,5,1.0,dirichlet,0.01,fedavg,1.0,0.0,40000,10000,85.0,inf,inf,inf,False,67.84722208976746,51.273149251937866,200000.0,dirichlet,fed_to_twin,100000.0,100000.0,3.6161409908550013,3.2487759992728433,1.8634259700775146,0.4,1.8634259700775146,45.79861068725586,100.0,2.226151466369629,4.471537067729514e-06
fede_9b139f4cd2d1,C,federated,setup_k_ladder,,s5,transformer,adamw,ce,0.5,1000,256,1.0,0.001,123,5,5,1.0,iid,0.5,fedavg,1.0,0.0,40000,10000,85.0,1200.0,7400.0,7400.0,True,100.0,100.0,200000.0,K,init_to_end,0.0,200000.0,2.18375857683659,0.9104990037900591,0.8888888955116272,0.1,2.4166667461395264,1.0,100.0,4.7968363761901855,2.64888603851432e-06
fede_9b139f4cd2d1,C,federated,setup_k_ladder,,s5,transformer,adamw,ce,0.5,1000,256,1.0,0.001,123,5,5,1.0,iid,0.5,fedavg,1.0,0.0,40000,10000,85.0,1200.0,7400.0,7400.0,True,100.0,100.0,200000.0,K,fed_to_twin,100000.0,100000.0,4.4777229831953775,4100020.8415977443,5.81944465637207,0.5,5.81944465637207,100.0,100.0,1.7684685644780984e-06,4.157754460720753e-07
fede_9b87b004e8d2,D,federated,partitions,,s5,groknet,adamw,ce,0.3,1000,256,1.0,0.001,42,20,5,1.0,dirichlet,0.5,fedavg,1.0,0.0,50000,10000,85.0,38600.0,192400.0,223100.0,True,100.0,85.98214387893677,250000.0,partition,memo_to_end,50000.0,250000.0,1.1813234388828278,1.2781520162590139,55.248016357421875,0.0,75.93254089355469,55.248016357421875,85.98214721679688,1.1798216104507446,0.6686649918556213
fede_9b87b004e8d2,D,federated,partitions,,s5,groknet,adamw,ce,0.3,1000,256,1.0,0.001,42,20,5,1.0,dirichlet,0.5,fedavg,1.0,0.0,50000,10000,85.0,38600.0,192400.0,223100.0,True,100.0,85.98214387893677,250000.0,partition,init_to_end,0.0,250000.0,1.385794848203659,0.5079736950154908,0.7440476417541504,0.0,81.50794219970703,0.7440476417541504,85.98214721679688,4.787502765655518,0.6686649918556213
fede_9b87b004e8d2,D,federated,partitions,,s5,groknet,adamw,ce,0.3,1000,256,1.0,0.001,42,20,5,1.0,dirichlet,0.5,fedavg,1.0,0.0,50000,10000,85.0,38600.0,192400.0,223100.0,True,100.0,85.98214387893677,250000.0,partition,fed_to_twin,250000.0,250000.0,2.2354747565785145,6.686317929761665,47.77777862548828,0.4,58.67063522338867,85.98214721679688,97.55952453613281,0.6686649918556213,6.399502581189154e-06
fede_9c16219990c6,E,federated,partitions,,mnist,mlp,adamw,mse,0.5,2000,200,0.1,0.001,456,20,5,1.0,dirichlet,0.5,fedavg,1.0,0.0,8000,10000,90.0,1400.0,6300.0,6300.0,True,100.0,93.73999834060669,40000.0,partition,init_to_end,0.0,40000.0,0.0,0.0,9.899999618530273,0.0,17.84000015258789,9.899999618530273,93.73999786376953,770.26806640625,0.0005412207683548331
fede_9c16219990c6,E,federated,partitions,,mnist,mlp,adamw,mse,0.5,2000,200,0.1,0.001,456,20,5,1.0,dirichlet,0.5,fedavg,1.0,0.0,8000,10000,90.0,1400.0,6300.0,6300.0,True,100.0,93.73999834060669,40000.0,partition,fed_to_twin,40000.0,40000.0,0.05698855229766764,210.2581582196355,83.37999725341797,0.5,83.37999725341797,93.73999786376953,94.36000061035156,0.0005412207683548331,8.609542305748619e-07
fede_9df5ff36ccf9,C,federated,partitions,,s5,transformer,adamw,ce,0.4,1000,256,1.0,0.001,456,50,5,1.0,target,0.5,fedavg,1.0,0.0,40000,10000,85.0,inf,inf,inf,False,1.64930559694767,0.8217592723667622,200000.0,partition,init_to_end,0.0,200000.0,0.0,0.0,0.7060185074806213,0.4,0.7407407164573669,0.7754629254341125,0.8217592835426331,4.795767784118652,5.43159818649292
fede_9df5ff36ccf9,C,federated,partitions,,s5,transformer,adamw,ce,0.4,1000,256,1.0,0.001,456,50,5,1.0,target,0.5,fedavg,1.0,0.0,40000,10000,85.0,inf,inf,inf,False,1.64930559694767,0.8217592723667622,200000.0,partition,fed_to_twin,100000.0,100000.0,1.933190103887319,0.7069533929810814,0.7870370745658875,0.0,22.037036895751953,0.7870370745658875,100.0,5.469059467315674,1.4231405657483265e-05
fede_9fa1b4078c7a,E,federated,aggregation_alpha2,fl,mnist,mlp,adamw,mse,0.5,4000,200,0.1,0.001,456,20,5,1.0,iid,0.5,fedavg,1.0,0.0,8000,10000,90.0,inf,1959.75,inf,False,98.17500710487366,76.81999802589417,11878.75,K,init_to_end,0.0,11878.75,0.0,0.0,9.559999465942383,0.0,28.799999237060547,9.559999465942383,76.81999969482422,769.6767578125,0.008866892196238041
fede_a075cc3125ce,C,federated,local_epochs,,s5,transformer,adamw,ce,0.5,1000,256,1.0,0.001,456,10,10,1.0,iid,0.5,fedavg,1.0,0.0,20000,10000,85.0,4700.0,5400.0,5400.0,True,100.0,100.0,200000.0,E,init_to_end,0.0,200000.0,2.23990125656128,0.9340340855652639,0.6666666865348816,0.0,2.0138888359069824,0.6666666865348816,100.0,4.796187400817871,0.0
fede_a075cc3125ce,C,federated,local_epochs,,s5,transformer,adamw,ce,0.5,1000,256,1.0,0.001,456,10,10,1.0,iid,0.5,fedavg,1.0,0.0,20000,10000,85.0,4700.0,5400.0,5400.0,True,100.0,100.0,200000.0,E,fed_to_twin,100000.0,100000.0,4.335630177091748,1398228.9516854007,20.97222137451172,0.5,20.97222137451172,100.0,100.0,2.649094721363099e-09,6.198953542480012e-06
fede_a2d499b16be6,E,federated,local_epochs,,mnist,mlp,adamw,mse,0.5,2000,200,0.1,0.001,456,10,10,1.0,iid,0.5,fedavg,1.0,0.0,2000,10000,90.0,800.0,5100.0,5100.0,True,100.0,93.03999543190002,20000.0,E,init_to_end,0.0,20000.0,0.0,0.0,9.899999618530273,0.0,24.85999870300293,9.899999618530273,93.03999328613281,770.26806640625,2.6786803573486395e-05
fede_a2d499b16be6,E,federated,local_epochs,,mnist,mlp,adamw,mse,0.5,2000,200,0.1,0.001,456,10,10,1.0,iid,0.5,fedavg,1.0,0.0,2000,10000,90.0,800.0,5100.0,5100.0,True,100.0,93.03999543190002,20000.0,E,fed_to_twin,20000.0,20000.0,0.04806284904586278,3520.0736125452568,80.27999877929688,0.5,80.27999877929688,93.03999328613281,94.33999633789062,2.6786803573486395e-05,5.210623044149543e-07
fede_a4e8ae8d2bd4,D,federated,partitions,,s5,groknet,adamw,ce,0.3,1000,256,1.0,0.001,456,20,5,1.0,target,0.5,fedavg,1.0,0.0,50000,10000,85.0,inf,inf,inf,False,2.847222238779068,0.7142857182770967,250000.0,partition,init_to_end,0.0,250000.0,0.0036590099334716797,0.0007654080449786823,0.6845238208770752,0.1,0.7936508655548096,0.7440476417541504,0.7142857313156128,4.787515163421631,4.77342414855957
fede_a4e8ae8d2bd4,D,federated,partitions,,s5,groknet,adamw,ce,0.3,1000,256,1.0,0.001,456,20,5,1.0,target,0.5,fedavg,1.0,0.0,50000,10000,85.0,inf,inf,inf,False,2.847222238779068,0.7142857182770967,250000.0,partition,fed_to_twin,250000.0,250000.0,0.931093069520557,0.3901148388268499,0.7142857313156128,0.0,77.48016357421875,0.7142857313156128,95.29762268066406,4.77342414855957,6.5280100898235105e-06
fede_a4fe6f5922a0,E,federated,local_epochs,,mnist,mlp,adamw,mse,0.5,2000,200,0.1,0.001,42,10,50,1.0,iid,0.5,fedavg,1.0,0.0,400,10000,90.0,1800.0,4900.0,4900.0,True,100.0,94.65999603271484,20000.0,E,memo_to_end,2000.0,20000.0,0.01119695212400984,1.0565150402226031,63.519996643066406,0.0,89.19999694824219,63.519996643066406,94.65999603271484,0.02081082947552204,0.0003851813671644777
fede_a4fe6f5922a0,E,federated,local_epochs,,mnist,mlp,adamw,mse,0.5,2000,200,0.1,0.001,42,10,50,1.0,iid,0.5,fedavg,1.0,0.0,400,10000,90.0,1800.0,4900.0,4900.0,True,100.0,94.65999603271484,20000.0,E,init_to_end,0.0,20000.0,0.0,0.0,10.119999885559082,0.0,33.73999786376953,10.119999885559082,94.65999603271484,838.573974609375,0.0003851813671644777
fede_a4fe6f5922a0,E,federated,local_epochs,,mnist,mlp,adamw,mse,0.5,2000,200,0.1,0.001,42,10,50,1.0,iid,0.5,fedavg,1.0,0.0,400,10000,90.0,1800.0,4900.0,4900.0,True,100.0,94.65999603271484,20000.0,E,fed_to_twin,20000.0,20000.0,0.03218964829326865,166.89192171568328,92.49999237060547,0.4,92.87999725341797,94.65999603271484,94.87999725341797,0.0003851813671644777,5.730535690418037e-07
fede_a53a1181c5dc,E,federated,dirichlet_setups,,mnist,mlp,adamw,mse,0.5,2000,200,0.1,0.001,456,10,5,1.0,dirichlet,0.1,fedavg,1.0,0.0,8000,10000,90.0,1100.0,3700.0,3700.0,True,100.0,90.57999849319458,40000.0,dirichlet,init_to_end,0.0,40000.0,0.0,0.0,9.899999618530273,0.0,10.979999542236328,9.899999618530273,90.58000183105469,770.26806640625,0.005451700184494257
fede_a53a1181c5dc,E,federated,dirichlet_setups,,mnist,mlp,adamw,mse,0.5,2000,200,0.1,0.001,456,10,5,1.0,dirichlet,0.1,fedavg,1.0,0.0,8000,10000,90.0,1100.0,3700.0,3700.0,True,100.0,90.57999849319458,40000.0,dirichlet,fed_to_twin,40000.0,40000.0,0.07917467367715858,29.041278644213364,47.599998474121094,0.5,47.599998474121094,90.58000183105469,94.36000061035156,0.005451700184494257,8.609542305748619e-07
fede_a5d272b881aa,D,federated,setup_k_ladder,,s5,groknet,adamw,ce,0.3,1000,256,1.0,0.001,456,20,5,1.0,iid,0.5,fedavg,1.0,0.0,20000,10000,85.0,15300.0,95600.0,97500.0,True,100.0,85.51587462425232,100000.0,K,memo_to_end,20000.0,100000.0,0.8714148283004761,1.2983803631880557,18.789682388305664,0.0,67.98611450195312,18.789682388305664,85.51587677001953,1.0983644723892212,0.24394607543945312
fede_a5d272b881aa,D,federated,setup_k_ladder,,s5,groknet,adamw,ce,0.3,1000,256,1.0,0.001,456,20,5,1.0,iid,0.5,fedavg,1.0,0.0,20000,10000,85.0,15300.0,95600.0,97500.0,True,100.0,85.51587462425232,100000.0,K,init_to_end,0.0,100000.0,1.386610984802246,0.5511762563497827,0.7440476417541504,0.0,81.59722137451172,0.7440476417541504,85.51587677001953,4.787515163421631,0.24394607543945312
fede_a5d272b881aa,D,federated,setup_k_ladder,,s5,groknet,adamw,ce,0.3,1000,256,1.0,0.001,456,20,5,1.0,iid,0.5,fedavg,1.0,0.0,20000,10000,85.0,15300.0,95600.0,97500.0,True,100.0,85.51587462425232,100000.0,K,fed_to_twin,100000.0,100000.0,2.2159944940147396,18.1674148385408,49.771827697753906,0.4,56.43849182128906,85.51587677001953,94.68254089355469,0.24394607543945312,6.574258804903366e-06
fede_a634daaf1de3,C,federated,aggregation,fl,s5,transformer,adamw,ce,0.4,1000,256,1.0,0.001,42,20,5,1.0,iid,0.5,fedavg,1.0,0.0,40000,10000,85.0,16900.0,21000.0,21000.0,True,100.0,100.0,200000.0,K,memo_to_end,20000.0,200000.0,4.157784424308375,195.21975820090282,6.2037034034729,0.4,6.712962627410889,28.587961196899414,100.0,0.042595721781253815,2.1689447748940438e-07
fede_a634daaf1de3,C,federated,aggregation,fl,s5,transformer,adamw,ce,0.4,1000,256,1.0,0.001,42,20,5,1.0,iid,0.5,fedavg,1.0,0.0,40000,10000,85.0,16900.0,21000.0,21000.0,True,100.0,100.0,200000.0,K,init_to_end,0.0,200000.0,2.216190229687527,0.9239333026473001,0.8333332538604736,0.30000000000000004,3.6342592239379883,0.9259259104728699,100.0,4.797294616699219,2.1689447748940438e-07
fede_a634daaf1de3,C,federated,aggregation,fl,s5,transformer,adamw,ce,0.4,1000,256,1.0,0.001,42,20,5,1.0,iid,0.5,fedavg,1.0,0.0,40000,10000,85.0,16900.0,21000.0,21000.0,True,100.0,100.0,200000.0,K,fed_to_twin,100000.0,100000.0,4.360457342315513,997914.967917668,10.891203880310059,0.5,10.891203880310059,100.0,100.0,2.720077816320554e-07,8.46712828206364e-06
fede_a7676d34dea3,D,federated,partitions,,s5,groknet,adamw,ce,0.3,1000,256,1.0,0.001,456,10,5,1.0,target,0.5,fedavg,1.0,0.0,50000,10000,85.0,inf,inf,inf,False,4.189814627170563,0.7738095242530107,250000.0,partition,init_to_end,0.0,250000.0,0.0012013912200927734,0.0002510748409805362,0.6746031641960144,0.9,0.6845238208770752,0.7440476417541504,0.7638888955116272,4.787515163421631,4.782469749450684
fede_a7676d34dea3,D,federated,partitions,,s5,groknet,adamw,ce,0.3,1000,256,1.0,0.001,456,10,5,1.0,target,0.5,fedavg,1.0,0.0,50000,10000,85.0,inf,inf,inf,False,4.189814627170563,0.7738095242530107,250000.0,partition,fed_to_twin,250000.0,250000.0,0.9345153298049809,0.3908081402135699,0.7638888955116272,0.0,89.9702377319336,0.7638888955116272,95.29762268066406,4.782469749450684,6.5280100898235105e-06
fede_aaf52a9b1e33,C,federated,participation_setups,,s5,transformer,adamw,ce,0.5,1000,256,1.0,0.001,42,20,5,0.5,iid,0.5,fedavg,1.0,0.0,80000,10000,85.0,3900.0,4000.0,4000.0,True,100.0,100.0,200000.0,f,init_to_end,0.0,200000.0,2.213398440414009,0.9230977297438424,0.6527777910232544,0.2,3.1388890743255615,0.9166667461395264,100.0,4.795588493347168,3.2318954623633545e-08
fede_aaf52a9b1e33,C,federated,participation_setups,,s5,transformer,adamw,ce,0.5,1000,256,1.0,0.001,42,20,5,0.5,iid,0.5,fedavg,1.0,0.0,80000,10000,85.0,3900.0,4000.0,4000.0,True,100.0,100.0,200000.0,f,fed_to_twin,100000.0,100000.0,4.387602972184908,5570988.315216419,6.097222328186035,0.5,6.097222328186035,100.0,100.0,8.579689847465488e-07,7.171924494286941e-07
fede_aba6f53c4e77,D,federated,partitions,,s5,groknet,adamw,ce,0.3,1000,256,1.0,0.001,42,5,5,1.0,coset,0.5,fedavg,1.0,0.0,50000,10000,85.0,3100.0,inf,inf,False,100.0,70.75396776199341,250000.0,partition,init_to_end,0.0,250000.0,1.2891142532229427,0.5333344559675901,0.7440476417541504,0.0,64.265869140625,0.7440476417541504,70.75396728515625,4.787502765655518,0.046665508300065994
fede_aba6f53c4e77,D,federated,partitions,,s5,groknet,adamw,ce,0.3,1000,256,1.0,0.001,42,5,5,1.0,coset,0.5,fedavg,1.0,0.0,50000,10000,85.0,3100.0,inf,inf,False,100.0,70.75396776199341,250000.0,partition,fed_to_twin,250000.0,250000.0,2.093994299540827,89.73253497137128,33.08531951904297,0.4,41.855159759521484,70.75396728515625,97.55952453613281,0.046665508300065994,6.399502581189154e-06
fede_ac36e996c71d,D,federated,local_epochs,,s5,groknet,adamw,ce,0.3,1000,256,1.0,0.001,42,10,25,1.0,iid,0.5,fedavg,1.0,0.0,10000,10000,85.0,3300.0,128800.0,218400.0,True,100.0,86.08134984970093,250000.0,E,init_to_end,0.0,250000.0,1.1667124420404438,0.48665210839948675,0.7440476417541504,0.0,83.21428680419922,0.7440476417541504,86.08135223388672,4.787502765655518,0.00734933465719223
fede_ac36e996c71d,D,federated,local_epochs,,s5,groknet,adamw,ce,0.3,1000,256,1.0,0.001,42,10,25,1.0,iid,0.5,fedavg,1.0,0.0,10000,10000,85.0,3300.0,128800.0,218400.0,True,100.0,86.08134984970093,250000.0,E,fed_to_twin,250000.0,250000.0,1.7156032460132338,466.4668974567944,47.77777862548828,0.4,51.378971099853516,86.08135223388672,97.55952453613281,0.00734933465719223,6.399502581189154e-06
fede_addition_009ba0f87f0f,A',federated,aggregation,fl,modular,groknet,adamw,mse,0.2,1000,256,0.1,0.001,123,20,5,1.0,iid,0.5,fedavg,1.0,0.0,20000,10000,95.0,2300.0,53400.0,53400.0,True,100.0,100.0,100000.0,K,init_to_end,0.0,100000.0,0.002567667677067221,0.46227973082992874,0.9431456327438354,0.0,100.0,0.9431456327438354,100.0,0.010312463156878948,0.0007962552481330931
fede_addition_009ba0f87f0f,A',federated,aggregation,fl,modular,groknet,adamw,mse,0.2,1000,256,0.1,0.001,123,20,5,1.0,iid,0.5,fedavg,1.0,0.0,20000,10000,95.0,2300.0,53400.0,53400.0,True,100.0,100.0,100000.0,K,fed_to_twin,100000.0,100000.0,0.00955956121276813,23.931801727775557,89.90435791015625,0.5,89.90435791015625,100.0,100.0,0.0007962552481330931,2.6450036330061266e-06
fede_addition_010087acef8d,A,federated,partitions,,modular,groknet,gd,mse,0.3,1000,256,0.0,50.0,123,10,5,1.0,dirichlet,0.5,fedavg,1.0,0.0,10000,10000,95.0,3700.0,13000.0,13000.0,True,100.0,100.0,50000.0,partition,memo_to_end,5000.0,50000.0,0.003048655275051715,0.8592002699314962,0.18217700719833374,0.0,99.11947631835938,0.18217700719833374,100.0,0.00705780740827322,3.8687743654008955e-05
fede_addition_010087acef8d,A,federated,partitions,,modular,groknet,gd,mse,0.3,1000,256,0.0,50.0,123,10,5,1.0,dirichlet,0.5,fedavg,1.0,0.0,10000,10000,95.0,3700.0,13000.0,13000.0,True,100.0,100.0,50000.0,partition,init_to_end,0.0,50000.0,0.002620092165307142,0.5062269527066475,0.9108850955963135,0.0,99.98481750488281,0.9108850955963135,100.0,0.010312764905393124,3.8687743654008955e-05
fede_addition_010087acef8d,A,federated,partitions,,modular,groknet,gd,mse,0.3,1000,256,0.0,50.0,123,10,5,1.0,dirichlet,0.5,fedavg,1.0,0.0,10000,10000,95.0,3700.0,13000.0,13000.0,True,100.0,100.0,50000.0,partition,fed_to_twin,50000.0,50000.0,0.0010735111200119718,31.69105554562883,100.0,0.0,100.0,100.0,100.0,3.8687743654008955e-05,2.9060780434519984e-05
fede_addition_01cd398ba402,A,federated,participation,,modular,groknet,gd,mse,0.25,1000,256,0.0,50.0,123,50,5,0.6,iid,0.5,fedavg,1.0,0.0,33400,10000,95.0,2040.0318877551042,25920.076530615646,25920.076530615646,True,100.0,99.98583197593689,100199.87244893494,f,init_to_end,0.0,100199.87244893494,0.002718760322750313,0.5262975003853112,0.906900942325592,0.0,99.97166442871094,0.906900942325592,99.98583221435547,0.010312424041330814,1.92242023331346e-05
fede_addition_01cd398ba402,A,federated,participation,,modular,groknet,gd,mse,0.25,1000,256,0.0,50.0,123,50,5,0.6,iid,0.5,fedavg,1.0,0.0,33400,10000,95.0,2040.0318877551042,25920.076530615646,25920.076530615646,True,100.0,99.98583197593689,100199.87244893494,f,fed_to_twin,100199.87244893494,100000.0,0.009498522352259897,670.222136577708,99.98583221435547,0.0,100.0,99.98583221435547,100.0,1.92242023331346e-05,9.120198228629306e-06
fede_addition_01ff7f831825,A,federated,boundary,,modular,groknet,gd,mse,0.25,1000,256,0.0,50.0,456,97,5,1.0,operand,0.5,fedavg,1.0,0.0,20000,10000,95.0,17300.0,77300.0,77500.0,True,100.0,100.0,100000.0,K,memo_to_end,15000.0,100000.0,0.004305265087168664,1.1674240081438851,1.1052855253219604,0.0,53.77639389038086,1.1052855253219604,100.0,0.005708225071430206,0.0016674414509907365
fede_addition_01ff7f831825,A,federated,boundary,,modular,groknet,gd,mse,0.25,1000,256,0.0,50.0,456,97,5,1.0,operand,0.5,fedavg,1.0,0.0,20000,10000,95.0,17300.0,77300.0,77500.0,True,100.0,100.0,100000.0,K,init_to_end,0.0,100000.0,0.002143945498391986,0.3580625077983217,0.906900942325592,0.0,97.43517303466797,0.906900942325592,100.0,0.010307816788554192,0.0016674414509907365
fede_addition_01ff7f831825,A,federated,boundary,,modular,groknet,gd,mse,0.25,1000,256,0.0,50.0,456,97,5,1.0,operand,0.5,fedavg,1.0,0.0,20000,10000,95.0,17300.0,77300.0,77500.0,True,100.0,100.0,100000.0,K,fed_to_twin,100000.0,100000.0,0.012860268445729161,15.325537948461793,98.00198364257812,0.4,99.07892608642578,100.0,100.0,0.0016674414509907365,1.08380963865784e-05
fede_addition_02167f9caf36,A',federated,aggregation,fl,modular,groknet,adamw,mse,0.2,1000,256,0.1,0.001,456,20,5,1.0,iid,0.5,fedavg,1.0,0.0,20000,10000,95.0,2300.0,60900.0,60900.0,True,100.0,100.0,100000.0,K,init_to_end,0.0,100000.0,0.0025559535017237074,0.45928685585498713,0.86344313621521,0.0,100.0,0.86344313621521,100.0,0.010307583957910538,0.0008225124911405146
fede_addition_02167f9caf36,A',federated,aggregation,fl,modular,groknet,adamw,mse,0.2,1000,256,0.1,0.001,456,20,5,1.0,iid,0.5,fedavg,1.0,0.0,20000,10000,95.0,2300.0,60900.0,60900.0,True,100.0,100.0,100000.0,K,fed_to_twin,100000.0,100000.0,0.009642167739684737,23.350241546419074,92.78692626953125,0.5,92.78692626953125,100.0,100.0,0.0008225124911405146,3.360570644872496e-06
fede_addition_03fac72f69ac,A,federated,dirichlet_setups,,modular,groknet,gd,mse,0.3,1000,256,0.0,50.0,123,10,5,1.0,dirichlet,0.1,fedavg,1.0,0.0,10000,10000,95.0,3600.0,13300.0,13300.0,True,100.0,100.0,50000.0,dirichlet,memo_to_end,5000.0,50000.0,0.003076673048781231,0.8664679758366225,0.19735842943191528,0.0,99.25611114501953,0.19735842943191528,100.0,0.007055071182549,4.6571658458560705e-05
fede_addition_03fac72f69ac,A,federated,dirichlet_setups,,modular,groknet,gd,mse,0.3,1000,256,0.0,50.0,123,10,5,1.0,dirichlet,0.1,fedavg,1.0,0.0,10000,10000,95.0,3600.0,13300.0,13300.0,True,100.0,100.0,50000.0,dirichlet,init_to_end,0.0,50000.0,0.0026318015763536094,0.5081023403635965,0.9108850955963135,0.0,100.0,0.9108850955963135,100.0,0.010312764905393124,4.6571658458560705e-05
fede_addition_03fac72f69ac,A,federated,dirichlet_setups,,modular,groknet,gd,mse,0.3,1000,256,0.0,50.0,123,10,5,1.0,dirichlet,0.1,fedavg,1.0,0.0,10000,10000,95.0,3600.0,13300.0,13300.0,True,100.0,100.0,50000.0,dirichlet,fed_to_twin,50000.0,50000.0,0.00212754462245357,56.260108852531275,100.0,0.0,100.0,100.0,100.0,4.6571658458560705e-05,2.9060780434519984e-05
fede_addition_05c15fe5190a,A,federated,dirichlet_setups,,modular,groknet,gd,mse,0.3,1000,256,0.0,50.0,42,10,5,1.0,dirichlet,1.0,fedavg,1.0,0.0,10000,10000,95.0,3700.0,12900.0,12900.0,True,100.0,100.0,50000.0,dirichlet,memo_to_end,5000.0,50000.0,0.002969095798107446,0.8435715896204923,0.3036283552646637,0.0,99.3775634765625,0.3036283552646637,100.0,0.007004731334745884,3.461383676039986e-05
fede_addition_05c15fe5190a,A,federated,dirichlet_setups,,modular,groknet,gd,mse,0.3,1000,256,0.0,50.0,42,10,5,1.0,dirichlet,1.0,fedavg,1.0,0.0,10000,10000,95.0,3700.0,12900.0,12900.0,True,100.0,100.0,50000.0,dirichlet,init_to_end,0.0,50000.0,0.0026133746563573373,0.5051735134459696,0.9412479400634766,0.0,100.0,0.9412479400634766,100.0,0.01031182985752821,3.461383676039986e-05
fede_addition_05c15fe5190a,A,federated,dirichlet_setups,,modular,groknet,gd,mse,0.3,1000,256,0.0,50.0,42,10,5,1.0,dirichlet,1.0,fedavg,1.0,0.0,10000,10000,95.0,3700.0,12900.0,12900.0,True,100.0,100.0,50000.0,dirichlet,fed_to_twin,50000.0,50000.0,0.0007541879567725118,23.35217457470429,100.0,0.0,100.0,100.0,100.0,3.461383676039986e-05,2.997868796228431e-05
fede_addition_05d53f6a9a1f,A,federated,participation,,modular,groknet,gd,mse,0.25,1000,256,0.0,50.0,42,50,5,0.2,iid,0.5,fedavg,1.0,0.0,100000,10000,95.0,699.9681122448994,7700.008503401997,7700.008503401997,True,100.0,99.85829591751099,99999.40688793358,f,init_to_end,0.0,99999.40688793358,0.0027634873311399135,0.5358412836195011,0.906900942325592,0.0,99.71659851074219,0.906900942325592,99.8582992553711,0.010311734862625599,2.839305579982465e-06
fede_addition_05d53f6a9a1f,A,federated,participation,,modular,groknet,gd,mse,0.25,1000,256,0.0,50.0,42,50,5,0.2,iid,0.5,fedavg,1.0,0.0,100000,10000,95.0,699.9681122448994,7700.008503401997,7700.008503401997,True,100.0,99.85829591751099,99999.40688793358,f,fed_to_twin,99999.40688793358,100000.0,0.0093587173907963,1674.0492281430918,99.8582992553711,0.0,99.98583221435547,99.8582992553711,100.0,2.839305579982465e-06,8.341628927155398e-06
fede_addition_0688b9000034,A,federated,size_control,,modular,groknet,gd,mse,0.25,1000,256,0.0,50.0,456,20,5,1.0,dirichlet_sizes,0.01,fedavg,1.0,0.0,20000,10000,95.0,3200.0,32100.0,32100.0,True,100.0,100.0,100000.0,dirichlet,memo_to_end,5000.0,100000.0,0.004288210991944652,1.3599302618338274,0.226725235581398,0.0,89.11719512939453,0.226725235581398,100.0,0.0062736463733017445,3.286964783910662e-05
fede_addition_0688b9000034,A,federated,size_control,,modular,groknet,gd,mse,0.25,1000,256,0.0,50.0,456,20,5,1.0,dirichlet_sizes,0.01,fedavg,1.0,0.0,20000,10000,95.0,3200.0,32100.0,32100.0,True,100.0,100.0,100000.0,dirichlet,init_to_end,0.0,100000.0,0.0027030000404920434,0.5227892862081245,0.906900942325592,0.0,99.98583221435547,0.906900942325592,100.0,0.010307816788554192,3.286964783910662e-05
fede_addition_0688b9000034,A,federated,size_control,,modular,groknet,gd,mse,0.25,1000,256,0.0,50.0,456,20,5,1.0,dirichlet_sizes,0.01,fedavg,1.0,0.0,20000,10000,95.0,3200.0,32100.0,32100.0,True,100.0,100.0,100000.0,dirichlet,fed_to_twin,100000.0,100000.0,0.0055432688291148224,253.65156346171258,100.0,0.0,100.0,100.0,100.0,3.286964783910662e-05,1.08380963865784e-05
fede_addition_06e443fbf917,B,federated,partitions,,modular,transformer,adamw,ce,0.3,1000,128,1.0,0.001,456,20,5,1.0,target,0.5,fedavg,1.0,0.0,20000,10000,95.0,inf,inf,inf,False,6.814621388912201,1.0963195003569126,100000.0,partition,init_to_end,0.0,100000.0,0.21949148178100586,0.04579803225672616,0.0111869340762496,0.8,0.7830853462219238,0.8278330564498901,1.096319556236267,4.746889114379883,4.838303565979004
fede_addition_06e443fbf917,B,federated,partitions,,modular,transformer,adamw,ce,0.3,1000,128,1.0,0.001,456,20,5,1.0,target,0.5,fedavg,1.0,0.0,20000,10000,95.0,inf,inf,inf,False,6.814621388912201,1.0963195003569126,100000.0,partition,fed_to_twin,100000.0,100000.0,1.8829296558395328,0.7783428701591033,1.096319556236267,0.0,7.349815845489502,1.096319556236267,100.0,4.838303565979004,2.922027704244101e-07
fede_addition_071a2267eda8,A,federated,dirichlet_band,,modular,groknet,gd,mse,0.25,1000,256,0.0,50.0,123,20,5,1.0,dirichlet,0.01,fedavg,1.0,0.0,20000,10000,95.0,3100.0,49800.0,49800.0,True,100.0,100.0,100000.0,dirichlet,memo_to_end,5000.0,100000.0,0.004054271943459753,1.2256289994934166,0.3117472231388092,0.0,90.22248077392578,0.3117472231388092,100.0,0.006468638777732849,0.00014718370221089572
fede_addition_071a2267eda8,A,federated,dirichlet_band,,modular,groknet,gd,mse,0.25,1000,256,0.0,50.0,123,20,5,1.0,dirichlet,0.01,fedavg,1.0,0.0,20000,10000,95.0,3100.0,49800.0,49800.0,True,100.0,100.0,100000.0,dirichlet,init_to_end,0.0,100000.0,0.0026424298819620164,0.505263667003877,0.906900942325592,0.0,99.98583221435547,0.906900942325592,100.0,0.010312424041330814,0.00014718370221089572
fede_addition_071a2267eda8,A,federated,dirichlet_band,,modular,groknet,gd,mse,0.25,1000,256,0.0,50.0,123,20,5,1.0,dirichlet,0.01,fedavg,1.0,0.0,20000,10000,95.0,3100.0,49800.0,49800.0,True,100.0,100.0,100000.0,dirichlet,fed_to_twin,100000.0,100000.0,0.008244454844316351,105.49263097252245,100.0,0.0,100.0,100.0,100.0,0.00014718370221089572,9.120198228629306e-06
fede_addition_07ae17402e14,B,federated,local_epochs,,modular,transformer,adamw,ce,0.3,1000,128,0.1,0.001,42,10,50,1.0,iid,0.5,fedavg,1.0,0.0,4000,10000,95.0,12800.0,72500.0,72500.0,True,100.0,99.98881816864014,200000.0,E,memo_to_end,20000.0,200000.0,33.7287339868116,35260.26551601663,0.5257858633995056,0.0,2.1814520359039307,0.5257858633995056,99.98881530761719,0.0019131220178678632,7.87455967099504e-09
fede_addition_07ae17402e14,B,federated,local_epochs,,modular,transformer,adamw,ce,0.3,1000,128,0.1,0.001,42,10,50,1.0,iid,0.5,fedavg,1.0,0.0,4000,10000,95.0,12800.0,72500.0,72500.0,True,100.0,99.98881816864014,200000.0,E,init_to_end,0.0,200000.0,2.5949990709986333,1.0931437683080654,0.8949546813964844,0.2,2.2485737800598145,0.9844501614570618,99.98881530761719,4.747772693634033,7.87455967099504e-09
fede_addition_07ae17402e14,B,federated,local_epochs,,modular,transformer,adamw,ce,0.3,1000,128,0.1,0.001,42,10,50,1.0,iid,0.5,fedavg,1.0,0.0,4000,10000,95.0,12800.0,72500.0,72500.0,True,100.0,99.98881816864014,200000.0,E,fed_to_twin,200000.0,200000.0,10.082371568742136,83692124.26254305,1.2753105163574219,0.5,1.2753105163574219,99.98881530761719,100.0,7.87455967099504e-09,2.3306499485897803e-07
fede_addition_090f11862d00,A,federated,boundary,,modular,groknet,gd,mse,0.25,1000,256,0.0,50.0,789,20,5,1.0,iid,0.5,fedavg,1.0,0.0,20000,10000,95.0,3100.0,28700.0,28700.0,True,100.0,100.0,100000.0,K,memo_to_end,5000.0,100000.0,0.004226482397825748,1.3476044023791818,0.3117472231388092,0.0,92.40470886230469,0.3117472231388092,100.0,0.0062575372867286205,1.5048926798044704e-05
fede_addition_090f11862d00,A,federated,boundary,,modular,groknet,gd,mse,0.25,1000,256,0.0,50.0,789,20,5,1.0,iid,0.5,fedavg,1.0,0.0,20000,10000,95.0,3100.0,28700.0,28700.0,True,100.0,100.0,100000.0,K,init_to_end,0.0,100000.0,0.002700437544990564,0.5229990847095636,0.949411928653717,0.0,99.95748901367188,0.949411928653717,100.0,0.010311690159142017,1.5048926798044704e-05
fede_addition_090f11862d00,A,federated,boundary,,modular,groknet,gd,mse,0.25,1000,256,0.0,50.0,789,20,5,1.0,iid,0.5,fedavg,1.0,0.0,20000,10000,95.0,3100.0,28700.0,28700.0,True,100.0,100.0,100000.0,K,fed_to_twin,100000.0,100000.0,0.005205597805797879,436.15186976867386,100.0,0.0,100.0,100.0,100.0,1.5048926798044704e-05,8.821647497825325e-06
fede_addition_09d13f9f41c8,B,federated,setup_k_ladder,,modular,transformer,adamw,ce,0.3,1000,128,0.1,0.001,42,10,5,1.0,iid,0.5,fedavg,1.0,0.0,20000,10000,95.0,1400.0,77200.0,77200.0,True,100.0,100.0,100000.0,K,init_to_end,0.0,100000.0,12.638171896372366,5.3238317386695915,0.7607114911079407,0.2,1.6109185218811035,0.9844501614570618,100.0,4.747772693634033,1.5747812653899018e-07
fede_addition_09d13f9f41c8,B,federated,setup_k_ladder,,modular,transformer,adamw,ce,0.3,1000,128,0.1,0.001,42,10,5,1.0,iid,0.5,fedavg,1.0,0.0,20000,10000,95.0,1400.0,77200.0,77200.0,True,100.0,100.0,100000.0,K,fed_to_twin,100000.0,100000.0,5.962724619647716,58302.871507833326,2.6177425384521484,0.6000000000000001,3.143528461456299,100.0,99.32878875732422,1.5747812653899018e-07,0.00020438560750335455
fede_addition_0a0ad5c8e9c3,B,federated,dirichlet_setups,,modular,transformer,adamw,ce,0.3,1000,128,1.0,0.001,42,10,5,1.0,dirichlet,0.01,fedavg,1.0,0.0,20000,10000,95.0,inf,inf,inf,False,39.32114839553833,31.368163228034973,100000.0,dirichlet,init_to_end,0.0,100000.0,2.146526908874512,0.5773227163641695,0.8166462182998657,0.30000000000000004,1.1746281385421753,0.9844501614570618,31.3681640625,4.747772693634033,2.6883695125579834
fede_addition_0a0ad5c8e9c3,B,federated,dirichlet_setups,,modular,transformer,adamw,ce,0.3,1000,128,1.0,0.001,42,10,5,1.0,dirichlet,0.01,fedavg,1.0,0.0,20000,10000,95.0,inf,inf,inf,False,39.32114839553833,31.368163228034973,100000.0,dirichlet,fed_to_twin,100000.0,100000.0,3.307596185624476,2.460670547754142,1.5437968969345093,0.4,1.622105360031128,31.3681640625,100.0,2.6883695125579834,2.804997052407998e-07
fede_addition_0b8df2df0727,A,federated,dirichlet_band,,modular,groknet,gd,mse,0.25,1000,256,0.0,50.0,123,20,5,1.0,dirichlet,0.1,fedavg,1.0,0.0,20000,10000,95.0,3200.0,34300.0,34300.0,True,100.0,100.0,100000.0,dirichlet,memo_to_end,5000.0,100000.0,0.004009349384432426,1.2578289213187437,0.1983845829963684,0.0,92.30551147460938,0.1983845829963684,100.0,0.006333646830171347,4.138449003221467e-05
fede_addition_0b8df2df0727,A,federated,dirichlet_band,,modular,groknet,gd,mse,0.25,1000,256,0.0,50.0,123,20,5,1.0,dirichlet,0.1,fedavg,1.0,0.0,20000,10000,95.0,3200.0,34300.0,34300.0,True,100.0,100.0,100000.0,dirichlet,init_to_end,0.0,100000.0,0.0026619796612067153,0.5142029917094243,0.906900942325592,0.0,100.0,0.906900942325592,100.0,0.010312424041330814,4.138449003221467e-05
fede_addition_0b8df2df0727,A,federated,dirichlet_band,,modular,groknet,gd,mse,0.25,1000,256,0.0,50.0,123,20,5,1.0,dirichlet,0.1,fedavg,1.0,0.0,20000,10000,95.0,3200.0,34300.0,34300.0,True,100.0,100.0,100000.0,dirichlet,fed_to_twin,100000.0,100000.0,0.007929164452434634,313.99716444075443,100.0,0.0,100.0,100.0,100.0,4.138449003221467e-05,9.120198228629306e-06
fede_addition_0bf1701be26d,B,federated,aggregation,fl,modular,transformer,adamw,ce,0.3,1000,128,1.0,0.001,42,50,5,1.0,iid,0.5,fedavg,1.0,0.0,20000,10000,95.0,inf,inf,inf,False,63.15926909446716,50.58731436729431,100000.0,K,init_to_end,0.0,100000.0,2.83651123046875,0.9236854584193209,0.8278330564498901,0.2,1.510236144065857,0.9844501614570618,50.58731460571289,4.747772693634033,1.39395272731781
fede_addition_0bf1701be26d,B,federated,aggregation,fl,modular,transformer,adamw,ce,0.3,1000,128,1.0,0.001,42,50,5,1.0,iid,0.5,fedavg,1.0,0.0,20000,10000,95.0,inf,inf,inf,False,63.15926909446716,50.58731436729431,100000.0,K,fed_to_twin,100000.0,100000.0,4.1681529592036215,5.9803349694400625,1.5326099395751953,0.4,1.7899093627929688,50.58731460571289,100.0,1.39395272731781,2.804997052407998e-07
fede_addition_1122cbb427ec,A,federated,partitions,,modular,groknet,gd,mse,0.3,1000,256,0.0,50.0,42,10,5,1.0,operand,0.5,fedavg,1.0,0.0,10000,10000,95.0,3700.0,12600.0,12600.0,True,100.0,100.0,50000.0,partition,memo_to_end,5000.0,50000.0,0.002933054078312125,0.8333666835703266,0.3036283552646637,0.0,99.55973815917969,0.3036283552646637,100.0,0.007002074737101793,3.6973346141166985e-05
fede_addition_1122cbb427ec,A,federated,partitions,,modular,groknet,gd,mse,0.3,1000,256,0.0,50.0,42,10,5,1.0,operand,0.5,fedavg,1.0,0.0,10000,10000,95.0,3700.0,12600.0,12600.0,True,100.0,100.0,50000.0,partition,init_to_end,0.0,50000.0,0.0026097234978806226,0.5043527152889123,0.9412479400634766,0.0,100.0,0.9412479400634766,100.0,0.01031182985752821,3.6973346141166985e-05
fede_addition_1122cbb427ec,A,federated,partitions,,modular,groknet,gd,mse,0.3,1000,256,0.0,50.0,42,10,5,1.0,operand,0.5,fedavg,1.0,0.0,10000,10000,95.0,3700.0,12600.0,12600.0,True,100.0,100.0,50000.0,partition,fed_to_twin,50000.0,50000.0,0.00043121471571794245,12.881302905648802,100.0,0.0,100.0,100.0,100.0,3.6973346141166985e-05,2.997868796228431e-05
fede_addition_11c49a251146,A,federated,aggregation,fl,modular,groknet,gd,mse,0.3,1000,256,0.0,50.0,123,10,5,1.0,iid,0.5,fedavg,1.0,0.0,10000,10000,95.0,3700.0,12900.0,12900.0,True,100.0,100.0,50000.0,K,memo_to_end,5000.0,50000.0,0.0030267059864854673,0.8526139889321331,0.1669955998659134,0.0,99.34719848632812,0.1669955998659134,100.0,0.007061010226607323,3.881695374730043e-05
fede_addition_11c49a251146,A,federated,aggregation,fl,modular,groknet,gd,mse,0.3,1000,256,0.0,50.0,123,10,5,1.0,iid,0.5,fedavg,1.0,0.0,10000,10000,95.0,3700.0,12900.0,12900.0,True,100.0,100.0,50000.0,K,init_to_end,0.0,50000.0,0.0026246793990139855,0.5071069204164964,0.9108850955963135,0.0,100.0,0.9108850955963135,100.0,0.010312764905393124,3.881695374730043e-05
fede_addition_11c49a251146,A,federated,aggregation,fl,modular,groknet,gd,mse,0.3,1000,256,0.0,50.0,123,10,5,1.0,iid,0.5,fedavg,1.0,0.0,10000,10000,95.0,3700.0,12900.0,12900.0,True,100.0,100.0,50000.0,K,fed_to_twin,50000.0,50000.0,0.00038164299348864006,11.245012759746919,100.0,0.0,100.0,100.0,100.0,3.881695374730043e-05,2.9060780434519984e-05
fede_addition_1242500cb398,A,federated,size_control,,modular,groknet,gd,mse,0.25,1000,256,0.0,50.0,456,20,5,1.0,dirichlet_sizes,0.1,fedavg,1.0,0.0,20000,10000,95.0,3200.0,33500.0,33500.0,True,100.0,100.0,100000.0,dirichlet,memo_to_end,5000.0,100000.0,0.004251128510986746,1.350644082735205,0.2550658881664276,0.0,89.52812957763672,0.2550658881664276,100.0,0.006274193525314331,2.0771321942447685e-05
fede_addition_1242500cb398,A,federated,size_control,,modular,groknet,gd,mse,0.25,1000,256,0.0,50.0,456,20,5,1.0,dirichlet_sizes,0.1,fedavg,1.0,0.0,20000,10000,95.0,3200.0,33500.0,33500.0,True,100.0,100.0,100000.0,dirichlet,init_to_end,0.0,100000.0,0.0027026425908843526,0.5233324365288101,0.906900942325592,0.0,99.94332122802734,0.906900942325592,100.0,0.010307816788554192,2.0771321942447685e-05
fede_addition_1242500cb398,A,federated,size_control,,modular,groknet,gd,mse,0.25,1000,256,0.0,50.0,456,20,5,1.0,dirichlet_sizes,0.1,fedavg,1.0,0.0,20000,10000,95.0,3200.0,33500.0,33500.0,True,100.0,100.0,100000.0,dirichlet,fed_to_twin,100000.0,100000.0,0.005865173714937555,371.10291963529886,100.0,0.0,100.0,100.0,100.0,2.0771321942447685e-05,1.08380963865784e-05
fede_addition_13547d65009e,A,federated,dirichlet_band,,modular,groknet,gd,mse,0.25,1000,256,0.0,50.0,42,20,5,1.0,dirichlet,1.0,fedavg,1.0,0.0,20000,10000,95.0,3000.0,28100.0,28100.0,True,100.0,100.0,100000.0,dirichlet,memo_to_end,5000.0,100000.0,0.004134155450628896,1.3156447850475552,0.2550658881664276,0.0,93.1557388305664,0.2550658881664276,100.0,0.006268776953220367,1.583040830155369e-05
fede_addition_13547d65009e,A,federated,dirichlet_band,,modular,groknet,gd,mse,0.25,1000,256,0.0,50.0,42,20,5,1.0,dirichlet,1.0,fedavg,1.0,0.0,20000,10000,95.0,3000.0,28100.0,28100.0,True,100.0,100.0,100000.0,dirichlet,init_to_end,0.0,100000.0,0.002697683210863034,0.5224238511388949,0.906900942325592,0.0,100.0,0.906900942325592,100.0,0.010311734862625599,1.583040830155369e-05
fede_addition_13547d65009e,A,federated,dirichlet_band,,modular,groknet,gd,mse,0.25,1000,256,0.0,50.0,42,20,5,1.0,dirichlet,1.0,fedavg,1.0,0.0,20000,10000,95.0,3000.0,28100.0,28100.0,True,100.0,100.0,100000.0,dirichlet,fed_to_twin,100000.0,100000.0,0.004461062826521811,369.10937909887167,100.0,0.0,100.0,100.0,100.0,1.583040830155369e-05,8.341628927155398e-06
fede_addition_14b466846454,A,federated,aggregation,fl,modular,groknet,gd,mse,0.3,1000,256,0.0,50.0,456,50,5,1.0,iid,0.5,fedavg,1.0,0.0,10000,10000,95.0,3900.0,16000.0,16000.0,True,100.0,100.0,50000.0,K,memo_to_end,5000.0,50000.0,0.003243061582907103,0.9111091104220653,0.19735842943191528,0.0,97.51024627685547,0.19735842943191528,100.0,0.007039876189082861,7.90551130194217e-05
fede_addition_14b466846454,A,federated,aggregation,fl,modular,groknet,gd,mse,0.3,1000,256,0.0,50.0,456,50,5,1.0,iid,0.5,fedavg,1.0,0.0,10000,10000,95.0,3900.0,16000.0,16000.0,True,100.0,100.0,50000.0,K,init_to_end,0.0,50000.0,0.0026208690251223743,0.5046509815282688,0.8957036733627319,0.0,100.0,0.8957036733627319,100.0,0.010307802818715572,7.90551130194217e-05
fede_addition_14b466846454,A,federated,aggregation,fl,modular,groknet,gd,mse,0.3,1000,256,0.0,50.0,456,50,5,1.0,iid,0.5,fedavg,1.0,0.0,10000,10000,95.0,3900.0,16000.0,16000.0,True,100.0,100.0,50000.0,K,fed_to_twin,50000.0,50000.0,0.002361142247536918,41.92616772809721,100.0,0.0,100.0,100.0,100.0,7.90551130194217e-05,3.35782315232791e-05
fede_addition_1514061812db,A',federated,partitions,,modular,groknet,adamw,mse,0.2,1000,256,0.1,0.001,42,10,5,1.0,operand,0.5,fedavg,1.0,0.0,20000,10000,95.0,1100.0,inf,inf,False,100.0,78.77258062362671,100000.0,partition,init_to_end,0.0,100000.0,0.002444647252559662,0.33736131456938917,0.8900105953216553,0.0,22.861316680908203,0.8900105953216553,78.7725830078125,0.010311542078852654,0.004181211814284325
fede_addition_1514061812db,A',federated,partitions,,modular,groknet,adamw,mse,0.2,1000,256,0.1,0.001,42,10,5,1.0,operand,0.5,fedavg,1.0,0.0,20000,10000,95.0,1100.0,inf,inf,False,100.0,78.77258062362671,100000.0,partition,fed_to_twin,100000.0,100000.0,0.07812076698446617,37.34833013008817,9.086078643798828,0.4,10.36131763458252,78.7725830078125,100.0,0.004181211814284325,2.1488185666385107e-06
fede_addition_15d32c873d47,A',federated,aggregation,fl,modular,groknet,adamw,mse,0.2,1000,256,0.1,0.001,42,50,5,1.0,iid,0.5,fedavg,1.0,0.0,20000,10000,95.0,11700.0,94100.0,94100.0,True,100.0,99.44208264350891,100000.0,K,memo_to_end,10000.0,100000.0,0.002742328681051731,0.6061256597634701,0.7704569697380066,0.0,36.849098205566406,0.7704569697380066,99.44208526611328,0.006494722329080105,0.0025539910420775414
fede_addition_15d32c873d47,A',federated,aggregation,fl,modular,groknet,adamw,mse,0.2,1000,256,0.1,0.001,42,50,5,1.0,iid,0.5,fedavg,1.0,0.0,20000,10000,95.0,11700.0,94100.0,94100.0,True,100.0,99.44208264350891,100000.0,K,init_to_end,0.0,100000.0,0.00206416454166174,0.3208828615587907,0.8900105953216553,0.0,96.66577911376953,0.8900105953216553,99.44208526611328,0.010311542078852654,0.0025539910420775414
fede_addition_15d32c873d47,A',federated,aggregation,fl,modular,groknet,adamw,mse,0.2,1000,256,0.1,0.001,42,50,5,1.0,iid,0.5,fedavg,1.0,0.0,20000,10000,95.0,11700.0,94100.0,94100.0,True,100.0,99.44208264350891,100000.0,K,fed_to_twin,100000.0,100000.0,0.007232214195482811,5.65869990671027,88.1509017944336,0.4,93.14559173583984,99.44208526611328,100.0,0.0025539910420775414,2.1488185666385107e-06
fede_addition_15d9c24c01e2,A,federated,dirichlet_band,,modular,groknet,gd,mse,0.25,1000,256,0.0,50.0,456,50,5,1.0,dirichlet,1.0,fedavg,1.0,0.0,20000,10000,95.0,3200.0,46100.0,46100.0,True,100.0,99.82995986938477,100000.0,dirichlet,memo_to_end,5000.0,100000.0,0.004986765990906861,1.5390999650735082,0.2125549167394638,0.0,73.85574340820312,0.2125549167394638,99.8299560546875,0.0062967753037810326,0.0001833313872339204
fede_addition_15d9c24c01e2,A,federated,dirichlet_band,,modular,groknet,gd,mse,0.25,1000,256,0.0,50.0,456,50,5,1.0,dirichlet,1.0,fedavg,1.0,0.0,20000,10000,95.0,3200.0,46100.0,46100.0,True,100.0,99.82995986938477,100000.0,dirichlet,init_to_end,0.0,100000.0,0.002624281094176695,0.5002848211091165,0.906900942325592,0.0,99.71659851074219,0.906900942325592,99.8299560546875,0.010307816788554192,0.0001833313872339204
fede_addition_15d9c24c01e2,A,federated,dirichlet_band,,modular,groknet,gd,mse,0.25,1000,256,0.0,50.0,456,50,5,1.0,dirichlet,1.0,fedavg,1.0,0.0,20000,10000,95.0,3200.0,46100.0,46100.0,True,100.0,99.82995986938477,100000.0,dirichlet,fed_to_twin,100000.0,100000.0,0.010055911775907589,103.5787044225931,99.8299560546875,0.0,100.0,99.8299560546875,100.0,0.0001833313872339204,1.08380963865784e-05
fede_addition_1700f934fc16,A,federated,aggregation,fl,modular,groknet,gd,mse,0.3,1000,256,0.0,50.0,42,5,5,1.0,iid,0.5,fedavg,1.0,0.0,10000,10000,95.0,3700.0,12700.0,12700.0,True,100.0,100.0,50000.0,K,memo_to_end,5000.0,50000.0,0.0029379467478065635,0.8346413169689376,0.3036283552646637,0.0,99.4534683227539,0.3036283552646637,100.0,0.007010415196418762,2.960711753985379e-05
fede_addition_1700f934fc16,A,federated,aggregation,fl,modular,groknet,gd,mse,0.3,1000,256,0.0,50.0,42,5,5,1.0,iid,0.5,fedavg,1.0,0.0,10000,10000,95.0,3700.0,12700.0,12700.0,True,100.0,100.0,50000.0,K,init_to_end,0.0,50000.0,0.002611469514522469,0.505049640744976,0.9412479400634766,0.0,100.0,0.9412479400634766,100.0,0.01031182985752821,2.960711753985379e-05
fede_addition_1700f934fc16,A,federated,aggregation,fl,modular,groknet,gd,mse,0.3,1000,256,0.0,50.0,42,5,5,1.0,iid,0.5,fedavg,1.0,0.0,10000,10000,95.0,3700.0,12700.0,12700.0,True,100.0,100.0,50000.0,K,fed_to_twin,50000.0,50000.0,6.21302360741538e-05,2.085403916270777,100.0,0.0,100.0,100.0,100.0,2.960711753985379e-05,2.997868796228431e-05
fede_addition_181fa1834cc1,B,federated,local_epochs,,modular,transformer,adamw,ce,0.3,1000,128,0.1,0.001,456,10,10,1.0,iid,0.5,fedavg,1.0,0.0,20000,10000,95.0,2500.0,64500.0,64500.0,True,100.0,99.82101321220398,200000.0,E,init_to_end,0.0,200000.0,7.112150913370276,2.9965523324708427,0.7607114911079407,0.2,1.7563486099243164,0.8278330564498901,99.82101440429688,4.746889114379883,5.975702777050174e-08
fede_addition_181fa1834cc1,B,federated,local_epochs,,modular,transformer,adamw,ce,0.3,1000,128,0.1,0.001,456,10,10,1.0,iid,0.5,fedavg,1.0,0.0,20000,10000,95.0,2500.0,64500.0,64500.0,True,100.0,99.82101321220398,200000.0,E,fed_to_twin,200000.0,200000.0,6.6073787927716525,11840.151415514449,1.1970019340515137,0.5,1.1970019340515137,99.82101440429688,99.93287658691406,5.975702777050174e-08,0.0011160372523590922
fede_addition_1ad698fb7dbd,A,federated,dirichlet_band,,modular,groknet,gd,mse,0.25,1000,256,0.0,50.0,456,20,5,1.0,dirichlet,0.01,fedavg,1.0,0.0,20000,10000,95.0,3000.0,69900.0,69900.0,True,100.0,100.0,100000.0,dirichlet,memo_to_end,5000.0,100000.0,0.0035614377702586353,0.8802336015062696,0.226725235581398,0.0,53.52132797241211,0.226725235581398,100.0,0.006452259141951799,0.001639769528992474
fede_addition_1ad698fb7dbd,A,federated,dirichlet_band,,modular,groknet,gd,mse,0.25,1000,256,0.0,50.0,456,20,5,1.0,dirichlet,0.01,fedavg,1.0,0.0,20000,10000,95.0,3000.0,69900.0,69900.0,True,100.0,100.0,100000.0,dirichlet,init_to_end,0.0,100000.0,0.0022075129207223656,0.3695328683217514,0.906900942325592,0.0,96.66997528076172,0.906900942325592,100.0,0.010307816788554192,0.001639769528992474
fede_addition_1ad698fb7dbd,A,federated,dirichlet_band,,modular,groknet,gd,mse,0.25,1000,256,0.0,50.0,456,20,5,1.0,dirichlet,0.01,fedavg,1.0,0.0,20000,10000,95.0,3000.0,69900.0,69900.0,True,100.0,100.0,100000.0,dirichlet,fed_to_twin,100000.0,100000.0,0.009430925155811565,11.427216269700448,99.88663482666016,0.4,99.94332122802734,100.0,100.0,0.001639769528992474,1.08380963865784e-05
fede_addition_1c2a7432ce0a,B,federated,b_k20_wd_control,fl,modular,transformer,adamw,ce,0.4,1000,128,0.1,0.001,42,20,5,1.0,iid,0.5,fedavg,1.0,0.0,2000,10000,95.0,4200.0,inf,inf,False,100.0,0.9397024288773537,10000.0,other,memo_to_end,4000.0,10000.0,2.917027954163359,56.273643080256655,0.4567997455596924,0.0,0.796136736869812,0.4567997455596924,0.9397024512290955,0.10366940498352051,3.568525698938174e-06
fede_addition_1c2a7432ce0a,B,federated,b_k20_wd_control,fl,modular,transformer,adamw,ce,0.4,1000,128,0.1,0.001,42,20,5,1.0,iid,0.5,fedavg,1.0,0.0,2000,10000,95.0,4200.0,inf,inf,False,100.0,0.9397024288773537,10000.0,other,init_to_end,0.0,10000.0,1.5761305132530197,0.6638454542107007,0.5090054869651794,0.4,0.5351082682609558,0.991908073425293,0.9397024512290955,4.748482704162598,3.568525698938174e-06
fede_addition_1d2ab5f17951,B,federated,setup_k_ladder,,modular,transformer,adamw,ce,0.3,1000,128,0.1,0.001,456,10,5,1.0,iid,0.5,fedavg,1.0,0.0,20000,10000,95.0,1300.0,55200.0,55200.0,True,100.0,100.0,100000.0,K,init_to_end,0.0,100000.0,10.880239295654446,4.584155657521411,0.8278330564498901,0.0,1.9689003229141235,0.8278330564498901,100.0,4.746889114379883,4.357518512687619e-10
fede_addition_1d2ab5f17951,B,federated,setup_k_ladder,,modular,transformer,adamw,ce,0.3,1000,128,0.1,0.001,456,10,5,1.0,iid,0.5,fedavg,1.0,0.0,20000,10000,95.0,1300.0,55200.0,55200.0,True,100.0,100.0,100000.0,K,fed_to_twin,100000.0,100000.0,5.191225831176011,4981.81724340432,2.1031434535980225,0.6000000000000001,2.528247117996216,100.0,99.96644592285156,4.357518512687619e-10,0.0020840687211602926
fede_addition_2091ff7c63a6,A,federated,aggregation,fl,modular,groknet,gd,mse,0.3,1000,256,0.0,50.0,123,2,5,1.0,iid,0.5,fedavg,1.0,0.0,10000,10000,95.0,3700.0,12600.0,12600.0,True,100.0,100.0,50000.0,K,memo_to_end,5000.0,50000.0,0.002990314823364315,0.8422854297888892,0.15181417763233185,0.0,99.36238098144531,0.15181417763233185,100.0,0.007070302031934261,3.0176541258697398e-05
fede_addition_2091ff7c63a6,A,federated,aggregation,fl,modular,groknet,gd,mse,0.3,1000,256,0.0,50.0,123,2,5,1.0,iid,0.5,fedavg,1.0,0.0,10000,10000,95.0,3700.0,12600.0,12600.0,True,100.0,100.0,50000.0,K,init_to_end,0.0,50000.0,0.0026221601983706933,0.5070434193010982,0.9108850955963135,0.0,100.0,0.9108850955963135,100.0,0.010312764905393124,3.0176541258697398e-05
fede_addition_2091ff7c63a6,A,federated,aggregation,fl,modular,groknet,gd,mse,0.3,1000,256,0.0,50.0,123,2,5,1.0,iid,0.5,fedavg,1.0,0.0,10000,10000,95.0,3700.0,12600.0,12600.0,True,100.0,100.0,50000.0,K,fed_to_twin,50000.0,50000.0,3.821368773060385e-05,1.290189584482152,100.0,0.0,100.0,100.0,100.0,3.0176541258697398e-05,2.9060780434519984e-05
fede_addition_213c85d9ba02,A',federated,partitions,,modular,groknet,adamw,mse,0.2,1000,256,0.1,0.001,123,20,5,1.0,dirichlet,0.5,fedavg,1.0,0.0,20000,10000,95.0,5100.0,47700.0,47700.0,True,100.0,100.0,100000.0,partition,memo_to_end,10000.0,100000.0,0.005535511794732884,1.6736305411760768,0.5977683067321777,0.0,72.7948989868164,0.5977683067321777,100.0,0.005829856265336275,0.0007851183763705194
fede_addition_213c85d9ba02,A',federated,partitions,,modular,groknet,adamw,mse,0.2,1000,256,0.1,0.001,123,20,5,1.0,dirichlet,0.5,fedavg,1.0,0.0,20000,10000,95.0,5100.0,47700.0,47700.0,True,100.0,100.0,100000.0,partition,init_to_end,0.0,100000.0,0.0025593754136934883,0.4612492201161745,0.9431456327438354,0.0,100.0,0.9431456327438354,100.0,0.010312463156878948,0.0007851183763705194
fede_addition_213c85d9ba02,A',federated,partitions,,modular,groknet,adamw,mse,0.2,1000,256,0.1,0.001,123,20,5,1.0,dirichlet,0.5,fedavg,1.0,0.0,20000,10000,95.0,5100.0,47700.0,47700.0,True,100.0,100.0,100000.0,partition,fed_to_twin,100000.0,100000.0,0.009611242223286354,24.4013430104947,89.62539672851562,0.5,89.62539672851562,100.0,100.0,0.0007851183763705194,2.6450036330061266e-06
fede_addition_2211dc1bd28c,B,federated,participation_setups,,modular,transformer,adamw,ce,0.3,1000,128,0.1,0.001,456,20,5,0.25,iid,0.5,fedavg,1.0,0.0,160000,10000,95.0,899.9686684073093,19099.78590078336,19099.78590078336,True,100.0,100.0,200000.44386423283,f,init_to_end,0.0,200000.44386423283,3.1914294344476053,1.3446398234139627,0.7495245933532715,0.2,2.6960511207580566,0.8278330564498901,100.0,4.746889114379883,2.0290710835979553e-06
fede_addition_2211dc1bd28c,B,federated,participation_setups,,modular,transformer,adamw,ce,0.3,1000,128,0.1,0.001,456,20,5,0.25,iid,0.5,fedavg,1.0,0.0,160000,10000,95.0,899.9686684073093,19099.78590078336,19099.78590078336,True,100.0,100.0,200000.44386423283,f,fed_to_twin,200000.44386423283,200000.0,5.280462561839499,9445.70541321767,1.7787225246429443,0.5,1.7787225246429443,100.0,99.93287658691406,2.0290710835979553e-06,0.0011160372523590922
fede_addition_2334bffd94b6,A',federated,partitions,,modular,groknet,adamw,mse,0.2,1000,256,0.1,0.001,456,20,5,1.0,dirichlet,0.5,fedavg,1.0,0.0,20000,10000,95.0,7000.0,59100.0,59100.0,True,100.0,100.0,100000.0,partition,memo_to_end,10000.0,100000.0,0.005464202287839726,1.6252672871007974,0.7970244884490967,0.0,69.0223159790039,0.7970244884490967,100.0,0.005887601524591446,0.0008364645182155073
fede_addition_2334bffd94b6,A',federated,partitions,,modular,groknet,adamw,mse,0.2,1000,256,0.1,0.001,456,20,5,1.0,dirichlet,0.5,fedavg,1.0,0.0,20000,10000,95.0,7000.0,59100.0,59100.0,True,100.0,100.0,100000.0,partition,init_to_end,0.0,100000.0,0.0025591587880626323,0.45928708826870807,0.86344313621521,0.0,100.0,0.86344313621521,100.0,0.010307583957910538,0.0008364645182155073
fede_addition_2334bffd94b6,A',federated,partitions,,modular,groknet,adamw,mse,0.2,1000,256,0.1,0.001,456,20,5,1.0,dirichlet,0.5,fedavg,1.0,0.0,20000,10000,95.0,7000.0,59100.0,59100.0,True,100.0,100.0,100000.0,partition,fed_to_twin,100000.0,100000.0,0.00972640545910508,23.162931396354338,88.90807342529297,0.5,88.90807342529297,100.0,100.0,0.0008364645182155073,3.360570644872496e-06
fede_addition_25fa201fc1ff,A',federated,partitions,,modular,groknet,adamw,mse,0.2,1000,256,0.1,0.001,456,10,5,1.0,dirichlet,0.5,fedavg,1.0,0.0,20000,10000,95.0,3100.0,38200.0,38200.0,True,100.0,100.0,100000.0,partition,init_to_end,0.0,100000.0,0.002646718104369938,0.4879666870657419,0.86344313621521,0.0,100.0,0.86344313621521,100.0,0.010307583957910538,0.0005403619143180549
fede_addition_25fa201fc1ff,A',federated,partitions,,modular,groknet,adamw,mse,0.2,1000,256,0.1,0.001,456,10,5,1.0,dirichlet,0.5,fedavg,1.0,0.0,20000,10000,95.0,3100.0,38200.0,38200.0,True,100.0,100.0,100000.0,partition,fed_to_twin,100000.0,100000.0,0.00938707609998346,34.52892370497975,92.68065643310547,0.5,92.68065643310547,100.0,100.0,0.0005403619143180549,3.360570644872496e-06
fede_addition_26cae8f858fb,A,federated,participation,,modular,groknet,gd,mse,0.25,1000,256,0.0,50.0,456,50,5,0.4,iid,0.5,fedavg,1.0,0.0,50000,10000,95.0,1320.0340136054415,18680.065901360704,18680.065901360704,True,100.0,99.94332194328308,100000.11904768542,f,init_to_end,0.0,100000.11904768542,0.002763537233477109,0.5347531147011191,0.906900942325592,0.0,99.81578826904297,0.906900942325592,99.94332122802734,0.010307816788554192,2.793313979054801e-05
fede_addition_26cae8f858fb,A,federated,participation,,modular,groknet,gd,mse,0.25,1000,256,0.0,50.0,456,50,5,0.4,iid,0.5,fedavg,1.0,0.0,50000,10000,95.0,1320.0340136054415,18680.065901360704,18680.065901360704,True,100.0,99.94332194328308,100000.11904768542,f,fed_to_twin,100000.11904768542,100000.0,0.011336965347709338,584.8131999669242,99.94332122802734,0.0,99.97166442871094,99.94332122802734,100.0,2.793313979054801e-05,1.08380963865784e-05
fede_addition_28a5ae899f78,A,federated,dirichlet_setups,,modular,groknet,gd,mse,0.3,1000,256,0.0,50.0,123,10,5,1.0,dirichlet,0.01,fedavg,1.0,0.0,10000,10000,95.0,3600.0,14000.0,14000.0,True,100.0,100.0,50000.0,dirichlet,memo_to_end,5000.0,50000.0,0.003008621311892057,0.8426381550025008,0.22772127389907837,0.0,99.10429382324219,0.22772127389907837,100.0,0.007070479448884726,7.04773046891205e-05
fede_addition_28a5ae899f78,A,federated,dirichlet_setups,,modular,groknet,gd,mse,0.3,1000,256,0.0,50.0,123,10,5,1.0,dirichlet,0.01,fedavg,1.0,0.0,10000,10000,95.0,3600.0,14000.0,14000.0,True,100.0,100.0,50000.0,dirichlet,init_to_end,0.0,50000.0,0.0026203478017123418,0.5047263174055509,0.9108850955963135,0.0,100.0,0.9108850955963135,100.0,0.010312764905393124,7.04773046891205e-05
fede_addition_28a5ae899f78,A,federated,dirichlet_setups,,modular,groknet,gd,mse,0.3,1000,256,0.0,50.0,123,10,5,1.0,dirichlet,0.01,fedavg,1.0,0.0,10000,10000,95.0,3600.0,14000.0,14000.0,True,100.0,100.0,50000.0,dirichlet,fed_to_twin,50000.0,50000.0,0.003239222939555475,65.08509653429435,100.0,0.0,100.0,100.0,100.0,7.04773046891205e-05,2.9060780434519984e-05
fede_addition_2b4ed3162af6,B,federated,k_collapse_budget,,modular,transformer,adamw,ce,0.3,1000,128,0.1,0.001,42,20,5,1.0,iid,0.5,fedavg,1.0,0.0,40000,10000,95.0,4100.0,98200.0,98400.0,True,100.0,100.0,200000.0,K,init_to_end,0.0,200000.0,22.254190347288052,9.374581206764638,0.8949546813964844,0.30000000000000004,1.3200582265853882,0.9844501614570618,100.0,4.747772693634033,2.8635058768600175e-09
fede_addition_2b4ed3162af6,B,federated,k_collapse_budget,,modular,transformer,adamw,ce,0.3,1000,128,0.1,0.001,42,20,5,1.0,iid,0.5,fedavg,1.0,0.0,40000,10000,95.0,4100.0,98200.0,98400.0,True,100.0,100.0,200000.0,K,fed_to_twin,200000.0,200000.0,4.80578076963951,40739298.17424133,2.461125612258911,0.5,2.461125612258911,100.0,100.0,2.8635058768600175e-09,2.3306499485897803e-07
fede_addition_2bc3288b0d06,A,federated,boundary,,modular,groknet,gd,mse,0.25,1000,256,0.0,50.0,123,97,5,1.0,operand,0.5,fedavg,1.0,0.0,20000,10000,95.0,23800.0,76100.0,76500.0,True,100.0,99.98583197593689,100000.0,K,memo_to_end,25000.0,100000.0,0.003640720504336059,0.9805191985461996,2.4372963905334473,0.0,61.25832748413086,2.4372963905334473,99.98583221435547,0.005597524810582399,0.0018285827245563269
fede_addition_2bc3288b0d06,A,federated,boundary,,modular,groknet,gd,mse,0.25,1000,256,0.0,50.0,123,97,5,1.0,operand,0.5,fedavg,1.0,0.0,20000,10000,95.0,23800.0,76100.0,76500.0,True,100.0,99.98583197593689,100000.0,K,init_to_end,0.0,100000.0,0.002097069378942251,0.34545230381296443,0.906900942325592,0.0,96.48576354980469,0.906900942325592,99.98583221435547,0.010312424041330814,0.0018285827245563269
fede_addition_2bc3288b0d06,A,federated,boundary,,modular,groknet,gd,mse,0.25,1000,256,0.0,50.0,123,97,5,1.0,operand,0.5,fedavg,1.0,0.0,20000,10000,95.0,23800.0,76100.0,76500.0,True,100.0,99.98583197593689,100000.0,K,fed_to_twin,100000.0,100000.0,0.013426367616921198,14.612119783293528,96.4290771484375,0.4,98.39875793457031,99.98583221435547,100.0,0.0018285827245563269,9.120198228629306e-06
fede_addition_2c377bf2e74d,B,federated,aggregation,fl,modular,transformer,adamw,ce,0.3,1000,128,1.0,0.001,456,2,5,1.0,iid,0.5,fedavg,1.0,0.0,20000,10000,95.0,600.0,6300.0,6300.0,True,100.0,100.0,100000.0,K,init_to_end,0.0,100000.0,1.975032659470557,0.8321376335608694,0.7047768235206604,0.1,3.2106499671936035,0.8278330564498901,100.0,4.746889114379883,2.93851854848981e-07
fede_addition_2c377bf2e74d,B,federated,aggregation,fl,modular,transformer,adamw,ce,0.3,1000,128,1.0,0.001,456,2,5,1.0,iid,0.5,fedavg,1.0,0.0,20000,10000,95.0,600.0,6300.0,6300.0,True,100.0,100.0,100000.0,K,fed_to_twin,100000.0,100000.0,4.382295792330353,14955246.84336733,3.7252490520477295,0.5,3.7252490520477295,100.0,100.0,2.93851854848981e-07,2.922027704244101e-07
fede_addition_2ceafad13909,B,federated,partitions,,modular,transformer,adamw,ce,0.3,1000,128,1.0,0.001,456,10,5,1.0,dirichlet,0.5,fedavg,1.0,0.0,20000,10000,95.0,4500.0,4800.0,4800.0,True,100.0,99.95525479316711,100000.0,partition,init_to_end,0.0,100000.0,2.4709144799875506,1.0410571799378705,0.7830853462219238,0.1,2.6177425384521484,0.8278330564498901,99.95525360107422,4.746889114379883,4.415231160237454e-05
fede_addition_2ceafad13909,B,federated,partitions,,modular,transformer,adamw,ce,0.3,1000,128,1.0,0.001,456,10,5,1.0,dirichlet,0.5,fedavg,1.0,0.0,20000,10000,95.0,4500.0,4800.0,4800.0,True,100.0,99.95525479316711,100000.0,partition,fed_to_twin,100000.0,100000.0,4.425043677529049,199126.6521853269,4.676138401031494,0.5,4.676138401031494,99.95525360107422,100.0,4.415231160237454e-05,2.922027704244101e-07
fede_addition_2ead102f68e8,A,federated,dirichlet_band,,modular,groknet,gd,mse,0.25,1000,256,0.0,50.0,42,20,5,1.0,dirichlet,0.1,fedavg,1.0,0.0,20000,10000,95.0,2900.0,31000.0,31000.0,True,100.0,100.0,100000.0,dirichlet,memo_to_end,5000.0,100000.0,0.004007243036539876,1.26344842975375,0.2834065556526184,0.0,92.9998550415039,0.2834065556526184,100.0,0.00629794504493475,4.539741712505929e-05
fede_addition_2ead102f68e8,A,federated,dirichlet_band,,modular,groknet,gd,mse,0.25,1000,256,0.0,50.0,42,20,5,1.0,dirichlet,0.1,fedavg,1.0,0.0,20000,10000,95.0,2900.0,31000.0,31000.0,True,100.0,100.0,100000.0,dirichlet,init_to_end,0.0,100000.0,0.002682571632612963,0.5180143615347441,0.906900942325592,0.0,100.0,0.906900942325592,100.0,0.010311734862625599,4.539741712505929e-05
fede_addition_2ead102f68e8,A,federated,dirichlet_band,,modular,groknet,gd,mse,0.25,1000,256,0.0,50.0,42,20,5,1.0,dirichlet,0.1,fedavg,1.0,0.0,20000,10000,95.0,2900.0,31000.0,31000.0,True,100.0,100.0,100000.0,dirichlet,fed_to_twin,100000.0,100000.0,0.007626735204212309,283.84334164778113,100.0,0.0,100.0,100.0,100.0,4.539741712505929e-05,8.341628927155398e-06
fede_addition_2edb8c0100d3,A',federated,partitions,,modular,groknet,adamw,mse,0.2,1000,256,0.1,0.001,456,10,5,1.0,operand,0.5,fedavg,1.0,0.0,20000,10000,95.0,900.0,98400.0,98400.0,True,100.0,95.47024369239807,100000.0,partition,init_to_end,0.0,100000.0,0.0021645044907927513,0.29919874456249573,0.86344313621521,0.0,33.10308074951172,0.86344313621521,95.47024536132812,0.010307583957910538,0.004161089658737183
fede_addition_2edb8c0100d3,A',federated,partitions,,modular,groknet,adamw,mse,0.2,1000,256,0.1,0.001,456,10,5,1.0,operand,0.5,fedavg,1.0,0.0,20000,10000,95.0,900.0,98400.0,98400.0,True,100.0,95.47024369239807,100000.0,partition,fed_to_twin,100000.0,100000.0,0.02096964773477339,10.070788017502606,12.008502006530762,0.4,15.581828117370605,95.47024536132812,100.0,0.004161089658737183,3.360570644872496e-06
fede_addition_2f684cfbab7b,B,federated,setup_k_ladder,,modular,transformer,adamw,ce,0.3,1000,128,0.1,0.001,456,5,5,1.0,iid,0.5,fedavg,1.0,0.0,20000,10000,95.0,800.0,65900.0,65900.0,True,100.0,100.0,100000.0,K,init_to_end,0.0,100000.0,15.780669975280762,6.6488471059818695,0.8278330564498901,0.0,2.2485737800598145,0.8278330564498901,100.0,4.746889114379883,0.0
fede_addition_2f684cfbab7b,B,federated,setup_k_ladder,,modular,transformer,adamw,ce,0.3,1000,128,0.1,0.001,456,5,5,1.0,iid,0.5,fedavg,1.0,0.0,20000,10000,95.0,800.0,65900.0,65900.0,True,100.0,100.0,100000.0,K,fed_to_twin,100000.0,100000.0,9.265210541407578,8891.463556200995,3.3113322257995605,0.5,3.3113322257995605,100.0,99.96644592285156,0.0,0.0020840687211602926
fede_addition_313868c46003,A,federated,partitions,,modular,groknet,gd,mse,0.3,1000,256,0.0,50.0,123,10,5,1.0,target,0.5,fedavg,1.0,0.0,10000,10000,95.0,3597.00389794472,13397.00389794472,13397.00389794472,True,100.0,100.0,49997.00389794472,partition,memo_to_end,4997.00389794472,49997.00389794472,0.0026918286457657814,0.6661261441690117,0.28844693303108215,0.0,98.3907699584961,0.28844693303108215,100.0,0.007070499937981367,0.0010115387849509716
fede_addition_313868c46003,A,federated,partitions,,modular,groknet,gd,mse,0.3,1000,256,0.0,50.0,123,10,5,1.0,target,0.5,fedavg,1.0,0.0,10000,10000,95.0,3597.00389794472,13397.00389794472,13397.00389794472,True,100.0,100.0,49997.00389794472,partition,init_to_end,0.0,49997.00389794472,0.002350284904241562,0.41508687306674436,0.9108850955963135,0.0,100.0,0.9108850955963135,100.0,0.010312764905393124,0.0010115387849509716
fede_addition_313868c46003,A,federated,partitions,,modular,groknet,gd,mse,0.3,1000,256,0.0,50.0,123,10,5,1.0,target,0.5,fedavg,1.0,0.0,10000,10000,95.0,3597.00389794472,13397.00389794472,13397.00389794472,True,100.0,100.0,49997.00389794472,partition,fed_to_twin,49997.00389794472,50000.0,0.0038771702556914533,7.451800643901192,100.0,0.0,100.0,100.0,100.0,0.0010115387849509716,2.9060780434519984e-05
fede_addition_32f767e60825,B,federated,aggregation,fl,modular,transformer,adamw,ce,0.3,1000,128,1.0,0.001,456,50,5,1.0,iid,0.5,fedavg,1.0,0.0,20000,10000,95.0,inf,inf,inf,False,27.493470907211304,17.787225544452667,100000.0,K,init_to_end,0.0,100000.0,2.1014037132263184,0.5604541051700259,0.6712160706520081,0.5,0.6712160706520081,0.8278330564498901,17.7872257232666,4.746889114379883,2.7520432472229004
fede_addition_32f767e60825,B,federated,aggregation,fl,modular,transformer,adamw,ce,0.3,1000,128,1.0,0.001,456,50,5,1.0,iid,0.5,fedavg,1.0,0.0,20000,10000,95.0,inf,inf,inf,False,27.493470907211304,17.787225544452667,100000.0,K,fed_to_twin,100000.0,100000.0,3.318552835541684,2.411700823769844,1.3871798515319824,0.4,4.016108989715576,17.7872257232666,100.0,2.7520432472229004,2.922027704244101e-07
fede_addition_335eed2dd4ef,B,federated,dirichlet_setups,,modular,transformer,adamw,ce,0.3,1000,128,1.0,0.001,123,10,5,1.0,dirichlet,10.0,fedavg,1.0,0.0,20000,10000,95.0,4700.0,7600.0,7600.0,True,100.0,99.98881816864014,100000.0,dirichlet,init_to_end,0.0,100000.0,1.934965446879886,0.816113685653752,0.7942723035812378,0.0,4.485960483551025,0.7942723035812378,99.98881530761719,4.741901397705078,3.272485287197924e-07
fede_addition_335eed2dd4ef,B,federated,dirichlet_setups,,modular,transformer,adamw,ce,0.3,1000,128,1.0,0.001,123,10,5,1.0,dirichlet,10.0,fedavg,1.0,0.0,20000,10000,95.0,4700.0,7600.0,7600.0,True,100.0,99.98881816864014,100000.0,dirichlet,fed_to_twin,100000.0,100000.0,5.695610398567237,99263.18368980124,2.0248348712921143,0.5,2.0248348712921143,99.98881530761719,100.0,3.272485287197924e-07,0.00011443051334936172
fede_addition_3373bb50ce85,A,federated,partitions,,modular,groknet,gd,mse,0.3,1000,256,0.0,50.0,123,10,5,1.0,operand,0.5,fedavg,1.0,0.0,10000,10000,95.0,3700.0,12700.0,12700.0,True,100.0,100.0,50000.0,partition,memo_to_end,5000.0,50000.0,0.0029881444097554777,0.8424364121801392,0.1669955998659134,0.0,99.36238098144531,0.1669955998659134,100.0,0.007057757582515478,3.629572893260047e-05
fede_addition_3373bb50ce85,A,federated,partitions,,modular,groknet,gd,mse,0.3,1000,256,0.0,50.0,123,10,5,1.0,operand,0.5,fedavg,1.0,0.0,10000,10000,95.0,3700.0,12700.0,12700.0,True,100.0,100.0,50000.0,partition,init_to_end,0.0,50000.0,0.002621611490030773,0.5066375746868121,0.9108850955963135,0.0,100.0,0.9108850955963135,100.0,0.010312764905393124,3.629572893260047e-05
fede_addition_3373bb50ce85,A,federated,partitions,,modular,groknet,gd,mse,0.3,1000,256,0.0,50.0,123,10,5,1.0,operand,0.5,fedavg,1.0,0.0,10000,10000,95.0,3700.0,12700.0,12700.0,True,100.0,100.0,50000.0,partition,fed_to_twin,50000.0,50000.0,0.00030410483941523125,9.306030642089961,100.0,0.0,100.0,100.0,100.0,3.629572893260047e-05,2.9060780434519984e-05
fede_addition_349de6aeedc3,A,federated,aggregation,fl,modular,groknet,gd,mse,0.3,1000,256,0.0,50.0,123,50,5,1.0,iid,0.5,fedavg,1.0,0.0,10000,10000,95.0,3700.0,14700.0,14700.0,True,100.0,100.0,50000.0,K,memo_to_end,5000.0,50000.0,0.0032653347552695777,0.9157774966943334,0.21253985166549683,0.0,97.23698425292969,0.21253985166549683,100.0,0.007053718436509371,7.756567356409505e-05
fede_addition_349de6aeedc3,A,federated,aggregation,fl,modular,groknet,gd,mse,0.3,1000,256,0.0,50.0,123,50,5,1.0,iid,0.5,fedavg,1.0,0.0,10000,10000,95.0,3700.0,14700.0,14700.0,True,100.0,100.0,50000.0,K,init_to_end,0.0,50000.0,0.0026256820157868786,0.5054087540014331,0.9108850955963135,0.0,100.0,0.9108850955963135,100.0,0.010312764905393124,7.756567356409505e-05
fede_addition_349de6aeedc3,A,federated,aggregation,fl,modular,groknet,gd,mse,0.3,1000,256,0.0,50.0,123,50,5,1.0,iid,0.5,fedavg,1.0,0.0,10000,10000,95.0,3700.0,14700.0,14700.0,True,100.0,100.0,50000.0,K,fed_to_twin,50000.0,50000.0,0.00264620255529735,49.63501000102135,100.0,0.0,100.0,100.0,100.0,7.756567356409505e-05,2.9060780434519984e-05
fede_addition_362121c81305,B,federated,aggregation,fl,modular,transformer,adamw,ce,0.3,1000,128,1.0,0.001,42,2,5,1.0,iid,0.5,fedavg,1.0,0.0,20000,10000,95.0,600.0,5500.0,5500.0,True,100.0,100.0,100000.0,K,init_to_end,0.0,100000.0,1.9196799845882708,0.808665371037014,0.9397024512290955,0.2,5.515158653259277,0.9844501614570618,100.0,4.747772693634033,7.447821985806513e-07
fede_addition_362121c81305,B,federated,aggregation,fl,modular,transformer,adamw,ce,0.3,1000,128,1.0,0.001,42,2,5,1.0,iid,0.5,fedavg,1.0,0.0,20000,10000,95.0,600.0,5500.0,5500.0,True,100.0,100.0,100000.0,K,fed_to_twin,100000.0,100000.0,4.316048586327554,8419242.688748708,5.873140335083008,0.5,5.873140335083008,100.0,100.0,7.447821985806513e-07,2.804997052407998e-07
fede_addition_37b888d7fc5d,A',federated,aggregation,fl,modular,groknet,adamw,mse,0.2,1000,256,0.1,0.001,42,10,5,1.0,iid,0.5,fedavg,1.0,0.0,20000,10000,95.0,1000.0,32100.0,32100.0,True,100.0,100.0,100000.0,K,init_to_end,0.0,100000.0,0.002628837223164737,0.48364337076892905,0.8900105953216553,0.0,100.0,0.8900105953216553,100.0,0.010311542078852654,0.0005594317917712033
fede_addition_37b888d7fc5d,A',federated,aggregation,fl,modular,groknet,adamw,mse,0.2,1000,256,0.1,0.001,42,10,5,1.0,iid,0.5,fedavg,1.0,0.0,20000,10000,95.0,1000.0,32100.0,32100.0,True,100.0,100.0,100000.0,K,fed_to_twin,100000.0,100000.0,0.009271153905956453,33.018069838198336,96.7587661743164,0.5,96.7587661743164,100.0,100.0,0.0005594317917712033,2.1488185666385107e-06
fede_addition_3932a744e66b,A',federated,partitions,,modular,groknet,adamw,mse,0.2,1000,256,0.1,0.001,42,20,5,1.0,dirichlet,0.5,fedavg,1.0,0.0,20000,10000,95.0,7700.0,49300.0,49300.0,True,100.0,100.0,100000.0,partition,memo_to_end,10000.0,100000.0,0.005609685147646815,1.6762308441104812,0.7173219919204712,0.0,71.02816009521484,0.7173219919204712,100.0,0.00589524582028389,0.0007979673100635409
fede_addition_3932a744e66b,A',federated,partitions,,modular,groknet,adamw,mse,0.2,1000,256,0.1,0.001,42,20,5,1.0,dirichlet,0.5,fedavg,1.0,0.0,20000,10000,95.0,7700.0,49300.0,49300.0,True,100.0,100.0,100000.0,partition,init_to_end,0.0,100000.0,0.002544869901612401,0.4581426258393342,0.8900105953216553,0.0,100.0,0.8900105953216553,100.0,0.010311542078852654,0.0007979673100635409
fede_addition_3932a744e66b,A',federated,partitions,,modular,groknet,adamw,mse,0.2,1000,256,0.1,0.001,42,20,5,1.0,dirichlet,0.5,fedavg,1.0,0.0,20000,10000,95.0,7700.0,49300.0,49300.0,True,100.0,100.0,100000.0,partition,fed_to_twin,100000.0,100000.0,0.009363991137888661,23.40658012711247,94.20829010009766,0.5,94.20829010009766,100.0,100.0,0.0007979673100635409,2.1488185666385107e-06
fede_addition_3ae3c89e39d7,A,federated,dirichlet_setups,,modular,groknet,gd,mse,0.3,1000,256,0.0,50.0,456,10,5,1.0,dirichlet,0.01,fedavg,1.0,0.0,10000,10000,95.0,3800.0,15500.0,15500.0,True,100.0,100.0,50000.0,dirichlet,memo_to_end,5000.0,50000.0,0.0030922127443773206,0.8666991701768165,0.24290268123149872,0.0,98.70957946777344,0.24290268123149872,100.0,0.00705250957980752,8.309836994158104e-05
fede_addition_3ae3c89e39d7,A,federated,dirichlet_setups,,modular,groknet,gd,mse,0.3,1000,256,0.0,50.0,456,10,5,1.0,dirichlet,0.01,fedavg,1.0,0.0,10000,10000,95.0,3800.0,15500.0,15500.0,True,100.0,100.0,50000.0,dirichlet,init_to_end,0.0,50000.0,0.0026232144999084996,0.5049060620020207,0.8957036733627319,0.0,100.0,0.8957036733627319,100.0,0.010307802818715572,8.309836994158104e-05
fede_addition_3ae3c89e39d7,A,federated,dirichlet_setups,,modular,groknet,gd,mse,0.3,1000,256,0.0,50.0,456,10,5,1.0,dirichlet,0.01,fedavg,1.0,0.0,10000,10000,95.0,3800.0,15500.0,15500.0,True,100.0,100.0,50000.0,dirichlet,fed_to_twin,50000.0,50000.0,0.004048864102514926,69.4031888430404,100.0,0.0,100.0,100.0,100.0,8.309836994158104e-05,3.35782315232791e-05
fede_addition_3e4152000bb7,B,federated,k_collapse_budget,,modular,transformer,adamw,ce,0.3,1000,128,0.1,0.001,456,30,5,1.0,iid,0.5,fedavg,1.0,0.0,20000,10000,95.0,5900.0,inf,inf,False,100.0,40.94417691230774,100000.0,K,memo_to_end,10000.0,100000.0,41.278539143984425,5725189.062753799,0.33560803532600403,0.0,1.3536189794540405,0.33560803532600403,40.95536422729492,1.208165122079663e-05,2.338322929062997e-06
fede_addition_3e4152000bb7,B,federated,k_collapse_budget,,modular,transformer,adamw,ce,0.3,1000,128,0.1,0.001,456,30,5,1.0,iid,0.5,fedavg,1.0,0.0,20000,10000,95.0,5900.0,inf,inf,False,100.0,40.94417691230774,100000.0,K,init_to_end,0.0,100000.0,20.661071857131468,8.705095561166603,0.7942723035812378,0.1,1.2193758487701416,0.8278330564498901,40.95536422729492,4.746889114379883,2.338322929062997e-06
fede_addition_3e4152000bb7,B,federated,k_collapse_budget,,modular,transformer,adamw,ce,0.3,1000,128,0.1,0.001,456,30,5,1.0,iid,0.5,fedavg,1.0,0.0,20000,10000,95.0,5900.0,inf,inf,False,100.0,40.94417691230774,100000.0,K,fed_to_twin,100000.0,100000.0,5.923563596557301,5678.24347922745,2.4723124504089355,0.5,2.4723124504089355,40.95536422729492,99.96644592285156,2.338322929062997e-06,0.0020840687211602926
fede_addition_3e6040ee5e77,B,federated,aggregation,fl,modular,transformer,adamw,ce,0.3,1000,128,1.0,0.001,123,2,5,1.0,iid,0.5,fedavg,1.0,0.0,20000,10000,95.0,600.0,4800.0,4800.0,True,100.0,100.0,100000.0,K,init_to_end,0.0,100000.0,2.1624782661172253,0.9120721920523475,0.7942723035812378,0.0,4.463586807250977,0.7942723035812378,100.0,4.741901397705078,1.4245965473946853e-07
fede_addition_3e6040ee5e77,B,federated,aggregation,fl,modular,transformer,adamw,ce,0.3,1000,128,1.0,0.001,123,2,5,1.0,iid,0.5,fedavg,1.0,0.0,20000,10000,95.0,600.0,4800.0,4800.0,True,100.0,100.0,100000.0,K,fed_to_twin,100000.0,100000.0,4.951700636667357,86437.49929558185,1.9017788171768188,0.5,1.9017788171768188,100.0,100.0,1.4245965473946853e-07,0.00011443051334936172
fede_addition_3e93ca3bbb20,A',federated,partitions,,modular,groknet,adamw,mse,0.2,1000,256,0.1,0.001,123,20,5,1.0,operand,0.5,fedavg,1.0,0.0,20000,10000,95.0,10600.0,59200.0,59200.0,True,100.0,100.0,100000.0,partition,memo_to_end,10000.0,100000.0,0.007344664889387786,1.9412260739379974,0.9032943248748779,0.0,27.789583206176758,0.9032943248748779,100.0,0.00547377485781908,0.0020932622719556093
fede_addition_3e93ca3bbb20,A',federated,partitions,,modular,groknet,adamw,mse,0.2,1000,256,0.1,0.001,123,20,5,1.0,operand,0.5,fedavg,1.0,0.0,20000,10000,95.0,10600.0,59200.0,59200.0,True,100.0,100.0,100000.0,partition,init_to_end,0.0,100000.0,0.002400544355623424,0.3870058819847572,0.9431456327438354,0.0,94.84590911865234,0.9431456327438354,100.0,0.010312463156878948,0.0020932622719556093
fede_addition_3e93ca3bbb20,A',federated,partitions,,modular,groknet,adamw,mse,0.2,1000,256,0.1,0.001,123,20,5,1.0,operand,0.5,fedavg,1.0,0.0,20000,10000,95.0,10600.0,59200.0,59200.0,True,100.0,100.0,100000.0,partition,fed_to_twin,100000.0,100000.0,0.015516924065991589,14.806880291623406,44.03559875488281,0.5,44.03559875488281,100.0,100.0,0.0020932622719556093,2.6450036330061266e-06
fede_addition_3faf5207eea4,B,federated,aggregation_alpha2,fl,modular,transformer,adamw,ce,0.4,1000,128,1.0,0.001,123,20,5,1.0,iid,0.5,fedavg,1.0,0.0,20000,10000,95.0,6700.0,5900.0,6600.0,True,100.0,99.94779229164124,100000.0,K,memo_to_end,10000.0,100000.0,4.845086556859314,133.2644075431072,1.5792220830917358,0.5,1.5792220830917358,99.36048126220703,99.94779205322266,0.04547795653343201,0.027235930785536766
fede_addition_3faf5207eea4,B,federated,aggregation_alpha2,fl,modular,transformer,adamw,ce,0.4,1000,128,1.0,0.001,123,20,5,1.0,iid,0.5,fedavg,1.0,0.0,20000,10000,95.0,6700.0,5900.0,6600.0,True,100.0,99.94779229164124,100000.0,K,init_to_end,0.0,100000.0,2.7443222424015405,1.1508968178264716,0.7047767639160156,0.0,1.422605037689209,0.7047767639160156,99.94779205322266,4.741779327392578,0.027235930785536766
fede_addition_3faf5207eea4,B,federated,aggregation_alpha2,fl,modular,transformer,adamw,ce,0.4,1000,128,1.0,0.001,123,20,5,1.0,iid,0.5,fedavg,1.0,0.0,20000,10000,95.0,6700.0,5900.0,6600.0,True,100.0,99.94779229164124,100000.0,K,fed_to_twin,100000.0,100000.0,4.779564012700575,349.33788743679605,1.7880449295043945,0.5,1.7880449295043945,99.94779205322266,99.99999237060547,0.027235930785536766,0.00012762859114445746
fede_addition_3fc86dd74b14,B,federated,aggregation,fl,modular,transformer,adamw,ce,0.3,1000,128,1.0,0.001,42,5,5,1.0,iid,0.5,fedavg,1.0,0.0,20000,10000,95.0,1800.0,5400.0,5400.0,True,100.0,100.0,100000.0,K,init_to_end,0.0,100000.0,1.9872295281594816,0.8371207335597769,0.9508894085884094,0.1,3.277771472930908,0.9844501614570618,100.0,4.747772693634033,1.1497620278078102e-07
fede_addition_3fc86dd74b14,B,federated,aggregation,fl,modular,transformer,adamw,ce,0.3,1000,128,1.0,0.001,42,5,5,1.0,iid,0.5,fedavg,1.0,0.0,20000,10000,95.0,1800.0,5400.0,5400.0,True,100.0,100.0,100000.0,K,fed_to_twin,100000.0,100000.0,4.242602627426841,21455681.832306836,6.555542945861816,0.5,6.555542945861816,100.0,100.0,1.1497620278078102e-07,2.804997052407998e-07
fede_addition_4457e26cc58d,A,federated,dirichlet_setups,,modular,groknet,gd,mse,0.3,1000,256,0.0,50.0,123,10,5,1.0,dirichlet,1000.0,fedavg,1.0,0.0,10000,10000,95.0,3700.0,12900.0,12900.0,True,100.0,100.0,50000.0,dirichlet,memo_to_end,5000.0,50000.0,0.003020009276951896,0.8512186136527565,0.15181417763233185,0.0,99.39273834228516,0.15181417763233185,100.0,0.007062289398163557,3.344189462950453e-05
fede_addition_4457e26cc58d,A,federated,dirichlet_setups,,modular,groknet,gd,mse,0.3,1000,256,0.0,50.0,123,10,5,1.0,dirichlet,1000.0,fedavg,1.0,0.0,10000,10000,95.0,3700.0,12900.0,12900.0,True,100.0,100.0,50000.0,dirichlet,init_to_end,0.0,50000.0,0.0026282441016519447,0.5080594564659574,0.9108850955963135,0.0,100.0,0.9108850955963135,100.0,0.010312764905393124,3.344189462950453e-05
fede_addition_4457e26cc58d,A,federated,dirichlet_setups,,modular,groknet,gd,mse,0.3,1000,256,0.0,50.0,123,10,5,1.0,dirichlet,1000.0,fedavg,1.0,0.0,10000,10000,95.0,3700.0,12900.0,12900.0,True,100.0,100.0,50000.0,dirichlet,fed_to_twin,50000.0,50000.0,0.0001940159481819137,6.208244622591714,100.0,0.0,100.0,100.0,100.0,3.344189462950453e-05,2.9060780434519984e-05
fede_addition_44f4c62d997b,A,federated,partitions,,modular,groknet,gd,mse,0.3,1000,256,0.0,50.0,456,10,5,1.0,target,0.5,fedavg,1.0,0.0,10000,10000,95.0,3800.0,14100.0,14100.0,True,100.0,100.0,50000.0,partition,memo_to_end,5000.0,50000.0,0.0026768195675686,0.6572631063343523,0.31880977749824524,0.0,97.87460327148438,0.31880977749824524,100.0,0.007052743807435036,0.0010926078539341688
fede_addition_44f4c62d997b,A,federated,partitions,,modular,groknet,gd,mse,0.3,1000,256,0.0,50.0,456,10,5,1.0,target,0.5,fedavg,1.0,0.0,10000,10000,95.0,3800.0,14100.0,14100.0,True,100.0,100.0,50000.0,partition,init_to_end,0.0,50000.0,0.002331819478422403,0.4090764000311981,0.8957036733627319,0.0,100.0,0.8957036733627319,100.0,0.010307802818715572,0.0010926078539341688
fede_addition_44f4c62d997b,A,federated,partitions,,modular,groknet,gd,mse,0.3,1000,256,0.0,50.0,456,10,5,1.0,target,0.5,fedavg,1.0,0.0,10000,10000,95.0,3800.0,14100.0,14100.0,True,100.0,100.0,50000.0,partition,fed_to_twin,50000.0,50000.0,0.0041830311056401115,7.428667712478435,100.0,0.0,100.0,100.0,100.0,0.0010926078539341688,3.35782315232791e-05
fede_addition_47143c2ceb61,A,federated,partitions,,modular,groknet,gd,mse,0.3,1000,256,0.0,50.0,123,50,5,1.0,operand,0.5,fedavg,1.0,0.0,10000,10000,95.0,3600.0,13100.0,13100.0,True,100.0,100.0,50000.0,partition,memo_to_end,5000.0,50000.0,0.003116439031146001,0.8708489095311343,0.19735842943191528,0.0,98.11750793457031,0.19735842943191528,100.0,0.007024555467069149,0.00013268845214042813
fede_addition_47143c2ceb61,A,federated,partitions,,modular,groknet,gd,mse,0.3,1000,256,0.0,50.0,123,50,5,1.0,operand,0.5,fedavg,1.0,0.0,10000,10000,95.0,3600.0,13100.0,13100.0,True,100.0,100.0,50000.0,partition,init_to_end,0.0,50000.0,0.0025818688271101566,0.4943526601931626,0.9108850955963135,0.0,100.0,0.9108850955963135,100.0,0.010312764905393124,0.00013268845214042813
fede_addition_47143c2ceb61,A,federated,partitions,,modular,groknet,gd,mse,0.3,1000,256,0.0,50.0,123,50,5,1.0,operand,0.5,fedavg,1.0,0.0,10000,10000,95.0,3600.0,13100.0,13100.0,True,100.0,100.0,50000.0,partition,fed_to_twin,50000.0,50000.0,0.0030034138280825573,37.136668660123576,100.0,0.0,100.0,100.0,100.0,0.00013268845214042813,2.9060780434519984e-05
fede_addition_475ccac5fa0e,B,federated,partitions,,modular,transformer,adamw,ce,0.3,1000,128,1.0,0.001,456,20,5,1.0,operand,0.5,fedavg,1.0,0.0,20000,10000,95.0,inf,inf,inf,False,91.17493629455566,71.59637808799744,100000.0,partition,init_to_end,0.0,100000.0,2.2517355084419255,0.8501975386912785,0.7830853462219238,0.1,2.0583958625793457,0.8278330564498901,71.59637451171875,4.746889114379883,0.5500810742378235
fede_addition_475ccac5fa0e,B,federated,partitions,,modular,transformer,adamw,ce,0.3,1000,128,1.0,0.001,456,20,5,1.0,operand,0.5,fedavg,1.0,0.0,20000,10000,95.0,inf,inf,inf,False,91.17493629455566,71.59637808799744,100000.0,partition,fed_to_twin,100000.0,100000.0,4.110147752705837,14.94378106025052,6.096879005432129,0.4,6.331804275512695,71.59637451171875,100.0,0.5500810742378235,2.922027704244101e-07
fede_addition_47df065db2ad,B,federated,aggregation_alpha2,fl,modular,transformer,adamw,ce,0.4,1000,128,1.0,0.001,42,10,5,1.0,iid,0.5,fedavg,1.0,0.0,20000,10000,95.0,2200.0,2400.0,2400.0,True,100.0,99.99999403953552,100000.0,K,init_to_end,0.0,100000.0,3.6187193451449278,1.5236857057574302,0.796136736869812,0.30000000000000004,1.096319556236267,0.991908073425293,99.99999237060547,4.748482704162598,0.0014723967760801315
fede_addition_47df065db2ad,B,federated,aggregation_alpha2,fl,modular,transformer,adamw,ce,0.4,1000,128,1.0,0.001,42,10,5,1.0,iid,0.5,fedavg,1.0,0.0,20000,10000,95.0,2200.0,2400.0,2400.0,True,100.0,99.99999403953552,100000.0,K,fed_to_twin,100000.0,100000.0,5.365232867200393,7081.259656667148,1.9055075645446777,0.4,2.205690383911133,99.99999237060547,99.99999237060547,0.0014723967760801315,4.293612437322736e-05
fede_addition_483a336432c2,B,federated,participation_setups,,modular,transformer,adamw,ce,0.3,1000,128,0.1,0.001,456,20,5,0.5,iid,0.5,fedavg,1.0,0.0,80000,10000,95.0,1799.997389033942,46800.22584856377,46800.22584856377,True,100.0,99.84338879585266,200000.30809399483,f,init_to_end,0.0,200000.30809399483,19.56850738184262,8.244771214471761,0.8278330564498901,0.0,1.0627586841583252,0.8278330564498901,99.84339141845703,4.746889114379883,4.264111730378772e-09
fede_addition_483a336432c2,B,federated,participation_setups,,modular,transformer,adamw,ce,0.3,1000,128,0.1,0.001,456,20,5,0.5,iid,0.5,fedavg,1.0,0.0,80000,10000,95.0,1799.997389033942,46800.22584856377,46800.22584856377,True,100.0,99.84338879585266,200000.30809399483,f,fed_to_twin,200000.30809399483,200000.0,4.998677132440006,8957.869503362135,2.237386703491211,0.5,2.237386703491211,99.84339141845703,99.93287658691406,4.264111730378772e-09,0.0011160372523590922
fede_addition_4a37b94f32e5,A,federated,boundary,,modular,groknet,gd,mse,0.25,1000,256,0.0,50.0,1011,50,5,1.0,iid,0.5,fedavg,1.0,0.0,20000,10000,95.0,3100.0,46800.0,46800.0,True,100.0,100.0,100000.0,K,memo_to_end,5000.0,100000.0,0.004728234744106885,1.4548670271982695,0.1275329440832138,0.0,78.56029510498047,0.1275329440832138,100.0,0.006316471844911575,0.0001834139256970957
fede_addition_4a37b94f32e5,A,federated,boundary,,modular,groknet,gd,mse,0.25,1000,256,0.0,50.0,1011,50,5,1.0,iid,0.5,fedavg,1.0,0.0,20000,10000,95.0,3100.0,46800.0,46800.0,True,100.0,100.0,100000.0,K,init_to_end,0.0,100000.0,0.0026169178250711415,0.49881218189461657,1.0486042499542236,0.0,99.97166442871094,1.0486042499542236,100.0,0.010309183970093727,0.0001834139256970957
fede_addition_4a37b94f32e5,A,federated,boundary,,modular,groknet,gd,mse,0.25,1000,256,0.0,50.0,1011,50,5,1.0,iid,0.5,fedavg,1.0,0.0,20000,10000,95.0,3100.0,46800.0,46800.0,True,100.0,100.0,100000.0,K,fed_to_twin,100000.0,100000.0,0.009066176809028548,93.76478932505334,99.91497802734375,0.4,99.94332122802734,100.0,100.0,0.0001834139256970957,9.967339792638086e-06
fede_addition_4ba5de6dfe99,B,federated,aggregation_alpha2,fl,modular,transformer,adamw,ce,0.4,1000,128,1.0,0.001,456,20,5,1.0,iid,0.5,fedavg,1.0,0.0,2000,10000,95.0,inf,inf,inf,False,41.04170799255371,17.488905787467957,10000.0,K,init_to_end,0.0,10000.0,1.8866114139556887,0.5767137645847489,0.7830853462219238,0.30000000000000004,1.1093708276748657,0.8744453191757202,17.48890495300293,4.7454938888549805,1.7971327304840088
fede_addition_4ba5de6dfe99,B,federated,aggregation_alpha2,fl,modular,transformer,adamw,ce,0.4,1000,128,1.0,0.001,456,20,5,1.0,iid,0.5,fedavg,1.0,0.0,2000,10000,95.0,inf,inf,inf,False,41.04170799255371,17.488905787467957,10000.0,K,fed_to_twin,10000.0,10000.0,3.7949533107595927,4.223317686626372,1.6966849565505981,0.4,2.1404330730438232,17.48890495300293,99.99999237060547,1.7971327304840088,1.045994031301234e-05
fede_addition_4bc74a8ed20c,A,federated,partitions,,modular,groknet,gd,mse,0.3,1000,256,0.0,50.0,42,10,5,1.0,dirichlet,0.5,fedavg,1.0,0.0,10000,10000,95.0,3700.0,13000.0,13000.0,True,100.0,100.0,50000.0,partition,memo_to_end,5000.0,50000.0,0.0029799964249832556,0.8461363347293636,0.3036283552646637,0.0,99.40792083740234,0.3036283552646637,100.0,0.0070038107223808765,3.996296436525881e-05
fede_addition_4bc74a8ed20c,A,federated,partitions,,modular,groknet,gd,mse,0.3,1000,256,0.0,50.0,42,10,5,1.0,dirichlet,0.5,fedavg,1.0,0.0,10000,10000,95.0,3700.0,13000.0,13000.0,True,100.0,100.0,50000.0,partition,init_to_end,0.0,50000.0,0.002613368665333837,0.5049113154209784,0.9412479400634766,0.0,100.0,0.9412479400634766,100.0,0.01031182985752821,3.996296436525881e-05
fede_addition_4bc74a8ed20c,A,federated,partitions,,modular,groknet,gd,mse,0.3,1000,256,0.0,50.0,42,10,5,1.0,dirichlet,0.5,fedavg,1.0,0.0,10000,10000,95.0,3700.0,13000.0,13000.0,True,100.0,100.0,50000.0,partition,fed_to_twin,50000.0,50000.0,0.0010353796988056274,29.60695563658834,100.0,0.0,100.0,100.0,100.0,3.996296436525881e-05,2.997868796228431e-05
fede_addition_4cfc11a38c81,B,federated,partitions,,modular,transformer,adamw,ce,0.3,1000,128,1.0,0.001,456,20,5,1.0,dirichlet,0.5,fedavg,1.0,0.0,20000,10000,95.0,8400.0,8200.0,8200.0,True,100.0,99.80982542037964,100000.0,partition,memo_to_end,10000.0,100000.0,4.640908794477582,131.5889327764729,2.6848642826080322,0.5,2.6848642826080322,98.91487121582031,99.80982208251953,0.05817766860127449,0.012358792126178741
fede_addition_4cfc11a38c81,B,federated,partitions,,modular,transformer,adamw,ce,0.3,1000,128,1.0,0.001,456,20,5,1.0,dirichlet,0.5,fedavg,1.0,0.0,20000,10000,95.0,8400.0,8200.0,8200.0,True,100.0,99.80982542037964,100000.0,partition,init_to_end,0.0,100000.0,2.665533466637135,1.1201490315279672,0.8278330564498901,0.0,1.4319275617599487,0.8278330564498901,99.80982208251953,4.746889114379883,0.012358792126178741
fede_addition_4cfc11a38c81,B,federated,partitions,,modular,transformer,adamw,ce,0.3,1000,128,1.0,0.001,456,20,5,1.0,dirichlet,0.5,fedavg,1.0,0.0,20000,10000,95.0,8400.0,8200.0,8200.0,True,100.0,99.80982542037964,100000.0,partition,fed_to_twin,100000.0,100000.0,4.553039453271651,736.7923597069225,3.1099677085876465,0.4,3.412014961242676,99.80982208251953,100.0,0.012358792126178741,2.922027704244101e-07
fede_addition_4dc6abeee354,B,federated,aggregation_alpha2,fl,modular,transformer,adamw,ce,0.4,1000,128,1.0,0.001,456,20,5,1.0,iid,0.5,fedavg,1.0,0.0,20000,10000,95.0,inf,inf,inf,False,50.499314069747925,36.79195940494537,100000.0,K,init_to_end,0.0,100000.0,1.959503519535065,0.6338330879396142,0.8222395777702332,0.1,0.8744453191757202,0.8744453191757202,36.79195785522461,4.7454938888549805,1.4375330209732056
fede_addition_4dc6abeee354,B,federated,aggregation_alpha2,fl,modular,transformer,adamw,ce,0.4,1000,128,1.0,0.001,456,20,5,1.0,iid,0.5,fedavg,1.0,0.0,20000,10000,95.0,inf,inf,inf,False,50.499314069747925,36.79195940494537,100000.0,K,fed_to_twin,100000.0,100000.0,3.914544030549223,5.44601084134347,1.7227877378463745,0.4,2.9104671478271484,36.79195785522461,99.99999237060547,1.4375330209732056,4.914497912977822e-05
fede_addition_4e8fb211e318,B,federated,partitions,,modular,transformer,adamw,ce,0.3,1000,128,1.0,0.001,123,20,5,1.0,operand,0.5,fedavg,1.0,0.0,20000,10000,95.0,19100.0,18500.0,18900.0,True,100.0,98.93724322319031,100000.0,partition,memo_to_end,20000.0,100000.0,4.678857574239373,58.179750056206586,2.6401164531707764,0.5,2.6401164531707764,95.72659301757812,98.93724060058594,0.14199402928352356,0.01884741708636284
fede_addition_4e8fb211e318,B,federated,partitions,,modular,transformer,adamw,ce,0.3,1000,128,1.0,0.001,123,20,5,1.0,operand,0.5,fedavg,1.0,0.0,20000,10000,95.0,19100.0,18500.0,18900.0,True,100.0,98.93724322319031,100000.0,partition,init_to_end,0.0,100000.0,2.4433833412826065,1.0264701778388812,0.7942723035812378,0.0,1.980087399482727,0.7942723035812378,98.93724060058594,4.741901397705078,0.01884741708636284
fede_addition_4e8fb211e318,B,federated,partitions,,modular,transformer,adamw,ce,0.3,1000,128,1.0,0.001,123,20,5,1.0,operand,0.5,fedavg,1.0,0.0,20000,10000,95.0,19100.0,18500.0,18900.0,True,100.0,98.93724322319031,100000.0,partition,fed_to_twin,100000.0,100000.0,5.064642741068383,534.1929592499471,1.6892271041870117,0.5,1.6892271041870117,98.93724060058594,100.0,0.01884741708636284,0.00011443051334936172
fede_addition_4ea41581fa32,A,federated,partitions,,modular,groknet,gd,mse,0.3,1000,256,0.0,50.0,456,50,5,1.0,operand,0.5,fedavg,1.0,0.0,10000,10000,95.0,3900.0,14000.0,14000.0,True,100.0,100.0,50000.0,partition,memo_to_end,5000.0,50000.0,0.003167470516928006,0.8831969254492296,0.22772127389907837,0.0,97.54061126708984,0.22772127389907837,100.0,0.007015597075223923,0.00015714192704763263
fede_addition_4ea41581fa32,A,federated,partitions,,modular,groknet,gd,mse,0.3,1000,256,0.0,50.0,456,50,5,1.0,operand,0.5,fedavg,1.0,0.0,10000,10000,95.0,3900.0,14000.0,14000.0,True,100.0,100.0,50000.0,partition,init_to_end,0.0,50000.0,0.002575899154180661,0.49229101858823077,0.8957036733627319,0.0,100.0,0.8957036733627319,100.0,0.010307802818715572,0.00015714192704763263
fede_addition_4ea41581fa32,A,federated,partitions,,modular,groknet,gd,mse,0.3,1000,256,0.0,50.0,456,50,5,1.0,operand,0.5,fedavg,1.0,0.0,10000,10000,95.0,3900.0,14000.0,14000.0,True,100.0,100.0,50000.0,partition,fed_to_twin,50000.0,50000.0,0.0024670808525115717,25.87121226196218,100.0,0.0,100.0,100.0,100.0,0.00015714192704763263,3.35782315232791e-05
fede_addition_4f72ce3b9922,B,federated,participation_setups,,modular,transformer,adamw,ce,0.3,1000,128,0.1,0.001,42,20,5,0.5,iid,0.5,fedavg,1.0,0.0,80000,10000,95.0,1800.0313315926896,39299.84595300266,39299.84595300266,True,100.0,99.94406700134277,200000.0313315917,f,init_to_end,0.0,200000.0313315917,12.664605630537494,5.3349666124318595,0.7383376359939575,0.2,1.8346571922302246,0.9844501614570618,99.9440689086914,4.747772693634033,4.605692822678975e-07
fede_addition_4f72ce3b9922,B,federated,participation_setups,,modular,transformer,adamw,ce,0.3,1000,128,0.1,0.001,42,20,5,0.5,iid,0.5,fedavg,1.0,0.0,80000,10000,95.0,1800.0313315926896,39299.84595300266,39299.84595300266,True,100.0,99.94406700134277,200000.0313315917,f,fed_to_twin,200000.0313315917,200000.0,5.019833240691591,14474005.700769003,3.0428459644317627,0.5,3.0428459644317627,99.9440689086914,100.0,4.605692822678975e-07,2.3306499485897803e-07
fede_addition_50b8bf50be1d,A',federated,partitions,,modular,groknet,adamw,mse,0.2,1000,256,0.1,0.001,123,10,5,1.0,target,0.5,fedavg,1.0,0.0,20000,10000,95.0,1600.0,19100.0,19100.0,True,100.0,100.0,100000.0,partition,init_to_end,0.0,100000.0,0.002383034583181143,0.4034036520346106,0.9431456327438354,0.0,100.0,0.9431456327438354,100.0,0.010312463156878948,0.001502177445217967
fede_addition_50b8bf50be1d,A',federated,partitions,,modular,groknet,adamw,mse,0.2,1000,256,0.1,0.001,123,10,5,1.0,target,0.5,fedavg,1.0,0.0,20000,10000,95.0,1600.0,19100.0,19100.0,True,100.0,100.0,100000.0,partition,fed_to_twin,100000.0,100000.0,0.00838449746322567,11.143503965704078,93.22528839111328,0.5,93.22528839111328,100.0,100.0,0.001502177445217967,2.6450036330061266e-06
fede_addition_5138dfd75982,B,federated,partitions,,modular,transformer,adamw,ce,0.3,1000,128,1.0,0.001,123,20,5,1.0,dirichlet,0.5,fedavg,1.0,0.0,20000,10000,95.0,7300.0,7300.0,25100.0,True,100.0,98.94843101501465,100000.0,partition,memo_to_end,10000.0,100000.0,4.560009829699993,89.23132220754718,1.9912742376327515,0.5,1.9912742376327515,96.58798217773438,98.94843292236328,0.07448378205299377,0.02772270143032074
fede_addition_5138dfd75982,B,federated,partitions,,modular,transformer,adamw,ce,0.3,1000,128,1.0,0.001,123,20,5,1.0,dirichlet,0.5,fedavg,1.0,0.0,20000,10000,95.0,7300.0,7300.0,25100.0,True,100.0,98.94843101501465,100000.0,partition,init_to_end,0.0,100000.0,2.9067313656210905,1.2188513414078064,0.7942723035812378,0.0,1.5549838542938232,0.7942723035812378,98.94843292236328,4.741901397705078,0.02772270143032074
fede_addition_5138dfd75982,B,federated,partitions,,modular,transformer,adamw,ce,0.3,1000,128,1.0,0.001,123,20,5,1.0,dirichlet,0.5,fedavg,1.0,0.0,20000,10000,95.0,7300.0,7300.0,25100.0,True,100.0,98.94843101501465,100000.0,partition,fed_to_twin,100000.0,100000.0,5.086572420879383,365.4523340387458,1.8346571922302246,0.5,1.8346571922302246,98.94843292236328,100.0,0.02772270143032074,0.00011443051334936172
fede_addition_51ef8033f4bc,B,federated,local_epochs,,modular,transformer,adamw,ce,0.3,1000,128,0.1,0.001,42,10,10,1.0,iid,0.5,fedavg,1.0,0.0,20000,10000,95.0,2500.0,75000.0,75300.0,True,100.0,100.0,200000.0,E,init_to_end,0.0,200000.0,3.211197707030546,1.3527175420302169,0.861393928527832,0.1,1.6332924365997314,0.9844501614570618,100.0,4.747772693634033,4.295265476628174e-09
fede_addition_51ef8033f4bc,B,federated,local_epochs,,modular,transformer,adamw,ce,0.3,1000,128,0.1,0.001,42,10,10,1.0,iid,0.5,fedavg,1.0,0.0,20000,10000,95.0,2500.0,75000.0,75300.0,True,100.0,100.0,200000.0,E,fed_to_twin,200000.0,200000.0,8.006393291060084,67461952.39034334,1.476675271987915,0.5,1.476675271987915,100.0,100.0,4.295265476628174e-09,2.3306499485897803e-07
fede_addition_527b9524c1be,B,federated,aggregation,fl,modular,transformer,adamw,ce,0.3,1000,128,1.0,0.001,456,10,5,1.0,iid,0.5,fedavg,1.0,0.0,20000,10000,95.0,5800.0,5800.0,5800.0,True,100.0,99.96644258499146,100000.0,K,memo_to_end,10000.0,100000.0,4.896591647993773,519.8643352570722,3.4343886375427246,0.5,3.4343886375427246,99.73151397705078,99.96644592285156,0.016434939578175545,0.002403019927442074
fede_addition_527b9524c1be,B,federated,aggregation,fl,modular,transformer,adamw,ce,0.3,1000,128,1.0,0.001,456,10,5,1.0,iid,0.5,fedavg,1.0,0.0,20000,10000,95.0,5800.0,5800.0,5800.0,True,100.0,99.96644258499146,100000.0,K,init_to_end,0.0,100000.0,2.7873191601596776,1.17378298969019,0.8278330564498901,0.0,1.4095536470413208,0.8278330564498901,99.96644592285156,4.746889114379883,0.002403019927442074
fede_addition_527b9524c1be,B,federated,aggregation,fl,modular,transformer,adamw,ce,0.3,1000,128,1.0,0.001,456,10,5,1.0,iid,0.5,fedavg,1.0,0.0,20000,10000,95.0,5800.0,5800.0,5800.0,True,100.0,99.96644258499146,100000.0,K,fed_to_twin,100000.0,100000.0,5.064362552668774,4214.485908013112,2.8638551235198975,0.4,4.060856819152832,99.96644592285156,100.0,0.002403019927442074,2.922027704244101e-07
fede_addition_52c6c96d8eb3,B,federated,aggregation_alpha2,fl,modular,transformer,adamw,ce,0.4,1000,128,1.0,0.001,123,10,5,1.0,iid,0.5,fedavg,1.0,0.0,20000,10000,95.0,2400.0,3400.0,3400.0,True,100.0,99.99999403953552,100000.0,K,init_to_end,0.0,100000.0,2.4282418436836455,1.0234306305744951,0.6917253732681274,0.1,1.592273473739624,0.7047767639160156,99.99999237060547,4.741779327392578,0.0035190272610634565
fede_addition_52c6c96d8eb3,B,federated,aggregation_alpha2,fl,modular,transformer,adamw,ce,0.4,1000,128,1.0,0.001,123,10,5,1.0,iid,0.5,fedavg,1.0,0.0,20000,10000,95.0,2400.0,3400.0,3400.0,True,100.0,99.99999403953552,100000.0,K,fed_to_twin,100000.0,100000.0,7.351212339350605,4031.7554698229724,1.161576509475708,0.5,1.161576509475708,99.99999237060547,99.99999237060547,0.0035190272610634565,0.00012762859114445746
fede_addition_5748162f820d,B,federated,aggregation_alpha2,fl,modular,transformer,adamw,ce,0.4,1000,128,1.0,0.001,123,5,5,1.0,iid,0.5,fedavg,1.0,0.0,20000,10000,95.0,1200.0,1700.0,1700.0,True,100.0,99.99999403953552,100000.0,K,init_to_end,0.0,100000.0,1.670457409983169,0.7045697405754333,0.600365400314331,0.1,8.796658515930176,0.7047767639160156,99.99999237060547,4.741779327392578,8.365380494979036e-07
fede_addition_5748162f820d,B,federated,aggregation_alpha2,fl,modular,transformer,adamw,ce,0.4,1000,128,1.0,0.001,123,5,5,1.0,iid,0.5,fedavg,1.0,0.0,20000,10000,95.0,1200.0,1700.0,1700.0,True,100.0,99.99999403953552,100000.0,K,fed_to_twin,100000.0,100000.0,6.649978973545035,103529.7129309692,1.461759328842163,0.5,1.461759328842163,99.99999237060547,99.99999237060547,8.365380494979036e-07,0.00012762859114445746
fede_addition_59b44694e0ac,A,federated,participation,,modular,groknet,gd,mse,0.25,1000,256,0.0,50.0,456,50,5,0.2,iid,0.5,fedavg,1.0,0.0,100000,10000,95.0,699.9808673469402,8999.88520408178,8999.88520408178,True,100.0,99.84412789344788,99999.69175187919,f,init_to_end,0.0,99999.69175187919,0.002794810076466092,0.5421560435766835,0.906900942325592,0.0,99.75910949707031,0.906900942325592,99.84413146972656,0.010307816788554192,2.16724492929643e-06
fede_addition_59b44694e0ac,A,federated,participation,,modular,groknet,gd,mse,0.25,1000,256,0.0,50.0,456,50,5,0.2,iid,0.5,fedavg,1.0,0.0,100000,10000,95.0,699.9808673469402,8999.88520408178,8999.88520408178,True,100.0,99.84412789344788,99999.69175187919,f,fed_to_twin,99999.69175187919,100000.0,0.011920538554477389,1833.1758106074021,99.84413146972656,0.0,99.97166442871094,99.84413146972656,100.0,2.16724492929643e-06,1.08380963865784e-05
fede_addition_5a55860dd764,A,federated,size_control,,modular,groknet,gd,mse,0.25,1000,256,0.0,50.0,123,20,5,1.0,dirichlet_sizes,0.1,fedavg,1.0,0.0,20000,10000,95.0,3300.0,29900.0,29900.0,True,100.0,100.0,100000.0,dirichlet,memo_to_end,5000.0,100000.0,0.004160292230153573,1.317465280045718,0.1983845829963684,0.0,93.0565414428711,0.1983845829963684,100.0,0.00630381191149354,1.1788648407673463e-05
fede_addition_5a55860dd764,A,federated,size_control,,modular,groknet,gd,mse,0.25,1000,256,0.0,50.0,123,20,5,1.0,dirichlet_sizes,0.1,fedavg,1.0,0.0,20000,10000,95.0,3300.0,29900.0,29900.0,True,100.0,100.0,100000.0,dirichlet,init_to_end,0.0,100000.0,0.0027043830734328365,0.5238913909863162,0.906900942325592,0.0,99.98583221435547,0.906900942325592,100.0,0.010312424041330814,1.1788648407673463e-05
fede_addition_5a55860dd764,A,federated,size_control,,modular,groknet,gd,mse,0.25,1000,256,0.0,50.0,123,20,5,1.0,dirichlet_sizes,0.1,fedavg,1.0,0.0,20000,10000,95.0,3300.0,29900.0,29900.0,True,100.0,100.0,100000.0,dirichlet,fed_to_twin,100000.0,100000.0,0.004252406441082712,406.75667243161234,100.0,0.0,100.0,100.0,100.0,1.1788648407673463e-05,9.120198228629306e-06
fede_addition_5ae0e018c66e,A,federated,dirichlet_band,,modular,groknet,gd,mse,0.25,1000,256,0.0,50.0,123,20,5,1.0,dirichlet,10.0,fedavg,1.0,0.0,20000,10000,95.0,3300.0,28900.0,28900.0,True,100.0,100.0,100000.0,dirichlet,memo_to_end,5000.0,100000.0,0.0041588611875340575,1.3167862462925954,0.226725235581398,0.0,92.90067291259766,0.226725235581398,100.0,0.006302633788436651,1.40500305860769e-05
fede_addition_5ae0e018c66e,A,federated,dirichlet_band,,modular,groknet,gd,mse,0.25,1000,256,0.0,50.0,123,20,5,1.0,dirichlet,10.0,fedavg,1.0,0.0,20000,10000,95.0,3300.0,28900.0,28900.0,True,100.0,100.0,100000.0,dirichlet,init_to_end,0.0,100000.0,0.00270300727133872,0.5235102034855473,0.906900942325592,0.0,99.98583221435547,0.906900942325592,100.0,0.010312424041330814,1.40500305860769e-05
fede_addition_5ae0e018c66e,A,federated,dirichlet_band,,modular,groknet,gd,mse,0.25,1000,256,0.0,50.0,123,20,5,1.0,dirichlet,10.0,fedavg,1.0,0.0,20000,10000,95.0,3300.0,28900.0,28900.0,True,100.0,100.0,100000.0,dirichlet,fed_to_twin,100000.0,100000.0,0.0035407201648922637,305.6266895944471,100.0,0.0,100.0,100.0,100.0,1.40500305860769e-05,9.120198228629306e-06
fede_addition_5d432cfedad4,B,federated,dirichlet_setups,,modular,transformer,adamw,ce,0.3,1000,128,1.0,0.001,42,10,5,1.0,dirichlet,10.0,fedavg,1.0,0.0,20000,10000,95.0,5700.0,7800.0,7800.0,True,100.0,100.0,100000.0,dirichlet,memo_to_end,10000.0,100000.0,3.895646948322657,38713527.27155076,16.120370864868164,0.5,16.120370864868164,100.0,100.0,1.0682143170015479e-07,9.44336449038019e-08
fede_addition_5d432cfedad4,B,federated,dirichlet_setups,,modular,transformer,adamw,ce,0.3,1000,128,1.0,0.001,42,10,5,1.0,dirichlet,10.0,fedavg,1.0,0.0,20000,10000,95.0,5700.0,7800.0,7800.0,True,100.0,100.0,100000.0,dirichlet,init_to_end,0.0,100000.0,2.0033890728851063,0.8439279478243424,0.9061416387557983,0.1,5.649401664733887,0.9844501614570618,100.0,4.747772693634033,9.44336449038019e-08
fede_addition_5d432cfedad4,B,federated,dirichlet_setups,,modular,transformer,adamw,ce,0.3,1000,128,1.0,0.001,42,10,5,1.0,dirichlet,10.0,fedavg,1.0,0.0,20000,10000,95.0,5700.0,7800.0,7800.0,True,100.0,100.0,100000.0,dirichlet,fed_to_twin,100000.0,100000.0,4.248654654910034,22663519.54698851,7.047768592834473,0.5,7.047768592834473,100.0,100.0,9.44336449038019e-08,2.804997052407998e-07
fede_addition_5e7f648a1a1f,A',federated,aggregation,fl,modular,groknet,adamw,mse,0.2,1000,256,0.1,0.001,456,50,5,1.0,iid,0.5,fedavg,1.0,0.0,20000,10000,95.0,8500.0,97200.0,97200.0,True,100.0,97.35653400421143,100000.0,K,memo_to_end,10000.0,100000.0,0.002624635468237102,0.5594191475961123,0.6774707436561584,0.0,30.313495635986328,0.6774707436561584,97.35653686523438,0.006474201567471027,0.0029092293698340654
fede_addition_5e7f648a1a1f,A',federated,aggregation,fl,modular,groknet,adamw,mse,0.2,1000,256,0.1,0.001,456,50,5,1.0,iid,0.5,fedavg,1.0,0.0,20000,10000,95.0,8500.0,97200.0,97200.0,True,100.0,97.35653400421143,100000.0,K,init_to_end,0.0,100000.0,0.001959466468542814,0.29651118162189993,0.86344313621521,0.0,91.08660888671875,0.86344313621521,97.35653686523438,0.010307583957910538,0.0029092293698340654
fede_addition_5e7f648a1a1f,A',federated,aggregation,fl,modular,groknet,adamw,mse,0.2,1000,256,0.1,0.001,456,50,5,1.0,iid,0.5,fedavg,1.0,0.0,20000,10000,95.0,8500.0,97200.0,97200.0,True,100.0,97.35653400421143,100000.0,K,fed_to_twin,100000.0,100000.0,0.007263823582206896,4.987879331212999,78.45377349853516,0.4,88.21731567382812,97.35653686523438,100.0,0.0029092293698340654,3.360570644872496e-06
fede_addition_5f4c77773bba,B,federated,aggregation,fl,modular,transformer,adamw,ce,0.3,1000,128,1.0,0.001,42,10,5,1.0,iid,0.5,fedavg,1.0,0.0,20000,10000,95.0,8000.0,9800.0,9800.0,True,100.0,100.0,100000.0,K,memo_to_end,10000.0,100000.0,3.7694821981713176,182.54918124285325,8.904799461364746,0.5,8.904799461364746,97.13614654541016,100.0,0.04052489995956421,0.0007733646780252457
fede_addition_5f4c77773bba,B,federated,aggregation,fl,modular,transformer,adamw,ce,0.3,1000,128,1.0,0.001,42,10,5,1.0,iid,0.5,fedavg,1.0,0.0,20000,10000,95.0,8000.0,9800.0,9800.0,True,100.0,100.0,100000.0,K,init_to_end,0.0,100000.0,2.343978158012033,0.9872403591448937,0.861393928527832,0.2,2.5953688621520996,0.9844501614570618,100.0,4.747772693634033,0.0007733646780252457
fede_addition_5f4c77773bba,B,federated,aggregation,fl,modular,transformer,adamw,ce,0.3,1000,128,1.0,0.001,42,10,5,1.0,iid,0.5,fedavg,1.0,0.0,20000,10000,95.0,8000.0,9800.0,9800.0,True,100.0,100.0,100000.0,K,fed_to_twin,100000.0,100000.0,4.926453482739504,12735.692342040875,3.4008278846740723,0.4,3.4343886375427246,100.0,100.0,0.0007733646780252457,2.804997052407998e-07
fede_addition_6012c2826c4b,B,federated,setup_k_ladder,,modular,transformer,adamw,ce,0.3,1000,128,0.1,0.001,42,5,5,1.0,iid,0.5,fedavg,1.0,0.0,20000,10000,95.0,800.0,51200.0,51200.0,True,100.0,100.0,100000.0,K,init_to_end,0.0,100000.0,8.777751778532258,3.697629327367401,0.872580885887146,0.1,2.282134532928467,0.9844501614570618,100.0,4.747772693634033,1.462881149549844e-09
fede_addition_6012c2826c4b,B,federated,setup_k_ladder,,modular,transformer,adamw,ce,0.3,1000,128,0.1,0.001,42,5,5,1.0,iid,0.5,fedavg,1.0,0.0,20000,10000,95.0,800.0,51200.0,51200.0,True,100.0,100.0,100000.0,K,fed_to_twin,100000.0,100000.0,9.022102616827512,88284.47513685323,1.722787857055664,0.5,1.722787857055664,100.0,99.32878875732422,1.462881149549844e-09,0.00020438560750335455
fede_addition_624085043aa1,B,federated,dirichlet_setups,,modular,transformer,adamw,ce,0.3,1000,128,1.0,0.001,456,10,5,1.0,dirichlet,10.0,fedavg,1.0,0.0,20000,10000,95.0,4500.0,6000.0,6000.0,True,100.0,99.9776303768158,100000.0,dirichlet,init_to_end,0.0,100000.0,2.0092882446148224,0.8465705180786165,0.8278330564498901,0.0,6.4101128578186035,0.8278330564498901,99.97763061523438,4.746889114379883,1.3277963262225967e-07
fede_addition_624085043aa1,B,federated,dirichlet_setups,,modular,transformer,adamw,ce,0.3,1000,128,1.0,0.001,456,10,5,1.0,dirichlet,10.0,fedavg,1.0,0.0,20000,10000,95.0,4500.0,6000.0,6000.0,True,100.0,99.9776303768158,100000.0,dirichlet,fed_to_twin,100000.0,100000.0,4.155083920656992,19554145.728714786,6.454861164093018,0.5,6.454861164093018,99.97763061523438,100.0,1.3277963262225967e-07,2.922027704244101e-07
fede_addition_627c17662719,B,federated,participation_setups,,modular,transformer,adamw,ce,0.3,1000,128,0.1,0.001,42,20,5,0.25,iid,0.5,fedavg,1.0,0.0,160000,10000,95.0,999.9895561357711,13600.070496083637,13600.070496083637,True,100.0,99.93287920951843,200001.18929503788,f,init_to_end,0.0,200001.18929503788,7.6449592201405245,3.2204401997754446,0.8502069711685181,0.30000000000000004,2.047208786010742,0.9844501614570618,99.93287658691406,4.747772693634033,1.2368056445666298e-07
fede_addition_627c17662719,B,federated,participation_setups,,modular,transformer,adamw,ce,0.3,1000,128,0.1,0.001,42,20,5,0.25,iid,0.5,fedavg,1.0,0.0,160000,10000,95.0,999.9895561357711,13600.070496083637,13600.070496083637,True,100.0,99.93287920951843,200001.18929503788,f,fed_to_twin,200001.18929503788,200000.0,4.710554421389183,26408482.4513338,2.774359703063965,0.5,2.774359703063965,99.93287658691406,100.0,1.2368056445666298e-07,2.3306499485897803e-07
fede_addition_6320697ecfae,B,federated,b_k20_wd_control,fl,modular,transformer,adamw,ce,0.4,1000,128,0.1,0.001,456,20,5,1.0,iid,0.5,fedavg,1.0,0.0,2000,10000,95.0,3800.0,inf,inf,False,100.0,4.411380738019943,10000.0,other,memo_to_end,4000.0,10000.0,11.339551443426501,393.9233469388736,0.46985122561454773,0.0,1.3442965745925903,0.46985122561454773,4.411380767822266,0.057571396231651306,9.793665185497957e-07
fede_addition_6320697ecfae,B,federated,b_k20_wd_control,fl,modular,transformer,adamw,ce,0.4,1000,128,0.1,0.001,456,20,5,1.0,iid,0.5,fedavg,1.0,0.0,2000,10000,95.0,3800.0,inf,inf,False,100.0,4.411380738019943,10000.0,other,init_to_end,0.0,10000.0,3.4680862272604602,1.4616331166996785,0.7047767639160156,0.2,1.057165265083313,0.8744453191757202,4.411380767822266,4.7454938888549805,9.793665185497957e-07
fede_addition_64432d2e1313,A,federated,partitions,,modular,groknet,gd,mse,0.3,1000,256,0.0,50.0,42,50,5,1.0,dirichlet,0.5,fedavg,1.0,0.0,10000,10000,95.0,3700.0,14700.0,14700.0,True,100.0,100.0,50000.0,partition,memo_to_end,5000.0,50000.0,0.0032309008165611885,0.9124300909896281,0.3491726219654083,0.0,97.90496063232422,0.3491726219654083,100.0,0.007005998399108648,7.597061630804092e-05
fede_addition_64432d2e1313,A,federated,partitions,,modular,groknet,gd,mse,0.3,1000,256,0.0,50.0,42,50,5,1.0,dirichlet,0.5,fedavg,1.0,0.0,10000,10000,95.0,3700.0,14700.0,14700.0,True,100.0,100.0,50000.0,partition,init_to_end,0.0,50000.0,0.002625806321157143,0.5055557868618599,0.9412479400634766,0.0,100.0,0.9412479400634766,100.0,0.01031182985752821,7.597061630804092e-05
fede_addition_64432d2e1313,A,federated,partitions,,modular,groknet,gd,mse,0.3,1000,256,0.0,50.0,42,50,5,1.0,dirichlet,0.5,fedavg,1.0,0.0,10000,10000,95.0,3700.0,14700.0,14700.0,True,100.0,100.0,50000.0,partition,fed_to_twin,50000.0,50000.0,0.003287634952357621,62.06052932578694,100.0,0.0,100.0,100.0,100.0,7.597061630804092e-05,2.997868796228431e-05
fede_addition_64859ae18492,A',federated,partitions,,modular,groknet,adamw,mse,0.2,1000,256,0.1,0.001,42,20,5,1.0,operand,0.5,fedavg,1.0,0.0,20000,10000,95.0,6200.0,53300.0,53300.0,True,100.0,99.96014833450317,100000.0,partition,memo_to_end,10000.0,100000.0,0.0073212869465351105,1.9641336701012229,0.9431456327438354,0.0,27.191818237304688,0.9431456327438354,99.96015167236328,0.005415792111307383,0.00203918619081378
fede_addition_64859ae18492,A',federated,partitions,,modular,groknet,adamw,mse,0.2,1000,256,0.1,0.001,42,20,5,1.0,operand,0.5,fedavg,1.0,0.0,20000,10000,95.0,6200.0,53300.0,53300.0,True,100.0,99.96014833450317,100000.0,partition,init_to_end,0.0,100000.0,0.002389145316556096,0.38688330993790404,0.8900105953216553,0.0,94.48724365234375,0.8900105953216553,99.96015167236328,0.010311542078852654,0.00203918619081378
fede_addition_64859ae18492,A',federated,partitions,,modular,groknet,adamw,mse,0.2,1000,256,0.1,0.001,42,20,5,1.0,operand,0.5,fedavg,1.0,0.0,20000,10000,95.0,6200.0,53300.0,53300.0,True,100.0,99.96014833450317,100000.0,partition,fed_to_twin,100000.0,100000.0,0.015186139020897826,14.87863476706559,46.413387298583984,0.5,46.413387298583984,99.96015167236328,100.0,0.00203918619081378,2.1488185666385107e-06
fede_addition_6488aa5847b7,B,federated,dirichlet_setups,,modular,transformer,adamw,ce,0.3,1000,128,1.0,0.001,42,10,5,1.0,dirichlet,0.1,fedavg,1.0,0.0,20000,10000,95.0,inf,inf,inf,False,39.08616304397583,26.27810835838318,100000.0,dirichlet,init_to_end,0.0,100000.0,1.7344390869140627,0.49583723853282236,0.8166462182998657,0.30000000000000004,1.0851325988769531,0.9844501614570618,26.278108596801758,4.747772693634033,2.2482290267944336
fede_addition_6488aa5847b7,B,federated,dirichlet_setups,,modular,transformer,adamw,ce,0.3,1000,128,1.0,0.001,42,10,5,1.0,dirichlet,0.1,fedavg,1.0,0.0,20000,10000,95.0,inf,inf,inf,False,39.08616304397583,26.27810835838318,100000.0,dirichlet,fed_to_twin,100000.0,100000.0,3.4482701806424814,3.0675431277894463,1.487862229347229,0.4,4.631390571594238,26.278108596801758,100.0,2.2482290267944336,2.804997052407998e-07
fede_addition_64d46ff885b7,B,federated,partitions,,modular,transformer,adamw,ce,0.3,1000,128,1.0,0.001,42,20,5,1.0,target,0.5,fedavg,1.0,0.0,20000,10000,95.0,inf,inf,inf,False,6.762401759624481,2.058395929634571,100000.0,partition,init_to_end,0.0,100000.0,0.1976037979125973,0.040489178171838766,0.9844501614570618,0.0,1.0180109739303589,0.9844501614570618,2.0583958625793457,4.747772693634033,5.013047695159912
fede_addition_64d46ff885b7,B,federated,partitions,,modular,transformer,adamw,ce,0.3,1000,128,1.0,0.001,42,20,5,1.0,target,0.5,fedavg,1.0,0.0,20000,10000,95.0,inf,inf,inf,False,6.762401759624481,2.058395929634571,100000.0,partition,fed_to_twin,100000.0,100000.0,1.941907504021998,0.774741240638728,1.252936601638794,0.4,5.705336570739746,2.0583958625793457,100.0,5.013047695159912,2.804997052407998e-07
fede_addition_64ddacf7c588,A,federated,boundary,,modular,groknet,gd,mse,0.25,1000,256,0.0,50.0,42,97,5,1.0,operand,0.5,fedavg,1.0,0.0,20000,10000,95.0,3000.0,57800.0,57800.0,True,100.0,100.0,100000.0,K,memo_to_end,5000.0,100000.0,0.005098613997688517,1.4047801017747046,0.3400878608226776,0.0,49.35525131225586,0.3400878608226776,100.0,0.006418904289603233,0.000840045337099582
fede_addition_64ddacf7c588,A,federated,boundary,,modular,groknet,gd,mse,0.25,1000,256,0.0,50.0,42,97,5,1.0,operand,0.5,fedavg,1.0,0.0,20000,10000,95.0,3000.0,57800.0,57800.0,True,100.0,100.0,100000.0,K,init_to_end,0.0,100000.0,0.0023937287507578738,0.4292998441301531,0.906900942325592,0.0,99.81578826904297,0.906900942325592,100.0,0.010311734862625599,0.000840045337099582
fede_addition_64ddacf7c588,A,federated,boundary,,modular,groknet,gd,mse,0.25,1000,256,0.0,50.0,42,97,5,1.0,operand,0.5,fedavg,1.0,0.0,20000,10000,95.0,3000.0,57800.0,57800.0,True,100.0,100.0,100000.0,K,fed_to_twin,100000.0,100000.0,0.012527360776584829,29.53218584970581,99.90081024169922,0.4,99.91497802734375,100.0,100.0,0.000840045337099582,8.341628927155398e-06
fede_addition_64f5dc93f8c2,A',federated,partitions,,modular,groknet,adamw,mse,0.2,1000,256,0.1,0.001,123,10,5,1.0,operand,0.5,fedavg,1.0,0.0,20000,10000,95.0,900.0,98400.0,98400.0,True,100.0,96.20084762573242,100000.0,partition,init_to_end,0.0,100000.0,0.002165683312341571,0.30253550130180956,0.9431456327438354,0.0,37.14133834838867,0.9431456327438354,96.20085144042969,0.010312463156878948,0.004004423972219229
fede_addition_64f5dc93f8c2,A',federated,partitions,,modular,groknet,adamw,mse,0.2,1000,256,0.1,0.001,123,10,5,1.0,operand,0.5,fedavg,1.0,0.0,20000,10000,95.0,900.0,98400.0,98400.0,True,100.0,96.20084762573242,100000.0,partition,fed_to_twin,100000.0,100000.0,0.019816619553125747,9.89083026648479,13.190753936767578,0.4,17.1625919342041,96.20085144042969,100.0,0.004004423972219229,2.6450036330061266e-06
fede_addition_65935c7fc819,A,federated,dirichlet_setups,,modular,groknet,gd,mse,0.3,1000,256,0.0,50.0,123,10,5,1.0,dirichlet,1.0,fedavg,1.0,0.0,10000,10000,95.0,3700.0,13000.0,13000.0,True,100.0,100.0,50000.0,dirichlet,memo_to_end,5000.0,50000.0,0.003028747894859407,0.8536882922017928,0.1669955998659134,0.0,99.21056365966797,0.1669955998659134,100.0,0.007060004863888025,3.5671444493345916e-05
fede_addition_65935c7fc819,A,federated,dirichlet_setups,,modular,groknet,gd,mse,0.3,1000,256,0.0,50.0,123,10,5,1.0,dirichlet,1.0,fedavg,1.0,0.0,10000,10000,95.0,3700.0,13000.0,13000.0,True,100.0,100.0,50000.0,dirichlet,init_to_end,0.0,50000.0,0.002622148982482031,0.5067720173030388,0.9108850955963135,0.0,100.0,0.9108850955963135,100.0,0.010312764905393124,3.5671444493345916e-05
fede_addition_65935c7fc819,A,federated,dirichlet_setups,,modular,groknet,gd,mse,0.3,1000,256,0.0,50.0,123,10,5,1.0,dirichlet,1.0,fedavg,1.0,0.0,10000,10000,95.0,3700.0,13000.0,13000.0,True,100.0,100.0,50000.0,dirichlet,fed_to_twin,50000.0,50000.0,0.00055790566966607,17.237339525646462,100.0,0.0,100.0,100.0,100.0,3.5671444493345916e-05,2.9060780434519984e-05
fede_addition_6651ffdd8cd2,B,federated,dirichlet_setups,,modular,transformer,adamw,ce,0.3,1000,128,1.0,0.001,123,10,5,1.0,dirichlet,0.1,fedavg,1.0,0.0,20000,10000,95.0,inf,inf,inf,False,31.070494651794434,20.505650341510773,100000.0,dirichlet,init_to_end,0.0,100000.0,1.6948449134826662,0.47127485287690885,0.5257858633995056,0.6000000000000001,0.6040944457054138,0.7942723035812378,20.50564956665039,4.741901397705078,2.450695037841797
fede_addition_6651ffdd8cd2,B,federated,dirichlet_setups,,modular,transformer,adamw,ce,0.3,1000,128,1.0,0.001,123,10,5,1.0,dirichlet,0.1,fedavg,1.0,0.0,20000,10000,95.0,inf,inf,inf,False,31.070494651794434,20.505650341510773,100000.0,dirichlet,fed_to_twin,100000.0,100000.0,3.504840856032388,2.8601495965205745,1.3759928941726685,0.4,1.8122832775115967,20.50564956665039,100.0,2.450695037841797,0.00011443051334936172
fede_addition_668481539511,A,federated,aggregation,fl,modular,groknet,gd,mse,0.3,1000,256,0.0,50.0,456,5,5,1.0,iid,0.5,fedavg,1.0,0.0,10000,10000,95.0,3800.0,13500.0,13500.0,True,100.0,100.0,50000.0,K,memo_to_end,5000.0,50000.0,0.0030589912294090027,0.8630574549874939,0.18217700719833374,0.0,99.04357147216797,0.18217700719833374,100.0,0.007054917048662901,3.381432543392293e-05
fede_addition_668481539511,A,federated,aggregation,fl,modular,groknet,gd,mse,0.3,1000,256,0.0,50.0,456,5,5,1.0,iid,0.5,fedavg,1.0,0.0,10000,10000,95.0,3800.0,13500.0,13500.0,True,100.0,100.0,50000.0,K,init_to_end,0.0,50000.0,0.002621933312912006,0.5070644709363076,0.8957036733627319,0.0,100.0,0.8957036733627319,100.0,0.010307802818715572,3.381432543392293e-05
fede_addition_668481539511,A,federated,aggregation,fl,modular,groknet,gd,mse,0.3,1000,256,0.0,50.0,456,5,5,1.0,iid,0.5,fedavg,1.0,0.0,10000,10000,95.0,3800.0,13500.0,13500.0,True,100.0,100.0,50000.0,K,fed_to_twin,50000.0,50000.0,0.0002821330472215777,8.372825129657794,100.0,0.0,100.0,100.0,100.0,3.381432543392293e-05,3.35782315232791e-05
fede_addition_6acb607a0efd,B,federated,dirichlet_setups,,modular,transformer,adamw,ce,0.3,1000,128,1.0,0.001,456,10,5,1.0,dirichlet,0.1,fedavg,1.0,0.0,20000,10000,95.0,inf,inf,inf,False,29.608353972434998,21.646717190742493,100000.0,dirichlet,init_to_end,0.0,100000.0,1.6533359527587894,0.45923563744946716,0.6935899257659912,0.4,0.7607114911079407,0.8278330564498901,21.646717071533203,4.746889114379883,2.4534926414489746
fede_addition_6acb607a0efd,B,federated,dirichlet_setups,,modular,transformer,adamw,ce,0.3,1000,128,1.0,0.001,456,10,5,1.0,dirichlet,0.1,fedavg,1.0,0.0,20000,10000,95.0,inf,inf,inf,False,29.608353972434998,21.646717190742493,100000.0,dirichlet,fed_to_twin,100000.0,100000.0,3.2225959562695268,2.62694537413895,1.5437968969345093,0.4,5.045307159423828,21.646717071533203,100.0,2.4534926414489746,2.922027704244101e-07
fede_addition_6ae59d11b0fd,B,federated,dirichlet_setups,,modular,transformer,adamw,ce,0.3,1000,128,1.0,0.001,456,10,5,1.0,dirichlet,1.0,fedavg,1.0,0.0,20000,10000,95.0,4200.0,4200.0,4200.0,True,100.0,99.9776303768158,100000.0,dirichlet,init_to_end,0.0,100000.0,2.745057785091922,1.155388240166387,0.8278330564498901,0.0,1.6892271041870117,0.8278330564498901,99.97763061523438,4.746889114379883,0.004860452841967344
fede_addition_6ae59d11b0fd,B,federated,dirichlet_setups,,modular,transformer,adamw,ce,0.3,1000,128,1.0,0.001,456,10,5,1.0,dirichlet,1.0,fedavg,1.0,0.0,20000,10000,95.0,4200.0,4200.0,4200.0,True,100.0,99.9776303768158,100000.0,dirichlet,fed_to_twin,100000.0,100000.0,4.838218636438126,1990.7312940331935,2.5506210327148438,0.4,3.881866216659546,99.97763061523438,100.0,0.004860452841967344,2.922027704244101e-07
fede_addition_6b5f47134ba7,B,federated,aggregation,fl,modular,transformer,adamw,ce,0.3,1000,128,1.0,0.001,123,50,5,1.0,iid,0.5,fedavg,1.0,0.0,20000,10000,95.0,inf,inf,inf,False,35.45691967010498,23.783421516418457,100000.0,K,init_to_end,0.0,100000.0,2.515562152862549,0.7157920673508675,0.7495245933532715,0.5,0.7495245933532715,0.7942723035812378,23.78342056274414,4.741901397705078,2.2868497371673584
fede_addition_6b5f47134ba7,B,federated,aggregation,fl,modular,transformer,adamw,ce,0.3,1000,128,1.0,0.001,123,50,5,1.0,iid,0.5,fedavg,1.0,0.0,20000,10000,95.0,inf,inf,inf,False,35.45691967010498,23.783421516418457,100000.0,K,fed_to_twin,100000.0,100000.0,3.6040560059118434,3.1518255133545408,1.1970019340515137,0.4,1.7004139423370361,23.78342056274414,100.0,2.2868497371673584,0.00011443051334936172
fede_addition_6d6f4e0bfdbf,A,federated,size_control,,modular,groknet,gd,mse,0.25,1000,256,0.0,50.0,123,50,5,1.0,dirichlet_sizes,0.01,fedavg,1.0,0.0,20000,10000,95.0,3600.0,inf,inf,False,99.7448980808258,1.0060932487249374,100000.0,dirichlet,memo_to_end,5000.0,100000.0,,,1.0060932636260986,0.0,1.0060932636260986,1.0060932636260986,1.0060932636260986,,
fede_addition_6d6f4e0bfdbf,A,federated,size_control,,modular,groknet,gd,mse,0.25,1000,256,0.0,50.0,123,50,5,1.0,dirichlet_sizes,0.01,fedavg,1.0,0.0,20000,10000,95.0,3600.0,inf,inf,False,99.7448980808258,1.0060932487249374,100000.0,dirichlet,init_to_end,0.0,100000.0,,,1.0060932636260986,0.0,1.0060932636260986,1.0060932636260986,1.0060932636260986,,
fede_addition_6d6f4e0bfdbf,A,federated,size_control,,modular,groknet,gd,mse,0.25,1000,256,0.0,50.0,123,50,5,1.0,dirichlet_sizes,0.01,fedavg,1.0,0.0,20000,10000,95.0,3600.0,inf,inf,False,99.7448980808258,1.0060932487249374,100000.0,dirichlet,fed_to_twin,100000.0,100000.0,,,1.0060932636260986,0.0,1.0060932636260986,1.0060932636260986,1.0060932636260986,,
fede_addition_6d8bfccef00b,A,federated,partitions,,modular,groknet,gd,mse,0.3,1000,256,0.0,50.0,456,50,5,1.0,dirichlet,0.5,fedavg,1.0,0.0,10000,10000,95.0,3800.0,16000.0,16000.0,True,100.0,100.0,50000.0,partition,memo_to_end,5000.0,50000.0,0.0032841251631907653,0.9199738595654597,0.18217700719833374,0.0,97.11553192138672,0.18217700719833374,100.0,0.007045709993690252,9.389539627591148e-05
fede_addition_6d8bfccef00b,A,federated,partitions,,modular,groknet,gd,mse,0.3,1000,256,0.0,50.0,456,50,5,1.0,dirichlet,0.5,fedavg,1.0,0.0,10000,10000,95.0,3800.0,16000.0,16000.0,True,100.0,100.0,50000.0,partition,init_to_end,0.0,50000.0,0.0026235895551508298,0.5044540806557091,0.8957036733627319,0.0,100.0,0.8957036733627319,100.0,0.010307802818715572,9.389539627591148e-05
fede_addition_6d8bfccef00b,A,federated,partitions,,modular,groknet,gd,mse,0.3,1000,256,0.0,50.0,456,50,5,1.0,dirichlet,0.5,fedavg,1.0,0.0,10000,10000,95.0,3800.0,16000.0,16000.0,True,100.0,100.0,50000.0,partition,fed_to_twin,50000.0,50000.0,0.0025967095207306556,40.74112529097009,100.0,0.0,100.0,100.0,100.0,9.389539627591148e-05,3.35782315232791e-05
fede_addition_6db862b16fdc,B,federated,aggregation_alpha2,fl,modular,transformer,adamw,ce,0.4,1000,128,1.0,0.001,456,2,5,1.0,iid,0.5,fedavg,1.0,0.0,20000,10000,95.0,600.0,1500.0,1500.0,True,100.0,99.99999403953552,100000.0,K,init_to_end,0.0,100000.0,1.8459962187090468,0.777999566146352,0.8352910280227661,0.1,5.2727742195129395,0.8744453191757202,99.99999237060547,4.7454938888549805,3.2228649615717586e-07
fede_addition_6db862b16fdc,B,federated,aggregation_alpha2,fl,modular,transformer,adamw,ce,0.4,1000,128,1.0,0.001,456,2,5,1.0,iid,0.5,fedavg,1.0,0.0,20000,10000,95.0,600.0,1500.0,1500.0,True,100.0,99.99999403953552,100000.0,K,fed_to_twin,100000.0,100000.0,4.998856492496361,202107.6535863947,2.5972330570220947,0.5,2.5972330570220947,99.99999237060547,99.99999237060547,3.2228649615717586e-07,4.914497912977822e-05
fede_addition_6deba0a30753,B,federated,partitions,,modular,transformer,adamw,ce,0.3,1000,128,1.0,0.001,123,10,5,1.0,operand,0.5,fedavg,1.0,0.0,20000,10000,95.0,inf,inf,inf,False,71.7232346534729,22.161316871643066,100000.0,partition,init_to_end,0.0,100000.0,2.0861109972000125,0.7207521048798493,0.7942723035812378,0.0,1.0291979312896729,0.7942723035812378,22.16131591796875,4.741901397705078,1.0468045473098755
fede_addition_6deba0a30753,B,federated,partitions,,modular,transformer,adamw,ce,0.3,1000,128,1.0,0.001,123,10,5,1.0,operand,0.5,fedavg,1.0,0.0,20000,10000,95.0,inf,inf,inf,False,71.7232346534729,22.161316871643066,100000.0,partition,fed_to_twin,100000.0,100000.0,4.32665867133619,8.26550814912586,1.4207406044006348,0.4,1.8010964393615723,22.16131591796875,100.0,1.0468045473098755,0.00011443051334936172
fede_addition_6e64571e3a2f,A,federated,size_control,,modular,groknet,gd,mse,0.25,1000,256,0.0,50.0,123,20,5,1.0,dirichlet_sizes,0.01,fedavg,1.0,0.0,20000,10000,95.0,3300.0,29800.0,29800.0,True,100.0,100.0,100000.0,dirichlet,memo_to_end,5000.0,100000.0,0.004103904674138903,1.2993564623884826,0.2408955693244934,0.0,93.55250549316406,0.2408955693244934,100.0,0.006303730886429548,1.3095624126435723e-05
fede_addition_6e64571e3a2f,A,federated,size_control,,modular,groknet,gd,mse,0.25,1000,256,0.0,50.0,123,20,5,1.0,dirichlet_sizes,0.01,fedavg,1.0,0.0,20000,10000,95.0,3300.0,29800.0,29800.0,True,100.0,100.0,100000.0,dirichlet,init_to_end,0.0,100000.0,0.0027002784165233605,0.5230300273519033,0.906900942325592,0.0,99.98583221435547,0.906900942325592,100.0,0.010312424041330814,1.3095624126435723e-05
fede_addition_6e64571e3a2f,A,federated,size_control,,modular,groknet,gd,mse,0.25,1000,256,0.0,50.0,123,20,5,1.0,dirichlet_sizes,0.01,fedavg,1.0,0.0,20000,10000,95.0,3300.0,29800.0,29800.0,True,100.0,100.0,100000.0,dirichlet,fed_to_twin,100000.0,100000.0,0.0038332505814651086,345.09193674670865,100.0,0.0,100.0,100.0,100.0,1.3095624126435723e-05,9.120198228629306e-06
fede_addition_71152002b615,A,federated,size_control,,modular,groknet,gd,mse,0.25,1000,256,0.0,50.0,123,50,5,1.0,dirichlet_sizes,0.1,fedavg,1.0,0.0,20000,10000,95.0,3400.0,45900.0,45900.0,True,100.0,100.0,100000.0,dirichlet,memo_to_end,5000.0,100000.0,0.0047188153403112665,1.4680373448246244,0.1983845829963684,0.0,81.40853118896484,0.1983845829963684,100.0,0.006332780234515667,9.595995652489364e-05
fede_addition_71152002b615,A,federated,size_control,,modular,groknet,gd,mse,0.25,1000,256,0.0,50.0,123,50,5,1.0,dirichlet_sizes,0.1,fedavg,1.0,0.0,20000,10000,95.0,3400.0,45900.0,45900.0,True,100.0,100.0,100000.0,dirichlet,init_to_end,0.0,100000.0,0.002655289054382593,0.5102211937856298,0.906900942325592,0.0,100.0,0.906900942325592,100.0,0.010312424041330814,9.595995652489364e-05
fede_addition_71152002b615,A,federated,size_control,,modular,groknet,gd,mse,0.25,1000,256,0.0,50.0,123,50,5,1.0,dirichlet_sizes,0.1,fedavg,1.0,0.0,20000,10000,95.0,3400.0,45900.0,45900.0,True,100.0,100.0,100000.0,dirichlet,fed_to_twin,100000.0,100000.0,0.009578679242622457,182.31186021928312,99.98583221435547,0.4,100.0,100.0,100.0,9.595995652489364e-05,9.120198228629306e-06
fede_addition_71320a359302,B,federated,aggregation,fl,modular,transformer,adamw,ce,0.3,1000,128,1.0,0.001,123,5,5,1.0,iid,0.5,fedavg,1.0,0.0,20000,10000,95.0,1800.0,5700.0,5700.0,True,100.0,100.0,100000.0,K,init_to_end,0.0,100000.0,2.0242089435264248,0.853754098329966,0.7942723035812378,0.0,5.4704108238220215,0.7942723035812378,100.0,4.741901397705078,1.5799109576164483e-07
fede_addition_71320a359302,B,federated,aggregation,fl,modular,transformer,adamw,ce,0.3,1000,128,1.0,0.001,123,5,5,1.0,iid,0.5,fedavg,1.0,0.0,20000,10000,95.0,1800.0,5700.0,5700.0,True,100.0,100.0,100000.0,K,fed_to_twin,100000.0,100000.0,5.099682274131538,89008.61912503248,2.4163777828216553,0.5,2.4163777828216553,100.0,100.0,1.5799109576164483e-07,0.00011443051334936172
fede_addition_72352025b744,B,federated,dirichlet_setups,,modular,transformer,adamw,ce,0.3,1000,128,1.0,0.001,123,10,5,1.0,dirichlet,0.01,fedavg,1.0,0.0,20000,10000,95.0,inf,inf,inf,False,20.104438066482544,11.757467687129974,100000.0,dirichlet,init_to_end,0.0,100000.0,0.9787083625793458,0.2383702283569145,0.7495245933532715,0.4,0.8949546813964844,0.7942723035812378,11.757467269897461,4.741901397705078,3.4697647094726562
fede_addition_72352025b744,B,federated,dirichlet_setups,,modular,transformer,adamw,ce,0.3,1000,128,1.0,0.001,123,10,5,1.0,dirichlet,0.01,fedavg,1.0,0.0,20000,10000,95.0,inf,inf,inf,False,20.104438066482544,11.757467687129974,100000.0,dirichlet,fed_to_twin,100000.0,100000.0,2.9752402357626124,1.7148956005278109,1.3536189794540405,0.4,2.528247117996216,11.757467269897461,100.0,3.4697647094726562,0.00011443051334936172
fede_addition_7247bd06c1b3,A,federated,aggregation,fl,modular,groknet,gd,mse,0.3,1000,256,0.0,50.0,123,5,5,1.0,iid,0.5,fedavg,1.0,0.0,10000,10000,95.0,3700.0,12700.0,12700.0,True,100.0,100.0,50000.0,K,memo_to_end,5000.0,50000.0,0.003008699144629645,0.8477623255608535,0.15181417763233185,0.0,99.43828582763672,0.15181417763233185,100.0,0.007066674530506134,3.1303414289141074e-05
fede_addition_7247bd06c1b3,A,federated,aggregation,fl,modular,groknet,gd,mse,0.3,1000,256,0.0,50.0,123,5,5,1.0,iid,0.5,fedavg,1.0,0.0,10000,10000,95.0,3700.0,12700.0,12700.0,True,100.0,100.0,50000.0,K,init_to_end,0.0,50000.0,0.0026237686033709906,0.507299163594771,0.9108850955963135,0.0,100.0,0.9108850955963135,100.0,0.010312764905393124,3.1303414289141074e-05
fede_addition_7247bd06c1b3,A,federated,aggregation,fl,modular,groknet,gd,mse,0.3,1000,256,0.0,50.0,123,5,5,1.0,iid,0.5,fedavg,1.0,0.0,10000,10000,95.0,3700.0,12700.0,12700.0,True,100.0,100.0,50000.0,K,fed_to_twin,50000.0,50000.0,0.00015317159795813495,5.074915640284224,100.0,0.0,100.0,100.0,100.0,3.1303414289141074e-05,2.9060780434519984e-05
fede_addition_769384356140,A,federated,dirichlet_setups,,modular,groknet,gd,mse,0.3,1000,256,0.0,50.0,42,10,5,1.0,dirichlet,0.1,fedavg,1.0,0.0,10000,10000,95.0,3600.0,13400.0,13400.0,True,100.0,100.0,50000.0,dirichlet,memo_to_end,5000.0,50000.0,0.0029927694176876685,0.8490602976127458,0.24290268123149872,0.0,99.34719848632812,0.24290268123149872,100.0,0.007003246806561947,4.6357152314158157e-05
fede_addition_769384356140,A,federated,dirichlet_setups,,modular,groknet,gd,mse,0.3,1000,256,0.0,50.0,42,10,5,1.0,dirichlet,0.1,fedavg,1.0,0.0,10000,10000,95.0,3600.0,13400.0,13400.0,True,100.0,100.0,50000.0,dirichlet,init_to_end,0.0,50000.0,0.0026212483222479935,0.5061210653480728,0.9412479400634766,0.0,100.0,0.9412479400634766,100.0,0.01031182985752821,4.6357152314158157e-05
fede_addition_769384356140,A,federated,dirichlet_setups,,modular,groknet,gd,mse,0.3,1000,256,0.0,50.0,42,10,5,1.0,dirichlet,0.1,fedavg,1.0,0.0,10000,10000,95.0,3600.0,13400.0,13400.0,True,100.0,100.0,50000.0,dirichlet,fed_to_twin,50000.0,50000.0,0.002233824234281201,58.5262237552278,100.0,0.0,100.0,100.0,100.0,4.6357152314158157e-05,2.997868796228431e-05
fede_addition_76f2ecbbe3ee,B,federated,dirichlet_setups,,modular,transformer,adamw,ce,0.3,1000,128,1.0,0.001,456,10,5,1.0,dirichlet,0.01,fedavg,1.0,0.0,20000,10000,95.0,inf,inf,inf,False,20.052218437194824,13.737554848194122,100000.0,dirichlet,init_to_end,0.0,100000.0,0.958399772644043,0.22618420540673667,0.8278330564498901,0.0,0.9844501614570618,0.8278330564498901,13.737554550170898,4.746889114379883,3.7276175022125244
fede_addition_76f2ecbbe3ee,B,federated,dirichlet_setups,,modular,transformer,adamw,ce,0.3,1000,128,1.0,0.001,456,10,5,1.0,dirichlet,0.01,fedavg,1.0,0.0,20000,10000,95.0,inf,inf,inf,False,20.052218437194824,13.737554848194122,100000.0,dirichlet,fed_to_twin,100000.0,100000.0,2.5055043482220416,1.3442925140961501,0.9508894085884094,0.30000000000000004,6.611478328704834,13.737554550170898,100.0,3.7276175022125244,2.922027704244101e-07
fede_addition_7759b72e65d1,A',federated,aggregation,fl,modular,groknet,adamw,mse,0.2,1000,256,0.1,0.001,42,2,5,1.0,iid,0.5,fedavg,1.0,0.0,20000,10000,95.0,200.0,53200.0,53200.0,True,100.0,100.0,100000.0,K,init_to_end,0.0,100000.0,0.0026974327920470387,0.5156480116061227,0.8900105953216553,0.0,100.0,0.8900105953216553,100.0,0.010311542078852654,0.0001507606211816892
fede_addition_7759b72e65d1,A',federated,aggregation,fl,modular,groknet,adamw,mse,0.2,1000,256,0.1,0.001,42,2,5,1.0,iid,0.5,fedavg,1.0,0.0,20000,10000,95.0,200.0,53200.0,53200.0,True,100.0,100.0,100000.0,K,fed_to_twin,100000.0,100000.0,0.008520680823949078,111.44741407689664,99.82730865478516,0.5,99.82730865478516,100.0,100.0,0.0001507606211816892,2.1488185666385107e-06
fede_addition_776182345795,B,federated,aggregation,fl,modular,transformer,adamw,ce,0.3,1000,128,1.0,0.001,123,10,5,1.0,iid,0.5,fedavg,1.0,0.0,20000,10000,95.0,4800.0,5200.0,5200.0,True,100.0,100.0,100000.0,K,init_to_end,0.0,100000.0,1.906125220260293,0.8039496391490024,0.7942723035812378,0.0,6.622664451599121,0.7942723035812378,100.0,4.741901397705078,6.504828320430533e-07
fede_addition_776182345795,B,federated,aggregation,fl,modular,transformer,adamw,ce,0.3,1000,128,1.0,0.001,123,10,5,1.0,iid,0.5,fedavg,1.0,0.0,20000,10000,95.0,4800.0,5200.0,5200.0,True,100.0,100.0,100000.0,K,fed_to_twin,100000.0,100000.0,6.349200948442217,110343.16975209057,1.7899093627929688,0.5,1.7899093627929688,100.0,100.0,6.504828320430533e-07,0.00011443051334936172
fede_addition_778289b0bacd,A,federated,boundary,,modular,groknet,gd,mse,0.25,1000,256,0.0,50.0,123,20,5,1.0,iid,0.5,fedavg,1.0,0.0,20000,10000,95.0,3300.0,29800.0,29800.0,True,100.0,100.0,100000.0,K,memo_to_end,5000.0,100000.0,0.004178977803348971,1.3228154869808395,0.2125549167394638,0.0,93.14156341552734,0.2125549167394638,100.0,0.0063020214438438416,1.6286505342577584e-05
fede_addition_778289b0bacd,A,federated,boundary,,modular,groknet,gd,mse,0.25,1000,256,0.0,50.0,123,20,5,1.0,iid,0.5,fedavg,1.0,0.0,20000,10000,95.0,3300.0,29800.0,29800.0,True,100.0,100.0,100000.0,K,init_to_end,0.0,100000.0,0.002709230779873906,0.5246019370242645,0.906900942325592,0.0,99.98583221435547,0.906900942325592,100.0,0.010312424041330814,1.6286505342577584e-05
fede_addition_778289b0bacd,A,federated,boundary,,modular,groknet,gd,mse,0.25,1000,256,0.0,50.0,123,20,5,1.0,iid,0.5,fedavg,1.0,0.0,20000,10000,95.0,3300.0,29800.0,29800.0,True,100.0,100.0,100000.0,K,fed_to_twin,100000.0,100000.0,0.004062860160956916,319.82584041806246,100.0,0.0,100.0,100.0,100.0,1.6286505342577584e-05,9.120198228629306e-06
fede_addition_77fe2a79c88b,B,federated,aggregation_alpha2,fl,modular,transformer,adamw,ce,0.4,1000,128,1.0,0.001,42,20,5,1.0,iid,0.5,fedavg,1.0,0.0,2000,10000,95.0,inf,inf,inf,False,40.767574310302734,20.046985149383545,10000.0,K,init_to_end,0.0,10000.0,1.9241249561309814,0.5938897615312979,0.8222395777702332,0.1,1.0832680463790894,0.991908073425293,20.046985626220703,4.748482704162598,1.731255054473877
fede_addition_77fe2a79c88b,B,federated,aggregation_alpha2,fl,modular,transformer,adamw,ce,0.4,1000,128,1.0,0.001,42,20,5,1.0,iid,0.5,fedavg,1.0,0.0,2000,10000,95.0,inf,inf,inf,False,40.767574310302734,20.046985149383545,10000.0,K,fed_to_twin,10000.0,10000.0,3.7710605037886125,4.356420304437028,1.6053249835968018,0.4,2.5580787658691406,20.046985626220703,99.99999237060547,1.731255054473877,1.0636280421749689e-05
fede_addition_790af6ebe65c,A,federated,participation_setups,,modular,groknet,gd,mse,0.3,1000,256,0.0,50.0,456,20,5,0.25,iid,0.5,fedavg,1.0,0.0,40000,10000,95.0,999.9751948972364,3500.028348688861,3500.028348688861,True,100.0,100.0,49999.424167254176,f,init_to_end,0.0,49999.424167254176,0.002688198985788404,0.5215176488005491,0.8957036733627319,0.0,100.0,0.8957036733627319,100.0,0.010307802818715572,1.3362563322516507e-06
fede_addition_790af6ebe65c,A,federated,participation_setups,,modular,groknet,gd,mse,0.3,1000,256,0.0,50.0,456,20,5,0.25,iid,0.5,fedavg,1.0,0.0,40000,10000,95.0,999.9751948972364,3500.028348688861,3500.028348688861,True,100.0,100.0,49999.424167254176,f,fed_to_twin,49999.424167254176,50000.0,0.0029500498688435073,168.9871483179264,100.0,0.0,100.0,100.0,100.0,1.3362563322516507e-06,3.35782315232791e-05
fede_addition_7944c35da99a,A,federated,dirichlet_band,,modular,groknet,gd,mse,0.25,1000,256,0.0,50.0,456,50,5,1.0,dirichlet,0.1,fedavg,1.0,0.0,20000,10000,95.0,3100.0,55800.0,55800.0,True,100.0,100.0,100000.0,dirichlet,memo_to_end,5000.0,100000.0,0.004720246564829722,1.41284636675644,0.226725235581398,0.0,71.54598236083984,0.226725235581398,100.0,0.0063660102896392345,0.00031588616548106074
fede_addition_7944c35da99a,A,federated,dirichlet_band,,modular,groknet,gd,mse,0.25,1000,256,0.0,50.0,456,50,5,1.0,dirichlet,0.1,fedavg,1.0,0.0,20000,10000,95.0,3100.0,55800.0,55800.0,True,100.0,100.0,100000.0,dirichlet,init_to_end,0.0,100000.0,0.0025774534093216065,0.48522693461465805,0.906900942325592,0.0,99.98583221435547,0.906900942325592,100.0,0.010307816788554192,0.00031588616548106074
fede_addition_7944c35da99a,A,federated,dirichlet_band,,modular,groknet,gd,mse,0.25,1000,256,0.0,50.0,456,50,5,1.0,dirichlet,0.1,fedavg,1.0,0.0,20000,10000,95.0,3100.0,55800.0,55800.0,True,100.0,100.0,100000.0,dirichlet,fed_to_twin,100000.0,100000.0,0.011279130585080566,69.0437283145499,99.74493408203125,0.4,99.7874526977539,100.0,100.0,0.00031588616548106074,1.08380963865784e-05
fede_addition_7984c8092f77,B,federated,k_collapse_budget,,modular,transformer,adamw,ce,0.3,1000,128,1.0,0.001,42,30,5,1.0,iid,0.5,fedavg,1.0,0.0,20000,10000,95.0,12900.0,12800.0,13200.0,True,100.0,97.94160723686218,100000.0,K,memo_to_end,10000.0,100000.0,4.234162539243698,11.242174014155928,2.3268823623657227,0.5,2.3268823623657227,66.8083724975586,97.94160461425781,0.6837707161903381,0.06949329376220703
fede_addition_7984c8092f77,B,federated,k_collapse_budget,,modular,transformer,adamw,ce,0.3,1000,128,1.0,0.001,42,30,5,1.0,iid,0.5,fedavg,1.0,0.0,20000,10000,95.0,12900.0,12800.0,13200.0,True,100.0,97.94160723686218,100000.0,K,init_to_end,0.0,100000.0,2.8016596317291262,1.1631741485976943,0.9620763063430786,0.30000000000000004,1.1298803091049194,0.9844501614570618,97.94160461425781,4.747772693634033,0.06949329376220703
fede_addition_7984c8092f77,B,federated,k_collapse_budget,,modular,transformer,adamw,ce,0.3,1000,128,1.0,0.001,42,30,5,1.0,iid,0.5,fedavg,1.0,0.0,20000,10000,95.0,12900.0,12800.0,13200.0,True,100.0,97.94160723686218,100000.0,K,fed_to_twin,100000.0,100000.0,4.536947233533761,130.57170484380597,4.172726154327393,0.4,7.472871780395508,97.94160461425781,100.0,0.06949329376220703,2.804997052407998e-07
fede_addition_7c95efdf1292,A,federated,dirichlet_band,,modular,groknet,gd,mse,0.25,1000,256,0.0,50.0,456,20,5,1.0,dirichlet,10.0,fedavg,1.0,0.0,20000,10000,95.0,3200.0,31500.0,31500.0,True,100.0,100.0,100000.0,dirichlet,memo_to_end,5000.0,100000.0,0.00440779607197328,1.3980434643174002,0.226725235581398,0.0,88.19611358642578,0.226725235581398,100.0,0.006272800266742706,3.286359060439281e-05
fede_addition_7c95efdf1292,A,federated,dirichlet_band,,modular,groknet,gd,mse,0.25,1000,256,0.0,50.0,456,20,5,1.0,dirichlet,10.0,fedavg,1.0,0.0,20000,10000,95.0,3200.0,31500.0,31500.0,True,100.0,100.0,100000.0,dirichlet,init_to_end,0.0,100000.0,0.002712358529970516,0.5245996260434111,0.906900942325592,0.0,99.97166442871094,0.906900942325592,100.0,0.010307816788554192,3.286359060439281e-05
fede_addition_7c95efdf1292,A,federated,dirichlet_band,,modular,groknet,gd,mse,0.25,1000,256,0.0,50.0,456,20,5,1.0,dirichlet,10.0,fedavg,1.0,0.0,20000,10000,95.0,3200.0,31500.0,31500.0,True,100.0,100.0,100000.0,dirichlet,fed_to_twin,100000.0,100000.0,0.005381746530019882,246.29468107863906,100.0,0.0,100.0,100.0,100.0,3.286359060439281e-05,1.08380963865784e-05
fede_addition_7de53732798d,B,federated,dirichlet_setups,,modular,transformer,adamw,ce,0.3,1000,128,1.0,0.001,42,10,5,1.0,dirichlet,1000.0,fedavg,1.0,0.0,20000,10000,95.0,6900.0,12300.0,12300.0,True,100.0,99.9776303768158,100000.0,dirichlet,memo_to_end,10000.0,100000.0,4.229717051708697,232.70529778233876,3.7699966430664062,0.0,7.126077175140381,3.7699966430664062,99.97763061523438,0.03635238856077194,1.7489195158759685e-07
fede_addition_7de53732798d,B,federated,dirichlet_setups,,modular,transformer,adamw,ce,0.3,1000,128,1.0,0.001,42,10,5,1.0,dirichlet,1000.0,fedavg,1.0,0.0,20000,10000,95.0,6900.0,12300.0,12300.0,True,100.0,99.9776303768158,100000.0,dirichlet,init_to_end,0.0,100000.0,1.9823934157431111,0.8350835099483493,0.8837677240371704,0.1,3.344892978668213,0.9844501614570618,99.97763061523438,4.747772693634033,1.7489195158759685e-07
fede_addition_7de53732798d,B,federated,dirichlet_setups,,modular,transformer,adamw,ce,0.3,1000,128,1.0,0.001,42,10,5,1.0,dirichlet,1000.0,fedavg,1.0,0.0,20000,10000,95.0,6900.0,12300.0,12300.0,True,100.0,99.9776303768158,100000.0,dirichlet,fed_to_twin,100000.0,100000.0,4.262639294856662,18720761.484933987,7.047768592834473,0.5,7.047768592834473,99.97763061523438,100.0,1.7489195158759685e-07,2.804997052407998e-07
fede_addition_7e5a6be2ecca,A',federated,aggregation,fl,modular,groknet,adamw,mse,0.2,1000,256,0.1,0.001,456,10,5,1.0,iid,0.5,fedavg,1.0,0.0,20000,10000,95.0,800.0,32800.0,32800.0,True,100.0,100.0,100000.0,K,init_to_end,0.0,100000.0,0.0026072694687172774,0.4785000152520547,0.86344313621521,0.0,100.0,0.86344313621521,100.0,0.010307583957910538,0.0005900937248952687
fede_addition_7e5a6be2ecca,A',federated,aggregation,fl,modular,groknet,adamw,mse,0.2,1000,256,0.1,0.001,456,10,5,1.0,iid,0.5,fedavg,1.0,0.0,20000,10000,95.0,800.0,32800.0,32800.0,True,100.0,100.0,100000.0,K,fed_to_twin,100000.0,100000.0,0.009599483247029639,32.351213291977366,92.9596176147461,0.5,92.9596176147461,100.0,100.0,0.0005900937248952687,3.360570644872496e-06
fede_addition_7e8eb504d176,B,federated,local_epochs,,modular,transformer,adamw,ce,0.3,1000,128,0.1,0.001,456,10,25,1.0,iid,0.5,fedavg,1.0,0.0,8000,10000,95.0,6000.0,70000.0,70000.0,True,100.0,100.0,200000.0,E,init_to_end,0.0,200000.0,3.3672354697091778,1.4187125034786778,0.7830853462219238,0.1,2.1702651977539062,0.8278330564498901,100.0,4.746889114379883,1.5562569288807282e-10
fede_addition_7e8eb504d176,B,federated,local_epochs,,modular,transformer,adamw,ce,0.3,1000,128,0.1,0.001,456,10,25,1.0,iid,0.5,fedavg,1.0,0.0,8000,10000,95.0,6000.0,70000.0,70000.0,True,100.0,100.0,200000.0,E,fed_to_twin,200000.0,200000.0,10.444477891929596,18717.074924556622,1.1970019340515137,0.5,1.1970019340515137,100.0,99.93287658691406,1.5562569288807282e-10,0.0011160372523590922
fede_addition_7fe78f36bfcf,A,federated,dirichlet_band,,modular,groknet,gd,mse,0.25,1000,256,0.0,50.0,42,50,5,1.0,dirichlet,0.01,fedavg,1.0,0.0,20000,10000,95.0,inf,inf,inf,False,98.29931855201721,1.0911152698099613,100000.0,dirichlet,init_to_end,0.0,100000.0,,,1.0911152362823486,0.0,1.0911152362823486,1.0911152362823486,1.0911152362823486,,
fede_addition_7fe78f36bfcf,A,federated,dirichlet_band,,modular,groknet,gd,mse,0.25,1000,256,0.0,50.0,42,50,5,1.0,dirichlet,0.01,fedavg,1.0,0.0,20000,10000,95.0,inf,inf,inf,False,98.29931855201721,1.0911152698099613,100000.0,dirichlet,fed_to_twin,100000.0,100000.0,,,1.0911152362823486,0.0,1.0911152362823486,1.0911152362823486,1.0911152362823486,,
fede_addition_8101c97f6d2a,A',federated,partitions,,modular,groknet,adamw,mse,0.2,1000,256,0.1,0.001,456,10,5,1.0,target,0.5,fedavg,1.0,0.0,20000,10000,95.0,1400.0,17900.0,17900.0,True,100.0,100.0,100000.0,partition,init_to_end,0.0,100000.0,0.0024167292751371867,0.4143857847080281,0.86344313621521,0.0,100.0,0.86344313621521,100.0,0.010307583957910538,0.0013565674889832735
fede_addition_8101c97f6d2a,A',federated,partitions,,modular,groknet,adamw,mse,0.2,1000,256,0.1,0.001,456,10,5,1.0,target,0.5,fedavg,1.0,0.0,20000,10000,95.0,1400.0,17900.0,17900.0,True,100.0,100.0,100000.0,partition,fed_to_twin,100000.0,100000.0,0.008381453512583903,12.326318959659819,93.54409790039062,0.5,93.54409790039062,100.0,100.0,0.0013565674889832735,3.360570644872496e-06
fede_addition_81317b979f23,B,federated,k_collapse_budget,,modular,transformer,adamw,ce,0.3,1000,128,0.1,0.001,456,20,5,1.0,iid,0.5,fedavg,1.0,0.0,40000,10000,95.0,3600.0,93700.0,93700.0,True,100.0,99.66439604759216,200000.0,K,init_to_end,0.0,200000.0,13.824504654784134,5.824658757970202,0.8278330564498901,0.0,1.745161771774292,0.8278330564498901,99.66439819335938,4.746889114379883,9.679892443159588e-09
fede_addition_81317b979f23,B,federated,k_collapse_budget,,modular,transformer,adamw,ce,0.3,1000,128,0.1,0.001,456,20,5,1.0,iid,0.5,fedavg,1.0,0.0,40000,10000,95.0,3600.0,93700.0,93700.0,True,100.0,99.66439604759216,200000.0,K,fed_to_twin,200000.0,200000.0,4.807391042695984,8615.033837326997,3.1882762908935547,0.6000000000000001,3.344892978668213,99.66439819335938,99.93287658691406,9.679892443159588e-09,0.0011160372523590922
fede_addition_82144f522051,A,federated,dirichlet_band,,modular,groknet,gd,mse,0.25,1000,256,0.0,50.0,42,50,5,1.0,dirichlet,0.1,fedavg,1.0,0.0,20000,10000,95.0,2900.0,49700.0,49700.0,True,100.0,100.0,100000.0,dirichlet,memo_to_end,5000.0,100000.0,0.0046902766698622145,1.430821007890562,0.2692362368106842,0.0,79.0420913696289,0.2692362368106842,100.0,0.006381685845553875,0.00017437762289773673
fede_addition_82144f522051,A,federated,dirichlet_band,,modular,groknet,gd,mse,0.25,1000,256,0.0,50.0,42,50,5,1.0,dirichlet,0.1,fedavg,1.0,0.0,20000,10000,95.0,2900.0,49700.0,49700.0,True,100.0,100.0,100000.0,dirichlet,init_to_end,0.0,100000.0,0.0026286223728675395,0.5013530756028985,0.906900942325592,0.0,99.98583221435547,0.906900942325592,100.0,0.010311734862625599,0.00017437762289773673
fede_addition_82144f522051,A,federated,dirichlet_band,,modular,groknet,gd,mse,0.25,1000,256,0.0,50.0,42,50,5,1.0,dirichlet,0.1,fedavg,1.0,0.0,20000,10000,95.0,2900.0,49700.0,49700.0,True,100.0,100.0,100000.0,dirichlet,fed_to_twin,100000.0,100000.0,0.010407745231532317,113.92062005055183,99.87246704101562,0.4,99.87246704101562,100.0,100.0,0.00017437762289773673,8.341628927155398e-06
fede_addition_826c9620c89d,B,federated,partitions,,modular,transformer,adamw,ce,0.3,1000,128,1.0,0.001,42,20,5,1.0,dirichlet,0.5,fedavg,1.0,0.0,20000,10000,95.0,16700.0,12000.0,inf,False,99.11227226257324,94.2387342453003,100000.0,partition,memo_to_end,20000.0,100000.0,4.371894925832748,20.593539396309723,1.9241526126861572,0.5,1.9241526126861572,94.03736877441406,94.23873138427734,0.22220560908317566,0.2023833692073822
fede_addition_826c9620c89d,B,federated,partitions,,modular,transformer,adamw,ce,0.3,1000,128,1.0,0.001,42,20,5,1.0,dirichlet,0.5,fedavg,1.0,0.0,20000,10000,95.0,16700.0,12000.0,inf,False,99.11227226257324,94.2387342453003,100000.0,partition,init_to_end,0.0,100000.0,2.742183980345726,1.1079181930970063,0.9844501614570618,0.0,1.252936601638794,0.9844501614570618,94.23873138427734,4.747772693634033,0.2023833692073822
fede_addition_826c9620c89d,B,federated,partitions,,modular,transformer,adamw,ce,0.3,1000,128,1.0,0.001,42,20,5,1.0,dirichlet,0.5,fedavg,1.0,0.0,20000,10000,95.0,16700.0,12000.0,inf,False,99.11227226257324,94.2387342453003,100000.0,partition,fed_to_twin,100000.0,100000.0,4.499412799930473,44.46419269978117,2.628929615020752,0.4,5.436850070953369,94.23873138427734,100.0,0.2023833692073822,2.804997052407998e-07
fede_addition_85a57cf4f72a,A,federated,dirichlet_setups,,modular,groknet,gd,mse,0.3,1000,256,0.0,50.0,123,10,5,1.0,dirichlet,10.0,fedavg,1.0,0.0,10000,10000,95.0,3700.0,12900.0,12900.0,True,100.0,100.0,50000.0,dirichlet,memo_to_end,5000.0,50000.0,0.0030209828710212605,0.8510070180137944,0.15181417763233185,0.0,99.22574615478516,0.15181417763233185,100.0,0.0070615652948617935,3.821838981821202e-05
fede_addition_85a57cf4f72a,A,federated,dirichlet_setups,,modular,groknet,gd,mse,0.3,1000,256,0.0,50.0,123,10,5,1.0,dirichlet,10.0,fedavg,1.0,0.0,10000,10000,95.0,3700.0,12900.0,12900.0,True,100.0,100.0,50000.0,dirichlet,init_to_end,0.0,50000.0,0.0026221947060548704,0.5066561564770322,0.9108850955963135,0.0,100.0,0.9108850955963135,100.0,0.010312764905393124,3.821838981821202e-05
fede_addition_85a57cf4f72a,A,federated,dirichlet_setups,,modular,groknet,gd,mse,0.3,1000,256,0.0,50.0,123,10,5,1.0,dirichlet,10.0,fedavg,1.0,0.0,10000,10000,95.0,3700.0,12900.0,12900.0,True,100.0,100.0,50000.0,dirichlet,fed_to_twin,50000.0,50000.0,0.0003111446758339298,9.249361270810118,100.0,0.0,100.0,100.0,100.0,3.821838981821202e-05,2.9060780434519984e-05
fede_addition_85c383e38530,A,federated,partitions,,modular,groknet,gd,mse,0.3,1000,256,0.0,50.0,456,50,5,1.0,target,0.5,fedavg,1.0,0.0,10000,10000,95.0,34100.0,27500.0,27500.0,True,100.0,99.93927478790283,50000.0,partition,memo_to_end,35000.0,50000.0,7.130671292543411e-06,0.001382671272500914,98.02642059326172,0.0,99.4686508178711,98.02642059326172,99.93927764892578,0.005323381163179874,0.004990959540009499
fede_addition_85c383e38530,A,federated,partitions,,modular,groknet,gd,mse,0.3,1000,256,0.0,50.0,456,50,5,1.0,target,0.5,fedavg,1.0,0.0,10000,10000,95.0,34100.0,27500.0,27500.0,True,100.0,99.93927478790283,50000.0,partition,init_to_end,0.0,50000.0,0.001266900263726712,0.1656212749790421,0.8957036733627319,0.0,95.2330322265625,0.8957036733627319,99.93927764892578,0.010307802818715572,0.004990959540009499
fede_addition_85c383e38530,A,federated,partitions,,modular,groknet,gd,mse,0.3,1000,256,0.0,50.0,456,50,5,1.0,target,0.5,fedavg,1.0,0.0,10000,10000,95.0,34100.0,27500.0,27500.0,True,100.0,99.93927478790283,50000.0,partition,fed_to_twin,50000.0,50000.0,0.005282120149786351,2.1025297808339474,99.78746032714844,0.4,99.95445251464844,99.93927764892578,100.0,0.004990959540009499,3.35782315232791e-05
fede_addition_86214a479fb6,A,federated,dirichlet_band,,modular,groknet,gd,mse,0.25,1000,256,0.0,50.0,123,20,5,1.0,dirichlet,1.0,fedavg,1.0,0.0,20000,10000,95.0,3300.0,29900.0,29900.0,True,100.0,100.0,100000.0,dirichlet,memo_to_end,5000.0,100000.0,0.004183365378594317,1.3215187729743667,0.184214249253273,0.0,91.90874481201172,0.184214249253273,100.0,0.006303403526544571,2.774433778540697e-05
fede_addition_86214a479fb6,A,federated,dirichlet_band,,modular,groknet,gd,mse,0.25,1000,256,0.0,50.0,123,20,5,1.0,dirichlet,1.0,fedavg,1.0,0.0,20000,10000,95.0,3300.0,29900.0,29900.0,True,100.0,100.0,100000.0,dirichlet,init_to_end,0.0,100000.0,0.0026970564365910834,0.5216658641726301,0.906900942325592,0.0,99.98583221435547,0.906900942325592,100.0,0.010312424041330814,2.774433778540697e-05
fede_addition_86214a479fb6,A,federated,dirichlet_band,,modular,groknet,gd,mse,0.25,1000,256,0.0,50.0,123,20,5,1.0,dirichlet,1.0,fedavg,1.0,0.0,20000,10000,95.0,3300.0,29900.0,29900.0,True,100.0,100.0,100000.0,dirichlet,fed_to_twin,100000.0,100000.0,0.00427239761029341,231.78903478761717,100.0,0.0,100.0,100.0,100.0,2.774433778540697e-05,9.120198228629306e-06
fede_addition_874276aa7319,A,federated,dirichlet_band,,modular,groknet,gd,mse,0.25,1000,256,0.0,50.0,123,20,5,1.0,dirichlet,1000.0,fedavg,1.0,0.0,20000,10000,95.0,3300.0,28800.0,28800.0,True,100.0,100.0,100000.0,dirichlet,memo_to_end,5000.0,100000.0,0.004158669775279122,1.317549865430482,0.1983845829963684,0.0,92.0079345703125,0.1983845829963684,100.0,0.006302353926002979,1.0378342267358676e-05
fede_addition_874276aa7319,A,federated,dirichlet_band,,modular,groknet,gd,mse,0.25,1000,256,0.0,50.0,123,20,5,1.0,dirichlet,1000.0,fedavg,1.0,0.0,20000,10000,95.0,3300.0,28800.0,28800.0,True,100.0,100.0,100000.0,dirichlet,init_to_end,0.0,100000.0,0.002710968196333852,0.5252388054316123,0.906900942325592,0.0,99.95748901367188,0.906900942325592,100.0,0.010312424041330814,1.0378342267358676e-05
fede_addition_874276aa7319,A,federated,dirichlet_band,,modular,groknet,gd,mse,0.25,1000,256,0.0,50.0,123,20,5,1.0,dirichlet,1000.0,fedavg,1.0,0.0,20000,10000,95.0,3300.0,28800.0,28800.0,True,100.0,100.0,100000.0,dirichlet,fed_to_twin,100000.0,100000.0,0.0038990069188002963,399.9280786787663,100.0,0.0,100.0,100.0,100.0,1.0378342267358676e-05,9.120198228629306e-06
fede_addition_88b3ae0bd547,B,federated,dirichlet_setups,,modular,transformer,adamw,ce,0.3,1000,128,1.0,0.001,42,10,5,1.0,dirichlet,1.0,fedavg,1.0,0.0,20000,10000,95.0,6200.0,6500.0,6500.0,True,100.0,99.95525479316711,100000.0,dirichlet,memo_to_end,10000.0,100000.0,4.763827748014592,1861.4244501319956,2.930976629257202,0.5,2.930976629257202,99.92169189453125,99.95525360107422,0.0022988924756646156,0.0028195830527693033
fede_addition_88b3ae0bd547,B,federated,dirichlet_setups,,modular,transformer,adamw,ce,0.3,1000,128,1.0,0.001,42,10,5,1.0,dirichlet,1.0,fedavg,1.0,0.0,20000,10000,95.0,6200.0,6500.0,6500.0,True,100.0,99.95525479316711,100000.0,dirichlet,init_to_end,0.0,100000.0,2.6750781698385255,1.1262082763727308,0.861393928527832,0.1,1.3648059368133545,0.9844501614570618,99.95525360107422,4.747772693634033,0.0028195830527693033
fede_addition_88b3ae0bd547,B,federated,dirichlet_setups,,modular,transformer,adamw,ce,0.3,1000,128,1.0,0.001,42,10,5,1.0,dirichlet,1.0,fedavg,1.0,0.0,20000,10000,95.0,6200.0,6500.0,6500.0,True,100.0,99.95525479316711,100000.0,dirichlet,fed_to_twin,100000.0,100000.0,4.770969347074901,3383.8299324009367,2.2709476947784424,0.4,4.13916540145874,99.95525360107422,100.0,0.0028195830527693033,2.804997052407998e-07
fede_addition_88eadc01aab8,A,federated,dirichlet_band,,modular,groknet,gd,mse,0.25,1000,256,0.0,50.0,456,20,5,1.0,dirichlet,1.0,fedavg,1.0,0.0,20000,10000,95.0,3200.0,32300.0,32300.0,True,100.0,100.0,100000.0,dirichlet,memo_to_end,5000.0,100000.0,0.0043208921706536785,1.3722842345009016,0.2125549167394638,0.0,89.21638488769531,0.2125549167394638,100.0,0.006275160238146782,2.2211781470105052e-05
fede_addition_88eadc01aab8,A,federated,dirichlet_band,,modular,groknet,gd,mse,0.25,1000,256,0.0,50.0,456,20,5,1.0,dirichlet,1.0,fedavg,1.0,0.0,20000,10000,95.0,3200.0,32300.0,32300.0,True,100.0,100.0,100000.0,dirichlet,init_to_end,0.0,100000.0,0.002702873863745481,0.5233042378195715,0.906900942325592,0.0,99.98583221435547,0.906900942325592,100.0,0.010307816788554192,2.2211781470105052e-05
fede_addition_88eadc01aab8,A,federated,dirichlet_band,,modular,groknet,gd,mse,0.25,1000,256,0.0,50.0,456,20,5,1.0,dirichlet,1.0,fedavg,1.0,0.0,20000,10000,95.0,3200.0,32300.0,32300.0,True,100.0,100.0,100000.0,dirichlet,fed_to_twin,100000.0,100000.0,0.006028350425822282,364.8031894074434,100.0,0.0,100.0,100.0,100.0,2.2211781470105052e-05,1.08380963865784e-05
fede_addition_89440e995a82,A,federated,participation,,modular,groknet,gd,mse,0.25,1000,256,0.0,50.0,42,50,5,0.6,iid,0.5,fedavg,1.0,0.0,33400,10000,95.0,1799.9787414966002,23999.965986397037,23999.965986397037,True,100.0,100.0,100199.93197274448,f,init_to_end,0.0,100199.93197274448,0.002723027781757992,0.5271928768022743,0.906900942325592,0.0,99.95748901367188,0.906900942325592,100.0,0.010311734862625599,1.8555630958871916e-05
fede_addition_89440e995a82,A,federated,participation,,modular,groknet,gd,mse,0.25,1000,256,0.0,50.0,42,50,5,0.6,iid,0.5,fedavg,1.0,0.0,33400,10000,95.0,1799.9787414966002,23999.965986397037,23999.965986397037,True,100.0,100.0,100199.93197274448,f,fed_to_twin,100199.93197274448,100000.0,0.009012187499138236,670.119375529395,99.97166442871094,0.30000000000000004,99.98583221435547,100.0,100.0,1.8555630958871916e-05,8.341628927155398e-06
fede_addition_8a66ec8d35bf,A',federated,aggregation,fl,modular,groknet,adamw,mse,0.2,1000,256,0.1,0.001,123,50,5,1.0,iid,0.5,fedavg,1.0,0.0,20000,10000,95.0,7900.0,87900.0,87900.0,True,100.0,99.80074167251587,100000.0,K,memo_to_end,10000.0,100000.0,0.003232776536606252,0.7496504674871661,0.6641870141029358,0.0,48.831031799316406,0.6641870141029358,99.80074310302734,0.006573466584086418,0.0020512903574854136
fede_addition_8a66ec8d35bf,A',federated,aggregation,fl,modular,groknet,adamw,mse,0.2,1000,256,0.1,0.001,123,50,5,1.0,iid,0.5,fedavg,1.0,0.0,20000,10000,95.0,7900.0,87900.0,87900.0,True,100.0,99.80074167251587,100000.0,K,init_to_end,0.0,100000.0,0.002194738667458296,0.3550278909893216,0.9431456327438354,0.0,98.69819641113281,0.9431456327438354,99.80074310302734,0.010312463156878948,0.0020512903574854136
fede_addition_8a66ec8d35bf,A',federated,aggregation,fl,modular,groknet,adamw,mse,0.2,1000,256,0.1,0.001,123,50,5,1.0,iid,0.5,fedavg,1.0,0.0,20000,10000,95.0,7900.0,87900.0,87900.0,True,100.0,99.80074167251587,100000.0,K,fed_to_twin,100000.0,100000.0,0.007905008131160685,7.697426395011972,86.7428207397461,0.4,88.85494232177734,99.80074310302734,100.0,0.0020512903574854136,2.6450036330061266e-06
fede_addition_8e2ae02767ca,B,federated,partitions,,modular,transformer,adamw,ce,0.3,1000,128,1.0,0.001,123,10,5,1.0,target,0.5,fedavg,1.0,0.0,20000,10000,95.0,inf,inf,inf,False,14.934726059436798,7.752545177936554,100000.0,partition,init_to_end,0.0,100000.0,1.0638719558715817,0.23924424979312361,0.45866429805755615,0.8,0.9061416387557983,0.7942723035812378,7.752545356750488,4.741901397705078,4.151703834533691
fede_addition_8e2ae02767ca,B,federated,partitions,,modular,transformer,adamw,ce,0.3,1000,128,1.0,0.001,123,10,5,1.0,target,0.5,fedavg,1.0,0.0,20000,10000,95.0,inf,inf,inf,False,14.934726059436798,7.752545177936554,100000.0,partition,fed_to_twin,100000.0,100000.0,2.5741872839498683,1.240028883547822,1.2193758487701416,0.4,1.8122832775115967,7.752545356750488,100.0,4.151703834533691,0.00011443051334936172
fede_addition_8e69fc8b44a8,B,federated,partitions,,modular,transformer,adamw,ce,0.3,1000,128,1.0,0.001,42,10,5,1.0,target,0.5,fedavg,1.0,0.0,20000,10000,95.0,inf,inf,inf,False,10.44386401772499,6.354178488254547,100000.0,partition,init_to_end,0.0,100000.0,0.7145890235900882,0.16196735301501994,0.8054592609405518,0.30000000000000004,0.861393928527832,0.9844501614570618,6.354178428649902,4.747772693634033,4.07609224319458
fede_addition_8e69fc8b44a8,B,federated,partitions,,modular,transformer,adamw,ce,0.3,1000,128,1.0,0.001,42,10,5,1.0,target,0.5,fedavg,1.0,0.0,20000,10000,95.0,inf,inf,inf,False,10.44386401772499,6.354178488254547,100000.0,partition,fed_to_twin,100000.0,100000.0,2.483251669824,1.218447155156014,1.1746281385421753,0.4,6.175187587738037,6.354178428649902,100.0,4.07609224319458,2.804997052407998e-07
fede_addition_8e7270fc829f,B,federated,local_epochs,,modular,transformer,adamw,ce,0.3,1000,128,0.1,0.001,456,10,50,1.0,iid,0.5,fedavg,1.0,0.0,4000,10000,95.0,12200.0,59800.0,59800.0,True,100.0,99.91050958633423,200000.0,E,memo_to_end,20000.0,200000.0,25.476344861969928,8630.799671971385,0.861393928527832,0.30000000000000004,1.510236144065857,1.006824016571045,99.91050720214844,0.005903556477278471,3.2026740370838525e-08
fede_addition_8e7270fc829f,B,federated,local_epochs,,modular,transformer,adamw,ce,0.3,1000,128,0.1,0.001,456,10,50,1.0,iid,0.5,fedavg,1.0,0.0,4000,10000,95.0,12200.0,59800.0,59800.0,True,100.0,99.91050958633423,200000.0,E,init_to_end,0.0,200000.0,2.492695693827169,1.050243903721295,0.8278330564498901,0.0,3.0092852115631104,0.8278330564498901,99.91050720214844,4.746889114379883,3.2026740370838525e-08
fede_addition_8e7270fc829f,B,federated,local_epochs,,modular,transformer,adamw,ce,0.3,1000,128,0.1,0.001,456,10,50,1.0,iid,0.5,fedavg,1.0,0.0,4000,10000,95.0,12200.0,59800.0,59800.0,True,100.0,99.91050958633423,200000.0,E,fed_to_twin,200000.0,200000.0,5.61838563598657,10068.166450240344,2.628929615020752,0.6000000000000001,2.7407989501953125,99.91050720214844,99.93287658691406,3.2026740370838525e-08,0.0011160372523590922
fede_addition_908ecca59702,A',federated,aggregation,fl,modular,groknet,adamw,mse,0.2,1000,256,0.1,0.001,42,20,5,1.0,iid,0.5,fedavg,1.0,0.0,20000,10000,95.0,3700.0,58400.0,58400.0,True,100.0,100.0,100000.0,K,init_to_end,0.0,100000.0,0.002559449011459947,0.46128679726370936,0.8900105953216553,0.0,100.0,0.8900105953216553,100.0,0.010311542078852654,0.0007854545256122947
fede_addition_908ecca59702,A',federated,aggregation,fl,modular,groknet,adamw,mse,0.2,1000,256,0.1,0.001,42,20,5,1.0,iid,0.5,fedavg,1.0,0.0,20000,10000,95.0,3700.0,58400.0,58400.0,True,100.0,100.0,100000.0,K,fed_to_twin,100000.0,100000.0,0.00937088828004562,23.795958585764147,95.13815307617188,0.5,95.13815307617188,100.0,100.0,0.0007854545256122947,2.1488185666385107e-06
fede_addition_913a755f1706,B,federated,aggregation,fl,modular,transformer,adamw,ce,0.3,1000,128,1.0,0.001,123,20,5,1.0,iid,0.5,fedavg,1.0,0.0,20000,10000,95.0,12300.0,12300.0,12300.0,True,100.0,99.83220100402832,100000.0,K,memo_to_end,10000.0,100000.0,4.244756328873336,9.418277225484367,2.707237958908081,0.5,2.707237958908081,45.273521423339844,99.83219909667969,0.8927395939826965,0.008647406473755836
fede_addition_913a755f1706,B,federated,aggregation,fl,modular,transformer,adamw,ce,0.3,1000,128,1.0,0.001,123,20,5,1.0,iid,0.5,fedavg,1.0,0.0,20000,10000,95.0,12300.0,12300.0,12300.0,True,100.0,99.83220100402832,100000.0,K,init_to_end,0.0,100000.0,2.712168142572046,1.141833608860635,0.7942723035812378,0.0,1.2305628061294556,0.7942723035812378,99.83219909667969,4.741901397705078,0.008647406473755836
fede_addition_913a755f1706,B,federated,aggregation,fl,modular,transformer,adamw,ce,0.3,1000,128,1.0,0.001,123,20,5,1.0,iid,0.5,fedavg,1.0,0.0,20000,10000,95.0,12300.0,12300.0,12300.0,True,100.0,99.83220100402832,100000.0,K,fed_to_twin,100000.0,100000.0,6.00993563534721,1371.84374559628,1.3759928941726685,0.5,1.3759928941726685,99.83219909667969,100.0,0.008647406473755836,0.00011443051334936172
fede_addition_9241a6080e97,A,federated,boundary,,modular,groknet,gd,mse,0.25,1000,256,0.0,50.0,123,50,5,1.0,iid,0.5,fedavg,1.0,0.0,20000,10000,95.0,3200.0,43800.0,43800.0,True,100.0,100.0,100000.0,K,memo_to_end,5000.0,100000.0,0.004765230860357406,1.4780348926504003,0.2125549167394638,0.0,78.27689361572266,0.2125549167394638,100.0,0.0063323695212602615,0.00011569321941351518
fede_addition_9241a6080e97,A,federated,boundary,,modular,groknet,gd,mse,0.25,1000,256,0.0,50.0,123,50,5,1.0,iid,0.5,fedavg,1.0,0.0,20000,10000,95.0,3200.0,43800.0,43800.0,True,100.0,100.0,100000.0,K,init_to_end,0.0,100000.0,0.0026441985188284892,0.5071286508797378,0.906900942325592,0.0,99.98583221435547,0.906900942325592,100.0,0.010312424041330814,0.00011569321941351518
fede_addition_9241a6080e97,A,federated,boundary,,modular,groknet,gd,mse,0.25,1000,256,0.0,50.0,123,50,5,1.0,iid,0.5,fedavg,1.0,0.0,20000,10000,95.0,3200.0,43800.0,43800.0,True,100.0,100.0,100000.0,K,fed_to_twin,100000.0,100000.0,0.009106607461944805,145.92353344661348,99.98583221435547,0.30000000000000004,100.0,100.0,100.0,0.00011569321941351518,9.120198228629306e-06
fede_addition_927ecbdfd6f3,A,federated,dirichlet_band,,modular,groknet,gd,mse,0.25,1000,256,0.0,50.0,456,50,5,1.0,dirichlet,0.01,fedavg,1.0,0.0,20000,10000,95.0,inf,inf,inf,False,97.23639488220215,5.413065105676651,100000.0,dirichlet,init_to_end,0.0,100000.0,0.001063931360840797,0.13872998509219372,0.906900942325592,0.0,2.848235845565796,0.906900942325592,5.413064956665039,0.010307816788554192,0.005030343309044838
fede_addition_927ecbdfd6f3,A,federated,dirichlet_band,,modular,groknet,gd,mse,0.25,1000,256,0.0,50.0,456,50,5,1.0,dirichlet,0.01,fedavg,1.0,0.0,20000,10000,95.0,inf,inf,inf,False,97.23639488220215,5.413065105676651,100000.0,dirichlet,fed_to_twin,100000.0,100000.0,0.008727146630462812,3.462341831642917,5.413064956665039,0.0,68.07425689697266,5.413064956665039,100.0,0.005030343309044838,1.08380963865784e-05
fede_addition_92a387039156,A,federated,participation,,modular,groknet,gd,mse,0.25,1000,256,0.0,50.0,123,50,5,0.2,iid,0.5,fedavg,1.0,0.0,100000,10000,95.0,720.0042517006821,8260.184948980283,8260.184948980283,True,100.0,99.98583197593689,99999.46641174312,f,init_to_end,0.0,99999.46641174312,0.0027857609767352187,0.5401497067714889,0.906900942325592,0.0,99.92914581298828,0.906900942325592,99.98583221435547,0.010312424041330814,2.3495920231653145e-06
fede_addition_92a387039156,A,federated,participation,,modular,groknet,gd,mse,0.25,1000,256,0.0,50.0,123,50,5,0.2,iid,0.5,fedavg,1.0,0.0,100000,10000,95.0,720.0042517006821,8260.184948980283,8260.184948980283,True,100.0,99.98583197593689,99999.46641174312,f,fed_to_twin,99999.46641174312,100000.0,0.011171855221732585,1948.0487395982818,99.98583221435547,0.0,100.0,99.98583221435547,100.0,2.3495920231653145e-06,9.120198228629306e-06
fede_addition_92d35d6ce786,A,federated,dirichlet_band,,modular,groknet,gd,mse,0.25,1000,256,0.0,50.0,42,50,5,1.0,dirichlet,1.0,fedavg,1.0,0.0,20000,10000,95.0,3000.0,38200.0,38200.0,True,100.0,100.0,100000.0,dirichlet,memo_to_end,5000.0,100000.0,0.004574296159262303,1.435196449164971,0.2408955693244934,0.0,82.8539047241211,0.2408955693244934,100.0,0.0062923855148255825,8.206749043893069e-05
fede_addition_92d35d6ce786,A,federated,dirichlet_band,,modular,groknet,gd,mse,0.25,1000,256,0.0,50.0,42,50,5,1.0,dirichlet,1.0,fedavg,1.0,0.0,20000,10000,95.0,3000.0,38200.0,38200.0,True,100.0,100.0,100000.0,dirichlet,init_to_end,0.0,100000.0,0.0026673168700654063,0.5132514126130114,0.906900942325592,0.0,100.0,0.906900942325592,100.0,0.010311734862625599,8.206749043893069e-05
fede_addition_92d35d6ce786,A,federated,dirichlet_band,,modular,groknet,gd,mse,0.25,1000,256,0.0,50.0,42,50,5,1.0,dirichlet,1.0,fedavg,1.0,0.0,20000,10000,95.0,3000.0,38200.0,38200.0,True,100.0,100.0,100000.0,dirichlet,fed_to_twin,100000.0,100000.0,0.009467069966376584,209.42732398581097,99.92914581298828,0.4,99.94332122802734,100.0,100.0,8.206749043893069e-05,8.341628927155398e-06
fede_addition_934fc60e4ed5,A,federated,participation,,modular,groknet,gd,mse,0.25,1000,256,0.0,50.0,456,50,5,0.6,iid,0.5,fedavg,1.0,0.0,33400,10000,95.0,1860.0765306122476,31920.125425176368,31920.125425176368,True,100.0,100.0,100200.15943873086,f,init_to_end,0.0,100200.15943873086,0.0027276815017103218,0.5276382099995424,0.906900942325592,0.0,99.92914581298828,0.906900942325592,100.0,0.010307816788554192,3.139462569379248e-05
fede_addition_934fc60e4ed5,A,federated,participation,,modular,groknet,gd,mse,0.25,1000,256,0.0,50.0,456,50,5,0.6,iid,0.5,fedavg,1.0,0.0,33400,10000,95.0,1860.0765306122476,31920.125425176368,31920.125425176368,True,100.0,100.0,100200.15943873086,f,fed_to_twin,100200.15943873086,100000.0,0.01146494735030501,542.9414342976363,99.92914581298828,0.4,99.94332122802734,100.0,100.0,3.139462569379248e-05,1.08380963865784e-05
fede_addition_94076349d964,A,federated,dirichlet_setups,,modular,groknet,gd,mse,0.3,1000,256,0.0,50.0,42,10,5,1.0,dirichlet,1000.0,fedavg,1.0,0.0,10000,10000,95.0,3700.0,12800.0,12800.0,True,100.0,100.0,50000.0,dirichlet,memo_to_end,5000.0,50000.0,0.002979922837766935,0.8465181471815785,0.3036283552646637,0.0,99.31683349609375,0.3036283552646637,100.0,0.007006573025137186,3.384978845133446e-05
fede_addition_94076349d964,A,federated,dirichlet_setups,,modular,groknet,gd,mse,0.3,1000,256,0.0,50.0,42,10,5,1.0,dirichlet,1000.0,fedavg,1.0,0.0,10000,10000,95.0,3700.0,12800.0,12800.0,True,100.0,100.0,50000.0,dirichlet,init_to_end,0.0,50000.0,0.0026148956516408367,0.5055048563497743,0.9412479400634766,0.0,100.0,0.9412479400634766,100.0,0.01031182985752821,3.384978845133446e-05
fede_addition_94076349d964,A,federated,dirichlet_setups,,modular,groknet,gd,mse,0.3,1000,256,0.0,50.0,42,10,5,1.0,dirichlet,1000.0,fedavg,1.0,0.0,10000,10000,95.0,3700.0,12800.0,12800.0,True,100.0,100.0,50000.0,dirichlet,fed_to_twin,50000.0,50000.0,0.00045133757885196246,14.142201230912125,100.0,0.0,100.0,100.0,100.0,3.384978845133446e-05,2.997868796228431e-05
fede_addition_946bd9f3c0b4,A,federated,boundary,,modular,groknet,gd,mse,0.25,1000,256,0.0,50.0,456,97,5,1.0,iid,0.5,fedavg,1.0,0.0,20000,10000,95.0,4400.0,inf,inf,False,100.0,53.12455892562866,100000.0,K,memo_to_end,5000.0,100000.0,0.0028642623219639063,0.5414317251394619,0.1558736115694046,0.0,3.9251809120178223,0.1558736115694046,53.12455749511719,0.006627553608268499,0.003952773287892342
fede_addition_946bd9f3c0b4,A,federated,boundary,,modular,groknet,gd,mse,0.25,1000,256,0.0,50.0,456,97,5,1.0,iid,0.5,fedavg,1.0,0.0,20000,10000,95.0,4400.0,inf,inf,False,100.0,53.12455892562866,100000.0,K,init_to_end,0.0,100000.0,0.0013271341100335125,0.186126114406089,0.906900942325592,0.0,18.577299118041992,0.906900942325592,53.12455749511719,0.010307816788554192,0.003952773287892342
fede_addition_946bd9f3c0b4,A,federated,boundary,,modular,groknet,gd,mse,0.25,1000,256,0.0,50.0,456,97,5,1.0,iid,0.5,fedavg,1.0,0.0,20000,10000,95.0,4400.0,inf,inf,False,100.0,53.12455892562866,100000.0,K,fed_to_twin,100000.0,100000.0,0.012975566343448009,6.547345380484918,53.12455749511719,0.0,84.78106689453125,53.12455749511719,100.0,0.003952773287892342,1.08380963865784e-05
fede_addition_974f3d2b26b2,A,federated,participation_setups,,modular,groknet,gd,mse,0.3,1000,256,0.0,50.0,123,20,5,0.25,iid,0.5,fedavg,1.0,0.0,40000,10000,95.0,999.9805102764,3399.9911410346986,3399.9911410346986,True,100.0,99.95445609092712,50000.0265768936,f,init_to_end,0.0,50000.0265768936,0.002718676921040242,0.5271598323933471,0.9108850955963135,0.0,99.95445251464844,0.9108850955963135,99.95445251464844,0.010312764905393124,1.6663315136611345e-06
fede_addition_974f3d2b26b2,A,federated,participation_setups,,modular,groknet,gd,mse,0.3,1000,256,0.0,50.0,123,20,5,0.25,iid,0.5,fedavg,1.0,0.0,40000,10000,95.0,999.9805102764,3399.9911410346986,3399.9911410346986,True,100.0,99.95445609092712,50000.0265768936,f,fed_to_twin,50000.0265768936,50000.0,0.0023841671714421864,155.18329060426495,99.95445251464844,0.0,100.0,99.95445251464844,100.0,1.6663315136611345e-06,2.9060780434519984e-05
fede_addition_97fdfc72f8e7,B,federated,dirichlet_setups,,modular,transformer,adamw,ce,0.3,1000,128,1.0,0.001,123,10,5,1.0,dirichlet,1.0,fedavg,1.0,0.0,20000,10000,95.0,4200.0,4500.0,4500.0,True,100.0,99.94406700134277,100000.0,dirichlet,init_to_end,0.0,100000.0,2.397724702372216,1.0112369886583794,0.7942723035812378,0.0,1.9912742376327515,0.7942723035812378,99.9440689086914,4.741901397705078,0.0002603888278827071
fede_addition_97fdfc72f8e7,B,federated,dirichlet_setups,,modular,transformer,adamw,ce,0.3,1000,128,1.0,0.001,123,10,5,1.0,dirichlet,1.0,fedavg,1.0,0.0,20000,10000,95.0,4200.0,4500.0,4500.0,True,100.0,99.94406700134277,100000.0,dirichlet,fed_to_twin,100000.0,100000.0,5.650303932566021,30149.4790209753,2.047208786010742,0.5,2.047208786010742,99.9440689086914,100.0,0.0002603888278827071,0.00011443051334936172
fede_addition_99478440b702,B,federated,aggregation_alpha2,fl,modular,transformer,adamw,ce,0.4,1000,128,1.0,0.001,123,20,5,1.0,iid,0.5,fedavg,1.0,0.0,2000,10000,95.0,inf,inf,inf,False,97.90483713150024,90.85094928741455,10000.0,K,init_to_end,0.0,10000.0,2.8769863396883015,1.1477567242048596,0.7047767639160156,0.0,1.357347846031189,0.7047767639160156,90.8509521484375,4.741779327392578,0.2714543640613556
fede_addition_99478440b702,B,federated,aggregation_alpha2,fl,modular,transformer,adamw,ce,0.4,1000,128,1.0,0.001,123,20,5,1.0,iid,0.5,fedavg,1.0,0.0,2000,10000,95.0,inf,inf,inf,False,97.90483713150024,90.85094928741455,10000.0,K,fed_to_twin,10000.0,10000.0,4.733330025586111,34.87280831971893,1.8663532733917236,0.4,2.8321585655212402,90.8509521484375,99.99999237060547,0.2714543640613556,8.145191713992972e-06
fede_addition_99a0bd1f904f,A',federated,partitions,,modular,groknet,adamw,mse,0.2,1000,256,0.1,0.001,42,20,5,1.0,target,0.5,fedavg,1.0,0.0,20000,10000,95.0,21900.0,35100.0,35100.0,True,100.0,100.0,100000.0,partition,memo_to_end,20000.0,100000.0,0.0017834273166954517,0.2966440441445613,4.82199764251709,0.0,97.90116882324219,4.82199764251709,100.0,0.008600937202572823,0.003423085203394294
fede_addition_99a0bd1f904f,A',federated,partitions,,modular,groknet,adamw,mse,0.2,1000,256,0.1,0.001,42,20,5,1.0,target,0.5,fedavg,1.0,0.0,20000,10000,95.0,21900.0,35100.0,35100.0,True,100.0,100.0,100000.0,partition,init_to_end,0.0,100000.0,0.0018827167339622976,0.2741562177512967,0.8900105953216553,0.0,100.0,0.8900105953216553,100.0,0.010311542078852654,0.003423085203394294
fede_addition_99a0bd1f904f,A',federated,partitions,,modular,groknet,adamw,mse,0.2,1000,256,0.1,0.001,42,20,5,1.0,target,0.5,fedavg,1.0,0.0,20000,10000,95.0,21900.0,35100.0,35100.0,True,100.0,100.0,100000.0,partition,fed_to_twin,100000.0,100000.0,0.009078102639705321,5.300719648059635,72.83474731445312,0.4,74.41551971435547,100.0,100.0,0.003423085203394294,2.1488185666385107e-06
fede_addition_9b191779485f,A,federated,boundary,,modular,groknet,gd,mse,0.25,1000,256,0.0,50.0,1011,20,5,1.0,iid,0.5,fedavg,1.0,0.0,20000,10000,95.0,3000.0,31300.0,31300.0,True,100.0,100.0,100000.0,K,memo_to_end,5000.0,100000.0,0.004180560115401022,1.3265640142403838,0.1275329440832138,0.0,92.05045318603516,0.1275329440832138,100.0,0.006287672556936741,1.5167065612331498e-05
fede_addition_9b191779485f,A,federated,boundary,,modular,groknet,gd,mse,0.25,1000,256,0.0,50.0,1011,20,5,1.0,iid,0.5,fedavg,1.0,0.0,20000,10000,95.0,3000.0,31300.0,31300.0,True,100.0,100.0,100000.0,K,init_to_end,0.0,100000.0,0.0027038237032684263,0.5237760114737358,1.0486042499542236,0.0,99.98583221435547,1.0486042499542236,100.0,0.010309183970093727,1.5167065612331498e-05
fede_addition_9b191779485f,A,federated,boundary,,modular,groknet,gd,mse,0.25,1000,256,0.0,50.0,1011,20,5,1.0,iid,0.5,fedavg,1.0,0.0,20000,10000,95.0,3000.0,31300.0,31300.0,True,100.0,100.0,100000.0,K,fed_to_twin,100000.0,100000.0,0.006001590349569597,477.55976342953073,100.0,0.0,100.0,100.0,100.0,1.5167065612331498e-05,9.967339792638086e-06
fede_addition_9bd9098ad4f9,A,federated,size_control,,modular,groknet,gd,mse,0.25,1000,256,0.0,50.0,456,50,5,1.0,dirichlet_sizes,0.1,fedavg,1.0,0.0,20000,10000,95.0,3100.0,48000.0,48000.0,True,100.0,100.0,100000.0,dirichlet,memo_to_end,5000.0,100000.0,0.0047495991457253695,1.4782528195821765,0.184214249253273,0.0,77.83760833740234,0.184214249253273,100.0,0.00630131596699357,0.00012464728206396103
fede_addition_9bd9098ad4f9,A,federated,size_control,,modular,groknet,gd,mse,0.25,1000,256,0.0,50.0,456,50,5,1.0,dirichlet_sizes,0.1,fedavg,1.0,0.0,20000,10000,95.0,3100.0,48000.0,48000.0,True,100.0,100.0,100000.0,dirichlet,init_to_end,0.0,100000.0,0.002660251222550869,0.5099948017157641,0.906900942325592,0.0,100.0,0.906900942325592,100.0,0.010307816788554192,0.00012464728206396103
fede_addition_9bd9098ad4f9,A,federated,size_control,,modular,groknet,gd,mse,0.25,1000,256,0.0,50.0,456,50,5,1.0,dirichlet_sizes,0.1,fedavg,1.0,0.0,20000,10000,95.0,3100.0,48000.0,48000.0,True,100.0,100.0,100000.0,dirichlet,fed_to_twin,100000.0,100000.0,0.009806180225041317,144.75628790631723,99.97166442871094,0.30000000000000004,99.97166442871094,100.0,100.0,0.00012464728206396103,1.08380963865784e-05
fede_addition_9d1f302dc7f9,A,federated,aggregation,fl,modular,groknet,gd,mse,0.3,1000,256,0.0,50.0,42,50,5,1.0,iid,0.5,fedavg,1.0,0.0,10000,10000,95.0,3700.0,14600.0,14600.0,True,100.0,100.0,50000.0,K,memo_to_end,5000.0,50000.0,0.0031863688527664635,0.9017695336152205,0.25808411836624146,0.0,98.3907699584961,0.25808411836624146,100.0,0.007002718281000853,6.42067680018954e-05
fede_addition_9d1f302dc7f9,A,federated,aggregation,fl,modular,groknet,gd,mse,0.3,1000,256,0.0,50.0,42,50,5,1.0,iid,0.5,fedavg,1.0,0.0,10000,10000,95.0,3700.0,14600.0,14600.0,True,100.0,100.0,50000.0,K,init_to_end,0.0,50000.0,0.0026212992175715048,0.5052602091094843,0.9412479400634766,0.0,100.0,0.9412479400634766,100.0,0.01031182985752821,6.42067680018954e-05
fede_addition_9d1f302dc7f9,A,federated,aggregation,fl,modular,groknet,gd,mse,0.3,1000,256,0.0,50.0,42,50,5,1.0,iid,0.5,fedavg,1.0,0.0,10000,10000,95.0,3700.0,14600.0,14600.0,True,100.0,100.0,50000.0,K,fed_to_twin,50000.0,50000.0,0.002760682085863664,58.622258768139254,100.0,0.0,100.0,100.0,100.0,6.42067680018954e-05,2.997868796228431e-05
fede_addition_9f531d0bf383,A,federated,boundary,,modular,groknet,gd,mse,0.25,1000,256,0.0,50.0,1011,97,5,1.0,iid,0.5,fedavg,1.0,0.0,20000,10000,95.0,4100.0,98500.0,98500.0,True,100.0,95.79141736030579,100000.0,K,memo_to_end,5000.0,100000.0,0.003440770786255598,0.7077398823306857,0.1558736115694046,0.0,12.314014434814453,0.1558736115694046,95.79141998291016,0.006721467711031437,0.003001796081662178
fede_addition_9f531d0bf383,A,federated,boundary,,modular,groknet,gd,mse,0.25,1000,256,0.0,50.0,1011,97,5,1.0,iid,0.5,fedavg,1.0,0.0,20000,10000,95.0,4100.0,98500.0,98500.0,True,100.0,95.79141736030579,100000.0,K,init_to_end,0.0,100000.0,0.0016714354977011682,0.2511363537774489,1.0486042499542236,0.0,59.33116149902344,1.0486042499542236,95.79141998291016,0.010309183970093727,0.003001796081662178
fede_addition_9f531d0bf383,A,federated,boundary,,modular,groknet,gd,mse,0.25,1000,256,0.0,50.0,1011,97,5,1.0,iid,0.5,fedavg,1.0,0.0,20000,10000,95.0,4100.0,98500.0,98500.0,True,100.0,95.79141736030579,100000.0,K,fed_to_twin,100000.0,100000.0,0.013741903621848905,9.125486765631114,80.51580047607422,0.30000000000000004,91.82372283935547,95.79141998291016,100.0,0.003001796081662178,9.967339792638086e-06
fede_addition_a1c84989676b,A,federated,size_control,,modular,groknet,gd,mse,0.25,1000,256,0.0,50.0,42,50,5,1.0,dirichlet_sizes,0.1,fedavg,1.0,0.0,20000,10000,95.0,3000.0,42100.0,42100.0,True,100.0,100.0,100000.0,dirichlet,memo_to_end,5000.0,100000.0,0.004443559249921236,1.3808524470562082,0.2834065556526184,0.0,82.38628387451172,0.2834065556526184,100.0,0.0062964544631540775,0.00013951088476460427
fede_addition_a1c84989676b,A,federated,size_control,,modular,groknet,gd,mse,0.25,1000,256,0.0,50.0,42,50,5,1.0,dirichlet_sizes,0.1,fedavg,1.0,0.0,20000,10000,95.0,3000.0,42100.0,42100.0,True,100.0,100.0,100000.0,dirichlet,init_to_end,0.0,100000.0,0.0026350523636210713,0.5042561293287117,0.906900942325592,0.0,100.0,0.906900942325592,100.0,0.010311734862625599,0.00013951088476460427
fede_addition_a1c84989676b,A,federated,size_control,,modular,groknet,gd,mse,0.25,1000,256,0.0,50.0,42,50,5,1.0,dirichlet_sizes,0.1,fedavg,1.0,0.0,20000,10000,95.0,3000.0,42100.0,42100.0,True,100.0,100.0,100000.0,dirichlet,fed_to_twin,100000.0,100000.0,0.009844357414294791,133.16455930966632,99.95748901367188,0.4,99.95748901367188,100.0,100.0,0.00013951088476460427,8.341628927155398e-06
fede_addition_a2e0731e7228,B,federated,setup_k_ladder,,modular,transformer,adamw,ce,0.3,1000,128,0.1,0.001,123,10,5,1.0,iid,0.5,fedavg,1.0,0.0,20000,10000,95.0,1300.0,55900.0,55900.0,True,100.0,99.98881816864014,100000.0,K,init_to_end,0.0,100000.0,2.625668330799511,1.1074326972629422,0.7495245933532715,0.2,4.3405303955078125,0.7942723035812378,99.98881530761719,4.741901397705078,5.944895242748771e-09
fede_addition_a2e0731e7228,B,federated,setup_k_ladder,,modular,transformer,adamw,ce,0.3,1000,128,0.1,0.001,123,10,5,1.0,iid,0.5,fedavg,1.0,0.0,20000,10000,95.0,1300.0,55900.0,55900.0,True,100.0,99.98881816864014,100000.0,K,fed_to_twin,100000.0,100000.0,5.779291470647658,7484.592153287734,1.980087399482727,0.5,1.980087399482727,99.98881530761719,99.93287658691406,5.944895242748771e-09,0.0015443110605701804
fede_addition_a3521331dc11,B,federated,partitions,,modular,transformer,adamw,ce,0.3,1000,128,1.0,0.001,42,10,5,1.0,operand,0.5,fedavg,1.0,0.0,20000,10000,95.0,14000.0,13800.0,88600.0,True,99.94778037071228,95.73777914047241,100000.0,partition,memo_to_end,10000.0,100000.0,3.8351774513721466,4.187022780987054,1.7116007804870605,0.4,1.8234702348709106,4.653764724731445,95.73777770996094,1.71927011013031,0.11266520619392395
fede_addition_a3521331dc11,B,federated,partitions,,modular,transformer,adamw,ce,0.3,1000,128,1.0,0.001,42,10,5,1.0,operand,0.5,fedavg,1.0,0.0,20000,10000,95.0,14000.0,13800.0,88600.0,True,99.94778037071228,95.73777914047241,100000.0,partition,init_to_end,0.0,100000.0,2.9577276498079303,1.2170622115808223,0.8837677240371704,0.30000000000000004,1.1970019340515137,0.9844501614570618,95.73777770996094,4.747772693634033,0.11266520619392395
fede_addition_a3521331dc11,B,federated,partitions,,modular,transformer,adamw,ce,0.3,1000,128,1.0,0.001,42,10,5,1.0,operand,0.5,fedavg,1.0,0.0,20000,10000,95.0,14000.0,13800.0,88600.0,True,99.94778037071228,95.73777914047241,100000.0,partition,fed_to_twin,100000.0,100000.0,5.105518617522643,90.63145719870823,1.487862229347229,0.4,3.0092852115631104,95.73777770996094,100.0,0.11266520619392395,2.804997052407998e-07
fede_addition_a35fee72c93d,B,federated,partitions,,modular,transformer,adamw,ce,0.3,1000,128,1.0,0.001,42,10,5,1.0,dirichlet,0.5,fedavg,1.0,0.0,20000,10000,95.0,5300.0,5300.0,5300.0,True,100.0,99.22810196876526,100000.0,partition,memo_to_end,10000.0,100000.0,4.552793359383941,75.44329438348224,2.2038259506225586,0.5,2.2038259506225586,99.39590454101562,99.22810363769531,0.06452161073684692,0.05617283657193184
fede_addition_a35fee72c93d,B,federated,partitions,,modular,transformer,adamw,ce,0.3,1000,128,1.0,0.001,42,10,5,1.0,dirichlet,0.5,fedavg,1.0,0.0,20000,10000,95.0,5300.0,5300.0,5300.0,True,100.0,99.22810196876526,100000.0,partition,init_to_end,0.0,100000.0,2.707149322703481,1.1270524637224246,0.872580885887146,0.30000000000000004,1.6332924365997314,0.9844501614570618,99.22810363769531,4.747772693634033,0.05617283657193184
fede_addition_a35fee72c93d,B,federated,partitions,,modular,transformer,adamw,ce,0.3,1000,128,1.0,0.001,42,10,5,1.0,dirichlet,0.5,fedavg,1.0,0.0,20000,10000,95.0,5300.0,5300.0,5300.0,True,100.0,99.22810196876526,100000.0,partition,fed_to_twin,100000.0,100000.0,4.722752084141871,168.14990267031067,1.6556661128997803,0.4,3.2330241203308105,99.22810363769531,100.0,0.05617283657193184,2.804997052407998e-07
fede_addition_a3f76631bc87,A,federated,boundary,,modular,groknet,gd,mse,0.25,1000,256,0.0,50.0,123,97,5,1.0,iid,0.5,fedavg,1.0,0.0,20000,10000,95.0,63700.0,inf,inf,False,99.95747804641724,60.50729751586914,100000.0,K,memo_to_end,65000.0,100000.0,0.0001738371793180704,0.040091822556936024,12.257332801818848,0.0,32.52090072631836,12.257332801818848,60.50729751586914,0.00477771507576108,0.003894236870110035
fede_addition_a3f76631bc87,A,federated,boundary,,modular,groknet,gd,mse,0.25,1000,256,0.0,50.0,123,97,5,1.0,iid,0.5,fedavg,1.0,0.0,20000,10000,95.0,63700.0,inf,inf,False,99.95747804641724,60.50729751586914,100000.0,K,init_to_end,0.0,100000.0,0.0013680983334779743,0.1925995618542881,0.906900942325592,0.0,22.71503448486328,0.906900942325592,60.50729751586914,0.010312424041330814,0.003894236870110035
fede_addition_a3f76631bc87,A,federated,boundary,,modular,groknet,gd,mse,0.25,1000,256,0.0,50.0,123,97,5,1.0,iid,0.5,fedavg,1.0,0.0,20000,10000,95.0,63700.0,inf,inf,False,99.95747804641724,60.50729751586914,100000.0,K,fed_to_twin,100000.0,100000.0,0.01350486642186297,6.919616210059345,57.77242660522461,0.2,86.38231658935547,60.50729751586914,100.0,0.003894236870110035,9.120198228629306e-06
fede_addition_a5159f089d03,A',federated,partitions,,modular,groknet,adamw,mse,0.2,1000,256,0.1,0.001,456,20,5,1.0,operand,0.5,fedavg,1.0,0.0,20000,10000,95.0,8300.0,53000.0,53000.0,True,100.0,99.97343420982361,100000.0,partition,memo_to_end,10000.0,100000.0,0.007662872434593737,1.9089467057796794,0.8103082180023193,0.0,23.180126190185547,0.8103082180023193,99.97343444824219,0.005437979009002447,0.0025903985369950533
fede_addition_a5159f089d03,A',federated,partitions,,modular,groknet,adamw,mse,0.2,1000,256,0.1,0.001,456,20,5,1.0,operand,0.5,fedavg,1.0,0.0,20000,10000,95.0,8300.0,53000.0,53000.0,True,100.0,99.97343420982361,100000.0,partition,init_to_end,0.0,100000.0,0.0023051261669024825,0.35743980390932534,0.86344313621521,0.0,87.65940856933594,0.86344313621521,99.97343444824219,0.010307583957910538,0.0025903985369950533
fede_addition_a5159f089d03,A',federated,partitions,,modular,groknet,adamw,mse,0.2,1000,256,0.1,0.001,456,20,5,1.0,operand,0.5,fedavg,1.0,0.0,20000,10000,95.0,8300.0,53000.0,53000.0,True,100.0,99.97343420982361,100000.0,partition,fed_to_twin,100000.0,100000.0,0.016948331317280463,13.068546934338736,32.598297119140625,0.4,33.528160095214844,99.97343444824219,100.0,0.0025903985369950533,3.360570644872496e-06
fede_addition_a556e2f1debc,B,federated,k_collapse_budget,,modular,transformer,adamw,ce,0.3,1000,128,0.1,0.001,123,20,5,1.0,iid,0.5,fedavg,1.0,0.0,40000,10000,95.0,3500.0,66100.0,66300.0,True,100.0,99.6755838394165,200000.0,K,init_to_end,0.0,200000.0,25.46998481447641,10.74251978481242,0.7942723035812378,0.0,0.9508894085884094,0.7942723035812378,99.67558288574219,4.741901397705078,4.326392133435775e-09
fede_addition_a556e2f1debc,B,federated,k_collapse_budget,,modular,transformer,adamw,ce,0.3,1000,128,0.1,0.001,123,20,5,1.0,iid,0.5,fedavg,1.0,0.0,40000,10000,95.0,3500.0,66100.0,66300.0,True,100.0,99.6755838394165,200000.0,K,fed_to_twin,200000.0,200000.0,4.951278651822159,7240.625522307952,3.9713616371154785,0.5,3.9713616371154785,99.67558288574219,99.67558288574219,4.326392133435775e-09,0.0013676340458914638
fede_addition_a73182733c39,A,federated,partitions,,modular,groknet,gd,mse,0.3,1000,256,0.0,50.0,123,50,5,1.0,dirichlet,0.5,fedavg,1.0,0.0,10000,10000,95.0,3700.0,15000.0,15000.0,True,100.0,100.0,50000.0,partition,memo_to_end,5000.0,50000.0,0.0032517527106392663,0.9104929232180735,0.21253985166549683,0.0,97.14588928222656,0.21253985166549683,100.0,0.007059643976390362,8.319618791574612e-05
fede_addition_a73182733c39,A,federated,partitions,,modular,groknet,gd,mse,0.3,1000,256,0.0,50.0,123,50,5,1.0,dirichlet,0.5,fedavg,1.0,0.0,10000,10000,95.0,3700.0,15000.0,15000.0,True,100.0,100.0,50000.0,partition,init_to_end,0.0,50000.0,0.0026206656446447598,0.504169960068722,0.9108850955963135,0.0,100.0,0.9108850955963135,100.0,0.010312764905393124,8.319618791574612e-05
fede_addition_a73182733c39,A,federated,partitions,,modular,groknet,gd,mse,0.3,1000,256,0.0,50.0,123,50,5,1.0,dirichlet,0.5,fedavg,1.0,0.0,10000,10000,95.0,3700.0,15000.0,15000.0,True,100.0,100.0,50000.0,partition,fed_to_twin,50000.0,50000.0,0.0031072560223037726,55.35969958868762,100.0,0.0,100.0,100.0,100.0,8.319618791574612e-05,2.9060780434519984e-05
fede_addition_a74905d59c94,A,federated,boundary,,modular,groknet,gd,mse,0.25,1000,256,0.0,50.0,1011,97,5,1.0,operand,0.5,fedavg,1.0,0.0,20000,10000,95.0,3300.0,76900.0,77200.0,True,100.0,99.95748996734619,100000.0,K,memo_to_end,5000.0,100000.0,0.004598389845341444,1.0946452877385906,0.2125549167394638,0.0,24.812244415283203,0.2125549167394638,99.95748901367188,0.00649687647819519,0.0019047306850552559
fede_addition_a74905d59c94,A,federated,boundary,,modular,groknet,gd,mse,0.25,1000,256,0.0,50.0,1011,97,5,1.0,operand,0.5,fedavg,1.0,0.0,20000,10000,95.0,3300.0,76900.0,77200.0,True,100.0,99.95748996734619,100000.0,K,init_to_end,0.0,100000.0,0.0020589457824826242,0.33714756335138474,1.0486042499542236,0.0,94.30352783203125,1.0486042499542236,99.95748901367188,0.010309183970093727,0.0019047306850552559
fede_addition_a74905d59c94,A,federated,boundary,,modular,groknet,gd,mse,0.25,1000,256,0.0,50.0,1011,97,5,1.0,operand,0.5,fedavg,1.0,0.0,20000,10000,95.0,3300.0,76900.0,77200.0,True,100.0,99.95748996734619,100000.0,K,fed_to_twin,100000.0,100000.0,0.013727291170653189,14.33885760836224,96.38656616210938,0.4,98.1578598022461,99.95748901367188,100.0,0.0019047306850552559,9.967339792638086e-06
fede_addition_a7702a1c6229,A,federated,dirichlet_setups,,modular,groknet,gd,mse,0.3,1000,256,0.0,50.0,456,10,5,1.0,dirichlet,10.0,fedavg,1.0,0.0,10000,10000,95.0,3900.0,13600.0,13600.0,True,100.0,100.0,50000.0,dirichlet,memo_to_end,5000.0,50000.0,0.0030944086083763978,0.873390866524616,0.1669955998659134,0.0,99.11947631835938,0.1669955998659134,100.0,0.007050008978694677,3.595614180085249e-05
fede_addition_a7702a1c6229,A,federated,dirichlet_setups,,modular,groknet,gd,mse,0.3,1000,256,0.0,50.0,456,10,5,1.0,dirichlet,10.0,fedavg,1.0,0.0,10000,10000,95.0,3900.0,13600.0,13600.0,True,100.0,100.0,50000.0,dirichlet,init_to_end,0.0,50000.0,0.002624777662276756,0.5075094406773978,0.8957036733627319,0.0,100.0,0.8957036733627319,100.0,0.010307802818715572,3.595614180085249e-05
fede_addition_a7702a1c6229,A,federated,dirichlet_setups,,modular,groknet,gd,mse,0.3,1000,256,0.0,50.0,456,10,5,1.0,dirichlet,10.0,fedavg,1.0,0.0,10000,10000,95.0,3900.0,13600.0,13600.0,True,100.0,100.0,50000.0,dirichlet,fed_to_twin,50000.0,50000.0,0.00043713727973226923,12.573271573026824,100.0,0.0,100.0,100.0,100.0,3.595614180085249e-05,3.35782315232791e-05
fede_addition_a788f535f580,B,federated,local_epochs,,modular,transformer,adamw,ce,0.3,1000,128,0.1,0.001,123,10,10,1.0,iid,0.5,fedavg,1.0,0.0,20000,10000,95.0,2400.0,53400.0,53400.0,True,100.0,99.96644258499146,200000.0,E,init_to_end,0.0,200000.0,2.6363462429071567,1.1119363394683808,0.7942723035812378,0.0,3.412014961242676,0.7942723035812378,99.96644592285156,4.741901397705078,3.1747591222597293e-09
fede_addition_a788f535f580,B,federated,local_epochs,,modular,transformer,adamw,ce,0.3,1000,128,0.1,0.001,123,10,10,1.0,iid,0.5,fedavg,1.0,0.0,20000,10000,95.0,2400.0,53400.0,53400.0,True,100.0,99.96644258499146,200000.0,E,fed_to_twin,200000.0,200000.0,6.821200336663113,9975.160420711953,1.1634411811828613,0.5,1.1634411811828613,99.96644592285156,99.67558288574219,3.1747591222597293e-09,0.0013676340458914638
fede_addition_a94f7209dfb0,A,federated,partitions,,modular,groknet,gd,mse,0.3,1000,256,0.0,50.0,456,10,5,1.0,dirichlet,0.5,fedavg,1.0,0.0,10000,10000,95.0,3800.0,13800.0,13800.0,True,100.0,100.0,50000.0,partition,memo_to_end,5000.0,50000.0,0.003119708431768231,0.8796787743993916,0.21253985166549683,0.0,99.07393646240234,0.21253985166549683,100.0,0.007046091370284557,4.6744156861677766e-05
fede_addition_a94f7209dfb0,A,federated,partitions,,modular,groknet,gd,mse,0.3,1000,256,0.0,50.0,456,10,5,1.0,dirichlet,0.5,fedavg,1.0,0.0,10000,10000,95.0,3800.0,13800.0,13800.0,True,100.0,100.0,50000.0,partition,init_to_end,0.0,50000.0,0.0026234669028781356,0.5067275099656171,0.8957036733627319,0.0,100.0,0.8957036733627319,100.0,0.010307802818715572,4.6744156861677766e-05
fede_addition_a94f7209dfb0,A,federated,partitions,,modular,groknet,gd,mse,0.3,1000,256,0.0,50.0,456,10,5,1.0,dirichlet,0.5,fedavg,1.0,0.0,10000,10000,95.0,3800.0,13800.0,13800.0,True,100.0,100.0,50000.0,partition,fed_to_twin,50000.0,50000.0,0.0008586421572545078,21.379896054368775,100.0,0.0,100.0,100.0,100.0,4.6744156861677766e-05,3.35782315232791e-05
fede_addition_a955fc16b955,A',federated,partitions,,modular,groknet,adamw,mse,0.2,1000,256,0.1,0.001,42,10,5,1.0,dirichlet,0.5,fedavg,1.0,0.0,20000,10000,95.0,2600.0,34300.0,34300.0,True,100.0,100.0,100000.0,partition,init_to_end,0.0,100000.0,0.0026445032330229884,0.4876494805957593,0.8900105953216553,0.0,100.0,0.8900105953216553,100.0,0.010311542078852654,0.0005343763041310012
fede_addition_a955fc16b955,A',federated,partitions,,modular,groknet,adamw,mse,0.2,1000,256,0.1,0.001,42,10,5,1.0,dirichlet,0.5,fedavg,1.0,0.0,20000,10000,95.0,2600.0,34300.0,34300.0,True,100.0,100.0,100000.0,partition,fed_to_twin,100000.0,100000.0,0.00914207591495142,34.07883630494396,94.59352111816406,0.5,94.59352111816406,100.0,100.0,0.0005343763041310012,2.1488185666385107e-06
fede_addition_a9812533617e,A,federated,aggregation,fl,modular,groknet,gd,mse,0.3,1000,256,0.0,50.0,456,2,5,1.0,iid,0.5,fedavg,1.0,0.0,10000,10000,95.0,3900.0,13400.0,13400.0,True,100.0,100.0,50000.0,K,memo_to_end,5000.0,50000.0,0.003053348627872765,0.8610191548711525,0.1669955998659134,0.0,99.21056365966797,0.1669955998659134,100.0,0.007058640476316214,3.376533277332783e-05
fede_addition_a9812533617e,A,federated,aggregation,fl,modular,groknet,gd,mse,0.3,1000,256,0.0,50.0,456,2,5,1.0,iid,0.5,fedavg,1.0,0.0,10000,10000,95.0,3900.0,13400.0,13400.0,True,100.0,100.0,50000.0,K,init_to_end,0.0,50000.0,0.0026224511675536633,0.5071670232480366,0.8957036733627319,0.0,100.0,0.8957036733627319,100.0,0.010307802818715572,3.376533277332783e-05
fede_addition_a9812533617e,A,federated,aggregation,fl,modular,groknet,gd,mse,0.3,1000,256,0.0,50.0,456,2,5,1.0,iid,0.5,fedavg,1.0,0.0,10000,10000,95.0,3900.0,13400.0,13400.0,True,100.0,100.0,50000.0,K,fed_to_twin,50000.0,50000.0,6.828151890658773e-05,2.0278558053699,100.0,0.0,100.0,100.0,100.0,3.376533277332783e-05,3.35782315232791e-05
fede_addition_ab0ef80c12e5,B,federated,participation_setups,,modular,transformer,adamw,ce,0.3,1000,128,0.1,0.001,123,20,5,0.5,iid,0.5,fedavg,1.0,0.0,80000,10000,95.0,1700.0039164490872,43299.89556135781,43499.887728459646,True,100.0,99.92169141769409,199999.9438642308,f,init_to_end,0.0,199999.9438642308,9.848586837772398,4.15385559046566,0.7942723035812378,0.0,2.06958270072937,0.7942723035812378,99.92169189453125,4.741901397705078,1.089364509709867e-08
fede_addition_ab0ef80c12e5,B,federated,participation_setups,,modular,transformer,adamw,ce,0.3,1000,128,0.1,0.001,123,20,5,0.5,iid,0.5,fedavg,1.0,0.0,80000,10000,95.0,1700.0039164490872,43299.89556135781,43499.887728459646,True,100.0,99.92169141769409,199999.9438642308,f,fed_to_twin,199999.9438642308,200000.0,5.152143917245808,7534.329661603047,2.382817029953003,0.6000000000000001,3.020472288131714,99.92169189453125,99.67558288574219,1.089364509709867e-08,0.0013676340458914638
fede_addition_ab6ec5dcdbfa,B,federated,partitions,,modular,transformer,adamw,ce,0.3,1000,128,1.0,0.001,456,10,5,1.0,target,0.5,fedavg,1.0,0.0,20000,10000,95.0,inf,inf,inf,False,24.98694509267807,14.162658154964447,100000.0,partition,init_to_end,0.0,100000.0,1.0757314682006838,0.2595848760157814,0.7495245933532715,0.1,0.9397024512290955,0.8278330564498901,14.162657737731934,4.746889114379883,3.54120135307312
fede_addition_ab6ec5dcdbfa,B,federated,partitions,,modular,transformer,adamw,ce,0.3,1000,128,1.0,0.001,456,10,5,1.0,target,0.5,fedavg,1.0,0.0,20000,10000,95.0,inf,inf,inf,False,24.98694509267807,14.162658154964447,100000.0,partition,fed_to_twin,100000.0,100000.0,2.6090450017944278,1.4735365354158816,1.2193758487701416,0.30000000000000004,3.758809804916382,14.162657737731934,100.0,3.54120135307312,2.922027704244101e-07
fede_addition_ab8a039de1a2,B,federated,aggregation,fl,modular,transformer,adamw,ce,0.3,1000,128,1.0,0.001,456,20,5,1.0,iid,0.5,fedavg,1.0,0.0,20000,10000,95.0,6100.0,6100.0,6100.0,True,100.0,99.96644258499146,100000.0,K,memo_to_end,10000.0,100000.0,4.500120792537928,947.6594906610204,3.937800645828247,0.5,3.937800645828247,99.96644592285156,99.96644592285156,0.00468293996527791,0.00481439707800746
fede_addition_ab8a039de1a2,B,federated,aggregation,fl,modular,transformer,adamw,ce,0.3,1000,128,1.0,0.001,456,20,5,1.0,iid,0.5,fedavg,1.0,0.0,20000,10000,95.0,6100.0,6100.0,6100.0,True,100.0,99.96644258499146,100000.0,K,init_to_end,0.0,100000.0,2.6348505183588715,1.1090130148084352,0.8166462182998657,0.1,1.5437968969345093,0.8278330564498901,99.96644592285156,4.746889114379883,0.00481439707800746
fede_addition_ab8a039de1a2,B,federated,aggregation,fl,modular,transformer,adamw,ce,0.3,1000,128,1.0,0.001,456,20,5,1.0,iid,0.5,fedavg,1.0,0.0,20000,10000,95.0,6100.0,6100.0,6100.0,True,100.0,99.96644258499146,100000.0,K,fed_to_twin,100000.0,100000.0,4.627616134821281,1922.290667145034,3.266584873199463,0.4,3.5798187255859375,99.96644592285156,100.0,0.00481439707800746,2.922027704244101e-07
fede_addition_ade02d3bb380,A,federated,boundary,,modular,groknet,gd,mse,0.25,1000,256,0.0,50.0,789,97,5,1.0,iid,0.5,fedavg,1.0,0.0,20000,10000,95.0,3200.0,inf,inf,False,100.0,71.09253406524658,100000.0,K,memo_to_end,5000.0,100000.0,0.003065480850636959,0.5985081368238876,0.226725235581398,0.0,5.583108901977539,0.226725235581398,71.09253692626953,0.006615630351006985,0.0036281095817685127
fede_addition_ade02d3bb380,A,federated,boundary,,modular,groknet,gd,mse,0.25,1000,256,0.0,50.0,789,97,5,1.0,iid,0.5,fedavg,1.0,0.0,20000,10000,95.0,3200.0,inf,inf,False,100.0,71.09253406524658,100000.0,K,init_to_end,0.0,100000.0,0.0014454824849963188,0.20738927557963638,0.949411928653717,0.0,29.020830154418945,0.949411928653717,71.09253692626953,0.010311690159142017,0.0036281095817685127
fede_addition_ade02d3bb380,A,federated,boundary,,modular,groknet,gd,mse,0.25,1000,256,0.0,50.0,789,97,5,1.0,iid,0.5,fedavg,1.0,0.0,20000,10000,95.0,3200.0,inf,inf,False,100.0,71.09253406524658,100000.0,K,fed_to_twin,100000.0,100000.0,0.01234988060896285,6.791374282572913,70.17146301269531,0.2,90.25081634521484,71.09253692626953,100.0,0.0036281095817685127,8.821647497825325e-06
fede_addition_aeaf78fc8b8a,B,federated,local_epochs,,modular,transformer,adamw,ce,0.3,1000,128,0.1,0.001,123,10,25,1.0,iid,0.5,fedavg,1.0,0.0,8000,10000,95.0,6100.0,66800.0,67000.0,True,100.0,100.0,200000.0,E,init_to_end,0.0,200000.0,2.8838341711862285,1.2163197541337585,0.7942723035812378,0.0,4.105604648590088,0.7942723035812378,100.0,4.741901397705078,1.55625679010285e-10
fede_addition_aeaf78fc8b8a,B,federated,local_epochs,,modular,transformer,adamw,ce,0.3,1000,128,0.1,0.001,123,10,25,1.0,iid,0.5,fedavg,1.0,0.0,8000,10000,95.0,6100.0,66800.0,67000.0,True,100.0,100.0,200000.0,E,fed_to_twin,200000.0,200000.0,8.211558875076621,12008.414042245187,1.0627586841583252,0.6000000000000001,1.3424321413040161,100.0,99.67558288574219,1.55625679010285e-10,0.0013676340458914638
fede_addition_afb1eff85706,A,federated,dirichlet_band,,modular,groknet,gd,mse,0.25,1000,256,0.0,50.0,456,20,5,1.0,dirichlet,0.1,fedavg,1.0,0.0,20000,10000,95.0,3100.0,39800.0,39800.0,True,100.0,100.0,100000.0,dirichlet,memo_to_end,5000.0,100000.0,0.004028720048154355,1.2673968685473784,0.3117472231388092,0.0,90.26498413085938,0.3117472231388092,100.0,0.006304407492280006,5.306450111675076e-05
fede_addition_afb1eff85706,A,federated,dirichlet_band,,modular,groknet,gd,mse,0.25,1000,256,0.0,50.0,456,20,5,1.0,dirichlet,0.1,fedavg,1.0,0.0,20000,10000,95.0,3100.0,39800.0,39800.0,True,100.0,100.0,100000.0,dirichlet,init_to_end,0.0,100000.0,0.0026655174515326507,0.5145348888786094,0.906900942325592,0.0,100.0,0.906900942325592,100.0,0.010307816788554192,5.306450111675076e-05
fede_addition_afb1eff85706,A,federated,dirichlet_band,,modular,groknet,gd,mse,0.25,1000,256,0.0,50.0,456,20,5,1.0,dirichlet,0.1,fedavg,1.0,0.0,20000,10000,95.0,3100.0,39800.0,39800.0,True,100.0,100.0,100000.0,dirichlet,fed_to_twin,100000.0,100000.0,0.007793659860453772,243.92310062349947,100.0,0.0,100.0,100.0,100.0,5.306450111675076e-05,1.08380963865784e-05
fede_addition_b07013ad9423,A,federated,dirichlet_setups,,modular,groknet,gd,mse,0.3,1000,256,0.0,50.0,42,10,5,1.0,dirichlet,0.01,fedavg,1.0,0.0,10000,10000,95.0,3600.0,14100.0,14100.0,True,100.0,100.0,50000.0,dirichlet,memo_to_end,5000.0,50000.0,0.003014367808646057,0.8495589365327272,0.3036283552646637,0.0,99.02838897705078,0.3036283552646637,100.0,0.007020846474915743,7.54659267840907e-05
fede_addition_b07013ad9423,A,federated,dirichlet_setups,,modular,groknet,gd,mse,0.3,1000,256,0.0,50.0,42,10,5,1.0,dirichlet,0.01,fedavg,1.0,0.0,10000,10000,95.0,3600.0,14100.0,14100.0,True,100.0,100.0,50000.0,dirichlet,init_to_end,0.0,50000.0,0.0026226973452139644,0.5049817391692967,0.9412479400634766,0.0,100.0,0.9412479400634766,100.0,0.01031182985752821,7.54659267840907e-05
fede_addition_b07013ad9423,A,federated,dirichlet_setups,,modular,groknet,gd,mse,0.3,1000,256,0.0,50.0,42,10,5,1.0,dirichlet,0.01,fedavg,1.0,0.0,10000,10000,95.0,3600.0,14100.0,14100.0,True,100.0,100.0,50000.0,dirichlet,fed_to_twin,50000.0,50000.0,0.003282999716248014,62.269651686709345,100.0,0.0,100.0,100.0,100.0,7.54659267840907e-05,2.997868796228431e-05
fede_addition_b717c4a15aa3,A,federated,boundary,,modular,groknet,gd,mse,0.25,1000,256,0.0,50.0,789,97,5,1.0,operand,0.5,fedavg,1.0,0.0,20000,10000,95.0,3100.0,71000.0,71000.0,True,100.0,100.0,100000.0,K,memo_to_end,5000.0,100000.0,0.004851232282817364,1.2314721978650423,0.3542581796646118,0.0,35.255775451660156,0.3542581796646118,100.0,0.006460823118686676,0.0014179293066263199
fede_addition_b717c4a15aa3,A,federated,boundary,,modular,groknet,gd,mse,0.25,1000,256,0.0,50.0,789,97,5,1.0,operand,0.5,fedavg,1.0,0.0,20000,10000,95.0,3100.0,71000.0,71000.0,True,100.0,100.0,100000.0,K,init_to_end,0.0,100000.0,0.0022271184250712396,0.3797426560291834,0.949411928653717,0.0,98.82386016845703,0.949411928653717,100.0,0.010311690159142017,0.0014179293066263199
fede_addition_b717c4a15aa3,A,federated,boundary,,modular,groknet,gd,mse,0.25,1000,256,0.0,50.0,789,97,5,1.0,operand,0.5,fedavg,1.0,0.0,20000,10000,95.0,3100.0,71000.0,71000.0,True,100.0,100.0,100000.0,K,fed_to_twin,100000.0,100000.0,0.012639957602368667,17.71851992224963,99.09310150146484,0.4,99.56072235107422,100.0,100.0,0.0014179293066263199,8.821647497825325e-06
fede_addition_b84d41e71ea7,B,federated,partitions,,modular,transformer,adamw,ce,0.3,1000,128,1.0,0.001,123,20,5,1.0,target,0.5,fedavg,1.0,0.0,20000,10000,95.0,inf,inf,inf,False,7.467363029718399,3.6133795976638794,100000.0,partition,init_to_end,0.0,100000.0,0.6473781108856205,0.13653406494752024,0.7383376359939575,0.4,0.8278330564498901,0.7942723035812378,3.61337947845459,4.741901397705078,4.741125583648682
fede_addition_b84d41e71ea7,B,federated,partitions,,modular,transformer,adamw,ce,0.3,1000,128,1.0,0.001,123,20,5,1.0,target,0.5,fedavg,1.0,0.0,20000,10000,95.0,inf,inf,inf,False,7.467363029718399,3.6133795976638794,100000.0,partition,fed_to_twin,100000.0,100000.0,2.146212344603555,0.9053379867683738,1.0291979312896729,0.30000000000000004,6.678599834442139,3.61337947845459,100.0,4.741125583648682,0.00011443051334936172
fede_addition_b89e641afedb,B,federated,k_collapse_budget,,modular,transformer,adamw,ce,0.3,1000,128,0.1,0.001,42,50,5,1.0,iid,0.5,fedavg,1.0,0.0,20000,10000,95.0,58500.0,inf,inf,False,100.0,2.819107286632061,100000.0,K,memo_to_end,60000.0,100000.0,1.284143816679716,12.938716655922242,1.8122832775115967,0.0,2.1031434535980225,1.8122832775115967,2.8191072940826416,0.12715411186218262,0.07134220749139786
fede_addition_b89e641afedb,B,federated,k_collapse_budget,,modular,transformer,adamw,ce,0.3,1000,128,0.1,0.001,42,50,5,1.0,iid,0.5,fedavg,1.0,0.0,20000,10000,95.0,58500.0,inf,inf,False,100.0,2.819107286632061,100000.0,K,init_to_end,0.0,100000.0,19.719718664884567,8.183958701743894,0.7159637808799744,0.4,0.7495245933532715,0.9844501614570618,2.8191072940826416,4.747772693634033,0.07134220749139786
fede_addition_b89e641afedb,B,federated,k_collapse_budget,,modular,transformer,adamw,ce,0.3,1000,128,0.1,0.001,42,50,5,1.0,iid,0.5,fedavg,1.0,0.0,20000,10000,95.0,58500.0,inf,inf,False,100.0,2.819107286632061,100000.0,K,fed_to_twin,100000.0,100000.0,22.937193200353068,641.1819824501281,0.9285154938697815,0.30000000000000004,1.0403847694396973,2.8191072940826416,99.32878875732422,0.07134220749139786,0.00020438560750335455
fede_addition_b99df12b38af,A,federated,dirichlet_setups,,modular,groknet,gd,mse,0.3,1000,256,0.0,50.0,456,10,5,1.0,dirichlet,0.1,fedavg,1.0,0.0,10000,10000,95.0,3800.0,14400.0,14400.0,True,100.0,100.0,50000.0,dirichlet,memo_to_end,5000.0,50000.0,0.0031146273868216667,0.878193874684752,0.21253985166549683,0.0,99.07393646240234,0.21253985166549683,100.0,0.007044237572699785,4.901934153167531e-05
fede_addition_b99df12b38af,A,federated,dirichlet_setups,,modular,groknet,gd,mse,0.3,1000,256,0.0,50.0,456,10,5,1.0,dirichlet,0.1,fedavg,1.0,0.0,10000,10000,95.0,3800.0,14400.0,14400.0,True,100.0,100.0,50000.0,dirichlet,init_to_end,0.0,50000.0,0.0026287734071956947,0.5076409281769376,0.8957036733627319,0.0,100.0,0.8957036733627319,100.0,0.010307802818715572,4.901934153167531e-05
fede_addition_b99df12b38af,A,federated,dirichlet_setups,,modular,groknet,gd,mse,0.3,1000,256,0.0,50.0,456,10,5,1.0,dirichlet,0.1,fedavg,1.0,0.0,10000,10000,95.0,3800.0,14400.0,14400.0,True,100.0,100.0,50000.0,dirichlet,fed_to_twin,50000.0,50000.0,0.002125709332176484,51.471471946571405,100.0,0.0,100.0,100.0,100.0,4.901934153167531e-05,3.35782315232791e-05
fede_addition_ba5a5f5d0f8b,A',federated,aggregation,fl,modular,groknet,adamw,mse,0.2,1000,256,0.1,0.001,123,2,5,1.0,iid,0.5,fedavg,1.0,0.0,20000,10000,95.0,200.0,44600.0,44600.0,True,100.0,100.0,100000.0,K,init_to_end,0.0,100000.0,0.002694436360616237,0.5148363682208367,0.9431456327438354,0.0,100.0,0.9431456327438354,100.0,0.010312463156878948,0.00015469311620108783
fede_addition_ba5a5f5d0f8b,A',federated,aggregation,fl,modular,groknet,adamw,mse,0.2,1000,256,0.1,0.001,123,2,5,1.0,iid,0.5,fedavg,1.0,0.0,20000,10000,95.0,200.0,44600.0,44600.0,True,100.0,100.0,100000.0,K,fed_to_twin,100000.0,100000.0,0.008822558205679343,112.14775179698775,98.91072845458984,0.5,98.91072845458984,100.0,100.0,0.00015469311620108783,2.6450036330061266e-06
fede_addition_ba7f28aec253,A,federated,participation_setups,,modular,groknet,gd,mse,0.3,1000,256,0.0,50.0,456,20,5,0.5,iid,0.5,fedavg,1.0,0.0,20000,10000,95.0,2000.0141743444365,7100.001771793053,7100.001771793053,True,100.0,100.0,49999.909638554294,f,init_to_end,0.0,49999.909638554294,0.0026784254181620787,0.5193537318372858,0.8957036733627319,0.0,99.98481750488281,0.8957036733627319,100.0,0.010307802818715572,6.6524512476462405e-06
fede_addition_ba7f28aec253,A,federated,participation_setups,,modular,groknet,gd,mse,0.3,1000,256,0.0,50.0,456,20,5,0.5,iid,0.5,fedavg,1.0,0.0,20000,10000,95.0,2000.0141743444365,7100.001771793053,7100.001771793053,True,100.0,100.0,49999.909638554294,f,fed_to_twin,49999.909638554294,50000.0,0.0018799858555667015,93.4603007496241,100.0,0.0,100.0,100.0,100.0,6.6524512476462405e-06,3.35782315232791e-05
fede_addition_bacb5988282e,A,federated,aggregation,fl,modular,groknet,gd,mse,0.3,1000,256,0.0,50.0,42,10,5,1.0,iid,0.5,fedavg,1.0,0.0,10000,10000,95.0,3700.0,12900.0,12900.0,True,100.0,100.0,50000.0,K,memo_to_end,5000.0,50000.0,0.0029614819686685223,0.841504162513917,0.3036283552646637,0.0,99.36238098144531,0.3036283552646637,100.0,0.007005841471254826,3.270236629759893e-05
fede_addition_bacb5988282e,A,federated,aggregation,fl,modular,groknet,gd,mse,0.3,1000,256,0.0,50.0,42,10,5,1.0,iid,0.5,fedavg,1.0,0.0,10000,10000,95.0,3700.0,12900.0,12900.0,True,100.0,100.0,50000.0,K,init_to_end,0.0,50000.0,0.0026122756680706516,0.5050543826532797,0.9412479400634766,0.0,100.0,0.9412479400634766,100.0,0.01031182985752821,3.270236629759893e-05
fede_addition_bacb5988282e,A,federated,aggregation,fl,modular,groknet,gd,mse,0.3,1000,256,0.0,50.0,42,10,5,1.0,iid,0.5,fedavg,1.0,0.0,10000,10000,95.0,3700.0,12900.0,12900.0,True,100.0,100.0,50000.0,K,fed_to_twin,50000.0,50000.0,0.0003596715305320686,11.476243811752969,100.0,0.0,100.0,100.0,100.0,3.270236629759893e-05,2.997868796228431e-05
fede_addition_bd4aafbc1bc0,A,federated,participation_setups,,modular,groknet,gd,mse,0.3,1000,256,0.0,50.0,42,20,5,0.5,iid,0.5,fedavg,1.0,0.0,20000,10000,95.0,1900.0194897236001,6599.941530829188,6599.941530829188,True,100.0,100.0,50000.014174344484,f,init_to_end,0.0,50000.014174344484,0.0026493044249946253,0.5135584037447797,0.9412479400634766,0.0,99.98481750488281,0.9412479400634766,100.0,0.01031182985752821,5.611764208879322e-06
fede_addition_bd4aafbc1bc0,A,federated,participation_setups,,modular,groknet,gd,mse,0.3,1000,256,0.0,50.0,42,20,5,0.5,iid,0.5,fedavg,1.0,0.0,20000,10000,95.0,1900.0194897236001,6599.941530829188,6599.941530829188,True,100.0,100.0,50000.014174344484,f,fed_to_twin,50000.014174344484,50000.0,0.001509150044512353,84.80645523998753,100.0,0.0,100.0,100.0,100.0,5.611764208879322e-06,2.997868796228431e-05
fede_addition_c03d81b4eee6,A,federated,boundary,,modular,groknet,gd,mse,0.25,1000,256,0.0,50.0,456,50,5,1.0,iid,0.5,fedavg,1.0,0.0,20000,10000,95.0,3200.0,51400.0,51400.0,True,100.0,100.0,100000.0,K,memo_to_end,5000.0,100000.0,0.005100872906041332,1.561068545552056,0.1558736115694046,0.0,69.66133117675781,0.1558736115694046,100.0,0.006296216510236263,0.00023888782016001642
fede_addition_c03d81b4eee6,A,federated,boundary,,modular,groknet,gd,mse,0.25,1000,256,0.0,50.0,456,50,5,1.0,iid,0.5,fedavg,1.0,0.0,20000,10000,95.0,3200.0,51400.0,51400.0,True,100.0,100.0,100000.0,K,init_to_end,0.0,100000.0,0.0026166551397182047,0.4962033614852918,0.906900942325592,0.0,99.94332122802734,0.906900942325592,100.0,0.010307816788554192,0.00023888782016001642
fede_addition_c03d81b4eee6,A,federated,boundary,,modular,groknet,gd,mse,0.25,1000,256,0.0,50.0,456,50,5,1.0,iid,0.5,fedavg,1.0,0.0,20000,10000,95.0,3200.0,51400.0,51400.0,True,100.0,100.0,100000.0,K,fed_to_twin,100000.0,100000.0,0.011275193113306159,90.30054444671457,99.94332122802734,0.4,99.94332122802734,100.0,100.0,0.00023888782016001642,1.08380963865784e-05
fede_addition_c04c85d9a0de,B,federated,k_collapse_budget,,modular,transformer,adamw,ce,0.3,1000,128,0.1,0.001,123,30,5,1.0,iid,0.5,fedavg,1.0,0.0,20000,10000,95.0,5600.0,94300.0,94300.0,True,100.0,99.70914125442505,100000.0,K,memo_to_end,10000.0,100000.0,44.68256973102421,21285108.12065448,0.20136481523513794,0.0,1.510236144065857,0.20136481523513794,99.70914459228516,4.194902430754155e-06,3.5793883412793548e-09
fede_addition_c04c85d9a0de,B,federated,k_collapse_budget,,modular,transformer,adamw,ce,0.3,1000,128,0.1,0.001,123,30,5,1.0,iid,0.5,fedavg,1.0,0.0,20000,10000,95.0,5600.0,94300.0,94300.0,True,100.0,99.70914125442505,100000.0,K,init_to_end,0.0,100000.0,27.979609677312272,11.801008629042043,0.7942723035812378,0.0,0.9956371188163757,0.7942723035812378,99.70914459228516,4.741901397705078,3.5793883412793548e-09
fede_addition_c04c85d9a0de,B,federated,k_collapse_budget,,modular,transformer,adamw,ce,0.3,1000,128,0.1,0.001,123,30,5,1.0,iid,0.5,fedavg,1.0,0.0,20000,10000,95.0,5600.0,94300.0,94300.0,True,100.0,99.70914125442505,100000.0,K,fed_to_twin,100000.0,100000.0,5.8082153956815565,7522.06220856335,3.0428459644317627,0.6000000000000001,3.4567623138427734,99.70914459228516,99.93287658691406,3.5793883412793548e-09,0.0015443110605701804
fede_addition_c15f80829976,A,federated,dirichlet_setups,,modular,groknet,gd,mse,0.3,1000,256,0.0,50.0,456,10,5,1.0,dirichlet,1.0,fedavg,1.0,0.0,10000,10000,95.0,3900.0,13800.0,13800.0,True,100.0,100.0,50000.0,dirichlet,memo_to_end,5000.0,50000.0,0.003098774282989325,0.874690577359388,0.18217700719833374,0.0,99.05875396728516,0.18217700719833374,100.0,0.007048518396914005,3.689983714139089e-05
fede_addition_c15f80829976,A,federated,dirichlet_setups,,modular,groknet,gd,mse,0.3,1000,256,0.0,50.0,456,10,5,1.0,dirichlet,1.0,fedavg,1.0,0.0,10000,10000,95.0,3900.0,13800.0,13800.0,True,100.0,100.0,50000.0,dirichlet,init_to_end,0.0,50000.0,0.0026291760063031694,0.5083134999176767,0.8957036733627319,0.0,100.0,0.8957036733627319,100.0,0.010307802818715572,3.689983714139089e-05
fede_addition_c15f80829976,A,federated,dirichlet_setups,,modular,groknet,gd,mse,0.3,1000,256,0.0,50.0,456,10,5,1.0,dirichlet,1.0,fedavg,1.0,0.0,10000,10000,95.0,3900.0,13800.0,13800.0,True,100.0,100.0,50000.0,dirichlet,fed_to_twin,50000.0,50000.0,0.0010754045797511935,30.517424785514418,100.0,0.0,100.0,100.0,100.0,3.689983714139089e-05,3.35782315232791e-05
fede_addition_c18550b79fad,A,federated,partitions,,modular,groknet,gd,mse,0.3,1000,256,0.0,50.0,42,10,5,1.0,target,0.5,fedavg,1.0,0.0,10000,10000,95.0,15350.20729978772,17087.7905740613,19565.320694543174,True,100.0,100.0,41224.86711552083,partition,memo_to_end,16507.473423104544,41224.86711552083,0.00065141316736117,0.2737611652498937,91.40731811523438,0.0,100.0,91.40731811523438,100.0,0.0035745520144701004,0.0011844368418678641
fede_addition_c18550b79fad,A,federated,partitions,,modular,groknet,gd,mse,0.3,1000,256,0.0,50.0,42,10,5,1.0,target,0.5,fedavg,1.0,0.0,10000,10000,95.0,15350.20729978772,17087.7905740613,19565.320694543174,True,100.0,100.0,41224.86711552083,partition,init_to_end,0.0,41224.86711552083,0.002314106980338693,0.4025840807016522,0.9412479400634766,0.0,100.0,0.9412479400634766,100.0,0.01031182985752821,0.0011844368418678641
fede_addition_c18550b79fad,A,federated,partitions,,modular,groknet,gd,mse,0.3,1000,256,0.0,50.0,42,10,5,1.0,target,0.5,fedavg,1.0,0.0,10000,10000,95.0,15350.20729978772,17087.7905740613,19565.320694543174,True,100.0,100.0,41224.86711552083,partition,fed_to_twin,41224.86711552083,41000.0,0.006620233883950277,10.640052251414582,100.0,0.0,100.0,100.0,100.0,0.0011844368418678641,5.996191248414107e-05
fede_addition_c2073c065b4b,A,federated,dirichlet_band,,modular,groknet,gd,mse,0.25,1000,256,0.0,50.0,42,20,5,1.0,dirichlet,1000.0,fedavg,1.0,0.0,20000,10000,95.0,3000.0,26500.0,26500.0,True,100.0,100.0,100000.0,dirichlet,memo_to_end,5000.0,100000.0,0.003997482531758578,1.2734981601074196,0.2408955693244934,0.0,94.67195892333984,0.2408955693244934,100.0,0.006267143879085779,1.0811844731506426e-05
fede_addition_c2073c065b4b,A,federated,dirichlet_band,,modular,groknet,gd,mse,0.25,1000,256,0.0,50.0,42,20,5,1.0,dirichlet,1000.0,fedavg,1.0,0.0,20000,10000,95.0,3000.0,26500.0,26500.0,True,100.0,100.0,100000.0,dirichlet,init_to_end,0.0,100000.0,0.002681135896636988,0.5194717878536861,0.906900942325592,0.0,100.0,0.906900942325592,100.0,0.010311734862625599,1.0811844731506426e-05
fede_addition_c2073c065b4b,A,federated,dirichlet_band,,modular,groknet,gd,mse,0.25,1000,256,0.0,50.0,42,20,5,1.0,dirichlet,1000.0,fedavg,1.0,0.0,20000,10000,95.0,3000.0,26500.0,26500.0,True,100.0,100.0,100000.0,dirichlet,fed_to_twin,100000.0,100000.0,0.00432765861705775,451.8928205068058,100.0,0.0,100.0,100.0,100.0,1.0811844731506426e-05,8.341628927155398e-06
fede_addition_c29b8b34e8ac,B,federated,b_k20_wd_control,fl,modular,transformer,adamw,ce,0.4,1000,128,0.1,0.001,123,20,5,1.0,iid,0.5,fedavg,1.0,0.0,2000,10000,95.0,3600.0,inf,inf,False,100.0,6.1472199857234955,10000.0,other,memo_to_end,4000.0,10000.0,8.488713395060358,895.1311057046995,1.0049595832824707,0.0,2.2578959465026855,1.0049595832824707,6.147220134735107,0.0189657062292099,7.073854249028955e-07
fede_addition_c29b8b34e8ac,B,federated,b_k20_wd_control,fl,modular,transformer,adamw,ce,0.4,1000,128,0.1,0.001,123,20,5,1.0,iid,0.5,fedavg,1.0,0.0,2000,10000,95.0,3600.0,inf,inf,False,100.0,6.1472199857234955,10000.0,other,init_to_end,0.0,10000.0,1.650048379064856,0.6959615869832758,0.5612111687660217,0.2,1.357347846031189,0.7047767639160156,6.147220134735107,4.741779327392578,7.073854249028955e-07
fede_addition_c39ee0047f88,A,federated,partitions,,modular,groknet,gd,mse,0.3,1000,256,0.0,50.0,42,50,5,1.0,operand,0.5,fedavg,1.0,0.0,10000,10000,95.0,3700.0,13000.0,13000.0,True,100.0,100.0,50000.0,partition,memo_to_end,5000.0,50000.0,0.0029928145158919506,0.8438558420128469,0.3339911997318268,0.0,98.70957946777344,0.3339911997318268,100.0,0.006969188340008259,0.00012400072591844946
fede_addition_c39ee0047f88,A,federated,partitions,,modular,groknet,gd,mse,0.3,1000,256,0.0,50.0,42,50,5,1.0,operand,0.5,fedavg,1.0,0.0,10000,10000,95.0,3700.0,13000.0,13000.0,True,100.0,100.0,50000.0,partition,init_to_end,0.0,50000.0,0.0025789926701691003,0.49425728973789684,0.9412479400634766,0.0,100.0,0.9412479400634766,100.0,0.01031182985752821,0.00012400072591844946
fede_addition_c39ee0047f88,A,federated,partitions,,modular,groknet,gd,mse,0.3,1000,256,0.0,50.0,42,50,5,1.0,operand,0.5,fedavg,1.0,0.0,10000,10000,95.0,3700.0,13000.0,13000.0,True,100.0,100.0,50000.0,partition,fed_to_twin,50000.0,50000.0,0.002352599922232912,30.557330528029425,100.0,0.0,100.0,100.0,100.0,0.00012400072591844946,2.997868796228431e-05
fede_addition_c3bbe3356ae0,A,federated,dirichlet_band,,modular,groknet,gd,mse,0.25,1000,256,0.0,50.0,42,20,5,1.0,dirichlet,0.01,fedavg,1.0,0.0,20000,10000,95.0,2700.0,inf,inf,False,99.70237612724304,1.0911152698099613,100000.0,dirichlet,memo_to_end,5000.0,100000.0,,,1.0911152362823486,0.0,1.0911152362823486,1.0911152362823486,1.0911152362823486,,
fede_addition_c3bbe3356ae0,A,federated,dirichlet_band,,modular,groknet,gd,mse,0.25,1000,256,0.0,50.0,42,20,5,1.0,dirichlet,0.01,fedavg,1.0,0.0,20000,10000,95.0,2700.0,inf,inf,False,99.70237612724304,1.0911152698099613,100000.0,dirichlet,init_to_end,0.0,100000.0,,,1.0911152362823486,0.0,1.0911152362823486,1.0911152362823486,1.0911152362823486,,
fede_addition_c3bbe3356ae0,A,federated,dirichlet_band,,modular,groknet,gd,mse,0.25,1000,256,0.0,50.0,42,20,5,1.0,dirichlet,0.01,fedavg,1.0,0.0,20000,10000,95.0,2700.0,inf,inf,False,99.70237612724304,1.0911152698099613,100000.0,dirichlet,fed_to_twin,100000.0,100000.0,,,1.0911152362823486,0.0,1.0911152362823486,1.0911152362823486,1.0911152362823486,,
fede_addition_c4822d202e05,B,federated,k_collapse_budget,,modular,transformer,adamw,ce,0.3,1000,128,0.1,0.001,123,50,5,1.0,iid,0.5,fedavg,1.0,0.0,20000,10000,95.0,53300.0,inf,inf,False,100.0,14.028415083885193,100000.0,K,memo_to_end,50000.0,100000.0,11.307393400636283,92.32286559068419,1.3536189794540405,0.1,3.098780632019043,1.7339746952056885,14.039603233337402,0.24492031335830688,3.2945583370747045e-05
fede_addition_c4822d202e05,B,federated,k_collapse_budget,,modular,transformer,adamw,ce,0.3,1000,128,0.1,0.001,123,50,5,1.0,iid,0.5,fedavg,1.0,0.0,20000,10000,95.0,53300.0,inf,inf,False,100.0,14.028415083885193,100000.0,K,init_to_end,0.0,100000.0,13.003734224163418,5.484569495386794,0.5369728207588196,0.2,0.9397024512290955,0.7942723035812378,14.039603233337402,4.741901397705078,3.2945583370747045e-05
fede_addition_c4822d202e05,B,federated,k_collapse_budget,,modular,transformer,adamw,ce,0.3,1000,128,0.1,0.001,123,50,5,1.0,iid,0.5,fedavg,1.0,0.0,20000,10000,95.0,53300.0,inf,inf,False,100.0,14.028415083885193,100000.0,K,fed_to_twin,100000.0,100000.0,5.047405303257619,6400.233370577145,1.879404902458191,0.5,1.879404902458191,14.039603233337402,99.93287658691406,3.2945583370747045e-05,0.0015443110605701804
fede_addition_c4a22951b4e3,A',federated,aggregation,fl,modular,groknet,adamw,mse,0.2,1000,256,0.1,0.001,123,5,5,1.0,iid,0.5,fedavg,1.0,0.0,20000,10000,95.0,300.0,26300.0,26300.0,True,100.0,100.0,100000.0,K,init_to_end,0.0,100000.0,0.0027116480399854486,0.5121265291736053,0.9431456327438354,0.0,100.0,0.9431456327438354,100.0,0.010312463156878948,0.0002772949810605496
fede_addition_c4a22951b4e3,A',federated,aggregation,fl,modular,groknet,adamw,mse,0.2,1000,256,0.1,0.001,123,5,5,1.0,iid,0.5,fedavg,1.0,0.0,20000,10000,95.0,300.0,26300.0,26300.0,True,100.0,100.0,100000.0,K,fed_to_twin,100000.0,100000.0,0.008920683865540013,63.73283098736533,97.4229507446289,0.5,97.4229507446289,100.0,100.0,0.0002772949810605496,2.6450036330061266e-06
fede_addition_c4a5bd77c3d7,B,federated,local_epochs,,modular,transformer,adamw,ce,0.3,1000,128,0.1,0.001,123,10,50,1.0,iid,0.5,fedavg,1.0,0.0,4000,10000,95.0,12700.0,45600.0,45600.0,True,100.0,100.0,200000.0,E,memo_to_end,20000.0,200000.0,30.646178126533204,26017.489953319582,0.8166462182998657,0.0,3.4343886375427246,0.8166462182998657,100.0,0.002355810720473528,2.8635054327708076e-09
fede_addition_c4a5bd77c3d7,B,federated,local_epochs,,modular,transformer,adamw,ce,0.3,1000,128,0.1,0.001,123,10,50,1.0,iid,0.5,fedavg,1.0,0.0,4000,10000,95.0,12700.0,45600.0,45600.0,True,100.0,100.0,200000.0,E,init_to_end,0.0,200000.0,3.5660361272797,1.5040532588265587,0.7942723035812378,0.0,1.622105360031128,0.7942723035812378,100.0,4.741901397705078,2.8635054327708076e-09
fede_addition_c4a5bd77c3d7,B,federated,local_epochs,,modular,transformer,adamw,ce,0.3,1000,128,0.1,0.001,123,10,50,1.0,iid,0.5,fedavg,1.0,0.0,4000,10000,95.0,12700.0,45600.0,45600.0,True,100.0,100.0,200000.0,E,fed_to_twin,200000.0,200000.0,8.582493748073622,12550.83668641021,1.1186933517456055,0.5,1.1186933517456055,100.0,99.67558288574219,2.8635054327708076e-09,0.0013676340458914638
fede_addition_c61459f93396,B,federated,k_collapse_budget,,modular,transformer,adamw,ce,0.3,1000,128,0.1,0.001,456,50,5,1.0,iid,0.5,fedavg,1.0,0.0,20000,10000,95.0,49300.0,inf,inf,False,100.0,2.438751608133316,100000.0,K,memo_to_end,50000.0,100000.0,1.697476353496313,16.11033644923057,1.2417497634887695,0.4,1.252936601638794,1.5885446071624756,2.438751697540283,0.17734305560588837,0.033388279378414154
fede_addition_c61459f93396,B,federated,k_collapse_budget,,modular,transformer,adamw,ce,0.3,1000,128,0.1,0.001,456,50,5,1.0,iid,0.5,fedavg,1.0,0.0,20000,10000,95.0,49300.0,inf,inf,False,100.0,2.438751608133316,100000.0,K,init_to_end,0.0,100000.0,20.168301659822465,8.438130258363925,0.6152814030647278,0.8,0.8166462182998657,0.8278330564498901,2.438751697540283,4.746889114379883,0.033388279378414154
fede_addition_c61459f93396,B,federated,k_collapse_budget,,modular,transformer,adamw,ce,0.3,1000,128,0.1,0.001,456,50,5,1.0,iid,0.5,fedavg,1.0,0.0,20000,10000,95.0,49300.0,inf,inf,False,100.0,2.438751608133316,100000.0,K,fed_to_twin,100000.0,100000.0,24.823502831230872,1399.597385633948,0.8054592609405518,0.2,1.1298803091049194,2.438751697540283,99.96644592285156,0.033388279378414154,0.0020840687211602926
fede_addition_c7270a8f5116,A,federated,participation,,modular,groknet,gd,mse,0.25,1000,256,0.0,50.0,123,50,5,0.4,iid,0.5,fedavg,1.0,0.0,50000,10000,95.0,1319.9702380952374,16679.997874151282,16679.997874151282,True,100.0,100.0,99999.7534014269,f,init_to_end,0.0,99999.7534014269,0.0027221688822464786,0.5274397800994771,0.906900942325592,0.0,100.0,0.906900942325592,100.0,0.010312424041330814,9.773809324542526e-06
fede_addition_c7270a8f5116,A,federated,participation,,modular,groknet,gd,mse,0.25,1000,256,0.0,50.0,123,50,5,0.4,iid,0.5,fedavg,1.0,0.0,50000,10000,95.0,1319.9702380952374,16679.997874151282,16679.997874151282,True,100.0,100.0,99999.7534014269,f,fed_to_twin,99999.7534014269,100000.0,0.010093001049881423,1068.3811808032287,99.98583221435547,0.30000000000000004,99.98583221435547,100.0,100.0,9.773809324542526e-06,9.120198228629306e-06
fede_addition_c7d98e72ba18,B,federated,aggregation_alpha2,fl,modular,transformer,adamw,ce,0.4,1000,128,1.0,0.001,42,5,5,1.0,iid,0.5,fedavg,1.0,0.0,20000,10000,95.0,1500.0,3100.0,3100.0,True,100.0,99.99999403953552,100000.0,K,init_to_end,0.0,100000.0,2.3181552278288526,0.9763772230957357,0.8874966502189636,0.1,4.528843402862549,0.991908073425293,99.99999237060547,4.748482704162598,1.014457282622061e-07
fede_addition_c7d98e72ba18,B,federated,aggregation_alpha2,fl,modular,transformer,adamw,ce,0.4,1000,128,1.0,0.001,42,5,5,1.0,iid,0.5,fedavg,1.0,0.0,20000,10000,95.0,1500.0,3100.0,3100.0,True,100.0,99.99999403953552,100000.0,K,fed_to_twin,100000.0,100000.0,4.6196832045731036,214681.41410768044,3.5108323097229004,0.5,3.5108323097229004,99.99999237060547,99.99999237060547,1.014457282622061e-07,4.293612437322736e-05
fede_addition_c7e7483f59d3,B,federated,aggregation_alpha2,fl,modular,transformer,adamw,ce,0.4,1000,128,1.0,0.001,456,10,5,1.0,iid,0.5,fedavg,1.0,0.0,20000,10000,95.0,2500.0,2600.0,2600.0,True,100.0,99.99999403953552,100000.0,K,init_to_end,0.0,100000.0,1.938812064113975,0.8171170178888811,0.8483424782752991,0.1,7.204385280609131,0.8744453191757202,99.99999237060547,4.7454938888549805,3.834908000044379e-07
fede_addition_c7e7483f59d3,B,federated,aggregation_alpha2,fl,modular,transformer,adamw,ce,0.4,1000,128,1.0,0.001,456,10,5,1.0,iid,0.5,fedavg,1.0,0.0,20000,10000,95.0,2500.0,2600.0,2600.0,True,100.0,99.99999403953552,100000.0,K,fed_to_twin,100000.0,100000.0,5.171220226101798,208818.0892094233,2.2578959465026855,0.5,2.2578959465026855,99.99999237060547,99.99999237060547,3.834908000044379e-07,4.914497912977822e-05
fede_addition_c809f26b5026,A',federated,aggregation,fl,modular,groknet,adamw,mse,0.2,1000,256,0.1,0.001,42,5,5,1.0,iid,0.5,fedavg,1.0,0.0,20000,10000,95.0,300.0,23300.0,23300.0,True,100.0,100.0,100000.0,K,init_to_end,0.0,100000.0,0.0026969122234731914,0.5066147258067453,0.8900105953216553,0.0,100.0,0.8900105953216553,100.0,0.010311542078852654,0.0003352555213496089
fede_addition_c809f26b5026,A',federated,aggregation,fl,modular,groknet,adamw,mse,0.2,1000,256,0.1,0.001,42,5,5,1.0,iid,0.5,fedavg,1.0,0.0,20000,10000,95.0,300.0,23300.0,23300.0,True,100.0,100.0,100000.0,K,fed_to_twin,100000.0,100000.0,0.009105525374707213,53.97396712186597,96.0945816040039,0.5,96.0945816040039,100.0,100.0,0.0003352555213496089,2.1488185666385107e-06
fede_addition_ca52282f81b3,A,federated,dirichlet_band,,modular,groknet,gd,mse,0.25,1000,256,0.0,50.0,123,50,5,1.0,dirichlet,1.0,fedavg,1.0,0.0,20000,10000,95.0,3300.0,43800.0,43800.0,True,100.0,100.0,100000.0,dirichlet,memo_to_end,5000.0,100000.0,0.00460927816311596,1.4268099867812256,0.2125549167394638,0.0,81.21015167236328,0.2125549167394638,100.0,0.006331930868327618,0.00012902497837785631
fede_addition_ca52282f81b3,A,federated,dirichlet_band,,modular,groknet,gd,mse,0.25,1000,256,0.0,50.0,123,50,5,1.0,dirichlet,1.0,fedavg,1.0,0.0,20000,10000,95.0,3300.0,43800.0,43800.0,True,100.0,100.0,100000.0,dirichlet,init_to_end,0.0,100000.0,0.0026340937183704227,0.5045456264544242,0.906900942325592,0.0,100.0,0.906900942325592,100.0,0.010312424041330814,0.00012902497837785631
fede_addition_ca52282f81b3,A,federated,dirichlet_band,,modular,groknet,gd,mse,0.25,1000,256,0.0,50.0,123,50,5,1.0,dirichlet,1.0,fedavg,1.0,0.0,20000,10000,95.0,3300.0,43800.0,43800.0,True,100.0,100.0,100000.0,dirichlet,fed_to_twin,100000.0,100000.0,0.009828495674810256,142.29227420378612,99.97166442871094,0.30000000000000004,99.97166442871094,100.0,100.0,0.00012902497837785631,9.120198228629306e-06
fede_addition_cbb5d7c97c6a,A,federated,partitions,,modular,groknet,gd,mse,0.3,1000,256,0.0,50.0,42,50,5,1.0,target,0.5,fedavg,1.0,0.0,10000,10000,95.0,34900.0,28200.0,28200.0,True,100.0,100.0,50000.0,partition,memo_to_end,35000.0,50000.0,9.536463767290289e-06,0.0018663913537252318,97.99604797363281,0.0,99.62046813964844,97.99604797363281,100.0,0.0053187208250164986,0.004900426138192415
fede_addition_cbb5d7c97c6a,A,federated,partitions,,modular,groknet,gd,mse,0.3,1000,256,0.0,50.0,42,50,5,1.0,target,0.5,fedavg,1.0,0.0,10000,10000,95.0,34900.0,28200.0,28200.0,True,100.0,100.0,50000.0,partition,init_to_end,0.0,50000.0,0.0012932803481817239,0.17003136793721296,0.9412479400634766,0.0,97.52542877197266,0.9412479400634766,100.0,0.01031182985752821,0.004900426138192415
fede_addition_cbb5d7c97c6a,A,federated,partitions,,modular,groknet,gd,mse,0.3,1000,256,0.0,50.0,42,50,5,1.0,target,0.5,fedavg,1.0,0.0,10000,10000,95.0,34900.0,28200.0,28200.0,True,100.0,100.0,50000.0,partition,fed_to_twin,50000.0,50000.0,0.005450558908705716,2.2109985288801095,99.89373016357422,0.4,99.95445251464844,100.0,100.0,0.004900426138192415,2.997868796228431e-05
fede_addition_cc2488fa1dc1,B,federated,partitions,,modular,transformer,adamw,ce,0.3,1000,128,1.0,0.001,42,20,5,1.0,operand,0.5,fedavg,1.0,0.0,20000,10000,95.0,26000.0,25700.0,25700.0,True,100.0,100.0,100000.0,partition,memo_to_end,30000.0,100000.0,4.03106387589537,487795.21653413546,8.53563117980957,0.5,8.53563117980957,99.98881530761719,100.0,2.373375991737703e-06,1.4154313248582184e-05
fede_addition_cc2488fa1dc1,B,federated,partitions,,modular,transformer,adamw,ce,0.3,1000,128,1.0,0.001,42,20,5,1.0,operand,0.5,fedavg,1.0,0.0,20000,10000,95.0,26000.0,25700.0,25700.0,True,100.0,100.0,100000.0,partition,init_to_end,0.0,100000.0,2.126035527289787,0.8955901329938533,0.9508894085884094,0.2,3.792370557785034,0.9844501614570618,100.0,4.747772693634033,1.4154313248582184e-05
fede_addition_cc2488fa1dc1,B,federated,partitions,,modular,transformer,adamw,ce,0.3,1000,128,1.0,0.001,42,20,5,1.0,operand,0.5,fedavg,1.0,0.0,20000,10000,95.0,26000.0,25700.0,25700.0,True,100.0,100.0,100000.0,partition,fed_to_twin,100000.0,100000.0,4.47849076461867,620512.4761845376,5.4704108238220215,0.5,5.4704108238220215,100.0,100.0,1.4154313248582184e-05,2.804997052407998e-07
fede_addition_cd1e65d61038,A,federated,partitions,,modular,groknet,gd,mse,0.3,1000,256,0.0,50.0,123,50,5,1.0,target,0.5,fedavg,1.0,0.0,10000,10000,95.0,36700.0,30300.0,30300.0,True,100.0,100.0,50000.0,partition,memo_to_end,35000.0,50000.0,2.375105395913124e-05,0.004612345913012087,96.6752700805664,0.0,99.11947631835938,96.6752700805664,100.0,0.0053773000836372375,0.004921603947877884
fede_addition_cd1e65d61038,A,federated,partitions,,modular,groknet,gd,mse,0.3,1000,256,0.0,50.0,123,50,5,1.0,target,0.5,fedavg,1.0,0.0,10000,10000,95.0,36700.0,30300.0,30300.0,True,100.0,100.0,50000.0,partition,init_to_end,0.0,50000.0,0.0012872563675045967,0.16899372463706716,0.9108850955963135,0.0,96.70563507080078,0.9108850955963135,100.0,0.010312764905393124,0.004921603947877884
fede_addition_cd1e65d61038,A,federated,partitions,,modular,groknet,gd,mse,0.3,1000,256,0.0,50.0,123,50,5,1.0,target,0.5,fedavg,1.0,0.0,10000,10000,95.0,36700.0,30300.0,30300.0,True,100.0,100.0,50000.0,partition,fed_to_twin,50000.0,50000.0,0.005452497966871306,2.2027336796567796,99.71155548095703,0.4,99.96963500976562,100.0,100.0,0.004921603947877884,2.9060780434519984e-05
fede_addition_cee7eff8247e,A',federated,partitions,,modular,groknet,adamw,mse,0.2,1000,256,0.1,0.001,123,20,5,1.0,target,0.5,fedavg,1.0,0.0,20000,10000,95.0,33100.0,33400.0,33400.0,True,100.0,100.0,100000.0,partition,memo_to_end,30000.0,100000.0,0.0011931435437873006,0.22464032484546836,78.20138549804688,0.0,99.78746032714844,78.20138549804688,100.0,0.0072980658151209354,0.003324635559692979
fede_addition_cee7eff8247e,A',federated,partitions,,modular,groknet,adamw,mse,0.2,1000,256,0.1,0.001,123,20,5,1.0,target,0.5,fedavg,1.0,0.0,20000,10000,95.0,33100.0,33400.0,33400.0,True,100.0,100.0,100000.0,partition,init_to_end,0.0,100000.0,0.0019007735885679718,0.2787650992447733,0.9431456327438354,0.0,100.0,0.9431456327438354,100.0,0.010312463156878948,0.003324635559692979
fede_addition_cee7eff8247e,A',federated,partitions,,modular,groknet,adamw,mse,0.2,1000,256,0.1,0.001,123,20,5,1.0,target,0.5,fedavg,1.0,0.0,20000,10000,95.0,33100.0,33400.0,33400.0,True,100.0,100.0,100000.0,partition,fed_to_twin,100000.0,100000.0,0.009047438250377127,5.4383380530634975,70.66950225830078,0.4,71.69234466552734,100.0,100.0,0.003324635559692979,2.6450036330061266e-06
fede_addition_cf115fcbfe53,A',federated,partitions,,modular,groknet,adamw,mse,0.2,1000,256,0.1,0.001,42,10,5,1.0,target,0.5,fedavg,1.0,0.0,20000,10000,95.0,1900.0,18100.0,18100.0,True,100.0,100.0,100000.0,partition,init_to_end,0.0,100000.0,0.002412085607647896,0.41341558949707524,0.8900105953216553,0.0,100.0,0.8900105953216553,100.0,0.010311542078852654,0.001357517670840025
fede_addition_cf115fcbfe53,A',federated,partitions,,modular,groknet,adamw,mse,0.2,1000,256,0.1,0.001,42,10,5,1.0,target,0.5,fedavg,1.0,0.0,20000,10000,95.0,1900.0,18100.0,18100.0,True,100.0,100.0,100000.0,partition,fed_to_twin,100000.0,100000.0,0.00791489296761938,11.642403529520408,97.3963851928711,0.5,97.3963851928711,100.0,100.0,0.001357517670840025,2.1488185666385107e-06
fede_addition_cf44e689dcfa,A,federated,aggregation,fl,modular,groknet,gd,mse,0.3,1000,256,0.0,50.0,456,20,5,1.0,iid,0.5,fedavg,1.0,0.0,10000,10000,95.0,3800.0,14100.0,14100.0,True,100.0,100.0,50000.0,K,memo_to_end,5000.0,50000.0,0.003105868283455493,0.8775903547044596,0.18217700719833374,0.0,98.95248413085938,0.18217700719833374,100.0,0.0070404368452727795,3.7736397644039243e-05
fede_addition_cf44e689dcfa,A,federated,aggregation,fl,modular,groknet,gd,mse,0.3,1000,256,0.0,50.0,456,20,5,1.0,iid,0.5,fedavg,1.0,0.0,10000,10000,95.0,3800.0,14100.0,14100.0,True,100.0,100.0,50000.0,K,init_to_end,0.0,50000.0,0.002625117023126222,0.5074877139269979,0.8957036733627319,0.0,100.0,0.8957036733627319,100.0,0.010307802818715572,3.7736397644039243e-05
fede_addition_cf44e689dcfa,A,federated,aggregation,fl,modular,groknet,gd,mse,0.3,1000,256,0.0,50.0,456,20,5,1.0,iid,0.5,fedavg,1.0,0.0,10000,10000,95.0,3800.0,14100.0,14100.0,True,100.0,100.0,50000.0,K,fed_to_twin,50000.0,50000.0,0.001123478403314948,31.5076560428869,100.0,0.0,100.0,100.0,100.0,3.7736397644039243e-05,3.35782315232791e-05
fede_addition_cff610ec23e5,A,federated,aggregation,fl,modular,groknet,gd,mse,0.3,1000,256,0.0,50.0,123,20,5,1.0,iid,0.5,fedavg,1.0,0.0,10000,10000,95.0,3700.0,13300.0,13300.0,True,100.0,100.0,50000.0,K,memo_to_end,5000.0,50000.0,0.0030672411176055903,0.8649009352141336,0.1366327702999115,0.0,99.24092864990234,0.1366327702999115,100.0,0.007052259985357523,4.043928856845014e-05
fede_addition_cff610ec23e5,A,federated,aggregation,fl,modular,groknet,gd,mse,0.3,1000,256,0.0,50.0,123,20,5,1.0,iid,0.5,fedavg,1.0,0.0,10000,10000,95.0,3700.0,13300.0,13300.0,True,100.0,100.0,50000.0,K,init_to_end,0.0,50000.0,0.002626534791488666,0.507385876349386,0.9108850955963135,0.0,100.0,0.9108850955963135,100.0,0.010312764905393124,4.043928856845014e-05
fede_addition_cff610ec23e5,A,federated,aggregation,fl,modular,groknet,gd,mse,0.3,1000,256,0.0,50.0,123,20,5,1.0,iid,0.5,fedavg,1.0,0.0,10000,10000,95.0,3700.0,13300.0,13300.0,True,100.0,100.0,50000.0,K,fed_to_twin,50000.0,50000.0,0.000816728567770042,23.5029570326078,100.0,0.0,100.0,100.0,100.0,4.043928856845014e-05,2.9060780434519984e-05
fede_addition_d00e57ce2fe3,B,federated,aggregation_alpha2,fl,modular,transformer,adamw,ce,0.4,1000,128,1.0,0.001,123,2,5,1.0,iid,0.5,fedavg,1.0,0.0,20000,10000,95.0,500.0,1700.0,1700.0,True,100.0,99.99999403953552,100000.0,K,init_to_end,0.0,100000.0,2.5545955399139273,1.0774839317877527,0.7047767639160156,0.0,3.184546947479248,0.7047767639160156,99.99999237060547,4.741779327392578,4.313661960964055e-08
fede_addition_d00e57ce2fe3,B,federated,aggregation_alpha2,fl,modular,transformer,adamw,ce,0.4,1000,128,1.0,0.001,123,2,5,1.0,iid,0.5,fedavg,1.0,0.0,20000,10000,95.0,500.0,1700.0,1700.0,True,100.0,99.99999403953552,100000.0,K,fed_to_twin,100000.0,100000.0,5.910207447949064,92584.4359037879,1.6444791555404663,0.5,1.6444791555404663,99.99999237060547,99.99999237060547,4.313661960964055e-08,0.00012762859114445746
fede_addition_d1b519bed2ec,A,federated,aggregation,fl,modular,groknet,gd,mse,0.3,1000,256,0.0,50.0,42,2,5,1.0,iid,0.5,fedavg,1.0,0.0,10000,10000,95.0,3700.0,12600.0,12600.0,True,100.0,100.0,50000.0,K,memo_to_end,5000.0,50000.0,0.0029360681110119913,0.8335522556325751,0.3036283552646637,0.0,99.3775634765625,0.3036283552646637,100.0,0.007014152128249407,3.056064451811835e-05
fede_addition_d1b519bed2ec,A,federated,aggregation,fl,modular,groknet,gd,mse,0.3,1000,256,0.0,50.0,42,2,5,1.0,iid,0.5,fedavg,1.0,0.0,10000,10000,95.0,3700.0,12600.0,12600.0,True,100.0,100.0,50000.0,K,init_to_end,0.0,50000.0,0.0026109558559255673,0.5049037464615106,0.9412479400634766,0.0,100.0,0.9412479400634766,100.0,0.01031182985752821,3.056064451811835e-05
fede_addition_d1b519bed2ec,A,federated,aggregation,fl,modular,groknet,gd,mse,0.3,1000,256,0.0,50.0,42,2,5,1.0,iid,0.5,fedavg,1.0,0.0,10000,10000,95.0,3700.0,12600.0,12600.0,True,100.0,100.0,50000.0,K,fed_to_twin,50000.0,50000.0,7.08213156030979e-06,0.23396794348871833,100.0,0.0,100.0,100.0,100.0,3.056064451811835e-05,2.997868796228431e-05
fede_addition_d1cb32e8055d,A,federated,size_control,,modular,groknet,gd,mse,0.25,1000,256,0.0,50.0,42,50,5,1.0,dirichlet_sizes,0.01,fedavg,1.0,0.0,20000,10000,95.0,3000.0,inf,inf,False,100.0,1.0911152698099613,100000.0,dirichlet,memo_to_end,5000.0,100000.0,,,1.0911152362823486,0.0,1.0911152362823486,1.0911152362823486,1.0911152362823486,,
fede_addition_d1cb32e8055d,A,federated,size_control,,modular,groknet,gd,mse,0.25,1000,256,0.0,50.0,42,50,5,1.0,dirichlet_sizes,0.01,fedavg,1.0,0.0,20000,10000,95.0,3000.0,inf,inf,False,100.0,1.0911152698099613,100000.0,dirichlet,init_to_end,0.0,100000.0,,,1.0911152362823486,0.0,1.0911152362823486,1.0911152362823486,1.0911152362823486,,
fede_addition_d1cb32e8055d,A,federated,size_control,,modular,groknet,gd,mse,0.25,1000,256,0.0,50.0,42,50,5,1.0,dirichlet_sizes,0.01,fedavg,1.0,0.0,20000,10000,95.0,3000.0,inf,inf,False,100.0,1.0911152698099613,100000.0,dirichlet,fed_to_twin,100000.0,100000.0,,,1.0911152362823486,0.0,1.0911152362823486,1.0911152362823486,1.0911152362823486,,
fede_addition_d1cec2d87ae4,B,federated,dirichlet_setups,,modular,transformer,adamw,ce,0.3,1000,128,1.0,0.001,123,10,5,1.0,dirichlet,1000.0,fedavg,1.0,0.0,20000,10000,95.0,3400.0,4000.0,4000.0,True,100.0,100.0,100000.0,dirichlet,init_to_end,0.0,100000.0,1.9085057748519745,0.8049537519606282,0.7942723035812378,0.0,4.329343318939209,0.7942723035812378,100.0,4.741901397705078,2.834869690104824e-07
fede_addition_d1cec2d87ae4,B,federated,dirichlet_setups,,modular,transformer,adamw,ce,0.3,1000,128,1.0,0.001,123,10,5,1.0,dirichlet,1000.0,fedavg,1.0,0.0,20000,10000,95.0,3400.0,4000.0,4000.0,True,100.0,100.0,100000.0,dirichlet,fed_to_twin,100000.0,100000.0,5.419683349268882,94490.3557408395,2.1478912830352783,0.6000000000000001,2.237386703491211,100.0,100.0,2.834869690104824e-07,0.00011443051334936172
fede_addition_d32992b167e4,B,federated,participation_setups,,modular,transformer,adamw,ce,0.3,1000,128,0.1,0.001,123,20,5,0.25,iid,0.5,fedavg,1.0,0.0,160000,10000,95.0,999.9582245430817,11099.929503916494,11099.929503916494,True,100.0,99.91050958633423,200001.11618798922,f,init_to_end,0.0,200001.11618798922,10.61238841467988,4.476005512249193,0.7942723035812378,0.0,2.584181785583496,0.7942723035812378,99.91050720214844,4.741901397705078,7.750141861606608e-09
fede_addition_d32992b167e4,B,federated,participation_setups,,modular,transformer,adamw,ce,0.3,1000,128,0.1,0.001,123,20,5,0.25,iid,0.5,fedavg,1.0,0.0,160000,10000,95.0,999.9582245430817,11099.929503916494,11099.929503916494,True,100.0,99.91050958633423,200001.11618798922,f,fed_to_twin,200001.11618798922,200000.0,4.626519166772882,6765.688472217687,2.95335054397583,0.6000000000000001,3.3337063789367676,99.91050720214844,99.67558288574219,7.750141861606608e-09,0.0013676340458914638
fede_addition_d443baa4165c,A,federated,dirichlet_band,,modular,groknet,gd,mse,0.25,1000,256,0.0,50.0,456,20,5,1.0,dirichlet,1000.0,fedavg,1.0,0.0,20000,10000,95.0,3200.0,31700.0,31700.0,True,100.0,100.0,100000.0,dirichlet,memo_to_end,5000.0,100000.0,0.0044241240839255624,1.4053744027982535,0.226725235581398,0.0,88.1252670288086,0.226725235581398,100.0,0.006272792350500822,2.321542524441611e-05
fede_addition_d443baa4165c,A,federated,dirichlet_band,,modular,groknet,gd,mse,0.25,1000,256,0.0,50.0,456,20,5,1.0,dirichlet,1000.0,fedavg,1.0,0.0,20000,10000,95.0,3200.0,31700.0,31700.0,True,100.0,100.0,100000.0,dirichlet,init_to_end,0.0,100000.0,0.0027236665140662813,0.5272786799422473,0.906900942325592,0.0,99.97166442871094,0.906900942325592,100.0,0.010307816788554192,2.321542524441611e-05
fede_addition_d443baa4165c,A,federated,dirichlet_band,,modular,groknet,gd,mse,0.25,1000,256,0.0,50.0,456,20,5,1.0,dirichlet,1000.0,fedavg,1.0,0.0,20000,10000,95.0,3200.0,31700.0,31700.0,True,100.0,100.0,100000.0,dirichlet,fed_to_twin,100000.0,100000.0,0.004603524836511497,270.3699715051793,100.0,0.0,100.0,100.0,100.0,2.321542524441611e-05,1.08380963865784e-05
fede_addition_d58524f08873,A',federated,aggregation,fl,modular,groknet,adamw,mse,0.2,1000,256,0.1,0.001,456,2,5,1.0,iid,0.5,fedavg,1.0,0.0,20000,10000,95.0,200.0,60200.0,60200.0,True,100.0,100.0,100000.0,K,init_to_end,0.0,100000.0,0.002711522817844525,0.518492543070884,0.86344313621521,0.0,100.0,0.86344313621521,100.0,0.010307583957910538,0.000151670872583054
fede_addition_d58524f08873,A',federated,aggregation,fl,modular,groknet,adamw,mse,0.2,1000,256,0.1,0.001,456,2,5,1.0,iid,0.5,fedavg,1.0,0.0,20000,10000,95.0,200.0,60200.0,60200.0,True,100.0,100.0,100000.0,K,fed_to_twin,100000.0,100000.0,0.00958271709055225,123.62288437789726,97.43623352050781,0.5,97.43623352050781,100.0,100.0,0.000151670872583054,3.360570644872496e-06
fede_addition_d8bb5b189382,A',federated,partitions,,modular,groknet,adamw,mse,0.2,1000,256,0.1,0.001,123,10,5,1.0,dirichlet,0.5,fedavg,1.0,0.0,20000,10000,95.0,3100.0,39000.0,39000.0,True,100.0,100.0,100000.0,partition,init_to_end,0.0,100000.0,0.002676156989764422,0.4967890678872274,0.9431456327438354,0.0,100.0,0.9431456327438354,100.0,0.010312463156878948,0.00046135278535075486
fede_addition_d8bb5b189382,A',federated,partitions,,modular,groknet,adamw,mse,0.2,1000,256,0.1,0.001,123,10,5,1.0,dirichlet,0.5,fedavg,1.0,0.0,20000,10000,95.0,3100.0,39000.0,39000.0,True,100.0,100.0,100000.0,partition,fed_to_twin,100000.0,100000.0,0.009240118864795477,39.82828834177425,94.11529541015625,0.5,94.11529541015625,100.0,100.0,0.00046135278535075486,2.6450036330061266e-06
fede_addition_d8cdaa8cd5b2,A,federated,dirichlet_band,,modular,groknet,gd,mse,0.25,1000,256,0.0,50.0,123,50,5,1.0,dirichlet,0.1,fedavg,1.0,0.0,20000,10000,95.0,3200.0,53400.0,53400.0,True,100.0,100.0,100000.0,dirichlet,memo_to_end,5000.0,100000.0,0.004850962985074148,1.4504826142006977,0.2550658881664276,0.0,74.42256164550781,0.2550658881664276,100.0,0.00642003770917654,0.00026871945010498166
fede_addition_d8cdaa8cd5b2,A,federated,dirichlet_band,,modular,groknet,gd,mse,0.25,1000,256,0.0,50.0,123,50,5,1.0,dirichlet,0.1,fedavg,1.0,0.0,20000,10000,95.0,3200.0,53400.0,53400.0,True,100.0,100.0,100000.0,dirichlet,init_to_end,0.0,100000.0,0.0025926188332960013,0.4900451138186387,0.906900942325592,0.0,100.0,0.906900942325592,100.0,0.010312424041330814,0.00026871945010498166
fede_addition_d8cdaa8cd5b2,A,federated,dirichlet_band,,modular,groknet,gd,mse,0.25,1000,256,0.0,50.0,123,50,5,1.0,dirichlet,0.1,fedavg,1.0,0.0,20000,10000,95.0,3200.0,53400.0,53400.0,True,100.0,100.0,100000.0,dirichlet,fed_to_twin,100000.0,100000.0,0.012049485665920656,86.73697752059095,99.8582992553711,0.4,99.91497802734375,100.0,100.0,0.00026871945010498166,9.120198228629306e-06
fede_addition_da2816f5b744,A,federated,boundary,,modular,groknet,gd,mse,0.25,1000,256,0.0,50.0,789,50,5,1.0,iid,0.5,fedavg,1.0,0.0,20000,10000,95.0,3100.0,47800.0,47800.0,True,100.0,99.84412789344788,100000.0,K,memo_to_end,5000.0,100000.0,0.004580766762956046,1.4131610287401632,0.3542581796646118,0.0,76.25053405761719,0.3542581796646118,99.84413146972656,0.00628207391127944,0.0002009335730690509
fede_addition_da2816f5b744,A,federated,boundary,,modular,groknet,gd,mse,0.25,1000,256,0.0,50.0,789,50,5,1.0,iid,0.5,fedavg,1.0,0.0,20000,10000,95.0,3100.0,47800.0,47800.0,True,100.0,99.84412789344788,100000.0,K,init_to_end,0.0,100000.0,0.0025977239827625455,0.49421039864729926,0.949411928653717,0.0,99.7874526977539,0.949411928653717,99.84413146972656,0.010311690159142017,0.0002009335730690509
fede_addition_da2816f5b744,A,federated,boundary,,modular,groknet,gd,mse,0.25,1000,256,0.0,50.0,789,50,5,1.0,iid,0.5,fedavg,1.0,0.0,20000,10000,95.0,3100.0,47800.0,47800.0,True,100.0,99.84412789344788,100000.0,K,fed_to_twin,100000.0,100000.0,0.009540102000755724,90.96414358577601,99.84413146972656,0.0,100.0,99.84413146972656,100.0,0.0002009335730690509,8.821647497825325e-06
fede_addition_dacc84fb983d,B,federated,aggregation_alpha2,fl,modular,transformer,adamw,ce,0.4,1000,128,1.0,0.001,42,2,5,1.0,iid,0.5,fedavg,1.0,0.0,20000,10000,95.0,500.0,2000.0,2000.0,True,100.0,99.99999403953552,100000.0,K,init_to_end,0.0,100000.0,2.204784252150487,0.9286267973473818,0.991908073425293,0.0,6.61707067489624,0.991908073425293,99.99999237060547,4.748482704162598,2.3526676784513256e-07
fede_addition_dacc84fb983d,B,federated,aggregation_alpha2,fl,modular,transformer,adamw,ce,0.4,1000,128,1.0,0.001,42,2,5,1.0,iid,0.5,fedavg,1.0,0.0,20000,10000,95.0,500.0,2000.0,2000.0,True,100.0,99.99999403953552,100000.0,K,fed_to_twin,100000.0,100000.0,4.529359689481431,209831.5374957783,2.793004274368286,0.5,2.793004274368286,99.99999237060547,99.99999237060547,2.3526676784513256e-07,4.293612437322736e-05
fede_addition_dde09c3dd131,B,federated,setup_k_ladder,,modular,transformer,adamw,ce,0.3,1000,128,0.1,0.001,123,5,5,1.0,iid,0.5,fedavg,1.0,0.0,20000,10000,95.0,800.0,44500.0,44500.0,True,100.0,100.0,100000.0,K,init_to_end,0.0,100000.0,26.730771255493163,11.27428388470075,0.7942723035812378,0.0,2.1031434535980225,0.7942723035812378,100.0,4.741901397705078,0.0
fede_addition_dde09c3dd131,B,federated,setup_k_ladder,,modular,transformer,adamw,ce,0.3,1000,128,0.1,0.001,123,5,5,1.0,iid,0.5,fedavg,1.0,0.0,20000,10000,95.0,800.0,44500.0,44500.0,True,100.0,100.0,100000.0,K,fed_to_twin,100000.0,100000.0,5.591572477098088,7241.510625500026,3.322519302368164,0.5,3.322519302368164,100.0,99.93287658691406,0.0,0.0015443110605701804
fede_addition_de7b3050c158,A,federated,dirichlet_band,,modular,groknet,gd,mse,0.25,1000,256,0.0,50.0,42,20,5,1.0,dirichlet,10.0,fedavg,1.0,0.0,20000,10000,95.0,3000.0,27300.0,27300.0,True,100.0,100.0,100000.0,dirichlet,memo_to_end,5000.0,100000.0,0.00394473206188195,1.256734794445175,0.2550658881664276,0.0,94.77115631103516,0.2550658881664276,100.0,0.006267203483730555,1.0544342330831569e-05
fede_addition_de7b3050c158,A,federated,dirichlet_band,,modular,groknet,gd,mse,0.25,1000,256,0.0,50.0,42,20,5,1.0,dirichlet,10.0,fedavg,1.0,0.0,20000,10000,95.0,3000.0,27300.0,27300.0,True,100.0,100.0,100000.0,dirichlet,init_to_end,0.0,100000.0,0.002685302532700007,0.5202925593042688,0.906900942325592,0.0,100.0,0.906900942325592,100.0,0.010311734862625599,1.0544342330831569e-05
fede_addition_de7b3050c158,A,federated,dirichlet_band,,modular,groknet,gd,mse,0.25,1000,256,0.0,50.0,42,20,5,1.0,dirichlet,10.0,fedavg,1.0,0.0,20000,10000,95.0,3000.0,27300.0,27300.0,True,100.0,100.0,100000.0,dirichlet,fed_to_twin,100000.0,100000.0,0.004302426400954573,455.6214072532867,100.0,0.0,100.0,100.0,100.0,1.0544342330831569e-05,8.341628927155398e-06
fede_addition_dea649a994f7,B,federated,local_epochs,,modular,transformer,adamw,ce,0.3,1000,128,0.1,0.001,42,10,25,1.0,iid,0.5,fedavg,1.0,0.0,8000,10000,95.0,6200.0,51000.0,51000.0,True,100.0,100.0,200000.0,E,init_to_end,0.0,200000.0,3.6913717603592824,1.554990932657716,0.8837677240371704,0.2,1.745161771774292,0.9844501614570618,100.0,4.747772693634033,2.0448828408348163e-08
fede_addition_dea649a994f7,B,federated,local_epochs,,modular,transformer,adamw,ce,0.3,1000,128,0.1,0.001,42,10,25,1.0,iid,0.5,fedavg,1.0,0.0,8000,10000,95.0,6200.0,51000.0,51000.0,True,100.0,100.0,200000.0,E,fed_to_twin,200000.0,200000.0,5.885134548941921,46428510.07565092,2.5170602798461914,0.5,2.5170602798461914,100.0,100.0,2.0448828408348163e-08,2.3306499485897803e-07
fede_addition_e06f51df030a,A',federated,aggregation,fl,modular,groknet,adamw,mse,0.2,1000,256,0.1,0.001,456,5,5,1.0,iid,0.5,fedavg,1.0,0.0,20000,10000,95.0,300.0,25500.0,25500.0,True,100.0,100.0,100000.0,K,init_to_end,0.0,100000.0,0.0026928072678856557,0.5063697544473881,0.86344313621521,0.0,100.0,0.86344313621521,100.0,0.010307583957910538,0.000328151072608307
fede_addition_e06f51df030a,A',federated,aggregation,fl,modular,groknet,adamw,mse,0.2,1000,256,0.1,0.001,456,5,5,1.0,iid,0.5,fedavg,1.0,0.0,20000,10000,95.0,300.0,25500.0,25500.0,True,100.0,100.0,100000.0,K,fed_to_twin,100000.0,100000.0,0.009336918631333901,56.32935567335825,96.54622650146484,0.5,96.54622650146484,100.0,100.0,0.000328151072608307,3.360570644872496e-06
fede_addition_e079ce0d2183,B,federated,k_collapse_budget,,modular,transformer,adamw,ce,0.3,1000,128,0.1,0.001,42,30,5,1.0,iid,0.5,fedavg,1.0,0.0,20000,10000,95.0,6500.0,inf,inf,False,100.0,3.266584873199463,100000.0,K,memo_to_end,10000.0,100000.0,36.46342881140008,928687.7769530674,0.1789909452199936,0.0,1.1186933517456055,0.1789909452199936,3.266584873199463,6.548938108608127e-05,1.3037395547144115e-05
fede_addition_e079ce0d2183,B,federated,k_collapse_budget,,modular,transformer,adamw,ce,0.3,1000,128,0.1,0.001,42,30,5,1.0,iid,0.5,fedavg,1.0,0.0,20000,10000,95.0,6500.0,inf,inf,False,100.0,3.266584873199463,100000.0,K,init_to_end,0.0,100000.0,17.544936145248357,7.390786837991382,0.8054592609405518,0.30000000000000004,1.1858150959014893,0.9844501614570618,3.266584873199463,4.747772693634033,1.3037395547144115e-05
fede_addition_e079ce0d2183,B,federated,k_collapse_budget,,modular,transformer,adamw,ce,0.3,1000,128,0.1,0.001,42,30,5,1.0,iid,0.5,fedavg,1.0,0.0,20000,10000,95.0,6500.0,inf,inf,False,100.0,3.266584873199463,100000.0,K,fed_to_twin,100000.0,100000.0,7.6059022636822196,69964.09907847398,1.465488314628601,0.4,1.5549838542938232,3.266584873199463,99.32878875732422,1.3037395547144115e-05,0.00020438560750335455
fede_addition_e0d5064eab5c,A,federated,size_control,,modular,groknet,gd,mse,0.25,1000,256,0.0,50.0,42,20,5,1.0,dirichlet_sizes,0.01,fedavg,1.0,0.0,20000,10000,95.0,3000.0,inf,inf,False,99.91496205329895,1.0911152698099613,100000.0,dirichlet,memo_to_end,5000.0,100000.0,,,1.0911152362823486,0.0,1.0911152362823486,1.0911152362823486,1.0911152362823486,,
fede_addition_e0d5064eab5c,A,federated,size_control,,modular,groknet,gd,mse,0.25,1000,256,0.0,50.0,42,20,5,1.0,dirichlet_sizes,0.01,fedavg,1.0,0.0,20000,10000,95.0,3000.0,inf,inf,False,99.91496205329895,1.0911152698099613,100000.0,dirichlet,init_to_end,0.0,100000.0,,,1.0911152362823486,0.0,1.0911152362823486,1.0911152362823486,1.0911152362823486,,
fede_addition_e0d5064eab5c,A,federated,size_control,,modular,groknet,gd,mse,0.25,1000,256,0.0,50.0,42,20,5,1.0,dirichlet_sizes,0.01,fedavg,1.0,0.0,20000,10000,95.0,3000.0,inf,inf,False,99.91496205329895,1.0911152698099613,100000.0,dirichlet,fed_to_twin,100000.0,100000.0,,,1.0911152362823486,0.0,1.0911152362823486,1.0911152362823486,1.0911152362823486,,
fede_addition_e125b68f0203,A,federated,dirichlet_setups,,modular,groknet,gd,mse,0.3,1000,256,0.0,50.0,42,10,5,1.0,dirichlet,10.0,fedavg,1.0,0.0,10000,10000,95.0,3700.0,12900.0,12900.0,True,100.0,100.0,50000.0,dirichlet,memo_to_end,5000.0,50000.0,0.0029410305487544974,0.835483729153743,0.3036283552646637,0.0,99.43828582763672,0.3036283552646637,100.0,0.007006362546235323,3.3943437301786616e-05
fede_addition_e125b68f0203,A,federated,dirichlet_setups,,modular,groknet,gd,mse,0.3,1000,256,0.0,50.0,42,10,5,1.0,dirichlet,10.0,fedavg,1.0,0.0,10000,10000,95.0,3700.0,12900.0,12900.0,True,100.0,100.0,50000.0,dirichlet,init_to_end,0.0,50000.0,0.0026090448765899053,0.504369234128434,0.9412479400634766,0.0,100.0,0.9412479400634766,100.0,0.01031182985752821,3.3943437301786616e-05
fede_addition_e125b68f0203,A,federated,dirichlet_setups,,modular,groknet,gd,mse,0.3,1000,256,0.0,50.0,42,10,5,1.0,dirichlet,10.0,fedavg,1.0,0.0,10000,10000,95.0,3700.0,12900.0,12900.0,True,100.0,100.0,50000.0,dirichlet,fed_to_twin,50000.0,50000.0,0.0003977152009611018,12.443741484441784,100.0,0.0,100.0,100.0,100.0,3.3943437301786616e-05,2.997868796228431e-05
fede_addition_e14f10d9fc99,A,federated,participation,,modular,groknet,gd,mse,0.25,1000,256,0.0,50.0,42,50,5,0.4,iid,0.5,fedavg,1.0,0.0,50000,10000,95.0,1239.9553571428573,15679.912840137777,15679.912840137777,True,100.0,99.98583197593689,100000.14880959022,f,init_to_end,0.0,100000.14880959022,0.002713760136975907,0.5259380760746493,0.906900942325592,0.0,99.90081024169922,0.906900942325592,99.98583221435547,0.010311734862625599,7.959642971400172e-06
fede_addition_e14f10d9fc99,A,federated,participation,,modular,groknet,gd,mse,0.25,1000,256,0.0,50.0,42,50,5,0.4,iid,0.5,fedavg,1.0,0.0,50000,10000,95.0,1239.9553571428573,15679.912840137777,15679.912840137777,True,100.0,99.98583197593689,100000.14880959022,f,fed_to_twin,100000.14880959022,100000.0,0.009169937410661078,1125.0579056317208,99.95748901367188,0.4,99.97166442871094,99.98583221435547,100.0,7.959642971400172e-06,8.341628927155398e-06
fede_addition_e25d90bf19ef,A,federated,aggregation,fl,modular,groknet,gd,mse,0.3,1000,256,0.0,50.0,42,20,5,1.0,iid,0.5,fedavg,1.0,0.0,10000,10000,95.0,3600.0,13200.0,13200.0,True,100.0,100.0,50000.0,K,memo_to_end,5000.0,50000.0,0.0029920939159637783,0.8506571159739645,0.273265540599823,0.0,99.24092864990234,0.273265540599823,100.0,0.006998609285801649,3.617326001403853e-05
fede_addition_e25d90bf19ef,A,federated,aggregation,fl,modular,groknet,gd,mse,0.3,1000,256,0.0,50.0,42,20,5,1.0,iid,0.5,fedavg,1.0,0.0,10000,10000,95.0,3600.0,13200.0,13200.0,True,100.0,100.0,50000.0,K,init_to_end,0.0,50000.0,0.002619066185434349,0.5061974094295408,0.9412479400634766,0.0,100.0,0.9412479400634766,100.0,0.01031182985752821,3.617326001403853e-05
fede_addition_e25d90bf19ef,A,federated,aggregation,fl,modular,groknet,gd,mse,0.3,1000,256,0.0,50.0,42,20,5,1.0,iid,0.5,fedavg,1.0,0.0,10000,10000,95.0,3600.0,13200.0,13200.0,True,100.0,100.0,50000.0,K,fed_to_twin,50000.0,50000.0,0.0008555579170206329,25.86644666387919,100.0,0.0,100.0,100.0,100.0,3.617326001403853e-05,2.997868796228431e-05
fede_addition_e2f4df975eb2,A',federated,aggregation,fl,modular,groknet,adamw,mse,0.2,1000,256,0.1,0.001,123,10,5,1.0,iid,0.5,fedavg,1.0,0.0,20000,10000,95.0,800.0,31600.0,31600.0,True,100.0,100.0,100000.0,K,init_to_end,0.0,100000.0,0.002664421498775482,0.4969890038455879,0.9431456327438354,0.0,100.0,0.9431456327438354,100.0,0.010312463156878948,0.0004097921773791313
fede_addition_e2f4df975eb2,A',federated,aggregation,fl,modular,groknet,adamw,mse,0.2,1000,256,0.1,0.001,123,10,5,1.0,iid,0.5,fedavg,1.0,0.0,20000,10000,95.0,800.0,31600.0,31600.0,True,100.0,100.0,100000.0,K,fed_to_twin,100000.0,100000.0,0.009013662556640156,43.70926275133714,97.03772735595703,0.5,97.03772735595703,100.0,100.0,0.0004097921773791313,2.6450036330061266e-06
fede_addition_e2f680a3ef87,A,federated,participation_setups,,modular,groknet,gd,mse,0.3,1000,256,0.0,50.0,123,20,5,0.5,iid,0.5,fedavg,1.0,0.0,20000,10000,95.0,1900.0779588944006,6700.09390503189,6700.09390503189,True,100.0,100.0,50000.01417434443,f,init_to_end,0.0,50000.01417434443,0.002677780987687584,0.5190089470830422,0.9108850955963135,0.0,99.98481750488281,0.9108850955963135,100.0,0.010312764905393124,6.059086899767863e-06
fede_addition_e2f680a3ef87,A,federated,participation_setups,,modular,groknet,gd,mse,0.3,1000,256,0.0,50.0,123,20,5,0.5,iid,0.5,fedavg,1.0,0.0,20000,10000,95.0,1900.0779588944006,6700.09390503189,6700.09390503189,True,100.0,100.0,50000.01417434443,f,fed_to_twin,50000.01417434443,50000.0,0.0019021155683276447,108.3213413207055,100.0,0.0,100.0,100.0,100.0,6.059086899767863e-06,2.9060780434519984e-05
fede_addition_e30a92766b18,A,federated,dirichlet_band,,modular,groknet,gd,mse,0.25,1000,256,0.0,50.0,123,50,5,1.0,dirichlet,0.01,fedavg,1.0,0.0,20000,10000,95.0,inf,inf,inf,False,97.66156077384949,1.0060932487249374,100000.0,dirichlet,init_to_end,0.0,100000.0,,,1.0060932636260986,0.0,1.0060932636260986,1.0060932636260986,1.0060932636260986,,
fede_addition_e30a92766b18,A,federated,dirichlet_band,,modular,groknet,gd,mse,0.25,1000,256,0.0,50.0,123,50,5,1.0,dirichlet,0.01,fedavg,1.0,0.0,20000,10000,95.0,inf,inf,inf,False,97.66156077384949,1.0060932487249374,100000.0,dirichlet,fed_to_twin,100000.0,100000.0,,,1.0060932636260986,0.0,1.0060932636260986,1.0060932636260986,1.0060932636260986,,
fede_addition_e437ea6c9774,A,federated,boundary,,modular,groknet,gd,mse,0.25,1000,256,0.0,50.0,456,20,5,1.0,iid,0.5,fedavg,1.0,0.0,20000,10000,95.0,3100.0,33100.0,33100.0,True,100.0,100.0,100000.0,K,memo_to_end,5000.0,100000.0,0.00437887914449675,1.3884819643219939,0.2125549167394638,0.0,87.57262420654297,0.2125549167394638,100.0,0.006272958591580391,3.447536437306553e-05
fede_addition_e437ea6c9774,A,federated,boundary,,modular,groknet,gd,mse,0.25,1000,256,0.0,50.0,456,20,5,1.0,iid,0.5,fedavg,1.0,0.0,20000,10000,95.0,3100.0,33100.0,33100.0,True,100.0,100.0,100000.0,K,init_to_end,0.0,100000.0,0.002722885966068134,0.5265536741383688,0.906900942325592,0.0,99.95748901367188,0.906900942325592,100.0,0.010307816788554192,3.447536437306553e-05
fede_addition_e437ea6c9774,A,federated,boundary,,modular,groknet,gd,mse,0.25,1000,256,0.0,50.0,456,20,5,1.0,iid,0.5,fedavg,1.0,0.0,20000,10000,95.0,3100.0,33100.0,33100.0,True,100.0,100.0,100000.0,K,fed_to_twin,100000.0,100000.0,0.0054411753276326635,240.15712931282275,100.0,0.0,100.0,100.0,100.0,3.447536437306553e-05,1.08380963865784e-05
fede_addition_e7ace97b6a0d,A,federated,boundary,,modular,groknet,gd,mse,0.25,1000,256,0.0,50.0,42,20,5,1.0,iid,0.5,fedavg,1.0,0.0,20000,10000,95.0,3000.0,27300.0,27300.0,True,100.0,100.0,100000.0,K,memo_to_end,5000.0,100000.0,0.003968080046433897,1.2637165119136686,0.2550658881664276,0.0,94.78532409667969,0.2550658881664276,100.0,0.006267731077969074,1.2285063348826952e-05
fede_addition_e7ace97b6a0d,A,federated,boundary,,modular,groknet,gd,mse,0.25,1000,256,0.0,50.0,42,20,5,1.0,iid,0.5,fedavg,1.0,0.0,20000,10000,95.0,3000.0,27300.0,27300.0,True,100.0,100.0,100000.0,K,init_to_end,0.0,100000.0,0.002679580827680184,0.5190964075802621,0.906900942325592,0.0,99.98583221435547,0.906900942325592,100.0,0.010311734862625599,1.2285063348826952e-05
fede_addition_e7ace97b6a0d,A,federated,boundary,,modular,groknet,gd,mse,0.25,1000,256,0.0,50.0,42,20,5,1.0,iid,0.5,fedavg,1.0,0.0,20000,10000,95.0,3000.0,27300.0,27300.0,True,100.0,100.0,100000.0,K,fed_to_twin,100000.0,100000.0,0.005211500105360756,505.31612491538533,100.0,0.0,100.0,100.0,100.0,1.2285063348826952e-05,8.341628927155398e-06
fede_addition_e7addc653c87,A,federated,aggregation,fl,modular,groknet,gd,mse,0.3,1000,256,0.0,50.0,456,10,5,1.0,iid,0.5,fedavg,1.0,0.0,10000,10000,95.0,3800.0,13700.0,13700.0,True,100.0,100.0,50000.0,K,memo_to_end,5000.0,50000.0,0.003091195643719402,0.8726641103401354,0.19735842943191528,0.0,98.8310317993164,0.19735842943191528,100.0,0.007049170788377523,3.533195922500454e-05
fede_addition_e7addc653c87,A,federated,aggregation,fl,modular,groknet,gd,mse,0.3,1000,256,0.0,50.0,456,10,5,1.0,iid,0.5,fedavg,1.0,0.0,10000,10000,95.0,3800.0,13700.0,13700.0,True,100.0,100.0,50000.0,K,init_to_end,0.0,50000.0,0.0026235381505102856,0.5073003894536234,0.8957036733627319,0.0,100.0,0.8957036733627319,100.0,0.010307802818715572,3.533195922500454e-05
fede_addition_e7addc653c87,A,federated,aggregation,fl,modular,groknet,gd,mse,0.3,1000,256,0.0,50.0,456,10,5,1.0,iid,0.5,fedavg,1.0,0.0,10000,10000,95.0,3800.0,13700.0,13700.0,True,100.0,100.0,50000.0,K,fed_to_twin,50000.0,50000.0,0.0005593267251242651,16.233498095147745,100.0,0.0,100.0,100.0,100.0,3.533195922500454e-05,3.35782315232791e-05
fede_addition_e904e2251f81,B,federated,partitions,,modular,transformer,adamw,ce,0.3,1000,128,1.0,0.001,123,10,5,1.0,dirichlet,0.5,fedavg,1.0,0.0,20000,10000,95.0,7700.0,7600.0,7600.0,True,100.0,99.31759834289551,100000.0,partition,memo_to_end,10000.0,100000.0,4.596888471394777,551.4094835964811,3.2330241203308105,0.5,3.2330241203308105,99.32878875732422,99.31759643554688,0.009053714573383331,0.007619515061378479
fede_addition_e904e2251f81,B,federated,partitions,,modular,transformer,adamw,ce,0.3,1000,128,1.0,0.001,123,10,5,1.0,dirichlet,0.5,fedavg,1.0,0.0,20000,10000,95.0,7700.0,7600.0,7600.0,True,100.0,99.31759834289551,100000.0,partition,init_to_end,0.0,100000.0,2.658253780007363,1.1193776504329604,0.7942723035812378,0.0,1.9017788171768188,0.7942723035812378,99.31759643554688,4.741901397705078,0.007619515061378479
fede_addition_e904e2251f81,B,federated,partitions,,modular,transformer,adamw,ce,0.3,1000,128,1.0,0.001,123,10,5,1.0,dirichlet,0.5,fedavg,1.0,0.0,20000,10000,95.0,7700.0,7600.0,7600.0,True,100.0,99.31759834289551,100000.0,partition,fed_to_twin,100000.0,100000.0,4.852035699026601,1254.7374822190536,1.4543014764785767,0.5,1.4543014764785767,99.31759643554688,100.0,0.007619515061378479,0.00011443051334936172
fede_addition_e91f16213c27,A',federated,partitions,,modular,groknet,adamw,mse,0.2,1000,256,0.1,0.001,456,20,5,1.0,target,0.5,fedavg,1.0,0.0,20000,10000,95.0,19800.0,30500.0,30500.0,True,100.0,100.0,100000.0,partition,memo_to_end,20000.0,100000.0,0.0015831565484404567,0.27127766504473116,18.796493530273438,0.0,99.16312408447266,18.796493530273438,100.0,0.00833644438534975,0.003335408866405487
fede_addition_e91f16213c27,A',federated,partitions,,modular,groknet,adamw,mse,0.2,1000,256,0.1,0.001,456,20,5,1.0,target,0.5,fedavg,1.0,0.0,20000,10000,95.0,19800.0,30500.0,30500.0,True,100.0,100.0,100000.0,partition,init_to_end,0.0,100000.0,0.0018850661814212803,0.27634203223526005,0.86344313621521,0.0,100.0,0.86344313621521,100.0,0.010307583957910538,0.003335408866405487
fede_addition_e91f16213c27,A',federated,partitions,,modular,groknet,adamw,mse,0.2,1000,256,0.1,0.001,456,20,5,1.0,target,0.5,fedavg,1.0,0.0,20000,10000,95.0,19800.0,30500.0,30500.0,True,100.0,100.0,100000.0,partition,fed_to_twin,100000.0,100000.0,0.009217667213988534,5.521595538583758,72.75504302978516,0.4,74.80074310302734,100.0,100.0,0.003335408866405487,3.360570644872496e-06
fede_addition_e946935e6d98,B,federated,partitions,,modular,transformer,adamw,ce,0.3,1000,128,1.0,0.001,456,10,5,1.0,operand,0.5,fedavg,1.0,0.0,20000,10000,95.0,56000.0,56100.0,96700.0,True,99.9738872051239,98.34433794021606,100000.0,partition,memo_to_end,60000.0,100000.0,3.810380468517542,60.738355084810706,4.127978324890137,0.5,4.127978324890137,99.22810363769531,98.3443374633789,0.051010195165872574,0.07445847988128662
fede_addition_e946935e6d98,B,federated,partitions,,modular,transformer,adamw,ce,0.3,1000,128,1.0,0.001,456,10,5,1.0,operand,0.5,fedavg,1.0,0.0,20000,10000,95.0,56000.0,56100.0,96700.0,True,99.9738872051239,98.34433794021606,100000.0,partition,init_to_end,0.0,100000.0,2.246670413017273,0.931967823971653,0.8278330564498901,0.0,2.584181785583496,0.8278330564498901,98.3443374633789,4.746889114379883,0.07445847988128662
fede_addition_e946935e6d98,B,federated,partitions,,modular,transformer,adamw,ce,0.3,1000,128,1.0,0.001,456,10,5,1.0,operand,0.5,fedavg,1.0,0.0,20000,10000,95.0,56000.0,56100.0,96700.0,True,99.9738872051239,98.34433794021606,100000.0,partition,fed_to_twin,100000.0,100000.0,4.342769291344905,116.64896344093135,4.485960483551025,0.4,5.168363571166992,98.3443374633789,100.0,0.07445847988128662,2.922027704244101e-07
fede_addition_e9de3f5a209a,B,federated,aggregation_alpha2,fl,modular,transformer,adamw,ce,0.4,1000,128,1.0,0.001,42,20,5,1.0,iid,0.5,fedavg,1.0,0.0,20000,10000,95.0,inf,inf,inf,False,48.991578817367554,37.87522614002228,100000.0,K,init_to_end,0.0,100000.0,1.9495082020759584,0.6334240992822472,0.796136736869812,0.4,1.096319556236267,0.991908073425293,37.87522506713867,4.748482704162598,1.4069768190383911
fede_addition_e9de3f5a209a,B,federated,aggregation_alpha2,fl,modular,transformer,adamw,ce,0.4,1000,128,1.0,0.001,42,20,5,1.0,iid,0.5,fedavg,1.0,0.0,20000,10000,95.0,inf,inf,inf,False,48.991578817367554,37.87522614002228,100000.0,K,fed_to_twin,100000.0,100000.0,3.851157118420815,5.474204756954976,2.414513111114502,0.5,2.414513111114502,37.87522506713867,99.99999237060547,1.4069768190383911,4.293612437322736e-05
fede_addition_ec793af1a5f4,A,federated,participation_setups,,modular,groknet,gd,mse,0.3,1000,256,0.0,50.0,42,20,5,0.25,iid,0.5,fedavg,1.0,0.0,40000,10000,95.0,1099.969879518073,3400.0070871721987,3400.0070871721987,True,100.0,100.0,50000.076187099156,f,init_to_end,0.0,50000.076187099156,0.0026826086716937427,0.520221422660019,0.9412479400634766,0.0,99.96963500976562,0.9412479400634766,100.0,0.01031182985752821,1.5042530776554486e-06
fede_addition_ec793af1a5f4,A,federated,participation_setups,,modular,groknet,gd,mse,0.3,1000,256,0.0,50.0,42,20,5,0.25,iid,0.5,fedavg,1.0,0.0,40000,10000,95.0,1099.969879518073,3400.0070871721987,3400.0070871721987,True,100.0,100.0,50000.076187099156,f,fed_to_twin,50000.076187099156,50000.0,0.0032182994528966447,204.44719245345337,100.0,0.0,100.0,100.0,100.0,1.5042530776554486e-06,2.997868796228431e-05
fede_addition_ec9206eb03d3,B,federated,aggregation_alpha2,fl,modular,transformer,adamw,ce,0.4,1000,128,1.0,0.001,456,5,5,1.0,iid,0.5,fedavg,1.0,0.0,20000,10000,95.0,1400.0,2100.0,2100.0,True,100.0,99.99999403953552,100000.0,K,init_to_end,0.0,100000.0,2.0116290704177544,0.8478059770133354,0.7308796644210815,0.2,3.014878511428833,0.8744453191757202,99.99999237060547,4.7454938888549805,6.839300681349414e-08
fede_addition_ec9206eb03d3,B,federated,aggregation_alpha2,fl,modular,transformer,adamw,ce,0.4,1000,128,1.0,0.001,456,5,5,1.0,iid,0.5,fedavg,1.0,0.0,20000,10000,95.0,1400.0,2100.0,2100.0,True,100.0,99.99999403953552,100000.0,K,fed_to_twin,100000.0,100000.0,4.625789691893113,187989.13754799135,2.675541400909424,0.5,2.675541400909424,99.99999237060547,99.99999237060547,6.839300681349414e-08,4.914497912977822e-05
fede_addition_ee7b3a321467,B,federated,k_collapse_budget,,modular,transformer,adamw,ce,0.3,1000,128,1.0,0.001,42,50,5,1.0,iid,0.5,fedavg,1.0,0.0,20000,10000,95.0,inf,inf,inf,False,37.806788086891174,24.331581592559814,100000.0,K,init_to_end,0.0,100000.0,2.3829851150512695,0.6916473233653874,0.9397024512290955,0.1,1.264123558998108,0.9844501614570618,24.331581115722656,4.747772693634033,2.142979383468628
fede_addition_ee7b3a321467,B,federated,k_collapse_budget,,modular,transformer,adamw,ce,0.3,1000,128,1.0,0.001,42,50,5,1.0,iid,0.5,fedavg,1.0,0.0,20000,10000,95.0,inf,inf,inf,False,37.806788086891174,24.331581592559814,100000.0,K,fed_to_twin,100000.0,100000.0,3.5809178141950326,3.341998876054615,1.096319556236267,0.4,3.199462890625,24.331581115722656,100.0,2.142979383468628,2.804997052407998e-07
fede_addition_f0b331026554,A,federated,partitions,,modular,groknet,gd,mse,0.3,1000,256,0.0,50.0,456,10,5,1.0,operand,0.5,fedavg,1.0,0.0,10000,10000,95.0,3900.0,13400.0,13400.0,True,100.0,100.0,50000.0,partition,memo_to_end,5000.0,50000.0,0.0030643358131783316,0.8654002873608266,0.19735842943191528,0.0,99.31683349609375,0.19735842943191528,100.0,0.007046119309961796,3.577298411983065e-05
fede_addition_f0b331026554,A,federated,partitions,,modular,groknet,gd,mse,0.3,1000,256,0.0,50.0,456,10,5,1.0,operand,0.5,fedavg,1.0,0.0,10000,10000,95.0,3900.0,13400.0,13400.0,True,100.0,100.0,50000.0,partition,init_to_end,0.0,50000.0,0.002623957787000109,0.507359898939557,0.8957036733627319,0.0,100.0,0.8957036733627319,100.0,0.010307802818715572,3.577298411983065e-05
fede_addition_f0b331026554,A,federated,partitions,,modular,groknet,gd,mse,0.3,1000,256,0.0,50.0,456,10,5,1.0,operand,0.5,fedavg,1.0,0.0,10000,10000,95.0,3900.0,13400.0,13400.0,True,100.0,100.0,50000.0,partition,fed_to_twin,50000.0,50000.0,0.00024298602329508867,7.007404875078929,100.0,0.0,100.0,100.0,100.0,3.577298411983065e-05,3.35782315232791e-05
fede_addition_f14326c6bcea,B,federated,dirichlet_setups,,modular,transformer,adamw,ce,0.3,1000,128,1.0,0.001,456,10,5,1.0,dirichlet,1000.0,fedavg,1.0,0.0,20000,10000,95.0,4000.0,8700.0,8700.0,True,100.0,100.0,100000.0,dirichlet,init_to_end,0.0,100000.0,1.861610750041109,0.7843497481617013,0.8278330564498901,0.0,3.2553977966308594,0.8278330564498901,100.0,4.746889114379883,2.787874109344557e-07
fede_addition_f14326c6bcea,B,federated,dirichlet_setups,,modular,transformer,adamw,ce,0.3,1000,128,1.0,0.001,456,10,5,1.0,dirichlet,1000.0,fedavg,1.0,0.0,20000,10000,95.0,4000.0,8700.0,8700.0,True,100.0,100.0,100000.0,dirichlet,fed_to_twin,100000.0,100000.0,3.993529511105251,13988084.704368422,10.415035247802734,0.5,10.415035247802734,100.0,100.0,2.787874109344557e-07,2.922027704244101e-07
fede_addition_f361980b4fe3,B,federated,aggregation,fl,modular,transformer,adamw,ce,0.3,1000,128,1.0,0.001,42,20,5,1.0,iid,0.5,fedavg,1.0,0.0,20000,10000,95.0,9000.0,9100.0,9100.0,True,100.0,99.60846304893494,100000.0,K,memo_to_end,10000.0,100000.0,4.825504488078877,530.0105860268986,2.65130352973938,0.5,2.65130352973938,99.46302795410156,99.60845947265625,0.011734708212316036,0.006474378984421492
fede_addition_f361980b4fe3,B,federated,aggregation,fl,modular,transformer,adamw,ce,0.3,1000,128,1.0,0.001,42,20,5,1.0,iid,0.5,fedavg,1.0,0.0,20000,10000,95.0,9000.0,9100.0,9100.0,True,100.0,99.60846304893494,100000.0,K,init_to_end,0.0,100000.0,2.749062190158293,1.1564658496573323,0.8390200138092041,0.30000000000000004,1.5437968969345093,0.9844501614570618,99.60845947265625,4.747772693634033,0.006474378984421492
fede_addition_f361980b4fe3,B,federated,aggregation,fl,modular,transformer,adamw,ce,0.3,1000,128,1.0,0.001,42,20,5,1.0,iid,0.5,fedavg,1.0,0.0,20000,10000,95.0,9000.0,9100.0,9100.0,True,100.0,99.60846304893494,100000.0,K,fed_to_twin,100000.0,100000.0,4.881907038973918,1508.004259047876,2.282134532928467,0.4,3.635753631591797,99.60845947265625,100.0,0.006474378984421492,2.804997052407998e-07
fede_addition_f502345696a3,A,federated,size_control,,modular,groknet,gd,mse,0.25,1000,256,0.0,50.0,42,20,5,1.0,dirichlet_sizes,0.1,fedavg,1.0,0.0,20000,10000,95.0,3000.0,27300.0,27300.0,True,100.0,100.0,100000.0,dirichlet,memo_to_end,5000.0,100000.0,0.00400140897863821,1.2745794183832417,0.2692362368106842,0.0,94.68612670898438,0.2692362368106842,100.0,0.006268142722547054,1.0648415809555445e-05
fede_addition_f502345696a3,A,federated,size_control,,modular,groknet,gd,mse,0.25,1000,256,0.0,50.0,42,20,5,1.0,dirichlet_sizes,0.1,fedavg,1.0,0.0,20000,10000,95.0,3000.0,27300.0,27300.0,True,100.0,100.0,100000.0,dirichlet,init_to_end,0.0,100000.0,0.0026865349525905914,0.5205260994722263,0.906900942325592,0.0,100.0,0.906900942325592,100.0,0.010311734862625599,1.0648415809555445e-05
fede_addition_f502345696a3,A,federated,size_control,,modular,groknet,gd,mse,0.25,1000,256,0.0,50.0,42,20,5,1.0,dirichlet_sizes,0.1,fedavg,1.0,0.0,20000,10000,95.0,3000.0,27300.0,27300.0,True,100.0,100.0,100000.0,dirichlet,fed_to_twin,100000.0,100000.0,0.004886580908078031,514.6465925518834,100.0,0.0,100.0,100.0,100.0,1.0648415809555445e-05,8.341628927155398e-06
fede_addition_f744aff3259f,A,federated,size_control,,modular,groknet,gd,mse,0.25,1000,256,0.0,50.0,456,50,5,1.0,dirichlet_sizes,0.01,fedavg,1.0,0.0,20000,10000,95.0,3200.0,47800.0,47800.0,True,100.0,100.0,100000.0,dirichlet,memo_to_end,5000.0,100000.0,0.004530920348770451,1.388894253251046,0.2125549167394638,0.0,76.71815490722656,0.2125549167394638,100.0,0.006310677155852318,0.00021382294653449208
fede_addition_f744aff3259f,A,federated,size_control,,modular,groknet,gd,mse,0.25,1000,256,0.0,50.0,456,50,5,1.0,dirichlet_sizes,0.01,fedavg,1.0,0.0,20000,10000,95.0,3200.0,47800.0,47800.0,True,100.0,100.0,100000.0,dirichlet,init_to_end,0.0,100000.0,0.002610236726468429,0.49616538718077063,0.906900942325592,0.0,99.98583221435547,0.906900942325592,100.0,0.010307816788554192,0.00021382294653449208
fede_addition_f744aff3259f,A,federated,size_control,,modular,groknet,gd,mse,0.25,1000,256,0.0,50.0,456,50,5,1.0,dirichlet_sizes,0.01,fedavg,1.0,0.0,20000,10000,95.0,3200.0,47800.0,47800.0,True,100.0,100.0,100000.0,dirichlet,fed_to_twin,100000.0,100000.0,0.010175262597385881,90.58324011217849,99.8299560546875,0.4,99.87246704101562,100.0,100.0,0.00021382294653449208,1.08380963865784e-05
fede_addition_f8fafa179030,A,federated,boundary,,modular,groknet,gd,mse,0.25,1000,256,0.0,50.0,42,50,5,1.0,iid,0.5,fedavg,1.0,0.0,20000,10000,95.0,3000.0,40700.0,40700.0,True,100.0,100.0,100000.0,K,memo_to_end,5000.0,100000.0,0.0045403233816614375,1.4155107991611389,0.2125549167394638,0.0,79.65141296386719,0.2125549167394638,100.0,0.006292338483035564,0.00012276394409127533
fede_addition_f8fafa179030,A,federated,boundary,,modular,groknet,gd,mse,0.25,1000,256,0.0,50.0,42,50,5,1.0,iid,0.5,fedavg,1.0,0.0,20000,10000,95.0,3000.0,40700.0,40700.0,True,100.0,100.0,100000.0,K,init_to_end,0.0,100000.0,0.0026406130637042224,0.5061312694778234,0.906900942325592,0.0,99.97166442871094,0.906900942325592,100.0,0.010311734862625599,0.00012276394409127533
fede_addition_f8fafa179030,A,federated,boundary,,modular,groknet,gd,mse,0.25,1000,256,0.0,50.0,42,50,5,1.0,iid,0.5,fedavg,1.0,0.0,20000,10000,95.0,3000.0,40700.0,40700.0,True,100.0,100.0,100000.0,K,fed_to_twin,100000.0,100000.0,0.008650870277961076,131.96800225639444,99.98583221435547,0.1,99.98583221435547,100.0,100.0,0.00012276394409127533,8.341628927155398e-06
fede_addition_fa3ae563d1ab,B,federated,aggregation,fl,modular,transformer,adamw,ce,0.3,1000,128,1.0,0.001,456,5,5,1.0,iid,0.5,fedavg,1.0,0.0,20000,10000,95.0,1700.0,5300.0,5300.0,True,100.0,100.0,100000.0,K,init_to_end,0.0,100000.0,1.7985838112417696,0.757794688986447,0.8278330564498901,0.0,6.264682769775391,0.8278330564498901,100.0,4.746889114379883,3.4626646083779633e-07
fede_addition_fa3ae563d1ab,B,federated,aggregation,fl,modular,transformer,adamw,ce,0.3,1000,128,1.0,0.001,456,5,5,1.0,iid,0.5,fedavg,1.0,0.0,20000,10000,95.0,1700.0,5300.0,5300.0,True,100.0,100.0,100000.0,K,fed_to_twin,100000.0,100000.0,4.141697087534183,12973834.555335907,7.987471103668213,0.5,7.987471103668213,100.0,100.0,3.4626646083779633e-07,2.922027704244101e-07
fede_addition_fa7ecb9f1f94,A,federated,boundary,,modular,groknet,gd,mse,0.25,1000,256,0.0,50.0,42,97,5,1.0,iid,0.5,fedavg,1.0,0.0,20000,10000,95.0,3000.0,95600.0,95600.0,True,100.0,96.96755409240723,100000.0,K,memo_to_end,5000.0,100000.0,0.0034786065807566047,0.7315702689931289,0.1983845829963684,0.0,13.830240249633789,0.1983845829963684,96.9675521850586,0.006610590033233166,0.002899382496252656
fede_addition_fa7ecb9f1f94,A,federated,boundary,,modular,groknet,gd,mse,0.25,1000,256,0.0,50.0,42,97,5,1.0,iid,0.5,fedavg,1.0,0.0,20000,10000,95.0,3000.0,95600.0,95600.0,True,100.0,96.96755409240723,100000.0,K,init_to_end,0.0,100000.0,0.001696983445435762,0.2569023345016824,0.906900942325592,0.0,64.43247985839844,0.906900942325592,96.9675521850586,0.010311734862625599,0.002899382496252656
fede_addition_fa7ecb9f1f94,A,federated,boundary,,modular,groknet,gd,mse,0.25,1000,256,0.0,50.0,42,97,5,1.0,iid,0.5,fedavg,1.0,0.0,20000,10000,95.0,3000.0,95600.0,95600.0,True,100.0,96.96755409240723,100000.0,K,fed_to_twin,100000.0,100000.0,0.012884090978332097,8.861976187328539,88.21028900146484,0.30000000000000004,95.93311309814453,96.9675521850586,100.0,0.002899382496252656,8.341628927155398e-06
fede_addition_ff77758b0a12,A,federated,dirichlet_setups,,modular,groknet,gd,mse,0.3,1000,256,0.0,50.0,456,10,5,1.0,dirichlet,1000.0,fedavg,1.0,0.0,10000,10000,95.0,3900.0,13600.0,13600.0,True,100.0,100.0,50000.0,dirichlet,memo_to_end,5000.0,50000.0,0.0030904952673154185,0.8725007937273552,0.18217700719833374,0.0,99.04357147216797,0.18217700719833374,100.0,0.007050262298434973,3.396109605091624e-05
fede_addition_ff77758b0a12,A,federated,dirichlet_setups,,modular,groknet,gd,mse,0.3,1000,256,0.0,50.0,456,10,5,1.0,dirichlet,1000.0,fedavg,1.0,0.0,10000,10000,95.0,3900.0,13600.0,13600.0,True,100.0,100.0,50000.0,dirichlet,init_to_end,0.0,50000.0,0.0026227444599499,0.5072141428804063,0.8957036733627319,0.0,100.0,0.8957036733627319,100.0,0.010307802818715572,3.396109605091624e-05
fede_addition_ff77758b0a12,A,federated,dirichlet_setups,,modular,groknet,gd,mse,0.3,1000,256,0.0,50.0,456,10,5,1.0,dirichlet,1000.0,fedavg,1.0,0.0,10000,10000,95.0,3900.0,13600.0,13600.0,True,100.0,100.0,50000.0,dirichlet,fed_to_twin,50000.0,50000.0,0.0003439016054471722,10.183743836341248,100.0,0.0,100.0,100.0,100.0,3.396109605091624e-05,3.35782315232791e-05
fede_ae96d9a836df,C,federated,dirichlet_setups,,s5,transformer,adamw,ce,0.4,1000,256,1.0,0.001,456,10,5,1.0,dirichlet,1.0,fedavg,1.0,0.0,40000,10000,85.0,4100.0,17900.0,17900.0,True,100.0,100.0,200000.0,dirichlet,init_to_end,0.0,200000.0,2.555017071441009,1.0655298944543425,0.6712962985038757,0.1,1.8749998807907104,0.7754629254341125,100.0,4.795767784118652,1.8961695502639486e-07
fede_ae96d9a836df,C,federated,dirichlet_setups,,s5,transformer,adamw,ce,0.4,1000,256,1.0,0.001,456,10,5,1.0,dirichlet,1.0,fedavg,1.0,0.0,40000,10000,85.0,4100.0,17900.0,17900.0,True,100.0,100.0,200000.0,dirichlet,fed_to_twin,100000.0,100000.0,4.462730404729502,623674.622960475,10.8449068069458,0.5,10.8449068069458,100.0,100.0,7.967977211364996e-08,1.4231405657483265e-05
fede_aeb421505566,E,federated,aggregation_alpha2,fl,mnist,mlp,adamw,mse,0.5,4000,200,0.1,0.001,42,2,5,1.0,iid,0.5,fedavg,1.0,0.0,8000,10000,90.0,200.0,200.0,inf,False,100.0,89.4599974155426,40000.0,K,init_to_end,0.0,40000.0,0.0,0.0,10.480000495910645,0.0,11.09999942779541,10.480000495910645,89.45999908447266,847.71337890625,0.00018378565437160432
fede_af1a1b80e851,C,federated,partitions,,s5,transformer,adamw,ce,0.4,1000,256,1.0,0.001,123,50,5,1.0,target,0.5,fedavg,1.0,0.0,40000,10000,85.0,inf,inf,inf,False,1.3888888992369175,0.7754629477858543,200000.0,partition,init_to_end,0.0,200000.0,0.0,0.0,0.7754629254341125,0.6000000000000001,0.8101851940155029,1.064814805984497,0.7754629254341125,4.798606872558594,5.372883319854736
fede_af1a1b80e851,C,federated,partitions,,s5,transformer,adamw,ce,0.4,1000,256,1.0,0.001,123,50,5,1.0,target,0.5,fedavg,1.0,0.0,40000,10000,85.0,inf,inf,inf,False,1.3888888992369175,0.7754629477858543,200000.0,partition,fed_to_twin,100000.0,100000.0,1.9108870379945078,0.7096113456432999,0.7060185074806213,0.1,14.606481552124023,0.8564814925193787,100.0,5.385724067687988,4.471537067729514e-06
fede_b24ffadb6f34,C,federated,setup_k_ladder,,s5,transformer,adamw,ce,0.5,1000,256,1.0,0.001,123,20,5,1.0,iid,0.5,fedavg,1.0,0.0,40000,10000,85.0,5700.0,5600.0,5600.0,True,100.0,100.0,200000.0,K,init_to_end,0.0,200000.0,2.4007900378307574,1.000988861052383,0.7916666269302368,0.2,2.9166667461395264,1.0,100.0,4.7968363761901855,2.945130290754605e-07
fede_b24ffadb6f34,C,federated,setup_k_ladder,,s5,transformer,adamw,ce,0.5,1000,256,1.0,0.001,123,20,5,1.0,iid,0.5,fedavg,1.0,0.0,40000,10000,85.0,5700.0,5600.0,5600.0,True,100.0,100.0,200000.0,K,fed_to_twin,100000.0,100000.0,4.645062927132102,9817596.806985267,2.1388890743255615,0.5,2.1388890743255615,100.0,100.0,5.304974592945655e-07,4.157754460720753e-07
fede_b700149cffa0,C,federated,e50_long,,s5,transformer,adamw,ce,0.5,1000,256,1.0,0.001,42,10,50,1.0,iid,0.5,fedavg,1.0,0.0,20000,10000,85.0,75500.0,70000.0,70000.0,True,99.31944608688354,98.3055591583252,1000000.0,E,memo_to_end,100000.0,1000000.0,3.8170879874378443,92.28129034355638,11.472222328186035,0.5,11.472222328186035,98.41667175292969,98.30555725097656,0.04056866466999054,0.042158570140600204
fede_b700149cffa0,C,federated,e50_long,,s5,transformer,adamw,ce,0.5,1000,256,1.0,0.001,42,10,50,1.0,iid,0.5,fedavg,1.0,0.0,20000,10000,85.0,75500.0,70000.0,70000.0,True,99.31944608688354,98.3055591583252,1000000.0,E,init_to_end,0.0,1000000.0,2.2388415537774566,0.9255719757135737,0.8055555820465088,0.2,2.972222328186035,0.9166667461395264,98.30555725097656,4.795588493347168,0.042158570140600204
fede_b700149cffa0,C,federated,e50_long,,s5,transformer,adamw,ce,0.5,1000,256,1.0,0.001,42,10,50,1.0,iid,0.5,fedavg,1.0,0.0,20000,10000,85.0,75500.0,70000.0,70000.0,True,99.31944608688354,98.3055591583252,1000000.0,E,fed_to_twin,100000.0,100000.0,4.535006484911065,223.56793605029878,4.555555820465088,0.5,4.555555820465088,98.41667175292969,100.0,0.04056866466999054,7.171924494286941e-07
fede_b73c1e0e9a97,E,federated,aggregation_alpha2,fl,mnist,mlp,adamw,mse,0.5,4000,200,0.1,0.001,456,10,5,1.0,iid,0.5,fedavg,1.0,0.0,8000,10000,90.0,4600.0,inf,inf,False,99.72500205039978,77.17999815940857,23062.0,K,memo_to_end,4000.0,23062.0,0.008921677363105118,0.9229287997838537,77.18000030517578,1.0,84.97999572753906,88.0,77.18000030517578,0.002290960168465972,0.01704244315624237
fede_b73c1e0e9a97,E,federated,aggregation_alpha2,fl,mnist,mlp,adamw,mse,0.5,4000,200,0.1,0.001,456,10,5,1.0,iid,0.5,fedavg,1.0,0.0,8000,10000,90.0,4600.0,inf,inf,False,99.72500205039978,77.17999815940857,23062.0,K,init_to_end,0.0,23062.0,0.0,0.0,9.559999465942383,0.0,16.139999389648438,9.559999465942383,77.18000030517578,769.6767578125,0.01704244315624237
fede_b85d46f09722,D,federated,local_epochs,,s5,groknet,adamw,ce,0.3,1000,256,1.0,0.001,123,10,10,1.0,iid,0.5,fedavg,1.0,0.0,25000,10000,85.0,2900.0,89800.0,137500.0,True,100.0,88.33333253860474,250000.0,E,init_to_end,0.0,250000.0,1.051909191865707,0.43935996841752306,0.8730159401893616,0.0,85.83333587646484,0.8730159401893616,88.33333587646484,4.787496566772461,0.0008740972843952477
fede_b85d46f09722,D,federated,local_epochs,,s5,groknet,adamw,ce,0.3,1000,256,1.0,0.001,123,10,10,1.0,iid,0.5,fedavg,1.0,0.0,25000,10000,85.0,2900.0,89800.0,137500.0,True,100.0,88.33333253860474,250000.0,E,fed_to_twin,250000.0,250000.0,1.4317592281415727,3252.150375106054,50.119049072265625,0.5,50.119049072265625,88.33333587646484,97.62896728515625,0.0008740972843952477,6.402731287380448e-06
fede_b9f83e2fad08,D,federated,participation_setups,,s5,groknet,adamw,ce,0.3,1000,256,1.0,0.001,123,20,5,0.5,iid,0.5,fedavg,1.0,0.0,100000,10000,85.0,7400.0,85400.0,97700.0,True,100.0,89.02778029441833,250000.0,f,init_to_end,0.0,250000.0,1.3673047497868538,0.5523201699608392,0.8730159401893616,0.0,85.79364776611328,0.8730159401893616,89.02777862548828,4.787496566772461,0.16363440454006195
fede_b9f83e2fad08,D,federated,participation_setups,,s5,groknet,adamw,ce,0.3,1000,256,1.0,0.001,123,20,5,0.5,iid,0.5,fedavg,1.0,0.0,100000,10000,85.0,7400.0,85400.0,97700.0,True,100.0,89.02778029441833,250000.0,f,fed_to_twin,250000.0,250000.0,2.2157341946362066,27.080460327503445,52.53968048095703,0.4,59.365081787109375,89.02777862548828,97.62896728515625,0.16363440454006195,6.402731287380448e-06
fede_bd59fe00cbfd,D,federated,dirichlet_setups,,s5,groknet,adamw,ce,0.3,1000,256,1.0,0.001,42,10,5,1.0,dirichlet,0.1,fedavg,1.0,0.0,50000,10000,85.0,inf,inf,inf,False,63.54166269302368,17.331349849700928,250000.0,dirichlet,init_to_end,0.0,250000.0,0.7589731216430664,0.20661124519438773,0.7440476417541504,0.0,16.11111068725586,0.7440476417541504,17.331350326538086,4.787502765655518,2.55936861038208
fede_bd59fe00cbfd,D,federated,dirichlet_setups,,s5,groknet,adamw,ce,0.3,1000,256,1.0,0.001,42,10,5,1.0,dirichlet,0.1,fedavg,1.0,0.0,50000,10000,85.0,inf,inf,inf,False,63.54166269302368,17.331349849700928,250000.0,dirichlet,fed_to_twin,250000.0,250000.0,1.7115387791543526,1.3374661958830985,12.609127044677734,0.2,42.55952453613281,17.331350326538086,97.55952453613281,2.55936861038208,6.399502581189154e-06
fede_bdf2bf187c77,E,federated,aggregation_alpha2,fl,mnist,mlp,adamw,mse,0.5,4000,200,0.1,0.001,123,20,5,1.0,iid,0.5,fedavg,1.0,0.0,8000,10000,90.0,2466.5,1261.0,inf,False,99.02500510215759,77.19999551773071,11847.5,K,memo_to_end,2348.25,11847.5,0.016053922357968986,2.3733850669310863,76.63999938964844,0.9,81.33999633789062,92.79999542236328,77.19999694824219,0.003639491507783532,0.009888799861073494
fede_bdf2bf187c77,E,federated,aggregation_alpha2,fl,mnist,mlp,adamw,mse,0.5,4000,200,0.1,0.001,123,20,5,1.0,iid,0.5,fedavg,1.0,0.0,8000,10000,90.0,2466.5,1261.0,inf,False,99.02500510215759,77.19999551773071,11847.5,K,init_to_end,0.0,11847.5,0.0,0.0,9.179999351501465,0.0,29.440000534057617,9.179999351501465,77.19999694824219,591.37548828125,0.009888799861073494
fede_be57da5b0d37,D,federated,setup_k_ladder,,s5,groknet,adamw,ce,0.3,1000,256,1.0,0.001,123,5,5,1.0,iid,0.5,fedavg,1.0,0.0,20000,10000,85.0,1400.0,27700.0,27700.0,True,100.0,95.27778029441833,100000.0,K,init_to_end,0.0,100000.0,0.918206572617783,0.3835839099894664,0.8730159401893616,0.0,93.78968811035156,0.8730159401893616,95.27777862548828,4.787496566772461,1.6927435353863984e-05
fede_be57da5b0d37,D,federated,setup_k_ladder,,s5,groknet,adamw,ce,0.3,1000,256,1.0,0.001,123,5,5,1.0,iid,0.5,fedavg,1.0,0.0,20000,10000,85.0,1400.0,27700.0,27700.0,True,100.0,95.27778029441833,100000.0,K,fed_to_twin,100000.0,100000.0,1.1698844364270826,100081.08215240281,56.38888931274414,0.5,56.38888931274414,95.27777862548828,97.06349182128906,1.6927435353863984e-05,6.45129739496042e-06
fede_bf4b8b1f93d7,D,federated,dirichlet_setups,,s5,groknet,adamw,ce,0.3,1000,256,1.0,0.001,123,10,5,1.0,dirichlet,10.0,fedavg,1.0,0.0,50000,10000,85.0,2600.0,54700.0,54700.0,True,100.0,92.51984357833862,250000.0,dirichlet,init_to_end,0.0,250000.0,0.9979217492698811,0.4168696726501184,0.8730159401893616,0.0,90.43650817871094,0.8730159401893616,92.51984405517578,4.787496566772461,0.00019519754278007895
fede_bf4b8b1f93d7,D,federated,dirichlet_setups,,s5,groknet,adamw,ce,0.3,1000,256,1.0,0.001,123,10,5,1.0,dirichlet,10.0,fedavg,1.0,0.0,50000,10000,85.0,2600.0,54700.0,54700.0,True,100.0,92.51984357833862,250000.0,dirichlet,fed_to_twin,250000.0,250000.0,1.3007649692492578,12904.396834440775,54.46428680419922,0.5,54.46428680419922,92.51984405517578,97.62896728515625,0.00019519754278007895,6.402731287380448e-06
fede_c0c251f7022a,E,federated,setup_k_ladder,,mnist,mlp,adamw,mse,0.5,2000,200,0.1,0.001,123,5,5,1.0,iid,0.5,fedavg,1.0,0.0,4000,10000,90.0,300.0,2700.0,inf,False,100.0,76.87999606132507,20000.0,K,init_to_end,0.0,20000.0,0.0,0.0,9.4399995803833,0.0,34.79999923706055,9.4399995803833,76.87999725341797,599.0208129882812,0.00017495032807346433
fede_c0c251f7022a,E,federated,setup_k_ladder,,mnist,mlp,adamw,mse,0.5,2000,200,0.1,0.001,123,5,5,1.0,iid,0.5,fedavg,1.0,0.0,4000,10000,90.0,300.0,2700.0,inf,False,100.0,76.87999606132507,20000.0,K,fed_to_twin,20000.0,20000.0,0.03892287742235112,435.6417901117032,73.19999694824219,0.4,74.69999694824219,76.87999725341797,93.57999420166016,0.00017495032807346433,3.7417914882098557e-06
fede_c156d1223279,E,federated,setup_k_ladder,,mnist,mlp,adamw,mse,0.5,2000,200,0.1,0.001,123,20,5,1.0,iid,0.5,fedavg,1.0,0.0,4000,10000,90.0,1300.0,11100.0,11100.0,True,100.0,93.11999678611755,20000.0,K,memo_to_end,2000.0,20000.0,0.025836847233586015,3.5828839487277526,44.560001373291016,0.0,84.27999877929688,44.560001373291016,93.1199951171875,0.014246282167732716,0.0001760924351401627
fede_c156d1223279,E,federated,setup_k_ladder,,mnist,mlp,adamw,mse,0.5,2000,200,0.1,0.001,123,20,5,1.0,iid,0.5,fedavg,1.0,0.0,4000,10000,90.0,1300.0,11100.0,11100.0,True,100.0,93.11999678611755,20000.0,K,init_to_end,0.0,20000.0,0.0,0.0,9.4399995803833,0.0,40.57999801635742,9.4399995803833,93.1199951171875,599.0208129882812,0.0001760924351401627
fede_c156d1223279,E,federated,setup_k_ladder,,mnist,mlp,adamw,mse,0.5,2000,200,0.1,0.001,123,20,5,1.0,iid,0.5,fedavg,1.0,0.0,4000,10000,90.0,1300.0,11100.0,11100.0,True,100.0,93.11999678611755,20000.0,K,fed_to_twin,20000.0,20000.0,0.029597973669638122,329.1695271201331,90.62000274658203,0.5,90.62000274658203,93.1199951171875,93.57999420166016,0.0001760924351401627,3.7417914882098557e-06
fede_c2440b9e3b47,D,federated,partitions,,s5,groknet,adamw,ce,0.3,1000,256,1.0,0.001,456,10,5,1.0,operand,0.5,fedavg,1.0,0.0,50000,10000,85.0,inf,inf,inf,False,98.26388955116272,12.380952388048172,250000.0,partition,init_to_end,0.0,250000.0,0.9115409851074219,0.2617210330672595,0.7440476417541504,0.0,10.267857551574707,0.7440476417541504,12.380952835083008,4.787515163421631,2.178229808807373
fede_c2440b9e3b47,D,federated,partitions,,s5,groknet,adamw,ce,0.3,1000,256,1.0,0.001,456,10,5,1.0,operand,0.5,fedavg,1.0,0.0,50000,10000,85.0,inf,inf,inf,False,98.26388955116272,12.380952388048172,250000.0,partition,fed_to_twin,250000.0,250000.0,1.834576889482105,1.6844608259198675,9.54365062713623,0.2,45.97222137451172,12.380952835083008,95.29762268066406,2.178229808807373,6.5280100898235105e-06
fede_c5082f4bc424,C,federated,dirichlet_setups,,s5,transformer,adamw,ce,0.4,1000,256,1.0,0.001,456,10,5,1.0,dirichlet,0.01,fedavg,1.0,0.0,40000,10000,85.0,inf,inf,inf,False,58.78472328186035,37.06018328666687,200000.0,dirichlet,init_to_end,0.0,200000.0,2.6978986740112307,0.7528588432149405,0.7754629254341125,0.0,0.9259259104728699,0.7754629254341125,37.060184478759766,4.795767784118652,2.371309280395508
fede_c5082f4bc424,C,federated,dirichlet_setups,,s5,transformer,adamw,ce,0.4,1000,256,1.0,0.001,456,10,5,1.0,dirichlet,0.01,fedavg,1.0,0.0,40000,10000,85.0,inf,inf,inf,False,58.78472328186035,37.06018328666687,200000.0,dirichlet,fed_to_twin,100000.0,100000.0,3.7214146028945834,2.786078799938614,0.8333332538604736,0.5,0.8333332538604736,37.46527862548828,100.0,2.6714210510253906,1.4231405657483265e-05
fede_c543a0d9535b,D,federated,participation_setups,,s5,groknet,adamw,ce,0.3,1000,256,1.0,0.001,456,20,5,0.5,iid,0.5,fedavg,1.0,0.0,100000,10000,85.0,7700.0,43000.0,43600.0,True,100.0,92.22222566604614,250000.0,f,init_to_end,0.0,250000.0,1.399864599108696,0.5640551387205034,0.7440476417541504,0.0,89.12698364257812,0.7440476417541504,92.22222900390625,4.787515163421631,0.17605844140052795
fede_c543a0d9535b,D,federated,participation_setups,,s5,groknet,adamw,ce,0.3,1000,256,1.0,0.001,456,20,5,0.5,iid,0.5,fedavg,1.0,0.0,100000,10000,85.0,7700.0,43000.0,43600.0,True,100.0,92.22222566604614,250000.0,f,fed_to_twin,250000.0,250000.0,2.205119960979573,25.048934701335213,53.730159759521484,0.4,58.025794982910156,92.22222900390625,95.29762268066406,0.17605844140052795,6.5280100898235105e-06
fede_c630d7f945b8,E,federated,partitions,,mnist,mlp,adamw,mse,0.5,2000,200,0.1,0.001,123,10,5,1.0,dirichlet,0.5,fedavg,1.0,0.0,8000,10000,90.0,800.0,4000.0,inf,False,100.0,85.45999526977539,40000.0,partition,init_to_end,0.0,40000.0,0.0,0.0,9.4399995803833,0.0,24.260000228881836,9.4399995803833,85.45999145507812,599.0208129882812,0.0002943191793747246
fede_c630d7f945b8,E,federated,partitions,,mnist,mlp,adamw,mse,0.5,2000,200,0.1,0.001,123,10,5,1.0,dirichlet,0.5,fedavg,1.0,0.0,8000,10000,90.0,800.0,4000.0,inf,False,100.0,85.45999526977539,40000.0,partition,fed_to_twin,40000.0,40000.0,0.05232110801966883,351.41523187813624,71.02000427246094,0.5,71.02000427246094,85.45999145507812,93.0999984741211,0.0002943191793747246,3.45452690453385e-06
fede_c91b3d76f234,C,federated,aggregation,fl,s5,transformer,adamw,ce,0.4,1000,256,1.0,0.001,123,20,5,1.0,iid,0.5,fedavg,1.0,0.0,40000,10000,85.0,16600.0,20100.0,20100.0,True,100.0,100.0,200000.0,K,memo_to_end,20000.0,200000.0,4.1816289249765575,15561.561535133684,6.5162034034729,0.5,6.5162034034729,82.65045928955078,100.0,0.0005372801679186523,1.503355093745995e-07
fede_c91b3d76f234,C,federated,aggregation,fl,s5,transformer,adamw,ce,0.4,1000,256,1.0,0.001,123,20,5,1.0,iid,0.5,fedavg,1.0,0.0,40000,10000,85.0,16600.0,20100.0,20100.0,True,100.0,100.0,200000.0,K,init_to_end,0.0,200000.0,2.31403189222057,0.9644598447759312,0.868055522441864,0.30000000000000004,2.685185194015503,1.064814805984497,100.0,4.798606872558594,1.503355093745995e-07
fede_c91b3d76f234,C,federated,aggregation,fl,s5,transformer,adamw,ce,0.4,1000,256,1.0,0.001,123,20,5,1.0,iid,0.5,fedavg,1.0,0.0,40000,10000,85.0,16600.0,20100.0,20100.0,True,100.0,100.0,200000.0,K,fed_to_twin,100000.0,100000.0,4.408585158089551,1918728.2857334078,12.939815521240234,0.5,12.939815521240234,100.0,100.0,1.23782854188903e-07,4.471537067729514e-06
fede_c94df4a4d5fc,E,federated,setup_k_ladder,,mnist,mlp,adamw,mse,0.5,2000,200,0.1,0.001,123,10,5,1.0,iid,0.5,fedavg,1.0,0.0,4000,10000,90.0,600.0,5500.0,5500.0,True,100.0,93.73999834060669,20000.0,K,init_to_end,0.0,20000.0,0.0,0.0,9.4399995803833,0.0,45.57999801635742,9.4399995803833,93.73999786376953,599.0208129882812,3.0669780244352296e-05
fede_c94df4a4d5fc,E,federated,setup_k_ladder,,mnist,mlp,adamw,mse,0.5,2000,200,0.1,0.001,123,10,5,1.0,iid,0.5,fedavg,1.0,0.0,4000,10000,90.0,600.0,5500.0,5500.0,True,100.0,93.73999834060669,20000.0,K,fed_to_twin,20000.0,20000.0,0.03178792207324932,1847.5135236656342,89.45999908447266,0.6000000000000001,89.58000183105469,93.73999786376953,93.57999420166016,3.0669780244352296e-05,3.7417914882098557e-06
fede_c9f7750ffba2,D,federated,partitions,,s5,groknet,adamw,ce,0.3,1000,256,1.0,0.001,42,10,5,1.0,dirichlet,0.5,fedavg,1.0,0.0,50000,10000,85.0,19700.0,inf,inf,False,100.0,76.11111402511597,250000.0,partition,memo_to_end,25000.0,250000.0,1.99114990234375,4.666537777693342,22.71825408935547,0.0,41.07143020629883,22.71825408935547,76.11111450195312,0.6645891666412354,0.18878436088562012
fede_c9f7750ffba2,D,federated,partitions,,s5,groknet,adamw,ce,0.3,1000,256,1.0,0.001,42,10,5,1.0,dirichlet,0.5,fedavg,1.0,0.0,50000,10000,85.0,19700.0,inf,inf,False,100.0,76.11111402511597,250000.0,partition,init_to_end,0.0,250000.0,1.370782494544983,0.5509258045959141,0.7440476417541504,0.0,73.42262268066406,0.7440476417541504,76.11111450195312,4.787502765655518,0.18878436088562012
fede_c9f7750ffba2,D,federated,partitions,,s5,groknet,adamw,ce,0.3,1000,256,1.0,0.001,42,10,5,1.0,dirichlet,0.5,fedavg,1.0,0.0,50000,10000,85.0,19700.0,inf,inf,False,100.0,76.11111402511597,250000.0,partition,fed_to_twin,250000.0,250000.0,2.22402974687011,23.56079018164814,37.867061614990234,0.4,47.08333206176758,76.11111450195312,97.55952453613281,0.18878436088562012,6.399502581189154e-06
fede_cb301c599738,C,federated,aggregation,fl,s5,transformer,adamw,ce,0.4,1000,256,1.0,0.001,123,50,5,1.0,iid,0.5,fedavg,1.0,0.0,40000,10000,85.0,inf,inf,inf,False,27.06597149372101,3.159722313284874,200000.0,K,init_to_end,0.0,200000.0,2.358195400238037,0.6025217003400405,0.7060185074806213,0.30000000000000004,0.8796296119689941,1.064814805984497,3.159722328186035,4.798606872558594,3.0291457176208496
fede_cb301c599738,C,federated,aggregation,fl,s5,transformer,adamw,ce,0.4,1000,256,1.0,0.001,123,50,5,1.0,iid,0.5,fedavg,1.0,0.0,40000,10000,85.0,inf,inf,inf,False,27.06597149372101,3.159722313284874,200000.0,K,fed_to_twin,100000.0,100000.0,3.0944540792720545,1.9343391952545679,1.122685194015503,0.0,2.0717592239379883,1.122685194015503,100.0,3.1994903087615967,4.471537067729514e-06
fede_cb36f950df66,D,federated,setup_k_ladder,,s5,groknet,adamw,ce,0.3,1000,256,1.0,0.001,456,10,5,1.0,iid,0.5,fedavg,1.0,0.0,20000,10000,85.0,3200.0,80700.0,99200.0,True,100.0,85.25793552398682,100000.0,K,init_to_end,0.0,100000.0,1.0551781370886602,0.44067634455192484,0.7440476417541504,0.0,82.93650817871094,0.7440476417541504,85.2579345703125,4.787515163421631,0.001387849566526711
fede_cb36f950df66,D,federated,setup_k_ladder,,s5,groknet,adamw,ce,0.3,1000,256,1.0,0.001,456,10,5,1.0,iid,0.5,fedavg,1.0,0.0,20000,10000,85.0,3200.0,80700.0,99200.0,True,100.0,85.25793552398682,100000.0,K,fed_to_twin,100000.0,100000.0,1.4963109925474782,2146.135149679666,48.1646842956543,0.5,48.1646842956543,85.2579345703125,94.68254089355469,0.001387849566526711,6.574258804903366e-06
fede_cbbc32a1d5c3,D,federated,setup_k_ladder,,s5,groknet,adamw,ce,0.3,1000,256,1.0,0.001,123,10,5,1.0,iid,0.5,fedavg,1.0,0.0,20000,10000,85.0,2900.0,69200.0,69200.0,True,100.0,87.09325790405273,100000.0,K,init_to_end,0.0,100000.0,1.0499995542108085,0.4385452052687062,0.8730159401893616,0.0,84.4047622680664,0.8730159401893616,87.09326171875,4.787496566772461,0.001061336020939052
fede_cbbc32a1d5c3,D,federated,setup_k_ladder,,s5,groknet,adamw,ce,0.3,1000,256,1.0,0.001,123,10,5,1.0,iid,0.5,fedavg,1.0,0.0,20000,10000,85.0,2900.0,69200.0,69200.0,True,100.0,87.09325790405273,100000.0,K,fed_to_twin,100000.0,100000.0,1.5480014533256963,2899.456524246655,48.343257904052734,0.5,48.343257904052734,87.09326171875,97.06349182128906,0.001061336020939052,6.45129739496042e-06
fede_cbd2d9af9c18,C,federated,local_epochs,,s5,transformer,adamw,ce,0.5,1000,256,1.0,0.001,123,10,25,1.0,iid,0.5,fedavg,1.0,0.0,8000,10000,85.0,11000.0,11200.0,11200.0,True,100.0,100.0,200000.0,E,memo_to_end,20000.0,200000.0,3.319048311627604,35663382.274488114,17.08333396911621,0.5,17.08333396911621,100.0,100.0,1.0089738822216532e-07,8.523461048071113e-08
fede_cbd2d9af9c18,C,federated,local_epochs,,s5,transformer,adamw,ce,0.5,1000,256,1.0,0.001,123,10,25,1.0,iid,0.5,fedavg,1.0,0.0,8000,10000,85.0,11000.0,11200.0,11200.0,True,100.0,100.0,200000.0,E,init_to_end,0.0,200000.0,2.175013737976567,0.9068534045167453,0.7777777910232544,0.2,3.6388888359069824,1.0,100.0,4.7968363761901855,8.523461048071113e-08
fede_cbd2d9af9c18,C,federated,local_epochs,,s5,transformer,adamw,ce,0.5,1000,256,1.0,0.001,123,10,25,1.0,iid,0.5,fedavg,1.0,0.0,8000,10000,85.0,11000.0,11200.0,11200.0,True,100.0,100.0,200000.0,E,fed_to_twin,100000.0,100000.0,4.539795151220467,18343222.474623084,5.06944465637207,0.5,5.06944465637207,100.0,100.0,7.920793620996847e-08,4.157754460720753e-07
fede_cd6eb98bd5b6,E,federated,aggregation_alpha2,fl,mnist,mlp,adamw,mse,0.5,4000,200,0.1,0.001,123,2,5,1.0,iid,0.5,fedavg,1.0,0.0,8000,10000,90.0,600.0,1300.0,inf,False,100.0,87.89999485015869,40000.0,K,init_to_end,0.0,40000.0,0.0,0.0,9.179999351501465,0.0,14.119998931884766,9.179999351501465,87.89999389648438,591.37548828125,0.00016107503324747086
fede_ce602c04e4d0,E,federated,local_epochs,,mnist,mlp,adamw,mse,0.5,2000,200,0.1,0.001,456,10,50,1.0,iid,0.5,fedavg,1.0,0.0,400,10000,90.0,1900.0,4900.0,4900.0,True,100.0,94.25999522209167,20000.0,E,memo_to_end,2000.0,20000.0,0.01428509831603151,1.229660252195445,61.41999816894531,0.0,89.72000122070312,61.41999816894531,94.25999450683594,0.022864533588290215,0.00036968625499866903
fede_ce602c04e4d0,E,federated,local_epochs,,mnist,mlp,adamw,mse,0.5,2000,200,0.1,0.001,456,10,50,1.0,iid,0.5,fedavg,1.0,0.0,400,10000,90.0,1900.0,4900.0,4900.0,True,100.0,94.25999522209167,20000.0,E,init_to_end,0.0,20000.0,0.0,0.0,9.899999618530273,0.0,22.760000228881836,9.899999618530273,94.25999450683594,770.26806640625,0.00036968625499866903
fede_ce602c04e4d0,E,federated,local_epochs,,mnist,mlp,adamw,mse,0.5,2000,200,0.1,0.001,456,10,50,1.0,iid,0.5,fedavg,1.0,0.0,400,10000,90.0,1900.0,4900.0,4900.0,True,100.0,94.25999522209167,20000.0,E,fed_to_twin,20000.0,20000.0,0.031816097404743005,171.8825961438011,89.47999572753906,0.4,90.34000396728516,94.25999450683594,94.33999633789062,0.00036968625499866903,5.210623044149543e-07
fede_ce9fbd43e700,C,federated,partitions,,s5,transformer,adamw,ce,0.4,1000,256,1.0,0.001,42,10,5,1.0,target,0.5,fedavg,1.0,0.0,40000,10000,85.0,inf,inf,inf,False,54.809027910232544,35.76388955116272,200000.0,partition,init_to_end,0.0,200000.0,1.541918468475342,0.4038189900065135,0.7523148059844971,0.30000000000000004,1.064814805984497,0.9259259104728699,35.76388931274414,4.797294616699219,2.8393867015838623
fede_ce9fbd43e700,C,federated,partitions,,s5,transformer,adamw,ce,0.4,1000,256,1.0,0.001,42,10,5,1.0,target,0.5,fedavg,1.0,0.0,40000,10000,85.0,inf,inf,inf,False,54.809027910232544,35.76388955116272,200000.0,partition,fed_to_twin,100000.0,100000.0,3.3815682514059517,2.739193183744226,2.627314805984497,0.4,3.9236109256744385,38.206016540527344,100.0,2.4690165519714355,8.46712828206364e-06
fede_d244ccbf78b4,D,federated,setup_k_ladder,,s5,groknet,adamw,ce,0.3,1000,256,1.0,0.001,123,50,5,1.0,iid,0.5,fedavg,1.0,0.0,20000,10000,85.0,inf,inf,inf,False,69.09722089767456,20.942460000514984,100000.0,K,init_to_end,0.0,100000.0,0.4288480281829834,0.10282907894685316,0.8730159401893616,0.0,15.208333969116211,0.8730159401893616,20.942459106445312,4.787496566772461,3.5534908771514893
fede_d244ccbf78b4,D,federated,setup_k_ladder,,s5,groknet,adamw,ce,0.3,1000,256,1.0,0.001,123,50,5,1.0,iid,0.5,fedavg,1.0,0.0,20000,10000,85.0,inf,inf,inf,False,69.09722089767456,20.942460000514984,100000.0,K,fed_to_twin,100000.0,100000.0,1.3564677673314236,0.7634550652236045,16.498016357421875,0.2,56.07143020629883,20.942459106445312,97.06349182128906,3.5534908771514893,6.45129739496042e-06
fede_d2acb7017bf8,E,federated,dirichlet_setups,,mnist,mlp,adamw,mse,0.5,2000,200,0.1,0.001,42,10,5,1.0,dirichlet,10.0,fedavg,1.0,0.0,8000,10000,90.0,500.0,3700.0,3700.0,True,100.0,91.47999882698059,40000.0,dirichlet,init_to_end,0.0,40000.0,0.0,0.0,10.119999885559082,0.0,35.599998474121094,10.119999885559082,91.47999572753906,838.573974609375,2.5454746719333343e-05
fede_d2acb7017bf8,E,federated,dirichlet_setups,,mnist,mlp,adamw,mse,0.5,2000,200,0.1,0.001,42,10,5,1.0,dirichlet,10.0,fedavg,1.0,0.0,8000,10000,90.0,500.0,3700.0,3700.0,True,100.0,91.47999882698059,40000.0,dirichlet,fed_to_twin,40000.0,40000.0,0.05427870791913847,3327.8595645898486,82.0,0.5,82.0,91.47999572753906,95.13999938964844,2.5454746719333343e-05,7.166045634221518e-06
fede_d3d81c90ec2a,D,federated,partitions,,s5,groknet,adamw,ce,0.3,1000,256,1.0,0.001,123,10,5,1.0,dirichlet,0.5,fedavg,1.0,0.0,50000,10000,85.0,19100.0,inf,inf,False,100.0,69.9404776096344,250000.0,partition,memo_to_end,25000.0,250000.0,1.9936163648962975,4.627805422203923,21.478174209594727,0.0,33.144840240478516,21.478174209594727,69.94047546386719,0.6576270461082458,0.20395471155643463
fede_d3d81c90ec2a,D,federated,partitions,,s5,groknet,adamw,ce,0.3,1000,256,1.0,0.001,123,10,5,1.0,dirichlet,0.5,fedavg,1.0,0.0,50000,10000,85.0,19100.0,inf,inf,False,100.0,69.9404776096344,250000.0,partition,init_to_end,0.0,250000.0,1.3757822439074516,0.5512554033655936,0.8730159401893616,0.0,66.2797622680664,0.8730159401893616,69.94047546386719,4.787496566772461,0.20395471155643463
fede_d3d81c90ec2a,D,federated,partitions,,s5,groknet,adamw,ce,0.3,1000,256,1.0,0.001,123,10,5,1.0,dirichlet,0.5,fedavg,1.0,0.0,50000,10000,85.0,19100.0,inf,inf,False,100.0,69.9404776096344,250000.0,partition,fed_to_twin,250000.0,250000.0,2.2467425872086095,22.031087592894742,34.83135223388672,0.4,45.04960632324219,69.94047546386719,97.62896728515625,0.20395471155643463,6.402731287380448e-06
fede_d7b2acf537e2,D,federated,participation_setups,,s5,groknet,adamw,ce,0.3,1000,256,1.0,0.001,456,20,5,0.25,iid,0.5,fedavg,1.0,0.0,200000,10000,85.0,3700.0,23300.0,23600.0,True,100.0,94.36507821083069,250000.0,f,init_to_end,0.0,250000.0,1.3465014934539798,0.5481119770294473,0.7440476417541504,0.0,91.5873031616211,0.7440476417541504,94.36508178710938,4.787515163421631,0.12571990489959717
fede_d7b2acf537e2,D,federated,participation_setups,,s5,groknet,adamw,ce,0.3,1000,256,1.0,0.001,456,20,5,0.25,iid,0.5,fedavg,1.0,0.0,200000,10000,85.0,3700.0,23300.0,23600.0,True,100.0,94.36507821083069,250000.0,f,fed_to_twin,250000.0,250000.0,2.1452165956059615,34.12514848245053,53.650794982910156,0.4,56.617061614990234,94.36508178710938,95.29762268066406,0.12571990489959717,6.5280100898235105e-06
fede_d8321d2d0c1d,C,federated,local_epochs,,s5,transformer,adamw,ce,0.5,1000,256,1.0,0.001,42,10,10,1.0,iid,0.5,fedavg,1.0,0.0,20000,10000,85.0,6400.0,9100.0,9100.0,True,100.0,100.0,200000.0,E,init_to_end,0.0,200000.0,2.1292246313064425,0.887992998018311,0.819444477558136,0.2,4.263888835906982,0.9166667461395264,100.0,4.795588493347168,2.9183047445258126e-07
fede_d8321d2d0c1d,C,federated,local_epochs,,s5,transformer,adamw,ce,0.5,1000,256,1.0,0.001,42,10,10,1.0,iid,0.5,fedavg,1.0,0.0,20000,10000,85.0,6400.0,9100.0,9100.0,True,100.0,100.0,200000.0,E,fed_to_twin,100000.0,100000.0,4.4414014625074145,8955193.816607347,4.958333492279053,0.5,4.958333492279053,100.0,100.0,2.7472387387206254e-07,7.171924494286941e-07
fede_d876181192b9,C,federated,dirichlet_setups,,s5,transformer,adamw,ce,0.4,1000,256,1.0,0.001,456,10,5,1.0,dirichlet,0.1,fedavg,1.0,0.0,40000,10000,85.0,inf,35100.0,199600.0,True,97.01389074325562,85.1736068725586,200000.0,dirichlet,init_to_end,0.0,200000.0,3.6368435978889466,1.385467971408676,0.7291666865348816,0.2,1.0763888359069824,0.7754629254341125,85.1736068725586,4.795767784118652,0.4542180299758911
fede_d876181192b9,C,federated,dirichlet_setups,,s5,transformer,adamw,ce,0.4,1000,256,1.0,0.001,456,10,5,1.0,dirichlet,0.1,fedavg,1.0,0.0,40000,10000,85.0,inf,35100.0,199600.0,True,97.01389074325562,85.1736068725586,200000.0,dirichlet,fed_to_twin,100000.0,100000.0,4.682077951330939,17.38928128542828,1.2615740299224854,0.5,1.2615740299224854,81.7476806640625,100.0,0.5384873747825623,1.4231405657483265e-05
fede_d897f477f2bd,D,federated,partitions,,s5,groknet,adamw,ce,0.3,1000,256,1.0,0.001,123,5,5,1.0,coset,0.5,fedavg,1.0,0.0,50000,10000,85.0,3700.0,inf,inf,False,100.0,66.33928418159485,250000.0,partition,init_to_end,0.0,250000.0,1.308984822034836,0.5403648625619626,0.8730159401893616,0.0,59.21627426147461,0.8730159401893616,66.33928680419922,4.787496566772461,0.05732186138629913
fede_d897f477f2bd,D,federated,partitions,,s5,groknet,adamw,ce,0.3,1000,256,1.0,0.001,123,5,5,1.0,coset,0.5,fedavg,1.0,0.0,50000,10000,85.0,3700.0,inf,inf,False,100.0,66.33928418159485,250000.0,partition,fed_to_twin,250000.0,250000.0,2.061390416741233,71.91532653118875,33.144840240478516,0.4,43.44245910644531,66.33928680419922,97.62896728515625,0.05732186138629913,6.402731287380448e-06
fede_db3c21bfbc48,C,federated,dirichlet_setups,,s5,transformer,adamw,ce,0.4,1000,256,1.0,0.001,42,10,5,1.0,dirichlet,10.0,fedavg,1.0,0.0,40000,10000,85.0,2800.0,10600.0,10600.0,True,100.0,100.0,200000.0,dirichlet,init_to_end,0.0,200000.0,2.3339045523727937,0.9730086387348696,0.7870370745658875,0.30000000000000004,3.1134259700775146,0.9259259104728699,100.0,4.797294616699219,1.4487239186067313e-10
fede_db3c21bfbc48,C,federated,dirichlet_setups,,s5,transformer,adamw,ce,0.4,1000,256,1.0,0.001,42,10,5,1.0,dirichlet,10.0,fedavg,1.0,0.0,40000,10000,85.0,2800.0,10600.0,10600.0,True,100.0,100.0,200000.0,dirichlet,fed_to_twin,100000.0,100000.0,4.343319458163252,1022097.6517944862,14.016203880310059,0.6000000000000001,14.733796119689941,100.0,100.0,3.170634599314326e-08,8.46712828206364e-06
fede_dc46808db99e,C,federated,partitions,,s5,transformer,adamw,ce,0.4,1000,256,1.0,0.001,456,10,5,1.0,operand,0.5,fedavg,1.0,0.0,40000,10000,85.0,5500.0,11400.0,11400.0,True,100.0,100.0,200000.0,partition,init_to_end,0.0,200000.0,2.1924628266651354,0.9143323192343761,0.7523148059844971,0.1,5.173610687255859,0.7754629254341125,100.0,4.795767784118652,1.8895488551606832e-07
fede_dc46808db99e,C,federated,partitions,,s5,transformer,adamw,ce,0.4,1000,256,1.0,0.001,456,10,5,1.0,operand,0.5,fedavg,1.0,0.0,40000,10000,85.0,5500.0,11400.0,11400.0,True,100.0,100.0,200000.0,partition,fed_to_twin,100000.0,100000.0,4.413006810466284,619402.1658671934,13.645833969116211,0.5,13.645833969116211,100.0,100.0,1.783999792337454e-08,1.4231405657483265e-05
fede_dcf8f36c87b1,C,federated,participation_setups,,s5,transformer,adamw,ce,0.5,1000,256,1.0,0.001,42,20,5,0.25,iid,0.5,fedavg,1.0,0.0,160000,10000,85.0,1500.0,1500.0,1500.0,True,100.0,100.0,200000.0,f,init_to_end,0.0,200000.0,2.215620438332863,0.9240243895159072,0.7916666269302368,0.1,3.0,0.9166667461395264,100.0,4.795588493347168,1.5879570014476485e-07
fede_dcf8f36c87b1,C,federated,participation_setups,,s5,transformer,adamw,ce,0.5,1000,256,1.0,0.001,42,20,5,0.25,iid,0.5,fedavg,1.0,0.0,160000,10000,85.0,1500.0,1500.0,1500.0,True,100.0,100.0,200000.0,f,fed_to_twin,100000.0,100000.0,4.388529416887167,5240179.991484553,6.402777671813965,0.5,6.402777671813965,100.0,100.0,9.577612445355044e-07,7.171924494286941e-07
fede_ded26cb744d1,D,federated,dirichlet_setups,,s5,groknet,adamw,ce,0.3,1000,256,1.0,0.001,456,10,5,1.0,dirichlet,1000.0,fedavg,1.0,0.0,50000,10000,85.0,2400.0,57000.0,57000.0,True,100.0,90.51587581634521,250000.0,dirichlet,init_to_end,0.0,250000.0,0.9867458551212627,0.4122066965757741,0.7440476417541504,0.0,87.9761962890625,0.7440476417541504,90.51587677001953,4.787515163421631,0.00011135171371279284
fede_ded26cb744d1,D,federated,dirichlet_setups,,s5,groknet,adamw,ce,0.3,1000,256,1.0,0.001,456,10,5,1.0,dirichlet,1000.0,fedavg,1.0,0.0,50000,10000,85.0,2400.0,57000.0,57000.0,True,100.0,90.51587581634521,250000.0,dirichlet,fed_to_twin,250000.0,250000.0,1.355583021235816,22999.426491797203,49.65277862548828,0.5,49.65277862548828,90.51587677001953,95.29762268066406,0.00011135171371279284,6.5280100898235105e-06
fede_df23fda3c551,E,federated,aggregation,fl,mnist,mlp,adamw,mse,0.5,2000,200,0.1,0.001,42,20,5,1.0,iid,0.5,fedavg,1.0,0.0,8000,10000,90.0,1200.0,10700.0,10700.0,True,100.0,93.87999773025513,40000.0,K,init_to_end,0.0,40000.0,0.0,0.0,10.119999885559082,0.0,31.459999084472656,10.119999885559082,93.87999725341797,838.573974609375,7.916232425486669e-05
fede_df23fda3c551,E,federated,aggregation,fl,mnist,mlp,adamw,mse,0.5,2000,200,0.1,0.001,42,20,5,1.0,iid,0.5,fedavg,1.0,0.0,8000,10000,90.0,1200.0,10700.0,10700.0,True,100.0,93.87999773025513,40000.0,K,fed_to_twin,40000.0,40000.0,0.04302602336679229,996.799161667727,88.36000061035156,0.5,88.36000061035156,93.87999725341797,95.13999938964844,7.916232425486669e-05,7.166045634221518e-06
fede_df9ce8f9b827,C,federated,partitions,,s5,transformer,adamw,ce,0.4,1000,256,1.0,0.001,456,50,5,1.0,operand,0.5,fedavg,1.0,0.0,40000,10000,85.0,inf,inf,inf,False,12.309028208255768,0.12731481110677123,200000.0,partition,init_to_end,0.0,200000.0,0.9435205459594727,0.21460250840798245,0.12731480598449707,1.0,0.7754629254341125,0.7754629254341125,0.12731480598449707,4.795767784118652,3.997424364089966
fede_df9ce8f9b827,C,federated,partitions,,s5,transformer,adamw,ce,0.4,1000,256,1.0,0.001,456,50,5,1.0,operand,0.5,fedavg,1.0,0.0,40000,10000,85.0,inf,inf,inf,False,12.309028208255768,0.12731481110677123,200000.0,partition,fed_to_twin,100000.0,100000.0,2.814979311345815,1.4003887493756384,0.11574073880910873,0.0,1.1805555820465088,0.11574073880910873,100.0,4.020268440246582,1.4231405657483265e-05
fede_dfd6e5281a1a,E,federated,setup_k_ladder,,mnist,mlp,adamw,mse,0.5,2000,200,0.1,0.001,456,20,5,1.0,iid,0.5,fedavg,1.0,0.0,4000,10000,90.0,1400.0,11900.0,11900.0,True,100.0,92.96000003814697,20000.0,K,memo_to_end,2000.0,20000.0,0.022927913098828866,3.417476885277048,47.540000915527344,0.0,84.13999938964844,47.540000915527344,92.95999908447266,0.013206453993916512,0.00021158151503186673
fede_dfd6e5281a1a,E,federated,setup_k_ladder,,mnist,mlp,adamw,mse,0.5,2000,200,0.1,0.001,456,20,5,1.0,iid,0.5,fedavg,1.0,0.0,4000,10000,90.0,1400.0,11900.0,11900.0,True,100.0,92.96000003814697,20000.0,K,init_to_end,0.0,20000.0,0.0,0.0,9.899999618530273,0.0,17.15999984741211,9.899999618530273,92.95999908447266,770.26806640625,0.00021158151503186673
fede_dfd6e5281a1a,E,federated,setup_k_ladder,,mnist,mlp,adamw,mse,0.5,2000,200,0.1,0.001,456,20,5,1.0,iid,0.5,fedavg,1.0,0.0,4000,10000,90.0,1400.0,11900.0,11900.0,True,100.0,92.96000003814697,20000.0,K,fed_to_twin,20000.0,20000.0,0.04061759290831901,382.99952238601185,86.95999908447266,0.4,88.23999786376953,92.95999908447266,94.33999633789062,0.00021158151503186673,5.210623044149543e-07
fede_e04e41e4b702,C,federated,partitions,,s5,transformer,adamw,ce,0.4,1000,256,1.0,0.001,123,10,5,1.0,target,0.5,fedavg,1.0,0.0,40000,10000,85.0,inf,inf,inf,False,21.197916567325592,12.06018477678299,200000.0,partition,init_to_end,0.0,200000.0,0.821377468109131,0.19251069979856578,0.8796296119689941,0.2,0.8912037014961243,1.064814805984497,12.060184478759766,4.798606872558594,3.734710693359375
fede_e04e41e4b702,C,federated,partitions,,s5,transformer,adamw,ce,0.4,1000,256,1.0,0.001,123,10,5,1.0,target,0.5,fedavg,1.0,0.0,40000,10000,85.0,inf,inf,inf,False,21.197916567325592,12.06018477678299,200000.0,partition,fed_to_twin,100000.0,100000.0,3.0613745743053187,1.8940955188549748,1.3078703880310059,0.4,3.0787036418914795,10.856481552124023,100.0,3.2325406074523926,4.471537067729514e-06
fede_e2b42c17f549,D,federated,local_epochs,,s5,groknet,adamw,ce,0.3,1000,256,1.0,0.001,123,10,50,1.0,iid,0.5,fedavg,1.0,0.0,5000,10000,85.0,2500.0,inf,inf,False,100.0,80.39682507514954,250000.0,E,init_to_end,0.0,250000.0,1.3307750016450886,0.5481365991929402,0.8730159401893616,0.0,76.11111450195312,0.8730159401893616,80.3968276977539,4.787496566772461,0.06813614815473557
fede_e2b42c17f549,D,federated,local_epochs,,s5,groknet,adamw,ce,0.3,1000,256,1.0,0.001,123,10,50,1.0,iid,0.5,fedavg,1.0,0.0,5000,10000,85.0,2500.0,inf,inf,False,100.0,80.39682507514954,250000.0,E,fed_to_twin,250000.0,250000.0,2.0702383581994583,60.76198590399689,47.08333206176758,0.4,55.27777862548828,80.3968276977539,97.62896728515625,0.06813614815473557,6.402731287380448e-06
fede_e5ca9ae4d7c8,D,federated,dirichlet_setups,,s5,groknet,adamw,ce,0.3,1000,256,1.0,0.001,42,10,5,1.0,dirichlet,10.0,fedavg,1.0,0.0,50000,10000,85.0,2500.0,65900.0,82600.0,True,100.0,88.65079283714294,250000.0,dirichlet,init_to_end,0.0,250000.0,1.0067074604361554,0.42053353805550936,0.7440476417541504,0.0,86.25991821289062,0.7440476417541504,88.65079498291016,4.787502765655518,0.00026025125407613814
fede_e5ca9ae4d7c8,D,federated,dirichlet_setups,,s5,groknet,adamw,ce,0.3,1000,256,1.0,0.001,42,10,5,1.0,dirichlet,10.0,fedavg,1.0,0.0,50000,10000,85.0,2500.0,65900.0,82600.0,True,100.0,88.65079283714294,250000.0,dirichlet,fed_to_twin,250000.0,250000.0,1.3948193294602333,10461.76914661986,50.81349182128906,0.5,50.81349182128906,88.65079498291016,97.55952453613281,0.00026025125407613814,6.399502581189154e-06
fede_e63d40918dae,D,federated,dirichlet_setups,,s5,groknet,adamw,ce,0.3,1000,256,1.0,0.001,456,10,5,1.0,dirichlet,10.0,fedavg,1.0,0.0,50000,10000,85.0,2600.0,70000.0,76300.0,True,100.0,89.42460417747498,250000.0,dirichlet,init_to_end,0.0,250000.0,1.002571494379663,0.4188085464122773,0.7440476417541504,0.0,86.76587677001953,0.7440476417541504,89.42460632324219,4.787515163421631,0.0002166198391932994
fede_e63d40918dae,D,federated,dirichlet_setups,,s5,groknet,adamw,ce,0.3,1000,256,1.0,0.001,456,10,5,1.0,dirichlet,10.0,fedavg,1.0,0.0,50000,10000,85.0,2600.0,70000.0,76300.0,True,100.0,89.42460417747498,250000.0,dirichlet,fed_to_twin,250000.0,250000.0,1.3718788683513594,12295.694292000664,48.630950927734375,0.5,48.630950927734375,89.42460632324219,95.29762268066406,0.0002166198391932994,6.5280100898235105e-06
fede_e7aabe0bc8e6,D,federated,setup_k_ladder,,s5,groknet,adamw,ce,0.3,1000,256,1.0,0.001,42,50,5,1.0,iid,0.5,fedavg,1.0,0.0,20000,10000,85.0,inf,inf,inf,False,73.56481552124023,27.003967761993408,100000.0,K,init_to_end,0.0,100000.0,0.4423281669616701,0.10659090939123368,0.7440476417541504,0.0,18.97817611694336,0.7440476417541504,27.00396728515625,4.787502765655518,3.512044906616211
fede_e7aabe0bc8e6,D,federated,setup_k_ladder,,s5,groknet,adamw,ce,0.3,1000,256,1.0,0.001,42,50,5,1.0,iid,0.5,fedavg,1.0,0.0,20000,10000,85.0,inf,inf,inf,False,73.56481552124023,27.003967761993408,100000.0,K,fed_to_twin,100000.0,100000.0,1.3769688879020126,0.7841393861023387,20.119047164916992,0.2,60.94245910644531,27.00396728515625,97.66865539550781,3.512044906616211,6.425855190173024e-06
fede_e7bd5f094ef3,C,federated,aggregation,fl,s5,transformer,adamw,ce,0.4,1000,256,1.0,0.001,42,5,5,1.0,iid,0.5,fedavg,1.0,0.0,40000,10000,85.0,1100.0,13300.0,13300.0,True,100.0,100.0,200000.0,K,init_to_end,0.0,200000.0,2.199306961366287,0.9168946808036871,0.7523148059844971,0.2,3.321758985519409,0.9259259104728699,100.0,4.797294616699219,7.015960701295398e-09
fede_e7bd5f094ef3,C,federated,aggregation,fl,s5,transformer,adamw,ce,0.4,1000,256,1.0,0.001,42,5,5,1.0,iid,0.5,fedavg,1.0,0.0,40000,10000,85.0,1100.0,13300.0,13300.0,True,100.0,100.0,200000.0,K,fed_to_twin,100000.0,100000.0,4.425048885712406,1045135.6303842434,7.534722328186035,0.5,7.534722328186035,100.0,100.0,7.657540157524068e-10,8.46712828206364e-06
fede_e81c4117ba28,C,federated,setup_k_ladder,,s5,transformer,adamw,ce,0.5,1000,256,1.0,0.001,123,50,5,1.0,iid,0.5,fedavg,1.0,0.0,40000,10000,85.0,inf,36500.0,36500.0,True,97.9722261428833,89.81944918632507,200000.0,K,init_to_end,0.0,200000.0,2.8944387197494508,1.1290425493378982,0.8611111044883728,0.4,1.0416667461395264,1.0,89.81945037841797,4.7968363761901855,0.33040833473205566
fede_e81c4117ba28,C,federated,setup_k_ladder,,s5,transformer,adamw,ce,0.5,1000,256,1.0,0.001,123,50,5,1.0,iid,0.5,fedavg,1.0,0.0,40000,10000,85.0,inf,36500.0,36500.0,True,97.9722261428833,89.81944918632507,200000.0,K,fed_to_twin,100000.0,100000.0,4.539736164199008,28.623706839266134,2.152777910232544,0.4,4.027777671813965,90.77777862548828,100.0,0.3172007203102112,4.157754460720753e-07
fede_e95dda7d5931,D,federated,partitions,,s5,groknet,adamw,ce,0.3,1000,256,1.0,0.001,123,20,5,1.0,dirichlet,0.5,fedavg,1.0,0.0,50000,10000,85.0,40300.0,inf,inf,False,100.0,84.66269969940186,250000.0,partition,memo_to_end,50000.0,250000.0,1.090647578239441,1.3139338949724912,53.36309814453125,0.0,75.42658996582031,53.36309814453125,84.6626968383789,1.0859524011611938,0.574173092842102
fede_e95dda7d5931,D,federated,partitions,,s5,groknet,adamw,ce,0.3,1000,256,1.0,0.001,123,20,5,1.0,dirichlet,0.5,fedavg,1.0,0.0,50000,10000,85.0,40300.0,inf,inf,False,100.0,84.66269969940186,250000.0,partition,init_to_end,0.0,250000.0,1.380121648311615,0.5148103989721845,0.8730159401893616,0.0,81.57738494873047,0.8730159401893616,84.6626968383789,4.787496566772461,0.574173092842102
fede_e95dda7d5931,D,federated,partitions,,s5,groknet,adamw,ce,0.3,1000,256,1.0,0.001,123,20,5,1.0,dirichlet,0.5,fedavg,1.0,0.0,50000,10000,85.0,40300.0,inf,inf,False,100.0,84.66269969940186,250000.0,partition,fed_to_twin,250000.0,250000.0,2.1968372721670675,7.65209238262071,50.208335876464844,0.4,61.19047927856445,84.6626968383789,97.62896728515625,0.574173092842102,6.402731287380448e-06
fede_e99da1d3dece,E,federated,partitions,,mnist,mlp,adamw,mse,0.5,2000,200,0.1,0.001,42,10,5,1.0,label_block,0.5,fedavg,1.0,0.0,8000,10000,90.0,inf,inf,inf,False,95.10000348091125,43.3599978685379,40000.0,partition,init_to_end,0.0,40000.0,0.0,0.0,6.839999675750732,0.9,8.720000267028809,10.119999885559082,43.3599967956543,838.573974609375,0.06814713776111603
fede_e99da1d3dece,E,federated,partitions,,mnist,mlp,adamw,mse,0.5,2000,200,0.1,0.001,42,10,5,1.0,label_block,0.5,fedavg,1.0,0.0,8000,10000,90.0,inf,inf,inf,False,95.10000348091125,43.3599978685379,40000.0,partition,fed_to_twin,40000.0,40000.0,0.0573968687190245,1.6843211804135458,23.03999900817871,0.4,26.780000686645508,43.3599967956543,95.13999938964844,0.06814713776111603,7.166045634221518e-06
fede_e9f48c87bbda,C,federated,aggregation,fl,s5,transformer,adamw,ce,0.4,1000,256,1.0,0.001,456,2,5,1.0,iid,0.5,fedavg,1.0,0.0,40000,10000,85.0,500.0,6500.0,6500.0,True,100.0,100.0,200000.0,K,init_to_end,0.0,200000.0,2.1070749604460843,0.87872241240435,0.7754629254341125,0.0,3.2060184478759766,0.7754629254341125,100.0,4.795767784118652,1.4615541203966131e-06
fede_e9f48c87bbda,C,federated,aggregation,fl,s5,transformer,adamw,ce,0.4,1000,256,1.0,0.001,456,2,5,1.0,iid,0.5,fedavg,1.0,0.0,40000,10000,85.0,500.0,6500.0,6500.0,True,100.0,100.0,200000.0,K,fed_to_twin,100000.0,100000.0,4.39961103295601,618283.4734159908,12.870369911193848,0.5,12.870369911193848,100.0,100.0,2.8974478372134627e-10,1.4231405657483265e-05
fede_ea0a9abd68b4,D,federated,setup_k_ladder,,s5,groknet,adamw,ce,0.3,1000,256,1.0,0.001,42,5,5,1.0,iid,0.5,fedavg,1.0,0.0,20000,10000,85.0,1400.0,29200.0,29200.0,True,100.0,94.64285969734192,100000.0,K,init_to_end,0.0,100000.0,0.9202941238401765,0.3844554953590371,0.7440476417541504,0.0,93.33333587646484,0.7440476417541504,94.64286041259766,4.787502765655518,1.6908010366023518e-05
fede_ea0a9abd68b4,D,federated,setup_k_ladder,,s5,groknet,adamw,ce,0.3,1000,256,1.0,0.001,42,5,5,1.0,iid,0.5,fedavg,1.0,0.0,20000,10000,85.0,1400.0,29200.0,29200.0,True,100.0,94.64285969734192,100000.0,K,fed_to_twin,100000.0,100000.0,1.1570840037672951,99176.36672591695,56.04167175292969,0.5,56.04167175292969,94.64286041259766,97.66865539550781,1.6908010366023518e-05,6.425855190173024e-06
fede_eaaa8b9e8a60,C,federated,aggregation,fl,s5,transformer,adamw,ce,0.4,1000,256,1.0,0.001,456,50,5,1.0,iid,0.5,fedavg,1.0,0.0,40000,10000,85.0,29500.0,26900.0,27200.0,True,100.0,99.98842477798462,200000.0,K,memo_to_end,20000.0,200000.0,3.391348404437304,2.043750406379352,0.9027777314186096,0.5,0.9027777314186096,4.826388835906982,99.9884262084961,3.2974436283111572,0.021306443959474564
fede_eaaa8b9e8a60,C,federated,aggregation,fl,s5,transformer,adamw,ce,0.4,1000,256,1.0,0.001,456,50,5,1.0,iid,0.5,fedavg,1.0,0.0,40000,10000,85.0,29500.0,26900.0,27200.0,True,100.0,99.98842477798462,200000.0,K,init_to_end,0.0,200000.0,3.0742219943553213,1.2763855605280332,0.7754629254341125,0.0,1.2152777910232544,0.7754629254341125,99.9884262084961,4.795767784118652,0.021306443959474564
fede_eaaa8b9e8a60,C,federated,aggregation,fl,s5,transformer,adamw,ce,0.4,1000,256,1.0,0.001,456,50,5,1.0,iid,0.5,fedavg,1.0,0.0,40000,10000,85.0,29500.0,26900.0,27200.0,True,100.0,99.98842477798462,200000.0,K,fed_to_twin,100000.0,100000.0,4.729561218593517,587.5176444387802,1.5625,0.5,1.5625,100.0,100.0,0.016085918992757797,1.4231405657483265e-05
fede_ead268c3e03b,C,federated,dirichlet_setups,,s5,transformer,adamw,ce,0.4,1000,256,1.0,0.001,123,10,5,1.0,dirichlet,1000.0,fedavg,1.0,0.0,40000,10000,85.0,3200.0,9900.0,9900.0,True,100.0,100.0,200000.0,dirichlet,init_to_end,0.0,200000.0,2.3008440144981313,0.9589633031268799,0.8564814925193787,0.2,3.194444179534912,1.064814805984497,100.0,4.798606872558594,1.3773220075563586e-07
fede_ead268c3e03b,C,federated,dirichlet_setups,,s5,transformer,adamw,ce,0.4,1000,256,1.0,0.001,123,10,5,1.0,dirichlet,1000.0,fedavg,1.0,0.0,40000,10000,85.0,3200.0,9900.0,9900.0,True,100.0,100.0,200000.0,dirichlet,fed_to_twin,100000.0,100000.0,4.351662784210132,1946374.4019829622,13.703703880310059,0.5,13.703703880310059,100.0,100.0,2.0696055980096162e-11,4.471537067729514e-06
fede_edcb59ea1260,C,federated,partitions,,s5,transformer,adamw,ce,0.4,1000,256,1.0,0.001,42,5,5,1.0,coset,0.5,fedavg,1.0,0.0,40000,10000,85.0,3800.0,4300.0,4300.0,True,100.0,100.0,200000.0,partition,init_to_end,0.0,200000.0,2.3777095912771107,0.991271002609035,0.9143518209457397,0.30000000000000004,1.597222089767456,0.9259259104728699,100.0,4.797294616699219,1.3926349140547245e-07
fede_edcb59ea1260,C,federated,partitions,,s5,transformer,adamw,ce,0.4,1000,256,1.0,0.001,42,5,5,1.0,coset,0.5,fedavg,1.0,0.0,40000,10000,85.0,3800.0,4300.0,4300.0,True,100.0,100.0,200000.0,partition,fed_to_twin,100000.0,100000.0,4.366888026221247,1012828.2969779066,9.108796119689941,0.5,9.108796119689941,100.0,100.0,1.5602736880282464e-07,8.46712828206364e-06
fede_eeb0e9faff46,C,federated,participation_setups,,s5,transformer,adamw,ce,0.5,1000,256,1.0,0.001,123,20,5,0.5,iid,0.5,fedavg,1.0,0.0,80000,10000,85.0,2700.0,2600.0,2600.0,True,100.0,100.0,200000.0,f,init_to_end,0.0,200000.0,2.9012420400511476,1.208606993693995,0.7777777910232544,0.30000000000000004,1.513888955116272,1.0,100.0,4.7968363761901855,0.004132102709263563
fede_eeb0e9faff46,C,federated,participation_setups,,s5,transformer,adamw,ce,0.5,1000,256,1.0,0.001,123,20,5,0.5,iid,0.5,fedavg,1.0,0.0,80000,10000,85.0,2700.0,2600.0,2600.0,True,100.0,100.0,200000.0,f,fed_to_twin,100000.0,100000.0,5.780156493909476,2982.973478473414,1.6527777910232544,0.5,1.6527777910232544,99.94445037841797,100.0,0.0038750169333070517,4.157754460720753e-07
fede_ef73720f8b9c,D,federated,dirichlet_setups,,s5,groknet,adamw,ce,0.3,1000,256,1.0,0.001,456,10,5,1.0,dirichlet,0.1,fedavg,1.0,0.0,50000,10000,85.0,inf,inf,inf,False,60.25462746620178,13.452380895614624,250000.0,dirichlet,init_to_end,0.0,250000.0,0.6984401941299438,0.18614709784728992,0.7440476417541504,0.0,12.748016357421875,0.7440476417541504,13.452381134033203,4.787515163421631,2.7166597843170166
fede_ef73720f8b9c,D,federated,dirichlet_setups,,s5,groknet,adamw,ce,0.3,1000,256,1.0,0.001,456,10,5,1.0,dirichlet,0.1,fedavg,1.0,0.0,50000,10000,85.0,inf,inf,inf,False,60.25462746620178,13.452380895614624,250000.0,dirichlet,fed_to_twin,250000.0,250000.0,1.6614541735320927,1.2231566063105372,11.527778625488281,0.2,41.07143020629883,13.452381134033203,95.29762268066406,2.7166597843170166,6.5280100898235105e-06
fede_efba8b5b234a,C,federated,setup_k_ladder,,s5,transformer,adamw,ce,0.5,1000,256,1.0,0.001,42,10,5,1.0,iid,0.5,fedavg,1.0,0.0,40000,10000,85.0,3700.0,7800.0,7800.0,True,100.0,100.0,200000.0,K,init_to_end,0.0,200000.0,2.4897073739866418,1.0383323660624415,0.7638888955116272,0.2,3.2361111640930176,0.9166667461395264,100.0,4.795588493347168,9.768538200560783e-10
fede_efba8b5b234a,C,federated,setup_k_ladder,,s5,transformer,adamw,ce,0.5,1000,256,1.0,0.001,42,10,5,1.0,iid,0.5,fedavg,1.0,0.0,40000,10000,85.0,3700.0,7800.0,7800.0,True,100.0,100.0,200000.0,K,fed_to_twin,100000.0,100000.0,4.389161103343284,9079428.922566926,8.125,0.5,8.125,100.0,100.0,2.496439321930666e-07,7.171924494286941e-07
fede_f043bdbb31a1,C,federated,local_epochs,,s5,transformer,adamw,ce,0.5,1000,256,1.0,0.001,456,10,50,1.0,iid,0.5,fedavg,1.0,0.0,4000,10000,85.0,inf,inf,inf,False,86.87500357627869,71.0694432258606,200000.0,E,init_to_end,0.0,200000.0,4.027973467111588,1.5376084427942784,0.6666666865348816,0.0,0.7777777910232544,0.6666666865348816,71.06944274902344,4.796187400817871,0.44308334589004517
fede_f043bdbb31a1,C,federated,local_epochs,,s5,transformer,adamw,ce,0.5,1000,256,1.0,0.001,456,10,50,1.0,iid,0.5,fedavg,1.0,0.0,4000,10000,85.0,inf,inf,inf,False,86.87500357627869,71.0694432258606,200000.0,E,fed_to_twin,100000.0,100000.0,3.393770694697423,2.3314967892705067,0.9583333730697632,0.4,1.6944445371627808,4.1666669845581055,100.0,2.911231517791748,6.198953542480012e-06
fede_f1fbf48951d5,E,federated,partitions,,mnist,mlp,adamw,mse,0.5,2000,200,0.1,0.001,456,20,5,1.0,label_block,0.5,fedavg,1.0,0.0,8000,10000,90.0,4000.0,inf,inf,False,100.0,74.57999587059021,40000.0,partition,memo_to_end,4000.0,40000.0,0.8536994213238358,28.50056199710838,8.419999122619629,0.6000000000000001,9.239999771118164,42.79999923706055,74.57999420166016,0.030617553740739822,0.02928999625146389
fede_f1fbf48951d5,E,federated,partitions,,mnist,mlp,adamw,mse,0.5,2000,200,0.1,0.001,456,20,5,1.0,label_block,0.5,fedavg,1.0,0.0,8000,10000,90.0,4000.0,inf,inf,False,100.0,74.57999587059021,40000.0,partition,init_to_end,0.0,40000.0,0.0,0.0,9.899999618530273,0.0,11.960000038146973,9.899999618530273,74.57999420166016,770.26806640625,0.02928999625146389
fede_f1fbf48951d5,E,federated,partitions,,mnist,mlp,adamw,mse,0.5,2000,200,0.1,0.001,456,20,5,1.0,label_block,0.5,fedavg,1.0,0.0,8000,10000,90.0,4000.0,inf,inf,False,100.0,74.57999587059021,40000.0,partition,fed_to_twin,40000.0,40000.0,0.07458221798643194,5.09252545684681,16.899999618530273,0.4,20.03999900817871,74.57999420166016,94.36000061035156,0.02928999625146389,8.609542305748619e-07
fede_f23f06a4650e,C,federated,partitions,,s5,transformer,adamw,ce,0.4,1000,256,1.0,0.001,456,10,5,1.0,dirichlet,0.5,fedavg,1.0,0.0,40000,10000,85.0,6700.0,15600.0,15600.0,True,100.0,100.0,200000.0,partition,init_to_end,0.0,200000.0,2.3427261870625165,0.9769972616551448,0.7754629254341125,0.0,2.2916667461395264,0.7754629254341125,100.0,4.795767784118652,3.904894754214183e-07
fede_f23f06a4650e,C,federated,partitions,,s5,transformer,adamw,ce,0.4,1000,256,1.0,0.001,456,10,5,1.0,dirichlet,0.5,fedavg,1.0,0.0,40000,10000,85.0,6700.0,15600.0,15600.0,True,100.0,100.0,200000.0,partition,fed_to_twin,100000.0,100000.0,4.363041827553822,605746.6588258536,11.724536895751953,0.5,11.724536895751953,100.0,100.0,1.740946089512363e-07,1.4231405657483265e-05
fede_f3672ee67730,C,federated,setup_k_ladder,,s5,transformer,adamw,ce,0.5,1000,256,1.0,0.001,42,50,5,1.0,iid,0.5,fedavg,1.0,0.0,40000,10000,85.0,31200.0,31100.0,31100.0,True,100.0,100.0,200000.0,K,memo_to_end,40000.0,200000.0,4.215185791019053,427295.45551756944,5.777777671813965,0.5,5.777777671813965,100.0,100.0,1.727100789139513e-05,2.4585995106463088e-06
fede_f3672ee67730,C,federated,setup_k_ladder,,s5,transformer,adamw,ce,0.5,1000,256,1.0,0.001,42,50,5,1.0,iid,0.5,fedavg,1.0,0.0,40000,10000,85.0,31200.0,31100.0,31100.0,True,100.0,100.0,200000.0,K,init_to_end,0.0,200000.0,2.4262569934682237,1.0118698687106877,0.8055555820465088,0.2,1.9583333730697632,0.9166667461395264,100.0,4.795588493347168,2.4585995106463088e-06
fede_f3672ee67730,C,federated,setup_k_ladder,,s5,transformer,adamw,ce,0.5,1000,256,1.0,0.001,42,50,5,1.0,iid,0.5,fedavg,1.0,0.0,40000,10000,85.0,31200.0,31100.0,31100.0,True,100.0,100.0,200000.0,K,fed_to_twin,100000.0,100000.0,4.558340066680003,9441681.876729239,4.81944465637207,0.5,4.81944465637207,100.0,100.0,2.48385532586326e-07,7.171924494286941e-07
fede_f5d310c9dd0a,D,federated,dirichlet_setups,,s5,groknet,adamw,ce,0.3,1000,256,1.0,0.001,42,10,5,1.0,dirichlet,1.0,fedavg,1.0,0.0,50000,10000,85.0,9800.0,inf,inf,False,100.0,82.34127163887024,250000.0,dirichlet,init_to_end,0.0,250000.0,1.2643903315067293,0.5249986695108061,0.7440476417541504,0.0,79.04762268066406,0.7440476417541504,82.34127044677734,4.787502765655518,0.029234513640403748
fede_f5d310c9dd0a,D,federated,dirichlet_setups,,s5,groknet,adamw,ce,0.3,1000,256,1.0,0.001,42,10,5,1.0,dirichlet,1.0,fedavg,1.0,0.0,50000,10000,85.0,9800.0,inf,inf,False,100.0,82.34127163887024,250000.0,dirichlet,fed_to_twin,250000.0,250000.0,1.935062217930863,132.35306356327627,42.886905670166016,0.4,48.30356979370117,82.34127044677734,97.55952453613281,0.029234513640403748,6.399502581189154e-06
fede_f71dca0a636b,D,federated,partitions,,s5,groknet,adamw,ce,0.3,1000,256,1.0,0.001,123,10,5,1.0,target,0.5,fedavg,1.0,0.0,50000,10000,85.0,inf,inf,inf,False,3.2407406717538834,0.7341269869357347,250000.0,partition,init_to_end,0.0,250000.0,0.0020852088928222656,0.00043611113922890503,0.704365074634552,0.30000000000000004,0.7539682388305664,0.8730159401893616,0.7341269850730896,4.787496566772461,4.775244235992432
fede_f71dca0a636b,D,federated,partitions,,s5,groknet,adamw,ce,0.3,1000,256,1.0,0.001,123,10,5,1.0,target,0.5,fedavg,1.0,0.0,50000,10000,85.0,inf,inf,inf,False,3.2407406717538834,0.7341269869357347,250000.0,partition,fed_to_twin,250000.0,250000.0,0.9393476828335681,0.3934234049271296,0.7341269850730896,0.0,81.9047622680664,0.7341269850730896,97.62896728515625,4.775244235992432,6.402731287380448e-06
fede_f744c3f460ec,C,federated,setup_k_ladder,,s5,transformer,adamw,ce,0.5,1000,256,1.0,0.001,123,10,5,1.0,iid,0.5,fedavg,1.0,0.0,40000,10000,85.0,3200.0,13900.0,13900.0,True,100.0,100.0,200000.0,K,init_to_end,0.0,200000.0,2.2879447162450166,0.9539390028093788,1.0,0.0,2.2916667461395264,1.0,100.0,4.7968363761901855,1.2909359270452114e-07
fede_f744c3f460ec,C,federated,setup_k_ladder,,s5,transformer,adamw,ce,0.5,1000,256,1.0,0.001,123,10,5,1.0,iid,0.5,fedavg,1.0,0.0,40000,10000,85.0,3200.0,13900.0,13900.0,True,100.0,100.0,200000.0,K,fed_to_twin,100000.0,100000.0,4.462008200450754,5928446.6613579765,10.0,0.5,10.0,100.0,100.0,1.0895120112763834e-06,4.157754460720753e-07
fede_f8e300806d8b,C,federated,partitions,,s5,transformer,adamw,ce,0.4,1000,256,1.0,0.001,123,10,5,1.0,dirichlet,0.5,fedavg,1.0,0.0,40000,10000,85.0,6500.0,19600.0,19600.0,True,100.0,99.86110925674438,200000.0,partition,init_to_end,0.0,200000.0,2.3223905299717447,0.9679202707080024,0.9143518209457397,0.2,2.5462963581085205,1.064814805984497,99.8611068725586,4.798606872558594,0.00011591536895139143
fede_f8e300806d8b,C,federated,partitions,,s5,transformer,adamw,ce,0.4,1000,256,1.0,0.001,123,10,5,1.0,dirichlet,0.5,fedavg,1.0,0.0,40000,10000,85.0,6500.0,19600.0,19600.0,True,100.0,99.86110925674438,200000.0,partition,fed_to_twin,100000.0,100000.0,4.513767943748917,79194.49816512855,6.2962965965271,0.5,6.2962965965271,99.8726806640625,100.0,0.0001095204206649214,4.471537067729514e-06
fede_f99367fdbeb0,C,federated,dirichlet_setups,,s5,transformer,adamw,ce,0.4,1000,256,1.0,0.001,123,10,5,1.0,dirichlet,10.0,fedavg,1.0,0.0,40000,10000,85.0,3100.0,21000.0,21000.0,True,100.0,100.0,200000.0,dirichlet,init_to_end,0.0,200000.0,2.1430553930604788,0.8931989675115113,1.0185184478759766,0.2,4.398148059844971,1.064814805984497,100.0,4.798606872558594,9.18697651286493e-08
fede_f99367fdbeb0,C,federated,dirichlet_setups,,s5,transformer,adamw,ce,0.4,1000,256,1.0,0.001,123,10,5,1.0,dirichlet,10.0,fedavg,1.0,0.0,40000,10000,85.0,3100.0,21000.0,21000.0,True,100.0,100.0,200000.0,dirichlet,fed_to_twin,100000.0,100000.0,4.418599690730439,1921952.8500249332,7.3958330154418945,0.5,7.3958330154418945,100.0,100.0,1.264942426359994e-07,4.471537067729514e-06
fede_fa3beaeb4aef,C,federated,dirichlet_setups,,s5,transformer,adamw,ce,0.4,1000,256,1.0,0.001,123,10,5,1.0,dirichlet,0.1,fedavg,1.0,0.0,40000,10000,85.0,inf,24800.0,154100.0,True,98.88889193534851,92.84722208976746,200000.0,dirichlet,init_to_end,0.0,200000.0,3.3962034031748773,1.3538698423450515,0.8912037014961243,0.4,0.983796238899231,1.064814805984497,92.84722137451172,4.798606872558594,0.2184240072965622
fede_fa3beaeb4aef,C,federated,dirichlet_setups,,s5,transformer,adamw,ce,0.4,1000,256,1.0,0.001,123,10,5,1.0,dirichlet,0.1,fedavg,1.0,0.0,40000,10000,85.0,inf,24800.0,154100.0,True,98.88889193534851,92.84722208976746,200000.0,dirichlet,fed_to_twin,100000.0,100000.0,4.6444841095822085,43.71073957500885,2.0254628658294678,0.5,2.0254628658294678,93.02083587646484,100.0,0.212505504488945,4.471537067729514e-06
fede_fd288560ba0c,E,federated,participation_setups,,mnist,mlp,adamw,mse,0.5,2000,200,0.1,0.001,123,20,5,0.25,iid,0.5,fedavg,1.0,0.0,32000,10000,90.0,400.0,3200.0,inf,False,100.0,68.09999942779541,40000.0,f,init_to_end,0.0,40000.0,0.0,0.0,9.4399995803833,0.0,23.719999313354492,9.4399995803833,68.0999984741211,599.0208129882812,0.001212317030876875
fede_fd288560ba0c,E,federated,participation_setups,,mnist,mlp,adamw,mse,0.5,2000,200,0.1,0.001,123,20,5,0.25,iid,0.5,fedavg,1.0,0.0,32000,10000,90.0,400.0,3200.0,inf,False,100.0,68.09999942779541,40000.0,f,fed_to_twin,40000.0,40000.0,0.05336907842661276,87.79458292971239,58.119998931884766,0.5,58.119998931884766,68.0999984741211,93.0999984741211,0.001212317030876875,3.45452690453385e-06
fede_fe930c12b81f,C,federated,dirichlet_setups,,s5,transformer,adamw,ce,0.4,1000,256,1.0,0.001,123,10,5,1.0,dirichlet,1.0,fedavg,1.0,0.0,40000,10000,85.0,4300.0,10100.0,10100.0,True,100.0,100.0,200000.0,dirichlet,init_to_end,0.0,200000.0,2.773201836608354,1.1558362250445788,0.7870370745658875,0.30000000000000004,2.094907283782959,1.064814805984497,100.0,4.798606872558594,1.7446771138907025e-08
fede_fe930c12b81f,C,federated,dirichlet_setups,,s5,transformer,adamw,ce,0.4,1000,256,1.0,0.001,123,10,5,1.0,dirichlet,1.0,fedavg,1.0,0.0,40000,10000,85.0,4300.0,10100.0,10100.0,True,100.0,100.0,200000.0,dirichlet,fed_to_twin,100000.0,100000.0,4.457279796386821,1963595.3719519752,8.182870864868164,0.5,8.182870864868164,100.0,100.0,6.837971966433543e-08,4.471537067729514e-06
fede_ff165a5998f1,C,federated,partitions,,s5,transformer,adamw,ce,0.4,1000,256,1.0,0.001,456,10,5,1.0,target,0.5,fedavg,1.0,0.0,40000,10000,85.0,inf,inf,inf,False,33.22916626930237,11.747685074806213,200000.0,partition,init_to_end,0.0,200000.0,0.8808914661407474,0.21717731015138358,0.7291666865348816,0.30000000000000004,1.3078703880310059,0.7754629254341125,11.747685432434082,4.795767784118652,3.3164191246032715
fede_ff165a5998f1,C,federated,partitions,,s5,transformer,adamw,ce,0.4,1000,256,1.0,0.001,456,10,5,1.0,target,0.5,fedavg,1.0,0.0,40000,10000,85.0,inf,inf,inf,False,33.22916626930237,11.747685074806213,200000.0,partition,fed_to_twin,100000.0,100000.0,3.0259834896514803,1.8970757554607773,1.9097222089767456,0.4,8.159722328186035,10.9375,100.0,3.190141439437866,1.4231405657483265e-05
fede_ff7fa893359e,D,federated,aggregation,fl,s5,groknet,adamw,ce,0.3,1000,256,1.0,0.001,123,5,5,1.0,iid,0.5,fedavg,1.0,0.0,50000,10000,85.0,1400.0,28300.0,28300.0,True,100.0,94.99008059501648,250000.0,K,init_to_end,0.0,250000.0,0.923800519256111,0.38592084583218095,0.8730159401893616,0.0,93.42262268066406,0.8730159401893616,94.99008178710938,4.787496566772461,1.636098386370577e-05
fede_ff7fa893359e,D,federated,aggregation,fl,s5,groknet,adamw,ce,0.3,1000,256,1.0,0.001,123,5,5,1.0,iid,0.5,fedavg,1.0,0.0,50000,10000,85.0,1400.0,28300.0,28300.0,True,100.0,94.99008059501648,250000.0,K,fed_to_twin,250000.0,250000.0,1.1248905088971242,98831.89114176275,56.57738494873047,0.5,56.57738494873047,94.99008178710938,97.62896728515625,1.636098386370577e-05,6.402731287380448e-06
fede_fff1e7e33369,E,federated,aggregation,fl,mnist,mlp,adamw,mse,0.5,2000,200,0.1,0.001,456,20,5,1.0,iid,0.5,fedavg,1.0,0.0,8000,10000,90.0,1300.0,11500.0,11700.0,True,100.0,93.63999962806702,40000.0,K,init_to_end,0.0,40000.0,0.0,0.0,9.899999618530273,0.0,20.979999542236328,9.899999618530273,93.63999938964844,770.26806640625,7.530496804974973e-05
fede_fff1e7e33369,E,federated,aggregation,fl,mnist,mlp,adamw,mse,0.5,2000,200,0.1,0.001,456,20,5,1.0,iid,0.5,fedavg,1.0,0.0,8000,10000,90.0,1300.0,11500.0,11700.0,True,100.0,93.63999962806702,40000.0,K,fed_to_twin,40000.0,40000.0,0.04555766352623891,1196.2741909319072,84.65999603271484,0.5,84.65999603271484,93.63999938964844,94.36000061035156,7.530496804974973e-05,8.609542305748619e-07
